stem,cls,repeat,fold
n02676566_10012,acousticguitar,0,2
n02676566_10019,acousticguitar,0,1
n02676566_1002,acousticguitar,0,1
n02676566_10062,acousticguitar,0,1
n02676566_1007,acousticguitar,0,2
n02676566_1009,acousticguitar,0,1
n02676566_10102,acousticguitar,0,0
n02676566_10114,acousticguitar,0,4
n02676566_10140,acousticguitar,0,4
n02676566_10175,acousticguitar,0,1
n02676566_1020,acousticguitar,0,4
n02676566_103,acousticguitar,0,0
n02676566_1039,acousticguitar,0,2
n02676566_104,acousticguitar,0,3
n02676566_1044,acousticguitar,0,1
n02676566_1046,acousticguitar,0,3
n02676566_1049,acousticguitar,0,4
n02676566_105,acousticguitar,0,0
n02676566_1056,acousticguitar,0,4
n02676566_1057,acousticguitar,0,4
n02676566_1066,acousticguitar,0,4
n02676566_107,acousticguitar,0,1
n02676566_1073,acousticguitar,0,4
n02676566_1074,acousticguitar,0,3
n02676566_10753,acousticguitar,0,4
n02676566_1076,acousticguitar,0,0
n02676566_108,acousticguitar,0,4
n02676566_1084,acousticguitar,0,4
n02676566_1087,acousticguitar,0,4
n02676566_1096,acousticguitar,0,0
n02676566_1097,acousticguitar,0,3
n02676566_110,acousticguitar,0,0
n02676566_11034,acousticguitar,0,3
n02676566_11051,acousticguitar,0,2
n02676566_1106,acousticguitar,0,0
n02676566_11067,acousticguitar,0,2
n02676566_1107,acousticguitar,0,4
n02676566_11075,acousticguitar,0,3
n02676566_1108,acousticguitar,0,0
n02676566_11081,acousticguitar,0,1
n02676566_11092,acousticguitar,0,4
n02676566_11094,acousticguitar,0,2
n02676566_11110,acousticguitar,0,3
n02676566_11121,acousticguitar,0,1
n02676566_11134,acousticguitar,0,2
n02676566_11138,acousticguitar,0,1
n02676566_1115,acousticguitar,0,3
n02676566_1116,acousticguitar,0,2
n02676566_11163,acousticguitar,0,2
n02676566_1117,acousticguitar,0,1
n02676566_11208,acousticguitar,0,3
n02676566_1122,acousticguitar,0,0
n02676566_11284,acousticguitar,0,3
n02676566_11293,acousticguitar,0,2
n02676566_1136,acousticguitar,0,2
n02676566_11377,acousticguitar,0,4
n02676566_11446,acousticguitar,0,3
n02676566_11505,acousticguitar,0,2
n02676566_11513,acousticguitar,0,1
n02676566_1157,acousticguitar,0,2
n02676566_1158,acousticguitar,0,4
n02676566_11617,acousticguitar,0,2
n02676566_11646,acousticguitar,0,0
n02676566_1166,acousticguitar,0,0
n02676566_118,acousticguitar,0,0
n02676566_1180,acousticguitar,0,2
n02676566_11818,acousticguitar,0,4
n02676566_11888,acousticguitar,0,4
n02676566_1190,acousticguitar,0,0
n02676566_12007,acousticguitar,0,3
n02676566_12015,acousticguitar,0,3
n02676566_12040,acousticguitar,0,4
n02676566_12061,acousticguitar,0,3
n02676566_1207,acousticguitar,0,3
n02676566_12075,acousticguitar,0,0
n02676566_1216,acousticguitar,0,0
n02676566_12169,acousticguitar,0,1
n02676566_12185,acousticguitar,0,4
n02676566_1219,acousticguitar,0,4
n02676566_12194,acousticguitar,0,1
n02676566_12199,acousticguitar,0,3
n02676566_12227,acousticguitar,0,2
n02676566_1223,acousticguitar,0,1
n02676566_1228,acousticguitar,0,1
n02676566_12282,acousticguitar,0,1
n02676566_12344,acousticguitar,0,4
n02676566_1236,acousticguitar,0,4
n02676566_12360,acousticguitar,0,3
n02676566_1237,acousticguitar,0,0
n02676566_12384,acousticguitar,0,0
n02676566_1240,acousticguitar,0,2
n02676566_1241,acousticguitar,0,0
n02676566_12434,acousticguitar,0,0
n02676566_12438,acousticguitar,0,2
n02676566_125,acousticguitar,0,2
n02676566_1252,acousticguitar,0,4
n02676566_1256,acousticguitar,0,0
n02676566_1258,acousticguitar,0,2
n02676566_1275,acousticguitar,0,1
n02676566_1277,acousticguitar,0,2
n02676566_1283,acousticguitar,0,0
n02676566_130,acousticguitar,0,3
n02676566_1304,acousticguitar,0,3
n02676566_1305,acousticguitar,0,2
n02676566_1319,acousticguitar,0,1
n02676566_132,acousticguitar,0,0
n02676566_1324,acousticguitar,0,1
n02676566_1328,acousticguitar,0,0
n02676566_1338,acousticguitar,0,0
n02676566_1340,acousticguitar,0,3
n02676566_1341,acousticguitar,0,4
n02676566_1345,acousticguitar,0,2
n02676566_1365,acousticguitar,0,4
n02676566_137,acousticguitar,0,4
n02676566_1386,acousticguitar,0,4
n02676566_1393,acousticguitar,0,3
n02676566_1401,acousticguitar,0,0
n02676566_1409,acousticguitar,0,3
n02676566_1410,acousticguitar,0,2
n02676566_1416,acousticguitar,0,3
n02676566_1418,acousticguitar,0,1
n02676566_1422,acousticguitar,0,3
n02676566_1428,acousticguitar,0,0
n02676566_1431,acousticguitar,0,2
n02676566_1432,acousticguitar,0,3
n02676566_1434,acousticguitar,0,3
n02676566_1441,acousticguitar,0,0
n02676566_1443,acousticguitar,0,4
n02676566_1448,acousticguitar,0,1
n02676566_1465,acousticguitar,0,0
n02676566_147,acousticguitar,0,2
n02676566_1474,acousticguitar,0,1
n02676566_1479,acousticguitar,0,1
n02676566_1485,acousticguitar,0,2
n02676566_1492,acousticguitar,0,4
n02676566_152,acousticguitar,0,3
n02676566_1538,acousticguitar,0,3
n02676566_1551,acousticguitar,0,1
n02676566_1555,acousticguitar,0,0
n02676566_156,acousticguitar,0,3
n02676566_1563,acousticguitar,0,1
n02676566_1567,acousticguitar,0,2
n02676566_1571,acousticguitar,0,0
n02676566_1576,acousticguitar,0,4
n02676566_1587,acousticguitar,0,1
n02676566_159,acousticguitar,0,1
n02676566_1606,acousticguitar,0,1
n02676566_1608,acousticguitar,0,0
n02676566_162,acousticguitar,0,3
n02676566_1624,acousticguitar,0,4
n02676566_163,acousticguitar,0,2
n02676566_164,acousticguitar,0,3
n02676566_1643,acousticguitar,0,3
n02676566_1645,acousticguitar,0,4
n02676566_1646,acousticguitar,0,4
n02676566_165,acousticguitar,0,2
n02676566_1650,acousticguitar,0,1
n02676566_1651,acousticguitar,0,3
n02676566_1658,acousticguitar,0,2
n02676566_166,acousticguitar,0,4
n02676566_1664,acousticguitar,0,3
n02676566_1666,acousticguitar,0,0
n02676566_1669,acousticguitar,0,2
n02676566_167,acousticguitar,0,2
n02676566_1672,acousticguitar,0,0
n02676566_1675,acousticguitar,0,3
n02676566_1677,acousticguitar,0,2
n02676566_1679,acousticguitar,0,4
n02676566_1681,acousticguitar,0,1
n02676566_1682,acousticguitar,0,1
n02676566_1690,acousticguitar,0,0
n02676566_1691,acousticguitar,0,1
n02676566_1692,acousticguitar,0,2
n02676566_1698,acousticguitar,0,2
n02676566_17,acousticguitar,0,1
n02676566_1702,acousticguitar,0,2
n02676566_1707,acousticguitar,0,3
n02676566_1711,acousticguitar,0,2
n02676566_1715,acousticguitar,0,0
n02676566_172,acousticguitar,0,2
n02676566_1721,acousticguitar,0,2
n02676566_1723,acousticguitar,0,1
n02676566_1725,acousticguitar,0,2
n02676566_1728,acousticguitar,0,3
n02676566_1732,acousticguitar,0,3
n02676566_1736,acousticguitar,0,1
n02676566_1741,acousticguitar,0,0
n02676566_1751,acousticguitar,0,1
n02676566_1757,acousticguitar,0,0
n02676566_1764,acousticguitar,0,0
n02676566_1765,acousticguitar,0,0
n02676566_178,acousticguitar,0,2
n02676566_181,acousticguitar,0,3
n02676566_1825,acousticguitar,0,1
n02676566_1827,acousticguitar,0,0
n02676566_183,acousticguitar,0,4
n02676566_1835,acousticguitar,0,0
n02676566_1839,acousticguitar,0,4
n02676566_1843,acousticguitar,0,2
n02676566_1851,acousticguitar,0,0
n02676566_1853,acousticguitar,0,2
n02676566_1855,acousticguitar,0,1
n02676566_1866,acousticguitar,0,1
n02676566_1868,acousticguitar,0,4
n02676566_1872,acousticguitar,0,0
n02676566_1877,acousticguitar,0,1
n02676566_1878,acousticguitar,0,2
n02676566_1887,acousticguitar,0,0
n02676566_1894,acousticguitar,0,1
n02676566_1897,acousticguitar,0,4
n02676566_19,acousticguitar,0,4
n02676566_1906,acousticguitar,0,1
n02676566_1908,acousticguitar,0,4
n02676566_1909,acousticguitar,0,0
n02676566_1914,acousticguitar,0,3
n02676566_1915,acousticguitar,0,1
n02676566_1924,acousticguitar,0,2
n02676566_1928,acousticguitar,0,1
n02676566_1931,acousticguitar,0,2
n02676566_194,acousticguitar,0,4
n02676566_1950,acousticguitar,0,0
n02676566_1956,acousticguitar,0,4
n02676566_1964,acousticguitar,0,4
n02676566_1966,acousticguitar,0,1
n02676566_1969,acousticguitar,0,1
n02676566_1972,acousticguitar,0,3
n02676566_1973,acousticguitar,0,2
n02676566_198,acousticguitar,0,0
n02676566_1988,acousticguitar,0,4
n02676566_1992,acousticguitar,0,4
n02676566_200,acousticguitar,0,4
n02676566_2005,acousticguitar,0,0
n02676566_2008,acousticguitar,0,2
n02676566_202,acousticguitar,0,0
n02676566_2025,acousticguitar,0,1
n02676566_2032,acousticguitar,0,4
n02676566_2046,acousticguitar,0,4
n02676566_2065,acousticguitar,0,3
n02676566_2066,acousticguitar,0,1
n02676566_2089,acousticguitar,0,1
n02676566_2098,acousticguitar,0,0
n02676566_2100,acousticguitar,0,0
n02676566_2102,acousticguitar,0,3
n02676566_211,acousticguitar,0,2
n02676566_2111,acousticguitar,0,4
n02676566_2115,acousticguitar,0,3
n02676566_2125,acousticguitar,0,0
n02676566_2133,acousticguitar,0,4
n02676566_215,acousticguitar,0,0
n02676566_2150,acousticguitar,0,0
n02676566_2151,acousticguitar,0,3
n02676566_2169,acousticguitar,0,4
n02676566_2171,acousticguitar,0,0
n02676566_2176,acousticguitar,0,2
n02676566_218,acousticguitar,0,0
n02676566_2187,acousticguitar,0,2
n02676566_219,acousticguitar,0,3
n02676566_2195,acousticguitar,0,4
n02676566_2198,acousticguitar,0,2
n02676566_22,acousticguitar,0,1
n02676566_2213,acousticguitar,0,3
n02676566_2214,acousticguitar,0,2
n02676566_2215,acousticguitar,0,0
n02676566_222,acousticguitar,0,1
n02676566_2226,acousticguitar,0,2
n02676566_223,acousticguitar,0,2
n02676566_2230,acousticguitar,0,2
n02676566_2236,acousticguitar,0,2
n02676566_2237,acousticguitar,0,1
n02676566_2240,acousticguitar,0,3
n02676566_2252,acousticguitar,0,4
n02676566_2253,acousticguitar,0,2
n02676566_2256,acousticguitar,0,0
n02676566_2258,acousticguitar,0,3
n02676566_2263,acousticguitar,0,0
n02676566_2264,acousticguitar,0,3
n02676566_2285,acousticguitar,0,2
n02676566_2288,acousticguitar,0,2
n02676566_2299,acousticguitar,0,1
n02676566_2301,acousticguitar,0,1
n02676566_2307,acousticguitar,0,1
n02676566_2325,acousticguitar,0,4
n02676566_2328,acousticguitar,0,1
n02676566_2330,acousticguitar,0,4
n02676566_2337,acousticguitar,0,1
n02676566_2351,acousticguitar,0,3
n02676566_2354,acousticguitar,0,2
n02676566_2364,acousticguitar,0,0
n02676566_237,acousticguitar,0,1
n02676566_2371,acousticguitar,0,3
n02676566_2373,acousticguitar,0,0
n02676566_2380,acousticguitar,0,0
n02676566_2386,acousticguitar,0,1
n02676566_2396,acousticguitar,0,1
n02676566_24,acousticguitar,0,3
n02676566_2403,acousticguitar,0,4
n02676566_241,acousticguitar,0,2
n02676566_242,acousticguitar,0,2
n02676566_2424,acousticguitar,0,2
n02676566_243,acousticguitar,0,1
n02676566_2437,acousticguitar,0,1
n02676566_2444,acousticguitar,0,3
n02676566_245,acousticguitar,0,4
n02676566_2454,acousticguitar,0,3
n02676566_2456,acousticguitar,0,1
n02676566_2460,acousticguitar,0,3
n02676566_2461,acousticguitar,0,4
n02676566_2464,acousticguitar,0,2
n02676566_2471,acousticguitar,0,2
n02676566_2480,acousticguitar,0,3
n02676566_2481,acousticguitar,0,2
n02676566_2484,acousticguitar,0,1
n02676566_2487,acousticguitar,0,2
n02676566_2508,acousticguitar,0,1
n02676566_251,acousticguitar,0,0
n02676566_2524,acousticguitar,0,1
n02676566_253,acousticguitar,0,2
n02676566_2535,acousticguitar,0,1
n02676566_2541,acousticguitar,0,4
n02676566_2554,acousticguitar,0,1
n02676566_257,acousticguitar,0,2
n02676566_259,acousticguitar,0,2
n02676566_26,acousticguitar,0,3
n02676566_2610,acousticguitar,0,1
n02676566_2611,acousticguitar,0,2
n02676566_2631,acousticguitar,0,0
n02676566_265,acousticguitar,0,0
n02676566_2666,acousticguitar,0,1
n02676566_2684,acousticguitar,0,1
n02676566_2696,acousticguitar,0,3
n02676566_272,acousticguitar,0,3
n02676566_2721,acousticguitar,0,4
n02676566_2737,acousticguitar,0,0
n02676566_2751,acousticguitar,0,0
n02676566_2778,acousticguitar,0,1
n02676566_2779,acousticguitar,0,4
n02676566_2790,acousticguitar,0,1
n02676566_2798,acousticguitar,0,3
n02676566_2800,acousticguitar,0,2
n02676566_2803,acousticguitar,0,1
n02676566_2806,acousticguitar,0,2
n02676566_281,acousticguitar,0,3
n02676566_2815,acousticguitar,0,3
n02676566_2816,acousticguitar,0,1
n02676566_2818,acousticguitar,0,1
n02676566_2820,acousticguitar,0,2
n02676566_2825,acousticguitar,0,3
n02676566_2843,acousticguitar,0,4
n02676566_285,acousticguitar,0,4
n02676566_2866,acousticguitar,0,4
n02676566_2873,acousticguitar,0,3
n02676566_2875,acousticguitar,0,2
n02676566_2876,acousticguitar,0,4
n02676566_289,acousticguitar,0,4
n02676566_2893,acousticguitar,0,4
n02676566_2899,acousticguitar,0,4
n02676566_2901,acousticguitar,0,2
n02676566_2903,acousticguitar,0,2
n02676566_2906,acousticguitar,0,0
n02676566_2907,acousticguitar,0,1
n02676566_2913,acousticguitar,0,1
n02676566_2919,acousticguitar,0,3
n02676566_2926,acousticguitar,0,0
n02676566_2927,acousticguitar,0,0
n02676566_2931,acousticguitar,0,4
n02676566_2943,acousticguitar,0,3
n02676566_2944,acousticguitar,0,1
n02676566_2949,acousticguitar,0,2
n02676566_295,acousticguitar,0,0
n02676566_2950,acousticguitar,0,3
n02676566_2952,acousticguitar,0,1
n02676566_2954,acousticguitar,0,1
n02676566_2956,acousticguitar,0,0
n02676566_2959,acousticguitar,0,3
n02676566_2961,acousticguitar,0,1
n02676566_2962,acousticguitar,0,3
n02676566_2967,acousticguitar,0,4
n02676566_2970,acousticguitar,0,3
n02676566_298,acousticguitar,0,0
n02676566_2980,acousticguitar,0,3
n02676566_2983,acousticguitar,0,2
n02676566_2985,acousticguitar,0,3
n02676566_299,acousticguitar,0,4
n02676566_3003,acousticguitar,0,4
n02676566_3004,acousticguitar,0,3
n02676566_3006,acousticguitar,0,0
n02676566_301,acousticguitar,0,3
n02676566_3010,acousticguitar,0,2
n02676566_3013,acousticguitar,0,2
n02676566_3023,acousticguitar,0,1
n02676566_3026,acousticguitar,0,0
n02676566_303,acousticguitar,0,4
n02676566_3030,acousticguitar,0,1
n02676566_3040,acousticguitar,0,1
n02676566_3041,acousticguitar,0,0
n02676566_3045,acousticguitar,0,2
n02676566_3048,acousticguitar,0,2
n02676566_3051,acousticguitar,0,0
n02676566_3054,acousticguitar,0,2
n02676566_3056,acousticguitar,0,1
n02676566_306,acousticguitar,0,0
n02676566_3069,acousticguitar,0,1
n02676566_307,acousticguitar,0,1
n02676566_3072,acousticguitar,0,2
n02676566_3074,acousticguitar,0,0
n02676566_3077,acousticguitar,0,0
n02676566_3085,acousticguitar,0,1
n02676566_3096,acousticguitar,0,0
n02676566_3101,acousticguitar,0,4
n02676566_3107,acousticguitar,0,0
n02676566_3109,acousticguitar,0,0
n02676566_3115,acousticguitar,0,3
n02676566_3116,acousticguitar,0,3
n02676566_3117,acousticguitar,0,4
n02676566_3120,acousticguitar,0,2
n02676566_3121,acousticguitar,0,0
n02676566_3125,acousticguitar,0,4
n02676566_3126,acousticguitar,0,3
n02676566_3127,acousticguitar,0,2
n02676566_3132,acousticguitar,0,3
n02676566_3139,acousticguitar,0,2
n02676566_3141,acousticguitar,0,3
n02676566_3145,acousticguitar,0,4
n02676566_3147,acousticguitar,0,0
n02676566_3148,acousticguitar,0,0
n02676566_3154,acousticguitar,0,0
n02676566_3157,acousticguitar,0,2
n02676566_3159,acousticguitar,0,3
n02676566_3160,acousticguitar,0,1
n02676566_3161,acousticguitar,0,1
n02676566_3164,acousticguitar,0,2
n02676566_3169,acousticguitar,0,2
n02676566_3172,acousticguitar,0,1
n02676566_3174,acousticguitar,0,2
n02676566_3176,acousticguitar,0,0
n02676566_3177,acousticguitar,0,4
n02676566_3178,acousticguitar,0,4
n02676566_3180,acousticguitar,0,0
n02676566_3181,acousticguitar,0,1
n02676566_3184,acousticguitar,0,0
n02676566_319,acousticguitar,0,4
n02676566_3191,acousticguitar,0,1
n02676566_3199,acousticguitar,0,3
n02676566_32,acousticguitar,0,3
n02676566_320,acousticguitar,0,3
n02676566_3201,acousticguitar,0,1
n02676566_3205,acousticguitar,0,4
n02676566_3206,acousticguitar,0,4
n02676566_3214,acousticguitar,0,0
n02676566_3215,acousticguitar,0,2
n02676566_3224,acousticguitar,0,3
n02676566_3229,acousticguitar,0,3
n02676566_323,acousticguitar,0,3
n02676566_3237,acousticguitar,0,1
n02676566_3239,acousticguitar,0,0
n02676566_3243,acousticguitar,0,3
n02676566_3251,acousticguitar,0,3
n02676566_3252,acousticguitar,0,1
n02676566_3257,acousticguitar,0,0
n02676566_3259,acousticguitar,0,3
n02676566_326,acousticguitar,0,2
n02676566_3263,acousticguitar,0,1
n02676566_3271,acousticguitar,0,3
n02676566_3277,acousticguitar,0,2
n02676566_328,acousticguitar,0,2
n02676566_3287,acousticguitar,0,2
n02676566_3289,acousticguitar,0,1
n02676566_330,acousticguitar,0,2
n02676566_3305,acousticguitar,0,1
n02676566_3314,acousticguitar,0,1
n02676566_3317,acousticguitar,0,4
n02676566_3320,acousticguitar,0,2
n02676566_3324,acousticguitar,0,2
n02676566_3325,acousticguitar,0,1
n02676566_3327,acousticguitar,0,4
n02676566_3328,acousticguitar,0,3
n02676566_3330,acousticguitar,0,4
n02676566_3338,acousticguitar,0,0
n02676566_3339,acousticguitar,0,1
n02676566_3340,acousticguitar,0,3
n02676566_3344,acousticguitar,0,0
n02676566_3346,acousticguitar,0,3
n02676566_3350,acousticguitar,0,4
n02676566_3359,acousticguitar,0,0
n02676566_3360,acousticguitar,0,3
n02676566_3369,acousticguitar,0,4
n02676566_3378,acousticguitar,0,3
n02676566_3382,acousticguitar,0,2
n02676566_3385,acousticguitar,0,4
n02676566_3386,acousticguitar,0,2
n02676566_3392,acousticguitar,0,2
n02676566_3393,acousticguitar,0,2
n02676566_3394,acousticguitar,0,1
n02676566_3401,acousticguitar,0,2
n02676566_3402,acousticguitar,0,4
n02676566_341,acousticguitar,0,2
n02676566_3410,acousticguitar,0,2
n02676566_3413,acousticguitar,0,0
n02676566_3424,acousticguitar,0,2
n02676566_3428,acousticguitar,0,4
n02676566_343,acousticguitar,0,0
n02676566_3435,acousticguitar,0,1
n02676566_3440,acousticguitar,0,3
n02676566_3449,acousticguitar,0,4
n02676566_3450,acousticguitar,0,0
n02676566_3453,acousticguitar,0,1
n02676566_3456,acousticguitar,0,4
n02676566_3461,acousticguitar,0,3
n02676566_3465,acousticguitar,0,1
n02676566_3466,acousticguitar,0,4
n02676566_3468,acousticguitar,0,0
n02676566_3469,acousticguitar,0,3
n02676566_3471,acousticguitar,0,3
n02676566_3472,acousticguitar,0,3
n02676566_3478,acousticguitar,0,3
n02676566_3482,acousticguitar,0,1
n02676566_3486,acousticguitar,0,1
n02676566_3489,acousticguitar,0,0
n02676566_3491,acousticguitar,0,4
n02676566_3492,acousticguitar,0,2
n02676566_3494,acousticguitar,0,4
n02676566_3500,acousticguitar,0,3
n02676566_3509,acousticguitar,0,4
n02676566_351,acousticguitar,0,0
n02676566_3510,acousticguitar,0,1
n02676566_3512,acousticguitar,0,4
n02676566_352,acousticguitar,0,0
n02676566_3523,acousticguitar,0,0
n02676566_3525,acousticguitar,0,1
n02676566_3527,acousticguitar,0,4
n02676566_3528,acousticguitar,0,2
n02676566_3529,acousticguitar,0,0
n02676566_353,acousticguitar,0,1
n02676566_3536,acousticguitar,0,3
n02676566_3538,acousticguitar,0,0
n02676566_3540,acousticguitar,0,1
n02676566_3541,acousticguitar,0,1
n02676566_3548,acousticguitar,0,4
n02676566_3563,acousticguitar,0,0
n02676566_3564,acousticguitar,0,4
n02676566_3566,acousticguitar,0,0
n02676566_3567,acousticguitar,0,3
n02676566_3571,acousticguitar,0,4
n02676566_3576,acousticguitar,0,3
n02676566_3578,acousticguitar,0,3
n02676566_3586,acousticguitar,0,1
n02676566_3587,acousticguitar,0,0
n02676566_3610,acousticguitar,0,1
n02676566_3611,acousticguitar,0,2
n02676566_3613,acousticguitar,0,4
n02676566_3627,acousticguitar,0,4
n02676566_3629,acousticguitar,0,2
n02676566_363,acousticguitar,0,4
n02676566_3631,acousticguitar,0,0
n02676566_3632,acousticguitar,0,4
n02676566_3633,acousticguitar,0,3
n02676566_3635,acousticguitar,0,1
n02676566_3639,acousticguitar,0,3
n02676566_3641,acousticguitar,0,1
n02676566_3646,acousticguitar,0,4
n02676566_3649,acousticguitar,0,1
n02676566_365,acousticguitar,0,0
n02676566_3650,acousticguitar,0,0
n02676566_3654,acousticguitar,0,3
n02676566_3657,acousticguitar,0,0
n02676566_3659,acousticguitar,0,0
n02676566_3660,acousticguitar,0,1
n02676566_3661,acousticguitar,0,0
n02676566_3662,acousticguitar,0,1
n02676566_3669,acousticguitar,0,0
n02676566_367,acousticguitar,0,1
n02676566_3673,acousticguitar,0,2
n02676566_368,acousticguitar,0,1
n02676566_3683,acousticguitar,0,3
n02676566_3686,acousticguitar,0,0
n02676566_3690,acousticguitar,0,1
n02676566_37,acousticguitar,0,3
n02676566_370,acousticguitar,0,4
n02676566_371,acousticguitar,0,3
n02676566_3711,acousticguitar,0,4
n02676566_3713,acousticguitar,0,0
n02676566_3719,acousticguitar,0,3
n02676566_3721,acousticguitar,0,4
n02676566_3725,acousticguitar,0,4
n02676566_3728,acousticguitar,0,0
n02676566_3729,acousticguitar,0,2
n02676566_3733,acousticguitar,0,3
n02676566_3741,acousticguitar,0,0
n02676566_3747,acousticguitar,0,3
n02676566_3750,acousticguitar,0,2
n02676566_3752,acousticguitar,0,4
n02676566_3753,acousticguitar,0,4
n02676566_3757,acousticguitar,0,3
n02676566_3760,acousticguitar,0,1
n02676566_3765,acousticguitar,0,0
n02676566_3766,acousticguitar,0,3
n02676566_3767,acousticguitar,0,1
n02676566_3768,acousticguitar,0,4
n02676566_3771,acousticguitar,0,4
n02676566_3781,acousticguitar,0,4
n02676566_3782,acousticguitar,0,1
n02676566_3792,acousticguitar,0,2
n02676566_3798,acousticguitar,0,3
n02676566_380,acousticguitar,0,0
n02676566_3806,acousticguitar,0,4
n02676566_3808,acousticguitar,0,0
n02676566_3813,acousticguitar,0,0
n02676566_3819,acousticguitar,0,0
n02676566_3822,acousticguitar,0,0
n02676566_3824,acousticguitar,0,2
n02676566_3839,acousticguitar,0,4
n02676566_3849,acousticguitar,0,1
n02676566_3850,acousticguitar,0,0
n02676566_3854,acousticguitar,0,1
n02676566_3858,acousticguitar,0,4
n02676566_386,acousticguitar,0,0
n02676566_3868,acousticguitar,0,4
n02676566_3873,acousticguitar,0,2
n02676566_3876,acousticguitar,0,2
n02676566_3883,acousticguitar,0,2
n02676566_3886,acousticguitar,0,0
n02676566_3887,acousticguitar,0,0
n02676566_3889,acousticguitar,0,3
n02676566_3892,acousticguitar,0,0
n02676566_3899,acousticguitar,0,1
n02676566_3910,acousticguitar,0,0
n02676566_3912,acousticguitar,0,1
n02676566_3914,acousticguitar,0,2
n02676566_3916,acousticguitar,0,1
n02676566_3920,acousticguitar,0,4
n02676566_3924,acousticguitar,0,2
n02676566_3936,acousticguitar,0,1
n02676566_3947,acousticguitar,0,3
n02676566_3949,acousticguitar,0,0
n02676566_395,acousticguitar,0,4
n02676566_3952,acousticguitar,0,4
n02676566_3957,acousticguitar,0,2
n02676566_3965,acousticguitar,0,3
n02676566_3966,acousticguitar,0,1
n02676566_3971,acousticguitar,0,3
n02676566_3977,acousticguitar,0,1
n02676566_3978,acousticguitar,0,3
n02676566_3979,acousticguitar,0,2
n02676566_399,acousticguitar,0,2
n02676566_3990,acousticguitar,0,2
n02676566_3991,acousticguitar,0,3
n02676566_3995,acousticguitar,0,1
n02676566_3999,acousticguitar,0,4
n02676566_4001,acousticguitar,0,2
n02676566_4019,acousticguitar,0,3
n02676566_402,acousticguitar,0,4
n02676566_4030,acousticguitar,0,3
n02676566_4039,acousticguitar,0,3
n02676566_404,acousticguitar,0,2
n02676566_4042,acousticguitar,0,2
n02676566_4048,acousticguitar,0,1
n02676566_4055,acousticguitar,0,3
n02676566_4057,acousticguitar,0,0
n02676566_4058,acousticguitar,0,2
n02676566_4059,acousticguitar,0,2
n02676566_406,acousticguitar,0,2
n02676566_4060,acousticguitar,0,4
n02676566_4064,acousticguitar,0,0
n02676566_4073,acousticguitar,0,4
n02676566_4074,acousticguitar,0,0
n02676566_4075,acousticguitar,0,0
n02676566_4081,acousticguitar,0,4
n02676566_4084,acousticguitar,0,1
n02676566_4089,acousticguitar,0,2
n02676566_4090,acousticguitar,0,1
n02676566_4095,acousticguitar,0,0
n02676566_4097,acousticguitar,0,4
n02676566_410,acousticguitar,0,2
n02676566_4108,acousticguitar,0,2
n02676566_411,acousticguitar,0,0
n02676566_4110,acousticguitar,0,1
n02676566_4111,acousticguitar,0,3
n02676566_4119,acousticguitar,0,4
n02676566_4122,acousticguitar,0,1
n02676566_4127,acousticguitar,0,2
n02676566_4128,acousticguitar,0,3
n02676566_4129,acousticguitar,0,3
n02676566_4130,acousticguitar,0,3
n02676566_4134,acousticguitar,0,3
n02676566_4135,acousticguitar,0,1
n02676566_4137,acousticguitar,0,0
n02676566_4138,acousticguitar,0,1
n02676566_4144,acousticguitar,0,2
n02676566_4145,acousticguitar,0,1
n02676566_4155,acousticguitar,0,1
n02676566_4160,acousticguitar,0,0
n02676566_4161,acousticguitar,0,2
n02676566_4166,acousticguitar,0,3
n02676566_4171,acousticguitar,0,4
n02676566_4178,acousticguitar,0,0
n02676566_4179,acousticguitar,0,0
n02676566_4189,acousticguitar,0,4
n02676566_4192,acousticguitar,0,3
n02676566_4196,acousticguitar,0,4
n02676566_4197,acousticguitar,0,3
n02676566_4201,acousticguitar,0,1
n02676566_4208,acousticguitar,0,4
n02676566_4212,acousticguitar,0,4
n02676566_4220,acousticguitar,0,4
n02676566_4221,acousticguitar,0,2
n02676566_4223,acousticguitar,0,2
n02676566_4227,acousticguitar,0,3
n02676566_4236,acousticguitar,0,0
n02676566_4239,acousticguitar,0,3
n02676566_4240,acousticguitar,0,4
n02676566_4241,acousticguitar,0,3
n02676566_4248,acousticguitar,0,0
n02676566_4251,acousticguitar,0,1
n02676566_4252,acousticguitar,0,0
n02676566_4254,acousticguitar,0,4
n02676566_4257,acousticguitar,0,1
n02676566_4266,acousticguitar,0,1
n02676566_4268,acousticguitar,0,3
n02676566_428,acousticguitar,0,3
n02676566_4280,acousticguitar,0,4
n02676566_4281,acousticguitar,0,0
n02676566_429,acousticguitar,0,3
n02676566_4294,acousticguitar,0,1
n02676566_43,acousticguitar,0,2
n02676566_430,acousticguitar,0,2
n02676566_4301,acousticguitar,0,1
n02676566_4305,acousticguitar,0,0
n02676566_431,acousticguitar,0,3
n02676566_4310,acousticguitar,0,3
n02676566_4313,acousticguitar,0,0
n02676566_4316,acousticguitar,0,0
n02676566_4317,acousticguitar,0,1
n02676566_4319,acousticguitar,0,3
n02676566_4320,acousticguitar,0,1
n02676566_4321,acousticguitar,0,3
n02676566_4322,acousticguitar,0,3
n02676566_4323,acousticguitar,0,3
n02676566_4326,acousticguitar,0,0
n02676566_4334,acousticguitar,0,4
n02676566_4336,acousticguitar,0,4
n02676566_4341,acousticguitar,0,1
n02676566_4342,acousticguitar,0,0
n02676566_4343,acousticguitar,0,0
n02676566_4345,acousticguitar,0,4
n02676566_4346,acousticguitar,0,4
n02676566_4347,acousticguitar,0,2
n02676566_4349,acousticguitar,0,4
n02676566_435,acousticguitar,0,4
n02676566_4356,acousticguitar,0,0
n02676566_436,acousticguitar,0,2
n02676566_4363,acousticguitar,0,2
n02676566_4366,acousticguitar,0,0
n02676566_4373,acousticguitar,0,1
n02676566_4374,acousticguitar,0,3
n02676566_4376,acousticguitar,0,0
n02676566_4377,acousticguitar,0,3
n02676566_4378,acousticguitar,0,4
n02676566_438,acousticguitar,0,4
n02676566_4383,acousticguitar,0,3
n02676566_4391,acousticguitar,0,0
n02676566_4394,acousticguitar,0,0
n02676566_4397,acousticguitar,0,1
n02676566_4398,acousticguitar,0,4
n02676566_44,acousticguitar,0,2
n02676566_4402,acousticguitar,0,4
n02676566_4403,acousticguitar,0,0
n02676566_4404,acousticguitar,0,4
n02676566_4407,acousticguitar,0,0
n02676566_4413,acousticguitar,0,2
n02676566_4415,acousticguitar,0,1
n02676566_4417,acousticguitar,0,3
n02676566_4419,acousticguitar,0,0
n02676566_4424,acousticguitar,0,0
n02676566_4425,acousticguitar,0,3
n02676566_4426,acousticguitar,0,1
n02676566_4429,acousticguitar,0,2
n02676566_4430,acousticguitar,0,3
n02676566_4431,acousticguitar,0,0
n02676566_4436,acousticguitar,0,0
n02676566_4438,acousticguitar,0,0
n02676566_444,acousticguitar,0,2
n02676566_4441,acousticguitar,0,0
n02676566_445,acousticguitar,0,2
n02676566_4454,acousticguitar,0,2
n02676566_4461,acousticguitar,0,1
n02676566_4462,acousticguitar,0,4
n02676566_4469,acousticguitar,0,2
n02676566_448,acousticguitar,0,3
n02676566_4486,acousticguitar,0,2
n02676566_449,acousticguitar,0,1
n02676566_4492,acousticguitar,0,0
n02676566_4493,acousticguitar,0,1
n02676566_4507,acousticguitar,0,4
n02676566_4510,acousticguitar,0,2
n02676566_4512,acousticguitar,0,1
n02676566_4518,acousticguitar,0,0
n02676566_4521,acousticguitar,0,2
n02676566_4527,acousticguitar,0,0
n02676566_4530,acousticguitar,0,3
n02676566_4532,acousticguitar,0,2
n02676566_4535,acousticguitar,0,0
n02676566_4537,acousticguitar,0,2
n02676566_4538,acousticguitar,0,2
n02676566_4543,acousticguitar,0,3
n02676566_4545,acousticguitar,0,1
n02676566_4546,acousticguitar,0,2
n02676566_4551,acousticguitar,0,1
n02676566_4558,acousticguitar,0,3
n02676566_4562,acousticguitar,0,1
n02676566_4565,acousticguitar,0,4
n02676566_457,acousticguitar,0,2
n02676566_4573,acousticguitar,0,1
n02676566_4577,acousticguitar,0,4
n02676566_4583,acousticguitar,0,2
n02676566_4584,acousticguitar,0,3
n02676566_4589,acousticguitar,0,2
n02676566_4591,acousticguitar,0,1
n02676566_4592,acousticguitar,0,3
n02676566_4594,acousticguitar,0,2
n02676566_4595,acousticguitar,0,2
n02676566_46,acousticguitar,0,3
n02676566_4602,acousticguitar,0,3
n02676566_4604,acousticguitar,0,3
n02676566_4605,acousticguitar,0,2
n02676566_4613,acousticguitar,0,1
n02676566_4615,acousticguitar,0,4
n02676566_4619,acousticguitar,0,0
n02676566_4621,acousticguitar,0,2
n02676566_4623,acousticguitar,0,0
n02676566_4628,acousticguitar,0,4
n02676566_4629,acousticguitar,0,3
n02676566_463,acousticguitar,0,4
n02676566_4632,acousticguitar,0,3
n02676566_4637,acousticguitar,0,0
n02676566_4640,acousticguitar,0,1
n02676566_4642,acousticguitar,0,2
n02676566_4643,acousticguitar,0,0
n02676566_4646,acousticguitar,0,2
n02676566_4648,acousticguitar,0,0
n02676566_4651,acousticguitar,0,3
n02676566_4655,acousticguitar,0,1
n02676566_4657,acousticguitar,0,2
n02676566_4659,acousticguitar,0,4
n02676566_4663,acousticguitar,0,1
n02676566_4668,acousticguitar,0,0
n02676566_467,acousticguitar,0,1
n02676566_4671,acousticguitar,0,3
n02676566_4677,acousticguitar,0,3
n02676566_4679,acousticguitar,0,3
n02676566_4689,acousticguitar,0,4
n02676566_4697,acousticguitar,0,3
n02676566_4699,acousticguitar,0,4
n02676566_4705,acousticguitar,0,0
n02676566_4706,acousticguitar,0,0
n02676566_4710,acousticguitar,0,1
n02676566_4717,acousticguitar,0,2
n02676566_4722,acousticguitar,0,0
n02676566_4729,acousticguitar,0,4
n02676566_4735,acousticguitar,0,0
n02676566_4746,acousticguitar,0,2
n02676566_4749,acousticguitar,0,3
n02676566_475,acousticguitar,0,0
n02676566_4753,acousticguitar,0,3
n02676566_4759,acousticguitar,0,2
n02676566_4773,acousticguitar,0,1
n02676566_4778,acousticguitar,0,3
n02676566_4779,acousticguitar,0,4
n02676566_4785,acousticguitar,0,2
n02676566_4786,acousticguitar,0,0
n02676566_4789,acousticguitar,0,4
n02676566_4793,acousticguitar,0,0
n02676566_4795,acousticguitar,0,4
n02676566_4797,acousticguitar,0,2
n02676566_480,acousticguitar,0,1
n02676566_4812,acousticguitar,0,4
n02676566_4816,acousticguitar,0,0
n02676566_4823,acousticguitar,0,3
n02676566_4825,acousticguitar,0,4
n02676566_4832,acousticguitar,0,2
n02676566_4834,acousticguitar,0,3
n02676566_4839,acousticguitar,0,0
n02676566_4840,acousticguitar,0,4
n02676566_4842,acousticguitar,0,4
n02676566_4843,acousticguitar,0,0
n02676566_4844,acousticguitar,0,2
n02676566_4847,acousticguitar,0,0
n02676566_485,acousticguitar,0,2
n02676566_4853,acousticguitar,0,3
n02676566_4856,acousticguitar,0,4
n02676566_4857,acousticguitar,0,1
n02676566_4859,acousticguitar,0,4
n02676566_4860,acousticguitar,0,3
n02676566_4863,acousticguitar,0,3
n02676566_4866,acousticguitar,0,4
n02676566_4868,acousticguitar,0,3
n02676566_4871,acousticguitar,0,1
n02676566_4876,acousticguitar,0,2
n02676566_4877,acousticguitar,0,4
n02676566_4883,acousticguitar,0,2
n02676566_4893,acousticguitar,0,2
n02676566_49,acousticguitar,0,0
n02676566_4901,acousticguitar,0,3
n02676566_4903,acousticguitar,0,0
n02676566_4904,acousticguitar,0,1
n02676566_4905,acousticguitar,0,2
n02676566_4916,acousticguitar,0,1
n02676566_492,acousticguitar,0,0
n02676566_4921,acousticguitar,0,0
n02676566_4922,acousticguitar,0,1
n02676566_4923,acousticguitar,0,0
n02676566_4924,acousticguitar,0,3
n02676566_4925,acousticguitar,0,3
n02676566_4928,acousticguitar,0,1
n02676566_4936,acousticguitar,0,4
n02676566_4943,acousticguitar,0,0
n02676566_4946,acousticguitar,0,2
n02676566_4947,acousticguitar,0,3
n02676566_495,acousticguitar,0,3
n02676566_4952,acousticguitar,0,2
n02676566_496,acousticguitar,0,3
n02676566_4962,acousticguitar,0,3
n02676566_4965,acousticguitar,0,1
n02676566_4967,acousticguitar,0,4
n02676566_4975,acousticguitar,0,0
n02676566_4985,acousticguitar,0,4
n02676566_4988,acousticguitar,0,4
n02676566_4989,acousticguitar,0,3
n02676566_4990,acousticguitar,0,2
n02676566_4993,acousticguitar,0,1
n02676566_5000,acousticguitar,0,4
n02676566_5001,acousticguitar,0,3
n02676566_5010,acousticguitar,0,3
n02676566_5012,acousticguitar,0,0
n02676566_5018,acousticguitar,0,0
n02676566_5019,acousticguitar,0,3
n02676566_5020,acousticguitar,0,1
n02676566_5024,acousticguitar,0,3
n02676566_504,acousticguitar,0,3
n02676566_5056,acousticguitar,0,0
n02676566_5058,acousticguitar,0,4
n02676566_5068,acousticguitar,0,3
n02676566_5069,acousticguitar,0,4
n02676566_5071,acousticguitar,0,3
n02676566_5074,acousticguitar,0,1
n02676566_5084,acousticguitar,0,4
n02676566_5095,acousticguitar,0,2
n02676566_5099,acousticguitar,0,3
n02676566_5104,acousticguitar,0,3
n02676566_5109,acousticguitar,0,0
n02676566_511,acousticguitar,0,2
n02676566_5114,acousticguitar,0,2
n02676566_513,acousticguitar,0,4
n02676566_5130,acousticguitar,0,2
n02676566_5131,acousticguitar,0,0
n02676566_5134,acousticguitar,0,1
n02676566_5138,acousticguitar,0,0
n02676566_5139,acousticguitar,0,2
n02676566_514,acousticguitar,0,2
n02676566_5142,acousticguitar,0,0
n02676566_5151,acousticguitar,0,4
n02676566_5153,acousticguitar,0,4
n02676566_5159,acousticguitar,0,1
n02676566_5168,acousticguitar,0,0
n02676566_5177,acousticguitar,0,4
n02676566_520,acousticguitar,0,2
n02676566_5200,acousticguitar,0,0
n02676566_5210,acousticguitar,0,2
n02676566_5215,acousticguitar,0,1
n02676566_5216,acousticguitar,0,4
n02676566_5218,acousticguitar,0,3
n02676566_522,acousticguitar,0,1
n02676566_5220,acousticguitar,0,0
n02676566_5226,acousticguitar,0,3
n02676566_523,acousticguitar,0,1
n02676566_5231,acousticguitar,0,2
n02676566_5235,acousticguitar,0,3
n02676566_5241,acousticguitar,0,2
n02676566_5255,acousticguitar,0,0
n02676566_5256,acousticguitar,0,4
n02676566_5258,acousticguitar,0,0
n02676566_526,acousticguitar,0,4
n02676566_529,acousticguitar,0,4
n02676566_5319,acousticguitar,0,3
n02676566_5328,acousticguitar,0,2
n02676566_5355,acousticguitar,0,1
n02676566_5356,acousticguitar,0,2
n02676566_5363,acousticguitar,0,2
n02676566_5364,acousticguitar,0,0
n02676566_5367,acousticguitar,0,4
n02676566_5369,acousticguitar,0,4
n02676566_5372,acousticguitar,0,4
n02676566_5373,acousticguitar,0,4
n02676566_5375,acousticguitar,0,4
n02676566_5380,acousticguitar,0,1
n02676566_5390,acousticguitar,0,2
n02676566_54,acousticguitar,0,1
n02676566_5400,acousticguitar,0,2
n02676566_5405,acousticguitar,0,1
n02676566_5408,acousticguitar,0,1
n02676566_5411,acousticguitar,0,4
n02676566_5412,acousticguitar,0,4
n02676566_5416,acousticguitar,0,4
n02676566_5421,acousticguitar,0,2
n02676566_5427,acousticguitar,0,2
n02676566_5430,acousticguitar,0,3
n02676566_5437,acousticguitar,0,4
n02676566_5438,acousticguitar,0,4
n02676566_5448,acousticguitar,0,3
n02676566_5450,acousticguitar,0,0
n02676566_5453,acousticguitar,0,2
n02676566_5454,acousticguitar,0,2
n02676566_5457,acousticguitar,0,2
n02676566_5460,acousticguitar,0,2
n02676566_5461,acousticguitar,0,3
n02676566_5462,acousticguitar,0,0
n02676566_5464,acousticguitar,0,1
n02676566_5465,acousticguitar,0,0
n02676566_5466,acousticguitar,0,3
n02676566_5468,acousticguitar,0,4
n02676566_5476,acousticguitar,0,4
n02676566_5479,acousticguitar,0,0
n02676566_5480,acousticguitar,0,4
n02676566_5489,acousticguitar,0,4
n02676566_549,acousticguitar,0,2
n02676566_5492,acousticguitar,0,3
n02676566_5495,acousticguitar,0,0
n02676566_55,acousticguitar,0,4
n02676566_5500,acousticguitar,0,4
n02676566_5503,acousticguitar,0,2
n02676566_5507,acousticguitar,0,3
n02676566_5508,acousticguitar,0,1
n02676566_551,acousticguitar,0,3
n02676566_5514,acousticguitar,0,1
n02676566_5515,acousticguitar,0,4
n02676566_5518,acousticguitar,0,2
n02676566_552,acousticguitar,0,2
n02676566_5522,acousticguitar,0,1
n02676566_5524,acousticguitar,0,1
n02676566_5526,acousticguitar,0,4
n02676566_553,acousticguitar,0,0
n02676566_5534,acousticguitar,0,1
n02676566_5535,acousticguitar,0,4
n02676566_5537,acousticguitar,0,2
n02676566_5545,acousticguitar,0,0
n02676566_5551,acousticguitar,0,0
n02676566_5559,acousticguitar,0,3
n02676566_5585,acousticguitar,0,2
n02676566_5586,acousticguitar,0,0
n02676566_5591,acousticguitar,0,3
n02676566_5597,acousticguitar,0,3
n02676566_5610,acousticguitar,0,3
n02676566_5637,acousticguitar,0,2
n02676566_5640,acousticguitar,0,3
n02676566_5641,acousticguitar,0,0
n02676566_5645,acousticguitar,0,2
n02676566_5649,acousticguitar,0,3
n02676566_5684,acousticguitar,0,2
n02676566_5689,acousticguitar,0,1
n02676566_5713,acousticguitar,0,3
n02676566_5735,acousticguitar,0,2
n02676566_5742,acousticguitar,0,3
n02676566_5773,acousticguitar,0,0
n02676566_5776,acousticguitar,0,2
n02676566_5816,acousticguitar,0,0
n02676566_582,acousticguitar,0,2
n02676566_5830,acousticguitar,0,2
n02676566_584,acousticguitar,0,0
n02676566_5860,acousticguitar,0,4
n02676566_5861,acousticguitar,0,2
n02676566_5866,acousticguitar,0,3
n02676566_5871,acousticguitar,0,3
n02676566_5943,acousticguitar,0,4
n02676566_5951,acousticguitar,0,4
n02676566_596,acousticguitar,0,2
n02676566_5966,acousticguitar,0,2
n02676566_5979,acousticguitar,0,4
n02676566_60,acousticguitar,0,0
n02676566_600,acousticguitar,0,2
n02676566_602,acousticguitar,0,4
n02676566_6024,acousticguitar,0,4
n02676566_603,acousticguitar,0,0
n02676566_6030,acousticguitar,0,1
n02676566_606,acousticguitar,0,4
n02676566_6060,acousticguitar,0,0
n02676566_610,acousticguitar,0,1
n02676566_6111,acousticguitar,0,4
n02676566_6130,acousticguitar,0,4
n02676566_6150,acousticguitar,0,2
n02676566_6152,acousticguitar,0,0
n02676566_616,acousticguitar,0,4
n02676566_6172,acousticguitar,0,0
n02676566_6175,acousticguitar,0,3
n02676566_6178,acousticguitar,0,0
n02676566_6196,acousticguitar,0,1
n02676566_6200,acousticguitar,0,2
n02676566_6202,acousticguitar,0,4
n02676566_623,acousticguitar,0,0
n02676566_6234,acousticguitar,0,1
n02676566_6244,acousticguitar,0,0
n02676566_6245,acousticguitar,0,0
n02676566_6251,acousticguitar,0,4
n02676566_6253,acousticguitar,0,0
n02676566_6255,acousticguitar,0,3
n02676566_6260,acousticguitar,0,2
n02676566_6265,acousticguitar,0,2
n02676566_6268,acousticguitar,0,2
n02676566_6286,acousticguitar,0,4
n02676566_6289,acousticguitar,0,4
n02676566_6291,acousticguitar,0,4
n02676566_6292,acousticguitar,0,3
n02676566_6293,acousticguitar,0,4
n02676566_6302,acousticguitar,0,3
n02676566_6304,acousticguitar,0,2
n02676566_6306,acousticguitar,0,3
n02676566_6319,acousticguitar,0,1
n02676566_6320,acousticguitar,0,2
n02676566_6326,acousticguitar,0,2
n02676566_6329,acousticguitar,0,4
n02676566_6335,acousticguitar,0,0
n02676566_6341,acousticguitar,0,2
n02676566_6342,acousticguitar,0,4
n02676566_6343,acousticguitar,0,3
n02676566_6349,acousticguitar,0,2
n02676566_6351,acousticguitar,0,2
n02676566_6354,acousticguitar,0,0
n02676566_6355,acousticguitar,0,0
n02676566_6360,acousticguitar,0,1
n02676566_6361,acousticguitar,0,0
n02676566_6363,acousticguitar,0,2
n02676566_6370,acousticguitar,0,4
n02676566_6372,acousticguitar,0,1
n02676566_6375,acousticguitar,0,0
n02676566_6376,acousticguitar,0,2
n02676566_6377,acousticguitar,0,4
n02676566_6378,acousticguitar,0,3
n02676566_6380,acousticguitar,0,4
n02676566_6384,acousticguitar,0,1
n02676566_6390,acousticguitar,0,1
n02676566_6401,acousticguitar,0,4
n02676566_6402,acousticguitar,0,3
n02676566_6405,acousticguitar,0,4
n02676566_6409,acousticguitar,0,1
n02676566_6410,acousticguitar,0,2
n02676566_6412,acousticguitar,0,0
n02676566_6414,acousticguitar,0,0
n02676566_6421,acousticguitar,0,0
n02676566_6422,acousticguitar,0,2
n02676566_6425,acousticguitar,0,2
n02676566_6430,acousticguitar,0,2
n02676566_6435,acousticguitar,0,1
n02676566_6437,acousticguitar,0,3
n02676566_6438,acousticguitar,0,4
n02676566_644,acousticguitar,0,4
n02676566_6454,acousticguitar,0,0
n02676566_6460,acousticguitar,0,0
n02676566_6466,acousticguitar,0,4
n02676566_6467,acousticguitar,0,4
n02676566_6469,acousticguitar,0,2
n02676566_6478,acousticguitar,0,1
n02676566_6479,acousticguitar,0,3
n02676566_6489,acousticguitar,0,1
n02676566_6493,acousticguitar,0,1
n02676566_6494,acousticguitar,0,0
n02676566_650,acousticguitar,0,4
n02676566_6518,acousticguitar,0,4
n02676566_6527,acousticguitar,0,2
n02676566_6531,acousticguitar,0,1
n02676566_6532,acousticguitar,0,3
n02676566_654,acousticguitar,0,0
n02676566_6544,acousticguitar,0,4
n02676566_6547,acousticguitar,0,1
n02676566_6549,acousticguitar,0,3
n02676566_6551,acousticguitar,0,0
n02676566_6552,acousticguitar,0,4
n02676566_6554,acousticguitar,0,1
n02676566_6557,acousticguitar,0,2
n02676566_6559,acousticguitar,0,3
n02676566_656,acousticguitar,0,0
n02676566_6560,acousticguitar,0,2
n02676566_6563,acousticguitar,0,2
n02676566_6567,acousticguitar,0,0
n02676566_6569,acousticguitar,0,0
n02676566_6570,acousticguitar,0,1
n02676566_6571,acousticguitar,0,1
n02676566_6575,acousticguitar,0,1
n02676566_658,acousticguitar,0,3
n02676566_6580,acousticguitar,0,4
n02676566_6582,acousticguitar,0,0
n02676566_6583,acousticguitar,0,3
n02676566_6585,acousticguitar,0,3
n02676566_6588,acousticguitar,0,2
n02676566_6589,acousticguitar,0,3
n02676566_659,acousticguitar,0,2
n02676566_6590,acousticguitar,0,3
n02676566_6592,acousticguitar,0,0
n02676566_6596,acousticguitar,0,4
n02676566_6597,acousticguitar,0,3
n02676566_66,acousticguitar,0,2
n02676566_660,acousticguitar,0,0
n02676566_6601,acousticguitar,0,2
n02676566_6604,acousticguitar,0,2
n02676566_6613,acousticguitar,0,0
n02676566_6615,acousticguitar,0,4
n02676566_6625,acousticguitar,0,1
n02676566_6626,acousticguitar,0,3
n02676566_6631,acousticguitar,0,2
n02676566_6633,acousticguitar,0,1
n02676566_6634,acousticguitar,0,0
n02676566_6636,acousticguitar,0,1
n02676566_6637,acousticguitar,0,2
n02676566_6641,acousticguitar,0,3
n02676566_6644,acousticguitar,0,2
n02676566_6646,acousticguitar,0,0
n02676566_665,acousticguitar,0,1
n02676566_6652,acousticguitar,0,1
n02676566_6655,acousticguitar,0,0
n02676566_6658,acousticguitar,0,2
n02676566_6659,acousticguitar,0,1
n02676566_666,acousticguitar,0,4
n02676566_6660,acousticguitar,0,0
n02676566_6661,acousticguitar,0,2
n02676566_6663,acousticguitar,0,0
n02676566_6667,acousticguitar,0,3
n02676566_6669,acousticguitar,0,4
n02676566_667,acousticguitar,0,4
n02676566_6672,acousticguitar,0,3
n02676566_6673,acousticguitar,0,0
n02676566_6674,acousticguitar,0,2
n02676566_6677,acousticguitar,0,0
n02676566_6682,acousticguitar,0,0
n02676566_6683,acousticguitar,0,0
n02676566_6686,acousticguitar,0,4
n02676566_6687,acousticguitar,0,1
n02676566_6694,acousticguitar,0,4
n02676566_6698,acousticguitar,0,2
n02676566_6699,acousticguitar,0,1
n02676566_6700,acousticguitar,0,1
n02676566_6701,acousticguitar,0,0
n02676566_6702,acousticguitar,0,2
n02676566_6703,acousticguitar,0,3
n02676566_6704,acousticguitar,0,2
n02676566_6705,acousticguitar,0,2
n02676566_6707,acousticguitar,0,2
n02676566_6711,acousticguitar,0,0
n02676566_6713,acousticguitar,0,3
n02676566_672,acousticguitar,0,3
n02676566_6728,acousticguitar,0,1
n02676566_6729,acousticguitar,0,0
n02676566_6732,acousticguitar,0,3
n02676566_6733,acousticguitar,0,0
n02676566_6735,acousticguitar,0,0
n02676566_6737,acousticguitar,0,0
n02676566_6738,acousticguitar,0,4
n02676566_6740,acousticguitar,0,2
n02676566_6742,acousticguitar,0,4
n02676566_6744,acousticguitar,0,1
n02676566_6746,acousticguitar,0,4
n02676566_6748,acousticguitar,0,0
n02676566_6750,acousticguitar,0,0
n02676566_6753,acousticguitar,0,1
n02676566_6759,acousticguitar,0,1
n02676566_6760,acousticguitar,0,4
n02676566_6762,acousticguitar,0,4
n02676566_6763,acousticguitar,0,4
n02676566_6764,acousticguitar,0,1
n02676566_6765,acousticguitar,0,2
n02676566_6766,acousticguitar,0,2
n02676566_6770,acousticguitar,0,2
n02676566_6772,acousticguitar,0,0
n02676566_6775,acousticguitar,0,0
n02676566_6778,acousticguitar,0,1
n02676566_6785,acousticguitar,0,1
n02676566_6789,acousticguitar,0,1
n02676566_6792,acousticguitar,0,0
n02676566_6796,acousticguitar,0,2
n02676566_6797,acousticguitar,0,4
n02676566_6799,acousticguitar,0,0
n02676566_6801,acousticguitar,0,4
n02676566_6802,acousticguitar,0,3
n02676566_6810,acousticguitar,0,1
n02676566_6814,acousticguitar,0,0
n02676566_6819,acousticguitar,0,3
n02676566_682,acousticguitar,0,0
n02676566_6820,acousticguitar,0,1
n02676566_6822,acousticguitar,0,0
n02676566_6823,acousticguitar,0,0
n02676566_6826,acousticguitar,0,1
n02676566_6827,acousticguitar,0,3
n02676566_683,acousticguitar,0,1
n02676566_6833,acousticguitar,0,0
n02676566_6835,acousticguitar,0,1
n02676566_6838,acousticguitar,0,3
n02676566_6839,acousticguitar,0,2
n02676566_684,acousticguitar,0,1
n02676566_6842,acousticguitar,0,0
n02676566_6843,acousticguitar,0,4
n02676566_6851,acousticguitar,0,0
n02676566_6855,acousticguitar,0,3
n02676566_6856,acousticguitar,0,4
n02676566_6857,acousticguitar,0,3
n02676566_6858,acousticguitar,0,0
n02676566_6861,acousticguitar,0,1
n02676566_6864,acousticguitar,0,1
n02676566_6865,acousticguitar,0,3
n02676566_6868,acousticguitar,0,3
n02676566_6869,acousticguitar,0,4
n02676566_6870,acousticguitar,0,4
n02676566_6871,acousticguitar,0,2
n02676566_6875,acousticguitar,0,2
n02676566_6878,acousticguitar,0,1
n02676566_688,acousticguitar,0,2
n02676566_6881,acousticguitar,0,4
n02676566_6883,acousticguitar,0,2
n02676566_6885,acousticguitar,0,3
n02676566_6889,acousticguitar,0,2
n02676566_6893,acousticguitar,0,3
n02676566_6896,acousticguitar,0,0
n02676566_6898,acousticguitar,0,2
n02676566_6899,acousticguitar,0,3
n02676566_6904,acousticguitar,0,2
n02676566_6905,acousticguitar,0,2
n02676566_6906,acousticguitar,0,3
n02676566_6909,acousticguitar,0,1
n02676566_6910,acousticguitar,0,1
n02676566_6912,acousticguitar,0,3
n02676566_6913,acousticguitar,0,4
n02676566_6914,acousticguitar,0,4
n02676566_6915,acousticguitar,0,4
n02676566_6916,acousticguitar,0,1
n02676566_6917,acousticguitar,0,3
n02676566_6918,acousticguitar,0,2
n02676566_6919,acousticguitar,0,3
n02676566_692,acousticguitar,0,2
n02676566_6920,acousticguitar,0,2
n02676566_6922,acousticguitar,0,0
n02676566_6924,acousticguitar,0,1
n02676566_6927,acousticguitar,0,1
n02676566_6928,acousticguitar,0,1
n02676566_6929,acousticguitar,0,4
n02676566_6930,acousticguitar,0,0
n02676566_6931,acousticguitar,0,3
n02676566_6932,acousticguitar,0,0
n02676566_6935,acousticguitar,0,4
n02676566_6939,acousticguitar,0,1
n02676566_694,acousticguitar,0,4
n02676566_6941,acousticguitar,0,2
n02676566_6942,acousticguitar,0,3
n02676566_6948,acousticguitar,0,1
n02676566_6949,acousticguitar,0,4
n02676566_6950,acousticguitar,0,3
n02676566_6951,acousticguitar,0,4
n02676566_6952,acousticguitar,0,0
n02676566_6953,acousticguitar,0,0
n02676566_6954,acousticguitar,0,4
n02676566_6957,acousticguitar,0,0
n02676566_6959,acousticguitar,0,4
n02676566_6960,acousticguitar,0,2
n02676566_6961,acousticguitar,0,0
n02676566_6962,acousticguitar,0,3
n02676566_6965,acousticguitar,0,1
n02676566_6966,acousticguitar,0,1
n02676566_6968,acousticguitar,0,0
n02676566_6969,acousticguitar,0,0
n02676566_697,acousticguitar,0,1
n02676566_6971,acousticguitar,0,4
n02676566_6974,acousticguitar,0,3
n02676566_6977,acousticguitar,0,2
n02676566_6979,acousticguitar,0,0
n02676566_6980,acousticguitar,0,4
n02676566_6981,acousticguitar,0,4
n02676566_6982,acousticguitar,0,1
n02676566_6984,acousticguitar,0,2
n02676566_6985,acousticguitar,0,2
n02676566_6990,acousticguitar,0,3
n02676566_6991,acousticguitar,0,4
n02676566_6994,acousticguitar,0,2
n02676566_6997,acousticguitar,0,2
n02676566_6998,acousticguitar,0,1
n02676566_7,acousticguitar,0,2
n02676566_700,acousticguitar,0,1
n02676566_7000,acousticguitar,0,4
n02676566_7002,acousticguitar,0,0
n02676566_7004,acousticguitar,0,2
n02676566_701,acousticguitar,0,0
n02676566_7010,acousticguitar,0,2
n02676566_7011,acousticguitar,0,1
n02676566_7012,acousticguitar,0,4
n02676566_7015,acousticguitar,0,2
n02676566_7018,acousticguitar,0,2
n02676566_7020,acousticguitar,0,3
n02676566_7023,acousticguitar,0,4
n02676566_7024,acousticguitar,0,3
n02676566_7026,acousticguitar,0,0
n02676566_7030,acousticguitar,0,2
n02676566_7032,acousticguitar,0,4
n02676566_7033,acousticguitar,0,1
n02676566_7036,acousticguitar,0,2
n02676566_704,acousticguitar,0,3
n02676566_7040,acousticguitar,0,3
n02676566_7041,acousticguitar,0,1
n02676566_7042,acousticguitar,0,4
n02676566_7045,acousticguitar,0,0
n02676566_7048,acousticguitar,0,3
n02676566_7049,acousticguitar,0,1
n02676566_7059,acousticguitar,0,1
n02676566_7063,acousticguitar,0,4
n02676566_7075,acousticguitar,0,2
n02676566_7076,acousticguitar,0,3
n02676566_7077,acousticguitar,0,1
n02676566_7083,acousticguitar,0,2
n02676566_7085,acousticguitar,0,1
n02676566_7087,acousticguitar,0,3
n02676566_7089,acousticguitar,0,2
n02676566_7090,acousticguitar,0,2
n02676566_7092,acousticguitar,0,1
n02676566_7094,acousticguitar,0,0
n02676566_7095,acousticguitar,0,0
n02676566_7099,acousticguitar,0,4
n02676566_71,acousticguitar,0,3
n02676566_710,acousticguitar,0,1
n02676566_7100,acousticguitar,0,2
n02676566_7102,acousticguitar,0,4
n02676566_7103,acousticguitar,0,0
n02676566_7108,acousticguitar,0,2
n02676566_7109,acousticguitar,0,3
n02676566_711,acousticguitar,0,2
n02676566_7110,acousticguitar,0,2
n02676566_7113,acousticguitar,0,2
n02676566_7115,acousticguitar,0,4
n02676566_7117,acousticguitar,0,4
n02676566_7118,acousticguitar,0,4
n02676566_7120,acousticguitar,0,1
n02676566_7123,acousticguitar,0,1
n02676566_7124,acousticguitar,0,3
n02676566_7129,acousticguitar,0,3
n02676566_7132,acousticguitar,0,0
n02676566_7133,acousticguitar,0,3
n02676566_7136,acousticguitar,0,2
n02676566_7152,acousticguitar,0,2
n02676566_7155,acousticguitar,0,3
n02676566_7170,acousticguitar,0,4
n02676566_7172,acousticguitar,0,4
n02676566_7176,acousticguitar,0,4
n02676566_7185,acousticguitar,0,1
n02676566_7200,acousticguitar,0,3
n02676566_7202,acousticguitar,0,2
n02676566_7207,acousticguitar,0,0
n02676566_7211,acousticguitar,0,0
n02676566_7219,acousticguitar,0,0
n02676566_722,acousticguitar,0,0
n02676566_7220,acousticguitar,0,2
n02676566_7226,acousticguitar,0,2
n02676566_7231,acousticguitar,0,3
n02676566_7234,acousticguitar,0,0
n02676566_7236,acousticguitar,0,1
n02676566_7244,acousticguitar,0,2
n02676566_7250,acousticguitar,0,0
n02676566_7282,acousticguitar,0,4
n02676566_729,acousticguitar,0,2
n02676566_7291,acousticguitar,0,0
n02676566_7296,acousticguitar,0,2
n02676566_730,acousticguitar,0,1
n02676566_7307,acousticguitar,0,2
n02676566_7309,acousticguitar,0,1
n02676566_731,acousticguitar,0,0
n02676566_7313,acousticguitar,0,2
n02676566_7316,acousticguitar,0,0
n02676566_7317,acousticguitar,0,1
n02676566_7319,acousticguitar,0,4
n02676566_732,acousticguitar,0,1
n02676566_7320,acousticguitar,0,3
n02676566_7326,acousticguitar,0,3
n02676566_733,acousticguitar,0,4
n02676566_7330,acousticguitar,0,2
n02676566_7331,acousticguitar,0,3
n02676566_7343,acousticguitar,0,2
n02676566_7349,acousticguitar,0,4
n02676566_7359,acousticguitar,0,1
n02676566_7362,acousticguitar,0,0
n02676566_7363,acousticguitar,0,4
n02676566_7383,acousticguitar,0,3
n02676566_7385,acousticguitar,0,4
n02676566_7389,acousticguitar,0,4
n02676566_739,acousticguitar,0,3
n02676566_7392,acousticguitar,0,3
n02676566_7396,acousticguitar,0,0
n02676566_7399,acousticguitar,0,0
n02676566_7408,acousticguitar,0,4
n02676566_741,acousticguitar,0,1
n02676566_7422,acousticguitar,0,0
n02676566_7435,acousticguitar,0,0
n02676566_744,acousticguitar,0,4
n02676566_7442,acousticguitar,0,4
n02676566_7443,acousticguitar,0,0
n02676566_7464,acousticguitar,0,3
n02676566_7470,acousticguitar,0,1
n02676566_7476,acousticguitar,0,2
n02676566_7477,acousticguitar,0,1
n02676566_7483,acousticguitar,0,1
n02676566_7487,acousticguitar,0,3
n02676566_7509,acousticguitar,0,1
n02676566_7510,acousticguitar,0,1
n02676566_7511,acousticguitar,0,4
n02676566_7516,acousticguitar,0,0
n02676566_752,acousticguitar,0,3
n02676566_7524,acousticguitar,0,1
n02676566_7536,acousticguitar,0,2
n02676566_7543,acousticguitar,0,2
n02676566_7551,acousticguitar,0,4
n02676566_7569,acousticguitar,0,4
n02676566_758,acousticguitar,0,0
n02676566_759,acousticguitar,0,3
n02676566_76,acousticguitar,0,2
n02676566_7602,acousticguitar,0,4
n02676566_7612,acousticguitar,0,3
n02676566_7613,acousticguitar,0,4
n02676566_762,acousticguitar,0,1
n02676566_7656,acousticguitar,0,0
n02676566_767,acousticguitar,0,2
n02676566_769,acousticguitar,0,3
n02676566_7690,acousticguitar,0,3
n02676566_77,acousticguitar,0,3
n02676566_771,acousticguitar,0,1
n02676566_7718,acousticguitar,0,0
n02676566_7721,acousticguitar,0,2
n02676566_7724,acousticguitar,0,4
n02676566_773,acousticguitar,0,2
n02676566_7759,acousticguitar,0,2
n02676566_7760,acousticguitar,0,4
n02676566_777,acousticguitar,0,4
n02676566_7770,acousticguitar,0,1
n02676566_7776,acousticguitar,0,0
n02676566_7788,acousticguitar,0,1
n02676566_7795,acousticguitar,0,4
n02676566_781,acousticguitar,0,0
n02676566_7815,acousticguitar,0,4
n02676566_782,acousticguitar,0,3
n02676566_7830,acousticguitar,0,3
n02676566_7836,acousticguitar,0,0
n02676566_7837,acousticguitar,0,0
n02676566_7844,acousticguitar,0,1
n02676566_7852,acousticguitar,0,0
n02676566_786,acousticguitar,0,1
n02676566_7860,acousticguitar,0,3
n02676566_787,acousticguitar,0,4
n02676566_7879,acousticguitar,0,3
n02676566_7885,acousticguitar,0,0
n02676566_7886,acousticguitar,0,1
n02676566_7891,acousticguitar,0,0
n02676566_7892,acousticguitar,0,4
n02676566_7893,acousticguitar,0,4
n02676566_7895,acousticguitar,0,3
n02676566_790,acousticguitar,0,0
n02676566_7914,acousticguitar,0,1
n02676566_7915,acousticguitar,0,0
n02676566_792,acousticguitar,0,3
n02676566_7927,acousticguitar,0,4
n02676566_7930,acousticguitar,0,0
n02676566_7954,acousticguitar,0,4
n02676566_7969,acousticguitar,0,3
n02676566_7972,acousticguitar,0,1
n02676566_7976,acousticguitar,0,2
n02676566_7985,acousticguitar,0,0
n02676566_7989,acousticguitar,0,2
n02676566_7997,acousticguitar,0,2
n02676566_8001,acousticguitar,0,0
n02676566_8017,acousticguitar,0,0
n02676566_802,acousticguitar,0,3
n02676566_8026,acousticguitar,0,4
n02676566_8038,acousticguitar,0,0
n02676566_8039,acousticguitar,0,3
n02676566_8040,acousticguitar,0,0
n02676566_8041,acousticguitar,0,3
n02676566_8042,acousticguitar,0,0
n02676566_8043,acousticguitar,0,3
n02676566_8044,acousticguitar,0,0
n02676566_8045,acousticguitar,0,2
n02676566_8047,acousticguitar,0,1
n02676566_8049,acousticguitar,0,2
n02676566_8050,acousticguitar,0,4
n02676566_8053,acousticguitar,0,4
n02676566_8055,acousticguitar,0,4
n02676566_8057,acousticguitar,0,1
n02676566_8058,acousticguitar,0,4
n02676566_8059,acousticguitar,0,1
n02676566_806,acousticguitar,0,0
n02676566_8061,acousticguitar,0,4
n02676566_8064,acousticguitar,0,3
n02676566_8065,acousticguitar,0,2
n02676566_8068,acousticguitar,0,4
n02676566_8069,acousticguitar,0,4
n02676566_8070,acousticguitar,0,2
n02676566_8072,acousticguitar,0,3
n02676566_8073,acousticguitar,0,3
n02676566_8074,acousticguitar,0,0
n02676566_8075,acousticguitar,0,2
n02676566_8076,acousticguitar,0,2
n02676566_8078,acousticguitar,0,3
n02676566_8079,acousticguitar,0,0
n02676566_8080,acousticguitar,0,3
n02676566_8081,acousticguitar,0,4
n02676566_8082,acousticguitar,0,4
n02676566_8083,acousticguitar,0,2
n02676566_8084,acousticguitar,0,3
n02676566_8086,acousticguitar,0,3
n02676566_8088,acousticguitar,0,1
n02676566_8096,acousticguitar,0,2
n02676566_8097,acousticguitar,0,3
n02676566_81,acousticguitar,0,1
n02676566_8100,acousticguitar,0,1
n02676566_8111,acousticguitar,0,2
n02676566_8117,acousticguitar,0,3
n02676566_8122,acousticguitar,0,3
n02676566_8123,acousticguitar,0,3
n02676566_8133,acousticguitar,0,3
n02676566_814,acousticguitar,0,4
n02676566_8140,acousticguitar,0,2
n02676566_8141,acousticguitar,0,0
n02676566_8143,acousticguitar,0,3
n02676566_8148,acousticguitar,0,4
n02676566_8152,acousticguitar,0,4
n02676566_8153,acousticguitar,0,3
n02676566_816,acousticguitar,0,1
n02676566_8162,acousticguitar,0,0
n02676566_817,acousticguitar,0,3
n02676566_8170,acousticguitar,0,1
n02676566_8174,acousticguitar,0,4
n02676566_8176,acousticguitar,0,2
n02676566_8186,acousticguitar,0,2
n02676566_8189,acousticguitar,0,0
n02676566_8192,acousticguitar,0,4
n02676566_8195,acousticguitar,0,1
n02676566_8197,acousticguitar,0,0
n02676566_8199,acousticguitar,0,4
n02676566_82,acousticguitar,0,3
n02676566_8203,acousticguitar,0,2
n02676566_8208,acousticguitar,0,1
n02676566_821,acousticguitar,0,0
n02676566_8211,acousticguitar,0,3
n02676566_8213,acousticguitar,0,2
n02676566_8214,acousticguitar,0,3
n02676566_8228,acousticguitar,0,2
n02676566_8229,acousticguitar,0,1
n02676566_8233,acousticguitar,0,0
n02676566_8240,acousticguitar,0,2
n02676566_825,acousticguitar,0,3
n02676566_8255,acousticguitar,0,0
n02676566_8264,acousticguitar,0,0
n02676566_8268,acousticguitar,0,3
n02676566_8270,acousticguitar,0,2
n02676566_8275,acousticguitar,0,4
n02676566_8278,acousticguitar,0,4
n02676566_8281,acousticguitar,0,2
n02676566_8282,acousticguitar,0,4
n02676566_8284,acousticguitar,0,0
n02676566_8298,acousticguitar,0,1
n02676566_8303,acousticguitar,0,0
n02676566_8305,acousticguitar,0,1
n02676566_8309,acousticguitar,0,2
n02676566_8310,acousticguitar,0,0
n02676566_8325,acousticguitar,0,3
n02676566_8328,acousticguitar,0,4
n02676566_8333,acousticguitar,0,4
n02676566_8335,acousticguitar,0,4
n02676566_834,acousticguitar,0,0
n02676566_8341,acousticguitar,0,1
n02676566_8347,acousticguitar,0,4
n02676566_8352,acousticguitar,0,4
n02676566_8354,acousticguitar,0,2
n02676566_8363,acousticguitar,0,4
n02676566_837,acousticguitar,0,0
n02676566_8370,acousticguitar,0,0
n02676566_8371,acousticguitar,0,3
n02676566_8376,acousticguitar,0,1
n02676566_8378,acousticguitar,0,3
n02676566_8384,acousticguitar,0,4
n02676566_8389,acousticguitar,0,0
n02676566_839,acousticguitar,0,3
n02676566_8391,acousticguitar,0,3
n02676566_84,acousticguitar,0,4
n02676566_8406,acousticguitar,0,4
n02676566_841,acousticguitar,0,1
n02676566_8412,acousticguitar,0,3
n02676566_8417,acousticguitar,0,4
n02676566_8423,acousticguitar,0,4
n02676566_8424,acousticguitar,0,4
n02676566_844,acousticguitar,0,2
n02676566_8444,acousticguitar,0,1
n02676566_8467,acousticguitar,0,1
n02676566_847,acousticguitar,0,3
n02676566_8473,acousticguitar,0,4
n02676566_8474,acousticguitar,0,2
n02676566_8477,acousticguitar,0,1
n02676566_848,acousticguitar,0,4
n02676566_8502,acousticguitar,0,3
n02676566_8506,acousticguitar,0,2
n02676566_851,acousticguitar,0,1
n02676566_8511,acousticguitar,0,0
n02676566_8525,acousticguitar,0,3
n02676566_8531,acousticguitar,0,3
n02676566_8533,acousticguitar,0,4
n02676566_8539,acousticguitar,0,1
n02676566_8542,acousticguitar,0,2
n02676566_8545,acousticguitar,0,0
n02676566_8549,acousticguitar,0,4
n02676566_8553,acousticguitar,0,2
n02676566_8559,acousticguitar,0,4
n02676566_857,acousticguitar,0,1
n02676566_8571,acousticguitar,0,4
n02676566_8588,acousticguitar,0,1
n02676566_8605,acousticguitar,0,2
n02676566_8609,acousticguitar,0,2
n02676566_8618,acousticguitar,0,4
n02676566_8622,acousticguitar,0,2
n02676566_8625,acousticguitar,0,0
n02676566_863,acousticguitar,0,3
n02676566_8631,acousticguitar,0,1
n02676566_8634,acousticguitar,0,1
n02676566_867,acousticguitar,0,4
n02676566_8671,acousticguitar,0,1
n02676566_8673,acousticguitar,0,4
n02676566_868,acousticguitar,0,3
n02676566_8684,acousticguitar,0,3
n02676566_8694,acousticguitar,0,0
n02676566_870,acousticguitar,0,1
n02676566_8701,acousticguitar,0,4
n02676566_8706,acousticguitar,0,4
n02676566_871,acousticguitar,0,2
n02676566_8716,acousticguitar,0,2
n02676566_8723,acousticguitar,0,1
n02676566_8725,acousticguitar,0,0
n02676566_8726,acousticguitar,0,0
n02676566_8735,acousticguitar,0,1
n02676566_8736,acousticguitar,0,0
n02676566_874,acousticguitar,0,3
n02676566_8740,acousticguitar,0,1
n02676566_8741,acousticguitar,0,4
n02676566_8745,acousticguitar,0,1
n02676566_8756,acousticguitar,0,3
n02676566_8758,acousticguitar,0,1
n02676566_8768,acousticguitar,0,1
n02676566_877,acousticguitar,0,1
n02676566_8773,acousticguitar,0,4
n02676566_8775,acousticguitar,0,0
n02676566_879,acousticguitar,0,1
n02676566_8799,acousticguitar,0,1
n02676566_8805,acousticguitar,0,1
n02676566_8808,acousticguitar,0,2
n02676566_8809,acousticguitar,0,1
n02676566_8810,acousticguitar,0,3
n02676566_8814,acousticguitar,0,4
n02676566_8817,acousticguitar,0,1
n02676566_8819,acousticguitar,0,2
n02676566_8820,acousticguitar,0,4
n02676566_8821,acousticguitar,0,4
n02676566_8822,acousticguitar,0,4
n02676566_8824,acousticguitar,0,4
n02676566_8828,acousticguitar,0,4
n02676566_8829,acousticguitar,0,2
n02676566_8831,acousticguitar,0,2
n02676566_8833,acousticguitar,0,4
n02676566_8836,acousticguitar,0,2
n02676566_8838,acousticguitar,0,4
n02676566_8839,acousticguitar,0,1
n02676566_884,acousticguitar,0,3
n02676566_8842,acousticguitar,0,1
n02676566_8843,acousticguitar,0,3
n02676566_8846,acousticguitar,0,2
n02676566_8847,acousticguitar,0,2
n02676566_8848,acousticguitar,0,0
n02676566_8849,acousticguitar,0,1
n02676566_885,acousticguitar,0,3
n02676566_8850,acousticguitar,0,4
n02676566_8851,acousticguitar,0,3
n02676566_8853,acousticguitar,0,1
n02676566_8854,acousticguitar,0,0
n02676566_8855,acousticguitar,0,4
n02676566_8856,acousticguitar,0,3
n02676566_8857,acousticguitar,0,1
n02676566_8859,acousticguitar,0,0
n02676566_8861,acousticguitar,0,2
n02676566_8862,acousticguitar,0,2
n02676566_8863,acousticguitar,0,1
n02676566_8864,acousticguitar,0,1
n02676566_8865,acousticguitar,0,3
n02676566_8866,acousticguitar,0,3
n02676566_8867,acousticguitar,0,1
n02676566_8868,acousticguitar,0,0
n02676566_8869,acousticguitar,0,2
n02676566_8871,acousticguitar,0,4
n02676566_8872,acousticguitar,0,1
n02676566_8873,acousticguitar,0,4
n02676566_8875,acousticguitar,0,2
n02676566_8876,acousticguitar,0,1
n02676566_8880,acousticguitar,0,4
n02676566_8881,acousticguitar,0,3
n02676566_8882,acousticguitar,0,2
n02676566_8883,acousticguitar,0,1
n02676566_8884,acousticguitar,0,1
n02676566_8886,acousticguitar,0,1
n02676566_8888,acousticguitar,0,4
n02676566_8889,acousticguitar,0,4
n02676566_889,acousticguitar,0,0
n02676566_8890,acousticguitar,0,2
n02676566_8892,acousticguitar,0,4
n02676566_8893,acousticguitar,0,1
n02676566_8895,acousticguitar,0,4
n02676566_8896,acousticguitar,0,0
n02676566_8897,acousticguitar,0,1
n02676566_8899,acousticguitar,0,3
n02676566_8900,acousticguitar,0,1
n02676566_8901,acousticguitar,0,3
n02676566_8902,acousticguitar,0,2
n02676566_8907,acousticguitar,0,1
n02676566_8908,acousticguitar,0,4
n02676566_8909,acousticguitar,0,1
n02676566_8910,acousticguitar,0,3
n02676566_8911,acousticguitar,0,2
n02676566_8914,acousticguitar,0,1
n02676566_8916,acousticguitar,0,0
n02676566_8917,acousticguitar,0,1
n02676566_8918,acousticguitar,0,1
n02676566_8919,acousticguitar,0,0
n02676566_8922,acousticguitar,0,3
n02676566_8923,acousticguitar,0,3
n02676566_8924,acousticguitar,0,0
n02676566_8925,acousticguitar,0,1
n02676566_8938,acousticguitar,0,0
n02676566_8943,acousticguitar,0,4
n02676566_8946,acousticguitar,0,4
n02676566_8948,acousticguitar,0,1
n02676566_895,acousticguitar,0,1
n02676566_8957,acousticguitar,0,0
n02676566_8968,acousticguitar,0,1
n02676566_8970,acousticguitar,0,4
n02676566_8971,acousticguitar,0,2
n02676566_8983,acousticguitar,0,2
n02676566_8989,acousticguitar,0,3
n02676566_8993,acousticguitar,0,2
n02676566_8994,acousticguitar,0,3
n02676566_8997,acousticguitar,0,4
n02676566_8999,acousticguitar,0,2
n02676566_9,acousticguitar,0,3
n02676566_900,acousticguitar,0,3
n02676566_9001,acousticguitar,0,2
n02676566_901,acousticguitar,0,0
n02676566_9016,acousticguitar,0,0
n02676566_9026,acousticguitar,0,2
n02676566_9027,acousticguitar,0,4
n02676566_9028,acousticguitar,0,1
n02676566_9032,acousticguitar,0,0
n02676566_904,acousticguitar,0,3
n02676566_9041,acousticguitar,0,1
n02676566_9044,acousticguitar,0,2
n02676566_905,acousticguitar,0,3
n02676566_9054,acousticguitar,0,4
n02676566_9055,acousticguitar,0,0
n02676566_906,acousticguitar,0,1
n02676566_9062,acousticguitar,0,0
n02676566_9066,acousticguitar,0,2
n02676566_9067,acousticguitar,0,1
n02676566_907,acousticguitar,0,4
n02676566_9070,acousticguitar,0,1
n02676566_9084,acousticguitar,0,2
n02676566_9085,acousticguitar,0,2
n02676566_9106,acousticguitar,0,2
n02676566_911,acousticguitar,0,2
n02676566_912,acousticguitar,0,3
n02676566_9126,acousticguitar,0,0
n02676566_915,acousticguitar,0,3
n02676566_9220,acousticguitar,0,4
n02676566_9224,acousticguitar,0,0
n02676566_9242,acousticguitar,0,1
n02676566_9254,acousticguitar,0,2
n02676566_9262,acousticguitar,0,3
n02676566_927,acousticguitar,0,3
n02676566_9277,acousticguitar,0,0
n02676566_9296,acousticguitar,0,0
n02676566_931,acousticguitar,0,0
n02676566_9311,acousticguitar,0,4
n02676566_9312,acousticguitar,0,2
n02676566_933,acousticguitar,0,1
n02676566_934,acousticguitar,0,2
n02676566_9345,acousticguitar,0,1
n02676566_935,acousticguitar,0,3
n02676566_936,acousticguitar,0,3
n02676566_9396,acousticguitar,0,0
n02676566_940,acousticguitar,0,0
n02676566_9403,acousticguitar,0,2
n02676566_9407,acousticguitar,0,4
n02676566_9413,acousticguitar,0,1
n02676566_9414,acousticguitar,0,3
n02676566_9422,acousticguitar,0,3
n02676566_9425,acousticguitar,0,1
n02676566_943,acousticguitar,0,2
n02676566_9431,acousticguitar,0,0
n02676566_9434,acousticguitar,0,2
n02676566_9438,acousticguitar,0,3
n02676566_9439,acousticguitar,0,4
n02676566_944,acousticguitar,0,1
n02676566_9440,acousticguitar,0,1
n02676566_9446,acousticguitar,0,2
n02676566_9451,acousticguitar,0,2
n02676566_9458,acousticguitar,0,1
n02676566_9459,acousticguitar,0,1
n02676566_946,acousticguitar,0,3
n02676566_9462,acousticguitar,0,2
n02676566_9463,acousticguitar,0,3
n02676566_9469,acousticguitar,0,1
n02676566_947,acousticguitar,0,3
n02676566_9471,acousticguitar,0,0
n02676566_9473,acousticguitar,0,3
n02676566_9475,acousticguitar,0,1
n02676566_9479,acousticguitar,0,2
n02676566_9480,acousticguitar,0,1
n02676566_9482,acousticguitar,0,4
n02676566_9483,acousticguitar,0,4
n02676566_9485,acousticguitar,0,2
n02676566_9490,acousticguitar,0,0
n02676566_9493,acousticguitar,0,2
n02676566_9494,acousticguitar,0,3
n02676566_9499,acousticguitar,0,4
n02676566_9501,acousticguitar,0,4
n02676566_9503,acousticguitar,0,1
n02676566_9510,acousticguitar,0,3
n02676566_9511,acousticguitar,0,4
n02676566_9513,acousticguitar,0,3
n02676566_9515,acousticguitar,0,0
n02676566_9519,acousticguitar,0,0
n02676566_9532,acousticguitar,0,0
n02676566_9538,acousticguitar,0,2
n02676566_9539,acousticguitar,0,3
n02676566_9540,acousticguitar,0,1
n02676566_9548,acousticguitar,0,3
n02676566_9549,acousticguitar,0,4
n02676566_9558,acousticguitar,0,3
n02676566_9561,acousticguitar,0,3
n02676566_9562,acousticguitar,0,3
n02676566_9566,acousticguitar,0,1
n02676566_9569,acousticguitar,0,2
n02676566_9570,acousticguitar,0,0
n02676566_9572,acousticguitar,0,2
n02676566_9573,acousticguitar,0,0
n02676566_9575,acousticguitar,0,3
n02676566_9577,acousticguitar,0,0
n02676566_9578,acousticguitar,0,1
n02676566_958,acousticguitar,0,0
n02676566_9580,acousticguitar,0,0
n02676566_9582,acousticguitar,0,3
n02676566_9589,acousticguitar,0,1
n02676566_9591,acousticguitar,0,1
n02676566_9593,acousticguitar,0,3
n02676566_9597,acousticguitar,0,4
n02676566_9598,acousticguitar,0,3
n02676566_9600,acousticguitar,0,4
n02676566_9606,acousticguitar,0,1
n02676566_9611,acousticguitar,0,1
n02676566_9637,acousticguitar,0,1
n02676566_9639,acousticguitar,0,0
n02676566_9643,acousticguitar,0,0
n02676566_9648,acousticguitar,0,3
n02676566_965,acousticguitar,0,3
n02676566_9654,acousticguitar,0,2
n02676566_9656,acousticguitar,0,0
n02676566_9657,acousticguitar,0,4
n02676566_966,acousticguitar,0,0
n02676566_9661,acousticguitar,0,3
n02676566_9667,acousticguitar,0,3
n02676566_9668,acousticguitar,0,3
n02676566_9670,acousticguitar,0,1
n02676566_9687,acousticguitar,0,4
n02676566_9688,acousticguitar,0,4
n02676566_9691,acousticguitar,0,0
n02676566_9697,acousticguitar,0,3
n02676566_970,acousticguitar,0,1
n02676566_9708,acousticguitar,0,1
n02676566_9709,acousticguitar,0,2
n02676566_9726,acousticguitar,0,1
n02676566_9729,acousticguitar,0,1
n02676566_9757,acousticguitar,0,1
n02676566_9761,acousticguitar,0,4
n02676566_9767,acousticguitar,0,3
n02676566_977,acousticguitar,0,3
n02676566_9771,acousticguitar,0,4
n02676566_9790,acousticguitar,0,3
n02676566_98,acousticguitar,0,3
n02676566_9802,acousticguitar,0,3
n02676566_9812,acousticguitar,0,3
n02676566_9814,acousticguitar,0,1
n02676566_9819,acousticguitar,0,1
n02676566_9827,acousticguitar,0,0
n02676566_9832,acousticguitar,0,3
n02676566_984,acousticguitar,0,4
n02676566_9846,acousticguitar,0,0
n02676566_9847,acousticguitar,0,1
n02676566_9857,acousticguitar,0,4
n02676566_9874,acousticguitar,0,2
n02676566_9878,acousticguitar,0,2
n02676566_9883,acousticguitar,0,3
n02676566_9889,acousticguitar,0,1
n02676566_9892,acousticguitar,0,0
n02676566_9898,acousticguitar,0,1
n02676566_99,acousticguitar,0,1
n02676566_990,acousticguitar,0,1
n02676566_9907,acousticguitar,0,3
n02676566_9913,acousticguitar,0,4
n02676566_992,acousticguitar,0,4
n02676566_9921,acousticguitar,0,3
n02676566_9926,acousticguitar,0,0
n02676566_9936,acousticguitar,0,2
n02676566_995,acousticguitar,0,2
n02676566_9954,acousticguitar,0,1
n02676566_9968,acousticguitar,0,1
n02676566_9972,acousticguitar,0,1
n02676566_9987,acousticguitar,0,0
n02676566_999,acousticguitar,0,3
n02676566_9992,acousticguitar,0,1
n04536866_1000,violin,0,0
n04536866_10016,violin,0,2
n04536866_10060,violin,0,0
n04536866_10072,violin,0,4
n04536866_10076,violin,0,2
n04536866_10085,violin,0,0
n04536866_10093,violin,0,0
n04536866_1010,violin,0,3
n04536866_10120,violin,0,0
n04536866_10128,violin,0,0
n04536866_10133,violin,0,0
n04536866_10148,violin,0,3
n04536866_10155,violin,0,0
n04536866_10171,violin,0,2
n04536866_10177,violin,0,1
n04536866_1018,violin,0,1
n04536866_10185,violin,0,4
n04536866_1019,violin,0,2
n04536866_10191,violin,0,1
n04536866_1020,violin,0,0
n04536866_10214,violin,0,1
n04536866_10215,violin,0,3
n04536866_10228,violin,0,0
n04536866_10237,violin,0,1
n04536866_10249,violin,0,1
n04536866_10263,violin,0,0
n04536866_10276,violin,0,1
n04536866_10286,violin,0,4
n04536866_10294,violin,0,4
n04536866_10302,violin,0,2
n04536866_10315,violin,0,3
n04536866_10317,violin,0,0
n04536866_10322,violin,0,0
n04536866_10354,violin,0,0
n04536866_10358,violin,0,3
n04536866_10367,violin,0,0
n04536866_10368,violin,0,2
n04536866_10370,violin,0,4
n04536866_10375,violin,0,2
n04536866_10392,violin,0,0
n04536866_10397,violin,0,4
n04536866_104,violin,0,2
n04536866_10402,violin,0,1
n04536866_10404,violin,0,1
n04536866_10408,violin,0,3
n04536866_10419,violin,0,3
n04536866_1042,violin,0,0
n04536866_10420,violin,0,4
n04536866_10428,violin,0,3
n04536866_10430,violin,0,4
n04536866_10433,violin,0,4
n04536866_10449,violin,0,2
n04536866_10458,violin,0,2
n04536866_10461,violin,0,3
n04536866_10466,violin,0,3
n04536866_10469,violin,0,0
n04536866_10471,violin,0,4
n04536866_10472,violin,0,4
n04536866_10474,violin,0,2
n04536866_10476,violin,0,0
n04536866_10481,violin,0,4
n04536866_10484,violin,0,1
n04536866_10488,violin,0,0
n04536866_1049,violin,0,1
n04536866_105,violin,0,2
n04536866_10505,violin,0,1
n04536866_10507,violin,0,2
n04536866_10522,violin,0,3
n04536866_10523,violin,0,2
n04536866_10536,violin,0,1
n04536866_1054,violin,0,4
n04536866_10563,violin,0,0
n04536866_10581,violin,0,0
n04536866_10597,violin,0,0
n04536866_10599,violin,0,4
n04536866_10602,violin,0,3
n04536866_10612,violin,0,3
n04536866_10636,violin,0,3
n04536866_10639,violin,0,1
n04536866_10642,violin,0,0
n04536866_10644,violin,0,2
n04536866_10649,violin,0,2
n04536866_10652,violin,0,4
n04536866_1066,violin,0,4
n04536866_10686,violin,0,2
n04536866_10694,violin,0,4
n04536866_10696,violin,0,1
n04536866_10704,violin,0,3
n04536866_10706,violin,0,1
n04536866_10717,violin,0,1
n04536866_10722,violin,0,1
n04536866_10730,violin,0,3
n04536866_10750,violin,0,0
n04536866_10761,violin,0,1
n04536866_10778,violin,0,4
n04536866_10782,violin,0,1
n04536866_10789,violin,0,3
n04536866_10804,violin,0,2
n04536866_10811,violin,0,1
n04536866_10812,violin,0,3
n04536866_10829,violin,0,3
n04536866_10838,violin,0,2
n04536866_10855,violin,0,1
n04536866_10858,violin,0,3
n04536866_10886,violin,0,3
n04536866_10916,violin,0,2
n04536866_1094,violin,0,0
n04536866_10940,violin,0,3
n04536866_10946,violin,0,3
n04536866_10950,violin,0,2
n04536866_10962,violin,0,3
n04536866_10976,violin,0,2
n04536866_10978,violin,0,2
n04536866_1099,violin,0,0
n04536866_1100,violin,0,4
n04536866_11012,violin,0,4
n04536866_11017,violin,0,1
n04536866_11019,violin,0,3
n04536866_11021,violin,0,1
n04536866_11023,violin,0,3
n04536866_11031,violin,0,1
n04536866_11044,violin,0,3
n04536866_11045,violin,0,3
n04536866_11046,violin,0,1
n04536866_11049,violin,0,2
n04536866_11056,violin,0,1
n04536866_11065,violin,0,1
n04536866_11082,violin,0,2
n04536866_11084,violin,0,0
n04536866_11105,violin,0,3
n04536866_11112,violin,0,1
n04536866_11132,violin,0,0
n04536866_1114,violin,0,1
n04536866_11141,violin,0,3
n04536866_11146,violin,0,1
n04536866_11149,violin,0,3
n04536866_11157,violin,0,3
n04536866_11177,violin,0,4
n04536866_11181,violin,0,3
n04536866_11206,violin,0,2
n04536866_11210,violin,0,2
n04536866_11225,violin,0,2
n04536866_11228,violin,0,2
n04536866_11258,violin,0,4
n04536866_11264,violin,0,0
n04536866_11292,violin,0,4
n04536866_11294,violin,0,1
n04536866_11333,violin,0,2
n04536866_1134,violin,0,1
n04536866_11345,violin,0,2
n04536866_11352,violin,0,2
n04536866_11365,violin,0,0
n04536866_11378,violin,0,2
n04536866_11413,violin,0,1
n04536866_1144,violin,0,0
n04536866_11457,violin,0,4
n04536866_11468,violin,0,3
n04536866_11475,violin,0,3
n04536866_11491,violin,0,0
n04536866_11493,violin,0,3
n04536866_11535,violin,0,2
n04536866_11537,violin,0,4
n04536866_11558,violin,0,1
n04536866_11561,violin,0,2
n04536866_1157,violin,0,0
n04536866_1163,violin,0,0
n04536866_11653,violin,0,2
n04536866_11660,violin,0,0
n04536866_11693,violin,0,0
n04536866_11703,violin,0,0
n04536866_11708,violin,0,3
n04536866_11724,violin,0,1
n04536866_11746,violin,0,3
n04536866_11748,violin,0,4
n04536866_11759,violin,0,4
n04536866_11768,violin,0,0
n04536866_11775,violin,0,0
n04536866_11797,violin,0,4
n04536866_11810,violin,0,4
n04536866_11857,violin,0,0
n04536866_11858,violin,0,0
n04536866_1187,violin,0,4
n04536866_11883,violin,0,2
n04536866_11884,violin,0,2
n04536866_11911,violin,0,1
n04536866_11912,violin,0,2
n04536866_11914,violin,0,2
n04536866_11988,violin,0,0
n04536866_11995,violin,0,0
n04536866_11999,violin,0,0
n04536866_12003,violin,0,4
n04536866_12030,violin,0,1
n04536866_12035,violin,0,4
n04536866_12036,violin,0,2
n04536866_12054,violin,0,2
n04536866_1206,violin,0,3
n04536866_12061,violin,0,3
n04536866_12068,violin,0,4
n04536866_12071,violin,0,1
n04536866_12075,violin,0,0
n04536866_12079,violin,0,2
n04536866_12087,violin,0,4
n04536866_12090,violin,0,4
n04536866_12093,violin,0,0
n04536866_12107,violin,0,0
n04536866_12114,violin,0,0
n04536866_12116,violin,0,0
n04536866_12128,violin,0,3
n04536866_12141,violin,0,4
n04536866_12149,violin,0,4
n04536866_12160,violin,0,4
n04536866_12177,violin,0,0
n04536866_12178,violin,0,2
n04536866_12186,violin,0,0
n04536866_1219,violin,0,3
n04536866_12198,violin,0,3
n04536866_12199,violin,0,1
n04536866_12204,violin,0,1
n04536866_12208,violin,0,3
n04536866_12210,violin,0,3
n04536866_12219,violin,0,4
n04536866_12225,violin,0,4
n04536866_12239,violin,0,4
n04536866_12240,violin,0,3
n04536866_12247,violin,0,1
n04536866_12259,violin,0,1
n04536866_12273,violin,0,2
n04536866_12293,violin,0,1
n04536866_12308,violin,0,0
n04536866_1231,violin,0,4
n04536866_12315,violin,0,0
n04536866_12317,violin,0,0
n04536866_12340,violin,0,4
n04536866_12352,violin,0,1
n04536866_12358,violin,0,4
n04536866_12362,violin,0,4
n04536866_12381,violin,0,4
n04536866_12383,violin,0,2
n04536866_12390,violin,0,1
n04536866_12401,violin,0,1
n04536866_12417,violin,0,3
n04536866_12418,violin,0,4
n04536866_12433,violin,0,3
n04536866_12436,violin,0,0
n04536866_12441,violin,0,4
n04536866_1246,violin,0,0
n04536866_12488,violin,0,0
n04536866_12499,violin,0,0
n04536866_12511,violin,0,2
n04536866_12527,violin,0,1
n04536866_12543,violin,0,4
n04536866_1255,violin,0,1
n04536866_12557,violin,0,4
n04536866_12566,violin,0,4
n04536866_12587,violin,0,3
n04536866_12594,violin,0,3
n04536866_12595,violin,0,4
n04536866_126,violin,0,1
n04536866_12600,violin,0,2
n04536866_12630,violin,0,3
n04536866_12637,violin,0,4
n04536866_12645,violin,0,2
n04536866_12666,violin,0,0
n04536866_12670,violin,0,0
n04536866_12673,violin,0,1
n04536866_12675,violin,0,3
n04536866_12687,violin,0,0
n04536866_12688,violin,0,3
n04536866_12689,violin,0,2
n04536866_12708,violin,0,1
n04536866_12714,violin,0,2
n04536866_12720,violin,0,0
n04536866_12744,violin,0,3
n04536866_12745,violin,0,0
n04536866_12761,violin,0,2
n04536866_12762,violin,0,4
n04536866_12765,violin,0,1
n04536866_1277,violin,0,1
n04536866_12775,violin,0,4
n04536866_12808,violin,0,4
n04536866_12828,violin,0,3
n04536866_12834,violin,0,4
n04536866_12836,violin,0,2
n04536866_1284,violin,0,1
n04536866_12855,violin,0,0
n04536866_12861,violin,0,2
n04536866_12862,violin,0,1
n04536866_12864,violin,0,2
n04536866_12873,violin,0,2
n04536866_12876,violin,0,0
n04536866_12896,violin,0,4
n04536866_12898,violin,0,2
n04536866_1290,violin,0,4
n04536866_12900,violin,0,0
n04536866_12902,violin,0,1
n04536866_12916,violin,0,1
n04536866_12957,violin,0,4
n04536866_12962,violin,0,2
n04536866_12973,violin,0,1
n04536866_12997,violin,0,4
n04536866_13031,violin,0,0
n04536866_1304,violin,0,2
n04536866_13057,violin,0,0
n04536866_1306,violin,0,0
n04536866_13085,violin,0,0
n04536866_13097,violin,0,3
n04536866_13098,violin,0,0
n04536866_1312,violin,0,3
n04536866_1314,violin,0,3
n04536866_13148,violin,0,2
n04536866_13149,violin,0,1
n04536866_1315,violin,0,2
n04536866_13157,violin,0,2
n04536866_13169,violin,0,2
n04536866_13213,violin,0,4
n04536866_13214,violin,0,2
n04536866_13219,violin,0,1
n04536866_13220,violin,0,1
n04536866_13225,violin,0,2
n04536866_13248,violin,0,0
n04536866_13256,violin,0,2
n04536866_13296,violin,0,2
n04536866_13304,violin,0,0
n04536866_13313,violin,0,1
n04536866_13314,violin,0,2
n04536866_13328,violin,0,1
n04536866_13336,violin,0,2
n04536866_13337,violin,0,1
n04536866_13342,violin,0,0
n04536866_13359,violin,0,2
n04536866_13409,violin,0,2
n04536866_13410,violin,0,1
n04536866_13421,violin,0,0
n04536866_13422,violin,0,3
n04536866_1343,violin,0,0
n04536866_13446,violin,0,1
n04536866_13456,violin,0,4
n04536866_13499,violin,0,3
n04536866_1357,violin,0,4
n04536866_1376,violin,0,0
n04536866_13804,violin,0,4
n04536866_1390,violin,0,3
n04536866_1394,violin,0,4
n04536866_13954,violin,0,3
n04536866_14004,violin,0,3
n04536866_1408,violin,0,4
n04536866_14094,violin,0,0
n04536866_14103,violin,0,0
n04536866_1412,violin,0,2
n04536866_14127,violin,0,1
n04536866_14129,violin,0,0
n04536866_14164,violin,0,2
n04536866_14197,violin,0,2
n04536866_14204,violin,0,3
n04536866_14225,violin,0,4
n04536866_14263,violin,0,4
n04536866_14271,violin,0,0
n04536866_1428,violin,0,2
n04536866_14288,violin,0,4
n04536866_14291,violin,0,2
n04536866_14297,violin,0,4
n04536866_14299,violin,0,3
n04536866_14305,violin,0,0
n04536866_14335,violin,0,3
n04536866_14349,violin,0,3
n04536866_14356,violin,0,0
n04536866_1439,violin,0,3
n04536866_14392,violin,0,4
n04536866_1440,violin,0,2
n04536866_1441,violin,0,3
n04536866_14418,violin,0,3
n04536866_14428,violin,0,0
n04536866_14473,violin,0,1
n04536866_14476,violin,0,1
n04536866_14547,violin,0,0
n04536866_1460,violin,0,3
n04536866_1466,violin,0,0
n04536866_1467,violin,0,3
n04536866_1472,violin,0,0
n04536866_1484,violin,0,4
n04536866_149,violin,0,4
n04536866_15017,violin,0,1
n04536866_1503,violin,0,0
n04536866_1504,violin,0,1
n04536866_15056,violin,0,1
n04536866_1507,violin,0,1
n04536866_1512,violin,0,0
n04536866_15160,violin,0,3
n04536866_1519,violin,0,0
n04536866_1521,violin,0,3
n04536866_15368,violin,0,2
n04536866_1540,violin,0,2
n04536866_15430,violin,0,0
n04536866_1545,violin,0,4
n04536866_1569,violin,0,2
n04536866_1590,violin,0,4
n04536866_1598,violin,0,0
n04536866_15996,violin,0,1
n04536866_16,violin,0,3
n04536866_1600,violin,0,0
n04536866_1605,violin,0,2
n04536866_16050,violin,0,2
n04536866_16087,violin,0,2
n04536866_16162,violin,0,4
n04536866_16206,violin,0,4
n04536866_1622,violin,0,3
n04536866_1623,violin,0,2
n04536866_16230,violin,0,3
n04536866_16232,violin,0,4
n04536866_16239,violin,0,0
n04536866_1629,violin,0,1
n04536866_16320,violin,0,4
n04536866_16346,violin,0,2
n04536866_1641,violin,0,4
n04536866_16483,violin,0,1
n04536866_1649,violin,0,1
n04536866_16561,violin,0,3
n04536866_16582,violin,0,0
n04536866_1668,violin,0,3
n04536866_16802,violin,0,4
n04536866_1681,violin,0,0
n04536866_1686,violin,0,3
n04536866_16909,violin,0,3
n04536866_16996,violin,0,2
n04536866_1704,violin,0,2
n04536866_1705,violin,0,4
n04536866_17053,violin,0,1
n04536866_1709,violin,0,2
n04536866_1726,violin,0,3
n04536866_17292,violin,0,4
n04536866_17308,violin,0,1
n04536866_17328,violin,0,0
n04536866_17332,violin,0,4
n04536866_17402,violin,0,4
n04536866_17409,violin,0,1
n04536866_1743,violin,0,1
n04536866_17454,violin,0,3
n04536866_1750,violin,0,4
n04536866_1759,violin,0,2
n04536866_17615,violin,0,3
n04536866_17616,violin,0,1
n04536866_17648,violin,0,2
n04536866_1765,violin,0,0
n04536866_17671,violin,0,1
n04536866_17713,violin,0,2
n04536866_1772,violin,0,1
n04536866_17733,violin,0,3
n04536866_17742,violin,0,3
n04536866_1775,violin,0,0
n04536866_17788,violin,0,2
n04536866_17814,violin,0,3
n04536866_17828,violin,0,2
n04536866_18015,violin,0,3
n04536866_18020,violin,0,0
n04536866_1814,violin,0,3
n04536866_1816,violin,0,1
n04536866_182,violin,0,3
n04536866_1822,violin,0,4
n04536866_18259,violin,0,2
n04536866_18291,violin,0,0
n04536866_18323,violin,0,2
n04536866_18345,violin,0,4
n04536866_18352,violin,0,3
n04536866_1836,violin,0,1
n04536866_18374,violin,0,4
n04536866_1842,violin,0,2
n04536866_18425,violin,0,0
n04536866_18456,violin,0,4
n04536866_18460,violin,0,2
n04536866_18463,violin,0,4
n04536866_1847,violin,0,3
n04536866_1851,violin,0,3
n04536866_1853,violin,0,2
n04536866_1857,violin,0,2
n04536866_18581,violin,0,2
n04536866_18584,violin,0,2
n04536866_18618,violin,0,2
n04536866_1866,violin,0,2
n04536866_1870,violin,0,1
n04536866_18768,violin,0,4
n04536866_1886,violin,0,4
n04536866_18888,violin,0,3
n04536866_1893,violin,0,4
n04536866_18940,violin,0,2
n04536866_18962,violin,0,4
n04536866_18976,violin,0,1
n04536866_19053,violin,0,3
n04536866_1911,violin,0,3
n04536866_19112,violin,0,1
n04536866_19129,violin,0,3
n04536866_19131,violin,0,1
n04536866_19139,violin,0,2
n04536866_19183,violin,0,4
n04536866_19185,violin,0,0
n04536866_19253,violin,0,0
n04536866_1926,violin,0,2
n04536866_19280,violin,0,3
n04536866_19309,violin,0,1
n04536866_19317,violin,0,2
n04536866_1939,violin,0,0
n04536866_19391,violin,0,2
n04536866_19476,violin,0,2
n04536866_1949,violin,0,4
n04536866_1955,violin,0,3
n04536866_19741,violin,0,4
n04536866_1975,violin,0,4
n04536866_19810,violin,0,2
n04536866_19836,violin,0,3
n04536866_19860,violin,0,0
n04536866_19901,violin,0,3
n04536866_1991,violin,0,3
n04536866_19974,violin,0,0
n04536866_20037,violin,0,2
n04536866_2005,violin,0,4
n04536866_20051,violin,0,3
n04536866_20079,violin,0,3
n04536866_20085,violin,0,2
n04536866_2013,violin,0,4
n04536866_2017,violin,0,2
n04536866_20352,violin,0,0
n04536866_20354,violin,0,1
n04536866_20374,violin,0,4
n04536866_2054,violin,0,3
n04536866_20606,violin,0,4
n04536866_20699,violin,0,3
n04536866_20709,violin,0,4
n04536866_2072,violin,0,3
n04536866_2079,violin,0,1
n04536866_208,violin,0,2
n04536866_20830,violin,0,1
n04536866_209,violin,0,2
n04536866_2091,violin,0,4
n04536866_2099,violin,0,2
n04536866_21141,violin,0,0
n04536866_2118,violin,0,0
n04536866_21211,violin,0,0
n04536866_2123,violin,0,2
n04536866_2124,violin,0,1
n04536866_2129,violin,0,1
n04536866_2141,violin,0,1
n04536866_21423,violin,0,2
n04536866_2147,violin,0,4
n04536866_21658,violin,0,1
n04536866_2170,violin,0,2
n04536866_2174,violin,0,1
n04536866_2176,violin,0,3
n04536866_2177,violin,0,1
n04536866_2183,violin,0,2
n04536866_2192,violin,0,1
n04536866_2202,violin,0,2
n04536866_22371,violin,0,4
n04536866_22391,violin,0,3
n04536866_2242,violin,0,4
n04536866_2248,violin,0,4
n04536866_2249,violin,0,4
n04536866_225,violin,0,1
n04536866_2258,violin,0,1
n04536866_2273,violin,0,4
n04536866_22955,violin,0,2
n04536866_23168,violin,0,4
n04536866_2320,violin,0,0
n04536866_2328,violin,0,4
n04536866_2330,violin,0,1
n04536866_2341,violin,0,1
n04536866_23691,violin,0,4
n04536866_238,violin,0,4
n04536866_2391,violin,0,2
n04536866_24020,violin,0,0
n04536866_2403,violin,0,3
n04536866_2421,violin,0,4
n04536866_2438,violin,0,3
n04536866_24470,violin,0,3
n04536866_2449,violin,0,0
n04536866_2466,violin,0,1
n04536866_2467,violin,0,1
n04536866_2482,violin,0,1
n04536866_2495,violin,0,0
n04536866_2515,violin,0,3
n04536866_2520,violin,0,0
n04536866_25344,violin,0,1
n04536866_2539,violin,0,3
n04536866_2545,violin,0,1
n04536866_25460,violin,0,0
n04536866_2563,violin,0,1
n04536866_25643,violin,0,1
n04536866_2571,violin,0,4
n04536866_25739,violin,0,2
n04536866_25778,violin,0,1
n04536866_25794,violin,0,4
n04536866_2599,violin,0,3
n04536866_26005,violin,0,3
n04536866_2603,violin,0,0
n04536866_26048,violin,0,1
n04536866_26106,violin,0,4
n04536866_2616,violin,0,0
n04536866_26165,violin,0,1
n04536866_2636,violin,0,2
n04536866_2645,violin,0,3
n04536866_26504,violin,0,2
n04536866_2661,violin,0,1
n04536866_2686,violin,0,3
n04536866_2687,violin,0,0
n04536866_271,violin,0,0
n04536866_2710,violin,0,3
n04536866_2718,violin,0,1
n04536866_27214,violin,0,1
n04536866_2740,violin,0,0
n04536866_2744,violin,0,4
n04536866_27501,violin,0,1
n04536866_2751,violin,0,0
n04536866_2752,violin,0,4
n04536866_2755,violin,0,2
n04536866_2764,violin,0,4
n04536866_2768,violin,0,3
n04536866_277,violin,0,1
n04536866_27717,violin,0,4
n04536866_2775,violin,0,3
n04536866_281,violin,0,1
n04536866_28111,violin,0,1
n04536866_2828,violin,0,4
n04536866_2842,violin,0,0
n04536866_2843,violin,0,3
n04536866_2848,violin,0,3
n04536866_2852,violin,0,3
n04536866_28540,violin,0,1
n04536866_2861,violin,0,3
n04536866_2874,violin,0,1
n04536866_28795,violin,0,3
n04536866_2887,violin,0,4
n04536866_2891,violin,0,2
n04536866_2904,violin,0,0
n04536866_2917,violin,0,1
n04536866_2926,violin,0,0
n04536866_2931,violin,0,3
n04536866_29376,violin,0,1
n04536866_29730,violin,0,4
n04536866_29797,violin,0,4
n04536866_2988,violin,0,4
n04536866_3006,violin,0,4
n04536866_3016,violin,0,0
n04536866_3021,violin,0,1
n04536866_3026,violin,0,3
n04536866_3030,violin,0,2
n04536866_30346,violin,0,2
n04536866_3050,violin,0,3
n04536866_3055,violin,0,3
n04536866_3059,violin,0,3
n04536866_3063,violin,0,2
n04536866_3065,violin,0,2
n04536866_30707,violin,0,0
n04536866_3071,violin,0,3
n04536866_3077,violin,0,3
n04536866_3089,violin,0,2
n04536866_3090,violin,0,4
n04536866_3094,violin,0,2
n04536866_3098,violin,0,2
n04536866_311,violin,0,2
n04536866_31217,violin,0,2
n04536866_3126,violin,0,2
n04536866_313,violin,0,1
n04536866_31488,violin,0,4
n04536866_3152,violin,0,4
n04536866_3156,violin,0,3
n04536866_3157,violin,0,0
n04536866_316,violin,0,3
n04536866_31640,violin,0,0
n04536866_31645,violin,0,3
n04536866_3168,violin,0,2
n04536866_3178,violin,0,3
n04536866_3190,violin,0,2
n04536866_3200,violin,0,2
n04536866_3204,violin,0,3
n04536866_3206,violin,0,4
n04536866_3211,violin,0,1
n04536866_3218,violin,0,3
n04536866_3219,violin,0,0
n04536866_3221,violin,0,3
n04536866_32305,violin,0,3
n04536866_32359,violin,0,4
n04536866_3241,violin,0,4
n04536866_32410,violin,0,2
n04536866_3246,violin,0,0
n04536866_32492,violin,0,1
n04536866_3254,violin,0,3
n04536866_32541,violin,0,1
n04536866_3257,violin,0,3
n04536866_3267,violin,0,3
n04536866_3276,violin,0,4
n04536866_3282,violin,0,0
n04536866_3284,violin,0,1
n04536866_3287,violin,0,0
n04536866_3307,violin,0,3
n04536866_331,violin,0,3
n04536866_33196,violin,0,3
n04536866_3327,violin,0,1
n04536866_33270,violin,0,0
n04536866_3338,violin,0,2
n04536866_3350,violin,0,4
n04536866_33538,violin,0,2
n04536866_3355,violin,0,3
n04536866_33592,violin,0,0
n04536866_336,violin,0,3
n04536866_3370,violin,0,0
n04536866_3380,violin,0,4
n04536866_3383,violin,0,0
n04536866_3384,violin,0,0
n04536866_33858,violin,0,2
n04536866_3388,violin,0,3
n04536866_3394,violin,0,3
n04536866_33950,violin,0,4
n04536866_3402,violin,0,3
n04536866_3405,violin,0,1
n04536866_3406,violin,0,3
n04536866_34215,violin,0,1
n04536866_3425,violin,0,1
n04536866_3429,violin,0,0
n04536866_3430,violin,0,2
n04536866_3438,violin,0,4
n04536866_34381,violin,0,4
n04536866_3439,violin,0,4
n04536866_34454,violin,0,4
n04536866_34509,violin,0,0
n04536866_3452,violin,0,0
n04536866_3455,violin,0,0
n04536866_34626,violin,0,2
n04536866_3465,violin,0,3
n04536866_34664,violin,0,3
n04536866_3467,violin,0,0
n04536866_34725,violin,0,2
n04536866_3475,violin,0,1
n04536866_3479,violin,0,1
n04536866_3484,violin,0,2
n04536866_3491,violin,0,0
n04536866_34926,violin,0,3
n04536866_34969,violin,0,4
n04536866_3499,violin,0,2
n04536866_35,violin,0,0
n04536866_35008,violin,0,2
n04536866_3504,violin,0,0
n04536866_352,violin,0,4
n04536866_3521,violin,0,0
n04536866_35340,violin,0,2
n04536866_35348,violin,0,4
n04536866_35365,violin,0,0
n04536866_3539,violin,0,2
n04536866_35457,violin,0,4
n04536866_3557,violin,0,3
n04536866_3568,violin,0,1
n04536866_3574,violin,0,4
n04536866_3589,violin,0,0
n04536866_3592,violin,0,2
n04536866_3606,violin,0,1
n04536866_3607,violin,0,3
n04536866_3613,violin,0,4
n04536866_3619,violin,0,2
n04536866_3622,violin,0,2
n04536866_3629,violin,0,1
n04536866_36435,violin,0,2
n04536866_3644,violin,0,1
n04536866_36440,violin,0,2
n04536866_3645,violin,0,2
n04536866_3646,violin,0,4
n04536866_36569,violin,0,2
n04536866_3661,violin,0,2
n04536866_3662,violin,0,1
n04536866_3667,violin,0,1
n04536866_3674,violin,0,3
n04536866_368,violin,0,1
n04536866_36855,violin,0,0
n04536866_36940,violin,0,4
n04536866_3696,violin,0,3
n04536866_3699,violin,0,3
n04536866_3702,violin,0,3
n04536866_3703,violin,0,0
n04536866_37058,violin,0,3
n04536866_3708,violin,0,1
n04536866_3711,violin,0,0
n04536866_37157,violin,0,1
n04536866_3717,violin,0,0
n04536866_37248,violin,0,4
n04536866_3739,violin,0,4
n04536866_3749,violin,0,0
n04536866_3754,violin,0,3
n04536866_3755,violin,0,0
n04536866_37595,violin,0,4
n04536866_3767,violin,0,3
n04536866_3770,violin,0,4
n04536866_3790,violin,0,4
n04536866_3795,violin,0,0
n04536866_3803,violin,0,3
n04536866_38045,violin,0,0
n04536866_3805,violin,0,1
n04536866_3811,violin,0,1
n04536866_3814,violin,0,2
n04536866_3822,violin,0,0
n04536866_3824,violin,0,4
n04536866_3829,violin,0,3
n04536866_3835,violin,0,1
n04536866_3844,violin,0,4
n04536866_387,violin,0,1
n04536866_3878,violin,0,0
n04536866_3880,violin,0,1
n04536866_38905,violin,0,0
n04536866_3892,violin,0,0
n04536866_3918,violin,0,1
n04536866_392,violin,0,0
n04536866_3923,violin,0,4
n04536866_3931,violin,0,2
n04536866_39496,violin,0,3
n04536866_400,violin,0,3
n04536866_4017,violin,0,4
n04536866_40219,violin,0,1
n04536866_40291,violin,0,4
n04536866_4045,violin,0,4
n04536866_4058,violin,0,4
n04536866_40591,violin,0,4
n04536866_4071,violin,0,4
n04536866_4082,violin,0,0
n04536866_4084,violin,0,2
n04536866_40899,violin,0,2
n04536866_4093,violin,0,4
n04536866_40988,violin,0,4
n04536866_41133,violin,0,0
n04536866_41386,violin,0,0
n04536866_41398,violin,0,1
n04536866_414,violin,0,4
n04536866_41543,violin,0,0
n04536866_4164,violin,0,0
n04536866_41907,violin,0,4
n04536866_41998,violin,0,4
n04536866_42150,violin,0,2
n04536866_42195,violin,0,2
n04536866_42205,violin,0,0
n04536866_4225,violin,0,2
n04536866_42337,violin,0,3
n04536866_42361,violin,0,2
n04536866_4243,violin,0,1
n04536866_4268,violin,0,1
n04536866_42721,violin,0,1
n04536866_42735,violin,0,0
n04536866_4296,violin,0,4
n04536866_4308,violin,0,3
n04536866_43121,violin,0,4
n04536866_43155,violin,0,3
n04536866_43225,violin,0,4
n04536866_43345,violin,0,2
n04536866_4335,violin,0,3
n04536866_435,violin,0,2
n04536866_4352,violin,0,2
n04536866_4355,violin,0,2
n04536866_4364,violin,0,0
n04536866_4375,violin,0,0
n04536866_4376,violin,0,4
n04536866_4380,violin,0,1
n04536866_4384,violin,0,2
n04536866_4395,violin,0,1
n04536866_4409,violin,0,3
n04536866_443,violin,0,0
n04536866_444,violin,0,2
n04536866_4462,violin,0,0
n04536866_4465,violin,0,0
n04536866_4470,violin,0,0
n04536866_4487,violin,0,4
n04536866_4495,violin,0,3
n04536866_4502,violin,0,3
n04536866_4514,violin,0,0
n04536866_4523,violin,0,1
n04536866_4525,violin,0,3
n04536866_4540,violin,0,3
n04536866_4543,violin,0,2
n04536866_4547,violin,0,3
n04536866_4549,violin,0,1
n04536866_4555,violin,0,0
n04536866_4557,violin,0,2
n04536866_4577,violin,0,0
n04536866_458,violin,0,4
n04536866_4590,violin,0,2
n04536866_4606,violin,0,3
n04536866_4608,violin,0,1
n04536866_461,violin,0,2
n04536866_4611,violin,0,3
n04536866_4617,violin,0,0
n04536866_4655,violin,0,2
n04536866_4672,violin,0,1
n04536866_4693,violin,0,4
n04536866_470,violin,0,3
n04536866_4728,violin,0,3
n04536866_473,violin,0,1
n04536866_4731,violin,0,1
n04536866_4734,violin,0,2
n04536866_475,violin,0,1
n04536866_4766,violin,0,2
n04536866_4800,violin,0,0
n04536866_4804,violin,0,4
n04536866_482,violin,0,2
n04536866_4831,violin,0,0
n04536866_4834,violin,0,4
n04536866_4874,violin,0,2
n04536866_4880,violin,0,3
n04536866_4937,violin,0,4
n04536866_4947,violin,0,1
n04536866_4953,violin,0,1
n04536866_4955,violin,0,1
n04536866_4968,violin,0,4
n04536866_4998,violin,0,1
n04536866_5057,violin,0,1
n04536866_5066,violin,0,4
n04536866_5071,violin,0,3
n04536866_5098,violin,0,1
n04536866_5116,violin,0,2
n04536866_5129,violin,0,1
n04536866_5177,violin,0,1
n04536866_5194,violin,0,4
n04536866_5216,violin,0,1
n04536866_5237,violin,0,0
n04536866_5241,violin,0,0
n04536866_526,violin,0,2
n04536866_530,violin,0,1
n04536866_5312,violin,0,2
n04536866_5316,violin,0,3
n04536866_5325,violin,0,4
n04536866_5327,violin,0,0
n04536866_5337,violin,0,1
n04536866_5349,violin,0,0
n04536866_535,violin,0,4
n04536866_5372,violin,0,4
n04536866_5387,violin,0,1
n04536866_5392,violin,0,4
n04536866_5394,violin,0,4
n04536866_5412,violin,0,4
n04536866_5435,violin,0,2
n04536866_5444,violin,0,2
n04536866_5489,violin,0,1
n04536866_5503,violin,0,1
n04536866_5517,violin,0,4
n04536866_5523,violin,0,4
n04536866_5524,violin,0,1
n04536866_5527,violin,0,4
n04536866_5541,violin,0,1
n04536866_5546,violin,0,2
n04536866_5560,violin,0,3
n04536866_557,violin,0,1
n04536866_5585,violin,0,4
n04536866_5600,violin,0,4
n04536866_5607,violin,0,4
n04536866_5608,violin,0,0
n04536866_5609,violin,0,4
n04536866_5622,violin,0,2
n04536866_5633,violin,0,2
n04536866_5634,violin,0,4
n04536866_5665,violin,0,2
n04536866_5676,violin,0,2
n04536866_5682,violin,0,0
n04536866_5683,violin,0,0
n04536866_5701,violin,0,2
n04536866_5705,violin,0,0
n04536866_5726,violin,0,1
n04536866_5734,violin,0,2
n04536866_5765,violin,0,3
n04536866_5787,violin,0,2
n04536866_5792,violin,0,0
n04536866_581,violin,0,4
n04536866_5812,violin,0,3
n04536866_5839,violin,0,1
n04536866_5845,violin,0,0
n04536866_5847,violin,0,2
n04536866_5854,violin,0,2
n04536866_5876,violin,0,2
n04536866_588,violin,0,1
n04536866_5893,violin,0,0
n04536866_5898,violin,0,0
n04536866_5925,violin,0,3
n04536866_5936,violin,0,2
n04536866_5948,violin,0,4
n04536866_5969,violin,0,0
n04536866_6009,violin,0,0
n04536866_6015,violin,0,1
n04536866_6034,violin,0,3
n04536866_607,violin,0,2
n04536866_6071,violin,0,2
n04536866_6086,violin,0,1
n04536866_6102,violin,0,1
n04536866_6103,violin,0,4
n04536866_6108,violin,0,2
n04536866_6114,violin,0,3
n04536866_6146,violin,0,4
n04536866_6209,violin,0,4
n04536866_6241,violin,0,0
n04536866_6275,violin,0,4
n04536866_6276,violin,0,1
n04536866_6286,violin,0,0
n04536866_6295,violin,0,1
n04536866_6300,violin,0,3
n04536866_6304,violin,0,1
n04536866_6338,violin,0,2
n04536866_6383,violin,0,3
n04536866_6391,violin,0,0
n04536866_6396,violin,0,1
n04536866_6403,violin,0,4
n04536866_6414,violin,0,0
n04536866_6419,violin,0,4
n04536866_6421,violin,0,3
n04536866_6423,violin,0,0
n04536866_6442,violin,0,3
n04536866_6444,violin,0,1
n04536866_6463,violin,0,2
n04536866_6505,violin,0,4
n04536866_6515,violin,0,4
n04536866_6518,violin,0,2
n04536866_6552,violin,0,4
n04536866_6561,violin,0,1
n04536866_6569,violin,0,0
n04536866_6586,violin,0,4
n04536866_6603,violin,0,0
n04536866_6609,violin,0,1
n04536866_662,violin,0,0
n04536866_663,violin,0,3
n04536866_6645,violin,0,4
n04536866_6664,violin,0,2
n04536866_670,violin,0,3
n04536866_6724,violin,0,2
n04536866_6733,violin,0,0
n04536866_6748,violin,0,1
n04536866_6760,violin,0,3
n04536866_6836,violin,0,3
n04536866_6837,violin,0,4
n04536866_6838,violin,0,3
n04536866_6875,violin,0,4
n04536866_6883,violin,0,3
n04536866_690,violin,0,3
n04536866_6901,violin,0,2
n04536866_6926,violin,0,0
n04536866_6933,violin,0,4
n04536866_6937,violin,0,0
n04536866_6953,violin,0,3
n04536866_6978,violin,0,3
n04536866_698,violin,0,1
n04536866_6994,violin,0,2
n04536866_7008,violin,0,3
n04536866_7029,violin,0,1
n04536866_703,violin,0,2
n04536866_7059,violin,0,4
n04536866_706,violin,0,1
n04536866_7061,violin,0,1
n04536866_7070,violin,0,1
n04536866_710,violin,0,0
n04536866_7128,violin,0,2
n04536866_7131,violin,0,3
n04536866_7132,violin,0,3
n04536866_7141,violin,0,0
n04536866_7142,violin,0,3
n04536866_7145,violin,0,2
n04536866_7151,violin,0,0
n04536866_7158,violin,0,1
n04536866_7192,violin,0,4
n04536866_7230,violin,0,0
n04536866_7262,violin,0,4
n04536866_7290,violin,0,3
n04536866_7303,violin,0,1
n04536866_7307,violin,0,4
n04536866_7320,violin,0,0
n04536866_7339,violin,0,0
n04536866_7367,violin,0,3
n04536866_7368,violin,0,3
n04536866_7388,violin,0,0
n04536866_7409,violin,0,3
n04536866_7444,violin,0,1
n04536866_7455,violin,0,3
n04536866_7461,violin,0,0
n04536866_7465,violin,0,4
n04536866_7470,violin,0,4
n04536866_7506,violin,0,4
n04536866_751,violin,0,4
n04536866_7529,violin,0,2
n04536866_7536,violin,0,4
n04536866_7578,violin,0,3
n04536866_758,violin,0,2
n04536866_7581,violin,0,4
n04536866_7584,violin,0,2
n04536866_7585,violin,0,4
n04536866_7610,violin,0,1
n04536866_7620,violin,0,0
n04536866_7637,violin,0,4
n04536866_7644,violin,0,2
n04536866_7651,violin,0,3
n04536866_7660,violin,0,0
n04536866_7698,violin,0,4
n04536866_7704,violin,0,4
n04536866_7727,violin,0,3
n04536866_7728,violin,0,3
n04536866_7730,violin,0,0
n04536866_776,violin,0,2
n04536866_778,violin,0,3
n04536866_7781,violin,0,1
n04536866_7796,violin,0,3
n04536866_780,violin,0,0
n04536866_7817,violin,0,4
n04536866_7822,violin,0,1
n04536866_7827,violin,0,3
n04536866_7834,violin,0,1
n04536866_7845,violin,0,2
n04536866_7852,violin,0,4
n04536866_7856,violin,0,2
n04536866_7859,violin,0,1
n04536866_7860,violin,0,3
n04536866_7865,violin,0,0
n04536866_7899,violin,0,3
n04536866_7906,violin,0,2
n04536866_7909,violin,0,1
n04536866_7913,violin,0,3
n04536866_7914,violin,0,1
n04536866_7930,violin,0,1
n04536866_7934,violin,0,4
n04536866_7983,violin,0,3
n04536866_7991,violin,0,1
n04536866_8006,violin,0,3
n04536866_8010,violin,0,3
n04536866_8040,violin,0,1
n04536866_8044,violin,0,0
n04536866_805,violin,0,1
n04536866_8050,violin,0,2
n04536866_8057,violin,0,3
n04536866_8058,violin,0,0
n04536866_8074,violin,0,1
n04536866_8092,violin,0,1
n04536866_8095,violin,0,3
n04536866_8117,violin,0,4
n04536866_8137,violin,0,0
n04536866_8138,violin,0,4
n04536866_8152,violin,0,0
n04536866_8154,violin,0,1
n04536866_8163,violin,0,3
n04536866_8166,violin,0,0
n04536866_8193,violin,0,4
n04536866_8198,violin,0,4
n04536866_8201,violin,0,0
n04536866_8204,violin,0,1
n04536866_8242,violin,0,0
n04536866_8250,violin,0,3
n04536866_8269,violin,0,2
n04536866_827,violin,0,4
n04536866_8307,violin,0,2
n04536866_8313,violin,0,2
n04536866_8348,violin,0,1
n04536866_8363,violin,0,3
n04536866_8394,violin,0,2
n04536866_8410,violin,0,0
n04536866_8420,violin,0,2
n04536866_8432,violin,0,1
n04536866_8441,violin,0,0
n04536866_8454,violin,0,1
n04536866_8455,violin,0,3
n04536866_8456,violin,0,4
n04536866_8473,violin,0,1
n04536866_8474,violin,0,0
n04536866_8482,violin,0,2
n04536866_8483,violin,0,1
n04536866_8484,violin,0,2
n04536866_8520,violin,0,2
n04536866_8537,violin,0,2
n04536866_8540,violin,0,4
n04536866_8541,violin,0,2
n04536866_8545,violin,0,0
n04536866_8547,violin,0,3
n04536866_8560,violin,0,2
n04536866_8575,violin,0,0
n04536866_8579,violin,0,0
n04536866_8583,violin,0,3
n04536866_8595,violin,0,3
n04536866_8608,violin,0,4
n04536866_8611,violin,0,2
n04536866_8645,violin,0,1
n04536866_8655,violin,0,2
n04536866_8660,violin,0,1
n04536866_8664,violin,0,3
n04536866_8673,violin,0,2
n04536866_8681,violin,0,4
n04536866_871,violin,0,3
n04536866_8728,violin,0,2
n04536866_8746,violin,0,0
n04536866_875,violin,0,1
n04536866_8758,violin,0,1
n04536866_8764,violin,0,4
n04536866_8778,violin,0,1
n04536866_878,violin,0,2
n04536866_8781,violin,0,0
n04536866_8792,violin,0,2
n04536866_8808,violin,0,1
n04536866_8837,violin,0,1
n04536866_8840,violin,0,2
n04536866_8865,violin,0,4
n04536866_8871,violin,0,2
n04536866_8872,violin,0,0
n04536866_8898,violin,0,0
n04536866_8903,violin,0,4
n04536866_8908,violin,0,4
n04536866_8910,violin,0,2
n04536866_8916,violin,0,1
n04536866_8920,violin,0,4
n04536866_8922,violin,0,3
n04536866_8933,violin,0,3
n04536866_8941,violin,0,2
n04536866_8970,violin,0,3
n04536866_8982,violin,0,2
n04536866_8987,violin,0,0
n04536866_900,violin,0,4
n04536866_9025,violin,0,1
n04536866_9026,violin,0,4
n04536866_904,violin,0,2
n04536866_9049,violin,0,0
n04536866_9061,violin,0,3
n04536866_9065,violin,0,1
n04536866_9073,violin,0,4
n04536866_9076,violin,0,0
n04536866_9077,violin,0,1
n04536866_9078,violin,0,3
n04536866_9089,violin,0,2
n04536866_9090,violin,0,4
n04536866_9094,violin,0,0
n04536866_910,violin,0,0
n04536866_9114,violin,0,3
n04536866_9116,violin,0,1
n04536866_9124,violin,0,1
n04536866_9128,violin,0,2
n04536866_9129,violin,0,1
n04536866_9138,violin,0,2
n04536866_9152,violin,0,1
n04536866_9160,violin,0,2
n04536866_9162,violin,0,0
n04536866_9163,violin,0,0
n04536866_9165,violin,0,0
n04536866_9167,violin,0,2
n04536866_9175,violin,0,4
n04536866_9178,violin,0,1
n04536866_919,violin,0,1
n04536866_9193,violin,0,3
n04536866_9198,violin,0,0
n04536866_9221,violin,0,2
n04536866_9224,violin,0,2
n04536866_9228,violin,0,3
n04536866_9249,violin,0,3
n04536866_9256,violin,0,1
n04536866_9262,violin,0,4
n04536866_9266,violin,0,3
n04536866_9271,violin,0,4
n04536866_9275,violin,0,2
n04536866_9278,violin,0,0
n04536866_929,violin,0,4
n04536866_9322,violin,0,1
n04536866_935,violin,0,4
n04536866_9360,violin,0,3
n04536866_9368,violin,0,0
n04536866_9369,violin,0,3
n04536866_9391,violin,0,4
n04536866_9399,violin,0,3
n04536866_9400,violin,0,2
n04536866_9402,violin,0,2
n04536866_9403,violin,0,1
n04536866_9416,violin,0,1
n04536866_9417,violin,0,1
n04536866_9419,violin,0,0
n04536866_9422,violin,0,1
n04536866_9429,violin,0,3
n04536866_9435,violin,0,1
n04536866_9446,violin,0,0
n04536866_9448,violin,0,4
n04536866_9451,violin,0,3
n04536866_947,violin,0,3
n04536866_9471,violin,0,2
n04536866_9475,violin,0,1
n04536866_9486,violin,0,4
n04536866_9505,violin,0,0
n04536866_9516,violin,0,1
n04536866_9521,violin,0,0
n04536866_9528,violin,0,2
n04536866_9541,violin,0,4
n04536866_9544,violin,0,2
n04536866_9548,violin,0,3
n04536866_9550,violin,0,4
n04536866_9553,violin,0,3
n04536866_9554,violin,0,4
n04536866_9561,violin,0,0
n04536866_9563,violin,0,3
n04536866_9565,violin,0,1
n04536866_9576,violin,0,0
n04536866_9586,violin,0,0
n04536866_9587,violin,0,1
n04536866_9598,violin,0,4
n04536866_9602,violin,0,1
n04536866_9611,violin,0,0
n04536866_9627,violin,0,0
n04536866_963,violin,0,4
n04536866_9631,violin,0,4
n04536866_9637,violin,0,0
n04536866_965,violin,0,2
n04536866_9666,violin,0,2
n04536866_967,violin,0,3
n04536866_9684,violin,0,0
n04536866_9685,violin,0,0
n04536866_970,violin,0,3
n04536866_9718,violin,0,1
n04536866_9723,violin,0,2
n04536866_9748,violin,0,1
n04536866_9751,violin,0,3
n04536866_9768,violin,0,2
n04536866_9769,violin,0,1
n04536866_9772,violin,0,3
n04536866_9786,violin,0,0
n04536866_9787,violin,0,1
n04536866_9798,violin,0,0
n04536866_98,violin,0,3
n04536866_9800,violin,0,1
n04536866_9801,violin,0,1
n04536866_9808,violin,0,0
n04536866_9836,violin,0,3
n04536866_9844,violin,0,2
n04536866_9856,violin,0,3
n04536866_9860,violin,0,4
n04536866_9862,violin,0,3
n04536866_9872,violin,0,0
n04536866_9901,violin,0,4
n04536866_9903,violin,0,3
n04536866_9910,violin,0,0
n04536866_9941,violin,0,1
n04536866_9945,violin,0,1
n04536866_9956,violin,0,1
n04536866_9957,violin,0,1
n04536866_9967,violin,0,2
n04536866_9974,violin,0,2
n04536866_998,violin,0,4
n02676566_10012,acousticguitar,1,0
n02676566_10019,acousticguitar,1,4
n02676566_1002,acousticguitar,1,0
n02676566_10062,acousticguitar,1,3
n02676566_1007,acousticguitar,1,3
n02676566_1009,acousticguitar,1,2
n02676566_10102,acousticguitar,1,2
n02676566_10114,acousticguitar,1,2
n02676566_10140,acousticguitar,1,3
n02676566_10175,acousticguitar,1,2
n02676566_1020,acousticguitar,1,4
n02676566_103,acousticguitar,1,1
n02676566_1039,acousticguitar,1,0
n02676566_104,acousticguitar,1,3
n02676566_1044,acousticguitar,1,3
n02676566_1046,acousticguitar,1,4
n02676566_1049,acousticguitar,1,3
n02676566_105,acousticguitar,1,4
n02676566_1056,acousticguitar,1,2
n02676566_1057,acousticguitar,1,0
n02676566_1066,acousticguitar,1,2
n02676566_107,acousticguitar,1,1
n02676566_1073,acousticguitar,1,2
n02676566_1074,acousticguitar,1,0
n02676566_10753,acousticguitar,1,0
n02676566_1076,acousticguitar,1,0
n02676566_108,acousticguitar,1,2
n02676566_1084,acousticguitar,1,1
n02676566_1087,acousticguitar,1,0
n02676566_1096,acousticguitar,1,1
n02676566_1097,acousticguitar,1,4
n02676566_110,acousticguitar,1,0
n02676566_11034,acousticguitar,1,1
n02676566_11051,acousticguitar,1,4
n02676566_1106,acousticguitar,1,1
n02676566_11067,acousticguitar,1,4
n02676566_1107,acousticguitar,1,3
n02676566_11075,acousticguitar,1,0
n02676566_1108,acousticguitar,1,3
n02676566_11081,acousticguitar,1,1
n02676566_11092,acousticguitar,1,4
n02676566_11094,acousticguitar,1,3
n02676566_11110,acousticguitar,1,3
n02676566_11121,acousticguitar,1,0
n02676566_11134,acousticguitar,1,4
n02676566_11138,acousticguitar,1,0
n02676566_1115,acousticguitar,1,3
n02676566_1116,acousticguitar,1,1
n02676566_11163,acousticguitar,1,3
n02676566_1117,acousticguitar,1,3
n02676566_11208,acousticguitar,1,4
n02676566_1122,acousticguitar,1,4
n02676566_11284,acousticguitar,1,4
n02676566_11293,acousticguitar,1,0
n02676566_1136,acousticguitar,1,1
n02676566_11377,acousticguitar,1,3
n02676566_11446,acousticguitar,1,2
n02676566_11505,acousticguitar,1,2
n02676566_11513,acousticguitar,1,4
n02676566_1157,acousticguitar,1,3
n02676566_1158,acousticguitar,1,1
n02676566_11617,acousticguitar,1,4
n02676566_11646,acousticguitar,1,3
n02676566_1166,acousticguitar,1,2
n02676566_118,acousticguitar,1,2
n02676566_1180,acousticguitar,1,2
n02676566_11818,acousticguitar,1,1
n02676566_11888,acousticguitar,1,1
n02676566_1190,acousticguitar,1,2
n02676566_12007,acousticguitar,1,0
n02676566_12015,acousticguitar,1,2
n02676566_12040,acousticguitar,1,0
n02676566_12061,acousticguitar,1,2
n02676566_1207,acousticguitar,1,4
n02676566_12075,acousticguitar,1,3
n02676566_1216,acousticguitar,1,0
n02676566_12169,acousticguitar,1,4
n02676566_12185,acousticguitar,1,0
n02676566_1219,acousticguitar,1,4
n02676566_12194,acousticguitar,1,0
n02676566_12199,acousticguitar,1,0
n02676566_12227,acousticguitar,1,0
n02676566_1223,acousticguitar,1,0
n02676566_1228,acousticguitar,1,3
n02676566_12282,acousticguitar,1,3
n02676566_12344,acousticguitar,1,3
n02676566_1236,acousticguitar,1,1
n02676566_12360,acousticguitar,1,3
n02676566_1237,acousticguitar,1,1
n02676566_12384,acousticguitar,1,2
n02676566_1240,acousticguitar,1,1
n02676566_1241,acousticguitar,1,4
n02676566_12434,acousticguitar,1,2
n02676566_12438,acousticguitar,1,2
n02676566_125,acousticguitar,1,4
n02676566_1252,acousticguitar,1,2
n02676566_1256,acousticguitar,1,3
n02676566_1258,acousticguitar,1,2
n02676566_1275,acousticguitar,1,3
n02676566_1277,acousticguitar,1,2
n02676566_1283,acousticguitar,1,1
n02676566_130,acousticguitar,1,4
n02676566_1304,acousticguitar,1,0
n02676566_1305,acousticguitar,1,4
n02676566_1319,acousticguitar,1,2
n02676566_132,acousticguitar,1,1
n02676566_1324,acousticguitar,1,1
n02676566_1328,acousticguitar,1,4
n02676566_1338,acousticguitar,1,2
n02676566_1340,acousticguitar,1,2
n02676566_1341,acousticguitar,1,0
n02676566_1345,acousticguitar,1,1
n02676566_1365,acousticguitar,1,2
n02676566_137,acousticguitar,1,4
n02676566_1386,acousticguitar,1,0
n02676566_1393,acousticguitar,1,1
n02676566_1401,acousticguitar,1,1
n02676566_1409,acousticguitar,1,4
n02676566_1410,acousticguitar,1,0
n02676566_1416,acousticguitar,1,2
n02676566_1418,acousticguitar,1,0
n02676566_1422,acousticguitar,1,2
n02676566_1428,acousticguitar,1,1
n02676566_1431,acousticguitar,1,0
n02676566_1432,acousticguitar,1,0
n02676566_1434,acousticguitar,1,0
n02676566_1441,acousticguitar,1,1
n02676566_1443,acousticguitar,1,1
n02676566_1448,acousticguitar,1,3
n02676566_1465,acousticguitar,1,1
n02676566_147,acousticguitar,1,3
n02676566_1474,acousticguitar,1,3
n02676566_1479,acousticguitar,1,4
n02676566_1485,acousticguitar,1,3
n02676566_1492,acousticguitar,1,0
n02676566_152,acousticguitar,1,2
n02676566_1538,acousticguitar,1,2
n02676566_1551,acousticguitar,1,2
n02676566_1555,acousticguitar,1,1
n02676566_156,acousticguitar,1,1
n02676566_1563,acousticguitar,1,4
n02676566_1567,acousticguitar,1,4
n02676566_1571,acousticguitar,1,2
n02676566_1576,acousticguitar,1,2
n02676566_1587,acousticguitar,1,0
n02676566_159,acousticguitar,1,3
n02676566_1606,acousticguitar,1,0
n02676566_1608,acousticguitar,1,1
n02676566_162,acousticguitar,1,4
n02676566_1624,acousticguitar,1,4
n02676566_163,acousticguitar,1,1
n02676566_164,acousticguitar,1,1
n02676566_1643,acousticguitar,1,4
n02676566_1645,acousticguitar,1,3
n02676566_1646,acousticguitar,1,1
n02676566_165,acousticguitar,1,1
n02676566_1650,acousticguitar,1,1
n02676566_1651,acousticguitar,1,2
n02676566_1658,acousticguitar,1,1
n02676566_166,acousticguitar,1,0
n02676566_1664,acousticguitar,1,2
n02676566_1666,acousticguitar,1,1
n02676566_1669,acousticguitar,1,4
n02676566_167,acousticguitar,1,2
n02676566_1672,acousticguitar,1,2
n02676566_1675,acousticguitar,1,4
n02676566_1677,acousticguitar,1,3
n02676566_1679,acousticguitar,1,1
n02676566_1681,acousticguitar,1,3
n02676566_1682,acousticguitar,1,0
n02676566_1690,acousticguitar,1,1
n02676566_1691,acousticguitar,1,1
n02676566_1692,acousticguitar,1,3
n02676566_1698,acousticguitar,1,0
n02676566_17,acousticguitar,1,2
n02676566_1702,acousticguitar,1,0
n02676566_1707,acousticguitar,1,1
n02676566_1711,acousticguitar,1,2
n02676566_1715,acousticguitar,1,0
n02676566_172,acousticguitar,1,4
n02676566_1721,acousticguitar,1,1
n02676566_1723,acousticguitar,1,0
n02676566_1725,acousticguitar,1,1
n02676566_1728,acousticguitar,1,0
n02676566_1732,acousticguitar,1,1
n02676566_1736,acousticguitar,1,1
n02676566_1741,acousticguitar,1,0
n02676566_1751,acousticguitar,1,4
n02676566_1757,acousticguitar,1,2
n02676566_1764,acousticguitar,1,4
n02676566_1765,acousticguitar,1,1
n02676566_178,acousticguitar,1,2
n02676566_181,acousticguitar,1,1
n02676566_1825,acousticguitar,1,3
n02676566_1827,acousticguitar,1,1
n02676566_183,acousticguitar,1,4
n02676566_1835,acousticguitar,1,2
n02676566_1839,acousticguitar,1,1
n02676566_1843,acousticguitar,1,4
n02676566_1851,acousticguitar,1,1
n02676566_1853,acousticguitar,1,1
n02676566_1855,acousticguitar,1,1
n02676566_1866,acousticguitar,1,4
n02676566_1868,acousticguitar,1,2
n02676566_1872,acousticguitar,1,1
n02676566_1877,acousticguitar,1,2
n02676566_1878,acousticguitar,1,2
n02676566_1887,acousticguitar,1,2
n02676566_1894,acousticguitar,1,0
n02676566_1897,acousticguitar,1,0
n02676566_19,acousticguitar,1,0
n02676566_1906,acousticguitar,1,2
n02676566_1908,acousticguitar,1,1
n02676566_1909,acousticguitar,1,4
n02676566_1914,acousticguitar,1,2
n02676566_1915,acousticguitar,1,1
n02676566_1924,acousticguitar,1,3
n02676566_1928,acousticguitar,1,2
n02676566_1931,acousticguitar,1,4
n02676566_194,acousticguitar,1,2
n02676566_1950,acousticguitar,1,0
n02676566_1956,acousticguitar,1,2
n02676566_1964,acousticguitar,1,0
n02676566_1966,acousticguitar,1,4
n02676566_1969,acousticguitar,1,3
n02676566_1972,acousticguitar,1,2
n02676566_1973,acousticguitar,1,4
n02676566_198,acousticguitar,1,2
n02676566_1988,acousticguitar,1,3
n02676566_1992,acousticguitar,1,3
n02676566_200,acousticguitar,1,1
n02676566_2005,acousticguitar,1,1
n02676566_2008,acousticguitar,1,3
n02676566_202,acousticguitar,1,0
n02676566_2025,acousticguitar,1,0
n02676566_2032,acousticguitar,1,0
n02676566_2046,acousticguitar,1,1
n02676566_2065,acousticguitar,1,1
n02676566_2066,acousticguitar,1,0
n02676566_2089,acousticguitar,1,3
n02676566_2098,acousticguitar,1,4
n02676566_2100,acousticguitar,1,4
n02676566_2102,acousticguitar,1,4
n02676566_211,acousticguitar,1,2
n02676566_2111,acousticguitar,1,0
n02676566_2115,acousticguitar,1,4
n02676566_2125,acousticguitar,1,4
n02676566_2133,acousticguitar,1,2
n02676566_215,acousticguitar,1,4
n02676566_2150,acousticguitar,1,4
n02676566_2151,acousticguitar,1,1
n02676566_2169,acousticguitar,1,1
n02676566_2171,acousticguitar,1,4
n02676566_2176,acousticguitar,1,0
n02676566_218,acousticguitar,1,2
n02676566_2187,acousticguitar,1,4
n02676566_219,acousticguitar,1,2
n02676566_2195,acousticguitar,1,1
n02676566_2198,acousticguitar,1,1
n02676566_22,acousticguitar,1,3
n02676566_2213,acousticguitar,1,4
n02676566_2214,acousticguitar,1,3
n02676566_2215,acousticguitar,1,0
n02676566_222,acousticguitar,1,1
n02676566_2226,acousticguitar,1,1
n02676566_223,acousticguitar,1,4
n02676566_2230,acousticguitar,1,1
n02676566_2236,acousticguitar,1,2
n02676566_2237,acousticguitar,1,1
n02676566_2240,acousticguitar,1,0
n02676566_2252,acousticguitar,1,4
n02676566_2253,acousticguitar,1,1
n02676566_2256,acousticguitar,1,0
n02676566_2258,acousticguitar,1,4
n02676566_2263,acousticguitar,1,1
n02676566_2264,acousticguitar,1,0
n02676566_2285,acousticguitar,1,3
n02676566_2288,acousticguitar,1,3
n02676566_2299,acousticguitar,1,1
n02676566_2301,acousticguitar,1,4
n02676566_2307,acousticguitar,1,4
n02676566_2325,acousticguitar,1,0
n02676566_2328,acousticguitar,1,0
n02676566_2330,acousticguitar,1,3
n02676566_2337,acousticguitar,1,4
n02676566_2351,acousticguitar,1,3
n02676566_2354,acousticguitar,1,2
n02676566_2364,acousticguitar,1,4
n02676566_237,acousticguitar,1,1
n02676566_2371,acousticguitar,1,1
n02676566_2373,acousticguitar,1,4
n02676566_2380,acousticguitar,1,2
n02676566_2386,acousticguitar,1,1
n02676566_2396,acousticguitar,1,3
n02676566_24,acousticguitar,1,0
n02676566_2403,acousticguitar,1,1
n02676566_241,acousticguitar,1,1
n02676566_242,acousticguitar,1,3
n02676566_2424,acousticguitar,1,0
n02676566_243,acousticguitar,1,4
n02676566_2437,acousticguitar,1,0
n02676566_2444,acousticguitar,1,1
n02676566_245,acousticguitar,1,3
n02676566_2454,acousticguitar,1,3
n02676566_2456,acousticguitar,1,3
n02676566_2460,acousticguitar,1,0
n02676566_2461,acousticguitar,1,4
n02676566_2464,acousticguitar,1,3
n02676566_2471,acousticguitar,1,1
n02676566_2480,acousticguitar,1,1
n02676566_2481,acousticguitar,1,3
n02676566_2484,acousticguitar,1,4
n02676566_2487,acousticguitar,1,1
n02676566_2508,acousticguitar,1,0
n02676566_251,acousticguitar,1,1
n02676566_2524,acousticguitar,1,4
n02676566_253,acousticguitar,1,0
n02676566_2535,acousticguitar,1,3
n02676566_2541,acousticguitar,1,0
n02676566_2554,acousticguitar,1,2
n02676566_257,acousticguitar,1,1
n02676566_259,acousticguitar,1,2
n02676566_26,acousticguitar,1,1
n02676566_2610,acousticguitar,1,3
n02676566_2611,acousticguitar,1,0
n02676566_2631,acousticguitar,1,4
n02676566_265,acousticguitar,1,0
n02676566_2666,acousticguitar,1,0
n02676566_2684,acousticguitar,1,3
n02676566_2696,acousticguitar,1,3
n02676566_272,acousticguitar,1,4
n02676566_2721,acousticguitar,1,1
n02676566_2737,acousticguitar,1,3
n02676566_2751,acousticguitar,1,3
n02676566_2778,acousticguitar,1,1
n02676566_2779,acousticguitar,1,0
n02676566_2790,acousticguitar,1,3
n02676566_2798,acousticguitar,1,4
n02676566_2800,acousticguitar,1,0
n02676566_2803,acousticguitar,1,3
n02676566_2806,acousticguitar,1,4
n02676566_281,acousticguitar,1,2
n02676566_2815,acousticguitar,1,2
n02676566_2816,acousticguitar,1,3
n02676566_2818,acousticguitar,1,0
n02676566_2820,acousticguitar,1,2
n02676566_2825,acousticguitar,1,3
n02676566_2843,acousticguitar,1,1
n02676566_285,acousticguitar,1,0
n02676566_2866,acousticguitar,1,0
n02676566_2873,acousticguitar,1,0
n02676566_2875,acousticguitar,1,3
n02676566_2876,acousticguitar,1,4
n02676566_289,acousticguitar,1,0
n02676566_2893,acousticguitar,1,2
n02676566_2899,acousticguitar,1,3
n02676566_2901,acousticguitar,1,4
n02676566_2903,acousticguitar,1,0
n02676566_2906,acousticguitar,1,2
n02676566_2907,acousticguitar,1,0
n02676566_2913,acousticguitar,1,1
n02676566_2919,acousticguitar,1,3
n02676566_2926,acousticguitar,1,0
n02676566_2927,acousticguitar,1,4
n02676566_2931,acousticguitar,1,4
n02676566_2943,acousticguitar,1,2
n02676566_2944,acousticguitar,1,3
n02676566_2949,acousticguitar,1,4
n02676566_295,acousticguitar,1,4
n02676566_2950,acousticguitar,1,3
n02676566_2952,acousticguitar,1,0
n02676566_2954,acousticguitar,1,2
n02676566_2956,acousticguitar,1,4
n02676566_2959,acousticguitar,1,3
n02676566_2961,acousticguitar,1,0
n02676566_2962,acousticguitar,1,0
n02676566_2967,acousticguitar,1,2
n02676566_2970,acousticguitar,1,2
n02676566_298,acousticguitar,1,2
n02676566_2980,acousticguitar,1,4
n02676566_2983,acousticguitar,1,3
n02676566_2985,acousticguitar,1,4
n02676566_299,acousticguitar,1,3
n02676566_3003,acousticguitar,1,4
n02676566_3004,acousticguitar,1,1
n02676566_3006,acousticguitar,1,4
n02676566_301,acousticguitar,1,3
n02676566_3010,acousticguitar,1,0
n02676566_3013,acousticguitar,1,3
n02676566_3023,acousticguitar,1,1
n02676566_3026,acousticguitar,1,3
n02676566_303,acousticguitar,1,3
n02676566_3030,acousticguitar,1,0
n02676566_3040,acousticguitar,1,3
n02676566_3041,acousticguitar,1,1
n02676566_3045,acousticguitar,1,1
n02676566_3048,acousticguitar,1,0
n02676566_3051,acousticguitar,1,2
n02676566_3054,acousticguitar,1,4
n02676566_3056,acousticguitar,1,0
n02676566_306,acousticguitar,1,3
n02676566_3069,acousticguitar,1,1
n02676566_307,acousticguitar,1,3
n02676566_3072,acousticguitar,1,0
n02676566_3074,acousticguitar,1,1
n02676566_3077,acousticguitar,1,2
n02676566_3085,acousticguitar,1,1
n02676566_3096,acousticguitar,1,4
n02676566_3101,acousticguitar,1,4
n02676566_3107,acousticguitar,1,2
n02676566_3109,acousticguitar,1,2
n02676566_3115,acousticguitar,1,1
n02676566_3116,acousticguitar,1,1
n02676566_3117,acousticguitar,1,3
n02676566_3120,acousticguitar,1,4
n02676566_3121,acousticguitar,1,1
n02676566_3125,acousticguitar,1,0
n02676566_3126,acousticguitar,1,3
n02676566_3127,acousticguitar,1,0
n02676566_3132,acousticguitar,1,2
n02676566_3139,acousticguitar,1,2
n02676566_3141,acousticguitar,1,4
n02676566_3145,acousticguitar,1,4
n02676566_3147,acousticguitar,1,3
n02676566_3148,acousticguitar,1,3
n02676566_3154,acousticguitar,1,1
n02676566_3157,acousticguitar,1,2
n02676566_3159,acousticguitar,1,0
n02676566_3160,acousticguitar,1,3
n02676566_3161,acousticguitar,1,4
n02676566_3164,acousticguitar,1,3
n02676566_3169,acousticguitar,1,1
n02676566_3172,acousticguitar,1,4
n02676566_3174,acousticguitar,1,2
n02676566_3176,acousticguitar,1,1
n02676566_3177,acousticguitar,1,3
n02676566_3178,acousticguitar,1,0
n02676566_3180,acousticguitar,1,4
n02676566_3181,acousticguitar,1,0
n02676566_3184,acousticguitar,1,2
n02676566_319,acousticguitar,1,2
n02676566_3191,acousticguitar,1,1
n02676566_3199,acousticguitar,1,3
n02676566_32,acousticguitar,1,0
n02676566_320,acousticguitar,1,1
n02676566_3201,acousticguitar,1,3
n02676566_3205,acousticguitar,1,3
n02676566_3206,acousticguitar,1,1
n02676566_3214,acousticguitar,1,2
n02676566_3215,acousticguitar,1,2
n02676566_3224,acousticguitar,1,1
n02676566_3229,acousticguitar,1,4
n02676566_323,acousticguitar,1,1
n02676566_3237,acousticguitar,1,4
n02676566_3239,acousticguitar,1,2
n02676566_3243,acousticguitar,1,4
n02676566_3251,acousticguitar,1,1
n02676566_3252,acousticguitar,1,3
n02676566_3257,acousticguitar,1,2
n02676566_3259,acousticguitar,1,0
n02676566_326,acousticguitar,1,4
n02676566_3263,acousticguitar,1,3
n02676566_3271,acousticguitar,1,3
n02676566_3277,acousticguitar,1,1
n02676566_328,acousticguitar,1,4
n02676566_3287,acousticguitar,1,1
n02676566_3289,acousticguitar,1,4
n02676566_330,acousticguitar,1,4
n02676566_3305,acousticguitar,1,1
n02676566_3314,acousticguitar,1,1
n02676566_3317,acousticguitar,1,3
n02676566_3320,acousticguitar,1,3
n02676566_3324,acousticguitar,1,4
n02676566_3325,acousticguitar,1,2
n02676566_3327,acousticguitar,1,4
n02676566_3328,acousticguitar,1,2
n02676566_3330,acousticguitar,1,0
n02676566_3338,acousticguitar,1,4
n02676566_3339,acousticguitar,1,1
n02676566_3340,acousticguitar,1,0
n02676566_3344,acousticguitar,1,1
n02676566_3346,acousticguitar,1,2
n02676566_3350,acousticguitar,1,1
n02676566_3359,acousticguitar,1,1
n02676566_3360,acousticguitar,1,2
n02676566_3369,acousticguitar,1,4
n02676566_3378,acousticguitar,1,1
n02676566_3382,acousticguitar,1,0
n02676566_3385,acousticguitar,1,3
n02676566_3386,acousticguitar,1,2
n02676566_3392,acousticguitar,1,0
n02676566_3393,acousticguitar,1,2
n02676566_3394,acousticguitar,1,2
n02676566_3401,acousticguitar,1,4
n02676566_3402,acousticguitar,1,2
n02676566_341,acousticguitar,1,2
n02676566_3410,acousticguitar,1,3
n02676566_3413,acousticguitar,1,0
n02676566_3424,acousticguitar,1,4
n02676566_3428,acousticguitar,1,1
n02676566_343,acousticguitar,1,4
n02676566_3435,acousticguitar,1,3
n02676566_3440,acousticguitar,1,1
n02676566_3449,acousticguitar,1,3
n02676566_3450,acousticguitar,1,3
n02676566_3453,acousticguitar,1,0
n02676566_3456,acousticguitar,1,0
n02676566_3461,acousticguitar,1,1
n02676566_3465,acousticguitar,1,0
n02676566_3466,acousticguitar,1,0
n02676566_3468,acousticguitar,1,2
n02676566_3469,acousticguitar,1,3
n02676566_3471,acousticguitar,1,2
n02676566_3472,acousticguitar,1,0
n02676566_3478,acousticguitar,1,0
n02676566_3482,acousticguitar,1,4
n02676566_3486,acousticguitar,1,1
n02676566_3489,acousticguitar,1,3
n02676566_3491,acousticguitar,1,3
n02676566_3492,acousticguitar,1,3
n02676566_3494,acousticguitar,1,4
n02676566_3500,acousticguitar,1,0
n02676566_3509,acousticguitar,1,0
n02676566_351,acousticguitar,1,1
n02676566_3510,acousticguitar,1,2
n02676566_3512,acousticguitar,1,0
n02676566_352,acousticguitar,1,3
n02676566_3523,acousticguitar,1,0
n02676566_3525,acousticguitar,1,0
n02676566_3527,acousticguitar,1,2
n02676566_3528,acousticguitar,1,3
n02676566_3529,acousticguitar,1,4
n02676566_353,acousticguitar,1,1
n02676566_3536,acousticguitar,1,4
n02676566_3538,acousticguitar,1,0
n02676566_3540,acousticguitar,1,3
n02676566_3541,acousticguitar,1,3
n02676566_3548,acousticguitar,1,1
n02676566_3563,acousticguitar,1,0
n02676566_3564,acousticguitar,1,4
n02676566_3566,acousticguitar,1,4
n02676566_3567,acousticguitar,1,3
n02676566_3571,acousticguitar,1,3
n02676566_3576,acousticguitar,1,3
n02676566_3578,acousticguitar,1,4
n02676566_3586,acousticguitar,1,3
n02676566_3587,acousticguitar,1,1
n02676566_3610,acousticguitar,1,2
n02676566_3611,acousticguitar,1,4
n02676566_3613,acousticguitar,1,3
n02676566_3627,acousticguitar,1,4
n02676566_3629,acousticguitar,1,1
n02676566_363,acousticguitar,1,0
n02676566_3631,acousticguitar,1,4
n02676566_3632,acousticguitar,1,1
n02676566_3633,acousticguitar,1,4
n02676566_3635,acousticguitar,1,1
n02676566_3639,acousticguitar,1,2
n02676566_3641,acousticguitar,1,3
n02676566_3646,acousticguitar,1,2
n02676566_3649,acousticguitar,1,4
n02676566_365,acousticguitar,1,0
n02676566_3650,acousticguitar,1,1
n02676566_3654,acousticguitar,1,3
n02676566_3657,acousticguitar,1,3
n02676566_3659,acousticguitar,1,1
n02676566_3660,acousticguitar,1,0
n02676566_3661,acousticguitar,1,4
n02676566_3662,acousticguitar,1,2
n02676566_3669,acousticguitar,1,0
n02676566_367,acousticguitar,1,1
n02676566_3673,acousticguitar,1,4
n02676566_368,acousticguitar,1,1
n02676566_3683,acousticguitar,1,4
n02676566_3686,acousticguitar,1,4
n02676566_3690,acousticguitar,1,0
n02676566_37,acousticguitar,1,3
n02676566_370,acousticguitar,1,1
n02676566_371,acousticguitar,1,3
n02676566_3711,acousticguitar,1,0
n02676566_3713,acousticguitar,1,1
n02676566_3719,acousticguitar,1,1
n02676566_3721,acousticguitar,1,4
n02676566_3725,acousticguitar,1,0
n02676566_3728,acousticguitar,1,0
n02676566_3729,acousticguitar,1,1
n02676566_3733,acousticguitar,1,3
n02676566_3741,acousticguitar,1,0
n02676566_3747,acousticguitar,1,2
n02676566_3750,acousticguitar,1,1
n02676566_3752,acousticguitar,1,0
n02676566_3753,acousticguitar,1,2
n02676566_3757,acousticguitar,1,2
n02676566_3760,acousticguitar,1,0
n02676566_3765,acousticguitar,1,1
n02676566_3766,acousticguitar,1,1
n02676566_3767,acousticguitar,1,3
n02676566_3768,acousticguitar,1,1
n02676566_3771,acousticguitar,1,4
n02676566_3781,acousticguitar,1,2
n02676566_3782,acousticguitar,1,4
n02676566_3792,acousticguitar,1,0
n02676566_3798,acousticguitar,1,4
n02676566_380,acousticguitar,1,1
n02676566_3806,acousticguitar,1,3
n02676566_3808,acousticguitar,1,2
n02676566_3813,acousticguitar,1,1
n02676566_3819,acousticguitar,1,0
n02676566_3822,acousticguitar,1,3
n02676566_3824,acousticguitar,1,1
n02676566_3839,acousticguitar,1,1
n02676566_3849,acousticguitar,1,1
n02676566_3850,acousticguitar,1,2
n02676566_3854,acousticguitar,1,4
n02676566_3858,acousticguitar,1,4
n02676566_386,acousticguitar,1,2
n02676566_3868,acousticguitar,1,2
n02676566_3873,acousticguitar,1,4
n02676566_3876,acousticguitar,1,1
n02676566_3883,acousticguitar,1,1
n02676566_3886,acousticguitar,1,4
n02676566_3887,acousticguitar,1,4
n02676566_3889,acousticguitar,1,3
n02676566_3892,acousticguitar,1,4
n02676566_3899,acousticguitar,1,3
n02676566_3910,acousticguitar,1,0
n02676566_3912,acousticguitar,1,4
n02676566_3914,acousticguitar,1,3
n02676566_3916,acousticguitar,1,4
n02676566_3920,acousticguitar,1,4
n02676566_3924,acousticguitar,1,1
n02676566_3936,acousticguitar,1,2
n02676566_3947,acousticguitar,1,0
n02676566_3949,acousticguitar,1,3
n02676566_395,acousticguitar,1,2
n02676566_3952,acousticguitar,1,0
n02676566_3957,acousticguitar,1,0
n02676566_3965,acousticguitar,1,3
n02676566_3966,acousticguitar,1,2
n02676566_3971,acousticguitar,1,1
n02676566_3977,acousticguitar,1,2
n02676566_3978,acousticguitar,1,0
n02676566_3979,acousticguitar,1,2
n02676566_399,acousticguitar,1,4
n02676566_3990,acousticguitar,1,1
n02676566_3991,acousticguitar,1,2
n02676566_3995,acousticguitar,1,2
n02676566_3999,acousticguitar,1,0
n02676566_4001,acousticguitar,1,4
n02676566_4019,acousticguitar,1,3
n02676566_402,acousticguitar,1,0
n02676566_4030,acousticguitar,1,2
n02676566_4039,acousticguitar,1,4
n02676566_404,acousticguitar,1,0
n02676566_4042,acousticguitar,1,0
n02676566_4048,acousticguitar,1,0
n02676566_4055,acousticguitar,1,0
n02676566_4057,acousticguitar,1,4
n02676566_4058,acousticguitar,1,1
n02676566_4059,acousticguitar,1,2
n02676566_406,acousticguitar,1,3
n02676566_4060,acousticguitar,1,3
n02676566_4064,acousticguitar,1,2
n02676566_4073,acousticguitar,1,1
n02676566_4074,acousticguitar,1,1
n02676566_4075,acousticguitar,1,2
n02676566_4081,acousticguitar,1,4
n02676566_4084,acousticguitar,1,1
n02676566_4089,acousticguitar,1,1
n02676566_4090,acousticguitar,1,4
n02676566_4095,acousticguitar,1,2
n02676566_4097,acousticguitar,1,0
n02676566_410,acousticguitar,1,0
n02676566_4108,acousticguitar,1,4
n02676566_411,acousticguitar,1,3
n02676566_4110,acousticguitar,1,0
n02676566_4111,acousticguitar,1,4
n02676566_4119,acousticguitar,1,0
n02676566_4122,acousticguitar,1,0
n02676566_4127,acousticguitar,1,1
n02676566_4128,acousticguitar,1,2
n02676566_4129,acousticguitar,1,1
n02676566_4130,acousticguitar,1,0
n02676566_4134,acousticguitar,1,4
n02676566_4135,acousticguitar,1,0
n02676566_4137,acousticguitar,1,0
n02676566_4138,acousticguitar,1,3
n02676566_4144,acousticguitar,1,3
n02676566_4145,acousticguitar,1,4
n02676566_4155,acousticguitar,1,1
n02676566_4160,acousticguitar,1,4
n02676566_4161,acousticguitar,1,0
n02676566_4166,acousticguitar,1,2
n02676566_4171,acousticguitar,1,4
n02676566_4178,acousticguitar,1,4
n02676566_4179,acousticguitar,1,2
n02676566_4189,acousticguitar,1,2
n02676566_4192,acousticguitar,1,0
n02676566_4196,acousticguitar,1,1
n02676566_4197,acousticguitar,1,2
n02676566_4201,acousticguitar,1,1
n02676566_4208,acousticguitar,1,0
n02676566_4212,acousticguitar,1,1
n02676566_4220,acousticguitar,1,3
n02676566_4221,acousticguitar,1,3
n02676566_4223,acousticguitar,1,3
n02676566_4227,acousticguitar,1,2
n02676566_4236,acousticguitar,1,4
n02676566_4239,acousticguitar,1,4
n02676566_4240,acousticguitar,1,4
n02676566_4241,acousticguitar,1,0
n02676566_4248,acousticguitar,1,4
n02676566_4251,acousticguitar,1,2
n02676566_4252,acousticguitar,1,3
n02676566_4254,acousticguitar,1,4
n02676566_4257,acousticguitar,1,0
n02676566_4266,acousticguitar,1,1
n02676566_4268,acousticguitar,1,2
n02676566_428,acousticguitar,1,0
n02676566_4280,acousticguitar,1,0
n02676566_4281,acousticguitar,1,1
n02676566_429,acousticguitar,1,2
n02676566_4294,acousticguitar,1,4
n02676566_43,acousticguitar,1,3
n02676566_430,acousticguitar,1,4
n02676566_4301,acousticguitar,1,3
n02676566_4305,acousticguitar,1,3
n02676566_431,acousticguitar,1,2
n02676566_4310,acousticguitar,1,1
n02676566_4313,acousticguitar,1,3
n02676566_4316,acousticguitar,1,1
n02676566_4317,acousticguitar,1,3
n02676566_4319,acousticguitar,1,2
n02676566_4320,acousticguitar,1,1
n02676566_4321,acousticguitar,1,3
n02676566_4322,acousticguitar,1,3
n02676566_4323,acousticguitar,1,3
n02676566_4326,acousticguitar,1,4
n02676566_4334,acousticguitar,1,4
n02676566_4336,acousticguitar,1,3
n02676566_4341,acousticguitar,1,2
n02676566_4342,acousticguitar,1,4
n02676566_4343,acousticguitar,1,2
n02676566_4345,acousticguitar,1,2
n02676566_4346,acousticguitar,1,1
n02676566_4347,acousticguitar,1,2
n02676566_4349,acousticguitar,1,2
n02676566_435,acousticguitar,1,4
n02676566_4356,acousticguitar,1,1
n02676566_436,acousticguitar,1,4
n02676566_4363,acousticguitar,1,1
n02676566_4366,acousticguitar,1,4
n02676566_4373,acousticguitar,1,0
n02676566_4374,acousticguitar,1,3
n02676566_4376,acousticguitar,1,1
n02676566_4377,acousticguitar,1,2
n02676566_4378,acousticguitar,1,1
n02676566_438,acousticguitar,1,4
n02676566_4383,acousticguitar,1,0
n02676566_4391,acousticguitar,1,4
n02676566_4394,acousticguitar,1,3
n02676566_4397,acousticguitar,1,0
n02676566_4398,acousticguitar,1,4
n02676566_44,acousticguitar,1,3
n02676566_4402,acousticguitar,1,2
n02676566_4403,acousticguitar,1,0
n02676566_4404,acousticguitar,1,1
n02676566_4407,acousticguitar,1,3
n02676566_4413,acousticguitar,1,1
n02676566_4415,acousticguitar,1,1
n02676566_4417,acousticguitar,1,1
n02676566_4419,acousticguitar,1,0
n02676566_4424,acousticguitar,1,0
n02676566_4425,acousticguitar,1,4
n02676566_4426,acousticguitar,1,3
n02676566_4429,acousticguitar,1,2
n02676566_4430,acousticguitar,1,1
n02676566_4431,acousticguitar,1,3
n02676566_4436,acousticguitar,1,1
n02676566_4438,acousticguitar,1,2
n02676566_444,acousticguitar,1,2
n02676566_4441,acousticguitar,1,2
n02676566_445,acousticguitar,1,4
n02676566_4454,acousticguitar,1,3
n02676566_4461,acousticguitar,1,1
n02676566_4462,acousticguitar,1,3
n02676566_4469,acousticguitar,1,1
n02676566_448,acousticguitar,1,1
n02676566_4486,acousticguitar,1,2
n02676566_449,acousticguitar,1,4
n02676566_4492,acousticguitar,1,1
n02676566_4493,acousticguitar,1,3
n02676566_4507,acousticguitar,1,0
n02676566_4510,acousticguitar,1,1
n02676566_4512,acousticguitar,1,4
n02676566_4518,acousticguitar,1,1
n02676566_4521,acousticguitar,1,3
n02676566_4527,acousticguitar,1,0
n02676566_4530,acousticguitar,1,4
n02676566_4532,acousticguitar,1,3
n02676566_4535,acousticguitar,1,3
n02676566_4537,acousticguitar,1,3
n02676566_4538,acousticguitar,1,3
n02676566_4543,acousticguitar,1,2
n02676566_4545,acousticguitar,1,4
n02676566_4546,acousticguitar,1,0
n02676566_4551,acousticguitar,1,4
n02676566_4558,acousticguitar,1,2
n02676566_4562,acousticguitar,1,2
n02676566_4565,acousticguitar,1,2
n02676566_457,acousticguitar,1,3
n02676566_4573,acousticguitar,1,4
n02676566_4577,acousticguitar,1,2
n02676566_4583,acousticguitar,1,4
n02676566_4584,acousticguitar,1,2
n02676566_4589,acousticguitar,1,3
n02676566_4591,acousticguitar,1,0
n02676566_4592,acousticguitar,1,3
n02676566_4594,acousticguitar,1,4
n02676566_4595,acousticguitar,1,3
n02676566_46,acousticguitar,1,0
n02676566_4602,acousticguitar,1,0
n02676566_4604,acousticguitar,1,3
n02676566_4605,acousticguitar,1,0
n02676566_4613,acousticguitar,1,4
n02676566_4615,acousticguitar,1,4
n02676566_4619,acousticguitar,1,0
n02676566_4621,acousticguitar,1,3
n02676566_4623,acousticguitar,1,1
n02676566_4628,acousticguitar,1,2
n02676566_4629,acousticguitar,1,3
n02676566_463,acousticguitar,1,4
n02676566_4632,acousticguitar,1,3
n02676566_4637,acousticguitar,1,0
n02676566_4640,acousticguitar,1,0
n02676566_4642,acousticguitar,1,4
n02676566_4643,acousticguitar,1,4
n02676566_4646,acousticguitar,1,3
n02676566_4648,acousticguitar,1,2
n02676566_4651,acousticguitar,1,4
n02676566_4655,acousticguitar,1,0
n02676566_4657,acousticguitar,1,1
n02676566_4659,acousticguitar,1,2
n02676566_4663,acousticguitar,1,4
n02676566_4668,acousticguitar,1,2
n02676566_467,acousticguitar,1,2
n02676566_4671,acousticguitar,1,1
n02676566_4677,acousticguitar,1,4
n02676566_4679,acousticguitar,1,3
n02676566_4689,acousticguitar,1,1
n02676566_4697,acousticguitar,1,1
n02676566_4699,acousticguitar,1,3
n02676566_4705,acousticguitar,1,4
n02676566_4706,acousticguitar,1,3
n02676566_4710,acousticguitar,1,0
n02676566_4717,acousticguitar,1,1
n02676566_4722,acousticguitar,1,4
n02676566_4729,acousticguitar,1,4
n02676566_4735,acousticguitar,1,3
n02676566_4746,acousticguitar,1,1
n02676566_4749,acousticguitar,1,0
n02676566_475,acousticguitar,1,4
n02676566_4753,acousticguitar,1,1
n02676566_4759,acousticguitar,1,3
n02676566_4773,acousticguitar,1,3
n02676566_4778,acousticguitar,1,4
n02676566_4779,acousticguitar,1,3
n02676566_4785,acousticguitar,1,3
n02676566_4786,acousticguitar,1,3
n02676566_4789,acousticguitar,1,2
n02676566_4793,acousticguitar,1,4
n02676566_4795,acousticguitar,1,2
n02676566_4797,acousticguitar,1,4
n02676566_480,acousticguitar,1,3
n02676566_4812,acousticguitar,1,4
n02676566_4816,acousticguitar,1,2
n02676566_4823,acousticguitar,1,1
n02676566_4825,acousticguitar,1,2
n02676566_4832,acousticguitar,1,2
n02676566_4834,acousticguitar,1,1
n02676566_4839,acousticguitar,1,4
n02676566_4840,acousticguitar,1,1
n02676566_4842,acousticguitar,1,3
n02676566_4843,acousticguitar,1,3
n02676566_4844,acousticguitar,1,1
n02676566_4847,acousticguitar,1,0
n02676566_485,acousticguitar,1,4
n02676566_4853,acousticguitar,1,2
n02676566_4856,acousticguitar,1,4
n02676566_4857,acousticguitar,1,1
n02676566_4859,acousticguitar,1,2
n02676566_4860,acousticguitar,1,0
n02676566_4863,acousticguitar,1,4
n02676566_4866,acousticguitar,1,2
n02676566_4868,acousticguitar,1,2
n02676566_4871,acousticguitar,1,4
n02676566_4876,acousticguitar,1,2
n02676566_4877,acousticguitar,1,2
n02676566_4883,acousticguitar,1,4
n02676566_4893,acousticguitar,1,3
n02676566_49,acousticguitar,1,2
n02676566_4901,acousticguitar,1,1
n02676566_4903,acousticguitar,1,2
n02676566_4904,acousticguitar,1,1
n02676566_4905,acousticguitar,1,1
n02676566_4916,acousticguitar,1,0
n02676566_492,acousticguitar,1,0
n02676566_4921,acousticguitar,1,2
n02676566_4922,acousticguitar,1,4
n02676566_4923,acousticguitar,1,3
n02676566_4924,acousticguitar,1,2
n02676566_4925,acousticguitar,1,4
n02676566_4928,acousticguitar,1,4
n02676566_4936,acousticguitar,1,4
n02676566_4943,acousticguitar,1,1
n02676566_4946,acousticguitar,1,4
n02676566_4947,acousticguitar,1,2
n02676566_495,acousticguitar,1,0
n02676566_4952,acousticguitar,1,1
n02676566_496,acousticguitar,1,0
n02676566_4962,acousticguitar,1,4
n02676566_4965,acousticguitar,1,1
n02676566_4967,acousticguitar,1,2
n02676566_4975,acousticguitar,1,3
n02676566_4985,acousticguitar,1,1
n02676566_4988,acousticguitar,1,1
n02676566_4989,acousticguitar,1,3
n02676566_4990,acousticguitar,1,2
n02676566_4993,acousticguitar,1,2
n02676566_5000,acousticguitar,1,4
n02676566_5001,acousticguitar,1,2
n02676566_5010,acousticguitar,1,4
n02676566_5012,acousticguitar,1,1
n02676566_5018,acousticguitar,1,0
n02676566_5019,acousticguitar,1,2
n02676566_5020,acousticguitar,1,4
n02676566_5024,acousticguitar,1,3
n02676566_504,acousticguitar,1,2
n02676566_5056,acousticguitar,1,4
n02676566_5058,acousticguitar,1,1
n02676566_5068,acousticguitar,1,0
n02676566_5069,acousticguitar,1,3
n02676566_5071,acousticguitar,1,0
n02676566_5074,acousticguitar,1,2
n02676566_5084,acousticguitar,1,4
n02676566_5095,acousticguitar,1,2
n02676566_5099,acousticguitar,1,1
n02676566_5104,acousticguitar,1,4
n02676566_5109,acousticguitar,1,0
n02676566_511,acousticguitar,1,2
n02676566_5114,acousticguitar,1,3
n02676566_513,acousticguitar,1,4
n02676566_5130,acousticguitar,1,4
n02676566_5131,acousticguitar,1,4
n02676566_5134,acousticguitar,1,0
n02676566_5138,acousticguitar,1,2
n02676566_5139,acousticguitar,1,0
n02676566_514,acousticguitar,1,3
n02676566_5142,acousticguitar,1,0
n02676566_5151,acousticguitar,1,3
n02676566_5153,acousticguitar,1,0
n02676566_5159,acousticguitar,1,3
n02676566_5168,acousticguitar,1,4
n02676566_5177,acousticguitar,1,2
n02676566_520,acousticguitar,1,2
n02676566_5200,acousticguitar,1,4
n02676566_5210,acousticguitar,1,4
n02676566_5215,acousticguitar,1,2
n02676566_5216,acousticguitar,1,0
n02676566_5218,acousticguitar,1,0
n02676566_522,acousticguitar,1,2
n02676566_5220,acousticguitar,1,4
n02676566_5226,acousticguitar,1,0
n02676566_523,acousticguitar,1,1
n02676566_5231,acousticguitar,1,2
n02676566_5235,acousticguitar,1,3
n02676566_5241,acousticguitar,1,2
n02676566_5255,acousticguitar,1,3
n02676566_5256,acousticguitar,1,0
n02676566_5258,acousticguitar,1,2
n02676566_526,acousticguitar,1,3
n02676566_529,acousticguitar,1,3
n02676566_5319,acousticguitar,1,3
n02676566_5328,acousticguitar,1,3
n02676566_5355,acousticguitar,1,3
n02676566_5356,acousticguitar,1,0
n02676566_5363,acousticguitar,1,3
n02676566_5364,acousticguitar,1,4
n02676566_5367,acousticguitar,1,3
n02676566_5369,acousticguitar,1,4
n02676566_5372,acousticguitar,1,4
n02676566_5373,acousticguitar,1,2
n02676566_5375,acousticguitar,1,0
n02676566_5380,acousticguitar,1,2
n02676566_5390,acousticguitar,1,0
n02676566_54,acousticguitar,1,1
n02676566_5400,acousticguitar,1,1
n02676566_5405,acousticguitar,1,1
n02676566_5408,acousticguitar,1,4
n02676566_5411,acousticguitar,1,3
n02676566_5412,acousticguitar,1,1
n02676566_5416,acousticguitar,1,3
n02676566_5421,acousticguitar,1,3
n02676566_5427,acousticguitar,1,0
n02676566_5430,acousticguitar,1,3
n02676566_5437,acousticguitar,1,0
n02676566_5438,acousticguitar,1,1
n02676566_5448,acousticguitar,1,2
n02676566_5450,acousticguitar,1,4
n02676566_5453,acousticguitar,1,4
n02676566_5454,acousticguitar,1,1
n02676566_5457,acousticguitar,1,3
n02676566_5460,acousticguitar,1,2
n02676566_5461,acousticguitar,1,3
n02676566_5462,acousticguitar,1,0
n02676566_5464,acousticguitar,1,4
n02676566_5465,acousticguitar,1,1
n02676566_5466,acousticguitar,1,2
n02676566_5468,acousticguitar,1,2
n02676566_5476,acousticguitar,1,0
n02676566_5479,acousticguitar,1,2
n02676566_5480,acousticguitar,1,0
n02676566_5489,acousticguitar,1,3
n02676566_549,acousticguitar,1,0
n02676566_5492,acousticguitar,1,3
n02676566_5495,acousticguitar,1,2
n02676566_55,acousticguitar,1,3
n02676566_5500,acousticguitar,1,0
n02676566_5503,acousticguitar,1,1
n02676566_5507,acousticguitar,1,0
n02676566_5508,acousticguitar,1,0
n02676566_551,acousticguitar,1,1
n02676566_5514,acousticguitar,1,4
n02676566_5515,acousticguitar,1,4
n02676566_5518,acousticguitar,1,2
n02676566_552,acousticguitar,1,2
n02676566_5522,acousticguitar,1,0
n02676566_5524,acousticguitar,1,2
n02676566_5526,acousticguitar,1,2
n02676566_553,acousticguitar,1,2
n02676566_5534,acousticguitar,1,4
n02676566_5535,acousticguitar,1,4
n02676566_5537,acousticguitar,1,4
n02676566_5545,acousticguitar,1,0
n02676566_5551,acousticguitar,1,4
n02676566_5559,acousticguitar,1,4
n02676566_5585,acousticguitar,1,4
n02676566_5586,acousticguitar,1,2
n02676566_5591,acousticguitar,1,4
n02676566_5597,acousticguitar,1,3
n02676566_5610,acousticguitar,1,3
n02676566_5637,acousticguitar,1,4
n02676566_5640,acousticguitar,1,4
n02676566_5641,acousticguitar,1,2
n02676566_5645,acousticguitar,1,2
n02676566_5649,acousticguitar,1,2
n02676566_5684,acousticguitar,1,0
n02676566_5689,acousticguitar,1,1
n02676566_5713,acousticguitar,1,2
n02676566_5735,acousticguitar,1,2
n02676566_5742,acousticguitar,1,2
n02676566_5773,acousticguitar,1,3
n02676566_5776,acousticguitar,1,1
n02676566_5816,acousticguitar,1,3
n02676566_582,acousticguitar,1,2
n02676566_5830,acousticguitar,1,0
n02676566_584,acousticguitar,1,3
n02676566_5860,acousticguitar,1,4
n02676566_5861,acousticguitar,1,2
n02676566_5866,acousticguitar,1,2
n02676566_5871,acousticguitar,1,0
n02676566_5943,acousticguitar,1,1
n02676566_5951,acousticguitar,1,0
n02676566_596,acousticguitar,1,2
n02676566_5966,acousticguitar,1,1
n02676566_5979,acousticguitar,1,0
n02676566_60,acousticguitar,1,0
n02676566_600,acousticguitar,1,0
n02676566_602,acousticguitar,1,2
n02676566_6024,acousticguitar,1,1
n02676566_603,acousticguitar,1,1
n02676566_6030,acousticguitar,1,2
n02676566_606,acousticguitar,1,1
n02676566_6060,acousticguitar,1,4
n02676566_610,acousticguitar,1,0
n02676566_6111,acousticguitar,1,0
n02676566_6130,acousticguitar,1,0
n02676566_6150,acousticguitar,1,4
n02676566_6152,acousticguitar,1,2
n02676566_616,acousticguitar,1,1
n02676566_6172,acousticguitar,1,4
n02676566_6175,acousticguitar,1,2
n02676566_6178,acousticguitar,1,3
n02676566_6196,acousticguitar,1,1
n02676566_6200,acousticguitar,1,1
n02676566_6202,acousticguitar,1,4
n02676566_623,acousticguitar,1,0
n02676566_6234,acousticguitar,1,1
n02676566_6244,acousticguitar,1,1
n02676566_6245,acousticguitar,1,4
n02676566_6251,acousticguitar,1,2
n02676566_6253,acousticguitar,1,1
n02676566_6255,acousticguitar,1,1
n02676566_6260,acousticguitar,1,2
n02676566_6265,acousticguitar,1,4
n02676566_6268,acousticguitar,1,0
n02676566_6286,acousticguitar,1,1
n02676566_6289,acousticguitar,1,3
n02676566_6291,acousticguitar,1,3
n02676566_6292,acousticguitar,1,0
n02676566_6293,acousticguitar,1,3
n02676566_6302,acousticguitar,1,0
n02676566_6304,acousticguitar,1,4
n02676566_6306,acousticguitar,1,1
n02676566_6319,acousticguitar,1,0
n02676566_6320,acousticguitar,1,0
n02676566_6326,acousticguitar,1,3
n02676566_6329,acousticguitar,1,4
n02676566_6335,acousticguitar,1,3
n02676566_6341,acousticguitar,1,2
n02676566_6342,acousticguitar,1,3
n02676566_6343,acousticguitar,1,2
n02676566_6349,acousticguitar,1,4
n02676566_6351,acousticguitar,1,0
n02676566_6354,acousticguitar,1,1
n02676566_6355,acousticguitar,1,0
n02676566_6360,acousticguitar,1,3
n02676566_6361,acousticguitar,1,1
n02676566_6363,acousticguitar,1,3
n02676566_6370,acousticguitar,1,4
n02676566_6372,acousticguitar,1,4
n02676566_6375,acousticguitar,1,1
n02676566_6376,acousticguitar,1,3
n02676566_6377,acousticguitar,1,1
n02676566_6378,acousticguitar,1,0
n02676566_6380,acousticguitar,1,4
n02676566_6384,acousticguitar,1,0
n02676566_6390,acousticguitar,1,2
n02676566_6401,acousticguitar,1,3
n02676566_6402,acousticguitar,1,3
n02676566_6405,acousticguitar,1,4
n02676566_6409,acousticguitar,1,3
n02676566_6410,acousticguitar,1,4
n02676566_6412,acousticguitar,1,0
n02676566_6414,acousticguitar,1,2
n02676566_6421,acousticguitar,1,2
n02676566_6422,acousticguitar,1,3
n02676566_6425,acousticguitar,1,2
n02676566_6430,acousticguitar,1,0
n02676566_6435,acousticguitar,1,0
n02676566_6437,acousticguitar,1,3
n02676566_6438,acousticguitar,1,1
n02676566_644,acousticguitar,1,1
n02676566_6454,acousticguitar,1,0
n02676566_6460,acousticguitar,1,2
n02676566_6466,acousticguitar,1,3
n02676566_6467,acousticguitar,1,1
n02676566_6469,acousticguitar,1,0
n02676566_6478,acousticguitar,1,0
n02676566_6479,acousticguitar,1,2
n02676566_6489,acousticguitar,1,0
n02676566_6493,acousticguitar,1,2
n02676566_6494,acousticguitar,1,3
n02676566_650,acousticguitar,1,2
n02676566_6518,acousticguitar,1,1
n02676566_6527,acousticguitar,1,3
n02676566_6531,acousticguitar,1,0
n02676566_6532,acousticguitar,1,2
n02676566_654,acousticguitar,1,1
n02676566_6544,acousticguitar,1,4
n02676566_6547,acousticguitar,1,1
n02676566_6549,acousticguitar,1,1
n02676566_6551,acousticguitar,1,3
n02676566_6552,acousticguitar,1,2
n02676566_6554,acousticguitar,1,0
n02676566_6557,acousticguitar,1,1
n02676566_6559,acousticguitar,1,2
n02676566_656,acousticguitar,1,0
n02676566_6560,acousticguitar,1,2
n02676566_6563,acousticguitar,1,0
n02676566_6567,acousticguitar,1,3
n02676566_6569,acousticguitar,1,0
n02676566_6570,acousticguitar,1,3
n02676566_6571,acousticguitar,1,1
n02676566_6575,acousticguitar,1,1
n02676566_658,acousticguitar,1,2
n02676566_6580,acousticguitar,1,0
n02676566_6582,acousticguitar,1,0
n02676566_6583,acousticguitar,1,2
n02676566_6585,acousticguitar,1,1
n02676566_6588,acousticguitar,1,3
n02676566_6589,acousticguitar,1,0
n02676566_659,acousticguitar,1,4
n02676566_6590,acousticguitar,1,1
n02676566_6592,acousticguitar,1,4
n02676566_6596,acousticguitar,1,2
n02676566_6597,acousticguitar,1,0
n02676566_66,acousticguitar,1,4
n02676566_660,acousticguitar,1,0
n02676566_6601,acousticguitar,1,3
n02676566_6604,acousticguitar,1,0
n02676566_6613,acousticguitar,1,3
n02676566_6615,acousticguitar,1,1
n02676566_6625,acousticguitar,1,1
n02676566_6626,acousticguitar,1,1
n02676566_6631,acousticguitar,1,4
n02676566_6633,acousticguitar,1,3
n02676566_6634,acousticguitar,1,0
n02676566_6636,acousticguitar,1,4
n02676566_6637,acousticguitar,1,4
n02676566_6641,acousticguitar,1,1
n02676566_6644,acousticguitar,1,2
n02676566_6646,acousticguitar,1,2
n02676566_665,acousticguitar,1,2
n02676566_6652,acousticguitar,1,4
n02676566_6655,acousticguitar,1,0
n02676566_6658,acousticguitar,1,0
n02676566_6659,acousticguitar,1,2
n02676566_666,acousticguitar,1,4
n02676566_6660,acousticguitar,1,0
n02676566_6661,acousticguitar,1,1
n02676566_6663,acousticguitar,1,2
n02676566_6667,acousticguitar,1,3
n02676566_6669,acousticguitar,1,2
n02676566_667,acousticguitar,1,2
n02676566_6672,acousticguitar,1,0
n02676566_6673,acousticguitar,1,0
n02676566_6674,acousticguitar,1,1
n02676566_6677,acousticguitar,1,4
n02676566_6682,acousticguitar,1,2
n02676566_6683,acousticguitar,1,4
n02676566_6686,acousticguitar,1,0
n02676566_6687,acousticguitar,1,3
n02676566_6694,acousticguitar,1,0
n02676566_6698,acousticguitar,1,2
n02676566_6699,acousticguitar,1,4
n02676566_6700,acousticguitar,1,2
n02676566_6701,acousticguitar,1,3
n02676566_6702,acousticguitar,1,0
n02676566_6703,acousticguitar,1,3
n02676566_6704,acousticguitar,1,3
n02676566_6705,acousticguitar,1,1
n02676566_6707,acousticguitar,1,0
n02676566_6711,acousticguitar,1,4
n02676566_6713,acousticguitar,1,4
n02676566_672,acousticguitar,1,0
n02676566_6728,acousticguitar,1,2
n02676566_6729,acousticguitar,1,0
n02676566_6732,acousticguitar,1,2
n02676566_6733,acousticguitar,1,0
n02676566_6735,acousticguitar,1,1
n02676566_6737,acousticguitar,1,3
n02676566_6738,acousticguitar,1,0
n02676566_6740,acousticguitar,1,2
n02676566_6742,acousticguitar,1,3
n02676566_6744,acousticguitar,1,1
n02676566_6746,acousticguitar,1,3
n02676566_6748,acousticguitar,1,1
n02676566_6750,acousticguitar,1,1
n02676566_6753,acousticguitar,1,0
n02676566_6759,acousticguitar,1,0
n02676566_6760,acousticguitar,1,4
n02676566_6762,acousticguitar,1,3
n02676566_6763,acousticguitar,1,2
n02676566_6764,acousticguitar,1,4
n02676566_6765,acousticguitar,1,2
n02676566_6766,acousticguitar,1,1
n02676566_6770,acousticguitar,1,4
n02676566_6772,acousticguitar,1,2
n02676566_6775,acousticguitar,1,1
n02676566_6778,acousticguitar,1,4
n02676566_6785,acousticguitar,1,0
n02676566_6789,acousticguitar,1,4
n02676566_6792,acousticguitar,1,3
n02676566_6796,acousticguitar,1,1
n02676566_6797,acousticguitar,1,3
n02676566_6799,acousticguitar,1,1
n02676566_6801,acousticguitar,1,1
n02676566_6802,acousticguitar,1,1
n02676566_6810,acousticguitar,1,1
n02676566_6814,acousticguitar,1,0
n02676566_6819,acousticguitar,1,2
n02676566_682,acousticguitar,1,2
n02676566_6820,acousticguitar,1,2
n02676566_6822,acousticguitar,1,0
n02676566_6823,acousticguitar,1,4
n02676566_6826,acousticguitar,1,1
n02676566_6827,acousticguitar,1,3
n02676566_683,acousticguitar,1,4
n02676566_6833,acousticguitar,1,0
n02676566_6835,acousticguitar,1,2
n02676566_6838,acousticguitar,1,3
n02676566_6839,acousticguitar,1,4
n02676566_684,acousticguitar,1,2
n02676566_6842,acousticguitar,1,1
n02676566_6843,acousticguitar,1,3
n02676566_6851,acousticguitar,1,1
n02676566_6855,acousticguitar,1,1
n02676566_6856,acousticguitar,1,4
n02676566_6857,acousticguitar,1,0
n02676566_6858,acousticguitar,1,3
n02676566_6861,acousticguitar,1,0
n02676566_6864,acousticguitar,1,4
n02676566_6865,acousticguitar,1,0
n02676566_6868,acousticguitar,1,3
n02676566_6869,acousticguitar,1,0
n02676566_6870,acousticguitar,1,1
n02676566_6871,acousticguitar,1,1
n02676566_6875,acousticguitar,1,3
n02676566_6878,acousticguitar,1,3
n02676566_688,acousticguitar,1,4
n02676566_6881,acousticguitar,1,3
n02676566_6883,acousticguitar,1,1
n02676566_6885,acousticguitar,1,0
n02676566_6889,acousticguitar,1,0
n02676566_6893,acousticguitar,1,3
n02676566_6896,acousticguitar,1,3
n02676566_6898,acousticguitar,1,2
n02676566_6899,acousticguitar,1,4
n02676566_6904,acousticguitar,1,3
n02676566_6905,acousticguitar,1,4
n02676566_6906,acousticguitar,1,3
n02676566_6909,acousticguitar,1,3
n02676566_6910,acousticguitar,1,4
n02676566_6912,acousticguitar,1,0
n02676566_6913,acousticguitar,1,2
n02676566_6914,acousticguitar,1,0
n02676566_6915,acousticguitar,1,1
n02676566_6916,acousticguitar,1,1
n02676566_6917,acousticguitar,1,1
n02676566_6918,acousticguitar,1,1
n02676566_6919,acousticguitar,1,2
n02676566_692,acousticguitar,1,3
n02676566_6920,acousticguitar,1,3
n02676566_6922,acousticguitar,1,2
n02676566_6924,acousticguitar,1,0
n02676566_6927,acousticguitar,1,0
n02676566_6928,acousticguitar,1,4
n02676566_6929,acousticguitar,1,3
n02676566_6930,acousticguitar,1,3
n02676566_6931,acousticguitar,1,4
n02676566_6932,acousticguitar,1,4
n02676566_6935,acousticguitar,1,4
n02676566_6939,acousticguitar,1,0
n02676566_694,acousticguitar,1,3
n02676566_6941,acousticguitar,1,4
n02676566_6942,acousticguitar,1,2
n02676566_6948,acousticguitar,1,3
n02676566_6949,acousticguitar,1,1
n02676566_6950,acousticguitar,1,1
n02676566_6951,acousticguitar,1,0
n02676566_6952,acousticguitar,1,4
n02676566_6953,acousticguitar,1,3
n02676566_6954,acousticguitar,1,2
n02676566_6957,acousticguitar,1,3
n02676566_6959,acousticguitar,1,3
n02676566_6960,acousticguitar,1,0
n02676566_6961,acousticguitar,1,4
n02676566_6962,acousticguitar,1,3
n02676566_6965,acousticguitar,1,0
n02676566_6966,acousticguitar,1,4
n02676566_6968,acousticguitar,1,0
n02676566_6969,acousticguitar,1,4
n02676566_697,acousticguitar,1,2
n02676566_6971,acousticguitar,1,4
n02676566_6974,acousticguitar,1,4
n02676566_6977,acousticguitar,1,3
n02676566_6979,acousticguitar,1,1
n02676566_6980,acousticguitar,1,4
n02676566_6981,acousticguitar,1,2
n02676566_6982,acousticguitar,1,0
n02676566_6984,acousticguitar,1,1
n02676566_6985,acousticguitar,1,2
n02676566_6990,acousticguitar,1,1
n02676566_6991,acousticguitar,1,0
n02676566_6994,acousticguitar,1,0
n02676566_6997,acousticguitar,1,3
n02676566_6998,acousticguitar,1,4
n02676566_7,acousticguitar,1,0
n02676566_700,acousticguitar,1,2
n02676566_7000,acousticguitar,1,1
n02676566_7002,acousticguitar,1,2
n02676566_7004,acousticguitar,1,3
n02676566_701,acousticguitar,1,1
n02676566_7010,acousticguitar,1,4
n02676566_7011,acousticguitar,1,0
n02676566_7012,acousticguitar,1,3
n02676566_7015,acousticguitar,1,1
n02676566_7018,acousticguitar,1,3
n02676566_7020,acousticguitar,1,1
n02676566_7023,acousticguitar,1,4
n02676566_7024,acousticguitar,1,4
n02676566_7026,acousticguitar,1,1
n02676566_7030,acousticguitar,1,0
n02676566_7032,acousticguitar,1,3
n02676566_7033,acousticguitar,1,2
n02676566_7036,acousticguitar,1,0
n02676566_704,acousticguitar,1,4
n02676566_7040,acousticguitar,1,2
n02676566_7041,acousticguitar,1,3
n02676566_7042,acousticguitar,1,2
n02676566_7045,acousticguitar,1,2
n02676566_7048,acousticguitar,1,1
n02676566_7049,acousticguitar,1,0
n02676566_7059,acousticguitar,1,4
n02676566_7063,acousticguitar,1,2
n02676566_7075,acousticguitar,1,3
n02676566_7076,acousticguitar,1,4
n02676566_7077,acousticguitar,1,3
n02676566_7083,acousticguitar,1,2
n02676566_7085,acousticguitar,1,3
n02676566_7087,acousticguitar,1,3
n02676566_7089,acousticguitar,1,2
n02676566_7090,acousticguitar,1,2
n02676566_7092,acousticguitar,1,2
n02676566_7094,acousticguitar,1,2
n02676566_7095,acousticguitar,1,0
n02676566_7099,acousticguitar,1,3
n02676566_71,acousticguitar,1,0
n02676566_710,acousticguitar,1,4
n02676566_7100,acousticguitar,1,1
n02676566_7102,acousticguitar,1,1
n02676566_7103,acousticguitar,1,3
n02676566_7108,acousticguitar,1,4
n02676566_7109,acousticguitar,1,0
n02676566_711,acousticguitar,1,1
n02676566_7110,acousticguitar,1,2
n02676566_7113,acousticguitar,1,4
n02676566_7115,acousticguitar,1,1
n02676566_7117,acousticguitar,1,1
n02676566_7118,acousticguitar,1,3
n02676566_7120,acousticguitar,1,1
n02676566_7123,acousticguitar,1,0
n02676566_7124,acousticguitar,1,0
n02676566_7129,acousticguitar,1,1
n02676566_7132,acousticguitar,1,2
n02676566_7133,acousticguitar,1,3
n02676566_7136,acousticguitar,1,2
n02676566_7152,acousticguitar,1,2
n02676566_7155,acousticguitar,1,2
n02676566_7170,acousticguitar,1,4
n02676566_7172,acousticguitar,1,2
n02676566_7176,acousticguitar,1,3
n02676566_7185,acousticguitar,1,1
n02676566_7200,acousticguitar,1,4
n02676566_7202,acousticguitar,1,4
n02676566_7207,acousticguitar,1,3
n02676566_7211,acousticguitar,1,4
n02676566_7219,acousticguitar,1,2
n02676566_722,acousticguitar,1,3
n02676566_7220,acousticguitar,1,0
n02676566_7226,acousticguitar,1,2
n02676566_7231,acousticguitar,1,1
n02676566_7234,acousticguitar,1,0
n02676566_7236,acousticguitar,1,4
n02676566_7244,acousticguitar,1,1
n02676566_7250,acousticguitar,1,2
n02676566_7282,acousticguitar,1,4
n02676566_729,acousticguitar,1,4
n02676566_7291,acousticguitar,1,2
n02676566_7296,acousticguitar,1,1
n02676566_730,acousticguitar,1,4
n02676566_7307,acousticguitar,1,1
n02676566_7309,acousticguitar,1,2
n02676566_731,acousticguitar,1,1
n02676566_7313,acousticguitar,1,4
n02676566_7316,acousticguitar,1,1
n02676566_7317,acousticguitar,1,2
n02676566_7319,acousticguitar,1,3
n02676566_732,acousticguitar,1,4
n02676566_7320,acousticguitar,1,1
n02676566_7326,acousticguitar,1,0
n02676566_733,acousticguitar,1,0
n02676566_7330,acousticguitar,1,0
n02676566_7331,acousticguitar,1,2
n02676566_7343,acousticguitar,1,2
n02676566_7349,acousticguitar,1,1
n02676566_7359,acousticguitar,1,3
n02676566_7362,acousticguitar,1,3
n02676566_7363,acousticguitar,1,0
n02676566_7383,acousticguitar,1,3
n02676566_7385,acousticguitar,1,1
n02676566_7389,acousticguitar,1,2
n02676566_739,acousticguitar,1,1
n02676566_7392,acousticguitar,1,2
n02676566_7396,acousticguitar,1,2
n02676566_7399,acousticguitar,1,2
n02676566_7408,acousticguitar,1,4
n02676566_741,acousticguitar,1,2
n02676566_7422,acousticguitar,1,4
n02676566_7435,acousticguitar,1,1
n02676566_744,acousticguitar,1,4
n02676566_7442,acousticguitar,1,2
n02676566_7443,acousticguitar,1,3
n02676566_7464,acousticguitar,1,4
n02676566_7470,acousticguitar,1,2
n02676566_7476,acousticguitar,1,1
n02676566_7477,acousticguitar,1,1
n02676566_7483,acousticguitar,1,0
n02676566_7487,acousticguitar,1,2
n02676566_7509,acousticguitar,1,0
n02676566_7510,acousticguitar,1,1
n02676566_7511,acousticguitar,1,4
n02676566_7516,acousticguitar,1,0
n02676566_752,acousticguitar,1,3
n02676566_7524,acousticguitar,1,2
n02676566_7536,acousticguitar,1,2
n02676566_7543,acousticguitar,1,3
n02676566_7551,acousticguitar,1,0
n02676566_7569,acousticguitar,1,0
n02676566_758,acousticguitar,1,1
n02676566_759,acousticguitar,1,4
n02676566_76,acousticguitar,1,2
n02676566_7602,acousticguitar,1,3
n02676566_7612,acousticguitar,1,2
n02676566_7613,acousticguitar,1,4
n02676566_762,acousticguitar,1,2
n02676566_7656,acousticguitar,1,1
n02676566_767,acousticguitar,1,2
n02676566_769,acousticguitar,1,1
n02676566_7690,acousticguitar,1,4
n02676566_77,acousticguitar,1,2
n02676566_771,acousticguitar,1,3
n02676566_7718,acousticguitar,1,4
n02676566_7721,acousticguitar,1,4
n02676566_7724,acousticguitar,1,3
n02676566_773,acousticguitar,1,0
n02676566_7759,acousticguitar,1,1
n02676566_7760,acousticguitar,1,3
n02676566_777,acousticguitar,1,0
n02676566_7770,acousticguitar,1,4
n02676566_7776,acousticguitar,1,3
n02676566_7788,acousticguitar,1,1
n02676566_7795,acousticguitar,1,2
n02676566_781,acousticguitar,1,1
n02676566_7815,acousticguitar,1,3
n02676566_782,acousticguitar,1,0
n02676566_7830,acousticguitar,1,4
n02676566_7836,acousticguitar,1,2
n02676566_7837,acousticguitar,1,3
n02676566_7844,acousticguitar,1,0
n02676566_7852,acousticguitar,1,2
n02676566_786,acousticguitar,1,3
n02676566_7860,acousticguitar,1,3
n02676566_787,acousticguitar,1,1
n02676566_7879,acousticguitar,1,0
n02676566_7885,acousticguitar,1,4
n02676566_7886,acousticguitar,1,2
n02676566_7891,acousticguitar,1,2
n02676566_7892,acousticguitar,1,1
n02676566_7893,acousticguitar,1,2
n02676566_7895,acousticguitar,1,4
n02676566_790,acousticguitar,1,0
n02676566_7914,acousticguitar,1,0
n02676566_7915,acousticguitar,1,3
n02676566_792,acousticguitar,1,1
n02676566_7927,acousticguitar,1,4
n02676566_7930,acousticguitar,1,1
n02676566_7954,acousticguitar,1,1
n02676566_7969,acousticguitar,1,2
n02676566_7972,acousticguitar,1,0
n02676566_7976,acousticguitar,1,4
n02676566_7985,acousticguitar,1,1
n02676566_7989,acousticguitar,1,4
n02676566_7997,acousticguitar,1,3
n02676566_8001,acousticguitar,1,0
n02676566_8017,acousticguitar,1,2
n02676566_802,acousticguitar,1,1
n02676566_8026,acousticguitar,1,1
n02676566_8038,acousticguitar,1,4
n02676566_8039,acousticguitar,1,0
n02676566_8040,acousticguitar,1,0
n02676566_8041,acousticguitar,1,2
n02676566_8042,acousticguitar,1,3
n02676566_8043,acousticguitar,1,4
n02676566_8044,acousticguitar,1,0
n02676566_8045,acousticguitar,1,4
n02676566_8047,acousticguitar,1,0
n02676566_8049,acousticguitar,1,3
n02676566_8050,acousticguitar,1,2
n02676566_8053,acousticguitar,1,3
n02676566_8055,acousticguitar,1,1
n02676566_8057,acousticguitar,1,2
n02676566_8058,acousticguitar,1,4
n02676566_8059,acousticguitar,1,2
n02676566_806,acousticguitar,1,2
n02676566_8061,acousticguitar,1,3
n02676566_8064,acousticguitar,1,1
n02676566_8065,acousticguitar,1,0
n02676566_8068,acousticguitar,1,3
n02676566_8069,acousticguitar,1,2
n02676566_8070,acousticguitar,1,1
n02676566_8072,acousticguitar,1,2
n02676566_8073,acousticguitar,1,1
n02676566_8074,acousticguitar,1,1
n02676566_8075,acousticguitar,1,3
n02676566_8076,acousticguitar,1,1
n02676566_8078,acousticguitar,1,0
n02676566_8079,acousticguitar,1,0
n02676566_8080,acousticguitar,1,0
n02676566_8081,acousticguitar,1,1
n02676566_8082,acousticguitar,1,2
n02676566_8083,acousticguitar,1,0
n02676566_8084,acousticguitar,1,0
n02676566_8086,acousticguitar,1,2
n02676566_8088,acousticguitar,1,3
n02676566_8096,acousticguitar,1,3
n02676566_8097,acousticguitar,1,1
n02676566_81,acousticguitar,1,0
n02676566_8100,acousticguitar,1,2
n02676566_8111,acousticguitar,1,3
n02676566_8117,acousticguitar,1,0
n02676566_8122,acousticguitar,1,0
n02676566_8123,acousticguitar,1,2
n02676566_8133,acousticguitar,1,3
n02676566_814,acousticguitar,1,0
n02676566_8140,acousticguitar,1,1
n02676566_8141,acousticguitar,1,4
n02676566_8143,acousticguitar,1,0
n02676566_8148,acousticguitar,1,2
n02676566_8152,acousticguitar,1,2
n02676566_8153,acousticguitar,1,2
n02676566_816,acousticguitar,1,4
n02676566_8162,acousticguitar,1,1
n02676566_817,acousticguitar,1,2
n02676566_8170,acousticguitar,1,1
n02676566_8174,acousticguitar,1,1
n02676566_8176,acousticguitar,1,0
n02676566_8186,acousticguitar,1,3
n02676566_8189,acousticguitar,1,4
n02676566_8192,acousticguitar,1,1
n02676566_8195,acousticguitar,1,3
n02676566_8197,acousticguitar,1,2
n02676566_8199,acousticguitar,1,2
n02676566_82,acousticguitar,1,3
n02676566_8203,acousticguitar,1,2
n02676566_8208,acousticguitar,1,3
n02676566_821,acousticguitar,1,3
n02676566_8211,acousticguitar,1,1
n02676566_8213,acousticguitar,1,1
n02676566_8214,acousticguitar,1,0
n02676566_8228,acousticguitar,1,3
n02676566_8229,acousticguitar,1,0
n02676566_8233,acousticguitar,1,3
n02676566_8240,acousticguitar,1,4
n02676566_825,acousticguitar,1,3
n02676566_8255,acousticguitar,1,2
n02676566_8264,acousticguitar,1,3
n02676566_8268,acousticguitar,1,3
n02676566_8270,acousticguitar,1,4
n02676566_8275,acousticguitar,1,2
n02676566_8278,acousticguitar,1,1
n02676566_8281,acousticguitar,1,4
n02676566_8282,acousticguitar,1,0
n02676566_8284,acousticguitar,1,1
n02676566_8298,acousticguitar,1,1
n02676566_8303,acousticguitar,1,4
n02676566_8305,acousticguitar,1,2
n02676566_8309,acousticguitar,1,4
n02676566_8310,acousticguitar,1,0
n02676566_8325,acousticguitar,1,0
n02676566_8328,acousticguitar,1,1
n02676566_8333,acousticguitar,1,1
n02676566_8335,acousticguitar,1,3
n02676566_834,acousticguitar,1,2
n02676566_8341,acousticguitar,1,2
n02676566_8347,acousticguitar,1,3
n02676566_8352,acousticguitar,1,0
n02676566_8354,acousticguitar,1,1
n02676566_8363,acousticguitar,1,0
n02676566_837,acousticguitar,1,3
n02676566_8370,acousticguitar,1,3
n02676566_8371,acousticguitar,1,4
n02676566_8376,acousticguitar,1,2
n02676566_8378,acousticguitar,1,3
n02676566_8384,acousticguitar,1,1
n02676566_8389,acousticguitar,1,0
n02676566_839,acousticguitar,1,0
n02676566_8391,acousticguitar,1,3
n02676566_84,acousticguitar,1,3
n02676566_8406,acousticguitar,1,2
n02676566_841,acousticguitar,1,1
n02676566_8412,acousticguitar,1,1
n02676566_8417,acousticguitar,1,0
n02676566_8423,acousticguitar,1,2
n02676566_8424,acousticguitar,1,4
n02676566_844,acousticguitar,1,3
n02676566_8444,acousticguitar,1,0
n02676566_8467,acousticguitar,1,2
n02676566_847,acousticguitar,1,3
n02676566_8473,acousticguitar,1,0
n02676566_8474,acousticguitar,1,3
n02676566_8477,acousticguitar,1,0
n02676566_848,acousticguitar,1,0
n02676566_8502,acousticguitar,1,2
n02676566_8506,acousticguitar,1,0
n02676566_851,acousticguitar,1,0
n02676566_8511,acousticguitar,1,0
n02676566_8525,acousticguitar,1,0
n02676566_8531,acousticguitar,1,1
n02676566_8533,acousticguitar,1,2
n02676566_8539,acousticguitar,1,0
n02676566_8542,acousticguitar,1,0
n02676566_8545,acousticguitar,1,2
n02676566_8549,acousticguitar,1,3
n02676566_8553,acousticguitar,1,0
n02676566_8559,acousticguitar,1,1
n02676566_857,acousticguitar,1,4
n02676566_8571,acousticguitar,1,4
n02676566_8588,acousticguitar,1,4
n02676566_8605,acousticguitar,1,4
n02676566_8609,acousticguitar,1,4
n02676566_8618,acousticguitar,1,4
n02676566_8622,acousticguitar,1,1
n02676566_8625,acousticguitar,1,3
n02676566_863,acousticguitar,1,0
n02676566_8631,acousticguitar,1,4
n02676566_8634,acousticguitar,1,4
n02676566_867,acousticguitar,1,3
n02676566_8671,acousticguitar,1,4
n02676566_8673,acousticguitar,1,0
n02676566_868,acousticguitar,1,0
n02676566_8684,acousticguitar,1,2
n02676566_8694,acousticguitar,1,4
n02676566_870,acousticguitar,1,3
n02676566_8701,acousticguitar,1,3
n02676566_8706,acousticguitar,1,4
n02676566_871,acousticguitar,1,4
n02676566_8716,acousticguitar,1,1
n02676566_8723,acousticguitar,1,4
n02676566_8725,acousticguitar,1,1
n02676566_8726,acousticguitar,1,3
n02676566_8735,acousticguitar,1,2
n02676566_8736,acousticguitar,1,4
n02676566_874,acousticguitar,1,0
n02676566_8740,acousticguitar,1,2
n02676566_8741,acousticguitar,1,3
n02676566_8745,acousticguitar,1,3
n02676566_8756,acousticguitar,1,1
n02676566_8758,acousticguitar,1,4
n02676566_8768,acousticguitar,1,3
n02676566_877,acousticguitar,1,3
n02676566_8773,acousticguitar,1,0
n02676566_8775,acousticguitar,1,1
n02676566_879,acousticguitar,1,2
n02676566_8799,acousticguitar,1,1
n02676566_8805,acousticguitar,1,3
n02676566_8808,acousticguitar,1,2
n02676566_8809,acousticguitar,1,2
n02676566_8810,acousticguitar,1,1
n02676566_8814,acousticguitar,1,3
n02676566_8817,acousticguitar,1,2
n02676566_8819,acousticguitar,1,0
n02676566_8820,acousticguitar,1,0
n02676566_8821,acousticguitar,1,1
n02676566_8822,acousticguitar,1,2
n02676566_8824,acousticguitar,1,4
n02676566_8828,acousticguitar,1,3
n02676566_8829,acousticguitar,1,1
n02676566_8831,acousticguitar,1,3
n02676566_8833,acousticguitar,1,0
n02676566_8836,acousticguitar,1,1
n02676566_8838,acousticguitar,1,4
n02676566_8839,acousticguitar,1,1
n02676566_884,acousticguitar,1,2
n02676566_8842,acousticguitar,1,1
n02676566_8843,acousticguitar,1,3
n02676566_8846,acousticguitar,1,3
n02676566_8847,acousticguitar,1,1
n02676566_8848,acousticguitar,1,0
n02676566_8849,acousticguitar,1,0
n02676566_885,acousticguitar,1,2
n02676566_8850,acousticguitar,1,4
n02676566_8851,acousticguitar,1,0
n02676566_8853,acousticguitar,1,1
n02676566_8854,acousticguitar,1,2
n02676566_8855,acousticguitar,1,0
n02676566_8856,acousticguitar,1,2
n02676566_8857,acousticguitar,1,4
n02676566_8859,acousticguitar,1,1
n02676566_8861,acousticguitar,1,0
n02676566_8862,acousticguitar,1,4
n02676566_8863,acousticguitar,1,3
n02676566_8864,acousticguitar,1,4
n02676566_8865,acousticguitar,1,1
n02676566_8866,acousticguitar,1,1
n02676566_8867,acousticguitar,1,1
n02676566_8868,acousticguitar,1,0
n02676566_8869,acousticguitar,1,2
n02676566_8871,acousticguitar,1,1
n02676566_8872,acousticguitar,1,4
n02676566_8873,acousticguitar,1,1
n02676566_8875,acousticguitar,1,2
n02676566_8876,acousticguitar,1,4
n02676566_8880,acousticguitar,1,0
n02676566_8881,acousticguitar,1,3
n02676566_8882,acousticguitar,1,2
n02676566_8883,acousticguitar,1,2
n02676566_8884,acousticguitar,1,1
n02676566_8886,acousticguitar,1,1
n02676566_8888,acousticguitar,1,1
n02676566_8889,acousticguitar,1,2
n02676566_889,acousticguitar,1,0
n02676566_8890,acousticguitar,1,4
n02676566_8892,acousticguitar,1,3
n02676566_8893,acousticguitar,1,0
n02676566_8895,acousticguitar,1,4
n02676566_8896,acousticguitar,1,4
n02676566_8897,acousticguitar,1,2
n02676566_8899,acousticguitar,1,3
n02676566_8900,acousticguitar,1,3
n02676566_8901,acousticguitar,1,3
n02676566_8902,acousticguitar,1,3
n02676566_8907,acousticguitar,1,0
n02676566_8908,acousticguitar,1,2
n02676566_8909,acousticguitar,1,0
n02676566_8910,acousticguitar,1,2
n02676566_8911,acousticguitar,1,2
n02676566_8914,acousticguitar,1,3
n02676566_8916,acousticguitar,1,4
n02676566_8917,acousticguitar,1,3
n02676566_8918,acousticguitar,1,2
n02676566_8919,acousticguitar,1,4
n02676566_8922,acousticguitar,1,3
n02676566_8923,acousticguitar,1,1
n02676566_8924,acousticguitar,1,3
n02676566_8925,acousticguitar,1,0
n02676566_8938,acousticguitar,1,4
n02676566_8943,acousticguitar,1,4
n02676566_8946,acousticguitar,1,4
n02676566_8948,acousticguitar,1,0
n02676566_895,acousticguitar,1,1
n02676566_8957,acousticguitar,1,4
n02676566_8968,acousticguitar,1,2
n02676566_8970,acousticguitar,1,1
n02676566_8971,acousticguitar,1,3
n02676566_8983,acousticguitar,1,3
n02676566_8989,acousticguitar,1,2
n02676566_8993,acousticguitar,1,2
n02676566_8994,acousticguitar,1,3
n02676566_8997,acousticguitar,1,0
n02676566_8999,acousticguitar,1,3
n02676566_9,acousticguitar,1,0
n02676566_900,acousticguitar,1,2
n02676566_9001,acousticguitar,1,1
n02676566_901,acousticguitar,1,0
n02676566_9016,acousticguitar,1,0
n02676566_9026,acousticguitar,1,0
n02676566_9027,acousticguitar,1,2
n02676566_9028,acousticguitar,1,2
n02676566_9032,acousticguitar,1,2
n02676566_904,acousticguitar,1,4
n02676566_9041,acousticguitar,1,3
n02676566_9044,acousticguitar,1,3
n02676566_905,acousticguitar,1,1
n02676566_9054,acousticguitar,1,2
n02676566_9055,acousticguitar,1,3
n02676566_906,acousticguitar,1,0
n02676566_9062,acousticguitar,1,0
n02676566_9066,acousticguitar,1,4
n02676566_9067,acousticguitar,1,1
n02676566_907,acousticguitar,1,3
n02676566_9070,acousticguitar,1,1
n02676566_9084,acousticguitar,1,1
n02676566_9085,acousticguitar,1,0
n02676566_9106,acousticguitar,1,2
n02676566_911,acousticguitar,1,0
n02676566_912,acousticguitar,1,4
n02676566_9126,acousticguitar,1,4
n02676566_915,acousticguitar,1,1
n02676566_9220,acousticguitar,1,3
n02676566_9224,acousticguitar,1,3
n02676566_9242,acousticguitar,1,3
n02676566_9254,acousticguitar,1,1
n02676566_9262,acousticguitar,1,3
n02676566_927,acousticguitar,1,1
n02676566_9277,acousticguitar,1,4
n02676566_9296,acousticguitar,1,2
n02676566_931,acousticguitar,1,2
n02676566_9311,acousticguitar,1,1
n02676566_9312,acousticguitar,1,3
n02676566_933,acousticguitar,1,4
n02676566_934,acousticguitar,1,0
n02676566_9345,acousticguitar,1,0
n02676566_935,acousticguitar,1,4
n02676566_936,acousticguitar,1,4
n02676566_9396,acousticguitar,1,3
n02676566_940,acousticguitar,1,0
n02676566_9403,acousticguitar,1,4
n02676566_9407,acousticguitar,1,1
n02676566_9413,acousticguitar,1,0
n02676566_9414,acousticguitar,1,4
n02676566_9422,acousticguitar,1,3
n02676566_9425,acousticguitar,1,2
n02676566_943,acousticguitar,1,4
n02676566_9431,acousticguitar,1,0
n02676566_9434,acousticguitar,1,3
n02676566_9438,acousticguitar,1,4
n02676566_9439,acousticguitar,1,3
n02676566_944,acousticguitar,1,0
n02676566_9440,acousticguitar,1,2
n02676566_9446,acousticguitar,1,1
n02676566_9451,acousticguitar,1,3
n02676566_9458,acousticguitar,1,3
n02676566_9459,acousticguitar,1,2
n02676566_946,acousticguitar,1,2
n02676566_9462,acousticguitar,1,4
n02676566_9463,acousticguitar,1,1
n02676566_9469,acousticguitar,1,2
n02676566_947,acousticguitar,1,1
n02676566_9471,acousticguitar,1,3
n02676566_9473,acousticguitar,1,2
n02676566_9475,acousticguitar,1,3
n02676566_9479,acousticguitar,1,0
n02676566_9480,acousticguitar,1,0
n02676566_9482,acousticguitar,1,2
n02676566_9483,acousticguitar,1,3
n02676566_9485,acousticguitar,1,3
n02676566_9490,acousticguitar,1,2
n02676566_9493,acousticguitar,1,1
n02676566_9494,acousticguitar,1,3
n02676566_9499,acousticguitar,1,0
n02676566_9501,acousticguitar,1,4
n02676566_9503,acousticguitar,1,4
n02676566_9510,acousticguitar,1,2
n02676566_9511,acousticguitar,1,4
n02676566_9513,acousticguitar,1,4
n02676566_9515,acousticguitar,1,3
n02676566_9519,acousticguitar,1,0
n02676566_9532,acousticguitar,1,4
n02676566_9538,acousticguitar,1,4
n02676566_9539,acousticguitar,1,1
n02676566_9540,acousticguitar,1,4
n02676566_9548,acousticguitar,1,1
n02676566_9549,acousticguitar,1,2
n02676566_9558,acousticguitar,1,3
n02676566_9561,acousticguitar,1,0
n02676566_9562,acousticguitar,1,0
n02676566_9566,acousticguitar,1,3
n02676566_9569,acousticguitar,1,3
n02676566_9570,acousticguitar,1,0
n02676566_9572,acousticguitar,1,2
n02676566_9573,acousticguitar,1,4
n02676566_9575,acousticguitar,1,3
n02676566_9577,acousticguitar,1,3
n02676566_9578,acousticguitar,1,3
n02676566_958,acousticguitar,1,0
n02676566_9580,acousticguitar,1,0
n02676566_9582,acousticguitar,1,4
n02676566_9589,acousticguitar,1,1
n02676566_9591,acousticguitar,1,4
n02676566_9593,acousticguitar,1,3
n02676566_9597,acousticguitar,1,0
n02676566_9598,acousticguitar,1,1
n02676566_9600,acousticguitar,1,0
n02676566_9606,acousticguitar,1,2
n02676566_9611,acousticguitar,1,3
n02676566_9637,acousticguitar,1,0
n02676566_9639,acousticguitar,1,2
n02676566_9643,acousticguitar,1,2
n02676566_9648,acousticguitar,1,0
n02676566_965,acousticguitar,1,4
n02676566_9654,acousticguitar,1,4
n02676566_9656,acousticguitar,1,1
n02676566_9657,acousticguitar,1,4
n02676566_966,acousticguitar,1,1
n02676566_9661,acousticguitar,1,1
n02676566_9667,acousticguitar,1,4
n02676566_9668,acousticguitar,1,0
n02676566_9670,acousticguitar,1,2
n02676566_9687,acousticguitar,1,2
n02676566_9688,acousticguitar,1,0
n02676566_9691,acousticguitar,1,4
n02676566_9697,acousticguitar,1,1
n02676566_970,acousticguitar,1,2
n02676566_9708,acousticguitar,1,1
n02676566_9709,acousticguitar,1,2
n02676566_9726,acousticguitar,1,4
n02676566_9729,acousticguitar,1,1
n02676566_9757,acousticguitar,1,0
n02676566_9761,acousticguitar,1,1
n02676566_9767,acousticguitar,1,3
n02676566_977,acousticguitar,1,3
n02676566_9771,acousticguitar,1,0
n02676566_9790,acousticguitar,1,1
n02676566_98,acousticguitar,1,0
n02676566_9802,acousticguitar,1,1
n02676566_9812,acousticguitar,1,2
n02676566_9814,acousticguitar,1,0
n02676566_9819,acousticguitar,1,0
n02676566_9827,acousticguitar,1,4
n02676566_9832,acousticguitar,1,2
n02676566_984,acousticguitar,1,0
n02676566_9846,acousticguitar,1,4
n02676566_9847,acousticguitar,1,2
n02676566_9857,acousticguitar,1,1
n02676566_9874,acousticguitar,1,1
n02676566_9878,acousticguitar,1,1
n02676566_9883,acousticguitar,1,0
n02676566_9889,acousticguitar,1,4
n02676566_9892,acousticguitar,1,3
n02676566_9898,acousticguitar,1,3
n02676566_99,acousticguitar,1,3
n02676566_990,acousticguitar,1,4
n02676566_9907,acousticguitar,1,0
n02676566_9913,acousticguitar,1,1
n02676566_992,acousticguitar,1,0
n02676566_9921,acousticguitar,1,0
n02676566_9926,acousticguitar,1,3
n02676566_9936,acousticguitar,1,2
n02676566_995,acousticguitar,1,1
n02676566_9954,acousticguitar,1,2
n02676566_9968,acousticguitar,1,2
n02676566_9972,acousticguitar,1,4
n02676566_9987,acousticguitar,1,4
n02676566_999,acousticguitar,1,3
n02676566_9992,acousticguitar,1,4
n04536866_1000,violin,1,1
n04536866_10016,violin,1,1
n04536866_10060,violin,1,0
n04536866_10072,violin,1,1
n04536866_10076,violin,1,2
n04536866_10085,violin,1,0
n04536866_10093,violin,1,0
n04536866_1010,violin,1,3
n04536866_10120,violin,1,2
n04536866_10128,violin,1,1
n04536866_10133,violin,1,3
n04536866_10148,violin,1,0
n04536866_10155,violin,1,3
n04536866_10171,violin,1,1
n04536866_10177,violin,1,2
n04536866_1018,violin,1,2
n04536866_10185,violin,1,2
n04536866_1019,violin,1,1
n04536866_10191,violin,1,4
n04536866_1020,violin,1,4
n04536866_10214,violin,1,3
n04536866_10215,violin,1,4
n04536866_10228,violin,1,4
n04536866_10237,violin,1,2
n04536866_10249,violin,1,1
n04536866_10263,violin,1,0
n04536866_10276,violin,1,2
n04536866_10286,violin,1,4
n04536866_10294,violin,1,0
n04536866_10302,violin,1,4
n04536866_10315,violin,1,4
n04536866_10317,violin,1,4
n04536866_10322,violin,1,4
n04536866_10354,violin,1,3
n04536866_10358,violin,1,4
n04536866_10367,violin,1,0
n04536866_10368,violin,1,3
n04536866_10370,violin,1,3
n04536866_10375,violin,1,4
n04536866_10392,violin,1,0
n04536866_10397,violin,1,3
n04536866_104,violin,1,3
n04536866_10402,violin,1,3
n04536866_10404,violin,1,0
n04536866_10408,violin,1,2
n04536866_10419,violin,1,2
n04536866_1042,violin,1,4
n04536866_10420,violin,1,1
n04536866_10428,violin,1,1
n04536866_10430,violin,1,3
n04536866_10433,violin,1,4
n04536866_10449,violin,1,3
n04536866_10458,violin,1,1
n04536866_10461,violin,1,1
n04536866_10466,violin,1,1
n04536866_10469,violin,1,1
n04536866_10471,violin,1,3
n04536866_10472,violin,1,3
n04536866_10474,violin,1,1
n04536866_10476,violin,1,0
n04536866_10481,violin,1,0
n04536866_10484,violin,1,4
n04536866_10488,violin,1,3
n04536866_1049,violin,1,3
n04536866_105,violin,1,0
n04536866_10505,violin,1,4
n04536866_10507,violin,1,3
n04536866_10522,violin,1,4
n04536866_10523,violin,1,3
n04536866_10536,violin,1,2
n04536866_1054,violin,1,2
n04536866_10563,violin,1,4
n04536866_10581,violin,1,0
n04536866_10597,violin,1,0
n04536866_10599,violin,1,4
n04536866_10602,violin,1,0
n04536866_10612,violin,1,1
n04536866_10636,violin,1,4
n04536866_10639,violin,1,2
n04536866_10642,violin,1,0
n04536866_10644,violin,1,2
n04536866_10649,violin,1,2
n04536866_10652,violin,1,0
n04536866_1066,violin,1,0
n04536866_10686,violin,1,4
n04536866_10694,violin,1,1
n04536866_10696,violin,1,1
n04536866_10704,violin,1,4
n04536866_10706,violin,1,4
n04536866_10717,violin,1,1
n04536866_10722,violin,1,0
n04536866_10730,violin,1,2
n04536866_10750,violin,1,1
n04536866_10761,violin,1,1
n04536866_10778,violin,1,2
n04536866_10782,violin,1,0
n04536866_10789,violin,1,0
n04536866_10804,violin,1,2
n04536866_10811,violin,1,1
n04536866_10812,violin,1,2
n04536866_10829,violin,1,1
n04536866_10838,violin,1,1
n04536866_10855,violin,1,3
n04536866_10858,violin,1,2
n04536866_10886,violin,1,1
n04536866_10916,violin,1,3
n04536866_1094,violin,1,0
n04536866_10940,violin,1,3
n04536866_10946,violin,1,0
n04536866_10950,violin,1,1
n04536866_10962,violin,1,3
n04536866_10976,violin,1,1
n04536866_10978,violin,1,1
n04536866_1099,violin,1,3
n04536866_1100,violin,1,0
n04536866_11012,violin,1,4
n04536866_11017,violin,1,1
n04536866_11019,violin,1,0
n04536866_11021,violin,1,0
n04536866_11023,violin,1,4
n04536866_11031,violin,1,4
n04536866_11044,violin,1,0
n04536866_11045,violin,1,0
n04536866_11046,violin,1,2
n04536866_11049,violin,1,4
n04536866_11056,violin,1,0
n04536866_11065,violin,1,2
n04536866_11082,violin,1,3
n04536866_11084,violin,1,0
n04536866_11105,violin,1,1
n04536866_11112,violin,1,1
n04536866_11132,violin,1,4
n04536866_1114,violin,1,3
n04536866_11141,violin,1,4
n04536866_11146,violin,1,0
n04536866_11149,violin,1,0
n04536866_11157,violin,1,4
n04536866_11177,violin,1,4
n04536866_11181,violin,1,3
n04536866_11206,violin,1,3
n04536866_11210,violin,1,4
n04536866_11225,violin,1,4
n04536866_11228,violin,1,4
n04536866_11258,violin,1,4
n04536866_11264,violin,1,4
n04536866_11292,violin,1,3
n04536866_11294,violin,1,4
n04536866_11333,violin,1,4
n04536866_1134,violin,1,2
n04536866_11345,violin,1,0
n04536866_11352,violin,1,3
n04536866_11365,violin,1,0
n04536866_11378,violin,1,1
n04536866_11413,violin,1,0
n04536866_1144,violin,1,3
n04536866_11457,violin,1,4
n04536866_11468,violin,1,2
n04536866_11475,violin,1,3
n04536866_11491,violin,1,4
n04536866_11493,violin,1,1
n04536866_11535,violin,1,1
n04536866_11537,violin,1,2
n04536866_11558,violin,1,2
n04536866_11561,violin,1,2
n04536866_1157,violin,1,4
n04536866_1163,violin,1,3
n04536866_11653,violin,1,1
n04536866_11660,violin,1,4
n04536866_11693,violin,1,2
n04536866_11703,violin,1,0
n04536866_11708,violin,1,0
n04536866_11724,violin,1,4
n04536866_11746,violin,1,2
n04536866_11748,violin,1,0
n04536866_11759,violin,1,3
n04536866_11768,violin,1,0
n04536866_11775,violin,1,1
n04536866_11797,violin,1,2
n04536866_11810,violin,1,2
n04536866_11857,violin,1,2
n04536866_11858,violin,1,0
n04536866_1187,violin,1,4
n04536866_11883,violin,1,0
n04536866_11884,violin,1,1
n04536866_11911,violin,1,4
n04536866_11912,violin,1,2
n04536866_11914,violin,1,0
n04536866_11988,violin,1,4
n04536866_11995,violin,1,2
n04536866_11999,violin,1,4
n04536866_12003,violin,1,2
n04536866_12030,violin,1,1
n04536866_12035,violin,1,1
n04536866_12036,violin,1,2
n04536866_12054,violin,1,0
n04536866_1206,violin,1,1
n04536866_12061,violin,1,3
n04536866_12068,violin,1,1
n04536866_12071,violin,1,4
n04536866_12075,violin,1,3
n04536866_12079,violin,1,1
n04536866_12087,violin,1,0
n04536866_12090,violin,1,2
n04536866_12093,violin,1,2
n04536866_12107,violin,1,1
n04536866_12114,violin,1,1
n04536866_12116,violin,1,2
n04536866_12128,violin,1,1
n04536866_12141,violin,1,0
n04536866_12149,violin,1,1
n04536866_12160,violin,1,2
n04536866_12177,violin,1,1
n04536866_12178,violin,1,0
n04536866_12186,violin,1,0
n04536866_1219,violin,1,0
n04536866_12198,violin,1,0
n04536866_12199,violin,1,0
n04536866_12204,violin,1,1
n04536866_12208,violin,1,2
n04536866_12210,violin,1,1
n04536866_12219,violin,1,0
n04536866_12225,violin,1,3
n04536866_12239,violin,1,4
n04536866_12240,violin,1,3
n04536866_12247,violin,1,4
n04536866_12259,violin,1,2
n04536866_12273,violin,1,0
n04536866_12293,violin,1,2
n04536866_12308,violin,1,3
n04536866_1231,violin,1,2
n04536866_12315,violin,1,3
n04536866_12317,violin,1,2
n04536866_12340,violin,1,4
n04536866_12352,violin,1,4
n04536866_12358,violin,1,0
n04536866_12362,violin,1,3
n04536866_12381,violin,1,0
n04536866_12383,violin,1,0
n04536866_12390,violin,1,0
n04536866_12401,violin,1,2
n04536866_12417,violin,1,4
n04536866_12418,violin,1,1
n04536866_12433,violin,1,1
n04536866_12436,violin,1,0
n04536866_12441,violin,1,0
n04536866_1246,violin,1,2
n04536866_12488,violin,1,4
n04536866_12499,violin,1,1
n04536866_12511,violin,1,1
n04536866_12527,violin,1,3
n04536866_12543,violin,1,3
n04536866_1255,violin,1,0
n04536866_12557,violin,1,2
n04536866_12566,violin,1,2
n04536866_12587,violin,1,4
n04536866_12594,violin,1,2
n04536866_12595,violin,1,4
n04536866_126,violin,1,3
n04536866_12600,violin,1,2
n04536866_12630,violin,1,2
n04536866_12637,violin,1,4
n04536866_12645,violin,1,2
n04536866_12666,violin,1,3
n04536866_12670,violin,1,3
n04536866_12673,violin,1,2
n04536866_12675,violin,1,2
n04536866_12687,violin,1,4
n04536866_12688,violin,1,4
n04536866_12689,violin,1,3
n04536866_12708,violin,1,2
n04536866_12714,violin,1,1
n04536866_12720,violin,1,3
n04536866_12744,violin,1,4
n04536866_12745,violin,1,1
n04536866_12761,violin,1,2
n04536866_12762,violin,1,0
n04536866_12765,violin,1,4
n04536866_1277,violin,1,1
n04536866_12775,violin,1,0
n04536866_12808,violin,1,1
n04536866_12828,violin,1,2
n04536866_12834,violin,1,0
n04536866_12836,violin,1,0
n04536866_1284,violin,1,3
n04536866_12855,violin,1,3
n04536866_12861,violin,1,2
n04536866_12862,violin,1,2
n04536866_12864,violin,1,1
n04536866_12873,violin,1,1
n04536866_12876,violin,1,3
n04536866_12896,violin,1,2
n04536866_12898,violin,1,0
n04536866_1290,violin,1,1
n04536866_12900,violin,1,1
n04536866_12902,violin,1,3
n04536866_12916,violin,1,3
n04536866_12957,violin,1,1
n04536866_12962,violin,1,0
n04536866_12973,violin,1,4
n04536866_12997,violin,1,0
n04536866_13031,violin,1,1
n04536866_1304,violin,1,3
n04536866_13057,violin,1,4
n04536866_1306,violin,1,2
n04536866_13085,violin,1,1
n04536866_13097,violin,1,3
n04536866_13098,violin,1,1
n04536866_1312,violin,1,4
n04536866_1314,violin,1,0
n04536866_13148,violin,1,4
n04536866_13149,violin,1,0
n04536866_1315,violin,1,2
n04536866_13157,violin,1,1
n04536866_13169,violin,1,2
n04536866_13213,violin,1,1
n04536866_13214,violin,1,1
n04536866_13219,violin,1,3
n04536866_13220,violin,1,2
n04536866_13225,violin,1,4
n04536866_13248,violin,1,4
n04536866_13256,violin,1,2
n04536866_13296,violin,1,2
n04536866_13304,violin,1,4
n04536866_13313,violin,1,4
n04536866_13314,violin,1,2
n04536866_13328,violin,1,3
n04536866_13336,violin,1,2
n04536866_13337,violin,1,4
n04536866_13342,violin,1,4
n04536866_13359,violin,1,1
n04536866_13409,violin,1,3
n04536866_13410,violin,1,1
n04536866_13421,violin,1,4
n04536866_13422,violin,1,2
n04536866_1343,violin,1,3
n04536866_13446,violin,1,4
n04536866_13456,violin,1,4
n04536866_13499,violin,1,1
n04536866_1357,violin,1,3
n04536866_1376,violin,1,1
n04536866_13804,violin,1,1
n04536866_1390,violin,1,3
n04536866_1394,violin,1,1
n04536866_13954,violin,1,3
n04536866_14004,violin,1,2
n04536866_1408,violin,1,4
n04536866_14094,violin,1,4
n04536866_14103,violin,1,0
n04536866_1412,violin,1,2
n04536866_14127,violin,1,1
n04536866_14129,violin,1,2
n04536866_14164,violin,1,1
n04536866_14197,violin,1,2
n04536866_14204,violin,1,2
n04536866_14225,violin,1,1
n04536866_14263,violin,1,1
n04536866_14271,violin,1,3
n04536866_1428,violin,1,1
n04536866_14288,violin,1,0
n04536866_14291,violin,1,1
n04536866_14297,violin,1,0
n04536866_14299,violin,1,3
n04536866_14305,violin,1,4
n04536866_14335,violin,1,0
n04536866_14349,violin,1,0
n04536866_14356,violin,1,0
n04536866_1439,violin,1,2
n04536866_14392,violin,1,1
n04536866_1440,violin,1,3
n04536866_1441,violin,1,3
n04536866_14418,violin,1,4
n04536866_14428,violin,1,2
n04536866_14473,violin,1,4
n04536866_14476,violin,1,3
n04536866_14547,violin,1,0
n04536866_1460,violin,1,2
n04536866_1466,violin,1,3
n04536866_1467,violin,1,3
n04536866_1472,violin,1,4
n04536866_1484,violin,1,4
n04536866_149,violin,1,4
n04536866_15017,violin,1,4
n04536866_1503,violin,1,1
n04536866_1504,violin,1,4
n04536866_15056,violin,1,2
n04536866_1507,violin,1,4
n04536866_1512,violin,1,0
n04536866_15160,violin,1,1
n04536866_1519,violin,1,2
n04536866_1521,violin,1,1
n04536866_15368,violin,1,3
n04536866_1540,violin,1,1
n04536866_15430,violin,1,3
n04536866_1545,violin,1,1
n04536866_1569,violin,1,0
n04536866_1590,violin,1,4
n04536866_1598,violin,1,0
n04536866_15996,violin,1,1
n04536866_16,violin,1,4
n04536866_1600,violin,1,2
n04536866_1605,violin,1,2
n04536866_16050,violin,1,4
n04536866_16087,violin,1,2
n04536866_16162,violin,1,1
n04536866_16206,violin,1,2
n04536866_1622,violin,1,2
n04536866_1623,violin,1,3
n04536866_16230,violin,1,0
n04536866_16232,violin,1,3
n04536866_16239,violin,1,3
n04536866_1629,violin,1,3
n04536866_16320,violin,1,0
n04536866_16346,violin,1,0
n04536866_1641,violin,1,0
n04536866_16483,violin,1,0
n04536866_1649,violin,1,4
n04536866_16561,violin,1,4
n04536866_16582,violin,1,1
n04536866_1668,violin,1,1
n04536866_16802,violin,1,1
n04536866_1681,violin,1,2
n04536866_1686,violin,1,3
n04536866_16909,violin,1,4
n04536866_16996,violin,1,1
n04536866_1704,violin,1,4
n04536866_1705,violin,1,0
n04536866_17053,violin,1,3
n04536866_1709,violin,1,0
n04536866_1726,violin,1,2
n04536866_17292,violin,1,1
n04536866_17308,violin,1,1
n04536866_17328,violin,1,0
n04536866_17332,violin,1,4
n04536866_17402,violin,1,1
n04536866_17409,violin,1,1
n04536866_1743,violin,1,3
n04536866_17454,violin,1,3
n04536866_1750,violin,1,3
n04536866_1759,violin,1,4
n04536866_17615,violin,1,4
n04536866_17616,violin,1,3
n04536866_17648,violin,1,0
n04536866_1765,violin,1,2
n04536866_17671,violin,1,3
n04536866_17713,violin,1,1
n04536866_1772,violin,1,1
n04536866_17733,violin,1,3
n04536866_17742,violin,1,3
n04536866_1775,violin,1,4
n04536866_17788,violin,1,1
n04536866_17814,violin,1,3
n04536866_17828,violin,1,1
n04536866_18015,violin,1,1
n04536866_18020,violin,1,4
n04536866_1814,violin,1,1
n04536866_1816,violin,1,0
n04536866_182,violin,1,0
n04536866_1822,violin,1,3
n04536866_18259,violin,1,4
n04536866_18291,violin,1,0
n04536866_18323,violin,1,0
n04536866_18345,violin,1,4
n04536866_18352,violin,1,1
n04536866_1836,violin,1,2
n04536866_18374,violin,1,1
n04536866_1842,violin,1,2
n04536866_18425,violin,1,4
n04536866_18456,violin,1,4
n04536866_18460,violin,1,1
n04536866_18463,violin,1,1
n04536866_1847,violin,1,4
n04536866_1851,violin,1,0
n04536866_1853,violin,1,4
n04536866_1857,violin,1,0
n04536866_18581,violin,1,3
n04536866_18584,violin,1,1
n04536866_18618,violin,1,4
n04536866_1866,violin,1,3
n04536866_1870,violin,1,2
n04536866_18768,violin,1,3
n04536866_1886,violin,1,3
n04536866_18888,violin,1,1
n04536866_1893,violin,1,1
n04536866_18940,violin,1,4
n04536866_18962,violin,1,1
n04536866_18976,violin,1,0
n04536866_19053,violin,1,4
n04536866_1911,violin,1,3
n04536866_19112,violin,1,2
n04536866_19129,violin,1,0
n04536866_19131,violin,1,4
n04536866_19139,violin,1,3
n04536866_19183,violin,1,0
n04536866_19185,violin,1,0
n04536866_19253,violin,1,4
n04536866_1926,violin,1,2
n04536866_19280,violin,1,3
n04536866_19309,violin,1,2
n04536866_19317,violin,1,2
n04536866_1939,violin,1,4
n04536866_19391,violin,1,3
n04536866_19476,violin,1,3
n04536866_1949,violin,1,4
n04536866_1955,violin,1,1
n04536866_19741,violin,1,1
n04536866_1975,violin,1,0
n04536866_19810,violin,1,4
n04536866_19836,violin,1,3
n04536866_19860,violin,1,1
n04536866_19901,violin,1,2
n04536866_1991,violin,1,3
n04536866_19974,violin,1,4
n04536866_20037,violin,1,3
n04536866_2005,violin,1,4
n04536866_20051,violin,1,2
n04536866_20079,violin,1,4
n04536866_20085,violin,1,4
n04536866_2013,violin,1,0
n04536866_2017,violin,1,1
n04536866_20352,violin,1,2
n04536866_20354,violin,1,1
n04536866_20374,violin,1,0
n04536866_2054,violin,1,3
n04536866_20606,violin,1,2
n04536866_20699,violin,1,0
n04536866_20709,violin,1,2
n04536866_2072,violin,1,4
n04536866_2079,violin,1,0
n04536866_208,violin,1,1
n04536866_20830,violin,1,2
n04536866_209,violin,1,0
n04536866_2091,violin,1,1
n04536866_2099,violin,1,0
n04536866_21141,violin,1,1
n04536866_2118,violin,1,0
n04536866_21211,violin,1,3
n04536866_2123,violin,1,1
n04536866_2124,violin,1,3
n04536866_2129,violin,1,2
n04536866_2141,violin,1,4
n04536866_21423,violin,1,2
n04536866_2147,violin,1,0
n04536866_21658,violin,1,0
n04536866_2170,violin,1,1
n04536866_2174,violin,1,1
n04536866_2176,violin,1,2
n04536866_2177,violin,1,2
n04536866_2183,violin,1,2
n04536866_2192,violin,1,2
n04536866_2202,violin,1,4
n04536866_22371,violin,1,0
n04536866_22391,violin,1,3
n04536866_2242,violin,1,1
n04536866_2248,violin,1,2
n04536866_2249,violin,1,2
n04536866_225,violin,1,1
n04536866_2258,violin,1,2
n04536866_2273,violin,1,1
n04536866_22955,violin,1,3
n04536866_23168,violin,1,3
n04536866_2320,violin,1,3
n04536866_2328,violin,1,2
n04536866_2330,violin,1,4
n04536866_2341,violin,1,2
n04536866_23691,violin,1,0
n04536866_238,violin,1,0
n04536866_2391,violin,1,1
n04536866_24020,violin,1,3
n04536866_2403,violin,1,3
n04536866_2421,violin,1,4
n04536866_2438,violin,1,3
n04536866_24470,violin,1,4
n04536866_2449,violin,1,2
n04536866_2466,violin,1,1
n04536866_2467,violin,1,0
n04536866_2482,violin,1,3
n04536866_2495,violin,1,2
n04536866_2515,violin,1,1
n04536866_2520,violin,1,3
n04536866_25344,violin,1,4
n04536866_2539,violin,1,1
n04536866_2545,violin,1,4
n04536866_25460,violin,1,1
n04536866_2563,violin,1,0
n04536866_25643,violin,1,3
n04536866_2571,violin,1,4
n04536866_25739,violin,1,0
n04536866_25778,violin,1,0
n04536866_25794,violin,1,0
n04536866_2599,violin,1,4
n04536866_26005,violin,1,4
n04536866_2603,violin,1,1
n04536866_26048,violin,1,4
n04536866_26106,violin,1,3
n04536866_2616,violin,1,1
n04536866_26165,violin,1,3
n04536866_2636,violin,1,1
n04536866_2645,violin,1,1
n04536866_26504,violin,1,3
n04536866_2661,violin,1,0
n04536866_2686,violin,1,1
n04536866_2687,violin,1,0
n04536866_271,violin,1,0
n04536866_2710,violin,1,4
n04536866_2718,violin,1,3
n04536866_27214,violin,1,4
n04536866_2740,violin,1,4
n04536866_2744,violin,1,1
n04536866_27501,violin,1,1
n04536866_2751,violin,1,1
n04536866_2752,violin,1,0
n04536866_2755,violin,1,4
n04536866_2764,violin,1,0
n04536866_2768,violin,1,0
n04536866_277,violin,1,2
n04536866_27717,violin,1,3
n04536866_2775,violin,1,1
n04536866_281,violin,1,4
n04536866_28111,violin,1,2
n04536866_2828,violin,1,2
n04536866_2842,violin,1,4
n04536866_2843,violin,1,2
n04536866_2848,violin,1,4
n04536866_2852,violin,1,1
n04536866_28540,violin,1,1
n04536866_2861,violin,1,3
n04536866_2874,violin,1,4
n04536866_28795,violin,1,0
n04536866_2887,violin,1,0
n04536866_2891,violin,1,2
n04536866_2904,violin,1,3
n04536866_2917,violin,1,1
n04536866_2926,violin,1,4
n04536866_2931,violin,1,3
n04536866_29376,violin,1,3
n04536866_29730,violin,1,1
n04536866_29797,violin,1,0
n04536866_2988,violin,1,2
n04536866_3006,violin,1,0
n04536866_3016,violin,1,4
n04536866_3021,violin,1,1
n04536866_3026,violin,1,1
n04536866_3030,violin,1,1
n04536866_30346,violin,1,1
n04536866_3050,violin,1,0
n04536866_3055,violin,1,2
n04536866_3059,violin,1,1
n04536866_3063,violin,1,4
n04536866_3065,violin,1,3
n04536866_30707,violin,1,3
n04536866_3071,violin,1,0
n04536866_3077,violin,1,0
n04536866_3089,violin,1,2
n04536866_3090,violin,1,1
n04536866_3094,violin,1,2
n04536866_3098,violin,1,1
n04536866_311,violin,1,4
n04536866_31217,violin,1,3
n04536866_3126,violin,1,1
n04536866_313,violin,1,0
n04536866_31488,violin,1,3
n04536866_3152,violin,1,4
n04536866_3156,violin,1,4
n04536866_3157,violin,1,2
n04536866_316,violin,1,0
n04536866_31640,violin,1,3
n04536866_31645,violin,1,2
n04536866_3168,violin,1,4
n04536866_3178,violin,1,2
n04536866_3190,violin,1,2
n04536866_3200,violin,1,1
n04536866_3204,violin,1,2
n04536866_3206,violin,1,3
n04536866_3211,violin,1,3
n04536866_3218,violin,1,4
n04536866_3219,violin,1,1
n04536866_3221,violin,1,3
n04536866_32305,violin,1,2
n04536866_32359,violin,1,0
n04536866_3241,violin,1,1
n04536866_32410,violin,1,4
n04536866_3246,violin,1,0
n04536866_32492,violin,1,0
n04536866_3254,violin,1,3
n04536866_32541,violin,1,0
n04536866_3257,violin,1,0
n04536866_3267,violin,1,1
n04536866_3276,violin,1,1
n04536866_3282,violin,1,4
n04536866_3284,violin,1,0
n04536866_3287,violin,1,3
n04536866_3307,violin,1,2
n04536866_331,violin,1,4
n04536866_33196,violin,1,3
n04536866_3327,violin,1,2
n04536866_33270,violin,1,3
n04536866_3338,violin,1,2
n04536866_3350,violin,1,0
n04536866_33538,violin,1,2
n04536866_3355,violin,1,4
n04536866_33592,violin,1,4
n04536866_336,violin,1,2
n04536866_3370,violin,1,3
n04536866_3380,violin,1,0
n04536866_3383,violin,1,0
n04536866_3384,violin,1,1
n04536866_33858,violin,1,1
n04536866_3388,violin,1,2
n04536866_3394,violin,1,0
n04536866_33950,violin,1,4
n04536866_3402,violin,1,1
n04536866_3405,violin,1,4
n04536866_3406,violin,1,2
n04536866_34215,violin,1,4
n04536866_3425,violin,1,0
n04536866_3429,violin,1,3
n04536866_3430,violin,1,1
n04536866_3438,violin,1,2
n04536866_34381,violin,1,1
n04536866_3439,violin,1,3
n04536866_34454,violin,1,2
n04536866_34509,violin,1,0
n04536866_3452,violin,1,1
n04536866_3455,violin,1,2
n04536866_34626,violin,1,1
n04536866_3465,violin,1,0
n04536866_34664,violin,1,2
n04536866_3467,violin,1,3
n04536866_34725,violin,1,2
n04536866_3475,violin,1,2
n04536866_3479,violin,1,2
n04536866_3484,violin,1,2
n04536866_3491,violin,1,0
n04536866_34926,violin,1,2
n04536866_34969,violin,1,4
n04536866_3499,violin,1,3
n04536866_35,violin,1,1
n04536866_35008,violin,1,0
n04536866_3504,violin,1,0
n04536866_352,violin,1,4
n04536866_3521,violin,1,2
n04536866_35340,violin,1,0
n04536866_35348,violin,1,0
n04536866_35365,violin,1,1
n04536866_3539,violin,1,0
n04536866_35457,violin,1,0
n04536866_3557,violin,1,2
n04536866_3568,violin,1,3
n04536866_3574,violin,1,0
n04536866_3589,violin,1,4
n04536866_3592,violin,1,0
n04536866_3606,violin,1,1
n04536866_3607,violin,1,3
n04536866_3613,violin,1,3
n04536866_3619,violin,1,0
n04536866_3622,violin,1,2
n04536866_3629,violin,1,4
n04536866_36435,violin,1,4
n04536866_3644,violin,1,1
n04536866_36440,violin,1,4
n04536866_3645,violin,1,4
n04536866_3646,violin,1,1
n04536866_36569,violin,1,3
n04536866_3661,violin,1,0
n04536866_3662,violin,1,3
n04536866_3667,violin,1,4
n04536866_3674,violin,1,1
n04536866_368,violin,1,2
n04536866_36855,violin,1,2
n04536866_36940,violin,1,1
n04536866_3696,violin,1,0
n04536866_3699,violin,1,4
n04536866_3702,violin,1,3
n04536866_3703,violin,1,2
n04536866_37058,violin,1,2
n04536866_3708,violin,1,0
n04536866_3711,violin,1,1
n04536866_37157,violin,1,0
n04536866_3717,violin,1,4
n04536866_37248,violin,1,3
n04536866_3739,violin,1,3
n04536866_3749,violin,1,0
n04536866_3754,violin,1,1
n04536866_3755,violin,1,3
n04536866_37595,violin,1,3
n04536866_3767,violin,1,0
n04536866_3770,violin,1,4
n04536866_3790,violin,1,3
n04536866_3795,violin,1,4
n04536866_3803,violin,1,1
n04536866_38045,violin,1,0
n04536866_3805,violin,1,1
n04536866_3811,violin,1,0
n04536866_3814,violin,1,3
n04536866_3822,violin,1,3
n04536866_3824,violin,1,4
n04536866_3829,violin,1,3
n04536866_3835,violin,1,4
n04536866_3844,violin,1,0
n04536866_387,violin,1,2
n04536866_3878,violin,1,1
n04536866_3880,violin,1,0
n04536866_38905,violin,1,4
n04536866_3892,violin,1,4
n04536866_3918,violin,1,0
n04536866_392,violin,1,2
n04536866_3923,violin,1,4
n04536866_3931,violin,1,0
n04536866_39496,violin,1,4
n04536866_400,violin,1,2
n04536866_4017,violin,1,4
n04536866_40219,violin,1,3
n04536866_40291,violin,1,2
n04536866_4045,violin,1,2
n04536866_4058,violin,1,4
n04536866_40591,violin,1,2
n04536866_4071,violin,1,3
n04536866_4082,violin,1,3
n04536866_4084,violin,1,4
n04536866_40899,violin,1,2
n04536866_4093,violin,1,0
n04536866_40988,violin,1,0
n04536866_41133,violin,1,1
n04536866_41386,violin,1,3
n04536866_41398,violin,1,3
n04536866_414,violin,1,3
n04536866_41543,violin,1,1
n04536866_4164,violin,1,4
n04536866_41907,violin,1,4
n04536866_41998,violin,1,1
n04536866_42150,violin,1,1
n04536866_42195,violin,1,2
n04536866_42205,violin,1,4
n04536866_4225,violin,1,0
n04536866_42337,violin,1,0
n04536866_42361,violin,1,1
n04536866_4243,violin,1,0
n04536866_4268,violin,1,1
n04536866_42721,violin,1,0
n04536866_42735,violin,1,3
n04536866_4296,violin,1,2
n04536866_4308,violin,1,1
n04536866_43121,violin,1,2
n04536866_43155,violin,1,1
n04536866_43225,violin,1,0
n04536866_43345,violin,1,0
n04536866_4335,violin,1,0
n04536866_435,violin,1,4
n04536866_4352,violin,1,1
n04536866_4355,violin,1,0
n04536866_4364,violin,1,1
n04536866_4375,violin,1,2
n04536866_4376,violin,1,0
n04536866_4380,violin,1,4
n04536866_4384,violin,1,1
n04536866_4395,violin,1,2
n04536866_4409,violin,1,4
n04536866_443,violin,1,4
n04536866_444,violin,1,0
n04536866_4462,violin,1,2
n04536866_4465,violin,1,1
n04536866_4470,violin,1,0
n04536866_4487,violin,1,1
n04536866_4495,violin,1,3
n04536866_4502,violin,1,2
n04536866_4514,violin,1,1
n04536866_4523,violin,1,0
n04536866_4525,violin,1,2
n04536866_4540,violin,1,4
n04536866_4543,violin,1,3
n04536866_4547,violin,1,0
n04536866_4549,violin,1,3
n04536866_4555,violin,1,2
n04536866_4557,violin,1,2
n04536866_4577,violin,1,4
n04536866_458,violin,1,3
n04536866_4590,violin,1,1
n04536866_4606,violin,1,0
n04536866_4608,violin,1,4
n04536866_461,violin,1,0
n04536866_4611,violin,1,0
n04536866_4617,violin,1,3
n04536866_4655,violin,1,3
n04536866_4672,violin,1,0
n04536866_4693,violin,1,4
n04536866_470,violin,1,1
n04536866_4728,violin,1,2
n04536866_473,violin,1,1
n04536866_4731,violin,1,0
n04536866_4734,violin,1,2
n04536866_475,violin,1,1
n04536866_4766,violin,1,4
n04536866_4800,violin,1,2
n04536866_4804,violin,1,4
n04536866_482,violin,1,4
n04536866_4831,violin,1,2
n04536866_4834,violin,1,4
n04536866_4874,violin,1,2
n04536866_4880,violin,1,0
n04536866_4937,violin,1,4
n04536866_4947,violin,1,0
n04536866_4953,violin,1,2
n04536866_4955,violin,1,0
n04536866_4968,violin,1,2
n04536866_4998,violin,1,3
n04536866_5057,violin,1,2
n04536866_5066,violin,1,0
n04536866_5071,violin,1,4
n04536866_5098,violin,1,1
n04536866_5116,violin,1,4
n04536866_5129,violin,1,4
n04536866_5177,violin,1,3
n04536866_5194,violin,1,3
n04536866_5216,violin,1,3
n04536866_5237,violin,1,2
n04536866_5241,violin,1,4
n04536866_526,violin,1,3
n04536866_530,violin,1,3
n04536866_5312,violin,1,0
n04536866_5316,violin,1,1
n04536866_5325,violin,1,3
n04536866_5327,violin,1,1
n04536866_5337,violin,1,4
n04536866_5349,violin,1,3
n04536866_535,violin,1,3
n04536866_5372,violin,1,3
n04536866_5387,violin,1,0
n04536866_5392,violin,1,2
n04536866_5394,violin,1,1
n04536866_5412,violin,1,0
n04536866_5435,violin,1,3
n04536866_5444,violin,1,3
n04536866_5489,violin,1,0
n04536866_5503,violin,1,4
n04536866_5517,violin,1,2
n04536866_5523,violin,1,3
n04536866_5524,violin,1,3
n04536866_5527,violin,1,1
n04536866_5541,violin,1,3
n04536866_5546,violin,1,4
n04536866_5560,violin,1,0
n04536866_557,violin,1,0
n04536866_5585,violin,1,0
n04536866_5600,violin,1,3
n04536866_5607,violin,1,1
n04536866_5608,violin,1,4
n04536866_5609,violin,1,4
n04536866_5622,violin,1,2
n04536866_5633,violin,1,0
n04536866_5634,violin,1,4
n04536866_5665,violin,1,0
n04536866_5676,violin,1,3
n04536866_5682,violin,1,1
n04536866_5683,violin,1,4
n04536866_5701,violin,1,3
n04536866_5705,violin,1,2
n04536866_5726,violin,1,4
n04536866_5734,violin,1,2
n04536866_5765,violin,1,3
n04536866_5787,violin,1,3
n04536866_5792,violin,1,4
n04536866_581,violin,1,1
n04536866_5812,violin,1,0
n04536866_5839,violin,1,2
n04536866_5845,violin,1,3
n04536866_5847,violin,1,1
n04536866_5854,violin,1,1
n04536866_5876,violin,1,4
n04536866_588,violin,1,3
n04536866_5893,violin,1,2
n04536866_5898,violin,1,3
n04536866_5925,violin,1,2
n04536866_5936,violin,1,4
n04536866_5948,violin,1,1
n04536866_5969,violin,1,2
n04536866_6009,violin,1,3
n04536866_6015,violin,1,2
n04536866_6034,violin,1,0
n04536866_607,violin,1,2
n04536866_6071,violin,1,2
n04536866_6086,violin,1,2
n04536866_6102,violin,1,1
n04536866_6103,violin,1,3
n04536866_6108,violin,1,3
n04536866_6114,violin,1,2
n04536866_6146,violin,1,4
n04536866_6209,violin,1,2
n04536866_6241,violin,1,4
n04536866_6275,violin,1,0
n04536866_6276,violin,1,4
n04536866_6286,violin,1,2
n04536866_6295,violin,1,0
n04536866_6300,violin,1,2
n04536866_6304,violin,1,0
n04536866_6338,violin,1,4
n04536866_6383,violin,1,4
n04536866_6391,violin,1,0
n04536866_6396,violin,1,3
n04536866_6403,violin,1,2
n04536866_6414,violin,1,2
n04536866_6419,violin,1,4
n04536866_6421,violin,1,2
n04536866_6423,violin,1,2
n04536866_6442,violin,1,4
n04536866_6444,violin,1,4
n04536866_6463,violin,1,4
n04536866_6505,violin,1,1
n04536866_6515,violin,1,2
n04536866_6518,violin,1,3
n04536866_6552,violin,1,2
n04536866_6561,violin,1,3
n04536866_6569,violin,1,0
n04536866_6586,violin,1,3
n04536866_6603,violin,1,1
n04536866_6609,violin,1,2
n04536866_662,violin,1,4
n04536866_663,violin,1,3
n04536866_6645,violin,1,3
n04536866_6664,violin,1,0
n04536866_670,violin,1,0
n04536866_6724,violin,1,4
n04536866_6733,violin,1,3
n04536866_6748,violin,1,0
n04536866_6760,violin,1,0
n04536866_6836,violin,1,2
n04536866_6837,violin,1,2
n04536866_6838,violin,1,1
n04536866_6875,violin,1,2
n04536866_6883,violin,1,0
n04536866_690,violin,1,1
n04536866_6901,violin,1,2
n04536866_6926,violin,1,0
n04536866_6933,violin,1,3
n04536866_6937,violin,1,0
n04536866_6953,violin,1,3
n04536866_6978,violin,1,4
n04536866_698,violin,1,2
n04536866_6994,violin,1,3
n04536866_7008,violin,1,4
n04536866_7029,violin,1,2
n04536866_703,violin,1,4
n04536866_7059,violin,1,2
n04536866_706,violin,1,2
n04536866_7061,violin,1,3
n04536866_7070,violin,1,1
n04536866_710,violin,1,4
n04536866_7128,violin,1,3
n04536866_7131,violin,1,3
n04536866_7132,violin,1,4
n04536866_7141,violin,1,3
n04536866_7142,violin,1,1
n04536866_7145,violin,1,1
n04536866_7151,violin,1,1
n04536866_7158,violin,1,1
n04536866_7192,violin,1,3
n04536866_7230,violin,1,0
n04536866_7262,violin,1,0
n04536866_7290,violin,1,4
n04536866_7303,violin,1,3
n04536866_7307,violin,1,2
n04536866_7320,violin,1,3
n04536866_7339,violin,1,3
n04536866_7367,violin,1,3
n04536866_7368,violin,1,2
n04536866_7388,violin,1,0
n04536866_7409,violin,1,4
n04536866_7444,violin,1,3
n04536866_7455,violin,1,2
n04536866_7461,violin,1,1
n04536866_7465,violin,1,4
n04536866_7470,violin,1,1
n04536866_7506,violin,1,3
n04536866_751,violin,1,0
n04536866_7529,violin,1,2
n04536866_7536,violin,1,2
n04536866_7578,violin,1,3
n04536866_758,violin,1,3
n04536866_7581,violin,1,2
n04536866_7584,violin,1,0
n04536866_7585,violin,1,0
n04536866_7610,violin,1,0
n04536866_7620,violin,1,2
n04536866_7637,violin,1,0
n04536866_7644,violin,1,1
n04536866_7651,violin,1,0
n04536866_7660,violin,1,0
n04536866_7698,violin,1,1
n04536866_7704,violin,1,1
n04536866_7727,violin,1,1
n04536866_7728,violin,1,3
n04536866_7730,violin,1,3
n04536866_776,violin,1,1
n04536866_778,violin,1,4
n04536866_7781,violin,1,2
n04536866_7796,violin,1,4
n04536866_780,violin,1,3
n04536866_7817,violin,1,3
n04536866_7822,violin,1,2
n04536866_7827,violin,1,4
n04536866_7834,violin,1,1
n04536866_7845,violin,1,3
n04536866_7852,violin,1,3
n04536866_7856,violin,1,1
n04536866_7859,violin,1,1
n04536866_7860,violin,1,3
n04536866_7865,violin,1,3
n04536866_7899,violin,1,0
n04536866_7906,violin,1,0
n04536866_7909,violin,1,0
n04536866_7913,violin,1,3
n04536866_7914,violin,1,1
n04536866_7930,violin,1,3
n04536866_7934,violin,1,3
n04536866_7983,violin,1,4
n04536866_7991,violin,1,3
n04536866_8006,violin,1,2
n04536866_8010,violin,1,0
n04536866_8040,violin,1,1
n04536866_8044,violin,1,2
n04536866_805,violin,1,4
n04536866_8050,violin,1,0
n04536866_8057,violin,1,0
n04536866_8058,violin,1,1
n04536866_8074,violin,1,1
n04536866_8092,violin,1,2
n04536866_8095,violin,1,0
n04536866_8117,violin,1,1
n04536866_8137,violin,1,1
n04536866_8138,violin,1,4
n04536866_8152,violin,1,3
n04536866_8154,violin,1,1
n04536866_8163,violin,1,4
n04536866_8166,violin,1,3
n04536866_8193,violin,1,1
n04536866_8198,violin,1,4
n04536866_8201,violin,1,4
n04536866_8204,violin,1,2
n04536866_8242,violin,1,2
n04536866_8250,violin,1,3
n04536866_8269,violin,1,0
n04536866_827,violin,1,3
n04536866_8307,violin,1,4
n04536866_8313,violin,1,4
n04536866_8348,violin,1,1
n04536866_8363,violin,1,1
n04536866_8394,violin,1,1
n04536866_8410,violin,1,0
n04536866_8420,violin,1,4
n04536866_8432,violin,1,1
n04536866_8441,violin,1,4
n04536866_8454,violin,1,3
n04536866_8455,violin,1,3
n04536866_8456,violin,1,4
n04536866_8473,violin,1,0
n04536866_8474,violin,1,3
n04536866_8482,violin,1,0
n04536866_8483,violin,1,1
n04536866_8484,violin,1,3
n04536866_8520,violin,1,2
n04536866_8537,violin,1,2
n04536866_8540,violin,1,1
n04536866_8541,violin,1,1
n04536866_8545,violin,1,3
n04536866_8547,violin,1,4
n04536866_8560,violin,1,3
n04536866_8575,violin,1,4
n04536866_8579,violin,1,0
n04536866_8583,violin,1,3
n04536866_8595,violin,1,0
n04536866_8608,violin,1,4
n04536866_8611,violin,1,1
n04536866_8645,violin,1,0
n04536866_8655,violin,1,2
n04536866_8660,violin,1,2
n04536866_8664,violin,1,0
n04536866_8673,violin,1,4
n04536866_8681,violin,1,1
n04536866_871,violin,1,0
n04536866_8728,violin,1,4
n04536866_8746,violin,1,1
n04536866_875,violin,1,3
n04536866_8758,violin,1,3
n04536866_8764,violin,1,0
n04536866_8778,violin,1,2
n04536866_878,violin,1,1
n04536866_8781,violin,1,3
n04536866_8792,violin,1,0
n04536866_8808,violin,1,4
n04536866_8837,violin,1,0
n04536866_8840,violin,1,1
n04536866_8865,violin,1,2
n04536866_8871,violin,1,4
n04536866_8872,violin,1,2
n04536866_8898,violin,1,3
n04536866_8903,violin,1,4
n04536866_8908,violin,1,2
n04536866_8910,violin,1,4
n04536866_8916,violin,1,1
n04536866_8920,violin,1,2
n04536866_8922,violin,1,4
n04536866_8933,violin,1,4
n04536866_8941,violin,1,1
n04536866_8970,violin,1,0
n04536866_8982,violin,1,0
n04536866_8987,violin,1,2
n04536866_900,violin,1,2
n04536866_9025,violin,1,2
n04536866_9026,violin,1,0
n04536866_904,violin,1,3
n04536866_9049,violin,1,2
n04536866_9061,violin,1,0
n04536866_9065,violin,1,0
n04536866_9073,violin,1,1
n04536866_9076,violin,1,4
n04536866_9077,violin,1,3
n04536866_9078,violin,1,2
n04536866_9089,violin,1,3
n04536866_9090,violin,1,1
n04536866_9094,violin,1,2
n04536866_910,violin,1,1
n04536866_9114,violin,1,4
n04536866_9116,violin,1,2
n04536866_9124,violin,1,3
n04536866_9128,violin,1,0
n04536866_9129,violin,1,2
n04536866_9138,violin,1,4
n04536866_9152,violin,1,2
n04536866_9160,violin,1,2
n04536866_9162,violin,1,1
n04536866_9163,violin,1,1
n04536866_9165,violin,1,0
n04536866_9167,violin,1,3
n04536866_9175,violin,1,3
n04536866_9178,violin,1,3
n04536866_919,violin,1,1
n04536866_9193,violin,1,3
n04536866_9198,violin,1,0
n04536866_9221,violin,1,2
n04536866_9224,violin,1,3
n04536866_9228,violin,1,0
n04536866_9249,violin,1,2
n04536866_9256,violin,1,3
n04536866_9262,violin,1,4
n04536866_9266,violin,1,1
n04536866_9271,violin,1,2
n04536866_9275,violin,1,1
n04536866_9278,violin,1,2
n04536866_929,violin,1,0
n04536866_9322,violin,1,2
n04536866_935,violin,1,0
n04536866_9360,violin,1,1
n04536866_9368,violin,1,3
n04536866_9369,violin,1,3
n04536866_9391,violin,1,1
n04536866_9399,violin,1,1
n04536866_9400,violin,1,3
n04536866_9402,violin,1,3
n04536866_9403,violin,1,1
n04536866_9416,violin,1,2
n04536866_9417,violin,1,4
n04536866_9419,violin,1,3
n04536866_9422,violin,1,2
n04536866_9429,violin,1,1
n04536866_9435,violin,1,3
n04536866_9446,violin,1,1
n04536866_9448,violin,1,3
n04536866_9451,violin,1,0
n04536866_947,violin,1,2
n04536866_9471,violin,1,2
n04536866_9475,violin,1,0
n04536866_9486,violin,1,0
n04536866_9505,violin,1,4
n04536866_9516,violin,1,2
n04536866_9521,violin,1,2
n04536866_9528,violin,1,4
n04536866_9541,violin,1,3
n04536866_9544,violin,1,3
n04536866_9548,violin,1,0
n04536866_9550,violin,1,4
n04536866_9553,violin,1,1
n04536866_9554,violin,1,0
n04536866_9561,violin,1,4
n04536866_9563,violin,1,2
n04536866_9565,violin,1,2
n04536866_9576,violin,1,0
n04536866_9586,violin,1,2
n04536866_9587,violin,1,4
n04536866_9598,violin,1,1
n04536866_9602,violin,1,3
n04536866_9611,violin,1,0
n04536866_9627,violin,1,4
n04536866_963,violin,1,4
n04536866_9631,violin,1,0
n04536866_9637,violin,1,3
n04536866_965,violin,1,4
n04536866_9666,violin,1,4
n04536866_967,violin,1,4
n04536866_9684,violin,1,2
n04536866_9685,violin,1,4
n04536866_970,violin,1,0
n04536866_9718,violin,1,1
n04536866_9723,violin,1,2
n04536866_9748,violin,1,0
n04536866_9751,violin,1,2
n04536866_9768,violin,1,4
n04536866_9769,violin,1,2
n04536866_9772,violin,1,4
n04536866_9786,violin,1,1
n04536866_9787,violin,1,2
n04536866_9798,violin,1,1
n04536866_98,violin,1,4
n04536866_9800,violin,1,3
n04536866_9801,violin,1,2
n04536866_9808,violin,1,3
n04536866_9836,violin,1,1
n04536866_9844,violin,1,1
n04536866_9856,violin,1,0
n04536866_9860,violin,1,2
n04536866_9862,violin,1,2
n04536866_9872,violin,1,3
n04536866_9901,violin,1,0
n04536866_9903,violin,1,4
n04536866_9910,violin,1,0
n04536866_9941,violin,1,3
n04536866_9945,violin,1,2
n04536866_9956,violin,1,1
n04536866_9957,violin,1,3
n04536866_9967,violin,1,2
n04536866_9974,violin,1,3
n04536866_998,violin,1,0
n02676566_10012,acousticguitar,2,2
n02676566_10019,acousticguitar,2,4
n02676566_1002,acousticguitar,2,1
n02676566_10062,acousticguitar,2,4
n02676566_1007,acousticguitar,2,0
n02676566_1009,acousticguitar,2,2
n02676566_10102,acousticguitar,2,0
n02676566_10114,acousticguitar,2,1
n02676566_10140,acousticguitar,2,3
n02676566_10175,acousticguitar,2,0
n02676566_1020,acousticguitar,2,4
n02676566_103,acousticguitar,2,0
n02676566_1039,acousticguitar,2,1
n02676566_104,acousticguitar,2,0
n02676566_1044,acousticguitar,2,4
n02676566_1046,acousticguitar,2,1
n02676566_1049,acousticguitar,2,0
n02676566_105,acousticguitar,2,3
n02676566_1056,acousticguitar,2,0
n02676566_1057,acousticguitar,2,1
n02676566_1066,acousticguitar,2,2
n02676566_107,acousticguitar,2,1
n02676566_1073,acousticguitar,2,1
n02676566_1074,acousticguitar,2,1
n02676566_10753,acousticguitar,2,1
n02676566_1076,acousticguitar,2,1
n02676566_108,acousticguitar,2,3
n02676566_1084,acousticguitar,2,1
n02676566_1087,acousticguitar,2,4
n02676566_1096,acousticguitar,2,3
n02676566_1097,acousticguitar,2,4
n02676566_110,acousticguitar,2,3
n02676566_11034,acousticguitar,2,4
n02676566_11051,acousticguitar,2,2
n02676566_1106,acousticguitar,2,3
n02676566_11067,acousticguitar,2,0
n02676566_1107,acousticguitar,2,4
n02676566_11075,acousticguitar,2,3
n02676566_1108,acousticguitar,2,0
n02676566_11081,acousticguitar,2,1
n02676566_11092,acousticguitar,2,4
n02676566_11094,acousticguitar,2,3
n02676566_11110,acousticguitar,2,0
n02676566_11121,acousticguitar,2,3
n02676566_11134,acousticguitar,2,4
n02676566_11138,acousticguitar,2,2
n02676566_1115,acousticguitar,2,2
n02676566_1116,acousticguitar,2,3
n02676566_11163,acousticguitar,2,0
n02676566_1117,acousticguitar,2,0
n02676566_11208,acousticguitar,2,2
n02676566_1122,acousticguitar,2,0
n02676566_11284,acousticguitar,2,3
n02676566_11293,acousticguitar,2,0
n02676566_1136,acousticguitar,2,3
n02676566_11377,acousticguitar,2,0
n02676566_11446,acousticguitar,2,2
n02676566_11505,acousticguitar,2,1
n02676566_11513,acousticguitar,2,0
n02676566_1157,acousticguitar,2,4
n02676566_1158,acousticguitar,2,3
n02676566_11617,acousticguitar,2,3
n02676566_11646,acousticguitar,2,0
n02676566_1166,acousticguitar,2,3
n02676566_118,acousticguitar,2,1
n02676566_1180,acousticguitar,2,4
n02676566_11818,acousticguitar,2,4
n02676566_11888,acousticguitar,2,4
n02676566_1190,acousticguitar,2,3
n02676566_12007,acousticguitar,2,3
n02676566_12015,acousticguitar,2,1
n02676566_12040,acousticguitar,2,3
n02676566_12061,acousticguitar,2,3
n02676566_1207,acousticguitar,2,1
n02676566_12075,acousticguitar,2,4
n02676566_1216,acousticguitar,2,4
n02676566_12169,acousticguitar,2,4
n02676566_12185,acousticguitar,2,3
n02676566_1219,acousticguitar,2,0
n02676566_12194,acousticguitar,2,0
n02676566_12199,acousticguitar,2,0
n02676566_12227,acousticguitar,2,2
n02676566_1223,acousticguitar,2,2
n02676566_1228,acousticguitar,2,3
n02676566_12282,acousticguitar,2,1
n02676566_12344,acousticguitar,2,1
n02676566_1236,acousticguitar,2,1
n02676566_12360,acousticguitar,2,4
n02676566_1237,acousticguitar,2,1
n02676566_12384,acousticguitar,2,2
n02676566_1240,acousticguitar,2,0
n02676566_1241,acousticguitar,2,1
n02676566_12434,acousticguitar,2,1
n02676566_12438,acousticguitar,2,4
n02676566_125,acousticguitar,2,1
n02676566_1252,acousticguitar,2,2
n02676566_1256,acousticguitar,2,4
n02676566_1258,acousticguitar,2,1
n02676566_1275,acousticguitar,2,1
n02676566_1277,acousticguitar,2,0
n02676566_1283,acousticguitar,2,2
n02676566_130,acousticguitar,2,2
n02676566_1304,acousticguitar,2,1
n02676566_1305,acousticguitar,2,3
n02676566_1319,acousticguitar,2,3
n02676566_132,acousticguitar,2,2
n02676566_1324,acousticguitar,2,0
n02676566_1328,acousticguitar,2,0
n02676566_1338,acousticguitar,2,0
n02676566_1340,acousticguitar,2,2
n02676566_1341,acousticguitar,2,4
n02676566_1345,acousticguitar,2,2
n02676566_1365,acousticguitar,2,4
n02676566_137,acousticguitar,2,4
n02676566_1386,acousticguitar,2,4
n02676566_1393,acousticguitar,2,3
n02676566_1401,acousticguitar,2,3
n02676566_1409,acousticguitar,2,2
n02676566_1410,acousticguitar,2,4
n02676566_1416,acousticguitar,2,3
n02676566_1418,acousticguitar,2,0
n02676566_1422,acousticguitar,2,1
n02676566_1428,acousticguitar,2,3
n02676566_1431,acousticguitar,2,3
n02676566_1432,acousticguitar,2,4
n02676566_1434,acousticguitar,2,2
n02676566_1441,acousticguitar,2,1
n02676566_1443,acousticguitar,2,3
n02676566_1448,acousticguitar,2,4
n02676566_1465,acousticguitar,2,4
n02676566_147,acousticguitar,2,3
n02676566_1474,acousticguitar,2,4
n02676566_1479,acousticguitar,2,0
n02676566_1485,acousticguitar,2,4
n02676566_1492,acousticguitar,2,4
n02676566_152,acousticguitar,2,1
n02676566_1538,acousticguitar,2,0
n02676566_1551,acousticguitar,2,4
n02676566_1555,acousticguitar,2,2
n02676566_156,acousticguitar,2,2
n02676566_1563,acousticguitar,2,3
n02676566_1567,acousticguitar,2,4
n02676566_1571,acousticguitar,2,4
n02676566_1576,acousticguitar,2,2
n02676566_1587,acousticguitar,2,1
n02676566_159,acousticguitar,2,4
n02676566_1606,acousticguitar,2,0
n02676566_1608,acousticguitar,2,1
n02676566_162,acousticguitar,2,2
n02676566_1624,acousticguitar,2,1
n02676566_163,acousticguitar,2,2
n02676566_164,acousticguitar,2,1
n02676566_1643,acousticguitar,2,1
n02676566_1645,acousticguitar,2,4
n02676566_1646,acousticguitar,2,2
n02676566_165,acousticguitar,2,1
n02676566_1650,acousticguitar,2,3
n02676566_1651,acousticguitar,2,4
n02676566_1658,acousticguitar,2,0
n02676566_166,acousticguitar,2,4
n02676566_1664,acousticguitar,2,1
n02676566_1666,acousticguitar,2,3
n02676566_1669,acousticguitar,2,1
n02676566_167,acousticguitar,2,1
n02676566_1672,acousticguitar,2,1
n02676566_1675,acousticguitar,2,0
n02676566_1677,acousticguitar,2,2
n02676566_1679,acousticguitar,2,3
n02676566_1681,acousticguitar,2,1
n02676566_1682,acousticguitar,2,4
n02676566_1690,acousticguitar,2,3
n02676566_1691,acousticguitar,2,0
n02676566_1692,acousticguitar,2,2
n02676566_1698,acousticguitar,2,1
n02676566_17,acousticguitar,2,1
n02676566_1702,acousticguitar,2,1
n02676566_1707,acousticguitar,2,2
n02676566_1711,acousticguitar,2,4
n02676566_1715,acousticguitar,2,2
n02676566_172,acousticguitar,2,2
n02676566_1721,acousticguitar,2,3
n02676566_1723,acousticguitar,2,3
n02676566_1725,acousticguitar,2,4
n02676566_1728,acousticguitar,2,1
n02676566_1732,acousticguitar,2,3
n02676566_1736,acousticguitar,2,3
n02676566_1741,acousticguitar,2,4
n02676566_1751,acousticguitar,2,0
n02676566_1757,acousticguitar,2,3
n02676566_1764,acousticguitar,2,1
n02676566_1765,acousticguitar,2,3
n02676566_178,acousticguitar,2,4
n02676566_181,acousticguitar,2,0
n02676566_1825,acousticguitar,2,4
n02676566_1827,acousticguitar,2,3
n02676566_183,acousticguitar,2,1
n02676566_1835,acousticguitar,2,0
n02676566_1839,acousticguitar,2,3
n02676566_1843,acousticguitar,2,0
n02676566_1851,acousticguitar,2,3
n02676566_1853,acousticguitar,2,0
n02676566_1855,acousticguitar,2,2
n02676566_1866,acousticguitar,2,0
n02676566_1868,acousticguitar,2,4
n02676566_1872,acousticguitar,2,0
n02676566_1877,acousticguitar,2,1
n02676566_1878,acousticguitar,2,2
n02676566_1887,acousticguitar,2,4
n02676566_1894,acousticguitar,2,1
n02676566_1897,acousticguitar,2,1
n02676566_19,acousticguitar,2,1
n02676566_1906,acousticguitar,2,0
n02676566_1908,acousticguitar,2,4
n02676566_1909,acousticguitar,2,4
n02676566_1914,acousticguitar,2,4
n02676566_1915,acousticguitar,2,3
n02676566_1924,acousticguitar,2,1
n02676566_1928,acousticguitar,2,2
n02676566_1931,acousticguitar,2,1
n02676566_194,acousticguitar,2,0
n02676566_1950,acousticguitar,2,3
n02676566_1956,acousticguitar,2,3
n02676566_1964,acousticguitar,2,4
n02676566_1966,acousticguitar,2,2
n02676566_1969,acousticguitar,2,2
n02676566_1972,acousticguitar,2,0
n02676566_1973,acousticguitar,2,0
n02676566_198,acousticguitar,2,4
n02676566_1988,acousticguitar,2,0
n02676566_1992,acousticguitar,2,1
n02676566_200,acousticguitar,2,0
n02676566_2005,acousticguitar,2,4
n02676566_2008,acousticguitar,2,1
n02676566_202,acousticguitar,2,0
n02676566_2025,acousticguitar,2,4
n02676566_2032,acousticguitar,2,4
n02676566_2046,acousticguitar,2,0
n02676566_2065,acousticguitar,2,1
n02676566_2066,acousticguitar,2,2
n02676566_2089,acousticguitar,2,4
n02676566_2098,acousticguitar,2,0
n02676566_2100,acousticguitar,2,0
n02676566_2102,acousticguitar,2,1
n02676566_211,acousticguitar,2,2
n02676566_2111,acousticguitar,2,3
n02676566_2115,acousticguitar,2,1
n02676566_2125,acousticguitar,2,2
n02676566_2133,acousticguitar,2,4
n02676566_215,acousticguitar,2,0
n02676566_2150,acousticguitar,2,4
n02676566_2151,acousticguitar,2,1
n02676566_2169,acousticguitar,2,3
n02676566_2171,acousticguitar,2,2
n02676566_2176,acousticguitar,2,4
n02676566_218,acousticguitar,2,2
n02676566_2187,acousticguitar,2,4
n02676566_219,acousticguitar,2,3
n02676566_2195,acousticguitar,2,3
n02676566_2198,acousticguitar,2,1
n02676566_22,acousticguitar,2,0
n02676566_2213,acousticguitar,2,0
n02676566_2214,acousticguitar,2,2
n02676566_2215,acousticguitar,2,4
n02676566_222,acousticguitar,2,0
n02676566_2226,acousticguitar,2,2
n02676566_223,acousticguitar,2,2
n02676566_2230,acousticguitar,2,0
n02676566_2236,acousticguitar,2,0
n02676566_2237,acousticguitar,2,0
n02676566_2240,acousticguitar,2,1
n02676566_2252,acousticguitar,2,4
n02676566_2253,acousticguitar,2,2
n02676566_2256,acousticguitar,2,0
n02676566_2258,acousticguitar,2,0
n02676566_2263,acousticguitar,2,4
n02676566_2264,acousticguitar,2,2
n02676566_2285,acousticguitar,2,0
n02676566_2288,acousticguitar,2,0
n02676566_2299,acousticguitar,2,4
n02676566_2301,acousticguitar,2,4
n02676566_2307,acousticguitar,2,2
n02676566_2325,acousticguitar,2,0
n02676566_2328,acousticguitar,2,2
n02676566_2330,acousticguitar,2,1
n02676566_2337,acousticguitar,2,3
n02676566_2351,acousticguitar,2,2
n02676566_2354,acousticguitar,2,4
n02676566_2364,acousticguitar,2,0
n02676566_237,acousticguitar,2,1
n02676566_2371,acousticguitar,2,1
n02676566_2373,acousticguitar,2,3
n02676566_2380,acousticguitar,2,1
n02676566_2386,acousticguitar,2,1
n02676566_2396,acousticguitar,2,3
n02676566_24,acousticguitar,2,3
n02676566_2403,acousticguitar,2,3
n02676566_241,acousticguitar,2,4
n02676566_242,acousticguitar,2,0
n02676566_2424,acousticguitar,2,4
n02676566_243,acousticguitar,2,4
n02676566_2437,acousticguitar,2,3
n02676566_2444,acousticguitar,2,0
n02676566_245,acousticguitar,2,0
n02676566_2454,acousticguitar,2,1
n02676566_2456,acousticguitar,2,2
n02676566_2460,acousticguitar,2,2
n02676566_2461,acousticguitar,2,1
n02676566_2464,acousticguitar,2,1
n02676566_2471,acousticguitar,2,1
n02676566_2480,acousticguitar,2,1
n02676566_2481,acousticguitar,2,4
n02676566_2484,acousticguitar,2,0
n02676566_2487,acousticguitar,2,1
n02676566_2508,acousticguitar,2,2
n02676566_251,acousticguitar,2,1
n02676566_2524,acousticguitar,2,3
n02676566_253,acousticguitar,2,3
n02676566_2535,acousticguitar,2,2
n02676566_2541,acousticguitar,2,1
n02676566_2554,acousticguitar,2,4
n02676566_257,acousticguitar,2,1
n02676566_259,acousticguitar,2,0
n02676566_26,acousticguitar,2,3
n02676566_2610,acousticguitar,2,0
n02676566_2611,acousticguitar,2,3
n02676566_2631,acousticguitar,2,2
n02676566_265,acousticguitar,2,2
n02676566_2666,acousticguitar,2,1
n02676566_2684,acousticguitar,2,4
n02676566_2696,acousticguitar,2,2
n02676566_272,acousticguitar,2,3
n02676566_2721,acousticguitar,2,4
n02676566_2737,acousticguitar,2,4
n02676566_2751,acousticguitar,2,0
n02676566_2778,acousticguitar,2,1
n02676566_2779,acousticguitar,2,2
n02676566_2790,acousticguitar,2,0
n02676566_2798,acousticguitar,2,2
n02676566_2800,acousticguitar,2,0
n02676566_2803,acousticguitar,2,0
n02676566_2806,acousticguitar,2,3
n02676566_281,acousticguitar,2,1
n02676566_2815,acousticguitar,2,2
n02676566_2816,acousticguitar,2,3
n02676566_2818,acousticguitar,2,2
n02676566_2820,acousticguitar,2,0
n02676566_2825,acousticguitar,2,1
n02676566_2843,acousticguitar,2,0
n02676566_285,acousticguitar,2,0
n02676566_2866,acousticguitar,2,1
n02676566_2873,acousticguitar,2,0
n02676566_2875,acousticguitar,2,0
n02676566_2876,acousticguitar,2,3
n02676566_289,acousticguitar,2,2
n02676566_2893,acousticguitar,2,3
n02676566_2899,acousticguitar,2,0
n02676566_2901,acousticguitar,2,3
n02676566_2903,acousticguitar,2,2
n02676566_2906,acousticguitar,2,1
n02676566_2907,acousticguitar,2,2
n02676566_2913,acousticguitar,2,4
n02676566_2919,acousticguitar,2,2
n02676566_2926,acousticguitar,2,1
n02676566_2927,acousticguitar,2,1
n02676566_2931,acousticguitar,2,1
n02676566_2943,acousticguitar,2,0
n02676566_2944,acousticguitar,2,2
n02676566_2949,acousticguitar,2,4
n02676566_295,acousticguitar,2,3
n02676566_2950,acousticguitar,2,3
n02676566_2952,acousticguitar,2,4
n02676566_2954,acousticguitar,2,1
n02676566_2956,acousticguitar,2,4
n02676566_2959,acousticguitar,2,3
n02676566_2961,acousticguitar,2,4
n02676566_2962,acousticguitar,2,4
n02676566_2967,acousticguitar,2,2
n02676566_2970,acousticguitar,2,1
n02676566_298,acousticguitar,2,3
n02676566_2980,acousticguitar,2,2
n02676566_2983,acousticguitar,2,2
n02676566_2985,acousticguitar,2,1
n02676566_299,acousticguitar,2,3
n02676566_3003,acousticguitar,2,1
n02676566_3004,acousticguitar,2,2
n02676566_3006,acousticguitar,2,4
n02676566_301,acousticguitar,2,1
n02676566_3010,acousticguitar,2,2
n02676566_3013,acousticguitar,2,0
n02676566_3023,acousticguitar,2,1
n02676566_3026,acousticguitar,2,4
n02676566_303,acousticguitar,2,3
n02676566_3030,acousticguitar,2,4
n02676566_3040,acousticguitar,2,1
n02676566_3041,acousticguitar,2,3
n02676566_3045,acousticguitar,2,2
n02676566_3048,acousticguitar,2,1
n02676566_3051,acousticguitar,2,4
n02676566_3054,acousticguitar,2,2
n02676566_3056,acousticguitar,2,4
n02676566_306,acousticguitar,2,3
n02676566_3069,acousticguitar,2,3
n02676566_307,acousticguitar,2,3
n02676566_3072,acousticguitar,2,2
n02676566_3074,acousticguitar,2,4
n02676566_3077,acousticguitar,2,3
n02676566_3085,acousticguitar,2,3
n02676566_3096,acousticguitar,2,0
n02676566_3101,acousticguitar,2,1
n02676566_3107,acousticguitar,2,1
n02676566_3109,acousticguitar,2,3
n02676566_3115,acousticguitar,2,3
n02676566_3116,acousticguitar,2,0
n02676566_3117,acousticguitar,2,0
n02676566_3120,acousticguitar,2,1
n02676566_3121,acousticguitar,2,3
n02676566_3125,acousticguitar,2,0
n02676566_3126,acousticguitar,2,0
n02676566_3127,acousticguitar,2,1
n02676566_3132,acousticguitar,2,3
n02676566_3139,acousticguitar,2,1
n02676566_3141,acousticguitar,2,0
n02676566_3145,acousticguitar,2,2
n02676566_3147,acousticguitar,2,4
n02676566_3148,acousticguitar,2,1
n02676566_3154,acousticguitar,2,1
n02676566_3157,acousticguitar,2,4
n02676566_3159,acousticguitar,2,1
n02676566_3160,acousticguitar,2,2
n02676566_3161,acousticguitar,2,4
n02676566_3164,acousticguitar,2,4
n02676566_3169,acousticguitar,2,4
n02676566_3172,acousticguitar,2,4
n02676566_3174,acousticguitar,2,3
n02676566_3176,acousticguitar,2,2
n02676566_3177,acousticguitar,2,4
n02676566_3178,acousticguitar,2,4
n02676566_3180,acousticguitar,2,2
n02676566_3181,acousticguitar,2,3
n02676566_3184,acousticguitar,2,4
n02676566_319,acousticguitar,2,2
n02676566_3191,acousticguitar,2,1
n02676566_3199,acousticguitar,2,1
n02676566_32,acousticguitar,2,0
n02676566_320,acousticguitar,2,3
n02676566_3201,acousticguitar,2,3
n02676566_3205,acousticguitar,2,0
n02676566_3206,acousticguitar,2,1
n02676566_3214,acousticguitar,2,0
n02676566_3215,acousticguitar,2,0
n02676566_3224,acousticguitar,2,1
n02676566_3229,acousticguitar,2,1
n02676566_323,acousticguitar,2,2
n02676566_3237,acousticguitar,2,1
n02676566_3239,acousticguitar,2,2
n02676566_3243,acousticguitar,2,0
n02676566_3251,acousticguitar,2,0
n02676566_3252,acousticguitar,2,0
n02676566_3257,acousticguitar,2,0
n02676566_3259,acousticguitar,2,2
n02676566_326,acousticguitar,2,4
n02676566_3263,acousticguitar,2,1
n02676566_3271,acousticguitar,2,1
n02676566_3277,acousticguitar,2,0
n02676566_328,acousticguitar,2,1
n02676566_3287,acousticguitar,2,4
n02676566_3289,acousticguitar,2,1
n02676566_330,acousticguitar,2,3
n02676566_3305,acousticguitar,2,3
n02676566_3314,acousticguitar,2,4
n02676566_3317,acousticguitar,2,0
n02676566_3320,acousticguitar,2,4
n02676566_3324,acousticguitar,2,0
n02676566_3325,acousticguitar,2,1
n02676566_3327,acousticguitar,2,3
n02676566_3328,acousticguitar,2,3
n02676566_3330,acousticguitar,2,4
n02676566_3338,acousticguitar,2,2
n02676566_3339,acousticguitar,2,2
n02676566_3340,acousticguitar,2,1
n02676566_3344,acousticguitar,2,1
n02676566_3346,acousticguitar,2,1
n02676566_3350,acousticguitar,2,0
n02676566_3359,acousticguitar,2,4
n02676566_3360,acousticguitar,2,0
n02676566_3369,acousticguitar,2,0
n02676566_3378,acousticguitar,2,2
n02676566_3382,acousticguitar,2,3
n02676566_3385,acousticguitar,2,0
n02676566_3386,acousticguitar,2,4
n02676566_3392,acousticguitar,2,1
n02676566_3393,acousticguitar,2,4
n02676566_3394,acousticguitar,2,1
n02676566_3401,acousticguitar,2,2
n02676566_3402,acousticguitar,2,1
n02676566_341,acousticguitar,2,4
n02676566_3410,acousticguitar,2,3
n02676566_3413,acousticguitar,2,0
n02676566_3424,acousticguitar,2,1
n02676566_3428,acousticguitar,2,3
n02676566_343,acousticguitar,2,1
n02676566_3435,acousticguitar,2,2
n02676566_3440,acousticguitar,2,0
n02676566_3449,acousticguitar,2,2
n02676566_3450,acousticguitar,2,3
n02676566_3453,acousticguitar,2,1
n02676566_3456,acousticguitar,2,1
n02676566_3461,acousticguitar,2,1
n02676566_3465,acousticguitar,2,3
n02676566_3466,acousticguitar,2,2
n02676566_3468,acousticguitar,2,0
n02676566_3469,acousticguitar,2,2
n02676566_3471,acousticguitar,2,0
n02676566_3472,acousticguitar,2,3
n02676566_3478,acousticguitar,2,1
n02676566_3482,acousticguitar,2,0
n02676566_3486,acousticguitar,2,4
n02676566_3489,acousticguitar,2,4
n02676566_3491,acousticguitar,2,0
n02676566_3492,acousticguitar,2,2
n02676566_3494,acousticguitar,2,0
n02676566_3500,acousticguitar,2,3
n02676566_3509,acousticguitar,2,1
n02676566_351,acousticguitar,2,1
n02676566_3510,acousticguitar,2,4
n02676566_3512,acousticguitar,2,0
n02676566_352,acousticguitar,2,0
n02676566_3523,acousticguitar,2,3
n02676566_3525,acousticguitar,2,4
n02676566_3527,acousticguitar,2,2
n02676566_3528,acousticguitar,2,3
n02676566_3529,acousticguitar,2,4
n02676566_353,acousticguitar,2,0
n02676566_3536,acousticguitar,2,2
n02676566_3538,acousticguitar,2,1
n02676566_3540,acousticguitar,2,3
n02676566_3541,acousticguitar,2,0
n02676566_3548,acousticguitar,2,0
n02676566_3563,acousticguitar,2,0
n02676566_3564,acousticguitar,2,1
n02676566_3566,acousticguitar,2,0
n02676566_3567,acousticguitar,2,2
n02676566_3571,acousticguitar,2,4
n02676566_3576,acousticguitar,2,0
n02676566_3578,acousticguitar,2,4
n02676566_3586,acousticguitar,2,2
n02676566_3587,acousticguitar,2,2
n02676566_3610,acousticguitar,2,1
n02676566_3611,acousticguitar,2,0
n02676566_3613,acousticguitar,2,4
n02676566_3627,acousticguitar,2,4
n02676566_3629,acousticguitar,2,3
n02676566_363,acousticguitar,2,4
n02676566_3631,acousticguitar,2,2
n02676566_3632,acousticguitar,2,0
n02676566_3633,acousticguitar,2,0
n02676566_3635,acousticguitar,2,1
n02676566_3639,acousticguitar,2,3
n02676566_3641,acousticguitar,2,1
n02676566_3646,acousticguitar,2,0
n02676566_3649,acousticguitar,2,4
n02676566_365,acousticguitar,2,0
n02676566_3650,acousticguitar,2,3
n02676566_3654,acousticguitar,2,0
n02676566_3657,acousticguitar,2,0
n02676566_3659,acousticguitar,2,1
n02676566_3660,acousticguitar,2,0
n02676566_3661,acousticguitar,2,4
n02676566_3662,acousticguitar,2,0
n02676566_3669,acousticguitar,2,4
n02676566_367,acousticguitar,2,2
n02676566_3673,acousticguitar,2,4
n02676566_368,acousticguitar,2,1
n02676566_3683,acousticguitar,2,1
n02676566_3686,acousticguitar,2,2
n02676566_3690,acousticguitar,2,2
n02676566_37,acousticguitar,2,2
n02676566_370,acousticguitar,2,4
n02676566_371,acousticguitar,2,0
n02676566_3711,acousticguitar,2,3
n02676566_3713,acousticguitar,2,1
n02676566_3719,acousticguitar,2,4
n02676566_3721,acousticguitar,2,2
n02676566_3725,acousticguitar,2,0
n02676566_3728,acousticguitar,2,1
n02676566_3729,acousticguitar,2,4
n02676566_3733,acousticguitar,2,2
n02676566_3741,acousticguitar,2,1
n02676566_3747,acousticguitar,2,3
n02676566_3750,acousticguitar,2,2
n02676566_3752,acousticguitar,2,3
n02676566_3753,acousticguitar,2,4
n02676566_3757,acousticguitar,2,2
n02676566_3760,acousticguitar,2,4
n02676566_3765,acousticguitar,2,4
n02676566_3766,acousticguitar,2,2
n02676566_3767,acousticguitar,2,4
n02676566_3768,acousticguitar,2,3
n02676566_3771,acousticguitar,2,4
n02676566_3781,acousticguitar,2,4
n02676566_3782,acousticguitar,2,2
n02676566_3792,acousticguitar,2,1
n02676566_3798,acousticguitar,2,4
n02676566_380,acousticguitar,2,4
n02676566_3806,acousticguitar,2,1
n02676566_3808,acousticguitar,2,4
n02676566_3813,acousticguitar,2,2
n02676566_3819,acousticguitar,2,3
n02676566_3822,acousticguitar,2,1
n02676566_3824,acousticguitar,2,0
n02676566_3839,acousticguitar,2,0
n02676566_3849,acousticguitar,2,3
n02676566_3850,acousticguitar,2,1
n02676566_3854,acousticguitar,2,3
n02676566_3858,acousticguitar,2,3
n02676566_386,acousticguitar,2,0
n02676566_3868,acousticguitar,2,1
n02676566_3873,acousticguitar,2,1
n02676566_3876,acousticguitar,2,0
n02676566_3883,acousticguitar,2,0
n02676566_3886,acousticguitar,2,0
n02676566_3887,acousticguitar,2,3
n02676566_3889,acousticguitar,2,3
n02676566_3892,acousticguitar,2,4
n02676566_3899,acousticguitar,2,3
n02676566_3910,acousticguitar,2,3
n02676566_3912,acousticguitar,2,1
n02676566_3914,acousticguitar,2,1
n02676566_3916,acousticguitar,2,2
n02676566_3920,acousticguitar,2,2
n02676566_3924,acousticguitar,2,2
n02676566_3936,acousticguitar,2,1
n02676566_3947,acousticguitar,2,1
n02676566_3949,acousticguitar,2,0
n02676566_395,acousticguitar,2,3
n02676566_3952,acousticguitar,2,0
n02676566_3957,acousticguitar,2,2
n02676566_3965,acousticguitar,2,3
n02676566_3966,acousticguitar,2,1
n02676566_3971,acousticguitar,2,1
n02676566_3977,acousticguitar,2,0
n02676566_3978,acousticguitar,2,3
n02676566_3979,acousticguitar,2,3
n02676566_399,acousticguitar,2,2
n02676566_3990,acousticguitar,2,2
n02676566_3991,acousticguitar,2,1
n02676566_3995,acousticguitar,2,2
n02676566_3999,acousticguitar,2,1
n02676566_4001,acousticguitar,2,0
n02676566_4019,acousticguitar,2,3
n02676566_402,acousticguitar,2,3
n02676566_4030,acousticguitar,2,2
n02676566_4039,acousticguitar,2,3
n02676566_404,acousticguitar,2,4
n02676566_4042,acousticguitar,2,4
n02676566_4048,acousticguitar,2,2
n02676566_4055,acousticguitar,2,3
n02676566_4057,acousticguitar,2,0
n02676566_4058,acousticguitar,2,0
n02676566_4059,acousticguitar,2,3
n02676566_406,acousticguitar,2,3
n02676566_4060,acousticguitar,2,0
n02676566_4064,acousticguitar,2,2
n02676566_4073,acousticguitar,2,1
n02676566_4074,acousticguitar,2,1
n02676566_4075,acousticguitar,2,0
n02676566_4081,acousticguitar,2,4
n02676566_4084,acousticguitar,2,0
n02676566_4089,acousticguitar,2,2
n02676566_4090,acousticguitar,2,0
n02676566_4095,acousticguitar,2,0
n02676566_4097,acousticguitar,2,0
n02676566_410,acousticguitar,2,1
n02676566_4108,acousticguitar,2,1
n02676566_411,acousticguitar,2,2
n02676566_4110,acousticguitar,2,2
n02676566_4111,acousticguitar,2,1
n02676566_4119,acousticguitar,2,4
n02676566_4122,acousticguitar,2,3
n02676566_4127,acousticguitar,2,1
n02676566_4128,acousticguitar,2,3
n02676566_4129,acousticguitar,2,2
n02676566_4130,acousticguitar,2,2
n02676566_4134,acousticguitar,2,3
n02676566_4135,acousticguitar,2,1
n02676566_4137,acousticguitar,2,2
n02676566_4138,acousticguitar,2,4
n02676566_4144,acousticguitar,2,4
n02676566_4145,acousticguitar,2,2
n02676566_4155,acousticguitar,2,3
n02676566_4160,acousticguitar,2,2
n02676566_4161,acousticguitar,2,1
n02676566_4166,acousticguitar,2,2
n02676566_4171,acousticguitar,2,4
n02676566_4178,acousticguitar,2,1
n02676566_4179,acousticguitar,2,0
n02676566_4189,acousticguitar,2,3
n02676566_4192,acousticguitar,2,0
n02676566_4196,acousticguitar,2,2
n02676566_4197,acousticguitar,2,4
n02676566_4201,acousticguitar,2,3
n02676566_4208,acousticguitar,2,3
n02676566_4212,acousticguitar,2,2
n02676566_4220,acousticguitar,2,0
n02676566_4221,acousticguitar,2,4
n02676566_4223,acousticguitar,2,2
n02676566_4227,acousticguitar,2,3
n02676566_4236,acousticguitar,2,3
n02676566_4239,acousticguitar,2,0
n02676566_4240,acousticguitar,2,2
n02676566_4241,acousticguitar,2,0
n02676566_4248,acousticguitar,2,3
n02676566_4251,acousticguitar,2,1
n02676566_4252,acousticguitar,2,0
n02676566_4254,acousticguitar,2,2
n02676566_4257,acousticguitar,2,1
n02676566_4266,acousticguitar,2,3
n02676566_4268,acousticguitar,2,4
n02676566_428,acousticguitar,2,3
n02676566_4280,acousticguitar,2,4
n02676566_4281,acousticguitar,2,0
n02676566_429,acousticguitar,2,3
n02676566_4294,acousticguitar,2,1
n02676566_43,acousticguitar,2,1
n02676566_430,acousticguitar,2,4
n02676566_4301,acousticguitar,2,1
n02676566_4305,acousticguitar,2,4
n02676566_431,acousticguitar,2,3
n02676566_4310,acousticguitar,2,1
n02676566_4313,acousticguitar,2,1
n02676566_4316,acousticguitar,2,1
n02676566_4317,acousticguitar,2,2
n02676566_4319,acousticguitar,2,4
n02676566_4320,acousticguitar,2,4
n02676566_4321,acousticguitar,2,1
n02676566_4322,acousticguitar,2,1
n02676566_4323,acousticguitar,2,0
n02676566_4326,acousticguitar,2,4
n02676566_4334,acousticguitar,2,1
n02676566_4336,acousticguitar,2,4
n02676566_4341,acousticguitar,2,2
n02676566_4342,acousticguitar,2,0
n02676566_4343,acousticguitar,2,1
n02676566_4345,acousticguitar,2,4
n02676566_4346,acousticguitar,2,4
n02676566_4347,acousticguitar,2,1
n02676566_4349,acousticguitar,2,0
n02676566_435,acousticguitar,2,3
n02676566_4356,acousticguitar,2,3
n02676566_436,acousticguitar,2,0
n02676566_4363,acousticguitar,2,4
n02676566_4366,acousticguitar,2,2
n02676566_4373,acousticguitar,2,4
n02676566_4374,acousticguitar,2,4
n02676566_4376,acousticguitar,2,3
n02676566_4377,acousticguitar,2,3
n02676566_4378,acousticguitar,2,2
n02676566_438,acousticguitar,2,1
n02676566_4383,acousticguitar,2,4
n02676566_4391,acousticguitar,2,2
n02676566_4394,acousticguitar,2,1
n02676566_4397,acousticguitar,2,2
n02676566_4398,acousticguitar,2,1
n02676566_44,acousticguitar,2,0
n02676566_4402,acousticguitar,2,3
n02676566_4403,acousticguitar,2,4
n02676566_4404,acousticguitar,2,2
n02676566_4407,acousticguitar,2,4
n02676566_4413,acousticguitar,2,4
n02676566_4415,acousticguitar,2,3
n02676566_4417,acousticguitar,2,0
n02676566_4419,acousticguitar,2,0
n02676566_4424,acousticguitar,2,4
n02676566_4425,acousticguitar,2,4
n02676566_4426,acousticguitar,2,0
n02676566_4429,acousticguitar,2,3
n02676566_4430,acousticguitar,2,0
n02676566_4431,acousticguitar,2,2
n02676566_4436,acousticguitar,2,2
n02676566_4438,acousticguitar,2,4
n02676566_444,acousticguitar,2,3
n02676566_4441,acousticguitar,2,3
n02676566_445,acousticguitar,2,2
n02676566_4454,acousticguitar,2,4
n02676566_4461,acousticguitar,2,0
n02676566_4462,acousticguitar,2,2
n02676566_4469,acousticguitar,2,4
n02676566_448,acousticguitar,2,3
n02676566_4486,acousticguitar,2,2
n02676566_449,acousticguitar,2,4
n02676566_4492,acousticguitar,2,0
n02676566_4493,acousticguitar,2,4
n02676566_4507,acousticguitar,2,1
n02676566_4510,acousticguitar,2,3
n02676566_4512,acousticguitar,2,3
n02676566_4518,acousticguitar,2,4
n02676566_4521,acousticguitar,2,4
n02676566_4527,acousticguitar,2,1
n02676566_4530,acousticguitar,2,3
n02676566_4532,acousticguitar,2,4
n02676566_4535,acousticguitar,2,3
n02676566_4537,acousticguitar,2,1
n02676566_4538,acousticguitar,2,3
n02676566_4543,acousticguitar,2,2
n02676566_4545,acousticguitar,2,2
n02676566_4546,acousticguitar,2,0
n02676566_4551,acousticguitar,2,4
n02676566_4558,acousticguitar,2,3
n02676566_4562,acousticguitar,2,0
n02676566_4565,acousticguitar,2,2
n02676566_457,acousticguitar,2,1
n02676566_4573,acousticguitar,2,0
n02676566_4577,acousticguitar,2,4
n02676566_4583,acousticguitar,2,4
n02676566_4584,acousticguitar,2,1
n02676566_4589,acousticguitar,2,0
n02676566_4591,acousticguitar,2,1
n02676566_4592,acousticguitar,2,4
n02676566_4594,acousticguitar,2,4
n02676566_4595,acousticguitar,2,3
n02676566_46,acousticguitar,2,1
n02676566_4602,acousticguitar,2,3
n02676566_4604,acousticguitar,2,2
n02676566_4605,acousticguitar,2,3
n02676566_4613,acousticguitar,2,1
n02676566_4615,acousticguitar,2,3
n02676566_4619,acousticguitar,2,2
n02676566_4621,acousticguitar,2,4
n02676566_4623,acousticguitar,2,0
n02676566_4628,acousticguitar,2,4
n02676566_4629,acousticguitar,2,4
n02676566_463,acousticguitar,2,3
n02676566_4632,acousticguitar,2,3
n02676566_4637,acousticguitar,2,2
n02676566_4640,acousticguitar,2,0
n02676566_4642,acousticguitar,2,3
n02676566_4643,acousticguitar,2,1
n02676566_4646,acousticguitar,2,0
n02676566_4648,acousticguitar,2,3
n02676566_4651,acousticguitar,2,2
n02676566_4655,acousticguitar,2,2
n02676566_4657,acousticguitar,2,2
n02676566_4659,acousticguitar,2,3
n02676566_4663,acousticguitar,2,4
n02676566_4668,acousticguitar,2,2
n02676566_467,acousticguitar,2,3
n02676566_4671,acousticguitar,2,0
n02676566_4677,acousticguitar,2,0
n02676566_4679,acousticguitar,2,3
n02676566_4689,acousticguitar,2,1
n02676566_4697,acousticguitar,2,4
n02676566_4699,acousticguitar,2,0
n02676566_4705,acousticguitar,2,2
n02676566_4706,acousticguitar,2,1
n02676566_4710,acousticguitar,2,0
n02676566_4717,acousticguitar,2,3
n02676566_4722,acousticguitar,2,0
n02676566_4729,acousticguitar,2,3
n02676566_4735,acousticguitar,2,4
n02676566_4746,acousticguitar,2,4
n02676566_4749,acousticguitar,2,2
n02676566_475,acousticguitar,2,3
n02676566_4753,acousticguitar,2,3
n02676566_4759,acousticguitar,2,2
n02676566_4773,acousticguitar,2,2
n02676566_4778,acousticguitar,2,4
n02676566_4779,acousticguitar,2,3
n02676566_4785,acousticguitar,2,4
n02676566_4786,acousticguitar,2,2
n02676566_4789,acousticguitar,2,1
n02676566_4793,acousticguitar,2,3
n02676566_4795,acousticguitar,2,4
n02676566_4797,acousticguitar,2,4
n02676566_480,acousticguitar,2,4
n02676566_4812,acousticguitar,2,2
n02676566_4816,acousticguitar,2,1
n02676566_4823,acousticguitar,2,3
n02676566_4825,acousticguitar,2,4
n02676566_4832,acousticguitar,2,4
n02676566_4834,acousticguitar,2,4
n02676566_4839,acousticguitar,2,4
n02676566_4840,acousticguitar,2,3
n02676566_4842,acousticguitar,2,3
n02676566_4843,acousticguitar,2,1
n02676566_4844,acousticguitar,2,2
n02676566_4847,acousticguitar,2,1
n02676566_485,acousticguitar,2,4
n02676566_4853,acousticguitar,2,1
n02676566_4856,acousticguitar,2,2
n02676566_4857,acousticguitar,2,3
n02676566_4859,acousticguitar,2,3
n02676566_4860,acousticguitar,2,1
n02676566_4863,acousticguitar,2,2
n02676566_4866,acousticguitar,2,0
n02676566_4868,acousticguitar,2,3
n02676566_4871,acousticguitar,2,4
n02676566_4876,acousticguitar,2,2
n02676566_4877,acousticguitar,2,3
n02676566_4883,acousticguitar,2,1
n02676566_4893,acousticguitar,2,0
n02676566_49,acousticguitar,2,1
n02676566_4901,acousticguitar,2,4
n02676566_4903,acousticguitar,2,3
n02676566_4904,acousticguitar,2,2
n02676566_4905,acousticguitar,2,4
n02676566_4916,acousticguitar,2,1
n02676566_492,acousticguitar,2,2
n02676566_4921,acousticguitar,2,4
n02676566_4922,acousticguitar,2,0
n02676566_4923,acousticguitar,2,2
n02676566_4924,acousticguitar,2,0
n02676566_4925,acousticguitar,2,0
n02676566_4928,acousticguitar,2,4
n02676566_4936,acousticguitar,2,3
n02676566_4943,acousticguitar,2,2
n02676566_4946,acousticguitar,2,0
n02676566_4947,acousticguitar,2,0
n02676566_495,acousticguitar,2,4
n02676566_4952,acousticguitar,2,2
n02676566_496,acousticguitar,2,1
n02676566_4962,acousticguitar,2,0
n02676566_4965,acousticguitar,2,2
n02676566_4967,acousticguitar,2,4
n02676566_4975,acousticguitar,2,3
n02676566_4985,acousticguitar,2,2
n02676566_4988,acousticguitar,2,4
n02676566_4989,acousticguitar,2,4
n02676566_4990,acousticguitar,2,1
n02676566_4993,acousticguitar,2,1
n02676566_5000,acousticguitar,2,2
n02676566_5001,acousticguitar,2,3
n02676566_5010,acousticguitar,2,1
n02676566_5012,acousticguitar,2,1
n02676566_5018,acousticguitar,2,1
n02676566_5019,acousticguitar,2,0
n02676566_5020,acousticguitar,2,0
n02676566_5024,acousticguitar,2,2
n02676566_504,acousticguitar,2,4
n02676566_5056,acousticguitar,2,3
n02676566_5058,acousticguitar,2,0
n02676566_5068,acousticguitar,2,0
n02676566_5069,acousticguitar,2,1
n02676566_5071,acousticguitar,2,1
n02676566_5074,acousticguitar,2,2
n02676566_5084,acousticguitar,2,4
n02676566_5095,acousticguitar,2,3
n02676566_5099,acousticguitar,2,0
n02676566_5104,acousticguitar,2,3
n02676566_5109,acousticguitar,2,1
n02676566_511,acousticguitar,2,4
n02676566_5114,acousticguitar,2,4
n02676566_513,acousticguitar,2,4
n02676566_5130,acousticguitar,2,0
n02676566_5131,acousticguitar,2,2
n02676566_5134,acousticguitar,2,0
n02676566_5138,acousticguitar,2,3
n02676566_5139,acousticguitar,2,0
n02676566_514,acousticguitar,2,0
n02676566_5142,acousticguitar,2,4
n02676566_5151,acousticguitar,2,4
n02676566_5153,acousticguitar,2,2
n02676566_5159,acousticguitar,2,4
n02676566_5168,acousticguitar,2,1
n02676566_5177,acousticguitar,2,2
n02676566_520,acousticguitar,2,4
n02676566_5200,acousticguitar,2,1
n02676566_5210,acousticguitar,2,0
n02676566_5215,acousticguitar,2,0
n02676566_5216,acousticguitar,2,4
n02676566_5218,acousticguitar,2,2
n02676566_522,acousticguitar,2,2
n02676566_5220,acousticguitar,2,2
n02676566_5226,acousticguitar,2,4
n02676566_523,acousticguitar,2,4
n02676566_5231,acousticguitar,2,4
n02676566_5235,acousticguitar,2,0
n02676566_5241,acousticguitar,2,4
n02676566_5255,acousticguitar,2,1
n02676566_5256,acousticguitar,2,4
n02676566_5258,acousticguitar,2,0
n02676566_526,acousticguitar,2,2
n02676566_529,acousticguitar,2,2
n02676566_5319,acousticguitar,2,3
n02676566_5328,acousticguitar,2,2
n02676566_5355,acousticguitar,2,4
n02676566_5356,acousticguitar,2,0
n02676566_5363,acousticguitar,2,2
n02676566_5364,acousticguitar,2,3
n02676566_5367,acousticguitar,2,3
n02676566_5369,acousticguitar,2,3
n02676566_5372,acousticguitar,2,2
n02676566_5373,acousticguitar,2,3
n02676566_5375,acousticguitar,2,1
n02676566_5380,acousticguitar,2,2
n02676566_5390,acousticguitar,2,1
n02676566_54,acousticguitar,2,0
n02676566_5400,acousticguitar,2,0
n02676566_5405,acousticguitar,2,0
n02676566_5408,acousticguitar,2,1
n02676566_5411,acousticguitar,2,3
n02676566_5412,acousticguitar,2,1
n02676566_5416,acousticguitar,2,0
n02676566_5421,acousticguitar,2,2
n02676566_5427,acousticguitar,2,2
n02676566_5430,acousticguitar,2,2
n02676566_5437,acousticguitar,2,2
n02676566_5438,acousticguitar,2,0
n02676566_5448,acousticguitar,2,4
n02676566_5450,acousticguitar,2,0
n02676566_5453,acousticguitar,2,1
n02676566_5454,acousticguitar,2,2
n02676566_5457,acousticguitar,2,0
n02676566_5460,acousticguitar,2,0
n02676566_5461,acousticguitar,2,3
n02676566_5462,acousticguitar,2,1
n02676566_5464,acousticguitar,2,0
n02676566_5465,acousticguitar,2,0
n02676566_5466,acousticguitar,2,4
n02676566_5468,acousticguitar,2,4
n02676566_5476,acousticguitar,2,2
n02676566_5479,acousticguitar,2,2
n02676566_5480,acousticguitar,2,2
n02676566_5489,acousticguitar,2,3
n02676566_549,acousticguitar,2,4
n02676566_5492,acousticguitar,2,4
n02676566_5495,acousticguitar,2,4
n02676566_55,acousticguitar,2,2
n02676566_5500,acousticguitar,2,4
n02676566_5503,acousticguitar,2,1
n02676566_5507,acousticguitar,2,0
n02676566_5508,acousticguitar,2,3
n02676566_551,acousticguitar,2,0
n02676566_5514,acousticguitar,2,0
n02676566_5515,acousticguitar,2,4
n02676566_5518,acousticguitar,2,1
n02676566_552,acousticguitar,2,2
n02676566_5522,acousticguitar,2,0
n02676566_5524,acousticguitar,2,4
n02676566_5526,acousticguitar,2,3
n02676566_553,acousticguitar,2,4
n02676566_5534,acousticguitar,2,2
n02676566_5535,acousticguitar,2,0
n02676566_5537,acousticguitar,2,4
n02676566_5545,acousticguitar,2,1
n02676566_5551,acousticguitar,2,4
n02676566_5559,acousticguitar,2,4
n02676566_5585,acousticguitar,2,0
n02676566_5586,acousticguitar,2,3
n02676566_5591,acousticguitar,2,2
n02676566_5597,acousticguitar,2,1
n02676566_5610,acousticguitar,2,0
n02676566_5637,acousticguitar,2,0
n02676566_5640,acousticguitar,2,3
n02676566_5641,acousticguitar,2,1
n02676566_5645,acousticguitar,2,4
n02676566_5649,acousticguitar,2,0
n02676566_5684,acousticguitar,2,2
n02676566_5689,acousticguitar,2,4
n02676566_5713,acousticguitar,2,4
n02676566_5735,acousticguitar,2,3
n02676566_5742,acousticguitar,2,0
n02676566_5773,acousticguitar,2,3
n02676566_5776,acousticguitar,2,0
n02676566_5816,acousticguitar,2,0
n02676566_582,acousticguitar,2,0
n02676566_5830,acousticguitar,2,1
n02676566_584,acousticguitar,2,4
n02676566_5860,acousticguitar,2,2
n02676566_5861,acousticguitar,2,4
n02676566_5866,acousticguitar,2,1
n02676566_5871,acousticguitar,2,2
n02676566_5943,acousticguitar,2,1
n02676566_5951,acousticguitar,2,3
n02676566_596,acousticguitar,2,4
n02676566_5966,acousticguitar,2,0
n02676566_5979,acousticguitar,2,2
n02676566_60,acousticguitar,2,1
n02676566_600,acousticguitar,2,2
n02676566_602,acousticguitar,2,2
n02676566_6024,acousticguitar,2,1
n02676566_603,acousticguitar,2,0
n02676566_6030,acousticguitar,2,0
n02676566_606,acousticguitar,2,4
n02676566_6060,acousticguitar,2,3
n02676566_610,acousticguitar,2,0
n02676566_6111,acousticguitar,2,0
n02676566_6130,acousticguitar,2,4
n02676566_6150,acousticguitar,2,0
n02676566_6152,acousticguitar,2,3
n02676566_616,acousticguitar,2,0
n02676566_6172,acousticguitar,2,0
n02676566_6175,acousticguitar,2,1
n02676566_6178,acousticguitar,2,4
n02676566_6196,acousticguitar,2,0
n02676566_6200,acousticguitar,2,2
n02676566_6202,acousticguitar,2,0
n02676566_623,acousticguitar,2,0
n02676566_6234,acousticguitar,2,2
n02676566_6244,acousticguitar,2,1
n02676566_6245,acousticguitar,2,1
n02676566_6251,acousticguitar,2,3
n02676566_6253,acousticguitar,2,3
n02676566_6255,acousticguitar,2,3
n02676566_6260,acousticguitar,2,4
n02676566_6265,acousticguitar,2,2
n02676566_6268,acousticguitar,2,3
n02676566_6286,acousticguitar,2,2
n02676566_6289,acousticguitar,2,1
n02676566_6291,acousticguitar,2,2
n02676566_6292,acousticguitar,2,2
n02676566_6293,acousticguitar,2,1
n02676566_6302,acousticguitar,2,0
n02676566_6304,acousticguitar,2,2
n02676566_6306,acousticguitar,2,4
n02676566_6319,acousticguitar,2,0
n02676566_6320,acousticguitar,2,4
n02676566_6326,acousticguitar,2,4
n02676566_6329,acousticguitar,2,2
n02676566_6335,acousticguitar,2,2
n02676566_6341,acousticguitar,2,3
n02676566_6342,acousticguitar,2,3
n02676566_6343,acousticguitar,2,4
n02676566_6349,acousticguitar,2,0
n02676566_6351,acousticguitar,2,3
n02676566_6354,acousticguitar,2,1
n02676566_6355,acousticguitar,2,0
n02676566_6360,acousticguitar,2,4
n02676566_6361,acousticguitar,2,2
n02676566_6363,acousticguitar,2,0
n02676566_6370,acousticguitar,2,1
n02676566_6372,acousticguitar,2,0
n02676566_6375,acousticguitar,2,2
n02676566_6376,acousticguitar,2,2
n02676566_6377,acousticguitar,2,2
n02676566_6378,acousticguitar,2,2
n02676566_6380,acousticguitar,2,4
n02676566_6384,acousticguitar,2,4
n02676566_6390,acousticguitar,2,3
n02676566_6401,acousticguitar,2,4
n02676566_6402,acousticguitar,2,2
n02676566_6405,acousticguitar,2,2
n02676566_6409,acousticguitar,2,3
n02676566_6410,acousticguitar,2,0
n02676566_6412,acousticguitar,2,2
n02676566_6414,acousticguitar,2,4
n02676566_6421,acousticguitar,2,2
n02676566_6422,acousticguitar,2,4
n02676566_6425,acousticguitar,2,2
n02676566_6430,acousticguitar,2,0
n02676566_6435,acousticguitar,2,0
n02676566_6437,acousticguitar,2,2
n02676566_6438,acousticguitar,2,2
n02676566_644,acousticguitar,2,0
n02676566_6454,acousticguitar,2,0
n02676566_6460,acousticguitar,2,3
n02676566_6466,acousticguitar,2,3
n02676566_6467,acousticguitar,2,2
n02676566_6469,acousticguitar,2,2
n02676566_6478,acousticguitar,2,3
n02676566_6479,acousticguitar,2,2
n02676566_6489,acousticguitar,2,3
n02676566_6493,acousticguitar,2,2
n02676566_6494,acousticguitar,2,2
n02676566_650,acousticguitar,2,1
n02676566_6518,acousticguitar,2,4
n02676566_6527,acousticguitar,2,3
n02676566_6531,acousticguitar,2,2
n02676566_6532,acousticguitar,2,4
n02676566_654,acousticguitar,2,3
n02676566_6544,acousticguitar,2,2
n02676566_6547,acousticguitar,2,4
n02676566_6549,acousticguitar,2,3
n02676566_6551,acousticguitar,2,3
n02676566_6552,acousticguitar,2,3
n02676566_6554,acousticguitar,2,2
n02676566_6557,acousticguitar,2,3
n02676566_6559,acousticguitar,2,2
n02676566_656,acousticguitar,2,2
n02676566_6560,acousticguitar,2,2
n02676566_6563,acousticguitar,2,2
n02676566_6567,acousticguitar,2,4
n02676566_6569,acousticguitar,2,4
n02676566_6570,acousticguitar,2,3
n02676566_6571,acousticguitar,2,1
n02676566_6575,acousticguitar,2,4
n02676566_658,acousticguitar,2,2
n02676566_6580,acousticguitar,2,3
n02676566_6582,acousticguitar,2,2
n02676566_6583,acousticguitar,2,3
n02676566_6585,acousticguitar,2,3
n02676566_6588,acousticguitar,2,1
n02676566_6589,acousticguitar,2,4
n02676566_659,acousticguitar,2,3
n02676566_6590,acousticguitar,2,2
n02676566_6592,acousticguitar,2,0
n02676566_6596,acousticguitar,2,4
n02676566_6597,acousticguitar,2,0
n02676566_66,acousticguitar,2,1
n02676566_660,acousticguitar,2,4
n02676566_6601,acousticguitar,2,0
n02676566_6604,acousticguitar,2,2
n02676566_6613,acousticguitar,2,4
n02676566_6615,acousticguitar,2,4
n02676566_6625,acousticguitar,2,4
n02676566_6626,acousticguitar,2,3
n02676566_6631,acousticguitar,2,1
n02676566_6633,acousticguitar,2,4
n02676566_6634,acousticguitar,2,1
n02676566_6636,acousticguitar,2,3
n02676566_6637,acousticguitar,2,0
n02676566_6641,acousticguitar,2,1
n02676566_6644,acousticguitar,2,2
n02676566_6646,acousticguitar,2,0
n02676566_665,acousticguitar,2,1
n02676566_6652,acousticguitar,2,1
n02676566_6655,acousticguitar,2,4
n02676566_6658,acousticguitar,2,4
n02676566_6659,acousticguitar,2,0
n02676566_666,acousticguitar,2,3
n02676566_6660,acousticguitar,2,0
n02676566_6661,acousticguitar,2,1
n02676566_6663,acousticguitar,2,1
n02676566_6667,acousticguitar,2,4
n02676566_6669,acousticguitar,2,4
n02676566_667,acousticguitar,2,2
n02676566_6672,acousticguitar,2,1
n02676566_6673,acousticguitar,2,0
n02676566_6674,acousticguitar,2,4
n02676566_6677,acousticguitar,2,0
n02676566_6682,acousticguitar,2,0
n02676566_6683,acousticguitar,2,1
n02676566_6686,acousticguitar,2,3
n02676566_6687,acousticguitar,2,0
n02676566_6694,acousticguitar,2,4
n02676566_6698,acousticguitar,2,4
n02676566_6699,acousticguitar,2,4
n02676566_6700,acousticguitar,2,3
n02676566_6701,acousticguitar,2,3
n02676566_6702,acousticguitar,2,2
n02676566_6703,acousticguitar,2,2
n02676566_6704,acousticguitar,2,4
n02676566_6705,acousticguitar,2,2
n02676566_6707,acousticguitar,2,4
n02676566_6711,acousticguitar,2,4
n02676566_6713,acousticguitar,2,1
n02676566_672,acousticguitar,2,3
n02676566_6728,acousticguitar,2,0
n02676566_6729,acousticguitar,2,3
n02676566_6732,acousticguitar,2,2
n02676566_6733,acousticguitar,2,4
n02676566_6735,acousticguitar,2,2
n02676566_6737,acousticguitar,2,1
n02676566_6738,acousticguitar,2,1
n02676566_6740,acousticguitar,2,3
n02676566_6742,acousticguitar,2,1
n02676566_6744,acousticguitar,2,2
n02676566_6746,acousticguitar,2,4
n02676566_6748,acousticguitar,2,1
n02676566_6750,acousticguitar,2,2
n02676566_6753,acousticguitar,2,2
n02676566_6759,acousticguitar,2,3
n02676566_6760,acousticguitar,2,4
n02676566_6762,acousticguitar,2,2
n02676566_6763,acousticguitar,2,4
n02676566_6764,acousticguitar,2,2
n02676566_6765,acousticguitar,2,3
n02676566_6766,acousticguitar,2,3
n02676566_6770,acousticguitar,2,1
n02676566_6772,acousticguitar,2,0
n02676566_6775,acousticguitar,2,0
n02676566_6778,acousticguitar,2,3
n02676566_6785,acousticguitar,2,4
n02676566_6789,acousticguitar,2,0
n02676566_6792,acousticguitar,2,3
n02676566_6796,acousticguitar,2,3
n02676566_6797,acousticguitar,2,0
n02676566_6799,acousticguitar,2,4
n02676566_6801,acousticguitar,2,3
n02676566_6802,acousticguitar,2,3
n02676566_6810,acousticguitar,2,1
n02676566_6814,acousticguitar,2,0
n02676566_6819,acousticguitar,2,3
n02676566_682,acousticguitar,2,1
n02676566_6820,acousticguitar,2,2
n02676566_6822,acousticguitar,2,3
n02676566_6823,acousticguitar,2,3
n02676566_6826,acousticguitar,2,3
n02676566_6827,acousticguitar,2,3
n02676566_683,acousticguitar,2,3
n02676566_6833,acousticguitar,2,1
n02676566_6835,acousticguitar,2,2
n02676566_6838,acousticguitar,2,0
n02676566_6839,acousticguitar,2,1
n02676566_684,acousticguitar,2,4
n02676566_6842,acousticguitar,2,0
n02676566_6843,acousticguitar,2,4
n02676566_6851,acousticguitar,2,1
n02676566_6855,acousticguitar,2,1
n02676566_6856,acousticguitar,2,2
n02676566_6857,acousticguitar,2,2
n02676566_6858,acousticguitar,2,4
n02676566_6861,acousticguitar,2,1
n02676566_6864,acousticguitar,2,2
n02676566_6865,acousticguitar,2,0
n02676566_6868,acousticguitar,2,2
n02676566_6869,acousticguitar,2,1
n02676566_6870,acousticguitar,2,4
n02676566_6871,acousticguitar,2,0
n02676566_6875,acousticguitar,2,2
n02676566_6878,acousticguitar,2,3
n02676566_688,acousticguitar,2,3
n02676566_6881,acousticguitar,2,2
n02676566_6883,acousticguitar,2,4
n02676566_6885,acousticguitar,2,4
n02676566_6889,acousticguitar,2,3
n02676566_6893,acousticguitar,2,3
n02676566_6896,acousticguitar,2,4
n02676566_6898,acousticguitar,2,3
n02676566_6899,acousticguitar,2,2
n02676566_6904,acousticguitar,2,2
n02676566_6905,acousticguitar,2,4
n02676566_6906,acousticguitar,2,0
n02676566_6909,acousticguitar,2,2
n02676566_6910,acousticguitar,2,2
n02676566_6912,acousticguitar,2,1
n02676566_6913,acousticguitar,2,0
n02676566_6914,acousticguitar,2,1
n02676566_6915,acousticguitar,2,1
n02676566_6916,acousticguitar,2,3
n02676566_6917,acousticguitar,2,3
n02676566_6918,acousticguitar,2,3
n02676566_6919,acousticguitar,2,1
n02676566_692,acousticguitar,2,3
n02676566_6920,acousticguitar,2,0
n02676566_6922,acousticguitar,2,2
n02676566_6924,acousticguitar,2,3
n02676566_6927,acousticguitar,2,0
n02676566_6928,acousticguitar,2,1
n02676566_6929,acousticguitar,2,4
n02676566_6930,acousticguitar,2,3
n02676566_6931,acousticguitar,2,4
n02676566_6932,acousticguitar,2,4
n02676566_6935,acousticguitar,2,2
n02676566_6939,acousticguitar,2,0
n02676566_694,acousticguitar,2,3
n02676566_6941,acousticguitar,2,3
n02676566_6942,acousticguitar,2,1
n02676566_6948,acousticguitar,2,3
n02676566_6949,acousticguitar,2,2
n02676566_6950,acousticguitar,2,3
n02676566_6951,acousticguitar,2,3
n02676566_6952,acousticguitar,2,4
n02676566_6953,acousticguitar,2,1
n02676566_6954,acousticguitar,2,2
n02676566_6957,acousticguitar,2,3
n02676566_6959,acousticguitar,2,0
n02676566_6960,acousticguitar,2,2
n02676566_6961,acousticguitar,2,1
n02676566_6962,acousticguitar,2,0
n02676566_6965,acousticguitar,2,3
n02676566_6966,acousticguitar,2,3
n02676566_6968,acousticguitar,2,4
n02676566_6969,acousticguitar,2,0
n02676566_697,acousticguitar,2,1
n02676566_6971,acousticguitar,2,0
n02676566_6974,acousticguitar,2,2
n02676566_6977,acousticguitar,2,4
n02676566_6979,acousticguitar,2,2
n02676566_6980,acousticguitar,2,1
n02676566_6981,acousticguitar,2,1
n02676566_6982,acousticguitar,2,3
n02676566_6984,acousticguitar,2,2
n02676566_6985,acousticguitar,2,2
n02676566_6990,acousticguitar,2,1
n02676566_6991,acousticguitar,2,3
n02676566_6994,acousticguitar,2,2
n02676566_6997,acousticguitar,2,0
n02676566_6998,acousticguitar,2,1
n02676566_7,acousticguitar,2,3
n02676566_700,acousticguitar,2,2
n02676566_7000,acousticguitar,2,4
n02676566_7002,acousticguitar,2,3
n02676566_7004,acousticguitar,2,0
n02676566_701,acousticguitar,2,2
n02676566_7010,acousticguitar,2,3
n02676566_7011,acousticguitar,2,2
n02676566_7012,acousticguitar,2,3
n02676566_7015,acousticguitar,2,4
n02676566_7018,acousticguitar,2,2
n02676566_7020,acousticguitar,2,4
n02676566_7023,acousticguitar,2,3
n02676566_7024,acousticguitar,2,1
n02676566_7026,acousticguitar,2,2
n02676566_7030,acousticguitar,2,0
n02676566_7032,acousticguitar,2,3
n02676566_7033,acousticguitar,2,0
n02676566_7036,acousticguitar,2,4
n02676566_704,acousticguitar,2,4
n02676566_7040,acousticguitar,2,0
n02676566_7041,acousticguitar,2,1
n02676566_7042,acousticguitar,2,0
n02676566_7045,acousticguitar,2,1
n02676566_7048,acousticguitar,2,3
n02676566_7049,acousticguitar,2,3
n02676566_7059,acousticguitar,2,2
n02676566_7063,acousticguitar,2,0
n02676566_7075,acousticguitar,2,3
n02676566_7076,acousticguitar,2,3
n02676566_7077,acousticguitar,2,4
n02676566_7083,acousticguitar,2,4
n02676566_7085,acousticguitar,2,4
n02676566_7087,acousticguitar,2,3
n02676566_7089,acousticguitar,2,2
n02676566_7090,acousticguitar,2,0
n02676566_7092,acousticguitar,2,4
n02676566_7094,acousticguitar,2,0
n02676566_7095,acousticguitar,2,0
n02676566_7099,acousticguitar,2,2
n02676566_71,acousticguitar,2,0
n02676566_710,acousticguitar,2,0
n02676566_7100,acousticguitar,2,3
n02676566_7102,acousticguitar,2,3
n02676566_7103,acousticguitar,2,4
n02676566_7108,acousticguitar,2,4
n02676566_7109,acousticguitar,2,3
n02676566_711,acousticguitar,2,3
n02676566_7110,acousticguitar,2,0
n02676566_7113,acousticguitar,2,2
n02676566_7115,acousticguitar,2,4
n02676566_7117,acousticguitar,2,0
n02676566_7118,acousticguitar,2,2
n02676566_7120,acousticguitar,2,2
n02676566_7123,acousticguitar,2,1
n02676566_7124,acousticguitar,2,2
n02676566_7129,acousticguitar,2,1
n02676566_7132,acousticguitar,2,4
n02676566_7133,acousticguitar,2,0
n02676566_7136,acousticguitar,2,0
n02676566_7152,acousticguitar,2,2
n02676566_7155,acousticguitar,2,3
n02676566_7170,acousticguitar,2,1
n02676566_7172,acousticguitar,2,3
n02676566_7176,acousticguitar,2,4
n02676566_7185,acousticguitar,2,4
n02676566_7200,acousticguitar,2,1
n02676566_7202,acousticguitar,2,2
n02676566_7207,acousticguitar,2,4
n02676566_7211,acousticguitar,2,0
n02676566_7219,acousticguitar,2,0
n02676566_722,acousticguitar,2,0
n02676566_7220,acousticguitar,2,2
n02676566_7226,acousticguitar,2,1
n02676566_7231,acousticguitar,2,2
n02676566_7234,acousticguitar,2,4
n02676566_7236,acousticguitar,2,4
n02676566_7244,acousticguitar,2,2
n02676566_7250,acousticguitar,2,2
n02676566_7282,acousticguitar,2,1
n02676566_729,acousticguitar,2,2
n02676566_7291,acousticguitar,2,1
n02676566_7296,acousticguitar,2,4
n02676566_730,acousticguitar,2,0
n02676566_7307,acousticguitar,2,1
n02676566_7309,acousticguitar,2,0
n02676566_731,acousticguitar,2,1
n02676566_7313,acousticguitar,2,4
n02676566_7316,acousticguitar,2,4
n02676566_7317,acousticguitar,2,0
n02676566_7319,acousticguitar,2,4
n02676566_732,acousticguitar,2,3
n02676566_7320,acousticguitar,2,3
n02676566_7326,acousticguitar,2,0
n02676566_733,acousticguitar,2,4
n02676566_7330,acousticguitar,2,1
n02676566_7331,acousticguitar,2,0
n02676566_7343,acousticguitar,2,2
n02676566_7349,acousticguitar,2,2
n02676566_7359,acousticguitar,2,0
n02676566_7362,acousticguitar,2,3
n02676566_7363,acousticguitar,2,0
n02676566_7383,acousticguitar,2,4
n02676566_7385,acousticguitar,2,0
n02676566_7389,acousticguitar,2,0
n02676566_739,acousticguitar,2,0
n02676566_7392,acousticguitar,2,2
n02676566_7396,acousticguitar,2,2
n02676566_7399,acousticguitar,2,3
n02676566_7408,acousticguitar,2,4
n02676566_741,acousticguitar,2,2
n02676566_7422,acousticguitar,2,1
n02676566_7435,acousticguitar,2,3
n02676566_744,acousticguitar,2,3
n02676566_7442,acousticguitar,2,3
n02676566_7443,acousticguitar,2,2
n02676566_7464,acousticguitar,2,3
n02676566_7470,acousticguitar,2,3
n02676566_7476,acousticguitar,2,1
n02676566_7477,acousticguitar,2,3
n02676566_7483,acousticguitar,2,0
n02676566_7487,acousticguitar,2,4
n02676566_7509,acousticguitar,2,2
n02676566_7510,acousticguitar,2,3
n02676566_7511,acousticguitar,2,2
n02676566_7516,acousticguitar,2,3
n02676566_752,acousticguitar,2,1
n02676566_7524,acousticguitar,2,2
n02676566_7536,acousticguitar,2,3
n02676566_7543,acousticguitar,2,1
n02676566_7551,acousticguitar,2,2
n02676566_7569,acousticguitar,2,1
n02676566_758,acousticguitar,2,2
n02676566_759,acousticguitar,2,4
n02676566_76,acousticguitar,2,1
n02676566_7602,acousticguitar,2,0
n02676566_7612,acousticguitar,2,0
n02676566_7613,acousticguitar,2,3
n02676566_762,acousticguitar,2,3
n02676566_7656,acousticguitar,2,1
n02676566_767,acousticguitar,2,3
n02676566_769,acousticguitar,2,2
n02676566_7690,acousticguitar,2,2
n02676566_77,acousticguitar,2,2
n02676566_771,acousticguitar,2,3
n02676566_7718,acousticguitar,2,1
n02676566_7721,acousticguitar,2,3
n02676566_7724,acousticguitar,2,1
n02676566_773,acousticguitar,2,2
n02676566_7759,acousticguitar,2,4
n02676566_7760,acousticguitar,2,1
n02676566_777,acousticguitar,2,3
n02676566_7770,acousticguitar,2,0
n02676566_7776,acousticguitar,2,0
n02676566_7788,acousticguitar,2,1
n02676566_7795,acousticguitar,2,1
n02676566_781,acousticguitar,2,1
n02676566_7815,acousticguitar,2,3
n02676566_782,acousticguitar,2,1
n02676566_7830,acousticguitar,2,2
n02676566_7836,acousticguitar,2,0
n02676566_7837,acousticguitar,2,0
n02676566_7844,acousticguitar,2,0
n02676566_7852,acousticguitar,2,3
n02676566_786,acousticguitar,2,0
n02676566_7860,acousticguitar,2,3
n02676566_787,acousticguitar,2,0
n02676566_7879,acousticguitar,2,1
n02676566_7885,acousticguitar,2,4
n02676566_7886,acousticguitar,2,3
n02676566_7891,acousticguitar,2,2
n02676566_7892,acousticguitar,2,0
n02676566_7893,acousticguitar,2,0
n02676566_7895,acousticguitar,2,1
n02676566_790,acousticguitar,2,1
n02676566_7914,acousticguitar,2,0
n02676566_7915,acousticguitar,2,4
n02676566_792,acousticguitar,2,4
n02676566_7927,acousticguitar,2,0
n02676566_7930,acousticguitar,2,1
n02676566_7954,acousticguitar,2,4
n02676566_7969,acousticguitar,2,1
n02676566_7972,acousticguitar,2,1
n02676566_7976,acousticguitar,2,1
n02676566_7985,acousticguitar,2,2
n02676566_7989,acousticguitar,2,2
n02676566_7997,acousticguitar,2,1
n02676566_8001,acousticguitar,2,0
n02676566_8017,acousticguitar,2,0
n02676566_802,acousticguitar,2,4
n02676566_8026,acousticguitar,2,4
n02676566_8038,acousticguitar,2,4
n02676566_8039,acousticguitar,2,1
n02676566_8040,acousticguitar,2,3
n02676566_8041,acousticguitar,2,0
n02676566_8042,acousticguitar,2,2
n02676566_8043,acousticguitar,2,2
n02676566_8044,acousticguitar,2,0
n02676566_8045,acousticguitar,2,3
n02676566_8047,acousticguitar,2,2
n02676566_8049,acousticguitar,2,0
n02676566_8050,acousticguitar,2,0
n02676566_8053,acousticguitar,2,2
n02676566_8055,acousticguitar,2,0
n02676566_8057,acousticguitar,2,3
n02676566_8058,acousticguitar,2,2
n02676566_8059,acousticguitar,2,3
n02676566_806,acousticguitar,2,3
n02676566_8061,acousticguitar,2,0
n02676566_8064,acousticguitar,2,4
n02676566_8065,acousticguitar,2,0
n02676566_8068,acousticguitar,2,4
n02676566_8069,acousticguitar,2,4
n02676566_8070,acousticguitar,2,3
n02676566_8072,acousticguitar,2,2
n02676566_8073,acousticguitar,2,4
n02676566_8074,acousticguitar,2,2
n02676566_8075,acousticguitar,2,1
n02676566_8076,acousticguitar,2,2
n02676566_8078,acousticguitar,2,3
n02676566_8079,acousticguitar,2,1
n02676566_8080,acousticguitar,2,2
n02676566_8081,acousticguitar,2,0
n02676566_8082,acousticguitar,2,1
n02676566_8083,acousticguitar,2,3
n02676566_8084,acousticguitar,2,1
n02676566_8086,acousticguitar,2,1
n02676566_8088,acousticguitar,2,2
n02676566_8096,acousticguitar,2,2
n02676566_8097,acousticguitar,2,0
n02676566_81,acousticguitar,2,0
n02676566_8100,acousticguitar,2,0
n02676566_8111,acousticguitar,2,1
n02676566_8117,acousticguitar,2,0
n02676566_8122,acousticguitar,2,4
n02676566_8123,acousticguitar,2,0
n02676566_8133,acousticguitar,2,4
n02676566_814,acousticguitar,2,1
n02676566_8140,acousticguitar,2,3
n02676566_8141,acousticguitar,2,4
n02676566_8143,acousticguitar,2,4
n02676566_8148,acousticguitar,2,3
n02676566_8152,acousticguitar,2,2
n02676566_8153,acousticguitar,2,1
n02676566_816,acousticguitar,2,1
n02676566_8162,acousticguitar,2,3
n02676566_817,acousticguitar,2,4
n02676566_8170,acousticguitar,2,4
n02676566_8174,acousticguitar,2,4
n02676566_8176,acousticguitar,2,2
n02676566_8186,acousticguitar,2,2
n02676566_8189,acousticguitar,2,4
n02676566_8192,acousticguitar,2,3
n02676566_8195,acousticguitar,2,3
n02676566_8197,acousticguitar,2,4
n02676566_8199,acousticguitar,2,2
n02676566_82,acousticguitar,2,0
n02676566_8203,acousticguitar,2,3
n02676566_8208,acousticguitar,2,1
n02676566_821,acousticguitar,2,2
n02676566_8211,acousticguitar,2,4
n02676566_8213,acousticguitar,2,1
n02676566_8214,acousticguitar,2,2
n02676566_8228,acousticguitar,2,2
n02676566_8229,acousticguitar,2,2
n02676566_8233,acousticguitar,2,0
n02676566_8240,acousticguitar,2,3
n02676566_825,acousticguitar,2,2
n02676566_8255,acousticguitar,2,1
n02676566_8264,acousticguitar,2,1
n02676566_8268,acousticguitar,2,3
n02676566_8270,acousticguitar,2,0
n02676566_8275,acousticguitar,2,3
n02676566_8278,acousticguitar,2,0
n02676566_8281,acousticguitar,2,3
n02676566_8282,acousticguitar,2,2
n02676566_8284,acousticguitar,2,3
n02676566_8298,acousticguitar,2,3
n02676566_8303,acousticguitar,2,1
n02676566_8305,acousticguitar,2,3
n02676566_8309,acousticguitar,2,4
n02676566_8310,acousticguitar,2,1
n02676566_8325,acousticguitar,2,1
n02676566_8328,acousticguitar,2,2
n02676566_8333,acousticguitar,2,1
n02676566_8335,acousticguitar,2,4
n02676566_834,acousticguitar,2,1
n02676566_8341,acousticguitar,2,1
n02676566_8347,acousticguitar,2,2
n02676566_8352,acousticguitar,2,0
n02676566_8354,acousticguitar,2,0
n02676566_8363,acousticguitar,2,4
n02676566_837,acousticguitar,2,2
n02676566_8370,acousticguitar,2,3
n02676566_8371,acousticguitar,2,1
n02676566_8376,acousticguitar,2,1
n02676566_8378,acousticguitar,2,0
n02676566_8384,acousticguitar,2,4
n02676566_8389,acousticguitar,2,0
n02676566_839,acousticguitar,2,3
n02676566_8391,acousticguitar,2,1
n02676566_84,acousticguitar,2,1
n02676566_8406,acousticguitar,2,3
n02676566_841,acousticguitar,2,1
n02676566_8412,acousticguitar,2,0
n02676566_8417,acousticguitar,2,4
n02676566_8423,acousticguitar,2,2
n02676566_8424,acousticguitar,2,4
n02676566_844,acousticguitar,2,0
n02676566_8444,acousticguitar,2,3
n02676566_8467,acousticguitar,2,0
n02676566_847,acousticguitar,2,4
n02676566_8473,acousticguitar,2,2
n02676566_8474,acousticguitar,2,0
n02676566_8477,acousticguitar,2,4
n02676566_848,acousticguitar,2,2
n02676566_8502,acousticguitar,2,1
n02676566_8506,acousticguitar,2,4
n02676566_851,acousticguitar,2,1
n02676566_8511,acousticguitar,2,3
n02676566_8525,acousticguitar,2,2
n02676566_8531,acousticguitar,2,2
n02676566_8533,acousticguitar,2,2
n02676566_8539,acousticguitar,2,4
n02676566_8542,acousticguitar,2,2
n02676566_8545,acousticguitar,2,1
n02676566_8549,acousticguitar,2,0
n02676566_8553,acousticguitar,2,3
n02676566_8559,acousticguitar,2,0
n02676566_857,acousticguitar,2,0
n02676566_8571,acousticguitar,2,0
n02676566_8588,acousticguitar,2,4
n02676566_8605,acousticguitar,2,3
n02676566_8609,acousticguitar,2,0
n02676566_8618,acousticguitar,2,2
n02676566_8622,acousticguitar,2,2
n02676566_8625,acousticguitar,2,2
n02676566_863,acousticguitar,2,3
n02676566_8631,acousticguitar,2,2
n02676566_8634,acousticguitar,2,2
n02676566_867,acousticguitar,2,1
n02676566_8671,acousticguitar,2,0
n02676566_8673,acousticguitar,2,4
n02676566_868,acousticguitar,2,3
n02676566_8684,acousticguitar,2,2
n02676566_8694,acousticguitar,2,4
n02676566_870,acousticguitar,2,3
n02676566_8701,acousticguitar,2,1
n02676566_8706,acousticguitar,2,2
n02676566_871,acousticguitar,2,2
n02676566_8716,acousticguitar,2,2
n02676566_8723,acousticguitar,2,2
n02676566_8725,acousticguitar,2,4
n02676566_8726,acousticguitar,2,1
n02676566_8735,acousticguitar,2,2
n02676566_8736,acousticguitar,2,1
n02676566_874,acousticguitar,2,2
n02676566_8740,acousticguitar,2,3
n02676566_8741,acousticguitar,2,2
n02676566_8745,acousticguitar,2,1
n02676566_8756,acousticguitar,2,1
n02676566_8758,acousticguitar,2,3
n02676566_8768,acousticguitar,2,3
n02676566_877,acousticguitar,2,3
n02676566_8773,acousticguitar,2,3
n02676566_8775,acousticguitar,2,0
n02676566_879,acousticguitar,2,3
n02676566_8799,acousticguitar,2,1
n02676566_8805,acousticguitar,2,3
n02676566_8808,acousticguitar,2,0
n02676566_8809,acousticguitar,2,0
n02676566_8810,acousticguitar,2,2
n02676566_8814,acousticguitar,2,4
n02676566_8817,acousticguitar,2,4
n02676566_8819,acousticguitar,2,0
n02676566_8820,acousticguitar,2,3
n02676566_8821,acousticguitar,2,4
n02676566_8822,acousticguitar,2,2
n02676566_8824,acousticguitar,2,3
n02676566_8828,acousticguitar,2,1
n02676566_8829,acousticguitar,2,2
n02676566_8831,acousticguitar,2,2
n02676566_8833,acousticguitar,2,2
n02676566_8836,acousticguitar,2,1
n02676566_8838,acousticguitar,2,2
n02676566_8839,acousticguitar,2,2
n02676566_884,acousticguitar,2,2
n02676566_8842,acousticguitar,2,0
n02676566_8843,acousticguitar,2,2
n02676566_8846,acousticguitar,2,0
n02676566_8847,acousticguitar,2,1
n02676566_8848,acousticguitar,2,3
n02676566_8849,acousticguitar,2,1
n02676566_885,acousticguitar,2,3
n02676566_8850,acousticguitar,2,2
n02676566_8851,acousticguitar,2,2
n02676566_8853,acousticguitar,2,0
n02676566_8854,acousticguitar,2,3
n02676566_8855,acousticguitar,2,1
n02676566_8856,acousticguitar,2,3
n02676566_8857,acousticguitar,2,0
n02676566_8859,acousticguitar,2,3
n02676566_8861,acousticguitar,2,4
n02676566_8862,acousticguitar,2,3
n02676566_8863,acousticguitar,2,2
n02676566_8864,acousticguitar,2,1
n02676566_8865,acousticguitar,2,4
n02676566_8866,acousticguitar,2,4
n02676566_8867,acousticguitar,2,1
n02676566_8868,acousticguitar,2,2
n02676566_8869,acousticguitar,2,0
n02676566_8871,acousticguitar,2,0
n02676566_8872,acousticguitar,2,0
n02676566_8873,acousticguitar,2,3
n02676566_8875,acousticguitar,2,3
n02676566_8876,acousticguitar,2,1
n02676566_8880,acousticguitar,2,4
n02676566_8881,acousticguitar,2,0
n02676566_8882,acousticguitar,2,1
n02676566_8883,acousticguitar,2,1
n02676566_8884,acousticguitar,2,1
n02676566_8886,acousticguitar,2,1
n02676566_8888,acousticguitar,2,2
n02676566_8889,acousticguitar,2,4
n02676566_889,acousticguitar,2,1
n02676566_8890,acousticguitar,2,2
n02676566_8892,acousticguitar,2,3
n02676566_8893,acousticguitar,2,2
n02676566_8895,acousticguitar,2,4
n02676566_8896,acousticguitar,2,0
n02676566_8897,acousticguitar,2,0
n02676566_8899,acousticguitar,2,2
n02676566_8900,acousticguitar,2,0
n02676566_8901,acousticguitar,2,2
n02676566_8902,acousticguitar,2,3
n02676566_8907,acousticguitar,2,0
n02676566_8908,acousticguitar,2,0
n02676566_8909,acousticguitar,2,0
n02676566_8910,acousticguitar,2,3
n02676566_8911,acousticguitar,2,3
n02676566_8914,acousticguitar,2,4
n02676566_8916,acousticguitar,2,4
n02676566_8917,acousticguitar,2,2
n02676566_8918,acousticguitar,2,3
n02676566_8919,acousticguitar,2,4
n02676566_8922,acousticguitar,2,1
n02676566_8923,acousticguitar,2,1
n02676566_8924,acousticguitar,2,1
n02676566_8925,acousticguitar,2,2
n02676566_8938,acousticguitar,2,4
n02676566_8943,acousticguitar,2,0
n02676566_8946,acousticguitar,2,3
n02676566_8948,acousticguitar,2,4
n02676566_895,acousticguitar,2,1
n02676566_8957,acousticguitar,2,3
n02676566_8968,acousticguitar,2,1
n02676566_8970,acousticguitar,2,1
n02676566_8971,acousticguitar,2,4
n02676566_8983,acousticguitar,2,2
n02676566_8989,acousticguitar,2,3
n02676566_8993,acousticguitar,2,3
n02676566_8994,acousticguitar,2,1
n02676566_8997,acousticguitar,2,4
n02676566_8999,acousticguitar,2,3
n02676566_9,acousticguitar,2,3
n02676566_900,acousticguitar,2,2
n02676566_9001,acousticguitar,2,1
n02676566_901,acousticguitar,2,1
n02676566_9016,acousticguitar,2,4
n02676566_9026,acousticguitar,2,4
n02676566_9027,acousticguitar,2,1
n02676566_9028,acousticguitar,2,2
n02676566_9032,acousticguitar,2,2
n02676566_904,acousticguitar,2,1
n02676566_9041,acousticguitar,2,4
n02676566_9044,acousticguitar,2,1
n02676566_905,acousticguitar,2,1
n02676566_9054,acousticguitar,2,0
n02676566_9055,acousticguitar,2,4
n02676566_906,acousticguitar,2,1
n02676566_9062,acousticguitar,2,4
n02676566_9066,acousticguitar,2,4
n02676566_9067,acousticguitar,2,4
n02676566_907,acousticguitar,2,2
n02676566_9070,acousticguitar,2,0
n02676566_9084,acousticguitar,2,4
n02676566_9085,acousticguitar,2,0
n02676566_9106,acousticguitar,2,4
n02676566_911,acousticguitar,2,1
n02676566_912,acousticguitar,2,0
n02676566_9126,acousticguitar,2,1
n02676566_915,acousticguitar,2,1
n02676566_9220,acousticguitar,2,2
n02676566_9224,acousticguitar,2,3
n02676566_9242,acousticguitar,2,0
n02676566_9254,acousticguitar,2,2
n02676566_9262,acousticguitar,2,1
n02676566_927,acousticguitar,2,3
n02676566_9277,acousticguitar,2,3
n02676566_9296,acousticguitar,2,1
n02676566_931,acousticguitar,2,2
n02676566_9311,acousticguitar,2,4
n02676566_9312,acousticguitar,2,2
n02676566_933,acousticguitar,2,1
n02676566_934,acousticguitar,2,4
n02676566_9345,acousticguitar,2,3
n02676566_935,acousticguitar,2,4
n02676566_936,acousticguitar,2,0
n02676566_9396,acousticguitar,2,4
n02676566_940,acousticguitar,2,4
n02676566_9403,acousticguitar,2,2
n02676566_9407,acousticguitar,2,3
n02676566_9413,acousticguitar,2,2
n02676566_9414,acousticguitar,2,2
n02676566_9422,acousticguitar,2,3
n02676566_9425,acousticguitar,2,1
n02676566_943,acousticguitar,2,1
n02676566_9431,acousticguitar,2,2
n02676566_9434,acousticguitar,2,0
n02676566_9438,acousticguitar,2,1
n02676566_9439,acousticguitar,2,4
n02676566_944,acousticguitar,2,0
n02676566_9440,acousticguitar,2,1
n02676566_9446,acousticguitar,2,1
n02676566_9451,acousticguitar,2,0
n02676566_9458,acousticguitar,2,3
n02676566_9459,acousticguitar,2,4
n02676566_946,acousticguitar,2,1
n02676566_9462,acousticguitar,2,3
n02676566_9463,acousticguitar,2,1
n02676566_9469,acousticguitar,2,4
n02676566_947,acousticguitar,2,3
n02676566_9471,acousticguitar,2,1
n02676566_9473,acousticguitar,2,1
n02676566_9475,acousticguitar,2,3
n02676566_9479,acousticguitar,2,4
n02676566_9480,acousticguitar,2,2
n02676566_9482,acousticguitar,2,4
n02676566_9483,acousticguitar,2,0
n02676566_9485,acousticguitar,2,3
n02676566_9490,acousticguitar,2,0
n02676566_9493,acousticguitar,2,0
n02676566_9494,acousticguitar,2,4
n02676566_9499,acousticguitar,2,1
n02676566_9501,acousticguitar,2,1
n02676566_9503,acousticguitar,2,2
n02676566_9510,acousticguitar,2,1
n02676566_9511,acousticguitar,2,3
n02676566_9513,acousticguitar,2,1
n02676566_9515,acousticguitar,2,0
n02676566_9519,acousticguitar,2,0
n02676566_9532,acousticguitar,2,3
n02676566_9538,acousticguitar,2,0
n02676566_9539,acousticguitar,2,3
n02676566_9540,acousticguitar,2,2
n02676566_9548,acousticguitar,2,2
n02676566_9549,acousticguitar,2,3
n02676566_9558,acousticguitar,2,1
n02676566_9561,acousticguitar,2,3
n02676566_9562,acousticguitar,2,1
n02676566_9566,acousticguitar,2,1
n02676566_9569,acousticguitar,2,0
n02676566_9570,acousticguitar,2,0
n02676566_9572,acousticguitar,2,1
n02676566_9573,acousticguitar,2,0
n02676566_9575,acousticguitar,2,3
n02676566_9577,acousticguitar,2,0
n02676566_9578,acousticguitar,2,4
n02676566_958,acousticguitar,2,0
n02676566_9580,acousticguitar,2,4
n02676566_9582,acousticguitar,2,4
n02676566_9589,acousticguitar,2,0
n02676566_9591,acousticguitar,2,2
n02676566_9593,acousticguitar,2,1
n02676566_9597,acousticguitar,2,0
n02676566_9598,acousticguitar,2,3
n02676566_9600,acousticguitar,2,0
n02676566_9606,acousticguitar,2,1
n02676566_9611,acousticguitar,2,4
n02676566_9637,acousticguitar,2,4
n02676566_9639,acousticguitar,2,3
n02676566_9643,acousticguitar,2,3
n02676566_9648,acousticguitar,2,0
n02676566_965,acousticguitar,2,0
n02676566_9654,acousticguitar,2,2
n02676566_9656,acousticguitar,2,3
n02676566_9657,acousticguitar,2,2
n02676566_966,acousticguitar,2,1
n02676566_9661,acousticguitar,2,2
n02676566_9667,acousticguitar,2,0
n02676566_9668,acousticguitar,2,3
n02676566_9670,acousticguitar,2,4
n02676566_9687,acousticguitar,2,0
n02676566_9688,acousticguitar,2,4
n02676566_9691,acousticguitar,2,0
n02676566_9697,acousticguitar,2,1
n02676566_970,acousticguitar,2,1
n02676566_9708,acousticguitar,2,3
n02676566_9709,acousticguitar,2,2
n02676566_9726,acousticguitar,2,4
n02676566_9729,acousticguitar,2,3
n02676566_9757,acousticguitar,2,3
n02676566_9761,acousticguitar,2,2
n02676566_9767,acousticguitar,2,0
n02676566_977,acousticguitar,2,4
n02676566_9771,acousticguitar,2,0
n02676566_9790,acousticguitar,2,2
n02676566_98,acousticguitar,2,4
n02676566_9802,acousticguitar,2,1
n02676566_9812,acousticguitar,2,1
n02676566_9814,acousticguitar,2,1
n02676566_9819,acousticguitar,2,0
n02676566_9827,acousticguitar,2,0
n02676566_9832,acousticguitar,2,4
n02676566_984,acousticguitar,2,1
n02676566_9846,acousticguitar,2,0
n02676566_9847,acousticguitar,2,0
n02676566_9857,acousticguitar,2,3
n02676566_9874,acousticguitar,2,1
n02676566_9878,acousticguitar,2,3
n02676566_9883,acousticguitar,2,3
n02676566_9889,acousticguitar,2,1
n02676566_9892,acousticguitar,2,0
n02676566_9898,acousticguitar,2,3
n02676566_99,acousticguitar,2,0
n02676566_990,acousticguitar,2,1
n02676566_9907,acousticguitar,2,2
n02676566_9913,acousticguitar,2,3
n02676566_992,acousticguitar,2,2
n02676566_9921,acousticguitar,2,2
n02676566_9926,acousticguitar,2,4
n02676566_9936,acousticguitar,2,1
n02676566_995,acousticguitar,2,1
n02676566_9954,acousticguitar,2,4
n02676566_9968,acousticguitar,2,2
n02676566_9972,acousticguitar,2,0
n02676566_9987,acousticguitar,2,3
n02676566_999,acousticguitar,2,1
n02676566_9992,acousticguitar,2,4
n04536866_1000,violin,2,2
n04536866_10016,violin,2,4
n04536866_10060,violin,2,1
n04536866_10072,violin,2,0
n04536866_10076,violin,2,1
n04536866_10085,violin,2,4
n04536866_10093,violin,2,4
n04536866_1010,violin,2,3
n04536866_10120,violin,2,2
n04536866_10128,violin,2,4
n04536866_10133,violin,2,3
n04536866_10148,violin,2,3
n04536866_10155,violin,2,3
n04536866_10171,violin,2,3
n04536866_10177,violin,2,0
n04536866_1018,violin,2,4
n04536866_10185,violin,2,4
n04536866_1019,violin,2,2
n04536866_10191,violin,2,4
n04536866_1020,violin,2,2
n04536866_10214,violin,2,3
n04536866_10215,violin,2,2
n04536866_10228,violin,2,2
n04536866_10237,violin,2,2
n04536866_10249,violin,2,3
n04536866_10263,violin,2,1
n04536866_10276,violin,2,4
n04536866_10286,violin,2,1
n04536866_10294,violin,2,2
n04536866_10302,violin,2,4
n04536866_10315,violin,2,4
n04536866_10317,violin,2,2
n04536866_10322,violin,2,0
n04536866_10354,violin,2,0
n04536866_10358,violin,2,3
n04536866_10367,violin,2,4
n04536866_10368,violin,2,2
n04536866_10370,violin,2,0
n04536866_10375,violin,2,1
n04536866_10392,violin,2,4
n04536866_10397,violin,2,2
n04536866_104,violin,2,0
n04536866_10402,violin,2,0
n04536866_10404,violin,2,1
n04536866_10408,violin,2,1
n04536866_10419,violin,2,3
n04536866_1042,violin,2,3
n04536866_10420,violin,2,3
n04536866_10428,violin,2,2
n04536866_10430,violin,2,3
n04536866_10433,violin,2,2
n04536866_10449,violin,2,4
n04536866_10458,violin,2,4
n04536866_10461,violin,2,3
n04536866_10466,violin,2,1
n04536866_10469,violin,2,3
n04536866_10471,violin,2,0
n04536866_10472,violin,2,4
n04536866_10474,violin,2,1
n04536866_10476,violin,2,0
n04536866_10481,violin,2,2
n04536866_10484,violin,2,0
n04536866_10488,violin,2,0
n04536866_1049,violin,2,2
n04536866_105,violin,2,1
n04536866_10505,violin,2,0
n04536866_10507,violin,2,1
n04536866_10522,violin,2,4
n04536866_10523,violin,2,0
n04536866_10536,violin,2,4
n04536866_1054,violin,2,2
n04536866_10563,violin,2,0
n04536866_10581,violin,2,1
n04536866_10597,violin,2,0
n04536866_10599,violin,2,0
n04536866_10602,violin,2,0
n04536866_10612,violin,2,0
n04536866_10636,violin,2,2
n04536866_10639,violin,2,0
n04536866_10642,violin,2,0
n04536866_10644,violin,2,0
n04536866_10649,violin,2,3
n04536866_10652,violin,2,0
n04536866_1066,violin,2,2
n04536866_10686,violin,2,0
n04536866_10694,violin,2,4
n04536866_10696,violin,2,4
n04536866_10704,violin,2,4
n04536866_10706,violin,2,2
n04536866_10717,violin,2,1
n04536866_10722,violin,2,4
n04536866_10730,violin,2,2
n04536866_10750,violin,2,3
n04536866_10761,violin,2,0
n04536866_10778,violin,2,2
n04536866_10782,violin,2,0
n04536866_10789,violin,2,2
n04536866_10804,violin,2,4
n04536866_10811,violin,2,4
n04536866_10812,violin,2,2
n04536866_10829,violin,2,3
n04536866_10838,violin,2,2
n04536866_10855,violin,2,4
n04536866_10858,violin,2,3
n04536866_10886,violin,2,3
n04536866_10916,violin,2,2
n04536866_1094,violin,2,1
n04536866_10940,violin,2,4
n04536866_10946,violin,2,0
n04536866_10950,violin,2,1
n04536866_10962,violin,2,4
n04536866_10976,violin,2,4
n04536866_10978,violin,2,2
n04536866_1099,violin,2,3
n04536866_1100,violin,2,1
n04536866_11012,violin,2,2
n04536866_11017,violin,2,1
n04536866_11019,violin,2,4
n04536866_11021,violin,2,3
n04536866_11023,violin,2,4
n04536866_11031,violin,2,3
n04536866_11044,violin,2,3
n04536866_11045,violin,2,2
n04536866_11046,violin,2,4
n04536866_11049,violin,2,4
n04536866_11056,violin,2,4
n04536866_11065,violin,2,4
n04536866_11082,violin,2,1
n04536866_11084,violin,2,2
n04536866_11105,violin,2,0
n04536866_11112,violin,2,2
n04536866_11132,violin,2,0
n04536866_1114,violin,2,4
n04536866_11141,violin,2,2
n04536866_11146,violin,2,1
n04536866_11149,violin,2,4
n04536866_11157,violin,2,2
n04536866_11177,violin,2,2
n04536866_11181,violin,2,4
n04536866_11206,violin,2,1
n04536866_11210,violin,2,2
n04536866_11225,violin,2,0
n04536866_11228,violin,2,2
n04536866_11258,violin,2,2
n04536866_11264,violin,2,3
n04536866_11292,violin,2,3
n04536866_11294,violin,2,0
n04536866_11333,violin,2,4
n04536866_1134,violin,2,1
n04536866_11345,violin,2,4
n04536866_11352,violin,2,3
n04536866_11365,violin,2,4
n04536866_11378,violin,2,0
n04536866_11413,violin,2,2
n04536866_1144,violin,2,4
n04536866_11457,violin,2,4
n04536866_11468,violin,2,1
n04536866_11475,violin,2,2
n04536866_11491,violin,2,1
n04536866_11493,violin,2,4
n04536866_11535,violin,2,0
n04536866_11537,violin,2,4
n04536866_11558,violin,2,4
n04536866_11561,violin,2,0
n04536866_1157,violin,2,3
n04536866_1163,violin,2,2
n04536866_11653,violin,2,3
n04536866_11660,violin,2,2
n04536866_11693,violin,2,4
n04536866_11703,violin,2,4
n04536866_11708,violin,2,2
n04536866_11724,violin,2,3
n04536866_11746,violin,2,1
n04536866_11748,violin,2,1
n04536866_11759,violin,2,4
n04536866_11768,violin,2,1
n04536866_11775,violin,2,4
n04536866_11797,violin,2,3
n04536866_11810,violin,2,2
n04536866_11857,violin,2,3
n04536866_11858,violin,2,4
n04536866_1187,violin,2,2
n04536866_11883,violin,2,3
n04536866_11884,violin,2,1
n04536866_11911,violin,2,4
n04536866_11912,violin,2,3
n04536866_11914,violin,2,3
n04536866_11988,violin,2,1
n04536866_11995,violin,2,2
n04536866_11999,violin,2,1
n04536866_12003,violin,2,3
n04536866_12030,violin,2,3
n04536866_12035,violin,2,0
n04536866_12036,violin,2,1
n04536866_12054,violin,2,1
n04536866_1206,violin,2,2
n04536866_12061,violin,2,2
n04536866_12068,violin,2,4
n04536866_12071,violin,2,4
n04536866_12075,violin,2,2
n04536866_12079,violin,2,2
n04536866_12087,violin,2,2
n04536866_12090,violin,2,4
n04536866_12093,violin,2,1
n04536866_12107,violin,2,0
n04536866_12114,violin,2,1
n04536866_12116,violin,2,4
n04536866_12128,violin,2,0
n04536866_12141,violin,2,2
n04536866_12149,violin,2,1
n04536866_12160,violin,2,4
n04536866_12177,violin,2,0
n04536866_12178,violin,2,4
n04536866_12186,violin,2,2
n04536866_1219,violin,2,4
n04536866_12198,violin,2,0
n04536866_12199,violin,2,1
n04536866_12204,violin,2,1
n04536866_12208,violin,2,4
n04536866_12210,violin,2,2
n04536866_12219,violin,2,3
n04536866_12225,violin,2,0
n04536866_12239,violin,2,4
n04536866_12240,violin,2,3
n04536866_12247,violin,2,4
n04536866_12259,violin,2,3
n04536866_12273,violin,2,4
n04536866_12293,violin,2,1
n04536866_12308,violin,2,4
n04536866_1231,violin,2,0
n04536866_12315,violin,2,1
n04536866_12317,violin,2,4
n04536866_12340,violin,2,4
n04536866_12352,violin,2,0
n04536866_12358,violin,2,0
n04536866_12362,violin,2,3
n04536866_12381,violin,2,3
n04536866_12383,violin,2,2
n04536866_12390,violin,2,1
n04536866_12401,violin,2,3
n04536866_12417,violin,2,1
n04536866_12418,violin,2,0
n04536866_12433,violin,2,1
n04536866_12436,violin,2,0
n04536866_12441,violin,2,3
n04536866_1246,violin,2,4
n04536866_12488,violin,2,2
n04536866_12499,violin,2,2
n04536866_12511,violin,2,1
n04536866_12527,violin,2,3
n04536866_12543,violin,2,1
n04536866_1255,violin,2,2
n04536866_12557,violin,2,2
n04536866_12566,violin,2,3
n04536866_12587,violin,2,1
n04536866_12594,violin,2,1
n04536866_12595,violin,2,1
n04536866_126,violin,2,4
n04536866_12600,violin,2,3
n04536866_12630,violin,2,3
n04536866_12637,violin,2,1
n04536866_12645,violin,2,1
n04536866_12666,violin,2,4
n04536866_12670,violin,2,3
n04536866_12673,violin,2,1
n04536866_12675,violin,2,2
n04536866_12687,violin,2,0
n04536866_12688,violin,2,3
n04536866_12689,violin,2,1
n04536866_12708,violin,2,4
n04536866_12714,violin,2,0
n04536866_12720,violin,2,1
n04536866_12744,violin,2,3
n04536866_12745,violin,2,2
n04536866_12761,violin,2,0
n04536866_12762,violin,2,4
n04536866_12765,violin,2,1
n04536866_1277,violin,2,4
n04536866_12775,violin,2,1
n04536866_12808,violin,2,2
n04536866_12828,violin,2,1
n04536866_12834,violin,2,4
n04536866_12836,violin,2,1
n04536866_1284,violin,2,0
n04536866_12855,violin,2,0
n04536866_12861,violin,2,2
n04536866_12862,violin,2,2
n04536866_12864,violin,2,0
n04536866_12873,violin,2,3
n04536866_12876,violin,2,2
n04536866_12896,violin,2,2
n04536866_12898,violin,2,3
n04536866_1290,violin,2,4
n04536866_12900,violin,2,0
n04536866_12902,violin,2,1
n04536866_12916,violin,2,2
n04536866_12957,violin,2,1
n04536866_12962,violin,2,2
n04536866_12973,violin,2,4
n04536866_12997,violin,2,1
n04536866_13031,violin,2,1
n04536866_1304,violin,2,1
n04536866_13057,violin,2,3
n04536866_1306,violin,2,2
n04536866_13085,violin,2,4
n04536866_13097,violin,2,0
n04536866_13098,violin,2,1
n04536866_1312,violin,2,0
n04536866_1314,violin,2,0
n04536866_13148,violin,2,0
n04536866_13149,violin,2,0
n04536866_1315,violin,2,1
n04536866_13157,violin,2,3
n04536866_13169,violin,2,3
n04536866_13213,violin,2,1
n04536866_13214,violin,2,2
n04536866_13219,violin,2,4
n04536866_13220,violin,2,2
n04536866_13225,violin,2,3
n04536866_13248,violin,2,2
n04536866_13256,violin,2,0
n04536866_13296,violin,2,2
n04536866_13304,violin,2,1
n04536866_13313,violin,2,4
n04536866_13314,violin,2,1
n04536866_13328,violin,2,3
n04536866_13336,violin,2,4
n04536866_13337,violin,2,2
n04536866_13342,violin,2,4
n04536866_13359,violin,2,3
n04536866_13409,violin,2,2
n04536866_13410,violin,2,1
n04536866_13421,violin,2,3
n04536866_13422,violin,2,2
n04536866_1343,violin,2,4
n04536866_13446,violin,2,4
n04536866_13456,violin,2,3
n04536866_13499,violin,2,1
n04536866_1357,violin,2,0
n04536866_1376,violin,2,3
n04536866_13804,violin,2,3
n04536866_1390,violin,2,2
n04536866_1394,violin,2,2
n04536866_13954,violin,2,0
n04536866_14004,violin,2,3
n04536866_1408,violin,2,4
n04536866_14094,violin,2,0
n04536866_14103,violin,2,3
n04536866_1412,violin,2,4
n04536866_14127,violin,2,0
n04536866_14129,violin,2,1
n04536866_14164,violin,2,2
n04536866_14197,violin,2,2
n04536866_14204,violin,2,4
n04536866_14225,violin,2,4
n04536866_14263,violin,2,2
n04536866_14271,violin,2,2
n04536866_1428,violin,2,0
n04536866_14288,violin,2,0
n04536866_14291,violin,2,2
n04536866_14297,violin,2,0
n04536866_14299,violin,2,3
n04536866_14305,violin,2,1
n04536866_14335,violin,2,3
n04536866_14349,violin,2,1
n04536866_14356,violin,2,4
n04536866_1439,violin,2,1
n04536866_14392,violin,2,3
n04536866_1440,violin,2,0
n04536866_1441,violin,2,4
n04536866_14418,violin,2,4
n04536866_14428,violin,2,1
n04536866_14473,violin,2,1
n04536866_14476,violin,2,0
n04536866_14547,violin,2,3
n04536866_1460,violin,2,0
n04536866_1466,violin,2,4
n04536866_1467,violin,2,4
n04536866_1472,violin,2,2
n04536866_1484,violin,2,0
n04536866_149,violin,2,3
n04536866_15017,violin,2,3
n04536866_1503,violin,2,4
n04536866_1504,violin,2,1
n04536866_15056,violin,2,0
n04536866_1507,violin,2,3
n04536866_1512,violin,2,1
n04536866_15160,violin,2,4
n04536866_1519,violin,2,4
n04536866_1521,violin,2,2
n04536866_15368,violin,2,0
n04536866_1540,violin,2,4
n04536866_15430,violin,2,1
n04536866_1545,violin,2,0
n04536866_1569,violin,2,1
n04536866_1590,violin,2,0
n04536866_1598,violin,2,1
n04536866_15996,violin,2,2
n04536866_16,violin,2,2
n04536866_1600,violin,2,2
n04536866_1605,violin,2,3
n04536866_16050,violin,2,1
n04536866_16087,violin,2,0
n04536866_16162,violin,2,2
n04536866_16206,violin,2,2
n04536866_1622,violin,2,0
n04536866_1623,violin,2,0
n04536866_16230,violin,2,2
n04536866_16232,violin,2,4
n04536866_16239,violin,2,1
n04536866_1629,violin,2,4
n04536866_16320,violin,2,0
n04536866_16346,violin,2,1
n04536866_1641,violin,2,3
n04536866_16483,violin,2,0
n04536866_1649,violin,2,3
n04536866_16561,violin,2,0
n04536866_16582,violin,2,1
n04536866_1668,violin,2,3
n04536866_16802,violin,2,3
n04536866_1681,violin,2,3
n04536866_1686,violin,2,4
n04536866_16909,violin,2,2
n04536866_16996,violin,2,0
n04536866_1704,violin,2,2
n04536866_1705,violin,2,1
n04536866_17053,violin,2,1
n04536866_1709,violin,2,0
n04536866_1726,violin,2,0
n04536866_17292,violin,2,2
n04536866_17308,violin,2,1
n04536866_17328,violin,2,2
n04536866_17332,violin,2,4
n04536866_17402,violin,2,3
n04536866_17409,violin,2,4
n04536866_1743,violin,2,2
n04536866_17454,violin,2,4
n04536866_1750,violin,2,2
n04536866_1759,violin,2,3
n04536866_17615,violin,2,4
n04536866_17616,violin,2,4
n04536866_17648,violin,2,4
n04536866_1765,violin,2,0
n04536866_17671,violin,2,1
n04536866_17713,violin,2,4
n04536866_1772,violin,2,0
n04536866_17733,violin,2,1
n04536866_17742,violin,2,2
n04536866_1775,violin,2,2
n04536866_17788,violin,2,2
n04536866_17814,violin,2,1
n04536866_17828,violin,2,4
n04536866_18015,violin,2,0
n04536866_18020,violin,2,0
n04536866_1814,violin,2,3
n04536866_1816,violin,2,4
n04536866_182,violin,2,1
n04536866_1822,violin,2,1
n04536866_18259,violin,2,2
n04536866_18291,violin,2,3
n04536866_18323,violin,2,1
n04536866_18345,violin,2,4
n04536866_18352,violin,2,1
n04536866_1836,violin,2,0
n04536866_18374,violin,2,3
n04536866_1842,violin,2,3
n04536866_18425,violin,2,4
n04536866_18456,violin,2,1
n04536866_18460,violin,2,3
n04536866_18463,violin,2,4
n04536866_1847,violin,2,4
n04536866_1851,violin,2,4
n04536866_1853,violin,2,0
n04536866_1857,violin,2,4
n04536866_18581,violin,2,4
n04536866_18584,violin,2,0
n04536866_18618,violin,2,3
n04536866_1866,violin,2,0
n04536866_1870,violin,2,3
n04536866_18768,violin,2,0
n04536866_1886,violin,2,0
n04536866_18888,violin,2,0
n04536866_1893,violin,2,0
n04536866_18940,violin,2,1
n04536866_18962,violin,2,1
n04536866_18976,violin,2,1
n04536866_19053,violin,2,1
n04536866_1911,violin,2,4
n04536866_19112,violin,2,3
n04536866_19129,violin,2,3
n04536866_19131,violin,2,0
n04536866_19139,violin,2,1
n04536866_19183,violin,2,1
n04536866_19185,violin,2,0
n04536866_19253,violin,2,3
n04536866_1926,violin,2,2
n04536866_19280,violin,2,3
n04536866_19309,violin,2,2
n04536866_19317,violin,2,3
n04536866_1939,violin,2,3
n04536866_19391,violin,2,0
n04536866_19476,violin,2,3
n04536866_1949,violin,2,2
n04536866_1955,violin,2,3
n04536866_19741,violin,2,2
n04536866_1975,violin,2,3
n04536866_19810,violin,2,1
n04536866_19836,violin,2,0
n04536866_19860,violin,2,3
n04536866_19901,violin,2,3
n04536866_1991,violin,2,2
n04536866_19974,violin,2,0
n04536866_20037,violin,2,1
n04536866_2005,violin,2,2
n04536866_20051,violin,2,0
n04536866_20079,violin,2,0
n04536866_20085,violin,2,0
n04536866_2013,violin,2,4
n04536866_2017,violin,2,2
n04536866_20352,violin,2,1
n04536866_20354,violin,2,1
n04536866_20374,violin,2,1
n04536866_2054,violin,2,3
n04536866_20606,violin,2,4
n04536866_20699,violin,2,1
n04536866_20709,violin,2,3
n04536866_2072,violin,2,2
n04536866_2079,violin,2,4
n04536866_208,violin,2,1
n04536866_20830,violin,2,2
n04536866_209,violin,2,2
n04536866_2091,violin,2,3
n04536866_2099,violin,2,3
n04536866_21141,violin,2,3
n04536866_2118,violin,2,3
n04536866_21211,violin,2,2
n04536866_2123,violin,2,1
n04536866_2124,violin,2,2
n04536866_2129,violin,2,0
n04536866_2141,violin,2,3
n04536866_21423,violin,2,1
n04536866_2147,violin,2,2
n04536866_21658,violin,2,4
n04536866_2170,violin,2,4
n04536866_2174,violin,2,2
n04536866_2176,violin,2,3
n04536866_2177,violin,2,2
n04536866_2183,violin,2,2
n04536866_2192,violin,2,0
n04536866_2202,violin,2,1
n04536866_22371,violin,2,3
n04536866_22391,violin,2,3
n04536866_2242,violin,2,3
n04536866_2248,violin,2,0
n04536866_2249,violin,2,0
n04536866_225,violin,2,1
n04536866_2258,violin,2,2
n04536866_2273,violin,2,3
n04536866_22955,violin,2,1
n04536866_23168,violin,2,0
n04536866_2320,violin,2,2
n04536866_2328,violin,2,0
n04536866_2330,violin,2,2
n04536866_2341,violin,2,4
n04536866_23691,violin,2,0
n04536866_238,violin,2,4
n04536866_2391,violin,2,0
n04536866_24020,violin,2,4
n04536866_2403,violin,2,1
n04536866_2421,violin,2,4
n04536866_2438,violin,2,2
n04536866_24470,violin,2,3
n04536866_2449,violin,2,2
n04536866_2466,violin,2,4
n04536866_2467,violin,2,3
n04536866_2482,violin,2,1
n04536866_2495,violin,2,2
n04536866_2515,violin,2,4
n04536866_2520,violin,2,0
n04536866_25344,violin,2,1
n04536866_2539,violin,2,3
n04536866_2545,violin,2,1
n04536866_25460,violin,2,0
n04536866_2563,violin,2,4
n04536866_25643,violin,2,3
n04536866_2571,violin,2,2
n04536866_25739,violin,2,3
n04536866_25778,violin,2,3
n04536866_25794,violin,2,2
n04536866_2599,violin,2,1
n04536866_26005,violin,2,4
n04536866_2603,violin,2,3
n04536866_26048,violin,2,0
n04536866_26106,violin,2,3
n04536866_2616,violin,2,3
n04536866_26165,violin,2,4
n04536866_2636,violin,2,3
n04536866_2645,violin,2,4
n04536866_26504,violin,2,3
n04536866_2661,violin,2,3
n04536866_2686,violin,2,3
n04536866_2687,violin,2,3
n04536866_271,violin,2,4
n04536866_2710,violin,2,3
n04536866_2718,violin,2,3
n04536866_27214,violin,2,1
n04536866_2740,violin,2,4
n04536866_2744,violin,2,1
n04536866_27501,violin,2,3
n04536866_2751,violin,2,2
n04536866_2752,violin,2,4
n04536866_2755,violin,2,0
n04536866_2764,violin,2,4
n04536866_2768,violin,2,2
n04536866_277,violin,2,0
n04536866_27717,violin,2,0
n04536866_2775,violin,2,1
n04536866_281,violin,2,0
n04536866_28111,violin,2,2
n04536866_2828,violin,2,2
n04536866_2842,violin,2,1
n04536866_2843,violin,2,1
n04536866_2848,violin,2,1
n04536866_2852,violin,2,4
n04536866_28540,violin,2,1
n04536866_2861,violin,2,4
n04536866_2874,violin,2,1
n04536866_28795,violin,2,3
n04536866_2887,violin,2,2
n04536866_2891,violin,2,1
n04536866_2904,violin,2,0
n04536866_2917,violin,2,3
n04536866_2926,violin,2,3
n04536866_2931,violin,2,4
n04536866_29376,violin,2,3
n04536866_29730,violin,2,3
n04536866_29797,violin,2,2
n04536866_2988,violin,2,3
n04536866_3006,violin,2,2
n04536866_3016,violin,2,0
n04536866_3021,violin,2,0
n04536866_3026,violin,2,1
n04536866_3030,violin,2,1
n04536866_30346,violin,2,4
n04536866_3050,violin,2,4
n04536866_3055,violin,2,1
n04536866_3059,violin,2,4
n04536866_3063,violin,2,2
n04536866_3065,violin,2,3
n04536866_30707,violin,2,2
n04536866_3071,violin,2,4
n04536866_3077,violin,2,2
n04536866_3089,violin,2,2
n04536866_3090,violin,2,3
n04536866_3094,violin,2,1
n04536866_3098,violin,2,4
n04536866_311,violin,2,4
n04536866_31217,violin,2,1
n04536866_3126,violin,2,0
n04536866_313,violin,2,1
n04536866_31488,violin,2,0
n04536866_3152,violin,2,1
n04536866_3156,violin,2,2
n04536866_3157,violin,2,0
n04536866_316,violin,2,2
n04536866_31640,violin,2,2
n04536866_31645,violin,2,2
n04536866_3168,violin,2,4
n04536866_3178,violin,2,2
n04536866_3190,violin,2,0
n04536866_3200,violin,2,4
n04536866_3204,violin,2,1
n04536866_3206,violin,2,3
n04536866_3211,violin,2,2
n04536866_3218,violin,2,4
n04536866_3219,violin,2,2
n04536866_3221,violin,2,2
n04536866_32305,violin,2,2
n04536866_32359,violin,2,1
n04536866_3241,violin,2,3
n04536866_32410,violin,2,0
n04536866_3246,violin,2,3
n04536866_32492,violin,2,0
n04536866_3254,violin,2,1
n04536866_32541,violin,2,2
n04536866_3257,violin,2,3
n04536866_3267,violin,2,1
n04536866_3276,violin,2,0
n04536866_3282,violin,2,4
n04536866_3284,violin,2,3
n04536866_3287,violin,2,1
n04536866_3307,violin,2,0
n04536866_331,violin,2,0
n04536866_33196,violin,2,2
n04536866_3327,violin,2,1
n04536866_33270,violin,2,3
n04536866_3338,violin,2,2
n04536866_3350,violin,2,1
n04536866_33538,violin,2,2
n04536866_3355,violin,2,3
n04536866_33592,violin,2,1
n04536866_336,violin,2,1
n04536866_3370,violin,2,3
n04536866_3380,violin,2,0
n04536866_3383,violin,2,1
n04536866_3384,violin,2,4
n04536866_33858,violin,2,2
n04536866_3388,violin,2,2
n04536866_3394,violin,2,2
n04536866_33950,violin,2,0
n04536866_3402,violin,2,0
n04536866_3405,violin,2,0
n04536866_3406,violin,2,2
n04536866_34215,violin,2,0
n04536866_3425,violin,2,1
n04536866_3429,violin,2,0
n04536866_3430,violin,2,0
n04536866_3438,violin,2,1
n04536866_34381,violin,2,4
n04536866_3439,violin,2,3
n04536866_34454,violin,2,2
n04536866_34509,violin,2,4
n04536866_3452,violin,2,0
n04536866_3455,violin,2,0
n04536866_34626,violin,2,2
n04536866_3465,violin,2,2
n04536866_34664,violin,2,1
n04536866_3467,violin,2,4
n04536866_34725,violin,2,2
n04536866_3475,violin,2,2
n04536866_3479,violin,2,3
n04536866_3484,violin,2,4
n04536866_3491,violin,2,0
n04536866_34926,violin,2,3
n04536866_34969,violin,2,0
n04536866_3499,violin,2,4
n04536866_35,violin,2,4
n04536866_35008,violin,2,1
n04536866_3504,violin,2,3
n04536866_352,violin,2,0
n04536866_3521,violin,2,2
n04536866_35340,violin,2,3
n04536866_35348,violin,2,0
n04536866_35365,violin,2,1
n04536866_3539,violin,2,1
n04536866_35457,violin,2,4
n04536866_3557,violin,2,3
n04536866_3568,violin,2,0
n04536866_3574,violin,2,0
n04536866_3589,violin,2,1
n04536866_3592,violin,2,4
n04536866_3606,violin,2,2
n04536866_3607,violin,2,1
n04536866_3613,violin,2,3
n04536866_3619,violin,2,4
n04536866_3622,violin,2,1
n04536866_3629,violin,2,3
n04536866_36435,violin,2,3
n04536866_3644,violin,2,2
n04536866_36440,violin,2,0
n04536866_3645,violin,2,0
n04536866_3646,violin,2,4
n04536866_36569,violin,2,3
n04536866_3661,violin,2,3
n04536866_3662,violin,2,1
n04536866_3667,violin,2,1
n04536866_3674,violin,2,2
n04536866_368,violin,2,4
n04536866_36855,violin,2,4
n04536866_36940,violin,2,2
n04536866_3696,violin,2,3
n04536866_3699,violin,2,3
n04536866_3702,violin,2,1
n04536866_3703,violin,2,1
n04536866_37058,violin,2,3
n04536866_3708,violin,2,2
n04536866_3711,violin,2,1
n04536866_37157,violin,2,4
n04536866_3717,violin,2,1
n04536866_37248,violin,2,0
n04536866_3739,violin,2,0
n04536866_3749,violin,2,1
n04536866_3754,violin,2,3
n04536866_3755,violin,2,3
n04536866_37595,violin,2,2
n04536866_3767,violin,2,2
n04536866_3770,violin,2,3
n04536866_3790,violin,2,4
n04536866_3795,violin,2,3
n04536866_3803,violin,2,0
n04536866_38045,violin,2,1
n04536866_3805,violin,2,2
n04536866_3811,violin,2,1
n04536866_3814,violin,2,0
n04536866_3822,violin,2,4
n04536866_3824,violin,2,2
n04536866_3829,violin,2,0
n04536866_3835,violin,2,0
n04536866_3844,violin,2,4
n04536866_387,violin,2,4
n04536866_3878,violin,2,4
n04536866_3880,violin,2,1
n04536866_38905,violin,2,3
n04536866_3892,violin,2,0
n04536866_3918,violin,2,3
n04536866_392,violin,2,0
n04536866_3923,violin,2,4
n04536866_3931,violin,2,4
n04536866_39496,violin,2,4
n04536866_400,violin,2,0
n04536866_4017,violin,2,0
n04536866_40219,violin,2,3
n04536866_40291,violin,2,3
n04536866_4045,violin,2,0
n04536866_4058,violin,2,4
n04536866_40591,violin,2,0
n04536866_4071,violin,2,1
n04536866_4082,violin,2,2
n04536866_4084,violin,2,2
n04536866_40899,violin,2,1
n04536866_4093,violin,2,0
n04536866_40988,violin,2,1
n04536866_41133,violin,2,4
n04536866_41386,violin,2,4
n04536866_41398,violin,2,2
n04536866_414,violin,2,4
n04536866_41543,violin,2,0
n04536866_4164,violin,2,0
n04536866_41907,violin,2,3
n04536866_41998,violin,2,2
n04536866_42150,violin,2,3
n04536866_42195,violin,2,4
n04536866_42205,violin,2,4
n04536866_4225,violin,2,1
n04536866_42337,violin,2,3
n04536866_42361,violin,2,2
n04536866_4243,violin,2,2
n04536866_4268,violin,2,1
n04536866_42721,violin,2,1
n04536866_42735,violin,2,0
n04536866_4296,violin,2,0
n04536866_4308,violin,2,3
n04536866_43121,violin,2,2
n04536866_43155,violin,2,0
n04536866_43225,violin,2,2
n04536866_43345,violin,2,0
n04536866_4335,violin,2,3
n04536866_435,violin,2,4
n04536866_4352,violin,2,4
n04536866_4355,violin,2,1
n04536866_4364,violin,2,0
n04536866_4375,violin,2,2
n04536866_4376,violin,2,0
n04536866_4380,violin,2,4
n04536866_4384,violin,2,3
n04536866_4395,violin,2,1
n04536866_4409,violin,2,0
n04536866_443,violin,2,4
n04536866_444,violin,2,3
n04536866_4462,violin,2,2
n04536866_4465,violin,2,0
n04536866_4470,violin,2,0
n04536866_4487,violin,2,1
n04536866_4495,violin,2,0
n04536866_4502,violin,2,4
n04536866_4514,violin,2,2
n04536866_4523,violin,2,0
n04536866_4525,violin,2,0
n04536866_4540,violin,2,1
n04536866_4543,violin,2,1
n04536866_4547,violin,2,1
n04536866_4549,violin,2,2
n04536866_4555,violin,2,2
n04536866_4557,violin,2,0
n04536866_4577,violin,2,2
n04536866_458,violin,2,3
n04536866_4590,violin,2,4
n04536866_4606,violin,2,3
n04536866_4608,violin,2,4
n04536866_461,violin,2,0
n04536866_4611,violin,2,3
n04536866_4617,violin,2,1
n04536866_4655,violin,2,0
n04536866_4672,violin,2,2
n04536866_4693,violin,2,1
n04536866_470,violin,2,0
n04536866_4728,violin,2,1
n04536866_473,violin,2,0
n04536866_4731,violin,2,0
n04536866_4734,violin,2,4
n04536866_475,violin,2,3
n04536866_4766,violin,2,1
n04536866_4800,violin,2,1
n04536866_4804,violin,2,1
n04536866_482,violin,2,3
n04536866_4831,violin,2,4
n04536866_4834,violin,2,1
n04536866_4874,violin,2,2
n04536866_4880,violin,2,2
n04536866_4937,violin,2,3
n04536866_4947,violin,2,4
n04536866_4953,violin,2,4
n04536866_4955,violin,2,4
n04536866_4968,violin,2,3
n04536866_4998,violin,2,2
n04536866_5057,violin,2,2
n04536866_5066,violin,2,2
n04536866_5071,violin,2,3
n04536866_5098,violin,2,0
n04536866_5116,violin,2,4
n04536866_5129,violin,2,3
n04536866_5177,violin,2,4
n04536866_5194,violin,2,1
n04536866_5216,violin,2,1
n04536866_5237,violin,2,0
n04536866_5241,violin,2,2
n04536866_526,violin,2,0
n04536866_530,violin,2,2
n04536866_5312,violin,2,1
n04536866_5316,violin,2,2
n04536866_5325,violin,2,1
n04536866_5327,violin,2,0
n04536866_5337,violin,2,3
n04536866_5349,violin,2,2
n04536866_535,violin,2,4
n04536866_5372,violin,2,4
n04536866_5387,violin,2,4
n04536866_5392,violin,2,2
n04536866_5394,violin,2,0
n04536866_5412,violin,2,0
n04536866_5435,violin,2,0
n04536866_5444,violin,2,1
n04536866_5489,violin,2,1
n04536866_5503,violin,2,2
n04536866_5517,violin,2,2
n04536866_5523,violin,2,2
n04536866_5524,violin,2,1
n04536866_5527,violin,2,1
n04536866_5541,violin,2,1
n04536866_5546,violin,2,0
n04536866_5560,violin,2,1
n04536866_557,violin,2,0
n04536866_5585,violin,2,1
n04536866_5600,violin,2,1
n04536866_5607,violin,2,3
n04536866_5608,violin,2,2
n04536866_5609,violin,2,0
n04536866_5622,violin,2,2
n04536866_5633,violin,2,1
n04536866_5634,violin,2,0
n04536866_5665,violin,2,4
n04536866_5676,violin,2,0
n04536866_5682,violin,2,2
n04536866_5683,violin,2,0
n04536866_5701,violin,2,3
n04536866_5705,violin,2,3
n04536866_5726,violin,2,3
n04536866_5734,violin,2,4
n04536866_5765,violin,2,4
n04536866_5787,violin,2,3
n04536866_5792,violin,2,4
n04536866_581,violin,2,1
n04536866_5812,violin,2,4
n04536866_5839,violin,2,3
n04536866_5845,violin,2,1
n04536866_5847,violin,2,4
n04536866_5854,violin,2,2
n04536866_5876,violin,2,2
n04536866_588,violin,2,4
n04536866_5893,violin,2,4
n04536866_5898,violin,2,2
n04536866_5925,violin,2,2
n04536866_5936,violin,2,3
n04536866_5948,violin,2,2
n04536866_5969,violin,2,1
n04536866_6009,violin,2,0
n04536866_6015,violin,2,1
n04536866_6034,violin,2,1
n04536866_607,violin,2,0
n04536866_6071,violin,2,4
n04536866_6086,violin,2,2
n04536866_6102,violin,2,2
n04536866_6103,violin,2,1
n04536866_6108,violin,2,4
n04536866_6114,violin,2,0
n04536866_6146,violin,2,1
n04536866_6209,violin,2,2
n04536866_6241,violin,2,3
n04536866_6275,violin,2,2
n04536866_6276,violin,2,1
n04536866_6286,violin,2,3
n04536866_6295,violin,2,1
n04536866_6300,violin,2,4
n04536866_6304,violin,2,0
n04536866_6338,violin,2,1
n04536866_6383,violin,2,2
n04536866_6391,violin,2,4
n04536866_6396,violin,2,0
n04536866_6403,violin,2,1
n04536866_6414,violin,2,1
n04536866_6419,violin,2,3
n04536866_6421,violin,2,2
n04536866_6423,violin,2,4
n04536866_6442,violin,2,0
n04536866_6444,violin,2,4
n04536866_6463,violin,2,0
n04536866_6505,violin,2,4
n04536866_6515,violin,2,1
n04536866_6518,violin,2,0
n04536866_6552,violin,2,1
n04536866_6561,violin,2,3
n04536866_6569,violin,2,4
n04536866_6586,violin,2,1
n04536866_6603,violin,2,1
n04536866_6609,violin,2,1
n04536866_662,violin,2,0
n04536866_663,violin,2,1
n04536866_6645,violin,2,3
n04536866_6664,violin,2,4
n04536866_670,violin,2,0
n04536866_6724,violin,2,1
n04536866_6733,violin,2,2
n04536866_6748,violin,2,0
n04536866_6760,violin,2,0
n04536866_6836,violin,2,2
n04536866_6837,violin,2,3
n04536866_6838,violin,2,3
n04536866_6875,violin,2,3
n04536866_6883,violin,2,4
n04536866_690,violin,2,3
n04536866_6901,violin,2,1
n04536866_6926,violin,2,4
n04536866_6933,violin,2,1
n04536866_6937,violin,2,0
n04536866_6953,violin,2,4
n04536866_6978,violin,2,2
n04536866_698,violin,2,0
n04536866_6994,violin,2,4
n04536866_7008,violin,2,0
n04536866_7029,violin,2,4
n04536866_703,violin,2,2
n04536866_7059,violin,2,1
n04536866_706,violin,2,3
n04536866_7061,violin,2,3
n04536866_7070,violin,2,3
n04536866_710,violin,2,3
n04536866_7128,violin,2,0
n04536866_7131,violin,2,1
n04536866_7132,violin,2,4
n04536866_7141,violin,2,0
n04536866_7142,violin,2,0
n04536866_7145,violin,2,4
n04536866_7151,violin,2,0
n04536866_7158,violin,2,1
n04536866_7192,violin,2,2
n04536866_7230,violin,2,3
n04536866_7262,violin,2,4
n04536866_7290,violin,2,2
n04536866_7303,violin,2,3
n04536866_7307,violin,2,0
n04536866_7320,violin,2,2
n04536866_7339,violin,2,4
n04536866_7367,violin,2,0
n04536866_7368,violin,2,3
n04536866_7388,violin,2,0
n04536866_7409,violin,2,4
n04536866_7444,violin,2,0
n04536866_7455,violin,2,0
n04536866_7461,violin,2,1
n04536866_7465,violin,2,3
n04536866_7470,violin,2,4
n04536866_7506,violin,2,2
n04536866_751,violin,2,0
n04536866_7529,violin,2,3
n04536866_7536,violin,2,2
n04536866_7578,violin,2,2
n04536866_758,violin,2,4
n04536866_7581,violin,2,3
n04536866_7584,violin,2,2
n04536866_7585,violin,2,0
n04536866_7610,violin,2,4
n04536866_7620,violin,2,1
n04536866_7637,violin,2,0
n04536866_7644,violin,2,4
n04536866_7651,violin,2,2
n04536866_7660,violin,2,0
n04536866_7698,violin,2,2
n04536866_7704,violin,2,3
n04536866_7727,violin,2,1
n04536866_7728,violin,2,1
n04536866_7730,violin,2,3
n04536866_776,violin,2,4
n04536866_778,violin,2,0
n04536866_7781,violin,2,1
n04536866_7796,violin,2,1
n04536866_780,violin,2,3
n04536866_7817,violin,2,1
n04536866_7822,violin,2,4
n04536866_7827,violin,2,0
n04536866_7834,violin,2,3
n04536866_7845,violin,2,0
n04536866_7852,violin,2,1
n04536866_7856,violin,2,1
n04536866_7859,violin,2,4
n04536866_7860,violin,2,0
n04536866_7865,violin,2,2
n04536866_7899,violin,2,4
n04536866_7906,violin,2,3
n04536866_7909,violin,2,3
n04536866_7913,violin,2,4
n04536866_7914,violin,2,1
n04536866_7930,violin,2,3
n04536866_7934,violin,2,3
n04536866_7983,violin,2,2
n04536866_7991,violin,2,1
n04536866_8006,violin,2,2
n04536866_8010,violin,2,3
n04536866_8040,violin,2,2
n04536866_8044,violin,2,0
n04536866_805,violin,2,2
n04536866_8050,violin,2,1
n04536866_8057,violin,2,2
n04536866_8058,violin,2,3
n04536866_8074,violin,2,1
n04536866_8092,violin,2,2
n04536866_8095,violin,2,2
n04536866_8117,violin,2,3
n04536866_8137,violin,2,1
n04536866_8138,violin,2,0
n04536866_8152,violin,2,4
n04536866_8154,violin,2,1
n04536866_8163,violin,2,3
n04536866_8166,violin,2,1
n04536866_8193,violin,2,2
n04536866_8198,violin,2,1
n04536866_8201,violin,2,0
n04536866_8204,violin,2,0
n04536866_8242,violin,2,4
n04536866_8250,violin,2,4
n04536866_8269,violin,2,4
n04536866_827,violin,2,4
n04536866_8307,violin,2,1
n04536866_8313,violin,2,1
n04536866_8348,violin,2,3
n04536866_8363,violin,2,0
n04536866_8394,violin,2,4
n04536866_8410,violin,2,1
n04536866_8420,violin,2,2
n04536866_8432,violin,2,4
n04536866_8441,violin,2,0
n04536866_8454,violin,2,3
n04536866_8455,violin,2,0
n04536866_8456,violin,2,0
n04536866_8473,violin,2,0
n04536866_8474,violin,2,2
n04536866_8482,violin,2,4
n04536866_8483,violin,2,1
n04536866_8484,violin,2,3
n04536866_8520,violin,2,1
n04536866_8537,violin,2,1
n04536866_8540,violin,2,1
n04536866_8541,violin,2,3
n04536866_8545,violin,2,0
n04536866_8547,violin,2,2
n04536866_8560,violin,2,0
n04536866_8575,violin,2,0
n04536866_8579,violin,2,2
n04536866_8583,violin,2,2
n04536866_8595,violin,2,4
n04536866_8608,violin,2,1
n04536866_8611,violin,2,0
n04536866_8645,violin,2,0
n04536866_8655,violin,2,4
n04536866_8660,violin,2,2
n04536866_8664,violin,2,0
n04536866_8673,violin,2,4
n04536866_8681,violin,2,3
n04536866_871,violin,2,3
n04536866_8728,violin,2,1
n04536866_8746,violin,2,2
n04536866_875,violin,2,2
n04536866_8758,violin,2,0
n04536866_8764,violin,2,0
n04536866_8778,violin,2,3
n04536866_878,violin,2,3
n04536866_8781,violin,2,4
n04536866_8792,violin,2,2
n04536866_8808,violin,2,1
n04536866_8837,violin,2,2
n04536866_8840,violin,2,4
n04536866_8865,violin,2,3
n04536866_8871,violin,2,0
n04536866_8872,violin,2,4
n04536866_8898,violin,2,3
n04536866_8903,violin,2,1
n04536866_8908,violin,2,4
n04536866_8910,violin,2,4
n04536866_8916,violin,2,0
n04536866_8920,violin,2,2
n04536866_8922,violin,2,1
n04536866_8933,violin,2,0
n04536866_8941,violin,2,0
n04536866_8970,violin,2,4
n04536866_8982,violin,2,2
n04536866_8987,violin,2,3
n04536866_900,violin,2,1
n04536866_9025,violin,2,3
n04536866_9026,violin,2,2
n04536866_904,violin,2,0
n04536866_9049,violin,2,0
n04536866_9061,violin,2,3
n04536866_9065,violin,2,2
n04536866_9073,violin,2,1
n04536866_9076,violin,2,4
n04536866_9077,violin,2,2
n04536866_9078,violin,2,0
n04536866_9089,violin,2,0
n04536866_9090,violin,2,3
n04536866_9094,violin,2,2
n04536866_910,violin,2,0
n04536866_9114,violin,2,2
n04536866_9116,violin,2,3
n04536866_9124,violin,2,4
n04536866_9128,violin,2,3
n04536866_9129,violin,2,2
n04536866_9138,violin,2,0
n04536866_9152,violin,2,2
n04536866_9160,violin,2,3
n04536866_9162,violin,2,4
n04536866_9163,violin,2,0
n04536866_9165,violin,2,0
n04536866_9167,violin,2,3
n04536866_9175,violin,2,4
n04536866_9178,violin,2,4
n04536866_919,violin,2,1
n04536866_9193,violin,2,3
n04536866_9198,violin,2,2
n04536866_9221,violin,2,0
n04536866_9224,violin,2,1
n04536866_9228,violin,2,3
n04536866_9249,violin,2,2
n04536866_9256,violin,2,3
n04536866_9262,violin,2,3
n04536866_9266,violin,2,2
n04536866_9271,violin,2,3
n04536866_9275,violin,2,1
n04536866_9278,violin,2,3
n04536866_929,violin,2,0
n04536866_9322,violin,2,3
n04536866_935,violin,2,2
n04536866_9360,violin,2,3
n04536866_9368,violin,2,0
n04536866_9369,violin,2,3
n04536866_9391,violin,2,4
n04536866_9399,violin,2,1
n04536866_9400,violin,2,1
n04536866_9402,violin,2,2
n04536866_9403,violin,2,4
n04536866_9416,violin,2,3
n04536866_9417,violin,2,0
n04536866_9419,violin,2,2
n04536866_9422,violin,2,2
n04536866_9429,violin,2,3
n04536866_9435,violin,2,2
n04536866_9446,violin,2,4
n04536866_9448,violin,2,3
n04536866_9451,violin,2,4
n04536866_947,violin,2,2
n04536866_9471,violin,2,3
n04536866_9475,violin,2,2
n04536866_9486,violin,2,0
n04536866_9505,violin,2,0
n04536866_9516,violin,2,4
n04536866_9521,violin,2,1
n04536866_9528,violin,2,1
n04536866_9541,violin,2,0
n04536866_9544,violin,2,2
n04536866_9548,violin,2,1
n04536866_9550,violin,2,3
n04536866_9553,violin,2,3
n04536866_9554,violin,2,3
n04536866_9561,violin,2,3
n04536866_9563,violin,2,3
n04536866_9565,violin,2,4
n04536866_9576,violin,2,2
n04536866_9586,violin,2,4
n04536866_9587,violin,2,4
n04536866_9598,violin,2,1
n04536866_9602,violin,2,3
n04536866_9611,violin,2,3
n04536866_9627,violin,2,3
n04536866_963,violin,2,2
n04536866_9631,violin,2,2
n04536866_9637,violin,2,4
n04536866_965,violin,2,1
n04536866_9666,violin,2,1
n04536866_967,violin,2,0
n04536866_9684,violin,2,3
n04536866_9685,violin,2,4
n04536866_970,violin,2,3
n04536866_9718,violin,2,4
n04536866_9723,violin,2,4
n04536866_9748,violin,2,3
n04536866_9751,violin,2,3
n04536866_9768,violin,2,0
n04536866_9769,violin,2,3
n04536866_9772,violin,2,0
n04536866_9786,violin,2,0
n04536866_9787,violin,2,3
n04536866_9798,violin,2,2
n04536866_98,violin,2,3
n04536866_9800,violin,2,4
n04536866_9801,violin,2,4
n04536866_9808,violin,2,1
n04536866_9836,violin,2,1
n04536866_9844,violin,2,0
n04536866_9856,violin,2,0
n04536866_9860,violin,2,4
n04536866_9862,violin,2,1
n04536866_9872,violin,2,2
n04536866_9901,violin,2,4
n04536866_9903,violin,2,1
n04536866_9910,violin,2,0
n04536866_9941,violin,2,3
n04536866_9945,violin,2,1
n04536866_9956,violin,2,1
n04536866_9957,violin,2,4
n04536866_9967,violin,2,2
n04536866_9974,violin,2,4
n04536866_998,violin,2,1
n02676566_10012,acousticguitar,3,0
n02676566_10019,acousticguitar,3,2
n02676566_1002,acousticguitar,3,2
n02676566_10062,acousticguitar,3,0
n02676566_1007,acousticguitar,3,4
n02676566_1009,acousticguitar,3,0
n02676566_10102,acousticguitar,3,3
n02676566_10114,acousticguitar,3,0
n02676566_10140,acousticguitar,3,4
n02676566_10175,acousticguitar,3,0
n02676566_1020,acousticguitar,3,1
n02676566_103,acousticguitar,3,0
n02676566_1039,acousticguitar,3,3
n02676566_104,acousticguitar,3,2
n02676566_1044,acousticguitar,3,2
n02676566_1046,acousticguitar,3,4
n02676566_1049,acousticguitar,3,4
n02676566_105,acousticguitar,3,3
n02676566_1056,acousticguitar,3,1
n02676566_1057,acousticguitar,3,2
n02676566_1066,acousticguitar,3,0
n02676566_107,acousticguitar,3,4
n02676566_1073,acousticguitar,3,0
n02676566_1074,acousticguitar,3,4
n02676566_10753,acousticguitar,3,0
n02676566_1076,acousticguitar,3,2
n02676566_108,acousticguitar,3,0
n02676566_1084,acousticguitar,3,0
n02676566_1087,acousticguitar,3,3
n02676566_1096,acousticguitar,3,4
n02676566_1097,acousticguitar,3,4
n02676566_110,acousticguitar,3,4
n02676566_11034,acousticguitar,3,3
n02676566_11051,acousticguitar,3,1
n02676566_1106,acousticguitar,3,1
n02676566_11067,acousticguitar,3,3
n02676566_1107,acousticguitar,3,3
n02676566_11075,acousticguitar,3,0
n02676566_1108,acousticguitar,3,4
n02676566_11081,acousticguitar,3,3
n02676566_11092,acousticguitar,3,4
n02676566_11094,acousticguitar,3,4
n02676566_11110,acousticguitar,3,4
n02676566_11121,acousticguitar,3,1
n02676566_11134,acousticguitar,3,2
n02676566_11138,acousticguitar,3,0
n02676566_1115,acousticguitar,3,3
n02676566_1116,acousticguitar,3,4
n02676566_11163,acousticguitar,3,2
n02676566_1117,acousticguitar,3,3
n02676566_11208,acousticguitar,3,4
n02676566_1122,acousticguitar,3,3
n02676566_11284,acousticguitar,3,2
n02676566_11293,acousticguitar,3,0
n02676566_1136,acousticguitar,3,3
n02676566_11377,acousticguitar,3,4
n02676566_11446,acousticguitar,3,3
n02676566_11505,acousticguitar,3,1
n02676566_11513,acousticguitar,3,1
n02676566_1157,acousticguitar,3,1
n02676566_1158,acousticguitar,3,0
n02676566_11617,acousticguitar,3,2
n02676566_11646,acousticguitar,3,4
n02676566_1166,acousticguitar,3,4
n02676566_118,acousticguitar,3,3
n02676566_1180,acousticguitar,3,0
n02676566_11818,acousticguitar,3,0
n02676566_11888,acousticguitar,3,0
n02676566_1190,acousticguitar,3,2
n02676566_12007,acousticguitar,3,3
n02676566_12015,acousticguitar,3,3
n02676566_12040,acousticguitar,3,2
n02676566_12061,acousticguitar,3,0
n02676566_1207,acousticguitar,3,1
n02676566_12075,acousticguitar,3,3
n02676566_1216,acousticguitar,3,3
n02676566_12169,acousticguitar,3,1
n02676566_12185,acousticguitar,3,2
n02676566_1219,acousticguitar,3,2
n02676566_12194,acousticguitar,3,4
n02676566_12199,acousticguitar,3,2
n02676566_12227,acousticguitar,3,1
n02676566_1223,acousticguitar,3,4
n02676566_1228,acousticguitar,3,0
n02676566_12282,acousticguitar,3,1
n02676566_12344,acousticguitar,3,3
n02676566_1236,acousticguitar,3,1
n02676566_12360,acousticguitar,3,4
n02676566_1237,acousticguitar,3,2
n02676566_12384,acousticguitar,3,4
n02676566_1240,acousticguitar,3,0
n02676566_1241,acousticguitar,3,1
n02676566_12434,acousticguitar,3,2
n02676566_12438,acousticguitar,3,2
n02676566_125,acousticguitar,3,4
n02676566_1252,acousticguitar,3,3
n02676566_1256,acousticguitar,3,3
n02676566_1258,acousticguitar,3,1
n02676566_1275,acousticguitar,3,4
n02676566_1277,acousticguitar,3,2
n02676566_1283,acousticguitar,3,1
n02676566_130,acousticguitar,3,0
n02676566_1304,acousticguitar,3,3
n02676566_1305,acousticguitar,3,3
n02676566_1319,acousticguitar,3,0
n02676566_132,acousticguitar,3,3
n02676566_1324,acousticguitar,3,1
n02676566_1328,acousticguitar,3,1
n02676566_1338,acousticguitar,3,4
n02676566_1340,acousticguitar,3,0
n02676566_1341,acousticguitar,3,1
n02676566_1345,acousticguitar,3,2
n02676566_1365,acousticguitar,3,0
n02676566_137,acousticguitar,3,1
n02676566_1386,acousticguitar,3,4
n02676566_1393,acousticguitar,3,0
n02676566_1401,acousticguitar,3,3
n02676566_1409,acousticguitar,3,1
n02676566_1410,acousticguitar,3,2
n02676566_1416,acousticguitar,3,2
n02676566_1418,acousticguitar,3,3
n02676566_1422,acousticguitar,3,2
n02676566_1428,acousticguitar,3,3
n02676566_1431,acousticguitar,3,1
n02676566_1432,acousticguitar,3,1
n02676566_1434,acousticguitar,3,2
n02676566_1441,acousticguitar,3,2
n02676566_1443,acousticguitar,3,0
n02676566_1448,acousticguitar,3,3
n02676566_1465,acousticguitar,3,0
n02676566_147,acousticguitar,3,2
n02676566_1474,acousticguitar,3,0
n02676566_1479,acousticguitar,3,2
n02676566_1485,acousticguitar,3,3
n02676566_1492,acousticguitar,3,2
n02676566_152,acousticguitar,3,4
n02676566_1538,acousticguitar,3,1
n02676566_1551,acousticguitar,3,4
n02676566_1555,acousticguitar,3,3
n02676566_156,acousticguitar,3,1
n02676566_1563,acousticguitar,3,3
n02676566_1567,acousticguitar,3,0
n02676566_1571,acousticguitar,3,3
n02676566_1576,acousticguitar,3,2
n02676566_1587,acousticguitar,3,3
n02676566_159,acousticguitar,3,2
n02676566_1606,acousticguitar,3,4
n02676566_1608,acousticguitar,3,4
n02676566_162,acousticguitar,3,1
n02676566_1624,acousticguitar,3,2
n02676566_163,acousticguitar,3,3
n02676566_164,acousticguitar,3,2
n02676566_1643,acousticguitar,3,3
n02676566_1645,acousticguitar,3,0
n02676566_1646,acousticguitar,3,2
n02676566_165,acousticguitar,3,1
n02676566_1650,acousticguitar,3,2
n02676566_1651,acousticguitar,3,0
n02676566_1658,acousticguitar,3,1
n02676566_166,acousticguitar,3,4
n02676566_1664,acousticguitar,3,0
n02676566_1666,acousticguitar,3,0
n02676566_1669,acousticguitar,3,0
n02676566_167,acousticguitar,3,2
n02676566_1672,acousticguitar,3,1
n02676566_1675,acousticguitar,3,0
n02676566_1677,acousticguitar,3,1
n02676566_1679,acousticguitar,3,3
n02676566_1681,acousticguitar,3,2
n02676566_1682,acousticguitar,3,0
n02676566_1690,acousticguitar,3,2
n02676566_1691,acousticguitar,3,1
n02676566_1692,acousticguitar,3,4
n02676566_1698,acousticguitar,3,2
n02676566_17,acousticguitar,3,2
n02676566_1702,acousticguitar,3,4
n02676566_1707,acousticguitar,3,2
n02676566_1711,acousticguitar,3,0
n02676566_1715,acousticguitar,3,0
n02676566_172,acousticguitar,3,1
n02676566_1721,acousticguitar,3,1
n02676566_1723,acousticguitar,3,3
n02676566_1725,acousticguitar,3,3
n02676566_1728,acousticguitar,3,3
n02676566_1732,acousticguitar,3,1
n02676566_1736,acousticguitar,3,2
n02676566_1741,acousticguitar,3,4
n02676566_1751,acousticguitar,3,1
n02676566_1757,acousticguitar,3,4
n02676566_1764,acousticguitar,3,4
n02676566_1765,acousticguitar,3,2
n02676566_178,acousticguitar,3,2
n02676566_181,acousticguitar,3,4
n02676566_1825,acousticguitar,3,0
n02676566_1827,acousticguitar,3,3
n02676566_183,acousticguitar,3,0
n02676566_1835,acousticguitar,3,4
n02676566_1839,acousticguitar,3,4
n02676566_1843,acousticguitar,3,0
n02676566_1851,acousticguitar,3,3
n02676566_1853,acousticguitar,3,3
n02676566_1855,acousticguitar,3,4
n02676566_1866,acousticguitar,3,1
n02676566_1868,acousticguitar,3,2
n02676566_1872,acousticguitar,3,4
n02676566_1877,acousticguitar,3,4
n02676566_1878,acousticguitar,3,3
n02676566_1887,acousticguitar,3,4
n02676566_1894,acousticguitar,3,3
n02676566_1897,acousticguitar,3,1
n02676566_19,acousticguitar,3,3
n02676566_1906,acousticguitar,3,4
n02676566_1908,acousticguitar,3,0
n02676566_1909,acousticguitar,3,4
n02676566_1914,acousticguitar,3,1
n02676566_1915,acousticguitar,3,1
n02676566_1924,acousticguitar,3,2
n02676566_1928,acousticguitar,3,3
n02676566_1931,acousticguitar,3,1
n02676566_194,acousticguitar,3,4
n02676566_1950,acousticguitar,3,4
n02676566_1956,acousticguitar,3,0
n02676566_1964,acousticguitar,3,3
n02676566_1966,acousticguitar,3,3
n02676566_1969,acousticguitar,3,1
n02676566_1972,acousticguitar,3,2
n02676566_1973,acousticguitar,3,2
n02676566_198,acousticguitar,3,1
n02676566_1988,acousticguitar,3,3
n02676566_1992,acousticguitar,3,4
n02676566_200,acousticguitar,3,4
n02676566_2005,acousticguitar,3,4
n02676566_2008,acousticguitar,3,0
n02676566_202,acousticguitar,3,4
n02676566_2025,acousticguitar,3,2
n02676566_2032,acousticguitar,3,2
n02676566_2046,acousticguitar,3,1
n02676566_2065,acousticguitar,3,4
n02676566_2066,acousticguitar,3,3
n02676566_2089,acousticguitar,3,4
n02676566_2098,acousticguitar,3,2
n02676566_2100,acousticguitar,3,4
n02676566_2102,acousticguitar,3,4
n02676566_211,acousticguitar,3,0
n02676566_2111,acousticguitar,3,1
n02676566_2115,acousticguitar,3,2
n02676566_2125,acousticguitar,3,1
n02676566_2133,acousticguitar,3,0
n02676566_215,acousticguitar,3,1
n02676566_2150,acousticguitar,3,0
n02676566_2151,acousticguitar,3,1
n02676566_2169,acousticguitar,3,2
n02676566_2171,acousticguitar,3,2
n02676566_2176,acousticguitar,3,2
n02676566_218,acousticguitar,3,0
n02676566_2187,acousticguitar,3,4
n02676566_219,acousticguitar,3,3
n02676566_2195,acousticguitar,3,3
n02676566_2198,acousticguitar,3,2
n02676566_22,acousticguitar,3,3
n02676566_2213,acousticguitar,3,2
n02676566_2214,acousticguitar,3,4
n02676566_2215,acousticguitar,3,0
n02676566_222,acousticguitar,3,4
n02676566_2226,acousticguitar,3,2
n02676566_223,acousticguitar,3,2
n02676566_2230,acousticguitar,3,0
n02676566_2236,acousticguitar,3,4
n02676566_2237,acousticguitar,3,2
n02676566_2240,acousticguitar,3,1
n02676566_2252,acousticguitar,3,4
n02676566_2253,acousticguitar,3,1
n02676566_2256,acousticguitar,3,2
n02676566_2258,acousticguitar,3,0
n02676566_2263,acousticguitar,3,4
n02676566_2264,acousticguitar,3,2
n02676566_2285,acousticguitar,3,0
n02676566_2288,acousticguitar,3,4
n02676566_2299,acousticguitar,3,1
n02676566_2301,acousticguitar,3,4
n02676566_2307,acousticguitar,3,2
n02676566_2325,acousticguitar,3,4
n02676566_2328,acousticguitar,3,3
n02676566_2330,acousticguitar,3,0
n02676566_2337,acousticguitar,3,4
n02676566_2351,acousticguitar,3,3
n02676566_2354,acousticguitar,3,3
n02676566_2364,acousticguitar,3,1
n02676566_237,acousticguitar,3,2
n02676566_2371,acousticguitar,3,0
n02676566_2373,acousticguitar,3,3
n02676566_2380,acousticguitar,3,0
n02676566_2386,acousticguitar,3,4
n02676566_2396,acousticguitar,3,1
n02676566_24,acousticguitar,3,3
n02676566_2403,acousticguitar,3,1
n02676566_241,acousticguitar,3,1
n02676566_242,acousticguitar,3,3
n02676566_2424,acousticguitar,3,3
n02676566_243,acousticguitar,3,4
n02676566_2437,acousticguitar,3,2
n02676566_2444,acousticguitar,3,1
n02676566_245,acousticguitar,3,0
n02676566_2454,acousticguitar,3,2
n02676566_2456,acousticguitar,3,0
n02676566_2460,acousticguitar,3,2
n02676566_2461,acousticguitar,3,0
n02676566_2464,acousticguitar,3,0
n02676566_2471,acousticguitar,3,4
n02676566_2480,acousticguitar,3,0
n02676566_2481,acousticguitar,3,0
n02676566_2484,acousticguitar,3,2
n02676566_2487,acousticguitar,3,3
n02676566_2508,acousticguitar,3,2
n02676566_251,acousticguitar,3,1
n02676566_2524,acousticguitar,3,4
n02676566_253,acousticguitar,3,3
n02676566_2535,acousticguitar,3,0
n02676566_2541,acousticguitar,3,4
n02676566_2554,acousticguitar,3,2
n02676566_257,acousticguitar,3,1
n02676566_259,acousticguitar,3,1
n02676566_26,acousticguitar,3,4
n02676566_2610,acousticguitar,3,1
n02676566_2611,acousticguitar,3,4
n02676566_2631,acousticguitar,3,1
n02676566_265,acousticguitar,3,1
n02676566_2666,acousticguitar,3,3
n02676566_2684,acousticguitar,3,3
n02676566_2696,acousticguitar,3,3
n02676566_272,acousticguitar,3,2
n02676566_2721,acousticguitar,3,1
n02676566_2737,acousticguitar,3,2
n02676566_2751,acousticguitar,3,1
n02676566_2778,acousticguitar,3,1
n02676566_2779,acousticguitar,3,2
n02676566_2790,acousticguitar,3,2
n02676566_2798,acousticguitar,3,0
n02676566_2800,acousticguitar,3,1
n02676566_2803,acousticguitar,3,0
n02676566_2806,acousticguitar,3,1
n02676566_281,acousticguitar,3,4
n02676566_2815,acousticguitar,3,2
n02676566_2816,acousticguitar,3,0
n02676566_2818,acousticguitar,3,3
n02676566_2820,acousticguitar,3,3
n02676566_2825,acousticguitar,3,3
n02676566_2843,acousticguitar,3,3
n02676566_285,acousticguitar,3,3
n02676566_2866,acousticguitar,3,4
n02676566_2873,acousticguitar,3,0
n02676566_2875,acousticguitar,3,0
n02676566_2876,acousticguitar,3,0
n02676566_289,acousticguitar,3,1
n02676566_2893,acousticguitar,3,4
n02676566_2899,acousticguitar,3,3
n02676566_2901,acousticguitar,3,0
n02676566_2903,acousticguitar,3,2
n02676566_2906,acousticguitar,3,4
n02676566_2907,acousticguitar,3,4
n02676566_2913,acousticguitar,3,1
n02676566_2919,acousticguitar,3,1
n02676566_2926,acousticguitar,3,0
n02676566_2927,acousticguitar,3,0
n02676566_2931,acousticguitar,3,1
n02676566_2943,acousticguitar,3,4
n02676566_2944,acousticguitar,3,3
n02676566_2949,acousticguitar,3,0
n02676566_295,acousticguitar,3,1
n02676566_2950,acousticguitar,3,2
n02676566_2952,acousticguitar,3,1
n02676566_2954,acousticguitar,3,4
n02676566_2956,acousticguitar,3,2
n02676566_2959,acousticguitar,3,4
n02676566_2961,acousticguitar,3,0
n02676566_2962,acousticguitar,3,2
n02676566_2967,acousticguitar,3,4
n02676566_2970,acousticguitar,3,3
n02676566_298,acousticguitar,3,4
n02676566_2980,acousticguitar,3,4
n02676566_2983,acousticguitar,3,1
n02676566_2985,acousticguitar,3,0
n02676566_299,acousticguitar,3,3
n02676566_3003,acousticguitar,3,4
n02676566_3004,acousticguitar,3,3
n02676566_3006,acousticguitar,3,1
n02676566_301,acousticguitar,3,0
n02676566_3010,acousticguitar,3,0
n02676566_3013,acousticguitar,3,1
n02676566_3023,acousticguitar,3,3
n02676566_3026,acousticguitar,3,4
n02676566_303,acousticguitar,3,1
n02676566_3030,acousticguitar,3,2
n02676566_3040,acousticguitar,3,4
n02676566_3041,acousticguitar,3,3
n02676566_3045,acousticguitar,3,1
n02676566_3048,acousticguitar,3,0
n02676566_3051,acousticguitar,3,4
n02676566_3054,acousticguitar,3,2
n02676566_3056,acousticguitar,3,3
n02676566_306,acousticguitar,3,1
n02676566_3069,acousticguitar,3,0
n02676566_307,acousticguitar,3,0
n02676566_3072,acousticguitar,3,3
n02676566_3074,acousticguitar,3,4
n02676566_3077,acousticguitar,3,0
n02676566_3085,acousticguitar,3,3
n02676566_3096,acousticguitar,3,3
n02676566_3101,acousticguitar,3,3
n02676566_3107,acousticguitar,3,2
n02676566_3109,acousticguitar,3,0
n02676566_3115,acousticguitar,3,0
n02676566_3116,acousticguitar,3,0
n02676566_3117,acousticguitar,3,0
n02676566_3120,acousticguitar,3,3
n02676566_3121,acousticguitar,3,1
n02676566_3125,acousticguitar,3,0
n02676566_3126,acousticguitar,3,4
n02676566_3127,acousticguitar,3,3
n02676566_3132,acousticguitar,3,3
n02676566_3139,acousticguitar,3,2
n02676566_3141,acousticguitar,3,3
n02676566_3145,acousticguitar,3,2
n02676566_3147,acousticguitar,3,2
n02676566_3148,acousticguitar,3,0
n02676566_3154,acousticguitar,3,4
n02676566_3157,acousticguitar,3,0
n02676566_3159,acousticguitar,3,4
n02676566_3160,acousticguitar,3,0
n02676566_3161,acousticguitar,3,3
n02676566_3164,acousticguitar,3,0
n02676566_3169,acousticguitar,3,2
n02676566_3172,acousticguitar,3,4
n02676566_3174,acousticguitar,3,4
n02676566_3176,acousticguitar,3,3
n02676566_3177,acousticguitar,3,2
n02676566_3178,acousticguitar,3,1
n02676566_3180,acousticguitar,3,1
n02676566_3181,acousticguitar,3,3
n02676566_3184,acousticguitar,3,3
n02676566_319,acousticguitar,3,1
n02676566_3191,acousticguitar,3,2
n02676566_3199,acousticguitar,3,3
n02676566_32,acousticguitar,3,1
n02676566_320,acousticguitar,3,2
n02676566_3201,acousticguitar,3,1
n02676566_3205,acousticguitar,3,2
n02676566_3206,acousticguitar,3,1
n02676566_3214,acousticguitar,3,3
n02676566_3215,acousticguitar,3,3
n02676566_3224,acousticguitar,3,4
n02676566_3229,acousticguitar,3,3
n02676566_323,acousticguitar,3,3
n02676566_3237,acousticguitar,3,3
n02676566_3239,acousticguitar,3,2
n02676566_3243,acousticguitar,3,0
n02676566_3251,acousticguitar,3,3
n02676566_3252,acousticguitar,3,1
n02676566_3257,acousticguitar,3,3
n02676566_3259,acousticguitar,3,1
n02676566_326,acousticguitar,3,3
n02676566_3263,acousticguitar,3,2
n02676566_3271,acousticguitar,3,1
n02676566_3277,acousticguitar,3,3
n02676566_328,acousticguitar,3,4
n02676566_3287,acousticguitar,3,3
n02676566_3289,acousticguitar,3,3
n02676566_330,acousticguitar,3,4
n02676566_3305,acousticguitar,3,1
n02676566_3314,acousticguitar,3,2
n02676566_3317,acousticguitar,3,3
n02676566_3320,acousticguitar,3,0
n02676566_3324,acousticguitar,3,3
n02676566_3325,acousticguitar,3,0
n02676566_3327,acousticguitar,3,0
n02676566_3328,acousticguitar,3,4
n02676566_3330,acousticguitar,3,2
n02676566_3338,acousticguitar,3,0
n02676566_3339,acousticguitar,3,0
n02676566_3340,acousticguitar,3,0
n02676566_3344,acousticguitar,3,1
n02676566_3346,acousticguitar,3,2
n02676566_3350,acousticguitar,3,4
n02676566_3359,acousticguitar,3,1
n02676566_3360,acousticguitar,3,0
n02676566_3369,acousticguitar,3,2
n02676566_3378,acousticguitar,3,2
n02676566_3382,acousticguitar,3,4
n02676566_3385,acousticguitar,3,2
n02676566_3386,acousticguitar,3,3
n02676566_3392,acousticguitar,3,4
n02676566_3393,acousticguitar,3,0
n02676566_3394,acousticguitar,3,4
n02676566_3401,acousticguitar,3,1
n02676566_3402,acousticguitar,3,2
n02676566_341,acousticguitar,3,1
n02676566_3410,acousticguitar,3,4
n02676566_3413,acousticguitar,3,1
n02676566_3424,acousticguitar,3,3
n02676566_3428,acousticguitar,3,4
n02676566_343,acousticguitar,3,4
n02676566_3435,acousticguitar,3,0
n02676566_3440,acousticguitar,3,3
n02676566_3449,acousticguitar,3,3
n02676566_3450,acousticguitar,3,4
n02676566_3453,acousticguitar,3,4
n02676566_3456,acousticguitar,3,1
n02676566_3461,acousticguitar,3,1
n02676566_3465,acousticguitar,3,4
n02676566_3466,acousticguitar,3,0
n02676566_3468,acousticguitar,3,2
n02676566_3469,acousticguitar,3,1
n02676566_3471,acousticguitar,3,3
n02676566_3472,acousticguitar,3,1
n02676566_3478,acousticguitar,3,3
n02676566_3482,acousticguitar,3,1
n02676566_3486,acousticguitar,3,1
n02676566_3489,acousticguitar,3,4
n02676566_3491,acousticguitar,3,0
n02676566_3492,acousticguitar,3,2
n02676566_3494,acousticguitar,3,4
n02676566_3500,acousticguitar,3,0
n02676566_3509,acousticguitar,3,0
n02676566_351,acousticguitar,3,2
n02676566_3510,acousticguitar,3,0
n02676566_3512,acousticguitar,3,0
n02676566_352,acousticguitar,3,0
n02676566_3523,acousticguitar,3,2
n02676566_3525,acousticguitar,3,0
n02676566_3527,acousticguitar,3,4
n02676566_3528,acousticguitar,3,3
n02676566_3529,acousticguitar,3,2
n02676566_353,acousticguitar,3,0
n02676566_3536,acousticguitar,3,4
n02676566_3538,acousticguitar,3,1
n02676566_3540,acousticguitar,3,4
n02676566_3541,acousticguitar,3,1
n02676566_3548,acousticguitar,3,2
n02676566_3563,acousticguitar,3,2
n02676566_3564,acousticguitar,3,0
n02676566_3566,acousticguitar,3,0
n02676566_3567,acousticguitar,3,0
n02676566_3571,acousticguitar,3,3
n02676566_3576,acousticguitar,3,1
n02676566_3578,acousticguitar,3,0
n02676566_3586,acousticguitar,3,2
n02676566_3587,acousticguitar,3,4
n02676566_3610,acousticguitar,3,2
n02676566_3611,acousticguitar,3,4
n02676566_3613,acousticguitar,3,1
n02676566_3627,acousticguitar,3,1
n02676566_3629,acousticguitar,3,1
n02676566_363,acousticguitar,3,2
n02676566_3631,acousticguitar,3,0
n02676566_3632,acousticguitar,3,1
n02676566_3633,acousticguitar,3,0
n02676566_3635,acousticguitar,3,1
n02676566_3639,acousticguitar,3,3
n02676566_3641,acousticguitar,3,3
n02676566_3646,acousticguitar,3,2
n02676566_3649,acousticguitar,3,2
n02676566_365,acousticguitar,3,4
n02676566_3650,acousticguitar,3,2
n02676566_3654,acousticguitar,3,3
n02676566_3657,acousticguitar,3,1
n02676566_3659,acousticguitar,3,3
n02676566_3660,acousticguitar,3,0
n02676566_3661,acousticguitar,3,0
n02676566_3662,acousticguitar,3,4
n02676566_3669,acousticguitar,3,4
n02676566_367,acousticguitar,3,3
n02676566_3673,acousticguitar,3,4
n02676566_368,acousticguitar,3,1
n02676566_3683,acousticguitar,3,4
n02676566_3686,acousticguitar,3,2
n02676566_3690,acousticguitar,3,0
n02676566_37,acousticguitar,3,4
n02676566_370,acousticguitar,3,3
n02676566_371,acousticguitar,3,2
n02676566_3711,acousticguitar,3,0
n02676566_3713,acousticguitar,3,3
n02676566_3719,acousticguitar,3,0
n02676566_3721,acousticguitar,3,3
n02676566_3725,acousticguitar,3,4
n02676566_3728,acousticguitar,3,1
n02676566_3729,acousticguitar,3,4
n02676566_3733,acousticguitar,3,1
n02676566_3741,acousticguitar,3,0
n02676566_3747,acousticguitar,3,4
n02676566_3750,acousticguitar,3,1
n02676566_3752,acousticguitar,3,3
n02676566_3753,acousticguitar,3,1
n02676566_3757,acousticguitar,3,3
n02676566_3760,acousticguitar,3,1
n02676566_3765,acousticguitar,3,3
n02676566_3766,acousticguitar,3,4
n02676566_3767,acousticguitar,3,3
n02676566_3768,acousticguitar,3,3
n02676566_3771,acousticguitar,3,3
n02676566_3781,acousticguitar,3,2
n02676566_3782,acousticguitar,3,4
n02676566_3792,acousticguitar,3,3
n02676566_3798,acousticguitar,3,1
n02676566_380,acousticguitar,3,3
n02676566_3806,acousticguitar,3,0
n02676566_3808,acousticguitar,3,1
n02676566_3813,acousticguitar,3,4
n02676566_3819,acousticguitar,3,4
n02676566_3822,acousticguitar,3,1
n02676566_3824,acousticguitar,3,2
n02676566_3839,acousticguitar,3,0
n02676566_3849,acousticguitar,3,1
n02676566_3850,acousticguitar,3,0
n02676566_3854,acousticguitar,3,2
n02676566_3858,acousticguitar,3,4
n02676566_386,acousticguitar,3,2
n02676566_3868,acousticguitar,3,2
n02676566_3873,acousticguitar,3,2
n02676566_3876,acousticguitar,3,2
n02676566_3883,acousticguitar,3,0
n02676566_3886,acousticguitar,3,4
n02676566_3887,acousticguitar,3,2
n02676566_3889,acousticguitar,3,1
n02676566_3892,acousticguitar,3,2
n02676566_3899,acousticguitar,3,4
n02676566_3910,acousticguitar,3,3
n02676566_3912,acousticguitar,3,4
n02676566_3914,acousticguitar,3,1
n02676566_3916,acousticguitar,3,2
n02676566_3920,acousticguitar,3,3
n02676566_3924,acousticguitar,3,2
n02676566_3936,acousticguitar,3,0
n02676566_3947,acousticguitar,3,0
n02676566_3949,acousticguitar,3,0
n02676566_395,acousticguitar,3,4
n02676566_3952,acousticguitar,3,3
n02676566_3957,acousticguitar,3,2
n02676566_3965,acousticguitar,3,0
n02676566_3966,acousticguitar,3,2
n02676566_3971,acousticguitar,3,0
n02676566_3977,acousticguitar,3,4
n02676566_3978,acousticguitar,3,1
n02676566_3979,acousticguitar,3,0
n02676566_399,acousticguitar,3,2
n02676566_3990,acousticguitar,3,3
n02676566_3991,acousticguitar,3,0
n02676566_3995,acousticguitar,3,0
n02676566_3999,acousticguitar,3,1
n02676566_4001,acousticguitar,3,1
n02676566_4019,acousticguitar,3,3
n02676566_402,acousticguitar,3,3
n02676566_4030,acousticguitar,3,2
n02676566_4039,acousticguitar,3,4
n02676566_404,acousticguitar,3,0
n02676566_4042,acousticguitar,3,3
n02676566_4048,acousticguitar,3,2
n02676566_4055,acousticguitar,3,1
n02676566_4057,acousticguitar,3,1
n02676566_4058,acousticguitar,3,1
n02676566_4059,acousticguitar,3,0
n02676566_406,acousticguitar,3,4
n02676566_4060,acousticguitar,3,3
n02676566_4064,acousticguitar,3,0
n02676566_4073,acousticguitar,3,4
n02676566_4074,acousticguitar,3,2
n02676566_4075,acousticguitar,3,3
n02676566_4081,acousticguitar,3,3
n02676566_4084,acousticguitar,3,2
n02676566_4089,acousticguitar,3,3
n02676566_4090,acousticguitar,3,0
n02676566_4095,acousticguitar,3,0
n02676566_4097,acousticguitar,3,3
n02676566_410,acousticguitar,3,3
n02676566_4108,acousticguitar,3,0
n02676566_411,acousticguitar,3,3
n02676566_4110,acousticguitar,3,1
n02676566_4111,acousticguitar,3,1
n02676566_4119,acousticguitar,3,1
n02676566_4122,acousticguitar,3,0
n02676566_4127,acousticguitar,3,3
n02676566_4128,acousticguitar,3,2
n02676566_4129,acousticguitar,3,4
n02676566_4130,acousticguitar,3,1
n02676566_4134,acousticguitar,3,0
n02676566_4135,acousticguitar,3,2
n02676566_4137,acousticguitar,3,2
n02676566_4138,acousticguitar,3,3
n02676566_4144,acousticguitar,3,1
n02676566_4145,acousticguitar,3,4
n02676566_4155,acousticguitar,3,1
n02676566_4160,acousticguitar,3,3
n02676566_4161,acousticguitar,3,0
n02676566_4166,acousticguitar,3,2
n02676566_4171,acousticguitar,3,2
n02676566_4178,acousticguitar,3,4
n02676566_4179,acousticguitar,3,4
n02676566_4189,acousticguitar,3,4
n02676566_4192,acousticguitar,3,0
n02676566_4196,acousticguitar,3,3
n02676566_4197,acousticguitar,3,0
n02676566_4201,acousticguitar,3,3
n02676566_4208,acousticguitar,3,2
n02676566_4212,acousticguitar,3,1
n02676566_4220,acousticguitar,3,1
n02676566_4221,acousticguitar,3,0
n02676566_4223,acousticguitar,3,2
n02676566_4227,acousticguitar,3,3
n02676566_4236,acousticguitar,3,0
n02676566_4239,acousticguitar,3,3
n02676566_4240,acousticguitar,3,4
n02676566_4241,acousticguitar,3,2
n02676566_4248,acousticguitar,3,0
n02676566_4251,acousticguitar,3,2
n02676566_4252,acousticguitar,3,2
n02676566_4254,acousticguitar,3,3
n02676566_4257,acousticguitar,3,4
n02676566_4266,acousticguitar,3,1
n02676566_4268,acousticguitar,3,2
n02676566_428,acousticguitar,3,2
n02676566_4280,acousticguitar,3,4
n02676566_4281,acousticguitar,3,3
n02676566_429,acousticguitar,3,0
n02676566_4294,acousticguitar,3,1
n02676566_43,acousticguitar,3,4
n02676566_430,acousticguitar,3,3
n02676566_4301,acousticguitar,3,1
n02676566_4305,acousticguitar,3,0
n02676566_431,acousticguitar,3,3
n02676566_4310,acousticguitar,3,4
n02676566_4313,acousticguitar,3,1
n02676566_4316,acousticguitar,3,0
n02676566_4317,acousticguitar,3,1
n02676566_4319,acousticguitar,3,4
n02676566_4320,acousticguitar,3,2
n02676566_4321,acousticguitar,3,3
n02676566_4322,acousticguitar,3,0
n02676566_4323,acousticguitar,3,3
n02676566_4326,acousticguitar,3,3
n02676566_4334,acousticguitar,3,1
n02676566_4336,acousticguitar,3,0
n02676566_4341,acousticguitar,3,2
n02676566_4342,acousticguitar,3,4
n02676566_4343,acousticguitar,3,0
n02676566_4345,acousticguitar,3,0
n02676566_4346,acousticguitar,3,2
n02676566_4347,acousticguitar,3,4
n02676566_4349,acousticguitar,3,3
n02676566_435,acousticguitar,3,1
n02676566_4356,acousticguitar,3,3
n02676566_436,acousticguitar,3,1
n02676566_4363,acousticguitar,3,1
n02676566_4366,acousticguitar,3,4
n02676566_4373,acousticguitar,3,3
n02676566_4374,acousticguitar,3,2
n02676566_4376,acousticguitar,3,3
n02676566_4377,acousticguitar,3,0
n02676566_4378,acousticguitar,3,4
n02676566_438,acousticguitar,3,3
n02676566_4383,acousticguitar,3,1
n02676566_4391,acousticguitar,3,2
n02676566_4394,acousticguitar,3,4
n02676566_4397,acousticguitar,3,0
n02676566_4398,acousticguitar,3,2
n02676566_44,acousticguitar,3,2
n02676566_4402,acousticguitar,3,3
n02676566_4403,acousticguitar,3,0
n02676566_4404,acousticguitar,3,4
n02676566_4407,acousticguitar,3,3
n02676566_4413,acousticguitar,3,2
n02676566_4415,acousticguitar,3,1
n02676566_4417,acousticguitar,3,1
n02676566_4419,acousticguitar,3,1
n02676566_4424,acousticguitar,3,0
n02676566_4425,acousticguitar,3,1
n02676566_4426,acousticguitar,3,3
n02676566_4429,acousticguitar,3,3
n02676566_4430,acousticguitar,3,2
n02676566_4431,acousticguitar,3,3
n02676566_4436,acousticguitar,3,2
n02676566_4438,acousticguitar,3,1
n02676566_444,acousticguitar,3,2
n02676566_4441,acousticguitar,3,3
n02676566_445,acousticguitar,3,4
n02676566_4454,acousticguitar,3,0
n02676566_4461,acousticguitar,3,3
n02676566_4462,acousticguitar,3,4
n02676566_4469,acousticguitar,3,4
n02676566_448,acousticguitar,3,4
n02676566_4486,acousticguitar,3,3
n02676566_449,acousticguitar,3,4
n02676566_4492,acousticguitar,3,2
n02676566_4493,acousticguitar,3,4
n02676566_4507,acousticguitar,3,4
n02676566_4510,acousticguitar,3,4
n02676566_4512,acousticguitar,3,2
n02676566_4518,acousticguitar,3,0
n02676566_4521,acousticguitar,3,1
n02676566_4527,acousticguitar,3,3
n02676566_4530,acousticguitar,3,0
n02676566_4532,acousticguitar,3,3
n02676566_4535,acousticguitar,3,1
n02676566_4537,acousticguitar,3,1
n02676566_4538,acousticguitar,3,1
n02676566_4543,acousticguitar,3,3
n02676566_4545,acousticguitar,3,4
n02676566_4546,acousticguitar,3,4
n02676566_4551,acousticguitar,3,3
n02676566_4558,acousticguitar,3,3
n02676566_4562,acousticguitar,3,4
n02676566_4565,acousticguitar,3,1
n02676566_457,acousticguitar,3,0
n02676566_4573,acousticguitar,3,1
n02676566_4577,acousticguitar,3,4
n02676566_4583,acousticguitar,3,2
n02676566_4584,acousticguitar,3,1
n02676566_4589,acousticguitar,3,3
n02676566_4591,acousticguitar,3,3
n02676566_4592,acousticguitar,3,1
n02676566_4594,acousticguitar,3,1
n02676566_4595,acousticguitar,3,2
n02676566_46,acousticguitar,3,3
n02676566_4602,acousticguitar,3,3
n02676566_4604,acousticguitar,3,0
n02676566_4605,acousticguitar,3,0
n02676566_4613,acousticguitar,3,1
n02676566_4615,acousticguitar,3,4
n02676566_4619,acousticguitar,3,1
n02676566_4621,acousticguitar,3,0
n02676566_4623,acousticguitar,3,2
n02676566_4628,acousticguitar,3,1
n02676566_4629,acousticguitar,3,0
n02676566_463,acousticguitar,3,3
n02676566_4632,acousticguitar,3,4
n02676566_4637,acousticguitar,3,3
n02676566_4640,acousticguitar,3,0
n02676566_4642,acousticguitar,3,3
n02676566_4643,acousticguitar,3,0
n02676566_4646,acousticguitar,3,1
n02676566_4648,acousticguitar,3,0
n02676566_4651,acousticguitar,3,1
n02676566_4655,acousticguitar,3,0
n02676566_4657,acousticguitar,3,1
n02676566_4659,acousticguitar,3,1
n02676566_4663,acousticguitar,3,0
n02676566_4668,acousticguitar,3,4
n02676566_467,acousticguitar,3,0
n02676566_4671,acousticguitar,3,1
n02676566_4677,acousticguitar,3,3
n02676566_4679,acousticguitar,3,2
n02676566_4689,acousticguitar,3,1
n02676566_4697,acousticguitar,3,2
n02676566_4699,acousticguitar,3,1
n02676566_4705,acousticguitar,3,4
n02676566_4706,acousticguitar,3,4
n02676566_4710,acousticguitar,3,3
n02676566_4717,acousticguitar,3,4
n02676566_4722,acousticguitar,3,3
n02676566_4729,acousticguitar,3,0
n02676566_4735,acousticguitar,3,0
n02676566_4746,acousticguitar,3,2
n02676566_4749,acousticguitar,3,3
n02676566_475,acousticguitar,3,1
n02676566_4753,acousticguitar,3,1
n02676566_4759,acousticguitar,3,4
n02676566_4773,acousticguitar,3,0
n02676566_4778,acousticguitar,3,1
n02676566_4779,acousticguitar,3,4
n02676566_4785,acousticguitar,3,0
n02676566_4786,acousticguitar,3,3
n02676566_4789,acousticguitar,3,3
n02676566_4793,acousticguitar,3,2
n02676566_4795,acousticguitar,3,4
n02676566_4797,acousticguitar,3,4
n02676566_480,acousticguitar,3,1
n02676566_4812,acousticguitar,3,1
n02676566_4816,acousticguitar,3,3
n02676566_4823,acousticguitar,3,2
n02676566_4825,acousticguitar,3,1
n02676566_4832,acousticguitar,3,3
n02676566_4834,acousticguitar,3,2
n02676566_4839,acousticguitar,3,2
n02676566_4840,acousticguitar,3,4
n02676566_4842,acousticguitar,3,0
n02676566_4843,acousticguitar,3,0
n02676566_4844,acousticguitar,3,0
n02676566_4847,acousticguitar,3,0
n02676566_485,acousticguitar,3,1
n02676566_4853,acousticguitar,3,4
n02676566_4856,acousticguitar,3,0
n02676566_4857,acousticguitar,3,0
n02676566_4859,acousticguitar,3,3
n02676566_4860,acousticguitar,3,3
n02676566_4863,acousticguitar,3,0
n02676566_4866,acousticguitar,3,2
n02676566_4868,acousticguitar,3,0
n02676566_4871,acousticguitar,3,1
n02676566_4876,acousticguitar,3,0
n02676566_4877,acousticguitar,3,4
n02676566_4883,acousticguitar,3,1
n02676566_4893,acousticguitar,3,3
n02676566_49,acousticguitar,3,1
n02676566_4901,acousticguitar,3,0
n02676566_4903,acousticguitar,3,3
n02676566_4904,acousticguitar,3,4
n02676566_4905,acousticguitar,3,0
n02676566_4916,acousticguitar,3,4
n02676566_492,acousticguitar,3,3
n02676566_4921,acousticguitar,3,2
n02676566_4922,acousticguitar,3,0
n02676566_4923,acousticguitar,3,3
n02676566_4924,acousticguitar,3,0
n02676566_4925,acousticguitar,3,1
n02676566_4928,acousticguitar,3,3
n02676566_4936,acousticguitar,3,0
n02676566_4943,acousticguitar,3,4
n02676566_4946,acousticguitar,3,4
n02676566_4947,acousticguitar,3,1
n02676566_495,acousticguitar,3,2
n02676566_4952,acousticguitar,3,1
n02676566_496,acousticguitar,3,1
n02676566_4962,acousticguitar,3,3
n02676566_4965,acousticguitar,3,1
n02676566_4967,acousticguitar,3,0
n02676566_4975,acousticguitar,3,0
n02676566_4985,acousticguitar,3,2
n02676566_4988,acousticguitar,3,4
n02676566_4989,acousticguitar,3,2
n02676566_4990,acousticguitar,3,1
n02676566_4993,acousticguitar,3,4
n02676566_5000,acousticguitar,3,4
n02676566_5001,acousticguitar,3,2
n02676566_5010,acousticguitar,3,2
n02676566_5012,acousticguitar,3,0
n02676566_5018,acousticguitar,3,0
n02676566_5019,acousticguitar,3,2
n02676566_5020,acousticguitar,3,2
n02676566_5024,acousticguitar,3,4
n02676566_504,acousticguitar,3,0
n02676566_5056,acousticguitar,3,0
n02676566_5058,acousticguitar,3,1
n02676566_5068,acousticguitar,3,1
n02676566_5069,acousticguitar,3,4
n02676566_5071,acousticguitar,3,4
n02676566_5074,acousticguitar,3,1
n02676566_5084,acousticguitar,3,0
n02676566_5095,acousticguitar,3,0
n02676566_5099,acousticguitar,3,2
n02676566_5104,acousticguitar,3,2
n02676566_5109,acousticguitar,3,1
n02676566_511,acousticguitar,3,0
n02676566_5114,acousticguitar,3,0
n02676566_513,acousticguitar,3,2
n02676566_5130,acousticguitar,3,0
n02676566_5131,acousticguitar,3,1
n02676566_5134,acousticguitar,3,2
n02676566_5138,acousticguitar,3,0
n02676566_5139,acousticguitar,3,2
n02676566_514,acousticguitar,3,4
n02676566_5142,acousticguitar,3,1
n02676566_5151,acousticguitar,3,4
n02676566_5153,acousticguitar,3,4
n02676566_5159,acousticguitar,3,2
n02676566_5168,acousticguitar,3,3
n02676566_5177,acousticguitar,3,4
n02676566_520,acousticguitar,3,3
n02676566_5200,acousticguitar,3,3
n02676566_5210,acousticguitar,3,3
n02676566_5215,acousticguitar,3,0
n02676566_5216,acousticguitar,3,2
n02676566_5218,acousticguitar,3,2
n02676566_522,acousticguitar,3,3
n02676566_5220,acousticguitar,3,1
n02676566_5226,acousticguitar,3,0
n02676566_523,acousticguitar,3,0
n02676566_5231,acousticguitar,3,2
n02676566_5235,acousticguitar,3,2
n02676566_5241,acousticguitar,3,1
n02676566_5255,acousticguitar,3,0
n02676566_5256,acousticguitar,3,0
n02676566_5258,acousticguitar,3,1
n02676566_526,acousticguitar,3,2
n02676566_529,acousticguitar,3,2
n02676566_5319,acousticguitar,3,1
n02676566_5328,acousticguitar,3,3
n02676566_5355,acousticguitar,3,0
n02676566_5356,acousticguitar,3,0
n02676566_5363,acousticguitar,3,1
n02676566_5364,acousticguitar,3,4
n02676566_5367,acousticguitar,3,2
n02676566_5369,acousticguitar,3,0
n02676566_5372,acousticguitar,3,3
n02676566_5373,acousticguitar,3,4
n02676566_5375,acousticguitar,3,2
n02676566_5380,acousticguitar,3,4
n02676566_5390,acousticguitar,3,2
n02676566_54,acousticguitar,3,2
n02676566_5400,acousticguitar,3,3
n02676566_5405,acousticguitar,3,4
n02676566_5408,acousticguitar,3,0
n02676566_5411,acousticguitar,3,4
n02676566_5412,acousticguitar,3,4
n02676566_5416,acousticguitar,3,3
n02676566_5421,acousticguitar,3,3
n02676566_5427,acousticguitar,3,1
n02676566_5430,acousticguitar,3,3
n02676566_5437,acousticguitar,3,1
n02676566_5438,acousticguitar,3,3
n02676566_5448,acousticguitar,3,0
n02676566_5450,acousticguitar,3,2
n02676566_5453,acousticguitar,3,1
n02676566_5454,acousticguitar,3,3
n02676566_5457,acousticguitar,3,3
n02676566_5460,acousticguitar,3,4
n02676566_5461,acousticguitar,3,2
n02676566_5462,acousticguitar,3,4
n02676566_5464,acousticguitar,3,1
n02676566_5465,acousticguitar,3,0
n02676566_5466,acousticguitar,3,4
n02676566_5468,acousticguitar,3,4
n02676566_5476,acousticguitar,3,0
n02676566_5479,acousticguitar,3,3
n02676566_5480,acousticguitar,3,2
n02676566_5489,acousticguitar,3,3
n02676566_549,acousticguitar,3,4
n02676566_5492,acousticguitar,3,2
n02676566_5495,acousticguitar,3,1
n02676566_55,acousticguitar,3,0
n02676566_5500,acousticguitar,3,0
n02676566_5503,acousticguitar,3,4
n02676566_5507,acousticguitar,3,4
n02676566_5508,acousticguitar,3,1
n02676566_551,acousticguitar,3,2
n02676566_5514,acousticguitar,3,3
n02676566_5515,acousticguitar,3,1
n02676566_5518,acousticguitar,3,3
n02676566_552,acousticguitar,3,1
n02676566_5522,acousticguitar,3,2
n02676566_5524,acousticguitar,3,1
n02676566_5526,acousticguitar,3,3
n02676566_553,acousticguitar,3,2
n02676566_5534,acousticguitar,3,3
n02676566_5535,acousticguitar,3,4
n02676566_5537,acousticguitar,3,3
n02676566_5545,acousticguitar,3,3
n02676566_5551,acousticguitar,3,0
n02676566_5559,acousticguitar,3,1
n02676566_5585,acousticguitar,3,4
n02676566_5586,acousticguitar,3,1
n02676566_5591,acousticguitar,3,4
n02676566_5597,acousticguitar,3,2
n02676566_5610,acousticguitar,3,0
n02676566_5637,acousticguitar,3,2
n02676566_5640,acousticguitar,3,4
n02676566_5641,acousticguitar,3,3
n02676566_5645,acousticguitar,3,0
n02676566_5649,acousticguitar,3,0
n02676566_5684,acousticguitar,3,3
n02676566_5689,acousticguitar,3,4
n02676566_5713,acousticguitar,3,3
n02676566_5735,acousticguitar,3,1
n02676566_5742,acousticguitar,3,4
n02676566_5773,acousticguitar,3,4
n02676566_5776,acousticguitar,3,4
n02676566_5816,acousticguitar,3,0
n02676566_582,acousticguitar,3,1
n02676566_5830,acousticguitar,3,1
n02676566_584,acousticguitar,3,0
n02676566_5860,acousticguitar,3,2
n02676566_5861,acousticguitar,3,2
n02676566_5866,acousticguitar,3,3
n02676566_5871,acousticguitar,3,3
n02676566_5943,acousticguitar,3,2
n02676566_5951,acousticguitar,3,4
n02676566_596,acousticguitar,3,3
n02676566_5966,acousticguitar,3,1
n02676566_5979,acousticguitar,3,2
n02676566_60,acousticguitar,3,2
n02676566_600,acousticguitar,3,4
n02676566_602,acousticguitar,3,0
n02676566_6024,acousticguitar,3,1
n02676566_603,acousticguitar,3,1
n02676566_6030,acousticguitar,3,0
n02676566_606,acousticguitar,3,1
n02676566_6060,acousticguitar,3,3
n02676566_610,acousticguitar,3,4
n02676566_6111,acousticguitar,3,3
n02676566_6130,acousticguitar,3,2
n02676566_6150,acousticguitar,3,4
n02676566_6152,acousticguitar,3,0
n02676566_616,acousticguitar,3,4
n02676566_6172,acousticguitar,3,0
n02676566_6175,acousticguitar,3,3
n02676566_6178,acousticguitar,3,2
n02676566_6196,acousticguitar,3,4
n02676566_6200,acousticguitar,3,4
n02676566_6202,acousticguitar,3,2
n02676566_623,acousticguitar,3,3
n02676566_6234,acousticguitar,3,2
n02676566_6244,acousticguitar,3,1
n02676566_6245,acousticguitar,3,4
n02676566_6251,acousticguitar,3,4
n02676566_6253,acousticguitar,3,3
n02676566_6255,acousticguitar,3,0
n02676566_6260,acousticguitar,3,1
n02676566_6265,acousticguitar,3,1
n02676566_6268,acousticguitar,3,2
n02676566_6286,acousticguitar,3,2
n02676566_6289,acousticguitar,3,3
n02676566_6291,acousticguitar,3,0
n02676566_6292,acousticguitar,3,1
n02676566_6293,acousticguitar,3,2
n02676566_6302,acousticguitar,3,3
n02676566_6304,acousticguitar,3,4
n02676566_6306,acousticguitar,3,2
n02676566_6319,acousticguitar,3,3
n02676566_6320,acousticguitar,3,1
n02676566_6326,acousticguitar,3,3
n02676566_6329,acousticguitar,3,4
n02676566_6335,acousticguitar,3,1
n02676566_6341,acousticguitar,3,0
n02676566_6342,acousticguitar,3,3
n02676566_6343,acousticguitar,3,4
n02676566_6349,acousticguitar,3,3
n02676566_6351,acousticguitar,3,2
n02676566_6354,acousticguitar,3,0
n02676566_6355,acousticguitar,3,0
n02676566_6360,acousticguitar,3,2
n02676566_6361,acousticguitar,3,4
n02676566_6363,acousticguitar,3,1
n02676566_6370,acousticguitar,3,0
n02676566_6372,acousticguitar,3,4
n02676566_6375,acousticguitar,3,0
n02676566_6376,acousticguitar,3,4
n02676566_6377,acousticguitar,3,0
n02676566_6378,acousticguitar,3,4
n02676566_6380,acousticguitar,3,2
n02676566_6384,acousticguitar,3,2
n02676566_6390,acousticguitar,3,1
n02676566_6401,acousticguitar,3,3
n02676566_6402,acousticguitar,3,1
n02676566_6405,acousticguitar,3,0
n02676566_6409,acousticguitar,3,0
n02676566_6410,acousticguitar,3,1
n02676566_6412,acousticguitar,3,4
n02676566_6414,acousticguitar,3,2
n02676566_6421,acousticguitar,3,0
n02676566_6422,acousticguitar,3,4
n02676566_6425,acousticguitar,3,0
n02676566_6430,acousticguitar,3,2
n02676566_6435,acousticguitar,3,1
n02676566_6437,acousticguitar,3,2
n02676566_6438,acousticguitar,3,3
n02676566_644,acousticguitar,3,4
n02676566_6454,acousticguitar,3,1
n02676566_6460,acousticguitar,3,0
n02676566_6466,acousticguitar,3,0
n02676566_6467,acousticguitar,3,2
n02676566_6469,acousticguitar,3,1
n02676566_6478,acousticguitar,3,4
n02676566_6479,acousticguitar,3,4
n02676566_6489,acousticguitar,3,1
n02676566_6493,acousticguitar,3,4
n02676566_6494,acousticguitar,3,3
n02676566_650,acousticguitar,3,3
n02676566_6518,acousticguitar,3,4
n02676566_6527,acousticguitar,3,2
n02676566_6531,acousticguitar,3,4
n02676566_6532,acousticguitar,3,2
n02676566_654,acousticguitar,3,0
n02676566_6544,acousticguitar,3,4
n02676566_6547,acousticguitar,3,1
n02676566_6549,acousticguitar,3,4
n02676566_6551,acousticguitar,3,0
n02676566_6552,acousticguitar,3,3
n02676566_6554,acousticguitar,3,2
n02676566_6557,acousticguitar,3,1
n02676566_6559,acousticguitar,3,0
n02676566_656,acousticguitar,3,3
n02676566_6560,acousticguitar,3,1
n02676566_6563,acousticguitar,3,0
n02676566_6567,acousticguitar,3,3
n02676566_6569,acousticguitar,3,0
n02676566_6570,acousticguitar,3,3
n02676566_6571,acousticguitar,3,1
n02676566_6575,acousticguitar,3,2
n02676566_658,acousticguitar,3,3
n02676566_6580,acousticguitar,3,1
n02676566_6582,acousticguitar,3,0
n02676566_6583,acousticguitar,3,4
n02676566_6585,acousticguitar,3,0
n02676566_6588,acousticguitar,3,1
n02676566_6589,acousticguitar,3,2
n02676566_659,acousticguitar,3,0
n02676566_6590,acousticguitar,3,1
n02676566_6592,acousticguitar,3,4
n02676566_6596,acousticguitar,3,4
n02676566_6597,acousticguitar,3,3
n02676566_66,acousticguitar,3,3
n02676566_660,acousticguitar,3,4
n02676566_6601,acousticguitar,3,4
n02676566_6604,acousticguitar,3,2
n02676566_6613,acousticguitar,3,2
n02676566_6615,acousticguitar,3,4
n02676566_6625,acousticguitar,3,1
n02676566_6626,acousticguitar,3,0
n02676566_6631,acousticguitar,3,3
n02676566_6633,acousticguitar,3,4
n02676566_6634,acousticguitar,3,2
n02676566_6636,acousticguitar,3,3
n02676566_6637,acousticguitar,3,0
n02676566_6641,acousticguitar,3,1
n02676566_6644,acousticguitar,3,4
n02676566_6646,acousticguitar,3,1
n02676566_665,acousticguitar,3,1
n02676566_6652,acousticguitar,3,2
n02676566_6655,acousticguitar,3,0
n02676566_6658,acousticguitar,3,3
n02676566_6659,acousticguitar,3,0
n02676566_666,acousticguitar,3,0
n02676566_6660,acousticguitar,3,3
n02676566_6661,acousticguitar,3,3
n02676566_6663,acousticguitar,3,4
n02676566_6667,acousticguitar,3,4
n02676566_6669,acousticguitar,3,0
n02676566_667,acousticguitar,3,0
n02676566_6672,acousticguitar,3,0
n02676566_6673,acousticguitar,3,4
n02676566_6674,acousticguitar,3,1
n02676566_6677,acousticguitar,3,4
n02676566_6682,acousticguitar,3,0
n02676566_6683,acousticguitar,3,2
n02676566_6686,acousticguitar,3,0
n02676566_6687,acousticguitar,3,1
n02676566_6694,acousticguitar,3,1
n02676566_6698,acousticguitar,3,2
n02676566_6699,acousticguitar,3,2
n02676566_6700,acousticguitar,3,0
n02676566_6701,acousticguitar,3,2
n02676566_6702,acousticguitar,3,3
n02676566_6703,acousticguitar,3,3
n02676566_6704,acousticguitar,3,2
n02676566_6705,acousticguitar,3,2
n02676566_6707,acousticguitar,3,0
n02676566_6711,acousticguitar,3,3
n02676566_6713,acousticguitar,3,1
n02676566_672,acousticguitar,3,1
n02676566_6728,acousticguitar,3,3
n02676566_6729,acousticguitar,3,3
n02676566_6732,acousticguitar,3,1
n02676566_6733,acousticguitar,3,4
n02676566_6735,acousticguitar,3,2
n02676566_6737,acousticguitar,3,3
n02676566_6738,acousticguitar,3,1
n02676566_6740,acousticguitar,3,2
n02676566_6742,acousticguitar,3,2
n02676566_6744,acousticguitar,3,0
n02676566_6746,acousticguitar,3,4
n02676566_6748,acousticguitar,3,2
n02676566_6750,acousticguitar,3,3
n02676566_6753,acousticguitar,3,1
n02676566_6759,acousticguitar,3,1
n02676566_6760,acousticguitar,3,2
n02676566_6762,acousticguitar,3,1
n02676566_6763,acousticguitar,3,4
n02676566_6764,acousticguitar,3,3
n02676566_6765,acousticguitar,3,4
n02676566_6766,acousticguitar,3,3
n02676566_6770,acousticguitar,3,3
n02676566_6772,acousticguitar,3,3
n02676566_6775,acousticguitar,3,3
n02676566_6778,acousticguitar,3,2
n02676566_6785,acousticguitar,3,1
n02676566_6789,acousticguitar,3,1
n02676566_6792,acousticguitar,3,3
n02676566_6796,acousticguitar,3,0
n02676566_6797,acousticguitar,3,0
n02676566_6799,acousticguitar,3,1
n02676566_6801,acousticguitar,3,0
n02676566_6802,acousticguitar,3,1
n02676566_6810,acousticguitar,3,0
n02676566_6814,acousticguitar,3,2
n02676566_6819,acousticguitar,3,3
n02676566_682,acousticguitar,3,1
n02676566_6820,acousticguitar,3,2
n02676566_6822,acousticguitar,3,3
n02676566_6823,acousticguitar,3,4
n02676566_6826,acousticguitar,3,0
n02676566_6827,acousticguitar,3,0
n02676566_683,acousticguitar,3,4
n02676566_6833,acousticguitar,3,3
n02676566_6835,acousticguitar,3,4
n02676566_6838,acousticguitar,3,1
n02676566_6839,acousticguitar,3,2
n02676566_684,acousticguitar,3,0
n02676566_6842,acousticguitar,3,3
n02676566_6843,acousticguitar,3,0
n02676566_6851,acousticguitar,3,4
n02676566_6855,acousticguitar,3,1
n02676566_6856,acousticguitar,3,4
n02676566_6857,acousticguitar,3,3
n02676566_6858,acousticguitar,3,3
n02676566_6861,acousticguitar,3,3
n02676566_6864,acousticguitar,3,2
n02676566_6865,acousticguitar,3,0
n02676566_6868,acousticguitar,3,3
n02676566_6869,acousticguitar,3,0
n02676566_6870,acousticguitar,3,2
n02676566_6871,acousticguitar,3,1
n02676566_6875,acousticguitar,3,1
n02676566_6878,acousticguitar,3,1
n02676566_688,acousticguitar,3,1
n02676566_6881,acousticguitar,3,3
n02676566_6883,acousticguitar,3,4
n02676566_6885,acousticguitar,3,0
n02676566_6889,acousticguitar,3,2
n02676566_6893,acousticguitar,3,4
n02676566_6896,acousticguitar,3,2
n02676566_6898,acousticguitar,3,1
n02676566_6899,acousticguitar,3,2
n02676566_6904,acousticguitar,3,0
n02676566_6905,acousticguitar,3,1
n02676566_6906,acousticguitar,3,1
n02676566_6909,acousticguitar,3,3
n02676566_6910,acousticguitar,3,3
n02676566_6912,acousticguitar,3,1
n02676566_6913,acousticguitar,3,2
n02676566_6914,acousticguitar,3,3
n02676566_6915,acousticguitar,3,4
n02676566_6916,acousticguitar,3,1
n02676566_6917,acousticguitar,3,1
n02676566_6918,acousticguitar,3,4
n02676566_6919,acousticguitar,3,3
n02676566_692,acousticguitar,3,1
n02676566_6920,acousticguitar,3,1
n02676566_6922,acousticguitar,3,1
n02676566_6924,acousticguitar,3,2
n02676566_6927,acousticguitar,3,3
n02676566_6928,acousticguitar,3,2
n02676566_6929,acousticguitar,3,4
n02676566_6930,acousticguitar,3,0
n02676566_6931,acousticguitar,3,1
n02676566_6932,acousticguitar,3,0
n02676566_6935,acousticguitar,3,2
n02676566_6939,acousticguitar,3,4
n02676566_694,acousticguitar,3,0
n02676566_6941,acousticguitar,3,4
n02676566_6942,acousticguitar,3,4
n02676566_6948,acousticguitar,3,4
n02676566_6949,acousticguitar,3,2
n02676566_6950,acousticguitar,3,1
n02676566_6951,acousticguitar,3,2
n02676566_6952,acousticguitar,3,1
n02676566_6953,acousticguitar,3,3
n02676566_6954,acousticguitar,3,3
n02676566_6957,acousticguitar,3,4
n02676566_6959,acousticguitar,3,2
n02676566_6960,acousticguitar,3,2
n02676566_6961,acousticguitar,3,0
n02676566_6962,acousticguitar,3,1
n02676566_6965,acousticguitar,3,3
n02676566_6966,acousticguitar,3,1
n02676566_6968,acousticguitar,3,0
n02676566_6969,acousticguitar,3,1
n02676566_697,acousticguitar,3,3
n02676566_6971,acousticguitar,3,2
n02676566_6974,acousticguitar,3,4
n02676566_6977,acousticguitar,3,3
n02676566_6979,acousticguitar,3,2
n02676566_6980,acousticguitar,3,4
n02676566_6981,acousticguitar,3,2
n02676566_6982,acousticguitar,3,3
n02676566_6984,acousticguitar,3,4
n02676566_6985,acousticguitar,3,1
n02676566_6990,acousticguitar,3,0
n02676566_6991,acousticguitar,3,0
n02676566_6994,acousticguitar,3,4
n02676566_6997,acousticguitar,3,2
n02676566_6998,acousticguitar,3,2
n02676566_7,acousticguitar,3,3
n02676566_700,acousticguitar,3,3
n02676566_7000,acousticguitar,3,4
n02676566_7002,acousticguitar,3,2
n02676566_7004,acousticguitar,3,2
n02676566_701,acousticguitar,3,3
n02676566_7010,acousticguitar,3,1
n02676566_7011,acousticguitar,3,2
n02676566_7012,acousticguitar,3,4
n02676566_7015,acousticguitar,3,3
n02676566_7018,acousticguitar,3,1
n02676566_7020,acousticguitar,3,0
n02676566_7023,acousticguitar,3,2
n02676566_7024,acousticguitar,3,2
n02676566_7026,acousticguitar,3,3
n02676566_7030,acousticguitar,3,2
n02676566_7032,acousticguitar,3,4
n02676566_7033,acousticguitar,3,2
n02676566_7036,acousticguitar,3,1
n02676566_704,acousticguitar,3,0
n02676566_7040,acousticguitar,3,2
n02676566_7041,acousticguitar,3,3
n02676566_7042,acousticguitar,3,3
n02676566_7045,acousticguitar,3,2
n02676566_7048,acousticguitar,3,4
n02676566_7049,acousticguitar,3,1
n02676566_7059,acousticguitar,3,1
n02676566_7063,acousticguitar,3,0
n02676566_7075,acousticguitar,3,4
n02676566_7076,acousticguitar,3,3
n02676566_7077,acousticguitar,3,3
n02676566_7083,acousticguitar,3,4
n02676566_7085,acousticguitar,3,2
n02676566_7087,acousticguitar,3,2
n02676566_7089,acousticguitar,3,1
n02676566_7090,acousticguitar,3,4
n02676566_7092,acousticguitar,3,1
n02676566_7094,acousticguitar,3,2
n02676566_7095,acousticguitar,3,0
n02676566_7099,acousticguitar,3,3
n02676566_71,acousticguitar,3,1
n02676566_710,acousticguitar,3,2
n02676566_7100,acousticguitar,3,1
n02676566_7102,acousticguitar,3,3
n02676566_7103,acousticguitar,3,4
n02676566_7108,acousticguitar,3,4
n02676566_7109,acousticguitar,3,3
n02676566_711,acousticguitar,3,4
n02676566_7110,acousticguitar,3,3
n02676566_7113,acousticguitar,3,0
n02676566_7115,acousticguitar,3,1
n02676566_7117,acousticguitar,3,3
n02676566_7118,acousticguitar,3,0
n02676566_7120,acousticguitar,3,1
n02676566_7123,acousticguitar,3,3
n02676566_7124,acousticguitar,3,0
n02676566_7129,acousticguitar,3,1
n02676566_7132,acousticguitar,3,3
n02676566_7133,acousticguitar,3,3
n02676566_7136,acousticguitar,3,4
n02676566_7152,acousticguitar,3,1
n02676566_7155,acousticguitar,3,0
n02676566_7170,acousticguitar,3,1
n02676566_7172,acousticguitar,3,1
n02676566_7176,acousticguitar,3,4
n02676566_7185,acousticguitar,3,4
n02676566_7200,acousticguitar,3,3
n02676566_7202,acousticguitar,3,2
n02676566_7207,acousticguitar,3,2
n02676566_7211,acousticguitar,3,1
n02676566_7219,acousticguitar,3,2
n02676566_722,acousticguitar,3,1
n02676566_7220,acousticguitar,3,4
n02676566_7226,acousticguitar,3,3
n02676566_7231,acousticguitar,3,2
n02676566_7234,acousticguitar,3,2
n02676566_7236,acousticguitar,3,0
n02676566_7244,acousticguitar,3,2
n02676566_7250,acousticguitar,3,4
n02676566_7282,acousticguitar,3,0
n02676566_729,acousticguitar,3,3
n02676566_7291,acousticguitar,3,1
n02676566_7296,acousticguitar,3,4
n02676566_730,acousticguitar,3,2
n02676566_7307,acousticguitar,3,1
n02676566_7309,acousticguitar,3,1
n02676566_731,acousticguitar,3,1
n02676566_7313,acousticguitar,3,3
n02676566_7316,acousticguitar,3,1
n02676566_7317,acousticguitar,3,3
n02676566_7319,acousticguitar,3,1
n02676566_732,acousticguitar,3,3
n02676566_7320,acousticguitar,3,2
n02676566_7326,acousticguitar,3,4
n02676566_733,acousticguitar,3,1
n02676566_7330,acousticguitar,3,1
n02676566_7331,acousticguitar,3,2
n02676566_7343,acousticguitar,3,0
n02676566_7349,acousticguitar,3,0
n02676566_7359,acousticguitar,3,1
n02676566_7362,acousticguitar,3,3
n02676566_7363,acousticguitar,3,4
n02676566_7383,acousticguitar,3,3
n02676566_7385,acousticguitar,3,2
n02676566_7389,acousticguitar,3,2
n02676566_739,acousticguitar,3,4
n02676566_7392,acousticguitar,3,2
n02676566_7396,acousticguitar,3,3
n02676566_7399,acousticguitar,3,1
n02676566_7408,acousticguitar,3,0
n02676566_741,acousticguitar,3,4
n02676566_7422,acousticguitar,3,0
n02676566_7435,acousticguitar,3,2
n02676566_744,acousticguitar,3,1
n02676566_7442,acousticguitar,3,4
n02676566_7443,acousticguitar,3,4
n02676566_7464,acousticguitar,3,1
n02676566_7470,acousticguitar,3,0
n02676566_7476,acousticguitar,3,0
n02676566_7477,acousticguitar,3,2
n02676566_7483,acousticguitar,3,3
n02676566_7487,acousticguitar,3,1
n02676566_7509,acousticguitar,3,1
n02676566_7510,acousticguitar,3,2
n02676566_7511,acousticguitar,3,4
n02676566_7516,acousticguitar,3,2
n02676566_752,acousticguitar,3,3
n02676566_7524,acousticguitar,3,2
n02676566_7536,acousticguitar,3,1
n02676566_7543,acousticguitar,3,0
n02676566_7551,acousticguitar,3,3
n02676566_7569,acousticguitar,3,2
n02676566_758,acousticguitar,3,3
n02676566_759,acousticguitar,3,1
n02676566_76,acousticguitar,3,3
n02676566_7602,acousticguitar,3,2
n02676566_7612,acousticguitar,3,0
n02676566_7613,acousticguitar,3,2
n02676566_762,acousticguitar,3,2
n02676566_7656,acousticguitar,3,1
n02676566_767,acousticguitar,3,1
n02676566_769,acousticguitar,3,3
n02676566_7690,acousticguitar,3,2
n02676566_77,acousticguitar,3,3
n02676566_771,acousticguitar,3,2
n02676566_7718,acousticguitar,3,1
n02676566_7721,acousticguitar,3,3
n02676566_7724,acousticguitar,3,3
n02676566_773,acousticguitar,3,0
n02676566_7759,acousticguitar,3,2
n02676566_7760,acousticguitar,3,2
n02676566_777,acousticguitar,3,1
n02676566_7770,acousticguitar,3,0
n02676566_7776,acousticguitar,3,4
n02676566_7788,acousticguitar,3,2
n02676566_7795,acousticguitar,3,4
n02676566_781,acousticguitar,3,2
n02676566_7815,acousticguitar,3,2
n02676566_782,acousticguitar,3,2
n02676566_7830,acousticguitar,3,0
n02676566_7836,acousticguitar,3,2
n02676566_7837,acousticguitar,3,0
n02676566_7844,acousticguitar,3,3
n02676566_7852,acousticguitar,3,1
n02676566_786,acousticguitar,3,3
n02676566_7860,acousticguitar,3,4
n02676566_787,acousticguitar,3,2
n02676566_7879,acousticguitar,3,2
n02676566_7885,acousticguitar,3,4
n02676566_7886,acousticguitar,3,1
n02676566_7891,acousticguitar,3,1
n02676566_7892,acousticguitar,3,3
n02676566_7893,acousticguitar,3,4
n02676566_7895,acousticguitar,3,1
n02676566_790,acousticguitar,3,3
n02676566_7914,acousticguitar,3,1
n02676566_7915,acousticguitar,3,2
n02676566_792,acousticguitar,3,3
n02676566_7927,acousticguitar,3,4
n02676566_7930,acousticguitar,3,1
n02676566_7954,acousticguitar,3,2
n02676566_7969,acousticguitar,3,2
n02676566_7972,acousticguitar,3,4
n02676566_7976,acousticguitar,3,0
n02676566_7985,acousticguitar,3,4
n02676566_7989,acousticguitar,3,3
n02676566_7997,acousticguitar,3,2
n02676566_8001,acousticguitar,3,1
n02676566_8017,acousticguitar,3,2
n02676566_802,acousticguitar,3,0
n02676566_8026,acousticguitar,3,4
n02676566_8038,acousticguitar,3,0
n02676566_8039,acousticguitar,3,0
n02676566_8040,acousticguitar,3,1
n02676566_8041,acousticguitar,3,4
n02676566_8042,acousticguitar,3,2
n02676566_8043,acousticguitar,3,1
n02676566_8044,acousticguitar,3,1
n02676566_8045,acousticguitar,3,3
n02676566_8047,acousticguitar,3,0
n02676566_8049,acousticguitar,3,1
n02676566_8050,acousticguitar,3,2
n02676566_8053,acousticguitar,3,1
n02676566_8055,acousticguitar,3,0
n02676566_8057,acousticguitar,3,4
n02676566_8058,acousticguitar,3,1
n02676566_8059,acousticguitar,3,2
n02676566_806,acousticguitar,3,4
n02676566_8061,acousticguitar,3,2
n02676566_8064,acousticguitar,3,1
n02676566_8065,acousticguitar,3,4
n02676566_8068,acousticguitar,3,1
n02676566_8069,acousticguitar,3,3
n02676566_8070,acousticguitar,3,4
n02676566_8072,acousticguitar,3,2
n02676566_8073,acousticguitar,3,4
n02676566_8074,acousticguitar,3,2
n02676566_8075,acousticguitar,3,1
n02676566_8076,acousticguitar,3,4
n02676566_8078,acousticguitar,3,0
n02676566_8079,acousticguitar,3,4
n02676566_8080,acousticguitar,3,3
n02676566_8081,acousticguitar,3,2
n02676566_8082,acousticguitar,3,2
n02676566_8083,acousticguitar,3,4
n02676566_8084,acousticguitar,3,0
n02676566_8086,acousticguitar,3,3
n02676566_8088,acousticguitar,3,3
n02676566_8096,acousticguitar,3,2
n02676566_8097,acousticguitar,3,2
n02676566_81,acousticguitar,3,4
n02676566_8100,acousticguitar,3,1
n02676566_8111,acousticguitar,3,0
n02676566_8117,acousticguitar,3,2
n02676566_8122,acousticguitar,3,4
n02676566_8123,acousticguitar,3,0
n02676566_8133,acousticguitar,3,4
n02676566_814,acousticguitar,3,3
n02676566_8140,acousticguitar,3,4
n02676566_8141,acousticguitar,3,0
n02676566_8143,acousticguitar,3,1
n02676566_8148,acousticguitar,3,1
n02676566_8152,acousticguitar,3,2
n02676566_8153,acousticguitar,3,3
n02676566_816,acousticguitar,3,4
n02676566_8162,acousticguitar,3,4
n02676566_817,acousticguitar,3,3
n02676566_8170,acousticguitar,3,2
n02676566_8174,acousticguitar,3,3
n02676566_8176,acousticguitar,3,0
n02676566_8186,acousticguitar,3,3
n02676566_8189,acousticguitar,3,1
n02676566_8192,acousticguitar,3,1
n02676566_8195,acousticguitar,3,2
n02676566_8197,acousticguitar,3,3
n02676566_8199,acousticguitar,3,4
n02676566_82,acousticguitar,3,4
n02676566_8203,acousticguitar,3,0
n02676566_8208,acousticguitar,3,2
n02676566_821,acousticguitar,3,2
n02676566_8211,acousticguitar,3,0
n02676566_8213,acousticguitar,3,2
n02676566_8214,acousticguitar,3,1
n02676566_8228,acousticguitar,3,0
n02676566_8229,acousticguitar,3,0
n02676566_8233,acousticguitar,3,0
n02676566_8240,acousticguitar,3,4
n02676566_825,acousticguitar,3,3
n02676566_8255,acousticguitar,3,2
n02676566_8264,acousticguitar,3,0
n02676566_8268,acousticguitar,3,4
n02676566_8270,acousticguitar,3,2
n02676566_8275,acousticguitar,3,0
n02676566_8278,acousticguitar,3,3
n02676566_8281,acousticguitar,3,2
n02676566_8282,acousticguitar,3,4
n02676566_8284,acousticguitar,3,1
n02676566_8298,acousticguitar,3,3
n02676566_8303,acousticguitar,3,4
n02676566_8305,acousticguitar,3,0
n02676566_8309,acousticguitar,3,2
n02676566_8310,acousticguitar,3,0
n02676566_8325,acousticguitar,3,2
n02676566_8328,acousticguitar,3,4
n02676566_8333,acousticguitar,3,0
n02676566_8335,acousticguitar,3,4
n02676566_834,acousticguitar,3,3
n02676566_8341,acousticguitar,3,4
n02676566_8347,acousticguitar,3,3
n02676566_8352,acousticguitar,3,2
n02676566_8354,acousticguitar,3,2
n02676566_8363,acousticguitar,3,4
n02676566_837,acousticguitar,3,0
n02676566_8370,acousticguitar,3,4
n02676566_8371,acousticguitar,3,2
n02676566_8376,acousticguitar,3,3
n02676566_8378,acousticguitar,3,4
n02676566_8384,acousticguitar,3,2
n02676566_8389,acousticguitar,3,2
n02676566_839,acousticguitar,3,1
n02676566_8391,acousticguitar,3,0
n02676566_84,acousticguitar,3,2
n02676566_8406,acousticguitar,3,3
n02676566_841,acousticguitar,3,3
n02676566_8412,acousticguitar,3,4
n02676566_8417,acousticguitar,3,2
n02676566_8423,acousticguitar,3,3
n02676566_8424,acousticguitar,3,2
n02676566_844,acousticguitar,3,2
n02676566_8444,acousticguitar,3,0
n02676566_8467,acousticguitar,3,4
n02676566_847,acousticguitar,3,3
n02676566_8473,acousticguitar,3,0
n02676566_8474,acousticguitar,3,0
n02676566_8477,acousticguitar,3,1
n02676566_848,acousticguitar,3,4
n02676566_8502,acousticguitar,3,3
n02676566_8506,acousticguitar,3,0
n02676566_851,acousticguitar,3,0
n02676566_8511,acousticguitar,3,4
n02676566_8525,acousticguitar,3,0
n02676566_8531,acousticguitar,3,4
n02676566_8533,acousticguitar,3,3
n02676566_8539,acousticguitar,3,4
n02676566_8542,acousticguitar,3,0
n02676566_8545,acousticguitar,3,3
n02676566_8549,acousticguitar,3,0
n02676566_8553,acousticguitar,3,4
n02676566_8559,acousticguitar,3,2
n02676566_857,acousticguitar,3,2
n02676566_8571,acousticguitar,3,0
n02676566_8588,acousticguitar,3,3
n02676566_8605,acousticguitar,3,0
n02676566_8609,acousticguitar,3,2
n02676566_8618,acousticguitar,3,3
n02676566_8622,acousticguitar,3,3
n02676566_8625,acousticguitar,3,1
n02676566_863,acousticguitar,3,4
n02676566_8631,acousticguitar,3,1
n02676566_8634,acousticguitar,3,0
n02676566_867,acousticguitar,3,1
n02676566_8671,acousticguitar,3,2
n02676566_8673,acousticguitar,3,4
n02676566_868,acousticguitar,3,1
n02676566_8684,acousticguitar,3,1
n02676566_8694,acousticguitar,3,0
n02676566_870,acousticguitar,3,3
n02676566_8701,acousticguitar,3,2
n02676566_8706,acousticguitar,3,0
n02676566_871,acousticguitar,3,0
n02676566_8716,acousticguitar,3,2
n02676566_8723,acousticguitar,3,0
n02676566_8725,acousticguitar,3,3
n02676566_8726,acousticguitar,3,1
n02676566_8735,acousticguitar,3,4
n02676566_8736,acousticguitar,3,1
n02676566_874,acousticguitar,3,3
n02676566_8740,acousticguitar,3,2
n02676566_8741,acousticguitar,3,4
n02676566_8745,acousticguitar,3,1
n02676566_8756,acousticguitar,3,3
n02676566_8758,acousticguitar,3,3
n02676566_8768,acousticguitar,3,0
n02676566_877,acousticguitar,3,1
n02676566_8773,acousticguitar,3,0
n02676566_8775,acousticguitar,3,3
n02676566_879,acousticguitar,3,4
n02676566_8799,acousticguitar,3,1
n02676566_8805,acousticguitar,3,2
n02676566_8808,acousticguitar,3,0
n02676566_8809,acousticguitar,3,4
n02676566_8810,acousticguitar,3,3
n02676566_8814,acousticguitar,3,0
n02676566_8817,acousticguitar,3,2
n02676566_8819,acousticguitar,3,1
n02676566_8820,acousticguitar,3,1
n02676566_8821,acousticguitar,3,2
n02676566_8822,acousticguitar,3,2
n02676566_8824,acousticguitar,3,1
n02676566_8828,acousticguitar,3,1
n02676566_8829,acousticguitar,3,3
n02676566_8831,acousticguitar,3,3
n02676566_8833,acousticguitar,3,3
n02676566_8836,acousticguitar,3,3
n02676566_8838,acousticguitar,3,4
n02676566_8839,acousticguitar,3,1
n02676566_884,acousticguitar,3,2
n02676566_8842,acousticguitar,3,4
n02676566_8843,acousticguitar,3,0
n02676566_8846,acousticguitar,3,1
n02676566_8847,acousticguitar,3,3
n02676566_8848,acousticguitar,3,0
n02676566_8849,acousticguitar,3,4
n02676566_885,acousticguitar,3,1
n02676566_8850,acousticguitar,3,1
n02676566_8851,acousticguitar,3,0
n02676566_8853,acousticguitar,3,2
n02676566_8854,acousticguitar,3,4
n02676566_8855,acousticguitar,3,0
n02676566_8856,acousticguitar,3,3
n02676566_8857,acousticguitar,3,2
n02676566_8859,acousticguitar,3,1
n02676566_8861,acousticguitar,3,2
n02676566_8862,acousticguitar,3,1
n02676566_8863,acousticguitar,3,4
n02676566_8864,acousticguitar,3,2
n02676566_8865,acousticguitar,3,2
n02676566_8866,acousticguitar,3,2
n02676566_8867,acousticguitar,3,1
n02676566_8868,acousticguitar,3,0
n02676566_8869,acousticguitar,3,3
n02676566_8871,acousticguitar,3,1
n02676566_8872,acousticguitar,3,1
n02676566_8873,acousticguitar,3,0
n02676566_8875,acousticguitar,3,4
n02676566_8876,acousticguitar,3,3
n02676566_8880,acousticguitar,3,0
n02676566_8881,acousticguitar,3,4
n02676566_8882,acousticguitar,3,4
n02676566_8883,acousticguitar,3,3
n02676566_8884,acousticguitar,3,4
n02676566_8886,acousticguitar,3,3
n02676566_8888,acousticguitar,3,1
n02676566_8889,acousticguitar,3,2
n02676566_889,acousticguitar,3,0
n02676566_8890,acousticguitar,3,2
n02676566_8892,acousticguitar,3,0
n02676566_8893,acousticguitar,3,4
n02676566_8895,acousticguitar,3,1
n02676566_8896,acousticguitar,3,3
n02676566_8897,acousticguitar,3,1
n02676566_8899,acousticguitar,3,1
n02676566_8900,acousticguitar,3,0
n02676566_8901,acousticguitar,3,3
n02676566_8902,acousticguitar,3,0
n02676566_8907,acousticguitar,3,3
n02676566_8908,acousticguitar,3,1
n02676566_8909,acousticguitar,3,4
n02676566_8910,acousticguitar,3,0
n02676566_8911,acousticguitar,3,4
n02676566_8914,acousticguitar,3,2
n02676566_8916,acousticguitar,3,1
n02676566_8917,acousticguitar,3,4
n02676566_8918,acousticguitar,3,4
n02676566_8919,acousticguitar,3,3
n02676566_8922,acousticguitar,3,2
n02676566_8923,acousticguitar,3,2
n02676566_8924,acousticguitar,3,3
n02676566_8925,acousticguitar,3,2
n02676566_8938,acousticguitar,3,4
n02676566_8943,acousticguitar,3,2
n02676566_8946,acousticguitar,3,2
n02676566_8948,acousticguitar,3,0
n02676566_895,acousticguitar,3,4
n02676566_8957,acousticguitar,3,1
n02676566_8968,acousticguitar,3,4
n02676566_8970,acousticguitar,3,4
n02676566_8971,acousticguitar,3,2
n02676566_8983,acousticguitar,3,2
n02676566_8989,acousticguitar,3,0
n02676566_8993,acousticguitar,3,4
n02676566_8994,acousticguitar,3,3
n02676566_8997,acousticguitar,3,2
n02676566_8999,acousticguitar,3,0
n02676566_9,acousticguitar,3,4
n02676566_900,acousticguitar,3,1
n02676566_9001,acousticguitar,3,0
n02676566_901,acousticguitar,3,2
n02676566_9016,acousticguitar,3,2
n02676566_9026,acousticguitar,3,4
n02676566_9027,acousticguitar,3,4
n02676566_9028,acousticguitar,3,3
n02676566_9032,acousticguitar,3,0
n02676566_904,acousticguitar,3,2
n02676566_9041,acousticguitar,3,3
n02676566_9044,acousticguitar,3,1
n02676566_905,acousticguitar,3,1
n02676566_9054,acousticguitar,3,0
n02676566_9055,acousticguitar,3,1
n02676566_906,acousticguitar,3,3
n02676566_9062,acousticguitar,3,2
n02676566_9066,acousticguitar,3,0
n02676566_9067,acousticguitar,3,3
n02676566_907,acousticguitar,3,1
n02676566_9070,acousticguitar,3,0
n02676566_9084,acousticguitar,3,4
n02676566_9085,acousticguitar,3,4
n02676566_9106,acousticguitar,3,3
n02676566_911,acousticguitar,3,2
n02676566_912,acousticguitar,3,0
n02676566_9126,acousticguitar,3,4
n02676566_915,acousticguitar,3,1
n02676566_9220,acousticguitar,3,1
n02676566_9224,acousticguitar,3,1
n02676566_9242,acousticguitar,3,3
n02676566_9254,acousticguitar,3,4
n02676566_9262,acousticguitar,3,4
n02676566_927,acousticguitar,3,0
n02676566_9277,acousticguitar,3,0
n02676566_9296,acousticguitar,3,0
n02676566_931,acousticguitar,3,1
n02676566_9311,acousticguitar,3,2
n02676566_9312,acousticguitar,3,3
n02676566_933,acousticguitar,3,1
n02676566_934,acousticguitar,3,1
n02676566_9345,acousticguitar,3,2
n02676566_935,acousticguitar,3,0
n02676566_936,acousticguitar,3,4
n02676566_9396,acousticguitar,3,4
n02676566_940,acousticguitar,3,3
n02676566_9403,acousticguitar,3,4
n02676566_9407,acousticguitar,3,4
n02676566_9413,acousticguitar,3,3
n02676566_9414,acousticguitar,3,0
n02676566_9422,acousticguitar,3,4
n02676566_9425,acousticguitar,3,0
n02676566_943,acousticguitar,3,0
n02676566_9431,acousticguitar,3,1
n02676566_9434,acousticguitar,3,2
n02676566_9438,acousticguitar,3,3
n02676566_9439,acousticguitar,3,3
n02676566_944,acousticguitar,3,1
n02676566_9440,acousticguitar,3,0
n02676566_9446,acousticguitar,3,2
n02676566_9451,acousticguitar,3,0
n02676566_9458,acousticguitar,3,4
n02676566_9459,acousticguitar,3,4
n02676566_946,acousticguitar,3,4
n02676566_9462,acousticguitar,3,1
n02676566_9463,acousticguitar,3,3
n02676566_9469,acousticguitar,3,3
n02676566_947,acousticguitar,3,3
n02676566_9471,acousticguitar,3,4
n02676566_9473,acousticguitar,3,0
n02676566_9475,acousticguitar,3,2
n02676566_9479,acousticguitar,3,3
n02676566_9480,acousticguitar,3,4
n02676566_9482,acousticguitar,3,0
n02676566_9483,acousticguitar,3,4
n02676566_9485,acousticguitar,3,2
n02676566_9490,acousticguitar,3,3
n02676566_9493,acousticguitar,3,4
n02676566_9494,acousticguitar,3,2
n02676566_9499,acousticguitar,3,4
n02676566_9501,acousticguitar,3,2
n02676566_9503,acousticguitar,3,2
n02676566_9510,acousticguitar,3,1
n02676566_9511,acousticguitar,3,2
n02676566_9513,acousticguitar,3,4
n02676566_9515,acousticguitar,3,4
n02676566_9519,acousticguitar,3,1
n02676566_9532,acousticguitar,3,0
n02676566_9538,acousticguitar,3,3
n02676566_9539,acousticguitar,3,0
n02676566_9540,acousticguitar,3,4
n02676566_9548,acousticguitar,3,3
n02676566_9549,acousticguitar,3,0
n02676566_9558,acousticguitar,3,1
n02676566_9561,acousticguitar,3,4
n02676566_9562,acousticguitar,3,0
n02676566_9566,acousticguitar,3,2
n02676566_9569,acousticguitar,3,1
n02676566_9570,acousticguitar,3,1
n02676566_9572,acousticguitar,3,0
n02676566_9573,acousticguitar,3,0
n02676566_9575,acousticguitar,3,1
n02676566_9577,acousticguitar,3,2
n02676566_9578,acousticguitar,3,0
n02676566_958,acousticguitar,3,2
n02676566_9580,acousticguitar,3,1
n02676566_9582,acousticguitar,3,4
n02676566_9589,acousticguitar,3,3
n02676566_9591,acousticguitar,3,0
n02676566_9593,acousticguitar,3,0
n02676566_9597,acousticguitar,3,4
n02676566_9598,acousticguitar,3,1
n02676566_9600,acousticguitar,3,1
n02676566_9606,acousticguitar,3,4
n02676566_9611,acousticguitar,3,1
n02676566_9637,acousticguitar,3,3
n02676566_9639,acousticguitar,3,2
n02676566_9643,acousticguitar,3,1
n02676566_9648,acousticguitar,3,1
n02676566_965,acousticguitar,3,3
n02676566_9654,acousticguitar,3,0
n02676566_9656,acousticguitar,3,4
n02676566_9657,acousticguitar,3,2
n02676566_966,acousticguitar,3,2
n02676566_9661,acousticguitar,3,4
n02676566_9667,acousticguitar,3,0
n02676566_9668,acousticguitar,3,1
n02676566_9670,acousticguitar,3,4
n02676566_9687,acousticguitar,3,0
n02676566_9688,acousticguitar,3,1
n02676566_9691,acousticguitar,3,3
n02676566_9697,acousticguitar,3,2
n02676566_970,acousticguitar,3,1
n02676566_9708,acousticguitar,3,3
n02676566_9709,acousticguitar,3,2
n02676566_9726,acousticguitar,3,2
n02676566_9729,acousticguitar,3,4
n02676566_9757,acousticguitar,3,2
n02676566_9761,acousticguitar,3,3
n02676566_9767,acousticguitar,3,3
n02676566_977,acousticguitar,3,4
n02676566_9771,acousticguitar,3,0
n02676566_9790,acousticguitar,3,3
n02676566_98,acousticguitar,3,0
n02676566_9802,acousticguitar,3,1
n02676566_9812,acousticguitar,3,4
n02676566_9814,acousticguitar,3,2
n02676566_9819,acousticguitar,3,0
n02676566_9827,acousticguitar,3,2
n02676566_9832,acousticguitar,3,1
n02676566_984,acousticguitar,3,0
n02676566_9846,acousticguitar,3,0
n02676566_9847,acousticguitar,3,1
n02676566_9857,acousticguitar,3,0
n02676566_9874,acousticguitar,3,0
n02676566_9878,acousticguitar,3,0
n02676566_9883,acousticguitar,3,2
n02676566_9889,acousticguitar,3,4
n02676566_9892,acousticguitar,3,0
n02676566_9898,acousticguitar,3,2
n02676566_99,acousticguitar,3,0
n02676566_990,acousticguitar,3,0
n02676566_9907,acousticguitar,3,1
n02676566_9913,acousticguitar,3,1
n02676566_992,acousticguitar,3,0
n02676566_9921,acousticguitar,3,0
n02676566_9926,acousticguitar,3,1
n02676566_9936,acousticguitar,3,3
n02676566_995,acousticguitar,3,4
n02676566_9954,acousticguitar,3,0
n02676566_9968,acousticguitar,3,1
n02676566_9972,acousticguitar,3,4
n02676566_9987,acousticguitar,3,2
n02676566_999,acousticguitar,3,4
n02676566_9992,acousticguitar,3,0
n04536866_1000,violin,3,0
n04536866_10016,violin,3,1
n04536866_10060,violin,3,2
n04536866_10072,violin,3,3
n04536866_10076,violin,3,1
n04536866_10085,violin,3,2
n04536866_10093,violin,3,3
n04536866_1010,violin,3,0
n04536866_10120,violin,3,4
n04536866_10128,violin,3,4
n04536866_10133,violin,3,4
n04536866_10148,violin,3,3
n04536866_10155,violin,3,3
n04536866_10171,violin,3,1
n04536866_10177,violin,3,1
n04536866_1018,violin,3,4
n04536866_10185,violin,3,0
n04536866_1019,violin,3,4
n04536866_10191,violin,3,0
n04536866_1020,violin,3,1
n04536866_10214,violin,3,0
n04536866_10215,violin,3,3
n04536866_10228,violin,3,2
n04536866_10237,violin,3,3
n04536866_10249,violin,3,4
n04536866_10263,violin,3,2
n04536866_10276,violin,3,1
n04536866_10286,violin,3,1
n04536866_10294,violin,3,4
n04536866_10302,violin,3,0
n04536866_10315,violin,3,1
n04536866_10317,violin,3,1
n04536866_10322,violin,3,1
n04536866_10354,violin,3,0
n04536866_10358,violin,3,3
n04536866_10367,violin,3,0
n04536866_10368,violin,3,2
n04536866_10370,violin,3,2
n04536866_10375,violin,3,0
n04536866_10392,violin,3,1
n04536866_10397,violin,3,0
n04536866_104,violin,3,0
n04536866_10402,violin,3,2
n04536866_10404,violin,3,4
n04536866_10408,violin,3,0
n04536866_10419,violin,3,3
n04536866_1042,violin,3,0
n04536866_10420,violin,3,1
n04536866_10428,violin,3,4
n04536866_10430,violin,3,3
n04536866_10433,violin,3,2
n04536866_10449,violin,3,2
n04536866_10458,violin,3,0
n04536866_10461,violin,3,0
n04536866_10466,violin,3,2
n04536866_10469,violin,3,1
n04536866_10471,violin,3,4
n04536866_10472,violin,3,0
n04536866_10474,violin,3,4
n04536866_10476,violin,3,4
n04536866_10481,violin,3,2
n04536866_10484,violin,3,0
n04536866_10488,violin,3,2
n04536866_1049,violin,3,4
n04536866_105,violin,3,1
n04536866_10505,violin,3,1
n04536866_10507,violin,3,1
n04536866_10522,violin,3,1
n04536866_10523,violin,3,1
n04536866_10536,violin,3,3
n04536866_1054,violin,3,3
n04536866_10563,violin,3,0
n04536866_10581,violin,3,0
n04536866_10597,violin,3,4
n04536866_10599,violin,3,3
n04536866_10602,violin,3,0
n04536866_10612,violin,3,2
n04536866_10636,violin,3,4
n04536866_10639,violin,3,1
n04536866_10642,violin,3,0
n04536866_10644,violin,3,2
n04536866_10649,violin,3,0
n04536866_10652,violin,3,0
n04536866_1066,violin,3,2
n04536866_10686,violin,3,3
n04536866_10694,violin,3,1
n04536866_10696,violin,3,4
n04536866_10704,violin,3,4
n04536866_10706,violin,3,4
n04536866_10717,violin,3,1
n04536866_10722,violin,3,1
n04536866_10730,violin,3,2
n04536866_10750,violin,3,2
n04536866_10761,violin,3,3
n04536866_10778,violin,3,2
n04536866_10782,violin,3,0
n04536866_10789,violin,3,3
n04536866_10804,violin,3,2
n04536866_10811,violin,3,1
n04536866_10812,violin,3,3
n04536866_10829,violin,3,1
n04536866_10838,violin,3,0
n04536866_10855,violin,3,4
n04536866_10858,violin,3,0
n04536866_10886,violin,3,3
n04536866_10916,violin,3,2
n04536866_1094,violin,3,2
n04536866_10940,violin,3,2
n04536866_10946,violin,3,1
n04536866_10950,violin,3,4
n04536866_10962,violin,3,4
n04536866_10976,violin,3,4
n04536866_10978,violin,3,0
n04536866_1099,violin,3,4
n04536866_1100,violin,3,2
n04536866_11012,violin,3,0
n04536866_11017,violin,3,0
n04536866_11019,violin,3,1
n04536866_11021,violin,3,0
n04536866_11023,violin,3,4
n04536866_11031,violin,3,1
n04536866_11044,violin,3,1
n04536866_11045,violin,3,1
n04536866_11046,violin,3,4
n04536866_11049,violin,3,0
n04536866_11056,violin,3,3
n04536866_11065,violin,3,0
n04536866_11082,violin,3,0
n04536866_11084,violin,3,1
n04536866_11105,violin,3,0
n04536866_11112,violin,3,0
n04536866_11132,violin,3,0
n04536866_1114,violin,3,1
n04536866_11141,violin,3,3
n04536866_11146,violin,3,0
n04536866_11149,violin,3,2
n04536866_11157,violin,3,1
n04536866_11177,violin,3,2
n04536866_11181,violin,3,1
n04536866_11206,violin,3,3
n04536866_11210,violin,3,4
n04536866_11225,violin,3,2
n04536866_11228,violin,3,0
n04536866_11258,violin,3,1
n04536866_11264,violin,3,0
n04536866_11292,violin,3,4
n04536866_11294,violin,3,3
n04536866_11333,violin,3,4
n04536866_1134,violin,3,2
n04536866_11345,violin,3,1
n04536866_11352,violin,3,3
n04536866_11365,violin,3,3
n04536866_11378,violin,3,1
n04536866_11413,violin,3,3
n04536866_1144,violin,3,4
n04536866_11457,violin,3,3
n04536866_11468,violin,3,0
n04536866_11475,violin,3,4
n04536866_11491,violin,3,3
n04536866_11493,violin,3,3
n04536866_11535,violin,3,1
n04536866_11537,violin,3,4
n04536866_11558,violin,3,4
n04536866_11561,violin,3,4
n04536866_1157,violin,3,0
n04536866_1163,violin,3,0
n04536866_11653,violin,3,3
n04536866_11660,violin,3,0
n04536866_11693,violin,3,2
n04536866_11703,violin,3,2
n04536866_11708,violin,3,4
n04536866_11724,violin,3,4
n04536866_11746,violin,3,4
n04536866_11748,violin,3,4
n04536866_11759,violin,3,3
n04536866_11768,violin,3,2
n04536866_11775,violin,3,3
n04536866_11797,violin,3,0
n04536866_11810,violin,3,4
n04536866_11857,violin,3,0
n04536866_11858,violin,3,1
n04536866_1187,violin,3,0
n04536866_11883,violin,3,2
n04536866_11884,violin,3,1
n04536866_11911,violin,3,1
n04536866_11912,violin,3,2
n04536866_11914,violin,3,3
n04536866_11988,violin,3,1
n04536866_11995,violin,3,1
n04536866_11999,violin,3,2
n04536866_12003,violin,3,2
n04536866_12030,violin,3,1
n04536866_12035,violin,3,1
n04536866_12036,violin,3,2
n04536866_12054,violin,3,2
n04536866_1206,violin,3,1
n04536866_12061,violin,3,1
n04536866_12068,violin,3,3
n04536866_12071,violin,3,1
n04536866_12075,violin,3,0
n04536866_12079,violin,3,2
n04536866_12087,violin,3,2
n04536866_12090,violin,3,1
n04536866_12093,violin,3,3
n04536866_12107,violin,3,4
n04536866_12114,violin,3,2
n04536866_12116,violin,3,4
n04536866_12128,violin,3,4
n04536866_12141,violin,3,1
n04536866_12149,violin,3,0
n04536866_12160,violin,3,1
n04536866_12177,violin,3,2
n04536866_12178,violin,3,1
n04536866_12186,violin,3,0
n04536866_1219,violin,3,0
n04536866_12198,violin,3,4
n04536866_12199,violin,3,2
n04536866_12204,violin,3,1
n04536866_12208,violin,3,2
n04536866_12210,violin,3,3
n04536866_12219,violin,3,0
n04536866_12225,violin,3,4
n04536866_12239,violin,3,4
n04536866_12240,violin,3,4
n04536866_12247,violin,3,1
n04536866_12259,violin,3,4
n04536866_12273,violin,3,0
n04536866_12293,violin,3,0
n04536866_12308,violin,3,0
n04536866_1231,violin,3,1
n04536866_12315,violin,3,0
n04536866_12317,violin,3,1
n04536866_12340,violin,3,3
n04536866_12352,violin,3,1
n04536866_12358,violin,3,1
n04536866_12362,violin,3,0
n04536866_12381,violin,3,1
n04536866_12383,violin,3,2
n04536866_12390,violin,3,4
n04536866_12401,violin,3,2
n04536866_12417,violin,3,2
n04536866_12418,violin,3,2
n04536866_12433,violin,3,0
n04536866_12436,violin,3,4
n04536866_12441,violin,3,1
n04536866_1246,violin,3,0
n04536866_12488,violin,3,1
n04536866_12499,violin,3,2
n04536866_12511,violin,3,0
n04536866_12527,violin,3,1
n04536866_12543,violin,3,0
n04536866_1255,violin,3,1
n04536866_12557,violin,3,2
n04536866_12566,violin,3,2
n04536866_12587,violin,3,2
n04536866_12594,violin,3,1
n04536866_12595,violin,3,1
n04536866_126,violin,3,2
n04536866_12600,violin,3,2
n04536866_12630,violin,3,3
n04536866_12637,violin,3,2
n04536866_12645,violin,3,3
n04536866_12666,violin,3,4
n04536866_12670,violin,3,3
n04536866_12673,violin,3,3
n04536866_12675,violin,3,0
n04536866_12687,violin,3,0
n04536866_12688,violin,3,2
n04536866_12689,violin,3,0
n04536866_12708,violin,3,4
n04536866_12714,violin,3,3
n04536866_12720,violin,3,0
n04536866_12744,violin,3,1
n04536866_12745,violin,3,3
n04536866_12761,violin,3,1
n04536866_12762,violin,3,3
n04536866_12765,violin,3,3
n04536866_1277,violin,3,3
n04536866_12775,violin,3,0
n04536866_12808,violin,3,0
n04536866_12828,violin,3,2
n04536866_12834,violin,3,0
n04536866_12836,violin,3,1
n04536866_1284,violin,3,3
n04536866_12855,violin,3,0
n04536866_12861,violin,3,1
n04536866_12862,violin,3,3
n04536866_12864,violin,3,3
n04536866_12873,violin,3,1
n04536866_12876,violin,3,0
n04536866_12896,violin,3,2
n04536866_12898,violin,3,1
n04536866_1290,violin,3,0
n04536866_12900,violin,3,0
n04536866_12902,violin,3,3
n04536866_12916,violin,3,1
n04536866_12957,violin,3,1
n04536866_12962,violin,3,1
n04536866_12973,violin,3,2
n04536866_12997,violin,3,2
n04536866_13031,violin,3,3
n04536866_1304,violin,3,1
n04536866_13057,violin,3,2
n04536866_1306,violin,3,4
n04536866_13085,violin,3,4
n04536866_13097,violin,3,4
n04536866_13098,violin,3,0
n04536866_1312,violin,3,1
n04536866_1314,violin,3,0
n04536866_13148,violin,3,1
n04536866_13149,violin,3,2
n04536866_1315,violin,3,3
n04536866_13157,violin,3,0
n04536866_13169,violin,3,2
n04536866_13213,violin,3,0
n04536866_13214,violin,3,0
n04536866_13219,violin,3,1
n04536866_13220,violin,3,4
n04536866_13225,violin,3,0
n04536866_13248,violin,3,4
n04536866_13256,violin,3,0
n04536866_13296,violin,3,3
n04536866_13304,violin,3,1
n04536866_13313,violin,3,4
n04536866_13314,violin,3,1
n04536866_13328,violin,3,2
n04536866_13336,violin,3,0
n04536866_13337,violin,3,4
n04536866_13342,violin,3,2
n04536866_13359,violin,3,4
n04536866_13409,violin,3,3
n04536866_13410,violin,3,2
n04536866_13421,violin,3,2
n04536866_13422,violin,3,0
n04536866_1343,violin,3,3
n04536866_13446,violin,3,2
n04536866_13456,violin,3,0
n04536866_13499,violin,3,4
n04536866_1357,violin,3,1
n04536866_1376,violin,3,1
n04536866_13804,violin,3,4
n04536866_1390,violin,3,0
n04536866_1394,violin,3,0
n04536866_13954,violin,3,0
n04536866_14004,violin,3,1
n04536866_1408,violin,3,4
n04536866_14094,violin,3,1
n04536866_14103,violin,3,0
n04536866_1412,violin,3,2
n04536866_14127,violin,3,3
n04536866_14129,violin,3,3
n04536866_14164,violin,3,3
n04536866_14197,violin,3,3
n04536866_14204,violin,3,2
n04536866_14225,violin,3,1
n04536866_14263,violin,3,0
n04536866_14271,violin,3,3
n04536866_1428,violin,3,2
n04536866_14288,violin,3,1
n04536866_14291,violin,3,1
n04536866_14297,violin,3,0
n04536866_14299,violin,3,4
n04536866_14305,violin,3,0
n04536866_14335,violin,3,3
n04536866_14349,violin,3,2
n04536866_14356,violin,3,4
n04536866_1439,violin,3,2
n04536866_14392,violin,3,0
n04536866_1440,violin,3,0
n04536866_1441,violin,3,2
n04536866_14418,violin,3,2
n04536866_14428,violin,3,4
n04536866_14473,violin,3,2
n04536866_14476,violin,3,0
n04536866_14547,violin,3,2
n04536866_1460,violin,3,4
n04536866_1466,violin,3,1
n04536866_1467,violin,3,1
n04536866_1472,violin,3,0
n04536866_1484,violin,3,0
n04536866_149,violin,3,4
n04536866_15017,violin,3,1
n04536866_1503,violin,3,4
n04536866_1504,violin,3,3
n04536866_15056,violin,3,3
n04536866_1507,violin,3,4
n04536866_1512,violin,3,1
n04536866_15160,violin,3,3
n04536866_1519,violin,3,3
n04536866_1521,violin,3,3
n04536866_15368,violin,3,3
n04536866_1540,violin,3,2
n04536866_15430,violin,3,2
n04536866_1545,violin,3,1
n04536866_1569,violin,3,4
n04536866_1590,violin,3,4
n04536866_1598,violin,3,3
n04536866_15996,violin,3,3
n04536866_16,violin,3,1
n04536866_1600,violin,3,3
n04536866_1605,violin,3,1
n04536866_16050,violin,3,0
n04536866_16087,violin,3,0
n04536866_16162,violin,3,3
n04536866_16206,violin,3,2
n04536866_1622,violin,3,2
n04536866_1623,violin,3,1
n04536866_16230,violin,3,3
n04536866_16232,violin,3,0
n04536866_16239,violin,3,1
n04536866_1629,violin,3,2
n04536866_16320,violin,3,3
n04536866_16346,violin,3,1
n04536866_1641,violin,3,4
n04536866_16483,violin,3,1
n04536866_1649,violin,3,2
n04536866_16561,violin,3,4
n04536866_16582,violin,3,4
n04536866_1668,violin,3,4
n04536866_16802,violin,3,2
n04536866_1681,violin,3,3
n04536866_1686,violin,3,4
n04536866_16909,violin,3,2
n04536866_16996,violin,3,0
n04536866_1704,violin,3,2
n04536866_1705,violin,3,3
n04536866_17053,violin,3,2
n04536866_1709,violin,3,1
n04536866_1726,violin,3,4
n04536866_17292,violin,3,0
n04536866_17308,violin,3,2
n04536866_17328,violin,3,3
n04536866_17332,violin,3,2
n04536866_17402,violin,3,4
n04536866_17409,violin,3,2
n04536866_1743,violin,3,4
n04536866_17454,violin,3,3
n04536866_1750,violin,3,2
n04536866_1759,violin,3,3
n04536866_17615,violin,3,1
n04536866_17616,violin,3,1
n04536866_17648,violin,3,0
n04536866_1765,violin,3,2
n04536866_17671,violin,3,0
n04536866_17713,violin,3,0
n04536866_1772,violin,3,3
n04536866_17733,violin,3,4
n04536866_17742,violin,3,2
n04536866_1775,violin,3,4
n04536866_17788,violin,3,3
n04536866_17814,violin,3,3
n04536866_17828,violin,3,1
n04536866_18015,violin,3,0
n04536866_18020,violin,3,4
n04536866_1814,violin,3,0
n04536866_1816,violin,3,3
n04536866_182,violin,3,0
n04536866_1822,violin,3,0
n04536866_18259,violin,3,4
n04536866_18291,violin,3,3
n04536866_18323,violin,3,2
n04536866_18345,violin,3,3
n04536866_18352,violin,3,3
n04536866_1836,violin,3,2
n04536866_18374,violin,3,4
n04536866_1842,violin,3,2
n04536866_18425,violin,3,4
n04536866_18456,violin,3,2
n04536866_18460,violin,3,1
n04536866_18463,violin,3,4
n04536866_1847,violin,3,3
n04536866_1851,violin,3,3
n04536866_1853,violin,3,0
n04536866_1857,violin,3,0
n04536866_18581,violin,3,3
n04536866_18584,violin,3,3
n04536866_18618,violin,3,0
n04536866_1866,violin,3,1
n04536866_1870,violin,3,3
n04536866_18768,violin,3,2
n04536866_1886,violin,3,1
n04536866_18888,violin,3,4
n04536866_1893,violin,3,4
n04536866_18940,violin,3,1
n04536866_18962,violin,3,2
n04536866_18976,violin,3,2
n04536866_19053,violin,3,4
n04536866_1911,violin,3,1
n04536866_19112,violin,3,0
n04536866_19129,violin,3,0
n04536866_19131,violin,3,3
n04536866_19139,violin,3,1
n04536866_19183,violin,3,0
n04536866_19185,violin,3,1
n04536866_19253,violin,3,4
n04536866_1926,violin,3,0
n04536866_19280,violin,3,0
n04536866_19309,violin,3,2
n04536866_19317,violin,3,0
n04536866_1939,violin,3,0
n04536866_19391,violin,3,2
n04536866_19476,violin,3,0
n04536866_1949,violin,3,4
n04536866_1955,violin,3,2
n04536866_19741,violin,3,4
n04536866_1975,violin,3,4
n04536866_19810,violin,3,4
n04536866_19836,violin,3,2
n04536866_19860,violin,3,2
n04536866_19901,violin,3,1
n04536866_1991,violin,3,3
n04536866_19974,violin,3,0
n04536866_20037,violin,3,1
n04536866_2005,violin,3,4
n04536866_20051,violin,3,0
n04536866_20079,violin,3,2
n04536866_20085,violin,3,1
n04536866_2013,violin,3,0
n04536866_2017,violin,3,2
n04536866_20352,violin,3,3
n04536866_20354,violin,3,0
n04536866_20374,violin,3,0
n04536866_2054,violin,3,1
n04536866_20606,violin,3,0
n04536866_20699,violin,3,3
n04536866_20709,violin,3,0
n04536866_2072,violin,3,3
n04536866_2079,violin,3,3
n04536866_208,violin,3,3
n04536866_20830,violin,3,3
n04536866_209,violin,3,4
n04536866_2091,violin,3,2
n04536866_2099,violin,3,0
n04536866_21141,violin,3,4
n04536866_2118,violin,3,0
n04536866_21211,violin,3,2
n04536866_2123,violin,3,3
n04536866_2124,violin,3,0
n04536866_2129,violin,3,3
n04536866_2141,violin,3,4
n04536866_21423,violin,3,0
n04536866_2147,violin,3,2
n04536866_21658,violin,3,4
n04536866_2170,violin,3,0
n04536866_2174,violin,3,1
n04536866_2176,violin,3,3
n04536866_2177,violin,3,3
n04536866_2183,violin,3,3
n04536866_2192,violin,3,0
n04536866_2202,violin,3,0
n04536866_22371,violin,3,4
n04536866_22391,violin,3,2
n04536866_2242,violin,3,3
n04536866_2248,violin,3,2
n04536866_2249,violin,3,2
n04536866_225,violin,3,0
n04536866_2258,violin,3,1
n04536866_2273,violin,3,1
n04536866_22955,violin,3,3
n04536866_23168,violin,3,0
n04536866_2320,violin,3,2
n04536866_2328,violin,3,4
n04536866_2330,violin,3,1
n04536866_2341,violin,3,3
n04536866_23691,violin,3,2
n04536866_238,violin,3,4
n04536866_2391,violin,3,3
n04536866_24020,violin,3,0
n04536866_2403,violin,3,0
n04536866_2421,violin,3,0
n04536866_2438,violin,3,2
n04536866_24470,violin,3,0
n04536866_2449,violin,3,1
n04536866_2466,violin,3,0
n04536866_2467,violin,3,1
n04536866_2482,violin,3,2
n04536866_2495,violin,3,4
n04536866_2515,violin,3,1
n04536866_2520,violin,3,3
n04536866_25344,violin,3,4
n04536866_2539,violin,3,3
n04536866_2545,violin,3,3
n04536866_25460,violin,3,1
n04536866_2563,violin,3,1
n04536866_25643,violin,3,2
n04536866_2571,violin,3,3
n04536866_25739,violin,3,4
n04536866_25778,violin,3,3
n04536866_25794,violin,3,1
n04536866_2599,violin,3,3
n04536866_26005,violin,3,4
n04536866_2603,violin,3,1
n04536866_26048,violin,3,4
n04536866_26106,violin,3,3
n04536866_2616,violin,3,0
n04536866_26165,violin,3,4
n04536866_2636,violin,3,0
n04536866_2645,violin,3,3
n04536866_26504,violin,3,1
n04536866_2661,violin,3,4
n04536866_2686,violin,3,1
n04536866_2687,violin,3,4
n04536866_271,violin,3,1
n04536866_2710,violin,3,3
n04536866_2718,violin,3,4
n04536866_27214,violin,3,1
n04536866_2740,violin,3,4
n04536866_2744,violin,3,1
n04536866_27501,violin,3,0
n04536866_2751,violin,3,3
n04536866_2752,violin,3,4
n04536866_2755,violin,3,2
n04536866_2764,violin,3,4
n04536866_2768,violin,3,0
n04536866_277,violin,3,4
n04536866_27717,violin,3,3
n04536866_2775,violin,3,1
n04536866_281,violin,3,4
n04536866_28111,violin,3,1
n04536866_2828,violin,3,3
n04536866_2842,violin,3,0
n04536866_2843,violin,3,1
n04536866_2848,violin,3,4
n04536866_2852,violin,3,0
n04536866_28540,violin,3,4
n04536866_2861,violin,3,2
n04536866_2874,violin,3,3
n04536866_28795,violin,3,4
n04536866_2887,violin,3,1
n04536866_2891,violin,3,2
n04536866_2904,violin,3,0
n04536866_2917,violin,3,4
n04536866_2926,violin,3,2
n04536866_2931,violin,3,4
n04536866_29376,violin,3,4
n04536866_29730,violin,3,3
n04536866_29797,violin,3,4
n04536866_2988,violin,3,3
n04536866_3006,violin,3,4
n04536866_3016,violin,3,1
n04536866_3021,violin,3,0
n04536866_3026,violin,3,1
n04536866_3030,violin,3,2
n04536866_30346,violin,3,2
n04536866_3050,violin,3,3
n04536866_3055,violin,3,3
n04536866_3059,violin,3,1
n04536866_3063,violin,3,2
n04536866_3065,violin,3,3
n04536866_30707,violin,3,1
n04536866_3071,violin,3,1
n04536866_3077,violin,3,4
n04536866_3089,violin,3,2
n04536866_3090,violin,3,0
n04536866_3094,violin,3,0
n04536866_3098,violin,3,0
n04536866_311,violin,3,1
n04536866_31217,violin,3,2
n04536866_3126,violin,3,3
n04536866_313,violin,3,3
n04536866_31488,violin,3,2
n04536866_3152,violin,3,3
n04536866_3156,violin,3,0
n04536866_3157,violin,3,0
n04536866_316,violin,3,1
n04536866_31640,violin,3,3
n04536866_31645,violin,3,0
n04536866_3168,violin,3,0
n04536866_3178,violin,3,0
n04536866_3190,violin,3,1
n04536866_3200,violin,3,3
n04536866_3204,violin,3,3
n04536866_3206,violin,3,4
n04536866_3211,violin,3,1
n04536866_3218,violin,3,4
n04536866_3219,violin,3,1
n04536866_3221,violin,3,0
n04536866_32305,violin,3,1
n04536866_32359,violin,3,1
n04536866_3241,violin,3,3
n04536866_32410,violin,3,4
n04536866_3246,violin,3,3
n04536866_32492,violin,3,2
n04536866_3254,violin,3,4
n04536866_32541,violin,3,1
n04536866_3257,violin,3,1
n04536866_3267,violin,3,2
n04536866_3276,violin,3,3
n04536866_3282,violin,3,3
n04536866_3284,violin,3,4
n04536866_3287,violin,3,4
n04536866_3307,violin,3,1
n04536866_331,violin,3,1
n04536866_33196,violin,3,1
n04536866_3327,violin,3,2
n04536866_33270,violin,3,1
n04536866_3338,violin,3,4
n04536866_3350,violin,3,4
n04536866_33538,violin,3,4
n04536866_3355,violin,3,0
n04536866_33592,violin,3,2
n04536866_336,violin,3,2
n04536866_3370,violin,3,1
n04536866_3380,violin,3,2
n04536866_3383,violin,3,4
n04536866_3384,violin,3,0
n04536866_33858,violin,3,4
n04536866_3388,violin,3,4
n04536866_3394,violin,3,3
n04536866_33950,violin,3,4
n04536866_3402,violin,3,4
n04536866_3405,violin,3,0
n04536866_3406,violin,3,4
n04536866_34215,violin,3,4
n04536866_3425,violin,3,0
n04536866_3429,violin,3,1
n04536866_3430,violin,3,2
n04536866_3438,violin,3,0
n04536866_34381,violin,3,1
n04536866_3439,violin,3,0
n04536866_34454,violin,3,3
n04536866_34509,violin,3,0
n04536866_3452,violin,3,3
n04536866_3455,violin,3,1
n04536866_34626,violin,3,1
n04536866_3465,violin,3,2
n04536866_34664,violin,3,4
n04536866_3467,violin,3,0
n04536866_34725,violin,3,4
n04536866_3475,violin,3,2
n04536866_3479,violin,3,3
n04536866_3484,violin,3,1
n04536866_3491,violin,3,1
n04536866_34926,violin,3,0
n04536866_34969,violin,3,4
n04536866_3499,violin,3,0
n04536866_35,violin,3,1
n04536866_35008,violin,3,2
n04536866_3504,violin,3,3
n04536866_352,violin,3,1
n04536866_3521,violin,3,4
n04536866_35340,violin,3,4
n04536866_35348,violin,3,1
n04536866_35365,violin,3,3
n04536866_3539,violin,3,4
n04536866_35457,violin,3,0
n04536866_3557,violin,3,0
n04536866_3568,violin,3,4
n04536866_3574,violin,3,3
n04536866_3589,violin,3,3
n04536866_3592,violin,3,1
n04536866_3606,violin,3,0
n04536866_3607,violin,3,0
n04536866_3613,violin,3,4
n04536866_3619,violin,3,3
n04536866_3622,violin,3,0
n04536866_3629,violin,3,4
n04536866_36435,violin,3,4
n04536866_3644,violin,3,0
n04536866_36440,violin,3,4
n04536866_3645,violin,3,4
n04536866_3646,violin,3,0
n04536866_36569,violin,3,3
n04536866_3661,violin,3,4
n04536866_3662,violin,3,2
n04536866_3667,violin,3,2
n04536866_3674,violin,3,1
n04536866_368,violin,3,0
n04536866_36855,violin,3,4
n04536866_36940,violin,3,4
n04536866_3696,violin,3,3
n04536866_3699,violin,3,1
n04536866_3702,violin,3,0
n04536866_3703,violin,3,3
n04536866_37058,violin,3,3
n04536866_3708,violin,3,3
n04536866_3711,violin,3,4
n04536866_37157,violin,3,1
n04536866_3717,violin,3,2
n04536866_37248,violin,3,3
n04536866_3739,violin,3,1
n04536866_3749,violin,3,0
n04536866_3754,violin,3,1
n04536866_3755,violin,3,0
n04536866_37595,violin,3,4
n04536866_3767,violin,3,0
n04536866_3770,violin,3,3
n04536866_3790,violin,3,0
n04536866_3795,violin,3,1
n04536866_3803,violin,3,0
n04536866_38045,violin,3,0
n04536866_3805,violin,3,2
n04536866_3811,violin,3,0
n04536866_3814,violin,3,2
n04536866_3822,violin,3,3
n04536866_3824,violin,3,1
n04536866_3829,violin,3,3
n04536866_3835,violin,3,2
n04536866_3844,violin,3,0
n04536866_387,violin,3,1
n04536866_3878,violin,3,0
n04536866_3880,violin,3,1
n04536866_38905,violin,3,1
n04536866_3892,violin,3,0
n04536866_3918,violin,3,2
n04536866_392,violin,3,2
n04536866_3923,violin,3,1
n04536866_3931,violin,3,3
n04536866_39496,violin,3,4
n04536866_400,violin,3,2
n04536866_4017,violin,3,3
n04536866_40219,violin,3,3
n04536866_40291,violin,3,2
n04536866_4045,violin,3,2
n04536866_4058,violin,3,4
n04536866_40591,violin,3,0
n04536866_4071,violin,3,1
n04536866_4082,violin,3,4
n04536866_4084,violin,3,1
n04536866_40899,violin,3,2
n04536866_4093,violin,3,4
n04536866_40988,violin,3,0
n04536866_41133,violin,3,0
n04536866_41386,violin,3,1
n04536866_41398,violin,3,3
n04536866_414,violin,3,2
n04536866_41543,violin,3,3
n04536866_4164,violin,3,2
n04536866_41907,violin,3,4
n04536866_41998,violin,3,1
n04536866_42150,violin,3,0
n04536866_42195,violin,3,4
n04536866_42205,violin,3,1
n04536866_4225,violin,3,3
n04536866_42337,violin,3,2
n04536866_42361,violin,3,0
n04536866_4243,violin,3,4
n04536866_4268,violin,3,2
n04536866_42721,violin,3,3
n04536866_42735,violin,3,3
n04536866_4296,violin,3,3
n04536866_4308,violin,3,4
n04536866_43121,violin,3,3
n04536866_43155,violin,3,3
n04536866_43225,violin,3,2
n04536866_43345,violin,3,4
n04536866_4335,violin,3,2
n04536866_435,violin,3,0
n04536866_4352,violin,3,2
n04536866_4355,violin,3,1
n04536866_4364,violin,3,3
n04536866_4375,violin,3,3
n04536866_4376,violin,3,2
n04536866_4380,violin,3,1
n04536866_4384,violin,3,4
n04536866_4395,violin,3,4
n04536866_4409,violin,3,1
n04536866_443,violin,3,1
n04536866_444,violin,3,2
n04536866_4462,violin,3,3
n04536866_4465,violin,3,0
n04536866_4470,violin,3,0
n04536866_4487,violin,3,2
n04536866_4495,violin,3,2
n04536866_4502,violin,3,2
n04536866_4514,violin,3,3
n04536866_4523,violin,3,3
n04536866_4525,violin,3,1
n04536866_4540,violin,3,4
n04536866_4543,violin,3,3
n04536866_4547,violin,3,1
n04536866_4549,violin,3,2
n04536866_4555,violin,3,2
n04536866_4557,violin,3,3
n04536866_4577,violin,3,3
n04536866_458,violin,3,3
n04536866_4590,violin,3,3
n04536866_4606,violin,3,1
n04536866_4608,violin,3,0
n04536866_461,violin,3,0
n04536866_4611,violin,3,4
n04536866_4617,violin,3,0
n04536866_4655,violin,3,0
n04536866_4672,violin,3,2
n04536866_4693,violin,3,0
n04536866_470,violin,3,3
n04536866_4728,violin,3,1
n04536866_473,violin,3,3
n04536866_4731,violin,3,4
n04536866_4734,violin,3,4
n04536866_475,violin,3,1
n04536866_4766,violin,3,2
n04536866_4800,violin,3,1
n04536866_4804,violin,3,3
n04536866_482,violin,3,3
n04536866_4831,violin,3,0
n04536866_4834,violin,3,2
n04536866_4874,violin,3,1
n04536866_4880,violin,3,2
n04536866_4937,violin,3,0
n04536866_4947,violin,3,3
n04536866_4953,violin,3,2
n04536866_4955,violin,3,1
n04536866_4968,violin,3,1
n04536866_4998,violin,3,3
n04536866_5057,violin,3,2
n04536866_5066,violin,3,0
n04536866_5071,violin,3,3
n04536866_5098,violin,3,2
n04536866_5116,violin,3,2
n04536866_5129,violin,3,1
n04536866_5177,violin,3,2
n04536866_5194,violin,3,0
n04536866_5216,violin,3,3
n04536866_5237,violin,3,0
n04536866_5241,violin,3,4
n04536866_526,violin,3,3
n04536866_530,violin,3,2
n04536866_5312,violin,3,2
n04536866_5316,violin,3,3
n04536866_5325,violin,3,4
n04536866_5327,violin,3,3
n04536866_5337,violin,3,2
n04536866_5349,violin,3,1
n04536866_535,violin,3,0
n04536866_5372,violin,3,4
n04536866_5387,violin,3,0
n04536866_5392,violin,3,1
n04536866_5394,violin,3,1
n04536866_5412,violin,3,3
n04536866_5435,violin,3,4
n04536866_5444,violin,3,3
n04536866_5489,violin,3,3
n04536866_5503,violin,3,1
n04536866_5517,violin,3,1
n04536866_5523,violin,3,1
n04536866_5524,violin,3,4
n04536866_5527,violin,3,3
n04536866_5541,violin,3,0
n04536866_5546,violin,3,1
n04536866_5560,violin,3,4
n04536866_557,violin,3,2
n04536866_5585,violin,3,0
n04536866_5600,violin,3,1
n04536866_5607,violin,3,0
n04536866_5608,violin,3,2
n04536866_5609,violin,3,4
n04536866_5622,violin,3,1
n04536866_5633,violin,3,1
n04536866_5634,violin,3,2
n04536866_5665,violin,3,0
n04536866_5676,violin,3,1
n04536866_5682,violin,3,3
n04536866_5683,violin,3,4
n04536866_5701,violin,3,1
n04536866_5705,violin,3,4
n04536866_5726,violin,3,1
n04536866_5734,violin,3,3
n04536866_5765,violin,3,4
n04536866_5787,violin,3,3
n04536866_5792,violin,3,1
n04536866_581,violin,3,4
n04536866_5812,violin,3,4
n04536866_5839,violin,3,2
n04536866_5845,violin,3,0
n04536866_5847,violin,3,3
n04536866_5854,violin,3,4
n04536866_5876,violin,3,3
n04536866_588,violin,3,4
n04536866_5893,violin,3,2
n04536866_5898,violin,3,2
n04536866_5925,violin,3,3
n04536866_5936,violin,3,0
n04536866_5948,violin,3,1
n04536866_5969,violin,3,0
n04536866_6009,violin,3,3
n04536866_6015,violin,3,0
n04536866_6034,violin,3,3
n04536866_607,violin,3,0
n04536866_6071,violin,3,1
n04536866_6086,violin,3,4
n04536866_6102,violin,3,1
n04536866_6103,violin,3,2
n04536866_6108,violin,3,3
n04536866_6114,violin,3,4
n04536866_6146,violin,3,2
n04536866_6209,violin,3,4
n04536866_6241,violin,3,2
n04536866_6275,violin,3,3
n04536866_6276,violin,3,4
n04536866_6286,violin,3,4
n04536866_6295,violin,3,3
n04536866_6300,violin,3,3
n04536866_6304,violin,3,4
n04536866_6338,violin,3,2
n04536866_6383,violin,3,2
n04536866_6391,violin,3,2
n04536866_6396,violin,3,4
n04536866_6403,violin,3,3
n04536866_6414,violin,3,3
n04536866_6419,violin,3,0
n04536866_6421,violin,3,1
n04536866_6423,violin,3,1
n04536866_6442,violin,3,1
n04536866_6444,violin,3,1
n04536866_6463,violin,3,0
n04536866_6505,violin,3,1
n04536866_6515,violin,3,3
n04536866_6518,violin,3,3
n04536866_6552,violin,3,2
n04536866_6561,violin,3,3
n04536866_6569,violin,3,4
n04536866_6586,violin,3,0
n04536866_6603,violin,3,1
n04536866_6609,violin,3,4
n04536866_662,violin,3,0
n04536866_663,violin,3,4
n04536866_6645,violin,3,0
n04536866_6664,violin,3,1
n04536866_670,violin,3,4
n04536866_6724,violin,3,3
n04536866_6733,violin,3,2
n04536866_6748,violin,3,2
n04536866_6760,violin,3,4
n04536866_6836,violin,3,0
n04536866_6837,violin,3,4
n04536866_6838,violin,3,3
n04536866_6875,violin,3,1
n04536866_6883,violin,3,0
n04536866_690,violin,3,3
n04536866_6901,violin,3,3
n04536866_6926,violin,3,2
n04536866_6933,violin,3,4
n04536866_6937,violin,3,1
n04536866_6953,violin,3,2
n04536866_6978,violin,3,2
n04536866_698,violin,3,2
n04536866_6994,violin,3,1
n04536866_7008,violin,3,3
n04536866_7029,violin,3,0
n04536866_703,violin,3,3
n04536866_7059,violin,3,0
n04536866_706,violin,3,3
n04536866_7061,violin,3,2
n04536866_7070,violin,3,1
n04536866_710,violin,3,3
n04536866_7128,violin,3,1
n04536866_7131,violin,3,1
n04536866_7132,violin,3,1
n04536866_7141,violin,3,1
n04536866_7142,violin,3,0
n04536866_7145,violin,3,3
n04536866_7151,violin,3,4
n04536866_7158,violin,3,2
n04536866_7192,violin,3,0
n04536866_7230,violin,3,2
n04536866_7262,violin,3,3
n04536866_7290,violin,3,1
n04536866_7303,violin,3,3
n04536866_7307,violin,3,4
n04536866_7320,violin,3,0
n04536866_7339,violin,3,3
n04536866_7367,violin,3,2
n04536866_7368,violin,3,3
n04536866_7388,violin,3,4
n04536866_7409,violin,3,4
n04536866_7444,violin,3,1
n04536866_7455,violin,3,1
n04536866_7461,violin,3,3
n04536866_7465,violin,3,2
n04536866_7470,violin,3,1
n04536866_7506,violin,3,1
n04536866_751,violin,3,4
n04536866_7529,violin,3,1
n04536866_7536,violin,3,0
n04536866_7578,violin,3,2
n04536866_758,violin,3,3
n04536866_7581,violin,3,2
n04536866_7584,violin,3,4
n04536866_7585,violin,3,0
n04536866_7610,violin,3,3
n04536866_7620,violin,3,2
n04536866_7637,violin,3,0
n04536866_7644,violin,3,2
n04536866_7651,violin,3,4
n04536866_7660,violin,3,4
n04536866_7698,violin,3,2
n04536866_7704,violin,3,2
n04536866_7727,violin,3,3
n04536866_7728,violin,3,3
n04536866_7730,violin,3,4
n04536866_776,violin,3,3
n04536866_778,violin,3,3
n04536866_7781,violin,3,4
n04536866_7796,violin,3,1
n04536866_780,violin,3,0
n04536866_7817,violin,3,1
n04536866_7822,violin,3,1
n04536866_7827,violin,3,0
n04536866_7834,violin,3,4
n04536866_7845,violin,3,4
n04536866_7852,violin,3,0
n04536866_7856,violin,3,0
n04536866_7859,violin,3,2
n04536866_7860,violin,3,3
n04536866_7865,violin,3,2
n04536866_7899,violin,3,4
n04536866_7906,violin,3,1
n04536866_7909,violin,3,1
n04536866_7913,violin,3,2
n04536866_7914,violin,3,0
n04536866_7930,violin,3,3
n04536866_7934,violin,3,2
n04536866_7983,violin,3,0
n04536866_7991,violin,3,4
n04536866_8006,violin,3,1
n04536866_8010,violin,3,2
n04536866_8040,violin,3,2
n04536866_8044,violin,3,2
n04536866_805,violin,3,4
n04536866_8050,violin,3,2
n04536866_8057,violin,3,3
n04536866_8058,violin,3,3
n04536866_8074,violin,3,4
n04536866_8092,violin,3,4
n04536866_8095,violin,3,2
n04536866_8117,violin,3,3
n04536866_8137,violin,3,2
n04536866_8138,violin,3,1
n04536866_8152,violin,3,2
n04536866_8154,violin,3,1
n04536866_8163,violin,3,2
n04536866_8166,violin,3,3
n04536866_8193,violin,3,4
n04536866_8198,violin,3,2
n04536866_8201,violin,3,2
n04536866_8204,violin,3,3
n04536866_8242,violin,3,1
n04536866_8250,violin,3,2
n04536866_8269,violin,3,2
n04536866_827,violin,3,3
n04536866_8307,violin,3,1
n04536866_8313,violin,3,3
n04536866_8348,violin,3,4
n04536866_8363,violin,3,0
n04536866_8394,violin,3,3
n04536866_8410,violin,3,4
n04536866_8420,violin,3,3
n04536866_8432,violin,3,2
n04536866_8441,violin,3,2
n04536866_8454,violin,3,4
n04536866_8455,violin,3,3
n04536866_8456,violin,3,2
n04536866_8473,violin,3,1
n04536866_8474,violin,3,2
n04536866_8482,violin,3,4
n04536866_8483,violin,3,4
n04536866_8484,violin,3,4
n04536866_8520,violin,3,4
n04536866_8537,violin,3,2
n04536866_8540,violin,3,2
n04536866_8541,violin,3,3
n04536866_8545,violin,3,2
n04536866_8547,violin,3,2
n04536866_8560,violin,3,3
n04536866_8575,violin,3,2
n04536866_8579,violin,3,4
n04536866_8583,violin,3,0
n04536866_8595,violin,3,0
n04536866_8608,violin,3,4
n04536866_8611,violin,3,2
n04536866_8645,violin,3,3
n04536866_8655,violin,3,1
n04536866_8660,violin,3,3
n04536866_8664,violin,3,4
n04536866_8673,violin,3,1
n04536866_8681,violin,3,0
n04536866_871,violin,3,2
n04536866_8728,violin,3,4
n04536866_8746,violin,3,0
n04536866_875,violin,3,3
n04536866_8758,violin,3,2
n04536866_8764,violin,3,1
n04536866_8778,violin,3,3
n04536866_878,violin,3,4
n04536866_8781,violin,3,0
n04536866_8792,violin,3,3
n04536866_8808,violin,3,4
n04536866_8837,violin,3,3
n04536866_8840,violin,3,4
n04536866_8865,violin,3,4
n04536866_8871,violin,3,2
n04536866_8872,violin,3,0
n04536866_8898,violin,3,1
n04536866_8903,violin,3,1
n04536866_8908,violin,3,3
n04536866_8910,violin,3,2
n04536866_8916,violin,3,4
n04536866_8920,violin,3,0
n04536866_8922,violin,3,3
n04536866_8933,violin,3,1
n04536866_8941,violin,3,4
n04536866_8970,violin,3,3
n04536866_8982,violin,3,2
n04536866_8987,violin,3,1
n04536866_900,violin,3,1
n04536866_9025,violin,3,3
n04536866_9026,violin,3,4
n04536866_904,violin,3,1
n04536866_9049,violin,3,2
n04536866_9061,violin,3,2
n04536866_9065,violin,3,0
n04536866_9073,violin,3,4
n04536866_9076,violin,3,0
n04536866_9077,violin,3,0
n04536866_9078,violin,3,0
n04536866_9089,violin,3,4
n04536866_9090,violin,3,4
n04536866_9094,violin,3,0
n04536866_910,violin,3,2
n04536866_9114,violin,3,0
n04536866_9116,violin,3,3
n04536866_9124,violin,3,0
n04536866_9128,violin,3,4
n04536866_9129,violin,3,0
n04536866_9138,violin,3,2
n04536866_9152,violin,3,4
n04536866_9160,violin,3,2
n04536866_9162,violin,3,4
n04536866_9163,violin,3,3
n04536866_9165,violin,3,3
n04536866_9167,violin,3,1
n04536866_9175,violin,3,2
n04536866_9178,violin,3,0
n04536866_919,violin,3,0
n04536866_9193,violin,3,1
n04536866_9198,violin,3,0
n04536866_9221,violin,3,2
n04536866_9224,violin,3,2
n04536866_9228,violin,3,3
n04536866_9249,violin,3,4
n04536866_9256,violin,3,1
n04536866_9262,violin,3,4
n04536866_9266,violin,3,3
n04536866_9271,violin,3,4
n04536866_9275,violin,3,2
n04536866_9278,violin,3,1
n04536866_929,violin,3,3
n04536866_9322,violin,3,2
n04536866_935,violin,3,3
n04536866_9360,violin,3,2
n04536866_9368,violin,3,2
n04536866_9369,violin,3,0
n04536866_9391,violin,3,4
n04536866_9399,violin,3,3
n04536866_9400,violin,3,4
n04536866_9402,violin,3,4
n04536866_9403,violin,3,4
n04536866_9416,violin,3,1
n04536866_9417,violin,3,0
n04536866_9419,violin,3,2
n04536866_9422,violin,3,4
n04536866_9429,violin,3,1
n04536866_9435,violin,3,2
n04536866_9446,violin,3,2
n04536866_9448,violin,3,2
n04536866_9451,violin,3,2
n04536866_947,violin,3,4
n04536866_9471,violin,3,4
n04536866_9475,violin,3,2
n04536866_9486,violin,3,4
n04536866_9505,violin,3,4
n04536866_9516,violin,3,4
n04536866_9521,violin,3,3
n04536866_9528,violin,3,4
n04536866_9541,violin,3,2
n04536866_9544,violin,3,1
n04536866_9548,violin,3,2
n04536866_9550,violin,3,4
n04536866_9553,violin,3,1
n04536866_9554,violin,3,0
n04536866_9561,violin,3,4
n04536866_9563,violin,3,4
n04536866_9565,violin,3,2
n04536866_9576,violin,3,0
n04536866_9586,violin,3,3
n04536866_9587,violin,3,2
n04536866_9598,violin,3,1
n04536866_9602,violin,3,0
n04536866_9611,violin,3,3
n04536866_9627,violin,3,2
n04536866_963,violin,3,1
n04536866_9631,violin,3,2
n04536866_9637,violin,3,2
n04536866_965,violin,3,2
n04536866_9666,violin,3,3
n04536866_967,violin,3,0
n04536866_9684,violin,3,4
n04536866_9685,violin,3,0
n04536866_970,violin,3,0
n04536866_9718,violin,3,1
n04536866_9723,violin,3,0
n04536866_9748,violin,3,3
n04536866_9751,violin,3,1
n04536866_9768,violin,3,0
n04536866_9769,violin,3,3
n04536866_9772,violin,3,2
n04536866_9786,violin,3,2
n04536866_9787,violin,3,0
n04536866_9798,violin,3,4
n04536866_98,violin,3,4
n04536866_9800,violin,3,3
n04536866_9801,violin,3,4
n04536866_9808,violin,3,4
n04536866_9836,violin,3,3
n04536866_9844,violin,3,0
n04536866_9856,violin,3,2
n04536866_9860,violin,3,3
n04536866_9862,violin,3,4
n04536866_9872,violin,3,1
n04536866_9901,violin,3,1
n04536866_9903,violin,3,0
n04536866_9910,violin,3,1
n04536866_9941,violin,3,1
n04536866_9945,violin,3,2
n04536866_9956,violin,3,4
n04536866_9957,violin,3,1
n04536866_9967,violin,3,0
n04536866_9974,violin,3,3
n04536866_998,violin,3,2
n02676566_10012,acousticguitar,4,3
n02676566_10019,acousticguitar,4,2
n02676566_1002,acousticguitar,4,4
n02676566_10062,acousticguitar,4,4
n02676566_1007,acousticguitar,4,0
n02676566_1009,acousticguitar,4,2
n02676566_10102,acousticguitar,4,4
n02676566_10114,acousticguitar,4,0
n02676566_10140,acousticguitar,4,4
n02676566_10175,acousticguitar,4,4
n02676566_1020,acousticguitar,4,0
n02676566_103,acousticguitar,4,3
n02676566_1039,acousticguitar,4,2
n02676566_104,acousticguitar,4,4
n02676566_1044,acousticguitar,4,1
n02676566_1046,acousticguitar,4,4
n02676566_1049,acousticguitar,4,0
n02676566_105,acousticguitar,4,4
n02676566_1056,acousticguitar,4,4
n02676566_1057,acousticguitar,4,3
n02676566_1066,acousticguitar,4,4
n02676566_107,acousticguitar,4,2
n02676566_1073,acousticguitar,4,1
n02676566_1074,acousticguitar,4,0
n02676566_10753,acousticguitar,4,4
n02676566_1076,acousticguitar,4,4
n02676566_108,acousticguitar,4,2
n02676566_1084,acousticguitar,4,4
n02676566_1087,acousticguitar,4,1
n02676566_1096,acousticguitar,4,3
n02676566_1097,acousticguitar,4,4
n02676566_110,acousticguitar,4,3
n02676566_11034,acousticguitar,4,4
n02676566_11051,acousticguitar,4,4
n02676566_1106,acousticguitar,4,4
n02676566_11067,acousticguitar,4,0
n02676566_1107,acousticguitar,4,3
n02676566_11075,acousticguitar,4,2
n02676566_1108,acousticguitar,4,4
n02676566_11081,acousticguitar,4,4
n02676566_11092,acousticguitar,4,0
n02676566_11094,acousticguitar,4,1
n02676566_11110,acousticguitar,4,0
n02676566_11121,acousticguitar,4,0
n02676566_11134,acousticguitar,4,1
n02676566_11138,acousticguitar,4,4
n02676566_1115,acousticguitar,4,4
n02676566_1116,acousticguitar,4,1
n02676566_11163,acousticguitar,4,2
n02676566_1117,acousticguitar,4,3
n02676566_11208,acousticguitar,4,2
n02676566_1122,acousticguitar,4,0
n02676566_11284,acousticguitar,4,4
n02676566_11293,acousticguitar,4,3
n02676566_1136,acousticguitar,4,1
n02676566_11377,acousticguitar,4,1
n02676566_11446,acousticguitar,4,4
n02676566_11505,acousticguitar,4,0
n02676566_11513,acousticguitar,4,0
n02676566_1157,acousticguitar,4,3
n02676566_1158,acousticguitar,4,3
n02676566_11617,acousticguitar,4,3
n02676566_11646,acousticguitar,4,2
n02676566_1166,acousticguitar,4,4
n02676566_118,acousticguitar,4,3
n02676566_1180,acousticguitar,4,1
n02676566_11818,acousticguitar,4,4
n02676566_11888,acousticguitar,4,3
n02676566_1190,acousticguitar,4,4
n02676566_12007,acousticguitar,4,3
n02676566_12015,acousticguitar,4,1
n02676566_12040,acousticguitar,4,3
n02676566_12061,acousticguitar,4,0
n02676566_1207,acousticguitar,4,1
n02676566_12075,acousticguitar,4,3
n02676566_1216,acousticguitar,4,1
n02676566_12169,acousticguitar,4,4
n02676566_12185,acousticguitar,4,1
n02676566_1219,acousticguitar,4,2
n02676566_12194,acousticguitar,4,4
n02676566_12199,acousticguitar,4,1
n02676566_12227,acousticguitar,4,0
n02676566_1223,acousticguitar,4,4
n02676566_1228,acousticguitar,4,4
n02676566_12282,acousticguitar,4,2
n02676566_12344,acousticguitar,4,0
n02676566_1236,acousticguitar,4,1
n02676566_12360,acousticguitar,4,1
n02676566_1237,acousticguitar,4,3
n02676566_12384,acousticguitar,4,0
n02676566_1240,acousticguitar,4,1
n02676566_1241,acousticguitar,4,4
n02676566_12434,acousticguitar,4,4
n02676566_12438,acousticguitar,4,1
n02676566_125,acousticguitar,4,2
n02676566_1252,acousticguitar,4,0
n02676566_1256,acousticguitar,4,3
n02676566_1258,acousticguitar,4,1
n02676566_1275,acousticguitar,4,2
n02676566_1277,acousticguitar,4,3
n02676566_1283,acousticguitar,4,3
n02676566_130,acousticguitar,4,1
n02676566_1304,acousticguitar,4,3
n02676566_1305,acousticguitar,4,4
n02676566_1319,acousticguitar,4,0
n02676566_132,acousticguitar,4,4
n02676566_1324,acousticguitar,4,2
n02676566_1328,acousticguitar,4,1
n02676566_1338,acousticguitar,4,3
n02676566_1340,acousticguitar,4,2
n02676566_1341,acousticguitar,4,4
n02676566_1345,acousticguitar,4,1
n02676566_1365,acousticguitar,4,3
n02676566_137,acousticguitar,4,3
n02676566_1386,acousticguitar,4,3
n02676566_1393,acousticguitar,4,0
n02676566_1401,acousticguitar,4,3
n02676566_1409,acousticguitar,4,0
n02676566_1410,acousticguitar,4,4
n02676566_1416,acousticguitar,4,0
n02676566_1418,acousticguitar,4,1
n02676566_1422,acousticguitar,4,4
n02676566_1428,acousticguitar,4,3
n02676566_1431,acousticguitar,4,1
n02676566_1432,acousticguitar,4,0
n02676566_1434,acousticguitar,4,1
n02676566_1441,acousticguitar,4,2
n02676566_1443,acousticguitar,4,1
n02676566_1448,acousticguitar,4,3
n02676566_1465,acousticguitar,4,0
n02676566_147,acousticguitar,4,1
n02676566_1474,acousticguitar,4,0
n02676566_1479,acousticguitar,4,1
n02676566_1485,acousticguitar,4,1
n02676566_1492,acousticguitar,4,4
n02676566_152,acousticguitar,4,2
n02676566_1538,acousticguitar,4,0
n02676566_1551,acousticguitar,4,0
n02676566_1555,acousticguitar,4,2
n02676566_156,acousticguitar,4,0
n02676566_1563,acousticguitar,4,0
n02676566_1567,acousticguitar,4,2
n02676566_1571,acousticguitar,4,0
n02676566_1576,acousticguitar,4,3
n02676566_1587,acousticguitar,4,3
n02676566_159,acousticguitar,4,4
n02676566_1606,acousticguitar,4,4
n02676566_1608,acousticguitar,4,3
n02676566_162,acousticguitar,4,3
n02676566_1624,acousticguitar,4,1
n02676566_163,acousticguitar,4,0
n02676566_164,acousticguitar,4,2
n02676566_1643,acousticguitar,4,0
n02676566_1645,acousticguitar,4,2
n02676566_1646,acousticguitar,4,3
n02676566_165,acousticguitar,4,4
n02676566_1650,acousticguitar,4,3
n02676566_1651,acousticguitar,4,3
n02676566_1658,acousticguitar,4,2
n02676566_166,acousticguitar,4,0
n02676566_1664,acousticguitar,4,4
n02676566_1666,acousticguitar,4,0
n02676566_1669,acousticguitar,4,0
n02676566_167,acousticguitar,4,1
n02676566_1672,acousticguitar,4,0
n02676566_1675,acousticguitar,4,4
n02676566_1677,acousticguitar,4,4
n02676566_1679,acousticguitar,4,0
n02676566_1681,acousticguitar,4,2
n02676566_1682,acousticguitar,4,1
n02676566_1690,acousticguitar,4,0
n02676566_1691,acousticguitar,4,1
n02676566_1692,acousticguitar,4,0
n02676566_1698,acousticguitar,4,1
n02676566_17,acousticguitar,4,1
n02676566_1702,acousticguitar,4,3
n02676566_1707,acousticguitar,4,1
n02676566_1711,acousticguitar,4,2
n02676566_1715,acousticguitar,4,4
n02676566_172,acousticguitar,4,1
n02676566_1721,acousticguitar,4,1
n02676566_1723,acousticguitar,4,1
n02676566_1725,acousticguitar,4,4
n02676566_1728,acousticguitar,4,0
n02676566_1732,acousticguitar,4,2
n02676566_1736,acousticguitar,4,2
n02676566_1741,acousticguitar,4,3
n02676566_1751,acousticguitar,4,1
n02676566_1757,acousticguitar,4,2
n02676566_1764,acousticguitar,4,3
n02676566_1765,acousticguitar,4,4
n02676566_178,acousticguitar,4,3
n02676566_181,acousticguitar,4,2
n02676566_1825,acousticguitar,4,0
n02676566_1827,acousticguitar,4,3
n02676566_183,acousticguitar,4,1
n02676566_1835,acousticguitar,4,3
n02676566_1839,acousticguitar,4,0
n02676566_1843,acousticguitar,4,3
n02676566_1851,acousticguitar,4,4
n02676566_1853,acousticguitar,4,4
n02676566_1855,acousticguitar,4,3
n02676566_1866,acousticguitar,4,2
n02676566_1868,acousticguitar,4,4
n02676566_1872,acousticguitar,4,4
n02676566_1877,acousticguitar,4,3
n02676566_1878,acousticguitar,4,0
n02676566_1887,acousticguitar,4,3
n02676566_1894,acousticguitar,4,2
n02676566_1897,acousticguitar,4,4
n02676566_19,acousticguitar,4,2
n02676566_1906,acousticguitar,4,0
n02676566_1908,acousticguitar,4,4
n02676566_1909,acousticguitar,4,1
n02676566_1914,acousticguitar,4,2
n02676566_1915,acousticguitar,4,4
n02676566_1924,acousticguitar,4,4
n02676566_1928,acousticguitar,4,2
n02676566_1931,acousticguitar,4,0
n02676566_194,acousticguitar,4,4
n02676566_1950,acousticguitar,4,4
n02676566_1956,acousticguitar,4,1
n02676566_1964,acousticguitar,4,1
n02676566_1966,acousticguitar,4,2
n02676566_1969,acousticguitar,4,4
n02676566_1972,acousticguitar,4,0
n02676566_1973,acousticguitar,4,4
n02676566_198,acousticguitar,4,2
n02676566_1988,acousticguitar,4,0
n02676566_1992,acousticguitar,4,2
n02676566_200,acousticguitar,4,0
n02676566_2005,acousticguitar,4,4
n02676566_2008,acousticguitar,4,4
n02676566_202,acousticguitar,4,2
n02676566_2025,acousticguitar,4,1
n02676566_2032,acousticguitar,4,3
n02676566_2046,acousticguitar,4,3
n02676566_2065,acousticguitar,4,1
n02676566_2066,acousticguitar,4,4
n02676566_2089,acousticguitar,4,3
n02676566_2098,acousticguitar,4,0
n02676566_2100,acousticguitar,4,4
n02676566_2102,acousticguitar,4,2
n02676566_211,acousticguitar,4,1
n02676566_2111,acousticguitar,4,0
n02676566_2115,acousticguitar,4,2
n02676566_2125,acousticguitar,4,0
n02676566_2133,acousticguitar,4,0
n02676566_215,acousticguitar,4,4
n02676566_2150,acousticguitar,4,3
n02676566_2151,acousticguitar,4,4
n02676566_2169,acousticguitar,4,2
n02676566_2171,acousticguitar,4,4
n02676566_2176,acousticguitar,4,0
n02676566_218,acousticguitar,4,3
n02676566_2187,acousticguitar,4,3
n02676566_219,acousticguitar,4,1
n02676566_2195,acousticguitar,4,4
n02676566_2198,acousticguitar,4,0
n02676566_22,acousticguitar,4,4
n02676566_2213,acousticguitar,4,4
n02676566_2214,acousticguitar,4,3
n02676566_2215,acousticguitar,4,1
n02676566_222,acousticguitar,4,4
n02676566_2226,acousticguitar,4,4
n02676566_223,acousticguitar,4,1
n02676566_2230,acousticguitar,4,1
n02676566_2236,acousticguitar,4,1
n02676566_2237,acousticguitar,4,1
n02676566_2240,acousticguitar,4,0
n02676566_2252,acousticguitar,4,3
n02676566_2253,acousticguitar,4,4
n02676566_2256,acousticguitar,4,0
n02676566_2258,acousticguitar,4,0
n02676566_2263,acousticguitar,4,4
n02676566_2264,acousticguitar,4,2
n02676566_2285,acousticguitar,4,0
n02676566_2288,acousticguitar,4,3
n02676566_2299,acousticguitar,4,1
n02676566_2301,acousticguitar,4,1
n02676566_2307,acousticguitar,4,3
n02676566_2325,acousticguitar,4,1
n02676566_2328,acousticguitar,4,2
n02676566_2330,acousticguitar,4,3
n02676566_2337,acousticguitar,4,1
n02676566_2351,acousticguitar,4,1
n02676566_2354,acousticguitar,4,3
n02676566_2364,acousticguitar,4,0
n02676566_237,acousticguitar,4,2
n02676566_2371,acousticguitar,4,1
n02676566_2373,acousticguitar,4,2
n02676566_2380,acousticguitar,4,4
n02676566_2386,acousticguitar,4,4
n02676566_2396,acousticguitar,4,0
n02676566_24,acousticguitar,4,1
n02676566_2403,acousticguitar,4,2
n02676566_241,acousticguitar,4,2
n02676566_242,acousticguitar,4,2
n02676566_2424,acousticguitar,4,4
n02676566_243,acousticguitar,4,4
n02676566_2437,acousticguitar,4,1
n02676566_2444,acousticguitar,4,4
n02676566_245,acousticguitar,4,4
n02676566_2454,acousticguitar,4,1
n02676566_2456,acousticguitar,4,3
n02676566_2460,acousticguitar,4,1
n02676566_2461,acousticguitar,4,3
n02676566_2464,acousticguitar,4,3
n02676566_2471,acousticguitar,4,3
n02676566_2480,acousticguitar,4,4
n02676566_2481,acousticguitar,4,2
n02676566_2484,acousticguitar,4,0
n02676566_2487,acousticguitar,4,3
n02676566_2508,acousticguitar,4,4
n02676566_251,acousticguitar,4,1
n02676566_2524,acousticguitar,4,4
n02676566_253,acousticguitar,4,2
n02676566_2535,acousticguitar,4,4
n02676566_2541,acousticguitar,4,2
n02676566_2554,acousticguitar,4,2
n02676566_257,acousticguitar,4,2
n02676566_259,acousticguitar,4,0
n02676566_26,acousticguitar,4,3
n02676566_2610,acousticguitar,4,2
n02676566_2611,acousticguitar,4,0
n02676566_2631,acousticguitar,4,4
n02676566_265,acousticguitar,4,4
n02676566_2666,acousticguitar,4,1
n02676566_2684,acousticguitar,4,3
n02676566_2696,acousticguitar,4,3
n02676566_272,acousticguitar,4,2
n02676566_2721,acousticguitar,4,2
n02676566_2737,acousticguitar,4,1
n02676566_2751,acousticguitar,4,2
n02676566_2778,acousticguitar,4,4
n02676566_2779,acousticguitar,4,2
n02676566_2790,acousticguitar,4,0
n02676566_2798,acousticguitar,4,0
n02676566_2800,acousticguitar,4,0
n02676566_2803,acousticguitar,4,2
n02676566_2806,acousticguitar,4,1
n02676566_281,acousticguitar,4,2
n02676566_2815,acousticguitar,4,2
n02676566_2816,acousticguitar,4,4
n02676566_2818,acousticguitar,4,3
n02676566_2820,acousticguitar,4,1
n02676566_2825,acousticguitar,4,1
n02676566_2843,acousticguitar,4,0
n02676566_285,acousticguitar,4,0
n02676566_2866,acousticguitar,4,3
n02676566_2873,acousticguitar,4,4
n02676566_2875,acousticguitar,4,4
n02676566_2876,acousticguitar,4,1
n02676566_289,acousticguitar,4,2
n02676566_2893,acousticguitar,4,0
n02676566_2899,acousticguitar,4,0
n02676566_2901,acousticguitar,4,4
n02676566_2903,acousticguitar,4,3
n02676566_2906,acousticguitar,4,2
n02676566_2907,acousticguitar,4,3
n02676566_2913,acousticguitar,4,2
n02676566_2919,acousticguitar,4,3
n02676566_2926,acousticguitar,4,4
n02676566_2927,acousticguitar,4,1
n02676566_2931,acousticguitar,4,3
n02676566_2943,acousticguitar,4,1
n02676566_2944,acousticguitar,4,3
n02676566_2949,acousticguitar,4,3
n02676566_295,acousticguitar,4,3
n02676566_2950,acousticguitar,4,4
n02676566_2952,acousticguitar,4,0
n02676566_2954,acousticguitar,4,2
n02676566_2956,acousticguitar,4,3
n02676566_2959,acousticguitar,4,0
n02676566_2961,acousticguitar,4,0
n02676566_2962,acousticguitar,4,1
n02676566_2967,acousticguitar,4,4
n02676566_2970,acousticguitar,4,0
n02676566_298,acousticguitar,4,0
n02676566_2980,acousticguitar,4,2
n02676566_2983,acousticguitar,4,4
n02676566_2985,acousticguitar,4,2
n02676566_299,acousticguitar,4,1
n02676566_3003,acousticguitar,4,0
n02676566_3004,acousticguitar,4,4
n02676566_3006,acousticguitar,4,1
n02676566_301,acousticguitar,4,2
n02676566_3010,acousticguitar,4,2
n02676566_3013,acousticguitar,4,1
n02676566_3023,acousticguitar,4,1
n02676566_3026,acousticguitar,4,4
n02676566_303,acousticguitar,4,4
n02676566_3030,acousticguitar,4,1
n02676566_3040,acousticguitar,4,2
n02676566_3041,acousticguitar,4,2
n02676566_3045,acousticguitar,4,2
n02676566_3048,acousticguitar,4,4
n02676566_3051,acousticguitar,4,3
n02676566_3054,acousticguitar,4,1
n02676566_3056,acousticguitar,4,4
n02676566_306,acousticguitar,4,4
n02676566_3069,acousticguitar,4,3
n02676566_307,acousticguitar,4,0
n02676566_3072,acousticguitar,4,2
n02676566_3074,acousticguitar,4,3
n02676566_3077,acousticguitar,4,2
n02676566_3085,acousticguitar,4,4
n02676566_3096,acousticguitar,4,2
n02676566_3101,acousticguitar,4,0
n02676566_3107,acousticguitar,4,1
n02676566_3109,acousticguitar,4,1
n02676566_3115,acousticguitar,4,2
n02676566_3116,acousticguitar,4,1
n02676566_3117,acousticguitar,4,0
n02676566_3120,acousticguitar,4,3
n02676566_3121,acousticguitar,4,4
n02676566_3125,acousticguitar,4,3
n02676566_3126,acousticguitar,4,2
n02676566_3127,acousticguitar,4,0
n02676566_3132,acousticguitar,4,4
n02676566_3139,acousticguitar,4,2
n02676566_3141,acousticguitar,4,0
n02676566_3145,acousticguitar,4,0
n02676566_3147,acousticguitar,4,0
n02676566_3148,acousticguitar,4,1
n02676566_3154,acousticguitar,4,3
n02676566_3157,acousticguitar,4,4
n02676566_3159,acousticguitar,4,3
n02676566_3160,acousticguitar,4,2
n02676566_3161,acousticguitar,4,0
n02676566_3164,acousticguitar,4,3
n02676566_3169,acousticguitar,4,4
n02676566_3172,acousticguitar,4,3
n02676566_3174,acousticguitar,4,2
n02676566_3176,acousticguitar,4,1
n02676566_3177,acousticguitar,4,0
n02676566_3178,acousticguitar,4,0
n02676566_3180,acousticguitar,4,0
n02676566_3181,acousticguitar,4,2
n02676566_3184,acousticguitar,4,0
n02676566_319,acousticguitar,4,0
n02676566_3191,acousticguitar,4,1
n02676566_3199,acousticguitar,4,1
n02676566_32,acousticguitar,4,0
n02676566_320,acousticguitar,4,2
n02676566_3201,acousticguitar,4,0
n02676566_3205,acousticguitar,4,2
n02676566_3206,acousticguitar,4,2
n02676566_3214,acousticguitar,4,0
n02676566_3215,acousticguitar,4,4
n02676566_3224,acousticguitar,4,3
n02676566_3229,acousticguitar,4,3
n02676566_323,acousticguitar,4,4
n02676566_3237,acousticguitar,4,1
n02676566_3239,acousticguitar,4,1
n02676566_3243,acousticguitar,4,0
n02676566_3251,acousticguitar,4,3
n02676566_3252,acousticguitar,4,2
n02676566_3257,acousticguitar,4,2
n02676566_3259,acousticguitar,4,3
n02676566_326,acousticguitar,4,0
n02676566_3263,acousticguitar,4,2
n02676566_3271,acousticguitar,4,1
n02676566_3277,acousticguitar,4,2
n02676566_328,acousticguitar,4,2
n02676566_3287,acousticguitar,4,0
n02676566_3289,acousticguitar,4,3
n02676566_330,acousticguitar,4,4
n02676566_3305,acousticguitar,4,2
n02676566_3314,acousticguitar,4,0
n02676566_3317,acousticguitar,4,2
n02676566_3320,acousticguitar,4,0
n02676566_3324,acousticguitar,4,1
n02676566_3325,acousticguitar,4,3
n02676566_3327,acousticguitar,4,4
n02676566_3328,acousticguitar,4,1
n02676566_3330,acousticguitar,4,3
n02676566_3338,acousticguitar,4,3
n02676566_3339,acousticguitar,4,2
n02676566_3340,acousticguitar,4,4
n02676566_3344,acousticguitar,4,2
n02676566_3346,acousticguitar,4,0
n02676566_3350,acousticguitar,4,2
n02676566_3359,acousticguitar,4,1
n02676566_3360,acousticguitar,4,1
n02676566_3369,acousticguitar,4,3
n02676566_3378,acousticguitar,4,3
n02676566_3382,acousticguitar,4,0
n02676566_3385,acousticguitar,4,2
n02676566_3386,acousticguitar,4,2
n02676566_3392,acousticguitar,4,4
n02676566_3393,acousticguitar,4,3
n02676566_3394,acousticguitar,4,1
n02676566_3401,acousticguitar,4,1
n02676566_3402,acousticguitar,4,3
n02676566_341,acousticguitar,4,2
n02676566_3410,acousticguitar,4,1
n02676566_3413,acousticguitar,4,4
n02676566_3424,acousticguitar,4,4
n02676566_3428,acousticguitar,4,3
n02676566_343,acousticguitar,4,4
n02676566_3435,acousticguitar,4,0
n02676566_3440,acousticguitar,4,4
n02676566_3449,acousticguitar,4,1
n02676566_3450,acousticguitar,4,0
n02676566_3453,acousticguitar,4,1
n02676566_3456,acousticguitar,4,2
n02676566_3461,acousticguitar,4,0
n02676566_3465,acousticguitar,4,4
n02676566_3466,acousticguitar,4,1
n02676566_3468,acousticguitar,4,0
n02676566_3469,acousticguitar,4,4
n02676566_3471,acousticguitar,4,1
n02676566_3472,acousticguitar,4,3
n02676566_3478,acousticguitar,4,3
n02676566_3482,acousticguitar,4,1
n02676566_3486,acousticguitar,4,0
n02676566_3489,acousticguitar,4,1
n02676566_3491,acousticguitar,4,2
n02676566_3492,acousticguitar,4,4
n02676566_3494,acousticguitar,4,3
n02676566_3500,acousticguitar,4,0
n02676566_3509,acousticguitar,4,1
n02676566_351,acousticguitar,4,1
n02676566_3510,acousticguitar,4,2
n02676566_3512,acousticguitar,4,3
n02676566_352,acousticguitar,4,1
n02676566_3523,acousticguitar,4,2
n02676566_3525,acousticguitar,4,4
n02676566_3527,acousticguitar,4,2
n02676566_3528,acousticguitar,4,3
n02676566_3529,acousticguitar,4,1
n02676566_353,acousticguitar,4,0
n02676566_3536,acousticguitar,4,4
n02676566_3538,acousticguitar,4,4
n02676566_3540,acousticguitar,4,2
n02676566_3541,acousticguitar,4,3
n02676566_3548,acousticguitar,4,3
n02676566_3563,acousticguitar,4,4
n02676566_3564,acousticguitar,4,1
n02676566_3566,acousticguitar,4,3
n02676566_3567,acousticguitar,4,4
n02676566_3571,acousticguitar,4,2
n02676566_3576,acousticguitar,4,2
n02676566_3578,acousticguitar,4,0
n02676566_3586,acousticguitar,4,3
n02676566_3587,acousticguitar,4,4
n02676566_3610,acousticguitar,4,0
n02676566_3611,acousticguitar,4,0
n02676566_3613,acousticguitar,4,0
n02676566_3627,acousticguitar,4,3
n02676566_3629,acousticguitar,4,4
n02676566_363,acousticguitar,4,2
n02676566_3631,acousticguitar,4,4
n02676566_3632,acousticguitar,4,0
n02676566_3633,acousticguitar,4,3
n02676566_3635,acousticguitar,4,1
n02676566_3639,acousticguitar,4,1
n02676566_3641,acousticguitar,4,3
n02676566_3646,acousticguitar,4,1
n02676566_3649,acousticguitar,4,4
n02676566_365,acousticguitar,4,2
n02676566_3650,acousticguitar,4,4
n02676566_3654,acousticguitar,4,1
n02676566_3657,acousticguitar,4,2
n02676566_3659,acousticguitar,4,1
n02676566_3660,acousticguitar,4,0
n02676566_3661,acousticguitar,4,3
n02676566_3662,acousticguitar,4,3
n02676566_3669,acousticguitar,4,1
n02676566_367,acousticguitar,4,2
n02676566_3673,acousticguitar,4,4
n02676566_368,acousticguitar,4,1
n02676566_3683,acousticguitar,4,4
n02676566_3686,acousticguitar,4,3
n02676566_3690,acousticguitar,4,1
n02676566_37,acousticguitar,4,2
n02676566_370,acousticguitar,4,3
n02676566_371,acousticguitar,4,2
n02676566_3711,acousticguitar,4,3
n02676566_3713,acousticguitar,4,4
n02676566_3719,acousticguitar,4,1
n02676566_3721,acousticguitar,4,1
n02676566_3725,acousticguitar,4,3
n02676566_3728,acousticguitar,4,4
n02676566_3729,acousticguitar,4,4
n02676566_3733,acousticguitar,4,2
n02676566_3741,acousticguitar,4,3
n02676566_3747,acousticguitar,4,0
n02676566_3750,acousticguitar,4,2
n02676566_3752,acousticguitar,4,3
n02676566_3753,acousticguitar,4,3
n02676566_3757,acousticguitar,4,2
n02676566_3760,acousticguitar,4,3
n02676566_3765,acousticguitar,4,2
n02676566_3766,acousticguitar,4,2
n02676566_3767,acousticguitar,4,4
n02676566_3768,acousticguitar,4,3
n02676566_3771,acousticguitar,4,4
n02676566_3781,acousticguitar,4,2
n02676566_3782,acousticguitar,4,2
n02676566_3792,acousticguitar,4,4
n02676566_3798,acousticguitar,4,4
n02676566_380,acousticguitar,4,4
n02676566_3806,acousticguitar,4,1
n02676566_3808,acousticguitar,4,1
n02676566_3813,acousticguitar,4,1
n02676566_3819,acousticguitar,4,1
n02676566_3822,acousticguitar,4,2
n02676566_3824,acousticguitar,4,1
n02676566_3839,acousticguitar,4,4
n02676566_3849,acousticguitar,4,4
n02676566_3850,acousticguitar,4,1
n02676566_3854,acousticguitar,4,3
n02676566_3858,acousticguitar,4,3
n02676566_386,acousticguitar,4,0
n02676566_3868,acousticguitar,4,0
n02676566_3873,acousticguitar,4,4
n02676566_3876,acousticguitar,4,2
n02676566_3883,acousticguitar,4,1
n02676566_3886,acousticguitar,4,0
n02676566_3887,acousticguitar,4,3
n02676566_3889,acousticguitar,4,0
n02676566_3892,acousticguitar,4,3
n02676566_3899,acousticguitar,4,1
n02676566_3910,acousticguitar,4,4
n02676566_3912,acousticguitar,4,4
n02676566_3914,acousticguitar,4,2
n02676566_3916,acousticguitar,4,4
n02676566_3920,acousticguitar,4,0
n02676566_3924,acousticguitar,4,2
n02676566_3936,acousticguitar,4,2
n02676566_3947,acousticguitar,4,4
n02676566_3949,acousticguitar,4,1
n02676566_395,acousticguitar,4,2
n02676566_3952,acousticguitar,4,1
n02676566_3957,acousticguitar,4,0
n02676566_3965,acousticguitar,4,3
n02676566_3966,acousticguitar,4,4
n02676566_3971,acousticguitar,4,0
n02676566_3977,acousticguitar,4,3
n02676566_3978,acousticguitar,4,4
n02676566_3979,acousticguitar,4,3
n02676566_399,acousticguitar,4,0
n02676566_3990,acousticguitar,4,3
n02676566_3991,acousticguitar,4,0
n02676566_3995,acousticguitar,4,3
n02676566_3999,acousticguitar,4,4
n02676566_4001,acousticguitar,4,0
n02676566_4019,acousticguitar,4,2
n02676566_402,acousticguitar,4,1
n02676566_4030,acousticguitar,4,3
n02676566_4039,acousticguitar,4,2
n02676566_404,acousticguitar,4,2
n02676566_4042,acousticguitar,4,3
n02676566_4048,acousticguitar,4,2
n02676566_4055,acousticguitar,4,2
n02676566_4057,acousticguitar,4,1
n02676566_4058,acousticguitar,4,0
n02676566_4059,acousticguitar,4,3
n02676566_406,acousticguitar,4,4
n02676566_4060,acousticguitar,4,2
n02676566_4064,acousticguitar,4,0
n02676566_4073,acousticguitar,4,4
n02676566_4074,acousticguitar,4,4
n02676566_4075,acousticguitar,4,0
n02676566_4081,acousticguitar,4,3
n02676566_4084,acousticguitar,4,3
n02676566_4089,acousticguitar,4,3
n02676566_4090,acousticguitar,4,3
n02676566_4095,acousticguitar,4,1
n02676566_4097,acousticguitar,4,2
n02676566_410,acousticguitar,4,4
n02676566_4108,acousticguitar,4,2
n02676566_411,acousticguitar,4,0
n02676566_4110,acousticguitar,4,0
n02676566_4111,acousticguitar,4,4
n02676566_4119,acousticguitar,4,0
n02676566_4122,acousticguitar,4,3
n02676566_4127,acousticguitar,4,2
n02676566_4128,acousticguitar,4,1
n02676566_4129,acousticguitar,4,4
n02676566_4130,acousticguitar,4,2
n02676566_4134,acousticguitar,4,1
n02676566_4135,acousticguitar,4,0
n02676566_4137,acousticguitar,4,1
n02676566_4138,acousticguitar,4,2
n02676566_4144,acousticguitar,4,2
n02676566_4145,acousticguitar,4,0
n02676566_4155,acousticguitar,4,4
n02676566_4160,acousticguitar,4,1
n02676566_4161,acousticguitar,4,1
n02676566_4166,acousticguitar,4,1
n02676566_4171,acousticguitar,4,3
n02676566_4178,acousticguitar,4,1
n02676566_4179,acousticguitar,4,2
n02676566_4189,acousticguitar,4,3
n02676566_4192,acousticguitar,4,2
n02676566_4196,acousticguitar,4,1
n02676566_4197,acousticguitar,4,0
n02676566_4201,acousticguitar,4,2
n02676566_4208,acousticguitar,4,3
n02676566_4212,acousticguitar,4,0
n02676566_4220,acousticguitar,4,1
n02676566_4221,acousticguitar,4,3
n02676566_4223,acousticguitar,4,1
n02676566_4227,acousticguitar,4,1
n02676566_4236,acousticguitar,4,4
n02676566_4239,acousticguitar,4,2
n02676566_4240,acousticguitar,4,0
n02676566_4241,acousticguitar,4,4
n02676566_4248,acousticguitar,4,4
n02676566_4251,acousticguitar,4,2
n02676566_4252,acousticguitar,4,3
n02676566_4254,acousticguitar,4,2
n02676566_4257,acousticguitar,4,0
n02676566_4266,acousticguitar,4,0
n02676566_4268,acousticguitar,4,4
n02676566_428,acousticguitar,4,0
n02676566_4280,acousticguitar,4,4
n02676566_4281,acousticguitar,4,2
n02676566_429,acousticguitar,4,3
n02676566_4294,acousticguitar,4,3
n02676566_43,acousticguitar,4,3
n02676566_430,acousticguitar,4,1
n02676566_4301,acousticguitar,4,2
n02676566_4305,acousticguitar,4,3
n02676566_431,acousticguitar,4,3
n02676566_4310,acousticguitar,4,3
n02676566_4313,acousticguitar,4,2
n02676566_4316,acousticguitar,4,3
n02676566_4317,acousticguitar,4,2
n02676566_4319,acousticguitar,4,0
n02676566_4320,acousticguitar,4,1
n02676566_4321,acousticguitar,4,0
n02676566_4322,acousticguitar,4,1
n02676566_4323,acousticguitar,4,1
n02676566_4326,acousticguitar,4,4
n02676566_4334,acousticguitar,4,1
n02676566_4336,acousticguitar,4,3
n02676566_4341,acousticguitar,4,0
n02676566_4342,acousticguitar,4,0
n02676566_4343,acousticguitar,4,0
n02676566_4345,acousticguitar,4,3
n02676566_4346,acousticguitar,4,3
n02676566_4347,acousticguitar,4,2
n02676566_4349,acousticguitar,4,1
n02676566_435,acousticguitar,4,4
n02676566_4356,acousticguitar,4,3
n02676566_436,acousticguitar,4,2
n02676566_4363,acousticguitar,4,2
n02676566_4366,acousticguitar,4,0
n02676566_4373,acousticguitar,4,4
n02676566_4374,acousticguitar,4,3
n02676566_4376,acousticguitar,4,2
n02676566_4377,acousticguitar,4,1
n02676566_4378,acousticguitar,4,3
n02676566_438,acousticguitar,4,3
n02676566_4383,acousticguitar,4,4
n02676566_4391,acousticguitar,4,2
n02676566_4394,acousticguitar,4,4
n02676566_4397,acousticguitar,4,1
n02676566_4398,acousticguitar,4,3
n02676566_44,acousticguitar,4,4
n02676566_4402,acousticguitar,4,2
n02676566_4403,acousticguitar,4,3
n02676566_4404,acousticguitar,4,4
n02676566_4407,acousticguitar,4,0
n02676566_4413,acousticguitar,4,0
n02676566_4415,acousticguitar,4,1
n02676566_4417,acousticguitar,4,0
n02676566_4419,acousticguitar,4,4
n02676566_4424,acousticguitar,4,4
n02676566_4425,acousticguitar,4,1
n02676566_4426,acousticguitar,4,2
n02676566_4429,acousticguitar,4,3
n02676566_4430,acousticguitar,4,1
n02676566_4431,acousticguitar,4,4
n02676566_4436,acousticguitar,4,3
n02676566_4438,acousticguitar,4,2
n02676566_444,acousticguitar,4,1
n02676566_4441,acousticguitar,4,0
n02676566_445,acousticguitar,4,3
n02676566_4454,acousticguitar,4,4
n02676566_4461,acousticguitar,4,2
n02676566_4462,acousticguitar,4,3
n02676566_4469,acousticguitar,4,4
n02676566_448,acousticguitar,4,2
n02676566_4486,acousticguitar,4,3
n02676566_449,acousticguitar,4,1
n02676566_4492,acousticguitar,4,4
n02676566_4493,acousticguitar,4,1
n02676566_4507,acousticguitar,4,3
n02676566_4510,acousticguitar,4,4
n02676566_4512,acousticguitar,4,1
n02676566_4518,acousticguitar,4,2
n02676566_4521,acousticguitar,4,3
n02676566_4527,acousticguitar,4,2
n02676566_4530,acousticguitar,4,0
n02676566_4532,acousticguitar,4,2
n02676566_4535,acousticguitar,4,3
n02676566_4537,acousticguitar,4,2
n02676566_4538,acousticguitar,4,3
n02676566_4543,acousticguitar,4,3
n02676566_4545,acousticguitar,4,4
n02676566_4546,acousticguitar,4,0
n02676566_4551,acousticguitar,4,0
n02676566_4558,acousticguitar,4,4
n02676566_4562,acousticguitar,4,1
n02676566_4565,acousticguitar,4,1
n02676566_457,acousticguitar,4,1
n02676566_4573,acousticguitar,4,0
n02676566_4577,acousticguitar,4,2
n02676566_4583,acousticguitar,4,1
n02676566_4584,acousticguitar,4,3
n02676566_4589,acousticguitar,4,2
n02676566_4591,acousticguitar,4,3
n02676566_4592,acousticguitar,4,0
n02676566_4594,acousticguitar,4,0
n02676566_4595,acousticguitar,4,1
n02676566_46,acousticguitar,4,2
n02676566_4602,acousticguitar,4,1
n02676566_4604,acousticguitar,4,3
n02676566_4605,acousticguitar,4,3
n02676566_4613,acousticguitar,4,2
n02676566_4615,acousticguitar,4,0
n02676566_4619,acousticguitar,4,2
n02676566_4621,acousticguitar,4,3
n02676566_4623,acousticguitar,4,3
n02676566_4628,acousticguitar,4,1
n02676566_4629,acousticguitar,4,1
n02676566_463,acousticguitar,4,3
n02676566_4632,acousticguitar,4,2
n02676566_4637,acousticguitar,4,0
n02676566_4640,acousticguitar,4,4
n02676566_4642,acousticguitar,4,1
n02676566_4643,acousticguitar,4,0
n02676566_4646,acousticguitar,4,2
n02676566_4648,acousticguitar,4,1
n02676566_4651,acousticguitar,4,0
n02676566_4655,acousticguitar,4,4
n02676566_4657,acousticguitar,4,1
n02676566_4659,acousticguitar,4,3
n02676566_4663,acousticguitar,4,1
n02676566_4668,acousticguitar,4,1
n02676566_467,acousticguitar,4,2
n02676566_4671,acousticguitar,4,3
n02676566_4677,acousticguitar,4,4
n02676566_4679,acousticguitar,4,2
n02676566_4689,acousticguitar,4,0
n02676566_4697,acousticguitar,4,2
n02676566_4699,acousticguitar,4,2
n02676566_4705,acousticguitar,4,1
n02676566_4706,acousticguitar,4,2
n02676566_4710,acousticguitar,4,1
n02676566_4717,acousticguitar,4,1
n02676566_4722,acousticguitar,4,0
n02676566_4729,acousticguitar,4,0
n02676566_4735,acousticguitar,4,2
n02676566_4746,acousticguitar,4,3
n02676566_4749,acousticguitar,4,1
n02676566_475,acousticguitar,4,2
n02676566_4753,acousticguitar,4,0
n02676566_4759,acousticguitar,4,4
n02676566_4773,acousticguitar,4,0
n02676566_4778,acousticguitar,4,1
n02676566_4779,acousticguitar,4,3
n02676566_4785,acousticguitar,4,0
n02676566_4786,acousticguitar,4,0
n02676566_4789,acousticguitar,4,2
n02676566_4793,acousticguitar,4,4
n02676566_4795,acousticguitar,4,0
n02676566_4797,acousticguitar,4,3
n02676566_480,acousticguitar,4,1
n02676566_4812,acousticguitar,4,4
n02676566_4816,acousticguitar,4,3
n02676566_4823,acousticguitar,4,4
n02676566_4825,acousticguitar,4,4
n02676566_4832,acousticguitar,4,2
n02676566_4834,acousticguitar,4,4
n02676566_4839,acousticguitar,4,4
n02676566_4840,acousticguitar,4,2
n02676566_4842,acousticguitar,4,1
n02676566_4843,acousticguitar,4,2
n02676566_4844,acousticguitar,4,4
n02676566_4847,acousticguitar,4,0
n02676566_485,acousticguitar,4,2
n02676566_4853,acousticguitar,4,3
n02676566_4856,acousticguitar,4,0
n02676566_4857,acousticguitar,4,3
n02676566_4859,acousticguitar,4,2
n02676566_4860,acousticguitar,4,3
n02676566_4863,acousticguitar,4,0
n02676566_4866,acousticguitar,4,1
n02676566_4868,acousticguitar,4,4
n02676566_4871,acousticguitar,4,3
n02676566_4876,acousticguitar,4,1
n02676566_4877,acousticguitar,4,2
n02676566_4883,acousticguitar,4,1
n02676566_4893,acousticguitar,4,3
n02676566_49,acousticguitar,4,0
n02676566_4901,acousticguitar,4,2
n02676566_4903,acousticguitar,4,0
n02676566_4904,acousticguitar,4,1
n02676566_4905,acousticguitar,4,0
n02676566_4916,acousticguitar,4,2
n02676566_492,acousticguitar,4,2
n02676566_4921,acousticguitar,4,0
n02676566_4922,acousticguitar,4,1
n02676566_4923,acousticguitar,4,2
n02676566_4924,acousticguitar,4,0
n02676566_4925,acousticguitar,4,4
n02676566_4928,acousticguitar,4,1
n02676566_4936,acousticguitar,4,4
n02676566_4943,acousticguitar,4,4
n02676566_4946,acousticguitar,4,1
n02676566_4947,acousticguitar,4,1
n02676566_495,acousticguitar,4,1
n02676566_4952,acousticguitar,4,4
n02676566_496,acousticguitar,4,1
n02676566_4962,acousticguitar,4,4
n02676566_4965,acousticguitar,4,2
n02676566_4967,acousticguitar,4,0
n02676566_4975,acousticguitar,4,0
n02676566_4985,acousticguitar,4,3
n02676566_4988,acousticguitar,4,2
n02676566_4989,acousticguitar,4,2
n02676566_4990,acousticguitar,4,3
n02676566_4993,acousticguitar,4,3
n02676566_5000,acousticguitar,4,2
n02676566_5001,acousticguitar,4,2
n02676566_5010,acousticguitar,4,4
n02676566_5012,acousticguitar,4,2
n02676566_5018,acousticguitar,4,0
n02676566_5019,acousticguitar,4,0
n02676566_5020,acousticguitar,4,0
n02676566_5024,acousticguitar,4,4
n02676566_504,acousticguitar,4,1
n02676566_5056,acousticguitar,4,2
n02676566_5058,acousticguitar,4,0
n02676566_5068,acousticguitar,4,3
n02676566_5069,acousticguitar,4,1
n02676566_5071,acousticguitar,4,3
n02676566_5074,acousticguitar,4,0
n02676566_5084,acousticguitar,4,2
n02676566_5095,acousticguitar,4,3
n02676566_5099,acousticguitar,4,1
n02676566_5104,acousticguitar,4,1
n02676566_5109,acousticguitar,4,4
n02676566_511,acousticguitar,4,3
n02676566_5114,acousticguitar,4,2
n02676566_513,acousticguitar,4,0
n02676566_5130,acousticguitar,4,0
n02676566_5131,acousticguitar,4,1
n02676566_5134,acousticguitar,4,0
n02676566_5138,acousticguitar,4,1
n02676566_5139,acousticguitar,4,0
n02676566_514,acousticguitar,4,2
n02676566_5142,acousticguitar,4,2
n02676566_5151,acousticguitar,4,2
n02676566_5153,acousticguitar,4,4
n02676566_5159,acousticguitar,4,0
n02676566_5168,acousticguitar,4,4
n02676566_5177,acousticguitar,4,3
n02676566_520,acousticguitar,4,1
n02676566_5200,acousticguitar,4,1
n02676566_5210,acousticguitar,4,4
n02676566_5215,acousticguitar,4,2
n02676566_5216,acousticguitar,4,1
n02676566_5218,acousticguitar,4,3
n02676566_522,acousticguitar,4,3
n02676566_5220,acousticguitar,4,4
n02676566_5226,acousticguitar,4,3
n02676566_523,acousticguitar,4,3
n02676566_5231,acousticguitar,4,0
n02676566_5235,acousticguitar,4,3
n02676566_5241,acousticguitar,4,3
n02676566_5255,acousticguitar,4,1
n02676566_5256,acousticguitar,4,3
n02676566_5258,acousticguitar,4,4
n02676566_526,acousticguitar,4,4
n02676566_529,acousticguitar,4,4
n02676566_5319,acousticguitar,4,1
n02676566_5328,acousticguitar,4,0
n02676566_5355,acousticguitar,4,2
n02676566_5356,acousticguitar,4,3
n02676566_5363,acousticguitar,4,1
n02676566_5364,acousticguitar,4,4
n02676566_5367,acousticguitar,4,4
n02676566_5369,acousticguitar,4,2
n02676566_5372,acousticguitar,4,2
n02676566_5373,acousticguitar,4,1
n02676566_5375,acousticguitar,4,2
n02676566_5380,acousticguitar,4,0
n02676566_5390,acousticguitar,4,0
n02676566_54,acousticguitar,4,0
n02676566_5400,acousticguitar,4,0
n02676566_5405,acousticguitar,4,2
n02676566_5408,acousticguitar,4,0
n02676566_5411,acousticguitar,4,1
n02676566_5412,acousticguitar,4,0
n02676566_5416,acousticguitar,4,3
n02676566_5421,acousticguitar,4,4
n02676566_5427,acousticguitar,4,1
n02676566_5430,acousticguitar,4,0
n02676566_5437,acousticguitar,4,4
n02676566_5438,acousticguitar,4,0
n02676566_5448,acousticguitar,4,2
n02676566_5450,acousticguitar,4,0
n02676566_5453,acousticguitar,4,2
n02676566_5454,acousticguitar,4,2
n02676566_5457,acousticguitar,4,1
n02676566_5460,acousticguitar,4,0
n02676566_5461,acousticguitar,4,3
n02676566_5462,acousticguitar,4,1
n02676566_5464,acousticguitar,4,3
n02676566_5465,acousticguitar,4,4
n02676566_5466,acousticguitar,4,1
n02676566_5468,acousticguitar,4,3
n02676566_5476,acousticguitar,4,1
n02676566_5479,acousticguitar,4,3
n02676566_5480,acousticguitar,4,1
n02676566_5489,acousticguitar,4,2
n02676566_549,acousticguitar,4,1
n02676566_5492,acousticguitar,4,4
n02676566_5495,acousticguitar,4,0
n02676566_55,acousticguitar,4,2
n02676566_5500,acousticguitar,4,0
n02676566_5503,acousticguitar,4,1
n02676566_5507,acousticguitar,4,4
n02676566_5508,acousticguitar,4,0
n02676566_551,acousticguitar,4,4
n02676566_5514,acousticguitar,4,1
n02676566_5515,acousticguitar,4,1
n02676566_5518,acousticguitar,4,0
n02676566_552,acousticguitar,4,4
n02676566_5522,acousticguitar,4,3
n02676566_5524,acousticguitar,4,1
n02676566_5526,acousticguitar,4,4
n02676566_553,acousticguitar,4,2
n02676566_5534,acousticguitar,4,2
n02676566_5535,acousticguitar,4,1
n02676566_5537,acousticguitar,4,4
n02676566_5545,acousticguitar,4,3
n02676566_5551,acousticguitar,4,3
n02676566_5559,acousticguitar,4,4
n02676566_5585,acousticguitar,4,2
n02676566_5586,acousticguitar,4,2
n02676566_5591,acousticguitar,4,4
n02676566_5597,acousticguitar,4,3
n02676566_5610,acousticguitar,4,2
n02676566_5637,acousticguitar,4,1
n02676566_5640,acousticguitar,4,4
n02676566_5641,acousticguitar,4,2
n02676566_5645,acousticguitar,4,0
n02676566_5649,acousticguitar,4,3
n02676566_5684,acousticguitar,4,0
n02676566_5689,acousticguitar,4,0
n02676566_5713,acousticguitar,4,2
n02676566_5735,acousticguitar,4,4
n02676566_5742,acousticguitar,4,2
n02676566_5773,acousticguitar,4,1
n02676566_5776,acousticguitar,4,3
n02676566_5816,acousticguitar,4,2
n02676566_582,acousticguitar,4,4
n02676566_5830,acousticguitar,4,2
n02676566_584,acousticguitar,4,0
n02676566_5860,acousticguitar,4,1
n02676566_5861,acousticguitar,4,0
n02676566_5866,acousticguitar,4,0
n02676566_5871,acousticguitar,4,0
n02676566_5943,acousticguitar,4,3
n02676566_5951,acousticguitar,4,0
n02676566_596,acousticguitar,4,0
n02676566_5966,acousticguitar,4,2
n02676566_5979,acousticguitar,4,1
n02676566_60,acousticguitar,4,4
n02676566_600,acousticguitar,4,0
n02676566_602,acousticguitar,4,4
n02676566_6024,acousticguitar,4,2
n02676566_603,acousticguitar,4,2
n02676566_6030,acousticguitar,4,2
n02676566_606,acousticguitar,4,2
n02676566_6060,acousticguitar,4,1
n02676566_610,acousticguitar,4,2
n02676566_6111,acousticguitar,4,1
n02676566_6130,acousticguitar,4,1
n02676566_6150,acousticguitar,4,4
n02676566_6152,acousticguitar,4,1
n02676566_616,acousticguitar,4,0
n02676566_6172,acousticguitar,4,1
n02676566_6175,acousticguitar,4,4
n02676566_6178,acousticguitar,4,4
n02676566_6196,acousticguitar,4,4
n02676566_6200,acousticguitar,4,0
n02676566_6202,acousticguitar,4,1
n02676566_623,acousticguitar,4,3
n02676566_6234,acousticguitar,4,0
n02676566_6244,acousticguitar,4,2
n02676566_6245,acousticguitar,4,0
n02676566_6251,acousticguitar,4,1
n02676566_6253,acousticguitar,4,1
n02676566_6255,acousticguitar,4,2
n02676566_6260,acousticguitar,4,2
n02676566_6265,acousticguitar,4,2
n02676566_6268,acousticguitar,4,3
n02676566_6286,acousticguitar,4,4
n02676566_6289,acousticguitar,4,1
n02676566_6291,acousticguitar,4,4
n02676566_6292,acousticguitar,4,0
n02676566_6293,acousticguitar,4,0
n02676566_6302,acousticguitar,4,3
n02676566_6304,acousticguitar,4,0
n02676566_6306,acousticguitar,4,4
n02676566_6319,acousticguitar,4,4
n02676566_6320,acousticguitar,4,1
n02676566_6326,acousticguitar,4,0
n02676566_6329,acousticguitar,4,3
n02676566_6335,acousticguitar,4,4
n02676566_6341,acousticguitar,4,1
n02676566_6342,acousticguitar,4,1
n02676566_6343,acousticguitar,4,3
n02676566_6349,acousticguitar,4,0
n02676566_6351,acousticguitar,4,1
n02676566_6354,acousticguitar,4,2
n02676566_6355,acousticguitar,4,1
n02676566_6360,acousticguitar,4,4
n02676566_6361,acousticguitar,4,0
n02676566_6363,acousticguitar,4,3
n02676566_6370,acousticguitar,4,3
n02676566_6372,acousticguitar,4,0
n02676566_6375,acousticguitar,4,3
n02676566_6376,acousticguitar,4,1
n02676566_6377,acousticguitar,4,0
n02676566_6378,acousticguitar,4,3
n02676566_6380,acousticguitar,4,0
n02676566_6384,acousticguitar,4,1
n02676566_6390,acousticguitar,4,4
n02676566_6401,acousticguitar,4,0
n02676566_6402,acousticguitar,4,2
n02676566_6405,acousticguitar,4,1
n02676566_6409,acousticguitar,4,3
n02676566_6410,acousticguitar,4,4
n02676566_6412,acousticguitar,4,4
n02676566_6414,acousticguitar,4,2
n02676566_6421,acousticguitar,4,2
n02676566_6422,acousticguitar,4,4
n02676566_6425,acousticguitar,4,4
n02676566_6430,acousticguitar,4,0
n02676566_6435,acousticguitar,4,0
n02676566_6437,acousticguitar,4,0
n02676566_6438,acousticguitar,4,0
n02676566_644,acousticguitar,4,2
n02676566_6454,acousticguitar,4,2
n02676566_6460,acousticguitar,4,4
n02676566_6466,acousticguitar,4,3
n02676566_6467,acousticguitar,4,1
n02676566_6469,acousticguitar,4,1
n02676566_6478,acousticguitar,4,4
n02676566_6479,acousticguitar,4,0
n02676566_6489,acousticguitar,4,0
n02676566_6493,acousticguitar,4,2
n02676566_6494,acousticguitar,4,4
n02676566_650,acousticguitar,4,3
n02676566_6518,acousticguitar,4,3
n02676566_6527,acousticguitar,4,0
n02676566_6531,acousticguitar,4,2
n02676566_6532,acousticguitar,4,4
n02676566_654,acousticguitar,4,3
n02676566_6544,acousticguitar,4,0
n02676566_6547,acousticguitar,4,2
n02676566_6549,acousticguitar,4,2
n02676566_6551,acousticguitar,4,2
n02676566_6552,acousticguitar,4,3
n02676566_6554,acousticguitar,4,3
n02676566_6557,acousticguitar,4,0
n02676566_6559,acousticguitar,4,1
n02676566_656,acousticguitar,4,3
n02676566_6560,acousticguitar,4,0
n02676566_6563,acousticguitar,4,1
n02676566_6567,acousticguitar,4,2
n02676566_6569,acousticguitar,4,1
n02676566_6570,acousticguitar,4,0
n02676566_6571,acousticguitar,4,0
n02676566_6575,acousticguitar,4,2
n02676566_658,acousticguitar,4,1
n02676566_6580,acousticguitar,4,2
n02676566_6582,acousticguitar,4,4
n02676566_6583,acousticguitar,4,1
n02676566_6585,acousticguitar,4,2
n02676566_6588,acousticguitar,4,0
n02676566_6589,acousticguitar,4,1
n02676566_659,acousticguitar,4,0
n02676566_6590,acousticguitar,4,4
n02676566_6592,acousticguitar,4,0
n02676566_6596,acousticguitar,4,1
n02676566_6597,acousticguitar,4,3
n02676566_66,acousticguitar,4,1
n02676566_660,acousticguitar,4,3
n02676566_6601,acousticguitar,4,3
n02676566_6604,acousticguitar,4,3
n02676566_6613,acousticguitar,4,2
n02676566_6615,acousticguitar,4,4
n02676566_6625,acousticguitar,4,3
n02676566_6626,acousticguitar,4,1
n02676566_6631,acousticguitar,4,2
n02676566_6633,acousticguitar,4,0
n02676566_6634,acousticguitar,4,3
n02676566_6636,acousticguitar,4,4
n02676566_6637,acousticguitar,4,4
n02676566_6641,acousticguitar,4,4
n02676566_6644,acousticguitar,4,4
n02676566_6646,acousticguitar,4,0
n02676566_665,acousticguitar,4,1
n02676566_6652,acousticguitar,4,2
n02676566_6655,acousticguitar,4,0
n02676566_6658,acousticguitar,4,0
n02676566_6659,acousticguitar,4,1
n02676566_666,acousticguitar,4,0
n02676566_6660,acousticguitar,4,1
n02676566_6661,acousticguitar,4,2
n02676566_6663,acousticguitar,4,2
n02676566_6667,acousticguitar,4,1
n02676566_6669,acousticguitar,4,2
n02676566_667,acousticguitar,4,3
n02676566_6672,acousticguitar,4,1
n02676566_6673,acousticguitar,4,3
n02676566_6674,acousticguitar,4,2
n02676566_6677,acousticguitar,4,0
n02676566_6682,acousticguitar,4,3
n02676566_6683,acousticguitar,4,2
n02676566_6686,acousticguitar,4,1
n02676566_6687,acousticguitar,4,1
n02676566_6694,acousticguitar,4,4
n02676566_6698,acousticguitar,4,1
n02676566_6699,acousticguitar,4,0
n02676566_6700,acousticguitar,4,3
n02676566_6701,acousticguitar,4,4
n02676566_6702,acousticguitar,4,1
n02676566_6703,acousticguitar,4,4
n02676566_6704,acousticguitar,4,0
n02676566_6705,acousticguitar,4,3
n02676566_6707,acousticguitar,4,3
n02676566_6711,acousticguitar,4,4
n02676566_6713,acousticguitar,4,1
n02676566_672,acousticguitar,4,1
n02676566_6728,acousticguitar,4,1
n02676566_6729,acousticguitar,4,4
n02676566_6732,acousticguitar,4,2
n02676566_6733,acousticguitar,4,0
n02676566_6735,acousticguitar,4,2
n02676566_6737,acousticguitar,4,3
n02676566_6738,acousticguitar,4,1
n02676566_6740,acousticguitar,4,2
n02676566_6742,acousticguitar,4,2
n02676566_6744,acousticguitar,4,0
n02676566_6746,acousticguitar,4,4
n02676566_6748,acousticguitar,4,2
n02676566_6750,acousticguitar,4,2
n02676566_6753,acousticguitar,4,2
n02676566_6759,acousticguitar,4,4
n02676566_6760,acousticguitar,4,0
n02676566_6762,acousticguitar,4,2
n02676566_6763,acousticguitar,4,3
n02676566_6764,acousticguitar,4,0
n02676566_6765,acousticguitar,4,2
n02676566_6766,acousticguitar,4,0
n02676566_6770,acousticguitar,4,1
n02676566_6772,acousticguitar,4,3
n02676566_6775,acousticguitar,4,0
n02676566_6778,acousticguitar,4,3
n02676566_6785,acousticguitar,4,1
n02676566_6789,acousticguitar,4,4
n02676566_6792,acousticguitar,4,1
n02676566_6796,acousticguitar,4,0
n02676566_6797,acousticguitar,4,3
n02676566_6799,acousticguitar,4,1
n02676566_6801,acousticguitar,4,4
n02676566_6802,acousticguitar,4,1
n02676566_6810,acousticguitar,4,1
n02676566_6814,acousticguitar,4,4
n02676566_6819,acousticguitar,4,2
n02676566_682,acousticguitar,4,4
n02676566_6820,acousticguitar,4,3
n02676566_6822,acousticguitar,4,4
n02676566_6823,acousticguitar,4,4
n02676566_6826,acousticguitar,4,3
n02676566_6827,acousticguitar,4,2
n02676566_683,acousticguitar,4,3
n02676566_6833,acousticguitar,4,1
n02676566_6835,acousticguitar,4,2
n02676566_6838,acousticguitar,4,2
n02676566_6839,acousticguitar,4,4
n02676566_684,acousticguitar,4,3
n02676566_6842,acousticguitar,4,2
n02676566_6843,acousticguitar,4,0
n02676566_6851,acousticguitar,4,2
n02676566_6855,acousticguitar,4,0
n02676566_6856,acousticguitar,4,0
n02676566_6857,acousticguitar,4,4
n02676566_6858,acousticguitar,4,0
n02676566_6861,acousticguitar,4,0
n02676566_6864,acousticguitar,4,1
n02676566_6865,acousticguitar,4,3
n02676566_6868,acousticguitar,4,4
n02676566_6869,acousticguitar,4,2
n02676566_6870,acousticguitar,4,2
n02676566_6871,acousticguitar,4,3
n02676566_6875,acousticguitar,4,3
n02676566_6878,acousticguitar,4,1
n02676566_688,acousticguitar,4,2
n02676566_6881,acousticguitar,4,4
n02676566_6883,acousticguitar,4,1
n02676566_6885,acousticguitar,4,4
n02676566_6889,acousticguitar,4,2
n02676566_6893,acousticguitar,4,0
n02676566_6896,acousticguitar,4,0
n02676566_6898,acousticguitar,4,4
n02676566_6899,acousticguitar,4,0
n02676566_6904,acousticguitar,4,0
n02676566_6905,acousticguitar,4,4
n02676566_6906,acousticguitar,4,0
n02676566_6909,acousticguitar,4,3
n02676566_6910,acousticguitar,4,4
n02676566_6912,acousticguitar,4,1
n02676566_6913,acousticguitar,4,4
n02676566_6914,acousticguitar,4,4
n02676566_6915,acousticguitar,4,0
n02676566_6916,acousticguitar,4,4
n02676566_6917,acousticguitar,4,2
n02676566_6918,acousticguitar,4,4
n02676566_6919,acousticguitar,4,1
n02676566_692,acousticguitar,4,0
n02676566_6920,acousticguitar,4,0
n02676566_6922,acousticguitar,4,0
n02676566_6924,acousticguitar,4,1
n02676566_6927,acousticguitar,4,4
n02676566_6928,acousticguitar,4,4
n02676566_6929,acousticguitar,4,2
n02676566_6930,acousticguitar,4,0
n02676566_6931,acousticguitar,4,2
n02676566_6932,acousticguitar,4,2
n02676566_6935,acousticguitar,4,3
n02676566_6939,acousticguitar,4,0
n02676566_694,acousticguitar,4,3
n02676566_6941,acousticguitar,4,1
n02676566_6942,acousticguitar,4,3
n02676566_6948,acousticguitar,4,4
n02676566_6949,acousticguitar,4,4
n02676566_6950,acousticguitar,4,0
n02676566_6951,acousticguitar,4,0
n02676566_6952,acousticguitar,4,1
n02676566_6953,acousticguitar,4,2
n02676566_6954,acousticguitar,4,0
n02676566_6957,acousticguitar,4,1
n02676566_6959,acousticguitar,4,1
n02676566_6960,acousticguitar,4,0
n02676566_6961,acousticguitar,4,4
n02676566_6962,acousticguitar,4,4
n02676566_6965,acousticguitar,4,2
n02676566_6966,acousticguitar,4,3
n02676566_6968,acousticguitar,4,3
n02676566_6969,acousticguitar,4,1
n02676566_697,acousticguitar,4,3
n02676566_6971,acousticguitar,4,4
n02676566_6974,acousticguitar,4,0
n02676566_6977,acousticguitar,4,3
n02676566_6979,acousticguitar,4,3
n02676566_6980,acousticguitar,4,1
n02676566_6981,acousticguitar,4,1
n02676566_6982,acousticguitar,4,1
n02676566_6984,acousticguitar,4,0
n02676566_6985,acousticguitar,4,4
n02676566_6990,acousticguitar,4,4
n02676566_6991,acousticguitar,4,0
n02676566_6994,acousticguitar,4,4
n02676566_6997,acousticguitar,4,1
n02676566_6998,acousticguitar,4,4
n02676566_7,acousticguitar,4,3
n02676566_700,acousticguitar,4,4
n02676566_7000,acousticguitar,4,4
n02676566_7002,acousticguitar,4,1
n02676566_7004,acousticguitar,4,0
n02676566_701,acousticguitar,4,3
n02676566_7010,acousticguitar,4,3
n02676566_7011,acousticguitar,4,2
n02676566_7012,acousticguitar,4,4
n02676566_7015,acousticguitar,4,0
n02676566_7018,acousticguitar,4,0
n02676566_7020,acousticguitar,4,4
n02676566_7023,acousticguitar,4,4
n02676566_7024,acousticguitar,4,4
n02676566_7026,acousticguitar,4,1
n02676566_7030,acousticguitar,4,4
n02676566_7032,acousticguitar,4,4
n02676566_7033,acousticguitar,4,2
n02676566_7036,acousticguitar,4,2
n02676566_704,acousticguitar,4,0
n02676566_7040,acousticguitar,4,2
n02676566_7041,acousticguitar,4,0
n02676566_7042,acousticguitar,4,2
n02676566_7045,acousticguitar,4,3
n02676566_7048,acousticguitar,4,0
n02676566_7049,acousticguitar,4,0
n02676566_7059,acousticguitar,4,0
n02676566_7063,acousticguitar,4,3
n02676566_7075,acousticguitar,4,2
n02676566_7076,acousticguitar,4,1
n02676566_7077,acousticguitar,4,0
n02676566_7083,acousticguitar,4,1
n02676566_7085,acousticguitar,4,1
n02676566_7087,acousticguitar,4,2
n02676566_7089,acousticguitar,4,1
n02676566_7090,acousticguitar,4,4
n02676566_7092,acousticguitar,4,2
n02676566_7094,acousticguitar,4,1
n02676566_7095,acousticguitar,4,1
n02676566_7099,acousticguitar,4,2
n02676566_71,acousticguitar,4,3
n02676566_710,acousticguitar,4,2
n02676566_7100,acousticguitar,4,0
n02676566_7102,acousticguitar,4,0
n02676566_7103,acousticguitar,4,4
n02676566_7108,acousticguitar,4,3
n02676566_7109,acousticguitar,4,0
n02676566_711,acousticguitar,4,1
n02676566_7110,acousticguitar,4,3
n02676566_7113,acousticguitar,4,1
n02676566_7115,acousticguitar,4,0
n02676566_7117,acousticguitar,4,4
n02676566_7118,acousticguitar,4,2
n02676566_7120,acousticguitar,4,2
n02676566_7123,acousticguitar,4,4
n02676566_7124,acousticguitar,4,3
n02676566_7129,acousticguitar,4,3
n02676566_7132,acousticguitar,4,3
n02676566_7133,acousticguitar,4,3
n02676566_7136,acousticguitar,4,0
n02676566_7152,acousticguitar,4,3
n02676566_7155,acousticguitar,4,0
n02676566_7170,acousticguitar,4,0
n02676566_7172,acousticguitar,4,0
n02676566_7176,acousticguitar,4,0
n02676566_7185,acousticguitar,4,3
n02676566_7200,acousticguitar,4,3
n02676566_7202,acousticguitar,4,0
n02676566_7207,acousticguitar,4,1
n02676566_7211,acousticguitar,4,3
n02676566_7219,acousticguitar,4,0
n02676566_722,acousticguitar,4,3
n02676566_7220,acousticguitar,4,1
n02676566_7226,acousticguitar,4,2
n02676566_7231,acousticguitar,4,0
n02676566_7234,acousticguitar,4,1
n02676566_7236,acousticguitar,4,1
n02676566_7244,acousticguitar,4,1
n02676566_7250,acousticguitar,4,1
n02676566_7282,acousticguitar,4,3
n02676566_729,acousticguitar,4,2
n02676566_7291,acousticguitar,4,3
n02676566_7296,acousticguitar,4,0
n02676566_730,acousticguitar,4,1
n02676566_7307,acousticguitar,4,1
n02676566_7309,acousticguitar,4,4
n02676566_731,acousticguitar,4,3
n02676566_7313,acousticguitar,4,3
n02676566_7316,acousticguitar,4,1
n02676566_7317,acousticguitar,4,4
n02676566_7319,acousticguitar,4,1
n02676566_732,acousticguitar,4,2
n02676566_7320,acousticguitar,4,2
n02676566_7326,acousticguitar,4,3
n02676566_733,acousticguitar,4,4
n02676566_7330,acousticguitar,4,1
n02676566_7331,acousticguitar,4,2
n02676566_7343,acousticguitar,4,2
n02676566_7349,acousticguitar,4,1
n02676566_7359,acousticguitar,4,2
n02676566_7362,acousticguitar,4,2
n02676566_7363,acousticguitar,4,2
n02676566_7383,acousticguitar,4,4
n02676566_7385,acousticguitar,4,3
n02676566_7389,acousticguitar,4,3
n02676566_739,acousticguitar,4,2
n02676566_7392,acousticguitar,4,2
n02676566_7396,acousticguitar,4,0
n02676566_7399,acousticguitar,4,3
n02676566_7408,acousticguitar,4,1
n02676566_741,acousticguitar,4,4
n02676566_7422,acousticguitar,4,1
n02676566_7435,acousticguitar,4,3
n02676566_744,acousticguitar,4,2
n02676566_7442,acousticguitar,4,3
n02676566_7443,acousticguitar,4,2
n02676566_7464,acousticguitar,4,1
n02676566_7470,acousticguitar,4,4
n02676566_7476,acousticguitar,4,0
n02676566_7477,acousticguitar,4,2
n02676566_7483,acousticguitar,4,2
n02676566_7487,acousticguitar,4,4
n02676566_7509,acousticguitar,4,3
n02676566_7510,acousticguitar,4,4
n02676566_7511,acousticguitar,4,4
n02676566_7516,acousticguitar,4,4
n02676566_752,acousticguitar,4,3
n02676566_7524,acousticguitar,4,3
n02676566_7536,acousticguitar,4,3
n02676566_7543,acousticguitar,4,1
n02676566_7551,acousticguitar,4,3
n02676566_7569,acousticguitar,4,2
n02676566_758,acousticguitar,4,2
n02676566_759,acousticguitar,4,0
n02676566_76,acousticguitar,4,4
n02676566_7602,acousticguitar,4,3
n02676566_7612,acousticguitar,4,1
n02676566_7613,acousticguitar,4,4
n02676566_762,acousticguitar,4,4
n02676566_7656,acousticguitar,4,0
n02676566_767,acousticguitar,4,2
n02676566_769,acousticguitar,4,3
n02676566_7690,acousticguitar,4,1
n02676566_77,acousticguitar,4,1
n02676566_771,acousticguitar,4,4
n02676566_7718,acousticguitar,4,0
n02676566_7721,acousticguitar,4,0
n02676566_7724,acousticguitar,4,2
n02676566_773,acousticguitar,4,4
n02676566_7759,acousticguitar,4,4
n02676566_7760,acousticguitar,4,2
n02676566_777,acousticguitar,4,2
n02676566_7770,acousticguitar,4,3
n02676566_7776,acousticguitar,4,4
n02676566_7788,acousticguitar,4,2
n02676566_7795,acousticguitar,4,3
n02676566_781,acousticguitar,4,3
n02676566_7815,acousticguitar,4,1
n02676566_782,acousticguitar,4,1
n02676566_7830,acousticguitar,4,1
n02676566_7836,acousticguitar,4,2
n02676566_7837,acousticguitar,4,2
n02676566_7844,acousticguitar,4,0
n02676566_7852,acousticguitar,4,2
n02676566_786,acousticguitar,4,3
n02676566_7860,acousticguitar,4,2
n02676566_787,acousticguitar,4,0
n02676566_7879,acousticguitar,4,2
n02676566_7885,acousticguitar,4,1
n02676566_7886,acousticguitar,4,4
n02676566_7891,acousticguitar,4,3
n02676566_7892,acousticguitar,4,3
n02676566_7893,acousticguitar,4,1
n02676566_7895,acousticguitar,4,0
n02676566_790,acousticguitar,4,3
n02676566_7914,acousticguitar,4,1
n02676566_7915,acousticguitar,4,0
n02676566_792,acousticguitar,4,3
n02676566_7927,acousticguitar,4,4
n02676566_7930,acousticguitar,4,2
n02676566_7954,acousticguitar,4,4
n02676566_7969,acousticguitar,4,0
n02676566_7972,acousticguitar,4,1
n02676566_7976,acousticguitar,4,0
n02676566_7985,acousticguitar,4,2
n02676566_7989,acousticguitar,4,3
n02676566_7997,acousticguitar,4,1
n02676566_8001,acousticguitar,4,2
n02676566_8017,acousticguitar,4,3
n02676566_802,acousticguitar,4,4
n02676566_8026,acousticguitar,4,2
n02676566_8038,acousticguitar,4,2
n02676566_8039,acousticguitar,4,0
n02676566_8040,acousticguitar,4,4
n02676566_8041,acousticguitar,4,1
n02676566_8042,acousticguitar,4,0
n02676566_8043,acousticguitar,4,4
n02676566_8044,acousticguitar,4,1
n02676566_8045,acousticguitar,4,2
n02676566_8047,acousticguitar,4,2
n02676566_8049,acousticguitar,4,4
n02676566_8050,acousticguitar,4,2
n02676566_8053,acousticguitar,4,4
n02676566_8055,acousticguitar,4,4
n02676566_8057,acousticguitar,4,0
n02676566_8058,acousticguitar,4,3
n02676566_8059,acousticguitar,4,1
n02676566_806,acousticguitar,4,2
n02676566_8061,acousticguitar,4,0
n02676566_8064,acousticguitar,4,3
n02676566_8065,acousticguitar,4,4
n02676566_8068,acousticguitar,4,3
n02676566_8069,acousticguitar,4,3
n02676566_8070,acousticguitar,4,0
n02676566_8072,acousticguitar,4,2
n02676566_8073,acousticguitar,4,0
n02676566_8074,acousticguitar,4,1
n02676566_8075,acousticguitar,4,1
n02676566_8076,acousticguitar,4,1
n02676566_8078,acousticguitar,4,2
n02676566_8079,acousticguitar,4,4
n02676566_8080,acousticguitar,4,0
n02676566_8081,acousticguitar,4,4
n02676566_8082,acousticguitar,4,0
n02676566_8083,acousticguitar,4,2
n02676566_8084,acousticguitar,4,3
n02676566_8086,acousticguitar,4,1
n02676566_8088,acousticguitar,4,1
n02676566_8096,acousticguitar,4,2
n02676566_8097,acousticguitar,4,1
n02676566_81,acousticguitar,4,2
n02676566_8100,acousticguitar,4,1
n02676566_8111,acousticguitar,4,2
n02676566_8117,acousticguitar,4,3
n02676566_8122,acousticguitar,4,0
n02676566_8123,acousticguitar,4,0
n02676566_8133,acousticguitar,4,3
n02676566_814,acousticguitar,4,0
n02676566_8140,acousticguitar,4,0
n02676566_8141,acousticguitar,4,4
n02676566_8143,acousticguitar,4,0
n02676566_8148,acousticguitar,4,4
n02676566_8152,acousticguitar,4,2
n02676566_8153,acousticguitar,4,4
n02676566_816,acousticguitar,4,3
n02676566_8162,acousticguitar,4,4
n02676566_817,acousticguitar,4,2
n02676566_8170,acousticguitar,4,0
n02676566_8174,acousticguitar,4,4
n02676566_8176,acousticguitar,4,3
n02676566_8186,acousticguitar,4,2
n02676566_8189,acousticguitar,4,1
n02676566_8192,acousticguitar,4,4
n02676566_8195,acousticguitar,4,2
n02676566_8197,acousticguitar,4,2
n02676566_8199,acousticguitar,4,3
n02676566_82,acousticguitar,4,2
n02676566_8203,acousticguitar,4,0
n02676566_8208,acousticguitar,4,0
n02676566_821,acousticguitar,4,2
n02676566_8211,acousticguitar,4,2
n02676566_8213,acousticguitar,4,3
n02676566_8214,acousticguitar,4,4
n02676566_8228,acousticguitar,4,1
n02676566_8229,acousticguitar,4,2
n02676566_8233,acousticguitar,4,3
n02676566_8240,acousticguitar,4,2
n02676566_825,acousticguitar,4,2
n02676566_8255,acousticguitar,4,2
n02676566_8264,acousticguitar,4,3
n02676566_8268,acousticguitar,4,3
n02676566_8270,acousticguitar,4,4
n02676566_8275,acousticguitar,4,2
n02676566_8278,acousticguitar,4,2
n02676566_8281,acousticguitar,4,3
n02676566_8282,acousticguitar,4,0
n02676566_8284,acousticguitar,4,3
n02676566_8298,acousticguitar,4,4
n02676566_8303,acousticguitar,4,3
n02676566_8305,acousticguitar,4,4
n02676566_8309,acousticguitar,4,4
n02676566_8310,acousticguitar,4,2
n02676566_8325,acousticguitar,4,1
n02676566_8328,acousticguitar,4,3
n02676566_8333,acousticguitar,4,1
n02676566_8335,acousticguitar,4,2
n02676566_834,acousticguitar,4,1
n02676566_8341,acousticguitar,4,3
n02676566_8347,acousticguitar,4,4
n02676566_8352,acousticguitar,4,3
n02676566_8354,acousticguitar,4,3
n02676566_8363,acousticguitar,4,0
n02676566_837,acousticguitar,4,1
n02676566_8370,acousticguitar,4,4
n02676566_8371,acousticguitar,4,2
n02676566_8376,acousticguitar,4,3
n02676566_8378,acousticguitar,4,0
n02676566_8384,acousticguitar,4,0
n02676566_8389,acousticguitar,4,4
n02676566_839,acousticguitar,4,2
n02676566_8391,acousticguitar,4,4
n02676566_84,acousticguitar,4,1
n02676566_8406,acousticguitar,4,3
n02676566_841,acousticguitar,4,1
n02676566_8412,acousticguitar,4,3
n02676566_8417,acousticguitar,4,4
n02676566_8423,acousticguitar,4,0
n02676566_8424,acousticguitar,4,3
n02676566_844,acousticguitar,4,4
n02676566_8444,acousticguitar,4,3
n02676566_8467,acousticguitar,4,3
n02676566_847,acousticguitar,4,0
n02676566_8473,acousticguitar,4,1
n02676566_8474,acousticguitar,4,0
n02676566_8477,acousticguitar,4,0
n02676566_848,acousticguitar,4,1
n02676566_8502,acousticguitar,4,4
n02676566_8506,acousticguitar,4,0
n02676566_851,acousticguitar,4,1
n02676566_8511,acousticguitar,4,4
n02676566_8525,acousticguitar,4,0
n02676566_8531,acousticguitar,4,3
n02676566_8533,acousticguitar,4,1
n02676566_8539,acousticguitar,4,4
n02676566_8542,acousticguitar,4,0
n02676566_8545,acousticguitar,4,4
n02676566_8549,acousticguitar,4,1
n02676566_8553,acousticguitar,4,2
n02676566_8559,acousticguitar,4,4
n02676566_857,acousticguitar,4,0
n02676566_8571,acousticguitar,4,4
n02676566_8588,acousticguitar,4,2
n02676566_8605,acousticguitar,4,2
n02676566_8609,acousticguitar,4,2
n02676566_8618,acousticguitar,4,4
n02676566_8622,acousticguitar,4,4
n02676566_8625,acousticguitar,4,1
n02676566_863,acousticguitar,4,0
n02676566_8631,acousticguitar,4,2
n02676566_8634,acousticguitar,4,4
n02676566_867,acousticguitar,4,3
n02676566_8671,acousticguitar,4,3
n02676566_8673,acousticguitar,4,1
n02676566_868,acousticguitar,4,1
n02676566_8684,acousticguitar,4,1
n02676566_8694,acousticguitar,4,3
n02676566_870,acousticguitar,4,1
n02676566_8701,acousticguitar,4,1
n02676566_8706,acousticguitar,4,3
n02676566_871,acousticguitar,4,4
n02676566_8716,acousticguitar,4,2
n02676566_8723,acousticguitar,4,4
n02676566_8725,acousticguitar,4,1
n02676566_8726,acousticguitar,4,4
n02676566_8735,acousticguitar,4,0
n02676566_8736,acousticguitar,4,1
n02676566_874,acousticguitar,4,0
n02676566_8740,acousticguitar,4,1
n02676566_8741,acousticguitar,4,3
n02676566_8745,acousticguitar,4,2
n02676566_8756,acousticguitar,4,0
n02676566_8758,acousticguitar,4,3
n02676566_8768,acousticguitar,4,2
n02676566_877,acousticguitar,4,2
n02676566_8773,acousticguitar,4,3
n02676566_8775,acousticguitar,4,1
n02676566_879,acousticguitar,4,3
n02676566_8799,acousticguitar,4,0
n02676566_8805,acousticguitar,4,3
n02676566_8808,acousticguitar,4,3
n02676566_8809,acousticguitar,4,1
n02676566_8810,acousticguitar,4,0
n02676566_8814,acousticguitar,4,4
n02676566_8817,acousticguitar,4,2
n02676566_8819,acousticguitar,4,2
n02676566_8820,acousticguitar,4,3
n02676566_8821,acousticguitar,4,3
n02676566_8822,acousticguitar,4,0
n02676566_8824,acousticguitar,4,1
n02676566_8828,acousticguitar,4,4
n02676566_8829,acousticguitar,4,3
n02676566_8831,acousticguitar,4,3
n02676566_8833,acousticguitar,4,0
n02676566_8836,acousticguitar,4,2
n02676566_8838,acousticguitar,4,4
n02676566_8839,acousticguitar,4,3
n02676566_884,acousticguitar,4,1
n02676566_8842,acousticguitar,4,1
n02676566_8843,acousticguitar,4,4
n02676566_8846,acousticguitar,4,3
n02676566_8847,acousticguitar,4,0
n02676566_8848,acousticguitar,4,3
n02676566_8849,acousticguitar,4,0
n02676566_885,acousticguitar,4,0
n02676566_8850,acousticguitar,4,2
n02676566_8851,acousticguitar,4,2
n02676566_8853,acousticguitar,4,0
n02676566_8854,acousticguitar,4,2
n02676566_8855,acousticguitar,4,0
n02676566_8856,acousticguitar,4,3
n02676566_8857,acousticguitar,4,1
n02676566_8859,acousticguitar,4,1
n02676566_8861,acousticguitar,4,2
n02676566_8862,acousticguitar,4,4
n02676566_8863,acousticguitar,4,4
n02676566_8864,acousticguitar,4,0
n02676566_8865,acousticguitar,4,3
n02676566_8866,acousticguitar,4,3
n02676566_8867,acousticguitar,4,2
n02676566_8868,acousticguitar,4,4
n02676566_8869,acousticguitar,4,1
n02676566_8871,acousticguitar,4,0
n02676566_8872,acousticguitar,4,1
n02676566_8873,acousticguitar,4,4
n02676566_8875,acousticguitar,4,2
n02676566_8876,acousticguitar,4,0
n02676566_8880,acousticguitar,4,0
n02676566_8881,acousticguitar,4,1
n02676566_8882,acousticguitar,4,2
n02676566_8883,acousticguitar,4,0
n02676566_8884,acousticguitar,4,1
n02676566_8886,acousticguitar,4,0
n02676566_8888,acousticguitar,4,1
n02676566_8889,acousticguitar,4,0
n02676566_889,acousticguitar,4,3
n02676566_8890,acousticguitar,4,3
n02676566_8892,acousticguitar,4,4
n02676566_8893,acousticguitar,4,4
n02676566_8895,acousticguitar,4,0
n02676566_8896,acousticguitar,4,4
n02676566_8897,acousticguitar,4,4
n02676566_8899,acousticguitar,4,4
n02676566_8900,acousticguitar,4,1
n02676566_8901,acousticguitar,4,3
n02676566_8902,acousticguitar,4,2
n02676566_8907,acousticguitar,4,3
n02676566_8908,acousticguitar,4,1
n02676566_8909,acousticguitar,4,2
n02676566_8910,acousticguitar,4,3
n02676566_8911,acousticguitar,4,2
n02676566_8914,acousticguitar,4,4
n02676566_8916,acousticguitar,4,4
n02676566_8917,acousticguitar,4,0
n02676566_8918,acousticguitar,4,0
n02676566_8919,acousticguitar,4,4
n02676566_8922,acousticguitar,4,2
n02676566_8923,acousticguitar,4,3
n02676566_8924,acousticguitar,4,0
n02676566_8925,acousticguitar,4,1
n02676566_8938,acousticguitar,4,4
n02676566_8943,acousticguitar,4,0
n02676566_8946,acousticguitar,4,0
n02676566_8948,acousticguitar,4,4
n02676566_895,acousticguitar,4,2
n02676566_8957,acousticguitar,4,4
n02676566_8968,acousticguitar,4,3
n02676566_8970,acousticguitar,4,4
n02676566_8971,acousticguitar,4,0
n02676566_8983,acousticguitar,4,0
n02676566_8989,acousticguitar,4,1
n02676566_8993,acousticguitar,4,0
n02676566_8994,acousticguitar,4,1
n02676566_8997,acousticguitar,4,1
n02676566_8999,acousticguitar,4,2
n02676566_9,acousticguitar,4,3
n02676566_900,acousticguitar,4,2
n02676566_9001,acousticguitar,4,2
n02676566_901,acousticguitar,4,3
n02676566_9016,acousticguitar,4,1
n02676566_9026,acousticguitar,4,2
n02676566_9027,acousticguitar,4,0
n02676566_9028,acousticguitar,4,0
n02676566_9032,acousticguitar,4,0
n02676566_904,acousticguitar,4,4
n02676566_9041,acousticguitar,4,3
n02676566_9044,acousticguitar,4,4
n02676566_905,acousticguitar,4,2
n02676566_9054,acousticguitar,4,2
n02676566_9055,acousticguitar,4,4
n02676566_906,acousticguitar,4,2
n02676566_9062,acousticguitar,4,1
n02676566_9066,acousticguitar,4,3
n02676566_9067,acousticguitar,4,1
n02676566_907,acousticguitar,4,0
n02676566_9070,acousticguitar,4,3
n02676566_9084,acousticguitar,4,1
n02676566_9085,acousticguitar,4,3
n02676566_9106,acousticguitar,4,3
n02676566_911,acousticguitar,4,1
n02676566_912,acousticguitar,4,3
n02676566_9126,acousticguitar,4,4
n02676566_915,acousticguitar,4,2
n02676566_9220,acousticguitar,4,1
n02676566_9224,acousticguitar,4,2
n02676566_9242,acousticguitar,4,3
n02676566_9254,acousticguitar,4,2
n02676566_9262,acousticguitar,4,4
n02676566_927,acousticguitar,4,0
n02676566_9277,acousticguitar,4,3
n02676566_9296,acousticguitar,4,0
n02676566_931,acousticguitar,4,2
n02676566_9311,acousticguitar,4,4
n02676566_9312,acousticguitar,4,0
n02676566_933,acousticguitar,4,3
n02676566_934,acousticguitar,4,1
n02676566_9345,acousticguitar,4,0
n02676566_935,acousticguitar,4,0
n02676566_936,acousticguitar,4,0
n02676566_9396,acousticguitar,4,3
n02676566_940,acousticguitar,4,1
n02676566_9403,acousticguitar,4,3
n02676566_9407,acousticguitar,4,1
n02676566_9413,acousticguitar,4,4
n02676566_9414,acousticguitar,4,3
n02676566_9422,acousticguitar,4,3
n02676566_9425,acousticguitar,4,1
n02676566_943,acousticguitar,4,1
n02676566_9431,acousticguitar,4,0
n02676566_9434,acousticguitar,4,4
n02676566_9438,acousticguitar,4,1
n02676566_9439,acousticguitar,4,2
n02676566_944,acousticguitar,4,1
n02676566_9440,acousticguitar,4,0
n02676566_9446,acousticguitar,4,1
n02676566_9451,acousticguitar,4,3
n02676566_9458,acousticguitar,4,0
n02676566_9459,acousticguitar,4,2
n02676566_946,acousticguitar,4,2
n02676566_9462,acousticguitar,4,2
n02676566_9463,acousticguitar,4,3
n02676566_9469,acousticguitar,4,1
n02676566_947,acousticguitar,4,4
n02676566_9471,acousticguitar,4,3
n02676566_9473,acousticguitar,4,2
n02676566_9475,acousticguitar,4,4
n02676566_9479,acousticguitar,4,3
n02676566_9480,acousticguitar,4,1
n02676566_9482,acousticguitar,4,1
n02676566_9483,acousticguitar,4,1
n02676566_9485,acousticguitar,4,4
n02676566_9490,acousticguitar,4,3
n02676566_9493,acousticguitar,4,4
n02676566_9494,acousticguitar,4,2
n02676566_9499,acousticguitar,4,4
n02676566_9501,acousticguitar,4,4
n02676566_9503,acousticguitar,4,4
n02676566_9510,acousticguitar,4,2
n02676566_9511,acousticguitar,4,1
n02676566_9513,acousticguitar,4,0
n02676566_9515,acousticguitar,4,2
n02676566_9519,acousticguitar,4,1
n02676566_9532,acousticguitar,4,3
n02676566_9538,acousticguitar,4,4
n02676566_9539,acousticguitar,4,4
n02676566_9540,acousticguitar,4,0
n02676566_9548,acousticguitar,4,2
n02676566_9549,acousticguitar,4,0
n02676566_9558,acousticguitar,4,1
n02676566_9561,acousticguitar,4,3
n02676566_9562,acousticguitar,4,1
n02676566_9566,acousticguitar,4,4
n02676566_9569,acousticguitar,4,3
n02676566_9570,acousticguitar,4,3
n02676566_9572,acousticguitar,4,0
n02676566_9573,acousticguitar,4,1
n02676566_9575,acousticguitar,4,1
n02676566_9577,acousticguitar,4,0
n02676566_9578,acousticguitar,4,4
n02676566_958,acousticguitar,4,1
n02676566_9580,acousticguitar,4,2
n02676566_9582,acousticguitar,4,4
n02676566_9589,acousticguitar,4,3
n02676566_9591,acousticguitar,4,2
n02676566_9593,acousticguitar,4,1
n02676566_9597,acousticguitar,4,0
n02676566_9598,acousticguitar,4,3
n02676566_9600,acousticguitar,4,0
n02676566_9606,acousticguitar,4,4
n02676566_9611,acousticguitar,4,4
n02676566_9637,acousticguitar,4,3
n02676566_9639,acousticguitar,4,3
n02676566_9643,acousticguitar,4,1
n02676566_9648,acousticguitar,4,0
n02676566_965,acousticguitar,4,0
n02676566_9654,acousticguitar,4,3
n02676566_9656,acousticguitar,4,0
n02676566_9657,acousticguitar,4,1
n02676566_966,acousticguitar,4,3
n02676566_9661,acousticguitar,4,3
n02676566_9667,acousticguitar,4,4
n02676566_9668,acousticguitar,4,4
n02676566_9670,acousticguitar,4,4
n02676566_9687,acousticguitar,4,0
n02676566_9688,acousticguitar,4,0
n02676566_9691,acousticguitar,4,2
n02676566_9697,acousticguitar,4,3
n02676566_970,acousticguitar,4,2
n02676566_9708,acousticguitar,4,1
n02676566_9709,acousticguitar,4,3
n02676566_9726,acousticguitar,4,2
n02676566_9729,acousticguitar,4,0
n02676566_9757,acousticguitar,4,0
n02676566_9761,acousticguitar,4,0
n02676566_9767,acousticguitar,4,3
n02676566_977,acousticguitar,4,3
n02676566_9771,acousticguitar,4,0
n02676566_9790,acousticguitar,4,0
n02676566_98,acousticguitar,4,0
n02676566_9802,acousticguitar,4,2
n02676566_9812,acousticguitar,4,1
n02676566_9814,acousticguitar,4,2
n02676566_9819,acousticguitar,4,2
n02676566_9827,acousticguitar,4,1
n02676566_9832,acousticguitar,4,0
n02676566_984,acousticguitar,4,3
n02676566_9846,acousticguitar,4,0
n02676566_9847,acousticguitar,4,1
n02676566_9857,acousticguitar,4,0
n02676566_9874,acousticguitar,4,3
n02676566_9878,acousticguitar,4,1
n02676566_9883,acousticguitar,4,2
n02676566_9889,acousticguitar,4,3
n02676566_9892,acousticguitar,4,1
n02676566_9898,acousticguitar,4,1
n02676566_99,acousticguitar,4,4
n02676566_990,acousticguitar,4,3
n02676566_9907,acousticguitar,4,4
n02676566_9913,acousticguitar,4,1
n02676566_992,acousticguitar,4,2
n02676566_9921,acousticguitar,4,4
n02676566_9926,acousticguitar,4,1
n02676566_9936,acousticguitar,4,2
n02676566_995,acousticguitar,4,0
n02676566_9954,acousticguitar,4,3
n02676566_9968,acousticguitar,4,4
n02676566_9972,acousticguitar,4,1
n02676566_9987,acousticguitar,4,0
n02676566_999,acousticguitar,4,4
n02676566_9992,acousticguitar,4,2
n04536866_1000,violin,4,1
n04536866_10016,violin,4,0
n04536866_10060,violin,4,1
n04536866_10072,violin,4,0
n04536866_10076,violin,4,0
n04536866_10085,violin,4,2
n04536866_10093,violin,4,0
n04536866_1010,violin,4,3
n04536866_10120,violin,4,0
n04536866_10128,violin,4,1
n04536866_10133,violin,4,3
n04536866_10148,violin,4,3
n04536866_10155,violin,4,1
n04536866_10171,violin,4,2
n04536866_10177,violin,4,0
n04536866_1018,violin,4,2
n04536866_10185,violin,4,0
n04536866_1019,violin,4,4
n04536866_10191,violin,4,1
n04536866_1020,violin,4,4
n04536866_10214,violin,4,2
n04536866_10215,violin,4,0
n04536866_10228,violin,4,3
n04536866_10237,violin,4,1
n04536866_10249,violin,4,3
n04536866_10263,violin,4,3
n04536866_10276,violin,4,2
n04536866_10286,violin,4,1
n04536866_10294,violin,4,2
n04536866_10302,violin,4,1
n04536866_10315,violin,4,3
n04536866_10317,violin,4,1
n04536866_10322,violin,4,2
n04536866_10354,violin,4,3
n04536866_10358,violin,4,4
n04536866_10367,violin,4,4
n04536866_10368,violin,4,0
n04536866_10370,violin,4,3
n04536866_10375,violin,4,2
n04536866_10392,violin,4,3
n04536866_10397,violin,4,2
n04536866_104,violin,4,1
n04536866_10402,violin,4,1
n04536866_10404,violin,4,4
n04536866_10408,violin,4,2
n04536866_10419,violin,4,4
n04536866_1042,violin,4,3
n04536866_10420,violin,4,2
n04536866_10428,violin,4,4
n04536866_10430,violin,4,4
n04536866_10433,violin,4,1
n04536866_10449,violin,4,4
n04536866_10458,violin,4,2
n04536866_10461,violin,4,2
n04536866_10466,violin,4,4
n04536866_10469,violin,4,2
n04536866_10471,violin,4,2
n04536866_10472,violin,4,0
n04536866_10474,violin,4,4
n04536866_10476,violin,4,2
n04536866_10481,violin,4,2
n04536866_10484,violin,4,4
n04536866_10488,violin,4,4
n04536866_1049,violin,4,2
n04536866_105,violin,4,0
n04536866_10505,violin,4,0
n04536866_10507,violin,4,0
n04536866_10522,violin,4,0
n04536866_10523,violin,4,1
n04536866_10536,violin,4,0
n04536866_1054,violin,4,0
n04536866_10563,violin,4,1
n04536866_10581,violin,4,1
n04536866_10597,violin,4,0
n04536866_10599,violin,4,1
n04536866_10602,violin,4,1
n04536866_10612,violin,4,2
n04536866_10636,violin,4,4
n04536866_10639,violin,4,1
n04536866_10642,violin,4,2
n04536866_10644,violin,4,2
n04536866_10649,violin,4,2
n04536866_10652,violin,4,4
n04536866_1066,violin,4,0
n04536866_10686,violin,4,3
n04536866_10694,violin,4,3
n04536866_10696,violin,4,3
n04536866_10704,violin,4,2
n04536866_10706,violin,4,3
n04536866_10717,violin,4,3
n04536866_10722,violin,4,2
n04536866_10730,violin,4,4
n04536866_10750,violin,4,2
n04536866_10761,violin,4,1
n04536866_10778,violin,4,1
n04536866_10782,violin,4,4
n04536866_10789,violin,4,1
n04536866_10804,violin,4,3
n04536866_10811,violin,4,4
n04536866_10812,violin,4,2
n04536866_10829,violin,4,4
n04536866_10838,violin,4,4
n04536866_10855,violin,4,0
n04536866_10858,violin,4,3
n04536866_10886,violin,4,3
n04536866_10916,violin,4,0
n04536866_1094,violin,4,4
n04536866_10940,violin,4,3
n04536866_10946,violin,4,1
n04536866_10950,violin,4,0
n04536866_10962,violin,4,3
n04536866_10976,violin,4,1
n04536866_10978,violin,4,2
n04536866_1099,violin,4,3
n04536866_1100,violin,4,1
n04536866_11012,violin,4,1
n04536866_11017,violin,4,4
n04536866_11019,violin,4,0
n04536866_11021,violin,4,0
n04536866_11023,violin,4,0
n04536866_11031,violin,4,4
n04536866_11044,violin,4,3
n04536866_11045,violin,4,0
n04536866_11046,violin,4,1
n04536866_11049,violin,4,3
n04536866_11056,violin,4,3
n04536866_11065,violin,4,2
n04536866_11082,violin,4,1
n04536866_11084,violin,4,0
n04536866_11105,violin,4,1
n04536866_11112,violin,4,3
n04536866_11132,violin,4,3
n04536866_1114,violin,4,0
n04536866_11141,violin,4,3
n04536866_11146,violin,4,4
n04536866_11149,violin,4,3
n04536866_11157,violin,4,2
n04536866_11177,violin,4,1
n04536866_11181,violin,4,4
n04536866_11206,violin,4,4
n04536866_11210,violin,4,2
n04536866_11225,violin,4,4
n04536866_11228,violin,4,1
n04536866_11258,violin,4,2
n04536866_11264,violin,4,1
n04536866_11292,violin,4,2
n04536866_11294,violin,4,1
n04536866_11333,violin,4,4
n04536866_1134,violin,4,1
n04536866_11345,violin,4,4
n04536866_11352,violin,4,0
n04536866_11365,violin,4,0
n04536866_11378,violin,4,4
n04536866_11413,violin,4,0
n04536866_1144,violin,4,4
n04536866_11457,violin,4,2
n04536866_11468,violin,4,1
n04536866_11475,violin,4,0
n04536866_11491,violin,4,4
n04536866_11493,violin,4,2
n04536866_11535,violin,4,4
n04536866_11537,violin,4,1
n04536866_11558,violin,4,1
n04536866_11561,violin,4,0
n04536866_1157,violin,4,1
n04536866_1163,violin,4,3
n04536866_11653,violin,4,2
n04536866_11660,violin,4,1
n04536866_11693,violin,4,1
n04536866_11703,violin,4,1
n04536866_11708,violin,4,4
n04536866_11724,violin,4,2
n04536866_11746,violin,4,4
n04536866_11748,violin,4,2
n04536866_11759,violin,4,3
n04536866_11768,violin,4,2
n04536866_11775,violin,4,1
n04536866_11797,violin,4,3
n04536866_11810,violin,4,4
n04536866_11857,violin,4,4
n04536866_11858,violin,4,2
n04536866_1187,violin,4,4
n04536866_11883,violin,4,4
n04536866_11884,violin,4,4
n04536866_11911,violin,4,0
n04536866_11912,violin,4,2
n04536866_11914,violin,4,4
n04536866_11988,violin,4,0
n04536866_11995,violin,4,1
n04536866_11999,violin,4,4
n04536866_12003,violin,4,3
n04536866_12030,violin,4,1
n04536866_12035,violin,4,2
n04536866_12036,violin,4,1
n04536866_12054,violin,4,3
n04536866_1206,violin,4,3
n04536866_12061,violin,4,3
n04536866_12068,violin,4,2
n04536866_12071,violin,4,2
n04536866_12075,violin,4,0
n04536866_12079,violin,4,0
n04536866_12087,violin,4,4
n04536866_12090,violin,4,1
n04536866_12093,violin,4,0
n04536866_12107,violin,4,1
n04536866_12114,violin,4,3
n04536866_12116,violin,4,2
n04536866_12128,violin,4,4
n04536866_12141,violin,4,4
n04536866_12149,violin,4,4
n04536866_12160,violin,4,2
n04536866_12177,violin,4,1
n04536866_12178,violin,4,4
n04536866_12186,violin,4,0
n04536866_1219,violin,4,0
n04536866_12198,violin,4,0
n04536866_12199,violin,4,1
n04536866_12204,violin,4,1
n04536866_12208,violin,4,0
n04536866_12210,violin,4,3
n04536866_12219,violin,4,3
n04536866_12225,violin,4,3
n04536866_12239,violin,4,3
n04536866_12240,violin,4,4
n04536866_12247,violin,4,2
n04536866_12259,violin,4,1
n04536866_12273,violin,4,3
n04536866_12293,violin,4,4
n04536866_12308,violin,4,3
n04536866_1231,violin,4,2
n04536866_12315,violin,4,1
n04536866_12317,violin,4,1
n04536866_12340,violin,4,4
n04536866_12352,violin,4,1
n04536866_12358,violin,4,3
n04536866_12362,violin,4,3
n04536866_12381,violin,4,3
n04536866_12383,violin,4,3
n04536866_12390,violin,4,2
n04536866_12401,violin,4,2
n04536866_12417,violin,4,2
n04536866_12418,violin,4,0
n04536866_12433,violin,4,3
n04536866_12436,violin,4,0
n04536866_12441,violin,4,0
n04536866_1246,violin,4,3
n04536866_12488,violin,4,1
n04536866_12499,violin,4,3
n04536866_12511,violin,4,2
n04536866_12527,violin,4,1
n04536866_12543,violin,4,2
n04536866_1255,violin,4,4
n04536866_12557,violin,4,0
n04536866_12566,violin,4,2
n04536866_12587,violin,4,1
n04536866_12594,violin,4,1
n04536866_12595,violin,4,3
n04536866_126,violin,4,4
n04536866_12600,violin,4,3
n04536866_12630,violin,4,4
n04536866_12637,violin,4,2
n04536866_12645,violin,4,0
n04536866_12666,violin,4,0
n04536866_12670,violin,4,1
n04536866_12673,violin,4,1
n04536866_12675,violin,4,2
n04536866_12687,violin,4,0
n04536866_12688,violin,4,4
n04536866_12689,violin,4,0
n04536866_12708,violin,4,0
n04536866_12714,violin,4,1
n04536866_12720,violin,4,0
n04536866_12744,violin,4,4
n04536866_12745,violin,4,1
n04536866_12761,violin,4,2
n04536866_12762,violin,4,3
n04536866_12765,violin,4,1
n04536866_1277,violin,4,0
n04536866_12775,violin,4,1
n04536866_12808,violin,4,0
n04536866_12828,violin,4,3
n04536866_12834,violin,4,4
n04536866_12836,violin,4,0
n04536866_1284,violin,4,3
n04536866_12855,violin,4,1
n04536866_12861,violin,4,0
n04536866_12862,violin,4,1
n04536866_12864,violin,4,1
n04536866_12873,violin,4,0
n04536866_12876,violin,4,4
n04536866_12896,violin,4,4
n04536866_12898,violin,4,1
n04536866_1290,violin,4,2
n04536866_12900,violin,4,4
n04536866_12902,violin,4,2
n04536866_12916,violin,4,4
n04536866_12957,violin,4,3
n04536866_12962,violin,4,1
n04536866_12973,violin,4,4
n04536866_12997,violin,4,1
n04536866_13031,violin,4,4
n04536866_1304,violin,4,4
n04536866_13057,violin,4,1
n04536866_1306,violin,4,4
n04536866_13085,violin,4,2
n04536866_13097,violin,4,2
n04536866_13098,violin,4,2
n04536866_1312,violin,4,4
n04536866_1314,violin,4,2
n04536866_13148,violin,4,1
n04536866_13149,violin,4,1
n04536866_1315,violin,4,1
n04536866_13157,violin,4,3
n04536866_13169,violin,4,4
n04536866_13213,violin,4,2
n04536866_13214,violin,4,2
n04536866_13219,violin,4,2
n04536866_13220,violin,4,4
n04536866_13225,violin,4,0
n04536866_13248,violin,4,2
n04536866_13256,violin,4,4
n04536866_13296,violin,4,4
n04536866_13304,violin,4,3
n04536866_13313,violin,4,2
n04536866_13314,violin,4,1
n04536866_13328,violin,4,4
n04536866_13336,violin,4,0
n04536866_13337,violin,4,1
n04536866_13342,violin,4,2
n04536866_13359,violin,4,3
n04536866_13409,violin,4,0
n04536866_13410,violin,4,1
n04536866_13421,violin,4,2
n04536866_13422,violin,4,2
n04536866_1343,violin,4,1
n04536866_13446,violin,4,1
n04536866_13456,violin,4,0
n04536866_13499,violin,4,4
n04536866_1357,violin,4,1
n04536866_1376,violin,4,4
n04536866_13804,violin,4,3
n04536866_1390,violin,4,4
n04536866_1394,violin,4,1
n04536866_13954,violin,4,2
n04536866_14004,violin,4,0
n04536866_1408,violin,4,0
n04536866_14094,violin,4,1
n04536866_14103,violin,4,0
n04536866_1412,violin,4,4
n04536866_14127,violin,4,4
n04536866_14129,violin,4,3
n04536866_14164,violin,4,4
n04536866_14197,violin,4,2
n04536866_14204,violin,4,2
n04536866_14225,violin,4,2
n04536866_14263,violin,4,4
n04536866_14271,violin,4,3
n04536866_1428,violin,4,2
n04536866_14288,violin,4,0
n04536866_14291,violin,4,1
n04536866_14297,violin,4,4
n04536866_14299,violin,4,4
n04536866_14305,violin,4,4
n04536866_14335,violin,4,0
n04536866_14349,violin,4,0
n04536866_14356,violin,4,2
n04536866_1439,violin,4,2
n04536866_14392,violin,4,4
n04536866_1440,violin,4,4
n04536866_1441,violin,4,0
n04536866_14418,violin,4,1
n04536866_14428,violin,4,4
n04536866_14473,violin,4,2
n04536866_14476,violin,4,1
n04536866_14547,violin,4,0
n04536866_1460,violin,4,3
n04536866_1466,violin,4,1
n04536866_1467,violin,4,3
n04536866_1472,violin,4,2
n04536866_1484,violin,4,4
n04536866_149,violin,4,2
n04536866_15017,violin,4,2
n04536866_1503,violin,4,1
n04536866_1504,violin,4,3
n04536866_15056,violin,4,0
n04536866_1507,violin,4,2
n04536866_1512,violin,4,4
n04536866_15160,violin,4,2
n04536866_1519,violin,4,0
n04536866_1521,violin,4,4
n04536866_15368,violin,4,3
n04536866_1540,violin,4,3
n04536866_15430,violin,4,1
n04536866_1545,violin,4,4
n04536866_1569,violin,4,1
n04536866_1590,violin,4,4
n04536866_1598,violin,4,3
n04536866_15996,violin,4,0
n04536866_16,violin,4,3
n04536866_1600,violin,4,4
n04536866_1605,violin,4,4
n04536866_16050,violin,4,0
n04536866_16087,violin,4,2
n04536866_16162,violin,4,1
n04536866_16206,violin,4,1
n04536866_1622,violin,4,4
n04536866_1623,violin,4,2
n04536866_16230,violin,4,2
n04536866_16232,violin,4,3
n04536866_16239,violin,4,0
n04536866_1629,violin,4,1
n04536866_16320,violin,4,2
n04536866_16346,violin,4,0
n04536866_1641,violin,4,0
n04536866_16483,violin,4,1
n04536866_1649,violin,4,4
n04536866_16561,violin,4,4
n04536866_16582,violin,4,1
n04536866_1668,violin,4,0
n04536866_16802,violin,4,1
n04536866_1681,violin,4,4
n04536866_1686,violin,4,4
n04536866_16909,violin,4,3
n04536866_16996,violin,4,1
n04536866_1704,violin,4,4
n04536866_1705,violin,4,0
n04536866_17053,violin,4,2
n04536866_1709,violin,4,0
n04536866_1726,violin,4,3
n04536866_17292,violin,4,3
n04536866_17308,violin,4,3
n04536866_17328,violin,4,1
n04536866_17332,violin,4,2
n04536866_17402,violin,4,4
n04536866_17409,violin,4,0
n04536866_1743,violin,4,4
n04536866_17454,violin,4,2
n04536866_1750,violin,4,0
n04536866_1759,violin,4,3
n04536866_17615,violin,4,4
n04536866_17616,violin,4,3
n04536866_17648,violin,4,0
n04536866_1765,violin,4,1
n04536866_17671,violin,4,3
n04536866_17713,violin,4,0
n04536866_1772,violin,4,0
n04536866_17733,violin,4,2
n04536866_17742,violin,4,4
n04536866_1775,violin,4,3
n04536866_17788,violin,4,3
n04536866_17814,violin,4,0
n04536866_17828,violin,4,1
n04536866_18015,violin,4,1
n04536866_18020,violin,4,3
n04536866_1814,violin,4,0
n04536866_1816,violin,4,4
n04536866_182,violin,4,0
n04536866_1822,violin,4,4
n04536866_18259,violin,4,2
n04536866_18291,violin,4,3
n04536866_18323,violin,4,4
n04536866_18345,violin,4,3
n04536866_18352,violin,4,4
n04536866_1836,violin,4,2
n04536866_18374,violin,4,0
n04536866_1842,violin,4,1
n04536866_18425,violin,4,1
n04536866_18456,violin,4,1
n04536866_18460,violin,4,4
n04536866_18463,violin,4,0
n04536866_1847,violin,4,0
n04536866_1851,violin,4,3
n04536866_1853,violin,4,0
n04536866_1857,violin,4,4
n04536866_18581,violin,4,0
n04536866_18584,violin,4,2
n04536866_18618,violin,4,1
n04536866_1866,violin,4,2
n04536866_1870,violin,4,4
n04536866_18768,violin,4,4
n04536866_1886,violin,4,4
n04536866_18888,violin,4,2
n04536866_1893,violin,4,3
n04536866_18940,violin,4,1
n04536866_18962,violin,4,0
n04536866_18976,violin,4,2
n04536866_19053,violin,4,2
n04536866_1911,violin,4,3
n04536866_19112,violin,4,3
n04536866_19129,violin,4,3
n04536866_19131,violin,4,0
n04536866_19139,violin,4,2
n04536866_19183,violin,4,3
n04536866_19185,violin,4,4
n04536866_19253,violin,4,1
n04536866_1926,violin,4,1
n04536866_19280,violin,4,2
n04536866_19309,violin,4,0
n04536866_19317,violin,4,4
n04536866_1939,violin,4,4
n04536866_19391,violin,4,1
n04536866_19476,violin,4,4
n04536866_1949,violin,4,3
n04536866_1955,violin,4,0
n04536866_19741,violin,4,0
n04536866_1975,violin,4,0
n04536866_19810,violin,4,0
n04536866_19836,violin,4,2
n04536866_19860,violin,4,3
n04536866_19901,violin,4,4
n04536866_1991,violin,4,0
n04536866_19974,violin,4,0
n04536866_20037,violin,4,3
n04536866_2005,violin,4,2
n04536866_20051,violin,4,2
n04536866_20079,violin,4,0
n04536866_20085,violin,4,4
n04536866_2013,violin,4,4
n04536866_2017,violin,4,2
n04536866_20352,violin,4,4
n04536866_20354,violin,4,4
n04536866_20374,violin,4,4
n04536866_2054,violin,4,2
n04536866_20606,violin,4,0
n04536866_20699,violin,4,2
n04536866_20709,violin,4,1
n04536866_2072,violin,4,4
n04536866_2079,violin,4,1
n04536866_208,violin,4,1
n04536866_20830,violin,4,3
n04536866_209,violin,4,4
n04536866_2091,violin,4,1
n04536866_2099,violin,4,4
n04536866_21141,violin,4,2
n04536866_2118,violin,4,1
n04536866_21211,violin,4,3
n04536866_2123,violin,4,4
n04536866_2124,violin,4,4
n04536866_2129,violin,4,0
n04536866_2141,violin,4,4
n04536866_21423,violin,4,0
n04536866_2147,violin,4,4
n04536866_21658,violin,4,1
n04536866_2170,violin,4,2
n04536866_2174,violin,4,1
n04536866_2176,violin,4,0
n04536866_2177,violin,4,1
n04536866_2183,violin,4,0
n04536866_2192,violin,4,0
n04536866_2202,violin,4,4
n04536866_22371,violin,4,3
n04536866_22391,violin,4,3
n04536866_2242,violin,4,0
n04536866_2248,violin,4,3
n04536866_2249,violin,4,2
n04536866_225,violin,4,4
n04536866_2258,violin,4,2
n04536866_2273,violin,4,0
n04536866_22955,violin,4,2
n04536866_23168,violin,4,3
n04536866_2320,violin,4,1
n04536866_2328,violin,4,3
n04536866_2330,violin,4,4
n04536866_2341,violin,4,3
n04536866_23691,violin,4,4
n04536866_238,violin,4,2
n04536866_2391,violin,4,1
n04536866_24020,violin,4,4
n04536866_2403,violin,4,4
n04536866_2421,violin,4,1
n04536866_2438,violin,4,2
n04536866_24470,violin,4,2
n04536866_2449,violin,4,3
n04536866_2466,violin,4,1
n04536866_2467,violin,4,2
n04536866_2482,violin,4,3
n04536866_2495,violin,4,2
n04536866_2515,violin,4,0
n04536866_2520,violin,4,0
n04536866_25344,violin,4,3
n04536866_2539,violin,4,0
n04536866_2545,violin,4,1
n04536866_25460,violin,4,4
n04536866_2563,violin,4,4
n04536866_25643,violin,4,3
n04536866_2571,violin,4,2
n04536866_25739,violin,4,3
n04536866_25778,violin,4,0
n04536866_25794,violin,4,1
n04536866_2599,violin,4,1
n04536866_26005,violin,4,0
n04536866_2603,violin,4,2
n04536866_26048,violin,4,4
n04536866_26106,violin,4,3
n04536866_2616,violin,4,1
n04536866_26165,violin,4,3
n04536866_2636,violin,4,1
n04536866_2645,violin,4,1
n04536866_26504,violin,4,1
n04536866_2661,violin,4,1
n04536866_2686,violin,4,4
n04536866_2687,violin,4,0
n04536866_271,violin,4,4
n04536866_2710,violin,4,0
n04536866_2718,violin,4,2
n04536866_27214,violin,4,4
n04536866_2740,violin,4,3
n04536866_2744,violin,4,3
n04536866_27501,violin,4,2
n04536866_2751,violin,4,1
n04536866_2752,violin,4,2
n04536866_2755,violin,4,1
n04536866_2764,violin,4,2
n04536866_2768,violin,4,3
n04536866_277,violin,4,3
n04536866_27717,violin,4,3
n04536866_2775,violin,4,4
n04536866_281,violin,4,0
n04536866_28111,violin,4,2
n04536866_2828,violin,4,1
n04536866_2842,violin,4,3
n04536866_2843,violin,4,0
n04536866_2848,violin,4,0
n04536866_2852,violin,4,3
n04536866_28540,violin,4,1
n04536866_2861,violin,4,0
n04536866_2874,violin,4,1
n04536866_28795,violin,4,2
n04536866_2887,violin,4,3
n04536866_2891,violin,4,0
n04536866_2904,violin,4,0
n04536866_2917,violin,4,1
n04536866_2926,violin,4,0
n04536866_2931,violin,4,0
n04536866_29376,violin,4,0
n04536866_29730,violin,4,4
n04536866_29797,violin,4,1
n04536866_2988,violin,4,2
n04536866_3006,violin,4,3
n04536866_3016,violin,4,1
n04536866_3021,violin,4,2
n04536866_3026,violin,4,2
n04536866_3030,violin,4,3
n04536866_30346,violin,4,0
n04536866_3050,violin,4,2
n04536866_3055,violin,4,4
n04536866_3059,violin,4,2
n04536866_3063,violin,4,0
n04536866_3065,violin,4,2
n04536866_30707,violin,4,3
n04536866_3071,violin,4,1
n04536866_3077,violin,4,0
n04536866_3089,violin,4,4
n04536866_3090,violin,4,3
n04536866_3094,violin,4,2
n04536866_3098,violin,4,3
n04536866_311,violin,4,2
n04536866_31217,violin,4,0
n04536866_3126,violin,4,2
n04536866_313,violin,4,4
n04536866_31488,violin,4,4
n04536866_3152,violin,4,2
n04536866_3156,violin,4,1
n04536866_3157,violin,4,2
n04536866_316,violin,4,0
n04536866_31640,violin,4,3
n04536866_31645,violin,4,2
n04536866_3168,violin,4,0
n04536866_3178,violin,4,1
n04536866_3190,violin,4,3
n04536866_3200,violin,4,2
n04536866_3204,violin,4,1
n04536866_3206,violin,4,0
n04536866_3211,violin,4,4
n04536866_3218,violin,4,2
n04536866_3219,violin,4,3
n04536866_3221,violin,4,2
n04536866_32305,violin,4,3
n04536866_32359,violin,4,1
n04536866_3241,violin,4,2
n04536866_32410,violin,4,2
n04536866_3246,violin,4,1
n04536866_32492,violin,4,0
n04536866_3254,violin,4,2
n04536866_32541,violin,4,4
n04536866_3257,violin,4,1
n04536866_3267,violin,4,0
n04536866_3276,violin,4,4
n04536866_3282,violin,4,4
n04536866_3284,violin,4,0
n04536866_3287,violin,4,2
n04536866_3307,violin,4,1
n04536866_331,violin,4,2
n04536866_33196,violin,4,4
n04536866_3327,violin,4,1
n04536866_33270,violin,4,3
n04536866_3338,violin,4,2
n04536866_3350,violin,4,1
n04536866_33538,violin,4,1
n04536866_3355,violin,4,1
n04536866_33592,violin,4,3
n04536866_336,violin,4,0
n04536866_3370,violin,4,2
n04536866_3380,violin,4,1
n04536866_3383,violin,4,1
n04536866_3384,violin,4,2
n04536866_33858,violin,4,1
n04536866_3388,violin,4,4
n04536866_3394,violin,4,0
n04536866_33950,violin,4,4
n04536866_3402,violin,4,4
n04536866_3405,violin,4,0
n04536866_3406,violin,4,1
n04536866_34215,violin,4,4
n04536866_3425,violin,4,3
n04536866_3429,violin,4,3
n04536866_3430,violin,4,1
n04536866_3438,violin,4,1
n04536866_34381,violin,4,4
n04536866_3439,violin,4,1
n04536866_34454,violin,4,4
n04536866_34509,violin,4,0
n04536866_3452,violin,4,4
n04536866_3455,violin,4,0
n04536866_34626,violin,4,1
n04536866_3465,violin,4,3
n04536866_34664,violin,4,1
n04536866_3467,violin,4,3
n04536866_34725,violin,4,3
n04536866_3475,violin,4,3
n04536866_3479,violin,4,0
n04536866_3484,violin,4,0
n04536866_3491,violin,4,0
n04536866_34926,violin,4,1
n04536866_34969,violin,4,2
n04536866_3499,violin,4,2
n04536866_35,violin,4,1
n04536866_35008,violin,4,3
n04536866_3504,violin,4,4
n04536866_352,violin,4,0
n04536866_3521,violin,4,4
n04536866_35340,violin,4,2
n04536866_35348,violin,4,3
n04536866_35365,violin,4,2
n04536866_3539,violin,4,1
n04536866_35457,violin,4,0
n04536866_3557,violin,4,2
n04536866_3568,violin,4,1
n04536866_3574,violin,4,1
n04536866_3589,violin,4,4
n04536866_3592,violin,4,3
n04536866_3606,violin,4,0
n04536866_3607,violin,4,3
n04536866_3613,violin,4,3
n04536866_3619,violin,4,2
n04536866_3622,violin,4,3
n04536866_3629,violin,4,2
n04536866_36435,violin,4,4
n04536866_3644,violin,4,1
n04536866_36440,violin,4,1
n04536866_3645,violin,4,0
n04536866_3646,violin,4,2
n04536866_36569,violin,4,2
n04536866_3661,violin,4,4
n04536866_3662,violin,4,3
n04536866_3667,violin,4,0
n04536866_3674,violin,4,4
n04536866_368,violin,4,2
n04536866_36855,violin,4,3
n04536866_36940,violin,4,4
n04536866_3696,violin,4,0
n04536866_3699,violin,4,2
n04536866_3702,violin,4,0
n04536866_3703,violin,4,0
n04536866_37058,violin,4,0
n04536866_3708,violin,4,1
n04536866_3711,violin,4,2
n04536866_37157,violin,4,3
n04536866_3717,violin,4,1
n04536866_37248,violin,4,1
n04536866_3739,violin,4,0
n04536866_3749,violin,4,4
n04536866_3754,violin,4,4
n04536866_3755,violin,4,3
n04536866_37595,violin,4,2
n04536866_3767,violin,4,4
n04536866_3770,violin,4,4
n04536866_3790,violin,4,1
n04536866_3795,violin,4,0
n04536866_3803,violin,4,4
n04536866_38045,violin,4,2
n04536866_3805,violin,4,1
n04536866_3811,violin,4,1
n04536866_3814,violin,4,4
n04536866_3822,violin,4,4
n04536866_3824,violin,4,1
n04536866_3829,violin,4,1
n04536866_3835,violin,4,4
n04536866_3844,violin,4,4
n04536866_387,violin,4,1
n04536866_3878,violin,4,2
n04536866_3880,violin,4,0
n04536866_38905,violin,4,3
n04536866_3892,violin,4,0
n04536866_3918,violin,4,3
n04536866_392,violin,4,3
n04536866_3923,violin,4,3
n04536866_3931,violin,4,0
n04536866_39496,violin,4,1
n04536866_400,violin,4,1
n04536866_4017,violin,4,4
n04536866_40219,violin,4,3
n04536866_40291,violin,4,0
n04536866_4045,violin,4,0
n04536866_4058,violin,4,2
n04536866_40591,violin,4,3
n04536866_4071,violin,4,4
n04536866_4082,violin,4,4
n04536866_4084,violin,4,4
n04536866_40899,violin,4,2
n04536866_4093,violin,4,3
n04536866_40988,violin,4,3
n04536866_41133,violin,4,3
n04536866_41386,violin,4,0
n04536866_41398,violin,4,0
n04536866_414,violin,4,3
n04536866_41543,violin,4,0
n04536866_4164,violin,4,3
n04536866_41907,violin,4,0
n04536866_41998,violin,4,3
n04536866_42150,violin,4,4
n04536866_42195,violin,4,0
n04536866_42205,violin,4,4
n04536866_4225,violin,4,2
n04536866_42337,violin,4,0
n04536866_42361,violin,4,2
n04536866_4243,violin,4,3
n04536866_4268,violin,4,1
n04536866_42721,violin,4,4
n04536866_42735,violin,4,1
n04536866_4296,violin,4,0
n04536866_4308,violin,4,2
n04536866_43121,violin,4,2
n04536866_43155,violin,4,2
n04536866_43225,violin,4,4
n04536866_43345,violin,4,1
n04536866_4335,violin,4,0
n04536866_435,violin,4,4
n04536866_4352,violin,4,2
n04536866_4355,violin,4,4
n04536866_4364,violin,4,2
n04536866_4375,violin,4,2
n04536866_4376,violin,4,2
n04536866_4380,violin,4,3
n04536866_4384,violin,4,4
n04536866_4395,violin,4,1
n04536866_4409,violin,4,3
n04536866_443,violin,4,4
n04536866_444,violin,4,1
n04536866_4462,violin,4,3
n04536866_4465,violin,4,1
n04536866_4470,violin,4,2
n04536866_4487,violin,4,3
n04536866_4495,violin,4,2
n04536866_4502,violin,4,1
n04536866_4514,violin,4,3
n04536866_4523,violin,4,4
n04536866_4525,violin,4,2
n04536866_4540,violin,4,2
n04536866_4543,violin,4,2
n04536866_4547,violin,4,1
n04536866_4549,violin,4,0
n04536866_4555,violin,4,1
n04536866_4557,violin,4,3
n04536866_4577,violin,4,0
n04536866_458,violin,4,4
n04536866_4590,violin,4,2
n04536866_4606,violin,4,4
n04536866_4608,violin,4,2
n04536866_461,violin,4,3
n04536866_4611,violin,4,3
n04536866_4617,violin,4,0
n04536866_4655,violin,4,4
n04536866_4672,violin,4,0
n04536866_4693,violin,4,0
n04536866_470,violin,4,4
n04536866_4728,violin,4,4
n04536866_473,violin,4,1
n04536866_4731,violin,4,0
n04536866_4734,violin,4,0
n04536866_475,violin,4,0
n04536866_4766,violin,4,0
n04536866_4800,violin,4,3
n04536866_4804,violin,4,2
n04536866_482,violin,4,1
n04536866_4831,violin,4,3
n04536866_4834,violin,4,4
n04536866_4874,violin,4,4
n04536866_4880,violin,4,0
n04536866_4937,violin,4,4
n04536866_4947,violin,4,3
n04536866_4953,violin,4,1
n04536866_4955,violin,4,3
n04536866_4968,violin,4,2
n04536866_4998,violin,4,0
n04536866_5057,violin,4,1
n04536866_5066,violin,4,0
n04536866_5071,violin,4,2
n04536866_5098,violin,4,0
n04536866_5116,violin,4,3
n04536866_5129,violin,4,2
n04536866_5177,violin,4,0
n04536866_5194,violin,4,2
n04536866_5216,violin,4,3
n04536866_5237,violin,4,1
n04536866_5241,violin,4,3
n04536866_526,violin,4,3
n04536866_530,violin,4,0
n04536866_5312,violin,4,4
n04536866_5316,violin,4,1
n04536866_5325,violin,4,1
n04536866_5327,violin,4,1
n04536866_5337,violin,4,0
n04536866_5349,violin,4,3
n04536866_535,violin,4,3
n04536866_5372,violin,4,1
n04536866_5387,violin,4,1
n04536866_5392,violin,4,2
n04536866_5394,violin,4,2
n04536866_5412,violin,4,3
n04536866_5435,violin,4,0
n04536866_5444,violin,4,0
n04536866_5489,violin,4,0
n04536866_5503,violin,4,1
n04536866_5517,violin,4,0
n04536866_5523,violin,4,4
n04536866_5524,violin,4,0
n04536866_5527,violin,4,3
n04536866_5541,violin,4,2
n04536866_5546,violin,4,0
n04536866_5560,violin,4,2
n04536866_557,violin,4,2
n04536866_5585,violin,4,0
n04536866_5600,violin,4,2
n04536866_5607,violin,4,0
n04536866_5608,violin,4,4
n04536866_5609,violin,4,4
n04536866_5622,violin,4,3
n04536866_5633,violin,4,2
n04536866_5634,violin,4,3
n04536866_5665,violin,4,3
n04536866_5676,violin,4,3
n04536866_5682,violin,4,4
n04536866_5683,violin,4,4
n04536866_5701,violin,4,0
n04536866_5705,violin,4,1
n04536866_5726,violin,4,1
n04536866_5734,violin,4,3
n04536866_5765,violin,4,1
n04536866_5787,violin,4,4
n04536866_5792,violin,4,3
n04536866_581,violin,4,0
n04536866_5812,violin,4,1
n04536866_5839,violin,4,3
n04536866_5845,violin,4,3
n04536866_5847,violin,4,0
n04536866_5854,violin,4,4
n04536866_5876,violin,4,0
n04536866_588,violin,4,0
n04536866_5893,violin,4,2
n04536866_5898,violin,4,4
n04536866_5925,violin,4,4
n04536866_5936,violin,4,2
n04536866_5948,violin,4,2
n04536866_5969,violin,4,1
n04536866_6009,violin,4,3
n04536866_6015,violin,4,4
n04536866_6034,violin,4,2
n04536866_607,violin,4,2
n04536866_6071,violin,4,2
n04536866_6086,violin,4,0
n04536866_6102,violin,4,1
n04536866_6103,violin,4,1
n04536866_6108,violin,4,2
n04536866_6114,violin,4,4
n04536866_6146,violin,4,2
n04536866_6209,violin,4,4
n04536866_6241,violin,4,1
n04536866_6275,violin,4,4
n04536866_6276,violin,4,1
n04536866_6286,violin,4,0
n04536866_6295,violin,4,0
n04536866_6300,violin,4,3
n04536866_6304,violin,4,1
n04536866_6338,violin,4,0
n04536866_6383,violin,4,0
n04536866_6391,violin,4,2
n04536866_6396,violin,4,2
n04536866_6403,violin,4,4
n04536866_6414,violin,4,3
n04536866_6419,violin,4,2
n04536866_6421,violin,4,2
n04536866_6423,violin,4,1
n04536866_6442,violin,4,3
n04536866_6444,violin,4,0
n04536866_6463,violin,4,4
n04536866_6505,violin,4,1
n04536866_6515,violin,4,4
n04536866_6518,violin,4,2
n04536866_6552,violin,4,1
n04536866_6561,violin,4,4
n04536866_6569,violin,4,0
n04536866_6586,violin,4,4
n04536866_6603,violin,4,1
n04536866_6609,violin,4,0
n04536866_662,violin,4,4
n04536866_663,violin,4,4
n04536866_6645,violin,4,2
n04536866_6664,violin,4,3
n04536866_670,violin,4,4
n04536866_6724,violin,4,2
n04536866_6733,violin,4,2
n04536866_6748,violin,4,0
n04536866_6760,violin,4,4
n04536866_6836,violin,4,3
n04536866_6837,violin,4,3
n04536866_6838,violin,4,4
n04536866_6875,violin,4,2
n04536866_6883,violin,4,3
n04536866_690,violin,4,3
n04536866_6901,violin,4,2
n04536866_6926,violin,4,4
n04536866_6933,violin,4,0
n04536866_6937,violin,4,0
n04536866_6953,violin,4,3
n04536866_6978,violin,4,0
n04536866_698,violin,4,3
n04536866_6994,violin,4,0
n04536866_7008,violin,4,0
n04536866_7029,violin,4,3
n04536866_703,violin,4,0
n04536866_7059,violin,4,4
n04536866_706,violin,4,1
n04536866_7061,violin,4,0
n04536866_7070,violin,4,3
n04536866_710,violin,4,4
n04536866_7128,violin,4,2
n04536866_7131,violin,4,1
n04536866_7132,violin,4,3
n04536866_7141,violin,4,4
n04536866_7142,violin,4,1
n04536866_7145,violin,4,3
n04536866_7151,violin,4,3
n04536866_7158,violin,4,0
n04536866_7192,violin,4,0
n04536866_7230,violin,4,1
n04536866_7262,violin,4,2
n04536866_7290,violin,4,3
n04536866_7303,violin,4,2
n04536866_7307,violin,4,2
n04536866_7320,violin,4,0
n04536866_7339,violin,4,4
n04536866_7367,violin,4,2
n04536866_7368,violin,4,2
n04536866_7388,violin,4,3
n04536866_7409,violin,4,3
n04536866_7444,violin,4,4
n04536866_7455,violin,4,1
n04536866_7461,violin,4,1
n04536866_7465,violin,4,3
n04536866_7470,violin,4,3
n04536866_7506,violin,4,3
n04536866_751,violin,4,4
n04536866_7529,violin,4,1
n04536866_7536,violin,4,0
n04536866_7578,violin,4,1
n04536866_758,violin,4,3
n04536866_7581,violin,4,4
n04536866_7584,violin,4,2
n04536866_7585,violin,4,1
n04536866_7610,violin,4,4
n04536866_7620,violin,4,1
n04536866_7637,violin,4,3
n04536866_7644,violin,4,0
n04536866_7651,violin,4,1
n04536866_7660,violin,4,4
n04536866_7698,violin,4,1
n04536866_7704,violin,4,2
n04536866_7727,violin,4,1
n04536866_7728,violin,4,0
n04536866_7730,violin,4,2
n04536866_776,violin,4,3
n04536866_778,violin,4,2
n04536866_7781,violin,4,3
n04536866_7796,violin,4,4
n04536866_780,violin,4,0
n04536866_7817,violin,4,4
n04536866_7822,violin,4,3
n04536866_7827,violin,4,0
n04536866_7834,violin,4,1
n04536866_7845,violin,4,0
n04536866_7852,violin,4,3
n04536866_7856,violin,4,1
n04536866_7859,violin,4,0
n04536866_7860,violin,4,0
n04536866_7865,violin,4,0
n04536866_7899,violin,4,3
n04536866_7906,violin,4,2
n04536866_7909,violin,4,4
n04536866_7913,violin,4,1
n04536866_7914,violin,4,1
n04536866_7930,violin,4,1
n04536866_7934,violin,4,3
n04536866_7983,violin,4,2
n04536866_7991,violin,4,0
n04536866_8006,violin,4,4
n04536866_8010,violin,4,1
n04536866_8040,violin,4,0
n04536866_8044,violin,4,3
n04536866_805,violin,4,4
n04536866_8050,violin,4,1
n04536866_8057,violin,4,4
n04536866_8058,violin,4,4
n04536866_8074,violin,4,2
n04536866_8092,violin,4,3
n04536866_8095,violin,4,1
n04536866_8117,violin,4,2
n04536866_8137,violin,4,3
n04536866_8138,violin,4,0
n04536866_8152,violin,4,2
n04536866_8154,violin,4,4
n04536866_8163,violin,4,4
n04536866_8166,violin,4,4
n04536866_8193,violin,4,4
n04536866_8198,violin,4,3
n04536866_8201,violin,4,1
n04536866_8204,violin,4,2
n04536866_8242,violin,4,3
n04536866_8250,violin,4,0
n04536866_8269,violin,4,3
n04536866_827,violin,4,3
n04536866_8307,violin,4,3
n04536866_8313,violin,4,3
n04536866_8348,violin,4,3
n04536866_8363,violin,4,3
n04536866_8394,violin,4,1
n04536866_8410,violin,4,1
n04536866_8420,violin,4,1
n04536866_8432,violin,4,2
n04536866_8441,violin,4,0
n04536866_8454,violin,4,2
n04536866_8455,violin,4,0
n04536866_8456,violin,4,0
n04536866_8473,violin,4,3
n04536866_8474,violin,4,2
n04536866_8482,violin,4,2
n04536866_8483,violin,4,1
n04536866_8484,violin,4,4
n04536866_8520,violin,4,2
n04536866_8537,violin,4,3
n04536866_8540,violin,4,1
n04536866_8541,violin,4,4
n04536866_8545,violin,4,2
n04536866_8547,violin,4,2
n04536866_8560,violin,4,4
n04536866_8575,violin,4,0
n04536866_8579,violin,4,3
n04536866_8583,violin,4,2
n04536866_8595,violin,4,2
n04536866_8608,violin,4,1
n04536866_8611,violin,4,4
n04536866_8645,violin,4,0
n04536866_8655,violin,4,3
n04536866_8660,violin,4,0
n04536866_8664,violin,4,3
n04536866_8673,violin,4,0
n04536866_8681,violin,4,3
n04536866_871,violin,4,4
n04536866_8728,violin,4,2
n04536866_8746,violin,4,4
n04536866_875,violin,4,3
n04536866_8758,violin,4,3
n04536866_8764,violin,4,4
n04536866_8778,violin,4,1
n04536866_878,violin,4,4
n04536866_8781,violin,4,3
n04536866_8792,violin,4,3
n04536866_8808,violin,4,3
n04536866_8837,violin,4,2
n04536866_8840,violin,4,2
n04536866_8865,violin,4,4
n04536866_8871,violin,4,0
n04536866_8872,violin,4,3
n04536866_8898,violin,4,3
n04536866_8903,violin,4,0
n04536866_8908,violin,4,4
n04536866_8910,violin,4,2
n04536866_8916,violin,4,2
n04536866_8920,violin,4,2
n04536866_8922,violin,4,0
n04536866_8933,violin,4,1
n04536866_8941,violin,4,2
n04536866_8970,violin,4,4
n04536866_8982,violin,4,3
n04536866_8987,violin,4,4
n04536866_900,violin,4,2
n04536866_9025,violin,4,1
n04536866_9026,violin,4,3
n04536866_904,violin,4,2
n04536866_9049,violin,4,2
n04536866_9061,violin,4,0
n04536866_9065,violin,4,2
n04536866_9073,violin,4,0
n04536866_9076,violin,4,0
n04536866_9077,violin,4,0
n04536866_9078,violin,4,1
n04536866_9089,violin,4,0
n04536866_9090,violin,4,2
n04536866_9094,violin,4,4
n04536866_910,violin,4,3
n04536866_9114,violin,4,4
n04536866_9116,violin,4,0
n04536866_9124,violin,4,3
n04536866_9128,violin,4,3
n04536866_9129,violin,4,3
n04536866_9138,violin,4,4
n04536866_9152,violin,4,3
n04536866_9160,violin,4,4
n04536866_9162,violin,4,3
n04536866_9163,violin,4,2
n04536866_9165,violin,4,1
n04536866_9167,violin,4,3
n04536866_9175,violin,4,1
n04536866_9178,violin,4,0
n04536866_919,violin,4,4
n04536866_9193,violin,4,0
n04536866_9198,violin,4,4
n04536866_9221,violin,4,3
n04536866_9224,violin,4,2
n04536866_9228,violin,4,1
n04536866_9249,violin,4,4
n04536866_9256,violin,4,3
n04536866_9262,violin,4,1
n04536866_9266,violin,4,2
n04536866_9271,violin,4,0
n04536866_9275,violin,4,2
n04536866_9278,violin,4,3
n04536866_929,violin,4,1
n04536866_9322,violin,4,0
n04536866_935,violin,4,2
n04536866_9360,violin,4,1
n04536866_9368,violin,4,2
n04536866_9369,violin,4,3
n04536866_9391,violin,4,0
n04536866_9399,violin,4,2
n04536866_9400,violin,4,2
n04536866_9402,violin,4,1
n04536866_9403,violin,4,3
n04536866_9416,violin,4,0
n04536866_9417,violin,4,1
n04536866_9419,violin,4,1
n04536866_9422,violin,4,3
n04536866_9429,violin,4,1
n04536866_9435,violin,4,2
n04536866_9446,violin,4,2
n04536866_9448,violin,4,1
n04536866_9451,violin,4,0
n04536866_947,violin,4,0
n04536866_9471,violin,4,0
n04536866_9475,violin,4,3
n04536866_9486,violin,4,1
n04536866_9505,violin,4,1
n04536866_9516,violin,4,4
n04536866_9521,violin,4,1
n04536866_9528,violin,4,3
n04536866_9541,violin,4,1
n04536866_9544,violin,4,2
n04536866_9548,violin,4,4
n04536866_9550,violin,4,3
n04536866_9553,violin,4,3
n04536866_9554,violin,4,3
n04536866_9561,violin,4,3
n04536866_9563,violin,4,0
n04536866_9565,violin,4,0
n04536866_9576,violin,4,3
n04536866_9586,violin,4,1
n04536866_9587,violin,4,2
n04536866_9598,violin,4,4
n04536866_9602,violin,4,4
n04536866_9611,violin,4,1
n04536866_9627,violin,4,0
n04536866_963,violin,4,1
n04536866_9631,violin,4,1
n04536866_9637,violin,4,3
n04536866_965,violin,4,4
n04536866_9666,violin,4,1
n04536866_967,violin,4,0
n04536866_9684,violin,4,1
n04536866_9685,violin,4,3
n04536866_970,violin,4,0
n04536866_9718,violin,4,1
n04536866_9723,violin,4,0
n04536866_9748,violin,4,0
n04536866_9751,violin,4,3
n04536866_9768,violin,4,0
n04536866_9769,violin,4,1
n04536866_9772,violin,4,3
n04536866_9786,violin,4,0
n04536866_9787,violin,4,1
n04536866_9798,violin,4,2
n04536866_98,violin,4,0
n04536866_9800,violin,4,3
n04536866_9801,violin,4,2
n04536866_9808,violin,4,0
n04536866_9836,violin,4,2
n04536866_9844,violin,4,4
n04536866_9856,violin,4,1
n04536866_9860,violin,4,4
n04536866_9862,violin,4,3
n04536866_9872,violin,4,4
n04536866_9901,violin,4,2
n04536866_9903,violin,4,4
n04536866_9910,violin,4,2
n04536866_9941,violin,4,2
n04536866_9945,violin,4,1
n04536866_9956,violin,4,2
n04536866_9957,violin,4,3
n04536866_9967,violin,4,3
n04536866_9974,violin,4,0
n04536866_998,violin,4,0
