stem,cls,repeat,fold
n02701002_1,ambulance,0,1
n02701002_10,ambulance,0,3
n02701002_10004,ambulance,0,1
n02701002_1003,ambulance,0,4
n02701002_10046,ambulance,0,3
n02701002_10068,ambulance,0,2
n02701002_1007,ambulance,0,0
n02701002_10073,ambulance,0,0
n02701002_10091,ambulance,0,0
n02701002_10092,ambulance,0,0
n02701002_101,ambulance,0,1
n02701002_10156,ambulance,0,4
n02701002_1020,ambulance,0,3
n02701002_10200,ambulance,0,2
n02701002_1023,ambulance,0,1
n02701002_10251,ambulance,0,1
n02701002_10253,ambulance,0,0
n02701002_10279,ambulance,0,4
n02701002_1029,ambulance,0,1
n02701002_10324,ambulance,0,4
n02701002_10333,ambulance,0,2
n02701002_1035,ambulance,0,3
n02701002_10365,ambulance,0,4
n02701002_1038,ambulance,0,2
n02701002_10391,ambulance,0,4
n02701002_1040,ambulance,0,1
n02701002_1041,ambulance,0,0
n02701002_10422,ambulance,0,1
n02701002_1044,ambulance,0,1
n02701002_10444,ambulance,0,4
n02701002_10452,ambulance,0,0
n02701002_10497,ambulance,0,3
n02701002_1051,ambulance,0,1
n02701002_10558,ambulance,0,4
n02701002_1056,ambulance,0,1
n02701002_1059,ambulance,0,2
n02701002_10624,ambulance,0,3
n02701002_10625,ambulance,0,2
n02701002_1063,ambulance,0,2
n02701002_10648,ambulance,0,4
n02701002_10678,ambulance,0,4
n02701002_107,ambulance,0,4
n02701002_1070,ambulance,0,2
n02701002_10707,ambulance,0,4
n02701002_1073,ambulance,0,3
n02701002_10736,ambulance,0,0
n02701002_10745,ambulance,0,1
n02701002_1076,ambulance,0,1
n02701002_10767,ambulance,0,4
n02701002_1078,ambulance,0,2
n02701002_108,ambulance,0,3
n02701002_10847,ambulance,0,0
n02701002_1086,ambulance,0,4
n02701002_1087,ambulance,0,4
n02701002_10888,ambulance,0,0
n02701002_10894,ambulance,0,4
n02701002_1091,ambulance,0,2
n02701002_1092,ambulance,0,3
n02701002_10922,ambulance,0,3
n02701002_10926,ambulance,0,2
n02701002_10937,ambulance,0,1
n02701002_1094,ambulance,0,0
n02701002_10956,ambulance,0,2
n02701002_1096,ambulance,0,1
n02701002_11014,ambulance,0,0
n02701002_11017,ambulance,0,4
n02701002_11033,ambulance,0,4
n02701002_11048,ambulance,0,0
n02701002_1107,ambulance,0,2
n02701002_11083,ambulance,0,0
n02701002_11109,ambulance,0,1
n02701002_1112,ambulance,0,4
n02701002_1117,ambulance,0,2
n02701002_11206,ambulance,0,4
n02701002_11209,ambulance,0,3
n02701002_1126,ambulance,0,4
n02701002_11283,ambulance,0,3
n02701002_11320,ambulance,0,3
n02701002_11363,ambulance,0,0
n02701002_11393,ambulance,0,0
n02701002_114,ambulance,0,2
n02701002_11426,ambulance,0,0
n02701002_11433,ambulance,0,1
n02701002_1144,ambulance,0,2
n02701002_1146,ambulance,0,3
n02701002_11489,ambulance,0,1
n02701002_11492,ambulance,0,0
n02701002_115,ambulance,0,0
n02701002_1151,ambulance,0,4
n02701002_11574,ambulance,0,1
n02701002_1159,ambulance,0,1
n02701002_11595,ambulance,0,2
n02701002_11610,ambulance,0,2
n02701002_11614,ambulance,0,2
n02701002_11621,ambulance,0,0
n02701002_11647,ambulance,0,4
n02701002_11668,ambulance,0,2
n02701002_11677,ambulance,0,3
n02701002_11725,ambulance,0,1
n02701002_11738,ambulance,0,0
n02701002_1175,ambulance,0,1
n02701002_11756,ambulance,0,0
n02701002_1177,ambulance,0,0
n02701002_11773,ambulance,0,2
n02701002_11786,ambulance,0,3
n02701002_11790,ambulance,0,1
n02701002_11802,ambulance,0,4
n02701002_1182,ambulance,0,3
n02701002_1183,ambulance,0,3
n02701002_11841,ambulance,0,4
n02701002_11874,ambulance,0,0
n02701002_11882,ambulance,0,3
n02701002_11890,ambulance,0,3
n02701002_11912,ambulance,0,0
n02701002_11927,ambulance,0,0
n02701002_1195,ambulance,0,2
n02701002_11954,ambulance,0,2
n02701002_11976,ambulance,0,1
n02701002_1201,ambulance,0,3
n02701002_12025,ambulance,0,0
n02701002_1204,ambulance,0,3
n02701002_1207,ambulance,0,1
n02701002_12098,ambulance,0,2
n02701002_121,ambulance,0,2
n02701002_1213,ambulance,0,1
n02701002_12136,ambulance,0,3
n02701002_1215,ambulance,0,2
n02701002_12156,ambulance,0,2
n02701002_1216,ambulance,0,2
n02701002_12204,ambulance,0,4
n02701002_12242,ambulance,0,1
n02701002_12262,ambulance,0,2
n02701002_12264,ambulance,0,2
n02701002_12277,ambulance,0,1
n02701002_12278,ambulance,0,0
n02701002_1228,ambulance,0,3
n02701002_12301,ambulance,0,0
n02701002_12310,ambulance,0,3
n02701002_12331,ambulance,0,2
n02701002_1234,ambulance,0,3
n02701002_124,ambulance,0,3
n02701002_12415,ambulance,0,2
n02701002_1242,ambulance,0,1
n02701002_12421,ambulance,0,0
n02701002_12429,ambulance,0,4
n02701002_12456,ambulance,0,1
n02701002_1247,ambulance,0,2
n02701002_1249,ambulance,0,1
n02701002_12497,ambulance,0,2
n02701002_12513,ambulance,0,2
n02701002_12514,ambulance,0,0
n02701002_1252,ambulance,0,4
n02701002_1253,ambulance,0,1
n02701002_12543,ambulance,0,3
n02701002_12561,ambulance,0,1
n02701002_12570,ambulance,0,2
n02701002_12587,ambulance,0,1
n02701002_12601,ambulance,0,2
n02701002_12622,ambulance,0,0
n02701002_12630,ambulance,0,2
n02701002_1264,ambulance,0,1
n02701002_1269,ambulance,0,1
n02701002_1270,ambulance,0,0
n02701002_12714,ambulance,0,2
n02701002_1272,ambulance,0,3
n02701002_1274,ambulance,0,0
n02701002_12757,ambulance,0,1
n02701002_12762,ambulance,0,3
n02701002_1279,ambulance,0,4
n02701002_12796,ambulance,0,4
n02701002_128,ambulance,0,2
n02701002_1286,ambulance,0,3
n02701002_12867,ambulance,0,3
n02701002_1287,ambulance,0,4
n02701002_12876,ambulance,0,3
n02701002_12944,ambulance,0,2
n02701002_12953,ambulance,0,1
n02701002_12954,ambulance,0,1
n02701002_12964,ambulance,0,2
n02701002_12971,ambulance,0,2
n02701002_12991,ambulance,0,0
n02701002_13027,ambulance,0,0
n02701002_1303,ambulance,0,1
n02701002_13052,ambulance,0,2
n02701002_13054,ambulance,0,2
n02701002_1315,ambulance,0,0
n02701002_13156,ambulance,0,0
n02701002_1316,ambulance,0,1
n02701002_13169,ambulance,0,3
n02701002_1318,ambulance,0,0
n02701002_13213,ambulance,0,0
n02701002_1325,ambulance,0,4
n02701002_13255,ambulance,0,3
n02701002_13263,ambulance,0,1
n02701002_13277,ambulance,0,0
n02701002_1330,ambulance,0,0
n02701002_1332,ambulance,0,3
n02701002_13345,ambulance,0,4
n02701002_13370,ambulance,0,2
n02701002_1341,ambulance,0,0
n02701002_1343,ambulance,0,4
n02701002_1347,ambulance,0,2
n02701002_13494,ambulance,0,4
n02701002_13507,ambulance,0,0
n02701002_13509,ambulance,0,4
n02701002_13560,ambulance,0,1
n02701002_13564,ambulance,0,3
n02701002_1358,ambulance,0,1
n02701002_13584,ambulance,0,0
n02701002_13594,ambulance,0,2
n02701002_13599,ambulance,0,1
n02701002_1361,ambulance,0,3
n02701002_13613,ambulance,0,3
n02701002_1364,ambulance,0,0
n02701002_13667,ambulance,0,0
n02701002_13688,ambulance,0,4
n02701002_13690,ambulance,0,2
n02701002_13698,ambulance,0,4
n02701002_1371,ambulance,0,4
n02701002_13733,ambulance,0,4
n02701002_13751,ambulance,0,1
n02701002_13780,ambulance,0,0
n02701002_13781,ambulance,0,4
n02701002_13793,ambulance,0,0
n02701002_13808,ambulance,0,0
n02701002_1382,ambulance,0,0
n02701002_13820,ambulance,0,4
n02701002_13824,ambulance,0,0
n02701002_1384,ambulance,0,1
n02701002_1386,ambulance,0,3
n02701002_13900,ambulance,0,0
n02701002_1393,ambulance,0,2
n02701002_13949,ambulance,0,0
n02701002_13980,ambulance,0,0
n02701002_1400,ambulance,0,0
n02701002_1401,ambulance,0,1
n02701002_14013,ambulance,0,2
n02701002_14031,ambulance,0,4
n02701002_14032,ambulance,0,3
n02701002_1404,ambulance,0,4
n02701002_14050,ambulance,0,1
n02701002_14080,ambulance,0,1
n02701002_14122,ambulance,0,3
n02701002_1414,ambulance,0,2
n02701002_1415,ambulance,0,1
n02701002_14159,ambulance,0,4
n02701002_14200,ambulance,0,1
n02701002_14209,ambulance,0,3
n02701002_14217,ambulance,0,1
n02701002_14226,ambulance,0,0
n02701002_14241,ambulance,0,1
n02701002_14275,ambulance,0,0
n02701002_1428,ambulance,0,2
n02701002_14308,ambulance,0,3
n02701002_14327,ambulance,0,4
n02701002_14383,ambulance,0,4
n02701002_14392,ambulance,0,4
n02701002_1440,ambulance,0,3
n02701002_1441,ambulance,0,3
n02701002_14440,ambulance,0,4
n02701002_14446,ambulance,0,1
n02701002_14450,ambulance,0,3
n02701002_1447,ambulance,0,0
n02701002_1448,ambulance,0,1
n02701002_14502,ambulance,0,4
n02701002_1451,ambulance,0,0
n02701002_14514,ambulance,0,1
n02701002_14530,ambulance,0,0
n02701002_1454,ambulance,0,0
n02701002_14541,ambulance,0,3
n02701002_1455,ambulance,0,4
n02701002_14576,ambulance,0,2
n02701002_14582,ambulance,0,3
n02701002_1459,ambulance,0,3
n02701002_14591,ambulance,0,0
n02701002_1460,ambulance,0,3
n02701002_1463,ambulance,0,0
n02701002_1468,ambulance,0,2
n02701002_14690,ambulance,0,4
n02701002_1470,ambulance,0,1
n02701002_1471,ambulance,0,0
n02701002_14816,ambulance,0,1
n02701002_1482,ambulance,0,0
n02701002_14861,ambulance,0,3
n02701002_1487,ambulance,0,4
n02701002_14871,ambulance,0,1
n02701002_14887,ambulance,0,3
n02701002_1489,ambulance,0,2
n02701002_1490,ambulance,0,1
n02701002_14926,ambulance,0,4
n02701002_1493,ambulance,0,2
n02701002_14965,ambulance,0,3
n02701002_1497,ambulance,0,3
n02701002_1499,ambulance,0,2
n02701002_15045,ambulance,0,0
n02701002_1506,ambulance,0,4
n02701002_15073,ambulance,0,0
n02701002_1508,ambulance,0,3
n02701002_15080,ambulance,0,0
n02701002_1509,ambulance,0,1
n02701002_1511,ambulance,0,1
n02701002_1515,ambulance,0,3
n02701002_15167,ambulance,0,3
n02701002_15182,ambulance,0,3
n02701002_15197,ambulance,0,3
n02701002_1526,ambulance,0,4
n02701002_15279,ambulance,0,1
n02701002_1528,ambulance,0,3
n02701002_15289,ambulance,0,2
n02701002_1533,ambulance,0,3
n02701002_1535,ambulance,0,0
n02701002_1537,ambulance,0,4
n02701002_15383,ambulance,0,3
n02701002_15392,ambulance,0,0
n02701002_154,ambulance,0,1
n02701002_1540,ambulance,0,1
n02701002_1541,ambulance,0,3
n02701002_15411,ambulance,0,4
n02701002_15417,ambulance,0,0
n02701002_1542,ambulance,0,1
n02701002_15420,ambulance,0,2
n02701002_15423,ambulance,0,2
n02701002_15428,ambulance,0,2
n02701002_1547,ambulance,0,4
n02701002_15523,ambulance,0,4
n02701002_1553,ambulance,0,0
n02701002_1555,ambulance,0,0
n02701002_15550,ambulance,0,1
n02701002_1557,ambulance,0,3
n02701002_15583,ambulance,0,3
n02701002_15609,ambulance,0,1
n02701002_1562,ambulance,0,1
n02701002_15638,ambulance,0,3
n02701002_15645,ambulance,0,3
n02701002_1565,ambulance,0,4
n02701002_15668,ambulance,0,1
n02701002_15727,ambulance,0,3
n02701002_15748,ambulance,0,1
n02701002_1576,ambulance,0,4
n02701002_15774,ambulance,0,2
n02701002_1578,ambulance,0,1
n02701002_15837,ambulance,0,1
n02701002_15843,ambulance,0,1
n02701002_15859,ambulance,0,1
n02701002_1588,ambulance,0,0
n02701002_15883,ambulance,0,4
n02701002_15898,ambulance,0,3
n02701002_15919,ambulance,0,2
n02701002_1592,ambulance,0,2
n02701002_15923,ambulance,0,4
n02701002_15924,ambulance,0,2
n02701002_1594,ambulance,0,1
n02701002_1595,ambulance,0,4
n02701002_1596,ambulance,0,3
n02701002_15965,ambulance,0,4
n02701002_1599,ambulance,0,4
n02701002_15993,ambulance,0,2
n02701002_16004,ambulance,0,1
n02701002_16027,ambulance,0,3
n02701002_1605,ambulance,0,4
n02701002_16062,ambulance,0,0
n02701002_16090,ambulance,0,3
n02701002_16116,ambulance,0,0
n02701002_16125,ambulance,0,3
n02701002_1614,ambulance,0,3
n02701002_16149,ambulance,0,0
n02701002_1615,ambulance,0,4
n02701002_1617,ambulance,0,0
n02701002_16183,ambulance,0,1
n02701002_1619,ambulance,0,3
n02701002_16208,ambulance,0,0
n02701002_1622,ambulance,0,3
n02701002_1623,ambulance,0,2
n02701002_1625,ambulance,0,4
n02701002_16281,ambulance,0,3
n02701002_1630,ambulance,0,4
n02701002_1631,ambulance,0,0
n02701002_1632,ambulance,0,0
n02701002_16347,ambulance,0,1
n02701002_16357,ambulance,0,1
n02701002_16377,ambulance,0,3
n02701002_16407,ambulance,0,3
n02701002_16435,ambulance,0,0
n02701002_16488,ambulance,0,0
n02701002_1649,ambulance,0,2
n02701002_165,ambulance,0,4
n02701002_16507,ambulance,0,1
n02701002_1658,ambulance,0,3
n02701002_16592,ambulance,0,2
n02701002_1660,ambulance,0,1
n02701002_16611,ambulance,0,0
n02701002_16612,ambulance,0,2
n02701002_1662,ambulance,0,1
n02701002_1663,ambulance,0,0
n02701002_1667,ambulance,0,1
n02701002_16688,ambulance,0,2
n02701002_16707,ambulance,0,4
n02701002_16708,ambulance,0,2
n02701002_1671,ambulance,0,1
n02701002_16750,ambulance,0,2
n02701002_1678,ambulance,0,0
n02701002_16803,ambulance,0,1
n02701002_1681,ambulance,0,2
n02701002_16871,ambulance,0,2
n02701002_1689,ambulance,0,0
n02701002_1691,ambulance,0,2
n02701002_16927,ambulance,0,0
n02701002_1693,ambulance,0,4
n02701002_16932,ambulance,0,3
n02701002_1695,ambulance,0,4
n02701002_17025,ambulance,0,4
n02701002_17030,ambulance,0,0
n02701002_17039,ambulance,0,3
n02701002_17067,ambulance,0,1
n02701002_17070,ambulance,0,4
n02701002_1709,ambulance,0,4
n02701002_17113,ambulance,0,3
n02701002_17119,ambulance,0,0
n02701002_1713,ambulance,0,3
n02701002_1714,ambulance,0,3
n02701002_17140,ambulance,0,3
n02701002_17149,ambulance,0,0
n02701002_1715,ambulance,0,1
n02701002_17150,ambulance,0,3
n02701002_17168,ambulance,0,0
n02701002_17209,ambulance,0,4
n02701002_1724,ambulance,0,0
n02701002_1732,ambulance,0,3
n02701002_1733,ambulance,0,2
n02701002_1735,ambulance,0,4
n02701002_1736,ambulance,0,4
n02701002_1737,ambulance,0,0
n02701002_17385,ambulance,0,4
n02701002_17416,ambulance,0,0
n02701002_1746,ambulance,0,3
n02701002_1748,ambulance,0,0
n02701002_17485,ambulance,0,3
n02701002_17491,ambulance,0,1
n02701002_17492,ambulance,0,4
n02701002_175,ambulance,0,4
n02701002_17500,ambulance,0,3
n02701002_1753,ambulance,0,3
n02701002_17576,ambulance,0,2
n02701002_1760,ambulance,0,1
n02701002_17620,ambulance,0,3
n02701002_1767,ambulance,0,2
n02701002_17717,ambulance,0,2
n02701002_1774,ambulance,0,3
n02701002_1775,ambulance,0,3
n02701002_1776,ambulance,0,1
n02701002_1777,ambulance,0,0
n02701002_17786,ambulance,0,0
n02701002_1780,ambulance,0,0
n02701002_17823,ambulance,0,1
n02701002_1785,ambulance,0,0
n02701002_1789,ambulance,0,3
n02701002_1792,ambulance,0,4
n02701002_1793,ambulance,0,4
n02701002_17933,ambulance,0,2
n02701002_17951,ambulance,0,0
n02701002_17954,ambulance,0,3
n02701002_1797,ambulance,0,0
n02701002_1802,ambulance,0,0
n02701002_18046,ambulance,0,3
n02701002_18064,ambulance,0,1
n02701002_1811,ambulance,0,2
n02701002_18112,ambulance,0,2
n02701002_1814,ambulance,0,4
n02701002_18146,ambulance,0,1
n02701002_1816,ambulance,0,2
n02701002_18162,ambulance,0,0
n02701002_1818,ambulance,0,3
n02701002_1819,ambulance,0,3
n02701002_1820,ambulance,0,3
n02701002_18232,ambulance,0,3
n02701002_18242,ambulance,0,4
n02701002_1830,ambulance,0,2
n02701002_1832,ambulance,0,2
n02701002_18342,ambulance,0,0
n02701002_18366,ambulance,0,2
n02701002_1837,ambulance,0,0
n02701002_18372,ambulance,0,0
n02701002_1839,ambulance,0,4
n02701002_18480,ambulance,0,0
n02701002_18490,ambulance,0,2
n02701002_18507,ambulance,0,1
n02701002_18508,ambulance,0,4
n02701002_18572,ambulance,0,4
n02701002_18600,ambulance,0,3
n02701002_18607,ambulance,0,1
n02701002_1864,ambulance,0,2
n02701002_18685,ambulance,0,1
n02701002_18691,ambulance,0,2
n02701002_18725,ambulance,0,4
n02701002_1886,ambulance,0,1
n02701002_1895,ambulance,0,2
n02701002_1904,ambulance,0,1
n02701002_1911,ambulance,0,2
n02701002_1914,ambulance,0,4
n02701002_1927,ambulance,0,3
n02701002_1928,ambulance,0,4
n02701002_1939,ambulance,0,0
n02701002_1943,ambulance,0,2
n02701002_1955,ambulance,0,0
n02701002_196,ambulance,0,3
n02701002_1966,ambulance,0,2
n02701002_197,ambulance,0,4
n02701002_1971,ambulance,0,4
n02701002_198,ambulance,0,0
n02701002_1987,ambulance,0,0
n02701002_199,ambulance,0,3
n02701002_1992,ambulance,0,0
n02701002_1995,ambulance,0,3
n02701002_20,ambulance,0,2
n02701002_2001,ambulance,0,4
n02701002_2006,ambulance,0,0
n02701002_2011,ambulance,0,4
n02701002_2012,ambulance,0,2
n02701002_2019,ambulance,0,3
n02701002_2021,ambulance,0,2
n02701002_2024,ambulance,0,1
n02701002_2043,ambulance,0,3
n02701002_2056,ambulance,0,0
n02701002_2064,ambulance,0,4
n02701002_2078,ambulance,0,2
n02701002_2090,ambulance,0,3
n02701002_2091,ambulance,0,4
n02701002_2097,ambulance,0,1
n02701002_2118,ambulance,0,3
n02701002_212,ambulance,0,3
n02701002_2122,ambulance,0,2
n02701002_2131,ambulance,0,4
n02701002_2134,ambulance,0,3
n02701002_2139,ambulance,0,1
n02701002_2140,ambulance,0,4
n02701002_2154,ambulance,0,3
n02701002_2157,ambulance,0,2
n02701002_2164,ambulance,0,1
n02701002_2166,ambulance,0,2
n02701002_2177,ambulance,0,3
n02701002_2187,ambulance,0,0
n02701002_2188,ambulance,0,0
n02701002_2194,ambulance,0,3
n02701002_2201,ambulance,0,4
n02701002_2216,ambulance,0,4
n02701002_2218,ambulance,0,1
n02701002_2220,ambulance,0,0
n02701002_2221,ambulance,0,2
n02701002_2224,ambulance,0,0
n02701002_2225,ambulance,0,1
n02701002_2227,ambulance,0,4
n02701002_2229,ambulance,0,0
n02701002_224,ambulance,0,4
n02701002_2241,ambulance,0,4
n02701002_2252,ambulance,0,4
n02701002_2256,ambulance,0,2
n02701002_2259,ambulance,0,0
n02701002_2275,ambulance,0,4
n02701002_2280,ambulance,0,3
n02701002_2288,ambulance,0,1
n02701002_2297,ambulance,0,1
n02701002_2299,ambulance,0,4
n02701002_2306,ambulance,0,2
n02701002_2307,ambulance,0,3
n02701002_2311,ambulance,0,1
n02701002_2327,ambulance,0,2
n02701002_2338,ambulance,0,1
n02701002_2343,ambulance,0,4
n02701002_2358,ambulance,0,4
n02701002_2361,ambulance,0,4
n02701002_2381,ambulance,0,4
n02701002_2397,ambulance,0,0
n02701002_2405,ambulance,0,1
n02701002_2408,ambulance,0,3
n02701002_2413,ambulance,0,1
n02701002_2418,ambulance,0,0
n02701002_2422,ambulance,0,1
n02701002_2425,ambulance,0,3
n02701002_2426,ambulance,0,2
n02701002_2435,ambulance,0,4
n02701002_244,ambulance,0,0
n02701002_2447,ambulance,0,4
n02701002_2449,ambulance,0,4
n02701002_2454,ambulance,0,1
n02701002_246,ambulance,0,0
n02701002_2464,ambulance,0,4
n02701002_2470,ambulance,0,0
n02701002_2478,ambulance,0,3
n02701002_248,ambulance,0,4
n02701002_2488,ambulance,0,4
n02701002_249,ambulance,0,3
n02701002_2492,ambulance,0,3
n02701002_2493,ambulance,0,1
n02701002_2503,ambulance,0,1
n02701002_2511,ambulance,0,1
n02701002_255,ambulance,0,4
n02701002_2553,ambulance,0,3
n02701002_2565,ambulance,0,3
n02701002_2590,ambulance,0,2
n02701002_2593,ambulance,0,1
n02701002_2616,ambulance,0,0
n02701002_2624,ambulance,0,4
n02701002_2625,ambulance,0,2
n02701002_2628,ambulance,0,4
n02701002_2636,ambulance,0,3
n02701002_2638,ambulance,0,3
n02701002_2639,ambulance,0,2
n02701002_2651,ambulance,0,2
n02701002_2664,ambulance,0,0
n02701002_2683,ambulance,0,3
n02701002_2693,ambulance,0,2
n02701002_2728,ambulance,0,3
n02701002_2732,ambulance,0,2
n02701002_274,ambulance,0,1
n02701002_2740,ambulance,0,3
n02701002_2741,ambulance,0,3
n02701002_2757,ambulance,0,2
n02701002_2758,ambulance,0,3
n02701002_276,ambulance,0,1
n02701002_278,ambulance,0,2
n02701002_2780,ambulance,0,3
n02701002_2785,ambulance,0,3
n02701002_2805,ambulance,0,2
n02701002_281,ambulance,0,0
n02701002_2821,ambulance,0,3
n02701002_2825,ambulance,0,3
n02701002_2832,ambulance,0,1
n02701002_2837,ambulance,0,1
n02701002_285,ambulance,0,3
n02701002_2863,ambulance,0,2
n02701002_2868,ambulance,0,0
n02701002_287,ambulance,0,4
n02701002_2872,ambulance,0,4
n02701002_288,ambulance,0,0
n02701002_2883,ambulance,0,1
n02701002_2889,ambulance,0,1
n02701002_2894,ambulance,0,1
n02701002_290,ambulance,0,4
n02701002_2907,ambulance,0,3
n02701002_2915,ambulance,0,3
n02701002_2928,ambulance,0,3
n02701002_2935,ambulance,0,0
n02701002_2936,ambulance,0,0
n02701002_2937,ambulance,0,3
n02701002_2940,ambulance,0,3
n02701002_2945,ambulance,0,4
n02701002_2962,ambulance,0,4
n02701002_2968,ambulance,0,2
n02701002_2972,ambulance,0,4
n02701002_2980,ambulance,0,4
n02701002_2982,ambulance,0,0
n02701002_2992,ambulance,0,1
n02701002_3003,ambulance,0,3
n02701002_3008,ambulance,0,2
n02701002_3010,ambulance,0,3
n02701002_3016,ambulance,0,2
n02701002_302,ambulance,0,2
n02701002_3024,ambulance,0,0
n02701002_3025,ambulance,0,1
n02701002_3029,ambulance,0,3
n02701002_3031,ambulance,0,3
n02701002_3032,ambulance,0,4
n02701002_3040,ambulance,0,0
n02701002_3049,ambulance,0,4
n02701002_3051,ambulance,0,3
n02701002_3053,ambulance,0,4
n02701002_3066,ambulance,0,0
n02701002_3068,ambulance,0,3
n02701002_3082,ambulance,0,2
n02701002_3086,ambulance,0,1
n02701002_3087,ambulance,0,2
n02701002_3094,ambulance,0,0
n02701002_3102,ambulance,0,4
n02701002_3107,ambulance,0,0
n02701002_3112,ambulance,0,3
n02701002_3113,ambulance,0,3
n02701002_3115,ambulance,0,0
n02701002_3118,ambulance,0,2
n02701002_3132,ambulance,0,0
n02701002_3136,ambulance,0,2
n02701002_3138,ambulance,0,3
n02701002_3154,ambulance,0,3
n02701002_3155,ambulance,0,3
n02701002_3156,ambulance,0,2
n02701002_3158,ambulance,0,2
n02701002_316,ambulance,0,4
n02701002_3161,ambulance,0,2
n02701002_3165,ambulance,0,2
n02701002_3167,ambulance,0,3
n02701002_3173,ambulance,0,0
n02701002_3177,ambulance,0,3
n02701002_3183,ambulance,0,0
n02701002_3185,ambulance,0,0
n02701002_3189,ambulance,0,4
n02701002_3190,ambulance,0,2
n02701002_3200,ambulance,0,2
n02701002_3201,ambulance,0,0
n02701002_3208,ambulance,0,2
n02701002_3209,ambulance,0,1
n02701002_3210,ambulance,0,1
n02701002_3212,ambulance,0,1
n02701002_3217,ambulance,0,4
n02701002_3219,ambulance,0,2
n02701002_322,ambulance,0,4
n02701002_3221,ambulance,0,0
n02701002_3223,ambulance,0,1
n02701002_3225,ambulance,0,4
n02701002_3227,ambulance,0,0
n02701002_3231,ambulance,0,0
n02701002_3236,ambulance,0,3
n02701002_3243,ambulance,0,4
n02701002_3251,ambulance,0,2
n02701002_3252,ambulance,0,4
n02701002_3254,ambulance,0,2
n02701002_3255,ambulance,0,2
n02701002_3263,ambulance,0,1
n02701002_3265,ambulance,0,0
n02701002_3266,ambulance,0,0
n02701002_3268,ambulance,0,3
n02701002_3269,ambulance,0,0
n02701002_3276,ambulance,0,4
n02701002_3279,ambulance,0,1
n02701002_328,ambulance,0,1
n02701002_3292,ambulance,0,3
n02701002_3302,ambulance,0,4
n02701002_3305,ambulance,0,3
n02701002_3310,ambulance,0,0
n02701002_3315,ambulance,0,4
n02701002_3318,ambulance,0,1
n02701002_3324,ambulance,0,4
n02701002_3326,ambulance,0,4
n02701002_333,ambulance,0,4
n02701002_3335,ambulance,0,4
n02701002_3340,ambulance,0,0
n02701002_3346,ambulance,0,2
n02701002_3348,ambulance,0,0
n02701002_3349,ambulance,0,3
n02701002_336,ambulance,0,2
n02701002_3361,ambulance,0,0
n02701002_3372,ambulance,0,1
n02701002_3379,ambulance,0,4
n02701002_3381,ambulance,0,2
n02701002_3387,ambulance,0,1
n02701002_3389,ambulance,0,2
n02701002_3391,ambulance,0,4
n02701002_3397,ambulance,0,3
n02701002_340,ambulance,0,0
n02701002_3402,ambulance,0,3
n02701002_3405,ambulance,0,3
n02701002_3406,ambulance,0,1
n02701002_3409,ambulance,0,0
n02701002_3420,ambulance,0,4
n02701002_3423,ambulance,0,3
n02701002_3428,ambulance,0,4
n02701002_3434,ambulance,0,0
n02701002_3436,ambulance,0,3
n02701002_3441,ambulance,0,4
n02701002_3457,ambulance,0,0
n02701002_3461,ambulance,0,0
n02701002_3463,ambulance,0,0
n02701002_3466,ambulance,0,2
n02701002_3469,ambulance,0,3
n02701002_3479,ambulance,0,2
n02701002_3480,ambulance,0,3
n02701002_3481,ambulance,0,1
n02701002_3486,ambulance,0,1
n02701002_3500,ambulance,0,2
n02701002_3508,ambulance,0,3
n02701002_351,ambulance,0,2
n02701002_3514,ambulance,0,2
n02701002_3517,ambulance,0,0
n02701002_3522,ambulance,0,4
n02701002_3528,ambulance,0,3
n02701002_353,ambulance,0,3
n02701002_3530,ambulance,0,0
n02701002_3533,ambulance,0,1
n02701002_354,ambulance,0,4
n02701002_3542,ambulance,0,3
n02701002_3543,ambulance,0,2
n02701002_3549,ambulance,0,3
n02701002_3553,ambulance,0,3
n02701002_3559,ambulance,0,0
n02701002_356,ambulance,0,3
n02701002_3561,ambulance,0,0
n02701002_3563,ambulance,0,4
n02701002_3564,ambulance,0,0
n02701002_3572,ambulance,0,1
n02701002_3573,ambulance,0,4
n02701002_3579,ambulance,0,0
n02701002_3584,ambulance,0,3
n02701002_3592,ambulance,0,0
n02701002_3598,ambulance,0,0
n02701002_3599,ambulance,0,3
n02701002_3601,ambulance,0,2
n02701002_3608,ambulance,0,1
n02701002_3612,ambulance,0,0
n02701002_3615,ambulance,0,0
n02701002_3616,ambulance,0,1
n02701002_3629,ambulance,0,3
n02701002_3632,ambulance,0,1
n02701002_3633,ambulance,0,2
n02701002_3639,ambulance,0,3
n02701002_3644,ambulance,0,4
n02701002_3646,ambulance,0,4
n02701002_3660,ambulance,0,1
n02701002_3664,ambulance,0,0
n02701002_3665,ambulance,0,0
n02701002_3668,ambulance,0,1
n02701002_3669,ambulance,0,2
n02701002_3672,ambulance,0,3
n02701002_3673,ambulance,0,0
n02701002_3674,ambulance,0,4
n02701002_368,ambulance,0,1
n02701002_3680,ambulance,0,1
n02701002_3682,ambulance,0,0
n02701002_369,ambulance,0,1
n02701002_3690,ambulance,0,2
n02701002_3694,ambulance,0,2
n02701002_3698,ambulance,0,2
n02701002_37,ambulance,0,0
n02701002_3700,ambulance,0,0
n02701002_3705,ambulance,0,0
n02701002_3713,ambulance,0,2
n02701002_3717,ambulance,0,4
n02701002_3719,ambulance,0,0
n02701002_3729,ambulance,0,2
n02701002_373,ambulance,0,1
n02701002_3735,ambulance,0,4
n02701002_3744,ambulance,0,2
n02701002_3755,ambulance,0,1
n02701002_3759,ambulance,0,3
n02701002_3762,ambulance,0,0
n02701002_3768,ambulance,0,4
n02701002_3776,ambulance,0,3
n02701002_3783,ambulance,0,3
n02701002_3789,ambulance,0,2
n02701002_3798,ambulance,0,2
n02701002_3801,ambulance,0,0
n02701002_3806,ambulance,0,3
n02701002_381,ambulance,0,4
n02701002_3827,ambulance,0,1
n02701002_383,ambulance,0,0
n02701002_3830,ambulance,0,0
n02701002_3833,ambulance,0,0
n02701002_3846,ambulance,0,4
n02701002_3850,ambulance,0,1
n02701002_3855,ambulance,0,3
n02701002_3857,ambulance,0,3
n02701002_3858,ambulance,0,1
n02701002_3862,ambulance,0,4
n02701002_3863,ambulance,0,0
n02701002_3866,ambulance,0,3
n02701002_3869,ambulance,0,3
n02701002_3872,ambulance,0,2
n02701002_3874,ambulance,0,1
n02701002_3884,ambulance,0,3
n02701002_3895,ambulance,0,0
n02701002_3897,ambulance,0,4
n02701002_3898,ambulance,0,0
n02701002_390,ambulance,0,0
n02701002_3902,ambulance,0,2
n02701002_3904,ambulance,0,0
n02701002_3906,ambulance,0,3
n02701002_3907,ambulance,0,3
n02701002_3912,ambulance,0,0
n02701002_3925,ambulance,0,2
n02701002_3927,ambulance,0,0
n02701002_3932,ambulance,0,2
n02701002_3934,ambulance,0,3
n02701002_3940,ambulance,0,4
n02701002_3941,ambulance,0,3
n02701002_3943,ambulance,0,1
n02701002_3950,ambulance,0,0
n02701002_3952,ambulance,0,1
n02701002_3953,ambulance,0,4
n02701002_3955,ambulance,0,1
n02701002_396,ambulance,0,2
n02701002_3966,ambulance,0,2
n02701002_3975,ambulance,0,4
n02701002_3978,ambulance,0,3
n02701002_3979,ambulance,0,2
n02701002_3985,ambulance,0,1
n02701002_3987,ambulance,0,3
n02701002_3989,ambulance,0,4
n02701002_3993,ambulance,0,1
n02701002_3996,ambulance,0,0
n02701002_3999,ambulance,0,1
n02701002_4009,ambulance,0,2
n02701002_4010,ambulance,0,2
n02701002_4016,ambulance,0,2
n02701002_4024,ambulance,0,4
n02701002_4027,ambulance,0,3
n02701002_4030,ambulance,0,1
n02701002_4031,ambulance,0,4
n02701002_4032,ambulance,0,3
n02701002_4033,ambulance,0,2
n02701002_4038,ambulance,0,1
n02701002_4045,ambulance,0,3
n02701002_4047,ambulance,0,0
n02701002_4048,ambulance,0,2
n02701002_4062,ambulance,0,4
n02701002_4063,ambulance,0,4
n02701002_4065,ambulance,0,3
n02701002_4071,ambulance,0,2
n02701002_4073,ambulance,0,0
n02701002_4074,ambulance,0,1
n02701002_4092,ambulance,0,1
n02701002_4095,ambulance,0,2
n02701002_4108,ambulance,0,2
n02701002_4112,ambulance,0,4
n02701002_4121,ambulance,0,2
n02701002_4125,ambulance,0,1
n02701002_4127,ambulance,0,0
n02701002_4128,ambulance,0,1
n02701002_4129,ambulance,0,0
n02701002_4139,ambulance,0,2
n02701002_4148,ambulance,0,4
n02701002_4150,ambulance,0,0
n02701002_4152,ambulance,0,4
n02701002_4155,ambulance,0,4
n02701002_4158,ambulance,0,0
n02701002_4171,ambulance,0,1
n02701002_4174,ambulance,0,3
n02701002_4178,ambulance,0,0
n02701002_4186,ambulance,0,3
n02701002_4194,ambulance,0,0
n02701002_4198,ambulance,0,3
n02701002_4203,ambulance,0,1
n02701002_421,ambulance,0,2
n02701002_4212,ambulance,0,1
n02701002_4219,ambulance,0,2
n02701002_4221,ambulance,0,0
n02701002_4223,ambulance,0,1
n02701002_4229,ambulance,0,3
n02701002_4231,ambulance,0,2
n02701002_4234,ambulance,0,0
n02701002_4241,ambulance,0,2
n02701002_4252,ambulance,0,1
n02701002_4262,ambulance,0,1
n02701002_4264,ambulance,0,2
n02701002_4266,ambulance,0,0
n02701002_4274,ambulance,0,1
n02701002_4276,ambulance,0,4
n02701002_4279,ambulance,0,2
n02701002_4286,ambulance,0,0
n02701002_4287,ambulance,0,2
n02701002_4289,ambulance,0,2
n02701002_4296,ambulance,0,4
n02701002_4299,ambulance,0,0
n02701002_4302,ambulance,0,3
n02701002_4311,ambulance,0,4
n02701002_4312,ambulance,0,4
n02701002_4314,ambulance,0,3
n02701002_4317,ambulance,0,2
n02701002_4340,ambulance,0,0
n02701002_4341,ambulance,0,1
n02701002_4347,ambulance,0,2
n02701002_4349,ambulance,0,4
n02701002_4351,ambulance,0,3
n02701002_4353,ambulance,0,4
n02701002_436,ambulance,0,4
n02701002_4360,ambulance,0,1
n02701002_4363,ambulance,0,4
n02701002_4364,ambulance,0,0
n02701002_4371,ambulance,0,1
n02701002_4379,ambulance,0,0
n02701002_4386,ambulance,0,2
n02701002_4391,ambulance,0,2
n02701002_4392,ambulance,0,4
n02701002_4397,ambulance,0,0
n02701002_4401,ambulance,0,4
n02701002_4403,ambulance,0,0
n02701002_4404,ambulance,0,1
n02701002_4414,ambulance,0,3
n02701002_4419,ambulance,0,4
n02701002_4425,ambulance,0,4
n02701002_4426,ambulance,0,1
n02701002_4431,ambulance,0,0
n02701002_4433,ambulance,0,3
n02701002_4434,ambulance,0,2
n02701002_4436,ambulance,0,2
n02701002_4438,ambulance,0,2
n02701002_4439,ambulance,0,4
n02701002_4449,ambulance,0,1
n02701002_4468,ambulance,0,1
n02701002_4474,ambulance,0,2
n02701002_4482,ambulance,0,3
n02701002_4496,ambulance,0,1
n02701002_4500,ambulance,0,4
n02701002_4504,ambulance,0,2
n02701002_4507,ambulance,0,3
n02701002_4512,ambulance,0,3
n02701002_4522,ambulance,0,2
n02701002_4528,ambulance,0,0
n02701002_4533,ambulance,0,4
n02701002_4538,ambulance,0,2
n02701002_4540,ambulance,0,2
n02701002_4547,ambulance,0,4
n02701002_4558,ambulance,0,3
n02701002_4562,ambulance,0,0
n02701002_4566,ambulance,0,4
n02701002_4568,ambulance,0,3
n02701002_4572,ambulance,0,3
n02701002_4577,ambulance,0,0
n02701002_4581,ambulance,0,2
n02701002_4598,ambulance,0,1
n02701002_46,ambulance,0,2
n02701002_4600,ambulance,0,2
n02701002_4603,ambulance,0,4
n02701002_4604,ambulance,0,0
n02701002_4607,ambulance,0,0
n02701002_4611,ambulance,0,0
n02701002_4615,ambulance,0,0
n02701002_4616,ambulance,0,4
n02701002_4624,ambulance,0,1
n02701002_4628,ambulance,0,0
n02701002_4635,ambulance,0,3
n02701002_4637,ambulance,0,0
n02701002_4644,ambulance,0,3
n02701002_4646,ambulance,0,2
n02701002_4662,ambulance,0,3
n02701002_4664,ambulance,0,3
n02701002_4666,ambulance,0,1
n02701002_467,ambulance,0,3
n02701002_4675,ambulance,0,4
n02701002_4678,ambulance,0,0
n02701002_468,ambulance,0,1
n02701002_4700,ambulance,0,4
n02701002_4701,ambulance,0,0
n02701002_4714,ambulance,0,3
n02701002_4717,ambulance,0,0
n02701002_4735,ambulance,0,1
n02701002_4737,ambulance,0,2
n02701002_4740,ambulance,0,1
n02701002_4752,ambulance,0,0
n02701002_4754,ambulance,0,1
n02701002_4756,ambulance,0,4
n02701002_4771,ambulance,0,0
n02701002_4781,ambulance,0,4
n02701002_4785,ambulance,0,4
n02701002_4793,ambulance,0,1
n02701002_4796,ambulance,0,3
n02701002_4797,ambulance,0,4
n02701002_4806,ambulance,0,3
n02701002_4818,ambulance,0,2
n02701002_4820,ambulance,0,2
n02701002_4827,ambulance,0,4
n02701002_4830,ambulance,0,1
n02701002_4842,ambulance,0,3
n02701002_4863,ambulance,0,0
n02701002_4864,ambulance,0,2
n02701002_4866,ambulance,0,4
n02701002_4867,ambulance,0,3
n02701002_4873,ambulance,0,4
n02701002_4876,ambulance,0,1
n02701002_4886,ambulance,0,2
n02701002_4891,ambulance,0,1
n02701002_4894,ambulance,0,2
n02701002_4896,ambulance,0,4
n02701002_4897,ambulance,0,0
n02701002_4902,ambulance,0,2
n02701002_4903,ambulance,0,1
n02701002_4909,ambulance,0,4
n02701002_4910,ambulance,0,3
n02701002_4913,ambulance,0,1
n02701002_4915,ambulance,0,3
n02701002_4917,ambulance,0,2
n02701002_4922,ambulance,0,2
n02701002_4924,ambulance,0,1
n02701002_4930,ambulance,0,1
n02701002_4937,ambulance,0,0
n02701002_4944,ambulance,0,4
n02701002_4948,ambulance,0,1
n02701002_4951,ambulance,0,3
n02701002_4953,ambulance,0,4
n02701002_4955,ambulance,0,1
n02701002_4956,ambulance,0,3
n02701002_496,ambulance,0,2
n02701002_497,ambulance,0,3
n02701002_4984,ambulance,0,4
n02701002_4987,ambulance,0,1
n02701002_4990,ambulance,0,1
n02701002_4992,ambulance,0,1
n02701002_4996,ambulance,0,3
n02701002_5013,ambulance,0,3
n02701002_5014,ambulance,0,3
n02701002_5016,ambulance,0,4
n02701002_5017,ambulance,0,4
n02701002_502,ambulance,0,4
n02701002_5021,ambulance,0,2
n02701002_5023,ambulance,0,3
n02701002_5028,ambulance,0,0
n02701002_5032,ambulance,0,1
n02701002_5041,ambulance,0,0
n02701002_5043,ambulance,0,1
n02701002_5055,ambulance,0,2
n02701002_506,ambulance,0,3
n02701002_5084,ambulance,0,0
n02701002_5096,ambulance,0,2
n02701002_5103,ambulance,0,2
n02701002_5104,ambulance,0,0
n02701002_5105,ambulance,0,4
n02701002_5110,ambulance,0,0
n02701002_512,ambulance,0,2
n02701002_5121,ambulance,0,2
n02701002_5126,ambulance,0,3
n02701002_5138,ambulance,0,2
n02701002_5142,ambulance,0,0
n02701002_5143,ambulance,0,3
n02701002_5155,ambulance,0,0
n02701002_5158,ambulance,0,2
n02701002_5162,ambulance,0,2
n02701002_5165,ambulance,0,3
n02701002_5174,ambulance,0,4
n02701002_5177,ambulance,0,3
n02701002_5180,ambulance,0,4
n02701002_5188,ambulance,0,2
n02701002_5190,ambulance,0,0
n02701002_5191,ambulance,0,4
n02701002_5198,ambulance,0,4
n02701002_5206,ambulance,0,4
n02701002_521,ambulance,0,0
n02701002_5215,ambulance,0,1
n02701002_5217,ambulance,0,4
n02701002_5223,ambulance,0,2
n02701002_5224,ambulance,0,0
n02701002_5238,ambulance,0,0
n02701002_5241,ambulance,0,4
n02701002_5247,ambulance,0,0
n02701002_5258,ambulance,0,2
n02701002_5271,ambulance,0,3
n02701002_5279,ambulance,0,2
n02701002_5284,ambulance,0,2
n02701002_5288,ambulance,0,1
n02701002_5292,ambulance,0,1
n02701002_5302,ambulance,0,4
n02701002_5322,ambulance,0,1
n02701002_5349,ambulance,0,1
n02701002_535,ambulance,0,3
n02701002_5360,ambulance,0,3
n02701002_5376,ambulance,0,4
n02701002_538,ambulance,0,0
n02701002_5382,ambulance,0,3
n02701002_539,ambulance,0,4
n02701002_5390,ambulance,0,4
n02701002_5405,ambulance,0,2
n02701002_5406,ambulance,0,0
n02701002_5409,ambulance,0,2
n02701002_5419,ambulance,0,2
n02701002_5429,ambulance,0,0
n02701002_5432,ambulance,0,4
n02701002_5433,ambulance,0,2
n02701002_5435,ambulance,0,3
n02701002_5439,ambulance,0,3
n02701002_5455,ambulance,0,4
n02701002_5457,ambulance,0,1
n02701002_5458,ambulance,0,1
n02701002_5483,ambulance,0,1
n02701002_5486,ambulance,0,4
n02701002_5496,ambulance,0,0
n02701002_550,ambulance,0,0
n02701002_5501,ambulance,0,0
n02701002_5502,ambulance,0,1
n02701002_5513,ambulance,0,1
n02701002_5514,ambulance,0,2
n02701002_5523,ambulance,0,4
n02701002_5524,ambulance,0,3
n02701002_5530,ambulance,0,0
n02701002_5538,ambulance,0,1
n02701002_5541,ambulance,0,0
n02701002_5549,ambulance,0,4
n02701002_5552,ambulance,0,1
n02701002_5554,ambulance,0,2
n02701002_5555,ambulance,0,0
n02701002_5560,ambulance,0,4
n02701002_5562,ambulance,0,0
n02701002_5564,ambulance,0,2
n02701002_5578,ambulance,0,3
n02701002_5586,ambulance,0,1
n02701002_5594,ambulance,0,3
n02701002_5598,ambulance,0,1
n02701002_560,ambulance,0,0
n02701002_5609,ambulance,0,1
n02701002_5610,ambulance,0,1
n02701002_5615,ambulance,0,0
n02701002_5616,ambulance,0,0
n02701002_5618,ambulance,0,2
n02701002_5619,ambulance,0,2
n02701002_5639,ambulance,0,3
n02701002_564,ambulance,0,4
n02701002_5640,ambulance,0,2
n02701002_5643,ambulance,0,4
n02701002_5645,ambulance,0,1
n02701002_5648,ambulance,0,0
n02701002_5654,ambulance,0,4
n02701002_5659,ambulance,0,3
n02701002_5671,ambulance,0,4
n02701002_5676,ambulance,0,4
n02701002_5685,ambulance,0,3
n02701002_5690,ambulance,0,1
n02701002_570,ambulance,0,3
n02701002_571,ambulance,0,3
n02701002_5711,ambulance,0,1
n02701002_5722,ambulance,0,4
n02701002_5727,ambulance,0,4
n02701002_5742,ambulance,0,2
n02701002_5747,ambulance,0,1
n02701002_5748,ambulance,0,3
n02701002_5763,ambulance,0,1
n02701002_5770,ambulance,0,1
n02701002_5773,ambulance,0,3
n02701002_5784,ambulance,0,4
n02701002_5788,ambulance,0,3
n02701002_58,ambulance,0,0
n02701002_5800,ambulance,0,1
n02701002_5807,ambulance,0,1
n02701002_5829,ambulance,0,2
n02701002_5836,ambulance,0,3
n02701002_584,ambulance,0,3
n02701002_5841,ambulance,0,1
n02701002_5857,ambulance,0,1
n02701002_5898,ambulance,0,0
n02701002_5904,ambulance,0,3
n02701002_5906,ambulance,0,2
n02701002_5930,ambulance,0,0
n02701002_5934,ambulance,0,2
n02701002_5945,ambulance,0,3
n02701002_5946,ambulance,0,1
n02701002_5965,ambulance,0,1
n02701002_5982,ambulance,0,3
n02701002_5985,ambulance,0,0
n02701002_5989,ambulance,0,0
n02701002_5993,ambulance,0,3
n02701002_5997,ambulance,0,4
n02701002_6025,ambulance,0,3
n02701002_6028,ambulance,0,4
n02701002_6044,ambulance,0,0
n02701002_6046,ambulance,0,2
n02701002_6048,ambulance,0,0
n02701002_6054,ambulance,0,2
n02701002_6060,ambulance,0,3
n02701002_6074,ambulance,0,0
n02701002_6090,ambulance,0,4
n02701002_6092,ambulance,0,0
n02701002_6117,ambulance,0,2
n02701002_6119,ambulance,0,4
n02701002_6139,ambulance,0,4
n02701002_6166,ambulance,0,3
n02701002_6167,ambulance,0,0
n02701002_6177,ambulance,0,0
n02701002_6179,ambulance,0,2
n02701002_6184,ambulance,0,4
n02701002_6192,ambulance,0,1
n02701002_6198,ambulance,0,4
n02701002_62,ambulance,0,4
n02701002_6201,ambulance,0,2
n02701002_6204,ambulance,0,4
n02701002_6211,ambulance,0,4
n02701002_623,ambulance,0,4
n02701002_6241,ambulance,0,2
n02701002_6253,ambulance,0,1
n02701002_6270,ambulance,0,2
n02701002_6271,ambulance,0,4
n02701002_6287,ambulance,0,3
n02701002_6288,ambulance,0,1
n02701002_6289,ambulance,0,4
n02701002_630,ambulance,0,3
n02701002_6302,ambulance,0,2
n02701002_6303,ambulance,0,0
n02701002_6313,ambulance,0,2
n02701002_6323,ambulance,0,2
n02701002_6325,ambulance,0,1
n02701002_6335,ambulance,0,2
n02701002_6340,ambulance,0,4
n02701002_6343,ambulance,0,2
n02701002_6344,ambulance,0,4
n02701002_635,ambulance,0,1
n02701002_6357,ambulance,0,3
n02701002_6369,ambulance,0,2
n02701002_6377,ambulance,0,3
n02701002_638,ambulance,0,0
n02701002_6393,ambulance,0,4
n02701002_6396,ambulance,0,2
n02701002_6402,ambulance,0,1
n02701002_6405,ambulance,0,1
n02701002_6416,ambulance,0,4
n02701002_6422,ambulance,0,1
n02701002_6437,ambulance,0,2
n02701002_6452,ambulance,0,4
n02701002_646,ambulance,0,4
n02701002_6477,ambulance,0,3
n02701002_648,ambulance,0,3
n02701002_649,ambulance,0,1
n02701002_6492,ambulance,0,1
n02701002_6501,ambulance,0,0
n02701002_6503,ambulance,0,1
n02701002_6505,ambulance,0,0
n02701002_6509,ambulance,0,4
n02701002_6513,ambulance,0,2
n02701002_6514,ambulance,0,4
n02701002_652,ambulance,0,1
n02701002_6521,ambulance,0,1
n02701002_6526,ambulance,0,1
n02701002_6529,ambulance,0,1
n02701002_6532,ambulance,0,0
n02701002_6534,ambulance,0,1
n02701002_6548,ambulance,0,1
n02701002_655,ambulance,0,1
n02701002_6572,ambulance,0,3
n02701002_6591,ambulance,0,1
n02701002_6596,ambulance,0,2
n02701002_6604,ambulance,0,3
n02701002_6619,ambulance,0,4
n02701002_6623,ambulance,0,2
n02701002_6625,ambulance,0,3
n02701002_6630,ambulance,0,3
n02701002_6638,ambulance,0,2
n02701002_6647,ambulance,0,2
n02701002_6650,ambulance,0,2
n02701002_6662,ambulance,0,3
n02701002_6667,ambulance,0,0
n02701002_6713,ambulance,0,2
n02701002_6720,ambulance,0,1
n02701002_6721,ambulance,0,0
n02701002_673,ambulance,0,4
n02701002_6733,ambulance,0,2
n02701002_6740,ambulance,0,1
n02701002_6757,ambulance,0,3
n02701002_6758,ambulance,0,3
n02701002_676,ambulance,0,1
n02701002_6762,ambulance,0,2
n02701002_6775,ambulance,0,4
n02701002_6779,ambulance,0,1
n02701002_6789,ambulance,0,0
n02701002_681,ambulance,0,3
n02701002_6810,ambulance,0,4
n02701002_682,ambulance,0,1
n02701002_683,ambulance,0,2
n02701002_6835,ambulance,0,1
n02701002_6844,ambulance,0,4
n02701002_686,ambulance,0,3
n02701002_688,ambulance,0,1
n02701002_6883,ambulance,0,1
n02701002_6890,ambulance,0,2
n02701002_6891,ambulance,0,4
n02701002_6901,ambulance,0,0
n02701002_6917,ambulance,0,3
n02701002_693,ambulance,0,1
n02701002_6933,ambulance,0,4
n02701002_694,ambulance,0,0
n02701002_6954,ambulance,0,1
n02701002_6955,ambulance,0,1
n02701002_6960,ambulance,0,2
n02701002_6982,ambulance,0,2
n02701002_6996,ambulance,0,1
n02701002_7012,ambulance,0,3
n02701002_703,ambulance,0,1
n02701002_7031,ambulance,0,0
n02701002_7038,ambulance,0,1
n02701002_7039,ambulance,0,2
n02701002_7046,ambulance,0,0
n02701002_7057,ambulance,0,4
n02701002_7065,ambulance,0,0
n02701002_7071,ambulance,0,2
n02701002_7081,ambulance,0,0
n02701002_7103,ambulance,0,2
n02701002_7104,ambulance,0,1
n02701002_7117,ambulance,0,1
n02701002_7126,ambulance,0,1
n02701002_7131,ambulance,0,2
n02701002_714,ambulance,0,3
n02701002_7156,ambulance,0,4
n02701002_7164,ambulance,0,2
n02701002_7182,ambulance,0,3
n02701002_7207,ambulance,0,3
n02701002_724,ambulance,0,0
n02701002_7259,ambulance,0,1
n02701002_727,ambulance,0,3
n02701002_728,ambulance,0,4
n02701002_7326,ambulance,0,2
n02701002_7345,ambulance,0,0
n02701002_7380,ambulance,0,4
n02701002_7425,ambulance,0,2
n02701002_7439,ambulance,0,3
n02701002_744,ambulance,0,4
n02701002_7445,ambulance,0,4
n02701002_7479,ambulance,0,0
n02701002_751,ambulance,0,1
n02701002_752,ambulance,0,0
n02701002_753,ambulance,0,2
n02701002_7569,ambulance,0,2
n02701002_7573,ambulance,0,1
n02701002_7676,ambulance,0,2
n02701002_7695,ambulance,0,3
n02701002_773,ambulance,0,2
n02701002_7734,ambulance,0,2
n02701002_7742,ambulance,0,0
n02701002_7757,ambulance,0,0
n02701002_7776,ambulance,0,1
n02701002_779,ambulance,0,3
n02701002_782,ambulance,0,4
n02701002_784,ambulance,0,4
n02701002_785,ambulance,0,1
n02701002_787,ambulance,0,0
n02701002_7874,ambulance,0,0
n02701002_788,ambulance,0,4
n02701002_7886,ambulance,0,2
n02701002_789,ambulance,0,2
n02701002_7894,ambulance,0,3
n02701002_7898,ambulance,0,1
n02701002_7908,ambulance,0,4
n02701002_791,ambulance,0,1
n02701002_7941,ambulance,0,0
n02701002_8,ambulance,0,3
n02701002_8004,ambulance,0,1
n02701002_8018,ambulance,0,2
n02701002_802,ambulance,0,2
n02701002_803,ambulance,0,0
n02701002_804,ambulance,0,3
n02701002_805,ambulance,0,4
n02701002_807,ambulance,0,2
n02701002_809,ambulance,0,1
n02701002_8126,ambulance,0,3
n02701002_8194,ambulance,0,2
n02701002_82,ambulance,0,1
n02701002_8210,ambulance,0,2
n02701002_8232,ambulance,0,4
n02701002_825,ambulance,0,3
n02701002_8302,ambulance,0,2
n02701002_836,ambulance,0,0
n02701002_839,ambulance,0,1
n02701002_840,ambulance,0,3
n02701002_841,ambulance,0,1
n02701002_845,ambulance,0,4
n02701002_847,ambulance,0,2
n02701002_848,ambulance,0,0
n02701002_8504,ambulance,0,2
n02701002_8512,ambulance,0,1
n02701002_857,ambulance,0,4
n02701002_8586,ambulance,0,4
n02701002_86,ambulance,0,1
n02701002_861,ambulance,0,0
n02701002_8614,ambulance,0,1
n02701002_8616,ambulance,0,3
n02701002_864,ambulance,0,4
n02701002_873,ambulance,0,1
n02701002_877,ambulance,0,4
n02701002_8775,ambulance,0,4
n02701002_8833,ambulance,0,2
n02701002_8841,ambulance,0,3
n02701002_8892,ambulance,0,0
n02701002_89,ambulance,0,2
n02701002_890,ambulance,0,0
n02701002_891,ambulance,0,4
n02701002_8912,ambulance,0,0
n02701002_894,ambulance,0,1
n02701002_9022,ambulance,0,1
n02701002_903,ambulance,0,0
n02701002_9054,ambulance,0,4
n02701002_9069,ambulance,0,1
n02701002_9074,ambulance,0,2
n02701002_908,ambulance,0,1
n02701002_9088,ambulance,0,2
n02701002_9107,ambulance,0,2
n02701002_9118,ambulance,0,0
n02701002_913,ambulance,0,1
n02701002_916,ambulance,0,4
n02701002_919,ambulance,0,4
n02701002_9212,ambulance,0,3
n02701002_9221,ambulance,0,1
n02701002_925,ambulance,0,0
n02701002_9250,ambulance,0,4
n02701002_926,ambulance,0,4
n02701002_9268,ambulance,0,2
n02701002_9281,ambulance,0,0
n02701002_9285,ambulance,0,4
n02701002_932,ambulance,0,2
n02701002_936,ambulance,0,1
n02701002_9369,ambulance,0,3
n02701002_937,ambulance,0,2
n02701002_938,ambulance,0,2
n02701002_939,ambulance,0,2
n02701002_941,ambulance,0,4
n02701002_9426,ambulance,0,4
n02701002_944,ambulance,0,4
n02701002_953,ambulance,0,4
n02701002_9556,ambulance,0,4
n02701002_96,ambulance,0,1
n02701002_9659,ambulance,0,2
n02701002_9662,ambulance,0,1
n02701002_9663,ambulance,0,4
n02701002_9705,ambulance,0,0
n02701002_9706,ambulance,0,2
n02701002_9722,ambulance,0,3
n02701002_9738,ambulance,0,3
n02701002_976,ambulance,0,4
n02701002_9770,ambulance,0,2
n02701002_9796,ambulance,0,1
n02701002_984,ambulance,0,1
n02701002_9847,ambulance,0,2
n02701002_988,ambulance,0,2
n02701002_9899,ambulance,0,4
n02701002_9900,ambulance,0,1
n02701002_9918,ambulance,0,3
n02701002_9928,ambulance,0,3
n02701002_9931,ambulance,0,2
n02701002_9949,ambulance,0,1
n02701002_995,ambulance,0,1
n02701002_9988,ambulance,0,1
n02701002_9995,ambulance,0,1
n03345487_10,firetruck,0,1
n03345487_10066,firetruck,0,1
n03345487_10089,firetruck,0,4
n03345487_10112,firetruck,0,1
n03345487_10133,firetruck,0,4
n03345487_1016,firetruck,0,3
n03345487_10193,firetruck,0,3
n03345487_10194,firetruck,0,1
n03345487_10205,firetruck,0,1
n03345487_10222,firetruck,0,0
n03345487_10232,firetruck,0,2
n03345487_1028,firetruck,0,0
n03345487_10295,firetruck,0,3
n03345487_1031,firetruck,0,0
n03345487_10312,firetruck,0,0
n03345487_10313,firetruck,0,1
n03345487_10319,firetruck,0,4
n03345487_10334,firetruck,0,2
n03345487_10356,firetruck,0,0
n03345487_10367,firetruck,0,2
n03345487_10382,firetruck,0,1
n03345487_10383,firetruck,0,1
n03345487_10408,firetruck,0,4
n03345487_10423,firetruck,0,1
n03345487_10424,firetruck,0,4
n03345487_10437,firetruck,0,2
n03345487_10438,firetruck,0,3
n03345487_10465,firetruck,0,3
n03345487_10469,firetruck,0,3
n03345487_10511,firetruck,0,0
n03345487_10527,firetruck,0,1
n03345487_10557,firetruck,0,2
n03345487_1060,firetruck,0,1
n03345487_10610,firetruck,0,0
n03345487_10623,firetruck,0,0
n03345487_10630,firetruck,0,1
n03345487_10694,firetruck,0,4
n03345487_10697,firetruck,0,0
n03345487_10709,firetruck,0,0
n03345487_10710,firetruck,0,2
n03345487_10751,firetruck,0,0
n03345487_10798,firetruck,0,4
n03345487_108,firetruck,0,4
n03345487_10800,firetruck,0,0
n03345487_1082,firetruck,0,0
n03345487_10839,firetruck,0,1
n03345487_10842,firetruck,0,1
n03345487_10855,firetruck,0,0
n03345487_10894,firetruck,0,4
n03345487_10910,firetruck,0,2
n03345487_10921,firetruck,0,0
n03345487_10922,firetruck,0,0
n03345487_10953,firetruck,0,0
n03345487_10968,firetruck,0,4
n03345487_10985,firetruck,0,4
n03345487_11006,firetruck,0,0
n03345487_11016,firetruck,0,0
n03345487_11017,firetruck,0,1
n03345487_11036,firetruck,0,0
n03345487_11037,firetruck,0,4
n03345487_11043,firetruck,0,4
n03345487_11047,firetruck,0,1
n03345487_11072,firetruck,0,1
n03345487_11076,firetruck,0,3
n03345487_11088,firetruck,0,2
n03345487_11093,firetruck,0,0
n03345487_111,firetruck,0,2
n03345487_1112,firetruck,0,4
n03345487_11153,firetruck,0,3
n03345487_11157,firetruck,0,3
n03345487_11179,firetruck,0,4
n03345487_11189,firetruck,0,1
n03345487_11190,firetruck,0,3
n03345487_11192,firetruck,0,4
n03345487_11214,firetruck,0,2
n03345487_11218,firetruck,0,0
n03345487_11234,firetruck,0,4
n03345487_11246,firetruck,0,4
n03345487_11250,firetruck,0,4
n03345487_11257,firetruck,0,4
n03345487_11261,firetruck,0,4
n03345487_11265,firetruck,0,0
n03345487_11289,firetruck,0,0
n03345487_11290,firetruck,0,4
n03345487_11294,firetruck,0,4
n03345487_1130,firetruck,0,4
n03345487_11301,firetruck,0,3
n03345487_11326,firetruck,0,3
n03345487_11332,firetruck,0,0
n03345487_11337,firetruck,0,3
n03345487_11358,firetruck,0,0
n03345487_11366,firetruck,0,1
n03345487_11367,firetruck,0,0
n03345487_1137,firetruck,0,2
n03345487_1138,firetruck,0,1
n03345487_11407,firetruck,0,4
n03345487_11414,firetruck,0,4
n03345487_11416,firetruck,0,4
n03345487_1142,firetruck,0,0
n03345487_11448,firetruck,0,0
n03345487_1145,firetruck,0,4
n03345487_11457,firetruck,0,2
n03345487_11468,firetruck,0,0
n03345487_1147,firetruck,0,4
n03345487_11483,firetruck,0,3
n03345487_11493,firetruck,0,0
n03345487_11498,firetruck,0,2
n03345487_11512,firetruck,0,3
n03345487_11519,firetruck,0,0
n03345487_11543,firetruck,0,1
n03345487_11546,firetruck,0,2
n03345487_11563,firetruck,0,2
n03345487_11569,firetruck,0,2
n03345487_11592,firetruck,0,0
n03345487_116,firetruck,0,1
n03345487_11601,firetruck,0,3
n03345487_11609,firetruck,0,0
n03345487_1161,firetruck,0,4
n03345487_11628,firetruck,0,1
n03345487_1164,firetruck,0,3
n03345487_11662,firetruck,0,0
n03345487_11667,firetruck,0,0
n03345487_11669,firetruck,0,3
n03345487_11679,firetruck,0,1
n03345487_1168,firetruck,0,4
n03345487_11680,firetruck,0,0
n03345487_11685,firetruck,0,2
n03345487_11691,firetruck,0,2
n03345487_11692,firetruck,0,0
n03345487_11706,firetruck,0,3
n03345487_11712,firetruck,0,2
n03345487_11722,firetruck,0,3
n03345487_11739,firetruck,0,2
n03345487_1175,firetruck,0,0
n03345487_11752,firetruck,0,3
n03345487_11759,firetruck,0,0
n03345487_11773,firetruck,0,2
n03345487_11805,firetruck,0,1
n03345487_11839,firetruck,0,2
n03345487_11857,firetruck,0,1
n03345487_11865,firetruck,0,3
n03345487_11866,firetruck,0,1
n03345487_11883,firetruck,0,2
n03345487_11885,firetruck,0,4
n03345487_11889,firetruck,0,3
n03345487_11890,firetruck,0,1
n03345487_11901,firetruck,0,1
n03345487_11903,firetruck,0,0
n03345487_11906,firetruck,0,3
n03345487_11909,firetruck,0,3
n03345487_11917,firetruck,0,0
n03345487_11918,firetruck,0,3
n03345487_11923,firetruck,0,4
n03345487_11931,firetruck,0,1
n03345487_11940,firetruck,0,2
n03345487_11949,firetruck,0,4
n03345487_1195,firetruck,0,2
n03345487_11951,firetruck,0,2
n03345487_11954,firetruck,0,0
n03345487_11972,firetruck,0,1
n03345487_11989,firetruck,0,1
n03345487_11991,firetruck,0,1
n03345487_12001,firetruck,0,3
n03345487_12002,firetruck,0,0
n03345487_12006,firetruck,0,0
n03345487_12012,firetruck,0,2
n03345487_1202,firetruck,0,0
n03345487_12022,firetruck,0,0
n03345487_12031,firetruck,0,1
n03345487_12033,firetruck,0,3
n03345487_12035,firetruck,0,2
n03345487_12037,firetruck,0,3
n03345487_12042,firetruck,0,2
n03345487_12050,firetruck,0,1
n03345487_12079,firetruck,0,4
n03345487_12080,firetruck,0,3
n03345487_12083,firetruck,0,1
n03345487_12087,firetruck,0,0
n03345487_12101,firetruck,0,1
n03345487_12153,firetruck,0,4
n03345487_12155,firetruck,0,2
n03345487_12163,firetruck,0,4
n03345487_1218,firetruck,0,4
n03345487_12184,firetruck,0,4
n03345487_12226,firetruck,0,4
n03345487_12229,firetruck,0,4
n03345487_12241,firetruck,0,2
n03345487_12250,firetruck,0,3
n03345487_12267,firetruck,0,0
n03345487_12281,firetruck,0,2
n03345487_1232,firetruck,0,0
n03345487_1235,firetruck,0,2
n03345487_12356,firetruck,0,2
n03345487_1236,firetruck,0,1
n03345487_12399,firetruck,0,2
n03345487_12415,firetruck,0,2
n03345487_12442,firetruck,0,0
n03345487_1245,firetruck,0,4
n03345487_12458,firetruck,0,1
n03345487_12462,firetruck,0,1
n03345487_12618,firetruck,0,1
n03345487_1263,firetruck,0,1
n03345487_1265,firetruck,0,0
n03345487_12659,firetruck,0,3
n03345487_1268,firetruck,0,1
n03345487_1270,firetruck,0,4
n03345487_1271,firetruck,0,2
n03345487_1277,firetruck,0,1
n03345487_12784,firetruck,0,1
n03345487_1279,firetruck,0,1
n03345487_12804,firetruck,0,1
n03345487_12816,firetruck,0,2
n03345487_12824,firetruck,0,2
n03345487_12854,firetruck,0,0
n03345487_12903,firetruck,0,4
n03345487_1293,firetruck,0,2
n03345487_13051,firetruck,0,2
n03345487_13062,firetruck,0,4
n03345487_13103,firetruck,0,0
n03345487_13121,firetruck,0,2
n03345487_1319,firetruck,0,1
n03345487_13225,firetruck,0,3
n03345487_13226,firetruck,0,1
n03345487_13233,firetruck,0,1
n03345487_13251,firetruck,0,3
n03345487_13292,firetruck,0,0
n03345487_133,firetruck,0,4
n03345487_13315,firetruck,0,0
n03345487_13333,firetruck,0,4
n03345487_13366,firetruck,0,3
n03345487_13374,firetruck,0,4
n03345487_1347,firetruck,0,0
n03345487_13487,firetruck,0,4
n03345487_13491,firetruck,0,2
n03345487_135,firetruck,0,3
n03345487_13517,firetruck,0,2
n03345487_13523,firetruck,0,1
n03345487_13528,firetruck,0,1
n03345487_13557,firetruck,0,4
n03345487_13622,firetruck,0,0
n03345487_13631,firetruck,0,2
n03345487_13653,firetruck,0,0
n03345487_13682,firetruck,0,1
n03345487_13733,firetruck,0,3
n03345487_13750,firetruck,0,1
n03345487_13761,firetruck,0,2
n03345487_1378,firetruck,0,2
n03345487_1379,firetruck,0,2
n03345487_13799,firetruck,0,0
n03345487_13837,firetruck,0,1
n03345487_13869,firetruck,0,1
n03345487_13881,firetruck,0,0
n03345487_13910,firetruck,0,3
n03345487_13912,firetruck,0,0
n03345487_13967,firetruck,0,4
n03345487_1400,firetruck,0,3
n03345487_14041,firetruck,0,4
n03345487_14064,firetruck,0,4
n03345487_14073,firetruck,0,2
n03345487_14106,firetruck,0,3
n03345487_14112,firetruck,0,2
n03345487_14195,firetruck,0,0
n03345487_1423,firetruck,0,4
n03345487_14248,firetruck,0,1
n03345487_14251,firetruck,0,4
n03345487_14252,firetruck,0,3
n03345487_14253,firetruck,0,4
n03345487_14258,firetruck,0,1
n03345487_14268,firetruck,0,0
n03345487_14270,firetruck,0,2
n03345487_14279,firetruck,0,4
n03345487_14300,firetruck,0,1
n03345487_14324,firetruck,0,2
n03345487_14340,firetruck,0,3
n03345487_14347,firetruck,0,2
n03345487_14396,firetruck,0,3
n03345487_144,firetruck,0,1
n03345487_1440,firetruck,0,0
n03345487_14404,firetruck,0,3
n03345487_14405,firetruck,0,0
n03345487_14444,firetruck,0,0
n03345487_1445,firetruck,0,1
n03345487_14460,firetruck,0,0
n03345487_1447,firetruck,0,3
n03345487_14481,firetruck,0,2
n03345487_145,firetruck,0,0
n03345487_14515,firetruck,0,2
n03345487_14523,firetruck,0,1
n03345487_14538,firetruck,0,0
n03345487_14587,firetruck,0,2
n03345487_1459,firetruck,0,1
n03345487_14611,firetruck,0,2
n03345487_14628,firetruck,0,1
n03345487_14641,firetruck,0,4
n03345487_14666,firetruck,0,2
n03345487_1477,firetruck,0,3
n03345487_1478,firetruck,0,3
n03345487_14864,firetruck,0,1
n03345487_1487,firetruck,0,3
n03345487_1490,firetruck,0,2
n03345487_14906,firetruck,0,1
n03345487_14945,firetruck,0,4
n03345487_1495,firetruck,0,4
n03345487_14951,firetruck,0,0
n03345487_14960,firetruck,0,2
n03345487_15030,firetruck,0,4
n03345487_15050,firetruck,0,0
n03345487_15056,firetruck,0,1
n03345487_15090,firetruck,0,1
n03345487_15093,firetruck,0,4
n03345487_15121,firetruck,0,2
n03345487_15136,firetruck,0,1
n03345487_1516,firetruck,0,0
n03345487_1519,firetruck,0,1
n03345487_15197,firetruck,0,0
n03345487_15199,firetruck,0,4
n03345487_15203,firetruck,0,2
n03345487_15294,firetruck,0,1
n03345487_15391,firetruck,0,2
n03345487_1543,firetruck,0,2
n03345487_1544,firetruck,0,3
n03345487_1550,firetruck,0,2
n03345487_15627,firetruck,0,3
n03345487_15647,firetruck,0,2
n03345487_15652,firetruck,0,1
n03345487_1568,firetruck,0,3
n03345487_1569,firetruck,0,0
n03345487_15747,firetruck,0,1
n03345487_15764,firetruck,0,3
n03345487_15782,firetruck,0,4
n03345487_15786,firetruck,0,2
n03345487_15792,firetruck,0,4
n03345487_15840,firetruck,0,0
n03345487_15925,firetruck,0,0
n03345487_15973,firetruck,0,4
n03345487_15993,firetruck,0,2
n03345487_16076,firetruck,0,3
n03345487_16098,firetruck,0,0
n03345487_16163,firetruck,0,4
n03345487_16192,firetruck,0,0
n03345487_16208,firetruck,0,2
n03345487_16209,firetruck,0,1
n03345487_163,firetruck,0,1
n03345487_1631,firetruck,0,2
n03345487_16317,firetruck,0,3
n03345487_16348,firetruck,0,0
n03345487_1639,firetruck,0,0
n03345487_16416,firetruck,0,0
n03345487_16432,firetruck,0,4
n03345487_1649,firetruck,0,2
n03345487_16602,firetruck,0,3
n03345487_16628,firetruck,0,1
n03345487_16646,firetruck,0,1
n03345487_16744,firetruck,0,3
n03345487_16857,firetruck,0,3
n03345487_1692,firetruck,0,2
n03345487_1703,firetruck,0,4
n03345487_1704,firetruck,0,0
n03345487_1717,firetruck,0,4
n03345487_17215,firetruck,0,0
n03345487_17227,firetruck,0,3
n03345487_1730,firetruck,0,2
n03345487_17331,firetruck,0,3
n03345487_17360,firetruck,0,4
n03345487_17410,firetruck,0,0
n03345487_17475,firetruck,0,2
n03345487_17496,firetruck,0,1
n03345487_1762,firetruck,0,1
n03345487_17678,firetruck,0,2
n03345487_17769,firetruck,0,0
n03345487_17815,firetruck,0,0
n03345487_17869,firetruck,0,2
n03345487_18,firetruck,0,2
n03345487_18018,firetruck,0,2
n03345487_1804,firetruck,0,0
n03345487_18043,firetruck,0,0
n03345487_18075,firetruck,0,4
n03345487_18170,firetruck,0,0
n03345487_18230,firetruck,0,3
n03345487_18248,firetruck,0,2
n03345487_1826,firetruck,0,2
n03345487_18348,firetruck,0,2
n03345487_1837,firetruck,0,0
n03345487_18373,firetruck,0,2
n03345487_18382,firetruck,0,1
n03345487_1847,firetruck,0,0
n03345487_18475,firetruck,0,2
n03345487_1862,firetruck,0,1
n03345487_18712,firetruck,0,3
n03345487_18718,firetruck,0,2
n03345487_18730,firetruck,0,1
n03345487_18739,firetruck,0,2
n03345487_1881,firetruck,0,1
n03345487_1884,firetruck,0,4
n03345487_1889,firetruck,0,0
n03345487_19006,firetruck,0,4
n03345487_19022,firetruck,0,4
n03345487_1905,firetruck,0,0
n03345487_19052,firetruck,0,3
n03345487_19058,firetruck,0,1
n03345487_19071,firetruck,0,2
n03345487_192,firetruck,0,3
n03345487_1920,firetruck,0,0
n03345487_19322,firetruck,0,2
n03345487_1937,firetruck,0,3
n03345487_19448,firetruck,0,3
n03345487_19482,firetruck,0,2
n03345487_19517,firetruck,0,2
n03345487_19523,firetruck,0,1
n03345487_19527,firetruck,0,1
n03345487_196,firetruck,0,3
n03345487_19655,firetruck,0,0
n03345487_19736,firetruck,0,4
n03345487_19760,firetruck,0,4
n03345487_1979,firetruck,0,3
n03345487_19830,firetruck,0,2
n03345487_19835,firetruck,0,4
n03345487_1987,firetruck,0,1
n03345487_20031,firetruck,0,2
n03345487_20206,firetruck,0,4
n03345487_2021,firetruck,0,1
n03345487_20240,firetruck,0,4
n03345487_20304,firetruck,0,3
n03345487_20338,firetruck,0,1
n03345487_20360,firetruck,0,4
n03345487_20381,firetruck,0,1
n03345487_20475,firetruck,0,3
n03345487_205,firetruck,0,4
n03345487_20519,firetruck,0,4
n03345487_206,firetruck,0,1
n03345487_2061,firetruck,0,2
n03345487_2063,firetruck,0,4
n03345487_20677,firetruck,0,3
n03345487_20698,firetruck,0,1
n03345487_2076,firetruck,0,0
n03345487_2077,firetruck,0,0
n03345487_208,firetruck,0,0
n03345487_20807,firetruck,0,3
n03345487_2084,firetruck,0,1
n03345487_209,firetruck,0,0
n03345487_2091,firetruck,0,1
n03345487_2093,firetruck,0,0
n03345487_2095,firetruck,0,4
n03345487_210,firetruck,0,0
n03345487_21057,firetruck,0,3
n03345487_21071,firetruck,0,3
n03345487_2110,firetruck,0,1
n03345487_2115,firetruck,0,0
n03345487_21213,firetruck,0,2
n03345487_21234,firetruck,0,0
n03345487_21424,firetruck,0,0
n03345487_2143,firetruck,0,3
n03345487_21461,firetruck,0,1
n03345487_2147,firetruck,0,3
n03345487_2152,firetruck,0,3
n03345487_2155,firetruck,0,0
n03345487_21575,firetruck,0,0
n03345487_21643,firetruck,0,2
n03345487_2165,firetruck,0,2
n03345487_21741,firetruck,0,1
n03345487_2179,firetruck,0,2
n03345487_2206,firetruck,0,1
n03345487_22127,firetruck,0,4
n03345487_22142,firetruck,0,3
n03345487_22197,firetruck,0,2
n03345487_22217,firetruck,0,2
n03345487_22300,firetruck,0,4
n03345487_22333,firetruck,0,2
n03345487_2234,firetruck,0,4
n03345487_2236,firetruck,0,4
n03345487_2242,firetruck,0,0
n03345487_22483,firetruck,0,4
n03345487_2250,firetruck,0,3
n03345487_22534,firetruck,0,0
n03345487_2254,firetruck,0,4
n03345487_22552,firetruck,0,1
n03345487_2256,firetruck,0,3
n03345487_22567,firetruck,0,0
n03345487_2259,firetruck,0,0
n03345487_22632,firetruck,0,4
n03345487_2269,firetruck,0,2
n03345487_2272,firetruck,0,4
n03345487_2283,firetruck,0,4
n03345487_2284,firetruck,0,2
n03345487_2289,firetruck,0,3
n03345487_2291,firetruck,0,2
n03345487_2308,firetruck,0,0
n03345487_23150,firetruck,0,3
n03345487_23197,firetruck,0,0
n03345487_2323,firetruck,0,2
n03345487_23324,firetruck,0,3
n03345487_2335,firetruck,0,0
n03345487_2336,firetruck,0,4
n03345487_2340,firetruck,0,4
n03345487_2341,firetruck,0,2
n03345487_2352,firetruck,0,4
n03345487_2358,firetruck,0,1
n03345487_2363,firetruck,0,4
n03345487_2368,firetruck,0,1
n03345487_2389,firetruck,0,4
n03345487_2391,firetruck,0,1
n03345487_2406,firetruck,0,3
n03345487_2409,firetruck,0,3
n03345487_241,firetruck,0,0
n03345487_2411,firetruck,0,1
n03345487_2416,firetruck,0,1
n03345487_2426,firetruck,0,2
n03345487_2427,firetruck,0,4
n03345487_243,firetruck,0,0
n03345487_2438,firetruck,0,3
n03345487_2442,firetruck,0,0
n03345487_2446,firetruck,0,3
n03345487_245,firetruck,0,0
n03345487_2458,firetruck,0,3
n03345487_2464,firetruck,0,1
n03345487_2468,firetruck,0,3
n03345487_2471,firetruck,0,0
n03345487_2485,firetruck,0,4
n03345487_2493,firetruck,0,0
n03345487_2494,firetruck,0,0
n03345487_2496,firetruck,0,3
n03345487_250,firetruck,0,2
n03345487_2500,firetruck,0,2
n03345487_2506,firetruck,0,4
n03345487_251,firetruck,0,4
n03345487_2516,firetruck,0,2
n03345487_2542,firetruck,0,4
n03345487_2559,firetruck,0,0
n03345487_2565,firetruck,0,0
n03345487_2571,firetruck,0,4
n03345487_2578,firetruck,0,2
n03345487_2580,firetruck,0,2
n03345487_2588,firetruck,0,4
n03345487_2589,firetruck,0,2
n03345487_2590,firetruck,0,2
n03345487_2612,firetruck,0,3
n03345487_2616,firetruck,0,1
n03345487_2619,firetruck,0,1
n03345487_2627,firetruck,0,1
n03345487_2644,firetruck,0,0
n03345487_2654,firetruck,0,2
n03345487_2661,firetruck,0,3
n03345487_2667,firetruck,0,2
n03345487_267,firetruck,0,2
n03345487_2672,firetruck,0,1
n03345487_2721,firetruck,0,1
n03345487_2725,firetruck,0,1
n03345487_2728,firetruck,0,4
n03345487_2729,firetruck,0,1
n03345487_2730,firetruck,0,3
n03345487_2742,firetruck,0,4
n03345487_2751,firetruck,0,1
n03345487_2755,firetruck,0,1
n03345487_2766,firetruck,0,1
n03345487_2769,firetruck,0,4
n03345487_2777,firetruck,0,4
n03345487_279,firetruck,0,0
n03345487_2794,firetruck,0,0
n03345487_2795,firetruck,0,1
n03345487_2798,firetruck,0,3
n03345487_2800,firetruck,0,3
n03345487_2802,firetruck,0,1
n03345487_2805,firetruck,0,0
n03345487_2819,firetruck,0,2
n03345487_282,firetruck,0,4
n03345487_2827,firetruck,0,3
n03345487_2830,firetruck,0,3
n03345487_2835,firetruck,0,2
n03345487_2838,firetruck,0,1
n03345487_284,firetruck,0,3
n03345487_2846,firetruck,0,3
n03345487_2852,firetruck,0,4
n03345487_2856,firetruck,0,3
n03345487_2868,firetruck,0,1
n03345487_287,firetruck,0,2
n03345487_2884,firetruck,0,1
n03345487_2886,firetruck,0,2
n03345487_2891,firetruck,0,0
n03345487_2896,firetruck,0,2
n03345487_2905,firetruck,0,0
n03345487_2906,firetruck,0,3
n03345487_2916,firetruck,0,4
n03345487_2921,firetruck,0,1
n03345487_2928,firetruck,0,2
n03345487_2951,firetruck,0,4
n03345487_2958,firetruck,0,3
n03345487_2961,firetruck,0,4
n03345487_2962,firetruck,0,4
n03345487_2971,firetruck,0,4
n03345487_2972,firetruck,0,0
n03345487_2976,firetruck,0,0
n03345487_2977,firetruck,0,2
n03345487_2978,firetruck,0,4
n03345487_2979,firetruck,0,3
n03345487_2990,firetruck,0,0
n03345487_2994,firetruck,0,2
n03345487_2997,firetruck,0,1
n03345487_2998,firetruck,0,4
n03345487_3000,firetruck,0,2
n03345487_3013,firetruck,0,2
n03345487_3014,firetruck,0,4
n03345487_3016,firetruck,0,0
n03345487_3020,firetruck,0,3
n03345487_3030,firetruck,0,2
n03345487_3037,firetruck,0,4
n03345487_3042,firetruck,0,1
n03345487_3047,firetruck,0,3
n03345487_3052,firetruck,0,1
n03345487_3061,firetruck,0,3
n03345487_3071,firetruck,0,3
n03345487_3075,firetruck,0,3
n03345487_3082,firetruck,0,4
n03345487_3084,firetruck,0,2
n03345487_3090,firetruck,0,0
n03345487_3092,firetruck,0,3
n03345487_3093,firetruck,0,4
n03345487_3099,firetruck,0,4
n03345487_3102,firetruck,0,2
n03345487_311,firetruck,0,4
n03345487_3115,firetruck,0,1
n03345487_3121,firetruck,0,4
n03345487_3123,firetruck,0,3
n03345487_3127,firetruck,0,0
n03345487_3149,firetruck,0,1
n03345487_3151,firetruck,0,0
n03345487_3155,firetruck,0,3
n03345487_3159,firetruck,0,2
n03345487_317,firetruck,0,4
n03345487_3170,firetruck,0,2
n03345487_3176,firetruck,0,2
n03345487_3193,firetruck,0,4
n03345487_3195,firetruck,0,0
n03345487_3200,firetruck,0,3
n03345487_3202,firetruck,0,3
n03345487_3219,firetruck,0,4
n03345487_3238,firetruck,0,4
n03345487_3239,firetruck,0,0
n03345487_3241,firetruck,0,4
n03345487_3242,firetruck,0,3
n03345487_3250,firetruck,0,2
n03345487_327,firetruck,0,1
n03345487_3276,firetruck,0,4
n03345487_3279,firetruck,0,4
n03345487_328,firetruck,0,3
n03345487_3280,firetruck,0,0
n03345487_3285,firetruck,0,4
n03345487_3295,firetruck,0,1
n03345487_3304,firetruck,0,3
n03345487_3308,firetruck,0,1
n03345487_3311,firetruck,0,1
n03345487_3315,firetruck,0,2
n03345487_3321,firetruck,0,0
n03345487_334,firetruck,0,3
n03345487_3342,firetruck,0,2
n03345487_3348,firetruck,0,2
n03345487_335,firetruck,0,0
n03345487_3354,firetruck,0,0
n03345487_3375,firetruck,0,2
n03345487_3379,firetruck,0,4
n03345487_338,firetruck,0,3
n03345487_3380,firetruck,0,3
n03345487_3381,firetruck,0,1
n03345487_3388,firetruck,0,0
n03345487_3390,firetruck,0,0
n03345487_3393,firetruck,0,2
n03345487_3395,firetruck,0,3
n03345487_3396,firetruck,0,1
n03345487_3397,firetruck,0,0
n03345487_3402,firetruck,0,4
n03345487_3420,firetruck,0,2
n03345487_3441,firetruck,0,1
n03345487_3447,firetruck,0,2
n03345487_3461,firetruck,0,2
n03345487_3463,firetruck,0,0
n03345487_3468,firetruck,0,0
n03345487_3472,firetruck,0,0
n03345487_3482,firetruck,0,1
n03345487_3486,firetruck,0,4
n03345487_3489,firetruck,0,3
n03345487_3498,firetruck,0,0
n03345487_3499,firetruck,0,2
n03345487_3503,firetruck,0,1
n03345487_351,firetruck,0,0
n03345487_3521,firetruck,0,2
n03345487_353,firetruck,0,4
n03345487_3553,firetruck,0,3
n03345487_3554,firetruck,0,4
n03345487_3556,firetruck,0,3
n03345487_3578,firetruck,0,2
n03345487_3587,firetruck,0,3
n03345487_3597,firetruck,0,3
n03345487_3598,firetruck,0,3
n03345487_360,firetruck,0,2
n03345487_3606,firetruck,0,2
n03345487_3621,firetruck,0,3
n03345487_3633,firetruck,0,3
n03345487_3664,firetruck,0,3
n03345487_3665,firetruck,0,1
n03345487_3666,firetruck,0,0
n03345487_3672,firetruck,0,3
n03345487_3684,firetruck,0,3
n03345487_3689,firetruck,0,0
n03345487_3704,firetruck,0,4
n03345487_3714,firetruck,0,3
n03345487_3715,firetruck,0,1
n03345487_3717,firetruck,0,1
n03345487_3721,firetruck,0,2
n03345487_3735,firetruck,0,3
n03345487_3738,firetruck,0,3
n03345487_3740,firetruck,0,4
n03345487_3752,firetruck,0,2
n03345487_3756,firetruck,0,1
n03345487_3762,firetruck,0,2
n03345487_3763,firetruck,0,1
n03345487_3773,firetruck,0,0
n03345487_3780,firetruck,0,3
n03345487_38,firetruck,0,0
n03345487_3808,firetruck,0,0
n03345487_3816,firetruck,0,4
n03345487_3818,firetruck,0,4
n03345487_3820,firetruck,0,3
n03345487_3821,firetruck,0,2
n03345487_3823,firetruck,0,1
n03345487_3827,firetruck,0,4
n03345487_3835,firetruck,0,0
n03345487_3838,firetruck,0,2
n03345487_3848,firetruck,0,3
n03345487_3849,firetruck,0,4
n03345487_3852,firetruck,0,4
n03345487_3854,firetruck,0,0
n03345487_3856,firetruck,0,1
n03345487_386,firetruck,0,2
n03345487_3867,firetruck,0,0
n03345487_3870,firetruck,0,3
n03345487_3888,firetruck,0,0
n03345487_3904,firetruck,0,4
n03345487_3922,firetruck,0,1
n03345487_3924,firetruck,0,3
n03345487_3926,firetruck,0,3
n03345487_3938,firetruck,0,0
n03345487_3939,firetruck,0,2
n03345487_3947,firetruck,0,2
n03345487_3967,firetruck,0,1
n03345487_3968,firetruck,0,4
n03345487_3973,firetruck,0,4
n03345487_3990,firetruck,0,1
n03345487_40,firetruck,0,3
n03345487_4021,firetruck,0,3
n03345487_4023,firetruck,0,4
n03345487_4025,firetruck,0,3
n03345487_403,firetruck,0,4
n03345487_4066,firetruck,0,2
n03345487_4080,firetruck,0,2
n03345487_4089,firetruck,0,4
n03345487_4091,firetruck,0,3
n03345487_4093,firetruck,0,2
n03345487_410,firetruck,0,3
n03345487_4127,firetruck,0,0
n03345487_4131,firetruck,0,3
n03345487_4147,firetruck,0,1
n03345487_4153,firetruck,0,4
n03345487_4154,firetruck,0,0
n03345487_4160,firetruck,0,4
n03345487_4166,firetruck,0,2
n03345487_4169,firetruck,0,3
n03345487_417,firetruck,0,1
n03345487_4173,firetruck,0,3
n03345487_4174,firetruck,0,3
n03345487_4179,firetruck,0,2
n03345487_4184,firetruck,0,3
n03345487_4186,firetruck,0,2
n03345487_4196,firetruck,0,0
n03345487_4207,firetruck,0,2
n03345487_4208,firetruck,0,1
n03345487_4214,firetruck,0,3
n03345487_4220,firetruck,0,0
n03345487_4228,firetruck,0,1
n03345487_423,firetruck,0,3
n03345487_4249,firetruck,0,1
n03345487_4255,firetruck,0,1
n03345487_4270,firetruck,0,4
n03345487_4272,firetruck,0,0
n03345487_4289,firetruck,0,3
n03345487_4291,firetruck,0,4
n03345487_4306,firetruck,0,1
n03345487_4315,firetruck,0,0
n03345487_4331,firetruck,0,0
n03345487_434,firetruck,0,2
n03345487_4349,firetruck,0,4
n03345487_435,firetruck,0,4
n03345487_4356,firetruck,0,0
n03345487_4366,firetruck,0,4
n03345487_4374,firetruck,0,0
n03345487_4375,firetruck,0,2
n03345487_4377,firetruck,0,3
n03345487_4385,firetruck,0,2
n03345487_4390,firetruck,0,0
n03345487_4398,firetruck,0,0
n03345487_4399,firetruck,0,1
n03345487_4417,firetruck,0,0
n03345487_4431,firetruck,0,3
n03345487_4450,firetruck,0,1
n03345487_4460,firetruck,0,1
n03345487_4462,firetruck,0,2
n03345487_4467,firetruck,0,4
n03345487_4469,firetruck,0,4
n03345487_4475,firetruck,0,4
n03345487_4496,firetruck,0,1
n03345487_4511,firetruck,0,3
n03345487_4515,firetruck,0,0
n03345487_4517,firetruck,0,4
n03345487_4519,firetruck,0,2
n03345487_4520,firetruck,0,3
n03345487_4523,firetruck,0,0
n03345487_4530,firetruck,0,1
n03345487_4541,firetruck,0,3
n03345487_4546,firetruck,0,4
n03345487_4549,firetruck,0,3
n03345487_4556,firetruck,0,3
n03345487_4558,firetruck,0,2
n03345487_456,firetruck,0,0
n03345487_4572,firetruck,0,2
n03345487_4579,firetruck,0,3
n03345487_4587,firetruck,0,1
n03345487_4589,firetruck,0,2
n03345487_459,firetruck,0,3
n03345487_4596,firetruck,0,1
n03345487_4597,firetruck,0,4
n03345487_460,firetruck,0,2
n03345487_4618,firetruck,0,2
n03345487_4631,firetruck,0,0
n03345487_4644,firetruck,0,3
n03345487_4648,firetruck,0,0
n03345487_4653,firetruck,0,1
n03345487_4654,firetruck,0,3
n03345487_4671,firetruck,0,2
n03345487_4686,firetruck,0,2
n03345487_4703,firetruck,0,3
n03345487_4709,firetruck,0,2
n03345487_4715,firetruck,0,2
n03345487_4717,firetruck,0,1
n03345487_472,firetruck,0,3
n03345487_4725,firetruck,0,4
n03345487_4726,firetruck,0,2
n03345487_4731,firetruck,0,0
n03345487_474,firetruck,0,2
n03345487_4749,firetruck,0,0
n03345487_4773,firetruck,0,3
n03345487_4779,firetruck,0,3
n03345487_4782,firetruck,0,1
n03345487_4791,firetruck,0,1
n03345487_4799,firetruck,0,1
n03345487_4801,firetruck,0,3
n03345487_4802,firetruck,0,3
n03345487_4805,firetruck,0,4
n03345487_4807,firetruck,0,4
n03345487_4825,firetruck,0,4
n03345487_4826,firetruck,0,3
n03345487_4828,firetruck,0,4
n03345487_4835,firetruck,0,0
n03345487_4838,firetruck,0,2
n03345487_4843,firetruck,0,1
n03345487_4847,firetruck,0,2
n03345487_4850,firetruck,0,1
n03345487_4868,firetruck,0,0
n03345487_4869,firetruck,0,0
n03345487_4870,firetruck,0,1
n03345487_4872,firetruck,0,0
n03345487_4874,firetruck,0,3
n03345487_4876,firetruck,0,1
n03345487_4879,firetruck,0,1
n03345487_4897,firetruck,0,3
n03345487_4900,firetruck,0,1
n03345487_4902,firetruck,0,2
n03345487_4910,firetruck,0,1
n03345487_4927,firetruck,0,4
n03345487_4937,firetruck,0,4
n03345487_4944,firetruck,0,1
n03345487_495,firetruck,0,2
n03345487_4957,firetruck,0,2
n03345487_4967,firetruck,0,3
n03345487_4975,firetruck,0,0
n03345487_4980,firetruck,0,0
n03345487_4994,firetruck,0,2
n03345487_5,firetruck,0,1
n03345487_5000,firetruck,0,0
n03345487_5006,firetruck,0,2
n03345487_5027,firetruck,0,4
n03345487_5034,firetruck,0,1
n03345487_5044,firetruck,0,1
n03345487_5045,firetruck,0,3
n03345487_5049,firetruck,0,3
n03345487_5052,firetruck,0,0
n03345487_5056,firetruck,0,4
n03345487_5059,firetruck,0,4
n03345487_5064,firetruck,0,4
n03345487_5070,firetruck,0,2
n03345487_5083,firetruck,0,0
n03345487_5088,firetruck,0,2
n03345487_5089,firetruck,0,2
n03345487_5091,firetruck,0,3
n03345487_510,firetruck,0,1
n03345487_5106,firetruck,0,2
n03345487_511,firetruck,0,4
n03345487_5123,firetruck,0,3
n03345487_5135,firetruck,0,3
n03345487_5159,firetruck,0,3
n03345487_5177,firetruck,0,3
n03345487_5179,firetruck,0,4
n03345487_5185,firetruck,0,2
n03345487_5198,firetruck,0,4
n03345487_5202,firetruck,0,1
n03345487_5203,firetruck,0,4
n03345487_5248,firetruck,0,3
n03345487_5260,firetruck,0,0
n03345487_5282,firetruck,0,1
n03345487_5303,firetruck,0,3
n03345487_5304,firetruck,0,0
n03345487_5313,firetruck,0,3
n03345487_5314,firetruck,0,3
n03345487_5326,firetruck,0,4
n03345487_533,firetruck,0,3
n03345487_5334,firetruck,0,1
n03345487_5354,firetruck,0,4
n03345487_538,firetruck,0,1
n03345487_540,firetruck,0,1
n03345487_5400,firetruck,0,1
n03345487_5407,firetruck,0,4
n03345487_541,firetruck,0,4
n03345487_5418,firetruck,0,1
n03345487_5423,firetruck,0,3
n03345487_5428,firetruck,0,3
n03345487_5430,firetruck,0,4
n03345487_5438,firetruck,0,1
n03345487_5444,firetruck,0,0
n03345487_5445,firetruck,0,0
n03345487_5448,firetruck,0,4
n03345487_5455,firetruck,0,1
n03345487_5460,firetruck,0,0
n03345487_5464,firetruck,0,1
n03345487_5485,firetruck,0,2
n03345487_5503,firetruck,0,1
n03345487_5518,firetruck,0,3
n03345487_5527,firetruck,0,0
n03345487_5537,firetruck,0,1
n03345487_5539,firetruck,0,0
n03345487_5544,firetruck,0,3
n03345487_5552,firetruck,0,4
n03345487_5554,firetruck,0,0
n03345487_5561,firetruck,0,2
n03345487_5608,firetruck,0,0
n03345487_561,firetruck,0,3
n03345487_5615,firetruck,0,2
n03345487_5624,firetruck,0,4
n03345487_5643,firetruck,0,0
n03345487_5652,firetruck,0,3
n03345487_5672,firetruck,0,1
n03345487_5684,firetruck,0,0
n03345487_5689,firetruck,0,1
n03345487_5698,firetruck,0,2
n03345487_5726,firetruck,0,0
n03345487_573,firetruck,0,2
n03345487_5763,firetruck,0,1
n03345487_5775,firetruck,0,3
n03345487_578,firetruck,0,1
n03345487_5787,firetruck,0,1
n03345487_5788,firetruck,0,4
n03345487_5818,firetruck,0,3
n03345487_5836,firetruck,0,2
n03345487_5851,firetruck,0,2
n03345487_5865,firetruck,0,1
n03345487_5888,firetruck,0,0
n03345487_5898,firetruck,0,3
n03345487_5910,firetruck,0,0
n03345487_5916,firetruck,0,3
n03345487_5930,firetruck,0,0
n03345487_5949,firetruck,0,2
n03345487_5951,firetruck,0,2
n03345487_5962,firetruck,0,1
n03345487_598,firetruck,0,2
n03345487_5998,firetruck,0,2
n03345487_6000,firetruck,0,1
n03345487_601,firetruck,0,2
n03345487_602,firetruck,0,0
n03345487_6045,firetruck,0,2
n03345487_605,firetruck,0,0
n03345487_6056,firetruck,0,3
n03345487_6082,firetruck,0,2
n03345487_609,firetruck,0,3
n03345487_611,firetruck,0,1
n03345487_6134,firetruck,0,2
n03345487_6136,firetruck,0,3
n03345487_6141,firetruck,0,1
n03345487_6169,firetruck,0,4
n03345487_6178,firetruck,0,1
n03345487_6180,firetruck,0,3
n03345487_619,firetruck,0,4
n03345487_6191,firetruck,0,0
n03345487_6196,firetruck,0,1
n03345487_6207,firetruck,0,0
n03345487_6212,firetruck,0,3
n03345487_6222,firetruck,0,3
n03345487_6231,firetruck,0,1
n03345487_6239,firetruck,0,4
n03345487_624,firetruck,0,1
n03345487_6244,firetruck,0,3
n03345487_6260,firetruck,0,2
n03345487_6263,firetruck,0,4
n03345487_6270,firetruck,0,0
n03345487_6296,firetruck,0,3
n03345487_6298,firetruck,0,0
n03345487_6300,firetruck,0,4
n03345487_6307,firetruck,0,1
n03345487_6314,firetruck,0,1
n03345487_6335,firetruck,0,2
n03345487_6337,firetruck,0,3
n03345487_6339,firetruck,0,1
n03345487_635,firetruck,0,1
n03345487_6361,firetruck,0,1
n03345487_6365,firetruck,0,1
n03345487_6369,firetruck,0,1
n03345487_6379,firetruck,0,1
n03345487_6382,firetruck,0,3
n03345487_6421,firetruck,0,4
n03345487_6428,firetruck,0,2
n03345487_6451,firetruck,0,3
n03345487_6452,firetruck,0,0
n03345487_6462,firetruck,0,0
n03345487_6471,firetruck,0,2
n03345487_6483,firetruck,0,0
n03345487_6487,firetruck,0,4
n03345487_6490,firetruck,0,3
n03345487_6494,firetruck,0,3
n03345487_6497,firetruck,0,1
n03345487_6498,firetruck,0,2
n03345487_6499,firetruck,0,4
n03345487_65,firetruck,0,2
n03345487_6511,firetruck,0,4
n03345487_6515,firetruck,0,2
n03345487_6518,firetruck,0,4
n03345487_6519,firetruck,0,2
n03345487_6524,firetruck,0,4
n03345487_6550,firetruck,0,0
n03345487_6559,firetruck,0,2
n03345487_6572,firetruck,0,4
n03345487_6582,firetruck,0,1
n03345487_6605,firetruck,0,1
n03345487_6609,firetruck,0,0
n03345487_6618,firetruck,0,1
n03345487_6623,firetruck,0,3
n03345487_6637,firetruck,0,2
n03345487_6639,firetruck,0,4
n03345487_6644,firetruck,0,4
n03345487_6648,firetruck,0,3
n03345487_6661,firetruck,0,3
n03345487_6667,firetruck,0,4
n03345487_6677,firetruck,0,4
n03345487_6686,firetruck,0,2
n03345487_6689,firetruck,0,0
n03345487_670,firetruck,0,4
n03345487_6733,firetruck,0,2
n03345487_6736,firetruck,0,3
n03345487_6749,firetruck,0,3
n03345487_6752,firetruck,0,1
n03345487_6777,firetruck,0,4
n03345487_6779,firetruck,0,1
n03345487_6808,firetruck,0,0
n03345487_681,firetruck,0,0
n03345487_6812,firetruck,0,3
n03345487_6818,firetruck,0,3
n03345487_6826,firetruck,0,1
n03345487_6830,firetruck,0,2
n03345487_6843,firetruck,0,4
n03345487_6847,firetruck,0,4
n03345487_6851,firetruck,0,0
n03345487_6856,firetruck,0,1
n03345487_6859,firetruck,0,1
n03345487_686,firetruck,0,4
n03345487_6867,firetruck,0,0
n03345487_6881,firetruck,0,3
n03345487_6887,firetruck,0,0
n03345487_6891,firetruck,0,2
n03345487_6892,firetruck,0,2
n03345487_6912,firetruck,0,1
n03345487_6917,firetruck,0,2
n03345487_6921,firetruck,0,0
n03345487_6926,firetruck,0,4
n03345487_6932,firetruck,0,1
n03345487_6939,firetruck,0,0
n03345487_6964,firetruck,0,0
n03345487_6978,firetruck,0,2
n03345487_698,firetruck,0,1
n03345487_6990,firetruck,0,1
n03345487_7007,firetruck,0,4
n03345487_7012,firetruck,0,4
n03345487_7019,firetruck,0,3
n03345487_7028,firetruck,0,3
n03345487_7029,firetruck,0,0
n03345487_7040,firetruck,0,4
n03345487_7047,firetruck,0,2
n03345487_7060,firetruck,0,4
n03345487_7064,firetruck,0,4
n03345487_7069,firetruck,0,3
n03345487_7076,firetruck,0,2
n03345487_7085,firetruck,0,1
n03345487_709,firetruck,0,3
n03345487_7094,firetruck,0,4
n03345487_7098,firetruck,0,4
n03345487_710,firetruck,0,0
n03345487_7107,firetruck,0,3
n03345487_7117,firetruck,0,4
n03345487_7123,firetruck,0,0
n03345487_7127,firetruck,0,3
n03345487_7151,firetruck,0,2
n03345487_7158,firetruck,0,0
n03345487_717,firetruck,0,0
n03345487_718,firetruck,0,0
n03345487_7183,firetruck,0,2
n03345487_7184,firetruck,0,1
n03345487_7226,firetruck,0,0
n03345487_7232,firetruck,0,1
n03345487_7233,firetruck,0,0
n03345487_7240,firetruck,0,2
n03345487_7242,firetruck,0,2
n03345487_7262,firetruck,0,3
n03345487_7266,firetruck,0,0
n03345487_7291,firetruck,0,4
n03345487_7295,firetruck,0,3
n03345487_7320,firetruck,0,1
n03345487_7323,firetruck,0,4
n03345487_734,firetruck,0,3
n03345487_7341,firetruck,0,1
n03345487_7343,firetruck,0,3
n03345487_7344,firetruck,0,2
n03345487_7381,firetruck,0,0
n03345487_7386,firetruck,0,2
n03345487_7399,firetruck,0,4
n03345487_7403,firetruck,0,4
n03345487_7409,firetruck,0,1
n03345487_7410,firetruck,0,4
n03345487_7412,firetruck,0,1
n03345487_7425,firetruck,0,0
n03345487_7430,firetruck,0,4
n03345487_7435,firetruck,0,0
n03345487_7437,firetruck,0,1
n03345487_7440,firetruck,0,2
n03345487_7445,firetruck,0,3
n03345487_7459,firetruck,0,4
n03345487_7464,firetruck,0,2
n03345487_7469,firetruck,0,0
n03345487_7472,firetruck,0,0
n03345487_7476,firetruck,0,2
n03345487_7482,firetruck,0,1
n03345487_7484,firetruck,0,1
n03345487_7486,firetruck,0,3
n03345487_7487,firetruck,0,2
n03345487_7500,firetruck,0,0
n03345487_7505,firetruck,0,2
n03345487_7510,firetruck,0,4
n03345487_7514,firetruck,0,4
n03345487_7532,firetruck,0,3
n03345487_7535,firetruck,0,1
n03345487_7542,firetruck,0,4
n03345487_7548,firetruck,0,2
n03345487_755,firetruck,0,3
n03345487_7552,firetruck,0,2
n03345487_7569,firetruck,0,3
n03345487_757,firetruck,0,4
n03345487_7581,firetruck,0,4
n03345487_759,firetruck,0,2
n03345487_76,firetruck,0,3
n03345487_7601,firetruck,0,2
n03345487_7603,firetruck,0,2
n03345487_7618,firetruck,0,4
n03345487_7621,firetruck,0,2
n03345487_7623,firetruck,0,2
n03345487_7626,firetruck,0,1
n03345487_7633,firetruck,0,3
n03345487_7638,firetruck,0,4
n03345487_7656,firetruck,0,2
n03345487_7667,firetruck,0,1
n03345487_7680,firetruck,0,3
n03345487_7683,firetruck,0,3
n03345487_7689,firetruck,0,0
n03345487_7691,firetruck,0,0
n03345487_7696,firetruck,0,2
n03345487_7700,firetruck,0,3
n03345487_7705,firetruck,0,2
n03345487_7713,firetruck,0,1
n03345487_7717,firetruck,0,0
n03345487_772,firetruck,0,2
n03345487_7726,firetruck,0,4
n03345487_7728,firetruck,0,2
n03345487_776,firetruck,0,1
n03345487_7760,firetruck,0,1
n03345487_7762,firetruck,0,4
n03345487_7777,firetruck,0,4
n03345487_7779,firetruck,0,3
n03345487_7782,firetruck,0,2
n03345487_7792,firetruck,0,0
n03345487_7795,firetruck,0,3
n03345487_7798,firetruck,0,3
n03345487_78,firetruck,0,3
n03345487_7804,firetruck,0,3
n03345487_7805,firetruck,0,1
n03345487_7806,firetruck,0,0
n03345487_7808,firetruck,0,1
n03345487_7810,firetruck,0,2
n03345487_782,firetruck,0,3
n03345487_783,firetruck,0,1
n03345487_7833,firetruck,0,2
n03345487_7834,firetruck,0,0
n03345487_7836,firetruck,0,1
n03345487_7838,firetruck,0,2
n03345487_7844,firetruck,0,4
n03345487_785,firetruck,0,4
n03345487_7851,firetruck,0,4
n03345487_7857,firetruck,0,3
n03345487_7870,firetruck,0,3
n03345487_7880,firetruck,0,0
n03345487_7896,firetruck,0,1
n03345487_7897,firetruck,0,1
n03345487_790,firetruck,0,4
n03345487_7926,firetruck,0,1
n03345487_7929,firetruck,0,4
n03345487_7930,firetruck,0,4
n03345487_7931,firetruck,0,2
n03345487_7934,firetruck,0,3
n03345487_7960,firetruck,0,4
n03345487_7969,firetruck,0,4
n03345487_7981,firetruck,0,0
n03345487_800,firetruck,0,1
n03345487_8017,firetruck,0,4
n03345487_8018,firetruck,0,3
n03345487_8031,firetruck,0,1
n03345487_804,firetruck,0,3
n03345487_8045,firetruck,0,3
n03345487_8046,firetruck,0,4
n03345487_8053,firetruck,0,1
n03345487_8057,firetruck,0,2
n03345487_8063,firetruck,0,4
n03345487_8066,firetruck,0,0
n03345487_8077,firetruck,0,4
n03345487_8086,firetruck,0,2
n03345487_8092,firetruck,0,2
n03345487_8093,firetruck,0,3
n03345487_8101,firetruck,0,2
n03345487_8111,firetruck,0,2
n03345487_8122,firetruck,0,1
n03345487_8128,firetruck,0,3
n03345487_8131,firetruck,0,0
n03345487_8155,firetruck,0,4
n03345487_8158,firetruck,0,1
n03345487_8161,firetruck,0,3
n03345487_8169,firetruck,0,0
n03345487_8172,firetruck,0,2
n03345487_8174,firetruck,0,0
n03345487_8190,firetruck,0,3
n03345487_8199,firetruck,0,2
n03345487_8233,firetruck,0,2
n03345487_8235,firetruck,0,2
n03345487_8247,firetruck,0,0
n03345487_825,firetruck,0,0
n03345487_8266,firetruck,0,1
n03345487_829,firetruck,0,3
n03345487_8296,firetruck,0,0
n03345487_8304,firetruck,0,3
n03345487_8317,firetruck,0,3
n03345487_8323,firetruck,0,1
n03345487_8341,firetruck,0,1
n03345487_8362,firetruck,0,4
n03345487_8370,firetruck,0,3
n03345487_8375,firetruck,0,3
n03345487_839,firetruck,0,3
n03345487_8407,firetruck,0,2
n03345487_8413,firetruck,0,4
n03345487_844,firetruck,0,0
n03345487_8441,firetruck,0,2
n03345487_8474,firetruck,0,3
n03345487_8490,firetruck,0,3
n03345487_8510,firetruck,0,4
n03345487_8515,firetruck,0,0
n03345487_8523,firetruck,0,3
n03345487_8525,firetruck,0,1
n03345487_8558,firetruck,0,2
n03345487_8592,firetruck,0,4
n03345487_8610,firetruck,0,0
n03345487_8611,firetruck,0,4
n03345487_8615,firetruck,0,4
n03345487_8620,firetruck,0,1
n03345487_8629,firetruck,0,1
n03345487_8635,firetruck,0,4
n03345487_8639,firetruck,0,2
n03345487_8656,firetruck,0,1
n03345487_8671,firetruck,0,3
n03345487_8673,firetruck,0,4
n03345487_8679,firetruck,0,1
n03345487_8689,firetruck,0,0
n03345487_8693,firetruck,0,3
n03345487_8694,firetruck,0,4
n03345487_8699,firetruck,0,4
n03345487_8720,firetruck,0,2
n03345487_8766,firetruck,0,3
n03345487_8801,firetruck,0,1
n03345487_8802,firetruck,0,1
n03345487_882,firetruck,0,3
n03345487_8832,firetruck,0,1
n03345487_8839,firetruck,0,2
n03345487_8842,firetruck,0,0
n03345487_8847,firetruck,0,2
n03345487_8850,firetruck,0,0
n03345487_8891,firetruck,0,4
n03345487_8913,firetruck,0,0
n03345487_8919,firetruck,0,0
n03345487_8944,firetruck,0,4
n03345487_8958,firetruck,0,2
n03345487_8968,firetruck,0,4
n03345487_8991,firetruck,0,4
n03345487_8994,firetruck,0,3
n03345487_900,firetruck,0,3
n03345487_9006,firetruck,0,0
n03345487_9007,firetruck,0,0
n03345487_903,firetruck,0,1
n03345487_9038,firetruck,0,1
n03345487_9041,firetruck,0,0
n03345487_9044,firetruck,0,0
n03345487_9053,firetruck,0,1
n03345487_9083,firetruck,0,0
n03345487_9095,firetruck,0,2
n03345487_9101,firetruck,0,4
n03345487_9102,firetruck,0,2
n03345487_9123,firetruck,0,3
n03345487_9149,firetruck,0,4
n03345487_9227,firetruck,0,0
n03345487_9242,firetruck,0,0
n03345487_9253,firetruck,0,1
n03345487_926,firetruck,0,2
n03345487_9321,firetruck,0,1
n03345487_9369,firetruck,0,3
n03345487_9459,firetruck,0,4
n03345487_947,firetruck,0,1
n03345487_9482,firetruck,0,4
n03345487_949,firetruck,0,4
n03345487_9497,firetruck,0,1
n03345487_953,firetruck,0,3
n03345487_9535,firetruck,0,0
n03345487_9546,firetruck,0,0
n03345487_9558,firetruck,0,4
n03345487_9653,firetruck,0,0
n03345487_9664,firetruck,0,0
n03345487_976,firetruck,0,2
n03345487_9804,firetruck,0,1
n03345487_9854,firetruck,0,4
n03345487_9889,firetruck,0,1
n03345487_9893,firetruck,0,3
n03345487_9979,firetruck,0,4
n02701002_1,ambulance,1,4
n02701002_10,ambulance,1,2
n02701002_10004,ambulance,1,1
n02701002_1003,ambulance,1,3
n02701002_10046,ambulance,1,0
n02701002_10068,ambulance,1,1
n02701002_1007,ambulance,1,3
n02701002_10073,ambulance,1,0
n02701002_10091,ambulance,1,0
n02701002_10092,ambulance,1,3
n02701002_101,ambulance,1,4
n02701002_10156,ambulance,1,4
n02701002_1020,ambulance,1,0
n02701002_10200,ambulance,1,2
n02701002_1023,ambulance,1,2
n02701002_10251,ambulance,1,0
n02701002_10253,ambulance,1,2
n02701002_10279,ambulance,1,4
n02701002_1029,ambulance,1,2
n02701002_10324,ambulance,1,2
n02701002_10333,ambulance,1,1
n02701002_1035,ambulance,1,4
n02701002_10365,ambulance,1,3
n02701002_1038,ambulance,1,1
n02701002_10391,ambulance,1,3
n02701002_1040,ambulance,1,4
n02701002_1041,ambulance,1,3
n02701002_10422,ambulance,1,4
n02701002_1044,ambulance,1,0
n02701002_10444,ambulance,1,2
n02701002_10452,ambulance,1,3
n02701002_10497,ambulance,1,1
n02701002_1051,ambulance,1,0
n02701002_10558,ambulance,1,2
n02701002_1056,ambulance,1,1
n02701002_1059,ambulance,1,3
n02701002_10624,ambulance,1,2
n02701002_10625,ambulance,1,4
n02701002_1063,ambulance,1,0
n02701002_10648,ambulance,1,2
n02701002_10678,ambulance,1,0
n02701002_107,ambulance,1,1
n02701002_1070,ambulance,1,3
n02701002_10707,ambulance,1,2
n02701002_1073,ambulance,1,4
n02701002_10736,ambulance,1,2
n02701002_10745,ambulance,1,0
n02701002_1076,ambulance,1,2
n02701002_10767,ambulance,1,1
n02701002_1078,ambulance,1,4
n02701002_108,ambulance,1,1
n02701002_10847,ambulance,1,4
n02701002_1086,ambulance,1,4
n02701002_1087,ambulance,1,1
n02701002_10888,ambulance,1,2
n02701002_10894,ambulance,1,1
n02701002_1091,ambulance,1,0
n02701002_1092,ambulance,1,3
n02701002_10922,ambulance,1,1
n02701002_10926,ambulance,1,4
n02701002_10937,ambulance,1,4
n02701002_1094,ambulance,1,3
n02701002_10956,ambulance,1,0
n02701002_1096,ambulance,1,4
n02701002_11014,ambulance,1,0
n02701002_11017,ambulance,1,0
n02701002_11033,ambulance,1,2
n02701002_11048,ambulance,1,3
n02701002_1107,ambulance,1,0
n02701002_11083,ambulance,1,3
n02701002_11109,ambulance,1,2
n02701002_1112,ambulance,1,4
n02701002_1117,ambulance,1,3
n02701002_11206,ambulance,1,2
n02701002_11209,ambulance,1,3
n02701002_1126,ambulance,1,2
n02701002_11283,ambulance,1,2
n02701002_11320,ambulance,1,4
n02701002_11363,ambulance,1,1
n02701002_11393,ambulance,1,1
n02701002_114,ambulance,1,3
n02701002_11426,ambulance,1,1
n02701002_11433,ambulance,1,0
n02701002_1144,ambulance,1,4
n02701002_1146,ambulance,1,3
n02701002_11489,ambulance,1,1
n02701002_11492,ambulance,1,4
n02701002_115,ambulance,1,0
n02701002_1151,ambulance,1,3
n02701002_11574,ambulance,1,1
n02701002_1159,ambulance,1,1
n02701002_11595,ambulance,1,1
n02701002_11610,ambulance,1,0
n02701002_11614,ambulance,1,3
n02701002_11621,ambulance,1,3
n02701002_11647,ambulance,1,2
n02701002_11668,ambulance,1,0
n02701002_11677,ambulance,1,2
n02701002_11725,ambulance,1,3
n02701002_11738,ambulance,1,3
n02701002_1175,ambulance,1,4
n02701002_11756,ambulance,1,4
n02701002_1177,ambulance,1,4
n02701002_11773,ambulance,1,4
n02701002_11786,ambulance,1,2
n02701002_11790,ambulance,1,1
n02701002_11802,ambulance,1,2
n02701002_1182,ambulance,1,2
n02701002_1183,ambulance,1,0
n02701002_11841,ambulance,1,0
n02701002_11874,ambulance,1,2
n02701002_11882,ambulance,1,1
n02701002_11890,ambulance,1,4
n02701002_11912,ambulance,1,4
n02701002_11927,ambulance,1,0
n02701002_1195,ambulance,1,4
n02701002_11954,ambulance,1,2
n02701002_11976,ambulance,1,0
n02701002_1201,ambulance,1,4
n02701002_12025,ambulance,1,1
n02701002_1204,ambulance,1,0
n02701002_1207,ambulance,1,4
n02701002_12098,ambulance,1,0
n02701002_121,ambulance,1,4
n02701002_1213,ambulance,1,4
n02701002_12136,ambulance,1,3
n02701002_1215,ambulance,1,3
n02701002_12156,ambulance,1,4
n02701002_1216,ambulance,1,4
n02701002_12204,ambulance,1,0
n02701002_12242,ambulance,1,3
n02701002_12262,ambulance,1,4
n02701002_12264,ambulance,1,3
n02701002_12277,ambulance,1,0
n02701002_12278,ambulance,1,1
n02701002_1228,ambulance,1,4
n02701002_12301,ambulance,1,0
n02701002_12310,ambulance,1,2
n02701002_12331,ambulance,1,2
n02701002_1234,ambulance,1,2
n02701002_124,ambulance,1,1
n02701002_12415,ambulance,1,0
n02701002_1242,ambulance,1,4
n02701002_12421,ambulance,1,2
n02701002_12429,ambulance,1,0
n02701002_12456,ambulance,1,4
n02701002_1247,ambulance,1,4
n02701002_1249,ambulance,1,0
n02701002_12497,ambulance,1,0
n02701002_12513,ambulance,1,0
n02701002_12514,ambulance,1,4
n02701002_1252,ambulance,1,4
n02701002_1253,ambulance,1,4
n02701002_12543,ambulance,1,4
n02701002_12561,ambulance,1,2
n02701002_12570,ambulance,1,4
n02701002_12587,ambulance,1,0
n02701002_12601,ambulance,1,4
n02701002_12622,ambulance,1,2
n02701002_12630,ambulance,1,4
n02701002_1264,ambulance,1,4
n02701002_1269,ambulance,1,4
n02701002_1270,ambulance,1,3
n02701002_12714,ambulance,1,2
n02701002_1272,ambulance,1,3
n02701002_1274,ambulance,1,2
n02701002_12757,ambulance,1,2
n02701002_12762,ambulance,1,2
n02701002_1279,ambulance,1,2
n02701002_12796,ambulance,1,3
n02701002_128,ambulance,1,3
n02701002_1286,ambulance,1,1
n02701002_12867,ambulance,1,4
n02701002_1287,ambulance,1,3
n02701002_12876,ambulance,1,0
n02701002_12944,ambulance,1,4
n02701002_12953,ambulance,1,1
n02701002_12954,ambulance,1,4
n02701002_12964,ambulance,1,1
n02701002_12971,ambulance,1,2
n02701002_12991,ambulance,1,2
n02701002_13027,ambulance,1,1
n02701002_1303,ambulance,1,3
n02701002_13052,ambulance,1,0
n02701002_13054,ambulance,1,1
n02701002_1315,ambulance,1,3
n02701002_13156,ambulance,1,2
n02701002_1316,ambulance,1,3
n02701002_13169,ambulance,1,3
n02701002_1318,ambulance,1,2
n02701002_13213,ambulance,1,0
n02701002_1325,ambulance,1,2
n02701002_13255,ambulance,1,4
n02701002_13263,ambulance,1,1
n02701002_13277,ambulance,1,1
n02701002_1330,ambulance,1,1
n02701002_1332,ambulance,1,3
n02701002_13345,ambulance,1,0
n02701002_13370,ambulance,1,3
n02701002_1341,ambulance,1,4
n02701002_1343,ambulance,1,3
n02701002_1347,ambulance,1,1
n02701002_13494,ambulance,1,0
n02701002_13507,ambulance,1,1
n02701002_13509,ambulance,1,0
n02701002_13560,ambulance,1,3
n02701002_13564,ambulance,1,3
n02701002_1358,ambulance,1,0
n02701002_13584,ambulance,1,3
n02701002_13594,ambulance,1,2
n02701002_13599,ambulance,1,0
n02701002_1361,ambulance,1,0
n02701002_13613,ambulance,1,3
n02701002_1364,ambulance,1,3
n02701002_13667,ambulance,1,3
n02701002_13688,ambulance,1,1
n02701002_13690,ambulance,1,4
n02701002_13698,ambulance,1,0
n02701002_1371,ambulance,1,2
n02701002_13733,ambulance,1,2
n02701002_13751,ambulance,1,3
n02701002_13780,ambulance,1,3
n02701002_13781,ambulance,1,1
n02701002_13793,ambulance,1,4
n02701002_13808,ambulance,1,0
n02701002_1382,ambulance,1,3
n02701002_13820,ambulance,1,1
n02701002_13824,ambulance,1,3
n02701002_1384,ambulance,1,2
n02701002_1386,ambulance,1,2
n02701002_13900,ambulance,1,4
n02701002_1393,ambulance,1,1
n02701002_13949,ambulance,1,2
n02701002_13980,ambulance,1,1
n02701002_1400,ambulance,1,2
n02701002_1401,ambulance,1,2
n02701002_14013,ambulance,1,1
n02701002_14031,ambulance,1,4
n02701002_14032,ambulance,1,1
n02701002_1404,ambulance,1,3
n02701002_14050,ambulance,1,2
n02701002_14080,ambulance,1,3
n02701002_14122,ambulance,1,0
n02701002_1414,ambulance,1,4
n02701002_1415,ambulance,1,1
n02701002_14159,ambulance,1,2
n02701002_14200,ambulance,1,4
n02701002_14209,ambulance,1,3
n02701002_14217,ambulance,1,3
n02701002_14226,ambulance,1,1
n02701002_14241,ambulance,1,2
n02701002_14275,ambulance,1,2
n02701002_1428,ambulance,1,2
n02701002_14308,ambulance,1,2
n02701002_14327,ambulance,1,4
n02701002_14383,ambulance,1,4
n02701002_14392,ambulance,1,4
n02701002_1440,ambulance,1,2
n02701002_1441,ambulance,1,3
n02701002_14440,ambulance,1,2
n02701002_14446,ambulance,1,3
n02701002_14450,ambulance,1,2
n02701002_1447,ambulance,1,3
n02701002_1448,ambulance,1,1
n02701002_14502,ambulance,1,4
n02701002_1451,ambulance,1,4
n02701002_14514,ambulance,1,2
n02701002_14530,ambulance,1,2
n02701002_1454,ambulance,1,4
n02701002_14541,ambulance,1,4
n02701002_1455,ambulance,1,2
n02701002_14576,ambulance,1,3
n02701002_14582,ambulance,1,0
n02701002_1459,ambulance,1,2
n02701002_14591,ambulance,1,2
n02701002_1460,ambulance,1,1
n02701002_1463,ambulance,1,0
n02701002_1468,ambulance,1,4
n02701002_14690,ambulance,1,2
n02701002_1470,ambulance,1,2
n02701002_1471,ambulance,1,0
n02701002_14816,ambulance,1,2
n02701002_1482,ambulance,1,4
n02701002_14861,ambulance,1,1
n02701002_1487,ambulance,1,1
n02701002_14871,ambulance,1,1
n02701002_14887,ambulance,1,4
n02701002_1489,ambulance,1,3
n02701002_1490,ambulance,1,0
n02701002_14926,ambulance,1,4
n02701002_1493,ambulance,1,3
n02701002_14965,ambulance,1,2
n02701002_1497,ambulance,1,1
n02701002_1499,ambulance,1,2
n02701002_15045,ambulance,1,4
n02701002_1506,ambulance,1,3
n02701002_15073,ambulance,1,1
n02701002_1508,ambulance,1,3
n02701002_15080,ambulance,1,0
n02701002_1509,ambulance,1,1
n02701002_1511,ambulance,1,4
n02701002_1515,ambulance,1,2
n02701002_15167,ambulance,1,4
n02701002_15182,ambulance,1,2
n02701002_15197,ambulance,1,0
n02701002_1526,ambulance,1,1
n02701002_15279,ambulance,1,1
n02701002_1528,ambulance,1,2
n02701002_15289,ambulance,1,2
n02701002_1533,ambulance,1,3
n02701002_1535,ambulance,1,0
n02701002_1537,ambulance,1,3
n02701002_15383,ambulance,1,2
n02701002_15392,ambulance,1,0
n02701002_154,ambulance,1,0
n02701002_1540,ambulance,1,2
n02701002_1541,ambulance,1,1
n02701002_15411,ambulance,1,2
n02701002_15417,ambulance,1,4
n02701002_1542,ambulance,1,2
n02701002_15420,ambulance,1,0
n02701002_15423,ambulance,1,2
n02701002_15428,ambulance,1,0
n02701002_1547,ambulance,1,4
n02701002_15523,ambulance,1,0
n02701002_1553,ambulance,1,3
n02701002_1555,ambulance,1,2
n02701002_15550,ambulance,1,1
n02701002_1557,ambulance,1,1
n02701002_15583,ambulance,1,0
n02701002_15609,ambulance,1,1
n02701002_1562,ambulance,1,4
n02701002_15638,ambulance,1,2
n02701002_15645,ambulance,1,3
n02701002_1565,ambulance,1,0
n02701002_15668,ambulance,1,3
n02701002_15727,ambulance,1,3
n02701002_15748,ambulance,1,2
n02701002_1576,ambulance,1,2
n02701002_15774,ambulance,1,4
n02701002_1578,ambulance,1,0
n02701002_15837,ambulance,1,1
n02701002_15843,ambulance,1,3
n02701002_15859,ambulance,1,2
n02701002_1588,ambulance,1,4
n02701002_15883,ambulance,1,1
n02701002_15898,ambulance,1,0
n02701002_15919,ambulance,1,2
n02701002_1592,ambulance,1,3
n02701002_15923,ambulance,1,3
n02701002_15924,ambulance,1,1
n02701002_1594,ambulance,1,3
n02701002_1595,ambulance,1,2
n02701002_1596,ambulance,1,3
n02701002_15965,ambulance,1,0
n02701002_1599,ambulance,1,1
n02701002_15993,ambulance,1,0
n02701002_16004,ambulance,1,4
n02701002_16027,ambulance,1,3
n02701002_1605,ambulance,1,1
n02701002_16062,ambulance,1,4
n02701002_16090,ambulance,1,0
n02701002_16116,ambulance,1,3
n02701002_16125,ambulance,1,4
n02701002_1614,ambulance,1,3
n02701002_16149,ambulance,1,1
n02701002_1615,ambulance,1,1
n02701002_1617,ambulance,1,4
n02701002_16183,ambulance,1,3
n02701002_1619,ambulance,1,2
n02701002_16208,ambulance,1,3
n02701002_1622,ambulance,1,4
n02701002_1623,ambulance,1,0
n02701002_1625,ambulance,1,1
n02701002_16281,ambulance,1,3
n02701002_1630,ambulance,1,3
n02701002_1631,ambulance,1,0
n02701002_1632,ambulance,1,4
n02701002_16347,ambulance,1,4
n02701002_16357,ambulance,1,3
n02701002_16377,ambulance,1,0
n02701002_16407,ambulance,1,4
n02701002_16435,ambulance,1,2
n02701002_16488,ambulance,1,4
n02701002_1649,ambulance,1,4
n02701002_165,ambulance,1,4
n02701002_16507,ambulance,1,1
n02701002_1658,ambulance,1,3
n02701002_16592,ambulance,1,4
n02701002_1660,ambulance,1,2
n02701002_16611,ambulance,1,0
n02701002_16612,ambulance,1,1
n02701002_1662,ambulance,1,0
n02701002_1663,ambulance,1,4
n02701002_1667,ambulance,1,0
n02701002_16688,ambulance,1,4
n02701002_16707,ambulance,1,0
n02701002_16708,ambulance,1,0
n02701002_1671,ambulance,1,1
n02701002_16750,ambulance,1,2
n02701002_1678,ambulance,1,0
n02701002_16803,ambulance,1,1
n02701002_1681,ambulance,1,1
n02701002_16871,ambulance,1,3
n02701002_1689,ambulance,1,3
n02701002_1691,ambulance,1,3
n02701002_16927,ambulance,1,3
n02701002_1693,ambulance,1,1
n02701002_16932,ambulance,1,4
n02701002_1695,ambulance,1,1
n02701002_17025,ambulance,1,0
n02701002_17030,ambulance,1,2
n02701002_17039,ambulance,1,0
n02701002_17067,ambulance,1,3
n02701002_17070,ambulance,1,3
n02701002_1709,ambulance,1,0
n02701002_17113,ambulance,1,1
n02701002_17119,ambulance,1,2
n02701002_1713,ambulance,1,0
n02701002_1714,ambulance,1,1
n02701002_17140,ambulance,1,3
n02701002_17149,ambulance,1,2
n02701002_1715,ambulance,1,4
n02701002_17150,ambulance,1,2
n02701002_17168,ambulance,1,1
n02701002_17209,ambulance,1,2
n02701002_1724,ambulance,1,4
n02701002_1732,ambulance,1,1
n02701002_1733,ambulance,1,3
n02701002_1735,ambulance,1,1
n02701002_1736,ambulance,1,1
n02701002_1737,ambulance,1,4
n02701002_17385,ambulance,1,2
n02701002_17416,ambulance,1,2
n02701002_1746,ambulance,1,3
n02701002_1748,ambulance,1,0
n02701002_17485,ambulance,1,0
n02701002_17491,ambulance,1,1
n02701002_17492,ambulance,1,1
n02701002_175,ambulance,1,1
n02701002_17500,ambulance,1,0
n02701002_1753,ambulance,1,4
n02701002_17576,ambulance,1,0
n02701002_1760,ambulance,1,3
n02701002_17620,ambulance,1,1
n02701002_1767,ambulance,1,1
n02701002_17717,ambulance,1,2
n02701002_1774,ambulance,1,2
n02701002_1775,ambulance,1,3
n02701002_1776,ambulance,1,2
n02701002_1777,ambulance,1,1
n02701002_17786,ambulance,1,4
n02701002_1780,ambulance,1,2
n02701002_17823,ambulance,1,4
n02701002_1785,ambulance,1,0
n02701002_1789,ambulance,1,2
n02701002_1792,ambulance,1,1
n02701002_1793,ambulance,1,3
n02701002_17933,ambulance,1,4
n02701002_17951,ambulance,1,0
n02701002_17954,ambulance,1,1
n02701002_1797,ambulance,1,1
n02701002_1802,ambulance,1,1
n02701002_18046,ambulance,1,0
n02701002_18064,ambulance,1,0
n02701002_1811,ambulance,1,2
n02701002_18112,ambulance,1,0
n02701002_1814,ambulance,1,2
n02701002_18146,ambulance,1,0
n02701002_1816,ambulance,1,4
n02701002_18162,ambulance,1,4
n02701002_1818,ambulance,1,1
n02701002_1819,ambulance,1,2
n02701002_1820,ambulance,1,3
n02701002_18232,ambulance,1,4
n02701002_18242,ambulance,1,2
n02701002_1830,ambulance,1,0
n02701002_1832,ambulance,1,3
n02701002_18342,ambulance,1,0
n02701002_18366,ambulance,1,4
n02701002_1837,ambulance,1,2
n02701002_18372,ambulance,1,3
n02701002_1839,ambulance,1,2
n02701002_18480,ambulance,1,0
n02701002_18490,ambulance,1,0
n02701002_18507,ambulance,1,3
n02701002_18508,ambulance,1,0
n02701002_18572,ambulance,1,2
n02701002_18600,ambulance,1,0
n02701002_18607,ambulance,1,3
n02701002_1864,ambulance,1,4
n02701002_18685,ambulance,1,2
n02701002_18691,ambulance,1,1
n02701002_18725,ambulance,1,4
n02701002_1886,ambulance,1,2
n02701002_1895,ambulance,1,0
n02701002_1904,ambulance,1,3
n02701002_1911,ambulance,1,2
n02701002_1914,ambulance,1,0
n02701002_1927,ambulance,1,1
n02701002_1928,ambulance,1,2
n02701002_1939,ambulance,1,1
n02701002_1943,ambulance,1,3
n02701002_1955,ambulance,1,4
n02701002_196,ambulance,1,4
n02701002_1966,ambulance,1,3
n02701002_197,ambulance,1,4
n02701002_1971,ambulance,1,3
n02701002_198,ambulance,1,4
n02701002_1987,ambulance,1,2
n02701002_199,ambulance,1,1
n02701002_1992,ambulance,1,4
n02701002_1995,ambulance,1,4
n02701002_20,ambulance,1,1
n02701002_2001,ambulance,1,2
n02701002_2006,ambulance,1,3
n02701002_2011,ambulance,1,1
n02701002_2012,ambulance,1,2
n02701002_2019,ambulance,1,1
n02701002_2021,ambulance,1,4
n02701002_2024,ambulance,1,2
n02701002_2043,ambulance,1,3
n02701002_2056,ambulance,1,1
n02701002_2064,ambulance,1,1
n02701002_2078,ambulance,1,4
n02701002_2090,ambulance,1,0
n02701002_2091,ambulance,1,3
n02701002_2097,ambulance,1,1
n02701002_2118,ambulance,1,3
n02701002_212,ambulance,1,1
n02701002_2122,ambulance,1,3
n02701002_2131,ambulance,1,1
n02701002_2134,ambulance,1,4
n02701002_2139,ambulance,1,4
n02701002_2140,ambulance,1,2
n02701002_2154,ambulance,1,4
n02701002_2157,ambulance,1,2
n02701002_2164,ambulance,1,0
n02701002_2166,ambulance,1,2
n02701002_2177,ambulance,1,2
n02701002_2187,ambulance,1,4
n02701002_2188,ambulance,1,0
n02701002_2194,ambulance,1,1
n02701002_2201,ambulance,1,2
n02701002_2216,ambulance,1,4
n02701002_2218,ambulance,1,3
n02701002_2220,ambulance,1,1
n02701002_2221,ambulance,1,4
n02701002_2224,ambulance,1,0
n02701002_2225,ambulance,1,4
n02701002_2227,ambulance,1,4
n02701002_2229,ambulance,1,4
n02701002_224,ambulance,1,4
n02701002_2241,ambulance,1,2
n02701002_2252,ambulance,1,4
n02701002_2256,ambulance,1,4
n02701002_2259,ambulance,1,2
n02701002_2275,ambulance,1,1
n02701002_2280,ambulance,1,2
n02701002_2288,ambulance,1,1
n02701002_2297,ambulance,1,0
n02701002_2299,ambulance,1,0
n02701002_2306,ambulance,1,4
n02701002_2307,ambulance,1,4
n02701002_2311,ambulance,1,0
n02701002_2327,ambulance,1,1
n02701002_2338,ambulance,1,4
n02701002_2343,ambulance,1,4
n02701002_2358,ambulance,1,1
n02701002_2361,ambulance,1,2
n02701002_2381,ambulance,1,1
n02701002_2397,ambulance,1,2
n02701002_2405,ambulance,1,1
n02701002_2408,ambulance,1,4
n02701002_2413,ambulance,1,1
n02701002_2418,ambulance,1,3
n02701002_2422,ambulance,1,3
n02701002_2425,ambulance,1,0
n02701002_2426,ambulance,1,1
n02701002_2435,ambulance,1,4
n02701002_244,ambulance,1,0
n02701002_2447,ambulance,1,1
n02701002_2449,ambulance,1,2
n02701002_2454,ambulance,1,3
n02701002_246,ambulance,1,4
n02701002_2464,ambulance,1,2
n02701002_2470,ambulance,1,2
n02701002_2478,ambulance,1,1
n02701002_248,ambulance,1,4
n02701002_2488,ambulance,1,3
n02701002_249,ambulance,1,4
n02701002_2492,ambulance,1,4
n02701002_2493,ambulance,1,0
n02701002_2503,ambulance,1,2
n02701002_2511,ambulance,1,1
n02701002_255,ambulance,1,4
n02701002_2553,ambulance,1,4
n02701002_2565,ambulance,1,3
n02701002_2590,ambulance,1,2
n02701002_2593,ambulance,1,3
n02701002_2616,ambulance,1,2
n02701002_2624,ambulance,1,1
n02701002_2625,ambulance,1,2
n02701002_2628,ambulance,1,3
n02701002_2636,ambulance,1,3
n02701002_2638,ambulance,1,1
n02701002_2639,ambulance,1,2
n02701002_2651,ambulance,1,0
n02701002_2664,ambulance,1,4
n02701002_2683,ambulance,1,3
n02701002_2693,ambulance,1,3
n02701002_2728,ambulance,1,4
n02701002_2732,ambulance,1,1
n02701002_274,ambulance,1,3
n02701002_2740,ambulance,1,4
n02701002_2741,ambulance,1,4
n02701002_2757,ambulance,1,1
n02701002_2758,ambulance,1,3
n02701002_276,ambulance,1,3
n02701002_278,ambulance,1,3
n02701002_2780,ambulance,1,0
n02701002_2785,ambulance,1,4
n02701002_2805,ambulance,1,3
n02701002_281,ambulance,1,3
n02701002_2821,ambulance,1,0
n02701002_2825,ambulance,1,4
n02701002_2832,ambulance,1,2
n02701002_2837,ambulance,1,3
n02701002_285,ambulance,1,2
n02701002_2863,ambulance,1,4
n02701002_2868,ambulance,1,3
n02701002_287,ambulance,1,3
n02701002_2872,ambulance,1,2
n02701002_288,ambulance,1,1
n02701002_2883,ambulance,1,0
n02701002_2889,ambulance,1,4
n02701002_2894,ambulance,1,0
n02701002_290,ambulance,1,4
n02701002_2907,ambulance,1,2
n02701002_2915,ambulance,1,0
n02701002_2928,ambulance,1,3
n02701002_2935,ambulance,1,4
n02701002_2936,ambulance,1,1
n02701002_2937,ambulance,1,2
n02701002_2940,ambulance,1,4
n02701002_2945,ambulance,1,3
n02701002_2962,ambulance,1,0
n02701002_2968,ambulance,1,3
n02701002_2972,ambulance,1,2
n02701002_2980,ambulance,1,2
n02701002_2982,ambulance,1,2
n02701002_2992,ambulance,1,0
n02701002_3003,ambulance,1,3
n02701002_3008,ambulance,1,0
n02701002_3010,ambulance,1,0
n02701002_3016,ambulance,1,0
n02701002_302,ambulance,1,4
n02701002_3024,ambulance,1,4
n02701002_3025,ambulance,1,3
n02701002_3029,ambulance,1,3
n02701002_3031,ambulance,1,2
n02701002_3032,ambulance,1,3
n02701002_3040,ambulance,1,3
n02701002_3049,ambulance,1,4
n02701002_3051,ambulance,1,4
n02701002_3053,ambulance,1,1
n02701002_3066,ambulance,1,4
n02701002_3068,ambulance,1,1
n02701002_3082,ambulance,1,1
n02701002_3086,ambulance,1,2
n02701002_3087,ambulance,1,1
n02701002_3094,ambulance,1,4
n02701002_3102,ambulance,1,3
n02701002_3107,ambulance,1,2
n02701002_3112,ambulance,1,1
n02701002_3113,ambulance,1,1
n02701002_3115,ambulance,1,0
n02701002_3118,ambulance,1,3
n02701002_3132,ambulance,1,4
n02701002_3136,ambulance,1,1
n02701002_3138,ambulance,1,4
n02701002_3154,ambulance,1,3
n02701002_3155,ambulance,1,2
n02701002_3156,ambulance,1,4
n02701002_3158,ambulance,1,4
n02701002_316,ambulance,1,3
n02701002_3161,ambulance,1,0
n02701002_3165,ambulance,1,4
n02701002_3167,ambulance,1,1
n02701002_3173,ambulance,1,0
n02701002_3177,ambulance,1,0
n02701002_3183,ambulance,1,3
n02701002_3185,ambulance,1,2
n02701002_3189,ambulance,1,1
n02701002_3190,ambulance,1,2
n02701002_3200,ambulance,1,0
n02701002_3201,ambulance,1,1
n02701002_3208,ambulance,1,3
n02701002_3209,ambulance,1,2
n02701002_3210,ambulance,1,1
n02701002_3212,ambulance,1,0
n02701002_3217,ambulance,1,1
n02701002_3219,ambulance,1,1
n02701002_322,ambulance,1,1
n02701002_3221,ambulance,1,0
n02701002_3223,ambulance,1,4
n02701002_3225,ambulance,1,2
n02701002_3227,ambulance,1,1
n02701002_3231,ambulance,1,1
n02701002_3236,ambulance,1,1
n02701002_3243,ambulance,1,0
n02701002_3251,ambulance,1,0
n02701002_3252,ambulance,1,2
n02701002_3254,ambulance,1,2
n02701002_3255,ambulance,1,4
n02701002_3263,ambulance,1,1
n02701002_3265,ambulance,1,3
n02701002_3266,ambulance,1,3
n02701002_3268,ambulance,1,2
n02701002_3269,ambulance,1,0
n02701002_3276,ambulance,1,3
n02701002_3279,ambulance,1,0
n02701002_328,ambulance,1,0
n02701002_3292,ambulance,1,4
n02701002_3302,ambulance,1,2
n02701002_3305,ambulance,1,1
n02701002_3310,ambulance,1,1
n02701002_3315,ambulance,1,0
n02701002_3318,ambulance,1,0
n02701002_3324,ambulance,1,2
n02701002_3326,ambulance,1,2
n02701002_333,ambulance,1,2
n02701002_3335,ambulance,1,0
n02701002_3340,ambulance,1,0
n02701002_3346,ambulance,1,3
n02701002_3348,ambulance,1,4
n02701002_3349,ambulance,1,2
n02701002_336,ambulance,1,0
n02701002_3361,ambulance,1,4
n02701002_3372,ambulance,1,1
n02701002_3379,ambulance,1,3
n02701002_3381,ambulance,1,0
n02701002_3387,ambulance,1,0
n02701002_3389,ambulance,1,0
n02701002_3391,ambulance,1,3
n02701002_3397,ambulance,1,2
n02701002_340,ambulance,1,1
n02701002_3402,ambulance,1,2
n02701002_3405,ambulance,1,0
n02701002_3406,ambulance,1,2
n02701002_3409,ambulance,1,4
n02701002_3420,ambulance,1,4
n02701002_3423,ambulance,1,4
n02701002_3428,ambulance,1,3
n02701002_3434,ambulance,1,1
n02701002_3436,ambulance,1,4
n02701002_3441,ambulance,1,1
n02701002_3457,ambulance,1,4
n02701002_3461,ambulance,1,2
n02701002_3463,ambulance,1,2
n02701002_3466,ambulance,1,2
n02701002_3469,ambulance,1,2
n02701002_3479,ambulance,1,0
n02701002_3480,ambulance,1,4
n02701002_3481,ambulance,1,1
n02701002_3486,ambulance,1,3
n02701002_3500,ambulance,1,0
n02701002_3508,ambulance,1,3
n02701002_351,ambulance,1,3
n02701002_3514,ambulance,1,4
n02701002_3517,ambulance,1,0
n02701002_3522,ambulance,1,2
n02701002_3528,ambulance,1,2
n02701002_353,ambulance,1,1
n02701002_3530,ambulance,1,1
n02701002_3533,ambulance,1,4
n02701002_354,ambulance,1,3
n02701002_3542,ambulance,1,2
n02701002_3543,ambulance,1,4
n02701002_3549,ambulance,1,2
n02701002_3553,ambulance,1,1
n02701002_3559,ambulance,1,0
n02701002_356,ambulance,1,0
n02701002_3561,ambulance,1,4
n02701002_3563,ambulance,1,3
n02701002_3564,ambulance,1,3
n02701002_3572,ambulance,1,0
n02701002_3573,ambulance,1,0
n02701002_3579,ambulance,1,3
n02701002_3584,ambulance,1,2
n02701002_3592,ambulance,1,4
n02701002_3598,ambulance,1,2
n02701002_3599,ambulance,1,4
n02701002_3601,ambulance,1,2
n02701002_3608,ambulance,1,1
n02701002_3612,ambulance,1,4
n02701002_3615,ambulance,1,1
n02701002_3616,ambulance,1,0
n02701002_3629,ambulance,1,2
n02701002_3632,ambulance,1,3
n02701002_3633,ambulance,1,1
n02701002_3639,ambulance,1,2
n02701002_3644,ambulance,1,0
n02701002_3646,ambulance,1,2
n02701002_3660,ambulance,1,4
n02701002_3664,ambulance,1,4
n02701002_3665,ambulance,1,2
n02701002_3668,ambulance,1,1
n02701002_3669,ambulance,1,3
n02701002_3672,ambulance,1,2
n02701002_3673,ambulance,1,0
n02701002_3674,ambulance,1,1
n02701002_368,ambulance,1,0
n02701002_3680,ambulance,1,1
n02701002_3682,ambulance,1,0
n02701002_369,ambulance,1,4
n02701002_3690,ambulance,1,1
n02701002_3694,ambulance,1,2
n02701002_3698,ambulance,1,0
n02701002_37,ambulance,1,3
n02701002_3700,ambulance,1,4
n02701002_3705,ambulance,1,2
n02701002_3713,ambulance,1,0
n02701002_3717,ambulance,1,1
n02701002_3719,ambulance,1,1
n02701002_3729,ambulance,1,4
n02701002_373,ambulance,1,2
n02701002_3735,ambulance,1,4
n02701002_3744,ambulance,1,2
n02701002_3755,ambulance,1,1
n02701002_3759,ambulance,1,1
n02701002_3762,ambulance,1,0
n02701002_3768,ambulance,1,4
n02701002_3776,ambulance,1,0
n02701002_3783,ambulance,1,4
n02701002_3789,ambulance,1,4
n02701002_3798,ambulance,1,2
n02701002_3801,ambulance,1,1
n02701002_3806,ambulance,1,2
n02701002_381,ambulance,1,1
n02701002_3827,ambulance,1,4
n02701002_383,ambulance,1,1
n02701002_3830,ambulance,1,0
n02701002_3833,ambulance,1,3
n02701002_3846,ambulance,1,0
n02701002_3850,ambulance,1,0
n02701002_3855,ambulance,1,2
n02701002_3857,ambulance,1,4
n02701002_3858,ambulance,1,1
n02701002_3862,ambulance,1,1
n02701002_3863,ambulance,1,0
n02701002_3866,ambulance,1,1
n02701002_3869,ambulance,1,0
n02701002_3872,ambulance,1,0
n02701002_3874,ambulance,1,3
n02701002_3884,ambulance,1,4
n02701002_3895,ambulance,1,2
n02701002_3897,ambulance,1,1
n02701002_3898,ambulance,1,4
n02701002_390,ambulance,1,3
n02701002_3902,ambulance,1,3
n02701002_3904,ambulance,1,4
n02701002_3906,ambulance,1,4
n02701002_3907,ambulance,1,3
n02701002_3912,ambulance,1,4
n02701002_3925,ambulance,1,4
n02701002_3927,ambulance,1,2
n02701002_3932,ambulance,1,2
n02701002_3934,ambulance,1,0
n02701002_3940,ambulance,1,2
n02701002_3941,ambulance,1,0
n02701002_3943,ambulance,1,1
n02701002_3950,ambulance,1,1
n02701002_3952,ambulance,1,4
n02701002_3953,ambulance,1,1
n02701002_3955,ambulance,1,0
n02701002_396,ambulance,1,1
n02701002_3966,ambulance,1,2
n02701002_3975,ambulance,1,1
n02701002_3978,ambulance,1,3
n02701002_3979,ambulance,1,1
n02701002_3985,ambulance,1,3
n02701002_3987,ambulance,1,1
n02701002_3989,ambulance,1,3
n02701002_3993,ambulance,1,3
n02701002_3996,ambulance,1,2
n02701002_3999,ambulance,1,3
n02701002_4009,ambulance,1,4
n02701002_4010,ambulance,1,3
n02701002_4016,ambulance,1,1
n02701002_4024,ambulance,1,1
n02701002_4027,ambulance,1,1
n02701002_4030,ambulance,1,3
n02701002_4031,ambulance,1,4
n02701002_4032,ambulance,1,3
n02701002_4033,ambulance,1,4
n02701002_4038,ambulance,1,0
n02701002_4045,ambulance,1,2
n02701002_4047,ambulance,1,2
n02701002_4048,ambulance,1,1
n02701002_4062,ambulance,1,1
n02701002_4063,ambulance,1,0
n02701002_4065,ambulance,1,4
n02701002_4071,ambulance,1,4
n02701002_4073,ambulance,1,0
n02701002_4074,ambulance,1,3
n02701002_4092,ambulance,1,1
n02701002_4095,ambulance,1,0
n02701002_4108,ambulance,1,1
n02701002_4112,ambulance,1,0
n02701002_4121,ambulance,1,3
n02701002_4125,ambulance,1,0
n02701002_4127,ambulance,1,1
n02701002_4128,ambulance,1,1
n02701002_4129,ambulance,1,0
n02701002_4139,ambulance,1,1
n02701002_4148,ambulance,1,1
n02701002_4150,ambulance,1,4
n02701002_4152,ambulance,1,2
n02701002_4155,ambulance,1,4
n02701002_4158,ambulance,1,2
n02701002_4171,ambulance,1,0
n02701002_4174,ambulance,1,0
n02701002_4178,ambulance,1,2
n02701002_4186,ambulance,1,2
n02701002_4194,ambulance,1,3
n02701002_4198,ambulance,1,0
n02701002_4203,ambulance,1,0
n02701002_421,ambulance,1,3
n02701002_4212,ambulance,1,2
n02701002_4219,ambulance,1,2
n02701002_4221,ambulance,1,3
n02701002_4223,ambulance,1,4
n02701002_4229,ambulance,1,4
n02701002_4231,ambulance,1,3
n02701002_4234,ambulance,1,3
n02701002_4241,ambulance,1,4
n02701002_4252,ambulance,1,0
n02701002_4262,ambulance,1,0
n02701002_4264,ambulance,1,1
n02701002_4266,ambulance,1,4
n02701002_4274,ambulance,1,4
n02701002_4276,ambulance,1,0
n02701002_4279,ambulance,1,4
n02701002_4286,ambulance,1,2
n02701002_4287,ambulance,1,2
n02701002_4289,ambulance,1,3
n02701002_4296,ambulance,1,0
n02701002_4299,ambulance,1,1
n02701002_4302,ambulance,1,2
n02701002_4311,ambulance,1,1
n02701002_4312,ambulance,1,4
n02701002_4314,ambulance,1,2
n02701002_4317,ambulance,1,3
n02701002_4340,ambulance,1,3
n02701002_4341,ambulance,1,3
n02701002_4347,ambulance,1,4
n02701002_4349,ambulance,1,3
n02701002_4351,ambulance,1,4
n02701002_4353,ambulance,1,3
n02701002_436,ambulance,1,2
n02701002_4360,ambulance,1,1
n02701002_4363,ambulance,1,1
n02701002_4364,ambulance,1,4
n02701002_4371,ambulance,1,1
n02701002_4379,ambulance,1,3
n02701002_4386,ambulance,1,2
n02701002_4391,ambulance,1,3
n02701002_4392,ambulance,1,0
n02701002_4397,ambulance,1,1
n02701002_4401,ambulance,1,1
n02701002_4403,ambulance,1,0
n02701002_4404,ambulance,1,4
n02701002_4414,ambulance,1,0
n02701002_4419,ambulance,1,3
n02701002_4425,ambulance,1,3
n02701002_4426,ambulance,1,1
n02701002_4431,ambulance,1,1
n02701002_4433,ambulance,1,3
n02701002_4434,ambulance,1,3
n02701002_4436,ambulance,1,2
n02701002_4438,ambulance,1,2
n02701002_4439,ambulance,1,1
n02701002_4449,ambulance,1,1
n02701002_4468,ambulance,1,3
n02701002_4474,ambulance,1,3
n02701002_4482,ambulance,1,0
n02701002_4496,ambulance,1,4
n02701002_4500,ambulance,1,1
n02701002_4504,ambulance,1,1
n02701002_4507,ambulance,1,2
n02701002_4512,ambulance,1,3
n02701002_4522,ambulance,1,0
n02701002_4528,ambulance,1,4
n02701002_4533,ambulance,1,0
n02701002_4538,ambulance,1,2
n02701002_4540,ambulance,1,3
n02701002_4547,ambulance,1,4
n02701002_4558,ambulance,1,4
n02701002_4562,ambulance,1,2
n02701002_4566,ambulance,1,2
n02701002_4568,ambulance,1,1
n02701002_4572,ambulance,1,1
n02701002_4577,ambulance,1,2
n02701002_4581,ambulance,1,0
n02701002_4598,ambulance,1,1
n02701002_46,ambulance,1,2
n02701002_4600,ambulance,1,0
n02701002_4603,ambulance,1,2
n02701002_4604,ambulance,1,2
n02701002_4607,ambulance,1,3
n02701002_4611,ambulance,1,3
n02701002_4615,ambulance,1,1
n02701002_4616,ambulance,1,0
n02701002_4624,ambulance,1,0
n02701002_4628,ambulance,1,2
n02701002_4635,ambulance,1,2
n02701002_4637,ambulance,1,1
n02701002_4644,ambulance,1,3
n02701002_4646,ambulance,1,3
n02701002_4662,ambulance,1,2
n02701002_4664,ambulance,1,1
n02701002_4666,ambulance,1,0
n02701002_467,ambulance,1,0
n02701002_4675,ambulance,1,2
n02701002_4678,ambulance,1,1
n02701002_468,ambulance,1,0
n02701002_4700,ambulance,1,4
n02701002_4701,ambulance,1,4
n02701002_4714,ambulance,1,2
n02701002_4717,ambulance,1,0
n02701002_4735,ambulance,1,3
n02701002_4737,ambulance,1,4
n02701002_4740,ambulance,1,0
n02701002_4752,ambulance,1,2
n02701002_4754,ambulance,1,2
n02701002_4756,ambulance,1,1
n02701002_4771,ambulance,1,0
n02701002_4781,ambulance,1,3
n02701002_4785,ambulance,1,2
n02701002_4793,ambulance,1,3
n02701002_4796,ambulance,1,3
n02701002_4797,ambulance,1,3
n02701002_4806,ambulance,1,0
n02701002_4818,ambulance,1,4
n02701002_4820,ambulance,1,2
n02701002_4827,ambulance,1,3
n02701002_4830,ambulance,1,2
n02701002_4842,ambulance,1,3
n02701002_4863,ambulance,1,0
n02701002_4864,ambulance,1,1
n02701002_4866,ambulance,1,1
n02701002_4867,ambulance,1,2
n02701002_4873,ambulance,1,0
n02701002_4876,ambulance,1,3
n02701002_4886,ambulance,1,3
n02701002_4891,ambulance,1,1
n02701002_4894,ambulance,1,4
n02701002_4896,ambulance,1,3
n02701002_4897,ambulance,1,0
n02701002_4902,ambulance,1,2
n02701002_4903,ambulance,1,3
n02701002_4909,ambulance,1,2
n02701002_4910,ambulance,1,3
n02701002_4913,ambulance,1,1
n02701002_4915,ambulance,1,0
n02701002_4917,ambulance,1,4
n02701002_4922,ambulance,1,2
n02701002_4924,ambulance,1,4
n02701002_4930,ambulance,1,4
n02701002_4937,ambulance,1,1
n02701002_4944,ambulance,1,4
n02701002_4948,ambulance,1,2
n02701002_4951,ambulance,1,3
n02701002_4953,ambulance,1,1
n02701002_4955,ambulance,1,0
n02701002_4956,ambulance,1,0
n02701002_496,ambulance,1,1
n02701002_497,ambulance,1,1
n02701002_4984,ambulance,1,1
n02701002_4987,ambulance,1,1
n02701002_4990,ambulance,1,3
n02701002_4992,ambulance,1,0
n02701002_4996,ambulance,1,3
n02701002_5013,ambulance,1,1
n02701002_5014,ambulance,1,4
n02701002_5016,ambulance,1,1
n02701002_5017,ambulance,1,2
n02701002_502,ambulance,1,4
n02701002_5021,ambulance,1,1
n02701002_5023,ambulance,1,0
n02701002_5028,ambulance,1,0
n02701002_5032,ambulance,1,0
n02701002_5041,ambulance,1,1
n02701002_5043,ambulance,1,0
n02701002_5055,ambulance,1,0
n02701002_506,ambulance,1,0
n02701002_5084,ambulance,1,3
n02701002_5096,ambulance,1,1
n02701002_5103,ambulance,1,3
n02701002_5104,ambulance,1,1
n02701002_5105,ambulance,1,2
n02701002_5110,ambulance,1,3
n02701002_512,ambulance,1,1
n02701002_5121,ambulance,1,0
n02701002_5126,ambulance,1,2
n02701002_5138,ambulance,1,3
n02701002_5142,ambulance,1,1
n02701002_5143,ambulance,1,0
n02701002_5155,ambulance,1,2
n02701002_5158,ambulance,1,0
n02701002_5162,ambulance,1,4
n02701002_5165,ambulance,1,1
n02701002_5174,ambulance,1,3
n02701002_5177,ambulance,1,4
n02701002_5180,ambulance,1,0
n02701002_5188,ambulance,1,1
n02701002_5190,ambulance,1,0
n02701002_5191,ambulance,1,4
n02701002_5198,ambulance,1,1
n02701002_5206,ambulance,1,0
n02701002_521,ambulance,1,2
n02701002_5215,ambulance,1,4
n02701002_5217,ambulance,1,3
n02701002_5223,ambulance,1,1
n02701002_5224,ambulance,1,4
n02701002_5238,ambulance,1,0
n02701002_5241,ambulance,1,4
n02701002_5247,ambulance,1,2
n02701002_5258,ambulance,1,1
n02701002_5271,ambulance,1,0
n02701002_5279,ambulance,1,3
n02701002_5284,ambulance,1,4
n02701002_5288,ambulance,1,2
n02701002_5292,ambulance,1,2
n02701002_5302,ambulance,1,3
n02701002_5322,ambulance,1,4
n02701002_5349,ambulance,1,3
n02701002_535,ambulance,1,2
n02701002_5360,ambulance,1,0
n02701002_5376,ambulance,1,2
n02701002_538,ambulance,1,0
n02701002_5382,ambulance,1,1
n02701002_539,ambulance,1,3
n02701002_5390,ambulance,1,0
n02701002_5405,ambulance,1,4
n02701002_5406,ambulance,1,3
n02701002_5409,ambulance,1,1
n02701002_5419,ambulance,1,3
n02701002_5429,ambulance,1,1
n02701002_5432,ambulance,1,4
n02701002_5433,ambulance,1,4
n02701002_5435,ambulance,1,1
n02701002_5439,ambulance,1,1
n02701002_5455,ambulance,1,2
n02701002_5457,ambulance,1,0
n02701002_5458,ambulance,1,0
n02701002_5483,ambulance,1,3
n02701002_5486,ambulance,1,1
n02701002_5496,ambulance,1,3
n02701002_550,ambulance,1,2
n02701002_5501,ambulance,1,0
n02701002_5502,ambulance,1,2
n02701002_5513,ambulance,1,1
n02701002_5514,ambulance,1,0
n02701002_5523,ambulance,1,2
n02701002_5524,ambulance,1,4
n02701002_5530,ambulance,1,3
n02701002_5538,ambulance,1,2
n02701002_5541,ambulance,1,1
n02701002_5549,ambulance,1,1
n02701002_5552,ambulance,1,2
n02701002_5554,ambulance,1,1
n02701002_5555,ambulance,1,1
n02701002_5560,ambulance,1,4
n02701002_5562,ambulance,1,0
n02701002_5564,ambulance,1,0
n02701002_5578,ambulance,1,0
n02701002_5586,ambulance,1,3
n02701002_5594,ambulance,1,2
n02701002_5598,ambulance,1,3
n02701002_560,ambulance,1,3
n02701002_5609,ambulance,1,0
n02701002_5610,ambulance,1,4
n02701002_5615,ambulance,1,2
n02701002_5616,ambulance,1,1
n02701002_5618,ambulance,1,4
n02701002_5619,ambulance,1,3
n02701002_5639,ambulance,1,3
n02701002_564,ambulance,1,0
n02701002_5640,ambulance,1,1
n02701002_5643,ambulance,1,0
n02701002_5645,ambulance,1,3
n02701002_5648,ambulance,1,1
n02701002_5654,ambulance,1,0
n02701002_5659,ambulance,1,3
n02701002_5671,ambulance,1,3
n02701002_5676,ambulance,1,3
n02701002_5685,ambulance,1,4
n02701002_5690,ambulance,1,4
n02701002_570,ambulance,1,0
n02701002_571,ambulance,1,4
n02701002_5711,ambulance,1,4
n02701002_5722,ambulance,1,2
n02701002_5727,ambulance,1,1
n02701002_5742,ambulance,1,4
n02701002_5747,ambulance,1,1
n02701002_5748,ambulance,1,4
n02701002_5763,ambulance,1,3
n02701002_5770,ambulance,1,1
n02701002_5773,ambulance,1,3
n02701002_5784,ambulance,1,4
n02701002_5788,ambulance,1,1
n02701002_58,ambulance,1,0
n02701002_5800,ambulance,1,3
n02701002_5807,ambulance,1,0
n02701002_5829,ambulance,1,2
n02701002_5836,ambulance,1,1
n02701002_584,ambulance,1,3
n02701002_5841,ambulance,1,0
n02701002_5857,ambulance,1,1
n02701002_5898,ambulance,1,3
n02701002_5904,ambulance,1,3
n02701002_5906,ambulance,1,2
n02701002_5930,ambulance,1,0
n02701002_5934,ambulance,1,1
n02701002_5945,ambulance,1,0
n02701002_5946,ambulance,1,0
n02701002_5965,ambulance,1,0
n02701002_5982,ambulance,1,2
n02701002_5985,ambulance,1,2
n02701002_5989,ambulance,1,1
n02701002_5993,ambulance,1,1
n02701002_5997,ambulance,1,2
n02701002_6025,ambulance,1,3
n02701002_6028,ambulance,1,1
n02701002_6044,ambulance,1,1
n02701002_6046,ambulance,1,4
n02701002_6048,ambulance,1,2
n02701002_6054,ambulance,1,0
n02701002_6060,ambulance,1,3
n02701002_6074,ambulance,1,1
n02701002_6090,ambulance,1,1
n02701002_6092,ambulance,1,1
n02701002_6117,ambulance,1,3
n02701002_6119,ambulance,1,3
n02701002_6139,ambulance,1,2
n02701002_6166,ambulance,1,4
n02701002_6167,ambulance,1,2
n02701002_6177,ambulance,1,4
n02701002_6179,ambulance,1,1
n02701002_6184,ambulance,1,3
n02701002_6192,ambulance,1,0
n02701002_6198,ambulance,1,3
n02701002_62,ambulance,1,2
n02701002_6201,ambulance,1,3
n02701002_6204,ambulance,1,0
n02701002_6211,ambulance,1,0
n02701002_623,ambulance,1,3
n02701002_6241,ambulance,1,3
n02701002_6253,ambulance,1,1
n02701002_6270,ambulance,1,3
n02701002_6271,ambulance,1,2
n02701002_6287,ambulance,1,4
n02701002_6288,ambulance,1,0
n02701002_6289,ambulance,1,0
n02701002_630,ambulance,1,4
n02701002_6302,ambulance,1,2
n02701002_6303,ambulance,1,4
n02701002_6313,ambulance,1,1
n02701002_6323,ambulance,1,2
n02701002_6325,ambulance,1,1
n02701002_6335,ambulance,1,4
n02701002_6340,ambulance,1,2
n02701002_6343,ambulance,1,3
n02701002_6344,ambulance,1,2
n02701002_635,ambulance,1,3
n02701002_6357,ambulance,1,3
n02701002_6369,ambulance,1,1
n02701002_6377,ambulance,1,3
n02701002_638,ambulance,1,1
n02701002_6393,ambulance,1,0
n02701002_6396,ambulance,1,4
n02701002_6402,ambulance,1,3
n02701002_6405,ambulance,1,0
n02701002_6416,ambulance,1,4
n02701002_6422,ambulance,1,3
n02701002_6437,ambulance,1,3
n02701002_6452,ambulance,1,0
n02701002_646,ambulance,1,0
n02701002_6477,ambulance,1,1
n02701002_648,ambulance,1,0
n02701002_649,ambulance,1,4
n02701002_6492,ambulance,1,4
n02701002_6501,ambulance,1,0
n02701002_6503,ambulance,1,2
n02701002_6505,ambulance,1,0
n02701002_6509,ambulance,1,0
n02701002_6513,ambulance,1,0
n02701002_6514,ambulance,1,0
n02701002_652,ambulance,1,3
n02701002_6521,ambulance,1,0
n02701002_6526,ambulance,1,0
n02701002_6529,ambulance,1,0
n02701002_6532,ambulance,1,2
n02701002_6534,ambulance,1,1
n02701002_6548,ambulance,1,2
n02701002_655,ambulance,1,0
n02701002_6572,ambulance,1,3
n02701002_6591,ambulance,1,3
n02701002_6596,ambulance,1,0
n02701002_6604,ambulance,1,2
n02701002_6619,ambulance,1,0
n02701002_6623,ambulance,1,2
n02701002_6625,ambulance,1,4
n02701002_6630,ambulance,1,2
n02701002_6638,ambulance,1,4
n02701002_6647,ambulance,1,2
n02701002_6650,ambulance,1,3
n02701002_6662,ambulance,1,4
n02701002_6667,ambulance,1,0
n02701002_6713,ambulance,1,2
n02701002_6720,ambulance,1,2
n02701002_6721,ambulance,1,4
n02701002_673,ambulance,1,0
n02701002_6733,ambulance,1,2
n02701002_6740,ambulance,1,2
n02701002_6757,ambulance,1,3
n02701002_6758,ambulance,1,4
n02701002_676,ambulance,1,1
n02701002_6762,ambulance,1,0
n02701002_6775,ambulance,1,1
n02701002_6779,ambulance,1,1
n02701002_6789,ambulance,1,4
n02701002_681,ambulance,1,0
n02701002_6810,ambulance,1,4
n02701002_682,ambulance,1,1
n02701002_683,ambulance,1,0
n02701002_6835,ambulance,1,1
n02701002_6844,ambulance,1,1
n02701002_686,ambulance,1,3
n02701002_688,ambulance,1,0
n02701002_6883,ambulance,1,3
n02701002_6890,ambulance,1,4
n02701002_6891,ambulance,1,2
n02701002_6901,ambulance,1,1
n02701002_6917,ambulance,1,2
n02701002_693,ambulance,1,1
n02701002_6933,ambulance,1,0
n02701002_694,ambulance,1,2
n02701002_6954,ambulance,1,0
n02701002_6955,ambulance,1,2
n02701002_6960,ambulance,1,0
n02701002_6982,ambulance,1,2
n02701002_6996,ambulance,1,4
n02701002_7012,ambulance,1,4
n02701002_703,ambulance,1,1
n02701002_7031,ambulance,1,3
n02701002_7038,ambulance,1,4
n02701002_7039,ambulance,1,4
n02701002_7046,ambulance,1,2
n02701002_7057,ambulance,1,0
n02701002_7065,ambulance,1,0
n02701002_7071,ambulance,1,1
n02701002_7081,ambulance,1,0
n02701002_7103,ambulance,1,0
n02701002_7104,ambulance,1,0
n02701002_7117,ambulance,1,1
n02701002_7126,ambulance,1,2
n02701002_7131,ambulance,1,1
n02701002_714,ambulance,1,2
n02701002_7156,ambulance,1,4
n02701002_7164,ambulance,1,2
n02701002_7182,ambulance,1,2
n02701002_7207,ambulance,1,3
n02701002_724,ambulance,1,1
n02701002_7259,ambulance,1,1
n02701002_727,ambulance,1,3
n02701002_728,ambulance,1,2
n02701002_7326,ambulance,1,4
n02701002_7345,ambulance,1,3
n02701002_7380,ambulance,1,2
n02701002_7425,ambulance,1,0
n02701002_7439,ambulance,1,3
n02701002_744,ambulance,1,3
n02701002_7445,ambulance,1,1
n02701002_7479,ambulance,1,4
n02701002_751,ambulance,1,3
n02701002_752,ambulance,1,1
n02701002_753,ambulance,1,0
n02701002_7569,ambulance,1,3
n02701002_7573,ambulance,1,1
n02701002_7676,ambulance,1,2
n02701002_7695,ambulance,1,2
n02701002_773,ambulance,1,3
n02701002_7734,ambulance,1,0
n02701002_7742,ambulance,1,2
n02701002_7757,ambulance,1,3
n02701002_7776,ambulance,1,2
n02701002_779,ambulance,1,0
n02701002_782,ambulance,1,3
n02701002_784,ambulance,1,2
n02701002_785,ambulance,1,2
n02701002_787,ambulance,1,3
n02701002_7874,ambulance,1,3
n02701002_788,ambulance,1,3
n02701002_7886,ambulance,1,0
n02701002_789,ambulance,1,2
n02701002_7894,ambulance,1,2
n02701002_7898,ambulance,1,4
n02701002_7908,ambulance,1,0
n02701002_791,ambulance,1,3
n02701002_7941,ambulance,1,3
n02701002_8,ambulance,1,4
n02701002_8004,ambulance,1,1
n02701002_8018,ambulance,1,0
n02701002_802,ambulance,1,0
n02701002_803,ambulance,1,3
n02701002_804,ambulance,1,2
n02701002_805,ambulance,1,3
n02701002_807,ambulance,1,1
n02701002_809,ambulance,1,3
n02701002_8126,ambulance,1,4
n02701002_8194,ambulance,1,4
n02701002_82,ambulance,1,1
n02701002_8210,ambulance,1,4
n02701002_8232,ambulance,1,4
n02701002_825,ambulance,1,4
n02701002_8302,ambulance,1,0
n02701002_836,ambulance,1,3
n02701002_839,ambulance,1,4
n02701002_840,ambulance,1,3
n02701002_841,ambulance,1,1
n02701002_845,ambulance,1,4
n02701002_847,ambulance,1,3
n02701002_848,ambulance,1,4
n02701002_8504,ambulance,1,1
n02701002_8512,ambulance,1,1
n02701002_857,ambulance,1,4
n02701002_8586,ambulance,1,3
n02701002_86,ambulance,1,3
n02701002_861,ambulance,1,4
n02701002_8614,ambulance,1,0
n02701002_8616,ambulance,1,3
n02701002_864,ambulance,1,3
n02701002_873,ambulance,1,1
n02701002_877,ambulance,1,0
n02701002_8775,ambulance,1,0
n02701002_8833,ambulance,1,4
n02701002_8841,ambulance,1,0
n02701002_8892,ambulance,1,2
n02701002_89,ambulance,1,0
n02701002_890,ambulance,1,3
n02701002_891,ambulance,1,4
n02701002_8912,ambulance,1,0
n02701002_894,ambulance,1,1
n02701002_9022,ambulance,1,0
n02701002_903,ambulance,1,3
n02701002_9054,ambulance,1,3
n02701002_9069,ambulance,1,3
n02701002_9074,ambulance,1,0
n02701002_908,ambulance,1,4
n02701002_9088,ambulance,1,4
n02701002_9107,ambulance,1,0
n02701002_9118,ambulance,1,1
n02701002_913,ambulance,1,4
n02701002_916,ambulance,1,2
n02701002_919,ambulance,1,4
n02701002_9212,ambulance,1,4
n02701002_9221,ambulance,1,4
n02701002_925,ambulance,1,0
n02701002_9250,ambulance,1,2
n02701002_926,ambulance,1,3
n02701002_9268,ambulance,1,1
n02701002_9281,ambulance,1,2
n02701002_9285,ambulance,1,4
n02701002_932,ambulance,1,0
n02701002_936,ambulance,1,3
n02701002_9369,ambulance,1,4
n02701002_937,ambulance,1,3
n02701002_938,ambulance,1,3
n02701002_939,ambulance,1,3
n02701002_941,ambulance,1,0
n02701002_9426,ambulance,1,1
n02701002_944,ambulance,1,1
n02701002_953,ambulance,1,4
n02701002_9556,ambulance,1,4
n02701002_96,ambulance,1,0
n02701002_9659,ambulance,1,0
n02701002_9662,ambulance,1,1
n02701002_9663,ambulance,1,1
n02701002_9705,ambulance,1,2
n02701002_9706,ambulance,1,3
n02701002_9722,ambulance,1,0
n02701002_9738,ambulance,1,1
n02701002_976,ambulance,1,1
n02701002_9770,ambulance,1,1
n02701002_9796,ambulance,1,0
n02701002_984,ambulance,1,1
n02701002_9847,ambulance,1,0
n02701002_988,ambulance,1,2
n02701002_9899,ambulance,1,4
n02701002_9900,ambulance,1,1
n02701002_9918,ambulance,1,1
n02701002_9928,ambulance,1,2
n02701002_9931,ambulance,1,0
n02701002_9949,ambulance,1,4
n02701002_995,ambulance,1,2
n02701002_9988,ambulance,1,0
n02701002_9995,ambulance,1,4
n03345487_10,firetruck,1,0
n03345487_10066,firetruck,1,2
n03345487_10089,firetruck,1,2
n03345487_10112,firetruck,1,4
n03345487_10133,firetruck,1,3
n03345487_1016,firetruck,1,3
n03345487_10193,firetruck,1,4
n03345487_10194,firetruck,1,3
n03345487_10205,firetruck,1,2
n03345487_10222,firetruck,1,0
n03345487_10232,firetruck,1,4
n03345487_1028,firetruck,1,3
n03345487_10295,firetruck,1,3
n03345487_1031,firetruck,1,4
n03345487_10312,firetruck,1,1
n03345487_10313,firetruck,1,3
n03345487_10319,firetruck,1,2
n03345487_10334,firetruck,1,0
n03345487_10356,firetruck,1,4
n03345487_10367,firetruck,1,0
n03345487_10382,firetruck,1,2
n03345487_10383,firetruck,1,0
n03345487_10408,firetruck,1,1
n03345487_10423,firetruck,1,3
n03345487_10424,firetruck,1,2
n03345487_10437,firetruck,1,4
n03345487_10438,firetruck,1,2
n03345487_10465,firetruck,1,4
n03345487_10469,firetruck,1,3
n03345487_10511,firetruck,1,2
n03345487_10527,firetruck,1,2
n03345487_10557,firetruck,1,1
n03345487_1060,firetruck,1,3
n03345487_10610,firetruck,1,4
n03345487_10623,firetruck,1,0
n03345487_10630,firetruck,1,3
n03345487_10694,firetruck,1,4
n03345487_10697,firetruck,1,0
n03345487_10709,firetruck,1,4
n03345487_10710,firetruck,1,1
n03345487_10751,firetruck,1,2
n03345487_10798,firetruck,1,1
n03345487_108,firetruck,1,2
n03345487_10800,firetruck,1,1
n03345487_1082,firetruck,1,0
n03345487_10839,firetruck,1,0
n03345487_10842,firetruck,1,0
n03345487_10855,firetruck,1,3
n03345487_10894,firetruck,1,3
n03345487_10910,firetruck,1,2
n03345487_10921,firetruck,1,0
n03345487_10922,firetruck,1,3
n03345487_10953,firetruck,1,1
n03345487_10968,firetruck,1,0
n03345487_10985,firetruck,1,4
n03345487_11006,firetruck,1,0
n03345487_11016,firetruck,1,0
n03345487_11017,firetruck,1,2
n03345487_11036,firetruck,1,2
n03345487_11037,firetruck,1,1
n03345487_11043,firetruck,1,3
n03345487_11047,firetruck,1,4
n03345487_11072,firetruck,1,1
n03345487_11076,firetruck,1,0
n03345487_11088,firetruck,1,1
n03345487_11093,firetruck,1,4
n03345487_111,firetruck,1,0
n03345487_1112,firetruck,1,0
n03345487_11153,firetruck,1,3
n03345487_11157,firetruck,1,4
n03345487_11179,firetruck,1,3
n03345487_11189,firetruck,1,1
n03345487_11190,firetruck,1,1
n03345487_11192,firetruck,1,1
n03345487_11214,firetruck,1,2
n03345487_11218,firetruck,1,1
n03345487_11234,firetruck,1,4
n03345487_11246,firetruck,1,4
n03345487_11250,firetruck,1,0
n03345487_11257,firetruck,1,2
n03345487_11261,firetruck,1,0
n03345487_11265,firetruck,1,4
n03345487_11289,firetruck,1,1
n03345487_11290,firetruck,1,0
n03345487_11294,firetruck,1,4
n03345487_1130,firetruck,1,1
n03345487_11301,firetruck,1,3
n03345487_11326,firetruck,1,1
n03345487_11332,firetruck,1,0
n03345487_11337,firetruck,1,0
n03345487_11358,firetruck,1,1
n03345487_11366,firetruck,1,4
n03345487_11367,firetruck,1,0
n03345487_1137,firetruck,1,2
n03345487_1138,firetruck,1,4
n03345487_11407,firetruck,1,2
n03345487_11414,firetruck,1,0
n03345487_11416,firetruck,1,0
n03345487_1142,firetruck,1,1
n03345487_11448,firetruck,1,2
n03345487_1145,firetruck,1,1
n03345487_11457,firetruck,1,3
n03345487_11468,firetruck,1,0
n03345487_1147,firetruck,1,2
n03345487_11483,firetruck,1,4
n03345487_11493,firetruck,1,4
n03345487_11498,firetruck,1,4
n03345487_11512,firetruck,1,0
n03345487_11519,firetruck,1,3
n03345487_11543,firetruck,1,1
n03345487_11546,firetruck,1,2
n03345487_11563,firetruck,1,2
n03345487_11569,firetruck,1,1
n03345487_11592,firetruck,1,2
n03345487_116,firetruck,1,1
n03345487_11601,firetruck,1,1
n03345487_11609,firetruck,1,0
n03345487_1161,firetruck,1,0
n03345487_11628,firetruck,1,1
n03345487_1164,firetruck,1,1
n03345487_11662,firetruck,1,1
n03345487_11667,firetruck,1,3
n03345487_11669,firetruck,1,2
n03345487_11679,firetruck,1,2
n03345487_1168,firetruck,1,3
n03345487_11680,firetruck,1,0
n03345487_11685,firetruck,1,0
n03345487_11691,firetruck,1,3
n03345487_11692,firetruck,1,0
n03345487_11706,firetruck,1,0
n03345487_11712,firetruck,1,0
n03345487_11722,firetruck,1,4
n03345487_11739,firetruck,1,3
n03345487_1175,firetruck,1,4
n03345487_11752,firetruck,1,0
n03345487_11759,firetruck,1,4
n03345487_11773,firetruck,1,0
n03345487_11805,firetruck,1,2
n03345487_11839,firetruck,1,3
n03345487_11857,firetruck,1,2
n03345487_11865,firetruck,1,4
n03345487_11866,firetruck,1,0
n03345487_11883,firetruck,1,1
n03345487_11885,firetruck,1,1
n03345487_11889,firetruck,1,4
n03345487_11890,firetruck,1,3
n03345487_11901,firetruck,1,1
n03345487_11903,firetruck,1,0
n03345487_11906,firetruck,1,4
n03345487_11909,firetruck,1,4
n03345487_11917,firetruck,1,3
n03345487_11918,firetruck,1,3
n03345487_11923,firetruck,1,3
n03345487_11931,firetruck,1,1
n03345487_11940,firetruck,1,1
n03345487_11949,firetruck,1,3
n03345487_1195,firetruck,1,0
n03345487_11951,firetruck,1,1
n03345487_11954,firetruck,1,4
n03345487_11972,firetruck,1,1
n03345487_11989,firetruck,1,2
n03345487_11991,firetruck,1,1
n03345487_12001,firetruck,1,2
n03345487_12002,firetruck,1,4
n03345487_12006,firetruck,1,0
n03345487_12012,firetruck,1,2
n03345487_1202,firetruck,1,1
n03345487_12022,firetruck,1,3
n03345487_12031,firetruck,1,4
n03345487_12033,firetruck,1,4
n03345487_12035,firetruck,1,4
n03345487_12037,firetruck,1,1
n03345487_12042,firetruck,1,1
n03345487_12050,firetruck,1,1
n03345487_12079,firetruck,1,1
n03345487_12080,firetruck,1,3
n03345487_12083,firetruck,1,3
n03345487_12087,firetruck,1,2
n03345487_12101,firetruck,1,0
n03345487_12153,firetruck,1,3
n03345487_12155,firetruck,1,4
n03345487_12163,firetruck,1,1
n03345487_1218,firetruck,1,4
n03345487_12184,firetruck,1,4
n03345487_12226,firetruck,1,1
n03345487_12229,firetruck,1,3
n03345487_12241,firetruck,1,1
n03345487_12250,firetruck,1,3
n03345487_12267,firetruck,1,4
n03345487_12281,firetruck,1,2
n03345487_1232,firetruck,1,0
n03345487_1235,firetruck,1,1
n03345487_12356,firetruck,1,4
n03345487_1236,firetruck,1,0
n03345487_12399,firetruck,1,2
n03345487_12415,firetruck,1,0
n03345487_12442,firetruck,1,3
n03345487_1245,firetruck,1,2
n03345487_12458,firetruck,1,2
n03345487_12462,firetruck,1,3
n03345487_12618,firetruck,1,0
n03345487_1263,firetruck,1,0
n03345487_1265,firetruck,1,1
n03345487_12659,firetruck,1,4
n03345487_1268,firetruck,1,1
n03345487_1270,firetruck,1,3
n03345487_1271,firetruck,1,1
n03345487_1277,firetruck,1,0
n03345487_12784,firetruck,1,3
n03345487_1279,firetruck,1,0
n03345487_12804,firetruck,1,3
n03345487_12816,firetruck,1,0
n03345487_12824,firetruck,1,3
n03345487_12854,firetruck,1,4
n03345487_12903,firetruck,1,4
n03345487_1293,firetruck,1,0
n03345487_13051,firetruck,1,4
n03345487_13062,firetruck,1,0
n03345487_13103,firetruck,1,3
n03345487_13121,firetruck,1,4
n03345487_1319,firetruck,1,0
n03345487_13225,firetruck,1,2
n03345487_13226,firetruck,1,2
n03345487_13233,firetruck,1,0
n03345487_13251,firetruck,1,0
n03345487_13292,firetruck,1,1
n03345487_133,firetruck,1,1
n03345487_13315,firetruck,1,2
n03345487_13333,firetruck,1,0
n03345487_13366,firetruck,1,4
n03345487_13374,firetruck,1,3
n03345487_1347,firetruck,1,1
n03345487_13487,firetruck,1,1
n03345487_13491,firetruck,1,2
n03345487_135,firetruck,1,2
n03345487_13517,firetruck,1,2
n03345487_13523,firetruck,1,4
n03345487_13528,firetruck,1,2
n03345487_13557,firetruck,1,3
n03345487_13622,firetruck,1,1
n03345487_13631,firetruck,1,3
n03345487_13653,firetruck,1,3
n03345487_13682,firetruck,1,1
n03345487_13733,firetruck,1,4
n03345487_13750,firetruck,1,4
n03345487_13761,firetruck,1,4
n03345487_1378,firetruck,1,2
n03345487_1379,firetruck,1,2
n03345487_13799,firetruck,1,4
n03345487_13837,firetruck,1,0
n03345487_13869,firetruck,1,4
n03345487_13881,firetruck,1,2
n03345487_13910,firetruck,1,3
n03345487_13912,firetruck,1,3
n03345487_13967,firetruck,1,2
n03345487_1400,firetruck,1,4
n03345487_14041,firetruck,1,1
n03345487_14064,firetruck,1,4
n03345487_14073,firetruck,1,0
n03345487_14106,firetruck,1,4
n03345487_14112,firetruck,1,0
n03345487_14195,firetruck,1,1
n03345487_1423,firetruck,1,0
n03345487_14248,firetruck,1,4
n03345487_14251,firetruck,1,0
n03345487_14252,firetruck,1,3
n03345487_14253,firetruck,1,2
n03345487_14258,firetruck,1,2
n03345487_14268,firetruck,1,1
n03345487_14270,firetruck,1,2
n03345487_14279,firetruck,1,0
n03345487_14300,firetruck,1,2
n03345487_14324,firetruck,1,4
n03345487_14340,firetruck,1,2
n03345487_14347,firetruck,1,3
n03345487_14396,firetruck,1,4
n03345487_144,firetruck,1,3
n03345487_1440,firetruck,1,4
n03345487_14404,firetruck,1,3
n03345487_14405,firetruck,1,0
n03345487_14444,firetruck,1,1
n03345487_1445,firetruck,1,4
n03345487_14460,firetruck,1,0
n03345487_1447,firetruck,1,2
n03345487_14481,firetruck,1,4
n03345487_145,firetruck,1,1
n03345487_14515,firetruck,1,1
n03345487_14523,firetruck,1,4
n03345487_14538,firetruck,1,0
n03345487_14587,firetruck,1,3
n03345487_1459,firetruck,1,1
n03345487_14611,firetruck,1,3
n03345487_14628,firetruck,1,2
n03345487_14641,firetruck,1,4
n03345487_14666,firetruck,1,1
n03345487_1477,firetruck,1,3
n03345487_1478,firetruck,1,3
n03345487_14864,firetruck,1,3
n03345487_1487,firetruck,1,1
n03345487_1490,firetruck,1,2
n03345487_14906,firetruck,1,0
n03345487_14945,firetruck,1,3
n03345487_1495,firetruck,1,4
n03345487_14951,firetruck,1,2
n03345487_14960,firetruck,1,1
n03345487_15030,firetruck,1,1
n03345487_15050,firetruck,1,3
n03345487_15056,firetruck,1,0
n03345487_15090,firetruck,1,1
n03345487_15093,firetruck,1,0
n03345487_15121,firetruck,1,2
n03345487_15136,firetruck,1,2
n03345487_1516,firetruck,1,0
n03345487_1519,firetruck,1,2
n03345487_15197,firetruck,1,2
n03345487_15199,firetruck,1,2
n03345487_15203,firetruck,1,2
n03345487_15294,firetruck,1,4
n03345487_15391,firetruck,1,4
n03345487_1543,firetruck,1,0
n03345487_1544,firetruck,1,0
n03345487_1550,firetruck,1,0
n03345487_15627,firetruck,1,3
n03345487_15647,firetruck,1,0
n03345487_15652,firetruck,1,0
n03345487_1568,firetruck,1,0
n03345487_1569,firetruck,1,2
n03345487_15747,firetruck,1,4
n03345487_15764,firetruck,1,0
n03345487_15782,firetruck,1,0
n03345487_15786,firetruck,1,2
n03345487_15792,firetruck,1,0
n03345487_15840,firetruck,1,2
n03345487_15925,firetruck,1,1
n03345487_15973,firetruck,1,3
n03345487_15993,firetruck,1,0
n03345487_16076,firetruck,1,4
n03345487_16098,firetruck,1,2
n03345487_16163,firetruck,1,2
n03345487_16192,firetruck,1,0
n03345487_16208,firetruck,1,4
n03345487_16209,firetruck,1,0
n03345487_163,firetruck,1,4
n03345487_1631,firetruck,1,0
n03345487_16317,firetruck,1,0
n03345487_16348,firetruck,1,2
n03345487_1639,firetruck,1,1
n03345487_16416,firetruck,1,3
n03345487_16432,firetruck,1,2
n03345487_1649,firetruck,1,4
n03345487_16602,firetruck,1,4
n03345487_16628,firetruck,1,3
n03345487_16646,firetruck,1,2
n03345487_16744,firetruck,1,0
n03345487_16857,firetruck,1,2
n03345487_1692,firetruck,1,1
n03345487_1703,firetruck,1,1
n03345487_1704,firetruck,1,4
n03345487_1717,firetruck,1,3
n03345487_17215,firetruck,1,4
n03345487_17227,firetruck,1,4
n03345487_1730,firetruck,1,1
n03345487_17331,firetruck,1,0
n03345487_17360,firetruck,1,1
n03345487_17410,firetruck,1,1
n03345487_17475,firetruck,1,4
n03345487_17496,firetruck,1,0
n03345487_1762,firetruck,1,4
n03345487_17678,firetruck,1,4
n03345487_17769,firetruck,1,4
n03345487_17815,firetruck,1,1
n03345487_17869,firetruck,1,2
n03345487_18,firetruck,1,4
n03345487_18018,firetruck,1,4
n03345487_1804,firetruck,1,1
n03345487_18043,firetruck,1,1
n03345487_18075,firetruck,1,1
n03345487_18170,firetruck,1,3
n03345487_18230,firetruck,1,3
n03345487_18248,firetruck,1,1
n03345487_1826,firetruck,1,2
n03345487_18348,firetruck,1,4
n03345487_1837,firetruck,1,1
n03345487_18373,firetruck,1,4
n03345487_18382,firetruck,1,3
n03345487_1847,firetruck,1,2
n03345487_18475,firetruck,1,4
n03345487_1862,firetruck,1,3
n03345487_18712,firetruck,1,3
n03345487_18718,firetruck,1,1
n03345487_18730,firetruck,1,2
n03345487_18739,firetruck,1,3
n03345487_1881,firetruck,1,1
n03345487_1884,firetruck,1,4
n03345487_1889,firetruck,1,1
n03345487_19006,firetruck,1,3
n03345487_19022,firetruck,1,2
n03345487_1905,firetruck,1,0
n03345487_19052,firetruck,1,4
n03345487_19058,firetruck,1,2
n03345487_19071,firetruck,1,3
n03345487_192,firetruck,1,0
n03345487_1920,firetruck,1,2
n03345487_19322,firetruck,1,3
n03345487_1937,firetruck,1,3
n03345487_19448,firetruck,1,1
n03345487_19482,firetruck,1,0
n03345487_19517,firetruck,1,3
n03345487_19523,firetruck,1,2
n03345487_19527,firetruck,1,2
n03345487_196,firetruck,1,1
n03345487_19655,firetruck,1,0
n03345487_19736,firetruck,1,4
n03345487_19760,firetruck,1,3
n03345487_1979,firetruck,1,0
n03345487_19830,firetruck,1,4
n03345487_19835,firetruck,1,0
n03345487_1987,firetruck,1,3
n03345487_20031,firetruck,1,3
n03345487_20206,firetruck,1,4
n03345487_2021,firetruck,1,2
n03345487_20240,firetruck,1,3
n03345487_20304,firetruck,1,2
n03345487_20338,firetruck,1,4
n03345487_20360,firetruck,1,0
n03345487_20381,firetruck,1,3
n03345487_20475,firetruck,1,2
n03345487_205,firetruck,1,4
n03345487_20519,firetruck,1,0
n03345487_206,firetruck,1,2
n03345487_2061,firetruck,1,0
n03345487_2063,firetruck,1,1
n03345487_20677,firetruck,1,1
n03345487_20698,firetruck,1,2
n03345487_2076,firetruck,1,1
n03345487_2077,firetruck,1,4
n03345487_208,firetruck,1,4
n03345487_20807,firetruck,1,3
n03345487_2084,firetruck,1,4
n03345487_209,firetruck,1,4
n03345487_2091,firetruck,1,2
n03345487_2093,firetruck,1,3
n03345487_2095,firetruck,1,1
n03345487_210,firetruck,1,1
n03345487_21057,firetruck,1,4
n03345487_21071,firetruck,1,1
n03345487_2110,firetruck,1,3
n03345487_2115,firetruck,1,2
n03345487_21213,firetruck,1,4
n03345487_21234,firetruck,1,3
n03345487_21424,firetruck,1,0
n03345487_2143,firetruck,1,1
n03345487_21461,firetruck,1,3
n03345487_2147,firetruck,1,3
n03345487_2152,firetruck,1,2
n03345487_2155,firetruck,1,2
n03345487_21575,firetruck,1,2
n03345487_21643,firetruck,1,1
n03345487_2165,firetruck,1,3
n03345487_21741,firetruck,1,4
n03345487_2179,firetruck,1,3
n03345487_2206,firetruck,1,1
n03345487_22127,firetruck,1,1
n03345487_22142,firetruck,1,0
n03345487_22197,firetruck,1,3
n03345487_22217,firetruck,1,3
n03345487_22300,firetruck,1,1
n03345487_22333,firetruck,1,1
n03345487_2234,firetruck,1,0
n03345487_2236,firetruck,1,3
n03345487_2242,firetruck,1,3
n03345487_22483,firetruck,1,3
n03345487_2250,firetruck,1,1
n03345487_22534,firetruck,1,4
n03345487_2254,firetruck,1,3
n03345487_22552,firetruck,1,3
n03345487_2256,firetruck,1,3
n03345487_22567,firetruck,1,1
n03345487_2259,firetruck,1,4
n03345487_22632,firetruck,1,2
n03345487_2269,firetruck,1,1
n03345487_2272,firetruck,1,2
n03345487_2283,firetruck,1,3
n03345487_2284,firetruck,1,3
n03345487_2289,firetruck,1,2
n03345487_2291,firetruck,1,0
n03345487_2308,firetruck,1,0
n03345487_23150,firetruck,1,3
n03345487_23197,firetruck,1,2
n03345487_2323,firetruck,1,2
n03345487_23324,firetruck,1,3
n03345487_2335,firetruck,1,2
n03345487_2336,firetruck,1,0
n03345487_2340,firetruck,1,2
n03345487_2341,firetruck,1,2
n03345487_2352,firetruck,1,2
n03345487_2358,firetruck,1,4
n03345487_2363,firetruck,1,2
n03345487_2368,firetruck,1,3
n03345487_2389,firetruck,1,0
n03345487_2391,firetruck,1,0
n03345487_2406,firetruck,1,2
n03345487_2409,firetruck,1,0
n03345487_241,firetruck,1,3
n03345487_2411,firetruck,1,2
n03345487_2416,firetruck,1,4
n03345487_2426,firetruck,1,0
n03345487_2427,firetruck,1,1
n03345487_243,firetruck,1,2
n03345487_2438,firetruck,1,0
n03345487_2442,firetruck,1,3
n03345487_2446,firetruck,1,0
n03345487_245,firetruck,1,4
n03345487_2458,firetruck,1,3
n03345487_2464,firetruck,1,4
n03345487_2468,firetruck,1,1
n03345487_2471,firetruck,1,4
n03345487_2485,firetruck,1,4
n03345487_2493,firetruck,1,4
n03345487_2494,firetruck,1,3
n03345487_2496,firetruck,1,2
n03345487_250,firetruck,1,3
n03345487_2500,firetruck,1,1
n03345487_2506,firetruck,1,2
n03345487_251,firetruck,1,1
n03345487_2516,firetruck,1,2
n03345487_2542,firetruck,1,4
n03345487_2559,firetruck,1,1
n03345487_2565,firetruck,1,1
n03345487_2571,firetruck,1,1
n03345487_2578,firetruck,1,4
n03345487_2580,firetruck,1,0
n03345487_2588,firetruck,1,1
n03345487_2589,firetruck,1,2
n03345487_2590,firetruck,1,1
n03345487_2612,firetruck,1,4
n03345487_2616,firetruck,1,0
n03345487_2619,firetruck,1,1
n03345487_2627,firetruck,1,1
n03345487_2644,firetruck,1,2
n03345487_2654,firetruck,1,0
n03345487_2661,firetruck,1,4
n03345487_2667,firetruck,1,2
n03345487_267,firetruck,1,4
n03345487_2672,firetruck,1,4
n03345487_2721,firetruck,1,1
n03345487_2725,firetruck,1,1
n03345487_2728,firetruck,1,2
n03345487_2729,firetruck,1,1
n03345487_2730,firetruck,1,1
n03345487_2742,firetruck,1,2
n03345487_2751,firetruck,1,3
n03345487_2755,firetruck,1,0
n03345487_2766,firetruck,1,2
n03345487_2769,firetruck,1,1
n03345487_2777,firetruck,1,4
n03345487_279,firetruck,1,0
n03345487_2794,firetruck,1,2
n03345487_2795,firetruck,1,0
n03345487_2798,firetruck,1,0
n03345487_2800,firetruck,1,0
n03345487_2802,firetruck,1,2
n03345487_2805,firetruck,1,0
n03345487_2819,firetruck,1,2
n03345487_282,firetruck,1,3
n03345487_2827,firetruck,1,2
n03345487_2830,firetruck,1,3
n03345487_2835,firetruck,1,2
n03345487_2838,firetruck,1,4
n03345487_284,firetruck,1,4
n03345487_2846,firetruck,1,0
n03345487_2852,firetruck,1,4
n03345487_2856,firetruck,1,3
n03345487_2868,firetruck,1,3
n03345487_287,firetruck,1,2
n03345487_2884,firetruck,1,4
n03345487_2886,firetruck,1,1
n03345487_2891,firetruck,1,2
n03345487_2896,firetruck,1,3
n03345487_2905,firetruck,1,2
n03345487_2906,firetruck,1,1
n03345487_2916,firetruck,1,4
n03345487_2921,firetruck,1,0
n03345487_2928,firetruck,1,0
n03345487_2951,firetruck,1,1
n03345487_2958,firetruck,1,3
n03345487_2961,firetruck,1,4
n03345487_2962,firetruck,1,3
n03345487_2971,firetruck,1,3
n03345487_2972,firetruck,1,0
n03345487_2976,firetruck,1,4
n03345487_2977,firetruck,1,0
n03345487_2978,firetruck,1,2
n03345487_2979,firetruck,1,2
n03345487_2990,firetruck,1,3
n03345487_2994,firetruck,1,4
n03345487_2997,firetruck,1,4
n03345487_2998,firetruck,1,2
n03345487_3000,firetruck,1,3
n03345487_3013,firetruck,1,3
n03345487_3014,firetruck,1,0
n03345487_3016,firetruck,1,4
n03345487_3020,firetruck,1,2
n03345487_3030,firetruck,1,1
n03345487_3037,firetruck,1,1
n03345487_3042,firetruck,1,3
n03345487_3047,firetruck,1,4
n03345487_3052,firetruck,1,3
n03345487_3061,firetruck,1,3
n03345487_3071,firetruck,1,0
n03345487_3075,firetruck,1,1
n03345487_3082,firetruck,1,1
n03345487_3084,firetruck,1,4
n03345487_3090,firetruck,1,0
n03345487_3092,firetruck,1,2
n03345487_3093,firetruck,1,1
n03345487_3099,firetruck,1,3
n03345487_3102,firetruck,1,4
n03345487_311,firetruck,1,3
n03345487_3115,firetruck,1,3
n03345487_3121,firetruck,1,4
n03345487_3123,firetruck,1,0
n03345487_3127,firetruck,1,4
n03345487_3149,firetruck,1,2
n03345487_3151,firetruck,1,0
n03345487_3155,firetruck,1,0
n03345487_3159,firetruck,1,0
n03345487_317,firetruck,1,1
n03345487_3170,firetruck,1,3
n03345487_3176,firetruck,1,0
n03345487_3193,firetruck,1,4
n03345487_3195,firetruck,1,2
n03345487_3200,firetruck,1,3
n03345487_3202,firetruck,1,4
n03345487_3219,firetruck,1,3
n03345487_3238,firetruck,1,0
n03345487_3239,firetruck,1,0
n03345487_3241,firetruck,1,3
n03345487_3242,firetruck,1,0
n03345487_3250,firetruck,1,4
n03345487_327,firetruck,1,1
n03345487_3276,firetruck,1,0
n03345487_3279,firetruck,1,4
n03345487_328,firetruck,1,2
n03345487_3280,firetruck,1,4
n03345487_3285,firetruck,1,1
n03345487_3295,firetruck,1,1
n03345487_3304,firetruck,1,0
n03345487_3308,firetruck,1,0
n03345487_3311,firetruck,1,3
n03345487_3315,firetruck,1,2
n03345487_3321,firetruck,1,3
n03345487_334,firetruck,1,3
n03345487_3342,firetruck,1,4
n03345487_3348,firetruck,1,3
n03345487_335,firetruck,1,2
n03345487_3354,firetruck,1,1
n03345487_3375,firetruck,1,4
n03345487_3379,firetruck,1,3
n03345487_338,firetruck,1,1
n03345487_3380,firetruck,1,2
n03345487_3381,firetruck,1,4
n03345487_3388,firetruck,1,0
n03345487_3390,firetruck,1,1
n03345487_3393,firetruck,1,3
n03345487_3395,firetruck,1,1
n03345487_3396,firetruck,1,3
n03345487_3397,firetruck,1,3
n03345487_3402,firetruck,1,3
n03345487_3420,firetruck,1,3
n03345487_3441,firetruck,1,4
n03345487_3447,firetruck,1,0
n03345487_3461,firetruck,1,0
n03345487_3463,firetruck,1,3
n03345487_3468,firetruck,1,3
n03345487_3472,firetruck,1,2
n03345487_3482,firetruck,1,2
n03345487_3486,firetruck,1,0
n03345487_3489,firetruck,1,2
n03345487_3498,firetruck,1,3
n03345487_3499,firetruck,1,3
n03345487_3503,firetruck,1,1
n03345487_351,firetruck,1,1
n03345487_3521,firetruck,1,2
n03345487_353,firetruck,1,3
n03345487_3553,firetruck,1,1
n03345487_3554,firetruck,1,2
n03345487_3556,firetruck,1,2
n03345487_3578,firetruck,1,1
n03345487_3587,firetruck,1,3
n03345487_3597,firetruck,1,2
n03345487_3598,firetruck,1,4
n03345487_360,firetruck,1,0
n03345487_3606,firetruck,1,3
n03345487_3621,firetruck,1,1
n03345487_3633,firetruck,1,2
n03345487_3664,firetruck,1,3
n03345487_3665,firetruck,1,2
n03345487_3666,firetruck,1,0
n03345487_3672,firetruck,1,3
n03345487_3684,firetruck,1,0
n03345487_3689,firetruck,1,4
n03345487_3704,firetruck,1,1
n03345487_3714,firetruck,1,3
n03345487_3715,firetruck,1,0
n03345487_3717,firetruck,1,0
n03345487_3721,firetruck,1,1
n03345487_3735,firetruck,1,4
n03345487_3738,firetruck,1,0
n03345487_3740,firetruck,1,4
n03345487_3752,firetruck,1,4
n03345487_3756,firetruck,1,2
n03345487_3762,firetruck,1,2
n03345487_3763,firetruck,1,1
n03345487_3773,firetruck,1,0
n03345487_3780,firetruck,1,1
n03345487_38,firetruck,1,4
n03345487_3808,firetruck,1,2
n03345487_3816,firetruck,1,2
n03345487_3818,firetruck,1,3
n03345487_3820,firetruck,1,2
n03345487_3821,firetruck,1,1
n03345487_3823,firetruck,1,1
n03345487_3827,firetruck,1,4
n03345487_3835,firetruck,1,2
n03345487_3838,firetruck,1,1
n03345487_3848,firetruck,1,4
n03345487_3849,firetruck,1,3
n03345487_3852,firetruck,1,3
n03345487_3854,firetruck,1,4
n03345487_3856,firetruck,1,2
n03345487_386,firetruck,1,3
n03345487_3867,firetruck,1,3
n03345487_3870,firetruck,1,3
n03345487_3888,firetruck,1,2
n03345487_3904,firetruck,1,0
n03345487_3922,firetruck,1,2
n03345487_3924,firetruck,1,1
n03345487_3926,firetruck,1,1
n03345487_3938,firetruck,1,2
n03345487_3939,firetruck,1,4
n03345487_3947,firetruck,1,1
n03345487_3967,firetruck,1,1
n03345487_3968,firetruck,1,2
n03345487_3973,firetruck,1,3
n03345487_3990,firetruck,1,1
n03345487_40,firetruck,1,2
n03345487_4021,firetruck,1,1
n03345487_4023,firetruck,1,1
n03345487_4025,firetruck,1,4
n03345487_403,firetruck,1,4
n03345487_4066,firetruck,1,3
n03345487_4080,firetruck,1,1
n03345487_4089,firetruck,1,2
n03345487_4091,firetruck,1,0
n03345487_4093,firetruck,1,1
n03345487_410,firetruck,1,0
n03345487_4127,firetruck,1,0
n03345487_4131,firetruck,1,4
n03345487_4147,firetruck,1,3
n03345487_4153,firetruck,1,1
n03345487_4154,firetruck,1,2
n03345487_4160,firetruck,1,3
n03345487_4166,firetruck,1,1
n03345487_4169,firetruck,1,3
n03345487_417,firetruck,1,0
n03345487_4173,firetruck,1,4
n03345487_4174,firetruck,1,4
n03345487_4179,firetruck,1,1
n03345487_4184,firetruck,1,1
n03345487_4186,firetruck,1,1
n03345487_4196,firetruck,1,0
n03345487_4207,firetruck,1,3
n03345487_4208,firetruck,1,4
n03345487_4214,firetruck,1,2
n03345487_4220,firetruck,1,4
n03345487_4228,firetruck,1,3
n03345487_423,firetruck,1,3
n03345487_4249,firetruck,1,2
n03345487_4255,firetruck,1,3
n03345487_4270,firetruck,1,3
n03345487_4272,firetruck,1,0
n03345487_4289,firetruck,1,2
n03345487_4291,firetruck,1,3
n03345487_4306,firetruck,1,3
n03345487_4315,firetruck,1,4
n03345487_4331,firetruck,1,2
n03345487_434,firetruck,1,0
n03345487_4349,firetruck,1,0
n03345487_435,firetruck,1,3
n03345487_4356,firetruck,1,3
n03345487_4366,firetruck,1,2
n03345487_4374,firetruck,1,0
n03345487_4375,firetruck,1,4
n03345487_4377,firetruck,1,0
n03345487_4385,firetruck,1,4
n03345487_4390,firetruck,1,4
n03345487_4398,firetruck,1,4
n03345487_4399,firetruck,1,2
n03345487_4417,firetruck,1,3
n03345487_4431,firetruck,1,1
n03345487_4450,firetruck,1,2
n03345487_4460,firetruck,1,4
n03345487_4462,firetruck,1,0
n03345487_4467,firetruck,1,3
n03345487_4469,firetruck,1,1
n03345487_4475,firetruck,1,2
n03345487_4496,firetruck,1,2
n03345487_4511,firetruck,1,1
n03345487_4515,firetruck,1,4
n03345487_4517,firetruck,1,4
n03345487_4519,firetruck,1,4
n03345487_4520,firetruck,1,3
n03345487_4523,firetruck,1,0
n03345487_4530,firetruck,1,3
n03345487_4541,firetruck,1,3
n03345487_4546,firetruck,1,3
n03345487_4549,firetruck,1,3
n03345487_4556,firetruck,1,1
n03345487_4558,firetruck,1,1
n03345487_456,firetruck,1,4
n03345487_4572,firetruck,1,0
n03345487_4579,firetruck,1,2
n03345487_4587,firetruck,1,1
n03345487_4589,firetruck,1,4
n03345487_459,firetruck,1,1
n03345487_4596,firetruck,1,4
n03345487_4597,firetruck,1,4
n03345487_460,firetruck,1,1
n03345487_4618,firetruck,1,4
n03345487_4631,firetruck,1,2
n03345487_4644,firetruck,1,3
n03345487_4648,firetruck,1,4
n03345487_4653,firetruck,1,1
n03345487_4654,firetruck,1,1
n03345487_4671,firetruck,1,0
n03345487_4686,firetruck,1,2
n03345487_4703,firetruck,1,0
n03345487_4709,firetruck,1,2
n03345487_4715,firetruck,1,4
n03345487_4717,firetruck,1,4
n03345487_472,firetruck,1,2
n03345487_4725,firetruck,1,2
n03345487_4726,firetruck,1,3
n03345487_4731,firetruck,1,3
n03345487_474,firetruck,1,2
n03345487_4749,firetruck,1,3
n03345487_4773,firetruck,1,4
n03345487_4779,firetruck,1,0
n03345487_4782,firetruck,1,0
n03345487_4791,firetruck,1,1
n03345487_4799,firetruck,1,3
n03345487_4801,firetruck,1,3
n03345487_4802,firetruck,1,1
n03345487_4805,firetruck,1,1
n03345487_4807,firetruck,1,1
n03345487_4825,firetruck,1,4
n03345487_4826,firetruck,1,4
n03345487_4828,firetruck,1,4
n03345487_4835,firetruck,1,1
n03345487_4838,firetruck,1,3
n03345487_4843,firetruck,1,2
n03345487_4847,firetruck,1,0
n03345487_4850,firetruck,1,2
n03345487_4868,firetruck,1,1
n03345487_4869,firetruck,1,3
n03345487_4870,firetruck,1,2
n03345487_4872,firetruck,1,4
n03345487_4874,firetruck,1,4
n03345487_4876,firetruck,1,3
n03345487_4879,firetruck,1,1
n03345487_4897,firetruck,1,0
n03345487_4900,firetruck,1,2
n03345487_4902,firetruck,1,2
n03345487_4910,firetruck,1,0
n03345487_4927,firetruck,1,1
n03345487_4937,firetruck,1,2
n03345487_4944,firetruck,1,1
n03345487_495,firetruck,1,3
n03345487_4957,firetruck,1,2
n03345487_4967,firetruck,1,0
n03345487_4975,firetruck,1,4
n03345487_4980,firetruck,1,3
n03345487_4994,firetruck,1,3
n03345487_5,firetruck,1,0
n03345487_5000,firetruck,1,1
n03345487_5006,firetruck,1,3
n03345487_5027,firetruck,1,1
n03345487_5034,firetruck,1,4
n03345487_5044,firetruck,1,0
n03345487_5045,firetruck,1,4
n03345487_5049,firetruck,1,0
n03345487_5052,firetruck,1,2
n03345487_5056,firetruck,1,3
n03345487_5059,firetruck,1,0
n03345487_5064,firetruck,1,4
n03345487_5070,firetruck,1,0
n03345487_5083,firetruck,1,2
n03345487_5088,firetruck,1,2
n03345487_5089,firetruck,1,4
n03345487_5091,firetruck,1,4
n03345487_510,firetruck,1,0
n03345487_5106,firetruck,1,0
n03345487_511,firetruck,1,0
n03345487_5123,firetruck,1,3
n03345487_5135,firetruck,1,0
n03345487_5159,firetruck,1,0
n03345487_5177,firetruck,1,3
n03345487_5179,firetruck,1,4
n03345487_5185,firetruck,1,4
n03345487_5198,firetruck,1,1
n03345487_5202,firetruck,1,3
n03345487_5203,firetruck,1,0
n03345487_5248,firetruck,1,2
n03345487_5260,firetruck,1,3
n03345487_5282,firetruck,1,4
n03345487_5303,firetruck,1,4
n03345487_5304,firetruck,1,2
n03345487_5313,firetruck,1,1
n03345487_5314,firetruck,1,2
n03345487_5326,firetruck,1,4
n03345487_533,firetruck,1,1
n03345487_5334,firetruck,1,3
n03345487_5354,firetruck,1,0
n03345487_538,firetruck,1,4
n03345487_540,firetruck,1,1
n03345487_5400,firetruck,1,3
n03345487_5407,firetruck,1,1
n03345487_541,firetruck,1,1
n03345487_5418,firetruck,1,0
n03345487_5423,firetruck,1,1
n03345487_5428,firetruck,1,2
n03345487_5430,firetruck,1,2
n03345487_5438,firetruck,1,1
n03345487_5444,firetruck,1,1
n03345487_5445,firetruck,1,0
n03345487_5448,firetruck,1,1
n03345487_5455,firetruck,1,1
n03345487_5460,firetruck,1,1
n03345487_5464,firetruck,1,1
n03345487_5485,firetruck,1,4
n03345487_5503,firetruck,1,0
n03345487_5518,firetruck,1,2
n03345487_5527,firetruck,1,1
n03345487_5537,firetruck,1,3
n03345487_5539,firetruck,1,4
n03345487_5544,firetruck,1,0
n03345487_5552,firetruck,1,4
n03345487_5554,firetruck,1,1
n03345487_5561,firetruck,1,0
n03345487_5608,firetruck,1,3
n03345487_561,firetruck,1,4
n03345487_5615,firetruck,1,4
n03345487_5624,firetruck,1,1
n03345487_5643,firetruck,1,1
n03345487_5652,firetruck,1,0
n03345487_5672,firetruck,1,2
n03345487_5684,firetruck,1,2
n03345487_5689,firetruck,1,2
n03345487_5698,firetruck,1,2
n03345487_5726,firetruck,1,2
n03345487_573,firetruck,1,4
n03345487_5763,firetruck,1,3
n03345487_5775,firetruck,1,3
n03345487_578,firetruck,1,0
n03345487_5787,firetruck,1,4
n03345487_5788,firetruck,1,3
n03345487_5818,firetruck,1,2
n03345487_5836,firetruck,1,0
n03345487_5851,firetruck,1,2
n03345487_5865,firetruck,1,1
n03345487_5888,firetruck,1,0
n03345487_5898,firetruck,1,1
n03345487_5910,firetruck,1,1
n03345487_5916,firetruck,1,1
n03345487_5930,firetruck,1,4
n03345487_5949,firetruck,1,4
n03345487_5951,firetruck,1,1
n03345487_5962,firetruck,1,2
n03345487_598,firetruck,1,2
n03345487_5998,firetruck,1,4
n03345487_6000,firetruck,1,0
n03345487_601,firetruck,1,2
n03345487_602,firetruck,1,1
n03345487_6045,firetruck,1,0
n03345487_605,firetruck,1,2
n03345487_6056,firetruck,1,4
n03345487_6082,firetruck,1,2
n03345487_609,firetruck,1,1
n03345487_611,firetruck,1,1
n03345487_6134,firetruck,1,1
n03345487_6136,firetruck,1,3
n03345487_6141,firetruck,1,1
n03345487_6169,firetruck,1,0
n03345487_6178,firetruck,1,2
n03345487_6180,firetruck,1,4
n03345487_619,firetruck,1,3
n03345487_6191,firetruck,1,3
n03345487_6196,firetruck,1,2
n03345487_6207,firetruck,1,0
n03345487_6212,firetruck,1,1
n03345487_6222,firetruck,1,2
n03345487_6231,firetruck,1,1
n03345487_6239,firetruck,1,3
n03345487_624,firetruck,1,3
n03345487_6244,firetruck,1,2
n03345487_6260,firetruck,1,1
n03345487_6263,firetruck,1,0
n03345487_6270,firetruck,1,2
n03345487_6296,firetruck,1,1
n03345487_6298,firetruck,1,4
n03345487_6300,firetruck,1,2
n03345487_6307,firetruck,1,4
n03345487_6314,firetruck,1,2
n03345487_6335,firetruck,1,0
n03345487_6337,firetruck,1,3
n03345487_6339,firetruck,1,1
n03345487_635,firetruck,1,4
n03345487_6361,firetruck,1,1
n03345487_6365,firetruck,1,3
n03345487_6369,firetruck,1,3
n03345487_6379,firetruck,1,0
n03345487_6382,firetruck,1,4
n03345487_6421,firetruck,1,2
n03345487_6428,firetruck,1,1
n03345487_6451,firetruck,1,4
n03345487_6452,firetruck,1,4
n03345487_6462,firetruck,1,1
n03345487_6471,firetruck,1,2
n03345487_6483,firetruck,1,2
n03345487_6487,firetruck,1,1
n03345487_6490,firetruck,1,2
n03345487_6494,firetruck,1,0
n03345487_6497,firetruck,1,1
n03345487_6498,firetruck,1,0
n03345487_6499,firetruck,1,3
n03345487_65,firetruck,1,0
n03345487_6511,firetruck,1,4
n03345487_6515,firetruck,1,0
n03345487_6518,firetruck,1,1
n03345487_6519,firetruck,1,2
n03345487_6524,firetruck,1,1
n03345487_6550,firetruck,1,3
n03345487_6559,firetruck,1,0
n03345487_6572,firetruck,1,2
n03345487_6582,firetruck,1,3
n03345487_6605,firetruck,1,1
n03345487_6609,firetruck,1,0
n03345487_6618,firetruck,1,2
n03345487_6623,firetruck,1,2
n03345487_6637,firetruck,1,1
n03345487_6639,firetruck,1,1
n03345487_6644,firetruck,1,4
n03345487_6648,firetruck,1,4
n03345487_6661,firetruck,1,1
n03345487_6667,firetruck,1,1
n03345487_6677,firetruck,1,2
n03345487_6686,firetruck,1,3
n03345487_6689,firetruck,1,1
n03345487_670,firetruck,1,0
n03345487_6733,firetruck,1,0
n03345487_6736,firetruck,1,4
n03345487_6749,firetruck,1,0
n03345487_6752,firetruck,1,3
n03345487_6777,firetruck,1,0
n03345487_6779,firetruck,1,1
n03345487_6808,firetruck,1,2
n03345487_681,firetruck,1,4
n03345487_6812,firetruck,1,0
n03345487_6818,firetruck,1,2
n03345487_6826,firetruck,1,0
n03345487_6830,firetruck,1,3
n03345487_6843,firetruck,1,0
n03345487_6847,firetruck,1,0
n03345487_6851,firetruck,1,4
n03345487_6856,firetruck,1,2
n03345487_6859,firetruck,1,3
n03345487_686,firetruck,1,3
n03345487_6867,firetruck,1,1
n03345487_6881,firetruck,1,0
n03345487_6887,firetruck,1,1
n03345487_6891,firetruck,1,1
n03345487_6892,firetruck,1,2
n03345487_6912,firetruck,1,2
n03345487_6917,firetruck,1,4
n03345487_6921,firetruck,1,4
n03345487_6926,firetruck,1,2
n03345487_6932,firetruck,1,0
n03345487_6939,firetruck,1,3
n03345487_6964,firetruck,1,2
n03345487_6978,firetruck,1,3
n03345487_698,firetruck,1,3
n03345487_6990,firetruck,1,3
n03345487_7007,firetruck,1,2
n03345487_7012,firetruck,1,4
n03345487_7019,firetruck,1,0
n03345487_7028,firetruck,1,2
n03345487_7029,firetruck,1,1
n03345487_7040,firetruck,1,3
n03345487_7047,firetruck,1,2
n03345487_7060,firetruck,1,2
n03345487_7064,firetruck,1,1
n03345487_7069,firetruck,1,3
n03345487_7076,firetruck,1,0
n03345487_7085,firetruck,1,4
n03345487_709,firetruck,1,4
n03345487_7094,firetruck,1,0
n03345487_7098,firetruck,1,4
n03345487_710,firetruck,1,2
n03345487_7107,firetruck,1,3
n03345487_7117,firetruck,1,2
n03345487_7123,firetruck,1,4
n03345487_7127,firetruck,1,2
n03345487_7151,firetruck,1,3
n03345487_7158,firetruck,1,0
n03345487_717,firetruck,1,0
n03345487_718,firetruck,1,4
n03345487_7183,firetruck,1,2
n03345487_7184,firetruck,1,3
n03345487_7226,firetruck,1,0
n03345487_7232,firetruck,1,2
n03345487_7233,firetruck,1,2
n03345487_7240,firetruck,1,1
n03345487_7242,firetruck,1,0
n03345487_7262,firetruck,1,3
n03345487_7266,firetruck,1,0
n03345487_7291,firetruck,1,4
n03345487_7295,firetruck,1,2
n03345487_7320,firetruck,1,1
n03345487_7323,firetruck,1,3
n03345487_734,firetruck,1,4
n03345487_7341,firetruck,1,3
n03345487_7343,firetruck,1,0
n03345487_7344,firetruck,1,0
n03345487_7381,firetruck,1,2
n03345487_7386,firetruck,1,3
n03345487_7399,firetruck,1,3
n03345487_7403,firetruck,1,4
n03345487_7409,firetruck,1,4
n03345487_7410,firetruck,1,0
n03345487_7412,firetruck,1,2
n03345487_7425,firetruck,1,2
n03345487_7430,firetruck,1,3
n03345487_7435,firetruck,1,0
n03345487_7437,firetruck,1,3
n03345487_7440,firetruck,1,4
n03345487_7445,firetruck,1,3
n03345487_7459,firetruck,1,2
n03345487_7464,firetruck,1,0
n03345487_7469,firetruck,1,4
n03345487_7472,firetruck,1,1
n03345487_7476,firetruck,1,1
n03345487_7482,firetruck,1,0
n03345487_7484,firetruck,1,4
n03345487_7486,firetruck,1,1
n03345487_7487,firetruck,1,3
n03345487_7500,firetruck,1,0
n03345487_7505,firetruck,1,1
n03345487_7510,firetruck,1,0
n03345487_7514,firetruck,1,4
n03345487_7532,firetruck,1,3
n03345487_7535,firetruck,1,3
n03345487_7542,firetruck,1,0
n03345487_7548,firetruck,1,4
n03345487_755,firetruck,1,3
n03345487_7552,firetruck,1,1
n03345487_7569,firetruck,1,4
n03345487_757,firetruck,1,4
n03345487_7581,firetruck,1,4
n03345487_759,firetruck,1,1
n03345487_76,firetruck,1,4
n03345487_7601,firetruck,1,0
n03345487_7603,firetruck,1,2
n03345487_7618,firetruck,1,4
n03345487_7621,firetruck,1,4
n03345487_7623,firetruck,1,4
n03345487_7626,firetruck,1,1
n03345487_7633,firetruck,1,0
n03345487_7638,firetruck,1,1
n03345487_7656,firetruck,1,0
n03345487_7667,firetruck,1,2
n03345487_7680,firetruck,1,4
n03345487_7683,firetruck,1,3
n03345487_7689,firetruck,1,4
n03345487_7691,firetruck,1,0
n03345487_7696,firetruck,1,4
n03345487_7700,firetruck,1,3
n03345487_7705,firetruck,1,4
n03345487_7713,firetruck,1,3
n03345487_7717,firetruck,1,1
n03345487_772,firetruck,1,4
n03345487_7726,firetruck,1,3
n03345487_7728,firetruck,1,4
n03345487_776,firetruck,1,1
n03345487_7760,firetruck,1,3
n03345487_7762,firetruck,1,2
n03345487_7777,firetruck,1,0
n03345487_7779,firetruck,1,1
n03345487_7782,firetruck,1,0
n03345487_7792,firetruck,1,2
n03345487_7795,firetruck,1,0
n03345487_7798,firetruck,1,4
n03345487_78,firetruck,1,0
n03345487_7804,firetruck,1,2
n03345487_7805,firetruck,1,2
n03345487_7806,firetruck,1,4
n03345487_7808,firetruck,1,2
n03345487_7810,firetruck,1,3
n03345487_782,firetruck,1,4
n03345487_783,firetruck,1,4
n03345487_7833,firetruck,1,2
n03345487_7834,firetruck,1,1
n03345487_7836,firetruck,1,4
n03345487_7838,firetruck,1,1
n03345487_7844,firetruck,1,2
n03345487_785,firetruck,1,2
n03345487_7851,firetruck,1,2
n03345487_7857,firetruck,1,1
n03345487_7870,firetruck,1,2
n03345487_7880,firetruck,1,4
n03345487_7896,firetruck,1,2
n03345487_7897,firetruck,1,0
n03345487_790,firetruck,1,3
n03345487_7926,firetruck,1,1
n03345487_7929,firetruck,1,0
n03345487_7930,firetruck,1,0
n03345487_7931,firetruck,1,1
n03345487_7934,firetruck,1,3
n03345487_7960,firetruck,1,0
n03345487_7969,firetruck,1,3
n03345487_7981,firetruck,1,0
n03345487_800,firetruck,1,1
n03345487_8017,firetruck,1,2
n03345487_8018,firetruck,1,1
n03345487_8031,firetruck,1,1
n03345487_804,firetruck,1,1
n03345487_8045,firetruck,1,4
n03345487_8046,firetruck,1,1
n03345487_8053,firetruck,1,3
n03345487_8057,firetruck,1,0
n03345487_8063,firetruck,1,1
n03345487_8066,firetruck,1,3
n03345487_8077,firetruck,1,4
n03345487_8086,firetruck,1,0
n03345487_8092,firetruck,1,0
n03345487_8093,firetruck,1,0
n03345487_8101,firetruck,1,3
n03345487_8111,firetruck,1,1
n03345487_8122,firetruck,1,0
n03345487_8128,firetruck,1,2
n03345487_8131,firetruck,1,4
n03345487_8155,firetruck,1,4
n03345487_8158,firetruck,1,4
n03345487_8161,firetruck,1,2
n03345487_8169,firetruck,1,3
n03345487_8172,firetruck,1,4
n03345487_8174,firetruck,1,0
n03345487_8190,firetruck,1,0
n03345487_8199,firetruck,1,0
n03345487_8233,firetruck,1,1
n03345487_8235,firetruck,1,4
n03345487_8247,firetruck,1,0
n03345487_825,firetruck,1,0
n03345487_8266,firetruck,1,1
n03345487_829,firetruck,1,3
n03345487_8296,firetruck,1,3
n03345487_8304,firetruck,1,4
n03345487_8317,firetruck,1,1
n03345487_8323,firetruck,1,0
n03345487_8341,firetruck,1,2
n03345487_8362,firetruck,1,0
n03345487_8370,firetruck,1,2
n03345487_8375,firetruck,1,1
n03345487_839,firetruck,1,3
n03345487_8407,firetruck,1,4
n03345487_8413,firetruck,1,3
n03345487_844,firetruck,1,3
n03345487_8441,firetruck,1,0
n03345487_8474,firetruck,1,0
n03345487_8490,firetruck,1,3
n03345487_8510,firetruck,1,0
n03345487_8515,firetruck,1,3
n03345487_8523,firetruck,1,3
n03345487_8525,firetruck,1,0
n03345487_8558,firetruck,1,3
n03345487_8592,firetruck,1,2
n03345487_8610,firetruck,1,2
n03345487_8611,firetruck,1,4
n03345487_8615,firetruck,1,3
n03345487_8620,firetruck,1,4
n03345487_8629,firetruck,1,1
n03345487_8635,firetruck,1,3
n03345487_8639,firetruck,1,2
n03345487_8656,firetruck,1,1
n03345487_8671,firetruck,1,1
n03345487_8673,firetruck,1,4
n03345487_8679,firetruck,1,2
n03345487_8689,firetruck,1,1
n03345487_8693,firetruck,1,2
n03345487_8694,firetruck,1,2
n03345487_8699,firetruck,1,1
n03345487_8720,firetruck,1,0
n03345487_8766,firetruck,1,3
n03345487_8801,firetruck,1,2
n03345487_8802,firetruck,1,0
n03345487_882,firetruck,1,2
n03345487_8832,firetruck,1,0
n03345487_8839,firetruck,1,1
n03345487_8842,firetruck,1,2
n03345487_8847,firetruck,1,0
n03345487_8850,firetruck,1,2
n03345487_8891,firetruck,1,3
n03345487_8913,firetruck,1,4
n03345487_8919,firetruck,1,4
n03345487_8944,firetruck,1,1
n03345487_8958,firetruck,1,1
n03345487_8968,firetruck,1,3
n03345487_8991,firetruck,1,4
n03345487_8994,firetruck,1,1
n03345487_900,firetruck,1,4
n03345487_9006,firetruck,1,2
n03345487_9007,firetruck,1,3
n03345487_903,firetruck,1,1
n03345487_9038,firetruck,1,3
n03345487_9041,firetruck,1,0
n03345487_9044,firetruck,1,2
n03345487_9053,firetruck,1,0
n03345487_9083,firetruck,1,4
n03345487_9095,firetruck,1,3
n03345487_9101,firetruck,1,1
n03345487_9102,firetruck,1,4
n03345487_9123,firetruck,1,1
n03345487_9149,firetruck,1,0
n03345487_9227,firetruck,1,0
n03345487_9242,firetruck,1,2
n03345487_9253,firetruck,1,2
n03345487_926,firetruck,1,0
n03345487_9321,firetruck,1,0
n03345487_9369,firetruck,1,2
n03345487_9459,firetruck,1,4
n03345487_947,firetruck,1,0
n03345487_9482,firetruck,1,3
n03345487_949,firetruck,1,3
n03345487_9497,firetruck,1,3
n03345487_953,firetruck,1,0
n03345487_9535,firetruck,1,0
n03345487_9546,firetruck,1,1
n03345487_9558,firetruck,1,3
n03345487_9653,firetruck,1,2
n03345487_9664,firetruck,1,4
n03345487_976,firetruck,1,0
n03345487_9804,firetruck,1,2
n03345487_9854,firetruck,1,2
n03345487_9889,firetruck,1,1
n03345487_9893,firetruck,1,4
n03345487_9979,firetruck,1,0
n02701002_1,ambulance,2,1
n02701002_10,ambulance,2,3
n02701002_10004,ambulance,2,2
n02701002_1003,ambulance,2,4
n02701002_10046,ambulance,2,1
n02701002_10068,ambulance,2,0
n02701002_1007,ambulance,2,1
n02701002_10073,ambulance,2,4
n02701002_10091,ambulance,2,2
n02701002_10092,ambulance,2,3
n02701002_101,ambulance,2,2
n02701002_10156,ambulance,2,4
n02701002_1020,ambulance,2,0
n02701002_10200,ambulance,2,4
n02701002_1023,ambulance,2,1
n02701002_10251,ambulance,2,3
n02701002_10253,ambulance,2,2
n02701002_10279,ambulance,2,3
n02701002_1029,ambulance,2,0
n02701002_10324,ambulance,2,4
n02701002_10333,ambulance,2,4
n02701002_1035,ambulance,2,2
n02701002_10365,ambulance,2,1
n02701002_1038,ambulance,2,1
n02701002_10391,ambulance,2,4
n02701002_1040,ambulance,2,4
n02701002_1041,ambulance,2,0
n02701002_10422,ambulance,2,2
n02701002_1044,ambulance,2,4
n02701002_10444,ambulance,2,0
n02701002_10452,ambulance,2,4
n02701002_10497,ambulance,2,0
n02701002_1051,ambulance,2,4
n02701002_10558,ambulance,2,2
n02701002_1056,ambulance,2,0
n02701002_1059,ambulance,2,3
n02701002_10624,ambulance,2,1
n02701002_10625,ambulance,2,4
n02701002_1063,ambulance,2,1
n02701002_10648,ambulance,2,2
n02701002_10678,ambulance,2,3
n02701002_107,ambulance,2,2
n02701002_1070,ambulance,2,3
n02701002_10707,ambulance,2,4
n02701002_1073,ambulance,2,1
n02701002_10736,ambulance,2,3
n02701002_10745,ambulance,2,1
n02701002_1076,ambulance,2,4
n02701002_10767,ambulance,2,3
n02701002_1078,ambulance,2,0
n02701002_108,ambulance,2,2
n02701002_10847,ambulance,2,1
n02701002_1086,ambulance,2,1
n02701002_1087,ambulance,2,1
n02701002_10888,ambulance,2,3
n02701002_10894,ambulance,2,4
n02701002_1091,ambulance,2,4
n02701002_1092,ambulance,2,4
n02701002_10922,ambulance,2,2
n02701002_10926,ambulance,2,2
n02701002_10937,ambulance,2,0
n02701002_1094,ambulance,2,1
n02701002_10956,ambulance,2,3
n02701002_1096,ambulance,2,3
n02701002_11014,ambulance,2,2
n02701002_11017,ambulance,2,3
n02701002_11033,ambulance,2,1
n02701002_11048,ambulance,2,2
n02701002_1107,ambulance,2,0
n02701002_11083,ambulance,2,4
n02701002_11109,ambulance,2,1
n02701002_1112,ambulance,2,2
n02701002_1117,ambulance,2,3
n02701002_11206,ambulance,2,1
n02701002_11209,ambulance,2,2
n02701002_1126,ambulance,2,3
n02701002_11283,ambulance,2,4
n02701002_11320,ambulance,2,3
n02701002_11363,ambulance,2,2
n02701002_11393,ambulance,2,1
n02701002_114,ambulance,2,2
n02701002_11426,ambulance,2,2
n02701002_11433,ambulance,2,4
n02701002_1144,ambulance,2,2
n02701002_1146,ambulance,2,1
n02701002_11489,ambulance,2,4
n02701002_11492,ambulance,2,1
n02701002_115,ambulance,2,2
n02701002_1151,ambulance,2,4
n02701002_11574,ambulance,2,0
n02701002_1159,ambulance,2,1
n02701002_11595,ambulance,2,3
n02701002_11610,ambulance,2,0
n02701002_11614,ambulance,2,3
n02701002_11621,ambulance,2,1
n02701002_11647,ambulance,2,4
n02701002_11668,ambulance,2,1
n02701002_11677,ambulance,2,1
n02701002_11725,ambulance,2,0
n02701002_11738,ambulance,2,2
n02701002_1175,ambulance,2,2
n02701002_11756,ambulance,2,3
n02701002_1177,ambulance,2,3
n02701002_11773,ambulance,2,4
n02701002_11786,ambulance,2,2
n02701002_11790,ambulance,2,2
n02701002_11802,ambulance,2,0
n02701002_1182,ambulance,2,3
n02701002_1183,ambulance,2,1
n02701002_11841,ambulance,2,4
n02701002_11874,ambulance,2,1
n02701002_11882,ambulance,2,3
n02701002_11890,ambulance,2,0
n02701002_11912,ambulance,2,0
n02701002_11927,ambulance,2,3
n02701002_1195,ambulance,2,1
n02701002_11954,ambulance,2,3
n02701002_11976,ambulance,2,1
n02701002_1201,ambulance,2,2
n02701002_12025,ambulance,2,2
n02701002_1204,ambulance,2,0
n02701002_1207,ambulance,2,2
n02701002_12098,ambulance,2,2
n02701002_121,ambulance,2,2
n02701002_1213,ambulance,2,2
n02701002_12136,ambulance,2,0
n02701002_1215,ambulance,2,0
n02701002_12156,ambulance,2,3
n02701002_1216,ambulance,2,1
n02701002_12204,ambulance,2,1
n02701002_12242,ambulance,2,4
n02701002_12262,ambulance,2,0
n02701002_12264,ambulance,2,3
n02701002_12277,ambulance,2,4
n02701002_12278,ambulance,2,0
n02701002_1228,ambulance,2,4
n02701002_12301,ambulance,2,4
n02701002_12310,ambulance,2,2
n02701002_12331,ambulance,2,1
n02701002_1234,ambulance,2,0
n02701002_124,ambulance,2,1
n02701002_12415,ambulance,2,3
n02701002_1242,ambulance,2,1
n02701002_12421,ambulance,2,1
n02701002_12429,ambulance,2,0
n02701002_12456,ambulance,2,3
n02701002_1247,ambulance,2,1
n02701002_1249,ambulance,2,3
n02701002_12497,ambulance,2,1
n02701002_12513,ambulance,2,3
n02701002_12514,ambulance,2,3
n02701002_1252,ambulance,2,1
n02701002_1253,ambulance,2,0
n02701002_12543,ambulance,2,3
n02701002_12561,ambulance,2,2
n02701002_12570,ambulance,2,1
n02701002_12587,ambulance,2,0
n02701002_12601,ambulance,2,3
n02701002_12622,ambulance,2,4
n02701002_12630,ambulance,2,1
n02701002_1264,ambulance,2,2
n02701002_1269,ambulance,2,4
n02701002_1270,ambulance,2,2
n02701002_12714,ambulance,2,3
n02701002_1272,ambulance,2,3
n02701002_1274,ambulance,2,4
n02701002_12757,ambulance,2,3
n02701002_12762,ambulance,2,2
n02701002_1279,ambulance,2,0
n02701002_12796,ambulance,2,1
n02701002_128,ambulance,2,0
n02701002_1286,ambulance,2,4
n02701002_12867,ambulance,2,2
n02701002_1287,ambulance,2,1
n02701002_12876,ambulance,2,4
n02701002_12944,ambulance,2,1
n02701002_12953,ambulance,2,2
n02701002_12954,ambulance,2,4
n02701002_12964,ambulance,2,3
n02701002_12971,ambulance,2,4
n02701002_12991,ambulance,2,4
n02701002_13027,ambulance,2,0
n02701002_1303,ambulance,2,4
n02701002_13052,ambulance,2,2
n02701002_13054,ambulance,2,0
n02701002_1315,ambulance,2,4
n02701002_13156,ambulance,2,1
n02701002_1316,ambulance,2,2
n02701002_13169,ambulance,2,1
n02701002_1318,ambulance,2,2
n02701002_13213,ambulance,2,1
n02701002_1325,ambulance,2,4
n02701002_13255,ambulance,2,4
n02701002_13263,ambulance,2,4
n02701002_13277,ambulance,2,3
n02701002_1330,ambulance,2,4
n02701002_1332,ambulance,2,3
n02701002_13345,ambulance,2,2
n02701002_13370,ambulance,2,2
n02701002_1341,ambulance,2,0
n02701002_1343,ambulance,2,4
n02701002_1347,ambulance,2,0
n02701002_13494,ambulance,2,4
n02701002_13507,ambulance,2,4
n02701002_13509,ambulance,2,4
n02701002_13560,ambulance,2,4
n02701002_13564,ambulance,2,1
n02701002_1358,ambulance,2,1
n02701002_13584,ambulance,2,2
n02701002_13594,ambulance,2,0
n02701002_13599,ambulance,2,1
n02701002_1361,ambulance,2,0
n02701002_13613,ambulance,2,2
n02701002_1364,ambulance,2,2
n02701002_13667,ambulance,2,2
n02701002_13688,ambulance,2,1
n02701002_13690,ambulance,2,3
n02701002_13698,ambulance,2,1
n02701002_1371,ambulance,2,1
n02701002_13733,ambulance,2,0
n02701002_13751,ambulance,2,4
n02701002_13780,ambulance,2,0
n02701002_13781,ambulance,2,2
n02701002_13793,ambulance,2,2
n02701002_13808,ambulance,2,3
n02701002_1382,ambulance,2,3
n02701002_13820,ambulance,2,3
n02701002_13824,ambulance,2,0
n02701002_1384,ambulance,2,1
n02701002_1386,ambulance,2,1
n02701002_13900,ambulance,2,0
n02701002_1393,ambulance,2,3
n02701002_13949,ambulance,2,2
n02701002_13980,ambulance,2,1
n02701002_1400,ambulance,2,4
n02701002_1401,ambulance,2,4
n02701002_14013,ambulance,2,1
n02701002_14031,ambulance,2,4
n02701002_14032,ambulance,2,2
n02701002_1404,ambulance,2,1
n02701002_14050,ambulance,2,0
n02701002_14080,ambulance,2,0
n02701002_14122,ambulance,2,0
n02701002_1414,ambulance,2,0
n02701002_1415,ambulance,2,3
n02701002_14159,ambulance,2,1
n02701002_14200,ambulance,2,3
n02701002_14209,ambulance,2,0
n02701002_14217,ambulance,2,4
n02701002_14226,ambulance,2,2
n02701002_14241,ambulance,2,1
n02701002_14275,ambulance,2,4
n02701002_1428,ambulance,2,4
n02701002_14308,ambulance,2,4
n02701002_14327,ambulance,2,4
n02701002_14383,ambulance,2,2
n02701002_14392,ambulance,2,1
n02701002_1440,ambulance,2,0
n02701002_1441,ambulance,2,0
n02701002_14440,ambulance,2,3
n02701002_14446,ambulance,2,1
n02701002_14450,ambulance,2,1
n02701002_1447,ambulance,2,1
n02701002_1448,ambulance,2,1
n02701002_14502,ambulance,2,0
n02701002_1451,ambulance,2,2
n02701002_14514,ambulance,2,2
n02701002_14530,ambulance,2,3
n02701002_1454,ambulance,2,3
n02701002_14541,ambulance,2,2
n02701002_1455,ambulance,2,4
n02701002_14576,ambulance,2,4
n02701002_14582,ambulance,2,0
n02701002_1459,ambulance,2,0
n02701002_14591,ambulance,2,4
n02701002_1460,ambulance,2,2
n02701002_1463,ambulance,2,1
n02701002_1468,ambulance,2,2
n02701002_14690,ambulance,2,4
n02701002_1470,ambulance,2,1
n02701002_1471,ambulance,2,1
n02701002_14816,ambulance,2,3
n02701002_1482,ambulance,2,2
n02701002_14861,ambulance,2,3
n02701002_1487,ambulance,2,0
n02701002_14871,ambulance,2,0
n02701002_14887,ambulance,2,1
n02701002_1489,ambulance,2,1
n02701002_1490,ambulance,2,0
n02701002_14926,ambulance,2,2
n02701002_1493,ambulance,2,2
n02701002_14965,ambulance,2,0
n02701002_1497,ambulance,2,0
n02701002_1499,ambulance,2,0
n02701002_15045,ambulance,2,3
n02701002_1506,ambulance,2,2
n02701002_15073,ambulance,2,0
n02701002_1508,ambulance,2,3
n02701002_15080,ambulance,2,4
n02701002_1509,ambulance,2,4
n02701002_1511,ambulance,2,4
n02701002_1515,ambulance,2,1
n02701002_15167,ambulance,2,0
n02701002_15182,ambulance,2,2
n02701002_15197,ambulance,2,0
n02701002_1526,ambulance,2,3
n02701002_15279,ambulance,2,1
n02701002_1528,ambulance,2,0
n02701002_15289,ambulance,2,3
n02701002_1533,ambulance,2,3
n02701002_1535,ambulance,2,4
n02701002_1537,ambulance,2,4
n02701002_15383,ambulance,2,4
n02701002_15392,ambulance,2,0
n02701002_154,ambulance,2,0
n02701002_1540,ambulance,2,4
n02701002_1541,ambulance,2,1
n02701002_15411,ambulance,2,1
n02701002_15417,ambulance,2,0
n02701002_1542,ambulance,2,3
n02701002_15420,ambulance,2,0
n02701002_15423,ambulance,2,3
n02701002_15428,ambulance,2,3
n02701002_1547,ambulance,2,4
n02701002_15523,ambulance,2,1
n02701002_1553,ambulance,2,1
n02701002_1555,ambulance,2,0
n02701002_15550,ambulance,2,1
n02701002_1557,ambulance,2,1
n02701002_15583,ambulance,2,1
n02701002_15609,ambulance,2,0
n02701002_1562,ambulance,2,0
n02701002_15638,ambulance,2,0
n02701002_15645,ambulance,2,3
n02701002_1565,ambulance,2,3
n02701002_15668,ambulance,2,4
n02701002_15727,ambulance,2,2
n02701002_15748,ambulance,2,1
n02701002_1576,ambulance,2,3
n02701002_15774,ambulance,2,3
n02701002_1578,ambulance,2,2
n02701002_15837,ambulance,2,3
n02701002_15843,ambulance,2,2
n02701002_15859,ambulance,2,4
n02701002_1588,ambulance,2,1
n02701002_15883,ambulance,2,3
n02701002_15898,ambulance,2,0
n02701002_15919,ambulance,2,0
n02701002_1592,ambulance,2,3
n02701002_15923,ambulance,2,4
n02701002_15924,ambulance,2,0
n02701002_1594,ambulance,2,3
n02701002_1595,ambulance,2,0
n02701002_1596,ambulance,2,1
n02701002_15965,ambulance,2,3
n02701002_1599,ambulance,2,3
n02701002_15993,ambulance,2,2
n02701002_16004,ambulance,2,4
n02701002_16027,ambulance,2,1
n02701002_1605,ambulance,2,0
n02701002_16062,ambulance,2,3
n02701002_16090,ambulance,2,0
n02701002_16116,ambulance,2,2
n02701002_16125,ambulance,2,2
n02701002_1614,ambulance,2,0
n02701002_16149,ambulance,2,4
n02701002_1615,ambulance,2,3
n02701002_1617,ambulance,2,4
n02701002_16183,ambulance,2,3
n02701002_1619,ambulance,2,1
n02701002_16208,ambulance,2,2
n02701002_1622,ambulance,2,4
n02701002_1623,ambulance,2,1
n02701002_1625,ambulance,2,4
n02701002_16281,ambulance,2,0
n02701002_1630,ambulance,2,0
n02701002_1631,ambulance,2,3
n02701002_1632,ambulance,2,3
n02701002_16347,ambulance,2,1
n02701002_16357,ambulance,2,0
n02701002_16377,ambulance,2,0
n02701002_16407,ambulance,2,4
n02701002_16435,ambulance,2,0
n02701002_16488,ambulance,2,4
n02701002_1649,ambulance,2,4
n02701002_165,ambulance,2,4
n02701002_16507,ambulance,2,2
n02701002_1658,ambulance,2,3
n02701002_16592,ambulance,2,3
n02701002_1660,ambulance,2,0
n02701002_16611,ambulance,2,4
n02701002_16612,ambulance,2,3
n02701002_1662,ambulance,2,4
n02701002_1663,ambulance,2,4
n02701002_1667,ambulance,2,3
n02701002_16688,ambulance,2,1
n02701002_16707,ambulance,2,3
n02701002_16708,ambulance,2,4
n02701002_1671,ambulance,2,2
n02701002_16750,ambulance,2,0
n02701002_1678,ambulance,2,4
n02701002_16803,ambulance,2,1
n02701002_1681,ambulance,2,4
n02701002_16871,ambulance,2,1
n02701002_1689,ambulance,2,3
n02701002_1691,ambulance,2,1
n02701002_16927,ambulance,2,3
n02701002_1693,ambulance,2,0
n02701002_16932,ambulance,2,4
n02701002_1695,ambulance,2,2
n02701002_17025,ambulance,2,2
n02701002_17030,ambulance,2,2
n02701002_17039,ambulance,2,2
n02701002_17067,ambulance,2,4
n02701002_17070,ambulance,2,4
n02701002_1709,ambulance,2,0
n02701002_17113,ambulance,2,3
n02701002_17119,ambulance,2,0
n02701002_1713,ambulance,2,4
n02701002_1714,ambulance,2,3
n02701002_17140,ambulance,2,4
n02701002_17149,ambulance,2,4
n02701002_1715,ambulance,2,4
n02701002_17150,ambulance,2,0
n02701002_17168,ambulance,2,2
n02701002_17209,ambulance,2,2
n02701002_1724,ambulance,2,1
n02701002_1732,ambulance,2,0
n02701002_1733,ambulance,2,4
n02701002_1735,ambulance,2,0
n02701002_1736,ambulance,2,2
n02701002_1737,ambulance,2,1
n02701002_17385,ambulance,2,4
n02701002_17416,ambulance,2,3
n02701002_1746,ambulance,2,3
n02701002_1748,ambulance,2,4
n02701002_17485,ambulance,2,3
n02701002_17491,ambulance,2,3
n02701002_17492,ambulance,2,2
n02701002_175,ambulance,2,4
n02701002_17500,ambulance,2,1
n02701002_1753,ambulance,2,4
n02701002_17576,ambulance,2,0
n02701002_1760,ambulance,2,0
n02701002_17620,ambulance,2,0
n02701002_1767,ambulance,2,4
n02701002_17717,ambulance,2,2
n02701002_1774,ambulance,2,0
n02701002_1775,ambulance,2,1
n02701002_1776,ambulance,2,0
n02701002_1777,ambulance,2,1
n02701002_17786,ambulance,2,3
n02701002_1780,ambulance,2,3
n02701002_17823,ambulance,2,2
n02701002_1785,ambulance,2,2
n02701002_1789,ambulance,2,3
n02701002_1792,ambulance,2,3
n02701002_1793,ambulance,2,2
n02701002_17933,ambulance,2,2
n02701002_17951,ambulance,2,1
n02701002_17954,ambulance,2,3
n02701002_1797,ambulance,2,0
n02701002_1802,ambulance,2,2
n02701002_18046,ambulance,2,3
n02701002_18064,ambulance,2,0
n02701002_1811,ambulance,2,0
n02701002_18112,ambulance,2,3
n02701002_1814,ambulance,2,3
n02701002_18146,ambulance,2,4
n02701002_1816,ambulance,2,1
n02701002_18162,ambulance,2,4
n02701002_1818,ambulance,2,0
n02701002_1819,ambulance,2,2
n02701002_1820,ambulance,2,3
n02701002_18232,ambulance,2,3
n02701002_18242,ambulance,2,3
n02701002_1830,ambulance,2,0
n02701002_1832,ambulance,2,0
n02701002_18342,ambulance,2,2
n02701002_18366,ambulance,2,4
n02701002_1837,ambulance,2,3
n02701002_18372,ambulance,2,2
n02701002_1839,ambulance,2,3
n02701002_18480,ambulance,2,0
n02701002_18490,ambulance,2,0
n02701002_18507,ambulance,2,2
n02701002_18508,ambulance,2,4
n02701002_18572,ambulance,2,0
n02701002_18600,ambulance,2,4
n02701002_18607,ambulance,2,3
n02701002_1864,ambulance,2,2
n02701002_18685,ambulance,2,3
n02701002_18691,ambulance,2,4
n02701002_18725,ambulance,2,3
n02701002_1886,ambulance,2,0
n02701002_1895,ambulance,2,2
n02701002_1904,ambulance,2,0
n02701002_1911,ambulance,2,0
n02701002_1914,ambulance,2,1
n02701002_1927,ambulance,2,0
n02701002_1928,ambulance,2,3
n02701002_1939,ambulance,2,1
n02701002_1943,ambulance,2,4
n02701002_1955,ambulance,2,2
n02701002_196,ambulance,2,4
n02701002_1966,ambulance,2,1
n02701002_197,ambulance,2,1
n02701002_1971,ambulance,2,1
n02701002_198,ambulance,2,2
n02701002_1987,ambulance,2,2
n02701002_199,ambulance,2,3
n02701002_1992,ambulance,2,3
n02701002_1995,ambulance,2,4
n02701002_20,ambulance,2,2
n02701002_2001,ambulance,2,0
n02701002_2006,ambulance,2,1
n02701002_2011,ambulance,2,2
n02701002_2012,ambulance,2,0
n02701002_2019,ambulance,2,4
n02701002_2021,ambulance,2,4
n02701002_2024,ambulance,2,0
n02701002_2043,ambulance,2,1
n02701002_2056,ambulance,2,0
n02701002_2064,ambulance,2,4
n02701002_2078,ambulance,2,0
n02701002_2090,ambulance,2,3
n02701002_2091,ambulance,2,1
n02701002_2097,ambulance,2,1
n02701002_2118,ambulance,2,4
n02701002_212,ambulance,2,4
n02701002_2122,ambulance,2,4
n02701002_2131,ambulance,2,3
n02701002_2134,ambulance,2,4
n02701002_2139,ambulance,2,3
n02701002_2140,ambulance,2,0
n02701002_2154,ambulance,2,0
n02701002_2157,ambulance,2,2
n02701002_2164,ambulance,2,0
n02701002_2166,ambulance,2,1
n02701002_2177,ambulance,2,0
n02701002_2187,ambulance,2,1
n02701002_2188,ambulance,2,1
n02701002_2194,ambulance,2,0
n02701002_2201,ambulance,2,3
n02701002_2216,ambulance,2,4
n02701002_2218,ambulance,2,2
n02701002_2220,ambulance,2,3
n02701002_2221,ambulance,2,2
n02701002_2224,ambulance,2,1
n02701002_2225,ambulance,2,1
n02701002_2227,ambulance,2,4
n02701002_2229,ambulance,2,1
n02701002_224,ambulance,2,2
n02701002_2241,ambulance,2,4
n02701002_2252,ambulance,2,2
n02701002_2256,ambulance,2,0
n02701002_2259,ambulance,2,0
n02701002_2275,ambulance,2,1
n02701002_2280,ambulance,2,1
n02701002_2288,ambulance,2,0
n02701002_2297,ambulance,2,0
n02701002_2299,ambulance,2,1
n02701002_2306,ambulance,2,3
n02701002_2307,ambulance,2,0
n02701002_2311,ambulance,2,3
n02701002_2327,ambulance,2,0
n02701002_2338,ambulance,2,0
n02701002_2343,ambulance,2,3
n02701002_2358,ambulance,2,3
n02701002_2361,ambulance,2,4
n02701002_2381,ambulance,2,2
n02701002_2397,ambulance,2,1
n02701002_2405,ambulance,2,3
n02701002_2408,ambulance,2,2
n02701002_2413,ambulance,2,2
n02701002_2418,ambulance,2,1
n02701002_2422,ambulance,2,2
n02701002_2425,ambulance,2,0
n02701002_2426,ambulance,2,0
n02701002_2435,ambulance,2,3
n02701002_244,ambulance,2,0
n02701002_2447,ambulance,2,4
n02701002_2449,ambulance,2,4
n02701002_2454,ambulance,2,3
n02701002_246,ambulance,2,3
n02701002_2464,ambulance,2,0
n02701002_2470,ambulance,2,0
n02701002_2478,ambulance,2,0
n02701002_248,ambulance,2,2
n02701002_2488,ambulance,2,1
n02701002_249,ambulance,2,2
n02701002_2492,ambulance,2,4
n02701002_2493,ambulance,2,2
n02701002_2503,ambulance,2,4
n02701002_2511,ambulance,2,1
n02701002_255,ambulance,2,3
n02701002_2553,ambulance,2,4
n02701002_2565,ambulance,2,1
n02701002_2590,ambulance,2,2
n02701002_2593,ambulance,2,4
n02701002_2616,ambulance,2,4
n02701002_2624,ambulance,2,4
n02701002_2625,ambulance,2,4
n02701002_2628,ambulance,2,1
n02701002_2636,ambulance,2,4
n02701002_2638,ambulance,2,0
n02701002_2639,ambulance,2,0
n02701002_2651,ambulance,2,1
n02701002_2664,ambulance,2,1
n02701002_2683,ambulance,2,1
n02701002_2693,ambulance,2,2
n02701002_2728,ambulance,2,2
n02701002_2732,ambulance,2,1
n02701002_274,ambulance,2,0
n02701002_2740,ambulance,2,1
n02701002_2741,ambulance,2,0
n02701002_2757,ambulance,2,4
n02701002_2758,ambulance,2,0
n02701002_276,ambulance,2,3
n02701002_278,ambulance,2,1
n02701002_2780,ambulance,2,3
n02701002_2785,ambulance,2,1
n02701002_2805,ambulance,2,0
n02701002_281,ambulance,2,4
n02701002_2821,ambulance,2,4
n02701002_2825,ambulance,2,2
n02701002_2832,ambulance,2,2
n02701002_2837,ambulance,2,2
n02701002_285,ambulance,2,1
n02701002_2863,ambulance,2,3
n02701002_2868,ambulance,2,4
n02701002_287,ambulance,2,0
n02701002_2872,ambulance,2,3
n02701002_288,ambulance,2,4
n02701002_2883,ambulance,2,3
n02701002_2889,ambulance,2,3
n02701002_2894,ambulance,2,2
n02701002_290,ambulance,2,3
n02701002_2907,ambulance,2,2
n02701002_2915,ambulance,2,1
n02701002_2928,ambulance,2,0
n02701002_2935,ambulance,2,4
n02701002_2936,ambulance,2,2
n02701002_2937,ambulance,2,2
n02701002_2940,ambulance,2,4
n02701002_2945,ambulance,2,2
n02701002_2962,ambulance,2,0
n02701002_2968,ambulance,2,0
n02701002_2972,ambulance,2,3
n02701002_2980,ambulance,2,0
n02701002_2982,ambulance,2,3
n02701002_2992,ambulance,2,0
n02701002_3003,ambulance,2,4
n02701002_3008,ambulance,2,1
n02701002_3010,ambulance,2,2
n02701002_3016,ambulance,2,0
n02701002_302,ambulance,2,1
n02701002_3024,ambulance,2,2
n02701002_3025,ambulance,2,1
n02701002_3029,ambulance,2,1
n02701002_3031,ambulance,2,2
n02701002_3032,ambulance,2,0
n02701002_3040,ambulance,2,2
n02701002_3049,ambulance,2,4
n02701002_3051,ambulance,2,0
n02701002_3053,ambulance,2,4
n02701002_3066,ambulance,2,1
n02701002_3068,ambulance,2,3
n02701002_3082,ambulance,2,4
n02701002_3086,ambulance,2,1
n02701002_3087,ambulance,2,3
n02701002_3094,ambulance,2,2
n02701002_3102,ambulance,2,4
n02701002_3107,ambulance,2,4
n02701002_3112,ambulance,2,4
n02701002_3113,ambulance,2,3
n02701002_3115,ambulance,2,4
n02701002_3118,ambulance,2,4
n02701002_3132,ambulance,2,4
n02701002_3136,ambulance,2,0
n02701002_3138,ambulance,2,3
n02701002_3154,ambulance,2,0
n02701002_3155,ambulance,2,0
n02701002_3156,ambulance,2,3
n02701002_3158,ambulance,2,3
n02701002_316,ambulance,2,1
n02701002_3161,ambulance,2,0
n02701002_3165,ambulance,2,1
n02701002_3167,ambulance,2,4
n02701002_3173,ambulance,2,1
n02701002_3177,ambulance,2,2
n02701002_3183,ambulance,2,4
n02701002_3185,ambulance,2,1
n02701002_3189,ambulance,2,2
n02701002_3190,ambulance,2,1
n02701002_3200,ambulance,2,3
n02701002_3201,ambulance,2,1
n02701002_3208,ambulance,2,2
n02701002_3209,ambulance,2,1
n02701002_3210,ambulance,2,2
n02701002_3212,ambulance,2,3
n02701002_3217,ambulance,2,1
n02701002_3219,ambulance,2,3
n02701002_322,ambulance,2,0
n02701002_3221,ambulance,2,0
n02701002_3223,ambulance,2,2
n02701002_3225,ambulance,2,2
n02701002_3227,ambulance,2,2
n02701002_3231,ambulance,2,3
n02701002_3236,ambulance,2,2
n02701002_3243,ambulance,2,4
n02701002_3251,ambulance,2,2
n02701002_3252,ambulance,2,3
n02701002_3254,ambulance,2,4
n02701002_3255,ambulance,2,3
n02701002_3263,ambulance,2,3
n02701002_3265,ambulance,2,1
n02701002_3266,ambulance,2,4
n02701002_3268,ambulance,2,2
n02701002_3269,ambulance,2,3
n02701002_3276,ambulance,2,4
n02701002_3279,ambulance,2,0
n02701002_328,ambulance,2,1
n02701002_3292,ambulance,2,1
n02701002_3302,ambulance,2,4
n02701002_3305,ambulance,2,1
n02701002_3310,ambulance,2,2
n02701002_3315,ambulance,2,0
n02701002_3318,ambulance,2,4
n02701002_3324,ambulance,2,1
n02701002_3326,ambulance,2,2
n02701002_333,ambulance,2,0
n02701002_3335,ambulance,2,1
n02701002_3340,ambulance,2,1
n02701002_3346,ambulance,2,3
n02701002_3348,ambulance,2,2
n02701002_3349,ambulance,2,2
n02701002_336,ambulance,2,3
n02701002_3361,ambulance,2,0
n02701002_3372,ambulance,2,0
n02701002_3379,ambulance,2,0
n02701002_3381,ambulance,2,4
n02701002_3387,ambulance,2,3
n02701002_3389,ambulance,2,0
n02701002_3391,ambulance,2,2
n02701002_3397,ambulance,2,2
n02701002_340,ambulance,2,4
n02701002_3402,ambulance,2,4
n02701002_3405,ambulance,2,2
n02701002_3406,ambulance,2,2
n02701002_3409,ambulance,2,0
n02701002_3420,ambulance,2,1
n02701002_3423,ambulance,2,0
n02701002_3428,ambulance,2,0
n02701002_3434,ambulance,2,1
n02701002_3436,ambulance,2,3
n02701002_3441,ambulance,2,2
n02701002_3457,ambulance,2,4
n02701002_3461,ambulance,2,1
n02701002_3463,ambulance,2,0
n02701002_3466,ambulance,2,0
n02701002_3469,ambulance,2,4
n02701002_3479,ambulance,2,0
n02701002_3480,ambulance,2,0
n02701002_3481,ambulance,2,1
n02701002_3486,ambulance,2,4
n02701002_3500,ambulance,2,0
n02701002_3508,ambulance,2,0
n02701002_351,ambulance,2,4
n02701002_3514,ambulance,2,1
n02701002_3517,ambulance,2,1
n02701002_3522,ambulance,2,2
n02701002_3528,ambulance,2,0
n02701002_353,ambulance,2,0
n02701002_3530,ambulance,2,3
n02701002_3533,ambulance,2,1
n02701002_354,ambulance,2,2
n02701002_3542,ambulance,2,2
n02701002_3543,ambulance,2,0
n02701002_3549,ambulance,2,1
n02701002_3553,ambulance,2,4
n02701002_3559,ambulance,2,2
n02701002_356,ambulance,2,4
n02701002_3561,ambulance,2,2
n02701002_3563,ambulance,2,1
n02701002_3564,ambulance,2,1
n02701002_3572,ambulance,2,1
n02701002_3573,ambulance,2,1
n02701002_3579,ambulance,2,0
n02701002_3584,ambulance,2,0
n02701002_3592,ambulance,2,4
n02701002_3598,ambulance,2,2
n02701002_3599,ambulance,2,2
n02701002_3601,ambulance,2,0
n02701002_3608,ambulance,2,4
n02701002_3612,ambulance,2,0
n02701002_3615,ambulance,2,1
n02701002_3616,ambulance,2,2
n02701002_3629,ambulance,2,1
n02701002_3632,ambulance,2,2
n02701002_3633,ambulance,2,1
n02701002_3639,ambulance,2,4
n02701002_3644,ambulance,2,1
n02701002_3646,ambulance,2,2
n02701002_3660,ambulance,2,2
n02701002_3664,ambulance,2,4
n02701002_3665,ambulance,2,2
n02701002_3668,ambulance,2,2
n02701002_3669,ambulance,2,4
n02701002_3672,ambulance,2,3
n02701002_3673,ambulance,2,2
n02701002_3674,ambulance,2,1
n02701002_368,ambulance,2,2
n02701002_3680,ambulance,2,1
n02701002_3682,ambulance,2,1
n02701002_369,ambulance,2,4
n02701002_3690,ambulance,2,4
n02701002_3694,ambulance,2,1
n02701002_3698,ambulance,2,3
n02701002_37,ambulance,2,0
n02701002_3700,ambulance,2,0
n02701002_3705,ambulance,2,4
n02701002_3713,ambulance,2,1
n02701002_3717,ambulance,2,2
n02701002_3719,ambulance,2,3
n02701002_3729,ambulance,2,3
n02701002_373,ambulance,2,3
n02701002_3735,ambulance,2,4
n02701002_3744,ambulance,2,0
n02701002_3755,ambulance,2,0
n02701002_3759,ambulance,2,2
n02701002_3762,ambulance,2,2
n02701002_3768,ambulance,2,2
n02701002_3776,ambulance,2,4
n02701002_3783,ambulance,2,1
n02701002_3789,ambulance,2,2
n02701002_3798,ambulance,2,4
n02701002_3801,ambulance,2,2
n02701002_3806,ambulance,2,1
n02701002_381,ambulance,2,3
n02701002_3827,ambulance,2,2
n02701002_383,ambulance,2,2
n02701002_3830,ambulance,2,0
n02701002_3833,ambulance,2,1
n02701002_3846,ambulance,2,3
n02701002_3850,ambulance,2,3
n02701002_3855,ambulance,2,4
n02701002_3857,ambulance,2,2
n02701002_3858,ambulance,2,1
n02701002_3862,ambulance,2,2
n02701002_3863,ambulance,2,0
n02701002_3866,ambulance,2,2
n02701002_3869,ambulance,2,3
n02701002_3872,ambulance,2,1
n02701002_3874,ambulance,2,0
n02701002_3884,ambulance,2,2
n02701002_3895,ambulance,2,0
n02701002_3897,ambulance,2,2
n02701002_3898,ambulance,2,4
n02701002_390,ambulance,2,2
n02701002_3902,ambulance,2,3
n02701002_3904,ambulance,2,0
n02701002_3906,ambulance,2,1
n02701002_3907,ambulance,2,0
n02701002_3912,ambulance,2,3
n02701002_3925,ambulance,2,1
n02701002_3927,ambulance,2,3
n02701002_3932,ambulance,2,3
n02701002_3934,ambulance,2,0
n02701002_3940,ambulance,2,4
n02701002_3941,ambulance,2,0
n02701002_3943,ambulance,2,4
n02701002_3950,ambulance,2,1
n02701002_3952,ambulance,2,4
n02701002_3953,ambulance,2,3
n02701002_3955,ambulance,2,2
n02701002_396,ambulance,2,2
n02701002_3966,ambulance,2,0
n02701002_3975,ambulance,2,3
n02701002_3978,ambulance,2,4
n02701002_3979,ambulance,2,4
n02701002_3985,ambulance,2,1
n02701002_3987,ambulance,2,2
n02701002_3989,ambulance,2,2
n02701002_3993,ambulance,2,3
n02701002_3996,ambulance,2,0
n02701002_3999,ambulance,2,3
n02701002_4009,ambulance,2,1
n02701002_4010,ambulance,2,0
n02701002_4016,ambulance,2,3
n02701002_4024,ambulance,2,3
n02701002_4027,ambulance,2,0
n02701002_4030,ambulance,2,0
n02701002_4031,ambulance,2,2
n02701002_4032,ambulance,2,1
n02701002_4033,ambulance,2,2
n02701002_4038,ambulance,2,0
n02701002_4045,ambulance,2,0
n02701002_4047,ambulance,2,1
n02701002_4048,ambulance,2,3
n02701002_4062,ambulance,2,1
n02701002_4063,ambulance,2,2
n02701002_4065,ambulance,2,4
n02701002_4071,ambulance,2,3
n02701002_4073,ambulance,2,2
n02701002_4074,ambulance,2,0
n02701002_4092,ambulance,2,1
n02701002_4095,ambulance,2,3
n02701002_4108,ambulance,2,4
n02701002_4112,ambulance,2,2
n02701002_4121,ambulance,2,0
n02701002_4125,ambulance,2,0
n02701002_4127,ambulance,2,2
n02701002_4128,ambulance,2,3
n02701002_4129,ambulance,2,1
n02701002_4139,ambulance,2,0
n02701002_4148,ambulance,2,1
n02701002_4150,ambulance,2,3
n02701002_4152,ambulance,2,3
n02701002_4155,ambulance,2,3
n02701002_4158,ambulance,2,4
n02701002_4171,ambulance,2,3
n02701002_4174,ambulance,2,2
n02701002_4178,ambulance,2,3
n02701002_4186,ambulance,2,4
n02701002_4194,ambulance,2,0
n02701002_4198,ambulance,2,3
n02701002_4203,ambulance,2,2
n02701002_421,ambulance,2,3
n02701002_4212,ambulance,2,2
n02701002_4219,ambulance,2,4
n02701002_4221,ambulance,2,4
n02701002_4223,ambulance,2,4
n02701002_4229,ambulance,2,4
n02701002_4231,ambulance,2,1
n02701002_4234,ambulance,2,3
n02701002_4241,ambulance,2,0
n02701002_4252,ambulance,2,0
n02701002_4262,ambulance,2,4
n02701002_4264,ambulance,2,2
n02701002_4266,ambulance,2,4
n02701002_4274,ambulance,2,3
n02701002_4276,ambulance,2,0
n02701002_4279,ambulance,2,1
n02701002_4286,ambulance,2,3
n02701002_4287,ambulance,2,3
n02701002_4289,ambulance,2,0
n02701002_4296,ambulance,2,3
n02701002_4299,ambulance,2,2
n02701002_4302,ambulance,2,4
n02701002_4311,ambulance,2,0
n02701002_4312,ambulance,2,3
n02701002_4314,ambulance,2,3
n02701002_4317,ambulance,2,0
n02701002_4340,ambulance,2,4
n02701002_4341,ambulance,2,4
n02701002_4347,ambulance,2,4
n02701002_4349,ambulance,2,2
n02701002_4351,ambulance,2,4
n02701002_4353,ambulance,2,0
n02701002_436,ambulance,2,4
n02701002_4360,ambulance,2,1
n02701002_4363,ambulance,2,0
n02701002_4364,ambulance,2,3
n02701002_4371,ambulance,2,3
n02701002_4379,ambulance,2,3
n02701002_4386,ambulance,2,0
n02701002_4391,ambulance,2,0
n02701002_4392,ambulance,2,3
n02701002_4397,ambulance,2,0
n02701002_4401,ambulance,2,2
n02701002_4403,ambulance,2,4
n02701002_4404,ambulance,2,3
n02701002_4414,ambulance,2,1
n02701002_4419,ambulance,2,4
n02701002_4425,ambulance,2,0
n02701002_4426,ambulance,2,1
n02701002_4431,ambulance,2,4
n02701002_4433,ambulance,2,2
n02701002_4434,ambulance,2,0
n02701002_4436,ambulance,2,4
n02701002_4438,ambulance,2,3
n02701002_4439,ambulance,2,2
n02701002_4449,ambulance,2,3
n02701002_4468,ambulance,2,3
n02701002_4474,ambulance,2,1
n02701002_4482,ambulance,2,1
n02701002_4496,ambulance,2,2
n02701002_4500,ambulance,2,1
n02701002_4504,ambulance,2,4
n02701002_4507,ambulance,2,0
n02701002_4512,ambulance,2,1
n02701002_4522,ambulance,2,3
n02701002_4528,ambulance,2,2
n02701002_4533,ambulance,2,0
n02701002_4538,ambulance,2,3
n02701002_4540,ambulance,2,1
n02701002_4547,ambulance,2,4
n02701002_4558,ambulance,2,4
n02701002_4562,ambulance,2,0
n02701002_4566,ambulance,2,3
n02701002_4568,ambulance,2,0
n02701002_4572,ambulance,2,0
n02701002_4577,ambulance,2,2
n02701002_4581,ambulance,2,3
n02701002_4598,ambulance,2,0
n02701002_46,ambulance,2,4
n02701002_4600,ambulance,2,2
n02701002_4603,ambulance,2,0
n02701002_4604,ambulance,2,1
n02701002_4607,ambulance,2,1
n02701002_4611,ambulance,2,3
n02701002_4615,ambulance,2,4
n02701002_4616,ambulance,2,4
n02701002_4624,ambulance,2,0
n02701002_4628,ambulance,2,3
n02701002_4635,ambulance,2,2
n02701002_4637,ambulance,2,0
n02701002_4644,ambulance,2,2
n02701002_4646,ambulance,2,0
n02701002_4662,ambulance,2,2
n02701002_4664,ambulance,2,2
n02701002_4666,ambulance,2,0
n02701002_467,ambulance,2,0
n02701002_4675,ambulance,2,0
n02701002_4678,ambulance,2,3
n02701002_468,ambulance,2,2
n02701002_4700,ambulance,2,4
n02701002_4701,ambulance,2,4
n02701002_4714,ambulance,2,0
n02701002_4717,ambulance,2,4
n02701002_4735,ambulance,2,2
n02701002_4737,ambulance,2,1
n02701002_4740,ambulance,2,3
n02701002_4752,ambulance,2,4
n02701002_4754,ambulance,2,1
n02701002_4756,ambulance,2,4
n02701002_4771,ambulance,2,0
n02701002_4781,ambulance,2,0
n02701002_4785,ambulance,2,4
n02701002_4793,ambulance,2,2
n02701002_4796,ambulance,2,2
n02701002_4797,ambulance,2,3
n02701002_4806,ambulance,2,1
n02701002_4818,ambulance,2,3
n02701002_4820,ambulance,2,0
n02701002_4827,ambulance,2,3
n02701002_4830,ambulance,2,4
n02701002_4842,ambulance,2,1
n02701002_4863,ambulance,2,3
n02701002_4864,ambulance,2,0
n02701002_4866,ambulance,2,2
n02701002_4867,ambulance,2,3
n02701002_4873,ambulance,2,2
n02701002_4876,ambulance,2,0
n02701002_4886,ambulance,2,4
n02701002_4891,ambulance,2,2
n02701002_4894,ambulance,2,1
n02701002_4896,ambulance,2,3
n02701002_4897,ambulance,2,3
n02701002_4902,ambulance,2,0
n02701002_4903,ambulance,2,2
n02701002_4909,ambulance,2,2
n02701002_4910,ambulance,2,3
n02701002_4913,ambulance,2,0
n02701002_4915,ambulance,2,4
n02701002_4917,ambulance,2,1
n02701002_4922,ambulance,2,3
n02701002_4924,ambulance,2,4
n02701002_4930,ambulance,2,3
n02701002_4937,ambulance,2,2
n02701002_4944,ambulance,2,3
n02701002_4948,ambulance,2,4
n02701002_4951,ambulance,2,4
n02701002_4953,ambulance,2,1
n02701002_4955,ambulance,2,2
n02701002_4956,ambulance,2,0
n02701002_496,ambulance,2,0
n02701002_497,ambulance,2,2
n02701002_4984,ambulance,2,1
n02701002_4987,ambulance,2,4
n02701002_4990,ambulance,2,2
n02701002_4992,ambulance,2,0
n02701002_4996,ambulance,2,2
n02701002_5013,ambulance,2,3
n02701002_5014,ambulance,2,1
n02701002_5016,ambulance,2,0
n02701002_5017,ambulance,2,1
n02701002_502,ambulance,2,1
n02701002_5021,ambulance,2,3
n02701002_5023,ambulance,2,1
n02701002_5028,ambulance,2,2
n02701002_5032,ambulance,2,0
n02701002_5041,ambulance,2,3
n02701002_5043,ambulance,2,3
n02701002_5055,ambulance,2,4
n02701002_506,ambulance,2,2
n02701002_5084,ambulance,2,2
n02701002_5096,ambulance,2,2
n02701002_5103,ambulance,2,3
n02701002_5104,ambulance,2,3
n02701002_5105,ambulance,2,4
n02701002_5110,ambulance,2,4
n02701002_512,ambulance,2,1
n02701002_5121,ambulance,2,4
n02701002_5126,ambulance,2,4
n02701002_5138,ambulance,2,0
n02701002_5142,ambulance,2,4
n02701002_5143,ambulance,2,4
n02701002_5155,ambulance,2,4
n02701002_5158,ambulance,2,4
n02701002_5162,ambulance,2,1
n02701002_5165,ambulance,2,1
n02701002_5174,ambulance,2,1
n02701002_5177,ambulance,2,3
n02701002_5180,ambulance,2,1
n02701002_5188,ambulance,2,2
n02701002_5190,ambulance,2,2
n02701002_5191,ambulance,2,1
n02701002_5198,ambulance,2,1
n02701002_5206,ambulance,2,1
n02701002_521,ambulance,2,3
n02701002_5215,ambulance,2,3
n02701002_5217,ambulance,2,2
n02701002_5223,ambulance,2,0
n02701002_5224,ambulance,2,4
n02701002_5238,ambulance,2,4
n02701002_5241,ambulance,2,1
n02701002_5247,ambulance,2,4
n02701002_5258,ambulance,2,4
n02701002_5271,ambulance,2,2
n02701002_5279,ambulance,2,1
n02701002_5284,ambulance,2,3
n02701002_5288,ambulance,2,2
n02701002_5292,ambulance,2,3
n02701002_5302,ambulance,2,3
n02701002_5322,ambulance,2,0
n02701002_5349,ambulance,2,0
n02701002_535,ambulance,2,2
n02701002_5360,ambulance,2,2
n02701002_5376,ambulance,2,3
n02701002_538,ambulance,2,2
n02701002_5382,ambulance,2,3
n02701002_539,ambulance,2,1
n02701002_5390,ambulance,2,2
n02701002_5405,ambulance,2,3
n02701002_5406,ambulance,2,4
n02701002_5409,ambulance,2,3
n02701002_5419,ambulance,2,0
n02701002_5429,ambulance,2,2
n02701002_5432,ambulance,2,2
n02701002_5433,ambulance,2,0
n02701002_5435,ambulance,2,2
n02701002_5439,ambulance,2,0
n02701002_5455,ambulance,2,2
n02701002_5457,ambulance,2,3
n02701002_5458,ambulance,2,0
n02701002_5483,ambulance,2,4
n02701002_5486,ambulance,2,2
n02701002_5496,ambulance,2,2
n02701002_550,ambulance,2,1
n02701002_5501,ambulance,2,0
n02701002_5502,ambulance,2,2
n02701002_5513,ambulance,2,3
n02701002_5514,ambulance,2,2
n02701002_5523,ambulance,2,3
n02701002_5524,ambulance,2,3
n02701002_5530,ambulance,2,1
n02701002_5538,ambulance,2,4
n02701002_5541,ambulance,2,4
n02701002_5549,ambulance,2,4
n02701002_5552,ambulance,2,0
n02701002_5554,ambulance,2,3
n02701002_5555,ambulance,2,1
n02701002_5560,ambulance,2,0
n02701002_5562,ambulance,2,2
n02701002_5564,ambulance,2,4
n02701002_5578,ambulance,2,1
n02701002_5586,ambulance,2,2
n02701002_5594,ambulance,2,2
n02701002_5598,ambulance,2,0
n02701002_560,ambulance,2,2
n02701002_5609,ambulance,2,2
n02701002_5610,ambulance,2,1
n02701002_5615,ambulance,2,1
n02701002_5616,ambulance,2,1
n02701002_5618,ambulance,2,3
n02701002_5619,ambulance,2,4
n02701002_5639,ambulance,2,4
n02701002_564,ambulance,2,1
n02701002_5640,ambulance,2,1
n02701002_5643,ambulance,2,1
n02701002_5645,ambulance,2,2
n02701002_5648,ambulance,2,2
n02701002_5654,ambulance,2,4
n02701002_5659,ambulance,2,2
n02701002_5671,ambulance,2,3
n02701002_5676,ambulance,2,4
n02701002_5685,ambulance,2,2
n02701002_5690,ambulance,2,2
n02701002_570,ambulance,2,1
n02701002_571,ambulance,2,3
n02701002_5711,ambulance,2,4
n02701002_5722,ambulance,2,0
n02701002_5727,ambulance,2,0
n02701002_5742,ambulance,2,4
n02701002_5747,ambulance,2,1
n02701002_5748,ambulance,2,4
n02701002_5763,ambulance,2,1
n02701002_5770,ambulance,2,1
n02701002_5773,ambulance,2,0
n02701002_5784,ambulance,2,2
n02701002_5788,ambulance,2,2
n02701002_58,ambulance,2,3
n02701002_5800,ambulance,2,0
n02701002_5807,ambulance,2,2
n02701002_5829,ambulance,2,0
n02701002_5836,ambulance,2,3
n02701002_584,ambulance,2,4
n02701002_5841,ambulance,2,3
n02701002_5857,ambulance,2,3
n02701002_5898,ambulance,2,0
n02701002_5904,ambulance,2,0
n02701002_5906,ambulance,2,4
n02701002_5930,ambulance,2,0
n02701002_5934,ambulance,2,2
n02701002_5945,ambulance,2,0
n02701002_5946,ambulance,2,4
n02701002_5965,ambulance,2,2
n02701002_5982,ambulance,2,4
n02701002_5985,ambulance,2,3
n02701002_5989,ambulance,2,3
n02701002_5993,ambulance,2,4
n02701002_5997,ambulance,2,4
n02701002_6025,ambulance,2,1
n02701002_6028,ambulance,2,2
n02701002_6044,ambulance,2,4
n02701002_6046,ambulance,2,4
n02701002_6048,ambulance,2,4
n02701002_6054,ambulance,2,4
n02701002_6060,ambulance,2,4
n02701002_6074,ambulance,2,3
n02701002_6090,ambulance,2,2
n02701002_6092,ambulance,2,2
n02701002_6117,ambulance,2,3
n02701002_6119,ambulance,2,0
n02701002_6139,ambulance,2,0
n02701002_6166,ambulance,2,2
n02701002_6167,ambulance,2,4
n02701002_6177,ambulance,2,3
n02701002_6179,ambulance,2,1
n02701002_6184,ambulance,2,1
n02701002_6192,ambulance,2,3
n02701002_6198,ambulance,2,4
n02701002_62,ambulance,2,2
n02701002_6201,ambulance,2,2
n02701002_6204,ambulance,2,1
n02701002_6211,ambulance,2,2
n02701002_623,ambulance,2,4
n02701002_6241,ambulance,2,0
n02701002_6253,ambulance,2,4
n02701002_6270,ambulance,2,1
n02701002_6271,ambulance,2,2
n02701002_6287,ambulance,2,3
n02701002_6288,ambulance,2,4
n02701002_6289,ambulance,2,2
n02701002_630,ambulance,2,1
n02701002_6302,ambulance,2,1
n02701002_6303,ambulance,2,3
n02701002_6313,ambulance,2,2
n02701002_6323,ambulance,2,2
n02701002_6325,ambulance,2,1
n02701002_6335,ambulance,2,1
n02701002_6340,ambulance,2,4
n02701002_6343,ambulance,2,1
n02701002_6344,ambulance,2,3
n02701002_635,ambulance,2,3
n02701002_6357,ambulance,2,2
n02701002_6369,ambulance,2,3
n02701002_6377,ambulance,2,2
n02701002_638,ambulance,2,0
n02701002_6393,ambulance,2,3
n02701002_6396,ambulance,2,2
n02701002_6402,ambulance,2,1
n02701002_6405,ambulance,2,3
n02701002_6416,ambulance,2,1
n02701002_6422,ambulance,2,4
n02701002_6437,ambulance,2,3
n02701002_6452,ambulance,2,0
n02701002_646,ambulance,2,0
n02701002_6477,ambulance,2,3
n02701002_648,ambulance,2,2
n02701002_649,ambulance,2,3
n02701002_6492,ambulance,2,1
n02701002_6501,ambulance,2,3
n02701002_6503,ambulance,2,2
n02701002_6505,ambulance,2,3
n02701002_6509,ambulance,2,1
n02701002_6513,ambulance,2,4
n02701002_6514,ambulance,2,1
n02701002_652,ambulance,2,3
n02701002_6521,ambulance,2,3
n02701002_6526,ambulance,2,4
n02701002_6529,ambulance,2,0
n02701002_6532,ambulance,2,0
n02701002_6534,ambulance,2,1
n02701002_6548,ambulance,2,2
n02701002_655,ambulance,2,4
n02701002_6572,ambulance,2,3
n02701002_6591,ambulance,2,1
n02701002_6596,ambulance,2,0
n02701002_6604,ambulance,2,0
n02701002_6619,ambulance,2,3
n02701002_6623,ambulance,2,4
n02701002_6625,ambulance,2,2
n02701002_6630,ambulance,2,0
n02701002_6638,ambulance,2,3
n02701002_6647,ambulance,2,4
n02701002_6650,ambulance,2,4
n02701002_6662,ambulance,2,4
n02701002_6667,ambulance,2,0
n02701002_6713,ambulance,2,3
n02701002_6720,ambulance,2,2
n02701002_6721,ambulance,2,3
n02701002_673,ambulance,2,3
n02701002_6733,ambulance,2,2
n02701002_6740,ambulance,2,4
n02701002_6757,ambulance,2,4
n02701002_6758,ambulance,2,3
n02701002_676,ambulance,2,0
n02701002_6762,ambulance,2,1
n02701002_6775,ambulance,2,2
n02701002_6779,ambulance,2,0
n02701002_6789,ambulance,2,1
n02701002_681,ambulance,2,4
n02701002_6810,ambulance,2,3
n02701002_682,ambulance,2,1
n02701002_683,ambulance,2,3
n02701002_6835,ambulance,2,0
n02701002_6844,ambulance,2,3
n02701002_686,ambulance,2,1
n02701002_688,ambulance,2,2
n02701002_6883,ambulance,2,1
n02701002_6890,ambulance,2,2
n02701002_6891,ambulance,2,2
n02701002_6901,ambulance,2,1
n02701002_6917,ambulance,2,3
n02701002_693,ambulance,2,2
n02701002_6933,ambulance,2,4
n02701002_694,ambulance,2,3
n02701002_6954,ambulance,2,4
n02701002_6955,ambulance,2,1
n02701002_6960,ambulance,2,4
n02701002_6982,ambulance,2,1
n02701002_6996,ambulance,2,4
n02701002_7012,ambulance,2,1
n02701002_703,ambulance,2,2
n02701002_7031,ambulance,2,1
n02701002_7038,ambulance,2,2
n02701002_7039,ambulance,2,3
n02701002_7046,ambulance,2,3
n02701002_7057,ambulance,2,3
n02701002_7065,ambulance,2,4
n02701002_7071,ambulance,2,3
n02701002_7081,ambulance,2,0
n02701002_7103,ambulance,2,0
n02701002_7104,ambulance,2,4
n02701002_7117,ambulance,2,1
n02701002_7126,ambulance,2,3
n02701002_7131,ambulance,2,4
n02701002_714,ambulance,2,0
n02701002_7156,ambulance,2,1
n02701002_7164,ambulance,2,2
n02701002_7182,ambulance,2,4
n02701002_7207,ambulance,2,1
n02701002_724,ambulance,2,4
n02701002_7259,ambulance,2,1
n02701002_727,ambulance,2,2
n02701002_728,ambulance,2,2
n02701002_7326,ambulance,2,4
n02701002_7345,ambulance,2,0
n02701002_7380,ambulance,2,1
n02701002_7425,ambulance,2,0
n02701002_7439,ambulance,2,3
n02701002_744,ambulance,2,0
n02701002_7445,ambulance,2,1
n02701002_7479,ambulance,2,2
n02701002_751,ambulance,2,1
n02701002_752,ambulance,2,2
n02701002_753,ambulance,2,4
n02701002_7569,ambulance,2,3
n02701002_7573,ambulance,2,4
n02701002_7676,ambulance,2,1
n02701002_7695,ambulance,2,0
n02701002_773,ambulance,2,2
n02701002_7734,ambulance,2,2
n02701002_7742,ambulance,2,4
n02701002_7757,ambulance,2,3
n02701002_7776,ambulance,2,0
n02701002_779,ambulance,2,1
n02701002_782,ambulance,2,1
n02701002_784,ambulance,2,0
n02701002_785,ambulance,2,1
n02701002_787,ambulance,2,3
n02701002_7874,ambulance,2,1
n02701002_788,ambulance,2,2
n02701002_7886,ambulance,2,2
n02701002_789,ambulance,2,3
n02701002_7894,ambulance,2,0
n02701002_7898,ambulance,2,4
n02701002_7908,ambulance,2,1
n02701002_791,ambulance,2,1
n02701002_7941,ambulance,2,4
n02701002_8,ambulance,2,1
n02701002_8004,ambulance,2,0
n02701002_8018,ambulance,2,0
n02701002_802,ambulance,2,2
n02701002_803,ambulance,2,4
n02701002_804,ambulance,2,4
n02701002_805,ambulance,2,0
n02701002_807,ambulance,2,0
n02701002_809,ambulance,2,2
n02701002_8126,ambulance,2,2
n02701002_8194,ambulance,2,3
n02701002_82,ambulance,2,1
n02701002_8210,ambulance,2,1
n02701002_8232,ambulance,2,1
n02701002_825,ambulance,2,2
n02701002_8302,ambulance,2,4
n02701002_836,ambulance,2,3
n02701002_839,ambulance,2,2
n02701002_840,ambulance,2,3
n02701002_841,ambulance,2,2
n02701002_845,ambulance,2,2
n02701002_847,ambulance,2,1
n02701002_848,ambulance,2,4
n02701002_8504,ambulance,2,0
n02701002_8512,ambulance,2,0
n02701002_857,ambulance,2,3
n02701002_8586,ambulance,2,0
n02701002_86,ambulance,2,1
n02701002_861,ambulance,2,3
n02701002_8614,ambulance,2,3
n02701002_8616,ambulance,2,4
n02701002_864,ambulance,2,0
n02701002_873,ambulance,2,0
n02701002_877,ambulance,2,1
n02701002_8775,ambulance,2,1
n02701002_8833,ambulance,2,2
n02701002_8841,ambulance,2,3
n02701002_8892,ambulance,2,1
n02701002_89,ambulance,2,3
n02701002_890,ambulance,2,0
n02701002_891,ambulance,2,4
n02701002_8912,ambulance,2,0
n02701002_894,ambulance,2,3
n02701002_9022,ambulance,2,2
n02701002_903,ambulance,2,2
n02701002_9054,ambulance,2,1
n02701002_9069,ambulance,2,0
n02701002_9074,ambulance,2,4
n02701002_908,ambulance,2,1
n02701002_9088,ambulance,2,1
n02701002_9107,ambulance,2,2
n02701002_9118,ambulance,2,1
n02701002_913,ambulance,2,0
n02701002_916,ambulance,2,1
n02701002_919,ambulance,2,3
n02701002_9212,ambulance,2,1
n02701002_9221,ambulance,2,0
n02701002_925,ambulance,2,3
n02701002_9250,ambulance,2,3
n02701002_926,ambulance,2,0
n02701002_9268,ambulance,2,0
n02701002_9281,ambulance,2,0
n02701002_9285,ambulance,2,0
n02701002_932,ambulance,2,1
n02701002_936,ambulance,2,1
n02701002_9369,ambulance,2,3
n02701002_937,ambulance,2,3
n02701002_938,ambulance,2,1
n02701002_939,ambulance,2,3
n02701002_941,ambulance,2,2
n02701002_9426,ambulance,2,4
n02701002_944,ambulance,2,1
n02701002_953,ambulance,2,1
n02701002_9556,ambulance,2,3
n02701002_96,ambulance,2,0
n02701002_9659,ambulance,2,0
n02701002_9662,ambulance,2,2
n02701002_9663,ambulance,2,0
n02701002_9705,ambulance,2,4
n02701002_9706,ambulance,2,0
n02701002_9722,ambulance,2,1
n02701002_9738,ambulance,2,1
n02701002_976,ambulance,2,1
n02701002_9770,ambulance,2,2
n02701002_9796,ambulance,2,3
n02701002_984,ambulance,2,4
n02701002_9847,ambulance,2,1
n02701002_988,ambulance,2,0
n02701002_9899,ambulance,2,2
n02701002_9900,ambulance,2,3
n02701002_9918,ambulance,2,1
n02701002_9928,ambulance,2,1
n02701002_9931,ambulance,2,4
n02701002_9949,ambulance,2,4
n02701002_995,ambulance,2,3
n02701002_9988,ambulance,2,2
n02701002_9995,ambulance,2,3
n03345487_10,firetruck,2,1
n03345487_10066,firetruck,2,3
n03345487_10089,firetruck,2,2
n03345487_10112,firetruck,2,2
n03345487_10133,firetruck,2,3
n03345487_1016,firetruck,2,3
n03345487_10193,firetruck,2,0
n03345487_10194,firetruck,2,4
n03345487_10205,firetruck,2,4
n03345487_10222,firetruck,2,0
n03345487_10232,firetruck,2,1
n03345487_1028,firetruck,2,2
n03345487_10295,firetruck,2,3
n03345487_1031,firetruck,2,4
n03345487_10312,firetruck,2,2
n03345487_10313,firetruck,2,4
n03345487_10319,firetruck,2,0
n03345487_10334,firetruck,2,4
n03345487_10356,firetruck,2,0
n03345487_10367,firetruck,2,1
n03345487_10382,firetruck,2,3
n03345487_10383,firetruck,2,1
n03345487_10408,firetruck,2,3
n03345487_10423,firetruck,2,4
n03345487_10424,firetruck,2,2
n03345487_10437,firetruck,2,0
n03345487_10438,firetruck,2,4
n03345487_10465,firetruck,2,2
n03345487_10469,firetruck,2,1
n03345487_10511,firetruck,2,0
n03345487_10527,firetruck,2,1
n03345487_10557,firetruck,2,0
n03345487_1060,firetruck,2,2
n03345487_10610,firetruck,2,0
n03345487_10623,firetruck,2,4
n03345487_10630,firetruck,2,3
n03345487_10694,firetruck,2,4
n03345487_10697,firetruck,2,4
n03345487_10709,firetruck,2,2
n03345487_10710,firetruck,2,3
n03345487_10751,firetruck,2,3
n03345487_10798,firetruck,2,4
n03345487_108,firetruck,2,3
n03345487_10800,firetruck,2,1
n03345487_1082,firetruck,2,3
n03345487_10839,firetruck,2,4
n03345487_10842,firetruck,2,3
n03345487_10855,firetruck,2,2
n03345487_10894,firetruck,2,1
n03345487_10910,firetruck,2,2
n03345487_10921,firetruck,2,0
n03345487_10922,firetruck,2,4
n03345487_10953,firetruck,2,1
n03345487_10968,firetruck,2,0
n03345487_10985,firetruck,2,1
n03345487_11006,firetruck,2,0
n03345487_11016,firetruck,2,4
n03345487_11017,firetruck,2,4
n03345487_11036,firetruck,2,3
n03345487_11037,firetruck,2,2
n03345487_11043,firetruck,2,1
n03345487_11047,firetruck,2,3
n03345487_11072,firetruck,2,2
n03345487_11076,firetruck,2,2
n03345487_11088,firetruck,2,1
n03345487_11093,firetruck,2,4
n03345487_111,firetruck,2,3
n03345487_1112,firetruck,2,2
n03345487_11153,firetruck,2,4
n03345487_11157,firetruck,2,0
n03345487_11179,firetruck,2,3
n03345487_11189,firetruck,2,0
n03345487_11190,firetruck,2,3
n03345487_11192,firetruck,2,0
n03345487_11214,firetruck,2,1
n03345487_11218,firetruck,2,2
n03345487_11234,firetruck,2,3
n03345487_11246,firetruck,2,2
n03345487_11250,firetruck,2,4
n03345487_11257,firetruck,2,3
n03345487_11261,firetruck,2,4
n03345487_11265,firetruck,2,3
n03345487_11289,firetruck,2,1
n03345487_11290,firetruck,2,3
n03345487_11294,firetruck,2,4
n03345487_1130,firetruck,2,2
n03345487_11301,firetruck,2,4
n03345487_11326,firetruck,2,0
n03345487_11332,firetruck,2,0
n03345487_11337,firetruck,2,2
n03345487_11358,firetruck,2,2
n03345487_11366,firetruck,2,1
n03345487_11367,firetruck,2,1
n03345487_1137,firetruck,2,3
n03345487_1138,firetruck,2,4
n03345487_11407,firetruck,2,1
n03345487_11414,firetruck,2,3
n03345487_11416,firetruck,2,4
n03345487_1142,firetruck,2,2
n03345487_11448,firetruck,2,2
n03345487_1145,firetruck,2,3
n03345487_11457,firetruck,2,2
n03345487_11468,firetruck,2,0
n03345487_1147,firetruck,2,2
n03345487_11483,firetruck,2,3
n03345487_11493,firetruck,2,4
n03345487_11498,firetruck,2,3
n03345487_11512,firetruck,2,4
n03345487_11519,firetruck,2,3
n03345487_11543,firetruck,2,2
n03345487_11546,firetruck,2,3
n03345487_11563,firetruck,2,1
n03345487_11569,firetruck,2,3
n03345487_11592,firetruck,2,1
n03345487_116,firetruck,2,1
n03345487_11601,firetruck,2,0
n03345487_11609,firetruck,2,3
n03345487_1161,firetruck,2,3
n03345487_11628,firetruck,2,3
n03345487_1164,firetruck,2,2
n03345487_11662,firetruck,2,0
n03345487_11667,firetruck,2,4
n03345487_11669,firetruck,2,2
n03345487_11679,firetruck,2,3
n03345487_1168,firetruck,2,2
n03345487_11680,firetruck,2,3
n03345487_11685,firetruck,2,1
n03345487_11691,firetruck,2,0
n03345487_11692,firetruck,2,3
n03345487_11706,firetruck,2,1
n03345487_11712,firetruck,2,2
n03345487_11722,firetruck,2,2
n03345487_11739,firetruck,2,2
n03345487_1175,firetruck,2,2
n03345487_11752,firetruck,2,2
n03345487_11759,firetruck,2,2
n03345487_11773,firetruck,2,1
n03345487_11805,firetruck,2,3
n03345487_11839,firetruck,2,2
n03345487_11857,firetruck,2,0
n03345487_11865,firetruck,2,1
n03345487_11866,firetruck,2,3
n03345487_11883,firetruck,2,0
n03345487_11885,firetruck,2,4
n03345487_11889,firetruck,2,4
n03345487_11890,firetruck,2,2
n03345487_11901,firetruck,2,2
n03345487_11903,firetruck,2,4
n03345487_11906,firetruck,2,2
n03345487_11909,firetruck,2,0
n03345487_11917,firetruck,2,1
n03345487_11918,firetruck,2,4
n03345487_11923,firetruck,2,2
n03345487_11931,firetruck,2,0
n03345487_11940,firetruck,2,1
n03345487_11949,firetruck,2,1
n03345487_1195,firetruck,2,1
n03345487_11951,firetruck,2,1
n03345487_11954,firetruck,2,0
n03345487_11972,firetruck,2,0
n03345487_11989,firetruck,2,1
n03345487_11991,firetruck,2,0
n03345487_12001,firetruck,2,3
n03345487_12002,firetruck,2,0
n03345487_12006,firetruck,2,1
n03345487_12012,firetruck,2,2
n03345487_1202,firetruck,2,1
n03345487_12022,firetruck,2,3
n03345487_12031,firetruck,2,0
n03345487_12033,firetruck,2,2
n03345487_12035,firetruck,2,0
n03345487_12037,firetruck,2,0
n03345487_12042,firetruck,2,2
n03345487_12050,firetruck,2,0
n03345487_12079,firetruck,2,3
n03345487_12080,firetruck,2,1
n03345487_12083,firetruck,2,3
n03345487_12087,firetruck,2,0
n03345487_12101,firetruck,2,0
n03345487_12153,firetruck,2,0
n03345487_12155,firetruck,2,4
n03345487_12163,firetruck,2,1
n03345487_1218,firetruck,2,2
n03345487_12184,firetruck,2,1
n03345487_12226,firetruck,2,2
n03345487_12229,firetruck,2,2
n03345487_12241,firetruck,2,2
n03345487_12250,firetruck,2,4
n03345487_12267,firetruck,2,2
n03345487_12281,firetruck,2,4
n03345487_1232,firetruck,2,1
n03345487_1235,firetruck,2,3
n03345487_12356,firetruck,2,3
n03345487_1236,firetruck,2,1
n03345487_12399,firetruck,2,1
n03345487_12415,firetruck,2,3
n03345487_12442,firetruck,2,0
n03345487_1245,firetruck,2,0
n03345487_12458,firetruck,2,0
n03345487_12462,firetruck,2,3
n03345487_12618,firetruck,2,4
n03345487_1263,firetruck,2,4
n03345487_1265,firetruck,2,4
n03345487_12659,firetruck,2,0
n03345487_1268,firetruck,2,2
n03345487_1270,firetruck,2,3
n03345487_1271,firetruck,2,1
n03345487_1277,firetruck,2,3
n03345487_12784,firetruck,2,0
n03345487_1279,firetruck,2,2
n03345487_12804,firetruck,2,4
n03345487_12816,firetruck,2,4
n03345487_12824,firetruck,2,1
n03345487_12854,firetruck,2,4
n03345487_12903,firetruck,2,0
n03345487_1293,firetruck,2,2
n03345487_13051,firetruck,2,2
n03345487_13062,firetruck,2,4
n03345487_13103,firetruck,2,2
n03345487_13121,firetruck,2,1
n03345487_1319,firetruck,2,2
n03345487_13225,firetruck,2,1
n03345487_13226,firetruck,2,0
n03345487_13233,firetruck,2,2
n03345487_13251,firetruck,2,4
n03345487_13292,firetruck,2,3
n03345487_133,firetruck,2,2
n03345487_13315,firetruck,2,3
n03345487_13333,firetruck,2,2
n03345487_13366,firetruck,2,4
n03345487_13374,firetruck,2,2
n03345487_1347,firetruck,2,4
n03345487_13487,firetruck,2,4
n03345487_13491,firetruck,2,1
n03345487_135,firetruck,2,0
n03345487_13517,firetruck,2,3
n03345487_13523,firetruck,2,3
n03345487_13528,firetruck,2,4
n03345487_13557,firetruck,2,0
n03345487_13622,firetruck,2,1
n03345487_13631,firetruck,2,2
n03345487_13653,firetruck,2,2
n03345487_13682,firetruck,2,4
n03345487_13733,firetruck,2,3
n03345487_13750,firetruck,2,4
n03345487_13761,firetruck,2,2
n03345487_1378,firetruck,2,3
n03345487_1379,firetruck,2,1
n03345487_13799,firetruck,2,4
n03345487_13837,firetruck,2,4
n03345487_13869,firetruck,2,4
n03345487_13881,firetruck,2,1
n03345487_13910,firetruck,2,4
n03345487_13912,firetruck,2,0
n03345487_13967,firetruck,2,2
n03345487_1400,firetruck,2,1
n03345487_14041,firetruck,2,4
n03345487_14064,firetruck,2,0
n03345487_14073,firetruck,2,1
n03345487_14106,firetruck,2,1
n03345487_14112,firetruck,2,4
n03345487_14195,firetruck,2,1
n03345487_1423,firetruck,2,3
n03345487_14248,firetruck,2,2
n03345487_14251,firetruck,2,3
n03345487_14252,firetruck,2,3
n03345487_14253,firetruck,2,2
n03345487_14258,firetruck,2,3
n03345487_14268,firetruck,2,2
n03345487_14270,firetruck,2,1
n03345487_14279,firetruck,2,2
n03345487_14300,firetruck,2,3
n03345487_14324,firetruck,2,4
n03345487_14340,firetruck,2,2
n03345487_14347,firetruck,2,1
n03345487_14396,firetruck,2,3
n03345487_144,firetruck,2,4
n03345487_1440,firetruck,2,0
n03345487_14404,firetruck,2,1
n03345487_14405,firetruck,2,0
n03345487_14444,firetruck,2,4
n03345487_1445,firetruck,2,3
n03345487_14460,firetruck,2,3
n03345487_1447,firetruck,2,2
n03345487_14481,firetruck,2,0
n03345487_145,firetruck,2,0
n03345487_14515,firetruck,2,4
n03345487_14523,firetruck,2,1
n03345487_14538,firetruck,2,1
n03345487_14587,firetruck,2,1
n03345487_1459,firetruck,2,4
n03345487_14611,firetruck,2,3
n03345487_14628,firetruck,2,3
n03345487_14641,firetruck,2,1
n03345487_14666,firetruck,2,0
n03345487_1477,firetruck,2,3
n03345487_1478,firetruck,2,4
n03345487_14864,firetruck,2,0
n03345487_1487,firetruck,2,1
n03345487_1490,firetruck,2,2
n03345487_14906,firetruck,2,2
n03345487_14945,firetruck,2,4
n03345487_1495,firetruck,2,0
n03345487_14951,firetruck,2,4
n03345487_14960,firetruck,2,1
n03345487_15030,firetruck,2,3
n03345487_15050,firetruck,2,2
n03345487_15056,firetruck,2,1
n03345487_15090,firetruck,2,1
n03345487_15093,firetruck,2,0
n03345487_15121,firetruck,2,1
n03345487_15136,firetruck,2,0
n03345487_1516,firetruck,2,2
n03345487_1519,firetruck,2,2
n03345487_15197,firetruck,2,0
n03345487_15199,firetruck,2,0
n03345487_15203,firetruck,2,3
n03345487_15294,firetruck,2,4
n03345487_15391,firetruck,2,4
n03345487_1543,firetruck,2,0
n03345487_1544,firetruck,2,4
n03345487_1550,firetruck,2,4
n03345487_15627,firetruck,2,1
n03345487_15647,firetruck,2,0
n03345487_15652,firetruck,2,4
n03345487_1568,firetruck,2,3
n03345487_1569,firetruck,2,4
n03345487_15747,firetruck,2,0
n03345487_15764,firetruck,2,4
n03345487_15782,firetruck,2,0
n03345487_15786,firetruck,2,4
n03345487_15792,firetruck,2,3
n03345487_15840,firetruck,2,2
n03345487_15925,firetruck,2,3
n03345487_15973,firetruck,2,0
n03345487_15993,firetruck,2,1
n03345487_16076,firetruck,2,3
n03345487_16098,firetruck,2,2
n03345487_16163,firetruck,2,2
n03345487_16192,firetruck,2,0
n03345487_16208,firetruck,2,1
n03345487_16209,firetruck,2,1
n03345487_163,firetruck,2,2
n03345487_1631,firetruck,2,3
n03345487_16317,firetruck,2,1
n03345487_16348,firetruck,2,0
n03345487_1639,firetruck,2,1
n03345487_16416,firetruck,2,1
n03345487_16432,firetruck,2,1
n03345487_1649,firetruck,2,4
n03345487_16602,firetruck,2,3
n03345487_16628,firetruck,2,4
n03345487_16646,firetruck,2,3
n03345487_16744,firetruck,2,0
n03345487_16857,firetruck,2,4
n03345487_1692,firetruck,2,2
n03345487_1703,firetruck,2,3
n03345487_1704,firetruck,2,2
n03345487_1717,firetruck,2,0
n03345487_17215,firetruck,2,3
n03345487_17227,firetruck,2,0
n03345487_1730,firetruck,2,4
n03345487_17331,firetruck,2,2
n03345487_17360,firetruck,2,1
n03345487_17410,firetruck,2,3
n03345487_17475,firetruck,2,4
n03345487_17496,firetruck,2,2
n03345487_1762,firetruck,2,2
n03345487_17678,firetruck,2,4
n03345487_17769,firetruck,2,1
n03345487_17815,firetruck,2,0
n03345487_17869,firetruck,2,1
n03345487_18,firetruck,2,3
n03345487_18018,firetruck,2,2
n03345487_1804,firetruck,2,0
n03345487_18043,firetruck,2,2
n03345487_18075,firetruck,2,1
n03345487_18170,firetruck,2,0
n03345487_18230,firetruck,2,4
n03345487_18248,firetruck,2,1
n03345487_1826,firetruck,2,3
n03345487_18348,firetruck,2,1
n03345487_1837,firetruck,2,0
n03345487_18373,firetruck,2,2
n03345487_18382,firetruck,2,4
n03345487_1847,firetruck,2,1
n03345487_18475,firetruck,2,4
n03345487_1862,firetruck,2,1
n03345487_18712,firetruck,2,2
n03345487_18718,firetruck,2,1
n03345487_18730,firetruck,2,1
n03345487_18739,firetruck,2,2
n03345487_1881,firetruck,2,3
n03345487_1884,firetruck,2,4
n03345487_1889,firetruck,2,4
n03345487_19006,firetruck,2,2
n03345487_19022,firetruck,2,1
n03345487_1905,firetruck,2,2
n03345487_19052,firetruck,2,1
n03345487_19058,firetruck,2,2
n03345487_19071,firetruck,2,3
n03345487_192,firetruck,2,1
n03345487_1920,firetruck,2,3
n03345487_19322,firetruck,2,4
n03345487_1937,firetruck,2,0
n03345487_19448,firetruck,2,4
n03345487_19482,firetruck,2,1
n03345487_19517,firetruck,2,2
n03345487_19523,firetruck,2,2
n03345487_19527,firetruck,2,0
n03345487_196,firetruck,2,3
n03345487_19655,firetruck,2,4
n03345487_19736,firetruck,2,1
n03345487_19760,firetruck,2,2
n03345487_1979,firetruck,2,1
n03345487_19830,firetruck,2,2
n03345487_19835,firetruck,2,2
n03345487_1987,firetruck,2,2
n03345487_20031,firetruck,2,1
n03345487_20206,firetruck,2,2
n03345487_2021,firetruck,2,3
n03345487_20240,firetruck,2,0
n03345487_20304,firetruck,2,4
n03345487_20338,firetruck,2,4
n03345487_20360,firetruck,2,4
n03345487_20381,firetruck,2,4
n03345487_20475,firetruck,2,1
n03345487_205,firetruck,2,4
n03345487_20519,firetruck,2,2
n03345487_206,firetruck,2,0
n03345487_2061,firetruck,2,4
n03345487_2063,firetruck,2,0
n03345487_20677,firetruck,2,3
n03345487_20698,firetruck,2,1
n03345487_2076,firetruck,2,2
n03345487_2077,firetruck,2,3
n03345487_208,firetruck,2,1
n03345487_20807,firetruck,2,1
n03345487_2084,firetruck,2,1
n03345487_209,firetruck,2,3
n03345487_2091,firetruck,2,3
n03345487_2093,firetruck,2,2
n03345487_2095,firetruck,2,1
n03345487_210,firetruck,2,4
n03345487_21057,firetruck,2,3
n03345487_21071,firetruck,2,3
n03345487_2110,firetruck,2,2
n03345487_2115,firetruck,2,0
n03345487_21213,firetruck,2,3
n03345487_21234,firetruck,2,0
n03345487_21424,firetruck,2,3
n03345487_2143,firetruck,2,2
n03345487_21461,firetruck,2,2
n03345487_2147,firetruck,2,0
n03345487_2152,firetruck,2,2
n03345487_2155,firetruck,2,1
n03345487_21575,firetruck,2,1
n03345487_21643,firetruck,2,4
n03345487_2165,firetruck,2,0
n03345487_21741,firetruck,2,2
n03345487_2179,firetruck,2,4
n03345487_2206,firetruck,2,3
n03345487_22127,firetruck,2,1
n03345487_22142,firetruck,2,0
n03345487_22197,firetruck,2,4
n03345487_22217,firetruck,2,2
n03345487_22300,firetruck,2,0
n03345487_22333,firetruck,2,4
n03345487_2234,firetruck,2,3
n03345487_2236,firetruck,2,1
n03345487_2242,firetruck,2,2
n03345487_22483,firetruck,2,4
n03345487_2250,firetruck,2,3
n03345487_22534,firetruck,2,2
n03345487_2254,firetruck,2,3
n03345487_22552,firetruck,2,0
n03345487_2256,firetruck,2,3
n03345487_22567,firetruck,2,4
n03345487_2259,firetruck,2,2
n03345487_22632,firetruck,2,0
n03345487_2269,firetruck,2,1
n03345487_2272,firetruck,2,1
n03345487_2283,firetruck,2,4
n03345487_2284,firetruck,2,3
n03345487_2289,firetruck,2,3
n03345487_2291,firetruck,2,4
n03345487_2308,firetruck,2,1
n03345487_23150,firetruck,2,4
n03345487_23197,firetruck,2,2
n03345487_2323,firetruck,2,4
n03345487_23324,firetruck,2,0
n03345487_2335,firetruck,2,0
n03345487_2336,firetruck,2,0
n03345487_2340,firetruck,2,1
n03345487_2341,firetruck,2,1
n03345487_2352,firetruck,2,3
n03345487_2358,firetruck,2,2
n03345487_2363,firetruck,2,2
n03345487_2368,firetruck,2,3
n03345487_2389,firetruck,2,4
n03345487_2391,firetruck,2,4
n03345487_2406,firetruck,2,3
n03345487_2409,firetruck,2,1
n03345487_241,firetruck,2,1
n03345487_2411,firetruck,2,1
n03345487_2416,firetruck,2,3
n03345487_2426,firetruck,2,2
n03345487_2427,firetruck,2,3
n03345487_243,firetruck,2,2
n03345487_2438,firetruck,2,2
n03345487_2442,firetruck,2,2
n03345487_2446,firetruck,2,3
n03345487_245,firetruck,2,0
n03345487_2458,firetruck,2,0
n03345487_2464,firetruck,2,1
n03345487_2468,firetruck,2,1
n03345487_2471,firetruck,2,0
n03345487_2485,firetruck,2,4
n03345487_2493,firetruck,2,4
n03345487_2494,firetruck,2,2
n03345487_2496,firetruck,2,0
n03345487_250,firetruck,2,3
n03345487_2500,firetruck,2,4
n03345487_2506,firetruck,2,3
n03345487_251,firetruck,2,3
n03345487_2516,firetruck,2,4
n03345487_2542,firetruck,2,2
n03345487_2559,firetruck,2,1
n03345487_2565,firetruck,2,3
n03345487_2571,firetruck,2,3
n03345487_2578,firetruck,2,1
n03345487_2580,firetruck,2,2
n03345487_2588,firetruck,2,1
n03345487_2589,firetruck,2,0
n03345487_2590,firetruck,2,1
n03345487_2612,firetruck,2,3
n03345487_2616,firetruck,2,0
n03345487_2619,firetruck,2,0
n03345487_2627,firetruck,2,2
n03345487_2644,firetruck,2,2
n03345487_2654,firetruck,2,1
n03345487_2661,firetruck,2,3
n03345487_2667,firetruck,2,4
n03345487_267,firetruck,2,2
n03345487_2672,firetruck,2,4
n03345487_2721,firetruck,2,1
n03345487_2725,firetruck,2,1
n03345487_2728,firetruck,2,3
n03345487_2729,firetruck,2,1
n03345487_2730,firetruck,2,2
n03345487_2742,firetruck,2,3
n03345487_2751,firetruck,2,1
n03345487_2755,firetruck,2,2
n03345487_2766,firetruck,2,2
n03345487_2769,firetruck,2,3
n03345487_2777,firetruck,2,0
n03345487_279,firetruck,2,2
n03345487_2794,firetruck,2,4
n03345487_2795,firetruck,2,2
n03345487_2798,firetruck,2,1
n03345487_2800,firetruck,2,4
n03345487_2802,firetruck,2,2
n03345487_2805,firetruck,2,2
n03345487_2819,firetruck,2,4
n03345487_282,firetruck,2,1
n03345487_2827,firetruck,2,4
n03345487_2830,firetruck,2,1
n03345487_2835,firetruck,2,0
n03345487_2838,firetruck,2,0
n03345487_284,firetruck,2,2
n03345487_2846,firetruck,2,3
n03345487_2852,firetruck,2,1
n03345487_2856,firetruck,2,0
n03345487_2868,firetruck,2,1
n03345487_287,firetruck,2,3
n03345487_2884,firetruck,2,2
n03345487_2886,firetruck,2,4
n03345487_2891,firetruck,2,3
n03345487_2896,firetruck,2,0
n03345487_2905,firetruck,2,0
n03345487_2906,firetruck,2,4
n03345487_2916,firetruck,2,2
n03345487_2921,firetruck,2,4
n03345487_2928,firetruck,2,1
n03345487_2951,firetruck,2,3
n03345487_2958,firetruck,2,0
n03345487_2961,firetruck,2,2
n03345487_2962,firetruck,2,1
n03345487_2971,firetruck,2,4
n03345487_2972,firetruck,2,2
n03345487_2976,firetruck,2,1
n03345487_2977,firetruck,2,0
n03345487_2978,firetruck,2,3
n03345487_2979,firetruck,2,1
n03345487_2990,firetruck,2,1
n03345487_2994,firetruck,2,0
n03345487_2997,firetruck,2,3
n03345487_2998,firetruck,2,1
n03345487_3000,firetruck,2,0
n03345487_3013,firetruck,2,2
n03345487_3014,firetruck,2,2
n03345487_3016,firetruck,2,3
n03345487_3020,firetruck,2,2
n03345487_3030,firetruck,2,0
n03345487_3037,firetruck,2,0
n03345487_3042,firetruck,2,0
n03345487_3047,firetruck,2,4
n03345487_3052,firetruck,2,3
n03345487_3061,firetruck,2,2
n03345487_3071,firetruck,2,3
n03345487_3075,firetruck,2,4
n03345487_3082,firetruck,2,3
n03345487_3084,firetruck,2,2
n03345487_3090,firetruck,2,0
n03345487_3092,firetruck,2,3
n03345487_3093,firetruck,2,1
n03345487_3099,firetruck,2,3
n03345487_3102,firetruck,2,4
n03345487_311,firetruck,2,4
n03345487_3115,firetruck,2,4
n03345487_3121,firetruck,2,0
n03345487_3123,firetruck,2,4
n03345487_3127,firetruck,2,3
n03345487_3149,firetruck,2,3
n03345487_3151,firetruck,2,3
n03345487_3155,firetruck,2,1
n03345487_3159,firetruck,2,0
n03345487_317,firetruck,2,0
n03345487_3170,firetruck,2,1
n03345487_3176,firetruck,2,4
n03345487_3193,firetruck,2,0
n03345487_3195,firetruck,2,0
n03345487_3200,firetruck,2,0
n03345487_3202,firetruck,2,0
n03345487_3219,firetruck,2,1
n03345487_3238,firetruck,2,2
n03345487_3239,firetruck,2,1
n03345487_3241,firetruck,2,3
n03345487_3242,firetruck,2,0
n03345487_3250,firetruck,2,2
n03345487_327,firetruck,2,0
n03345487_3276,firetruck,2,4
n03345487_3279,firetruck,2,2
n03345487_328,firetruck,2,0
n03345487_3280,firetruck,2,1
n03345487_3285,firetruck,2,4
n03345487_3295,firetruck,2,4
n03345487_3304,firetruck,2,4
n03345487_3308,firetruck,2,1
n03345487_3311,firetruck,2,1
n03345487_3315,firetruck,2,1
n03345487_3321,firetruck,2,4
n03345487_334,firetruck,2,0
n03345487_3342,firetruck,2,1
n03345487_3348,firetruck,2,2
n03345487_335,firetruck,2,1
n03345487_3354,firetruck,2,3
n03345487_3375,firetruck,2,2
n03345487_3379,firetruck,2,4
n03345487_338,firetruck,2,0
n03345487_3380,firetruck,2,0
n03345487_3381,firetruck,2,1
n03345487_3388,firetruck,2,3
n03345487_3390,firetruck,2,3
n03345487_3393,firetruck,2,4
n03345487_3395,firetruck,2,4
n03345487_3396,firetruck,2,2
n03345487_3397,firetruck,2,4
n03345487_3402,firetruck,2,2
n03345487_3420,firetruck,2,3
n03345487_3441,firetruck,2,1
n03345487_3447,firetruck,2,2
n03345487_3461,firetruck,2,2
n03345487_3463,firetruck,2,0
n03345487_3468,firetruck,2,1
n03345487_3472,firetruck,2,3
n03345487_3482,firetruck,2,2
n03345487_3486,firetruck,2,4
n03345487_3489,firetruck,2,2
n03345487_3498,firetruck,2,4
n03345487_3499,firetruck,2,1
n03345487_3503,firetruck,2,1
n03345487_351,firetruck,2,3
n03345487_3521,firetruck,2,0
n03345487_353,firetruck,2,2
n03345487_3553,firetruck,2,1
n03345487_3554,firetruck,2,2
n03345487_3556,firetruck,2,2
n03345487_3578,firetruck,2,1
n03345487_3587,firetruck,2,1
n03345487_3597,firetruck,2,4
n03345487_3598,firetruck,2,2
n03345487_360,firetruck,2,0
n03345487_3606,firetruck,2,4
n03345487_3621,firetruck,2,0
n03345487_3633,firetruck,2,0
n03345487_3664,firetruck,2,4
n03345487_3665,firetruck,2,0
n03345487_3666,firetruck,2,3
n03345487_3672,firetruck,2,2
n03345487_3684,firetruck,2,2
n03345487_3689,firetruck,2,3
n03345487_3704,firetruck,2,4
n03345487_3714,firetruck,2,2
n03345487_3715,firetruck,2,2
n03345487_3717,firetruck,2,1
n03345487_3721,firetruck,2,2
n03345487_3735,firetruck,2,0
n03345487_3738,firetruck,2,0
n03345487_3740,firetruck,2,3
n03345487_3752,firetruck,2,0
n03345487_3756,firetruck,2,0
n03345487_3762,firetruck,2,4
n03345487_3763,firetruck,2,2
n03345487_3773,firetruck,2,4
n03345487_3780,firetruck,2,1
n03345487_38,firetruck,2,1
n03345487_3808,firetruck,2,2
n03345487_3816,firetruck,2,4
n03345487_3818,firetruck,2,0
n03345487_3820,firetruck,2,0
n03345487_3821,firetruck,2,2
n03345487_3823,firetruck,2,0
n03345487_3827,firetruck,2,0
n03345487_3835,firetruck,2,2
n03345487_3838,firetruck,2,2
n03345487_3848,firetruck,2,3
n03345487_3849,firetruck,2,0
n03345487_3852,firetruck,2,2
n03345487_3854,firetruck,2,2
n03345487_3856,firetruck,2,0
n03345487_386,firetruck,2,2
n03345487_3867,firetruck,2,4
n03345487_3870,firetruck,2,0
n03345487_3888,firetruck,2,0
n03345487_3904,firetruck,2,0
n03345487_3922,firetruck,2,2
n03345487_3924,firetruck,2,1
n03345487_3926,firetruck,2,4
n03345487_3938,firetruck,2,3
n03345487_3939,firetruck,2,1
n03345487_3947,firetruck,2,0
n03345487_3967,firetruck,2,0
n03345487_3968,firetruck,2,2
n03345487_3973,firetruck,2,3
n03345487_3990,firetruck,2,2
n03345487_40,firetruck,2,2
n03345487_4021,firetruck,2,0
n03345487_4023,firetruck,2,1
n03345487_4025,firetruck,2,0
n03345487_403,firetruck,2,0
n03345487_4066,firetruck,2,1
n03345487_4080,firetruck,2,0
n03345487_4089,firetruck,2,2
n03345487_4091,firetruck,2,4
n03345487_4093,firetruck,2,2
n03345487_410,firetruck,2,0
n03345487_4127,firetruck,2,2
n03345487_4131,firetruck,2,0
n03345487_4147,firetruck,2,0
n03345487_4153,firetruck,2,4
n03345487_4154,firetruck,2,4
n03345487_4160,firetruck,2,2
n03345487_4166,firetruck,2,1
n03345487_4169,firetruck,2,0
n03345487_417,firetruck,2,0
n03345487_4173,firetruck,2,2
n03345487_4174,firetruck,2,0
n03345487_4179,firetruck,2,1
n03345487_4184,firetruck,2,2
n03345487_4186,firetruck,2,3
n03345487_4196,firetruck,2,3
n03345487_4207,firetruck,2,0
n03345487_4208,firetruck,2,0
n03345487_4214,firetruck,2,2
n03345487_4220,firetruck,2,1
n03345487_4228,firetruck,2,1
n03345487_423,firetruck,2,1
n03345487_4249,firetruck,2,1
n03345487_4255,firetruck,2,3
n03345487_4270,firetruck,2,2
n03345487_4272,firetruck,2,1
n03345487_4289,firetruck,2,3
n03345487_4291,firetruck,2,1
n03345487_4306,firetruck,2,0
n03345487_4315,firetruck,2,0
n03345487_4331,firetruck,2,2
n03345487_434,firetruck,2,4
n03345487_4349,firetruck,2,0
n03345487_435,firetruck,2,3
n03345487_4356,firetruck,2,1
n03345487_4366,firetruck,2,0
n03345487_4374,firetruck,2,3
n03345487_4375,firetruck,2,1
n03345487_4377,firetruck,2,1
n03345487_4385,firetruck,2,1
n03345487_4390,firetruck,2,4
n03345487_4398,firetruck,2,3
n03345487_4399,firetruck,2,4
n03345487_4417,firetruck,2,3
n03345487_4431,firetruck,2,4
n03345487_4450,firetruck,2,1
n03345487_4460,firetruck,2,0
n03345487_4462,firetruck,2,4
n03345487_4467,firetruck,2,1
n03345487_4469,firetruck,2,4
n03345487_4475,firetruck,2,2
n03345487_4496,firetruck,2,4
n03345487_4511,firetruck,2,4
n03345487_4515,firetruck,2,1
n03345487_4517,firetruck,2,3
n03345487_4519,firetruck,2,3
n03345487_4520,firetruck,2,4
n03345487_4523,firetruck,2,2
n03345487_4530,firetruck,2,4
n03345487_4541,firetruck,2,2
n03345487_4546,firetruck,2,3
n03345487_4549,firetruck,2,3
n03345487_4556,firetruck,2,4
n03345487_4558,firetruck,2,2
n03345487_456,firetruck,2,0
n03345487_4572,firetruck,2,0
n03345487_4579,firetruck,2,4
n03345487_4587,firetruck,2,1
n03345487_4589,firetruck,2,4
n03345487_459,firetruck,2,2
n03345487_4596,firetruck,2,3
n03345487_4597,firetruck,2,3
n03345487_460,firetruck,2,3
n03345487_4618,firetruck,2,3
n03345487_4631,firetruck,2,0
n03345487_4644,firetruck,2,0
n03345487_4648,firetruck,2,4
n03345487_4653,firetruck,2,0
n03345487_4654,firetruck,2,1
n03345487_4671,firetruck,2,1
n03345487_4686,firetruck,2,1
n03345487_4703,firetruck,2,3
n03345487_4709,firetruck,2,2
n03345487_4715,firetruck,2,1
n03345487_4717,firetruck,2,3
n03345487_472,firetruck,2,1
n03345487_4725,firetruck,2,3
n03345487_4726,firetruck,2,0
n03345487_4731,firetruck,2,0
n03345487_474,firetruck,2,3
n03345487_4749,firetruck,2,3
n03345487_4773,firetruck,2,2
n03345487_4779,firetruck,2,3
n03345487_4782,firetruck,2,3
n03345487_4791,firetruck,2,2
n03345487_4799,firetruck,2,1
n03345487_4801,firetruck,2,3
n03345487_4802,firetruck,2,0
n03345487_4805,firetruck,2,2
n03345487_4807,firetruck,2,2
n03345487_4825,firetruck,2,2
n03345487_4826,firetruck,2,0
n03345487_4828,firetruck,2,0
n03345487_4835,firetruck,2,0
n03345487_4838,firetruck,2,3
n03345487_4843,firetruck,2,4
n03345487_4847,firetruck,2,1
n03345487_4850,firetruck,2,2
n03345487_4868,firetruck,2,4
n03345487_4869,firetruck,2,4
n03345487_4870,firetruck,2,3
n03345487_4872,firetruck,2,1
n03345487_4874,firetruck,2,2
n03345487_4876,firetruck,2,4
n03345487_4879,firetruck,2,1
n03345487_4897,firetruck,2,4
n03345487_4900,firetruck,2,2
n03345487_4902,firetruck,2,2
n03345487_4910,firetruck,2,3
n03345487_4927,firetruck,2,2
n03345487_4937,firetruck,2,0
n03345487_4944,firetruck,2,2
n03345487_495,firetruck,2,2
n03345487_4957,firetruck,2,1
n03345487_4967,firetruck,2,0
n03345487_4975,firetruck,2,2
n03345487_4980,firetruck,2,1
n03345487_4994,firetruck,2,4
n03345487_5,firetruck,2,2
n03345487_5000,firetruck,2,2
n03345487_5006,firetruck,2,3
n03345487_5027,firetruck,2,2
n03345487_5034,firetruck,2,0
n03345487_5044,firetruck,2,1
n03345487_5045,firetruck,2,4
n03345487_5049,firetruck,2,2
n03345487_5052,firetruck,2,4
n03345487_5056,firetruck,2,2
n03345487_5059,firetruck,2,1
n03345487_5064,firetruck,2,4
n03345487_5070,firetruck,2,3
n03345487_5083,firetruck,2,0
n03345487_5088,firetruck,2,3
n03345487_5089,firetruck,2,4
n03345487_5091,firetruck,2,4
n03345487_510,firetruck,2,4
n03345487_5106,firetruck,2,1
n03345487_511,firetruck,2,2
n03345487_5123,firetruck,2,0
n03345487_5135,firetruck,2,3
n03345487_5159,firetruck,2,3
n03345487_5177,firetruck,2,0
n03345487_5179,firetruck,2,3
n03345487_5185,firetruck,2,2
n03345487_5198,firetruck,2,4
n03345487_5202,firetruck,2,1
n03345487_5203,firetruck,2,0
n03345487_5248,firetruck,2,4
n03345487_5260,firetruck,2,0
n03345487_5282,firetruck,2,0
n03345487_5303,firetruck,2,3
n03345487_5304,firetruck,2,4
n03345487_5313,firetruck,2,2
n03345487_5314,firetruck,2,1
n03345487_5326,firetruck,2,3
n03345487_533,firetruck,2,3
n03345487_5334,firetruck,2,3
n03345487_5354,firetruck,2,0
n03345487_538,firetruck,2,3
n03345487_540,firetruck,2,0
n03345487_5400,firetruck,2,1
n03345487_5407,firetruck,2,3
n03345487_541,firetruck,2,3
n03345487_5418,firetruck,2,1
n03345487_5423,firetruck,2,0
n03345487_5428,firetruck,2,4
n03345487_5430,firetruck,2,1
n03345487_5438,firetruck,2,1
n03345487_5444,firetruck,2,2
n03345487_5445,firetruck,2,2
n03345487_5448,firetruck,2,2
n03345487_5455,firetruck,2,3
n03345487_5460,firetruck,2,2
n03345487_5464,firetruck,2,1
n03345487_5485,firetruck,2,3
n03345487_5503,firetruck,2,1
n03345487_5518,firetruck,2,4
n03345487_5527,firetruck,2,4
n03345487_5537,firetruck,2,2
n03345487_5539,firetruck,2,4
n03345487_5544,firetruck,2,3
n03345487_5552,firetruck,2,3
n03345487_5554,firetruck,2,4
n03345487_5561,firetruck,2,2
n03345487_5608,firetruck,2,4
n03345487_561,firetruck,2,4
n03345487_5615,firetruck,2,2
n03345487_5624,firetruck,2,3
n03345487_5643,firetruck,2,2
n03345487_5652,firetruck,2,0
n03345487_5672,firetruck,2,1
n03345487_5684,firetruck,2,2
n03345487_5689,firetruck,2,1
n03345487_5698,firetruck,2,3
n03345487_5726,firetruck,2,1
n03345487_573,firetruck,2,4
n03345487_5763,firetruck,2,4
n03345487_5775,firetruck,2,4
n03345487_578,firetruck,2,4
n03345487_5787,firetruck,2,3
n03345487_5788,firetruck,2,4
n03345487_5818,firetruck,2,4
n03345487_5836,firetruck,2,0
n03345487_5851,firetruck,2,1
n03345487_5865,firetruck,2,0
n03345487_5888,firetruck,2,4
n03345487_5898,firetruck,2,0
n03345487_5910,firetruck,2,4
n03345487_5916,firetruck,2,3
n03345487_5930,firetruck,2,1
n03345487_5949,firetruck,2,4
n03345487_5951,firetruck,2,4
n03345487_5962,firetruck,2,0
n03345487_598,firetruck,2,4
n03345487_5998,firetruck,2,0
n03345487_6000,firetruck,2,2
n03345487_601,firetruck,2,4
n03345487_602,firetruck,2,2
n03345487_6045,firetruck,2,3
n03345487_605,firetruck,2,1
n03345487_6056,firetruck,2,3
n03345487_6082,firetruck,2,4
n03345487_609,firetruck,2,3
n03345487_611,firetruck,2,4
n03345487_6134,firetruck,2,3
n03345487_6136,firetruck,2,4
n03345487_6141,firetruck,2,3
n03345487_6169,firetruck,2,0
n03345487_6178,firetruck,2,3
n03345487_6180,firetruck,2,0
n03345487_619,firetruck,2,3
n03345487_6191,firetruck,2,2
n03345487_6196,firetruck,2,0
n03345487_6207,firetruck,2,4
n03345487_6212,firetruck,2,2
n03345487_6222,firetruck,2,3
n03345487_6231,firetruck,2,0
n03345487_6239,firetruck,2,4
n03345487_624,firetruck,2,3
n03345487_6244,firetruck,2,2
n03345487_6260,firetruck,2,1
n03345487_6263,firetruck,2,0
n03345487_6270,firetruck,2,1
n03345487_6296,firetruck,2,2
n03345487_6298,firetruck,2,2
n03345487_6300,firetruck,2,4
n03345487_6307,firetruck,2,3
n03345487_6314,firetruck,2,2
n03345487_6335,firetruck,2,3
n03345487_6337,firetruck,2,1
n03345487_6339,firetruck,2,0
n03345487_635,firetruck,2,2
n03345487_6361,firetruck,2,1
n03345487_6365,firetruck,2,4
n03345487_6369,firetruck,2,1
n03345487_6379,firetruck,2,4
n03345487_6382,firetruck,2,1
n03345487_6421,firetruck,2,1
n03345487_6428,firetruck,2,3
n03345487_6451,firetruck,2,2
n03345487_6452,firetruck,2,1
n03345487_6462,firetruck,2,1
n03345487_6471,firetruck,2,0
n03345487_6483,firetruck,2,2
n03345487_6487,firetruck,2,4
n03345487_6490,firetruck,2,0
n03345487_6494,firetruck,2,2
n03345487_6497,firetruck,2,0
n03345487_6498,firetruck,2,4
n03345487_6499,firetruck,2,4
n03345487_65,firetruck,2,0
n03345487_6511,firetruck,2,2
n03345487_6515,firetruck,2,4
n03345487_6518,firetruck,2,4
n03345487_6519,firetruck,2,2
n03345487_6524,firetruck,2,3
n03345487_6550,firetruck,2,1
n03345487_6559,firetruck,2,3
n03345487_6572,firetruck,2,2
n03345487_6582,firetruck,2,1
n03345487_6605,firetruck,2,1
n03345487_6609,firetruck,2,1
n03345487_6618,firetruck,2,4
n03345487_6623,firetruck,2,0
n03345487_6637,firetruck,2,4
n03345487_6639,firetruck,2,1
n03345487_6644,firetruck,2,1
n03345487_6648,firetruck,2,4
n03345487_6661,firetruck,2,0
n03345487_6667,firetruck,2,1
n03345487_6677,firetruck,2,0
n03345487_6686,firetruck,2,0
n03345487_6689,firetruck,2,1
n03345487_670,firetruck,2,4
n03345487_6733,firetruck,2,2
n03345487_6736,firetruck,2,4
n03345487_6749,firetruck,2,0
n03345487_6752,firetruck,2,4
n03345487_6777,firetruck,2,2
n03345487_6779,firetruck,2,3
n03345487_6808,firetruck,2,4
n03345487_681,firetruck,2,2
n03345487_6812,firetruck,2,3
n03345487_6818,firetruck,2,3
n03345487_6826,firetruck,2,0
n03345487_6830,firetruck,2,0
n03345487_6843,firetruck,2,1
n03345487_6847,firetruck,2,0
n03345487_6851,firetruck,2,3
n03345487_6856,firetruck,2,2
n03345487_6859,firetruck,2,0
n03345487_686,firetruck,2,2
n03345487_6867,firetruck,2,2
n03345487_6881,firetruck,2,0
n03345487_6887,firetruck,2,0
n03345487_6891,firetruck,2,3
n03345487_6892,firetruck,2,2
n03345487_6912,firetruck,2,4
n03345487_6917,firetruck,2,1
n03345487_6921,firetruck,2,4
n03345487_6926,firetruck,2,0
n03345487_6932,firetruck,2,3
n03345487_6939,firetruck,2,1
n03345487_6964,firetruck,2,2
n03345487_6978,firetruck,2,3
n03345487_698,firetruck,2,4
n03345487_6990,firetruck,2,3
n03345487_7007,firetruck,2,3
n03345487_7012,firetruck,2,1
n03345487_7019,firetruck,2,3
n03345487_7028,firetruck,2,4
n03345487_7029,firetruck,2,0
n03345487_7040,firetruck,2,2
n03345487_7047,firetruck,2,1
n03345487_7060,firetruck,2,2
n03345487_7064,firetruck,2,0
n03345487_7069,firetruck,2,2
n03345487_7076,firetruck,2,0
n03345487_7085,firetruck,2,1
n03345487_709,firetruck,2,1
n03345487_7094,firetruck,2,1
n03345487_7098,firetruck,2,4
n03345487_710,firetruck,2,2
n03345487_7107,firetruck,2,4
n03345487_7117,firetruck,2,1
n03345487_7123,firetruck,2,3
n03345487_7127,firetruck,2,4
n03345487_7151,firetruck,2,4
n03345487_7158,firetruck,2,4
n03345487_717,firetruck,2,2
n03345487_718,firetruck,2,3
n03345487_7183,firetruck,2,3
n03345487_7184,firetruck,2,2
n03345487_7226,firetruck,2,0
n03345487_7232,firetruck,2,3
n03345487_7233,firetruck,2,3
n03345487_7240,firetruck,2,1
n03345487_7242,firetruck,2,3
n03345487_7262,firetruck,2,1
n03345487_7266,firetruck,2,2
n03345487_7291,firetruck,2,2
n03345487_7295,firetruck,2,2
n03345487_7320,firetruck,2,1
n03345487_7323,firetruck,2,2
n03345487_734,firetruck,2,0
n03345487_7341,firetruck,2,0
n03345487_7343,firetruck,2,1
n03345487_7344,firetruck,2,1
n03345487_7381,firetruck,2,1
n03345487_7386,firetruck,2,0
n03345487_7399,firetruck,2,3
n03345487_7403,firetruck,2,3
n03345487_7409,firetruck,2,0
n03345487_7410,firetruck,2,1
n03345487_7412,firetruck,2,1
n03345487_7425,firetruck,2,3
n03345487_7430,firetruck,2,3
n03345487_7435,firetruck,2,0
n03345487_7437,firetruck,2,0
n03345487_7440,firetruck,2,0
n03345487_7445,firetruck,2,4
n03345487_7459,firetruck,2,4
n03345487_7464,firetruck,2,1
n03345487_7469,firetruck,2,4
n03345487_7472,firetruck,2,2
n03345487_7476,firetruck,2,1
n03345487_7482,firetruck,2,1
n03345487_7484,firetruck,2,3
n03345487_7486,firetruck,2,3
n03345487_7487,firetruck,2,1
n03345487_7500,firetruck,2,0
n03345487_7505,firetruck,2,1
n03345487_7510,firetruck,2,4
n03345487_7514,firetruck,2,0
n03345487_7532,firetruck,2,0
n03345487_7535,firetruck,2,0
n03345487_7542,firetruck,2,0
n03345487_7548,firetruck,2,0
n03345487_755,firetruck,2,3
n03345487_7552,firetruck,2,4
n03345487_7569,firetruck,2,2
n03345487_757,firetruck,2,4
n03345487_7581,firetruck,2,0
n03345487_759,firetruck,2,1
n03345487_76,firetruck,2,3
n03345487_7601,firetruck,2,1
n03345487_7603,firetruck,2,3
n03345487_7618,firetruck,2,0
n03345487_7621,firetruck,2,4
n03345487_7623,firetruck,2,2
n03345487_7626,firetruck,2,4
n03345487_7633,firetruck,2,2
n03345487_7638,firetruck,2,4
n03345487_7656,firetruck,2,4
n03345487_7667,firetruck,2,4
n03345487_7680,firetruck,2,4
n03345487_7683,firetruck,2,4
n03345487_7689,firetruck,2,1
n03345487_7691,firetruck,2,4
n03345487_7696,firetruck,2,0
n03345487_7700,firetruck,2,2
n03345487_7705,firetruck,2,4
n03345487_7713,firetruck,2,4
n03345487_7717,firetruck,2,1
n03345487_772,firetruck,2,4
n03345487_7726,firetruck,2,0
n03345487_7728,firetruck,2,1
n03345487_776,firetruck,2,2
n03345487_7760,firetruck,2,1
n03345487_7762,firetruck,2,0
n03345487_7777,firetruck,2,4
n03345487_7779,firetruck,2,3
n03345487_7782,firetruck,2,0
n03345487_7792,firetruck,2,1
n03345487_7795,firetruck,2,2
n03345487_7798,firetruck,2,3
n03345487_78,firetruck,2,1
n03345487_7804,firetruck,2,2
n03345487_7805,firetruck,2,2
n03345487_7806,firetruck,2,0
n03345487_7808,firetruck,2,4
n03345487_7810,firetruck,2,4
n03345487_782,firetruck,2,4
n03345487_783,firetruck,2,4
n03345487_7833,firetruck,2,3
n03345487_7834,firetruck,2,4
n03345487_7836,firetruck,2,0
n03345487_7838,firetruck,2,3
n03345487_7844,firetruck,2,3
n03345487_785,firetruck,2,3
n03345487_7851,firetruck,2,2
n03345487_7857,firetruck,2,2
n03345487_7870,firetruck,2,4
n03345487_7880,firetruck,2,0
n03345487_7896,firetruck,2,0
n03345487_7897,firetruck,2,0
n03345487_790,firetruck,2,3
n03345487_7926,firetruck,2,0
n03345487_7929,firetruck,2,1
n03345487_7930,firetruck,2,2
n03345487_7931,firetruck,2,3
n03345487_7934,firetruck,2,1
n03345487_7960,firetruck,2,1
n03345487_7969,firetruck,2,0
n03345487_7981,firetruck,2,1
n03345487_800,firetruck,2,4
n03345487_8017,firetruck,2,0
n03345487_8018,firetruck,2,3
n03345487_8031,firetruck,2,1
n03345487_804,firetruck,2,3
n03345487_8045,firetruck,2,3
n03345487_8046,firetruck,2,0
n03345487_8053,firetruck,2,2
n03345487_8057,firetruck,2,4
n03345487_8063,firetruck,2,0
n03345487_8066,firetruck,2,2
n03345487_8077,firetruck,2,1
n03345487_8086,firetruck,2,1
n03345487_8092,firetruck,2,4
n03345487_8093,firetruck,2,4
n03345487_8101,firetruck,2,1
n03345487_8111,firetruck,2,0
n03345487_8122,firetruck,2,1
n03345487_8128,firetruck,2,3
n03345487_8131,firetruck,2,4
n03345487_8155,firetruck,2,2
n03345487_8158,firetruck,2,0
n03345487_8161,firetruck,2,0
n03345487_8169,firetruck,2,1
n03345487_8172,firetruck,2,1
n03345487_8174,firetruck,2,0
n03345487_8190,firetruck,2,1
n03345487_8199,firetruck,2,4
n03345487_8233,firetruck,2,0
n03345487_8235,firetruck,2,1
n03345487_8247,firetruck,2,0
n03345487_825,firetruck,2,3
n03345487_8266,firetruck,2,3
n03345487_829,firetruck,2,2
n03345487_8296,firetruck,2,3
n03345487_8304,firetruck,2,1
n03345487_8317,firetruck,2,2
n03345487_8323,firetruck,2,0
n03345487_8341,firetruck,2,0
n03345487_8362,firetruck,2,3
n03345487_8370,firetruck,2,4
n03345487_8375,firetruck,2,1
n03345487_839,firetruck,2,3
n03345487_8407,firetruck,2,3
n03345487_8413,firetruck,2,2
n03345487_844,firetruck,2,1
n03345487_8441,firetruck,2,1
n03345487_8474,firetruck,2,3
n03345487_8490,firetruck,2,1
n03345487_8510,firetruck,2,4
n03345487_8515,firetruck,2,0
n03345487_8523,firetruck,2,0
n03345487_8525,firetruck,2,4
n03345487_8558,firetruck,2,4
n03345487_8592,firetruck,2,1
n03345487_8610,firetruck,2,4
n03345487_8611,firetruck,2,0
n03345487_8615,firetruck,2,3
n03345487_8620,firetruck,2,0
n03345487_8629,firetruck,2,0
n03345487_8635,firetruck,2,2
n03345487_8639,firetruck,2,1
n03345487_8656,firetruck,2,0
n03345487_8671,firetruck,2,4
n03345487_8673,firetruck,2,3
n03345487_8679,firetruck,2,0
n03345487_8689,firetruck,2,0
n03345487_8693,firetruck,2,4
n03345487_8694,firetruck,2,3
n03345487_8699,firetruck,2,2
n03345487_8720,firetruck,2,4
n03345487_8766,firetruck,2,2
n03345487_8801,firetruck,2,1
n03345487_8802,firetruck,2,0
n03345487_882,firetruck,2,4
n03345487_8832,firetruck,2,0
n03345487_8839,firetruck,2,3
n03345487_8842,firetruck,2,4
n03345487_8847,firetruck,2,3
n03345487_8850,firetruck,2,1
n03345487_8891,firetruck,2,3
n03345487_8913,firetruck,2,3
n03345487_8919,firetruck,2,2
n03345487_8944,firetruck,2,1
n03345487_8958,firetruck,2,3
n03345487_8968,firetruck,2,3
n03345487_8991,firetruck,2,0
n03345487_8994,firetruck,2,3
n03345487_900,firetruck,2,4
n03345487_9006,firetruck,2,0
n03345487_9007,firetruck,2,3
n03345487_903,firetruck,2,4
n03345487_9038,firetruck,2,0
n03345487_9041,firetruck,2,3
n03345487_9044,firetruck,2,2
n03345487_9053,firetruck,2,0
n03345487_9083,firetruck,2,0
n03345487_9095,firetruck,2,1
n03345487_9101,firetruck,2,0
n03345487_9102,firetruck,2,3
n03345487_9123,firetruck,2,4
n03345487_9149,firetruck,2,4
n03345487_9227,firetruck,2,4
n03345487_9242,firetruck,2,0
n03345487_9253,firetruck,2,1
n03345487_926,firetruck,2,0
n03345487_9321,firetruck,2,3
n03345487_9369,firetruck,2,3
n03345487_9459,firetruck,2,4
n03345487_947,firetruck,2,3
n03345487_9482,firetruck,2,3
n03345487_949,firetruck,2,0
n03345487_9497,firetruck,2,1
n03345487_953,firetruck,2,3
n03345487_9535,firetruck,2,1
n03345487_9546,firetruck,2,4
n03345487_9558,firetruck,2,0
n03345487_9653,firetruck,2,4
n03345487_9664,firetruck,2,3
n03345487_976,firetruck,2,0
n03345487_9804,firetruck,2,3
n03345487_9854,firetruck,2,3
n03345487_9889,firetruck,2,2
n03345487_9893,firetruck,2,3
n03345487_9979,firetruck,2,3
n02701002_1,ambulance,3,3
n02701002_10,ambulance,3,2
n02701002_10004,ambulance,3,4
n02701002_1003,ambulance,3,1
n02701002_10046,ambulance,3,4
n02701002_10068,ambulance,3,1
n02701002_1007,ambulance,3,0
n02701002_10073,ambulance,3,1
n02701002_10091,ambulance,3,4
n02701002_10092,ambulance,3,4
n02701002_101,ambulance,3,2
n02701002_10156,ambulance,3,3
n02701002_1020,ambulance,3,2
n02701002_10200,ambulance,3,0
n02701002_1023,ambulance,3,4
n02701002_10251,ambulance,3,1
n02701002_10253,ambulance,3,1
n02701002_10279,ambulance,3,4
n02701002_1029,ambulance,3,2
n02701002_10324,ambulance,3,1
n02701002_10333,ambulance,3,0
n02701002_1035,ambulance,3,1
n02701002_10365,ambulance,3,0
n02701002_1038,ambulance,3,2
n02701002_10391,ambulance,3,3
n02701002_1040,ambulance,3,3
n02701002_1041,ambulance,3,2
n02701002_10422,ambulance,3,0
n02701002_1044,ambulance,3,2
n02701002_10444,ambulance,3,0
n02701002_10452,ambulance,3,1
n02701002_10497,ambulance,3,2
n02701002_1051,ambulance,3,2
n02701002_10558,ambulance,3,1
n02701002_1056,ambulance,3,4
n02701002_1059,ambulance,3,1
n02701002_10624,ambulance,3,4
n02701002_10625,ambulance,3,1
n02701002_1063,ambulance,3,1
n02701002_10648,ambulance,3,4
n02701002_10678,ambulance,3,1
n02701002_107,ambulance,3,3
n02701002_1070,ambulance,3,4
n02701002_10707,ambulance,3,3
n02701002_1073,ambulance,3,2
n02701002_10736,ambulance,3,3
n02701002_10745,ambulance,3,2
n02701002_1076,ambulance,3,4
n02701002_10767,ambulance,3,0
n02701002_1078,ambulance,3,2
n02701002_108,ambulance,3,0
n02701002_10847,ambulance,3,4
n02701002_1086,ambulance,3,1
n02701002_1087,ambulance,3,3
n02701002_10888,ambulance,3,3
n02701002_10894,ambulance,3,3
n02701002_1091,ambulance,3,3
n02701002_1092,ambulance,3,2
n02701002_10922,ambulance,3,4
n02701002_10926,ambulance,3,3
n02701002_10937,ambulance,3,4
n02701002_1094,ambulance,3,2
n02701002_10956,ambulance,3,4
n02701002_1096,ambulance,3,4
n02701002_11014,ambulance,3,2
n02701002_11017,ambulance,3,1
n02701002_11033,ambulance,3,3
n02701002_11048,ambulance,3,3
n02701002_1107,ambulance,3,3
n02701002_11083,ambulance,3,3
n02701002_11109,ambulance,3,4
n02701002_1112,ambulance,3,2
n02701002_1117,ambulance,3,2
n02701002_11206,ambulance,3,2
n02701002_11209,ambulance,3,1
n02701002_1126,ambulance,3,4
n02701002_11283,ambulance,3,1
n02701002_11320,ambulance,3,3
n02701002_11363,ambulance,3,2
n02701002_11393,ambulance,3,2
n02701002_114,ambulance,3,4
n02701002_11426,ambulance,3,3
n02701002_11433,ambulance,3,0
n02701002_1144,ambulance,3,3
n02701002_1146,ambulance,3,1
n02701002_11489,ambulance,3,1
n02701002_11492,ambulance,3,4
n02701002_115,ambulance,3,2
n02701002_1151,ambulance,3,2
n02701002_11574,ambulance,3,2
n02701002_1159,ambulance,3,0
n02701002_11595,ambulance,3,0
n02701002_11610,ambulance,3,1
n02701002_11614,ambulance,3,3
n02701002_11621,ambulance,3,2
n02701002_11647,ambulance,3,0
n02701002_11668,ambulance,3,0
n02701002_11677,ambulance,3,3
n02701002_11725,ambulance,3,2
n02701002_11738,ambulance,3,1
n02701002_1175,ambulance,3,4
n02701002_11756,ambulance,3,0
n02701002_1177,ambulance,3,0
n02701002_11773,ambulance,3,2
n02701002_11786,ambulance,3,1
n02701002_11790,ambulance,3,3
n02701002_11802,ambulance,3,3
n02701002_1182,ambulance,3,1
n02701002_1183,ambulance,3,3
n02701002_11841,ambulance,3,0
n02701002_11874,ambulance,3,1
n02701002_11882,ambulance,3,0
n02701002_11890,ambulance,3,2
n02701002_11912,ambulance,3,1
n02701002_11927,ambulance,3,4
n02701002_1195,ambulance,3,2
n02701002_11954,ambulance,3,1
n02701002_11976,ambulance,3,3
n02701002_1201,ambulance,3,0
n02701002_12025,ambulance,3,4
n02701002_1204,ambulance,3,3
n02701002_1207,ambulance,3,1
n02701002_12098,ambulance,3,0
n02701002_121,ambulance,3,1
n02701002_1213,ambulance,3,4
n02701002_12136,ambulance,3,0
n02701002_1215,ambulance,3,1
n02701002_12156,ambulance,3,3
n02701002_1216,ambulance,3,3
n02701002_12204,ambulance,3,2
n02701002_12242,ambulance,3,4
n02701002_12262,ambulance,3,4
n02701002_12264,ambulance,3,4
n02701002_12277,ambulance,3,4
n02701002_12278,ambulance,3,0
n02701002_1228,ambulance,3,1
n02701002_12301,ambulance,3,4
n02701002_12310,ambulance,3,1
n02701002_12331,ambulance,3,0
n02701002_1234,ambulance,3,3
n02701002_124,ambulance,3,3
n02701002_12415,ambulance,3,4
n02701002_1242,ambulance,3,2
n02701002_12421,ambulance,3,1
n02701002_12429,ambulance,3,4
n02701002_12456,ambulance,3,3
n02701002_1247,ambulance,3,3
n02701002_1249,ambulance,3,3
n02701002_12497,ambulance,3,1
n02701002_12513,ambulance,3,1
n02701002_12514,ambulance,3,2
n02701002_1252,ambulance,3,0
n02701002_1253,ambulance,3,3
n02701002_12543,ambulance,3,0
n02701002_12561,ambulance,3,0
n02701002_12570,ambulance,3,4
n02701002_12587,ambulance,3,2
n02701002_12601,ambulance,3,1
n02701002_12622,ambulance,3,2
n02701002_12630,ambulance,3,4
n02701002_1264,ambulance,3,4
n02701002_1269,ambulance,3,3
n02701002_1270,ambulance,3,1
n02701002_12714,ambulance,3,4
n02701002_1272,ambulance,3,3
n02701002_1274,ambulance,3,2
n02701002_12757,ambulance,3,1
n02701002_12762,ambulance,3,3
n02701002_1279,ambulance,3,0
n02701002_12796,ambulance,3,4
n02701002_128,ambulance,3,0
n02701002_1286,ambulance,3,0
n02701002_12867,ambulance,3,1
n02701002_1287,ambulance,3,3
n02701002_12876,ambulance,3,0
n02701002_12944,ambulance,3,3
n02701002_12953,ambulance,3,0
n02701002_12954,ambulance,3,0
n02701002_12964,ambulance,3,0
n02701002_12971,ambulance,3,1
n02701002_12991,ambulance,3,4
n02701002_13027,ambulance,3,3
n02701002_1303,ambulance,3,0
n02701002_13052,ambulance,3,3
n02701002_13054,ambulance,3,4
n02701002_1315,ambulance,3,2
n02701002_13156,ambulance,3,1
n02701002_1316,ambulance,3,2
n02701002_13169,ambulance,3,0
n02701002_1318,ambulance,3,4
n02701002_13213,ambulance,3,0
n02701002_1325,ambulance,3,1
n02701002_13255,ambulance,3,2
n02701002_13263,ambulance,3,4
n02701002_13277,ambulance,3,1
n02701002_1330,ambulance,3,3
n02701002_1332,ambulance,3,3
n02701002_13345,ambulance,3,2
n02701002_13370,ambulance,3,0
n02701002_1341,ambulance,3,3
n02701002_1343,ambulance,3,2
n02701002_1347,ambulance,3,4
n02701002_13494,ambulance,3,1
n02701002_13507,ambulance,3,3
n02701002_13509,ambulance,3,4
n02701002_13560,ambulance,3,0
n02701002_13564,ambulance,3,1
n02701002_1358,ambulance,3,4
n02701002_13584,ambulance,3,3
n02701002_13594,ambulance,3,4
n02701002_13599,ambulance,3,0
n02701002_1361,ambulance,3,4
n02701002_13613,ambulance,3,2
n02701002_1364,ambulance,3,3
n02701002_13667,ambulance,3,3
n02701002_13688,ambulance,3,3
n02701002_13690,ambulance,3,2
n02701002_13698,ambulance,3,0
n02701002_1371,ambulance,3,4
n02701002_13733,ambulance,3,0
n02701002_13751,ambulance,3,1
n02701002_13780,ambulance,3,1
n02701002_13781,ambulance,3,0
n02701002_13793,ambulance,3,0
n02701002_13808,ambulance,3,3
n02701002_1382,ambulance,3,0
n02701002_13820,ambulance,3,4
n02701002_13824,ambulance,3,2
n02701002_1384,ambulance,3,2
n02701002_1386,ambulance,3,4
n02701002_13900,ambulance,3,1
n02701002_1393,ambulance,3,2
n02701002_13949,ambulance,3,0
n02701002_13980,ambulance,3,1
n02701002_1400,ambulance,3,4
n02701002_1401,ambulance,3,1
n02701002_14013,ambulance,3,3
n02701002_14031,ambulance,3,4
n02701002_14032,ambulance,3,4
n02701002_1404,ambulance,3,0
n02701002_14050,ambulance,3,3
n02701002_14080,ambulance,3,0
n02701002_14122,ambulance,3,4
n02701002_1414,ambulance,3,2
n02701002_1415,ambulance,3,2
n02701002_14159,ambulance,3,0
n02701002_14200,ambulance,3,0
n02701002_14209,ambulance,3,2
n02701002_14217,ambulance,3,3
n02701002_14226,ambulance,3,1
n02701002_14241,ambulance,3,0
n02701002_14275,ambulance,3,3
n02701002_1428,ambulance,3,2
n02701002_14308,ambulance,3,3
n02701002_14327,ambulance,3,2
n02701002_14383,ambulance,3,4
n02701002_14392,ambulance,3,0
n02701002_1440,ambulance,3,1
n02701002_1441,ambulance,3,2
n02701002_14440,ambulance,3,3
n02701002_14446,ambulance,3,4
n02701002_14450,ambulance,3,3
n02701002_1447,ambulance,3,4
n02701002_1448,ambulance,3,4
n02701002_14502,ambulance,3,4
n02701002_1451,ambulance,3,2
n02701002_14514,ambulance,3,4
n02701002_14530,ambulance,3,4
n02701002_1454,ambulance,3,3
n02701002_14541,ambulance,3,0
n02701002_1455,ambulance,3,1
n02701002_14576,ambulance,3,0
n02701002_14582,ambulance,3,0
n02701002_1459,ambulance,3,3
n02701002_14591,ambulance,3,3
n02701002_1460,ambulance,3,4
n02701002_1463,ambulance,3,1
n02701002_1468,ambulance,3,3
n02701002_14690,ambulance,3,2
n02701002_1470,ambulance,3,2
n02701002_1471,ambulance,3,4
n02701002_14816,ambulance,3,4
n02701002_1482,ambulance,3,0
n02701002_14861,ambulance,3,0
n02701002_1487,ambulance,3,2
n02701002_14871,ambulance,3,0
n02701002_14887,ambulance,3,0
n02701002_1489,ambulance,3,3
n02701002_1490,ambulance,3,2
n02701002_14926,ambulance,3,2
n02701002_1493,ambulance,3,2
n02701002_14965,ambulance,3,0
n02701002_1497,ambulance,3,0
n02701002_1499,ambulance,3,2
n02701002_15045,ambulance,3,4
n02701002_1506,ambulance,3,1
n02701002_15073,ambulance,3,3
n02701002_1508,ambulance,3,0
n02701002_15080,ambulance,3,4
n02701002_1509,ambulance,3,0
n02701002_1511,ambulance,3,4
n02701002_1515,ambulance,3,3
n02701002_15167,ambulance,3,3
n02701002_15182,ambulance,3,1
n02701002_15197,ambulance,3,4
n02701002_1526,ambulance,3,0
n02701002_15279,ambulance,3,4
n02701002_1528,ambulance,3,1
n02701002_15289,ambulance,3,4
n02701002_1533,ambulance,3,0
n02701002_1535,ambulance,3,4
n02701002_1537,ambulance,3,1
n02701002_15383,ambulance,3,2
n02701002_15392,ambulance,3,0
n02701002_154,ambulance,3,1
n02701002_1540,ambulance,3,4
n02701002_1541,ambulance,3,4
n02701002_15411,ambulance,3,0
n02701002_15417,ambulance,3,0
n02701002_1542,ambulance,3,0
n02701002_15420,ambulance,3,3
n02701002_15423,ambulance,3,2
n02701002_15428,ambulance,3,4
n02701002_1547,ambulance,3,4
n02701002_15523,ambulance,3,3
n02701002_1553,ambulance,3,1
n02701002_1555,ambulance,3,0
n02701002_15550,ambulance,3,2
n02701002_1557,ambulance,3,3
n02701002_15583,ambulance,3,3
n02701002_15609,ambulance,3,4
n02701002_1562,ambulance,3,1
n02701002_15638,ambulance,3,2
n02701002_15645,ambulance,3,1
n02701002_1565,ambulance,3,2
n02701002_15668,ambulance,3,2
n02701002_15727,ambulance,3,0
n02701002_15748,ambulance,3,2
n02701002_1576,ambulance,3,3
n02701002_15774,ambulance,3,3
n02701002_1578,ambulance,3,3
n02701002_15837,ambulance,3,2
n02701002_15843,ambulance,3,1
n02701002_15859,ambulance,3,2
n02701002_1588,ambulance,3,3
n02701002_15883,ambulance,3,2
n02701002_15898,ambulance,3,0
n02701002_15919,ambulance,3,2
n02701002_1592,ambulance,3,3
n02701002_15923,ambulance,3,3
n02701002_15924,ambulance,3,1
n02701002_1594,ambulance,3,1
n02701002_1595,ambulance,3,0
n02701002_1596,ambulance,3,4
n02701002_15965,ambulance,3,0
n02701002_1599,ambulance,3,4
n02701002_15993,ambulance,3,3
n02701002_16004,ambulance,3,1
n02701002_16027,ambulance,3,0
n02701002_1605,ambulance,3,1
n02701002_16062,ambulance,3,0
n02701002_16090,ambulance,3,2
n02701002_16116,ambulance,3,0
n02701002_16125,ambulance,3,4
n02701002_1614,ambulance,3,4
n02701002_16149,ambulance,3,2
n02701002_1615,ambulance,3,2
n02701002_1617,ambulance,3,0
n02701002_16183,ambulance,3,0
n02701002_1619,ambulance,3,0
n02701002_16208,ambulance,3,0
n02701002_1622,ambulance,3,2
n02701002_1623,ambulance,3,0
n02701002_1625,ambulance,3,3
n02701002_16281,ambulance,3,4
n02701002_1630,ambulance,3,1
n02701002_1631,ambulance,3,4
n02701002_1632,ambulance,3,3
n02701002_16347,ambulance,3,1
n02701002_16357,ambulance,3,2
n02701002_16377,ambulance,3,3
n02701002_16407,ambulance,3,3
n02701002_16435,ambulance,3,3
n02701002_16488,ambulance,3,3
n02701002_1649,ambulance,3,3
n02701002_165,ambulance,3,4
n02701002_16507,ambulance,3,2
n02701002_1658,ambulance,3,3
n02701002_16592,ambulance,3,2
n02701002_1660,ambulance,3,0
n02701002_16611,ambulance,3,3
n02701002_16612,ambulance,3,0
n02701002_1662,ambulance,3,4
n02701002_1663,ambulance,3,0
n02701002_1667,ambulance,3,2
n02701002_16688,ambulance,3,4
n02701002_16707,ambulance,3,1
n02701002_16708,ambulance,3,1
n02701002_1671,ambulance,3,3
n02701002_16750,ambulance,3,3
n02701002_1678,ambulance,3,4
n02701002_16803,ambulance,3,2
n02701002_1681,ambulance,3,2
n02701002_16871,ambulance,3,2
n02701002_1689,ambulance,3,3
n02701002_1691,ambulance,3,4
n02701002_16927,ambulance,3,2
n02701002_1693,ambulance,3,0
n02701002_16932,ambulance,3,4
n02701002_1695,ambulance,3,0
n02701002_17025,ambulance,3,1
n02701002_17030,ambulance,3,0
n02701002_17039,ambulance,3,1
n02701002_17067,ambulance,3,0
n02701002_17070,ambulance,3,4
n02701002_1709,ambulance,3,2
n02701002_17113,ambulance,3,2
n02701002_17119,ambulance,3,3
n02701002_1713,ambulance,3,0
n02701002_1714,ambulance,3,1
n02701002_17140,ambulance,3,0
n02701002_17149,ambulance,3,2
n02701002_1715,ambulance,3,2
n02701002_17150,ambulance,3,0
n02701002_17168,ambulance,3,4
n02701002_17209,ambulance,3,2
n02701002_1724,ambulance,3,2
n02701002_1732,ambulance,3,4
n02701002_1733,ambulance,3,1
n02701002_1735,ambulance,3,3
n02701002_1736,ambulance,3,2
n02701002_1737,ambulance,3,2
n02701002_17385,ambulance,3,0
n02701002_17416,ambulance,3,4
n02701002_1746,ambulance,3,2
n02701002_1748,ambulance,3,0
n02701002_17485,ambulance,3,0
n02701002_17491,ambulance,3,4
n02701002_17492,ambulance,3,3
n02701002_175,ambulance,3,2
n02701002_17500,ambulance,3,4
n02701002_1753,ambulance,3,3
n02701002_17576,ambulance,3,1
n02701002_1760,ambulance,3,0
n02701002_17620,ambulance,3,1
n02701002_1767,ambulance,3,3
n02701002_17717,ambulance,3,1
n02701002_1774,ambulance,3,0
n02701002_1775,ambulance,3,4
n02701002_1776,ambulance,3,1
n02701002_1777,ambulance,3,3
n02701002_17786,ambulance,3,0
n02701002_1780,ambulance,3,1
n02701002_17823,ambulance,3,0
n02701002_1785,ambulance,3,3
n02701002_1789,ambulance,3,2
n02701002_1792,ambulance,3,1
n02701002_1793,ambulance,3,1
n02701002_17933,ambulance,3,4
n02701002_17951,ambulance,3,3
n02701002_17954,ambulance,3,1
n02701002_1797,ambulance,3,1
n02701002_1802,ambulance,3,2
n02701002_18046,ambulance,3,1
n02701002_18064,ambulance,3,0
n02701002_1811,ambulance,3,2
n02701002_18112,ambulance,3,4
n02701002_1814,ambulance,3,0
n02701002_18146,ambulance,3,2
n02701002_1816,ambulance,3,4
n02701002_18162,ambulance,3,4
n02701002_1818,ambulance,3,4
n02701002_1819,ambulance,3,0
n02701002_1820,ambulance,3,2
n02701002_18232,ambulance,3,4
n02701002_18242,ambulance,3,1
n02701002_1830,ambulance,3,2
n02701002_1832,ambulance,3,1
n02701002_18342,ambulance,3,3
n02701002_18366,ambulance,3,1
n02701002_1837,ambulance,3,0
n02701002_18372,ambulance,3,1
n02701002_1839,ambulance,3,4
n02701002_18480,ambulance,3,0
n02701002_18490,ambulance,3,2
n02701002_18507,ambulance,3,2
n02701002_18508,ambulance,3,2
n02701002_18572,ambulance,3,0
n02701002_18600,ambulance,3,4
n02701002_18607,ambulance,3,3
n02701002_1864,ambulance,3,3
n02701002_18685,ambulance,3,1
n02701002_18691,ambulance,3,3
n02701002_18725,ambulance,3,0
n02701002_1886,ambulance,3,3
n02701002_1895,ambulance,3,4
n02701002_1904,ambulance,3,3
n02701002_1911,ambulance,3,0
n02701002_1914,ambulance,3,3
n02701002_1927,ambulance,3,3
n02701002_1928,ambulance,3,4
n02701002_1939,ambulance,3,2
n02701002_1943,ambulance,3,2
n02701002_1955,ambulance,3,0
n02701002_196,ambulance,3,1
n02701002_1966,ambulance,3,1
n02701002_197,ambulance,3,1
n02701002_1971,ambulance,3,0
n02701002_198,ambulance,3,3
n02701002_1987,ambulance,3,3
n02701002_199,ambulance,3,1
n02701002_1992,ambulance,3,1
n02701002_1995,ambulance,3,3
n02701002_20,ambulance,3,2
n02701002_2001,ambulance,3,2
n02701002_2006,ambulance,3,2
n02701002_2011,ambulance,3,1
n02701002_2012,ambulance,3,4
n02701002_2019,ambulance,3,3
n02701002_2021,ambulance,3,1
n02701002_2024,ambulance,3,1
n02701002_2043,ambulance,3,1
n02701002_2056,ambulance,3,1
n02701002_2064,ambulance,3,4
n02701002_2078,ambulance,3,4
n02701002_2090,ambulance,3,2
n02701002_2091,ambulance,3,1
n02701002_2097,ambulance,3,3
n02701002_2118,ambulance,3,1
n02701002_212,ambulance,3,3
n02701002_2122,ambulance,3,2
n02701002_2131,ambulance,3,3
n02701002_2134,ambulance,3,1
n02701002_2139,ambulance,3,1
n02701002_2140,ambulance,3,0
n02701002_2154,ambulance,3,4
n02701002_2157,ambulance,3,1
n02701002_2164,ambulance,3,0
n02701002_2166,ambulance,3,4
n02701002_2177,ambulance,3,4
n02701002_2187,ambulance,3,4
n02701002_2188,ambulance,3,2
n02701002_2194,ambulance,3,1
n02701002_2201,ambulance,3,4
n02701002_2216,ambulance,3,2
n02701002_2218,ambulance,3,2
n02701002_2220,ambulance,3,0
n02701002_2221,ambulance,3,2
n02701002_2224,ambulance,3,2
n02701002_2225,ambulance,3,3
n02701002_2227,ambulance,3,0
n02701002_2229,ambulance,3,0
n02701002_224,ambulance,3,1
n02701002_2241,ambulance,3,2
n02701002_2252,ambulance,3,2
n02701002_2256,ambulance,3,3
n02701002_2259,ambulance,3,1
n02701002_2275,ambulance,3,0
n02701002_2280,ambulance,3,4
n02701002_2288,ambulance,3,1
n02701002_2297,ambulance,3,4
n02701002_2299,ambulance,3,2
n02701002_2306,ambulance,3,3
n02701002_2307,ambulance,3,3
n02701002_2311,ambulance,3,3
n02701002_2327,ambulance,3,4
n02701002_2338,ambulance,3,1
n02701002_2343,ambulance,3,0
n02701002_2358,ambulance,3,2
n02701002_2361,ambulance,3,3
n02701002_2381,ambulance,3,2
n02701002_2397,ambulance,3,0
n02701002_2405,ambulance,3,3
n02701002_2408,ambulance,3,1
n02701002_2413,ambulance,3,1
n02701002_2418,ambulance,3,3
n02701002_2422,ambulance,3,1
n02701002_2425,ambulance,3,1
n02701002_2426,ambulance,3,1
n02701002_2435,ambulance,3,1
n02701002_244,ambulance,3,2
n02701002_2447,ambulance,3,1
n02701002_2449,ambulance,3,1
n02701002_2454,ambulance,3,1
n02701002_246,ambulance,3,3
n02701002_2464,ambulance,3,4
n02701002_2470,ambulance,3,0
n02701002_2478,ambulance,3,0
n02701002_248,ambulance,3,3
n02701002_2488,ambulance,3,1
n02701002_249,ambulance,3,4
n02701002_2492,ambulance,3,4
n02701002_2493,ambulance,3,2
n02701002_2503,ambulance,3,0
n02701002_2511,ambulance,3,2
n02701002_255,ambulance,3,4
n02701002_2553,ambulance,3,1
n02701002_2565,ambulance,3,0
n02701002_2590,ambulance,3,2
n02701002_2593,ambulance,3,3
n02701002_2616,ambulance,3,0
n02701002_2624,ambulance,3,1
n02701002_2625,ambulance,3,0
n02701002_2628,ambulance,3,4
n02701002_2636,ambulance,3,1
n02701002_2638,ambulance,3,0
n02701002_2639,ambulance,3,1
n02701002_2651,ambulance,3,1
n02701002_2664,ambulance,3,2
n02701002_2683,ambulance,3,4
n02701002_2693,ambulance,3,2
n02701002_2728,ambulance,3,0
n02701002_2732,ambulance,3,0
n02701002_274,ambulance,3,3
n02701002_2740,ambulance,3,3
n02701002_2741,ambulance,3,1
n02701002_2757,ambulance,3,3
n02701002_2758,ambulance,3,1
n02701002_276,ambulance,3,0
n02701002_278,ambulance,3,1
n02701002_2780,ambulance,3,4
n02701002_2785,ambulance,3,2
n02701002_2805,ambulance,3,1
n02701002_281,ambulance,3,4
n02701002_2821,ambulance,3,1
n02701002_2825,ambulance,3,0
n02701002_2832,ambulance,3,3
n02701002_2837,ambulance,3,1
n02701002_285,ambulance,3,4
n02701002_2863,ambulance,3,1
n02701002_2868,ambulance,3,3
n02701002_287,ambulance,3,1
n02701002_2872,ambulance,3,3
n02701002_288,ambulance,3,3
n02701002_2883,ambulance,3,1
n02701002_2889,ambulance,3,3
n02701002_2894,ambulance,3,4
n02701002_290,ambulance,3,4
n02701002_2907,ambulance,3,0
n02701002_2915,ambulance,3,0
n02701002_2928,ambulance,3,3
n02701002_2935,ambulance,3,1
n02701002_2936,ambulance,3,3
n02701002_2937,ambulance,3,4
n02701002_2940,ambulance,3,4
n02701002_2945,ambulance,3,0
n02701002_2962,ambulance,3,2
n02701002_2968,ambulance,3,1
n02701002_2972,ambulance,3,3
n02701002_2980,ambulance,3,3
n02701002_2982,ambulance,3,1
n02701002_2992,ambulance,3,4
n02701002_3003,ambulance,3,3
n02701002_3008,ambulance,3,3
n02701002_3010,ambulance,3,0
n02701002_3016,ambulance,3,3
n02701002_302,ambulance,3,1
n02701002_3024,ambulance,3,2
n02701002_3025,ambulance,3,1
n02701002_3029,ambulance,3,1
n02701002_3031,ambulance,3,2
n02701002_3032,ambulance,3,2
n02701002_3040,ambulance,3,3
n02701002_3049,ambulance,3,3
n02701002_3051,ambulance,3,1
n02701002_3053,ambulance,3,3
n02701002_3066,ambulance,3,3
n02701002_3068,ambulance,3,3
n02701002_3082,ambulance,3,3
n02701002_3086,ambulance,3,4
n02701002_3087,ambulance,3,1
n02701002_3094,ambulance,3,3
n02701002_3102,ambulance,3,1
n02701002_3107,ambulance,3,0
n02701002_3112,ambulance,3,4
n02701002_3113,ambulance,3,2
n02701002_3115,ambulance,3,0
n02701002_3118,ambulance,3,2
n02701002_3132,ambulance,3,2
n02701002_3136,ambulance,3,3
n02701002_3138,ambulance,3,2
n02701002_3154,ambulance,3,2
n02701002_3155,ambulance,3,4
n02701002_3156,ambulance,3,3
n02701002_3158,ambulance,3,4
n02701002_316,ambulance,3,4
n02701002_3161,ambulance,3,3
n02701002_3165,ambulance,3,2
n02701002_3167,ambulance,3,3
n02701002_3173,ambulance,3,2
n02701002_3177,ambulance,3,1
n02701002_3183,ambulance,3,1
n02701002_3185,ambulance,3,1
n02701002_3189,ambulance,3,4
n02701002_3190,ambulance,3,3
n02701002_3200,ambulance,3,2
n02701002_3201,ambulance,3,3
n02701002_3208,ambulance,3,0
n02701002_3209,ambulance,3,0
n02701002_3210,ambulance,3,3
n02701002_3212,ambulance,3,0
n02701002_3217,ambulance,3,0
n02701002_3219,ambulance,3,4
n02701002_322,ambulance,3,4
n02701002_3221,ambulance,3,4
n02701002_3223,ambulance,3,3
n02701002_3225,ambulance,3,2
n02701002_3227,ambulance,3,4
n02701002_3231,ambulance,3,3
n02701002_3236,ambulance,3,1
n02701002_3243,ambulance,3,4
n02701002_3251,ambulance,3,0
n02701002_3252,ambulance,3,0
n02701002_3254,ambulance,3,2
n02701002_3255,ambulance,3,1
n02701002_3263,ambulance,3,3
n02701002_3265,ambulance,3,0
n02701002_3266,ambulance,3,3
n02701002_3268,ambulance,3,2
n02701002_3269,ambulance,3,3
n02701002_3276,ambulance,3,1
n02701002_3279,ambulance,3,0
n02701002_328,ambulance,3,1
n02701002_3292,ambulance,3,0
n02701002_3302,ambulance,3,3
n02701002_3305,ambulance,3,1
n02701002_3310,ambulance,3,3
n02701002_3315,ambulance,3,3
n02701002_3318,ambulance,3,4
n02701002_3324,ambulance,3,3
n02701002_3326,ambulance,3,4
n02701002_333,ambulance,3,0
n02701002_3335,ambulance,3,4
n02701002_3340,ambulance,3,0
n02701002_3346,ambulance,3,4
n02701002_3348,ambulance,3,0
n02701002_3349,ambulance,3,2
n02701002_336,ambulance,3,3
n02701002_3361,ambulance,3,2
n02701002_3372,ambulance,3,0
n02701002_3379,ambulance,3,4
n02701002_3381,ambulance,3,4
n02701002_3387,ambulance,3,3
n02701002_3389,ambulance,3,1
n02701002_3391,ambulance,3,4
n02701002_3397,ambulance,3,4
n02701002_340,ambulance,3,1
n02701002_3402,ambulance,3,1
n02701002_3405,ambulance,3,0
n02701002_3406,ambulance,3,0
n02701002_3409,ambulance,3,2
n02701002_3420,ambulance,3,3
n02701002_3423,ambulance,3,3
n02701002_3428,ambulance,3,1
n02701002_3434,ambulance,3,3
n02701002_3436,ambulance,3,1
n02701002_3441,ambulance,3,1
n02701002_3457,ambulance,3,0
n02701002_3461,ambulance,3,2
n02701002_3463,ambulance,3,2
n02701002_3466,ambulance,3,0
n02701002_3469,ambulance,3,4
n02701002_3479,ambulance,3,4
n02701002_3480,ambulance,3,0
n02701002_3481,ambulance,3,4
n02701002_3486,ambulance,3,4
n02701002_3500,ambulance,3,3
n02701002_3508,ambulance,3,2
n02701002_351,ambulance,3,2
n02701002_3514,ambulance,3,2
n02701002_3517,ambulance,3,1
n02701002_3522,ambulance,3,2
n02701002_3528,ambulance,3,2
n02701002_353,ambulance,3,2
n02701002_3530,ambulance,3,2
n02701002_3533,ambulance,3,2
n02701002_354,ambulance,3,1
n02701002_3542,ambulance,3,1
n02701002_3543,ambulance,3,2
n02701002_3549,ambulance,3,3
n02701002_3553,ambulance,3,0
n02701002_3559,ambulance,3,1
n02701002_356,ambulance,3,2
n02701002_3561,ambulance,3,4
n02701002_3563,ambulance,3,0
n02701002_3564,ambulance,3,1
n02701002_3572,ambulance,3,4
n02701002_3573,ambulance,3,2
n02701002_3579,ambulance,3,4
n02701002_3584,ambulance,3,4
n02701002_3592,ambulance,3,0
n02701002_3598,ambulance,3,4
n02701002_3599,ambulance,3,0
n02701002_3601,ambulance,3,1
n02701002_3608,ambulance,3,1
n02701002_3612,ambulance,3,2
n02701002_3615,ambulance,3,2
n02701002_3616,ambulance,3,3
n02701002_3629,ambulance,3,4
n02701002_3632,ambulance,3,2
n02701002_3633,ambulance,3,1
n02701002_3639,ambulance,3,1
n02701002_3644,ambulance,3,4
n02701002_3646,ambulance,3,1
n02701002_3660,ambulance,3,0
n02701002_3664,ambulance,3,1
n02701002_3665,ambulance,3,1
n02701002_3668,ambulance,3,3
n02701002_3669,ambulance,3,1
n02701002_3672,ambulance,3,0
n02701002_3673,ambulance,3,1
n02701002_3674,ambulance,3,2
n02701002_368,ambulance,3,1
n02701002_3680,ambulance,3,2
n02701002_3682,ambulance,3,0
n02701002_369,ambulance,3,4
n02701002_3690,ambulance,3,2
n02701002_3694,ambulance,3,1
n02701002_3698,ambulance,3,0
n02701002_37,ambulance,3,1
n02701002_3700,ambulance,3,2
n02701002_3705,ambulance,3,1
n02701002_3713,ambulance,3,4
n02701002_3717,ambulance,3,3
n02701002_3719,ambulance,3,3
n02701002_3729,ambulance,3,3
n02701002_373,ambulance,3,0
n02701002_3735,ambulance,3,1
n02701002_3744,ambulance,3,3
n02701002_3755,ambulance,3,0
n02701002_3759,ambulance,3,4
n02701002_3762,ambulance,3,1
n02701002_3768,ambulance,3,4
n02701002_3776,ambulance,3,2
n02701002_3783,ambulance,3,3
n02701002_3789,ambulance,3,3
n02701002_3798,ambulance,3,3
n02701002_3801,ambulance,3,4
n02701002_3806,ambulance,3,2
n02701002_381,ambulance,3,1
n02701002_3827,ambulance,3,0
n02701002_383,ambulance,3,0
n02701002_3830,ambulance,3,4
n02701002_3833,ambulance,3,2
n02701002_3846,ambulance,3,2
n02701002_3850,ambulance,3,3
n02701002_3855,ambulance,3,0
n02701002_3857,ambulance,3,4
n02701002_3858,ambulance,3,1
n02701002_3862,ambulance,3,0
n02701002_3863,ambulance,3,3
n02701002_3866,ambulance,3,1
n02701002_3869,ambulance,3,3
n02701002_3872,ambulance,3,4
n02701002_3874,ambulance,3,2
n02701002_3884,ambulance,3,3
n02701002_3895,ambulance,3,1
n02701002_3897,ambulance,3,3
n02701002_3898,ambulance,3,0
n02701002_390,ambulance,3,3
n02701002_3902,ambulance,3,0
n02701002_3904,ambulance,3,0
n02701002_3906,ambulance,3,0
n02701002_3907,ambulance,3,0
n02701002_3912,ambulance,3,4
n02701002_3925,ambulance,3,4
n02701002_3927,ambulance,3,1
n02701002_3932,ambulance,3,2
n02701002_3934,ambulance,3,2
n02701002_3940,ambulance,3,0
n02701002_3941,ambulance,3,4
n02701002_3943,ambulance,3,0
n02701002_3950,ambulance,3,4
n02701002_3952,ambulance,3,1
n02701002_3953,ambulance,3,4
n02701002_3955,ambulance,3,2
n02701002_396,ambulance,3,0
n02701002_3966,ambulance,3,3
n02701002_3975,ambulance,3,0
n02701002_3978,ambulance,3,3
n02701002_3979,ambulance,3,4
n02701002_3985,ambulance,3,0
n02701002_3987,ambulance,3,3
n02701002_3989,ambulance,3,1
n02701002_3993,ambulance,3,0
n02701002_3996,ambulance,3,0
n02701002_3999,ambulance,3,1
n02701002_4009,ambulance,3,4
n02701002_4010,ambulance,3,1
n02701002_4016,ambulance,3,1
n02701002_4024,ambulance,3,2
n02701002_4027,ambulance,3,3
n02701002_4030,ambulance,3,4
n02701002_4031,ambulance,3,4
n02701002_4032,ambulance,3,1
n02701002_4033,ambulance,3,4
n02701002_4038,ambulance,3,0
n02701002_4045,ambulance,3,1
n02701002_4047,ambulance,3,3
n02701002_4048,ambulance,3,0
n02701002_4062,ambulance,3,2
n02701002_4063,ambulance,3,3
n02701002_4065,ambulance,3,4
n02701002_4071,ambulance,3,3
n02701002_4073,ambulance,3,4
n02701002_4074,ambulance,3,0
n02701002_4092,ambulance,3,1
n02701002_4095,ambulance,3,2
n02701002_4108,ambulance,3,4
n02701002_4112,ambulance,3,1
n02701002_4121,ambulance,3,4
n02701002_4125,ambulance,3,2
n02701002_4127,ambulance,3,2
n02701002_4128,ambulance,3,2
n02701002_4129,ambulance,3,4
n02701002_4139,ambulance,3,4
n02701002_4148,ambulance,3,2
n02701002_4150,ambulance,3,1
n02701002_4152,ambulance,3,3
n02701002_4155,ambulance,3,0
n02701002_4158,ambulance,3,0
n02701002_4171,ambulance,3,2
n02701002_4174,ambulance,3,3
n02701002_4178,ambulance,3,0
n02701002_4186,ambulance,3,4
n02701002_4194,ambulance,3,1
n02701002_4198,ambulance,3,1
n02701002_4203,ambulance,3,2
n02701002_421,ambulance,3,2
n02701002_4212,ambulance,3,4
n02701002_4219,ambulance,3,2
n02701002_4221,ambulance,3,1
n02701002_4223,ambulance,3,2
n02701002_4229,ambulance,3,1
n02701002_4231,ambulance,3,1
n02701002_4234,ambulance,3,3
n02701002_4241,ambulance,3,0
n02701002_4252,ambulance,3,1
n02701002_4262,ambulance,3,1
n02701002_4264,ambulance,3,4
n02701002_4266,ambulance,3,4
n02701002_4274,ambulance,3,1
n02701002_4276,ambulance,3,1
n02701002_4279,ambulance,3,2
n02701002_4286,ambulance,3,4
n02701002_4287,ambulance,3,1
n02701002_4289,ambulance,3,3
n02701002_4296,ambulance,3,3
n02701002_4299,ambulance,3,3
n02701002_4302,ambulance,3,4
n02701002_4311,ambulance,3,1
n02701002_4312,ambulance,3,0
n02701002_4314,ambulance,3,2
n02701002_4317,ambulance,3,2
n02701002_4340,ambulance,3,0
n02701002_4341,ambulance,3,4
n02701002_4347,ambulance,3,2
n02701002_4349,ambulance,3,3
n02701002_4351,ambulance,3,1
n02701002_4353,ambulance,3,2
n02701002_436,ambulance,3,3
n02701002_4360,ambulance,3,0
n02701002_4363,ambulance,3,1
n02701002_4364,ambulance,3,3
n02701002_4371,ambulance,3,1
n02701002_4379,ambulance,3,1
n02701002_4386,ambulance,3,3
n02701002_4391,ambulance,3,4
n02701002_4392,ambulance,3,0
n02701002_4397,ambulance,3,2
n02701002_4401,ambulance,3,2
n02701002_4403,ambulance,3,2
n02701002_4404,ambulance,3,3
n02701002_4414,ambulance,3,3
n02701002_4419,ambulance,3,2
n02701002_4425,ambulance,3,4
n02701002_4426,ambulance,3,1
n02701002_4431,ambulance,3,1
n02701002_4433,ambulance,3,3
n02701002_4434,ambulance,3,0
n02701002_4436,ambulance,3,1
n02701002_4438,ambulance,3,2
n02701002_4439,ambulance,3,3
n02701002_4449,ambulance,3,0
n02701002_4468,ambulance,3,2
n02701002_4474,ambulance,3,4
n02701002_4482,ambulance,3,3
n02701002_4496,ambulance,3,0
n02701002_4500,ambulance,3,0
n02701002_4504,ambulance,3,3
n02701002_4507,ambulance,3,3
n02701002_4512,ambulance,3,0
n02701002_4522,ambulance,3,3
n02701002_4528,ambulance,3,4
n02701002_4533,ambulance,3,4
n02701002_4538,ambulance,3,3
n02701002_4540,ambulance,3,2
n02701002_4547,ambulance,3,4
n02701002_4558,ambulance,3,1
n02701002_4562,ambulance,3,4
n02701002_4566,ambulance,3,1
n02701002_4568,ambulance,3,0
n02701002_4572,ambulance,3,4
n02701002_4577,ambulance,3,1
n02701002_4581,ambulance,3,0
n02701002_4598,ambulance,3,4
n02701002_46,ambulance,3,4
n02701002_4600,ambulance,3,3
n02701002_4603,ambulance,3,0
n02701002_4604,ambulance,3,2
n02701002_4607,ambulance,3,2
n02701002_4611,ambulance,3,1
n02701002_4615,ambulance,3,0
n02701002_4616,ambulance,3,3
n02701002_4624,ambulance,3,2
n02701002_4628,ambulance,3,2
n02701002_4635,ambulance,3,2
n02701002_4637,ambulance,3,0
n02701002_4644,ambulance,3,1
n02701002_4646,ambulance,3,2
n02701002_4662,ambulance,3,4
n02701002_4664,ambulance,3,1
n02701002_4666,ambulance,3,2
n02701002_467,ambulance,3,4
n02701002_4675,ambulance,3,1
n02701002_4678,ambulance,3,2
n02701002_468,ambulance,3,1
n02701002_4700,ambulance,3,2
n02701002_4701,ambulance,3,4
n02701002_4714,ambulance,3,1
n02701002_4717,ambulance,3,0
n02701002_4735,ambulance,3,0
n02701002_4737,ambulance,3,4
n02701002_4740,ambulance,3,2
n02701002_4752,ambulance,3,1
n02701002_4754,ambulance,3,4
n02701002_4756,ambulance,3,1
n02701002_4771,ambulance,3,0
n02701002_4781,ambulance,3,4
n02701002_4785,ambulance,3,2
n02701002_4793,ambulance,3,2
n02701002_4796,ambulance,3,4
n02701002_4797,ambulance,3,3
n02701002_4806,ambulance,3,1
n02701002_4818,ambulance,3,2
n02701002_4820,ambulance,3,0
n02701002_4827,ambulance,3,4
n02701002_4830,ambulance,3,4
n02701002_4842,ambulance,3,4
n02701002_4863,ambulance,3,3
n02701002_4864,ambulance,3,4
n02701002_4866,ambulance,3,2
n02701002_4867,ambulance,3,2
n02701002_4873,ambulance,3,1
n02701002_4876,ambulance,3,0
n02701002_4886,ambulance,3,4
n02701002_4891,ambulance,3,4
n02701002_4894,ambulance,3,1
n02701002_4896,ambulance,3,2
n02701002_4897,ambulance,3,2
n02701002_4902,ambulance,3,2
n02701002_4903,ambulance,3,4
n02701002_4909,ambulance,3,4
n02701002_4910,ambulance,3,1
n02701002_4913,ambulance,3,4
n02701002_4915,ambulance,3,4
n02701002_4917,ambulance,3,0
n02701002_4922,ambulance,3,3
n02701002_4924,ambulance,3,1
n02701002_4930,ambulance,3,4
n02701002_4937,ambulance,3,2
n02701002_4944,ambulance,3,1
n02701002_4948,ambulance,3,2
n02701002_4951,ambulance,3,3
n02701002_4953,ambulance,3,3
n02701002_4955,ambulance,3,3
n02701002_4956,ambulance,3,2
n02701002_496,ambulance,3,0
n02701002_497,ambulance,3,1
n02701002_4984,ambulance,3,1
n02701002_4987,ambulance,3,2
n02701002_4990,ambulance,3,4
n02701002_4992,ambulance,3,1
n02701002_4996,ambulance,3,4
n02701002_5013,ambulance,3,1
n02701002_5014,ambulance,3,1
n02701002_5016,ambulance,3,2
n02701002_5017,ambulance,3,4
n02701002_502,ambulance,3,2
n02701002_5021,ambulance,3,2
n02701002_5023,ambulance,3,0
n02701002_5028,ambulance,3,2
n02701002_5032,ambulance,3,3
n02701002_5041,ambulance,3,1
n02701002_5043,ambulance,3,2
n02701002_5055,ambulance,3,0
n02701002_506,ambulance,3,1
n02701002_5084,ambulance,3,3
n02701002_5096,ambulance,3,0
n02701002_5103,ambulance,3,1
n02701002_5104,ambulance,3,0
n02701002_5105,ambulance,3,2
n02701002_5110,ambulance,3,4
n02701002_512,ambulance,3,0
n02701002_5121,ambulance,3,4
n02701002_5126,ambulance,3,1
n02701002_5138,ambulance,3,2
n02701002_5142,ambulance,3,1
n02701002_5143,ambulance,3,2
n02701002_5155,ambulance,3,2
n02701002_5158,ambulance,3,2
n02701002_5162,ambulance,3,4
n02701002_5165,ambulance,3,2
n02701002_5174,ambulance,3,2
n02701002_5177,ambulance,3,1
n02701002_5180,ambulance,3,2
n02701002_5188,ambulance,3,0
n02701002_5190,ambulance,3,4
n02701002_5191,ambulance,3,1
n02701002_5198,ambulance,3,2
n02701002_5206,ambulance,3,0
n02701002_521,ambulance,3,1
n02701002_5215,ambulance,3,3
n02701002_5217,ambulance,3,1
n02701002_5223,ambulance,3,3
n02701002_5224,ambulance,3,0
n02701002_5238,ambulance,3,2
n02701002_5241,ambulance,3,3
n02701002_5247,ambulance,3,0
n02701002_5258,ambulance,3,1
n02701002_5271,ambulance,3,4
n02701002_5279,ambulance,3,3
n02701002_5284,ambulance,3,3
n02701002_5288,ambulance,3,3
n02701002_5292,ambulance,3,2
n02701002_5302,ambulance,3,1
n02701002_5322,ambulance,3,4
n02701002_5349,ambulance,3,0
n02701002_535,ambulance,3,1
n02701002_5360,ambulance,3,4
n02701002_5376,ambulance,3,1
n02701002_538,ambulance,3,2
n02701002_5382,ambulance,3,3
n02701002_539,ambulance,3,0
n02701002_5390,ambulance,3,1
n02701002_5405,ambulance,3,0
n02701002_5406,ambulance,3,0
n02701002_5409,ambulance,3,3
n02701002_5419,ambulance,3,2
n02701002_5429,ambulance,3,0
n02701002_5432,ambulance,3,2
n02701002_5433,ambulance,3,3
n02701002_5435,ambulance,3,2
n02701002_5439,ambulance,3,2
n02701002_5455,ambulance,3,0
n02701002_5457,ambulance,3,3
n02701002_5458,ambulance,3,4
n02701002_5483,ambulance,3,1
n02701002_5486,ambulance,3,1
n02701002_5496,ambulance,3,3
n02701002_550,ambulance,3,2
n02701002_5501,ambulance,3,4
n02701002_5502,ambulance,3,1
n02701002_5513,ambulance,3,3
n02701002_5514,ambulance,3,3
n02701002_5523,ambulance,3,3
n02701002_5524,ambulance,3,0
n02701002_5530,ambulance,3,0
n02701002_5538,ambulance,3,4
n02701002_5541,ambulance,3,0
n02701002_5549,ambulance,3,4
n02701002_5552,ambulance,3,4
n02701002_5554,ambulance,3,4
n02701002_5555,ambulance,3,0
n02701002_5560,ambulance,3,3
n02701002_5562,ambulance,3,4
n02701002_5564,ambulance,3,0
n02701002_5578,ambulance,3,0
n02701002_5586,ambulance,3,2
n02701002_5594,ambulance,3,2
n02701002_5598,ambulance,3,2
n02701002_560,ambulance,3,2
n02701002_5609,ambulance,3,4
n02701002_5610,ambulance,3,1
n02701002_5615,ambulance,3,1
n02701002_5616,ambulance,3,2
n02701002_5618,ambulance,3,2
n02701002_5619,ambulance,3,3
n02701002_5639,ambulance,3,4
n02701002_564,ambulance,3,0
n02701002_5640,ambulance,3,1
n02701002_5643,ambulance,3,3
n02701002_5645,ambulance,3,1
n02701002_5648,ambulance,3,3
n02701002_5654,ambulance,3,4
n02701002_5659,ambulance,3,2
n02701002_5671,ambulance,3,0
n02701002_5676,ambulance,3,2
n02701002_5685,ambulance,3,3
n02701002_5690,ambulance,3,4
n02701002_570,ambulance,3,4
n02701002_571,ambulance,3,2
n02701002_5711,ambulance,3,0
n02701002_5722,ambulance,3,0
n02701002_5727,ambulance,3,0
n02701002_5742,ambulance,3,4
n02701002_5747,ambulance,3,2
n02701002_5748,ambulance,3,0
n02701002_5763,ambulance,3,0
n02701002_5770,ambulance,3,0
n02701002_5773,ambulance,3,3
n02701002_5784,ambulance,3,2
n02701002_5788,ambulance,3,4
n02701002_58,ambulance,3,0
n02701002_5800,ambulance,3,3
n02701002_5807,ambulance,3,4
n02701002_5829,ambulance,3,4
n02701002_5836,ambulance,3,0
n02701002_584,ambulance,3,4
n02701002_5841,ambulance,3,0
n02701002_5857,ambulance,3,1
n02701002_5898,ambulance,3,3
n02701002_5904,ambulance,3,3
n02701002_5906,ambulance,3,1
n02701002_5930,ambulance,3,4
n02701002_5934,ambulance,3,4
n02701002_5945,ambulance,3,0
n02701002_5946,ambulance,3,3
n02701002_5965,ambulance,3,0
n02701002_5982,ambulance,3,0
n02701002_5985,ambulance,3,4
n02701002_5989,ambulance,3,4
n02701002_5993,ambulance,3,3
n02701002_5997,ambulance,3,3
n02701002_6025,ambulance,3,1
n02701002_6028,ambulance,3,1
n02701002_6044,ambulance,3,2
n02701002_6046,ambulance,3,0
n02701002_6048,ambulance,3,0
n02701002_6054,ambulance,3,2
n02701002_6060,ambulance,3,0
n02701002_6074,ambulance,3,3
n02701002_6090,ambulance,3,3
n02701002_6092,ambulance,3,4
n02701002_6117,ambulance,3,0
n02701002_6119,ambulance,3,2
n02701002_6139,ambulance,3,3
n02701002_6166,ambulance,3,0
n02701002_6167,ambulance,3,3
n02701002_6177,ambulance,3,0
n02701002_6179,ambulance,3,1
n02701002_6184,ambulance,3,3
n02701002_6192,ambulance,3,1
n02701002_6198,ambulance,3,0
n02701002_62,ambulance,3,0
n02701002_6201,ambulance,3,0
n02701002_6204,ambulance,3,3
n02701002_6211,ambulance,3,2
n02701002_623,ambulance,3,0
n02701002_6241,ambulance,3,0
n02701002_6253,ambulance,3,1
n02701002_6270,ambulance,3,0
n02701002_6271,ambulance,3,2
n02701002_6287,ambulance,3,0
n02701002_6288,ambulance,3,3
n02701002_6289,ambulance,3,4
n02701002_630,ambulance,3,2
n02701002_6302,ambulance,3,1
n02701002_6303,ambulance,3,0
n02701002_6313,ambulance,3,1
n02701002_6323,ambulance,3,0
n02701002_6325,ambulance,3,0
n02701002_6335,ambulance,3,2
n02701002_6340,ambulance,3,0
n02701002_6343,ambulance,3,1
n02701002_6344,ambulance,3,4
n02701002_635,ambulance,3,0
n02701002_6357,ambulance,3,0
n02701002_6369,ambulance,3,0
n02701002_6377,ambulance,3,3
n02701002_638,ambulance,3,1
n02701002_6393,ambulance,3,2
n02701002_6396,ambulance,3,4
n02701002_6402,ambulance,3,3
n02701002_6405,ambulance,3,2
n02701002_6416,ambulance,3,4
n02701002_6422,ambulance,3,4
n02701002_6437,ambulance,3,4
n02701002_6452,ambulance,3,4
n02701002_646,ambulance,3,4
n02701002_6477,ambulance,3,1
n02701002_648,ambulance,3,2
n02701002_649,ambulance,3,2
n02701002_6492,ambulance,3,4
n02701002_6501,ambulance,3,0
n02701002_6503,ambulance,3,4
n02701002_6505,ambulance,3,0
n02701002_6509,ambulance,3,1
n02701002_6513,ambulance,3,4
n02701002_6514,ambulance,3,0
n02701002_652,ambulance,3,2
n02701002_6521,ambulance,3,1
n02701002_6526,ambulance,3,0
n02701002_6529,ambulance,3,4
n02701002_6532,ambulance,3,2
n02701002_6534,ambulance,3,4
n02701002_6548,ambulance,3,0
n02701002_655,ambulance,3,2
n02701002_6572,ambulance,3,3
n02701002_6591,ambulance,3,3
n02701002_6596,ambulance,3,3
n02701002_6604,ambulance,3,1
n02701002_6619,ambulance,3,1
n02701002_6623,ambulance,3,2
n02701002_6625,ambulance,3,2
n02701002_6630,ambulance,3,3
n02701002_6638,ambulance,3,0
n02701002_6647,ambulance,3,3
n02701002_6650,ambulance,3,3
n02701002_6662,ambulance,3,0
n02701002_6667,ambulance,3,4
n02701002_6713,ambulance,3,1
n02701002_6720,ambulance,3,4
n02701002_6721,ambulance,3,2
n02701002_673,ambulance,3,0
n02701002_6733,ambulance,3,4
n02701002_6740,ambulance,3,4
n02701002_6757,ambulance,3,2
n02701002_6758,ambulance,3,0
n02701002_676,ambulance,3,4
n02701002_6762,ambulance,3,3
n02701002_6775,ambulance,3,4
n02701002_6779,ambulance,3,4
n02701002_6789,ambulance,3,1
n02701002_681,ambulance,3,4
n02701002_6810,ambulance,3,2
n02701002_682,ambulance,3,3
n02701002_683,ambulance,3,3
n02701002_6835,ambulance,3,4
n02701002_6844,ambulance,3,2
n02701002_686,ambulance,3,2
n02701002_688,ambulance,3,1
n02701002_6883,ambulance,3,2
n02701002_6890,ambulance,3,1
n02701002_6891,ambulance,3,0
n02701002_6901,ambulance,3,1
n02701002_6917,ambulance,3,0
n02701002_693,ambulance,3,1
n02701002_6933,ambulance,3,1
n02701002_694,ambulance,3,3
n02701002_6954,ambulance,3,4
n02701002_6955,ambulance,3,1
n02701002_6960,ambulance,3,2
n02701002_6982,ambulance,3,1
n02701002_6996,ambulance,3,4
n02701002_7012,ambulance,3,2
n02701002_703,ambulance,3,4
n02701002_7031,ambulance,3,3
n02701002_7038,ambulance,3,2
n02701002_7039,ambulance,3,2
n02701002_7046,ambulance,3,0
n02701002_7057,ambulance,3,3
n02701002_7065,ambulance,3,4
n02701002_7071,ambulance,3,0
n02701002_7081,ambulance,3,3
n02701002_7103,ambulance,3,3
n02701002_7104,ambulance,3,4
n02701002_7117,ambulance,3,3
n02701002_7126,ambulance,3,0
n02701002_7131,ambulance,3,1
n02701002_714,ambulance,3,1
n02701002_7156,ambulance,3,0
n02701002_7164,ambulance,3,1
n02701002_7182,ambulance,3,1
n02701002_7207,ambulance,3,3
n02701002_724,ambulance,3,4
n02701002_7259,ambulance,3,1
n02701002_727,ambulance,3,4
n02701002_728,ambulance,3,3
n02701002_7326,ambulance,3,1
n02701002_7345,ambulance,3,2
n02701002_7380,ambulance,3,3
n02701002_7425,ambulance,3,3
n02701002_7439,ambulance,3,4
n02701002_744,ambulance,3,4
n02701002_7445,ambulance,3,4
n02701002_7479,ambulance,3,3
n02701002_751,ambulance,3,3
n02701002_752,ambulance,3,4
n02701002_753,ambulance,3,4
n02701002_7569,ambulance,3,0
n02701002_7573,ambulance,3,1
n02701002_7676,ambulance,3,1
n02701002_7695,ambulance,3,0
n02701002_773,ambulance,3,3
n02701002_7734,ambulance,3,4
n02701002_7742,ambulance,3,2
n02701002_7757,ambulance,3,0
n02701002_7776,ambulance,3,4
n02701002_779,ambulance,3,0
n02701002_782,ambulance,3,1
n02701002_784,ambulance,3,2
n02701002_785,ambulance,3,0
n02701002_787,ambulance,3,2
n02701002_7874,ambulance,3,3
n02701002_788,ambulance,3,3
n02701002_7886,ambulance,3,2
n02701002_789,ambulance,3,2
n02701002_7894,ambulance,3,0
n02701002_7898,ambulance,3,1
n02701002_7908,ambulance,3,3
n02701002_791,ambulance,3,4
n02701002_7941,ambulance,3,0
n02701002_8,ambulance,3,0
n02701002_8004,ambulance,3,3
n02701002_8018,ambulance,3,3
n02701002_802,ambulance,3,4
n02701002_803,ambulance,3,3
n02701002_804,ambulance,3,0
n02701002_805,ambulance,3,1
n02701002_807,ambulance,3,4
n02701002_809,ambulance,3,1
n02701002_8126,ambulance,3,4
n02701002_8194,ambulance,3,3
n02701002_82,ambulance,3,0
n02701002_8210,ambulance,3,2
n02701002_8232,ambulance,3,3
n02701002_825,ambulance,3,3
n02701002_8302,ambulance,3,4
n02701002_836,ambulance,3,0
n02701002_839,ambulance,3,2
n02701002_840,ambulance,3,2
n02701002_841,ambulance,3,0
n02701002_845,ambulance,3,3
n02701002_847,ambulance,3,0
n02701002_848,ambulance,3,4
n02701002_8504,ambulance,3,0
n02701002_8512,ambulance,3,0
n02701002_857,ambulance,3,3
n02701002_8586,ambulance,3,3
n02701002_86,ambulance,3,4
n02701002_861,ambulance,3,1
n02701002_8614,ambulance,3,3
n02701002_8616,ambulance,3,3
n02701002_864,ambulance,3,2
n02701002_873,ambulance,3,0
n02701002_877,ambulance,3,2
n02701002_8775,ambulance,3,2
n02701002_8833,ambulance,3,3
n02701002_8841,ambulance,3,4
n02701002_8892,ambulance,3,2
n02701002_89,ambulance,3,3
n02701002_890,ambulance,3,4
n02701002_891,ambulance,3,2
n02701002_8912,ambulance,3,2
n02701002_894,ambulance,3,0
n02701002_9022,ambulance,3,4
n02701002_903,ambulance,3,1
n02701002_9054,ambulance,3,0
n02701002_9069,ambulance,3,0
n02701002_9074,ambulance,3,2
n02701002_908,ambulance,3,0
n02701002_9088,ambulance,3,4
n02701002_9107,ambulance,3,1
n02701002_9118,ambulance,3,3
n02701002_913,ambulance,3,0
n02701002_916,ambulance,3,1
n02701002_919,ambulance,3,2
n02701002_9212,ambulance,3,3
n02701002_9221,ambulance,3,0
n02701002_925,ambulance,3,0
n02701002_9250,ambulance,3,0
n02701002_926,ambulance,3,3
n02701002_9268,ambulance,3,1
n02701002_9281,ambulance,3,1
n02701002_9285,ambulance,3,0
n02701002_932,ambulance,3,3
n02701002_936,ambulance,3,0
n02701002_9369,ambulance,3,3
n02701002_937,ambulance,3,1
n02701002_938,ambulance,3,1
n02701002_939,ambulance,3,4
n02701002_941,ambulance,3,3
n02701002_9426,ambulance,3,4
n02701002_944,ambulance,3,0
n02701002_953,ambulance,3,2
n02701002_9556,ambulance,3,3
n02701002_96,ambulance,3,3
n02701002_9659,ambulance,3,2
n02701002_9662,ambulance,3,1
n02701002_9663,ambulance,3,4
n02701002_9705,ambulance,3,1
n02701002_9706,ambulance,3,4
n02701002_9722,ambulance,3,2
n02701002_9738,ambulance,3,2
n02701002_976,ambulance,3,2
n02701002_9770,ambulance,3,4
n02701002_9796,ambulance,3,4
n02701002_984,ambulance,3,1
n02701002_9847,ambulance,3,2
n02701002_988,ambulance,3,3
n02701002_9899,ambulance,3,3
n02701002_9900,ambulance,3,2
n02701002_9918,ambulance,3,0
n02701002_9928,ambulance,3,2
n02701002_9931,ambulance,3,1
n02701002_9949,ambulance,3,2
n02701002_995,ambulance,3,2
n02701002_9988,ambulance,3,1
n02701002_9995,ambulance,3,3
n03345487_10,firetruck,3,3
n03345487_10066,firetruck,3,0
n03345487_10089,firetruck,3,0
n03345487_10112,firetruck,3,4
n03345487_10133,firetruck,3,4
n03345487_1016,firetruck,3,0
n03345487_10193,firetruck,3,3
n03345487_10194,firetruck,3,4
n03345487_10205,firetruck,3,3
n03345487_10222,firetruck,3,3
n03345487_10232,firetruck,3,0
n03345487_1028,firetruck,3,0
n03345487_10295,firetruck,3,4
n03345487_1031,firetruck,3,1
n03345487_10312,firetruck,3,3
n03345487_10313,firetruck,3,1
n03345487_10319,firetruck,3,4
n03345487_10334,firetruck,3,2
n03345487_10356,firetruck,3,1
n03345487_10367,firetruck,3,3
n03345487_10382,firetruck,3,3
n03345487_10383,firetruck,3,2
n03345487_10408,firetruck,3,3
n03345487_10423,firetruck,3,3
n03345487_10424,firetruck,3,2
n03345487_10437,firetruck,3,1
n03345487_10438,firetruck,3,2
n03345487_10465,firetruck,3,2
n03345487_10469,firetruck,3,0
n03345487_10511,firetruck,3,4
n03345487_10527,firetruck,3,1
n03345487_10557,firetruck,3,3
n03345487_1060,firetruck,3,3
n03345487_10610,firetruck,3,4
n03345487_10623,firetruck,3,0
n03345487_10630,firetruck,3,4
n03345487_10694,firetruck,3,4
n03345487_10697,firetruck,3,1
n03345487_10709,firetruck,3,4
n03345487_10710,firetruck,3,4
n03345487_10751,firetruck,3,3
n03345487_10798,firetruck,3,3
n03345487_108,firetruck,3,0
n03345487_10800,firetruck,3,4
n03345487_1082,firetruck,3,2
n03345487_10839,firetruck,3,0
n03345487_10842,firetruck,3,3
n03345487_10855,firetruck,3,2
n03345487_10894,firetruck,3,3
n03345487_10910,firetruck,3,0
n03345487_10921,firetruck,3,2
n03345487_10922,firetruck,3,1
n03345487_10953,firetruck,3,4
n03345487_10968,firetruck,3,0
n03345487_10985,firetruck,3,2
n03345487_11006,firetruck,3,4
n03345487_11016,firetruck,3,0
n03345487_11017,firetruck,3,0
n03345487_11036,firetruck,3,1
n03345487_11037,firetruck,3,0
n03345487_11043,firetruck,3,0
n03345487_11047,firetruck,3,2
n03345487_11072,firetruck,3,4
n03345487_11076,firetruck,3,3
n03345487_11088,firetruck,3,0
n03345487_11093,firetruck,3,3
n03345487_111,firetruck,3,2
n03345487_1112,firetruck,3,2
n03345487_11153,firetruck,3,3
n03345487_11157,firetruck,3,3
n03345487_11179,firetruck,3,4
n03345487_11189,firetruck,3,0
n03345487_11190,firetruck,3,2
n03345487_11192,firetruck,3,4
n03345487_11214,firetruck,3,4
n03345487_11218,firetruck,3,3
n03345487_11234,firetruck,3,2
n03345487_11246,firetruck,3,2
n03345487_11250,firetruck,3,0
n03345487_11257,firetruck,3,4
n03345487_11261,firetruck,3,1
n03345487_11265,firetruck,3,3
n03345487_11289,firetruck,3,0
n03345487_11290,firetruck,3,3
n03345487_11294,firetruck,3,2
n03345487_1130,firetruck,3,4
n03345487_11301,firetruck,3,0
n03345487_11326,firetruck,3,2
n03345487_11332,firetruck,3,1
n03345487_11337,firetruck,3,1
n03345487_11358,firetruck,3,2
n03345487_11366,firetruck,3,4
n03345487_11367,firetruck,3,4
n03345487_1137,firetruck,3,0
n03345487_1138,firetruck,3,0
n03345487_11407,firetruck,3,2
n03345487_11414,firetruck,3,4
n03345487_11416,firetruck,3,2
n03345487_1142,firetruck,3,0
n03345487_11448,firetruck,3,2
n03345487_1145,firetruck,3,1
n03345487_11457,firetruck,3,3
n03345487_11468,firetruck,3,0
n03345487_1147,firetruck,3,0
n03345487_11483,firetruck,3,0
n03345487_11493,firetruck,3,3
n03345487_11498,firetruck,3,3
n03345487_11512,firetruck,3,0
n03345487_11519,firetruck,3,4
n03345487_11543,firetruck,3,3
n03345487_11546,firetruck,3,3
n03345487_11563,firetruck,3,2
n03345487_11569,firetruck,3,3
n03345487_11592,firetruck,3,3
n03345487_116,firetruck,3,4
n03345487_11601,firetruck,3,1
n03345487_11609,firetruck,3,0
n03345487_1161,firetruck,3,2
n03345487_11628,firetruck,3,1
n03345487_1164,firetruck,3,4
n03345487_11662,firetruck,3,0
n03345487_11667,firetruck,3,0
n03345487_11669,firetruck,3,4
n03345487_11679,firetruck,3,2
n03345487_1168,firetruck,3,1
n03345487_11680,firetruck,3,1
n03345487_11685,firetruck,3,1
n03345487_11691,firetruck,3,2
n03345487_11692,firetruck,3,4
n03345487_11706,firetruck,3,1
n03345487_11712,firetruck,3,2
n03345487_11722,firetruck,3,0
n03345487_11739,firetruck,3,2
n03345487_1175,firetruck,3,1
n03345487_11752,firetruck,3,2
n03345487_11759,firetruck,3,2
n03345487_11773,firetruck,3,0
n03345487_11805,firetruck,3,2
n03345487_11839,firetruck,3,3
n03345487_11857,firetruck,3,1
n03345487_11865,firetruck,3,0
n03345487_11866,firetruck,3,0
n03345487_11883,firetruck,3,2
n03345487_11885,firetruck,3,4
n03345487_11889,firetruck,3,2
n03345487_11890,firetruck,3,1
n03345487_11901,firetruck,3,0
n03345487_11903,firetruck,3,0
n03345487_11906,firetruck,3,4
n03345487_11909,firetruck,3,4
n03345487_11917,firetruck,3,3
n03345487_11918,firetruck,3,3
n03345487_11923,firetruck,3,4
n03345487_11931,firetruck,3,2
n03345487_11940,firetruck,3,3
n03345487_11949,firetruck,3,2
n03345487_1195,firetruck,3,0
n03345487_11951,firetruck,3,4
n03345487_11954,firetruck,3,1
n03345487_11972,firetruck,3,1
n03345487_11989,firetruck,3,4
n03345487_11991,firetruck,3,2
n03345487_12001,firetruck,3,0
n03345487_12002,firetruck,3,2
n03345487_12006,firetruck,3,3
n03345487_12012,firetruck,3,3
n03345487_1202,firetruck,3,3
n03345487_12022,firetruck,3,3
n03345487_12031,firetruck,3,1
n03345487_12033,firetruck,3,1
n03345487_12035,firetruck,3,0
n03345487_12037,firetruck,3,2
n03345487_12042,firetruck,3,2
n03345487_12050,firetruck,3,1
n03345487_12079,firetruck,3,0
n03345487_12080,firetruck,3,1
n03345487_12083,firetruck,3,2
n03345487_12087,firetruck,3,3
n03345487_12101,firetruck,3,4
n03345487_12153,firetruck,3,2
n03345487_12155,firetruck,3,0
n03345487_12163,firetruck,3,1
n03345487_1218,firetruck,3,1
n03345487_12184,firetruck,3,3
n03345487_12226,firetruck,3,0
n03345487_12229,firetruck,3,0
n03345487_12241,firetruck,3,2
n03345487_12250,firetruck,3,2
n03345487_12267,firetruck,3,3
n03345487_12281,firetruck,3,1
n03345487_1232,firetruck,3,3
n03345487_1235,firetruck,3,3
n03345487_12356,firetruck,3,2
n03345487_1236,firetruck,3,2
n03345487_12399,firetruck,3,2
n03345487_12415,firetruck,3,0
n03345487_12442,firetruck,3,1
n03345487_1245,firetruck,3,3
n03345487_12458,firetruck,3,0
n03345487_12462,firetruck,3,1
n03345487_12618,firetruck,3,4
n03345487_1263,firetruck,3,2
n03345487_1265,firetruck,3,1
n03345487_12659,firetruck,3,4
n03345487_1268,firetruck,3,0
n03345487_1270,firetruck,3,1
n03345487_1271,firetruck,3,4
n03345487_1277,firetruck,3,2
n03345487_12784,firetruck,3,4
n03345487_1279,firetruck,3,2
n03345487_12804,firetruck,3,3
n03345487_12816,firetruck,3,1
n03345487_12824,firetruck,3,3
n03345487_12854,firetruck,3,2
n03345487_12903,firetruck,3,0
n03345487_1293,firetruck,3,0
n03345487_13051,firetruck,3,3
n03345487_13062,firetruck,3,3
n03345487_13103,firetruck,3,2
n03345487_13121,firetruck,3,4
n03345487_1319,firetruck,3,1
n03345487_13225,firetruck,3,2
n03345487_13226,firetruck,3,0
n03345487_13233,firetruck,3,0
n03345487_13251,firetruck,3,4
n03345487_13292,firetruck,3,0
n03345487_133,firetruck,3,3
n03345487_13315,firetruck,3,4
n03345487_13333,firetruck,3,0
n03345487_13366,firetruck,3,3
n03345487_13374,firetruck,3,3
n03345487_1347,firetruck,3,0
n03345487_13487,firetruck,3,3
n03345487_13491,firetruck,3,1
n03345487_135,firetruck,3,0
n03345487_13517,firetruck,3,1
n03345487_13523,firetruck,3,0
n03345487_13528,firetruck,3,4
n03345487_13557,firetruck,3,3
n03345487_13622,firetruck,3,0
n03345487_13631,firetruck,3,1
n03345487_13653,firetruck,3,0
n03345487_13682,firetruck,3,3
n03345487_13733,firetruck,3,4
n03345487_13750,firetruck,3,4
n03345487_13761,firetruck,3,3
n03345487_1378,firetruck,3,1
n03345487_1379,firetruck,3,3
n03345487_13799,firetruck,3,1
n03345487_13837,firetruck,3,2
n03345487_13869,firetruck,3,1
n03345487_13881,firetruck,3,2
n03345487_13910,firetruck,3,4
n03345487_13912,firetruck,3,3
n03345487_13967,firetruck,3,1
n03345487_1400,firetruck,3,3
n03345487_14041,firetruck,3,1
n03345487_14064,firetruck,3,3
n03345487_14073,firetruck,3,4
n03345487_14106,firetruck,3,3
n03345487_14112,firetruck,3,3
n03345487_14195,firetruck,3,4
n03345487_1423,firetruck,3,1
n03345487_14248,firetruck,3,0
n03345487_14251,firetruck,3,2
n03345487_14252,firetruck,3,1
n03345487_14253,firetruck,3,2
n03345487_14258,firetruck,3,1
n03345487_14268,firetruck,3,1
n03345487_14270,firetruck,3,2
n03345487_14279,firetruck,3,4
n03345487_14300,firetruck,3,1
n03345487_14324,firetruck,3,3
n03345487_14340,firetruck,3,1
n03345487_14347,firetruck,3,0
n03345487_14396,firetruck,3,4
n03345487_144,firetruck,3,4
n03345487_1440,firetruck,3,3
n03345487_14404,firetruck,3,0
n03345487_14405,firetruck,3,3
n03345487_14444,firetruck,3,4
n03345487_1445,firetruck,3,0
n03345487_14460,firetruck,3,0
n03345487_1447,firetruck,3,1
n03345487_14481,firetruck,3,3
n03345487_145,firetruck,3,4
n03345487_14515,firetruck,3,3
n03345487_14523,firetruck,3,0
n03345487_14538,firetruck,3,3
n03345487_14587,firetruck,3,1
n03345487_1459,firetruck,3,4
n03345487_14611,firetruck,3,2
n03345487_14628,firetruck,3,2
n03345487_14641,firetruck,3,3
n03345487_14666,firetruck,3,3
n03345487_1477,firetruck,3,2
n03345487_1478,firetruck,3,3
n03345487_14864,firetruck,3,0
n03345487_1487,firetruck,3,4
n03345487_1490,firetruck,3,1
n03345487_14906,firetruck,3,2
n03345487_14945,firetruck,3,2
n03345487_1495,firetruck,3,0
n03345487_14951,firetruck,3,3
n03345487_14960,firetruck,3,1
n03345487_15030,firetruck,3,2
n03345487_15050,firetruck,3,4
n03345487_15056,firetruck,3,3
n03345487_15090,firetruck,3,2
n03345487_15093,firetruck,3,0
n03345487_15121,firetruck,3,3
n03345487_15136,firetruck,3,1
n03345487_1516,firetruck,3,0
n03345487_1519,firetruck,3,0
n03345487_15197,firetruck,3,2
n03345487_15199,firetruck,3,3
n03345487_15203,firetruck,3,0
n03345487_15294,firetruck,3,0
n03345487_15391,firetruck,3,4
n03345487_1543,firetruck,3,0
n03345487_1544,firetruck,3,2
n03345487_1550,firetruck,3,1
n03345487_15627,firetruck,3,0
n03345487_15647,firetruck,3,2
n03345487_15652,firetruck,3,0
n03345487_1568,firetruck,3,0
n03345487_1569,firetruck,3,1
n03345487_15747,firetruck,3,1
n03345487_15764,firetruck,3,3
n03345487_15782,firetruck,3,2
n03345487_15786,firetruck,3,0
n03345487_15792,firetruck,3,1
n03345487_15840,firetruck,3,1
n03345487_15925,firetruck,3,2
n03345487_15973,firetruck,3,4
n03345487_15993,firetruck,3,3
n03345487_16076,firetruck,3,1
n03345487_16098,firetruck,3,0
n03345487_16163,firetruck,3,2
n03345487_16192,firetruck,3,0
n03345487_16208,firetruck,3,4
n03345487_16209,firetruck,3,3
n03345487_163,firetruck,3,0
n03345487_1631,firetruck,3,2
n03345487_16317,firetruck,3,3
n03345487_16348,firetruck,3,3
n03345487_1639,firetruck,3,0
n03345487_16416,firetruck,3,4
n03345487_16432,firetruck,3,2
n03345487_1649,firetruck,3,0
n03345487_16602,firetruck,3,0
n03345487_16628,firetruck,3,4
n03345487_16646,firetruck,3,1
n03345487_16744,firetruck,3,2
n03345487_16857,firetruck,3,2
n03345487_1692,firetruck,3,0
n03345487_1703,firetruck,3,4
n03345487_1704,firetruck,3,4
n03345487_1717,firetruck,3,2
n03345487_17215,firetruck,3,1
n03345487_17227,firetruck,3,4
n03345487_1730,firetruck,3,4
n03345487_17331,firetruck,3,3
n03345487_17360,firetruck,3,3
n03345487_17410,firetruck,3,0
n03345487_17475,firetruck,3,3
n03345487_17496,firetruck,3,0
n03345487_1762,firetruck,3,3
n03345487_17678,firetruck,3,4
n03345487_17769,firetruck,3,2
n03345487_17815,firetruck,3,3
n03345487_17869,firetruck,3,2
n03345487_18,firetruck,3,1
n03345487_18018,firetruck,3,1
n03345487_1804,firetruck,3,1
n03345487_18043,firetruck,3,2
n03345487_18075,firetruck,3,4
n03345487_18170,firetruck,3,1
n03345487_18230,firetruck,3,0
n03345487_18248,firetruck,3,2
n03345487_1826,firetruck,3,1
n03345487_18348,firetruck,3,1
n03345487_1837,firetruck,3,1
n03345487_18373,firetruck,3,0
n03345487_18382,firetruck,3,3
n03345487_1847,firetruck,3,4
n03345487_18475,firetruck,3,4
n03345487_1862,firetruck,3,3
n03345487_18712,firetruck,3,1
n03345487_18718,firetruck,3,4
n03345487_18730,firetruck,3,4
n03345487_18739,firetruck,3,0
n03345487_1881,firetruck,3,3
n03345487_1884,firetruck,3,1
n03345487_1889,firetruck,3,3
n03345487_19006,firetruck,3,4
n03345487_19022,firetruck,3,4
n03345487_1905,firetruck,3,3
n03345487_19052,firetruck,3,3
n03345487_19058,firetruck,3,1
n03345487_19071,firetruck,3,1
n03345487_192,firetruck,3,1
n03345487_1920,firetruck,3,0
n03345487_19322,firetruck,3,3
n03345487_1937,firetruck,3,2
n03345487_19448,firetruck,3,3
n03345487_19482,firetruck,3,4
n03345487_19517,firetruck,3,4
n03345487_19523,firetruck,3,1
n03345487_19527,firetruck,3,0
n03345487_196,firetruck,3,3
n03345487_19655,firetruck,3,2
n03345487_19736,firetruck,3,0
n03345487_19760,firetruck,3,2
n03345487_1979,firetruck,3,3
n03345487_19830,firetruck,3,3
n03345487_19835,firetruck,3,0
n03345487_1987,firetruck,3,4
n03345487_20031,firetruck,3,2
n03345487_20206,firetruck,3,2
n03345487_2021,firetruck,3,3
n03345487_20240,firetruck,3,1
n03345487_20304,firetruck,3,2
n03345487_20338,firetruck,3,0
n03345487_20360,firetruck,3,2
n03345487_20381,firetruck,3,0
n03345487_20475,firetruck,3,1
n03345487_205,firetruck,3,4
n03345487_20519,firetruck,3,0
n03345487_206,firetruck,3,3
n03345487_2061,firetruck,3,2
n03345487_2063,firetruck,3,3
n03345487_20677,firetruck,3,1
n03345487_20698,firetruck,3,0
n03345487_2076,firetruck,3,2
n03345487_2077,firetruck,3,3
n03345487_208,firetruck,3,2
n03345487_20807,firetruck,3,1
n03345487_2084,firetruck,3,4
n03345487_209,firetruck,3,4
n03345487_2091,firetruck,3,0
n03345487_2093,firetruck,3,1
n03345487_2095,firetruck,3,2
n03345487_210,firetruck,3,1
n03345487_21057,firetruck,3,2
n03345487_21071,firetruck,3,3
n03345487_2110,firetruck,3,4
n03345487_2115,firetruck,3,3
n03345487_21213,firetruck,3,0
n03345487_21234,firetruck,3,1
n03345487_21424,firetruck,3,1
n03345487_2143,firetruck,3,0
n03345487_21461,firetruck,3,2
n03345487_2147,firetruck,3,1
n03345487_2152,firetruck,3,0
n03345487_2155,firetruck,3,4
n03345487_21575,firetruck,3,4
n03345487_21643,firetruck,3,3
n03345487_2165,firetruck,3,2
n03345487_21741,firetruck,3,2
n03345487_2179,firetruck,3,2
n03345487_2206,firetruck,3,2
n03345487_22127,firetruck,3,0
n03345487_22142,firetruck,3,0
n03345487_22197,firetruck,3,3
n03345487_22217,firetruck,3,1
n03345487_22300,firetruck,3,1
n03345487_22333,firetruck,3,1
n03345487_2234,firetruck,3,1
n03345487_2236,firetruck,3,4
n03345487_2242,firetruck,3,2
n03345487_22483,firetruck,3,0
n03345487_2250,firetruck,3,1
n03345487_22534,firetruck,3,3
n03345487_2254,firetruck,3,1
n03345487_22552,firetruck,3,3
n03345487_2256,firetruck,3,4
n03345487_22567,firetruck,3,4
n03345487_2259,firetruck,3,3
n03345487_22632,firetruck,3,2
n03345487_2269,firetruck,3,1
n03345487_2272,firetruck,3,4
n03345487_2283,firetruck,3,2
n03345487_2284,firetruck,3,3
n03345487_2289,firetruck,3,4
n03345487_2291,firetruck,3,4
n03345487_2308,firetruck,3,4
n03345487_23150,firetruck,3,4
n03345487_23197,firetruck,3,2
n03345487_2323,firetruck,3,0
n03345487_23324,firetruck,3,1
n03345487_2335,firetruck,3,2
n03345487_2336,firetruck,3,2
n03345487_2340,firetruck,3,3
n03345487_2341,firetruck,3,4
n03345487_2352,firetruck,3,2
n03345487_2358,firetruck,3,1
n03345487_2363,firetruck,3,4
n03345487_2368,firetruck,3,4
n03345487_2389,firetruck,3,3
n03345487_2391,firetruck,3,1
n03345487_2406,firetruck,3,3
n03345487_2409,firetruck,3,2
n03345487_241,firetruck,3,2
n03345487_2411,firetruck,3,4
n03345487_2416,firetruck,3,4
n03345487_2426,firetruck,3,1
n03345487_2427,firetruck,3,2
n03345487_243,firetruck,3,0
n03345487_2438,firetruck,3,1
n03345487_2442,firetruck,3,4
n03345487_2446,firetruck,3,2
n03345487_245,firetruck,3,4
n03345487_2458,firetruck,3,4
n03345487_2464,firetruck,3,4
n03345487_2468,firetruck,3,4
n03345487_2471,firetruck,3,0
n03345487_2485,firetruck,3,2
n03345487_2493,firetruck,3,1
n03345487_2494,firetruck,3,0
n03345487_2496,firetruck,3,4
n03345487_250,firetruck,3,2
n03345487_2500,firetruck,3,3
n03345487_2506,firetruck,3,1
n03345487_251,firetruck,3,3
n03345487_2516,firetruck,3,3
n03345487_2542,firetruck,3,2
n03345487_2559,firetruck,3,0
n03345487_2565,firetruck,3,0
n03345487_2571,firetruck,3,1
n03345487_2578,firetruck,3,1
n03345487_2580,firetruck,3,3
n03345487_2588,firetruck,3,2
n03345487_2589,firetruck,3,1
n03345487_2590,firetruck,3,3
n03345487_2612,firetruck,3,4
n03345487_2616,firetruck,3,0
n03345487_2619,firetruck,3,1
n03345487_2627,firetruck,3,3
n03345487_2644,firetruck,3,3
n03345487_2654,firetruck,3,2
n03345487_2661,firetruck,3,2
n03345487_2667,firetruck,3,4
n03345487_267,firetruck,3,3
n03345487_2672,firetruck,3,2
n03345487_2721,firetruck,3,2
n03345487_2725,firetruck,3,1
n03345487_2728,firetruck,3,0
n03345487_2729,firetruck,3,1
n03345487_2730,firetruck,3,3
n03345487_2742,firetruck,3,4
n03345487_2751,firetruck,3,3
n03345487_2755,firetruck,3,3
n03345487_2766,firetruck,3,1
n03345487_2769,firetruck,3,2
n03345487_2777,firetruck,3,1
n03345487_279,firetruck,3,4
n03345487_2794,firetruck,3,1
n03345487_2795,firetruck,3,2
n03345487_2798,firetruck,3,2
n03345487_2800,firetruck,3,0
n03345487_2802,firetruck,3,0
n03345487_2805,firetruck,3,2
n03345487_2819,firetruck,3,3
n03345487_282,firetruck,3,2
n03345487_2827,firetruck,3,1
n03345487_2830,firetruck,3,4
n03345487_2835,firetruck,3,3
n03345487_2838,firetruck,3,3
n03345487_284,firetruck,3,4
n03345487_2846,firetruck,3,0
n03345487_2852,firetruck,3,0
n03345487_2856,firetruck,3,1
n03345487_2868,firetruck,3,3
n03345487_287,firetruck,3,0
n03345487_2884,firetruck,3,3
n03345487_2886,firetruck,3,3
n03345487_2891,firetruck,3,2
n03345487_2896,firetruck,3,0
n03345487_2905,firetruck,3,4
n03345487_2906,firetruck,3,2
n03345487_2916,firetruck,3,0
n03345487_2921,firetruck,3,1
n03345487_2928,firetruck,3,4
n03345487_2951,firetruck,3,4
n03345487_2958,firetruck,3,4
n03345487_2961,firetruck,3,2
n03345487_2962,firetruck,3,3
n03345487_2971,firetruck,3,2
n03345487_2972,firetruck,3,0
n03345487_2976,firetruck,3,1
n03345487_2977,firetruck,3,4
n03345487_2978,firetruck,3,1
n03345487_2979,firetruck,3,2
n03345487_2990,firetruck,3,4
n03345487_2994,firetruck,3,4
n03345487_2997,firetruck,3,1
n03345487_2998,firetruck,3,2
n03345487_3000,firetruck,3,1
n03345487_3013,firetruck,3,0
n03345487_3014,firetruck,3,2
n03345487_3016,firetruck,3,4
n03345487_3020,firetruck,3,0
n03345487_3030,firetruck,3,1
n03345487_3037,firetruck,3,2
n03345487_3042,firetruck,3,2
n03345487_3047,firetruck,3,1
n03345487_3052,firetruck,3,0
n03345487_3061,firetruck,3,2
n03345487_3071,firetruck,3,3
n03345487_3075,firetruck,3,2
n03345487_3082,firetruck,3,0
n03345487_3084,firetruck,3,2
n03345487_3090,firetruck,3,2
n03345487_3092,firetruck,3,4
n03345487_3093,firetruck,3,4
n03345487_3099,firetruck,3,1
n03345487_3102,firetruck,3,4
n03345487_311,firetruck,3,2
n03345487_3115,firetruck,3,3
n03345487_3121,firetruck,3,0
n03345487_3123,firetruck,3,0
n03345487_3127,firetruck,3,1
n03345487_3149,firetruck,3,1
n03345487_3151,firetruck,3,1
n03345487_3155,firetruck,3,0
n03345487_3159,firetruck,3,0
n03345487_317,firetruck,3,4
n03345487_3170,firetruck,3,0
n03345487_3176,firetruck,3,4
n03345487_3193,firetruck,3,0
n03345487_3195,firetruck,3,3
n03345487_3200,firetruck,3,0
n03345487_3202,firetruck,3,2
n03345487_3219,firetruck,3,4
n03345487_3238,firetruck,3,1
n03345487_3239,firetruck,3,1
n03345487_3241,firetruck,3,4
n03345487_3242,firetruck,3,3
n03345487_3250,firetruck,3,2
n03345487_327,firetruck,3,4
n03345487_3276,firetruck,3,4
n03345487_3279,firetruck,3,2
n03345487_328,firetruck,3,3
n03345487_3280,firetruck,3,1
n03345487_3285,firetruck,3,0
n03345487_3295,firetruck,3,0
n03345487_3304,firetruck,3,4
n03345487_3308,firetruck,3,4
n03345487_3311,firetruck,3,3
n03345487_3315,firetruck,3,1
n03345487_3321,firetruck,3,0
n03345487_334,firetruck,3,2
n03345487_3342,firetruck,3,2
n03345487_3348,firetruck,3,3
n03345487_335,firetruck,3,1
n03345487_3354,firetruck,3,1
n03345487_3375,firetruck,3,0
n03345487_3379,firetruck,3,1
n03345487_338,firetruck,3,4
n03345487_3380,firetruck,3,4
n03345487_3381,firetruck,3,3
n03345487_3388,firetruck,3,1
n03345487_3390,firetruck,3,3
n03345487_3393,firetruck,3,1
n03345487_3395,firetruck,3,4
n03345487_3396,firetruck,3,3
n03345487_3397,firetruck,3,4
n03345487_3402,firetruck,3,3
n03345487_3420,firetruck,3,3
n03345487_3441,firetruck,3,4
n03345487_3447,firetruck,3,1
n03345487_3461,firetruck,3,4
n03345487_3463,firetruck,3,0
n03345487_3468,firetruck,3,0
n03345487_3472,firetruck,3,2
n03345487_3482,firetruck,3,2
n03345487_3486,firetruck,3,1
n03345487_3489,firetruck,3,3
n03345487_3498,firetruck,3,1
n03345487_3499,firetruck,3,0
n03345487_3503,firetruck,3,1
n03345487_351,firetruck,3,4
n03345487_3521,firetruck,3,0
n03345487_353,firetruck,3,4
n03345487_3553,firetruck,3,0
n03345487_3554,firetruck,3,1
n03345487_3556,firetruck,3,0
n03345487_3578,firetruck,3,2
n03345487_3587,firetruck,3,3
n03345487_3597,firetruck,3,2
n03345487_3598,firetruck,3,2
n03345487_360,firetruck,3,2
n03345487_3606,firetruck,3,4
n03345487_3621,firetruck,3,4
n03345487_3633,firetruck,3,1
n03345487_3664,firetruck,3,1
n03345487_3665,firetruck,3,4
n03345487_3666,firetruck,3,1
n03345487_3672,firetruck,3,0
n03345487_3684,firetruck,3,2
n03345487_3689,firetruck,3,2
n03345487_3704,firetruck,3,1
n03345487_3714,firetruck,3,4
n03345487_3715,firetruck,3,2
n03345487_3717,firetruck,3,0
n03345487_3721,firetruck,3,0
n03345487_3735,firetruck,3,3
n03345487_3738,firetruck,3,0
n03345487_3740,firetruck,3,1
n03345487_3752,firetruck,3,2
n03345487_3756,firetruck,3,3
n03345487_3762,firetruck,3,3
n03345487_3763,firetruck,3,3
n03345487_3773,firetruck,3,0
n03345487_3780,firetruck,3,3
n03345487_38,firetruck,3,4
n03345487_3808,firetruck,3,1
n03345487_3816,firetruck,3,0
n03345487_3818,firetruck,3,1
n03345487_3820,firetruck,3,2
n03345487_3821,firetruck,3,4
n03345487_3823,firetruck,3,2
n03345487_3827,firetruck,3,1
n03345487_3835,firetruck,3,0
n03345487_3838,firetruck,3,3
n03345487_3848,firetruck,3,3
n03345487_3849,firetruck,3,2
n03345487_3852,firetruck,3,0
n03345487_3854,firetruck,3,1
n03345487_3856,firetruck,3,4
n03345487_386,firetruck,3,0
n03345487_3867,firetruck,3,2
n03345487_3870,firetruck,3,1
n03345487_3888,firetruck,3,3
n03345487_3904,firetruck,3,4
n03345487_3922,firetruck,3,1
n03345487_3924,firetruck,3,0
n03345487_3926,firetruck,3,2
n03345487_3938,firetruck,3,3
n03345487_3939,firetruck,3,4
n03345487_3947,firetruck,3,4
n03345487_3967,firetruck,3,2
n03345487_3968,firetruck,3,4
n03345487_3973,firetruck,3,4
n03345487_3990,firetruck,3,1
n03345487_40,firetruck,3,3
n03345487_4021,firetruck,3,2
n03345487_4023,firetruck,3,1
n03345487_4025,firetruck,3,0
n03345487_403,firetruck,3,1
n03345487_4066,firetruck,3,1
n03345487_4080,firetruck,3,0
n03345487_4089,firetruck,3,0
n03345487_4091,firetruck,3,2
n03345487_4093,firetruck,3,0
n03345487_410,firetruck,3,1
n03345487_4127,firetruck,3,0
n03345487_4131,firetruck,3,2
n03345487_4147,firetruck,3,1
n03345487_4153,firetruck,3,2
n03345487_4154,firetruck,3,1
n03345487_4160,firetruck,3,3
n03345487_4166,firetruck,3,4
n03345487_4169,firetruck,3,0
n03345487_417,firetruck,3,1
n03345487_4173,firetruck,3,4
n03345487_4174,firetruck,3,4
n03345487_4179,firetruck,3,4
n03345487_4184,firetruck,3,4
n03345487_4186,firetruck,3,1
n03345487_4196,firetruck,3,4
n03345487_4207,firetruck,3,1
n03345487_4208,firetruck,3,4
n03345487_4214,firetruck,3,0
n03345487_4220,firetruck,3,1
n03345487_4228,firetruck,3,4
n03345487_423,firetruck,3,2
n03345487_4249,firetruck,3,3
n03345487_4255,firetruck,3,3
n03345487_4270,firetruck,3,1
n03345487_4272,firetruck,3,0
n03345487_4289,firetruck,3,2
n03345487_4291,firetruck,3,0
n03345487_4306,firetruck,3,0
n03345487_4315,firetruck,3,1
n03345487_4331,firetruck,3,1
n03345487_434,firetruck,3,1
n03345487_4349,firetruck,3,1
n03345487_435,firetruck,3,1
n03345487_4356,firetruck,3,0
n03345487_4366,firetruck,3,4
n03345487_4374,firetruck,3,0
n03345487_4375,firetruck,3,3
n03345487_4377,firetruck,3,2
n03345487_4385,firetruck,3,2
n03345487_4390,firetruck,3,3
n03345487_4398,firetruck,3,2
n03345487_4399,firetruck,3,0
n03345487_4417,firetruck,3,4
n03345487_4431,firetruck,3,3
n03345487_4450,firetruck,3,1
n03345487_4460,firetruck,3,3
n03345487_4462,firetruck,3,1
n03345487_4467,firetruck,3,3
n03345487_4469,firetruck,3,1
n03345487_4475,firetruck,3,2
n03345487_4496,firetruck,3,3
n03345487_4511,firetruck,3,3
n03345487_4515,firetruck,3,3
n03345487_4517,firetruck,3,4
n03345487_4519,firetruck,3,4
n03345487_4520,firetruck,3,4
n03345487_4523,firetruck,3,3
n03345487_4530,firetruck,3,1
n03345487_4541,firetruck,3,0
n03345487_4546,firetruck,3,4
n03345487_4549,firetruck,3,1
n03345487_4556,firetruck,3,4
n03345487_4558,firetruck,3,4
n03345487_456,firetruck,3,4
n03345487_4572,firetruck,3,3
n03345487_4579,firetruck,3,0
n03345487_4587,firetruck,3,2
n03345487_4589,firetruck,3,0
n03345487_459,firetruck,3,4
n03345487_4596,firetruck,3,3
n03345487_4597,firetruck,3,1
n03345487_460,firetruck,3,3
n03345487_4618,firetruck,3,1
n03345487_4631,firetruck,3,1
n03345487_4644,firetruck,3,2
n03345487_4648,firetruck,3,2
n03345487_4653,firetruck,3,2
n03345487_4654,firetruck,3,4
n03345487_4671,firetruck,3,0
n03345487_4686,firetruck,3,2
n03345487_4703,firetruck,3,1
n03345487_4709,firetruck,3,2
n03345487_4715,firetruck,3,4
n03345487_4717,firetruck,3,2
n03345487_472,firetruck,3,1
n03345487_4725,firetruck,3,2
n03345487_4726,firetruck,3,4
n03345487_4731,firetruck,3,1
n03345487_474,firetruck,3,0
n03345487_4749,firetruck,3,3
n03345487_4773,firetruck,3,0
n03345487_4779,firetruck,3,3
n03345487_4782,firetruck,3,0
n03345487_4791,firetruck,3,3
n03345487_4799,firetruck,3,4
n03345487_4801,firetruck,3,0
n03345487_4802,firetruck,3,3
n03345487_4805,firetruck,3,3
n03345487_4807,firetruck,3,3
n03345487_4825,firetruck,3,3
n03345487_4826,firetruck,3,4
n03345487_4828,firetruck,3,4
n03345487_4835,firetruck,3,1
n03345487_4838,firetruck,3,0
n03345487_4843,firetruck,3,1
n03345487_4847,firetruck,3,2
n03345487_4850,firetruck,3,0
n03345487_4868,firetruck,3,0
n03345487_4869,firetruck,3,4
n03345487_4870,firetruck,3,1
n03345487_4872,firetruck,3,2
n03345487_4874,firetruck,3,0
n03345487_4876,firetruck,3,0
n03345487_4879,firetruck,3,0
n03345487_4897,firetruck,3,2
n03345487_4900,firetruck,3,2
n03345487_4902,firetruck,3,4
n03345487_4910,firetruck,3,4
n03345487_4927,firetruck,3,0
n03345487_4937,firetruck,3,1
n03345487_4944,firetruck,3,0
n03345487_495,firetruck,3,1
n03345487_4957,firetruck,3,4
n03345487_4967,firetruck,3,4
n03345487_4975,firetruck,3,3
n03345487_4980,firetruck,3,3
n03345487_4994,firetruck,3,3
n03345487_5,firetruck,3,1
n03345487_5000,firetruck,3,2
n03345487_5006,firetruck,3,1
n03345487_5027,firetruck,3,4
n03345487_5034,firetruck,3,1
n03345487_5044,firetruck,3,0
n03345487_5045,firetruck,3,3
n03345487_5049,firetruck,3,0
n03345487_5052,firetruck,3,0
n03345487_5056,firetruck,3,4
n03345487_5059,firetruck,3,1
n03345487_5064,firetruck,3,2
n03345487_5070,firetruck,3,2
n03345487_5083,firetruck,3,0
n03345487_5088,firetruck,3,1
n03345487_5089,firetruck,3,0
n03345487_5091,firetruck,3,2
n03345487_510,firetruck,3,1
n03345487_5106,firetruck,3,4
n03345487_511,firetruck,3,2
n03345487_5123,firetruck,3,3
n03345487_5135,firetruck,3,2
n03345487_5159,firetruck,3,4
n03345487_5177,firetruck,3,3
n03345487_5179,firetruck,3,2
n03345487_5185,firetruck,3,0
n03345487_5198,firetruck,3,4
n03345487_5202,firetruck,3,0
n03345487_5203,firetruck,3,1
n03345487_5248,firetruck,3,2
n03345487_5260,firetruck,3,0
n03345487_5282,firetruck,3,1
n03345487_5303,firetruck,3,4
n03345487_5304,firetruck,3,2
n03345487_5313,firetruck,3,1
n03345487_5314,firetruck,3,3
n03345487_5326,firetruck,3,1
n03345487_533,firetruck,3,1
n03345487_5334,firetruck,3,0
n03345487_5354,firetruck,3,0
n03345487_538,firetruck,3,3
n03345487_540,firetruck,3,3
n03345487_5400,firetruck,3,2
n03345487_5407,firetruck,3,3
n03345487_541,firetruck,3,2
n03345487_5418,firetruck,3,3
n03345487_5423,firetruck,3,1
n03345487_5428,firetruck,3,4
n03345487_5430,firetruck,3,4
n03345487_5438,firetruck,3,1
n03345487_5444,firetruck,3,0
n03345487_5445,firetruck,3,2
n03345487_5448,firetruck,3,3
n03345487_5455,firetruck,3,1
n03345487_5460,firetruck,3,1
n03345487_5464,firetruck,3,4
n03345487_5485,firetruck,3,1
n03345487_5503,firetruck,3,0
n03345487_5518,firetruck,3,3
n03345487_5527,firetruck,3,0
n03345487_5537,firetruck,3,3
n03345487_5539,firetruck,3,1
n03345487_5544,firetruck,3,2
n03345487_5552,firetruck,3,3
n03345487_5554,firetruck,3,4
n03345487_5561,firetruck,3,3
n03345487_5608,firetruck,3,0
n03345487_561,firetruck,3,1
n03345487_5615,firetruck,3,1
n03345487_5624,firetruck,3,3
n03345487_5643,firetruck,3,4
n03345487_5652,firetruck,3,1
n03345487_5672,firetruck,3,3
n03345487_5684,firetruck,3,4
n03345487_5689,firetruck,3,2
n03345487_5698,firetruck,3,0
n03345487_5726,firetruck,3,4
n03345487_573,firetruck,3,3
n03345487_5763,firetruck,3,2
n03345487_5775,firetruck,3,0
n03345487_578,firetruck,3,3
n03345487_5787,firetruck,3,2
n03345487_5788,firetruck,3,2
n03345487_5818,firetruck,3,4
n03345487_5836,firetruck,3,3
n03345487_5851,firetruck,3,4
n03345487_5865,firetruck,3,0
n03345487_5888,firetruck,3,3
n03345487_5898,firetruck,3,0
n03345487_5910,firetruck,3,0
n03345487_5916,firetruck,3,2
n03345487_5930,firetruck,3,0
n03345487_5949,firetruck,3,1
n03345487_5951,firetruck,3,1
n03345487_5962,firetruck,3,4
n03345487_598,firetruck,3,3
n03345487_5998,firetruck,3,4
n03345487_6000,firetruck,3,1
n03345487_601,firetruck,3,0
n03345487_602,firetruck,3,4
n03345487_6045,firetruck,3,0
n03345487_605,firetruck,3,2
n03345487_6056,firetruck,3,0
n03345487_6082,firetruck,3,1
n03345487_609,firetruck,3,2
n03345487_611,firetruck,3,1
n03345487_6134,firetruck,3,2
n03345487_6136,firetruck,3,4
n03345487_6141,firetruck,3,0
n03345487_6169,firetruck,3,1
n03345487_6178,firetruck,3,3
n03345487_6180,firetruck,3,2
n03345487_619,firetruck,3,1
n03345487_6191,firetruck,3,3
n03345487_6196,firetruck,3,2
n03345487_6207,firetruck,3,0
n03345487_6212,firetruck,3,1
n03345487_6222,firetruck,3,1
n03345487_6231,firetruck,3,3
n03345487_6239,firetruck,3,3
n03345487_624,firetruck,3,1
n03345487_6244,firetruck,3,0
n03345487_6260,firetruck,3,1
n03345487_6263,firetruck,3,0
n03345487_6270,firetruck,3,4
n03345487_6296,firetruck,3,0
n03345487_6298,firetruck,3,3
n03345487_6300,firetruck,3,2
n03345487_6307,firetruck,3,3
n03345487_6314,firetruck,3,4
n03345487_6335,firetruck,3,4
n03345487_6337,firetruck,3,0
n03345487_6339,firetruck,3,0
n03345487_635,firetruck,3,1
n03345487_6361,firetruck,3,0
n03345487_6365,firetruck,3,1
n03345487_6369,firetruck,3,1
n03345487_6379,firetruck,3,0
n03345487_6382,firetruck,3,3
n03345487_6421,firetruck,3,1
n03345487_6428,firetruck,3,1
n03345487_6451,firetruck,3,1
n03345487_6452,firetruck,3,3
n03345487_6462,firetruck,3,2
n03345487_6471,firetruck,3,4
n03345487_6483,firetruck,3,4
n03345487_6487,firetruck,3,4
n03345487_6490,firetruck,3,3
n03345487_6494,firetruck,3,3
n03345487_6497,firetruck,3,0
n03345487_6498,firetruck,3,0
n03345487_6499,firetruck,3,4
n03345487_65,firetruck,3,2
n03345487_6511,firetruck,3,1
n03345487_6515,firetruck,3,0
n03345487_6518,firetruck,3,4
n03345487_6519,firetruck,3,3
n03345487_6524,firetruck,3,2
n03345487_6550,firetruck,3,0
n03345487_6559,firetruck,3,4
n03345487_6572,firetruck,3,1
n03345487_6582,firetruck,3,0
n03345487_6605,firetruck,3,3
n03345487_6609,firetruck,3,0
n03345487_6618,firetruck,3,2
n03345487_6623,firetruck,3,4
n03345487_6637,firetruck,3,2
n03345487_6639,firetruck,3,1
n03345487_6644,firetruck,3,4
n03345487_6648,firetruck,3,0
n03345487_6661,firetruck,3,1
n03345487_6667,firetruck,3,3
n03345487_6677,firetruck,3,1
n03345487_6686,firetruck,3,2
n03345487_6689,firetruck,3,0
n03345487_670,firetruck,3,1
n03345487_6733,firetruck,3,4
n03345487_6736,firetruck,3,3
n03345487_6749,firetruck,3,1
n03345487_6752,firetruck,3,0
n03345487_6777,firetruck,3,3
n03345487_6779,firetruck,3,3
n03345487_6808,firetruck,3,1
n03345487_681,firetruck,3,1
n03345487_6812,firetruck,3,1
n03345487_6818,firetruck,3,4
n03345487_6826,firetruck,3,1
n03345487_6830,firetruck,3,3
n03345487_6843,firetruck,3,1
n03345487_6847,firetruck,3,2
n03345487_6851,firetruck,3,2
n03345487_6856,firetruck,3,1
n03345487_6859,firetruck,3,2
n03345487_686,firetruck,3,0
n03345487_6867,firetruck,3,4
n03345487_6881,firetruck,3,0
n03345487_6887,firetruck,3,1
n03345487_6891,firetruck,3,4
n03345487_6892,firetruck,3,4
n03345487_6912,firetruck,3,1
n03345487_6917,firetruck,3,0
n03345487_6921,firetruck,3,1
n03345487_6926,firetruck,3,1
n03345487_6932,firetruck,3,0
n03345487_6939,firetruck,3,4
n03345487_6964,firetruck,3,2
n03345487_6978,firetruck,3,0
n03345487_698,firetruck,3,0
n03345487_6990,firetruck,3,1
n03345487_7007,firetruck,3,1
n03345487_7012,firetruck,3,1
n03345487_7019,firetruck,3,3
n03345487_7028,firetruck,3,3
n03345487_7029,firetruck,3,1
n03345487_7040,firetruck,3,3
n03345487_7047,firetruck,3,2
n03345487_7060,firetruck,3,4
n03345487_7064,firetruck,3,3
n03345487_7069,firetruck,3,3
n03345487_7076,firetruck,3,0
n03345487_7085,firetruck,3,4
n03345487_709,firetruck,3,2
n03345487_7094,firetruck,3,2
n03345487_7098,firetruck,3,4
n03345487_710,firetruck,3,4
n03345487_7107,firetruck,3,2
n03345487_7117,firetruck,3,0
n03345487_7123,firetruck,3,3
n03345487_7127,firetruck,3,4
n03345487_7151,firetruck,3,1
n03345487_7158,firetruck,3,3
n03345487_717,firetruck,3,3
n03345487_718,firetruck,3,0
n03345487_7183,firetruck,3,1
n03345487_7184,firetruck,3,4
n03345487_7226,firetruck,3,2
n03345487_7232,firetruck,3,2
n03345487_7233,firetruck,3,3
n03345487_7240,firetruck,3,1
n03345487_7242,firetruck,3,3
n03345487_7262,firetruck,3,4
n03345487_7266,firetruck,3,1
n03345487_7291,firetruck,3,4
n03345487_7295,firetruck,3,4
n03345487_7320,firetruck,3,4
n03345487_7323,firetruck,3,0
n03345487_734,firetruck,3,3
n03345487_7341,firetruck,3,1
n03345487_7343,firetruck,3,2
n03345487_7344,firetruck,3,4
n03345487_7381,firetruck,3,0
n03345487_7386,firetruck,3,0
n03345487_7399,firetruck,3,1
n03345487_7403,firetruck,3,0
n03345487_7409,firetruck,3,2
n03345487_7410,firetruck,3,0
n03345487_7412,firetruck,3,3
n03345487_7425,firetruck,3,4
n03345487_7430,firetruck,3,2
n03345487_7435,firetruck,3,3
n03345487_7437,firetruck,3,2
n03345487_7440,firetruck,3,3
n03345487_7445,firetruck,3,0
n03345487_7459,firetruck,3,1
n03345487_7464,firetruck,3,3
n03345487_7469,firetruck,3,1
n03345487_7472,firetruck,3,2
n03345487_7476,firetruck,3,3
n03345487_7482,firetruck,3,1
n03345487_7484,firetruck,3,0
n03345487_7486,firetruck,3,1
n03345487_7487,firetruck,3,1
n03345487_7500,firetruck,3,3
n03345487_7505,firetruck,3,4
n03345487_7510,firetruck,3,4
n03345487_7514,firetruck,3,4
n03345487_7532,firetruck,3,4
n03345487_7535,firetruck,3,0
n03345487_7542,firetruck,3,0
n03345487_7548,firetruck,3,2
n03345487_755,firetruck,3,1
n03345487_7552,firetruck,3,1
n03345487_7569,firetruck,3,2
n03345487_757,firetruck,3,4
n03345487_7581,firetruck,3,0
n03345487_759,firetruck,3,1
n03345487_76,firetruck,3,3
n03345487_7601,firetruck,3,2
n03345487_7603,firetruck,3,3
n03345487_7618,firetruck,3,0
n03345487_7621,firetruck,3,2
n03345487_7623,firetruck,3,2
n03345487_7626,firetruck,3,4
n03345487_7633,firetruck,3,3
n03345487_7638,firetruck,3,2
n03345487_7656,firetruck,3,3
n03345487_7667,firetruck,3,4
n03345487_7680,firetruck,3,2
n03345487_7683,firetruck,3,2
n03345487_7689,firetruck,3,2
n03345487_7691,firetruck,3,1
n03345487_7696,firetruck,3,4
n03345487_7700,firetruck,3,2
n03345487_7705,firetruck,3,1
n03345487_7713,firetruck,3,1
n03345487_7717,firetruck,3,4
n03345487_772,firetruck,3,4
n03345487_7726,firetruck,3,3
n03345487_7728,firetruck,3,3
n03345487_776,firetruck,3,0
n03345487_7760,firetruck,3,2
n03345487_7762,firetruck,3,0
n03345487_7777,firetruck,3,0
n03345487_7779,firetruck,3,0
n03345487_7782,firetruck,3,1
n03345487_7792,firetruck,3,0
n03345487_7795,firetruck,3,1
n03345487_7798,firetruck,3,4
n03345487_78,firetruck,3,2
n03345487_7804,firetruck,3,3
n03345487_7805,firetruck,3,1
n03345487_7806,firetruck,3,4
n03345487_7808,firetruck,3,2
n03345487_7810,firetruck,3,3
n03345487_782,firetruck,3,4
n03345487_783,firetruck,3,0
n03345487_7833,firetruck,3,2
n03345487_7834,firetruck,3,2
n03345487_7836,firetruck,3,0
n03345487_7838,firetruck,3,2
n03345487_7844,firetruck,3,4
n03345487_785,firetruck,3,4
n03345487_7851,firetruck,3,2
n03345487_7857,firetruck,3,3
n03345487_7870,firetruck,3,3
n03345487_7880,firetruck,3,3
n03345487_7896,firetruck,3,4
n03345487_7897,firetruck,3,2
n03345487_790,firetruck,3,2
n03345487_7926,firetruck,3,0
n03345487_7929,firetruck,3,0
n03345487_7930,firetruck,3,2
n03345487_7931,firetruck,3,3
n03345487_7934,firetruck,3,4
n03345487_7960,firetruck,3,0
n03345487_7969,firetruck,3,4
n03345487_7981,firetruck,3,4
n03345487_800,firetruck,3,3
n03345487_8017,firetruck,3,3
n03345487_8018,firetruck,3,4
n03345487_8031,firetruck,3,1
n03345487_804,firetruck,3,3
n03345487_8045,firetruck,3,0
n03345487_8046,firetruck,3,4
n03345487_8053,firetruck,3,1
n03345487_8057,firetruck,3,0
n03345487_8063,firetruck,3,3
n03345487_8066,firetruck,3,3
n03345487_8077,firetruck,3,2
n03345487_8086,firetruck,3,3
n03345487_8092,firetruck,3,0
n03345487_8093,firetruck,3,3
n03345487_8101,firetruck,3,1
n03345487_8111,firetruck,3,0
n03345487_8122,firetruck,3,4
n03345487_8128,firetruck,3,4
n03345487_8131,firetruck,3,3
n03345487_8155,firetruck,3,1
n03345487_8158,firetruck,3,1
n03345487_8161,firetruck,3,2
n03345487_8169,firetruck,3,1
n03345487_8172,firetruck,3,4
n03345487_8174,firetruck,3,4
n03345487_8190,firetruck,3,0
n03345487_8199,firetruck,3,4
n03345487_8233,firetruck,3,3
n03345487_8235,firetruck,3,3
n03345487_8247,firetruck,3,2
n03345487_825,firetruck,3,4
n03345487_8266,firetruck,3,2
n03345487_829,firetruck,3,3
n03345487_8296,firetruck,3,0
n03345487_8304,firetruck,3,2
n03345487_8317,firetruck,3,4
n03345487_8323,firetruck,3,1
n03345487_8341,firetruck,3,2
n03345487_8362,firetruck,3,4
n03345487_8370,firetruck,3,0
n03345487_8375,firetruck,3,2
n03345487_839,firetruck,3,0
n03345487_8407,firetruck,3,2
n03345487_8413,firetruck,3,4
n03345487_844,firetruck,3,1
n03345487_8441,firetruck,3,2
n03345487_8474,firetruck,3,4
n03345487_8490,firetruck,3,4
n03345487_8510,firetruck,3,4
n03345487_8515,firetruck,3,2
n03345487_8523,firetruck,3,0
n03345487_8525,firetruck,3,2
n03345487_8558,firetruck,3,2
n03345487_8592,firetruck,3,4
n03345487_8610,firetruck,3,4
n03345487_8611,firetruck,3,0
n03345487_8615,firetruck,3,4
n03345487_8620,firetruck,3,4
n03345487_8629,firetruck,3,2
n03345487_8635,firetruck,3,3
n03345487_8639,firetruck,3,2
n03345487_8656,firetruck,3,3
n03345487_8671,firetruck,3,4
n03345487_8673,firetruck,3,4
n03345487_8679,firetruck,3,3
n03345487_8689,firetruck,3,0
n03345487_8693,firetruck,3,3
n03345487_8694,firetruck,3,3
n03345487_8699,firetruck,3,0
n03345487_8720,firetruck,3,4
n03345487_8766,firetruck,3,1
n03345487_8801,firetruck,3,3
n03345487_8802,firetruck,3,2
n03345487_882,firetruck,3,2
n03345487_8832,firetruck,3,2
n03345487_8839,firetruck,3,0
n03345487_8842,firetruck,3,2
n03345487_8847,firetruck,3,2
n03345487_8850,firetruck,3,0
n03345487_8891,firetruck,3,4
n03345487_8913,firetruck,3,2
n03345487_8919,firetruck,3,2
n03345487_8944,firetruck,3,3
n03345487_8958,firetruck,3,0
n03345487_8968,firetruck,3,0
n03345487_8991,firetruck,3,1
n03345487_8994,firetruck,3,2
n03345487_900,firetruck,3,3
n03345487_9006,firetruck,3,3
n03345487_9007,firetruck,3,3
n03345487_903,firetruck,3,2
n03345487_9038,firetruck,3,3
n03345487_9041,firetruck,3,0
n03345487_9044,firetruck,3,2
n03345487_9053,firetruck,3,0
n03345487_9083,firetruck,3,0
n03345487_9095,firetruck,3,4
n03345487_9101,firetruck,3,2
n03345487_9102,firetruck,3,3
n03345487_9123,firetruck,3,3
n03345487_9149,firetruck,3,1
n03345487_9227,firetruck,3,0
n03345487_9242,firetruck,3,0
n03345487_9253,firetruck,3,3
n03345487_926,firetruck,3,1
n03345487_9321,firetruck,3,2
n03345487_9369,firetruck,3,2
n03345487_9459,firetruck,3,3
n03345487_947,firetruck,3,0
n03345487_9482,firetruck,3,4
n03345487_949,firetruck,3,4
n03345487_9497,firetruck,3,2
n03345487_953,firetruck,3,0
n03345487_9535,firetruck,3,3
n03345487_9546,firetruck,3,2
n03345487_9558,firetruck,3,4
n03345487_9653,firetruck,3,4
n03345487_9664,firetruck,3,1
n03345487_976,firetruck,3,4
n03345487_9804,firetruck,3,4
n03345487_9854,firetruck,3,1
n03345487_9889,firetruck,3,2
n03345487_9893,firetruck,3,3
n03345487_9979,firetruck,3,3
n02701002_1,ambulance,4,1
n02701002_10,ambulance,4,2
n02701002_10004,ambulance,4,0
n02701002_1003,ambulance,4,1
n02701002_10046,ambulance,4,0
n02701002_10068,ambulance,4,3
n02701002_1007,ambulance,4,4
n02701002_10073,ambulance,4,3
n02701002_10091,ambulance,4,3
n02701002_10092,ambulance,4,3
n02701002_101,ambulance,4,2
n02701002_10156,ambulance,4,3
n02701002_1020,ambulance,4,0
n02701002_10200,ambulance,4,0
n02701002_1023,ambulance,4,0
n02701002_10251,ambulance,4,4
n02701002_10253,ambulance,4,2
n02701002_10279,ambulance,4,0
n02701002_1029,ambulance,4,1
n02701002_10324,ambulance,4,4
n02701002_10333,ambulance,4,0
n02701002_1035,ambulance,4,4
n02701002_10365,ambulance,4,3
n02701002_1038,ambulance,4,0
n02701002_10391,ambulance,4,1
n02701002_1040,ambulance,4,0
n02701002_1041,ambulance,4,2
n02701002_10422,ambulance,4,4
n02701002_1044,ambulance,4,4
n02701002_10444,ambulance,4,0
n02701002_10452,ambulance,4,3
n02701002_10497,ambulance,4,0
n02701002_1051,ambulance,4,3
n02701002_10558,ambulance,4,3
n02701002_1056,ambulance,4,3
n02701002_1059,ambulance,4,2
n02701002_10624,ambulance,4,0
n02701002_10625,ambulance,4,3
n02701002_1063,ambulance,4,1
n02701002_10648,ambulance,4,0
n02701002_10678,ambulance,4,1
n02701002_107,ambulance,4,2
n02701002_1070,ambulance,4,1
n02701002_10707,ambulance,4,4
n02701002_1073,ambulance,4,3
n02701002_10736,ambulance,4,2
n02701002_10745,ambulance,4,2
n02701002_1076,ambulance,4,0
n02701002_10767,ambulance,4,3
n02701002_1078,ambulance,4,0
n02701002_108,ambulance,4,0
n02701002_10847,ambulance,4,0
n02701002_1086,ambulance,4,1
n02701002_1087,ambulance,4,2
n02701002_10888,ambulance,4,4
n02701002_10894,ambulance,4,3
n02701002_1091,ambulance,4,4
n02701002_1092,ambulance,4,3
n02701002_10922,ambulance,4,2
n02701002_10926,ambulance,4,0
n02701002_10937,ambulance,4,2
n02701002_1094,ambulance,4,4
n02701002_10956,ambulance,4,1
n02701002_1096,ambulance,4,0
n02701002_11014,ambulance,4,1
n02701002_11017,ambulance,4,1
n02701002_11033,ambulance,4,1
n02701002_11048,ambulance,4,4
n02701002_1107,ambulance,4,2
n02701002_11083,ambulance,4,1
n02701002_11109,ambulance,4,1
n02701002_1112,ambulance,4,0
n02701002_1117,ambulance,4,4
n02701002_11206,ambulance,4,4
n02701002_11209,ambulance,4,1
n02701002_1126,ambulance,4,4
n02701002_11283,ambulance,4,0
n02701002_11320,ambulance,4,0
n02701002_11363,ambulance,4,0
n02701002_11393,ambulance,4,4
n02701002_114,ambulance,4,0
n02701002_11426,ambulance,4,1
n02701002_11433,ambulance,4,1
n02701002_1144,ambulance,4,4
n02701002_1146,ambulance,4,1
n02701002_11489,ambulance,4,0
n02701002_11492,ambulance,4,4
n02701002_115,ambulance,4,0
n02701002_1151,ambulance,4,2
n02701002_11574,ambulance,4,1
n02701002_1159,ambulance,4,3
n02701002_11595,ambulance,4,3
n02701002_11610,ambulance,4,3
n02701002_11614,ambulance,4,1
n02701002_11621,ambulance,4,0
n02701002_11647,ambulance,4,1
n02701002_11668,ambulance,4,4
n02701002_11677,ambulance,4,2
n02701002_11725,ambulance,4,3
n02701002_11738,ambulance,4,4
n02701002_1175,ambulance,4,1
n02701002_11756,ambulance,4,0
n02701002_1177,ambulance,4,2
n02701002_11773,ambulance,4,1
n02701002_11786,ambulance,4,3
n02701002_11790,ambulance,4,0
n02701002_11802,ambulance,4,4
n02701002_1182,ambulance,4,4
n02701002_1183,ambulance,4,0
n02701002_11841,ambulance,4,1
n02701002_11874,ambulance,4,0
n02701002_11882,ambulance,4,4
n02701002_11890,ambulance,4,2
n02701002_11912,ambulance,4,4
n02701002_11927,ambulance,4,2
n02701002_1195,ambulance,4,2
n02701002_11954,ambulance,4,0
n02701002_11976,ambulance,4,1
n02701002_1201,ambulance,4,1
n02701002_12025,ambulance,4,0
n02701002_1204,ambulance,4,2
n02701002_1207,ambulance,4,1
n02701002_12098,ambulance,4,0
n02701002_121,ambulance,4,0
n02701002_1213,ambulance,4,3
n02701002_12136,ambulance,4,3
n02701002_1215,ambulance,4,3
n02701002_12156,ambulance,4,1
n02701002_1216,ambulance,4,3
n02701002_12204,ambulance,4,4
n02701002_12242,ambulance,4,2
n02701002_12262,ambulance,4,4
n02701002_12264,ambulance,4,0
n02701002_12277,ambulance,4,0
n02701002_12278,ambulance,4,4
n02701002_1228,ambulance,4,2
n02701002_12301,ambulance,4,2
n02701002_12310,ambulance,4,0
n02701002_12331,ambulance,4,1
n02701002_1234,ambulance,4,2
n02701002_124,ambulance,4,3
n02701002_12415,ambulance,4,1
n02701002_1242,ambulance,4,3
n02701002_12421,ambulance,4,1
n02701002_12429,ambulance,4,0
n02701002_12456,ambulance,4,4
n02701002_1247,ambulance,4,2
n02701002_1249,ambulance,4,0
n02701002_12497,ambulance,4,3
n02701002_12513,ambulance,4,2
n02701002_12514,ambulance,4,1
n02701002_1252,ambulance,4,1
n02701002_1253,ambulance,4,0
n02701002_12543,ambulance,4,3
n02701002_12561,ambulance,4,1
n02701002_12570,ambulance,4,1
n02701002_12587,ambulance,4,3
n02701002_12601,ambulance,4,4
n02701002_12622,ambulance,4,0
n02701002_12630,ambulance,4,4
n02701002_1264,ambulance,4,3
n02701002_1269,ambulance,4,4
n02701002_1270,ambulance,4,2
n02701002_12714,ambulance,4,1
n02701002_1272,ambulance,4,3
n02701002_1274,ambulance,4,0
n02701002_12757,ambulance,4,3
n02701002_12762,ambulance,4,0
n02701002_1279,ambulance,4,4
n02701002_12796,ambulance,4,0
n02701002_128,ambulance,4,4
n02701002_1286,ambulance,4,0
n02701002_12867,ambulance,4,2
n02701002_1287,ambulance,4,1
n02701002_12876,ambulance,4,0
n02701002_12944,ambulance,4,4
n02701002_12953,ambulance,4,4
n02701002_12954,ambulance,4,1
n02701002_12964,ambulance,4,3
n02701002_12971,ambulance,4,1
n02701002_12991,ambulance,4,4
n02701002_13027,ambulance,4,2
n02701002_1303,ambulance,4,4
n02701002_13052,ambulance,4,2
n02701002_13054,ambulance,4,2
n02701002_1315,ambulance,4,4
n02701002_13156,ambulance,4,3
n02701002_1316,ambulance,4,1
n02701002_13169,ambulance,4,0
n02701002_1318,ambulance,4,2
n02701002_13213,ambulance,4,1
n02701002_1325,ambulance,4,4
n02701002_13255,ambulance,4,2
n02701002_13263,ambulance,4,1
n02701002_13277,ambulance,4,4
n02701002_1330,ambulance,4,3
n02701002_1332,ambulance,4,3
n02701002_13345,ambulance,4,2
n02701002_13370,ambulance,4,0
n02701002_1341,ambulance,4,4
n02701002_1343,ambulance,4,2
n02701002_1347,ambulance,4,1
n02701002_13494,ambulance,4,0
n02701002_13507,ambulance,4,0
n02701002_13509,ambulance,4,0
n02701002_13560,ambulance,4,4
n02701002_13564,ambulance,4,2
n02701002_1358,ambulance,4,2
n02701002_13584,ambulance,4,0
n02701002_13594,ambulance,4,3
n02701002_13599,ambulance,4,2
n02701002_1361,ambulance,4,2
n02701002_13613,ambulance,4,4
n02701002_1364,ambulance,4,4
n02701002_13667,ambulance,4,4
n02701002_13688,ambulance,4,0
n02701002_13690,ambulance,4,0
n02701002_13698,ambulance,4,1
n02701002_1371,ambulance,4,0
n02701002_13733,ambulance,4,1
n02701002_13751,ambulance,4,1
n02701002_13780,ambulance,4,1
n02701002_13781,ambulance,4,0
n02701002_13793,ambulance,4,1
n02701002_13808,ambulance,4,2
n02701002_1382,ambulance,4,4
n02701002_13820,ambulance,4,2
n02701002_13824,ambulance,4,2
n02701002_1384,ambulance,4,1
n02701002_1386,ambulance,4,1
n02701002_13900,ambulance,4,1
n02701002_1393,ambulance,4,1
n02701002_13949,ambulance,4,0
n02701002_13980,ambulance,4,3
n02701002_1400,ambulance,4,4
n02701002_1401,ambulance,4,0
n02701002_14013,ambulance,4,3
n02701002_14031,ambulance,4,1
n02701002_14032,ambulance,4,1
n02701002_1404,ambulance,4,0
n02701002_14050,ambulance,4,1
n02701002_14080,ambulance,4,3
n02701002_14122,ambulance,4,0
n02701002_1414,ambulance,4,3
n02701002_1415,ambulance,4,1
n02701002_14159,ambulance,4,4
n02701002_14200,ambulance,4,0
n02701002_14209,ambulance,4,4
n02701002_14217,ambulance,4,0
n02701002_14226,ambulance,4,2
n02701002_14241,ambulance,4,3
n02701002_14275,ambulance,4,2
n02701002_1428,ambulance,4,3
n02701002_14308,ambulance,4,0
n02701002_14327,ambulance,4,3
n02701002_14383,ambulance,4,4
n02701002_14392,ambulance,4,0
n02701002_1440,ambulance,4,4
n02701002_1441,ambulance,4,0
n02701002_14440,ambulance,4,3
n02701002_14446,ambulance,4,1
n02701002_14450,ambulance,4,0
n02701002_1447,ambulance,4,2
n02701002_1448,ambulance,4,1
n02701002_14502,ambulance,4,4
n02701002_1451,ambulance,4,3
n02701002_14514,ambulance,4,1
n02701002_14530,ambulance,4,0
n02701002_1454,ambulance,4,0
n02701002_14541,ambulance,4,2
n02701002_1455,ambulance,4,0
n02701002_14576,ambulance,4,0
n02701002_14582,ambulance,4,2
n02701002_1459,ambulance,4,0
n02701002_14591,ambulance,4,4
n02701002_1460,ambulance,4,2
n02701002_1463,ambulance,4,2
n02701002_1468,ambulance,4,4
n02701002_14690,ambulance,4,0
n02701002_1470,ambulance,4,4
n02701002_1471,ambulance,4,1
n02701002_14816,ambulance,4,0
n02701002_1482,ambulance,4,4
n02701002_14861,ambulance,4,4
n02701002_1487,ambulance,4,1
n02701002_14871,ambulance,4,2
n02701002_14887,ambulance,4,1
n02701002_1489,ambulance,4,2
n02701002_1490,ambulance,4,0
n02701002_14926,ambulance,4,4
n02701002_1493,ambulance,4,1
n02701002_14965,ambulance,4,2
n02701002_1497,ambulance,4,4
n02701002_1499,ambulance,4,4
n02701002_15045,ambulance,4,4
n02701002_1506,ambulance,4,0
n02701002_15073,ambulance,4,2
n02701002_1508,ambulance,4,0
n02701002_15080,ambulance,4,1
n02701002_1509,ambulance,4,2
n02701002_1511,ambulance,4,2
n02701002_1515,ambulance,4,0
n02701002_15167,ambulance,4,4
n02701002_15182,ambulance,4,0
n02701002_15197,ambulance,4,0
n02701002_1526,ambulance,4,3
n02701002_15279,ambulance,4,1
n02701002_1528,ambulance,4,0
n02701002_15289,ambulance,4,2
n02701002_1533,ambulance,4,0
n02701002_1535,ambulance,4,2
n02701002_1537,ambulance,4,1
n02701002_15383,ambulance,4,2
n02701002_15392,ambulance,4,2
n02701002_154,ambulance,4,3
n02701002_1540,ambulance,4,0
n02701002_1541,ambulance,4,3
n02701002_15411,ambulance,4,4
n02701002_15417,ambulance,4,3
n02701002_1542,ambulance,4,4
n02701002_15420,ambulance,4,2
n02701002_15423,ambulance,4,1
n02701002_15428,ambulance,4,4
n02701002_1547,ambulance,4,3
n02701002_15523,ambulance,4,4
n02701002_1553,ambulance,4,0
n02701002_1555,ambulance,4,2
n02701002_15550,ambulance,4,1
n02701002_1557,ambulance,4,3
n02701002_15583,ambulance,4,4
n02701002_15609,ambulance,4,0
n02701002_1562,ambulance,4,0
n02701002_15638,ambulance,4,0
n02701002_15645,ambulance,4,4
n02701002_1565,ambulance,4,2
n02701002_15668,ambulance,4,0
n02701002_15727,ambulance,4,0
n02701002_15748,ambulance,4,4
n02701002_1576,ambulance,4,2
n02701002_15774,ambulance,4,1
n02701002_1578,ambulance,4,1
n02701002_15837,ambulance,4,2
n02701002_15843,ambulance,4,2
n02701002_15859,ambulance,4,1
n02701002_1588,ambulance,4,0
n02701002_15883,ambulance,4,3
n02701002_15898,ambulance,4,2
n02701002_15919,ambulance,4,2
n02701002_1592,ambulance,4,1
n02701002_15923,ambulance,4,4
n02701002_15924,ambulance,4,2
n02701002_1594,ambulance,4,0
n02701002_1595,ambulance,4,1
n02701002_1596,ambulance,4,1
n02701002_15965,ambulance,4,3
n02701002_1599,ambulance,4,4
n02701002_15993,ambulance,4,0
n02701002_16004,ambulance,4,0
n02701002_16027,ambulance,4,1
n02701002_1605,ambulance,4,1
n02701002_16062,ambulance,4,4
n02701002_16090,ambulance,4,4
n02701002_16116,ambulance,4,0
n02701002_16125,ambulance,4,3
n02701002_1614,ambulance,4,4
n02701002_16149,ambulance,4,0
n02701002_1615,ambulance,4,0
n02701002_1617,ambulance,4,0
n02701002_16183,ambulance,4,4
n02701002_1619,ambulance,4,1
n02701002_16208,ambulance,4,2
n02701002_1622,ambulance,4,1
n02701002_1623,ambulance,4,3
n02701002_1625,ambulance,4,2
n02701002_16281,ambulance,4,1
n02701002_1630,ambulance,4,4
n02701002_1631,ambulance,4,3
n02701002_1632,ambulance,4,3
n02701002_16347,ambulance,4,1
n02701002_16357,ambulance,4,1
n02701002_16377,ambulance,4,2
n02701002_16407,ambulance,4,2
n02701002_16435,ambulance,4,2
n02701002_16488,ambulance,4,1
n02701002_1649,ambulance,4,2
n02701002_165,ambulance,4,3
n02701002_16507,ambulance,4,3
n02701002_1658,ambulance,4,0
n02701002_16592,ambulance,4,0
n02701002_1660,ambulance,4,2
n02701002_16611,ambulance,4,2
n02701002_16612,ambulance,4,3
n02701002_1662,ambulance,4,1
n02701002_1663,ambulance,4,2
n02701002_1667,ambulance,4,0
n02701002_16688,ambulance,4,1
n02701002_16707,ambulance,4,4
n02701002_16708,ambulance,4,3
n02701002_1671,ambulance,4,3
n02701002_16750,ambulance,4,3
n02701002_1678,ambulance,4,0
n02701002_16803,ambulance,4,4
n02701002_1681,ambulance,4,4
n02701002_16871,ambulance,4,4
n02701002_1689,ambulance,4,3
n02701002_1691,ambulance,4,2
n02701002_16927,ambulance,4,1
n02701002_1693,ambulance,4,1
n02701002_16932,ambulance,4,2
n02701002_1695,ambulance,4,0
n02701002_17025,ambulance,4,4
n02701002_17030,ambulance,4,1
n02701002_17039,ambulance,4,2
n02701002_17067,ambulance,4,1
n02701002_17070,ambulance,4,2
n02701002_1709,ambulance,4,0
n02701002_17113,ambulance,4,2
n02701002_17119,ambulance,4,2
n02701002_1713,ambulance,4,2
n02701002_1714,ambulance,4,4
n02701002_17140,ambulance,4,3
n02701002_17149,ambulance,4,4
n02701002_1715,ambulance,4,3
n02701002_17150,ambulance,4,2
n02701002_17168,ambulance,4,2
n02701002_17209,ambulance,4,4
n02701002_1724,ambulance,4,0
n02701002_1732,ambulance,4,4
n02701002_1733,ambulance,4,3
n02701002_1735,ambulance,4,0
n02701002_1736,ambulance,4,0
n02701002_1737,ambulance,4,3
n02701002_17385,ambulance,4,3
n02701002_17416,ambulance,4,4
n02701002_1746,ambulance,4,3
n02701002_1748,ambulance,4,3
n02701002_17485,ambulance,4,2
n02701002_17491,ambulance,4,3
n02701002_17492,ambulance,4,0
n02701002_175,ambulance,4,2
n02701002_17500,ambulance,4,0
n02701002_1753,ambulance,4,3
n02701002_17576,ambulance,4,0
n02701002_1760,ambulance,4,4
n02701002_17620,ambulance,4,4
n02701002_1767,ambulance,4,4
n02701002_17717,ambulance,4,1
n02701002_1774,ambulance,4,3
n02701002_1775,ambulance,4,1
n02701002_1776,ambulance,4,3
n02701002_1777,ambulance,4,1
n02701002_17786,ambulance,4,1
n02701002_1780,ambulance,4,2
n02701002_17823,ambulance,4,1
n02701002_1785,ambulance,4,3
n02701002_1789,ambulance,4,2
n02701002_1792,ambulance,4,2
n02701002_1793,ambulance,4,0
n02701002_17933,ambulance,4,0
n02701002_17951,ambulance,4,3
n02701002_17954,ambulance,4,1
n02701002_1797,ambulance,4,4
n02701002_1802,ambulance,4,1
n02701002_18046,ambulance,4,4
n02701002_18064,ambulance,4,4
n02701002_1811,ambulance,4,1
n02701002_18112,ambulance,4,2
n02701002_1814,ambulance,4,1
n02701002_18146,ambulance,4,4
n02701002_1816,ambulance,4,4
n02701002_18162,ambulance,4,4
n02701002_1818,ambulance,4,4
n02701002_1819,ambulance,4,2
n02701002_1820,ambulance,4,0
n02701002_18232,ambulance,4,3
n02701002_18242,ambulance,4,1
n02701002_1830,ambulance,4,0
n02701002_1832,ambulance,4,2
n02701002_18342,ambulance,4,4
n02701002_18366,ambulance,4,0
n02701002_1837,ambulance,4,0
n02701002_18372,ambulance,4,4
n02701002_1839,ambulance,4,4
n02701002_18480,ambulance,4,3
n02701002_18490,ambulance,4,3
n02701002_18507,ambulance,4,0
n02701002_18508,ambulance,4,2
n02701002_18572,ambulance,4,2
n02701002_18600,ambulance,4,4
n02701002_18607,ambulance,4,3
n02701002_1864,ambulance,4,4
n02701002_18685,ambulance,4,3
n02701002_18691,ambulance,4,1
n02701002_18725,ambulance,4,1
n02701002_1886,ambulance,4,3
n02701002_1895,ambulance,4,0
n02701002_1904,ambulance,4,1
n02701002_1911,ambulance,4,3
n02701002_1914,ambulance,4,0
n02701002_1927,ambulance,4,3
n02701002_1928,ambulance,4,2
n02701002_1939,ambulance,4,3
n02701002_1943,ambulance,4,0
n02701002_1955,ambulance,4,1
n02701002_196,ambulance,4,0
n02701002_1966,ambulance,4,3
n02701002_197,ambulance,4,0
n02701002_1971,ambulance,4,1
n02701002_198,ambulance,4,4
n02701002_1987,ambulance,4,3
n02701002_199,ambulance,4,4
n02701002_1992,ambulance,4,0
n02701002_1995,ambulance,4,0
n02701002_20,ambulance,4,1
n02701002_2001,ambulance,4,0
n02701002_2006,ambulance,4,3
n02701002_2011,ambulance,4,4
n02701002_2012,ambulance,4,2
n02701002_2019,ambulance,4,2
n02701002_2021,ambulance,4,3
n02701002_2024,ambulance,4,4
n02701002_2043,ambulance,4,4
n02701002_2056,ambulance,4,2
n02701002_2064,ambulance,4,4
n02701002_2078,ambulance,4,2
n02701002_2090,ambulance,4,0
n02701002_2091,ambulance,4,2
n02701002_2097,ambulance,4,3
n02701002_2118,ambulance,4,0
n02701002_212,ambulance,4,3
n02701002_2122,ambulance,4,2
n02701002_2131,ambulance,4,0
n02701002_2134,ambulance,4,2
n02701002_2139,ambulance,4,0
n02701002_2140,ambulance,4,0
n02701002_2154,ambulance,4,3
n02701002_2157,ambulance,4,3
n02701002_2164,ambulance,4,3
n02701002_2166,ambulance,4,0
n02701002_2177,ambulance,4,0
n02701002_2187,ambulance,4,4
n02701002_2188,ambulance,4,2
n02701002_2194,ambulance,4,4
n02701002_2201,ambulance,4,2
n02701002_2216,ambulance,4,1
n02701002_2218,ambulance,4,0
n02701002_2220,ambulance,4,1
n02701002_2221,ambulance,4,1
n02701002_2224,ambulance,4,2
n02701002_2225,ambulance,4,0
n02701002_2227,ambulance,4,2
n02701002_2229,ambulance,4,1
n02701002_224,ambulance,4,4
n02701002_2241,ambulance,4,3
n02701002_2252,ambulance,4,4
n02701002_2256,ambulance,4,2
n02701002_2259,ambulance,4,4
n02701002_2275,ambulance,4,0
n02701002_2280,ambulance,4,0
n02701002_2288,ambulance,4,2
n02701002_2297,ambulance,4,0
n02701002_2299,ambulance,4,1
n02701002_2306,ambulance,4,0
n02701002_2307,ambulance,4,0
n02701002_2311,ambulance,4,4
n02701002_2327,ambulance,4,4
n02701002_2338,ambulance,4,1
n02701002_2343,ambulance,4,3
n02701002_2358,ambulance,4,4
n02701002_2361,ambulance,4,3
n02701002_2381,ambulance,4,3
n02701002_2397,ambulance,4,4
n02701002_2405,ambulance,4,1
n02701002_2408,ambulance,4,1
n02701002_2413,ambulance,4,3
n02701002_2418,ambulance,4,2
n02701002_2422,ambulance,4,3
n02701002_2425,ambulance,4,4
n02701002_2426,ambulance,4,2
n02701002_2435,ambulance,4,1
n02701002_244,ambulance,4,1
n02701002_2447,ambulance,4,2
n02701002_2449,ambulance,4,2
n02701002_2454,ambulance,4,0
n02701002_246,ambulance,4,3
n02701002_2464,ambulance,4,0
n02701002_2470,ambulance,4,4
n02701002_2478,ambulance,4,1
n02701002_248,ambulance,4,4
n02701002_2488,ambulance,4,4
n02701002_249,ambulance,4,2
n02701002_2492,ambulance,4,1
n02701002_2493,ambulance,4,2
n02701002_2503,ambulance,4,2
n02701002_2511,ambulance,4,1
n02701002_255,ambulance,4,2
n02701002_2553,ambulance,4,1
n02701002_2565,ambulance,4,4
n02701002_2590,ambulance,4,3
n02701002_2593,ambulance,4,2
n02701002_2616,ambulance,4,4
n02701002_2624,ambulance,4,4
n02701002_2625,ambulance,4,0
n02701002_2628,ambulance,4,2
n02701002_2636,ambulance,4,3
n02701002_2638,ambulance,4,1
n02701002_2639,ambulance,4,4
n02701002_2651,ambulance,4,1
n02701002_2664,ambulance,4,3
n02701002_2683,ambulance,4,4
n02701002_2693,ambulance,4,1
n02701002_2728,ambulance,4,4
n02701002_2732,ambulance,4,0
n02701002_274,ambulance,4,4
n02701002_2740,ambulance,4,2
n02701002_2741,ambulance,4,3
n02701002_2757,ambulance,4,4
n02701002_2758,ambulance,4,1
n02701002_276,ambulance,4,3
n02701002_278,ambulance,4,0
n02701002_2780,ambulance,4,4
n02701002_2785,ambulance,4,1
n02701002_2805,ambulance,4,4
n02701002_281,ambulance,4,3
n02701002_2821,ambulance,4,2
n02701002_2825,ambulance,4,4
n02701002_2832,ambulance,4,3
n02701002_2837,ambulance,4,2
n02701002_285,ambulance,4,1
n02701002_2863,ambulance,4,0
n02701002_2868,ambulance,4,1
n02701002_287,ambulance,4,2
n02701002_2872,ambulance,4,4
n02701002_288,ambulance,4,3
n02701002_2883,ambulance,4,2
n02701002_2889,ambulance,4,1
n02701002_2894,ambulance,4,2
n02701002_290,ambulance,4,2
n02701002_2907,ambulance,4,1
n02701002_2915,ambulance,4,1
n02701002_2928,ambulance,4,3
n02701002_2935,ambulance,4,3
n02701002_2936,ambulance,4,0
n02701002_2937,ambulance,4,4
n02701002_2940,ambulance,4,0
n02701002_2945,ambulance,4,1
n02701002_2962,ambulance,4,3
n02701002_2968,ambulance,4,4
n02701002_2972,ambulance,4,3
n02701002_2980,ambulance,4,2
n02701002_2982,ambulance,4,0
n02701002_2992,ambulance,4,0
n02701002_3003,ambulance,4,1
n02701002_3008,ambulance,4,3
n02701002_3010,ambulance,4,0
n02701002_3016,ambulance,4,0
n02701002_302,ambulance,4,0
n02701002_3024,ambulance,4,0
n02701002_3025,ambulance,4,3
n02701002_3029,ambulance,4,3
n02701002_3031,ambulance,4,2
n02701002_3032,ambulance,4,1
n02701002_3040,ambulance,4,4
n02701002_3049,ambulance,4,1
n02701002_3051,ambulance,4,0
n02701002_3053,ambulance,4,1
n02701002_3066,ambulance,4,1
n02701002_3068,ambulance,4,3
n02701002_3082,ambulance,4,4
n02701002_3086,ambulance,4,4
n02701002_3087,ambulance,4,4
n02701002_3094,ambulance,4,2
n02701002_3102,ambulance,4,0
n02701002_3107,ambulance,4,1
n02701002_3112,ambulance,4,1
n02701002_3113,ambulance,4,2
n02701002_3115,ambulance,4,2
n02701002_3118,ambulance,4,3
n02701002_3132,ambulance,4,4
n02701002_3136,ambulance,4,1
n02701002_3138,ambulance,4,0
n02701002_3154,ambulance,4,4
n02701002_3155,ambulance,4,2
n02701002_3156,ambulance,4,1
n02701002_3158,ambulance,4,3
n02701002_316,ambulance,4,4
n02701002_3161,ambulance,4,4
n02701002_3165,ambulance,4,0
n02701002_3167,ambulance,4,2
n02701002_3173,ambulance,4,2
n02701002_3177,ambulance,4,1
n02701002_3183,ambulance,4,2
n02701002_3185,ambulance,4,3
n02701002_3189,ambulance,4,0
n02701002_3190,ambulance,4,3
n02701002_3200,ambulance,4,3
n02701002_3201,ambulance,4,3
n02701002_3208,ambulance,4,3
n02701002_3209,ambulance,4,0
n02701002_3210,ambulance,4,3
n02701002_3212,ambulance,4,4
n02701002_3217,ambulance,4,0
n02701002_3219,ambulance,4,1
n02701002_322,ambulance,4,1
n02701002_3221,ambulance,4,0
n02701002_3223,ambulance,4,4
n02701002_3225,ambulance,4,0
n02701002_3227,ambulance,4,4
n02701002_3231,ambulance,4,0
n02701002_3236,ambulance,4,2
n02701002_3243,ambulance,4,1
n02701002_3251,ambulance,4,1
n02701002_3252,ambulance,4,2
n02701002_3254,ambulance,4,3
n02701002_3255,ambulance,4,0
n02701002_3263,ambulance,4,4
n02701002_3265,ambulance,4,4
n02701002_3266,ambulance,4,0
n02701002_3268,ambulance,4,1
n02701002_3269,ambulance,4,4
n02701002_3276,ambulance,4,3
n02701002_3279,ambulance,4,4
n02701002_328,ambulance,4,1
n02701002_3292,ambulance,4,4
n02701002_3302,ambulance,4,3
n02701002_3305,ambulance,4,1
n02701002_3310,ambulance,4,2
n02701002_3315,ambulance,4,4
n02701002_3318,ambulance,4,4
n02701002_3324,ambulance,4,3
n02701002_3326,ambulance,4,3
n02701002_333,ambulance,4,0
n02701002_3335,ambulance,4,0
n02701002_3340,ambulance,4,3
n02701002_3346,ambulance,4,3
n02701002_3348,ambulance,4,3
n02701002_3349,ambulance,4,1
n02701002_336,ambulance,4,0
n02701002_3361,ambulance,4,0
n02701002_3372,ambulance,4,4
n02701002_3379,ambulance,4,3
n02701002_3381,ambulance,4,0
n02701002_3387,ambulance,4,4
n02701002_3389,ambulance,4,3
n02701002_3391,ambulance,4,4
n02701002_3397,ambulance,4,3
n02701002_340,ambulance,4,3
n02701002_3402,ambulance,4,0
n02701002_3405,ambulance,4,2
n02701002_3406,ambulance,4,2
n02701002_3409,ambulance,4,4
n02701002_3420,ambulance,4,4
n02701002_3423,ambulance,4,1
n02701002_3428,ambulance,4,0
n02701002_3434,ambulance,4,3
n02701002_3436,ambulance,4,4
n02701002_3441,ambulance,4,3
n02701002_3457,ambulance,4,1
n02701002_3461,ambulance,4,4
n02701002_3463,ambulance,4,3
n02701002_3466,ambulance,4,3
n02701002_3469,ambulance,4,2
n02701002_3479,ambulance,4,2
n02701002_3480,ambulance,4,1
n02701002_3481,ambulance,4,2
n02701002_3486,ambulance,4,3
n02701002_3500,ambulance,4,1
n02701002_3508,ambulance,4,0
n02701002_351,ambulance,4,0
n02701002_3514,ambulance,4,0
n02701002_3517,ambulance,4,3
n02701002_3522,ambulance,4,4
n02701002_3528,ambulance,4,3
n02701002_353,ambulance,4,0
n02701002_3530,ambulance,4,1
n02701002_3533,ambulance,4,0
n02701002_354,ambulance,4,0
n02701002_3542,ambulance,4,2
n02701002_3543,ambulance,4,0
n02701002_3549,ambulance,4,1
n02701002_3553,ambulance,4,4
n02701002_3559,ambulance,4,1
n02701002_356,ambulance,4,4
n02701002_3561,ambulance,4,2
n02701002_3563,ambulance,4,0
n02701002_3564,ambulance,4,1
n02701002_3572,ambulance,4,0
n02701002_3573,ambulance,4,1
n02701002_3579,ambulance,4,1
n02701002_3584,ambulance,4,0
n02701002_3592,ambulance,4,2
n02701002_3598,ambulance,4,4
n02701002_3599,ambulance,4,1
n02701002_3601,ambulance,4,3
n02701002_3608,ambulance,4,3
n02701002_3612,ambulance,4,4
n02701002_3615,ambulance,4,4
n02701002_3616,ambulance,4,3
n02701002_3629,ambulance,4,1
n02701002_3632,ambulance,4,2
n02701002_3633,ambulance,4,4
n02701002_3639,ambulance,4,0
n02701002_3644,ambulance,4,0
n02701002_3646,ambulance,4,3
n02701002_3660,ambulance,4,4
n02701002_3664,ambulance,4,2
n02701002_3665,ambulance,4,4
n02701002_3668,ambulance,4,0
n02701002_3669,ambulance,4,0
n02701002_3672,ambulance,4,1
n02701002_3673,ambulance,4,3
n02701002_3674,ambulance,4,2
n02701002_368,ambulance,4,3
n02701002_3680,ambulance,4,2
n02701002_3682,ambulance,4,3
n02701002_369,ambulance,4,1
n02701002_3690,ambulance,4,0
n02701002_3694,ambulance,4,3
n02701002_3698,ambulance,4,1
n02701002_37,ambulance,4,3
n02701002_3700,ambulance,4,4
n02701002_3705,ambulance,4,0
n02701002_3713,ambulance,4,4
n02701002_3717,ambulance,4,1
n02701002_3719,ambulance,4,4
n02701002_3729,ambulance,4,2
n02701002_373,ambulance,4,3
n02701002_3735,ambulance,4,3
n02701002_3744,ambulance,4,4
n02701002_3755,ambulance,4,2
n02701002_3759,ambulance,4,3
n02701002_3762,ambulance,4,2
n02701002_3768,ambulance,4,0
n02701002_3776,ambulance,4,2
n02701002_3783,ambulance,4,1
n02701002_3789,ambulance,4,3
n02701002_3798,ambulance,4,2
n02701002_3801,ambulance,4,2
n02701002_3806,ambulance,4,4
n02701002_381,ambulance,4,4
n02701002_3827,ambulance,4,3
n02701002_383,ambulance,4,0
n02701002_3830,ambulance,4,4
n02701002_3833,ambulance,4,2
n02701002_3846,ambulance,4,2
n02701002_3850,ambulance,4,0
n02701002_3855,ambulance,4,0
n02701002_3857,ambulance,4,2
n02701002_3858,ambulance,4,4
n02701002_3862,ambulance,4,2
n02701002_3863,ambulance,4,3
n02701002_3866,ambulance,4,3
n02701002_3869,ambulance,4,1
n02701002_3872,ambulance,4,4
n02701002_3874,ambulance,4,3
n02701002_3884,ambulance,4,0
n02701002_3895,ambulance,4,2
n02701002_3897,ambulance,4,1
n02701002_3898,ambulance,4,4
n02701002_390,ambulance,4,3
n02701002_3902,ambulance,4,4
n02701002_3904,ambulance,4,2
n02701002_3906,ambulance,4,1
n02701002_3907,ambulance,4,0
n02701002_3912,ambulance,4,0
n02701002_3925,ambulance,4,4
n02701002_3927,ambulance,4,0
n02701002_3932,ambulance,4,0
n02701002_3934,ambulance,4,2
n02701002_3940,ambulance,4,0
n02701002_3941,ambulance,4,2
n02701002_3943,ambulance,4,4
n02701002_3950,ambulance,4,2
n02701002_3952,ambulance,4,3
n02701002_3953,ambulance,4,4
n02701002_3955,ambulance,4,0
n02701002_396,ambulance,4,2
n02701002_3966,ambulance,4,1
n02701002_3975,ambulance,4,3
n02701002_3978,ambulance,4,4
n02701002_3979,ambulance,4,0
n02701002_3985,ambulance,4,1
n02701002_3987,ambulance,4,4
n02701002_3989,ambulance,4,2
n02701002_3993,ambulance,4,0
n02701002_3996,ambulance,4,4
n02701002_3999,ambulance,4,4
n02701002_4009,ambulance,4,1
n02701002_4010,ambulance,4,1
n02701002_4016,ambulance,4,4
n02701002_4024,ambulance,4,2
n02701002_4027,ambulance,4,0
n02701002_4030,ambulance,4,3
n02701002_4031,ambulance,4,2
n02701002_4032,ambulance,4,2
n02701002_4033,ambulance,4,1
n02701002_4038,ambulance,4,4
n02701002_4045,ambulance,4,0
n02701002_4047,ambulance,4,3
n02701002_4048,ambulance,4,0
n02701002_4062,ambulance,4,3
n02701002_4063,ambulance,4,3
n02701002_4065,ambulance,4,2
n02701002_4071,ambulance,4,2
n02701002_4073,ambulance,4,2
n02701002_4074,ambulance,4,4
n02701002_4092,ambulance,4,3
n02701002_4095,ambulance,4,2
n02701002_4108,ambulance,4,1
n02701002_4112,ambulance,4,0
n02701002_4121,ambulance,4,4
n02701002_4125,ambulance,4,0
n02701002_4127,ambulance,4,1
n02701002_4128,ambulance,4,0
n02701002_4129,ambulance,4,2
n02701002_4139,ambulance,4,4
n02701002_4148,ambulance,4,4
n02701002_4150,ambulance,4,1
n02701002_4152,ambulance,4,1
n02701002_4155,ambulance,4,1
n02701002_4158,ambulance,4,3
n02701002_4171,ambulance,4,2
n02701002_4174,ambulance,4,0
n02701002_4178,ambulance,4,1
n02701002_4186,ambulance,4,3
n02701002_4194,ambulance,4,2
n02701002_4198,ambulance,4,0
n02701002_4203,ambulance,4,0
n02701002_421,ambulance,4,0
n02701002_4212,ambulance,4,2
n02701002_4219,ambulance,4,3
n02701002_4221,ambulance,4,1
n02701002_4223,ambulance,4,1
n02701002_4229,ambulance,4,2
n02701002_4231,ambulance,4,0
n02701002_4234,ambulance,4,4
n02701002_4241,ambulance,4,2
n02701002_4252,ambulance,4,3
n02701002_4262,ambulance,4,1
n02701002_4264,ambulance,4,4
n02701002_4266,ambulance,4,4
n02701002_4274,ambulance,4,4
n02701002_4276,ambulance,4,3
n02701002_4279,ambulance,4,3
n02701002_4286,ambulance,4,1
n02701002_4287,ambulance,4,4
n02701002_4289,ambulance,4,4
n02701002_4296,ambulance,4,1
n02701002_4299,ambulance,4,0
n02701002_4302,ambulance,4,2
n02701002_4311,ambulance,4,4
n02701002_4312,ambulance,4,4
n02701002_4314,ambulance,4,3
n02701002_4317,ambulance,4,2
n02701002_4340,ambulance,4,1
n02701002_4341,ambulance,4,2
n02701002_4347,ambulance,4,4
n02701002_4349,ambulance,4,1
n02701002_4351,ambulance,4,0
n02701002_4353,ambulance,4,4
n02701002_436,ambulance,4,0
n02701002_4360,ambulance,4,3
n02701002_4363,ambulance,4,0
n02701002_4364,ambulance,4,1
n02701002_4371,ambulance,4,3
n02701002_4379,ambulance,4,1
n02701002_4386,ambulance,4,2
n02701002_4391,ambulance,4,3
n02701002_4392,ambulance,4,3
n02701002_4397,ambulance,4,2
n02701002_4401,ambulance,4,3
n02701002_4403,ambulance,4,1
n02701002_4404,ambulance,4,3
n02701002_4414,ambulance,4,3
n02701002_4419,ambulance,4,3
n02701002_4425,ambulance,4,3
n02701002_4426,ambulance,4,3
n02701002_4431,ambulance,4,4
n02701002_4433,ambulance,4,2
n02701002_4434,ambulance,4,2
n02701002_4436,ambulance,4,2
n02701002_4438,ambulance,4,3
n02701002_4439,ambulance,4,2
n02701002_4449,ambulance,4,2
n02701002_4468,ambulance,4,0
n02701002_4474,ambulance,4,1
n02701002_4482,ambulance,4,4
n02701002_4496,ambulance,4,1
n02701002_4500,ambulance,4,1
n02701002_4504,ambulance,4,4
n02701002_4507,ambulance,4,1
n02701002_4512,ambulance,4,2
n02701002_4522,ambulance,4,4
n02701002_4528,ambulance,4,2
n02701002_4533,ambulance,4,3
n02701002_4538,ambulance,4,3
n02701002_4540,ambulance,4,0
n02701002_4547,ambulance,4,1
n02701002_4558,ambulance,4,3
n02701002_4562,ambulance,4,4
n02701002_4566,ambulance,4,4
n02701002_4568,ambulance,4,0
n02701002_4572,ambulance,4,1
n02701002_4577,ambulance,4,4
n02701002_4581,ambulance,4,2
n02701002_4598,ambulance,4,2
n02701002_46,ambulance,4,2
n02701002_4600,ambulance,4,3
n02701002_4603,ambulance,4,0
n02701002_4604,ambulance,4,0
n02701002_4607,ambulance,4,4
n02701002_4611,ambulance,4,4
n02701002_4615,ambulance,4,1
n02701002_4616,ambulance,4,4
n02701002_4624,ambulance,4,3
n02701002_4628,ambulance,4,4
n02701002_4635,ambulance,4,0
n02701002_4637,ambulance,4,0
n02701002_4644,ambulance,4,4
n02701002_4646,ambulance,4,3
n02701002_4662,ambulance,4,2
n02701002_4664,ambulance,4,1
n02701002_4666,ambulance,4,3
n02701002_467,ambulance,4,1
n02701002_4675,ambulance,4,4
n02701002_4678,ambulance,4,1
n02701002_468,ambulance,4,1
n02701002_4700,ambulance,4,1
n02701002_4701,ambulance,4,2
n02701002_4714,ambulance,4,1
n02701002_4717,ambulance,4,2
n02701002_4735,ambulance,4,0
n02701002_4737,ambulance,4,2
n02701002_4740,ambulance,4,0
n02701002_4752,ambulance,4,3
n02701002_4754,ambulance,4,2
n02701002_4756,ambulance,4,1
n02701002_4771,ambulance,4,2
n02701002_4781,ambulance,4,4
n02701002_4785,ambulance,4,1
n02701002_4793,ambulance,4,1
n02701002_4796,ambulance,4,1
n02701002_4797,ambulance,4,0
n02701002_4806,ambulance,4,4
n02701002_4818,ambulance,4,3
n02701002_4820,ambulance,4,2
n02701002_4827,ambulance,4,0
n02701002_4830,ambulance,4,2
n02701002_4842,ambulance,4,2
n02701002_4863,ambulance,4,1
n02701002_4864,ambulance,4,2
n02701002_4866,ambulance,4,3
n02701002_4867,ambulance,4,4
n02701002_4873,ambulance,4,2
n02701002_4876,ambulance,4,2
n02701002_4886,ambulance,4,3
n02701002_4891,ambulance,4,3
n02701002_4894,ambulance,4,4
n02701002_4896,ambulance,4,0
n02701002_4897,ambulance,4,1
n02701002_4902,ambulance,4,3
n02701002_4903,ambulance,4,2
n02701002_4909,ambulance,4,4
n02701002_4910,ambulance,4,1
n02701002_4913,ambulance,4,3
n02701002_4915,ambulance,4,1
n02701002_4917,ambulance,4,0
n02701002_4922,ambulance,4,2
n02701002_4924,ambulance,4,2
n02701002_4930,ambulance,4,2
n02701002_4937,ambulance,4,3
n02701002_4944,ambulance,4,4
n02701002_4948,ambulance,4,3
n02701002_4951,ambulance,4,1
n02701002_4953,ambulance,4,0
n02701002_4955,ambulance,4,1
n02701002_4956,ambulance,4,3
n02701002_496,ambulance,4,3
n02701002_497,ambulance,4,2
n02701002_4984,ambulance,4,2
n02701002_4987,ambulance,4,4
n02701002_4990,ambulance,4,3
n02701002_4992,ambulance,4,3
n02701002_4996,ambulance,4,3
n02701002_5013,ambulance,4,3
n02701002_5014,ambulance,4,4
n02701002_5016,ambulance,4,1
n02701002_5017,ambulance,4,0
n02701002_502,ambulance,4,1
n02701002_5021,ambulance,4,1
n02701002_5023,ambulance,4,0
n02701002_5028,ambulance,4,3
n02701002_5032,ambulance,4,4
n02701002_5041,ambulance,4,0
n02701002_5043,ambulance,4,0
n02701002_5055,ambulance,4,2
n02701002_506,ambulance,4,2
n02701002_5084,ambulance,4,2
n02701002_5096,ambulance,4,4
n02701002_5103,ambulance,4,1
n02701002_5104,ambulance,4,1
n02701002_5105,ambulance,4,2
n02701002_5110,ambulance,4,0
n02701002_512,ambulance,4,3
n02701002_5121,ambulance,4,2
n02701002_5126,ambulance,4,0
n02701002_5138,ambulance,4,3
n02701002_5142,ambulance,4,1
n02701002_5143,ambulance,4,1
n02701002_5155,ambulance,4,1
n02701002_5158,ambulance,4,1
n02701002_5162,ambulance,4,4
n02701002_5165,ambulance,4,1
n02701002_5174,ambulance,4,4
n02701002_5177,ambulance,4,3
n02701002_5180,ambulance,4,3
n02701002_5188,ambulance,4,3
n02701002_5190,ambulance,4,2
n02701002_5191,ambulance,4,3
n02701002_5198,ambulance,4,1
n02701002_5206,ambulance,4,1
n02701002_521,ambulance,4,4
n02701002_5215,ambulance,4,1
n02701002_5217,ambulance,4,2
n02701002_5223,ambulance,4,3
n02701002_5224,ambulance,4,3
n02701002_5238,ambulance,4,4
n02701002_5241,ambulance,4,2
n02701002_5247,ambulance,4,2
n02701002_5258,ambulance,4,0
n02701002_5271,ambulance,4,2
n02701002_5279,ambulance,4,4
n02701002_5284,ambulance,4,2
n02701002_5288,ambulance,4,0
n02701002_5292,ambulance,4,3
n02701002_5302,ambulance,4,3
n02701002_5322,ambulance,4,0
n02701002_5349,ambulance,4,2
n02701002_535,ambulance,4,4
n02701002_5360,ambulance,4,2
n02701002_5376,ambulance,4,1
n02701002_538,ambulance,4,1
n02701002_5382,ambulance,4,4
n02701002_539,ambulance,4,2
n02701002_5390,ambulance,4,2
n02701002_5405,ambulance,4,1
n02701002_5406,ambulance,4,2
n02701002_5409,ambulance,4,3
n02701002_5419,ambulance,4,4
n02701002_5429,ambulance,4,3
n02701002_5432,ambulance,4,3
n02701002_5433,ambulance,4,2
n02701002_5435,ambulance,4,2
n02701002_5439,ambulance,4,2
n02701002_5455,ambulance,4,2
n02701002_5457,ambulance,4,1
n02701002_5458,ambulance,4,3
n02701002_5483,ambulance,4,1
n02701002_5486,ambulance,4,4
n02701002_5496,ambulance,4,0
n02701002_550,ambulance,4,0
n02701002_5501,ambulance,4,4
n02701002_5502,ambulance,4,2
n02701002_5513,ambulance,4,3
n02701002_5514,ambulance,4,1
n02701002_5523,ambulance,4,2
n02701002_5524,ambulance,4,4
n02701002_5530,ambulance,4,1
n02701002_5538,ambulance,4,0
n02701002_5541,ambulance,4,1
n02701002_5549,ambulance,4,3
n02701002_5552,ambulance,4,0
n02701002_5554,ambulance,4,4
n02701002_5555,ambulance,4,2
n02701002_5560,ambulance,4,1
n02701002_5562,ambulance,4,3
n02701002_5564,ambulance,4,4
n02701002_5578,ambulance,4,0
n02701002_5586,ambulance,4,3
n02701002_5594,ambulance,4,3
n02701002_5598,ambulance,4,3
n02701002_560,ambulance,4,4
n02701002_5609,ambulance,4,4
n02701002_5610,ambulance,4,2
n02701002_5615,ambulance,4,0
n02701002_5616,ambulance,4,1
n02701002_5618,ambulance,4,1
n02701002_5619,ambulance,4,2
n02701002_5639,ambulance,4,1
n02701002_564,ambulance,4,4
n02701002_5640,ambulance,4,0
n02701002_5643,ambulance,4,2
n02701002_5645,ambulance,4,1
n02701002_5648,ambulance,4,3
n02701002_5654,ambulance,4,3
n02701002_5659,ambulance,4,2
n02701002_5671,ambulance,4,1
n02701002_5676,ambulance,4,0
n02701002_5685,ambulance,4,3
n02701002_5690,ambulance,4,3
n02701002_570,ambulance,4,1
n02701002_571,ambulance,4,2
n02701002_5711,ambulance,4,2
n02701002_5722,ambulance,4,0
n02701002_5727,ambulance,4,4
n02701002_5742,ambulance,4,0
n02701002_5747,ambulance,4,0
n02701002_5748,ambulance,4,0
n02701002_5763,ambulance,4,4
n02701002_5770,ambulance,4,3
n02701002_5773,ambulance,4,0
n02701002_5784,ambulance,4,2
n02701002_5788,ambulance,4,0
n02701002_58,ambulance,4,2
n02701002_5800,ambulance,4,0
n02701002_5807,ambulance,4,4
n02701002_5829,ambulance,4,0
n02701002_5836,ambulance,4,2
n02701002_584,ambulance,4,3
n02701002_5841,ambulance,4,1
n02701002_5857,ambulance,4,4
n02701002_5898,ambulance,4,2
n02701002_5904,ambulance,4,3
n02701002_5906,ambulance,4,1
n02701002_5930,ambulance,4,2
n02701002_5934,ambulance,4,4
n02701002_5945,ambulance,4,0
n02701002_5946,ambulance,4,1
n02701002_5965,ambulance,4,0
n02701002_5982,ambulance,4,1
n02701002_5985,ambulance,4,1
n02701002_5989,ambulance,4,4
n02701002_5993,ambulance,4,3
n02701002_5997,ambulance,4,1
n02701002_6025,ambulance,4,4
n02701002_6028,ambulance,4,3
n02701002_6044,ambulance,4,4
n02701002_6046,ambulance,4,2
n02701002_6048,ambulance,4,1
n02701002_6054,ambulance,4,3
n02701002_6060,ambulance,4,1
n02701002_6074,ambulance,4,3
n02701002_6090,ambulance,4,2
n02701002_6092,ambulance,4,2
n02701002_6117,ambulance,4,0
n02701002_6119,ambulance,4,3
n02701002_6139,ambulance,4,3
n02701002_6166,ambulance,4,3
n02701002_6167,ambulance,4,4
n02701002_6177,ambulance,4,1
n02701002_6179,ambulance,4,0
n02701002_6184,ambulance,4,2
n02701002_6192,ambulance,4,4
n02701002_6198,ambulance,4,1
n02701002_62,ambulance,4,1
n02701002_6201,ambulance,4,1
n02701002_6204,ambulance,4,2
n02701002_6211,ambulance,4,2
n02701002_623,ambulance,4,3
n02701002_6241,ambulance,4,4
n02701002_6253,ambulance,4,2
n02701002_6270,ambulance,4,3
n02701002_6271,ambulance,4,3
n02701002_6287,ambulance,4,3
n02701002_6288,ambulance,4,2
n02701002_6289,ambulance,4,4
n02701002_630,ambulance,4,2
n02701002_6302,ambulance,4,1
n02701002_6303,ambulance,4,4
n02701002_6313,ambulance,4,4
n02701002_6323,ambulance,4,1
n02701002_6325,ambulance,4,0
n02701002_6335,ambulance,4,4
n02701002_6340,ambulance,4,4
n02701002_6343,ambulance,4,2
n02701002_6344,ambulance,4,0
n02701002_635,ambulance,4,4
n02701002_6357,ambulance,4,2
n02701002_6369,ambulance,4,1
n02701002_6377,ambulance,4,0
n02701002_638,ambulance,4,3
n02701002_6393,ambulance,4,1
n02701002_6396,ambulance,4,1
n02701002_6402,ambulance,4,1
n02701002_6405,ambulance,4,2
n02701002_6416,ambulance,4,2
n02701002_6422,ambulance,4,2
n02701002_6437,ambulance,4,0
n02701002_6452,ambulance,4,3
n02701002_646,ambulance,4,0
n02701002_6477,ambulance,4,0
n02701002_648,ambulance,4,1
n02701002_649,ambulance,4,4
n02701002_6492,ambulance,4,4
n02701002_6501,ambulance,4,1
n02701002_6503,ambulance,4,0
n02701002_6505,ambulance,4,3
n02701002_6509,ambulance,4,2
n02701002_6513,ambulance,4,2
n02701002_6514,ambulance,4,4
n02701002_652,ambulance,4,3
n02701002_6521,ambulance,4,3
n02701002_6526,ambulance,4,3
n02701002_6529,ambulance,4,4
n02701002_6532,ambulance,4,4
n02701002_6534,ambulance,4,2
n02701002_6548,ambulance,4,0
n02701002_655,ambulance,4,2
n02701002_6572,ambulance,4,3
n02701002_6591,ambulance,4,3
n02701002_6596,ambulance,4,1
n02701002_6604,ambulance,4,1
n02701002_6619,ambulance,4,4
n02701002_6623,ambulance,4,1
n02701002_6625,ambulance,4,0
n02701002_6630,ambulance,4,2
n02701002_6638,ambulance,4,4
n02701002_6647,ambulance,4,1
n02701002_6650,ambulance,4,0
n02701002_6662,ambulance,4,3
n02701002_6667,ambulance,4,2
n02701002_6713,ambulance,4,4
n02701002_6720,ambulance,4,4
n02701002_6721,ambulance,4,2
n02701002_673,ambulance,4,0
n02701002_6733,ambulance,4,1
n02701002_6740,ambulance,4,1
n02701002_6757,ambulance,4,4
n02701002_6758,ambulance,4,0
n02701002_676,ambulance,4,2
n02701002_6762,ambulance,4,2
n02701002_6775,ambulance,4,3
n02701002_6779,ambulance,4,2
n02701002_6789,ambulance,4,0
n02701002_681,ambulance,4,0
n02701002_6810,ambulance,4,1
n02701002_682,ambulance,4,3
n02701002_683,ambulance,4,0
n02701002_6835,ambulance,4,1
n02701002_6844,ambulance,4,0
n02701002_686,ambulance,4,4
n02701002_688,ambulance,4,0
n02701002_6883,ambulance,4,3
n02701002_6890,ambulance,4,4
n02701002_6891,ambulance,4,3
n02701002_6901,ambulance,4,1
n02701002_6917,ambulance,4,1
n02701002_693,ambulance,4,2
n02701002_6933,ambulance,4,1
n02701002_694,ambulance,4,0
n02701002_6954,ambulance,4,4
n02701002_6955,ambulance,4,2
n02701002_6960,ambulance,4,4
n02701002_6982,ambulance,4,4
n02701002_6996,ambulance,4,0
n02701002_7012,ambulance,4,3
n02701002_703,ambulance,4,2
n02701002_7031,ambulance,4,3
n02701002_7038,ambulance,4,4
n02701002_7039,ambulance,4,2
n02701002_7046,ambulance,4,3
n02701002_7057,ambulance,4,1
n02701002_7065,ambulance,4,1
n02701002_7071,ambulance,4,0
n02701002_7081,ambulance,4,1
n02701002_7103,ambulance,4,3
n02701002_7104,ambulance,4,2
n02701002_7117,ambulance,4,0
n02701002_7126,ambulance,4,3
n02701002_7131,ambulance,4,2
n02701002_714,ambulance,4,1
n02701002_7156,ambulance,4,4
n02701002_7164,ambulance,4,1
n02701002_7182,ambulance,4,3
n02701002_7207,ambulance,4,4
n02701002_724,ambulance,4,4
n02701002_7259,ambulance,4,4
n02701002_727,ambulance,4,1
n02701002_728,ambulance,4,3
n02701002_7326,ambulance,4,2
n02701002_7345,ambulance,4,4
n02701002_7380,ambulance,4,0
n02701002_7425,ambulance,4,1
n02701002_7439,ambulance,4,1
n02701002_744,ambulance,4,2
n02701002_7445,ambulance,4,1
n02701002_7479,ambulance,4,0
n02701002_751,ambulance,4,1
n02701002_752,ambulance,4,2
n02701002_753,ambulance,4,1
n02701002_7569,ambulance,4,1
n02701002_7573,ambulance,4,1
n02701002_7676,ambulance,4,4
n02701002_7695,ambulance,4,3
n02701002_773,ambulance,4,4
n02701002_7734,ambulance,4,3
n02701002_7742,ambulance,4,0
n02701002_7757,ambulance,4,2
n02701002_7776,ambulance,4,2
n02701002_779,ambulance,4,1
n02701002_782,ambulance,4,3
n02701002_784,ambulance,4,2
n02701002_785,ambulance,4,4
n02701002_787,ambulance,4,0
n02701002_7874,ambulance,4,3
n02701002_788,ambulance,4,1
n02701002_7886,ambulance,4,3
n02701002_789,ambulance,4,1
n02701002_7894,ambulance,4,3
n02701002_7898,ambulance,4,3
n02701002_7908,ambulance,4,4
n02701002_791,ambulance,4,2
n02701002_7941,ambulance,4,1
n02701002_8,ambulance,4,3
n02701002_8004,ambulance,4,2
n02701002_8018,ambulance,4,4
n02701002_802,ambulance,4,0
n02701002_803,ambulance,4,4
n02701002_804,ambulance,4,1
n02701002_805,ambulance,4,4
n02701002_807,ambulance,4,4
n02701002_809,ambulance,4,2
n02701002_8126,ambulance,4,4
n02701002_8194,ambulance,4,2
n02701002_82,ambulance,4,4
n02701002_8210,ambulance,4,2
n02701002_8232,ambulance,4,0
n02701002_825,ambulance,4,2
n02701002_8302,ambulance,4,3
n02701002_836,ambulance,4,2
n02701002_839,ambulance,4,2
n02701002_840,ambulance,4,3
n02701002_841,ambulance,4,3
n02701002_845,ambulance,4,3
n02701002_847,ambulance,4,0
n02701002_848,ambulance,4,3
n02701002_8504,ambulance,4,0
n02701002_8512,ambulance,4,4
n02701002_857,ambulance,4,0
n02701002_8586,ambulance,4,0
n02701002_86,ambulance,4,3
n02701002_861,ambulance,4,0
n02701002_8614,ambulance,4,3
n02701002_8616,ambulance,4,3
n02701002_864,ambulance,4,0
n02701002_873,ambulance,4,4
n02701002_877,ambulance,4,4
n02701002_8775,ambulance,4,4
n02701002_8833,ambulance,4,0
n02701002_8841,ambulance,4,1
n02701002_8892,ambulance,4,3
n02701002_89,ambulance,4,1
n02701002_890,ambulance,4,2
n02701002_891,ambulance,4,3
n02701002_8912,ambulance,4,1
n02701002_894,ambulance,4,2
n02701002_9022,ambulance,4,4
n02701002_903,ambulance,4,1
n02701002_9054,ambulance,4,2
n02701002_9069,ambulance,4,1
n02701002_9074,ambulance,4,3
n02701002_908,ambulance,4,1
n02701002_9088,ambulance,4,0
n02701002_9107,ambulance,4,3
n02701002_9118,ambulance,4,3
n02701002_913,ambulance,4,3
n02701002_916,ambulance,4,0
n02701002_919,ambulance,4,2
n02701002_9212,ambulance,4,4
n02701002_9221,ambulance,4,2
n02701002_925,ambulance,4,3
n02701002_9250,ambulance,4,0
n02701002_926,ambulance,4,3
n02701002_9268,ambulance,4,3
n02701002_9281,ambulance,4,1
n02701002_9285,ambulance,4,1
n02701002_932,ambulance,4,4
n02701002_936,ambulance,4,0
n02701002_9369,ambulance,4,0
n02701002_937,ambulance,4,4
n02701002_938,ambulance,4,0
n02701002_939,ambulance,4,2
n02701002_941,ambulance,4,3
n02701002_9426,ambulance,4,1
n02701002_944,ambulance,4,4
n02701002_953,ambulance,4,2
n02701002_9556,ambulance,4,2
n02701002_96,ambulance,4,1
n02701002_9659,ambulance,4,1
n02701002_9662,ambulance,4,0
n02701002_9663,ambulance,4,4
n02701002_9705,ambulance,4,1
n02701002_9706,ambulance,4,0
n02701002_9722,ambulance,4,2
n02701002_9738,ambulance,4,1
n02701002_976,ambulance,4,3
n02701002_9770,ambulance,4,3
n02701002_9796,ambulance,4,4
n02701002_984,ambulance,4,2
n02701002_9847,ambulance,4,0
n02701002_988,ambulance,4,4
n02701002_9899,ambulance,4,3
n02701002_9900,ambulance,4,3
n02701002_9918,ambulance,4,1
n02701002_9928,ambulance,4,2
n02701002_9931,ambulance,4,4
n02701002_9949,ambulance,4,3
n02701002_995,ambulance,4,3
n02701002_9988,ambulance,4,0
n02701002_9995,ambulance,4,4
n03345487_10,firetruck,4,4
n03345487_10066,firetruck,4,4
n03345487_10089,firetruck,4,0
n03345487_10112,firetruck,4,1
n03345487_10133,firetruck,4,0
n03345487_1016,firetruck,4,0
n03345487_10193,firetruck,4,0
n03345487_10194,firetruck,4,4
n03345487_10205,firetruck,4,4
n03345487_10222,firetruck,4,3
n03345487_10232,firetruck,4,4
n03345487_1028,firetruck,4,2
n03345487_10295,firetruck,4,1
n03345487_1031,firetruck,4,3
n03345487_10312,firetruck,4,4
n03345487_10313,firetruck,4,1
n03345487_10319,firetruck,4,2
n03345487_10334,firetruck,4,4
n03345487_10356,firetruck,4,0
n03345487_10367,firetruck,4,0
n03345487_10382,firetruck,4,3
n03345487_10383,firetruck,4,2
n03345487_10408,firetruck,4,0
n03345487_10423,firetruck,4,4
n03345487_10424,firetruck,4,4
n03345487_10437,firetruck,4,2
n03345487_10438,firetruck,4,2
n03345487_10465,firetruck,4,0
n03345487_10469,firetruck,4,0
n03345487_10511,firetruck,4,4
n03345487_10527,firetruck,4,2
n03345487_10557,firetruck,4,4
n03345487_1060,firetruck,4,4
n03345487_10610,firetruck,4,3
n03345487_10623,firetruck,4,2
n03345487_10630,firetruck,4,1
n03345487_10694,firetruck,4,0
n03345487_10697,firetruck,4,1
n03345487_10709,firetruck,4,4
n03345487_10710,firetruck,4,0
n03345487_10751,firetruck,4,0
n03345487_10798,firetruck,4,0
n03345487_108,firetruck,4,0
n03345487_10800,firetruck,4,3
n03345487_1082,firetruck,4,1
n03345487_10839,firetruck,4,2
n03345487_10842,firetruck,4,0
n03345487_10855,firetruck,4,0
n03345487_10894,firetruck,4,0
n03345487_10910,firetruck,4,3
n03345487_10921,firetruck,4,2
n03345487_10922,firetruck,4,0
n03345487_10953,firetruck,4,1
n03345487_10968,firetruck,4,4
n03345487_10985,firetruck,4,1
n03345487_11006,firetruck,4,0
n03345487_11016,firetruck,4,2
n03345487_11017,firetruck,4,1
n03345487_11036,firetruck,4,3
n03345487_11037,firetruck,4,3
n03345487_11043,firetruck,4,4
n03345487_11047,firetruck,4,2
n03345487_11072,firetruck,4,4
n03345487_11076,firetruck,4,4
n03345487_11088,firetruck,4,4
n03345487_11093,firetruck,4,0
n03345487_111,firetruck,4,2
n03345487_1112,firetruck,4,2
n03345487_11153,firetruck,4,3
n03345487_11157,firetruck,4,2
n03345487_11179,firetruck,4,1
n03345487_11189,firetruck,4,1
n03345487_11190,firetruck,4,2
n03345487_11192,firetruck,4,4
n03345487_11214,firetruck,4,2
n03345487_11218,firetruck,4,4
n03345487_11234,firetruck,4,2
n03345487_11246,firetruck,4,3
n03345487_11250,firetruck,4,4
n03345487_11257,firetruck,4,3
n03345487_11261,firetruck,4,1
n03345487_11265,firetruck,4,0
n03345487_11289,firetruck,4,1
n03345487_11290,firetruck,4,4
n03345487_11294,firetruck,4,2
n03345487_1130,firetruck,4,4
n03345487_11301,firetruck,4,2
n03345487_11326,firetruck,4,0
n03345487_11332,firetruck,4,3
n03345487_11337,firetruck,4,3
n03345487_11358,firetruck,4,2
n03345487_11366,firetruck,4,2
n03345487_11367,firetruck,4,2
n03345487_1137,firetruck,4,0
n03345487_1138,firetruck,4,4
n03345487_11407,firetruck,4,3
n03345487_11414,firetruck,4,0
n03345487_11416,firetruck,4,3
n03345487_1142,firetruck,4,0
n03345487_11448,firetruck,4,0
n03345487_1145,firetruck,4,3
n03345487_11457,firetruck,4,2
n03345487_11468,firetruck,4,0
n03345487_1147,firetruck,4,3
n03345487_11483,firetruck,4,4
n03345487_11493,firetruck,4,2
n03345487_11498,firetruck,4,3
n03345487_11512,firetruck,4,3
n03345487_11519,firetruck,4,4
n03345487_11543,firetruck,4,1
n03345487_11546,firetruck,4,3
n03345487_11563,firetruck,4,3
n03345487_11569,firetruck,4,4
n03345487_11592,firetruck,4,0
n03345487_116,firetruck,4,0
n03345487_11601,firetruck,4,3
n03345487_11609,firetruck,4,0
n03345487_1161,firetruck,4,2
n03345487_11628,firetruck,4,3
n03345487_1164,firetruck,4,4
n03345487_11662,firetruck,4,3
n03345487_11667,firetruck,4,2
n03345487_11669,firetruck,4,1
n03345487_11679,firetruck,4,2
n03345487_1168,firetruck,4,4
n03345487_11680,firetruck,4,3
n03345487_11685,firetruck,4,3
n03345487_11691,firetruck,4,2
n03345487_11692,firetruck,4,2
n03345487_11706,firetruck,4,3
n03345487_11712,firetruck,4,1
n03345487_11722,firetruck,4,1
n03345487_11739,firetruck,4,1
n03345487_1175,firetruck,4,0
n03345487_11752,firetruck,4,0
n03345487_11759,firetruck,4,0
n03345487_11773,firetruck,4,3
n03345487_11805,firetruck,4,1
n03345487_11839,firetruck,4,1
n03345487_11857,firetruck,4,0
n03345487_11865,firetruck,4,2
n03345487_11866,firetruck,4,3
n03345487_11883,firetruck,4,2
n03345487_11885,firetruck,4,2
n03345487_11889,firetruck,4,4
n03345487_11890,firetruck,4,1
n03345487_11901,firetruck,4,4
n03345487_11903,firetruck,4,4
n03345487_11906,firetruck,4,0
n03345487_11909,firetruck,4,2
n03345487_11917,firetruck,4,1
n03345487_11918,firetruck,4,4
n03345487_11923,firetruck,4,1
n03345487_11931,firetruck,4,4
n03345487_11940,firetruck,4,0
n03345487_11949,firetruck,4,4
n03345487_1195,firetruck,4,2
n03345487_11951,firetruck,4,2
n03345487_11954,firetruck,4,2
n03345487_11972,firetruck,4,1
n03345487_11989,firetruck,4,0
n03345487_11991,firetruck,4,3
n03345487_12001,firetruck,4,1
n03345487_12002,firetruck,4,1
n03345487_12006,firetruck,4,2
n03345487_12012,firetruck,4,4
n03345487_1202,firetruck,4,0
n03345487_12022,firetruck,4,0
n03345487_12031,firetruck,4,2
n03345487_12033,firetruck,4,4
n03345487_12035,firetruck,4,1
n03345487_12037,firetruck,4,2
n03345487_12042,firetruck,4,0
n03345487_12050,firetruck,4,1
n03345487_12079,firetruck,4,4
n03345487_12080,firetruck,4,1
n03345487_12083,firetruck,4,2
n03345487_12087,firetruck,4,0
n03345487_12101,firetruck,4,1
n03345487_12153,firetruck,4,1
n03345487_12155,firetruck,4,1
n03345487_12163,firetruck,4,1
n03345487_1218,firetruck,4,2
n03345487_12184,firetruck,4,3
n03345487_12226,firetruck,4,2
n03345487_12229,firetruck,4,0
n03345487_12241,firetruck,4,4
n03345487_12250,firetruck,4,4
n03345487_12267,firetruck,4,1
n03345487_12281,firetruck,4,0
n03345487_1232,firetruck,4,2
n03345487_1235,firetruck,4,4
n03345487_12356,firetruck,4,3
n03345487_1236,firetruck,4,0
n03345487_12399,firetruck,4,3
n03345487_12415,firetruck,4,2
n03345487_12442,firetruck,4,3
n03345487_1245,firetruck,4,1
n03345487_12458,firetruck,4,2
n03345487_12462,firetruck,4,3
n03345487_12618,firetruck,4,0
n03345487_1263,firetruck,4,3
n03345487_1265,firetruck,4,3
n03345487_12659,firetruck,4,3
n03345487_1268,firetruck,4,0
n03345487_1270,firetruck,4,2
n03345487_1271,firetruck,4,3
n03345487_1277,firetruck,4,4
n03345487_12784,firetruck,4,2
n03345487_1279,firetruck,4,1
n03345487_12804,firetruck,4,1
n03345487_12816,firetruck,4,0
n03345487_12824,firetruck,4,4
n03345487_12854,firetruck,4,0
n03345487_12903,firetruck,4,0
n03345487_1293,firetruck,4,2
n03345487_13051,firetruck,4,2
n03345487_13062,firetruck,4,2
n03345487_13103,firetruck,4,4
n03345487_13121,firetruck,4,1
n03345487_1319,firetruck,4,1
n03345487_13225,firetruck,4,0
n03345487_13226,firetruck,4,1
n03345487_13233,firetruck,4,2
n03345487_13251,firetruck,4,4
n03345487_13292,firetruck,4,1
n03345487_133,firetruck,4,4
n03345487_13315,firetruck,4,4
n03345487_13333,firetruck,4,3
n03345487_13366,firetruck,4,2
n03345487_13374,firetruck,4,2
n03345487_1347,firetruck,4,3
n03345487_13487,firetruck,4,2
n03345487_13491,firetruck,4,3
n03345487_135,firetruck,4,3
n03345487_13517,firetruck,4,2
n03345487_13523,firetruck,4,4
n03345487_13528,firetruck,4,4
n03345487_13557,firetruck,4,2
n03345487_13622,firetruck,4,4
n03345487_13631,firetruck,4,0
n03345487_13653,firetruck,4,1
n03345487_13682,firetruck,4,1
n03345487_13733,firetruck,4,1
n03345487_13750,firetruck,4,0
n03345487_13761,firetruck,4,2
n03345487_1378,firetruck,4,3
n03345487_1379,firetruck,4,1
n03345487_13799,firetruck,4,1
n03345487_13837,firetruck,4,4
n03345487_13869,firetruck,4,2
n03345487_13881,firetruck,4,1
n03345487_13910,firetruck,4,2
n03345487_13912,firetruck,4,3
n03345487_13967,firetruck,4,2
n03345487_1400,firetruck,4,3
n03345487_14041,firetruck,4,3
n03345487_14064,firetruck,4,0
n03345487_14073,firetruck,4,1
n03345487_14106,firetruck,4,4
n03345487_14112,firetruck,4,3
n03345487_14195,firetruck,4,4
n03345487_1423,firetruck,4,2
n03345487_14248,firetruck,4,1
n03345487_14251,firetruck,4,1
n03345487_14252,firetruck,4,2
n03345487_14253,firetruck,4,1
n03345487_14258,firetruck,4,4
n03345487_14268,firetruck,4,1
n03345487_14270,firetruck,4,3
n03345487_14279,firetruck,4,0
n03345487_14300,firetruck,4,1
n03345487_14324,firetruck,4,4
n03345487_14340,firetruck,4,3
n03345487_14347,firetruck,4,1
n03345487_14396,firetruck,4,0
n03345487_144,firetruck,4,3
n03345487_1440,firetruck,4,4
n03345487_14404,firetruck,4,1
n03345487_14405,firetruck,4,4
n03345487_14444,firetruck,4,1
n03345487_1445,firetruck,4,1
n03345487_14460,firetruck,4,3
n03345487_1447,firetruck,4,4
n03345487_14481,firetruck,4,0
n03345487_145,firetruck,4,3
n03345487_14515,firetruck,4,0
n03345487_14523,firetruck,4,0
n03345487_14538,firetruck,4,2
n03345487_14587,firetruck,4,1
n03345487_1459,firetruck,4,2
n03345487_14611,firetruck,4,2
n03345487_14628,firetruck,4,1
n03345487_14641,firetruck,4,2
n03345487_14666,firetruck,4,0
n03345487_1477,firetruck,4,0
n03345487_1478,firetruck,4,3
n03345487_14864,firetruck,4,1
n03345487_1487,firetruck,4,0
n03345487_1490,firetruck,4,4
n03345487_14906,firetruck,4,4
n03345487_14945,firetruck,4,3
n03345487_1495,firetruck,4,1
n03345487_14951,firetruck,4,0
n03345487_14960,firetruck,4,3
n03345487_15030,firetruck,4,2
n03345487_15050,firetruck,4,3
n03345487_15056,firetruck,4,1
n03345487_15090,firetruck,4,3
n03345487_15093,firetruck,4,3
n03345487_15121,firetruck,4,1
n03345487_15136,firetruck,4,1
n03345487_1516,firetruck,4,1
n03345487_1519,firetruck,4,0
n03345487_15197,firetruck,4,1
n03345487_15199,firetruck,4,2
n03345487_15203,firetruck,4,0
n03345487_15294,firetruck,4,0
n03345487_15391,firetruck,4,4
n03345487_1543,firetruck,4,0
n03345487_1544,firetruck,4,0
n03345487_1550,firetruck,4,1
n03345487_15627,firetruck,4,3
n03345487_15647,firetruck,4,4
n03345487_15652,firetruck,4,2
n03345487_1568,firetruck,4,2
n03345487_1569,firetruck,4,4
n03345487_15747,firetruck,4,4
n03345487_15764,firetruck,4,1
n03345487_15782,firetruck,4,1
n03345487_15786,firetruck,4,0
n03345487_15792,firetruck,4,2
n03345487_15840,firetruck,4,4
n03345487_15925,firetruck,4,2
n03345487_15973,firetruck,4,4
n03345487_15993,firetruck,4,1
n03345487_16076,firetruck,4,0
n03345487_16098,firetruck,4,3
n03345487_16163,firetruck,4,3
n03345487_16192,firetruck,4,0
n03345487_16208,firetruck,4,4
n03345487_16209,firetruck,4,3
n03345487_163,firetruck,4,1
n03345487_1631,firetruck,4,3
n03345487_16317,firetruck,4,1
n03345487_16348,firetruck,4,2
n03345487_1639,firetruck,4,2
n03345487_16416,firetruck,4,3
n03345487_16432,firetruck,4,1
n03345487_1649,firetruck,4,1
n03345487_16602,firetruck,4,3
n03345487_16628,firetruck,4,4
n03345487_16646,firetruck,4,0
n03345487_16744,firetruck,4,0
n03345487_16857,firetruck,4,4
n03345487_1692,firetruck,4,3
n03345487_1703,firetruck,4,2
n03345487_1704,firetruck,4,2
n03345487_1717,firetruck,4,2
n03345487_17215,firetruck,4,2
n03345487_17227,firetruck,4,4
n03345487_1730,firetruck,4,2
n03345487_17331,firetruck,4,0
n03345487_17360,firetruck,4,0
n03345487_17410,firetruck,4,0
n03345487_17475,firetruck,4,4
n03345487_17496,firetruck,4,4
n03345487_1762,firetruck,4,4
n03345487_17678,firetruck,4,3
n03345487_17769,firetruck,4,4
n03345487_17815,firetruck,4,2
n03345487_17869,firetruck,4,4
n03345487_18,firetruck,4,1
n03345487_18018,firetruck,4,0
n03345487_1804,firetruck,4,0
n03345487_18043,firetruck,4,2
n03345487_18075,firetruck,4,0
n03345487_18170,firetruck,4,0
n03345487_18230,firetruck,4,4
n03345487_18248,firetruck,4,0
n03345487_1826,firetruck,4,0
n03345487_18348,firetruck,4,2
n03345487_1837,firetruck,4,1
n03345487_18373,firetruck,4,1
n03345487_18382,firetruck,4,3
n03345487_1847,firetruck,4,4
n03345487_18475,firetruck,4,4
n03345487_1862,firetruck,4,1
n03345487_18712,firetruck,4,3
n03345487_18718,firetruck,4,0
n03345487_18730,firetruck,4,2
n03345487_18739,firetruck,4,0
n03345487_1881,firetruck,4,3
n03345487_1884,firetruck,4,0
n03345487_1889,firetruck,4,3
n03345487_19006,firetruck,4,3
n03345487_19022,firetruck,4,3
n03345487_1905,firetruck,4,4
n03345487_19052,firetruck,4,4
n03345487_19058,firetruck,4,3
n03345487_19071,firetruck,4,1
n03345487_192,firetruck,4,2
n03345487_1920,firetruck,4,4
n03345487_19322,firetruck,4,3
n03345487_1937,firetruck,4,0
n03345487_19448,firetruck,4,4
n03345487_19482,firetruck,4,2
n03345487_19517,firetruck,4,0
n03345487_19523,firetruck,4,0
n03345487_19527,firetruck,4,4
n03345487_196,firetruck,4,4
n03345487_19655,firetruck,4,2
n03345487_19736,firetruck,4,4
n03345487_19760,firetruck,4,4
n03345487_1979,firetruck,4,4
n03345487_19830,firetruck,4,3
n03345487_19835,firetruck,4,3
n03345487_1987,firetruck,4,2
n03345487_20031,firetruck,4,0
n03345487_20206,firetruck,4,0
n03345487_2021,firetruck,4,3
n03345487_20240,firetruck,4,2
n03345487_20304,firetruck,4,2
n03345487_20338,firetruck,4,2
n03345487_20360,firetruck,4,2
n03345487_20381,firetruck,4,1
n03345487_20475,firetruck,4,2
n03345487_205,firetruck,4,3
n03345487_20519,firetruck,4,4
n03345487_206,firetruck,4,4
n03345487_2061,firetruck,4,1
n03345487_2063,firetruck,4,1
n03345487_20677,firetruck,4,1
n03345487_20698,firetruck,4,4
n03345487_2076,firetruck,4,3
n03345487_2077,firetruck,4,3
n03345487_208,firetruck,4,3
n03345487_20807,firetruck,4,1
n03345487_2084,firetruck,4,1
n03345487_209,firetruck,4,4
n03345487_2091,firetruck,4,4
n03345487_2093,firetruck,4,4
n03345487_2095,firetruck,4,1
n03345487_210,firetruck,4,2
n03345487_21057,firetruck,4,4
n03345487_21071,firetruck,4,3
n03345487_2110,firetruck,4,3
n03345487_2115,firetruck,4,2
n03345487_21213,firetruck,4,1
n03345487_21234,firetruck,4,0
n03345487_21424,firetruck,4,1
n03345487_2143,firetruck,4,3
n03345487_21461,firetruck,4,3
n03345487_2147,firetruck,4,3
n03345487_2152,firetruck,4,3
n03345487_2155,firetruck,4,3
n03345487_21575,firetruck,4,4
n03345487_21643,firetruck,4,2
n03345487_2165,firetruck,4,1
n03345487_21741,firetruck,4,2
n03345487_2179,firetruck,4,1
n03345487_2206,firetruck,4,0
n03345487_22127,firetruck,4,2
n03345487_22142,firetruck,4,3
n03345487_22197,firetruck,4,2
n03345487_22217,firetruck,4,1
n03345487_22300,firetruck,4,3
n03345487_22333,firetruck,4,3
n03345487_2234,firetruck,4,3
n03345487_2236,firetruck,4,2
n03345487_2242,firetruck,4,1
n03345487_22483,firetruck,4,3
n03345487_2250,firetruck,4,0
n03345487_22534,firetruck,4,4
n03345487_2254,firetruck,4,0
n03345487_22552,firetruck,4,4
n03345487_2256,firetruck,4,1
n03345487_22567,firetruck,4,1
n03345487_2259,firetruck,4,4
n03345487_22632,firetruck,4,0
n03345487_2269,firetruck,4,2
n03345487_2272,firetruck,4,4
n03345487_2283,firetruck,4,0
n03345487_2284,firetruck,4,2
n03345487_2289,firetruck,4,0
n03345487_2291,firetruck,4,4
n03345487_2308,firetruck,4,4
n03345487_23150,firetruck,4,2
n03345487_23197,firetruck,4,4
n03345487_2323,firetruck,4,3
n03345487_23324,firetruck,4,3
n03345487_2335,firetruck,4,4
n03345487_2336,firetruck,4,3
n03345487_2340,firetruck,4,1
n03345487_2341,firetruck,4,2
n03345487_2352,firetruck,4,1
n03345487_2358,firetruck,4,4
n03345487_2363,firetruck,4,2
n03345487_2368,firetruck,4,3
n03345487_2389,firetruck,4,1
n03345487_2391,firetruck,4,0
n03345487_2406,firetruck,4,4
n03345487_2409,firetruck,4,4
n03345487_241,firetruck,4,2
n03345487_2411,firetruck,4,4
n03345487_2416,firetruck,4,3
n03345487_2426,firetruck,4,4
n03345487_2427,firetruck,4,1
n03345487_243,firetruck,4,3
n03345487_2438,firetruck,4,3
n03345487_2442,firetruck,4,3
n03345487_2446,firetruck,4,4
n03345487_245,firetruck,4,4
n03345487_2458,firetruck,4,1
n03345487_2464,firetruck,4,1
n03345487_2468,firetruck,4,1
n03345487_2471,firetruck,4,1
n03345487_2485,firetruck,4,2
n03345487_2493,firetruck,4,0
n03345487_2494,firetruck,4,1
n03345487_2496,firetruck,4,0
n03345487_250,firetruck,4,0
n03345487_2500,firetruck,4,1
n03345487_2506,firetruck,4,1
n03345487_251,firetruck,4,3
n03345487_2516,firetruck,4,3
n03345487_2542,firetruck,4,1
n03345487_2559,firetruck,4,2
n03345487_2565,firetruck,4,4
n03345487_2571,firetruck,4,0
n03345487_2578,firetruck,4,4
n03345487_2580,firetruck,4,0
n03345487_2588,firetruck,4,4
n03345487_2589,firetruck,4,1
n03345487_2590,firetruck,4,0
n03345487_2612,firetruck,4,2
n03345487_2616,firetruck,4,0
n03345487_2619,firetruck,4,3
n03345487_2627,firetruck,4,4
n03345487_2644,firetruck,4,1
n03345487_2654,firetruck,4,0
n03345487_2661,firetruck,4,3
n03345487_2667,firetruck,4,1
n03345487_267,firetruck,4,0
n03345487_2672,firetruck,4,3
n03345487_2721,firetruck,4,0
n03345487_2725,firetruck,4,4
n03345487_2728,firetruck,4,1
n03345487_2729,firetruck,4,2
n03345487_2730,firetruck,4,3
n03345487_2742,firetruck,4,3
n03345487_2751,firetruck,4,3
n03345487_2755,firetruck,4,3
n03345487_2766,firetruck,4,3
n03345487_2769,firetruck,4,2
n03345487_2777,firetruck,4,2
n03345487_279,firetruck,4,2
n03345487_2794,firetruck,4,0
n03345487_2795,firetruck,4,3
n03345487_2798,firetruck,4,1
n03345487_2800,firetruck,4,3
n03345487_2802,firetruck,4,0
n03345487_2805,firetruck,4,1
n03345487_2819,firetruck,4,4
n03345487_282,firetruck,4,1
n03345487_2827,firetruck,4,4
n03345487_2830,firetruck,4,0
n03345487_2835,firetruck,4,3
n03345487_2838,firetruck,4,4
n03345487_284,firetruck,4,2
n03345487_2846,firetruck,4,4
n03345487_2852,firetruck,4,3
n03345487_2856,firetruck,4,1
n03345487_2868,firetruck,4,0
n03345487_287,firetruck,4,4
n03345487_2884,firetruck,4,3
n03345487_2886,firetruck,4,0
n03345487_2891,firetruck,4,0
n03345487_2896,firetruck,4,3
n03345487_2905,firetruck,4,2
n03345487_2906,firetruck,4,0
n03345487_2916,firetruck,4,0
n03345487_2921,firetruck,4,4
n03345487_2928,firetruck,4,0
n03345487_2951,firetruck,4,0
n03345487_2958,firetruck,4,4
n03345487_2961,firetruck,4,2
n03345487_2962,firetruck,4,1
n03345487_2971,firetruck,4,2
n03345487_2972,firetruck,4,4
n03345487_2976,firetruck,4,1
n03345487_2977,firetruck,4,2
n03345487_2978,firetruck,4,3
n03345487_2979,firetruck,4,4
n03345487_2990,firetruck,4,0
n03345487_2994,firetruck,4,3
n03345487_2997,firetruck,4,4
n03345487_2998,firetruck,4,0
n03345487_3000,firetruck,4,2
n03345487_3013,firetruck,4,4
n03345487_3014,firetruck,4,1
n03345487_3016,firetruck,4,4
n03345487_3020,firetruck,4,2
n03345487_3030,firetruck,4,0
n03345487_3037,firetruck,4,2
n03345487_3042,firetruck,4,4
n03345487_3047,firetruck,4,4
n03345487_3052,firetruck,4,2
n03345487_3061,firetruck,4,0
n03345487_3071,firetruck,4,4
n03345487_3075,firetruck,4,0
n03345487_3082,firetruck,4,1
n03345487_3084,firetruck,4,2
n03345487_3090,firetruck,4,0
n03345487_3092,firetruck,4,1
n03345487_3093,firetruck,4,0
n03345487_3099,firetruck,4,2
n03345487_3102,firetruck,4,4
n03345487_311,firetruck,4,1
n03345487_3115,firetruck,4,1
n03345487_3121,firetruck,4,1
n03345487_3123,firetruck,4,0
n03345487_3127,firetruck,4,2
n03345487_3149,firetruck,4,1
n03345487_3151,firetruck,4,0
n03345487_3155,firetruck,4,0
n03345487_3159,firetruck,4,3
n03345487_317,firetruck,4,1
n03345487_3170,firetruck,4,2
n03345487_3176,firetruck,4,1
n03345487_3193,firetruck,4,2
n03345487_3195,firetruck,4,3
n03345487_3200,firetruck,4,2
n03345487_3202,firetruck,4,1
n03345487_3219,firetruck,4,1
n03345487_3238,firetruck,4,2
n03345487_3239,firetruck,4,1
n03345487_3241,firetruck,4,2
n03345487_3242,firetruck,4,1
n03345487_3250,firetruck,4,2
n03345487_327,firetruck,4,3
n03345487_3276,firetruck,4,3
n03345487_3279,firetruck,4,0
n03345487_328,firetruck,4,1
n03345487_3280,firetruck,4,0
n03345487_3285,firetruck,4,3
n03345487_3295,firetruck,4,2
n03345487_3304,firetruck,4,0
n03345487_3308,firetruck,4,1
n03345487_3311,firetruck,4,0
n03345487_3315,firetruck,4,2
n03345487_3321,firetruck,4,3
n03345487_334,firetruck,4,0
n03345487_3342,firetruck,4,1
n03345487_3348,firetruck,4,2
n03345487_335,firetruck,4,1
n03345487_3354,firetruck,4,2
n03345487_3375,firetruck,4,3
n03345487_3379,firetruck,4,2
n03345487_338,firetruck,4,0
n03345487_3380,firetruck,4,1
n03345487_3381,firetruck,4,4
n03345487_3388,firetruck,4,4
n03345487_3390,firetruck,4,0
n03345487_3393,firetruck,4,4
n03345487_3395,firetruck,4,4
n03345487_3396,firetruck,4,0
n03345487_3397,firetruck,4,4
n03345487_3402,firetruck,4,1
n03345487_3420,firetruck,4,2
n03345487_3441,firetruck,4,4
n03345487_3447,firetruck,4,1
n03345487_3461,firetruck,4,2
n03345487_3463,firetruck,4,4
n03345487_3468,firetruck,4,4
n03345487_3472,firetruck,4,1
n03345487_3482,firetruck,4,3
n03345487_3486,firetruck,4,1
n03345487_3489,firetruck,4,4
n03345487_3498,firetruck,4,2
n03345487_3499,firetruck,4,1
n03345487_3503,firetruck,4,0
n03345487_351,firetruck,4,1
n03345487_3521,firetruck,4,0
n03345487_353,firetruck,4,3
n03345487_3553,firetruck,4,0
n03345487_3554,firetruck,4,3
n03345487_3556,firetruck,4,4
n03345487_3578,firetruck,4,0
n03345487_3587,firetruck,4,2
n03345487_3597,firetruck,4,3
n03345487_3598,firetruck,4,0
n03345487_360,firetruck,4,1
n03345487_3606,firetruck,4,2
n03345487_3621,firetruck,4,0
n03345487_3633,firetruck,4,3
n03345487_3664,firetruck,4,4
n03345487_3665,firetruck,4,1
n03345487_3666,firetruck,4,4
n03345487_3672,firetruck,4,3
n03345487_3684,firetruck,4,1
n03345487_3689,firetruck,4,4
n03345487_3704,firetruck,4,2
n03345487_3714,firetruck,4,1
n03345487_3715,firetruck,4,3
n03345487_3717,firetruck,4,0
n03345487_3721,firetruck,4,4
n03345487_3735,firetruck,4,3
n03345487_3738,firetruck,4,3
n03345487_3740,firetruck,4,0
n03345487_3752,firetruck,4,0
n03345487_3756,firetruck,4,3
n03345487_3762,firetruck,4,3
n03345487_3763,firetruck,4,4
n03345487_3773,firetruck,4,1
n03345487_3780,firetruck,4,4
n03345487_38,firetruck,4,2
n03345487_3808,firetruck,4,1
n03345487_3816,firetruck,4,3
n03345487_3818,firetruck,4,2
n03345487_3820,firetruck,4,0
n03345487_3821,firetruck,4,3
n03345487_3823,firetruck,4,2
n03345487_3827,firetruck,4,2
n03345487_3835,firetruck,4,2
n03345487_3838,firetruck,4,4
n03345487_3848,firetruck,4,4
n03345487_3849,firetruck,4,1
n03345487_3852,firetruck,4,2
n03345487_3854,firetruck,4,3
n03345487_3856,firetruck,4,2
n03345487_386,firetruck,4,0
n03345487_3867,firetruck,4,2
n03345487_3870,firetruck,4,4
n03345487_3888,firetruck,4,3
n03345487_3904,firetruck,4,0
n03345487_3922,firetruck,4,2
n03345487_3924,firetruck,4,1
n03345487_3926,firetruck,4,1
n03345487_3938,firetruck,4,2
n03345487_3939,firetruck,4,2
n03345487_3947,firetruck,4,4
n03345487_3967,firetruck,4,0
n03345487_3968,firetruck,4,0
n03345487_3973,firetruck,4,2
n03345487_3990,firetruck,4,0
n03345487_40,firetruck,4,4
n03345487_4021,firetruck,4,4
n03345487_4023,firetruck,4,0
n03345487_4025,firetruck,4,0
n03345487_403,firetruck,4,1
n03345487_4066,firetruck,4,1
n03345487_4080,firetruck,4,2
n03345487_4089,firetruck,4,0
n03345487_4091,firetruck,4,4
n03345487_4093,firetruck,4,4
n03345487_410,firetruck,4,0
n03345487_4127,firetruck,4,1
n03345487_4131,firetruck,4,1
n03345487_4147,firetruck,4,1
n03345487_4153,firetruck,4,4
n03345487_4154,firetruck,4,3
n03345487_4160,firetruck,4,1
n03345487_4166,firetruck,4,2
n03345487_4169,firetruck,4,0
n03345487_417,firetruck,4,2
n03345487_4173,firetruck,4,0
n03345487_4174,firetruck,4,0
n03345487_4179,firetruck,4,3
n03345487_4184,firetruck,4,1
n03345487_4186,firetruck,4,0
n03345487_4196,firetruck,4,2
n03345487_4207,firetruck,4,4
n03345487_4208,firetruck,4,2
n03345487_4214,firetruck,4,0
n03345487_4220,firetruck,4,4
n03345487_4228,firetruck,4,0
n03345487_423,firetruck,4,4
n03345487_4249,firetruck,4,4
n03345487_4255,firetruck,4,2
n03345487_4270,firetruck,4,3
n03345487_4272,firetruck,4,1
n03345487_4289,firetruck,4,1
n03345487_4291,firetruck,4,0
n03345487_4306,firetruck,4,1
n03345487_4315,firetruck,4,0
n03345487_4331,firetruck,4,3
n03345487_434,firetruck,4,4
n03345487_4349,firetruck,4,2
n03345487_435,firetruck,4,0
n03345487_4356,firetruck,4,3
n03345487_4366,firetruck,4,4
n03345487_4374,firetruck,4,0
n03345487_4375,firetruck,4,3
n03345487_4377,firetruck,4,1
n03345487_4385,firetruck,4,1
n03345487_4390,firetruck,4,1
n03345487_4398,firetruck,4,3
n03345487_4399,firetruck,4,4
n03345487_4417,firetruck,4,4
n03345487_4431,firetruck,4,3
n03345487_4450,firetruck,4,0
n03345487_4460,firetruck,4,0
n03345487_4462,firetruck,4,2
n03345487_4467,firetruck,4,1
n03345487_4469,firetruck,4,1
n03345487_4475,firetruck,4,4
n03345487_4496,firetruck,4,1
n03345487_4511,firetruck,4,1
n03345487_4515,firetruck,4,2
n03345487_4517,firetruck,4,1
n03345487_4519,firetruck,4,3
n03345487_4520,firetruck,4,4
n03345487_4523,firetruck,4,1
n03345487_4530,firetruck,4,4
n03345487_4541,firetruck,4,3
n03345487_4546,firetruck,4,3
n03345487_4549,firetruck,4,1
n03345487_4556,firetruck,4,2
n03345487_4558,firetruck,4,3
n03345487_456,firetruck,4,0
n03345487_4572,firetruck,4,0
n03345487_4579,firetruck,4,3
n03345487_4587,firetruck,4,1
n03345487_4589,firetruck,4,4
n03345487_459,firetruck,4,4
n03345487_4596,firetruck,4,3
n03345487_4597,firetruck,4,0
n03345487_460,firetruck,4,2
n03345487_4618,firetruck,4,2
n03345487_4631,firetruck,4,2
n03345487_4644,firetruck,4,2
n03345487_4648,firetruck,4,1
n03345487_4653,firetruck,4,3
n03345487_4654,firetruck,4,3
n03345487_4671,firetruck,4,0
n03345487_4686,firetruck,4,3
n03345487_4703,firetruck,4,2
n03345487_4709,firetruck,4,3
n03345487_4715,firetruck,4,2
n03345487_4717,firetruck,4,3
n03345487_472,firetruck,4,3
n03345487_4725,firetruck,4,3
n03345487_4726,firetruck,4,4
n03345487_4731,firetruck,4,2
n03345487_474,firetruck,4,1
n03345487_4749,firetruck,4,2
n03345487_4773,firetruck,4,1
n03345487_4779,firetruck,4,2
n03345487_4782,firetruck,4,4
n03345487_4791,firetruck,4,0
n03345487_4799,firetruck,4,3
n03345487_4801,firetruck,4,4
n03345487_4802,firetruck,4,3
n03345487_4805,firetruck,4,1
n03345487_4807,firetruck,4,3
n03345487_4825,firetruck,4,2
n03345487_4826,firetruck,4,4
n03345487_4828,firetruck,4,4
n03345487_4835,firetruck,4,4
n03345487_4838,firetruck,4,3
n03345487_4843,firetruck,4,1
n03345487_4847,firetruck,4,2
n03345487_4850,firetruck,4,0
n03345487_4868,firetruck,4,1
n03345487_4869,firetruck,4,2
n03345487_4870,firetruck,4,1
n03345487_4872,firetruck,4,0
n03345487_4874,firetruck,4,0
n03345487_4876,firetruck,4,0
n03345487_4879,firetruck,4,3
n03345487_4897,firetruck,4,0
n03345487_4900,firetruck,4,3
n03345487_4902,firetruck,4,0
n03345487_4910,firetruck,4,0
n03345487_4927,firetruck,4,1
n03345487_4937,firetruck,4,4
n03345487_4944,firetruck,4,3
n03345487_495,firetruck,4,4
n03345487_4957,firetruck,4,2
n03345487_4967,firetruck,4,1
n03345487_4975,firetruck,4,2
n03345487_4980,firetruck,4,4
n03345487_4994,firetruck,4,2
n03345487_5,firetruck,4,2
n03345487_5000,firetruck,4,0
n03345487_5006,firetruck,4,2
n03345487_5027,firetruck,4,2
n03345487_5034,firetruck,4,2
n03345487_5044,firetruck,4,4
n03345487_5045,firetruck,4,3
n03345487_5049,firetruck,4,3
n03345487_5052,firetruck,4,2
n03345487_5056,firetruck,4,2
n03345487_5059,firetruck,4,0
n03345487_5064,firetruck,4,3
n03345487_5070,firetruck,4,3
n03345487_5083,firetruck,4,0
n03345487_5088,firetruck,4,1
n03345487_5089,firetruck,4,4
n03345487_5091,firetruck,4,1
n03345487_510,firetruck,4,0
n03345487_5106,firetruck,4,3
n03345487_511,firetruck,4,2
n03345487_5123,firetruck,4,1
n03345487_5135,firetruck,4,2
n03345487_5159,firetruck,4,0
n03345487_5177,firetruck,4,3
n03345487_5179,firetruck,4,4
n03345487_5185,firetruck,4,0
n03345487_5198,firetruck,4,3
n03345487_5202,firetruck,4,0
n03345487_5203,firetruck,4,3
n03345487_5248,firetruck,4,3
n03345487_5260,firetruck,4,3
n03345487_5282,firetruck,4,1
n03345487_5303,firetruck,4,4
n03345487_5304,firetruck,4,4
n03345487_5313,firetruck,4,4
n03345487_5314,firetruck,4,2
n03345487_5326,firetruck,4,3
n03345487_533,firetruck,4,1
n03345487_5334,firetruck,4,3
n03345487_5354,firetruck,4,1
n03345487_538,firetruck,4,0
n03345487_540,firetruck,4,1
n03345487_5400,firetruck,4,0
n03345487_5407,firetruck,4,4
n03345487_541,firetruck,4,1
n03345487_5418,firetruck,4,1
n03345487_5423,firetruck,4,4
n03345487_5428,firetruck,4,3
n03345487_5430,firetruck,4,1
n03345487_5438,firetruck,4,2
n03345487_5444,firetruck,4,4
n03345487_5445,firetruck,4,4
n03345487_5448,firetruck,4,3
n03345487_5455,firetruck,4,1
n03345487_5460,firetruck,4,0
n03345487_5464,firetruck,4,3
n03345487_5485,firetruck,4,2
n03345487_5503,firetruck,4,0
n03345487_5518,firetruck,4,4
n03345487_5527,firetruck,4,2
n03345487_5537,firetruck,4,2
n03345487_5539,firetruck,4,2
n03345487_5544,firetruck,4,1
n03345487_5552,firetruck,4,1
n03345487_5554,firetruck,4,3
n03345487_5561,firetruck,4,3
n03345487_5608,firetruck,4,0
n03345487_561,firetruck,4,0
n03345487_5615,firetruck,4,2
n03345487_5624,firetruck,4,2
n03345487_5643,firetruck,4,4
n03345487_5652,firetruck,4,4
n03345487_5672,firetruck,4,4
n03345487_5684,firetruck,4,2
n03345487_5689,firetruck,4,4
n03345487_5698,firetruck,4,3
n03345487_5726,firetruck,4,2
n03345487_573,firetruck,4,0
n03345487_5763,firetruck,4,0
n03345487_5775,firetruck,4,1
n03345487_578,firetruck,4,1
n03345487_5787,firetruck,4,1
n03345487_5788,firetruck,4,3
n03345487_5818,firetruck,4,0
n03345487_5836,firetruck,4,2
n03345487_5851,firetruck,4,4
n03345487_5865,firetruck,4,3
n03345487_5888,firetruck,4,0
n03345487_5898,firetruck,4,4
n03345487_5910,firetruck,4,3
n03345487_5916,firetruck,4,4
n03345487_5930,firetruck,4,2
n03345487_5949,firetruck,4,3
n03345487_5951,firetruck,4,3
n03345487_5962,firetruck,4,1
n03345487_598,firetruck,4,0
n03345487_5998,firetruck,4,4
n03345487_6000,firetruck,4,2
n03345487_601,firetruck,4,0
n03345487_602,firetruck,4,2
n03345487_6045,firetruck,4,0
n03345487_605,firetruck,4,4
n03345487_6056,firetruck,4,2
n03345487_6082,firetruck,4,0
n03345487_609,firetruck,4,1
n03345487_611,firetruck,4,1
n03345487_6134,firetruck,4,3
n03345487_6136,firetruck,4,4
n03345487_6141,firetruck,4,4
n03345487_6169,firetruck,4,0
n03345487_6178,firetruck,4,0
n03345487_6180,firetruck,4,3
n03345487_619,firetruck,4,3
n03345487_6191,firetruck,4,4
n03345487_6196,firetruck,4,0
n03345487_6207,firetruck,4,1
n03345487_6212,firetruck,4,3
n03345487_6222,firetruck,4,4
n03345487_6231,firetruck,4,3
n03345487_6239,firetruck,4,1
n03345487_624,firetruck,4,1
n03345487_6244,firetruck,4,3
n03345487_6260,firetruck,4,3
n03345487_6263,firetruck,4,1
n03345487_6270,firetruck,4,2
n03345487_6296,firetruck,4,3
n03345487_6298,firetruck,4,0
n03345487_6300,firetruck,4,3
n03345487_6307,firetruck,4,2
n03345487_6314,firetruck,4,0
n03345487_6335,firetruck,4,4
n03345487_6337,firetruck,4,1
n03345487_6339,firetruck,4,2
n03345487_635,firetruck,4,4
n03345487_6361,firetruck,4,4
n03345487_6365,firetruck,4,1
n03345487_6369,firetruck,4,0
n03345487_6379,firetruck,4,0
n03345487_6382,firetruck,4,3
n03345487_6421,firetruck,4,1
n03345487_6428,firetruck,4,2
n03345487_6451,firetruck,4,0
n03345487_6452,firetruck,4,0
n03345487_6462,firetruck,4,3
n03345487_6471,firetruck,4,3
n03345487_6483,firetruck,4,4
n03345487_6487,firetruck,4,3
n03345487_6490,firetruck,4,2
n03345487_6494,firetruck,4,2
n03345487_6497,firetruck,4,2
n03345487_6498,firetruck,4,3
n03345487_6499,firetruck,4,3
n03345487_65,firetruck,4,0
n03345487_6511,firetruck,4,3
n03345487_6515,firetruck,4,3
n03345487_6518,firetruck,4,0
n03345487_6519,firetruck,4,1
n03345487_6524,firetruck,4,4
n03345487_6550,firetruck,4,2
n03345487_6559,firetruck,4,0
n03345487_6572,firetruck,4,2
n03345487_6582,firetruck,4,1
n03345487_6605,firetruck,4,4
n03345487_6609,firetruck,4,4
n03345487_6618,firetruck,4,0
n03345487_6623,firetruck,4,2
n03345487_6637,firetruck,4,1
n03345487_6639,firetruck,4,2
n03345487_6644,firetruck,4,3
n03345487_6648,firetruck,4,4
n03345487_6661,firetruck,4,3
n03345487_6667,firetruck,4,0
n03345487_6677,firetruck,4,4
n03345487_6686,firetruck,4,1
n03345487_6689,firetruck,4,1
n03345487_670,firetruck,4,4
n03345487_6733,firetruck,4,1
n03345487_6736,firetruck,4,3
n03345487_6749,firetruck,4,4
n03345487_6752,firetruck,4,4
n03345487_6777,firetruck,4,1
n03345487_6779,firetruck,4,3
n03345487_6808,firetruck,4,2
n03345487_681,firetruck,4,0
n03345487_6812,firetruck,4,1
n03345487_6818,firetruck,4,0
n03345487_6826,firetruck,4,1
n03345487_6830,firetruck,4,1
n03345487_6843,firetruck,4,2
n03345487_6847,firetruck,4,4
n03345487_6851,firetruck,4,0
n03345487_6856,firetruck,4,4
n03345487_6859,firetruck,4,0
n03345487_686,firetruck,4,1
n03345487_6867,firetruck,4,2
n03345487_6881,firetruck,4,3
n03345487_6887,firetruck,4,2
n03345487_6891,firetruck,4,3
n03345487_6892,firetruck,4,2
n03345487_6912,firetruck,4,0
n03345487_6917,firetruck,4,1
n03345487_6921,firetruck,4,1
n03345487_6926,firetruck,4,0
n03345487_6932,firetruck,4,4
n03345487_6939,firetruck,4,0
n03345487_6964,firetruck,4,4
n03345487_6978,firetruck,4,3
n03345487_698,firetruck,4,4
n03345487_6990,firetruck,4,4
n03345487_7007,firetruck,4,3
n03345487_7012,firetruck,4,0
n03345487_7019,firetruck,4,4
n03345487_7028,firetruck,4,3
n03345487_7029,firetruck,4,2
n03345487_7040,firetruck,4,4
n03345487_7047,firetruck,4,3
n03345487_7060,firetruck,4,3
n03345487_7064,firetruck,4,3
n03345487_7069,firetruck,4,1
n03345487_7076,firetruck,4,0
n03345487_7085,firetruck,4,3
n03345487_709,firetruck,4,3
n03345487_7094,firetruck,4,4
n03345487_7098,firetruck,4,2
n03345487_710,firetruck,4,3
n03345487_7107,firetruck,4,3
n03345487_7117,firetruck,4,3
n03345487_7123,firetruck,4,3
n03345487_7127,firetruck,4,3
n03345487_7151,firetruck,4,1
n03345487_7158,firetruck,4,4
n03345487_717,firetruck,4,3
n03345487_718,firetruck,4,1
n03345487_7183,firetruck,4,2
n03345487_7184,firetruck,4,3
n03345487_7226,firetruck,4,2
n03345487_7232,firetruck,4,0
n03345487_7233,firetruck,4,2
n03345487_7240,firetruck,4,0
n03345487_7242,firetruck,4,0
n03345487_7262,firetruck,4,4
n03345487_7266,firetruck,4,3
n03345487_7291,firetruck,4,2
n03345487_7295,firetruck,4,2
n03345487_7320,firetruck,4,4
n03345487_7323,firetruck,4,1
n03345487_734,firetruck,4,0
n03345487_7341,firetruck,4,2
n03345487_7343,firetruck,4,0
n03345487_7344,firetruck,4,0
n03345487_7381,firetruck,4,2
n03345487_7386,firetruck,4,4
n03345487_7399,firetruck,4,0
n03345487_7403,firetruck,4,2
n03345487_7409,firetruck,4,0
n03345487_7410,firetruck,4,1
n03345487_7412,firetruck,4,4
n03345487_7425,firetruck,4,1
n03345487_7430,firetruck,4,2
n03345487_7435,firetruck,4,3
n03345487_7437,firetruck,4,4
n03345487_7440,firetruck,4,0
n03345487_7445,firetruck,4,3
n03345487_7459,firetruck,4,3
n03345487_7464,firetruck,4,3
n03345487_7469,firetruck,4,4
n03345487_7472,firetruck,4,2
n03345487_7476,firetruck,4,1
n03345487_7482,firetruck,4,2
n03345487_7484,firetruck,4,4
n03345487_7486,firetruck,4,2
n03345487_7487,firetruck,4,1
n03345487_7500,firetruck,4,2
n03345487_7505,firetruck,4,2
n03345487_7510,firetruck,4,2
n03345487_7514,firetruck,4,1
n03345487_7532,firetruck,4,0
n03345487_7535,firetruck,4,1
n03345487_7542,firetruck,4,0
n03345487_7548,firetruck,4,2
n03345487_755,firetruck,4,3
n03345487_7552,firetruck,4,0
n03345487_7569,firetruck,4,3
n03345487_757,firetruck,4,3
n03345487_7581,firetruck,4,2
n03345487_759,firetruck,4,0
n03345487_76,firetruck,4,2
n03345487_7601,firetruck,4,1
n03345487_7603,firetruck,4,4
n03345487_7618,firetruck,4,3
n03345487_7621,firetruck,4,3
n03345487_7623,firetruck,4,0
n03345487_7626,firetruck,4,2
n03345487_7633,firetruck,4,4
n03345487_7638,firetruck,4,1
n03345487_7656,firetruck,4,3
n03345487_7667,firetruck,4,1
n03345487_7680,firetruck,4,2
n03345487_7683,firetruck,4,4
n03345487_7689,firetruck,4,0
n03345487_7691,firetruck,4,0
n03345487_7696,firetruck,4,0
n03345487_7700,firetruck,4,3
n03345487_7705,firetruck,4,4
n03345487_7713,firetruck,4,0
n03345487_7717,firetruck,4,3
n03345487_772,firetruck,4,1
n03345487_7726,firetruck,4,1
n03345487_7728,firetruck,4,2
n03345487_776,firetruck,4,3
n03345487_7760,firetruck,4,4
n03345487_7762,firetruck,4,1
n03345487_7777,firetruck,4,4
n03345487_7779,firetruck,4,2
n03345487_7782,firetruck,4,0
n03345487_7792,firetruck,4,1
n03345487_7795,firetruck,4,4
n03345487_7798,firetruck,4,3
n03345487_78,firetruck,4,0
n03345487_7804,firetruck,4,1
n03345487_7805,firetruck,4,2
n03345487_7806,firetruck,4,3
n03345487_7808,firetruck,4,0
n03345487_7810,firetruck,4,2
n03345487_782,firetruck,4,0
n03345487_783,firetruck,4,2
n03345487_7833,firetruck,4,1
n03345487_7834,firetruck,4,4
n03345487_7836,firetruck,4,0
n03345487_7838,firetruck,4,4
n03345487_7844,firetruck,4,1
n03345487_785,firetruck,4,3
n03345487_7851,firetruck,4,2
n03345487_7857,firetruck,4,3
n03345487_7870,firetruck,4,4
n03345487_7880,firetruck,4,4
n03345487_7896,firetruck,4,4
n03345487_7897,firetruck,4,1
n03345487_790,firetruck,4,1
n03345487_7926,firetruck,4,4
n03345487_7929,firetruck,4,0
n03345487_7930,firetruck,4,2
n03345487_7931,firetruck,4,1
n03345487_7934,firetruck,4,0
n03345487_7960,firetruck,4,3
n03345487_7969,firetruck,4,1
n03345487_7981,firetruck,4,0
n03345487_800,firetruck,4,1
n03345487_8017,firetruck,4,0
n03345487_8018,firetruck,4,2
n03345487_8031,firetruck,4,2
n03345487_804,firetruck,4,4
n03345487_8045,firetruck,4,4
n03345487_8046,firetruck,4,4
n03345487_8053,firetruck,4,3
n03345487_8057,firetruck,4,1
n03345487_8063,firetruck,4,4
n03345487_8066,firetruck,4,0
n03345487_8077,firetruck,4,0
n03345487_8086,firetruck,4,0
n03345487_8092,firetruck,4,4
n03345487_8093,firetruck,4,3
n03345487_8101,firetruck,4,3
n03345487_8111,firetruck,4,4
n03345487_8122,firetruck,4,3
n03345487_8128,firetruck,4,2
n03345487_8131,firetruck,4,2
n03345487_8155,firetruck,4,0
n03345487_8158,firetruck,4,2
n03345487_8161,firetruck,4,1
n03345487_8169,firetruck,4,4
n03345487_8172,firetruck,4,4
n03345487_8174,firetruck,4,1
n03345487_8190,firetruck,4,4
n03345487_8199,firetruck,4,4
n03345487_8233,firetruck,4,4
n03345487_8235,firetruck,4,0
n03345487_8247,firetruck,4,1
n03345487_825,firetruck,4,4
n03345487_8266,firetruck,4,4
n03345487_829,firetruck,4,0
n03345487_8296,firetruck,4,2
n03345487_8304,firetruck,4,1
n03345487_8317,firetruck,4,0
n03345487_8323,firetruck,4,1
n03345487_8341,firetruck,4,1
n03345487_8362,firetruck,4,2
n03345487_8370,firetruck,4,4
n03345487_8375,firetruck,4,1
n03345487_839,firetruck,4,2
n03345487_8407,firetruck,4,0
n03345487_8413,firetruck,4,2
n03345487_844,firetruck,4,3
n03345487_8441,firetruck,4,2
n03345487_8474,firetruck,4,0
n03345487_8490,firetruck,4,1
n03345487_8510,firetruck,4,0
n03345487_8515,firetruck,4,4
n03345487_8523,firetruck,4,4
n03345487_8525,firetruck,4,4
n03345487_8558,firetruck,4,2
n03345487_8592,firetruck,4,3
n03345487_8610,firetruck,4,4
n03345487_8611,firetruck,4,1
n03345487_8615,firetruck,4,2
n03345487_8620,firetruck,4,1
n03345487_8629,firetruck,4,3
n03345487_8635,firetruck,4,4
n03345487_8639,firetruck,4,3
n03345487_8656,firetruck,4,1
n03345487_8671,firetruck,4,1
n03345487_8673,firetruck,4,3
n03345487_8679,firetruck,4,2
n03345487_8689,firetruck,4,1
n03345487_8693,firetruck,4,4
n03345487_8694,firetruck,4,0
n03345487_8699,firetruck,4,2
n03345487_8720,firetruck,4,4
n03345487_8766,firetruck,4,1
n03345487_8801,firetruck,4,4
n03345487_8802,firetruck,4,1
n03345487_882,firetruck,4,1
n03345487_8832,firetruck,4,2
n03345487_8839,firetruck,4,0
n03345487_8842,firetruck,4,2
n03345487_8847,firetruck,4,4
n03345487_8850,firetruck,4,3
n03345487_8891,firetruck,4,1
n03345487_8913,firetruck,4,0
n03345487_8919,firetruck,4,1
n03345487_8944,firetruck,4,4
n03345487_8958,firetruck,4,1
n03345487_8968,firetruck,4,1
n03345487_8991,firetruck,4,1
n03345487_8994,firetruck,4,0
n03345487_900,firetruck,4,2
n03345487_9006,firetruck,4,0
n03345487_9007,firetruck,4,1
n03345487_903,firetruck,4,3
n03345487_9038,firetruck,4,3
n03345487_9041,firetruck,4,1
n03345487_9044,firetruck,4,4
n03345487_9053,firetruck,4,3
n03345487_9083,firetruck,4,0
n03345487_9095,firetruck,4,0
n03345487_9101,firetruck,4,1
n03345487_9102,firetruck,4,4
n03345487_9123,firetruck,4,0
n03345487_9149,firetruck,4,0
n03345487_9227,firetruck,4,0
n03345487_9242,firetruck,4,3
n03345487_9253,firetruck,4,2
n03345487_926,firetruck,4,3
n03345487_9321,firetruck,4,3
n03345487_9369,firetruck,4,2
n03345487_9459,firetruck,4,1
n03345487_947,firetruck,4,0
n03345487_9482,firetruck,4,2
n03345487_949,firetruck,4,1
n03345487_9497,firetruck,4,2
n03345487_953,firetruck,4,3
n03345487_9535,firetruck,4,2
n03345487_9546,firetruck,4,2
n03345487_9558,firetruck,4,4
n03345487_9653,firetruck,4,1
n03345487_9664,firetruck,4,3
n03345487_976,firetruck,4,2
n03345487_9804,firetruck,4,3
n03345487_9854,firetruck,4,0
n03345487_9889,firetruck,4,2
n03345487_9893,firetruck,4,0
n03345487_9979,firetruck,4,3
