stem,cls,repeat,fold
n07716358_10003,zucchini,0,2
n07716358_10021,zucchini,0,2
n07716358_10032,zucchini,0,3
n07716358_1006,zucchini,0,3
n07716358_10104,zucchini,0,3
n07716358_1018,zucchini,0,2
n07716358_10200,zucchini,0,2
n07716358_10227,zucchini,0,3
n07716358_10234,zucchini,0,1
n07716358_10248,zucchini,0,4
n07716358_10251,zucchini,0,4
n07716358_10261,zucchini,0,2
n07716358_10266,zucchini,0,0
n07716358_10274,zucchini,0,4
n07716358_10283,zucchini,0,1
n07716358_10297,zucchini,0,2
n07716358_10301,zucchini,0,3
n07716358_10308,zucchini,0,0
n07716358_1032,zucchini,0,4
n07716358_10336,zucchini,0,1
n07716358_10366,zucchini,0,2
n07716358_10385,zucchini,0,4
n07716358_10402,zucchini,0,4
n07716358_10412,zucchini,0,4
n07716358_10460,zucchini,0,3
n07716358_10478,zucchini,0,0
n07716358_10480,zucchini,0,3
n07716358_105,zucchini,0,1
n07716358_10504,zucchini,0,2
n07716358_10507,zucchini,0,3
n07716358_10510,zucchini,0,0
n07716358_10513,zucchini,0,3
n07716358_10534,zucchini,0,3
n07716358_10535,zucchini,0,1
n07716358_10595,zucchini,0,1
n07716358_10598,zucchini,0,3
n07716358_106,zucchini,0,2
n07716358_10624,zucchini,0,2
n07716358_10635,zucchini,0,2
n07716358_10640,zucchini,0,4
n07716358_10648,zucchini,0,1
n07716358_10651,zucchini,0,0
n07716358_10652,zucchini,0,0
n07716358_10664,zucchini,0,4
n07716358_10673,zucchini,0,4
n07716358_10694,zucchini,0,3
n07716358_10709,zucchini,0,0
n07716358_10735,zucchini,0,4
n07716358_10765,zucchini,0,3
n07716358_1077,zucchini,0,3
n07716358_1078,zucchini,0,2
n07716358_10780,zucchini,0,4
n07716358_10788,zucchini,0,1
n07716358_10798,zucchini,0,0
n07716358_10805,zucchini,0,2
n07716358_10830,zucchini,0,3
n07716358_10837,zucchini,0,2
n07716358_10886,zucchini,0,2
n07716358_10911,zucchini,0,4
n07716358_10912,zucchini,0,2
n07716358_10917,zucchini,0,4
n07716358_10920,zucchini,0,1
n07716358_10933,zucchini,0,1
n07716358_10945,zucchini,0,3
n07716358_10947,zucchini,0,1
n07716358_10954,zucchini,0,1
n07716358_10974,zucchini,0,2
n07716358_11012,zucchini,0,4
n07716358_11020,zucchini,0,3
n07716358_11026,zucchini,0,3
n07716358_11048,zucchini,0,3
n07716358_11050,zucchini,0,3
n07716358_11058,zucchini,0,4
n07716358_11086,zucchini,0,0
n07716358_11095,zucchini,0,0
n07716358_11120,zucchini,0,0
n07716358_11137,zucchini,0,4
n07716358_11165,zucchini,0,1
n07716358_11176,zucchini,0,2
n07716358_11193,zucchini,0,0
n07716358_11220,zucchini,0,3
n07716358_1123,zucchini,0,0
n07716358_11231,zucchini,0,2
n07716358_11252,zucchini,0,3
n07716358_11257,zucchini,0,0
n07716358_1126,zucchini,0,1
n07716358_11315,zucchini,0,1
n07716358_11349,zucchini,0,4
n07716358_11358,zucchini,0,4
n07716358_11370,zucchini,0,0
n07716358_11383,zucchini,0,1
n07716358_11389,zucchini,0,3
n07716358_11412,zucchini,0,0
n07716358_11421,zucchini,0,0
n07716358_11423,zucchini,0,2
n07716358_11437,zucchini,0,1
n07716358_11450,zucchini,0,4
n07716358_11472,zucchini,0,4
n07716358_11476,zucchini,0,2
n07716358_11487,zucchini,0,3
n07716358_11514,zucchini,0,3
n07716358_11601,zucchini,0,1
n07716358_11635,zucchini,0,2
n07716358_11807,zucchini,0,0
n07716358_1182,zucchini,0,0
n07716358_11887,zucchini,0,4
n07716358_11943,zucchini,0,3
n07716358_11986,zucchini,0,2
n07716358_12009,zucchini,0,4
n07716358_12014,zucchini,0,0
n07716358_12024,zucchini,0,4
n07716358_12060,zucchini,0,0
n07716358_12070,zucchini,0,2
n07716358_12083,zucchini,0,0
n07716358_12087,zucchini,0,3
n07716358_12138,zucchini,0,3
n07716358_12143,zucchini,0,3
n07716358_12157,zucchini,0,4
n07716358_12176,zucchini,0,3
n07716358_12183,zucchini,0,3
n07716358_12191,zucchini,0,2
n07716358_12219,zucchini,0,4
n07716358_12238,zucchini,0,0
n07716358_1225,zucchini,0,1
n07716358_12258,zucchini,0,4
n07716358_12265,zucchini,0,0
n07716358_12268,zucchini,0,4
n07716358_12312,zucchini,0,2
n07716358_12331,zucchini,0,2
n07716358_12371,zucchini,0,1
n07716358_12387,zucchini,0,0
n07716358_12393,zucchini,0,4
n07716358_12402,zucchini,0,0
n07716358_12403,zucchini,0,1
n07716358_12407,zucchini,0,1
n07716358_1242,zucchini,0,0
n07716358_12441,zucchini,0,0
n07716358_12486,zucchini,0,1
n07716358_12489,zucchini,0,1
n07716358_1253,zucchini,0,3
n07716358_12548,zucchini,0,0
n07716358_12557,zucchini,0,3
n07716358_12564,zucchini,0,0
n07716358_12578,zucchini,0,2
n07716358_12579,zucchini,0,4
n07716358_1258,zucchini,0,2
n07716358_12586,zucchini,0,2
n07716358_12591,zucchini,0,3
n07716358_12599,zucchini,0,0
n07716358_12621,zucchini,0,2
n07716358_12651,zucchini,0,4
n07716358_12700,zucchini,0,1
n07716358_12705,zucchini,0,3
n07716358_12730,zucchini,0,0
n07716358_12742,zucchini,0,2
n07716358_12770,zucchini,0,1
n07716358_12771,zucchini,0,3
n07716358_128,zucchini,0,3
n07716358_12808,zucchini,0,3
n07716358_12818,zucchini,0,4
n07716358_12828,zucchini,0,0
n07716358_1286,zucchini,0,1
n07716358_1288,zucchini,0,3
n07716358_12885,zucchini,0,2
n07716358_12903,zucchini,0,2
n07716358_12931,zucchini,0,4
n07716358_12942,zucchini,0,2
n07716358_12963,zucchini,0,4
n07716358_12998,zucchini,0,4
n07716358_13008,zucchini,0,1
n07716358_13059,zucchini,0,0
n07716358_13090,zucchini,0,4
n07716358_13098,zucchini,0,3
n07716358_1312,zucchini,0,3
n07716358_13142,zucchini,0,0
n07716358_1325,zucchini,0,2
n07716358_13261,zucchini,0,1
n07716358_13307,zucchini,0,1
n07716358_1331,zucchini,0,0
n07716358_1333,zucchini,0,2
n07716358_13347,zucchini,0,0
n07716358_13393,zucchini,0,1
n07716358_1342,zucchini,0,0
n07716358_13434,zucchini,0,2
n07716358_13448,zucchini,0,2
n07716358_13517,zucchini,0,4
n07716358_13557,zucchini,0,2
n07716358_13570,zucchini,0,1
n07716358_13596,zucchini,0,3
n07716358_136,zucchini,0,4
n07716358_13626,zucchini,0,0
n07716358_13643,zucchini,0,2
n07716358_13646,zucchini,0,0
n07716358_13666,zucchini,0,2
n07716358_13674,zucchini,0,3
n07716358_13689,zucchini,0,0
n07716358_13690,zucchini,0,0
n07716358_13719,zucchini,0,2
n07716358_13731,zucchini,0,0
n07716358_13740,zucchini,0,1
n07716358_13754,zucchini,0,3
n07716358_13799,zucchini,0,0
n07716358_13800,zucchini,0,1
n07716358_1383,zucchini,0,3
n07716358_13861,zucchini,0,3
n07716358_13876,zucchini,0,0
n07716358_13886,zucchini,0,2
n07716358_13920,zucchini,0,3
n07716358_13931,zucchini,0,4
n07716358_13961,zucchini,0,4
n07716358_13982,zucchini,0,1
n07716358_13984,zucchini,0,2
n07716358_14032,zucchini,0,2
n07716358_14062,zucchini,0,2
n07716358_1407,zucchini,0,0
n07716358_14120,zucchini,0,2
n07716358_14132,zucchini,0,3
n07716358_1414,zucchini,0,3
n07716358_1415,zucchini,0,1
n07716358_14161,zucchini,0,4
n07716358_142,zucchini,0,4
n07716358_14235,zucchini,0,1
n07716358_14267,zucchini,0,1
n07716358_14300,zucchini,0,3
n07716358_14336,zucchini,0,0
n07716358_14402,zucchini,0,3
n07716358_14407,zucchini,0,0
n07716358_14453,zucchini,0,3
n07716358_14459,zucchini,0,2
n07716358_1446,zucchini,0,1
n07716358_14463,zucchini,0,1
n07716358_14464,zucchini,0,0
n07716358_14466,zucchini,0,4
n07716358_14474,zucchini,0,3
n07716358_14487,zucchini,0,0
n07716358_14540,zucchini,0,2
n07716358_1455,zucchini,0,0
n07716358_14556,zucchini,0,3
n07716358_14592,zucchini,0,4
n07716358_14603,zucchini,0,0
n07716358_14638,zucchini,0,0
n07716358_14717,zucchini,0,1
n07716358_14739,zucchini,0,0
n07716358_14764,zucchini,0,0
n07716358_14822,zucchini,0,0
n07716358_14829,zucchini,0,2
n07716358_14843,zucchini,0,0
n07716358_14846,zucchini,0,0
n07716358_14854,zucchini,0,0
n07716358_14914,zucchini,0,2
n07716358_14918,zucchini,0,0
n07716358_14946,zucchini,0,4
n07716358_14964,zucchini,0,3
n07716358_14979,zucchini,0,2
n07716358_1499,zucchini,0,1
n07716358_14990,zucchini,0,0
n07716358_15018,zucchini,0,3
n07716358_15025,zucchini,0,4
n07716358_15051,zucchini,0,0
n07716358_15085,zucchini,0,4
n07716358_15103,zucchini,0,0
n07716358_1511,zucchini,0,0
n07716358_15115,zucchini,0,0
n07716358_15122,zucchini,0,4
n07716358_15163,zucchini,0,3
n07716358_15179,zucchini,0,4
n07716358_15183,zucchini,0,3
n07716358_15220,zucchini,0,1
n07716358_15231,zucchini,0,3
n07716358_15244,zucchini,0,2
n07716358_15248,zucchini,0,2
n07716358_15251,zucchini,0,0
n07716358_15256,zucchini,0,0
n07716358_15279,zucchini,0,3
n07716358_15290,zucchini,0,1
n07716358_15314,zucchini,0,3
n07716358_1532,zucchini,0,3
n07716358_1533,zucchini,0,0
n07716358_1535,zucchini,0,4
n07716358_15355,zucchini,0,3
n07716358_15358,zucchini,0,3
n07716358_15382,zucchini,0,2
n07716358_15393,zucchini,0,1
n07716358_15411,zucchini,0,3
n07716358_15420,zucchini,0,4
n07716358_15453,zucchini,0,1
n07716358_15454,zucchini,0,2
n07716358_15470,zucchini,0,2
n07716358_15471,zucchini,0,0
n07716358_1549,zucchini,0,3
n07716358_15527,zucchini,0,1
n07716358_15669,zucchini,0,0
n07716358_15710,zucchini,0,3
n07716358_15728,zucchini,0,1
n07716358_15743,zucchini,0,1
n07716358_15801,zucchini,0,2
n07716358_15809,zucchini,0,1
n07716358_15816,zucchini,0,1
n07716358_15828,zucchini,0,0
n07716358_15851,zucchini,0,4
n07716358_15857,zucchini,0,3
n07716358_15920,zucchini,0,3
n07716358_15937,zucchini,0,4
n07716358_15966,zucchini,0,3
n07716358_15994,zucchini,0,0
n07716358_16000,zucchini,0,2
n07716358_16047,zucchini,0,3
n07716358_16051,zucchini,0,1
n07716358_16085,zucchini,0,0
n07716358_1609,zucchini,0,2
n07716358_16109,zucchini,0,3
n07716358_16133,zucchini,0,1
n07716358_16139,zucchini,0,4
n07716358_16144,zucchini,0,1
n07716358_16169,zucchini,0,4
n07716358_1626,zucchini,0,0
n07716358_1627,zucchini,0,4
n07716358_16281,zucchini,0,0
n07716358_16290,zucchini,0,4
n07716358_16322,zucchini,0,3
n07716358_16335,zucchini,0,1
n07716358_1635,zucchini,0,2
n07716358_16357,zucchini,0,4
n07716358_16373,zucchini,0,3
n07716358_16380,zucchini,0,0
n07716358_16391,zucchini,0,0
n07716358_1643,zucchini,0,2
n07716358_16503,zucchini,0,4
n07716358_16517,zucchini,0,2
n07716358_1657,zucchini,0,0
n07716358_16622,zucchini,0,4
n07716358_16651,zucchini,0,1
n07716358_16668,zucchini,0,4
n07716358_16676,zucchini,0,4
n07716358_16699,zucchini,0,1
n07716358_16709,zucchini,0,3
n07716358_16733,zucchini,0,2
n07716358_16756,zucchini,0,1
n07716358_16782,zucchini,0,4
n07716358_16783,zucchini,0,0
n07716358_1680,zucchini,0,1
n07716358_16823,zucchini,0,0
n07716358_16834,zucchini,0,0
n07716358_16886,zucchini,0,2
n07716358_16890,zucchini,0,3
n07716358_16901,zucchini,0,0
n07716358_16910,zucchini,0,0
n07716358_16921,zucchini,0,1
n07716358_16925,zucchini,0,2
n07716358_16936,zucchini,0,0
n07716358_16986,zucchini,0,2
n07716358_17034,zucchini,0,3
n07716358_17056,zucchini,0,3
n07716358_17119,zucchini,0,1
n07716358_17130,zucchini,0,1
n07716358_17182,zucchini,0,0
n07716358_17183,zucchini,0,0
n07716358_17246,zucchini,0,2
n07716358_17249,zucchini,0,1
n07716358_17251,zucchini,0,3
n07716358_17277,zucchini,0,3
n07716358_17299,zucchini,0,3
n07716358_17306,zucchini,0,0
n07716358_17346,zucchini,0,4
n07716358_17379,zucchini,0,1
n07716358_17423,zucchini,0,0
n07716358_17476,zucchini,0,1
n07716358_17497,zucchini,0,0
n07716358_17509,zucchini,0,4
n07716358_17523,zucchini,0,3
n07716358_17573,zucchini,0,2
n07716358_17583,zucchini,0,2
n07716358_17584,zucchini,0,4
n07716358_17593,zucchini,0,0
n07716358_17606,zucchini,0,1
n07716358_17623,zucchini,0,1
n07716358_17643,zucchini,0,4
n07716358_17672,zucchini,0,2
n07716358_17701,zucchini,0,0
n07716358_17706,zucchini,0,1
n07716358_1771,zucchini,0,0
n07716358_17747,zucchini,0,0
n07716358_17761,zucchini,0,4
n07716358_17776,zucchini,0,2
n07716358_17789,zucchini,0,2
n07716358_17809,zucchini,0,2
n07716358_17859,zucchini,0,3
n07716358_17878,zucchini,0,2
n07716358_17916,zucchini,0,0
n07716358_17936,zucchini,0,3
n07716358_1796,zucchini,0,2
n07716358_17980,zucchini,0,4
n07716358_1799,zucchini,0,1
n07716358_1800,zucchini,0,0
n07716358_18011,zucchini,0,4
n07716358_18058,zucchini,0,3
n07716358_1808,zucchini,0,4
n07716358_18090,zucchini,0,4
n07716358_18119,zucchini,0,1
n07716358_18134,zucchini,0,2
n07716358_18144,zucchini,0,4
n07716358_18167,zucchini,0,4
n07716358_18176,zucchini,0,3
n07716358_18243,zucchini,0,4
n07716358_18312,zucchini,0,2
n07716358_18320,zucchini,0,0
n07716358_18324,zucchini,0,3
n07716358_18330,zucchini,0,4
n07716358_18381,zucchini,0,1
n07716358_18390,zucchini,0,0
n07716358_18410,zucchini,0,3
n07716358_18421,zucchini,0,1
n07716358_18437,zucchini,0,2
n07716358_18491,zucchini,0,1
n07716358_18492,zucchini,0,1
n07716358_18495,zucchini,0,1
n07716358_18544,zucchini,0,0
n07716358_1855,zucchini,0,4
n07716358_18606,zucchini,0,3
n07716358_18609,zucchini,0,3
n07716358_18630,zucchini,0,3
n07716358_18638,zucchini,0,1
n07716358_18648,zucchini,0,4
n07716358_18658,zucchini,0,1
n07716358_1866,zucchini,0,0
n07716358_18791,zucchini,0,1
n07716358_18815,zucchini,0,4
n07716358_1882,zucchini,0,3
n07716358_18825,zucchini,0,0
n07716358_18828,zucchini,0,1
n07716358_18848,zucchini,0,1
n07716358_18929,zucchini,0,0
n07716358_18974,zucchini,0,4
n07716358_19007,zucchini,0,1
n07716358_19028,zucchini,0,0
n07716358_19036,zucchini,0,1
n07716358_19040,zucchini,0,2
n07716358_19055,zucchini,0,0
n07716358_19072,zucchini,0,1
n07716358_19113,zucchini,0,2
n07716358_19157,zucchini,0,0
n07716358_19214,zucchini,0,4
n07716358_1925,zucchini,0,1
n07716358_19281,zucchini,0,4
n07716358_19290,zucchini,0,1
n07716358_19344,zucchini,0,2
n07716358_19383,zucchini,0,4
n07716358_19384,zucchini,0,2
n07716358_19387,zucchini,0,0
n07716358_19395,zucchini,0,2
n07716358_19448,zucchini,0,2
n07716358_19461,zucchini,0,3
n07716358_19522,zucchini,0,3
n07716358_19528,zucchini,0,2
n07716358_19623,zucchini,0,1
n07716358_19627,zucchini,0,1
n07716358_19641,zucchini,0,2
n07716358_19674,zucchini,0,4
n07716358_19697,zucchini,0,0
n07716358_19743,zucchini,0,1
n07716358_19754,zucchini,0,2
n07716358_19761,zucchini,0,0
n07716358_19771,zucchini,0,0
n07716358_19792,zucchini,0,0
n07716358_19819,zucchini,0,1
n07716358_19863,zucchini,0,4
n07716358_19873,zucchini,0,4
n07716358_19875,zucchini,0,3
n07716358_19973,zucchini,0,4
n07716358_20005,zucchini,0,4
n07716358_20014,zucchini,0,3
n07716358_20097,zucchini,0,2
n07716358_20147,zucchini,0,0
n07716358_20148,zucchini,0,1
n07716358_20152,zucchini,0,3
n07716358_2017,zucchini,0,2
n07716358_20182,zucchini,0,1
n07716358_20189,zucchini,0,4
n07716358_20199,zucchini,0,0
n07716358_20226,zucchini,0,1
n07716358_20248,zucchini,0,4
n07716358_20256,zucchini,0,0
n07716358_20274,zucchini,0,4
n07716358_2031,zucchini,0,0
n07716358_20318,zucchini,0,0
n07716358_20337,zucchini,0,0
n07716358_20398,zucchini,0,0
n07716358_20401,zucchini,0,0
n07716358_20411,zucchini,0,4
n07716358_20428,zucchini,0,0
n07716358_20501,zucchini,0,1
n07716358_2051,zucchini,0,3
n07716358_2053,zucchini,0,1
n07716358_20543,zucchini,0,2
n07716358_20578,zucchini,0,2
n07716358_20648,zucchini,0,0
n07716358_2068,zucchini,0,2
n07716358_20693,zucchini,0,1
n07716358_20716,zucchini,0,3
n07716358_20722,zucchini,0,1
n07716358_20731,zucchini,0,1
n07716358_20759,zucchini,0,3
n07716358_20764,zucchini,0,1
n07716358_20772,zucchini,0,0
n07716358_2082,zucchini,0,4
n07716358_20825,zucchini,0,3
n07716358_20828,zucchini,0,2
n07716358_20866,zucchini,0,0
n07716358_20877,zucchini,0,0
n07716358_20900,zucchini,0,2
n07716358_20917,zucchini,0,2
n07716358_20927,zucchini,0,3
n07716358_20943,zucchini,0,4
n07716358_20964,zucchini,0,4
n07716358_20994,zucchini,0,0
n07716358_20999,zucchini,0,3
n07716358_21046,zucchini,0,0
n07716358_21091,zucchini,0,2
n07716358_21188,zucchini,0,4
n07716358_21190,zucchini,0,4
n07716358_21194,zucchini,0,0
n07716358_21207,zucchini,0,1
n07716358_21220,zucchini,0,0
n07716358_21235,zucchini,0,3
n07716358_21256,zucchini,0,3
n07716358_21268,zucchini,0,0
n07716358_2131,zucchini,0,2
n07716358_21329,zucchini,0,2
n07716358_21387,zucchini,0,2
n07716358_21466,zucchini,0,2
n07716358_21528,zucchini,0,0
n07716358_21627,zucchini,0,1
n07716358_21641,zucchini,0,1
n07716358_21657,zucchini,0,4
n07716358_21682,zucchini,0,0
n07716358_21693,zucchini,0,0
n07716358_21703,zucchini,0,4
n07716358_21715,zucchini,0,2
n07716358_21743,zucchini,0,1
n07716358_21756,zucchini,0,0
n07716358_21764,zucchini,0,4
n07716358_2177,zucchini,0,4
n07716358_21788,zucchini,0,4
n07716358_21796,zucchini,0,4
n07716358_21797,zucchini,0,0
n07716358_21828,zucchini,0,2
n07716358_21830,zucchini,0,0
n07716358_21876,zucchini,0,1
n07716358_21892,zucchini,0,0
n07716358_21911,zucchini,0,0
n07716358_21921,zucchini,0,2
n07716358_21929,zucchini,0,2
n07716358_21956,zucchini,0,3
n07716358_2196,zucchini,0,3
n07716358_21966,zucchini,0,4
n07716358_21997,zucchini,0,4
n07716358_21999,zucchini,0,1
n07716358_220,zucchini,0,4
n07716358_22000,zucchini,0,1
n07716358_22002,zucchini,0,4
n07716358_22008,zucchini,0,2
n07716358_22064,zucchini,0,3
n07716358_22128,zucchini,0,4
n07716358_22135,zucchini,0,2
n07716358_2214,zucchini,0,1
n07716358_22212,zucchini,0,1
n07716358_22242,zucchini,0,4
n07716358_22354,zucchini,0,4
n07716358_22387,zucchini,0,3
n07716358_22402,zucchini,0,3
n07716358_2242,zucchini,0,2
n07716358_22440,zucchini,0,2
n07716358_22465,zucchini,0,0
n07716358_22471,zucchini,0,3
n07716358_2249,zucchini,0,0
n07716358_2251,zucchini,0,4
n07716358_22521,zucchini,0,0
n07716358_22588,zucchini,0,4
n07716358_2262,zucchini,0,2
n07716358_22640,zucchini,0,2
n07716358_22647,zucchini,0,1
n07716358_22655,zucchini,0,0
n07716358_22680,zucchini,0,3
n07716358_22696,zucchini,0,2
n07716358_22750,zucchini,0,3
n07716358_22926,zucchini,0,1
n07716358_22955,zucchini,0,0
n07716358_22988,zucchini,0,1
n07716358_22997,zucchini,0,0
n07716358_22999,zucchini,0,4
n07716358_23004,zucchini,0,3
n07716358_23052,zucchini,0,4
n07716358_23080,zucchini,0,4
n07716358_23096,zucchini,0,3
n07716358_23104,zucchini,0,2
n07716358_23109,zucchini,0,1
n07716358_23152,zucchini,0,4
n07716358_23157,zucchini,0,4
n07716358_23166,zucchini,0,4
n07716358_23240,zucchini,0,0
n07716358_23253,zucchini,0,3
n07716358_23256,zucchini,0,4
n07716358_23311,zucchini,0,4
n07716358_23357,zucchini,0,1
n07716358_23416,zucchini,0,0
n07716358_23537,zucchini,0,1
n07716358_23553,zucchini,0,3
n07716358_2360,zucchini,0,1
n07716358_23601,zucchini,0,2
n07716358_23690,zucchini,0,3
n07716358_2372,zucchini,0,2
n07716358_23771,zucchini,0,0
n07716358_23815,zucchini,0,3
n07716358_2384,zucchini,0,0
n07716358_23846,zucchini,0,4
n07716358_23881,zucchini,0,0
n07716358_239,zucchini,0,0
n07716358_23903,zucchini,0,2
n07716358_23910,zucchini,0,4
n07716358_23960,zucchini,0,3
n07716358_24037,zucchini,0,1
n07716358_24136,zucchini,0,2
n07716358_24138,zucchini,0,4
n07716358_24142,zucchini,0,0
n07716358_24177,zucchini,0,1
n07716358_24200,zucchini,0,0
n07716358_24230,zucchini,0,0
n07716358_24261,zucchini,0,3
n07716358_24309,zucchini,0,1
n07716358_24380,zucchini,0,4
n07716358_24384,zucchini,0,4
n07716358_24419,zucchini,0,4
n07716358_24443,zucchini,0,1
n07716358_24451,zucchini,0,0
n07716358_24456,zucchini,0,3
n07716358_24460,zucchini,0,3
n07716358_24466,zucchini,0,1
n07716358_24469,zucchini,0,3
n07716358_2449,zucchini,0,3
n07716358_24497,zucchini,0,0
n07716358_24518,zucchini,0,1
n07716358_24522,zucchini,0,2
n07716358_24549,zucchini,0,2
n07716358_24617,zucchini,0,2
n07716358_24670,zucchini,0,1
n07716358_24685,zucchini,0,2
n07716358_24734,zucchini,0,2
n07716358_24771,zucchini,0,4
n07716358_24772,zucchini,0,3
n07716358_24822,zucchini,0,4
n07716358_24847,zucchini,0,1
n07716358_24884,zucchini,0,3
n07716358_2489,zucchini,0,4
n07716358_24890,zucchini,0,2
n07716358_24896,zucchini,0,0
n07716358_24915,zucchini,0,4
n07716358_24932,zucchini,0,1
n07716358_24951,zucchini,0,3
n07716358_2499,zucchini,0,0
n07716358_24991,zucchini,0,1
n07716358_25000,zucchini,0,4
n07716358_25004,zucchini,0,2
n07716358_25088,zucchini,0,0
n07716358_25092,zucchini,0,1
n07716358_25175,zucchini,0,2
n07716358_25202,zucchini,0,3
n07716358_25229,zucchini,0,4
n07716358_25252,zucchini,0,0
n07716358_25285,zucchini,0,0
n07716358_25298,zucchini,0,4
n07716358_25306,zucchini,0,4
n07716358_25315,zucchini,0,2
n07716358_25323,zucchini,0,0
n07716358_25365,zucchini,0,3
n07716358_25390,zucchini,0,4
n07716358_254,zucchini,0,2
n07716358_25407,zucchini,0,1
n07716358_25417,zucchini,0,1
n07716358_25435,zucchini,0,1
n07716358_25444,zucchini,0,3
n07716358_25477,zucchini,0,3
n07716358_25490,zucchini,0,1
n07716358_25564,zucchini,0,4
n07716358_2562,zucchini,0,2
n07716358_25650,zucchini,0,0
n07716358_25669,zucchini,0,0
n07716358_25679,zucchini,0,2
n07716358_25710,zucchini,0,1
n07716358_25736,zucchini,0,3
n07716358_25768,zucchini,0,0
n07716358_25776,zucchini,0,3
n07716358_25780,zucchini,0,1
n07716358_25794,zucchini,0,1
n07716358_25801,zucchini,0,0
n07716358_25803,zucchini,0,3
n07716358_2582,zucchini,0,4
n07716358_25852,zucchini,0,1
n07716358_25871,zucchini,0,1
n07716358_2592,zucchini,0,2
n07716358_25949,zucchini,0,1
n07716358_2603,zucchini,0,4
n07716358_26109,zucchini,0,4
n07716358_2613,zucchini,0,4
n07716358_2614,zucchini,0,1
n07716358_2634,zucchini,0,0
n07716358_2649,zucchini,0,3
n07716358_2652,zucchini,0,3
n07716358_2657,zucchini,0,0
n07716358_26701,zucchini,0,1
n07716358_26835,zucchini,0,0
n07716358_2688,zucchini,0,1
n07716358_2690,zucchini,0,4
n07716358_2698,zucchini,0,1
n07716358_27,zucchini,0,2
n07716358_2721,zucchini,0,1
n07716358_2727,zucchini,0,1
n07716358_2736,zucchini,0,0
n07716358_27536,zucchini,0,4
n07716358_2780,zucchini,0,0
n07716358_2798,zucchini,0,0
n07716358_2802,zucchini,0,3
n07716358_2845,zucchini,0,3
n07716358_2855,zucchini,0,1
n07716358_2869,zucchini,0,4
n07716358_28816,zucchini,0,2
n07716358_2897,zucchini,0,4
n07716358_2945,zucchini,0,1
n07716358_2991,zucchini,0,3
n07716358_3024,zucchini,0,1
n07716358_3034,zucchini,0,4
n07716358_3101,zucchini,0,4
n07716358_31011,zucchini,0,1
n07716358_3125,zucchini,0,1
n07716358_3135,zucchini,0,1
n07716358_31352,zucchini,0,3
n07716358_3142,zucchini,0,3
n07716358_31451,zucchini,0,0
n07716358_3154,zucchini,0,1
n07716358_31851,zucchini,0,4
n07716358_3193,zucchini,0,4
n07716358_3223,zucchini,0,2
n07716358_3253,zucchini,0,3
n07716358_3257,zucchini,0,4
n07716358_3263,zucchini,0,1
n07716358_3280,zucchini,0,1
n07716358_3290,zucchini,0,2
n07716358_3293,zucchini,0,4
n07716358_3328,zucchini,0,3
n07716358_33351,zucchini,0,1
n07716358_33565,zucchini,0,1
n07716358_3386,zucchini,0,2
n07716358_3395,zucchini,0,2
n07716358_3399,zucchini,0,4
n07716358_3403,zucchini,0,0
n07716358_3413,zucchini,0,1
n07716358_34149,zucchini,0,1
n07716358_3419,zucchini,0,4
n07716358_3420,zucchini,0,2
n07716358_34232,zucchini,0,2
n07716358_3424,zucchini,0,1
n07716358_343,zucchini,0,2
n07716358_34331,zucchini,0,3
n07716358_3446,zucchini,0,4
n07716358_3450,zucchini,0,4
n07716358_3451,zucchini,0,2
n07716358_3453,zucchini,0,0
n07716358_34723,zucchini,0,1
n07716358_3486,zucchini,0,1
n07716358_3492,zucchini,0,2
n07716358_3493,zucchini,0,0
n07716358_3502,zucchini,0,2
n07716358_3538,zucchini,0,1
n07716358_3544,zucchini,0,0
n07716358_3555,zucchini,0,3
n07716358_35765,zucchini,0,0
n07716358_3580,zucchini,0,1
n07716358_3582,zucchini,0,1
n07716358_35883,zucchini,0,3
n07716358_35952,zucchini,0,0
n07716358_3600,zucchini,0,2
n07716358_3603,zucchini,0,1
n07716358_3620,zucchini,0,0
n07716358_36362,zucchini,0,1
n07716358_3646,zucchini,0,1
n07716358_3658,zucchini,0,0
n07716358_3662,zucchini,0,2
n07716358_3665,zucchini,0,0
n07716358_3675,zucchini,0,2
n07716358_3678,zucchini,0,0
n07716358_3729,zucchini,0,0
n07716358_37379,zucchini,0,3
n07716358_3761,zucchini,0,0
n07716358_3765,zucchini,0,2
n07716358_3785,zucchini,0,1
n07716358_3845,zucchini,0,2
n07716358_3849,zucchini,0,3
n07716358_38814,zucchini,0,4
n07716358_3882,zucchini,0,2
n07716358_3934,zucchini,0,2
n07716358_3945,zucchini,0,0
n07716358_39697,zucchini,0,3
n07716358_399,zucchini,0,3
n07716358_3994,zucchini,0,4
n07716358_3995,zucchini,0,0
n07716358_4029,zucchini,0,4
n07716358_4045,zucchini,0,0
n07716358_4084,zucchini,0,0
n07716358_4086,zucchini,0,2
n07716358_4093,zucchini,0,3
n07716358_4145,zucchini,0,4
n07716358_4192,zucchini,0,1
n07716358_4233,zucchini,0,2
n07716358_4235,zucchini,0,4
n07716358_4251,zucchini,0,1
n07716358_4259,zucchini,0,4
n07716358_4272,zucchini,0,3
n07716358_4288,zucchini,0,1
n07716358_4316,zucchini,0,3
n07716358_4341,zucchini,0,3
n07716358_4347,zucchini,0,3
n07716358_4376,zucchini,0,3
n07716358_4390,zucchini,0,3
n07716358_4393,zucchini,0,4
n07716358_4423,zucchini,0,4
n07716358_4434,zucchini,0,4
n07716358_4437,zucchini,0,1
n07716358_4440,zucchini,0,1
n07716358_4442,zucchini,0,2
n07716358_4456,zucchini,0,0
n07716358_4487,zucchini,0,2
n07716358_4503,zucchini,0,4
n07716358_4505,zucchini,0,3
n07716358_4517,zucchini,0,3
n07716358_4526,zucchini,0,3
n07716358_4537,zucchini,0,1
n07716358_4564,zucchini,0,4
n07716358_4569,zucchini,0,4
n07716358_4587,zucchini,0,4
n07716358_4593,zucchini,0,2
n07716358_4623,zucchini,0,3
n07716358_4635,zucchini,0,2
n07716358_4637,zucchini,0,4
n07716358_4666,zucchini,0,0
n07716358_4669,zucchini,0,1
n07716358_4708,zucchini,0,3
n07716358_4711,zucchini,0,4
n07716358_4770,zucchini,0,2
n07716358_4776,zucchini,0,2
n07716358_4785,zucchini,0,4
n07716358_479,zucchini,0,4
n07716358_484,zucchini,0,1
n07716358_4840,zucchini,0,1
n07716358_4841,zucchini,0,3
n07716358_4845,zucchini,0,3
n07716358_4848,zucchini,0,4
n07716358_4852,zucchini,0,0
n07716358_4873,zucchini,0,2
n07716358_4878,zucchini,0,1
n07716358_4891,zucchini,0,3
n07716358_4902,zucchini,0,0
n07716358_4916,zucchini,0,2
n07716358_4923,zucchini,0,0
n07716358_4932,zucchini,0,4
n07716358_4937,zucchini,0,3
n07716358_4960,zucchini,0,4
n07716358_4993,zucchini,0,1
n07716358_5009,zucchini,0,2
n07716358_5017,zucchini,0,2
n07716358_5021,zucchini,0,2
n07716358_5022,zucchini,0,1
n07716358_5037,zucchini,0,3
n07716358_5051,zucchini,0,4
n07716358_5052,zucchini,0,2
n07716358_5053,zucchini,0,2
n07716358_506,zucchini,0,4
n07716358_5088,zucchini,0,2
n07716358_5105,zucchini,0,1
n07716358_5111,zucchini,0,2
n07716358_5118,zucchini,0,3
n07716358_5123,zucchini,0,2
n07716358_5142,zucchini,0,2
n07716358_5147,zucchini,0,4
n07716358_516,zucchini,0,2
n07716358_5208,zucchini,0,2
n07716358_5238,zucchini,0,3
n07716358_5340,zucchini,0,4
n07716358_5350,zucchini,0,0
n07716358_5355,zucchini,0,3
n07716358_5360,zucchini,0,3
n07716358_542,zucchini,0,2
n07716358_5422,zucchini,0,4
n07716358_5429,zucchini,0,2
n07716358_5439,zucchini,0,2
n07716358_5517,zucchini,0,3
n07716358_552,zucchini,0,0
n07716358_5522,zucchini,0,0
n07716358_5569,zucchini,0,3
n07716358_5579,zucchini,0,2
n07716358_5584,zucchini,0,3
n07716358_5633,zucchini,0,4
n07716358_5659,zucchini,0,2
n07716358_5671,zucchini,0,0
n07716358_5673,zucchini,0,4
n07716358_5690,zucchini,0,1
n07716358_5692,zucchini,0,2
n07716358_5722,zucchini,0,1
n07716358_5729,zucchini,0,0
n07716358_5732,zucchini,0,3
n07716358_5745,zucchini,0,0
n07716358_5758,zucchini,0,2
n07716358_5789,zucchini,0,3
n07716358_5803,zucchini,0,3
n07716358_5804,zucchini,0,1
n07716358_5833,zucchini,0,3
n07716358_5862,zucchini,0,1
n07716358_5878,zucchini,0,2
n07716358_5951,zucchini,0,0
n07716358_5959,zucchini,0,0
n07716358_5966,zucchini,0,4
n07716358_5974,zucchini,0,2
n07716358_5975,zucchini,0,3
n07716358_5976,zucchini,0,3
n07716358_5995,zucchini,0,2
n07716358_6007,zucchini,0,4
n07716358_609,zucchini,0,1
n07716358_6094,zucchini,0,4
n07716358_6102,zucchini,0,4
n07716358_6139,zucchini,0,2
n07716358_6185,zucchini,0,2
n07716358_6196,zucchini,0,3
n07716358_6200,zucchini,0,4
n07716358_6201,zucchini,0,4
n07716358_6212,zucchini,0,4
n07716358_6281,zucchini,0,4
n07716358_6305,zucchini,0,0
n07716358_6384,zucchini,0,2
n07716358_6397,zucchini,0,2
n07716358_6405,zucchini,0,4
n07716358_6415,zucchini,0,1
n07716358_6428,zucchini,0,1
n07716358_6431,zucchini,0,1
n07716358_6440,zucchini,0,2
n07716358_6477,zucchini,0,2
n07716358_6488,zucchini,0,3
n07716358_6489,zucchini,0,3
n07716358_649,zucchini,0,2
n07716358_6492,zucchini,0,2
n07716358_6499,zucchini,0,1
n07716358_653,zucchini,0,2
n07716358_6548,zucchini,0,1
n07716358_6585,zucchini,0,2
n07716358_6628,zucchini,0,3
n07716358_6676,zucchini,0,0
n07716358_6677,zucchini,0,1
n07716358_6693,zucchini,0,1
n07716358_6695,zucchini,0,1
n07716358_6697,zucchini,0,2
n07716358_6725,zucchini,0,4
n07716358_6729,zucchini,0,3
n07716358_6741,zucchini,0,0
n07716358_678,zucchini,0,4
n07716358_680,zucchini,0,3
n07716358_6804,zucchini,0,4
n07716358_6812,zucchini,0,4
n07716358_6817,zucchini,0,2
n07716358_6824,zucchini,0,2
n07716358_6843,zucchini,0,1
n07716358_6865,zucchini,0,2
n07716358_6868,zucchini,0,3
n07716358_6874,zucchini,0,3
n07716358_6890,zucchini,0,4
n07716358_6926,zucchini,0,1
n07716358_694,zucchini,0,4
n07716358_6954,zucchini,0,2
n07716358_6968,zucchini,0,2
n07716358_6995,zucchini,0,4
n07716358_701,zucchini,0,4
n07716358_7027,zucchini,0,1
n07716358_705,zucchini,0,2
n07716358_7085,zucchini,0,0
n07716358_7097,zucchini,0,1
n07716358_7177,zucchini,0,1
n07716358_718,zucchini,0,4
n07716358_7180,zucchini,0,3
n07716358_7206,zucchini,0,0
n07716358_7226,zucchini,0,1
n07716358_723,zucchini,0,3
n07716358_7242,zucchini,0,0
n07716358_7247,zucchini,0,1
n07716358_7251,zucchini,0,4
n07716358_7265,zucchini,0,0
n07716358_7283,zucchini,0,2
n07716358_7285,zucchini,0,1
n07716358_7298,zucchini,0,4
n07716358_7311,zucchini,0,3
n07716358_7355,zucchini,0,3
n07716358_7365,zucchini,0,3
n07716358_7434,zucchini,0,2
n07716358_7458,zucchini,0,4
n07716358_7486,zucchini,0,4
n07716358_7487,zucchini,0,3
n07716358_7555,zucchini,0,3
n07716358_7574,zucchini,0,2
n07716358_7584,zucchini,0,1
n07716358_7618,zucchini,0,2
n07716358_7626,zucchini,0,3
n07716358_7687,zucchini,0,1
n07716358_7850,zucchini,0,2
n07716358_792,zucchini,0,4
n07716358_800,zucchini,0,0
n07716358_803,zucchini,0,1
n07716358_8041,zucchini,0,4
n07716358_8055,zucchini,0,1
n07716358_8079,zucchini,0,1
n07716358_8119,zucchini,0,0
n07716358_8149,zucchini,0,4
n07716358_816,zucchini,0,4
n07716358_8175,zucchini,0,3
n07716358_8266,zucchini,0,3
n07716358_8285,zucchini,0,4
n07716358_830,zucchini,0,2
n07716358_8358,zucchini,0,2
n07716358_839,zucchini,0,4
n07716358_8390,zucchini,0,1
n07716358_8397,zucchini,0,0
n07716358_8438,zucchini,0,2
n07716358_8455,zucchini,0,3
n07716358_8575,zucchini,0,3
n07716358_8578,zucchini,0,0
n07716358_8661,zucchini,0,4
n07716358_8664,zucchini,0,3
n07716358_8674,zucchini,0,2
n07716358_8695,zucchini,0,4
n07716358_8726,zucchini,0,4
n07716358_8754,zucchini,0,2
n07716358_8796,zucchini,0,3
n07716358_8820,zucchini,0,3
n07716358_8848,zucchini,0,1
n07716358_8898,zucchini,0,2
n07716358_8938,zucchini,0,1
n07716358_8973,zucchini,0,4
n07716358_8988,zucchini,0,4
n07716358_8993,zucchini,0,0
n07716358_9014,zucchini,0,3
n07716358_902,zucchini,0,1
n07716358_9030,zucchini,0,1
n07716358_904,zucchini,0,0
n07716358_9042,zucchini,0,1
n07716358_9086,zucchini,0,2
n07716358_9089,zucchini,0,3
n07716358_9099,zucchini,0,4
n07716358_9112,zucchini,0,0
n07716358_9119,zucchini,0,3
n07716358_9135,zucchini,0,0
n07716358_9151,zucchini,0,0
n07716358_9178,zucchini,0,1
n07716358_9184,zucchini,0,1
n07716358_9199,zucchini,0,0
n07716358_9214,zucchini,0,2
n07716358_9307,zucchini,0,2
n07716358_9344,zucchini,0,2
n07716358_9347,zucchini,0,3
n07716358_935,zucchini,0,2
n07716358_9362,zucchini,0,0
n07716358_9369,zucchini,0,1
n07716358_9376,zucchini,0,4
n07716358_9395,zucchini,0,1
n07716358_9491,zucchini,0,0
n07716358_9544,zucchini,0,3
n07716358_9550,zucchini,0,0
n07716358_9588,zucchini,0,3
n07716358_960,zucchini,0,2
n07716358_9653,zucchini,0,4
n07716358_9686,zucchini,0,3
n07716358_9732,zucchini,0,3
n07716358_9749,zucchini,0,3
n07716358_979,zucchini,0,2
n07716358_9821,zucchini,0,3
n07716358_9835,zucchini,0,1
n07716358_9840,zucchini,0,0
n07716358_9866,zucchini,0,3
n07716358_9887,zucchini,0,2
n07716358_9897,zucchini,0,1
n07716358_9909,zucchini,0,1
n07716358_9934,zucchini,0,3
n07716358_9953,zucchini,0,3
n07716358_9974,zucchini,0,1
n07716358_9981,zucchini,0,4
n07716358_9983,zucchini,0,3
n07716358_9984,zucchini,0,2
n07716358_9995,zucchini,0,2
n07716358_9996,zucchini,0,1
n07716358_9997,zucchini,0,1
n07718472_1000,cucumber,0,3
n07718472_1001,cucumber,0,3
n07718472_1002,cucumber,0,1
n07718472_10050,cucumber,0,4
n07718472_1006,cucumber,0,4
n07718472_10107,cucumber,0,1
n07718472_10155,cucumber,0,3
n07718472_10198,cucumber,0,3
n07718472_1022,cucumber,0,4
n07718472_10238,cucumber,0,1
n07718472_1027,cucumber,0,0
n07718472_10298,cucumber,0,0
n07718472_103,cucumber,0,0
n07718472_10305,cucumber,0,1
n07718472_10316,cucumber,0,2
n07718472_10327,cucumber,0,0
n07718472_10341,cucumber,0,4
n07718472_10358,cucumber,0,0
n07718472_1037,cucumber,0,0
n07718472_10380,cucumber,0,1
n07718472_10383,cucumber,0,2
n07718472_10427,cucumber,0,3
n07718472_1043,cucumber,0,2
n07718472_1045,cucumber,0,0
n07718472_10468,cucumber,0,1
n07718472_10474,cucumber,0,0
n07718472_10483,cucumber,0,0
n07718472_1049,cucumber,0,4
n07718472_10496,cucumber,0,4
n07718472_10507,cucumber,0,1
n07718472_1054,cucumber,0,3
n07718472_10542,cucumber,0,3
n07718472_10599,cucumber,0,1
n07718472_10657,cucumber,0,4
n07718472_10666,cucumber,0,0
n07718472_10671,cucumber,0,3
n07718472_10704,cucumber,0,0
n07718472_10709,cucumber,0,0
n07718472_1071,cucumber,0,3
n07718472_10718,cucumber,0,2
n07718472_10729,cucumber,0,0
n07718472_10736,cucumber,0,2
n07718472_10742,cucumber,0,3
n07718472_10768,cucumber,0,3
n07718472_10797,cucumber,0,1
n07718472_10799,cucumber,0,3
n07718472_1080,cucumber,0,0
n07718472_10800,cucumber,0,1
n07718472_10804,cucumber,0,0
n07718472_10816,cucumber,0,0
n07718472_10820,cucumber,0,0
n07718472_10822,cucumber,0,3
n07718472_10828,cucumber,0,0
n07718472_1083,cucumber,0,1
n07718472_10835,cucumber,0,4
n07718472_10837,cucumber,0,4
n07718472_1085,cucumber,0,3
n07718472_10869,cucumber,0,2
n07718472_10874,cucumber,0,0
n07718472_10881,cucumber,0,1
n07718472_10894,cucumber,0,1
n07718472_10898,cucumber,0,3
n07718472_10905,cucumber,0,1
n07718472_1091,cucumber,0,4
n07718472_10924,cucumber,0,2
n07718472_10925,cucumber,0,4
n07718472_1094,cucumber,0,0
n07718472_10948,cucumber,0,2
n07718472_10977,cucumber,0,2
n07718472_1100,cucumber,0,0
n07718472_11000,cucumber,0,1
n07718472_11003,cucumber,0,3
n07718472_11013,cucumber,0,1
n07718472_11022,cucumber,0,0
n07718472_11024,cucumber,0,2
n07718472_1103,cucumber,0,2
n07718472_11049,cucumber,0,3
n07718472_11057,cucumber,0,0
n07718472_11066,cucumber,0,2
n07718472_11068,cucumber,0,4
n07718472_1107,cucumber,0,1
n07718472_11076,cucumber,0,0
n07718472_11080,cucumber,0,1
n07718472_11091,cucumber,0,4
n07718472_11093,cucumber,0,2
n07718472_1112,cucumber,0,0
n07718472_11138,cucumber,0,1
n07718472_1114,cucumber,0,2
n07718472_11144,cucumber,0,3
n07718472_11147,cucumber,0,0
n07718472_11150,cucumber,0,0
n07718472_1120,cucumber,0,1
n07718472_11220,cucumber,0,0
n07718472_11244,cucumber,0,3
n07718472_11247,cucumber,0,4
n07718472_1125,cucumber,0,3
n07718472_11252,cucumber,0,3
n07718472_11255,cucumber,0,0
n07718472_11256,cucumber,0,2
n07718472_11261,cucumber,0,4
n07718472_11278,cucumber,0,4
n07718472_11279,cucumber,0,1
n07718472_1129,cucumber,0,4
n07718472_1130,cucumber,0,0
n07718472_11310,cucumber,0,3
n07718472_11321,cucumber,0,4
n07718472_1137,cucumber,0,0
n07718472_11393,cucumber,0,1
n07718472_11396,cucumber,0,0
n07718472_1140,cucumber,0,3
n07718472_11437,cucumber,0,1
n07718472_11440,cucumber,0,2
n07718472_11449,cucumber,0,0
n07718472_11493,cucumber,0,0
n07718472_11508,cucumber,0,1
n07718472_11536,cucumber,0,2
n07718472_11567,cucumber,0,0
n07718472_11569,cucumber,0,1
n07718472_11617,cucumber,0,0
n07718472_11623,cucumber,0,4
n07718472_11655,cucumber,0,1
n07718472_11656,cucumber,0,0
n07718472_11677,cucumber,0,3
n07718472_11678,cucumber,0,0
n07718472_11680,cucumber,0,0
n07718472_11681,cucumber,0,3
n07718472_11692,cucumber,0,2
n07718472_11696,cucumber,0,4
n07718472_11702,cucumber,0,1
n07718472_11706,cucumber,0,2
n07718472_1172,cucumber,0,3
n07718472_11721,cucumber,0,0
n07718472_1177,cucumber,0,4
n07718472_11775,cucumber,0,4
n07718472_11787,cucumber,0,3
n07718472_11793,cucumber,0,3
n07718472_11802,cucumber,0,4
n07718472_11810,cucumber,0,4
n07718472_1182,cucumber,0,4
n07718472_11865,cucumber,0,4
n07718472_1187,cucumber,0,1
n07718472_11878,cucumber,0,4
n07718472_119,cucumber,0,1
n07718472_11936,cucumber,0,3
n07718472_1198,cucumber,0,2
n07718472_11984,cucumber,0,3
n07718472_12002,cucumber,0,3
n07718472_12014,cucumber,0,4
n07718472_1205,cucumber,0,2
n07718472_12057,cucumber,0,2
n07718472_1208,cucumber,0,4
n07718472_12086,cucumber,0,4
n07718472_12100,cucumber,0,3
n07718472_12118,cucumber,0,3
n07718472_12132,cucumber,0,3
n07718472_12144,cucumber,0,3
n07718472_12197,cucumber,0,4
n07718472_12212,cucumber,0,0
n07718472_12228,cucumber,0,0
n07718472_12251,cucumber,0,3
n07718472_12270,cucumber,0,1
n07718472_12278,cucumber,0,0
n07718472_12300,cucumber,0,4
n07718472_12323,cucumber,0,4
n07718472_1233,cucumber,0,4
n07718472_12361,cucumber,0,1
n07718472_12363,cucumber,0,0
n07718472_12391,cucumber,0,4
n07718472_12396,cucumber,0,3
n07718472_12399,cucumber,0,0
n07718472_12405,cucumber,0,3
n07718472_12416,cucumber,0,0
n07718472_12439,cucumber,0,2
n07718472_12441,cucumber,0,1
n07718472_12447,cucumber,0,3
n07718472_12449,cucumber,0,1
n07718472_12453,cucumber,0,1
n07718472_12458,cucumber,0,4
n07718472_12477,cucumber,0,0
n07718472_1248,cucumber,0,2
n07718472_12509,cucumber,0,4
n07718472_12529,cucumber,0,0
n07718472_12535,cucumber,0,2
n07718472_12554,cucumber,0,3
n07718472_12571,cucumber,0,0
n07718472_12575,cucumber,0,0
n07718472_1258,cucumber,0,0
n07718472_12601,cucumber,0,0
n07718472_12620,cucumber,0,2
n07718472_12624,cucumber,0,4
n07718472_12647,cucumber,0,2
n07718472_12673,cucumber,0,1
n07718472_12683,cucumber,0,2
n07718472_1270,cucumber,0,3
n07718472_12705,cucumber,0,4
n07718472_12706,cucumber,0,1
n07718472_12766,cucumber,0,2
n07718472_12777,cucumber,0,2
n07718472_12796,cucumber,0,4
n07718472_12812,cucumber,0,0
n07718472_12814,cucumber,0,1
n07718472_12819,cucumber,0,0
n07718472_12851,cucumber,0,0
n07718472_12855,cucumber,0,2
n07718472_12893,cucumber,0,1
n07718472_12902,cucumber,0,3
n07718472_12905,cucumber,0,1
n07718472_12919,cucumber,0,2
n07718472_12983,cucumber,0,1
n07718472_12997,cucumber,0,4
n07718472_13060,cucumber,0,4
n07718472_1308,cucumber,0,3
n07718472_13096,cucumber,0,1
n07718472_13104,cucumber,0,3
n07718472_13105,cucumber,0,0
n07718472_13111,cucumber,0,2
n07718472_13124,cucumber,0,2
n07718472_13127,cucumber,0,2
n07718472_1315,cucumber,0,1
n07718472_13156,cucumber,0,2
n07718472_13163,cucumber,0,0
n07718472_13176,cucumber,0,0
n07718472_1318,cucumber,0,4
n07718472_13190,cucumber,0,2
n07718472_13227,cucumber,0,3
n07718472_13250,cucumber,0,2
n07718472_13252,cucumber,0,4
n07718472_13254,cucumber,0,3
n07718472_13255,cucumber,0,2
n07718472_1327,cucumber,0,1
n07718472_13274,cucumber,0,3
n07718472_13317,cucumber,0,3
n07718472_13378,cucumber,0,0
n07718472_1338,cucumber,0,2
n07718472_13384,cucumber,0,4
n07718472_13399,cucumber,0,2
n07718472_13429,cucumber,0,1
n07718472_13447,cucumber,0,0
n07718472_13451,cucumber,0,1
n07718472_13465,cucumber,0,2
n07718472_13483,cucumber,0,2
n07718472_1349,cucumber,0,1
n07718472_13575,cucumber,0,1
n07718472_136,cucumber,0,0
n07718472_1360,cucumber,0,4
n07718472_13608,cucumber,0,4
n07718472_13635,cucumber,0,1
n07718472_13649,cucumber,0,3
n07718472_13657,cucumber,0,2
n07718472_13668,cucumber,0,0
n07718472_13678,cucumber,0,4
n07718472_13685,cucumber,0,2
n07718472_13735,cucumber,0,0
n07718472_13770,cucumber,0,0
n07718472_1378,cucumber,0,4
n07718472_13808,cucumber,0,3
n07718472_13809,cucumber,0,2
n07718472_1384,cucumber,0,0
n07718472_13844,cucumber,0,2
n07718472_13900,cucumber,0,1
n07718472_1392,cucumber,0,0
n07718472_1394,cucumber,0,2
n07718472_13942,cucumber,0,4
n07718472_13944,cucumber,0,3
n07718472_13950,cucumber,0,1
n07718472_13958,cucumber,0,3
n07718472_13974,cucumber,0,0
n07718472_13980,cucumber,0,0
n07718472_14043,cucumber,0,3
n07718472_14045,cucumber,0,0
n07718472_1407,cucumber,0,4
n07718472_14082,cucumber,0,3
n07718472_14117,cucumber,0,3
n07718472_14118,cucumber,0,1
n07718472_14135,cucumber,0,3
n07718472_14152,cucumber,0,1
n07718472_14159,cucumber,0,3
n07718472_1416,cucumber,0,0
n07718472_1417,cucumber,0,3
n07718472_14174,cucumber,0,2
n07718472_14185,cucumber,0,0
n07718472_14186,cucumber,0,0
n07718472_14202,cucumber,0,4
n07718472_14217,cucumber,0,4
n07718472_14225,cucumber,0,4
n07718472_14244,cucumber,0,2
n07718472_14248,cucumber,0,4
n07718472_1425,cucumber,0,3
n07718472_1428,cucumber,0,1
n07718472_1429,cucumber,0,0
n07718472_1433,cucumber,0,1
n07718472_14333,cucumber,0,3
n07718472_14341,cucumber,0,2
n07718472_14343,cucumber,0,0
n07718472_14346,cucumber,0,3
n07718472_1435,cucumber,0,2
n07718472_14352,cucumber,0,2
n07718472_14353,cucumber,0,3
n07718472_14355,cucumber,0,2
n07718472_14364,cucumber,0,2
n07718472_14365,cucumber,0,1
n07718472_14370,cucumber,0,1
n07718472_1438,cucumber,0,0
n07718472_14442,cucumber,0,3
n07718472_14484,cucumber,0,0
n07718472_14488,cucumber,0,1
n07718472_14494,cucumber,0,2
n07718472_14550,cucumber,0,0
n07718472_14559,cucumber,0,0
n07718472_14576,cucumber,0,2
n07718472_14590,cucumber,0,0
n07718472_14640,cucumber,0,1
n07718472_1465,cucumber,0,4
n07718472_14662,cucumber,0,1
n07718472_14676,cucumber,0,3
n07718472_14693,cucumber,0,3
n07718472_14697,cucumber,0,2
n07718472_14699,cucumber,0,1
n07718472_14735,cucumber,0,2
n07718472_14736,cucumber,0,3
n07718472_14741,cucumber,0,0
n07718472_14743,cucumber,0,4
n07718472_1482,cucumber,0,0
n07718472_14840,cucumber,0,3
n07718472_14851,cucumber,0,4
n07718472_14878,cucumber,0,2
n07718472_14910,cucumber,0,1
n07718472_14924,cucumber,0,2
n07718472_14957,cucumber,0,3
n07718472_14959,cucumber,0,3
n07718472_14970,cucumber,0,1
n07718472_14989,cucumber,0,1
n07718472_15045,cucumber,0,4
n07718472_151,cucumber,0,4
n07718472_1510,cucumber,0,3
n07718472_1512,cucumber,0,2
n07718472_1515,cucumber,0,2
n07718472_15219,cucumber,0,1
n07718472_15225,cucumber,0,4
n07718472_15229,cucumber,0,0
n07718472_15235,cucumber,0,3
n07718472_15247,cucumber,0,2
n07718472_15286,cucumber,0,3
n07718472_15291,cucumber,0,1
n07718472_15297,cucumber,0,0
n07718472_15302,cucumber,0,4
n07718472_1535,cucumber,0,2
n07718472_1536,cucumber,0,2
n07718472_15374,cucumber,0,3
n07718472_15382,cucumber,0,1
n07718472_15410,cucumber,0,1
n07718472_15416,cucumber,0,1
n07718472_15417,cucumber,0,3
n07718472_15447,cucumber,0,1
n07718472_15454,cucumber,0,4
n07718472_15483,cucumber,0,4
n07718472_15485,cucumber,0,3
n07718472_1550,cucumber,0,4
n07718472_1553,cucumber,0,4
n07718472_15558,cucumber,0,3
n07718472_15596,cucumber,0,1
n07718472_15602,cucumber,0,4
n07718472_1562,cucumber,0,4
n07718472_1563,cucumber,0,2
n07718472_15651,cucumber,0,3
n07718472_15697,cucumber,0,2
n07718472_15699,cucumber,0,1
n07718472_15704,cucumber,0,3
n07718472_15724,cucumber,0,0
n07718472_15743,cucumber,0,3
n07718472_15753,cucumber,0,2
n07718472_15767,cucumber,0,1
n07718472_15769,cucumber,0,0
n07718472_15786,cucumber,0,2
n07718472_15812,cucumber,0,3
n07718472_15865,cucumber,0,2
n07718472_15880,cucumber,0,0
n07718472_15936,cucumber,0,1
n07718472_1601,cucumber,0,3
n07718472_16022,cucumber,0,2
n07718472_16043,cucumber,0,1
n07718472_16091,cucumber,0,1
n07718472_16092,cucumber,0,4
n07718472_16104,cucumber,0,4
n07718472_1612,cucumber,0,1
n07718472_16183,cucumber,0,3
n07718472_16211,cucumber,0,3
n07718472_16227,cucumber,0,4
n07718472_16234,cucumber,0,0
n07718472_16246,cucumber,0,3
n07718472_16248,cucumber,0,0
n07718472_1625,cucumber,0,0
n07718472_16258,cucumber,0,4
n07718472_1629,cucumber,0,4
n07718472_16325,cucumber,0,3
n07718472_16329,cucumber,0,0
n07718472_16336,cucumber,0,1
n07718472_16339,cucumber,0,2
n07718472_16369,cucumber,0,3
n07718472_16415,cucumber,0,4
n07718472_1643,cucumber,0,0
n07718472_1645,cucumber,0,4
n07718472_16461,cucumber,0,3
n07718472_16478,cucumber,0,3
n07718472_1649,cucumber,0,0
n07718472_16501,cucumber,0,3
n07718472_16502,cucumber,0,0
n07718472_16515,cucumber,0,0
n07718472_1655,cucumber,0,0
n07718472_16592,cucumber,0,0
n07718472_16593,cucumber,0,4
n07718472_1660,cucumber,0,4
n07718472_16642,cucumber,0,4
n07718472_16656,cucumber,0,1
n07718472_16687,cucumber,0,0
n07718472_1670,cucumber,0,4
n07718472_16704,cucumber,0,4
n07718472_16719,cucumber,0,1
n07718472_16726,cucumber,0,2
n07718472_16761,cucumber,0,4
n07718472_16832,cucumber,0,2
n07718472_16845,cucumber,0,2
n07718472_16877,cucumber,0,3
n07718472_16894,cucumber,0,4
n07718472_16926,cucumber,0,2
n07718472_16934,cucumber,0,1
n07718472_16953,cucumber,0,4
n07718472_16954,cucumber,0,4
n07718472_17002,cucumber,0,3
n07718472_17005,cucumber,0,0
n07718472_17030,cucumber,0,1
n07718472_17032,cucumber,0,2
n07718472_17040,cucumber,0,0
n07718472_17045,cucumber,0,4
n07718472_17065,cucumber,0,2
n07718472_17076,cucumber,0,3
n07718472_17081,cucumber,0,2
n07718472_17087,cucumber,0,1
n07718472_17100,cucumber,0,3
n07718472_17103,cucumber,0,0
n07718472_1711,cucumber,0,1
n07718472_17181,cucumber,0,2
n07718472_1719,cucumber,0,2
n07718472_17191,cucumber,0,2
n07718472_1720,cucumber,0,1
n07718472_17217,cucumber,0,2
n07718472_17228,cucumber,0,1
n07718472_1726,cucumber,0,1
n07718472_17272,cucumber,0,1
n07718472_17353,cucumber,0,4
n07718472_17366,cucumber,0,0
n07718472_17398,cucumber,0,4
n07718472_17407,cucumber,0,0
n07718472_17415,cucumber,0,2
n07718472_17416,cucumber,0,3
n07718472_17436,cucumber,0,1
n07718472_17440,cucumber,0,0
n07718472_1751,cucumber,0,1
n07718472_17518,cucumber,0,3
n07718472_17571,cucumber,0,1
n07718472_17646,cucumber,0,4
n07718472_17665,cucumber,0,3
n07718472_17672,cucumber,0,1
n07718472_17788,cucumber,0,3
n07718472_17881,cucumber,0,0
n07718472_17915,cucumber,0,0
n07718472_1793,cucumber,0,4
n07718472_17947,cucumber,0,2
n07718472_17970,cucumber,0,3
n07718472_1803,cucumber,0,0
n07718472_18058,cucumber,0,1
n07718472_1806,cucumber,0,1
n07718472_18099,cucumber,0,1
n07718472_18116,cucumber,0,0
n07718472_1813,cucumber,0,0
n07718472_18145,cucumber,0,4
n07718472_18197,cucumber,0,2
n07718472_18201,cucumber,0,4
n07718472_1821,cucumber,0,1
n07718472_18210,cucumber,0,3
n07718472_18211,cucumber,0,2
n07718472_18244,cucumber,0,0
n07718472_18266,cucumber,0,3
n07718472_18277,cucumber,0,3
n07718472_1829,cucumber,0,4
n07718472_18296,cucumber,0,3
n07718472_18309,cucumber,0,1
n07718472_18317,cucumber,0,1
n07718472_1833,cucumber,0,2
n07718472_18351,cucumber,0,2
n07718472_18354,cucumber,0,4
n07718472_18379,cucumber,0,1
n07718472_18390,cucumber,0,2
n07718472_18396,cucumber,0,0
n07718472_18464,cucumber,0,4
n07718472_18465,cucumber,0,4
n07718472_18494,cucumber,0,0
n07718472_185,cucumber,0,0
n07718472_18566,cucumber,0,2
n07718472_18583,cucumber,0,0
n07718472_18592,cucumber,0,3
n07718472_18615,cucumber,0,4
n07718472_18641,cucumber,0,3
n07718472_18642,cucumber,0,2
n07718472_18675,cucumber,0,4
n07718472_18676,cucumber,0,2
n07718472_18682,cucumber,0,0
n07718472_18725,cucumber,0,4
n07718472_18766,cucumber,0,0
n07718472_1877,cucumber,0,1
n07718472_18803,cucumber,0,2
n07718472_18832,cucumber,0,4
n07718472_18837,cucumber,0,3
n07718472_18839,cucumber,0,0
n07718472_18840,cucumber,0,3
n07718472_18855,cucumber,0,4
n07718472_18871,cucumber,0,2
n07718472_18880,cucumber,0,2
n07718472_18885,cucumber,0,4
n07718472_18926,cucumber,0,1
n07718472_18934,cucumber,0,3
n07718472_18937,cucumber,0,4
n07718472_18942,cucumber,0,2
n07718472_1898,cucumber,0,1
n07718472_19001,cucumber,0,1
n07718472_19009,cucumber,0,4
n07718472_19051,cucumber,0,3
n07718472_19069,cucumber,0,1
n07718472_19100,cucumber,0,0
n07718472_19104,cucumber,0,0
n07718472_19114,cucumber,0,2
n07718472_19121,cucumber,0,4
n07718472_19129,cucumber,0,1
n07718472_19135,cucumber,0,2
n07718472_19159,cucumber,0,3
n07718472_19164,cucumber,0,4
n07718472_19194,cucumber,0,4
n07718472_19202,cucumber,0,4
n07718472_19254,cucumber,0,2
n07718472_19329,cucumber,0,0
n07718472_19346,cucumber,0,2
n07718472_19428,cucumber,0,1
n07718472_19436,cucumber,0,0
n07718472_1945,cucumber,0,3
n07718472_19500,cucumber,0,4
n07718472_1952,cucumber,0,4
n07718472_19586,cucumber,0,2
n07718472_1960,cucumber,0,1
n07718472_19614,cucumber,0,2
n07718472_19619,cucumber,0,4
n07718472_19637,cucumber,0,1
n07718472_19645,cucumber,0,3
n07718472_19646,cucumber,0,0
n07718472_19652,cucumber,0,4
n07718472_19662,cucumber,0,3
n07718472_19675,cucumber,0,1
n07718472_19691,cucumber,0,4
n07718472_19736,cucumber,0,2
n07718472_19819,cucumber,0,1
n07718472_19875,cucumber,0,1
n07718472_19889,cucumber,0,1
n07718472_1994,cucumber,0,2
n07718472_19952,cucumber,0,2
n07718472_20012,cucumber,0,3
n07718472_20022,cucumber,0,0
n07718472_20027,cucumber,0,4
n07718472_20035,cucumber,0,3
n07718472_20063,cucumber,0,4
n07718472_2009,cucumber,0,0
n07718472_20092,cucumber,0,1
n07718472_20116,cucumber,0,2
n07718472_20134,cucumber,0,3
n07718472_20198,cucumber,0,0
n07718472_20201,cucumber,0,0
n07718472_20234,cucumber,0,3
n07718472_20288,cucumber,0,0
n07718472_20423,cucumber,0,4
n07718472_20450,cucumber,0,0
n07718472_20508,cucumber,0,3
n07718472_2052,cucumber,0,3
n07718472_20531,cucumber,0,4
n07718472_20591,cucumber,0,0
n07718472_20595,cucumber,0,0
n07718472_2060,cucumber,0,3
n07718472_20626,cucumber,0,4
n07718472_20639,cucumber,0,1
n07718472_20647,cucumber,0,1
n07718472_20654,cucumber,0,0
n07718472_20689,cucumber,0,2
n07718472_20751,cucumber,0,1
n07718472_20761,cucumber,0,1
n07718472_20774,cucumber,0,4
n07718472_20855,cucumber,0,3
n07718472_20908,cucumber,0,0
n07718472_2093,cucumber,0,3
n07718472_20946,cucumber,0,4
n07718472_20953,cucumber,0,4
n07718472_20996,cucumber,0,0
n07718472_210,cucumber,0,2
n07718472_21000,cucumber,0,2
n07718472_21014,cucumber,0,4
n07718472_2107,cucumber,0,2
n07718472_21089,cucumber,0,0
n07718472_2110,cucumber,0,1
n07718472_21111,cucumber,0,0
n07718472_2113,cucumber,0,3
n07718472_21149,cucumber,0,0
n07718472_21156,cucumber,0,4
n07718472_21157,cucumber,0,0
n07718472_21222,cucumber,0,3
n07718472_21300,cucumber,0,2
n07718472_21305,cucumber,0,1
n07718472_21335,cucumber,0,4
n07718472_2134,cucumber,0,1
n07718472_21365,cucumber,0,2
n07718472_21386,cucumber,0,4
n07718472_21406,cucumber,0,2
n07718472_21427,cucumber,0,2
n07718472_2147,cucumber,0,4
n07718472_21556,cucumber,0,3
n07718472_2156,cucumber,0,1
n07718472_21567,cucumber,0,2
n07718472_21568,cucumber,0,2
n07718472_2157,cucumber,0,3
n07718472_21578,cucumber,0,4
n07718472_2158,cucumber,0,1
n07718472_21591,cucumber,0,1
n07718472_21629,cucumber,0,4
n07718472_21631,cucumber,0,4
n07718472_21662,cucumber,0,4
n07718472_21669,cucumber,0,1
n07718472_21699,cucumber,0,1
n07718472_217,cucumber,0,4
n07718472_21726,cucumber,0,2
n07718472_21735,cucumber,0,4
n07718472_21762,cucumber,0,2
n07718472_21795,cucumber,0,3
n07718472_21826,cucumber,0,0
n07718472_21827,cucumber,0,3
n07718472_2184,cucumber,0,0
n07718472_21929,cucumber,0,0
n07718472_21939,cucumber,0,3
n07718472_21946,cucumber,0,2
n07718472_21964,cucumber,0,0
n07718472_21994,cucumber,0,4
n07718472_22043,cucumber,0,0
n07718472_22059,cucumber,0,0
n07718472_22082,cucumber,0,4
n07718472_22091,cucumber,0,2
n07718472_22111,cucumber,0,2
n07718472_22138,cucumber,0,2
n07718472_22141,cucumber,0,4
n07718472_22159,cucumber,0,2
n07718472_22186,cucumber,0,1
n07718472_22207,cucumber,0,0
n07718472_22208,cucumber,0,2
n07718472_22214,cucumber,0,3
n07718472_22218,cucumber,0,1
n07718472_22222,cucumber,0,0
n07718472_2224,cucumber,0,0
n07718472_22318,cucumber,0,3
n07718472_2232,cucumber,0,2
n07718472_22323,cucumber,0,1
n07718472_22327,cucumber,0,1
n07718472_22346,cucumber,0,1
n07718472_22350,cucumber,0,1
n07718472_22364,cucumber,0,4
n07718472_22372,cucumber,0,4
n07718472_2238,cucumber,0,1
n07718472_22390,cucumber,0,1
n07718472_224,cucumber,0,3
n07718472_22416,cucumber,0,2
n07718472_22428,cucumber,0,0
n07718472_22475,cucumber,0,2
n07718472_22500,cucumber,0,4
n07718472_22508,cucumber,0,2
n07718472_22526,cucumber,0,3
n07718472_22531,cucumber,0,0
n07718472_22533,cucumber,0,1
n07718472_22558,cucumber,0,0
n07718472_22563,cucumber,0,1
n07718472_22570,cucumber,0,2
n07718472_22586,cucumber,0,4
n07718472_22636,cucumber,0,3
n07718472_22641,cucumber,0,3
n07718472_22646,cucumber,0,3
n07718472_22658,cucumber,0,1
n07718472_22668,cucumber,0,2
n07718472_2280,cucumber,0,2
n07718472_2286,cucumber,0,3
n07718472_2296,cucumber,0,4
n07718472_2298,cucumber,0,0
n07718472_2304,cucumber,0,3
n07718472_2309,cucumber,0,4
n07718472_2325,cucumber,0,2
n07718472_233,cucumber,0,0
n07718472_2352,cucumber,0,3
n07718472_2399,cucumber,0,1
n07718472_2412,cucumber,0,2
n07718472_2431,cucumber,0,4
n07718472_2500,cucumber,0,1
n07718472_2507,cucumber,0,0
n07718472_2509,cucumber,0,1
n07718472_2525,cucumber,0,3
n07718472_2555,cucumber,0,0
n07718472_2565,cucumber,0,0
n07718472_2578,cucumber,0,1
n07718472_2581,cucumber,0,2
n07718472_2598,cucumber,0,0
n07718472_2609,cucumber,0,1
n07718472_262,cucumber,0,0
n07718472_2621,cucumber,0,1
n07718472_2648,cucumber,0,0
n07718472_2655,cucumber,0,1
n07718472_2663,cucumber,0,2
n07718472_2685,cucumber,0,1
n07718472_27,cucumber,0,3
n07718472_2718,cucumber,0,1
n07718472_2723,cucumber,0,0
n07718472_2777,cucumber,0,3
n07718472_2781,cucumber,0,2
n07718472_280,cucumber,0,1
n07718472_284,cucumber,0,4
n07718472_2841,cucumber,0,4
n07718472_2854,cucumber,0,3
n07718472_2857,cucumber,0,1
n07718472_2861,cucumber,0,1
n07718472_2870,cucumber,0,3
n07718472_2876,cucumber,0,1
n07718472_2878,cucumber,0,3
n07718472_288,cucumber,0,3
n07718472_2882,cucumber,0,2
n07718472_289,cucumber,0,2
n07718472_2890,cucumber,0,3
n07718472_2892,cucumber,0,0
n07718472_2907,cucumber,0,4
n07718472_291,cucumber,0,1
n07718472_2924,cucumber,0,1
n07718472_2938,cucumber,0,2
n07718472_2954,cucumber,0,3
n07718472_2964,cucumber,0,4
n07718472_2965,cucumber,0,0
n07718472_2969,cucumber,0,2
n07718472_3017,cucumber,0,0
n07718472_3025,cucumber,0,1
n07718472_3027,cucumber,0,0
n07718472_3030,cucumber,0,2
n07718472_3034,cucumber,0,2
n07718472_3036,cucumber,0,2
n07718472_3044,cucumber,0,1
n07718472_3058,cucumber,0,4
n07718472_3070,cucumber,0,4
n07718472_3077,cucumber,0,0
n07718472_3082,cucumber,0,1
n07718472_3094,cucumber,0,4
n07718472_3108,cucumber,0,3
n07718472_3111,cucumber,0,1
n07718472_3133,cucumber,0,3
n07718472_3136,cucumber,0,0
n07718472_3141,cucumber,0,0
n07718472_3144,cucumber,0,1
n07718472_3152,cucumber,0,2
n07718472_3154,cucumber,0,4
n07718472_3170,cucumber,0,1
n07718472_3172,cucumber,0,0
n07718472_3178,cucumber,0,3
n07718472_3204,cucumber,0,4
n07718472_3219,cucumber,0,1
n07718472_3222,cucumber,0,2
n07718472_3244,cucumber,0,3
n07718472_3252,cucumber,0,4
n07718472_3259,cucumber,0,1
n07718472_3270,cucumber,0,0
n07718472_3272,cucumber,0,0
n07718472_3278,cucumber,0,1
n07718472_3280,cucumber,0,1
n07718472_3301,cucumber,0,3
n07718472_3305,cucumber,0,2
n07718472_3309,cucumber,0,3
n07718472_3310,cucumber,0,2
n07718472_3314,cucumber,0,2
n07718472_3326,cucumber,0,2
n07718472_3329,cucumber,0,4
n07718472_3330,cucumber,0,3
n07718472_3339,cucumber,0,4
n07718472_334,cucumber,0,2
n07718472_3346,cucumber,0,0
n07718472_3348,cucumber,0,0
n07718472_3353,cucumber,0,0
n07718472_3371,cucumber,0,3
n07718472_3378,cucumber,0,3
n07718472_339,cucumber,0,3
n07718472_340,cucumber,0,0
n07718472_3400,cucumber,0,2
n07718472_3403,cucumber,0,3
n07718472_3422,cucumber,0,0
n07718472_3424,cucumber,0,0
n07718472_3427,cucumber,0,4
n07718472_3429,cucumber,0,2
n07718472_3445,cucumber,0,1
n07718472_3458,cucumber,0,2
n07718472_3481,cucumber,0,0
n07718472_351,cucumber,0,3
n07718472_3516,cucumber,0,3
n07718472_3519,cucumber,0,1
n07718472_352,cucumber,0,0
n07718472_3521,cucumber,0,4
n07718472_3522,cucumber,0,2
n07718472_3525,cucumber,0,3
n07718472_3534,cucumber,0,2
n07718472_3535,cucumber,0,3
n07718472_3537,cucumber,0,3
n07718472_3561,cucumber,0,4
n07718472_3565,cucumber,0,4
n07718472_3577,cucumber,0,0
n07718472_3584,cucumber,0,3
n07718472_3618,cucumber,0,3
n07718472_3625,cucumber,0,0
n07718472_3628,cucumber,0,3
n07718472_3630,cucumber,0,2
n07718472_3632,cucumber,0,2
n07718472_3642,cucumber,0,2
n07718472_3643,cucumber,0,0
n07718472_3659,cucumber,0,3
n07718472_3660,cucumber,0,3
n07718472_3664,cucumber,0,3
n07718472_3671,cucumber,0,4
n07718472_3672,cucumber,0,1
n07718472_3673,cucumber,0,3
n07718472_3707,cucumber,0,2
n07718472_373,cucumber,0,0
n07718472_3746,cucumber,0,1
n07718472_3752,cucumber,0,2
n07718472_3775,cucumber,0,1
n07718472_379,cucumber,0,0
n07718472_3792,cucumber,0,0
n07718472_381,cucumber,0,2
n07718472_3843,cucumber,0,4
n07718472_3872,cucumber,0,3
n07718472_3891,cucumber,0,1
n07718472_3892,cucumber,0,4
n07718472_3910,cucumber,0,3
n07718472_3914,cucumber,0,1
n07718472_3915,cucumber,0,1
n07718472_3929,cucumber,0,1
n07718472_3953,cucumber,0,1
n07718472_3966,cucumber,0,1
n07718472_3983,cucumber,0,1
n07718472_3984,cucumber,0,4
n07718472_3987,cucumber,0,1
n07718472_3990,cucumber,0,4
n07718472_4024,cucumber,0,2
n07718472_4031,cucumber,0,3
n07718472_4041,cucumber,0,2
n07718472_4055,cucumber,0,2
n07718472_4079,cucumber,0,1
n07718472_4099,cucumber,0,0
n07718472_4136,cucumber,0,0
n07718472_4138,cucumber,0,2
n07718472_4150,cucumber,0,3
n07718472_4152,cucumber,0,0
n07718472_4164,cucumber,0,0
n07718472_4176,cucumber,0,1
n07718472_418,cucumber,0,2
n07718472_4196,cucumber,0,0
n07718472_4200,cucumber,0,4
n07718472_4215,cucumber,0,4
n07718472_4217,cucumber,0,1
n07718472_4233,cucumber,0,4
n07718472_4234,cucumber,0,2
n07718472_4241,cucumber,0,0
n07718472_4244,cucumber,0,0
n07718472_4255,cucumber,0,0
n07718472_4265,cucumber,0,0
n07718472_4272,cucumber,0,1
n07718472_4281,cucumber,0,2
n07718472_4290,cucumber,0,1
n07718472_4293,cucumber,0,2
n07718472_4299,cucumber,0,2
n07718472_4320,cucumber,0,1
n07718472_4322,cucumber,0,1
n07718472_4346,cucumber,0,1
n07718472_4372,cucumber,0,1
n07718472_4385,cucumber,0,1
n07718472_4390,cucumber,0,4
n07718472_4393,cucumber,0,4
n07718472_4406,cucumber,0,0
n07718472_4411,cucumber,0,4
n07718472_4413,cucumber,0,4
n07718472_4414,cucumber,0,2
n07718472_4415,cucumber,0,4
n07718472_442,cucumber,0,3
n07718472_4426,cucumber,0,2
n07718472_4427,cucumber,0,4
n07718472_4430,cucumber,0,1
n07718472_4432,cucumber,0,3
n07718472_4447,cucumber,0,4
n07718472_446,cucumber,0,0
n07718472_4487,cucumber,0,0
n07718472_4494,cucumber,0,3
n07718472_4498,cucumber,0,4
n07718472_4502,cucumber,0,3
n07718472_4511,cucumber,0,3
n07718472_4516,cucumber,0,1
n07718472_452,cucumber,0,3
n07718472_4521,cucumber,0,3
n07718472_4525,cucumber,0,4
n07718472_4549,cucumber,0,4
n07718472_4558,cucumber,0,3
n07718472_457,cucumber,0,1
n07718472_458,cucumber,0,2
n07718472_4619,cucumber,0,1
n07718472_4628,cucumber,0,2
n07718472_4630,cucumber,0,4
n07718472_464,cucumber,0,2
n07718472_4654,cucumber,0,4
n07718472_4663,cucumber,0,2
n07718472_4685,cucumber,0,1
n07718472_4699,cucumber,0,0
n07718472_4707,cucumber,0,4
n07718472_4718,cucumber,0,2
n07718472_4736,cucumber,0,4
n07718472_4758,cucumber,0,0
n07718472_4759,cucumber,0,4
n07718472_4819,cucumber,0,2
n07718472_4832,cucumber,0,4
n07718472_4835,cucumber,0,1
n07718472_4843,cucumber,0,1
n07718472_486,cucumber,0,4
n07718472_4876,cucumber,0,0
n07718472_4878,cucumber,0,4
n07718472_4880,cucumber,0,0
n07718472_4914,cucumber,0,4
n07718472_4926,cucumber,0,2
n07718472_493,cucumber,0,3
n07718472_494,cucumber,0,2
n07718472_4945,cucumber,0,3
n07718472_4994,cucumber,0,4
n07718472_501,cucumber,0,3
n07718472_502,cucumber,0,3
n07718472_5107,cucumber,0,3
n07718472_512,cucumber,0,2
n07718472_5155,cucumber,0,3
n07718472_5157,cucumber,0,0
n07718472_517,cucumber,0,2
n07718472_5175,cucumber,0,3
n07718472_519,cucumber,0,2
n07718472_5219,cucumber,0,0
n07718472_5247,cucumber,0,3
n07718472_5286,cucumber,0,3
n07718472_5304,cucumber,0,2
n07718472_5321,cucumber,0,0
n07718472_5324,cucumber,0,0
n07718472_5341,cucumber,0,4
n07718472_5377,cucumber,0,2
n07718472_5391,cucumber,0,0
n07718472_546,cucumber,0,4
n07718472_5464,cucumber,0,2
n07718472_5483,cucumber,0,2
n07718472_5485,cucumber,0,2
n07718472_5495,cucumber,0,0
n07718472_5507,cucumber,0,4
n07718472_5522,cucumber,0,2
n07718472_5571,cucumber,0,2
n07718472_558,cucumber,0,3
n07718472_5583,cucumber,0,3
n07718472_559,cucumber,0,1
n07718472_5594,cucumber,0,2
n07718472_5597,cucumber,0,0
n07718472_5601,cucumber,0,2
n07718472_5662,cucumber,0,2
n07718472_567,cucumber,0,1
n07718472_5670,cucumber,0,1
n07718472_5676,cucumber,0,2
n07718472_5694,cucumber,0,2
n07718472_570,cucumber,0,0
n07718472_5706,cucumber,0,4
n07718472_5717,cucumber,0,1
n07718472_5720,cucumber,0,2
n07718472_5751,cucumber,0,3
n07718472_58,cucumber,0,3
n07718472_580,cucumber,0,3
n07718472_5817,cucumber,0,0
n07718472_583,cucumber,0,1
n07718472_5833,cucumber,0,0
n07718472_5838,cucumber,0,0
n07718472_5863,cucumber,0,0
n07718472_5896,cucumber,0,4
n07718472_591,cucumber,0,4
n07718472_6008,cucumber,0,4
n07718472_6009,cucumber,0,2
n07718472_6011,cucumber,0,2
n07718472_6016,cucumber,0,4
n07718472_6027,cucumber,0,1
n07718472_6034,cucumber,0,4
n07718472_6048,cucumber,0,1
n07718472_6076,cucumber,0,3
n07718472_6097,cucumber,0,4
n07718472_611,cucumber,0,2
n07718472_6110,cucumber,0,1
n07718472_6122,cucumber,0,4
n07718472_6127,cucumber,0,3
n07718472_614,cucumber,0,4
n07718472_6140,cucumber,0,1
n07718472_6181,cucumber,0,4
n07718472_6200,cucumber,0,3
n07718472_6201,cucumber,0,4
n07718472_6215,cucumber,0,4
n07718472_6217,cucumber,0,4
n07718472_623,cucumber,0,1
n07718472_626,cucumber,0,1
n07718472_6277,cucumber,0,3
n07718472_628,cucumber,0,2
n07718472_6281,cucumber,0,0
n07718472_6294,cucumber,0,3
n07718472_6300,cucumber,0,2
n07718472_6331,cucumber,0,2
n07718472_6334,cucumber,0,1
n07718472_6346,cucumber,0,0
n07718472_6351,cucumber,0,3
n07718472_640,cucumber,0,3
n07718472_6405,cucumber,0,2
n07718472_6410,cucumber,0,2
n07718472_6434,cucumber,0,2
n07718472_644,cucumber,0,1
n07718472_6446,cucumber,0,2
n07718472_6463,cucumber,0,2
n07718472_6487,cucumber,0,1
n07718472_650,cucumber,0,3
n07718472_651,cucumber,0,3
n07718472_6517,cucumber,0,4
n07718472_653,cucumber,0,1
n07718472_6532,cucumber,0,0
n07718472_6538,cucumber,0,3
n07718472_6548,cucumber,0,3
n07718472_655,cucumber,0,0
n07718472_6555,cucumber,0,2
n07718472_6566,cucumber,0,1
n07718472_6590,cucumber,0,2
n07718472_6594,cucumber,0,2
n07718472_662,cucumber,0,0
n07718472_6622,cucumber,0,4
n07718472_6629,cucumber,0,1
n07718472_6636,cucumber,0,4
n07718472_6652,cucumber,0,4
n07718472_6787,cucumber,0,1
n07718472_679,cucumber,0,0
n07718472_6799,cucumber,0,3
n07718472_6821,cucumber,0,4
n07718472_6850,cucumber,0,4
n07718472_6851,cucumber,0,1
n07718472_6853,cucumber,0,0
n07718472_6879,cucumber,0,0
n07718472_688,cucumber,0,4
n07718472_6889,cucumber,0,1
n07718472_6895,cucumber,0,3
n07718472_6907,cucumber,0,2
n07718472_6918,cucumber,0,3
n07718472_6919,cucumber,0,0
n07718472_6932,cucumber,0,4
n07718472_6961,cucumber,0,3
n07718472_6981,cucumber,0,2
n07718472_6982,cucumber,0,0
n07718472_6987,cucumber,0,0
n07718472_7035,cucumber,0,3
n07718472_7043,cucumber,0,1
n07718472_7047,cucumber,0,2
n07718472_7052,cucumber,0,0
n07718472_7066,cucumber,0,4
n07718472_7074,cucumber,0,3
n07718472_7076,cucumber,0,2
n07718472_7125,cucumber,0,4
n07718472_7145,cucumber,0,3
n07718472_7172,cucumber,0,3
n07718472_7182,cucumber,0,1
n07718472_7203,cucumber,0,1
n07718472_7224,cucumber,0,3
n07718472_723,cucumber,0,4
n07718472_7244,cucumber,0,0
n07718472_7255,cucumber,0,2
n07718472_7266,cucumber,0,3
n07718472_7275,cucumber,0,2
n07718472_7292,cucumber,0,4
n07718472_7386,cucumber,0,3
n07718472_7403,cucumber,0,4
n07718472_7415,cucumber,0,2
n07718472_742,cucumber,0,4
n07718472_7442,cucumber,0,0
n07718472_7466,cucumber,0,3
n07718472_7470,cucumber,0,0
n07718472_7510,cucumber,0,4
n07718472_7513,cucumber,0,1
n07718472_7518,cucumber,0,1
n07718472_7560,cucumber,0,1
n07718472_7561,cucumber,0,0
n07718472_7565,cucumber,0,0
n07718472_757,cucumber,0,4
n07718472_758,cucumber,0,1
n07718472_760,cucumber,0,3
n07718472_7662,cucumber,0,4
n07718472_7671,cucumber,0,4
n07718472_7675,cucumber,0,1
n07718472_7681,cucumber,0,3
n07718472_7691,cucumber,0,4
n07718472_7705,cucumber,0,3
n07718472_771,cucumber,0,2
n07718472_7746,cucumber,0,1
n07718472_7755,cucumber,0,3
n07718472_7756,cucumber,0,3
n07718472_777,cucumber,0,1
n07718472_7823,cucumber,0,4
n07718472_7830,cucumber,0,4
n07718472_7849,cucumber,0,4
n07718472_7857,cucumber,0,4
n07718472_787,cucumber,0,2
n07718472_788,cucumber,0,1
n07718472_789,cucumber,0,1
n07718472_7898,cucumber,0,4
n07718472_7899,cucumber,0,2
n07718472_7916,cucumber,0,4
n07718472_7939,cucumber,0,2
n07718472_7952,cucumber,0,1
n07718472_7958,cucumber,0,4
n07718472_7968,cucumber,0,4
n07718472_7989,cucumber,0,0
n07718472_7993,cucumber,0,0
n07718472_7996,cucumber,0,4
n07718472_8002,cucumber,0,3
n07718472_802,cucumber,0,3
n07718472_8065,cucumber,0,0
n07718472_807,cucumber,0,4
n07718472_8074,cucumber,0,3
n07718472_808,cucumber,0,4
n07718472_8086,cucumber,0,4
n07718472_8091,cucumber,0,2
n07718472_8107,cucumber,0,4
n07718472_8108,cucumber,0,1
n07718472_8118,cucumber,0,3
n07718472_8120,cucumber,0,0
n07718472_8124,cucumber,0,2
n07718472_8126,cucumber,0,1
n07718472_8144,cucumber,0,1
n07718472_8156,cucumber,0,2
n07718472_8159,cucumber,0,1
n07718472_8172,cucumber,0,2
n07718472_8177,cucumber,0,4
n07718472_8182,cucumber,0,0
n07718472_8203,cucumber,0,0
n07718472_823,cucumber,0,2
n07718472_8230,cucumber,0,0
n07718472_8231,cucumber,0,1
n07718472_8237,cucumber,0,3
n07718472_8261,cucumber,0,1
n07718472_8284,cucumber,0,1
n07718472_8287,cucumber,0,3
n07718472_8298,cucumber,0,4
n07718472_8303,cucumber,0,3
n07718472_8309,cucumber,0,4
n07718472_831,cucumber,0,3
n07718472_8319,cucumber,0,2
n07718472_8323,cucumber,0,4
n07718472_8333,cucumber,0,0
n07718472_8338,cucumber,0,3
n07718472_8343,cucumber,0,1
n07718472_8350,cucumber,0,1
n07718472_8353,cucumber,0,0
n07718472_8367,cucumber,0,2
n07718472_8376,cucumber,0,4
n07718472_8381,cucumber,0,1
n07718472_8386,cucumber,0,1
n07718472_8392,cucumber,0,2
n07718472_8403,cucumber,0,4
n07718472_842,cucumber,0,4
n07718472_8422,cucumber,0,1
n07718472_8434,cucumber,0,1
n07718472_8435,cucumber,0,3
n07718472_844,cucumber,0,4
n07718472_8448,cucumber,0,1
n07718472_8455,cucumber,0,1
n07718472_8457,cucumber,0,1
n07718472_847,cucumber,0,0
n07718472_8473,cucumber,0,3
n07718472_848,cucumber,0,2
n07718472_8481,cucumber,0,0
n07718472_8490,cucumber,0,2
n07718472_8501,cucumber,0,1
n07718472_8508,cucumber,0,0
n07718472_8512,cucumber,0,0
n07718472_8552,cucumber,0,4
n07718472_8555,cucumber,0,2
n07718472_8562,cucumber,0,2
n07718472_8575,cucumber,0,2
n07718472_8598,cucumber,0,3
n07718472_8624,cucumber,0,0
n07718472_8627,cucumber,0,0
n07718472_8633,cucumber,0,2
n07718472_8638,cucumber,0,4
n07718472_8643,cucumber,0,0
n07718472_8653,cucumber,0,3
n07718472_8672,cucumber,0,3
n07718472_8674,cucumber,0,3
n07718472_8677,cucumber,0,0
n07718472_8686,cucumber,0,3
n07718472_870,cucumber,0,1
n07718472_8702,cucumber,0,0
n07718472_8719,cucumber,0,2
n07718472_8727,cucumber,0,4
n07718472_873,cucumber,0,0
n07718472_8736,cucumber,0,2
n07718472_8740,cucumber,0,2
n07718472_8742,cucumber,0,3
n07718472_8743,cucumber,0,3
n07718472_8770,cucumber,0,2
n07718472_8772,cucumber,0,0
n07718472_8781,cucumber,0,3
n07718472_8788,cucumber,0,2
n07718472_8806,cucumber,0,3
n07718472_8824,cucumber,0,3
n07718472_8850,cucumber,0,2
n07718472_8855,cucumber,0,2
n07718472_886,cucumber,0,2
n07718472_8862,cucumber,0,3
n07718472_8863,cucumber,0,1
n07718472_8869,cucumber,0,4
n07718472_8875,cucumber,0,2
n07718472_8880,cucumber,0,3
n07718472_8946,cucumber,0,2
n07718472_8982,cucumber,0,1
n07718472_9017,cucumber,0,4
n07718472_9031,cucumber,0,1
n07718472_904,cucumber,0,0
n07718472_9058,cucumber,0,4
n07718472_907,cucumber,0,1
n07718472_9078,cucumber,0,4
n07718472_9082,cucumber,0,1
n07718472_9088,cucumber,0,0
n07718472_9112,cucumber,0,2
n07718472_9123,cucumber,0,0
n07718472_914,cucumber,0,3
n07718472_9212,cucumber,0,2
n07718472_922,cucumber,0,2
n07718472_9225,cucumber,0,3
n07718472_9292,cucumber,0,3
n07718472_9305,cucumber,0,3
n07718472_933,cucumber,0,4
n07718472_935,cucumber,0,1
n07718472_9380,cucumber,0,2
n07718472_9419,cucumber,0,4
n07718472_9471,cucumber,0,4
n07718472_9477,cucumber,0,3
n07718472_951,cucumber,0,1
n07718472_9548,cucumber,0,0
n07718472_9594,cucumber,0,0
n07718472_961,cucumber,0,1
n07718472_9633,cucumber,0,3
n07718472_9675,cucumber,0,1
n07718472_970,cucumber,0,0
n07718472_9754,cucumber,0,4
n07718472_9762,cucumber,0,0
n07718472_977,cucumber,0,1
n07718472_9778,cucumber,0,3
n07718472_9788,cucumber,0,1
n07718472_9797,cucumber,0,2
n07718472_9804,cucumber,0,2
n07718472_9824,cucumber,0,1
n07718472_9852,cucumber,0,4
n07718472_9874,cucumber,0,4
n07718472_9881,cucumber,0,0
n07716358_10003,zucchini,1,1
n07716358_10021,zucchini,1,0
n07716358_10032,zucchini,1,1
n07716358_1006,zucchini,1,3
n07716358_10104,zucchini,1,4
n07716358_1018,zucchini,1,1
n07716358_10200,zucchini,1,0
n07716358_10227,zucchini,1,2
n07716358_10234,zucchini,1,3
n07716358_10248,zucchini,1,2
n07716358_10251,zucchini,1,4
n07716358_10261,zucchini,1,3
n07716358_10266,zucchini,1,0
n07716358_10274,zucchini,1,1
n07716358_10283,zucchini,1,3
n07716358_10297,zucchini,1,1
n07716358_10301,zucchini,1,0
n07716358_10308,zucchini,1,2
n07716358_1032,zucchini,1,2
n07716358_10336,zucchini,1,2
n07716358_10366,zucchini,1,2
n07716358_10385,zucchini,1,1
n07716358_10402,zucchini,1,3
n07716358_10412,zucchini,1,1
n07716358_10460,zucchini,1,1
n07716358_10478,zucchini,1,4
n07716358_10480,zucchini,1,1
n07716358_105,zucchini,1,3
n07716358_10504,zucchini,1,4
n07716358_10507,zucchini,1,2
n07716358_10510,zucchini,1,2
n07716358_10513,zucchini,1,3
n07716358_10534,zucchini,1,1
n07716358_10535,zucchini,1,0
n07716358_10595,zucchini,1,3
n07716358_10598,zucchini,1,1
n07716358_106,zucchini,1,0
n07716358_10624,zucchini,1,3
n07716358_10635,zucchini,1,1
n07716358_10640,zucchini,1,4
n07716358_10648,zucchini,1,3
n07716358_10651,zucchini,1,2
n07716358_10652,zucchini,1,2
n07716358_10664,zucchini,1,4
n07716358_10673,zucchini,1,3
n07716358_10694,zucchini,1,4
n07716358_10709,zucchini,1,1
n07716358_10735,zucchini,1,1
n07716358_10765,zucchini,1,2
n07716358_1077,zucchini,1,3
n07716358_1078,zucchini,1,4
n07716358_10780,zucchini,1,3
n07716358_10788,zucchini,1,4
n07716358_10798,zucchini,1,2
n07716358_10805,zucchini,1,1
n07716358_10830,zucchini,1,0
n07716358_10837,zucchini,1,0
n07716358_10886,zucchini,1,1
n07716358_10911,zucchini,1,4
n07716358_10912,zucchini,1,2
n07716358_10917,zucchini,1,4
n07716358_10920,zucchini,1,3
n07716358_10933,zucchini,1,0
n07716358_10945,zucchini,1,0
n07716358_10947,zucchini,1,3
n07716358_10954,zucchini,1,3
n07716358_10974,zucchini,1,2
n07716358_11012,zucchini,1,2
n07716358_11020,zucchini,1,3
n07716358_11026,zucchini,1,3
n07716358_11048,zucchini,1,4
n07716358_11050,zucchini,1,4
n07716358_11058,zucchini,1,2
n07716358_11086,zucchini,1,4
n07716358_11095,zucchini,1,4
n07716358_11120,zucchini,1,0
n07716358_11137,zucchini,1,1
n07716358_11165,zucchini,1,4
n07716358_11176,zucchini,1,0
n07716358_11193,zucchini,1,3
n07716358_11220,zucchini,1,3
n07716358_1123,zucchini,1,0
n07716358_11231,zucchini,1,2
n07716358_11252,zucchini,1,0
n07716358_11257,zucchini,1,3
n07716358_1126,zucchini,1,4
n07716358_11315,zucchini,1,3
n07716358_11349,zucchini,1,3
n07716358_11358,zucchini,1,3
n07716358_11370,zucchini,1,0
n07716358_11383,zucchini,1,1
n07716358_11389,zucchini,1,4
n07716358_11412,zucchini,1,2
n07716358_11421,zucchini,1,0
n07716358_11423,zucchini,1,3
n07716358_11437,zucchini,1,2
n07716358_11450,zucchini,1,4
n07716358_11472,zucchini,1,2
n07716358_11476,zucchini,1,0
n07716358_11487,zucchini,1,4
n07716358_11514,zucchini,1,4
n07716358_11601,zucchini,1,2
n07716358_11635,zucchini,1,4
n07716358_11807,zucchini,1,0
n07716358_1182,zucchini,1,1
n07716358_11887,zucchini,1,0
n07716358_11943,zucchini,1,1
n07716358_11986,zucchini,1,3
n07716358_12009,zucchini,1,1
n07716358_12014,zucchini,1,3
n07716358_12024,zucchini,1,0
n07716358_12060,zucchini,1,0
n07716358_12070,zucchini,1,0
n07716358_12083,zucchini,1,1
n07716358_12087,zucchini,1,2
n07716358_12138,zucchini,1,3
n07716358_12143,zucchini,1,1
n07716358_12157,zucchini,1,2
n07716358_12176,zucchini,1,4
n07716358_12183,zucchini,1,3
n07716358_12191,zucchini,1,0
n07716358_12219,zucchini,1,2
n07716358_12238,zucchini,1,4
n07716358_1225,zucchini,1,2
n07716358_12258,zucchini,1,2
n07716358_12265,zucchini,1,1
n07716358_12268,zucchini,1,0
n07716358_12312,zucchini,1,3
n07716358_12331,zucchini,1,0
n07716358_12371,zucchini,1,3
n07716358_12387,zucchini,1,0
n07716358_12393,zucchini,1,4
n07716358_12402,zucchini,1,0
n07716358_12403,zucchini,1,4
n07716358_12407,zucchini,1,0
n07716358_1242,zucchini,1,2
n07716358_12441,zucchini,1,4
n07716358_12486,zucchini,1,4
n07716358_12489,zucchini,1,2
n07716358_1253,zucchini,1,1
n07716358_12548,zucchini,1,4
n07716358_12557,zucchini,1,3
n07716358_12564,zucchini,1,2
n07716358_12578,zucchini,1,2
n07716358_12579,zucchini,1,1
n07716358_1258,zucchini,1,4
n07716358_12586,zucchini,1,3
n07716358_12591,zucchini,1,2
n07716358_12599,zucchini,1,4
n07716358_12621,zucchini,1,3
n07716358_12651,zucchini,1,2
n07716358_12700,zucchini,1,4
n07716358_12705,zucchini,1,1
n07716358_12730,zucchini,1,0
n07716358_12742,zucchini,1,4
n07716358_12770,zucchini,1,1
n07716358_12771,zucchini,1,0
n07716358_128,zucchini,1,1
n07716358_12808,zucchini,1,4
n07716358_12818,zucchini,1,4
n07716358_12828,zucchini,1,0
n07716358_1286,zucchini,1,3
n07716358_1288,zucchini,1,1
n07716358_12885,zucchini,1,4
n07716358_12903,zucchini,1,1
n07716358_12931,zucchini,1,1
n07716358_12942,zucchini,1,2
n07716358_12963,zucchini,1,4
n07716358_12998,zucchini,1,3
n07716358_13008,zucchini,1,0
n07716358_13059,zucchini,1,3
n07716358_13090,zucchini,1,0
n07716358_13098,zucchini,1,2
n07716358_1312,zucchini,1,2
n07716358_13142,zucchini,1,2
n07716358_1325,zucchini,1,3
n07716358_13261,zucchini,1,0
n07716358_13307,zucchini,1,0
n07716358_1331,zucchini,1,1
n07716358_1333,zucchini,1,4
n07716358_13347,zucchini,1,1
n07716358_13393,zucchini,1,4
n07716358_1342,zucchini,1,0
n07716358_13434,zucchini,1,1
n07716358_13448,zucchini,1,2
n07716358_13517,zucchini,1,4
n07716358_13557,zucchini,1,3
n07716358_13570,zucchini,1,1
n07716358_13596,zucchini,1,4
n07716358_136,zucchini,1,2
n07716358_13626,zucchini,1,0
n07716358_13643,zucchini,1,2
n07716358_13646,zucchini,1,0
n07716358_13666,zucchini,1,0
n07716358_13674,zucchini,1,1
n07716358_13689,zucchini,1,2
n07716358_13690,zucchini,1,3
n07716358_13719,zucchini,1,2
n07716358_13731,zucchini,1,2
n07716358_13740,zucchini,1,3
n07716358_13754,zucchini,1,4
n07716358_13799,zucchini,1,3
n07716358_13800,zucchini,1,4
n07716358_1383,zucchini,1,2
n07716358_13861,zucchini,1,2
n07716358_13876,zucchini,1,2
n07716358_13886,zucchini,1,3
n07716358_13920,zucchini,1,3
n07716358_13931,zucchini,1,0
n07716358_13961,zucchini,1,2
n07716358_13982,zucchini,1,1
n07716358_13984,zucchini,1,1
n07716358_14032,zucchini,1,1
n07716358_14062,zucchini,1,0
n07716358_1407,zucchini,1,0
n07716358_14120,zucchini,1,1
n07716358_14132,zucchini,1,0
n07716358_1414,zucchini,1,0
n07716358_1415,zucchini,1,1
n07716358_14161,zucchini,1,2
n07716358_142,zucchini,1,1
n07716358_14235,zucchini,1,2
n07716358_14267,zucchini,1,1
n07716358_14300,zucchini,1,2
n07716358_14336,zucchini,1,3
n07716358_14402,zucchini,1,1
n07716358_14407,zucchini,1,0
n07716358_14453,zucchini,1,0
n07716358_14459,zucchini,1,1
n07716358_1446,zucchini,1,3
n07716358_14463,zucchini,1,1
n07716358_14464,zucchini,1,1
n07716358_14466,zucchini,1,3
n07716358_14474,zucchini,1,3
n07716358_14487,zucchini,1,1
n07716358_14540,zucchini,1,3
n07716358_1455,zucchini,1,4
n07716358_14556,zucchini,1,4
n07716358_14592,zucchini,1,1
n07716358_14603,zucchini,1,1
n07716358_14638,zucchini,1,1
n07716358_14717,zucchini,1,0
n07716358_14739,zucchini,1,3
n07716358_14764,zucchini,1,2
n07716358_14822,zucchini,1,4
n07716358_14829,zucchini,1,2
n07716358_14843,zucchini,1,0
n07716358_14846,zucchini,1,2
n07716358_14854,zucchini,1,2
n07716358_14914,zucchini,1,4
n07716358_14918,zucchini,1,2
n07716358_14946,zucchini,1,1
n07716358_14964,zucchini,1,4
n07716358_14979,zucchini,1,3
n07716358_1499,zucchini,1,1
n07716358_14990,zucchini,1,0
n07716358_15018,zucchini,1,2
n07716358_15025,zucchini,1,0
n07716358_15051,zucchini,1,0
n07716358_15085,zucchini,1,2
n07716358_15103,zucchini,1,0
n07716358_1511,zucchini,1,0
n07716358_15115,zucchini,1,2
n07716358_15122,zucchini,1,2
n07716358_15163,zucchini,1,4
n07716358_15179,zucchini,1,1
n07716358_15183,zucchini,1,1
n07716358_15220,zucchini,1,0
n07716358_15231,zucchini,1,3
n07716358_15244,zucchini,1,1
n07716358_15248,zucchini,1,3
n07716358_15251,zucchini,1,2
n07716358_15256,zucchini,1,4
n07716358_15279,zucchini,1,3
n07716358_15290,zucchini,1,4
n07716358_15314,zucchini,1,1
n07716358_1532,zucchini,1,4
n07716358_1533,zucchini,1,3
n07716358_1535,zucchini,1,0
n07716358_15355,zucchini,1,1
n07716358_15358,zucchini,1,4
n07716358_15382,zucchini,1,3
n07716358_15393,zucchini,1,4
n07716358_15411,zucchini,1,2
n07716358_15420,zucchini,1,2
n07716358_15453,zucchini,1,3
n07716358_15454,zucchini,1,2
n07716358_15470,zucchini,1,0
n07716358_15471,zucchini,1,4
n07716358_1549,zucchini,1,3
n07716358_15527,zucchini,1,4
n07716358_15669,zucchini,1,3
n07716358_15710,zucchini,1,4
n07716358_15728,zucchini,1,1
n07716358_15743,zucchini,1,3
n07716358_15801,zucchini,1,0
n07716358_15809,zucchini,1,0
n07716358_15816,zucchini,1,4
n07716358_15828,zucchini,1,3
n07716358_15851,zucchini,1,0
n07716358_15857,zucchini,1,4
n07716358_15920,zucchini,1,2
n07716358_15937,zucchini,1,3
n07716358_15966,zucchini,1,2
n07716358_15994,zucchini,1,4
n07716358_16000,zucchini,1,3
n07716358_16047,zucchini,1,1
n07716358_16051,zucchini,1,4
n07716358_16085,zucchini,1,2
n07716358_1609,zucchini,1,2
n07716358_16109,zucchini,1,3
n07716358_16133,zucchini,1,2
n07716358_16139,zucchini,1,1
n07716358_16144,zucchini,1,2
n07716358_16169,zucchini,1,3
n07716358_1626,zucchini,1,3
n07716358_1627,zucchini,1,4
n07716358_16281,zucchini,1,1
n07716358_16290,zucchini,1,1
n07716358_16322,zucchini,1,0
n07716358_16335,zucchini,1,2
n07716358_1635,zucchini,1,1
n07716358_16357,zucchini,1,0
n07716358_16373,zucchini,1,2
n07716358_16380,zucchini,1,4
n07716358_16391,zucchini,1,0
n07716358_1643,zucchini,1,1
n07716358_16503,zucchini,1,2
n07716358_16517,zucchini,1,4
n07716358_1657,zucchini,1,2
n07716358_16622,zucchini,1,2
n07716358_16651,zucchini,1,4
n07716358_16668,zucchini,1,3
n07716358_16676,zucchini,1,2
n07716358_16699,zucchini,1,0
n07716358_16709,zucchini,1,3
n07716358_16733,zucchini,1,0
n07716358_16756,zucchini,1,1
n07716358_16782,zucchini,1,0
n07716358_16783,zucchini,1,1
n07716358_1680,zucchini,1,4
n07716358_16823,zucchini,1,4
n07716358_16834,zucchini,1,2
n07716358_16886,zucchini,1,3
n07716358_16890,zucchini,1,4
n07716358_16901,zucchini,1,4
n07716358_16910,zucchini,1,0
n07716358_16921,zucchini,1,0
n07716358_16925,zucchini,1,3
n07716358_16936,zucchini,1,3
n07716358_16986,zucchini,1,4
n07716358_17034,zucchini,1,2
n07716358_17056,zucchini,1,4
n07716358_17119,zucchini,1,0
n07716358_17130,zucchini,1,1
n07716358_17182,zucchini,1,1
n07716358_17183,zucchini,1,3
n07716358_17246,zucchini,1,0
n07716358_17249,zucchini,1,2
n07716358_17251,zucchini,1,4
n07716358_17277,zucchini,1,2
n07716358_17299,zucchini,1,3
n07716358_17306,zucchini,1,1
n07716358_17346,zucchini,1,3
n07716358_17379,zucchini,1,4
n07716358_17423,zucchini,1,4
n07716358_17476,zucchini,1,1
n07716358_17497,zucchini,1,0
n07716358_17509,zucchini,1,3
n07716358_17523,zucchini,1,3
n07716358_17573,zucchini,1,4
n07716358_17583,zucchini,1,1
n07716358_17584,zucchini,1,1
n07716358_17593,zucchini,1,0
n07716358_17606,zucchini,1,2
n07716358_17623,zucchini,1,1
n07716358_17643,zucchini,1,3
n07716358_17672,zucchini,1,1
n07716358_17701,zucchini,1,0
n07716358_17706,zucchini,1,0
n07716358_1771,zucchini,1,2
n07716358_17747,zucchini,1,3
n07716358_17761,zucchini,1,0
n07716358_17776,zucchini,1,0
n07716358_17789,zucchini,1,1
n07716358_17809,zucchini,1,0
n07716358_17859,zucchini,1,4
n07716358_17878,zucchini,1,3
n07716358_17916,zucchini,1,2
n07716358_17936,zucchini,1,1
n07716358_1796,zucchini,1,3
n07716358_17980,zucchini,1,3
n07716358_1799,zucchini,1,2
n07716358_1800,zucchini,1,4
n07716358_18011,zucchini,1,1
n07716358_18058,zucchini,1,1
n07716358_1808,zucchini,1,3
n07716358_18090,zucchini,1,0
n07716358_18119,zucchini,1,2
n07716358_18134,zucchini,1,2
n07716358_18144,zucchini,1,0
n07716358_18167,zucchini,1,3
n07716358_18176,zucchini,1,1
n07716358_18243,zucchini,1,2
n07716358_18312,zucchini,1,3
n07716358_18320,zucchini,1,0
n07716358_18324,zucchini,1,4
n07716358_18330,zucchini,1,4
n07716358_18381,zucchini,1,1
n07716358_18390,zucchini,1,1
n07716358_18410,zucchini,1,1
n07716358_18421,zucchini,1,4
n07716358_18437,zucchini,1,0
n07716358_18491,zucchini,1,2
n07716358_18492,zucchini,1,3
n07716358_18495,zucchini,1,1
n07716358_18544,zucchini,1,0
n07716358_1855,zucchini,1,1
n07716358_18606,zucchini,1,4
n07716358_18609,zucchini,1,0
n07716358_18630,zucchini,1,0
n07716358_18638,zucchini,1,4
n07716358_18648,zucchini,1,2
n07716358_18658,zucchini,1,1
n07716358_1866,zucchini,1,4
n07716358_18791,zucchini,1,0
n07716358_18815,zucchini,1,4
n07716358_1882,zucchini,1,4
n07716358_18825,zucchini,1,4
n07716358_18828,zucchini,1,2
n07716358_18848,zucchini,1,4
n07716358_18929,zucchini,1,3
n07716358_18974,zucchini,1,4
n07716358_19007,zucchini,1,2
n07716358_19028,zucchini,1,1
n07716358_19036,zucchini,1,0
n07716358_19040,zucchini,1,2
n07716358_19055,zucchini,1,3
n07716358_19072,zucchini,1,2
n07716358_19113,zucchini,1,4
n07716358_19157,zucchini,1,3
n07716358_19214,zucchini,1,0
n07716358_1925,zucchini,1,3
n07716358_19281,zucchini,1,1
n07716358_19290,zucchini,1,1
n07716358_19344,zucchini,1,0
n07716358_19383,zucchini,1,0
n07716358_19384,zucchini,1,2
n07716358_19387,zucchini,1,3
n07716358_19395,zucchini,1,3
n07716358_19448,zucchini,1,4
n07716358_19461,zucchini,1,0
n07716358_19522,zucchini,1,2
n07716358_19528,zucchini,1,1
n07716358_19623,zucchini,1,1
n07716358_19627,zucchini,1,0
n07716358_19641,zucchini,1,2
n07716358_19674,zucchini,1,4
n07716358_19697,zucchini,1,1
n07716358_19743,zucchini,1,2
n07716358_19754,zucchini,1,3
n07716358_19761,zucchini,1,3
n07716358_19771,zucchini,1,3
n07716358_19792,zucchini,1,1
n07716358_19819,zucchini,1,3
n07716358_19863,zucchini,1,4
n07716358_19873,zucchini,1,2
n07716358_19875,zucchini,1,2
n07716358_19973,zucchini,1,2
n07716358_20005,zucchini,1,3
n07716358_20014,zucchini,1,3
n07716358_20097,zucchini,1,4
n07716358_20147,zucchini,1,0
n07716358_20148,zucchini,1,3
n07716358_20152,zucchini,1,1
n07716358_2017,zucchini,1,0
n07716358_20182,zucchini,1,3
n07716358_20189,zucchini,1,1
n07716358_20199,zucchini,1,1
n07716358_20226,zucchini,1,3
n07716358_20248,zucchini,1,4
n07716358_20256,zucchini,1,1
n07716358_20274,zucchini,1,0
n07716358_2031,zucchini,1,3
n07716358_20318,zucchini,1,2
n07716358_20337,zucchini,1,2
n07716358_20398,zucchini,1,1
n07716358_20401,zucchini,1,1
n07716358_20411,zucchini,1,0
n07716358_20428,zucchini,1,1
n07716358_20501,zucchini,1,0
n07716358_2051,zucchini,1,3
n07716358_2053,zucchini,1,1
n07716358_20543,zucchini,1,1
n07716358_20578,zucchini,1,0
n07716358_20648,zucchini,1,0
n07716358_2068,zucchini,1,2
n07716358_20693,zucchini,1,3
n07716358_20716,zucchini,1,2
n07716358_20722,zucchini,1,0
n07716358_20731,zucchini,1,4
n07716358_20759,zucchini,1,2
n07716358_20764,zucchini,1,3
n07716358_20772,zucchini,1,3
n07716358_2082,zucchini,1,1
n07716358_20825,zucchini,1,0
n07716358_20828,zucchini,1,0
n07716358_20866,zucchini,1,2
n07716358_20877,zucchini,1,0
n07716358_20900,zucchini,1,2
n07716358_20917,zucchini,1,4
n07716358_20927,zucchini,1,0
n07716358_20943,zucchini,1,3
n07716358_20964,zucchini,1,0
n07716358_20994,zucchini,1,4
n07716358_20999,zucchini,1,4
n07716358_21046,zucchini,1,0
n07716358_21091,zucchini,1,0
n07716358_21188,zucchini,1,2
n07716358_21190,zucchini,1,0
n07716358_21194,zucchini,1,3
n07716358_21207,zucchini,1,4
n07716358_21220,zucchini,1,4
n07716358_21235,zucchini,1,4
n07716358_21256,zucchini,1,0
n07716358_21268,zucchini,1,1
n07716358_2131,zucchini,1,3
n07716358_21329,zucchini,1,4
n07716358_21387,zucchini,1,3
n07716358_21466,zucchini,1,3
n07716358_21528,zucchini,1,1
n07716358_21627,zucchini,1,1
n07716358_21641,zucchini,1,1
n07716358_21657,zucchini,1,1
n07716358_21682,zucchini,1,2
n07716358_21693,zucchini,1,1
n07716358_21703,zucchini,1,0
n07716358_21715,zucchini,1,0
n07716358_21743,zucchini,1,1
n07716358_21756,zucchini,1,0
n07716358_21764,zucchini,1,0
n07716358_2177,zucchini,1,0
n07716358_21788,zucchini,1,4
n07716358_21796,zucchini,1,4
n07716358_21797,zucchini,1,0
n07716358_21828,zucchini,1,4
n07716358_21830,zucchini,1,2
n07716358_21876,zucchini,1,3
n07716358_21892,zucchini,1,3
n07716358_21911,zucchini,1,3
n07716358_21921,zucchini,1,3
n07716358_21929,zucchini,1,0
n07716358_21956,zucchini,1,1
n07716358_2196,zucchini,1,2
n07716358_21966,zucchini,1,2
n07716358_21997,zucchini,1,3
n07716358_21999,zucchini,1,4
n07716358_220,zucchini,1,1
n07716358_22000,zucchini,1,4
n07716358_22002,zucchini,1,1
n07716358_22008,zucchini,1,4
n07716358_22064,zucchini,1,3
n07716358_22128,zucchini,1,1
n07716358_22135,zucchini,1,0
n07716358_2214,zucchini,1,0
n07716358_22212,zucchini,1,0
n07716358_22242,zucchini,1,0
n07716358_22354,zucchini,1,3
n07716358_22387,zucchini,1,2
n07716358_22402,zucchini,1,4
n07716358_2242,zucchini,1,3
n07716358_22440,zucchini,1,1
n07716358_22465,zucchini,1,1
n07716358_22471,zucchini,1,2
n07716358_2249,zucchini,1,1
n07716358_2251,zucchini,1,3
n07716358_22521,zucchini,1,1
n07716358_22588,zucchini,1,1
n07716358_2262,zucchini,1,0
n07716358_22640,zucchini,1,1
n07716358_22647,zucchini,1,4
n07716358_22655,zucchini,1,2
n07716358_22680,zucchini,1,3
n07716358_22696,zucchini,1,1
n07716358_22750,zucchini,1,2
n07716358_22926,zucchini,1,3
n07716358_22955,zucchini,1,2
n07716358_22988,zucchini,1,1
n07716358_22997,zucchini,1,1
n07716358_22999,zucchini,1,0
n07716358_23004,zucchini,1,3
n07716358_23052,zucchini,1,2
n07716358_23080,zucchini,1,3
n07716358_23096,zucchini,1,2
n07716358_23104,zucchini,1,4
n07716358_23109,zucchini,1,2
n07716358_23152,zucchini,1,0
n07716358_23157,zucchini,1,1
n07716358_23166,zucchini,1,4
n07716358_23240,zucchini,1,1
n07716358_23253,zucchini,1,0
n07716358_23256,zucchini,1,2
n07716358_23311,zucchini,1,0
n07716358_23357,zucchini,1,2
n07716358_23416,zucchini,1,4
n07716358_23537,zucchini,1,4
n07716358_23553,zucchini,1,0
n07716358_2360,zucchini,1,4
n07716358_23601,zucchini,1,4
n07716358_23690,zucchini,1,0
n07716358_2372,zucchini,1,2
n07716358_23771,zucchini,1,1
n07716358_23815,zucchini,1,4
n07716358_2384,zucchini,1,3
n07716358_23846,zucchini,1,1
n07716358_23881,zucchini,1,0
n07716358_239,zucchini,1,1
n07716358_23903,zucchini,1,2
n07716358_23910,zucchini,1,1
n07716358_23960,zucchini,1,0
n07716358_24037,zucchini,1,4
n07716358_24136,zucchini,1,4
n07716358_24138,zucchini,1,0
n07716358_24142,zucchini,1,3
n07716358_24177,zucchini,1,3
n07716358_24200,zucchini,1,3
n07716358_24230,zucchini,1,3
n07716358_24261,zucchini,1,1
n07716358_24309,zucchini,1,4
n07716358_24380,zucchini,1,2
n07716358_24384,zucchini,1,4
n07716358_24419,zucchini,1,2
n07716358_24443,zucchini,1,3
n07716358_24451,zucchini,1,4
n07716358_24456,zucchini,1,4
n07716358_24460,zucchini,1,1
n07716358_24466,zucchini,1,0
n07716358_24469,zucchini,1,4
n07716358_2449,zucchini,1,4
n07716358_24497,zucchini,1,0
n07716358_24518,zucchini,1,1
n07716358_24522,zucchini,1,3
n07716358_24549,zucchini,1,3
n07716358_24617,zucchini,1,1
n07716358_24670,zucchini,1,2
n07716358_24685,zucchini,1,3
n07716358_24734,zucchini,1,0
n07716358_24771,zucchini,1,0
n07716358_24772,zucchini,1,3
n07716358_24822,zucchini,1,2
n07716358_24847,zucchini,1,3
n07716358_24884,zucchini,1,0
n07716358_2489,zucchini,1,3
n07716358_24890,zucchini,1,4
n07716358_24896,zucchini,1,3
n07716358_24915,zucchini,1,2
n07716358_24932,zucchini,1,4
n07716358_24951,zucchini,1,2
n07716358_2499,zucchini,1,3
n07716358_24991,zucchini,1,2
n07716358_25000,zucchini,1,3
n07716358_25004,zucchini,1,2
n07716358_25088,zucchini,1,3
n07716358_25092,zucchini,1,0
n07716358_25175,zucchini,1,0
n07716358_25202,zucchini,1,4
n07716358_25229,zucchini,1,3
n07716358_25252,zucchini,1,3
n07716358_25285,zucchini,1,4
n07716358_25298,zucchini,1,1
n07716358_25306,zucchini,1,1
n07716358_25315,zucchini,1,2
n07716358_25323,zucchini,1,4
n07716358_25365,zucchini,1,2
n07716358_25390,zucchini,1,1
n07716358_254,zucchini,1,1
n07716358_25407,zucchini,1,3
n07716358_25417,zucchini,1,4
n07716358_25435,zucchini,1,1
n07716358_25444,zucchini,1,3
n07716358_25477,zucchini,1,1
n07716358_25490,zucchini,1,2
n07716358_25564,zucchini,1,4
n07716358_2562,zucchini,1,3
n07716358_25650,zucchini,1,3
n07716358_25669,zucchini,1,3
n07716358_25679,zucchini,1,3
n07716358_25710,zucchini,1,0
n07716358_25736,zucchini,1,0
n07716358_25768,zucchini,1,0
n07716358_25776,zucchini,1,2
n07716358_25780,zucchini,1,3
n07716358_25794,zucchini,1,2
n07716358_25801,zucchini,1,1
n07716358_25803,zucchini,1,2
n07716358_2582,zucchini,1,4
n07716358_25852,zucchini,1,4
n07716358_25871,zucchini,1,2
n07716358_2592,zucchini,1,4
n07716358_25949,zucchini,1,1
n07716358_2603,zucchini,1,2
n07716358_26109,zucchini,1,1
n07716358_2613,zucchini,1,4
n07716358_2614,zucchini,1,3
n07716358_2634,zucchini,1,1
n07716358_2649,zucchini,1,3
n07716358_2652,zucchini,1,1
n07716358_2657,zucchini,1,0
n07716358_26701,zucchini,1,2
n07716358_26835,zucchini,1,4
n07716358_2688,zucchini,1,4
n07716358_2690,zucchini,1,1
n07716358_2698,zucchini,1,2
n07716358_27,zucchini,1,1
n07716358_2721,zucchini,1,2
n07716358_2727,zucchini,1,3
n07716358_2736,zucchini,1,2
n07716358_27536,zucchini,1,0
n07716358_2780,zucchini,1,3
n07716358_2798,zucchini,1,1
n07716358_2802,zucchini,1,1
n07716358_2845,zucchini,1,4
n07716358_2855,zucchini,1,2
n07716358_2869,zucchini,1,0
n07716358_28816,zucchini,1,3
n07716358_2897,zucchini,1,2
n07716358_2945,zucchini,1,0
n07716358_2991,zucchini,1,4
n07716358_3024,zucchini,1,3
n07716358_3034,zucchini,1,4
n07716358_3101,zucchini,1,2
n07716358_31011,zucchini,1,4
n07716358_3125,zucchini,1,0
n07716358_3135,zucchini,1,2
n07716358_31352,zucchini,1,3
n07716358_3142,zucchini,1,1
n07716358_31451,zucchini,1,1
n07716358_3154,zucchini,1,0
n07716358_31851,zucchini,1,4
n07716358_3193,zucchini,1,0
n07716358_3223,zucchini,1,1
n07716358_3253,zucchini,1,3
n07716358_3257,zucchini,1,1
n07716358_3263,zucchini,1,3
n07716358_3280,zucchini,1,1
n07716358_3290,zucchini,1,2
n07716358_3293,zucchini,1,2
n07716358_3328,zucchini,1,3
n07716358_33351,zucchini,1,3
n07716358_33565,zucchini,1,1
n07716358_3386,zucchini,1,0
n07716358_3395,zucchini,1,4
n07716358_3399,zucchini,1,2
n07716358_3403,zucchini,1,1
n07716358_3413,zucchini,1,2
n07716358_34149,zucchini,1,4
n07716358_3419,zucchini,1,2
n07716358_3420,zucchini,1,2
n07716358_34232,zucchini,1,4
n07716358_3424,zucchini,1,0
n07716358_343,zucchini,1,3
n07716358_34331,zucchini,1,2
n07716358_3446,zucchini,1,1
n07716358_3450,zucchini,1,1
n07716358_3451,zucchini,1,0
n07716358_3453,zucchini,1,2
n07716358_34723,zucchini,1,2
n07716358_3486,zucchini,1,4
n07716358_3492,zucchini,1,4
n07716358_3493,zucchini,1,4
n07716358_3502,zucchini,1,1
n07716358_3538,zucchini,1,2
n07716358_3544,zucchini,1,0
n07716358_3555,zucchini,1,2
n07716358_35765,zucchini,1,0
n07716358_3580,zucchini,1,2
n07716358_3582,zucchini,1,0
n07716358_35883,zucchini,1,4
n07716358_35952,zucchini,1,1
n07716358_3600,zucchini,1,2
n07716358_3603,zucchini,1,3
n07716358_3620,zucchini,1,2
n07716358_36362,zucchini,1,2
n07716358_3646,zucchini,1,3
n07716358_3658,zucchini,1,0
n07716358_3662,zucchini,1,0
n07716358_3665,zucchini,1,1
n07716358_3675,zucchini,1,3
n07716358_3678,zucchini,1,0
n07716358_3729,zucchini,1,2
n07716358_37379,zucchini,1,2
n07716358_3761,zucchini,1,0
n07716358_3765,zucchini,1,2
n07716358_3785,zucchini,1,1
n07716358_3845,zucchini,1,4
n07716358_3849,zucchini,1,4
n07716358_38814,zucchini,1,1
n07716358_3882,zucchini,1,1
n07716358_3934,zucchini,1,1
n07716358_3945,zucchini,1,0
n07716358_39697,zucchini,1,4
n07716358_399,zucchini,1,2
n07716358_3994,zucchini,1,4
n07716358_3995,zucchini,1,0
n07716358_4029,zucchini,1,2
n07716358_4045,zucchini,1,4
n07716358_4084,zucchini,1,2
n07716358_4086,zucchini,1,3
n07716358_4093,zucchini,1,2
n07716358_4145,zucchini,1,0
n07716358_4192,zucchini,1,1
n07716358_4233,zucchini,1,4
n07716358_4235,zucchini,1,0
n07716358_4251,zucchini,1,1
n07716358_4259,zucchini,1,0
n07716358_4272,zucchini,1,2
n07716358_4288,zucchini,1,3
n07716358_4316,zucchini,1,2
n07716358_4341,zucchini,1,1
n07716358_4347,zucchini,1,1
n07716358_4376,zucchini,1,3
n07716358_4390,zucchini,1,0
n07716358_4393,zucchini,1,3
n07716358_4423,zucchini,1,0
n07716358_4434,zucchini,1,1
n07716358_4437,zucchini,1,4
n07716358_4440,zucchini,1,3
n07716358_4442,zucchini,1,3
n07716358_4456,zucchini,1,3
n07716358_4487,zucchini,1,4
n07716358_4503,zucchini,1,3
n07716358_4505,zucchini,1,0
n07716358_4517,zucchini,1,0
n07716358_4526,zucchini,1,4
n07716358_4537,zucchini,1,2
n07716358_4564,zucchini,1,4
n07716358_4569,zucchini,1,1
n07716358_4587,zucchini,1,4
n07716358_4593,zucchini,1,2
n07716358_4623,zucchini,1,4
n07716358_4635,zucchini,1,1
n07716358_4637,zucchini,1,4
n07716358_4666,zucchini,1,3
n07716358_4669,zucchini,1,2
n07716358_4708,zucchini,1,3
n07716358_4711,zucchini,1,2
n07716358_4770,zucchini,1,3
n07716358_4776,zucchini,1,2
n07716358_4785,zucchini,1,3
n07716358_479,zucchini,1,4
n07716358_484,zucchini,1,2
n07716358_4840,zucchini,1,4
n07716358_4841,zucchini,1,3
n07716358_4845,zucchini,1,2
n07716358_4848,zucchini,1,4
n07716358_4852,zucchini,1,2
n07716358_4873,zucchini,1,0
n07716358_4878,zucchini,1,0
n07716358_4891,zucchini,1,1
n07716358_4902,zucchini,1,0
n07716358_4916,zucchini,1,4
n07716358_4923,zucchini,1,0
n07716358_4932,zucchini,1,2
n07716358_4937,zucchini,1,4
n07716358_4960,zucchini,1,1
n07716358_4993,zucchini,1,3
n07716358_5009,zucchini,1,1
n07716358_5017,zucchini,1,4
n07716358_5021,zucchini,1,0
n07716358_5022,zucchini,1,4
n07716358_5037,zucchini,1,1
n07716358_5051,zucchini,1,4
n07716358_5052,zucchini,1,1
n07716358_5053,zucchini,1,2
n07716358_506,zucchini,1,0
n07716358_5088,zucchini,1,1
n07716358_5105,zucchini,1,4
n07716358_5111,zucchini,1,1
n07716358_5118,zucchini,1,3
n07716358_5123,zucchini,1,2
n07716358_5142,zucchini,1,4
n07716358_5147,zucchini,1,1
n07716358_516,zucchini,1,3
n07716358_5208,zucchini,1,0
n07716358_5238,zucchini,1,1
n07716358_5340,zucchini,1,0
n07716358_5350,zucchini,1,0
n07716358_5355,zucchini,1,1
n07716358_5360,zucchini,1,4
n07716358_542,zucchini,1,3
n07716358_5422,zucchini,1,2
n07716358_5429,zucchini,1,0
n07716358_5439,zucchini,1,2
n07716358_5517,zucchini,1,0
n07716358_552,zucchini,1,2
n07716358_5522,zucchini,1,4
n07716358_5569,zucchini,1,0
n07716358_5579,zucchini,1,4
n07716358_5584,zucchini,1,0
n07716358_5633,zucchini,1,1
n07716358_5659,zucchini,1,0
n07716358_5671,zucchini,1,0
n07716358_5673,zucchini,1,2
n07716358_5690,zucchini,1,2
n07716358_5692,zucchini,1,3
n07716358_5722,zucchini,1,4
n07716358_5729,zucchini,1,4
n07716358_5732,zucchini,1,0
n07716358_5745,zucchini,1,1
n07716358_5758,zucchini,1,1
n07716358_5789,zucchini,1,0
n07716358_5803,zucchini,1,1
n07716358_5804,zucchini,1,2
n07716358_5833,zucchini,1,0
n07716358_5862,zucchini,1,3
n07716358_5878,zucchini,1,2
n07716358_5951,zucchini,1,0
n07716358_5959,zucchini,1,2
n07716358_5966,zucchini,1,1
n07716358_5974,zucchini,1,1
n07716358_5975,zucchini,1,0
n07716358_5976,zucchini,1,1
n07716358_5995,zucchini,1,0
n07716358_6007,zucchini,1,4
n07716358_609,zucchini,1,0
n07716358_6094,zucchini,1,0
n07716358_6102,zucchini,1,1
n07716358_6139,zucchini,1,2
n07716358_6185,zucchini,1,2
n07716358_6196,zucchini,1,4
n07716358_6200,zucchini,1,4
n07716358_6201,zucchini,1,3
n07716358_6212,zucchini,1,2
n07716358_6281,zucchini,1,3
n07716358_6305,zucchini,1,3
n07716358_6384,zucchini,1,0
n07716358_6397,zucchini,1,4
n07716358_6405,zucchini,1,1
n07716358_6415,zucchini,1,4
n07716358_6428,zucchini,1,4
n07716358_6431,zucchini,1,1
n07716358_6440,zucchini,1,2
n07716358_6477,zucchini,1,0
n07716358_6488,zucchini,1,4
n07716358_6489,zucchini,1,3
n07716358_649,zucchini,1,3
n07716358_6492,zucchini,1,0
n07716358_6499,zucchini,1,2
n07716358_653,zucchini,1,1
n07716358_6548,zucchini,1,0
n07716358_6585,zucchini,1,4
n07716358_6628,zucchini,1,3
n07716358_6676,zucchini,1,3
n07716358_6677,zucchini,1,1
n07716358_6693,zucchini,1,3
n07716358_6695,zucchini,1,3
n07716358_6697,zucchini,1,1
n07716358_6725,zucchini,1,2
n07716358_6729,zucchini,1,4
n07716358_6741,zucchini,1,0
n07716358_678,zucchini,1,4
n07716358_680,zucchini,1,1
n07716358_6804,zucchini,1,4
n07716358_6812,zucchini,1,2
n07716358_6817,zucchini,1,2
n07716358_6824,zucchini,1,3
n07716358_6843,zucchini,1,3
n07716358_6865,zucchini,1,4
n07716358_6868,zucchini,1,1
n07716358_6874,zucchini,1,3
n07716358_6890,zucchini,1,2
n07716358_6926,zucchini,1,2
n07716358_694,zucchini,1,3
n07716358_6954,zucchini,1,4
n07716358_6968,zucchini,1,1
n07716358_6995,zucchini,1,3
n07716358_701,zucchini,1,2
n07716358_7027,zucchini,1,2
n07716358_705,zucchini,1,4
n07716358_7085,zucchini,1,1
n07716358_7097,zucchini,1,4
n07716358_7177,zucchini,1,0
n07716358_718,zucchini,1,2
n07716358_7180,zucchini,1,0
n07716358_7206,zucchini,1,4
n07716358_7226,zucchini,1,3
n07716358_723,zucchini,1,4
n07716358_7242,zucchini,1,0
n07716358_7247,zucchini,1,4
n07716358_7251,zucchini,1,2
n07716358_7265,zucchini,1,0
n07716358_7283,zucchini,1,4
n07716358_7285,zucchini,1,1
n07716358_7298,zucchini,1,0
n07716358_7311,zucchini,1,4
n07716358_7355,zucchini,1,1
n07716358_7365,zucchini,1,3
n07716358_7434,zucchini,1,0
n07716358_7458,zucchini,1,2
n07716358_7486,zucchini,1,3
n07716358_7487,zucchini,1,0
n07716358_7555,zucchini,1,3
n07716358_7574,zucchini,1,1
n07716358_7584,zucchini,1,2
n07716358_7618,zucchini,1,4
n07716358_7626,zucchini,1,1
n07716358_7687,zucchini,1,1
n07716358_7850,zucchini,1,3
n07716358_792,zucchini,1,1
n07716358_800,zucchini,1,0
n07716358_803,zucchini,1,2
n07716358_8041,zucchini,1,4
n07716358_8055,zucchini,1,1
n07716358_8079,zucchini,1,1
n07716358_8119,zucchini,1,0
n07716358_8149,zucchini,1,2
n07716358_816,zucchini,1,0
n07716358_8175,zucchini,1,1
n07716358_8266,zucchini,1,1
n07716358_8285,zucchini,1,4
n07716358_830,zucchini,1,4
n07716358_8358,zucchini,1,2
n07716358_839,zucchini,1,4
n07716358_8390,zucchini,1,0
n07716358_8397,zucchini,1,4
n07716358_8438,zucchini,1,0
n07716358_8455,zucchini,1,4
n07716358_8575,zucchini,1,1
n07716358_8578,zucchini,1,2
n07716358_8661,zucchini,1,4
n07716358_8664,zucchini,1,4
n07716358_8674,zucchini,1,1
n07716358_8695,zucchini,1,0
n07716358_8726,zucchini,1,2
n07716358_8754,zucchini,1,0
n07716358_8796,zucchini,1,2
n07716358_8820,zucchini,1,4
n07716358_8848,zucchini,1,4
n07716358_8898,zucchini,1,3
n07716358_8938,zucchini,1,2
n07716358_8973,zucchini,1,3
n07716358_8988,zucchini,1,0
n07716358_8993,zucchini,1,0
n07716358_9014,zucchini,1,0
n07716358_902,zucchini,1,0
n07716358_9030,zucchini,1,0
n07716358_904,zucchini,1,3
n07716358_9042,zucchini,1,4
n07716358_9086,zucchini,1,2
n07716358_9089,zucchini,1,4
n07716358_9099,zucchini,1,3
n07716358_9112,zucchini,1,1
n07716358_9119,zucchini,1,3
n07716358_9135,zucchini,1,2
n07716358_9151,zucchini,1,1
n07716358_9178,zucchini,1,2
n07716358_9184,zucchini,1,2
n07716358_9199,zucchini,1,3
n07716358_9214,zucchini,1,3
n07716358_9307,zucchini,1,3
n07716358_9344,zucchini,1,2
n07716358_9347,zucchini,1,0
n07716358_935,zucchini,1,1
n07716358_9362,zucchini,1,4
n07716358_9369,zucchini,1,4
n07716358_9376,zucchini,1,0
n07716358_9395,zucchini,1,1
n07716358_9491,zucchini,1,4
n07716358_9544,zucchini,1,0
n07716358_9550,zucchini,1,1
n07716358_9588,zucchini,1,3
n07716358_960,zucchini,1,2
n07716358_9653,zucchini,1,3
n07716358_9686,zucchini,1,1
n07716358_9732,zucchini,1,0
n07716358_9749,zucchini,1,3
n07716358_979,zucchini,1,0
n07716358_9821,zucchini,1,4
n07716358_9835,zucchini,1,3
n07716358_9840,zucchini,1,3
n07716358_9866,zucchini,1,1
n07716358_9887,zucchini,1,3
n07716358_9897,zucchini,1,2
n07716358_9909,zucchini,1,0
n07716358_9934,zucchini,1,3
n07716358_9953,zucchini,1,0
n07716358_9974,zucchini,1,0
n07716358_9981,zucchini,1,4
n07716358_9983,zucchini,1,1
n07716358_9984,zucchini,1,4
n07716358_9995,zucchini,1,3
n07716358_9996,zucchini,1,4
n07716358_9997,zucchini,1,3
n07718472_1000,cucumber,1,2
n07718472_1001,cucumber,1,3
n07718472_1002,cucumber,1,1
n07718472_10050,cucumber,1,4
n07718472_1006,cucumber,1,2
n07718472_10107,cucumber,1,0
n07718472_10155,cucumber,1,3
n07718472_10198,cucumber,1,0
n07718472_1022,cucumber,1,0
n07718472_10238,cucumber,1,0
n07718472_1027,cucumber,1,4
n07718472_10298,cucumber,1,0
n07718472_103,cucumber,1,1
n07718472_10305,cucumber,1,1
n07718472_10316,cucumber,1,2
n07718472_10327,cucumber,1,3
n07718472_10341,cucumber,1,2
n07718472_10358,cucumber,1,1
n07718472_1037,cucumber,1,1
n07718472_10380,cucumber,1,4
n07718472_10383,cucumber,1,2
n07718472_10427,cucumber,1,0
n07718472_1043,cucumber,1,4
n07718472_1045,cucumber,1,0
n07718472_10468,cucumber,1,4
n07718472_10474,cucumber,1,0
n07718472_10483,cucumber,1,2
n07718472_1049,cucumber,1,3
n07718472_10496,cucumber,1,1
n07718472_10507,cucumber,1,4
n07718472_1054,cucumber,1,0
n07718472_10542,cucumber,1,4
n07718472_10599,cucumber,1,4
n07718472_10657,cucumber,1,3
n07718472_10666,cucumber,1,4
n07718472_10671,cucumber,1,4
n07718472_10704,cucumber,1,4
n07718472_10709,cucumber,1,2
n07718472_1071,cucumber,1,1
n07718472_10718,cucumber,1,1
n07718472_10729,cucumber,1,0
n07718472_10736,cucumber,1,0
n07718472_10742,cucumber,1,4
n07718472_10768,cucumber,1,1
n07718472_10797,cucumber,1,0
n07718472_10799,cucumber,1,1
n07718472_1080,cucumber,1,3
n07718472_10800,cucumber,1,3
n07718472_10804,cucumber,1,4
n07718472_10816,cucumber,1,2
n07718472_10820,cucumber,1,1
n07718472_10822,cucumber,1,4
n07718472_10828,cucumber,1,3
n07718472_1083,cucumber,1,1
n07718472_10835,cucumber,1,3
n07718472_10837,cucumber,1,4
n07718472_1085,cucumber,1,4
n07718472_10869,cucumber,1,0
n07718472_10874,cucumber,1,4
n07718472_10881,cucumber,1,3
n07718472_10894,cucumber,1,2
n07718472_10898,cucumber,1,1
n07718472_10905,cucumber,1,4
n07718472_1091,cucumber,1,1
n07718472_10924,cucumber,1,3
n07718472_10925,cucumber,1,4
n07718472_1094,cucumber,1,0
n07718472_10948,cucumber,1,0
n07718472_10977,cucumber,1,0
n07718472_1100,cucumber,1,4
n07718472_11000,cucumber,1,2
n07718472_11003,cucumber,1,2
n07718472_11013,cucumber,1,2
n07718472_11022,cucumber,1,1
n07718472_11024,cucumber,1,1
n07718472_1103,cucumber,1,1
n07718472_11049,cucumber,1,3
n07718472_11057,cucumber,1,1
n07718472_11066,cucumber,1,1
n07718472_11068,cucumber,1,1
n07718472_1107,cucumber,1,2
n07718472_11076,cucumber,1,4
n07718472_11080,cucumber,1,2
n07718472_11091,cucumber,1,4
n07718472_11093,cucumber,1,4
n07718472_1112,cucumber,1,1
n07718472_11138,cucumber,1,2
n07718472_1114,cucumber,1,0
n07718472_11144,cucumber,1,3
n07718472_11147,cucumber,1,4
n07718472_11150,cucumber,1,2
n07718472_1120,cucumber,1,3
n07718472_11220,cucumber,1,4
n07718472_11244,cucumber,1,0
n07718472_11247,cucumber,1,3
n07718472_1125,cucumber,1,0
n07718472_11252,cucumber,1,0
n07718472_11255,cucumber,1,1
n07718472_11256,cucumber,1,2
n07718472_11261,cucumber,1,4
n07718472_11278,cucumber,1,0
n07718472_11279,cucumber,1,4
n07718472_1129,cucumber,1,4
n07718472_1130,cucumber,1,0
n07718472_11310,cucumber,1,2
n07718472_11321,cucumber,1,3
n07718472_1137,cucumber,1,1
n07718472_11393,cucumber,1,4
n07718472_11396,cucumber,1,1
n07718472_1140,cucumber,1,2
n07718472_11437,cucumber,1,4
n07718472_11440,cucumber,1,3
n07718472_11449,cucumber,1,1
n07718472_11493,cucumber,1,3
n07718472_11508,cucumber,1,4
n07718472_11536,cucumber,1,3
n07718472_11567,cucumber,1,3
n07718472_11569,cucumber,1,1
n07718472_11617,cucumber,1,0
n07718472_11623,cucumber,1,1
n07718472_11655,cucumber,1,2
n07718472_11656,cucumber,1,0
n07718472_11677,cucumber,1,4
n07718472_11678,cucumber,1,3
n07718472_11680,cucumber,1,2
n07718472_11681,cucumber,1,1
n07718472_11692,cucumber,1,3
n07718472_11696,cucumber,1,0
n07718472_11702,cucumber,1,1
n07718472_11706,cucumber,1,4
n07718472_1172,cucumber,1,2
n07718472_11721,cucumber,1,0
n07718472_1177,cucumber,1,3
n07718472_11775,cucumber,1,3
n07718472_11787,cucumber,1,1
n07718472_11793,cucumber,1,3
n07718472_11802,cucumber,1,2
n07718472_11810,cucumber,1,3
n07718472_1182,cucumber,1,3
n07718472_11865,cucumber,1,4
n07718472_1187,cucumber,1,2
n07718472_11878,cucumber,1,4
n07718472_119,cucumber,1,1
n07718472_11936,cucumber,1,2
n07718472_1198,cucumber,1,3
n07718472_11984,cucumber,1,4
n07718472_12002,cucumber,1,4
n07718472_12014,cucumber,1,4
n07718472_1205,cucumber,1,1
n07718472_12057,cucumber,1,0
n07718472_1208,cucumber,1,1
n07718472_12086,cucumber,1,4
n07718472_12100,cucumber,1,4
n07718472_12118,cucumber,1,0
n07718472_12132,cucumber,1,4
n07718472_12144,cucumber,1,0
n07718472_12197,cucumber,1,4
n07718472_12212,cucumber,1,2
n07718472_12228,cucumber,1,0
n07718472_12251,cucumber,1,0
n07718472_12270,cucumber,1,1
n07718472_12278,cucumber,1,3
n07718472_12300,cucumber,1,0
n07718472_12323,cucumber,1,4
n07718472_1233,cucumber,1,2
n07718472_12361,cucumber,1,0
n07718472_12363,cucumber,1,1
n07718472_12391,cucumber,1,0
n07718472_12396,cucumber,1,4
n07718472_12399,cucumber,1,3
n07718472_12405,cucumber,1,4
n07718472_12416,cucumber,1,1
n07718472_12439,cucumber,1,2
n07718472_12441,cucumber,1,2
n07718472_12447,cucumber,1,0
n07718472_12449,cucumber,1,4
n07718472_12453,cucumber,1,0
n07718472_12458,cucumber,1,1
n07718472_12477,cucumber,1,2
n07718472_1248,cucumber,1,3
n07718472_12509,cucumber,1,0
n07718472_12529,cucumber,1,1
n07718472_12535,cucumber,1,0
n07718472_12554,cucumber,1,4
n07718472_12571,cucumber,1,0
n07718472_12575,cucumber,1,1
n07718472_1258,cucumber,1,0
n07718472_12601,cucumber,1,0
n07718472_12620,cucumber,1,2
n07718472_12624,cucumber,1,2
n07718472_12647,cucumber,1,0
n07718472_12673,cucumber,1,2
n07718472_12683,cucumber,1,4
n07718472_1270,cucumber,1,3
n07718472_12705,cucumber,1,3
n07718472_12706,cucumber,1,2
n07718472_12766,cucumber,1,3
n07718472_12777,cucumber,1,1
n07718472_12796,cucumber,1,2
n07718472_12812,cucumber,1,0
n07718472_12814,cucumber,1,3
n07718472_12819,cucumber,1,4
n07718472_12851,cucumber,1,3
n07718472_12855,cucumber,1,1
n07718472_12893,cucumber,1,2
n07718472_12902,cucumber,1,0
n07718472_12905,cucumber,1,3
n07718472_12919,cucumber,1,1
n07718472_12983,cucumber,1,1
n07718472_12997,cucumber,1,2
n07718472_13060,cucumber,1,0
n07718472_1308,cucumber,1,0
n07718472_13096,cucumber,1,4
n07718472_13104,cucumber,1,2
n07718472_13105,cucumber,1,3
n07718472_13111,cucumber,1,0
n07718472_13124,cucumber,1,1
n07718472_13127,cucumber,1,1
n07718472_1315,cucumber,1,1
n07718472_13156,cucumber,1,0
n07718472_13163,cucumber,1,0
n07718472_13176,cucumber,1,0
n07718472_1318,cucumber,1,1
n07718472_13190,cucumber,1,1
n07718472_13227,cucumber,1,3
n07718472_13250,cucumber,1,3
n07718472_13252,cucumber,1,2
n07718472_13254,cucumber,1,0
n07718472_13255,cucumber,1,2
n07718472_1327,cucumber,1,0
n07718472_13274,cucumber,1,3
n07718472_13317,cucumber,1,2
n07718472_13378,cucumber,1,4
n07718472_1338,cucumber,1,4
n07718472_13384,cucumber,1,3
n07718472_13399,cucumber,1,3
n07718472_13429,cucumber,1,2
n07718472_13447,cucumber,1,4
n07718472_13451,cucumber,1,4
n07718472_13465,cucumber,1,4
n07718472_13483,cucumber,1,4
n07718472_1349,cucumber,1,2
n07718472_13575,cucumber,1,1
n07718472_136,cucumber,1,3
n07718472_1360,cucumber,1,0
n07718472_13608,cucumber,1,3
n07718472_13635,cucumber,1,0
n07718472_13649,cucumber,1,3
n07718472_13657,cucumber,1,0
n07718472_13668,cucumber,1,3
n07718472_13678,cucumber,1,0
n07718472_13685,cucumber,1,0
n07718472_13735,cucumber,1,4
n07718472_13770,cucumber,1,1
n07718472_1378,cucumber,1,3
n07718472_13808,cucumber,1,1
n07718472_13809,cucumber,1,4
n07718472_1384,cucumber,1,3
n07718472_13844,cucumber,1,4
n07718472_13900,cucumber,1,4
n07718472_1392,cucumber,1,4
n07718472_1394,cucumber,1,0
n07718472_13942,cucumber,1,3
n07718472_13944,cucumber,1,2
n07718472_13950,cucumber,1,4
n07718472_13958,cucumber,1,2
n07718472_13974,cucumber,1,2
n07718472_13980,cucumber,1,4
n07718472_14043,cucumber,1,2
n07718472_14045,cucumber,1,0
n07718472_1407,cucumber,1,1
n07718472_14082,cucumber,1,2
n07718472_14117,cucumber,1,4
n07718472_14118,cucumber,1,4
n07718472_14135,cucumber,1,3
n07718472_14152,cucumber,1,3
n07718472_14159,cucumber,1,4
n07718472_1416,cucumber,1,1
n07718472_1417,cucumber,1,2
n07718472_14174,cucumber,1,3
n07718472_14185,cucumber,1,0
n07718472_14186,cucumber,1,2
n07718472_14202,cucumber,1,3
n07718472_14217,cucumber,1,2
n07718472_14225,cucumber,1,4
n07718472_14244,cucumber,1,2
n07718472_14248,cucumber,1,1
n07718472_1425,cucumber,1,1
n07718472_1428,cucumber,1,3
n07718472_1429,cucumber,1,0
n07718472_1433,cucumber,1,3
n07718472_14333,cucumber,1,1
n07718472_14341,cucumber,1,1
n07718472_14343,cucumber,1,2
n07718472_14346,cucumber,1,0
n07718472_1435,cucumber,1,0
n07718472_14352,cucumber,1,4
n07718472_14353,cucumber,1,0
n07718472_14355,cucumber,1,1
n07718472_14364,cucumber,1,4
n07718472_14365,cucumber,1,2
n07718472_14370,cucumber,1,0
n07718472_1438,cucumber,1,3
n07718472_14442,cucumber,1,4
n07718472_14484,cucumber,1,2
n07718472_14488,cucumber,1,2
n07718472_14494,cucumber,1,4
n07718472_14550,cucumber,1,2
n07718472_14559,cucumber,1,3
n07718472_14576,cucumber,1,3
n07718472_14590,cucumber,1,2
n07718472_14640,cucumber,1,3
n07718472_1465,cucumber,1,1
n07718472_14662,cucumber,1,1
n07718472_14676,cucumber,1,2
n07718472_14693,cucumber,1,3
n07718472_14697,cucumber,1,1
n07718472_14699,cucumber,1,1
n07718472_14735,cucumber,1,1
n07718472_14736,cucumber,1,0
n07718472_14741,cucumber,1,3
n07718472_14743,cucumber,1,3
n07718472_1482,cucumber,1,0
n07718472_14840,cucumber,1,4
n07718472_14851,cucumber,1,3
n07718472_14878,cucumber,1,4
n07718472_14910,cucumber,1,4
n07718472_14924,cucumber,1,1
n07718472_14957,cucumber,1,4
n07718472_14959,cucumber,1,1
n07718472_14970,cucumber,1,3
n07718472_14989,cucumber,1,3
n07718472_15045,cucumber,1,1
n07718472_151,cucumber,1,4
n07718472_1510,cucumber,1,4
n07718472_1512,cucumber,1,4
n07718472_1515,cucumber,1,1
n07718472_15219,cucumber,1,0
n07718472_15225,cucumber,1,3
n07718472_15229,cucumber,1,0
n07718472_15235,cucumber,1,0
n07718472_15247,cucumber,1,4
n07718472_15286,cucumber,1,0
n07718472_15291,cucumber,1,3
n07718472_15297,cucumber,1,2
n07718472_15302,cucumber,1,3
n07718472_1535,cucumber,1,0
n07718472_1536,cucumber,1,0
n07718472_15374,cucumber,1,2
n07718472_15382,cucumber,1,2
n07718472_15410,cucumber,1,2
n07718472_15416,cucumber,1,0
n07718472_15417,cucumber,1,4
n07718472_15447,cucumber,1,1
n07718472_15454,cucumber,1,2
n07718472_15483,cucumber,1,3
n07718472_15485,cucumber,1,2
n07718472_1550,cucumber,1,1
n07718472_1553,cucumber,1,4
n07718472_15558,cucumber,1,2
n07718472_15596,cucumber,1,0
n07718472_15602,cucumber,1,1
n07718472_1562,cucumber,1,2
n07718472_1563,cucumber,1,2
n07718472_15651,cucumber,1,2
n07718472_15697,cucumber,1,0
n07718472_15699,cucumber,1,2
n07718472_15704,cucumber,1,4
n07718472_15724,cucumber,1,1
n07718472_15743,cucumber,1,1
n07718472_15753,cucumber,1,4
n07718472_15767,cucumber,1,4
n07718472_15769,cucumber,1,3
n07718472_15786,cucumber,1,1
n07718472_15812,cucumber,1,3
n07718472_15865,cucumber,1,0
n07718472_15880,cucumber,1,1
n07718472_15936,cucumber,1,2
n07718472_1601,cucumber,1,1
n07718472_16022,cucumber,1,4
n07718472_16043,cucumber,1,4
n07718472_16091,cucumber,1,0
n07718472_16092,cucumber,1,1
n07718472_16104,cucumber,1,4
n07718472_1612,cucumber,1,2
n07718472_16183,cucumber,1,4
n07718472_16211,cucumber,1,1
n07718472_16227,cucumber,1,1
n07718472_16234,cucumber,1,2
n07718472_16246,cucumber,1,3
n07718472_16248,cucumber,1,2
n07718472_1625,cucumber,1,0
n07718472_16258,cucumber,1,4
n07718472_1629,cucumber,1,0
n07718472_16325,cucumber,1,0
n07718472_16329,cucumber,1,2
n07718472_16336,cucumber,1,2
n07718472_16339,cucumber,1,4
n07718472_16369,cucumber,1,3
n07718472_16415,cucumber,1,4
n07718472_1643,cucumber,1,1
n07718472_1645,cucumber,1,4
n07718472_16461,cucumber,1,4
n07718472_16478,cucumber,1,2
n07718472_1649,cucumber,1,2
n07718472_16501,cucumber,1,1
n07718472_16502,cucumber,1,2
n07718472_16515,cucumber,1,2
n07718472_1655,cucumber,1,2
n07718472_16592,cucumber,1,3
n07718472_16593,cucumber,1,3
n07718472_1660,cucumber,1,2
n07718472_16642,cucumber,1,3
n07718472_16656,cucumber,1,4
n07718472_16687,cucumber,1,0
n07718472_1670,cucumber,1,1
n07718472_16704,cucumber,1,4
n07718472_16719,cucumber,1,1
n07718472_16726,cucumber,1,2
n07718472_16761,cucumber,1,3
n07718472_16832,cucumber,1,1
n07718472_16845,cucumber,1,3
n07718472_16877,cucumber,1,4
n07718472_16894,cucumber,1,2
n07718472_16926,cucumber,1,4
n07718472_16934,cucumber,1,0
n07718472_16953,cucumber,1,0
n07718472_16954,cucumber,1,0
n07718472_17002,cucumber,1,0
n07718472_17005,cucumber,1,3
n07718472_17030,cucumber,1,4
n07718472_17032,cucumber,1,2
n07718472_17040,cucumber,1,2
n07718472_17045,cucumber,1,2
n07718472_17065,cucumber,1,2
n07718472_17076,cucumber,1,3
n07718472_17081,cucumber,1,2
n07718472_17087,cucumber,1,2
n07718472_17100,cucumber,1,0
n07718472_17103,cucumber,1,0
n07718472_1711,cucumber,1,3
n07718472_17181,cucumber,1,1
n07718472_1719,cucumber,1,2
n07718472_17191,cucumber,1,1
n07718472_1720,cucumber,1,4
n07718472_17217,cucumber,1,2
n07718472_17228,cucumber,1,0
n07718472_1726,cucumber,1,0
n07718472_17272,cucumber,1,4
n07718472_17353,cucumber,1,2
n07718472_17366,cucumber,1,1
n07718472_17398,cucumber,1,4
n07718472_17407,cucumber,1,2
n07718472_17415,cucumber,1,3
n07718472_17416,cucumber,1,2
n07718472_17436,cucumber,1,3
n07718472_17440,cucumber,1,2
n07718472_1751,cucumber,1,3
n07718472_17518,cucumber,1,2
n07718472_17571,cucumber,1,3
n07718472_17646,cucumber,1,0
n07718472_17665,cucumber,1,4
n07718472_17672,cucumber,1,2
n07718472_17788,cucumber,1,0
n07718472_17881,cucumber,1,4
n07718472_17915,cucumber,1,0
n07718472_1793,cucumber,1,3
n07718472_17947,cucumber,1,1
n07718472_17970,cucumber,1,0
n07718472_1803,cucumber,1,3
n07718472_18058,cucumber,1,4
n07718472_1806,cucumber,1,4
n07718472_18099,cucumber,1,1
n07718472_18116,cucumber,1,0
n07718472_1813,cucumber,1,0
n07718472_18145,cucumber,1,1
n07718472_18197,cucumber,1,4
n07718472_18201,cucumber,1,3
n07718472_1821,cucumber,1,3
n07718472_18210,cucumber,1,0
n07718472_18211,cucumber,1,1
n07718472_18244,cucumber,1,1
n07718472_18266,cucumber,1,2
n07718472_18277,cucumber,1,1
n07718472_1829,cucumber,1,3
n07718472_18296,cucumber,1,3
n07718472_18309,cucumber,1,0
n07718472_18317,cucumber,1,3
n07718472_1833,cucumber,1,1
n07718472_18351,cucumber,1,1
n07718472_18354,cucumber,1,2
n07718472_18379,cucumber,1,1
n07718472_18390,cucumber,1,3
n07718472_18396,cucumber,1,3
n07718472_18464,cucumber,1,3
n07718472_18465,cucumber,1,4
n07718472_18494,cucumber,1,3
n07718472_185,cucumber,1,2
n07718472_18566,cucumber,1,3
n07718472_18583,cucumber,1,1
n07718472_18592,cucumber,1,0
n07718472_18615,cucumber,1,0
n07718472_18641,cucumber,1,4
n07718472_18642,cucumber,1,3
n07718472_18675,cucumber,1,1
n07718472_18676,cucumber,1,0
n07718472_18682,cucumber,1,4
n07718472_18725,cucumber,1,4
n07718472_18766,cucumber,1,0
n07718472_1877,cucumber,1,4
n07718472_18803,cucumber,1,0
n07718472_18832,cucumber,1,3
n07718472_18837,cucumber,1,2
n07718472_18839,cucumber,1,4
n07718472_18840,cucumber,1,4
n07718472_18855,cucumber,1,2
n07718472_18871,cucumber,1,0
n07718472_18880,cucumber,1,2
n07718472_18885,cucumber,1,1
n07718472_18926,cucumber,1,4
n07718472_18934,cucumber,1,0
n07718472_18937,cucumber,1,2
n07718472_18942,cucumber,1,4
n07718472_1898,cucumber,1,1
n07718472_19001,cucumber,1,4
n07718472_19009,cucumber,1,1
n07718472_19051,cucumber,1,0
n07718472_19069,cucumber,1,1
n07718472_19100,cucumber,1,2
n07718472_19104,cucumber,1,3
n07718472_19114,cucumber,1,3
n07718472_19121,cucumber,1,4
n07718472_19129,cucumber,1,2
n07718472_19135,cucumber,1,4
n07718472_19159,cucumber,1,0
n07718472_19164,cucumber,1,0
n07718472_19194,cucumber,1,3
n07718472_19202,cucumber,1,4
n07718472_19254,cucumber,1,2
n07718472_19329,cucumber,1,3
n07718472_19346,cucumber,1,2
n07718472_19428,cucumber,1,0
n07718472_19436,cucumber,1,0
n07718472_1945,cucumber,1,2
n07718472_19500,cucumber,1,1
n07718472_1952,cucumber,1,3
n07718472_19586,cucumber,1,3
n07718472_1960,cucumber,1,2
n07718472_19614,cucumber,1,2
n07718472_19619,cucumber,1,3
n07718472_19637,cucumber,1,2
n07718472_19645,cucumber,1,4
n07718472_19646,cucumber,1,0
n07718472_19652,cucumber,1,3
n07718472_19662,cucumber,1,3
n07718472_19675,cucumber,1,4
n07718472_19691,cucumber,1,2
n07718472_19736,cucumber,1,4
n07718472_19819,cucumber,1,2
n07718472_19875,cucumber,1,3
n07718472_19889,cucumber,1,0
n07718472_1994,cucumber,1,4
n07718472_19952,cucumber,1,1
n07718472_20012,cucumber,1,1
n07718472_20022,cucumber,1,1
n07718472_20027,cucumber,1,4
n07718472_20035,cucumber,1,4
n07718472_20063,cucumber,1,0
n07718472_2009,cucumber,1,0
n07718472_20092,cucumber,1,2
n07718472_20116,cucumber,1,1
n07718472_20134,cucumber,1,1
n07718472_20198,cucumber,1,4
n07718472_20201,cucumber,1,1
n07718472_20234,cucumber,1,0
n07718472_20288,cucumber,1,2
n07718472_20423,cucumber,1,1
n07718472_20450,cucumber,1,2
n07718472_20508,cucumber,1,1
n07718472_2052,cucumber,1,2
n07718472_20531,cucumber,1,0
n07718472_20591,cucumber,1,2
n07718472_20595,cucumber,1,3
n07718472_2060,cucumber,1,4
n07718472_20626,cucumber,1,2
n07718472_20639,cucumber,1,3
n07718472_20647,cucumber,1,2
n07718472_20654,cucumber,1,2
n07718472_20689,cucumber,1,0
n07718472_20751,cucumber,1,1
n07718472_20761,cucumber,1,2
n07718472_20774,cucumber,1,3
n07718472_20855,cucumber,1,4
n07718472_20908,cucumber,1,3
n07718472_2093,cucumber,1,4
n07718472_20946,cucumber,1,2
n07718472_20953,cucumber,1,1
n07718472_20996,cucumber,1,3
n07718472_210,cucumber,1,2
n07718472_21000,cucumber,1,1
n07718472_21014,cucumber,1,3
n07718472_2107,cucumber,1,1
n07718472_21089,cucumber,1,2
n07718472_2110,cucumber,1,0
n07718472_21111,cucumber,1,1
n07718472_2113,cucumber,1,1
n07718472_21149,cucumber,1,0
n07718472_21156,cucumber,1,2
n07718472_21157,cucumber,1,0
n07718472_21222,cucumber,1,3
n07718472_21300,cucumber,1,3
n07718472_21305,cucumber,1,3
n07718472_21335,cucumber,1,4
n07718472_2134,cucumber,1,1
n07718472_21365,cucumber,1,4
n07718472_21386,cucumber,1,0
n07718472_21406,cucumber,1,1
n07718472_21427,cucumber,1,4
n07718472_2147,cucumber,1,1
n07718472_21556,cucumber,1,0
n07718472_2156,cucumber,1,3
n07718472_21567,cucumber,1,4
n07718472_21568,cucumber,1,4
n07718472_2157,cucumber,1,1
n07718472_21578,cucumber,1,2
n07718472_2158,cucumber,1,1
n07718472_21591,cucumber,1,3
n07718472_21629,cucumber,1,3
n07718472_21631,cucumber,1,4
n07718472_21662,cucumber,1,1
n07718472_21669,cucumber,1,4
n07718472_21699,cucumber,1,3
n07718472_217,cucumber,1,2
n07718472_21726,cucumber,1,1
n07718472_21735,cucumber,1,0
n07718472_21762,cucumber,1,2
n07718472_21795,cucumber,1,3
n07718472_21826,cucumber,1,0
n07718472_21827,cucumber,1,4
n07718472_2184,cucumber,1,0
n07718472_21929,cucumber,1,3
n07718472_21939,cucumber,1,2
n07718472_21946,cucumber,1,3
n07718472_21964,cucumber,1,2
n07718472_21994,cucumber,1,4
n07718472_22043,cucumber,1,2
n07718472_22059,cucumber,1,4
n07718472_22082,cucumber,1,1
n07718472_22091,cucumber,1,4
n07718472_22111,cucumber,1,3
n07718472_22138,cucumber,1,3
n07718472_22141,cucumber,1,1
n07718472_22159,cucumber,1,0
n07718472_22186,cucumber,1,1
n07718472_22207,cucumber,1,3
n07718472_22208,cucumber,1,2
n07718472_22214,cucumber,1,2
n07718472_22218,cucumber,1,0
n07718472_22222,cucumber,1,4
n07718472_2224,cucumber,1,4
n07718472_22318,cucumber,1,0
n07718472_2232,cucumber,1,3
n07718472_22323,cucumber,1,0
n07718472_22327,cucumber,1,3
n07718472_22346,cucumber,1,3
n07718472_22350,cucumber,1,0
n07718472_22364,cucumber,1,4
n07718472_22372,cucumber,1,4
n07718472_2238,cucumber,1,0
n07718472_22390,cucumber,1,4
n07718472_224,cucumber,1,3
n07718472_22416,cucumber,1,3
n07718472_22428,cucumber,1,1
n07718472_22475,cucumber,1,2
n07718472_22500,cucumber,1,1
n07718472_22508,cucumber,1,4
n07718472_22526,cucumber,1,1
n07718472_22531,cucumber,1,2
n07718472_22533,cucumber,1,3
n07718472_22558,cucumber,1,0
n07718472_22563,cucumber,1,0
n07718472_22570,cucumber,1,4
n07718472_22586,cucumber,1,2
n07718472_22636,cucumber,1,1
n07718472_22641,cucumber,1,1
n07718472_22646,cucumber,1,0
n07718472_22658,cucumber,1,2
n07718472_22668,cucumber,1,2
n07718472_2280,cucumber,1,1
n07718472_2286,cucumber,1,3
n07718472_2296,cucumber,1,0
n07718472_2298,cucumber,1,1
n07718472_2304,cucumber,1,2
n07718472_2309,cucumber,1,3
n07718472_2325,cucumber,1,2
n07718472_233,cucumber,1,1
n07718472_2352,cucumber,1,4
n07718472_2399,cucumber,1,1
n07718472_2412,cucumber,1,1
n07718472_2431,cucumber,1,2
n07718472_2500,cucumber,1,0
n07718472_2507,cucumber,1,1
n07718472_2509,cucumber,1,2
n07718472_2525,cucumber,1,4
n07718472_2555,cucumber,1,4
n07718472_2565,cucumber,1,1
n07718472_2578,cucumber,1,3
n07718472_2581,cucumber,1,1
n07718472_2598,cucumber,1,2
n07718472_2609,cucumber,1,3
n07718472_262,cucumber,1,0
n07718472_2621,cucumber,1,1
n07718472_2648,cucumber,1,4
n07718472_2655,cucumber,1,1
n07718472_2663,cucumber,1,3
n07718472_2685,cucumber,1,2
n07718472_27,cucumber,1,4
n07718472_2718,cucumber,1,1
n07718472_2723,cucumber,1,4
n07718472_2777,cucumber,1,3
n07718472_2781,cucumber,1,1
n07718472_280,cucumber,1,1
n07718472_284,cucumber,1,1
n07718472_2841,cucumber,1,2
n07718472_2854,cucumber,1,1
n07718472_2857,cucumber,1,4
n07718472_2861,cucumber,1,3
n07718472_2870,cucumber,1,2
n07718472_2876,cucumber,1,1
n07718472_2878,cucumber,1,2
n07718472_288,cucumber,1,4
n07718472_2882,cucumber,1,4
n07718472_289,cucumber,1,3
n07718472_2890,cucumber,1,4
n07718472_2892,cucumber,1,2
n07718472_2907,cucumber,1,0
n07718472_291,cucumber,1,4
n07718472_2924,cucumber,1,0
n07718472_2938,cucumber,1,2
n07718472_2954,cucumber,1,2
n07718472_2964,cucumber,1,2
n07718472_2965,cucumber,1,2
n07718472_2969,cucumber,1,4
n07718472_3017,cucumber,1,3
n07718472_3025,cucumber,1,3
n07718472_3027,cucumber,1,4
n07718472_3030,cucumber,1,1
n07718472_3034,cucumber,1,0
n07718472_3036,cucumber,1,3
n07718472_3044,cucumber,1,1
n07718472_3058,cucumber,1,3
n07718472_3070,cucumber,1,0
n07718472_3077,cucumber,1,3
n07718472_3082,cucumber,1,4
n07718472_3094,cucumber,1,0
n07718472_3108,cucumber,1,2
n07718472_3111,cucumber,1,2
n07718472_3133,cucumber,1,0
n07718472_3136,cucumber,1,3
n07718472_3141,cucumber,1,1
n07718472_3144,cucumber,1,0
n07718472_3152,cucumber,1,1
n07718472_3154,cucumber,1,0
n07718472_3170,cucumber,1,1
n07718472_3172,cucumber,1,2
n07718472_3178,cucumber,1,1
n07718472_3204,cucumber,1,0
n07718472_3219,cucumber,1,1
n07718472_3222,cucumber,1,3
n07718472_3244,cucumber,1,3
n07718472_3252,cucumber,1,0
n07718472_3259,cucumber,1,4
n07718472_3270,cucumber,1,1
n07718472_3272,cucumber,1,4
n07718472_3278,cucumber,1,3
n07718472_3280,cucumber,1,0
n07718472_3301,cucumber,1,0
n07718472_3305,cucumber,1,3
n07718472_3309,cucumber,1,0
n07718472_3310,cucumber,1,3
n07718472_3314,cucumber,1,0
n07718472_3326,cucumber,1,2
n07718472_3329,cucumber,1,0
n07718472_3330,cucumber,1,1
n07718472_3339,cucumber,1,1
n07718472_334,cucumber,1,1
n07718472_3346,cucumber,1,0
n07718472_3348,cucumber,1,1
n07718472_3353,cucumber,1,1
n07718472_3371,cucumber,1,0
n07718472_3378,cucumber,1,4
n07718472_339,cucumber,1,3
n07718472_340,cucumber,1,2
n07718472_3400,cucumber,1,2
n07718472_3403,cucumber,1,3
n07718472_3422,cucumber,1,4
n07718472_3424,cucumber,1,4
n07718472_3427,cucumber,1,1
n07718472_3429,cucumber,1,0
n07718472_3445,cucumber,1,2
n07718472_3458,cucumber,1,3
n07718472_3481,cucumber,1,2
n07718472_351,cucumber,1,2
n07718472_3516,cucumber,1,0
n07718472_3519,cucumber,1,0
n07718472_352,cucumber,1,4
n07718472_3521,cucumber,1,3
n07718472_3522,cucumber,1,4
n07718472_3525,cucumber,1,4
n07718472_3534,cucumber,1,2
n07718472_3535,cucumber,1,3
n07718472_3537,cucumber,1,1
n07718472_3561,cucumber,1,0
n07718472_3565,cucumber,1,2
n07718472_3577,cucumber,1,2
n07718472_3584,cucumber,1,4
n07718472_3618,cucumber,1,0
n07718472_3625,cucumber,1,0
n07718472_3628,cucumber,1,1
n07718472_3630,cucumber,1,4
n07718472_3632,cucumber,1,2
n07718472_3642,cucumber,1,2
n07718472_3643,cucumber,1,2
n07718472_3659,cucumber,1,4
n07718472_3660,cucumber,1,3
n07718472_3664,cucumber,1,3
n07718472_3671,cucumber,1,3
n07718472_3672,cucumber,1,3
n07718472_3673,cucumber,1,1
n07718472_3707,cucumber,1,0
n07718472_373,cucumber,1,4
n07718472_3746,cucumber,1,3
n07718472_3752,cucumber,1,3
n07718472_3775,cucumber,1,1
n07718472_379,cucumber,1,1
n07718472_3792,cucumber,1,4
n07718472_381,cucumber,1,0
n07718472_3843,cucumber,1,2
n07718472_3872,cucumber,1,1
n07718472_3891,cucumber,1,4
n07718472_3892,cucumber,1,2
n07718472_3910,cucumber,1,0
n07718472_3914,cucumber,1,3
n07718472_3915,cucumber,1,3
n07718472_3929,cucumber,1,1
n07718472_3953,cucumber,1,4
n07718472_3966,cucumber,1,2
n07718472_3983,cucumber,1,3
n07718472_3984,cucumber,1,4
n07718472_3987,cucumber,1,3
n07718472_3990,cucumber,1,3
n07718472_4024,cucumber,1,2
n07718472_4031,cucumber,1,2
n07718472_4041,cucumber,1,1
n07718472_4055,cucumber,1,4
n07718472_4079,cucumber,1,0
n07718472_4099,cucumber,1,0
n07718472_4136,cucumber,1,1
n07718472_4138,cucumber,1,1
n07718472_4150,cucumber,1,1
n07718472_4152,cucumber,1,2
n07718472_4164,cucumber,1,1
n07718472_4176,cucumber,1,0
n07718472_418,cucumber,1,1
n07718472_4196,cucumber,1,3
n07718472_4200,cucumber,1,2
n07718472_4215,cucumber,1,2
n07718472_4217,cucumber,1,4
n07718472_4233,cucumber,1,4
n07718472_4234,cucumber,1,2
n07718472_4241,cucumber,1,2
n07718472_4244,cucumber,1,3
n07718472_4255,cucumber,1,3
n07718472_4265,cucumber,1,1
n07718472_4272,cucumber,1,2
n07718472_4281,cucumber,1,0
n07718472_4290,cucumber,1,2
n07718472_4293,cucumber,1,4
n07718472_4299,cucumber,1,0
n07718472_4320,cucumber,1,4
n07718472_4322,cucumber,1,1
n07718472_4346,cucumber,1,4
n07718472_4372,cucumber,1,0
n07718472_4385,cucumber,1,4
n07718472_4390,cucumber,1,3
n07718472_4393,cucumber,1,4
n07718472_4406,cucumber,1,1
n07718472_4411,cucumber,1,2
n07718472_4413,cucumber,1,3
n07718472_4414,cucumber,1,4
n07718472_4415,cucumber,1,4
n07718472_442,cucumber,1,1
n07718472_4426,cucumber,1,4
n07718472_4427,cucumber,1,1
n07718472_4430,cucumber,1,2
n07718472_4432,cucumber,1,1
n07718472_4447,cucumber,1,2
n07718472_446,cucumber,1,4
n07718472_4487,cucumber,1,1
n07718472_4494,cucumber,1,3
n07718472_4498,cucumber,1,3
n07718472_4502,cucumber,1,4
n07718472_4511,cucumber,1,1
n07718472_4516,cucumber,1,1
n07718472_452,cucumber,1,0
n07718472_4521,cucumber,1,4
n07718472_4525,cucumber,1,3
n07718472_4549,cucumber,1,0
n07718472_4558,cucumber,1,2
n07718472_457,cucumber,1,1
n07718472_458,cucumber,1,3
n07718472_4619,cucumber,1,0
n07718472_4628,cucumber,1,1
n07718472_4630,cucumber,1,4
n07718472_464,cucumber,1,2
n07718472_4654,cucumber,1,4
n07718472_4663,cucumber,1,2
n07718472_4685,cucumber,1,0
n07718472_4699,cucumber,1,0
n07718472_4707,cucumber,1,3
n07718472_4718,cucumber,1,4
n07718472_4736,cucumber,1,4
n07718472_4758,cucumber,1,3
n07718472_4759,cucumber,1,2
n07718472_4819,cucumber,1,3
n07718472_4832,cucumber,1,2
n07718472_4835,cucumber,1,0
n07718472_4843,cucumber,1,3
n07718472_486,cucumber,1,4
n07718472_4876,cucumber,1,1
n07718472_4878,cucumber,1,1
n07718472_4880,cucumber,1,4
n07718472_4914,cucumber,1,0
n07718472_4926,cucumber,1,0
n07718472_493,cucumber,1,2
n07718472_494,cucumber,1,3
n07718472_4945,cucumber,1,2
n07718472_4994,cucumber,1,0
n07718472_501,cucumber,1,0
n07718472_502,cucumber,1,0
n07718472_5107,cucumber,1,1
n07718472_512,cucumber,1,2
n07718472_5155,cucumber,1,3
n07718472_5157,cucumber,1,0
n07718472_517,cucumber,1,2
n07718472_5175,cucumber,1,3
n07718472_519,cucumber,1,2
n07718472_5219,cucumber,1,0
n07718472_5247,cucumber,1,4
n07718472_5286,cucumber,1,1
n07718472_5304,cucumber,1,0
n07718472_5321,cucumber,1,2
n07718472_5324,cucumber,1,0
n07718472_5341,cucumber,1,3
n07718472_5377,cucumber,1,1
n07718472_5391,cucumber,1,2
n07718472_546,cucumber,1,0
n07718472_5464,cucumber,1,2
n07718472_5483,cucumber,1,0
n07718472_5485,cucumber,1,0
n07718472_5495,cucumber,1,1
n07718472_5507,cucumber,1,0
n07718472_5522,cucumber,1,4
n07718472_5571,cucumber,1,2
n07718472_558,cucumber,1,1
n07718472_5583,cucumber,1,0
n07718472_559,cucumber,1,4
n07718472_5594,cucumber,1,3
n07718472_5597,cucumber,1,2
n07718472_5601,cucumber,1,4
n07718472_5662,cucumber,1,3
n07718472_567,cucumber,1,0
n07718472_5670,cucumber,1,0
n07718472_5676,cucumber,1,2
n07718472_5694,cucumber,1,3
n07718472_570,cucumber,1,2
n07718472_5706,cucumber,1,4
n07718472_5717,cucumber,1,3
n07718472_5720,cucumber,1,4
n07718472_5751,cucumber,1,4
n07718472_58,cucumber,1,3
n07718472_580,cucumber,1,2
n07718472_5817,cucumber,1,0
n07718472_583,cucumber,1,1
n07718472_5833,cucumber,1,3
n07718472_5838,cucumber,1,2
n07718472_5863,cucumber,1,0
n07718472_5896,cucumber,1,0
n07718472_591,cucumber,1,4
n07718472_6008,cucumber,1,0
n07718472_6009,cucumber,1,4
n07718472_6011,cucumber,1,0
n07718472_6016,cucumber,1,2
n07718472_6027,cucumber,1,1
n07718472_6034,cucumber,1,0
n07718472_6048,cucumber,1,4
n07718472_6076,cucumber,1,0
n07718472_6097,cucumber,1,4
n07718472_611,cucumber,1,4
n07718472_6110,cucumber,1,3
n07718472_6122,cucumber,1,4
n07718472_6127,cucumber,1,2
n07718472_614,cucumber,1,0
n07718472_6140,cucumber,1,4
n07718472_6181,cucumber,1,3
n07718472_6200,cucumber,1,2
n07718472_6201,cucumber,1,3
n07718472_6215,cucumber,1,0
n07718472_6217,cucumber,1,3
n07718472_623,cucumber,1,0
n07718472_626,cucumber,1,0
n07718472_6277,cucumber,1,1
n07718472_628,cucumber,1,1
n07718472_6281,cucumber,1,4
n07718472_6294,cucumber,1,1
n07718472_6300,cucumber,1,4
n07718472_6331,cucumber,1,2
n07718472_6334,cucumber,1,4
n07718472_6346,cucumber,1,4
n07718472_6351,cucumber,1,0
n07718472_640,cucumber,1,4
n07718472_6405,cucumber,1,1
n07718472_6410,cucumber,1,2
n07718472_6434,cucumber,1,2
n07718472_644,cucumber,1,3
n07718472_6446,cucumber,1,1
n07718472_6463,cucumber,1,1
n07718472_6487,cucumber,1,1
n07718472_650,cucumber,1,3
n07718472_651,cucumber,1,1
n07718472_6517,cucumber,1,0
n07718472_653,cucumber,1,3
n07718472_6532,cucumber,1,3
n07718472_6538,cucumber,1,3
n07718472_6548,cucumber,1,3
n07718472_655,cucumber,1,3
n07718472_6555,cucumber,1,2
n07718472_6566,cucumber,1,4
n07718472_6590,cucumber,1,4
n07718472_6594,cucumber,1,1
n07718472_662,cucumber,1,3
n07718472_6622,cucumber,1,0
n07718472_6629,cucumber,1,3
n07718472_6636,cucumber,1,3
n07718472_6652,cucumber,1,0
n07718472_6787,cucumber,1,4
n07718472_679,cucumber,1,2
n07718472_6799,cucumber,1,4
n07718472_6821,cucumber,1,4
n07718472_6850,cucumber,1,2
n07718472_6851,cucumber,1,2
n07718472_6853,cucumber,1,2
n07718472_6879,cucumber,1,1
n07718472_688,cucumber,1,2
n07718472_6889,cucumber,1,3
n07718472_6895,cucumber,1,1
n07718472_6907,cucumber,1,1
n07718472_6918,cucumber,1,1
n07718472_6919,cucumber,1,0
n07718472_6932,cucumber,1,3
n07718472_6961,cucumber,1,2
n07718472_6981,cucumber,1,1
n07718472_6982,cucumber,1,2
n07718472_6987,cucumber,1,3
n07718472_7035,cucumber,1,3
n07718472_7043,cucumber,1,3
n07718472_7047,cucumber,1,3
n07718472_7052,cucumber,1,4
n07718472_7066,cucumber,1,4
n07718472_7074,cucumber,1,3
n07718472_7076,cucumber,1,2
n07718472_7125,cucumber,1,0
n07718472_7145,cucumber,1,4
n07718472_7172,cucumber,1,3
n07718472_7182,cucumber,1,1
n07718472_7203,cucumber,1,0
n07718472_7224,cucumber,1,3
n07718472_723,cucumber,1,0
n07718472_7244,cucumber,1,2
n07718472_7255,cucumber,1,1
n07718472_7266,cucumber,1,0
n07718472_7275,cucumber,1,4
n07718472_7292,cucumber,1,0
n07718472_7386,cucumber,1,0
n07718472_7403,cucumber,1,1
n07718472_7415,cucumber,1,0
n07718472_742,cucumber,1,2
n07718472_7442,cucumber,1,2
n07718472_7466,cucumber,1,3
n07718472_7470,cucumber,1,2
n07718472_7510,cucumber,1,3
n07718472_7513,cucumber,1,4
n07718472_7518,cucumber,1,4
n07718472_7560,cucumber,1,1
n07718472_7561,cucumber,1,3
n07718472_7565,cucumber,1,0
n07718472_757,cucumber,1,4
n07718472_758,cucumber,1,2
n07718472_760,cucumber,1,2
n07718472_7662,cucumber,1,0
n07718472_7671,cucumber,1,4
n07718472_7675,cucumber,1,4
n07718472_7681,cucumber,1,0
n07718472_7691,cucumber,1,1
n07718472_7705,cucumber,1,0
n07718472_771,cucumber,1,1
n07718472_7746,cucumber,1,3
n07718472_7755,cucumber,1,3
n07718472_7756,cucumber,1,2
n07718472_777,cucumber,1,4
n07718472_7823,cucumber,1,1
n07718472_7830,cucumber,1,0
n07718472_7849,cucumber,1,3
n07718472_7857,cucumber,1,3
n07718472_787,cucumber,1,1
n07718472_788,cucumber,1,2
n07718472_789,cucumber,1,0
n07718472_7898,cucumber,1,2
n07718472_7899,cucumber,1,1
n07718472_7916,cucumber,1,1
n07718472_7939,cucumber,1,4
n07718472_7952,cucumber,1,1
n07718472_7958,cucumber,1,2
n07718472_7968,cucumber,1,4
n07718472_7989,cucumber,1,1
n07718472_7993,cucumber,1,0
n07718472_7996,cucumber,1,3
n07718472_8002,cucumber,1,4
n07718472_802,cucumber,1,0
n07718472_8065,cucumber,1,0
n07718472_807,cucumber,1,2
n07718472_8074,cucumber,1,4
n07718472_808,cucumber,1,4
n07718472_8086,cucumber,1,4
n07718472_8091,cucumber,1,4
n07718472_8107,cucumber,1,1
n07718472_8108,cucumber,1,0
n07718472_8118,cucumber,1,3
n07718472_8120,cucumber,1,1
n07718472_8124,cucumber,1,4
n07718472_8126,cucumber,1,2
n07718472_8144,cucumber,1,3
n07718472_8156,cucumber,1,1
n07718472_8159,cucumber,1,0
n07718472_8172,cucumber,1,0
n07718472_8177,cucumber,1,0
n07718472_8182,cucumber,1,1
n07718472_8203,cucumber,1,3
n07718472_823,cucumber,1,0
n07718472_8230,cucumber,1,1
n07718472_8231,cucumber,1,3
n07718472_8237,cucumber,1,2
n07718472_8261,cucumber,1,0
n07718472_8284,cucumber,1,3
n07718472_8287,cucumber,1,0
n07718472_8298,cucumber,1,0
n07718472_8303,cucumber,1,3
n07718472_8309,cucumber,1,1
n07718472_831,cucumber,1,2
n07718472_8319,cucumber,1,4
n07718472_8323,cucumber,1,1
n07718472_8333,cucumber,1,3
n07718472_8338,cucumber,1,4
n07718472_8343,cucumber,1,3
n07718472_8350,cucumber,1,2
n07718472_8353,cucumber,1,3
n07718472_8367,cucumber,1,2
n07718472_8376,cucumber,1,2
n07718472_8381,cucumber,1,0
n07718472_8386,cucumber,1,0
n07718472_8392,cucumber,1,2
n07718472_8403,cucumber,1,3
n07718472_842,cucumber,1,3
n07718472_8422,cucumber,1,3
n07718472_8434,cucumber,1,1
n07718472_8435,cucumber,1,0
n07718472_844,cucumber,1,1
n07718472_8448,cucumber,1,4
n07718472_8455,cucumber,1,2
n07718472_8457,cucumber,1,4
n07718472_847,cucumber,1,2
n07718472_8473,cucumber,1,1
n07718472_848,cucumber,1,2
n07718472_8481,cucumber,1,1
n07718472_8490,cucumber,1,4
n07718472_8501,cucumber,1,1
n07718472_8508,cucumber,1,0
n07718472_8512,cucumber,1,2
n07718472_8552,cucumber,1,1
n07718472_8555,cucumber,1,4
n07718472_8562,cucumber,1,3
n07718472_8575,cucumber,1,0
n07718472_8598,cucumber,1,2
n07718472_8624,cucumber,1,0
n07718472_8627,cucumber,1,3
n07718472_8633,cucumber,1,1
n07718472_8638,cucumber,1,1
n07718472_8643,cucumber,1,1
n07718472_8653,cucumber,1,2
n07718472_8672,cucumber,1,2
n07718472_8674,cucumber,1,0
n07718472_8677,cucumber,1,4
n07718472_8686,cucumber,1,0
n07718472_870,cucumber,1,3
n07718472_8702,cucumber,1,1
n07718472_8719,cucumber,1,1
n07718472_8727,cucumber,1,0
n07718472_873,cucumber,1,4
n07718472_8736,cucumber,1,0
n07718472_8740,cucumber,1,1
n07718472_8742,cucumber,1,0
n07718472_8743,cucumber,1,0
n07718472_8770,cucumber,1,3
n07718472_8772,cucumber,1,3
n07718472_8781,cucumber,1,0
n07718472_8788,cucumber,1,1
n07718472_8806,cucumber,1,3
n07718472_8824,cucumber,1,1
n07718472_8850,cucumber,1,2
n07718472_8855,cucumber,1,1
n07718472_886,cucumber,1,0
n07718472_8862,cucumber,1,0
n07718472_8863,cucumber,1,1
n07718472_8869,cucumber,1,1
n07718472_8875,cucumber,1,4
n07718472_8880,cucumber,1,1
n07718472_8946,cucumber,1,4
n07718472_8982,cucumber,1,1
n07718472_9017,cucumber,1,0
n07718472_9031,cucumber,1,4
n07718472_904,cucumber,1,0
n07718472_9058,cucumber,1,0
n07718472_907,cucumber,1,2
n07718472_9078,cucumber,1,1
n07718472_9082,cucumber,1,3
n07718472_9088,cucumber,1,0
n07718472_9112,cucumber,1,3
n07718472_9123,cucumber,1,3
n07718472_914,cucumber,1,2
n07718472_9212,cucumber,1,0
n07718472_922,cucumber,1,2
n07718472_9225,cucumber,1,3
n07718472_9292,cucumber,1,1
n07718472_9305,cucumber,1,4
n07718472_933,cucumber,1,3
n07718472_935,cucumber,1,3
n07718472_9380,cucumber,1,2
n07718472_9419,cucumber,1,3
n07718472_9471,cucumber,1,1
n07718472_9477,cucumber,1,1
n07718472_951,cucumber,1,3
n07718472_9548,cucumber,1,4
n07718472_9594,cucumber,1,2
n07718472_961,cucumber,1,0
n07718472_9633,cucumber,1,3
n07718472_9675,cucumber,1,1
n07718472_970,cucumber,1,3
n07718472_9754,cucumber,1,2
n07718472_9762,cucumber,1,4
n07718472_977,cucumber,1,2
n07718472_9778,cucumber,1,1
n07718472_9788,cucumber,1,0
n07718472_9797,cucumber,1,3
n07718472_9804,cucumber,1,1
n07718472_9824,cucumber,1,2
n07718472_9852,cucumber,1,4
n07718472_9874,cucumber,1,0
n07718472_9881,cucumber,1,3
n07716358_10003,zucchini,2,1
n07716358_10021,zucchini,2,0
n07716358_10032,zucchini,2,2
n07716358_1006,zucchini,2,2
n07716358_10104,zucchini,2,4
n07716358_1018,zucchini,2,2
n07716358_10200,zucchini,2,0
n07716358_10227,zucchini,2,0
n07716358_10234,zucchini,2,0
n07716358_10248,zucchini,2,1
n07716358_10251,zucchini,2,0
n07716358_10261,zucchini,2,1
n07716358_10266,zucchini,2,2
n07716358_10274,zucchini,2,1
n07716358_10283,zucchini,2,2
n07716358_10297,zucchini,2,1
n07716358_10301,zucchini,2,2
n07716358_10308,zucchini,2,4
n07716358_1032,zucchini,2,0
n07716358_10336,zucchini,2,1
n07716358_10366,zucchini,2,4
n07716358_10385,zucchini,2,3
n07716358_10402,zucchini,2,1
n07716358_10412,zucchini,2,0
n07716358_10460,zucchini,2,2
n07716358_10478,zucchini,2,2
n07716358_10480,zucchini,2,1
n07716358_105,zucchini,2,3
n07716358_10504,zucchini,2,1
n07716358_10507,zucchini,2,4
n07716358_10510,zucchini,2,3
n07716358_10513,zucchini,2,4
n07716358_10534,zucchini,2,0
n07716358_10535,zucchini,2,1
n07716358_10595,zucchini,2,2
n07716358_10598,zucchini,2,2
n07716358_106,zucchini,2,3
n07716358_10624,zucchini,2,2
n07716358_10635,zucchini,2,3
n07716358_10640,zucchini,2,2
n07716358_10648,zucchini,2,4
n07716358_10651,zucchini,2,0
n07716358_10652,zucchini,2,3
n07716358_10664,zucchini,2,4
n07716358_10673,zucchini,2,3
n07716358_10694,zucchini,2,0
n07716358_10709,zucchini,2,4
n07716358_10735,zucchini,2,3
n07716358_10765,zucchini,2,2
n07716358_1077,zucchini,2,3
n07716358_1078,zucchini,2,0
n07716358_10780,zucchini,2,3
n07716358_10788,zucchini,2,4
n07716358_10798,zucchini,2,2
n07716358_10805,zucchini,2,4
n07716358_10830,zucchini,2,3
n07716358_10837,zucchini,2,4
n07716358_10886,zucchini,2,0
n07716358_10911,zucchini,2,1
n07716358_10912,zucchini,2,0
n07716358_10917,zucchini,2,4
n07716358_10920,zucchini,2,4
n07716358_10933,zucchini,2,2
n07716358_10945,zucchini,2,4
n07716358_10947,zucchini,2,4
n07716358_10954,zucchini,2,4
n07716358_10974,zucchini,2,1
n07716358_11012,zucchini,2,3
n07716358_11020,zucchini,2,3
n07716358_11026,zucchini,2,1
n07716358_11048,zucchini,2,4
n07716358_11050,zucchini,2,1
n07716358_11058,zucchini,2,1
n07716358_11086,zucchini,2,1
n07716358_11095,zucchini,2,3
n07716358_11120,zucchini,2,0
n07716358_11137,zucchini,2,2
n07716358_11165,zucchini,2,0
n07716358_11176,zucchini,2,0
n07716358_11193,zucchini,2,4
n07716358_11220,zucchini,2,3
n07716358_1123,zucchini,2,0
n07716358_11231,zucchini,2,2
n07716358_11252,zucchini,2,3
n07716358_11257,zucchini,2,1
n07716358_1126,zucchini,2,1
n07716358_11315,zucchini,2,0
n07716358_11349,zucchini,2,3
n07716358_11358,zucchini,2,4
n07716358_11370,zucchini,2,3
n07716358_11383,zucchini,2,0
n07716358_11389,zucchini,2,4
n07716358_11412,zucchini,2,2
n07716358_11421,zucchini,2,4
n07716358_11423,zucchini,2,4
n07716358_11437,zucchini,2,2
n07716358_11450,zucchini,2,2
n07716358_11472,zucchini,2,4
n07716358_11476,zucchini,2,1
n07716358_11487,zucchini,2,1
n07716358_11514,zucchini,2,2
n07716358_11601,zucchini,2,1
n07716358_11635,zucchini,2,2
n07716358_11807,zucchini,2,0
n07716358_1182,zucchini,2,3
n07716358_11887,zucchini,2,0
n07716358_11943,zucchini,2,2
n07716358_11986,zucchini,2,4
n07716358_12009,zucchini,2,3
n07716358_12014,zucchini,2,0
n07716358_12024,zucchini,2,1
n07716358_12060,zucchini,2,0
n07716358_12070,zucchini,2,4
n07716358_12083,zucchini,2,3
n07716358_12087,zucchini,2,1
n07716358_12138,zucchini,2,0
n07716358_12143,zucchini,2,4
n07716358_12157,zucchini,2,0
n07716358_12176,zucchini,2,0
n07716358_12183,zucchini,2,2
n07716358_12191,zucchini,2,0
n07716358_12219,zucchini,2,3
n07716358_12238,zucchini,2,1
n07716358_1225,zucchini,2,3
n07716358_12258,zucchini,2,4
n07716358_12265,zucchini,2,1
n07716358_12268,zucchini,2,3
n07716358_12312,zucchini,2,0
n07716358_12331,zucchini,2,0
n07716358_12371,zucchini,2,2
n07716358_12387,zucchini,2,1
n07716358_12393,zucchini,2,4
n07716358_12402,zucchini,2,2
n07716358_12403,zucchini,2,0
n07716358_12407,zucchini,2,2
n07716358_1242,zucchini,2,3
n07716358_12441,zucchini,2,4
n07716358_12486,zucchini,2,2
n07716358_12489,zucchini,2,1
n07716358_1253,zucchini,2,4
n07716358_12548,zucchini,2,1
n07716358_12557,zucchini,2,3
n07716358_12564,zucchini,2,1
n07716358_12578,zucchini,2,4
n07716358_12579,zucchini,2,1
n07716358_1258,zucchini,2,3
n07716358_12586,zucchini,2,2
n07716358_12591,zucchini,2,4
n07716358_12599,zucchini,2,1
n07716358_12621,zucchini,2,0
n07716358_12651,zucchini,2,4
n07716358_12700,zucchini,2,4
n07716358_12705,zucchini,2,2
n07716358_12730,zucchini,2,1
n07716358_12742,zucchini,2,1
n07716358_12770,zucchini,2,4
n07716358_12771,zucchini,2,3
n07716358_128,zucchini,2,1
n07716358_12808,zucchini,2,4
n07716358_12818,zucchini,2,3
n07716358_12828,zucchini,2,2
n07716358_1286,zucchini,2,0
n07716358_1288,zucchini,2,3
n07716358_12885,zucchini,2,1
n07716358_12903,zucchini,2,1
n07716358_12931,zucchini,2,3
n07716358_12942,zucchini,2,1
n07716358_12963,zucchini,2,1
n07716358_12998,zucchini,2,3
n07716358_13008,zucchini,2,4
n07716358_13059,zucchini,2,1
n07716358_13090,zucchini,2,0
n07716358_13098,zucchini,2,0
n07716358_1312,zucchini,2,0
n07716358_13142,zucchini,2,0
n07716358_1325,zucchini,2,1
n07716358_13261,zucchini,2,0
n07716358_13307,zucchini,2,1
n07716358_1331,zucchini,2,2
n07716358_1333,zucchini,2,2
n07716358_13347,zucchini,2,4
n07716358_13393,zucchini,2,0
n07716358_1342,zucchini,2,0
n07716358_13434,zucchini,2,1
n07716358_13448,zucchini,2,3
n07716358_13517,zucchini,2,3
n07716358_13557,zucchini,2,1
n07716358_13570,zucchini,2,2
n07716358_13596,zucchini,2,0
n07716358_136,zucchini,2,4
n07716358_13626,zucchini,2,4
n07716358_13643,zucchini,2,3
n07716358_13646,zucchini,2,0
n07716358_13666,zucchini,2,1
n07716358_13674,zucchini,2,0
n07716358_13689,zucchini,2,0
n07716358_13690,zucchini,2,0
n07716358_13719,zucchini,2,2
n07716358_13731,zucchini,2,3
n07716358_13740,zucchini,2,1
n07716358_13754,zucchini,2,0
n07716358_13799,zucchini,2,1
n07716358_13800,zucchini,2,1
n07716358_1383,zucchini,2,0
n07716358_13861,zucchini,2,0
n07716358_13876,zucchini,2,3
n07716358_13886,zucchini,2,4
n07716358_13920,zucchini,2,3
n07716358_13931,zucchini,2,0
n07716358_13961,zucchini,2,3
n07716358_13982,zucchini,2,1
n07716358_13984,zucchini,2,1
n07716358_14032,zucchini,2,3
n07716358_14062,zucchini,2,2
n07716358_1407,zucchini,2,3
n07716358_14120,zucchini,2,3
n07716358_14132,zucchini,2,3
n07716358_1414,zucchini,2,4
n07716358_1415,zucchini,2,4
n07716358_14161,zucchini,2,2
n07716358_142,zucchini,2,3
n07716358_14235,zucchini,2,3
n07716358_14267,zucchini,2,4
n07716358_14300,zucchini,2,3
n07716358_14336,zucchini,2,4
n07716358_14402,zucchini,2,0
n07716358_14407,zucchini,2,0
n07716358_14453,zucchini,2,4
n07716358_14459,zucchini,2,2
n07716358_1446,zucchini,2,2
n07716358_14463,zucchini,2,1
n07716358_14464,zucchini,2,1
n07716358_14466,zucchini,2,3
n07716358_14474,zucchini,2,1
n07716358_14487,zucchini,2,0
n07716358_14540,zucchini,2,0
n07716358_1455,zucchini,2,4
n07716358_14556,zucchini,2,4
n07716358_14592,zucchini,2,2
n07716358_14603,zucchini,2,0
n07716358_14638,zucchini,2,2
n07716358_14717,zucchini,2,1
n07716358_14739,zucchini,2,1
n07716358_14764,zucchini,2,4
n07716358_14822,zucchini,2,2
n07716358_14829,zucchini,2,0
n07716358_14843,zucchini,2,0
n07716358_14846,zucchini,2,1
n07716358_14854,zucchini,2,3
n07716358_14914,zucchini,2,1
n07716358_14918,zucchini,2,2
n07716358_14946,zucchini,2,3
n07716358_14964,zucchini,2,4
n07716358_14979,zucchini,2,0
n07716358_1499,zucchini,2,3
n07716358_14990,zucchini,2,2
n07716358_15018,zucchini,2,3
n07716358_15025,zucchini,2,3
n07716358_15051,zucchini,2,2
n07716358_15085,zucchini,2,0
n07716358_15103,zucchini,2,1
n07716358_1511,zucchini,2,1
n07716358_15115,zucchini,2,4
n07716358_15122,zucchini,2,0
n07716358_15163,zucchini,2,4
n07716358_15179,zucchini,2,4
n07716358_15183,zucchini,2,0
n07716358_15220,zucchini,2,4
n07716358_15231,zucchini,2,4
n07716358_15244,zucchini,2,2
n07716358_15248,zucchini,2,1
n07716358_15251,zucchini,2,3
n07716358_15256,zucchini,2,0
n07716358_15279,zucchini,2,3
n07716358_15290,zucchini,2,2
n07716358_15314,zucchini,2,4
n07716358_1532,zucchini,2,3
n07716358_1533,zucchini,2,3
n07716358_1535,zucchini,2,1
n07716358_15355,zucchini,2,3
n07716358_15358,zucchini,2,2
n07716358_15382,zucchini,2,4
n07716358_15393,zucchini,2,1
n07716358_15411,zucchini,2,3
n07716358_15420,zucchini,2,1
n07716358_15453,zucchini,2,4
n07716358_15454,zucchini,2,2
n07716358_15470,zucchini,2,4
n07716358_15471,zucchini,2,1
n07716358_1549,zucchini,2,1
n07716358_15527,zucchini,2,0
n07716358_15669,zucchini,2,2
n07716358_15710,zucchini,2,0
n07716358_15728,zucchini,2,3
n07716358_15743,zucchini,2,2
n07716358_15801,zucchini,2,0
n07716358_15809,zucchini,2,1
n07716358_15816,zucchini,2,2
n07716358_15828,zucchini,2,3
n07716358_15851,zucchini,2,3
n07716358_15857,zucchini,2,0
n07716358_15920,zucchini,2,0
n07716358_15937,zucchini,2,1
n07716358_15966,zucchini,2,4
n07716358_15994,zucchini,2,3
n07716358_16000,zucchini,2,0
n07716358_16047,zucchini,2,0
n07716358_16051,zucchini,2,0
n07716358_16085,zucchini,2,2
n07716358_1609,zucchini,2,3
n07716358_16109,zucchini,2,0
n07716358_16133,zucchini,2,0
n07716358_16139,zucchini,2,4
n07716358_16144,zucchini,2,1
n07716358_16169,zucchini,2,3
n07716358_1626,zucchini,2,4
n07716358_1627,zucchini,2,3
n07716358_16281,zucchini,2,1
n07716358_16290,zucchini,2,3
n07716358_16322,zucchini,2,3
n07716358_16335,zucchini,2,2
n07716358_1635,zucchini,2,0
n07716358_16357,zucchini,2,2
n07716358_16373,zucchini,2,4
n07716358_16380,zucchini,2,4
n07716358_16391,zucchini,2,1
n07716358_1643,zucchini,2,1
n07716358_16503,zucchini,2,2
n07716358_16517,zucchini,2,2
n07716358_1657,zucchini,2,2
n07716358_16622,zucchini,2,2
n07716358_16651,zucchini,2,4
n07716358_16668,zucchini,2,0
n07716358_16676,zucchini,2,3
n07716358_16699,zucchini,2,3
n07716358_16709,zucchini,2,0
n07716358_16733,zucchini,2,3
n07716358_16756,zucchini,2,3
n07716358_16782,zucchini,2,2
n07716358_16783,zucchini,2,4
n07716358_1680,zucchini,2,2
n07716358_16823,zucchini,2,4
n07716358_16834,zucchini,2,3
n07716358_16886,zucchini,2,1
n07716358_16890,zucchini,2,1
n07716358_16901,zucchini,2,1
n07716358_16910,zucchini,2,2
n07716358_16921,zucchini,2,1
n07716358_16925,zucchini,2,0
n07716358_16936,zucchini,2,2
n07716358_16986,zucchini,2,1
n07716358_17034,zucchini,2,3
n07716358_17056,zucchini,2,2
n07716358_17119,zucchini,2,3
n07716358_17130,zucchini,2,1
n07716358_17182,zucchini,2,0
n07716358_17183,zucchini,2,2
n07716358_17246,zucchini,2,4
n07716358_17249,zucchini,2,4
n07716358_17251,zucchini,2,2
n07716358_17277,zucchini,2,1
n07716358_17299,zucchini,2,4
n07716358_17306,zucchini,2,0
n07716358_17346,zucchini,2,1
n07716358_17379,zucchini,2,2
n07716358_17423,zucchini,2,1
n07716358_17476,zucchini,2,4
n07716358_17497,zucchini,2,2
n07716358_17509,zucchini,2,4
n07716358_17523,zucchini,2,1
n07716358_17573,zucchini,2,4
n07716358_17583,zucchini,2,4
n07716358_17584,zucchini,2,4
n07716358_17593,zucchini,2,1
n07716358_17606,zucchini,2,3
n07716358_17623,zucchini,2,3
n07716358_17643,zucchini,2,3
n07716358_17672,zucchini,2,0
n07716358_17701,zucchini,2,1
n07716358_17706,zucchini,2,2
n07716358_1771,zucchini,2,4
n07716358_17747,zucchini,2,0
n07716358_17761,zucchini,2,2
n07716358_17776,zucchini,2,2
n07716358_17789,zucchini,2,3
n07716358_17809,zucchini,2,4
n07716358_17859,zucchini,2,0
n07716358_17878,zucchini,2,4
n07716358_17916,zucchini,2,4
n07716358_17936,zucchini,2,1
n07716358_1796,zucchini,2,3
n07716358_17980,zucchini,2,1
n07716358_1799,zucchini,2,1
n07716358_1800,zucchini,2,2
n07716358_18011,zucchini,2,0
n07716358_18058,zucchini,2,4
n07716358_1808,zucchini,2,0
n07716358_18090,zucchini,2,4
n07716358_18119,zucchini,2,3
n07716358_18134,zucchini,2,2
n07716358_18144,zucchini,2,2
n07716358_18167,zucchini,2,4
n07716358_18176,zucchini,2,4
n07716358_18243,zucchini,2,4
n07716358_18312,zucchini,2,0
n07716358_18320,zucchini,2,2
n07716358_18324,zucchini,2,3
n07716358_18330,zucchini,2,0
n07716358_18381,zucchini,2,0
n07716358_18390,zucchini,2,4
n07716358_18410,zucchini,2,0
n07716358_18421,zucchini,2,1
n07716358_18437,zucchini,2,1
n07716358_18491,zucchini,2,2
n07716358_18492,zucchini,2,2
n07716358_18495,zucchini,2,1
n07716358_18544,zucchini,2,2
n07716358_1855,zucchini,2,3
n07716358_18606,zucchini,2,3
n07716358_18609,zucchini,2,3
n07716358_18630,zucchini,2,3
n07716358_18638,zucchini,2,4
n07716358_18648,zucchini,2,4
n07716358_18658,zucchini,2,1
n07716358_1866,zucchini,2,0
n07716358_18791,zucchini,2,4
n07716358_18815,zucchini,2,3
n07716358_1882,zucchini,2,4
n07716358_18825,zucchini,2,4
n07716358_18828,zucchini,2,0
n07716358_18848,zucchini,2,2
n07716358_18929,zucchini,2,3
n07716358_18974,zucchini,2,3
n07716358_19007,zucchini,2,4
n07716358_19028,zucchini,2,2
n07716358_19036,zucchini,2,2
n07716358_19040,zucchini,2,3
n07716358_19055,zucchini,2,3
n07716358_19072,zucchini,2,3
n07716358_19113,zucchini,2,3
n07716358_19157,zucchini,2,1
n07716358_19214,zucchini,2,1
n07716358_1925,zucchini,2,3
n07716358_19281,zucchini,2,4
n07716358_19290,zucchini,2,1
n07716358_19344,zucchini,2,1
n07716358_19383,zucchini,2,0
n07716358_19384,zucchini,2,4
n07716358_19387,zucchini,2,2
n07716358_19395,zucchini,2,3
n07716358_19448,zucchini,2,0
n07716358_19461,zucchini,2,2
n07716358_19522,zucchini,2,2
n07716358_19528,zucchini,2,4
n07716358_19623,zucchini,2,1
n07716358_19627,zucchini,2,1
n07716358_19641,zucchini,2,3
n07716358_19674,zucchini,2,3
n07716358_19697,zucchini,2,3
n07716358_19743,zucchini,2,2
n07716358_19754,zucchini,2,4
n07716358_19761,zucchini,2,0
n07716358_19771,zucchini,2,0
n07716358_19792,zucchini,2,4
n07716358_19819,zucchini,2,2
n07716358_19863,zucchini,2,4
n07716358_19873,zucchini,2,4
n07716358_19875,zucchini,2,2
n07716358_19973,zucchini,2,0
n07716358_20005,zucchini,2,3
n07716358_20014,zucchini,2,4
n07716358_20097,zucchini,2,2
n07716358_20147,zucchini,2,0
n07716358_20148,zucchini,2,3
n07716358_20152,zucchini,2,4
n07716358_2017,zucchini,2,0
n07716358_20182,zucchini,2,0
n07716358_20189,zucchini,2,4
n07716358_20199,zucchini,2,0
n07716358_20226,zucchini,2,2
n07716358_20248,zucchini,2,3
n07716358_20256,zucchini,2,1
n07716358_20274,zucchini,2,0
n07716358_2031,zucchini,2,1
n07716358_20318,zucchini,2,2
n07716358_20337,zucchini,2,0
n07716358_20398,zucchini,2,3
n07716358_20401,zucchini,2,0
n07716358_20411,zucchini,2,3
n07716358_20428,zucchini,2,4
n07716358_20501,zucchini,2,3
n07716358_2051,zucchini,2,1
n07716358_2053,zucchini,2,0
n07716358_20543,zucchini,2,0
n07716358_20578,zucchini,2,0
n07716358_20648,zucchini,2,4
n07716358_2068,zucchini,2,4
n07716358_20693,zucchini,2,1
n07716358_20716,zucchini,2,0
n07716358_20722,zucchini,2,3
n07716358_20731,zucchini,2,4
n07716358_20759,zucchini,2,0
n07716358_20764,zucchini,2,3
n07716358_20772,zucchini,2,4
n07716358_2082,zucchini,2,3
n07716358_20825,zucchini,2,3
n07716358_20828,zucchini,2,1
n07716358_20866,zucchini,2,1
n07716358_20877,zucchini,2,2
n07716358_20900,zucchini,2,0
n07716358_20917,zucchini,2,1
n07716358_20927,zucchini,2,0
n07716358_20943,zucchini,2,3
n07716358_20964,zucchini,2,2
n07716358_20994,zucchini,2,1
n07716358_20999,zucchini,2,2
n07716358_21046,zucchini,2,2
n07716358_21091,zucchini,2,4
n07716358_21188,zucchini,2,0
n07716358_21190,zucchini,2,1
n07716358_21194,zucchini,2,4
n07716358_21207,zucchini,2,1
n07716358_21220,zucchini,2,0
n07716358_21235,zucchini,2,0
n07716358_21256,zucchini,2,1
n07716358_21268,zucchini,2,1
n07716358_2131,zucchini,2,4
n07716358_21329,zucchini,2,4
n07716358_21387,zucchini,2,0
n07716358_21466,zucchini,2,3
n07716358_21528,zucchini,2,1
n07716358_21627,zucchini,2,4
n07716358_21641,zucchini,2,2
n07716358_21657,zucchini,2,1
n07716358_21682,zucchini,2,4
n07716358_21693,zucchini,2,2
n07716358_21703,zucchini,2,1
n07716358_21715,zucchini,2,2
n07716358_21743,zucchini,2,3
n07716358_21756,zucchini,2,1
n07716358_21764,zucchini,2,2
n07716358_2177,zucchini,2,1
n07716358_21788,zucchini,2,2
n07716358_21796,zucchini,2,0
n07716358_21797,zucchini,2,2
n07716358_21828,zucchini,2,0
n07716358_21830,zucchini,2,1
n07716358_21876,zucchini,2,0
n07716358_21892,zucchini,2,0
n07716358_21911,zucchini,2,2
n07716358_21921,zucchini,2,3
n07716358_21929,zucchini,2,3
n07716358_21956,zucchini,2,4
n07716358_2196,zucchini,2,3
n07716358_21966,zucchini,2,3
n07716358_21997,zucchini,2,1
n07716358_21999,zucchini,2,0
n07716358_220,zucchini,2,1
n07716358_22000,zucchini,2,2
n07716358_22002,zucchini,2,4
n07716358_22008,zucchini,2,2
n07716358_22064,zucchini,2,1
n07716358_22128,zucchini,2,2
n07716358_22135,zucchini,2,2
n07716358_2214,zucchini,2,4
n07716358_22212,zucchini,2,2
n07716358_22242,zucchini,2,2
n07716358_22354,zucchini,2,3
n07716358_22387,zucchini,2,0
n07716358_22402,zucchini,2,0
n07716358_2242,zucchini,2,1
n07716358_22440,zucchini,2,4
n07716358_22465,zucchini,2,4
n07716358_22471,zucchini,2,3
n07716358_2249,zucchini,2,3
n07716358_2251,zucchini,2,0
n07716358_22521,zucchini,2,2
n07716358_22588,zucchini,2,1
n07716358_2262,zucchini,2,2
n07716358_22640,zucchini,2,3
n07716358_22647,zucchini,2,3
n07716358_22655,zucchini,2,0
n07716358_22680,zucchini,2,0
n07716358_22696,zucchini,2,2
n07716358_22750,zucchini,2,4
n07716358_22926,zucchini,2,4
n07716358_22955,zucchini,2,0
n07716358_22988,zucchini,2,4
n07716358_22997,zucchini,2,2
n07716358_22999,zucchini,2,2
n07716358_23004,zucchini,2,1
n07716358_23052,zucchini,2,3
n07716358_23080,zucchini,2,2
n07716358_23096,zucchini,2,3
n07716358_23104,zucchini,2,3
n07716358_23109,zucchini,2,0
n07716358_23152,zucchini,2,1
n07716358_23157,zucchini,2,1
n07716358_23166,zucchini,2,3
n07716358_23240,zucchini,2,0
n07716358_23253,zucchini,2,1
n07716358_23256,zucchini,2,2
n07716358_23311,zucchini,2,3
n07716358_23357,zucchini,2,2
n07716358_23416,zucchini,2,0
n07716358_23537,zucchini,2,3
n07716358_23553,zucchini,2,0
n07716358_2360,zucchini,2,0
n07716358_23601,zucchini,2,0
n07716358_23690,zucchini,2,2
n07716358_2372,zucchini,2,3
n07716358_23771,zucchini,2,0
n07716358_23815,zucchini,2,2
n07716358_2384,zucchini,2,2
n07716358_23846,zucchini,2,4
n07716358_23881,zucchini,2,0
n07716358_239,zucchini,2,3
n07716358_23903,zucchini,2,0
n07716358_23910,zucchini,2,1
n07716358_23960,zucchini,2,3
n07716358_24037,zucchini,2,0
n07716358_24136,zucchini,2,0
n07716358_24138,zucchini,2,1
n07716358_24142,zucchini,2,1
n07716358_24177,zucchini,2,3
n07716358_24200,zucchini,2,1
n07716358_24230,zucchini,2,1
n07716358_24261,zucchini,2,1
n07716358_24309,zucchini,2,0
n07716358_24380,zucchini,2,0
n07716358_24384,zucchini,2,2
n07716358_24419,zucchini,2,3
n07716358_24443,zucchini,2,3
n07716358_24451,zucchini,2,3
n07716358_24456,zucchini,2,1
n07716358_24460,zucchini,2,4
n07716358_24466,zucchini,2,2
n07716358_24469,zucchini,2,1
n07716358_2449,zucchini,2,0
n07716358_24497,zucchini,2,4
n07716358_24518,zucchini,2,2
n07716358_24522,zucchini,2,2
n07716358_24549,zucchini,2,0
n07716358_24617,zucchini,2,1
n07716358_24670,zucchini,2,2
n07716358_24685,zucchini,2,4
n07716358_24734,zucchini,2,2
n07716358_24771,zucchini,2,3
n07716358_24772,zucchini,2,4
n07716358_24822,zucchini,2,4
n07716358_24847,zucchini,2,3
n07716358_24884,zucchini,2,0
n07716358_2489,zucchini,2,0
n07716358_24890,zucchini,2,0
n07716358_24896,zucchini,2,3
n07716358_24915,zucchini,2,4
n07716358_24932,zucchini,2,2
n07716358_24951,zucchini,2,3
n07716358_2499,zucchini,2,0
n07716358_24991,zucchini,2,2
n07716358_25000,zucchini,2,3
n07716358_25004,zucchini,2,4
n07716358_25088,zucchini,2,2
n07716358_25092,zucchini,2,1
n07716358_25175,zucchini,2,3
n07716358_25202,zucchini,2,3
n07716358_25229,zucchini,2,1
n07716358_25252,zucchini,2,3
n07716358_25285,zucchini,2,1
n07716358_25298,zucchini,2,3
n07716358_25306,zucchini,2,3
n07716358_25315,zucchini,2,0
n07716358_25323,zucchini,2,0
n07716358_25365,zucchini,2,4
n07716358_25390,zucchini,2,4
n07716358_254,zucchini,2,2
n07716358_25407,zucchini,2,4
n07716358_25417,zucchini,2,3
n07716358_25435,zucchini,2,0
n07716358_25444,zucchini,2,4
n07716358_25477,zucchini,2,0
n07716358_25490,zucchini,2,1
n07716358_25564,zucchini,2,2
n07716358_2562,zucchini,2,0
n07716358_25650,zucchini,2,0
n07716358_25669,zucchini,2,1
n07716358_25679,zucchini,2,4
n07716358_25710,zucchini,2,1
n07716358_25736,zucchini,2,3
n07716358_25768,zucchini,2,2
n07716358_25776,zucchini,2,1
n07716358_25780,zucchini,2,0
n07716358_25794,zucchini,2,2
n07716358_25801,zucchini,2,3
n07716358_25803,zucchini,2,4
n07716358_2582,zucchini,2,4
n07716358_25852,zucchini,2,2
n07716358_25871,zucchini,2,2
n07716358_2592,zucchini,2,1
n07716358_25949,zucchini,2,0
n07716358_2603,zucchini,2,4
n07716358_26109,zucchini,2,1
n07716358_2613,zucchini,2,1
n07716358_2614,zucchini,2,3
n07716358_2634,zucchini,2,3
n07716358_2649,zucchini,2,4
n07716358_2652,zucchini,2,4
n07716358_2657,zucchini,2,4
n07716358_26701,zucchini,2,4
n07716358_26835,zucchini,2,3
n07716358_2688,zucchini,2,0
n07716358_2690,zucchini,2,1
n07716358_2698,zucchini,2,2
n07716358_27,zucchini,2,2
n07716358_2721,zucchini,2,1
n07716358_2727,zucchini,2,1
n07716358_2736,zucchini,2,1
n07716358_27536,zucchini,2,3
n07716358_2780,zucchini,2,4
n07716358_2798,zucchini,2,4
n07716358_2802,zucchini,2,2
n07716358_2845,zucchini,2,2
n07716358_2855,zucchini,2,4
n07716358_2869,zucchini,2,1
n07716358_28816,zucchini,2,1
n07716358_2897,zucchini,2,3
n07716358_2945,zucchini,2,1
n07716358_2991,zucchini,2,3
n07716358_3024,zucchini,2,0
n07716358_3034,zucchini,2,2
n07716358_3101,zucchini,2,0
n07716358_31011,zucchini,2,1
n07716358_3125,zucchini,2,0
n07716358_3135,zucchini,2,4
n07716358_31352,zucchini,2,1
n07716358_3142,zucchini,2,3
n07716358_31451,zucchini,2,4
n07716358_3154,zucchini,2,4
n07716358_31851,zucchini,2,4
n07716358_3193,zucchini,2,0
n07716358_3223,zucchini,2,3
n07716358_3253,zucchini,2,4
n07716358_3257,zucchini,2,1
n07716358_3263,zucchini,2,2
n07716358_3280,zucchini,2,1
n07716358_3290,zucchini,2,0
n07716358_3293,zucchini,2,3
n07716358_3328,zucchini,2,0
n07716358_33351,zucchini,2,2
n07716358_33565,zucchini,2,2
n07716358_3386,zucchini,2,4
n07716358_3395,zucchini,2,4
n07716358_3399,zucchini,2,4
n07716358_3403,zucchini,2,3
n07716358_3413,zucchini,2,4
n07716358_34149,zucchini,2,0
n07716358_3419,zucchini,2,3
n07716358_3420,zucchini,2,4
n07716358_34232,zucchini,2,4
n07716358_3424,zucchini,2,3
n07716358_343,zucchini,2,3
n07716358_34331,zucchini,2,0
n07716358_3446,zucchini,2,0
n07716358_3450,zucchini,2,3
n07716358_3451,zucchini,2,3
n07716358_3453,zucchini,2,0
n07716358_34723,zucchini,2,0
n07716358_3486,zucchini,2,0
n07716358_3492,zucchini,2,1
n07716358_3493,zucchini,2,3
n07716358_3502,zucchini,2,4
n07716358_3538,zucchini,2,3
n07716358_3544,zucchini,2,4
n07716358_3555,zucchini,2,1
n07716358_35765,zucchini,2,2
n07716358_3580,zucchini,2,2
n07716358_3582,zucchini,2,0
n07716358_35883,zucchini,2,3
n07716358_35952,zucchini,2,2
n07716358_3600,zucchini,2,3
n07716358_3603,zucchini,2,3
n07716358_3620,zucchini,2,2
n07716358_36362,zucchini,2,3
n07716358_3646,zucchini,2,1
n07716358_3658,zucchini,2,3
n07716358_3662,zucchini,2,3
n07716358_3665,zucchini,2,0
n07716358_3675,zucchini,2,3
n07716358_3678,zucchini,2,4
n07716358_3729,zucchini,2,4
n07716358_37379,zucchini,2,4
n07716358_3761,zucchini,2,2
n07716358_3765,zucchini,2,1
n07716358_3785,zucchini,2,4
n07716358_3845,zucchini,2,0
n07716358_3849,zucchini,2,2
n07716358_38814,zucchini,2,1
n07716358_3882,zucchini,2,0
n07716358_3934,zucchini,2,2
n07716358_3945,zucchini,2,3
n07716358_39697,zucchini,2,3
n07716358_399,zucchini,2,2
n07716358_3994,zucchini,2,4
n07716358_3995,zucchini,2,3
n07716358_4029,zucchini,2,4
n07716358_4045,zucchini,2,2
n07716358_4084,zucchini,2,1
n07716358_4086,zucchini,2,2
n07716358_4093,zucchini,2,0
n07716358_4145,zucchini,2,2
n07716358_4192,zucchini,2,0
n07716358_4233,zucchini,2,2
n07716358_4235,zucchini,2,1
n07716358_4251,zucchini,2,2
n07716358_4259,zucchini,2,2
n07716358_4272,zucchini,2,3
n07716358_4288,zucchini,2,3
n07716358_4316,zucchini,2,4
n07716358_4341,zucchini,2,2
n07716358_4347,zucchini,2,4
n07716358_4376,zucchini,2,4
n07716358_4390,zucchini,2,1
n07716358_4393,zucchini,2,0
n07716358_4423,zucchini,2,1
n07716358_4434,zucchini,2,4
n07716358_4437,zucchini,2,4
n07716358_4440,zucchini,2,2
n07716358_4442,zucchini,2,2
n07716358_4456,zucchini,2,1
n07716358_4487,zucchini,2,0
n07716358_4503,zucchini,2,4
n07716358_4505,zucchini,2,2
n07716358_4517,zucchini,2,1
n07716358_4526,zucchini,2,4
n07716358_4537,zucchini,2,3
n07716358_4564,zucchini,2,0
n07716358_4569,zucchini,2,2
n07716358_4587,zucchini,2,1
n07716358_4593,zucchini,2,4
n07716358_4623,zucchini,2,3
n07716358_4635,zucchini,2,2
n07716358_4637,zucchini,2,1
n07716358_4666,zucchini,2,3
n07716358_4669,zucchini,2,1
n07716358_4708,zucchini,2,0
n07716358_4711,zucchini,2,3
n07716358_4770,zucchini,2,3
n07716358_4776,zucchini,2,0
n07716358_4785,zucchini,2,2
n07716358_479,zucchini,2,3
n07716358_484,zucchini,2,1
n07716358_4840,zucchini,2,4
n07716358_4841,zucchini,2,2
n07716358_4845,zucchini,2,0
n07716358_4848,zucchini,2,1
n07716358_4852,zucchini,2,4
n07716358_4873,zucchini,2,4
n07716358_4878,zucchini,2,1
n07716358_4891,zucchini,2,1
n07716358_4902,zucchini,2,4
n07716358_4916,zucchini,2,1
n07716358_4923,zucchini,2,2
n07716358_4932,zucchini,2,1
n07716358_4937,zucchini,2,0
n07716358_4960,zucchini,2,1
n07716358_4993,zucchini,2,3
n07716358_5009,zucchini,2,4
n07716358_5017,zucchini,2,0
n07716358_5021,zucchini,2,4
n07716358_5022,zucchini,2,0
n07716358_5037,zucchini,2,2
n07716358_5051,zucchini,2,2
n07716358_5052,zucchini,2,3
n07716358_5053,zucchini,2,4
n07716358_506,zucchini,2,0
n07716358_5088,zucchini,2,0
n07716358_5105,zucchini,2,1
n07716358_5111,zucchini,2,4
n07716358_5118,zucchini,2,0
n07716358_5123,zucchini,2,0
n07716358_5142,zucchini,2,4
n07716358_5147,zucchini,2,4
n07716358_516,zucchini,2,3
n07716358_5208,zucchini,2,2
n07716358_5238,zucchini,2,4
n07716358_5340,zucchini,2,0
n07716358_5350,zucchini,2,3
n07716358_5355,zucchini,2,4
n07716358_5360,zucchini,2,1
n07716358_542,zucchini,2,3
n07716358_5422,zucchini,2,2
n07716358_5429,zucchini,2,2
n07716358_5439,zucchini,2,3
n07716358_5517,zucchini,2,0
n07716358_552,zucchini,2,2
n07716358_5522,zucchini,2,3
n07716358_5569,zucchini,2,0
n07716358_5579,zucchini,2,3
n07716358_5584,zucchini,2,2
n07716358_5633,zucchini,2,4
n07716358_5659,zucchini,2,2
n07716358_5671,zucchini,2,1
n07716358_5673,zucchini,2,0
n07716358_5690,zucchini,2,1
n07716358_5692,zucchini,2,3
n07716358_5722,zucchini,2,3
n07716358_5729,zucchini,2,2
n07716358_5732,zucchini,2,2
n07716358_5745,zucchini,2,0
n07716358_5758,zucchini,2,1
n07716358_5789,zucchini,2,1
n07716358_5803,zucchini,2,1
n07716358_5804,zucchini,2,2
n07716358_5833,zucchini,2,2
n07716358_5862,zucchini,2,1
n07716358_5878,zucchini,2,3
n07716358_5951,zucchini,2,2
n07716358_5959,zucchini,2,1
n07716358_5966,zucchini,2,0
n07716358_5974,zucchini,2,1
n07716358_5975,zucchini,2,2
n07716358_5976,zucchini,2,0
n07716358_5995,zucchini,2,0
n07716358_6007,zucchini,2,4
n07716358_609,zucchini,2,1
n07716358_6094,zucchini,2,1
n07716358_6102,zucchini,2,1
n07716358_6139,zucchini,2,3
n07716358_6185,zucchini,2,2
n07716358_6196,zucchini,2,3
n07716358_6200,zucchini,2,3
n07716358_6201,zucchini,2,3
n07716358_6212,zucchini,2,2
n07716358_6281,zucchini,2,4
n07716358_6305,zucchini,2,4
n07716358_6384,zucchini,2,0
n07716358_6397,zucchini,2,4
n07716358_6405,zucchini,2,4
n07716358_6415,zucchini,2,3
n07716358_6428,zucchini,2,1
n07716358_6431,zucchini,2,2
n07716358_6440,zucchini,2,1
n07716358_6477,zucchini,2,0
n07716358_6488,zucchini,2,1
n07716358_6489,zucchini,2,1
n07716358_649,zucchini,2,1
n07716358_6492,zucchini,2,4
n07716358_6499,zucchini,2,1
n07716358_653,zucchini,2,1
n07716358_6548,zucchini,2,2
n07716358_6585,zucchini,2,2
n07716358_6628,zucchini,2,4
n07716358_6676,zucchini,2,0
n07716358_6677,zucchini,2,3
n07716358_6693,zucchini,2,2
n07716358_6695,zucchini,2,0
n07716358_6697,zucchini,2,2
n07716358_6725,zucchini,2,2
n07716358_6729,zucchini,2,2
n07716358_6741,zucchini,2,1
n07716358_678,zucchini,2,1
n07716358_680,zucchini,2,2
n07716358_6804,zucchini,2,3
n07716358_6812,zucchini,2,2
n07716358_6817,zucchini,2,0
n07716358_6824,zucchini,2,2
n07716358_6843,zucchini,2,0
n07716358_6865,zucchini,2,4
n07716358_6868,zucchini,2,4
n07716358_6874,zucchini,2,2
n07716358_6890,zucchini,2,0
n07716358_6926,zucchini,2,1
n07716358_694,zucchini,2,3
n07716358_6954,zucchini,2,1
n07716358_6968,zucchini,2,4
n07716358_6995,zucchini,2,4
n07716358_701,zucchini,2,2
n07716358_7027,zucchini,2,2
n07716358_705,zucchini,2,0
n07716358_7085,zucchini,2,2
n07716358_7097,zucchini,2,2
n07716358_7177,zucchini,2,3
n07716358_718,zucchini,2,2
n07716358_7180,zucchini,2,3
n07716358_7206,zucchini,2,1
n07716358_7226,zucchini,2,4
n07716358_723,zucchini,2,1
n07716358_7242,zucchini,2,4
n07716358_7247,zucchini,2,1
n07716358_7251,zucchini,2,4
n07716358_7265,zucchini,2,4
n07716358_7283,zucchini,2,0
n07716358_7285,zucchini,2,0
n07716358_7298,zucchini,2,3
n07716358_7311,zucchini,2,2
n07716358_7355,zucchini,2,4
n07716358_7365,zucchini,2,4
n07716358_7434,zucchini,2,0
n07716358_7458,zucchini,2,1
n07716358_7486,zucchini,2,4
n07716358_7487,zucchini,2,3
n07716358_7555,zucchini,2,2
n07716358_7574,zucchini,2,3
n07716358_7584,zucchini,2,0
n07716358_7618,zucchini,2,2
n07716358_7626,zucchini,2,2
n07716358_7687,zucchini,2,2
n07716358_7850,zucchini,2,3
n07716358_792,zucchini,2,1
n07716358_800,zucchini,2,1
n07716358_803,zucchini,2,0
n07716358_8041,zucchini,2,1
n07716358_8055,zucchini,2,2
n07716358_8079,zucchini,2,0
n07716358_8119,zucchini,2,2
n07716358_8149,zucchini,2,1
n07716358_816,zucchini,2,1
n07716358_8175,zucchini,2,2
n07716358_8266,zucchini,2,4
n07716358_8285,zucchini,2,0
n07716358_830,zucchini,2,3
n07716358_8358,zucchini,2,0
n07716358_839,zucchini,2,4
n07716358_8390,zucchini,2,4
n07716358_8397,zucchini,2,1
n07716358_8438,zucchini,2,2
n07716358_8455,zucchini,2,3
n07716358_8575,zucchini,2,2
n07716358_8578,zucchini,2,3
n07716358_8661,zucchini,2,0
n07716358_8664,zucchini,2,3
n07716358_8674,zucchini,2,3
n07716358_8695,zucchini,2,2
n07716358_8726,zucchini,2,1
n07716358_8754,zucchini,2,2
n07716358_8796,zucchini,2,3
n07716358_8820,zucchini,2,1
n07716358_8848,zucchini,2,1
n07716358_8898,zucchini,2,4
n07716358_8938,zucchini,2,2
n07716358_8973,zucchini,2,1
n07716358_8988,zucchini,2,1
n07716358_8993,zucchini,2,2
n07716358_9014,zucchini,2,4
n07716358_902,zucchini,2,1
n07716358_9030,zucchini,2,0
n07716358_904,zucchini,2,0
n07716358_9042,zucchini,2,4
n07716358_9086,zucchini,2,0
n07716358_9089,zucchini,2,3
n07716358_9099,zucchini,2,0
n07716358_9112,zucchini,2,1
n07716358_9119,zucchini,2,3
n07716358_9135,zucchini,2,1
n07716358_9151,zucchini,2,0
n07716358_9178,zucchini,2,3
n07716358_9184,zucchini,2,0
n07716358_9199,zucchini,2,4
n07716358_9214,zucchini,2,0
n07716358_9307,zucchini,2,0
n07716358_9344,zucchini,2,2
n07716358_9347,zucchini,2,3
n07716358_935,zucchini,2,4
n07716358_9362,zucchini,2,4
n07716358_9369,zucchini,2,2
n07716358_9376,zucchini,2,0
n07716358_9395,zucchini,2,2
n07716358_9491,zucchini,2,1
n07716358_9544,zucchini,2,3
n07716358_9550,zucchini,2,2
n07716358_9588,zucchini,2,4
n07716358_960,zucchini,2,2
n07716358_9653,zucchini,2,2
n07716358_9686,zucchini,2,0
n07716358_9732,zucchini,2,4
n07716358_9749,zucchini,2,3
n07716358_979,zucchini,2,4
n07716358_9821,zucchini,2,4
n07716358_9835,zucchini,2,4
n07716358_9840,zucchini,2,3
n07716358_9866,zucchini,2,0
n07716358_9887,zucchini,2,0
n07716358_9897,zucchini,2,2
n07716358_9909,zucchini,2,1
n07716358_9934,zucchini,2,4
n07716358_9953,zucchini,2,2
n07716358_9974,zucchini,2,2
n07716358_9981,zucchini,2,1
n07716358_9983,zucchini,2,4
n07716358_9984,zucchini,2,1
n07716358_9995,zucchini,2,0
n07716358_9996,zucchini,2,4
n07716358_9997,zucchini,2,0
n07718472_1000,cucumber,2,1
n07718472_1001,cucumber,2,3
n07718472_1002,cucumber,2,3
n07718472_10050,cucumber,2,0
n07718472_1006,cucumber,2,2
n07718472_10107,cucumber,2,0
n07718472_10155,cucumber,2,2
n07718472_10198,cucumber,2,2
n07718472_1022,cucumber,2,1
n07718472_10238,cucumber,2,2
n07718472_1027,cucumber,2,3
n07718472_10298,cucumber,2,3
n07718472_103,cucumber,2,4
n07718472_10305,cucumber,2,4
n07718472_10316,cucumber,2,4
n07718472_10327,cucumber,2,1
n07718472_10341,cucumber,2,1
n07718472_10358,cucumber,2,3
n07718472_1037,cucumber,2,4
n07718472_10380,cucumber,2,2
n07718472_10383,cucumber,2,1
n07718472_10427,cucumber,2,2
n07718472_1043,cucumber,2,1
n07718472_1045,cucumber,2,3
n07718472_10468,cucumber,2,0
n07718472_10474,cucumber,2,0
n07718472_10483,cucumber,2,0
n07718472_1049,cucumber,2,0
n07718472_10496,cucumber,2,2
n07718472_10507,cucumber,2,1
n07718472_1054,cucumber,2,0
n07718472_10542,cucumber,2,1
n07718472_10599,cucumber,2,0
n07718472_10657,cucumber,2,4
n07718472_10666,cucumber,2,2
n07718472_10671,cucumber,2,1
n07718472_10704,cucumber,2,1
n07718472_10709,cucumber,2,3
n07718472_1071,cucumber,2,2
n07718472_10718,cucumber,2,2
n07718472_10729,cucumber,2,2
n07718472_10736,cucumber,2,1
n07718472_10742,cucumber,2,3
n07718472_10768,cucumber,2,4
n07718472_10797,cucumber,2,2
n07718472_10799,cucumber,2,3
n07718472_1080,cucumber,2,4
n07718472_10800,cucumber,2,1
n07718472_10804,cucumber,2,4
n07718472_10816,cucumber,2,0
n07718472_10820,cucumber,2,2
n07718472_10822,cucumber,2,3
n07718472_10828,cucumber,2,1
n07718472_1083,cucumber,2,0
n07718472_10835,cucumber,2,1
n07718472_10837,cucumber,2,2
n07718472_1085,cucumber,2,1
n07718472_10869,cucumber,2,4
n07718472_10874,cucumber,2,1
n07718472_10881,cucumber,2,3
n07718472_10894,cucumber,2,4
n07718472_10898,cucumber,2,3
n07718472_10905,cucumber,2,3
n07718472_1091,cucumber,2,4
n07718472_10924,cucumber,2,1
n07718472_10925,cucumber,2,0
n07718472_1094,cucumber,2,1
n07718472_10948,cucumber,2,4
n07718472_10977,cucumber,2,1
n07718472_1100,cucumber,2,1
n07718472_11000,cucumber,2,1
n07718472_11003,cucumber,2,0
n07718472_11013,cucumber,2,0
n07718472_11022,cucumber,2,1
n07718472_11024,cucumber,2,2
n07718472_1103,cucumber,2,3
n07718472_11049,cucumber,2,0
n07718472_11057,cucumber,2,4
n07718472_11066,cucumber,2,4
n07718472_11068,cucumber,2,3
n07718472_1107,cucumber,2,3
n07718472_11076,cucumber,2,2
n07718472_11080,cucumber,2,1
n07718472_11091,cucumber,2,1
n07718472_11093,cucumber,2,1
n07718472_1112,cucumber,2,3
n07718472_11138,cucumber,2,1
n07718472_1114,cucumber,2,4
n07718472_11144,cucumber,2,1
n07718472_11147,cucumber,2,0
n07718472_11150,cucumber,2,1
n07718472_1120,cucumber,2,4
n07718472_11220,cucumber,2,1
n07718472_11244,cucumber,2,1
n07718472_11247,cucumber,2,0
n07718472_1125,cucumber,2,1
n07718472_11252,cucumber,2,2
n07718472_11255,cucumber,2,4
n07718472_11256,cucumber,2,1
n07718472_11261,cucumber,2,2
n07718472_11278,cucumber,2,4
n07718472_11279,cucumber,2,0
n07718472_1129,cucumber,2,1
n07718472_1130,cucumber,2,4
n07718472_11310,cucumber,2,2
n07718472_11321,cucumber,2,0
n07718472_1137,cucumber,2,2
n07718472_11393,cucumber,2,0
n07718472_11396,cucumber,2,0
n07718472_1140,cucumber,2,1
n07718472_11437,cucumber,2,2
n07718472_11440,cucumber,2,4
n07718472_11449,cucumber,2,0
n07718472_11493,cucumber,2,2
n07718472_11508,cucumber,2,4
n07718472_11536,cucumber,2,2
n07718472_11567,cucumber,2,0
n07718472_11569,cucumber,2,1
n07718472_11617,cucumber,2,3
n07718472_11623,cucumber,2,2
n07718472_11655,cucumber,2,3
n07718472_11656,cucumber,2,0
n07718472_11677,cucumber,2,4
n07718472_11678,cucumber,2,2
n07718472_11680,cucumber,2,3
n07718472_11681,cucumber,2,1
n07718472_11692,cucumber,2,1
n07718472_11696,cucumber,2,0
n07718472_11702,cucumber,2,4
n07718472_11706,cucumber,2,3
n07718472_1172,cucumber,2,2
n07718472_11721,cucumber,2,3
n07718472_1177,cucumber,2,3
n07718472_11775,cucumber,2,3
n07718472_11787,cucumber,2,3
n07718472_11793,cucumber,2,1
n07718472_11802,cucumber,2,4
n07718472_11810,cucumber,2,1
n07718472_1182,cucumber,2,0
n07718472_11865,cucumber,2,3
n07718472_1187,cucumber,2,0
n07718472_11878,cucumber,2,4
n07718472_119,cucumber,2,1
n07718472_11936,cucumber,2,4
n07718472_1198,cucumber,2,2
n07718472_11984,cucumber,2,4
n07718472_12002,cucumber,2,0
n07718472_12014,cucumber,2,0
n07718472_1205,cucumber,2,3
n07718472_12057,cucumber,2,2
n07718472_1208,cucumber,2,0
n07718472_12086,cucumber,2,4
n07718472_12100,cucumber,2,3
n07718472_12118,cucumber,2,0
n07718472_12132,cucumber,2,1
n07718472_12144,cucumber,2,1
n07718472_12197,cucumber,2,2
n07718472_12212,cucumber,2,1
n07718472_12228,cucumber,2,2
n07718472_12251,cucumber,2,1
n07718472_12270,cucumber,2,1
n07718472_12278,cucumber,2,3
n07718472_12300,cucumber,2,2
n07718472_12323,cucumber,2,4
n07718472_1233,cucumber,2,0
n07718472_12361,cucumber,2,1
n07718472_12363,cucumber,2,2
n07718472_12391,cucumber,2,4
n07718472_12396,cucumber,2,3
n07718472_12399,cucumber,2,2
n07718472_12405,cucumber,2,2
n07718472_12416,cucumber,2,3
n07718472_12439,cucumber,2,4
n07718472_12441,cucumber,2,3
n07718472_12447,cucumber,2,4
n07718472_12449,cucumber,2,4
n07718472_12453,cucumber,2,1
n07718472_12458,cucumber,2,1
n07718472_12477,cucumber,2,4
n07718472_1248,cucumber,2,0
n07718472_12509,cucumber,2,0
n07718472_12529,cucumber,2,4
n07718472_12535,cucumber,2,2
n07718472_12554,cucumber,2,1
n07718472_12571,cucumber,2,4
n07718472_12575,cucumber,2,1
n07718472_1258,cucumber,2,3
n07718472_12601,cucumber,2,4
n07718472_12620,cucumber,2,3
n07718472_12624,cucumber,2,4
n07718472_12647,cucumber,2,4
n07718472_12673,cucumber,2,3
n07718472_12683,cucumber,2,1
n07718472_1270,cucumber,2,3
n07718472_12705,cucumber,2,1
n07718472_12706,cucumber,2,0
n07718472_12766,cucumber,2,2
n07718472_12777,cucumber,2,2
n07718472_12796,cucumber,2,3
n07718472_12812,cucumber,2,3
n07718472_12814,cucumber,2,2
n07718472_12819,cucumber,2,2
n07718472_12851,cucumber,2,4
n07718472_12855,cucumber,2,2
n07718472_12893,cucumber,2,1
n07718472_12902,cucumber,2,4
n07718472_12905,cucumber,2,2
n07718472_12919,cucumber,2,2
n07718472_12983,cucumber,2,3
n07718472_12997,cucumber,2,4
n07718472_13060,cucumber,2,1
n07718472_1308,cucumber,2,1
n07718472_13096,cucumber,2,0
n07718472_13104,cucumber,2,2
n07718472_13105,cucumber,2,3
n07718472_13111,cucumber,2,4
n07718472_13124,cucumber,2,2
n07718472_13127,cucumber,2,2
n07718472_1315,cucumber,2,1
n07718472_13156,cucumber,2,0
n07718472_13163,cucumber,2,0
n07718472_13176,cucumber,2,0
n07718472_1318,cucumber,2,3
n07718472_13190,cucumber,2,4
n07718472_13227,cucumber,2,4
n07718472_13250,cucumber,2,3
n07718472_13252,cucumber,2,0
n07718472_13254,cucumber,2,1
n07718472_13255,cucumber,2,4
n07718472_1327,cucumber,2,1
n07718472_13274,cucumber,2,4
n07718472_13317,cucumber,2,0
n07718472_13378,cucumber,2,0
n07718472_1338,cucumber,2,1
n07718472_13384,cucumber,2,3
n07718472_13399,cucumber,2,4
n07718472_13429,cucumber,2,4
n07718472_13447,cucumber,2,1
n07718472_13451,cucumber,2,4
n07718472_13465,cucumber,2,3
n07718472_13483,cucumber,2,4
n07718472_1349,cucumber,2,0
n07718472_13575,cucumber,2,0
n07718472_136,cucumber,2,4
n07718472_1360,cucumber,2,4
n07718472_13608,cucumber,2,1
n07718472_13635,cucumber,2,4
n07718472_13649,cucumber,2,2
n07718472_13657,cucumber,2,4
n07718472_13668,cucumber,2,2
n07718472_13678,cucumber,2,1
n07718472_13685,cucumber,2,2
n07718472_13735,cucumber,2,4
n07718472_13770,cucumber,2,0
n07718472_1378,cucumber,2,3
n07718472_13808,cucumber,2,0
n07718472_13809,cucumber,2,1
n07718472_1384,cucumber,2,3
n07718472_13844,cucumber,2,0
n07718472_13900,cucumber,2,2
n07718472_1392,cucumber,2,1
n07718472_1394,cucumber,2,3
n07718472_13942,cucumber,2,4
n07718472_13944,cucumber,2,0
n07718472_13950,cucumber,2,3
n07718472_13958,cucumber,2,2
n07718472_13974,cucumber,2,1
n07718472_13980,cucumber,2,3
n07718472_14043,cucumber,2,3
n07718472_14045,cucumber,2,2
n07718472_1407,cucumber,2,2
n07718472_14082,cucumber,2,2
n07718472_14117,cucumber,2,0
n07718472_14118,cucumber,2,3
n07718472_14135,cucumber,2,4
n07718472_14152,cucumber,2,0
n07718472_14159,cucumber,2,4
n07718472_1416,cucumber,2,0
n07718472_1417,cucumber,2,3
n07718472_14174,cucumber,2,4
n07718472_14185,cucumber,2,0
n07718472_14186,cucumber,2,2
n07718472_14202,cucumber,2,1
n07718472_14217,cucumber,2,4
n07718472_14225,cucumber,2,2
n07718472_14244,cucumber,2,3
n07718472_14248,cucumber,2,0
n07718472_1425,cucumber,2,2
n07718472_1428,cucumber,2,4
n07718472_1429,cucumber,2,2
n07718472_1433,cucumber,2,2
n07718472_14333,cucumber,2,4
n07718472_14341,cucumber,2,4
n07718472_14343,cucumber,2,3
n07718472_14346,cucumber,2,4
n07718472_1435,cucumber,2,4
n07718472_14352,cucumber,2,4
n07718472_14353,cucumber,2,4
n07718472_14355,cucumber,2,4
n07718472_14364,cucumber,2,0
n07718472_14365,cucumber,2,1
n07718472_14370,cucumber,2,3
n07718472_1438,cucumber,2,3
n07718472_14442,cucumber,2,0
n07718472_14484,cucumber,2,3
n07718472_14488,cucumber,2,0
n07718472_14494,cucumber,2,2
n07718472_14550,cucumber,2,0
n07718472_14559,cucumber,2,1
n07718472_14576,cucumber,2,3
n07718472_14590,cucumber,2,2
n07718472_14640,cucumber,2,2
n07718472_1465,cucumber,2,0
n07718472_14662,cucumber,2,2
n07718472_14676,cucumber,2,2
n07718472_14693,cucumber,2,4
n07718472_14697,cucumber,2,2
n07718472_14699,cucumber,2,0
n07718472_14735,cucumber,2,3
n07718472_14736,cucumber,2,0
n07718472_14741,cucumber,2,3
n07718472_14743,cucumber,2,4
n07718472_1482,cucumber,2,1
n07718472_14840,cucumber,2,1
n07718472_14851,cucumber,2,0
n07718472_14878,cucumber,2,0
n07718472_14910,cucumber,2,3
n07718472_14924,cucumber,2,1
n07718472_14957,cucumber,2,1
n07718472_14959,cucumber,2,0
n07718472_14970,cucumber,2,4
n07718472_14989,cucumber,2,0
n07718472_15045,cucumber,2,4
n07718472_151,cucumber,2,4
n07718472_1510,cucumber,2,2
n07718472_1512,cucumber,2,0
n07718472_1515,cucumber,2,1
n07718472_15219,cucumber,2,2
n07718472_15225,cucumber,2,0
n07718472_15229,cucumber,2,1
n07718472_15235,cucumber,2,2
n07718472_15247,cucumber,2,1
n07718472_15286,cucumber,2,2
n07718472_15291,cucumber,2,1
n07718472_15297,cucumber,2,3
n07718472_15302,cucumber,2,1
n07718472_1535,cucumber,2,0
n07718472_1536,cucumber,2,0
n07718472_15374,cucumber,2,1
n07718472_15382,cucumber,2,0
n07718472_15410,cucumber,2,0
n07718472_15416,cucumber,2,2
n07718472_15417,cucumber,2,4
n07718472_15447,cucumber,2,1
n07718472_15454,cucumber,2,0
n07718472_15483,cucumber,2,0
n07718472_15485,cucumber,2,0
n07718472_1550,cucumber,2,0
n07718472_1553,cucumber,2,3
n07718472_15558,cucumber,2,3
n07718472_15596,cucumber,2,3
n07718472_15602,cucumber,2,4
n07718472_1562,cucumber,2,3
n07718472_1563,cucumber,2,4
n07718472_15651,cucumber,2,1
n07718472_15697,cucumber,2,1
n07718472_15699,cucumber,2,0
n07718472_15704,cucumber,2,4
n07718472_15724,cucumber,2,1
n07718472_15743,cucumber,2,0
n07718472_15753,cucumber,2,4
n07718472_15767,cucumber,2,4
n07718472_15769,cucumber,2,0
n07718472_15786,cucumber,2,1
n07718472_15812,cucumber,2,2
n07718472_15865,cucumber,2,4
n07718472_15880,cucumber,2,0
n07718472_15936,cucumber,2,3
n07718472_1601,cucumber,2,2
n07718472_16022,cucumber,2,4
n07718472_16043,cucumber,2,4
n07718472_16091,cucumber,2,3
n07718472_16092,cucumber,2,0
n07718472_16104,cucumber,2,0
n07718472_1612,cucumber,2,2
n07718472_16183,cucumber,2,0
n07718472_16211,cucumber,2,2
n07718472_16227,cucumber,2,1
n07718472_16234,cucumber,2,3
n07718472_16246,cucumber,2,2
n07718472_16248,cucumber,2,3
n07718472_1625,cucumber,2,0
n07718472_16258,cucumber,2,0
n07718472_1629,cucumber,2,4
n07718472_16325,cucumber,2,4
n07718472_16329,cucumber,2,1
n07718472_16336,cucumber,2,2
n07718472_16339,cucumber,2,0
n07718472_16369,cucumber,2,4
n07718472_16415,cucumber,2,3
n07718472_1643,cucumber,2,0
n07718472_1645,cucumber,2,3
n07718472_16461,cucumber,2,1
n07718472_16478,cucumber,2,1
n07718472_1649,cucumber,2,4
n07718472_16501,cucumber,2,1
n07718472_16502,cucumber,2,2
n07718472_16515,cucumber,2,2
n07718472_1655,cucumber,2,3
n07718472_16592,cucumber,2,0
n07718472_16593,cucumber,2,4
n07718472_1660,cucumber,2,3
n07718472_16642,cucumber,2,0
n07718472_16656,cucumber,2,0
n07718472_16687,cucumber,2,4
n07718472_1670,cucumber,2,0
n07718472_16704,cucumber,2,4
n07718472_16719,cucumber,2,3
n07718472_16726,cucumber,2,1
n07718472_16761,cucumber,2,4
n07718472_16832,cucumber,2,2
n07718472_16845,cucumber,2,0
n07718472_16877,cucumber,2,0
n07718472_16894,cucumber,2,2
n07718472_16926,cucumber,2,0
n07718472_16934,cucumber,2,1
n07718472_16953,cucumber,2,3
n07718472_16954,cucumber,2,4
n07718472_17002,cucumber,2,0
n07718472_17005,cucumber,2,3
n07718472_17030,cucumber,2,1
n07718472_17032,cucumber,2,1
n07718472_17040,cucumber,2,2
n07718472_17045,cucumber,2,2
n07718472_17065,cucumber,2,1
n07718472_17076,cucumber,2,3
n07718472_17081,cucumber,2,1
n07718472_17087,cucumber,2,2
n07718472_17100,cucumber,2,4
n07718472_17103,cucumber,2,2
n07718472_1711,cucumber,2,3
n07718472_17181,cucumber,2,2
n07718472_1719,cucumber,2,3
n07718472_17191,cucumber,2,1
n07718472_1720,cucumber,2,3
n07718472_17217,cucumber,2,0
n07718472_17228,cucumber,2,0
n07718472_1726,cucumber,2,2
n07718472_17272,cucumber,2,4
n07718472_17353,cucumber,2,4
n07718472_17366,cucumber,2,1
n07718472_17398,cucumber,2,2
n07718472_17407,cucumber,2,1
n07718472_17415,cucumber,2,4
n07718472_17416,cucumber,2,0
n07718472_17436,cucumber,2,3
n07718472_17440,cucumber,2,4
n07718472_1751,cucumber,2,4
n07718472_17518,cucumber,2,1
n07718472_17571,cucumber,2,4
n07718472_17646,cucumber,2,1
n07718472_17665,cucumber,2,2
n07718472_17672,cucumber,2,3
n07718472_17788,cucumber,2,2
n07718472_17881,cucumber,2,1
n07718472_17915,cucumber,2,0
n07718472_1793,cucumber,2,1
n07718472_17947,cucumber,2,4
n07718472_17970,cucumber,2,0
n07718472_1803,cucumber,2,0
n07718472_18058,cucumber,2,2
n07718472_1806,cucumber,2,1
n07718472_18099,cucumber,2,2
n07718472_18116,cucumber,2,1
n07718472_1813,cucumber,2,0
n07718472_18145,cucumber,2,4
n07718472_18197,cucumber,2,4
n07718472_18201,cucumber,2,2
n07718472_1821,cucumber,2,2
n07718472_18210,cucumber,2,4
n07718472_18211,cucumber,2,4
n07718472_18244,cucumber,2,2
n07718472_18266,cucumber,2,3
n07718472_18277,cucumber,2,2
n07718472_1829,cucumber,2,3
n07718472_18296,cucumber,2,1
n07718472_18309,cucumber,2,2
n07718472_18317,cucumber,2,1
n07718472_1833,cucumber,2,2
n07718472_18351,cucumber,2,0
n07718472_18354,cucumber,2,4
n07718472_18379,cucumber,2,2
n07718472_18390,cucumber,2,2
n07718472_18396,cucumber,2,3
n07718472_18464,cucumber,2,3
n07718472_18465,cucumber,2,1
n07718472_18494,cucumber,2,4
n07718472_185,cucumber,2,1
n07718472_18566,cucumber,2,2
n07718472_18583,cucumber,2,2
n07718472_18592,cucumber,2,0
n07718472_18615,cucumber,2,1
n07718472_18641,cucumber,2,2
n07718472_18642,cucumber,2,1
n07718472_18675,cucumber,2,2
n07718472_18676,cucumber,2,3
n07718472_18682,cucumber,2,3
n07718472_18725,cucumber,2,0
n07718472_18766,cucumber,2,1
n07718472_1877,cucumber,2,0
n07718472_18803,cucumber,2,4
n07718472_18832,cucumber,2,3
n07718472_18837,cucumber,2,2
n07718472_18839,cucumber,2,1
n07718472_18840,cucumber,2,0
n07718472_18855,cucumber,2,1
n07718472_18871,cucumber,2,2
n07718472_18880,cucumber,2,0
n07718472_18885,cucumber,2,3
n07718472_18926,cucumber,2,4
n07718472_18934,cucumber,2,3
n07718472_18937,cucumber,2,4
n07718472_18942,cucumber,2,0
n07718472_1898,cucumber,2,1
n07718472_19001,cucumber,2,1
n07718472_19009,cucumber,2,0
n07718472_19051,cucumber,2,1
n07718472_19069,cucumber,2,2
n07718472_19100,cucumber,2,3
n07718472_19104,cucumber,2,2
n07718472_19114,cucumber,2,0
n07718472_19121,cucumber,2,4
n07718472_19129,cucumber,2,3
n07718472_19135,cucumber,2,0
n07718472_19159,cucumber,2,0
n07718472_19164,cucumber,2,1
n07718472_19194,cucumber,2,4
n07718472_19202,cucumber,2,0
n07718472_19254,cucumber,2,4
n07718472_19329,cucumber,2,1
n07718472_19346,cucumber,2,1
n07718472_19428,cucumber,2,0
n07718472_19436,cucumber,2,0
n07718472_1945,cucumber,2,4
n07718472_19500,cucumber,2,2
n07718472_1952,cucumber,2,1
n07718472_19586,cucumber,2,1
n07718472_1960,cucumber,2,4
n07718472_19614,cucumber,2,3
n07718472_19619,cucumber,2,1
n07718472_19637,cucumber,2,3
n07718472_19645,cucumber,2,3
n07718472_19646,cucumber,2,4
n07718472_19652,cucumber,2,2
n07718472_19662,cucumber,2,3
n07718472_19675,cucumber,2,2
n07718472_19691,cucumber,2,0
n07718472_19736,cucumber,2,1
n07718472_19819,cucumber,2,1
n07718472_19875,cucumber,2,1
n07718472_19889,cucumber,2,3
n07718472_1994,cucumber,2,1
n07718472_19952,cucumber,2,2
n07718472_20012,cucumber,2,4
n07718472_20022,cucumber,2,3
n07718472_20027,cucumber,2,3
n07718472_20035,cucumber,2,3
n07718472_20063,cucumber,2,1
n07718472_2009,cucumber,2,4
n07718472_20092,cucumber,2,1
n07718472_20116,cucumber,2,2
n07718472_20134,cucumber,2,0
n07718472_20198,cucumber,2,0
n07718472_20201,cucumber,2,1
n07718472_20234,cucumber,2,3
n07718472_20288,cucumber,2,3
n07718472_20423,cucumber,2,0
n07718472_20450,cucumber,2,0
n07718472_20508,cucumber,2,1
n07718472_2052,cucumber,2,1
n07718472_20531,cucumber,2,3
n07718472_20591,cucumber,2,0
n07718472_20595,cucumber,2,1
n07718472_2060,cucumber,2,3
n07718472_20626,cucumber,2,3
n07718472_20639,cucumber,2,3
n07718472_20647,cucumber,2,1
n07718472_20654,cucumber,2,3
n07718472_20689,cucumber,2,0
n07718472_20751,cucumber,2,1
n07718472_20761,cucumber,2,3
n07718472_20774,cucumber,2,3
n07718472_20855,cucumber,2,4
n07718472_20908,cucumber,2,0
n07718472_2093,cucumber,2,1
n07718472_20946,cucumber,2,0
n07718472_20953,cucumber,2,3
n07718472_20996,cucumber,2,2
n07718472_210,cucumber,2,1
n07718472_21000,cucumber,2,4
n07718472_21014,cucumber,2,0
n07718472_2107,cucumber,2,1
n07718472_21089,cucumber,2,3
n07718472_2110,cucumber,2,4
n07718472_21111,cucumber,2,0
n07718472_2113,cucumber,2,4
n07718472_21149,cucumber,2,3
n07718472_21156,cucumber,2,2
n07718472_21157,cucumber,2,3
n07718472_21222,cucumber,2,3
n07718472_21300,cucumber,2,2
n07718472_21305,cucumber,2,0
n07718472_21335,cucumber,2,1
n07718472_2134,cucumber,2,0
n07718472_21365,cucumber,2,4
n07718472_21386,cucumber,2,0
n07718472_21406,cucumber,2,3
n07718472_21427,cucumber,2,3
n07718472_2147,cucumber,2,0
n07718472_21556,cucumber,2,1
n07718472_2156,cucumber,2,3
n07718472_21567,cucumber,2,3
n07718472_21568,cucumber,2,3
n07718472_2157,cucumber,2,4
n07718472_21578,cucumber,2,1
n07718472_2158,cucumber,2,2
n07718472_21591,cucumber,2,2
n07718472_21629,cucumber,2,2
n07718472_21631,cucumber,2,3
n07718472_21662,cucumber,2,0
n07718472_21669,cucumber,2,3
n07718472_21699,cucumber,2,1
n07718472_217,cucumber,2,3
n07718472_21726,cucumber,2,1
n07718472_21735,cucumber,2,2
n07718472_21762,cucumber,2,3
n07718472_21795,cucumber,2,2
n07718472_21826,cucumber,2,4
n07718472_21827,cucumber,2,0
n07718472_2184,cucumber,2,3
n07718472_21929,cucumber,2,3
n07718472_21939,cucumber,2,2
n07718472_21946,cucumber,2,4
n07718472_21964,cucumber,2,2
n07718472_21994,cucumber,2,3
n07718472_22043,cucumber,2,1
n07718472_22059,cucumber,2,4
n07718472_22082,cucumber,2,4
n07718472_22091,cucumber,2,2
n07718472_22111,cucumber,2,3
n07718472_22138,cucumber,2,1
n07718472_22141,cucumber,2,0
n07718472_22159,cucumber,2,0
n07718472_22186,cucumber,2,2
n07718472_22207,cucumber,2,3
n07718472_22208,cucumber,2,4
n07718472_22214,cucumber,2,4
n07718472_22218,cucumber,2,2
n07718472_22222,cucumber,2,4
n07718472_2224,cucumber,2,4
n07718472_22318,cucumber,2,0
n07718472_2232,cucumber,2,4
n07718472_22323,cucumber,2,1
n07718472_22327,cucumber,2,0
n07718472_22346,cucumber,2,3
n07718472_22350,cucumber,2,3
n07718472_22364,cucumber,2,1
n07718472_22372,cucumber,2,0
n07718472_2238,cucumber,2,3
n07718472_22390,cucumber,2,0
n07718472_224,cucumber,2,4
n07718472_22416,cucumber,2,2
n07718472_22428,cucumber,2,0
n07718472_22475,cucumber,2,1
n07718472_22500,cucumber,2,4
n07718472_22508,cucumber,2,0
n07718472_22526,cucumber,2,4
n07718472_22531,cucumber,2,1
n07718472_22533,cucumber,2,3
n07718472_22558,cucumber,2,2
n07718472_22563,cucumber,2,2
n07718472_22570,cucumber,2,4
n07718472_22586,cucumber,2,0
n07718472_22636,cucumber,2,1
n07718472_22641,cucumber,2,0
n07718472_22646,cucumber,2,2
n07718472_22658,cucumber,2,1
n07718472_22668,cucumber,2,3
n07718472_2280,cucumber,2,3
n07718472_2286,cucumber,2,0
n07718472_2296,cucumber,2,4
n07718472_2298,cucumber,2,0
n07718472_2304,cucumber,2,0
n07718472_2309,cucumber,2,3
n07718472_2325,cucumber,2,1
n07718472_233,cucumber,2,4
n07718472_2352,cucumber,2,0
n07718472_2399,cucumber,2,1
n07718472_2412,cucumber,2,2
n07718472_2431,cucumber,2,4
n07718472_2500,cucumber,2,4
n07718472_2507,cucumber,2,0
n07718472_2509,cucumber,2,0
n07718472_2525,cucumber,2,2
n07718472_2555,cucumber,2,0
n07718472_2565,cucumber,2,0
n07718472_2578,cucumber,2,1
n07718472_2581,cucumber,2,0
n07718472_2598,cucumber,2,1
n07718472_2609,cucumber,2,3
n07718472_262,cucumber,2,0
n07718472_2621,cucumber,2,2
n07718472_2648,cucumber,2,2
n07718472_2655,cucumber,2,2
n07718472_2663,cucumber,2,3
n07718472_2685,cucumber,2,3
n07718472_27,cucumber,2,0
n07718472_2718,cucumber,2,0
n07718472_2723,cucumber,2,3
n07718472_2777,cucumber,2,0
n07718472_2781,cucumber,2,3
n07718472_280,cucumber,2,4
n07718472_284,cucumber,2,3
n07718472_2841,cucumber,2,1
n07718472_2854,cucumber,2,4
n07718472_2857,cucumber,2,3
n07718472_2861,cucumber,2,4
n07718472_2870,cucumber,2,1
n07718472_2876,cucumber,2,4
n07718472_2878,cucumber,2,0
n07718472_288,cucumber,2,0
n07718472_2882,cucumber,2,2
n07718472_289,cucumber,2,4
n07718472_2890,cucumber,2,0
n07718472_2892,cucumber,2,2
n07718472_2907,cucumber,2,3
n07718472_291,cucumber,2,1
n07718472_2924,cucumber,2,0
n07718472_2938,cucumber,2,0
n07718472_2954,cucumber,2,0
n07718472_2964,cucumber,2,4
n07718472_2965,cucumber,2,2
n07718472_2969,cucumber,2,4
n07718472_3017,cucumber,2,3
n07718472_3025,cucumber,2,2
n07718472_3027,cucumber,2,0
n07718472_3030,cucumber,2,0
n07718472_3034,cucumber,2,3
n07718472_3036,cucumber,2,4
n07718472_3044,cucumber,2,4
n07718472_3058,cucumber,2,4
n07718472_3070,cucumber,2,4
n07718472_3077,cucumber,2,3
n07718472_3082,cucumber,2,3
n07718472_3094,cucumber,2,3
n07718472_3108,cucumber,2,3
n07718472_3111,cucumber,2,4
n07718472_3133,cucumber,2,2
n07718472_3136,cucumber,2,2
n07718472_3141,cucumber,2,1
n07718472_3144,cucumber,2,4
n07718472_3152,cucumber,2,3
n07718472_3154,cucumber,2,0
n07718472_3170,cucumber,2,2
n07718472_3172,cucumber,2,1
n07718472_3178,cucumber,2,2
n07718472_3204,cucumber,2,2
n07718472_3219,cucumber,2,0
n07718472_3222,cucumber,2,4
n07718472_3244,cucumber,2,3
n07718472_3252,cucumber,2,0
n07718472_3259,cucumber,2,3
n07718472_3270,cucumber,2,3
n07718472_3272,cucumber,2,4
n07718472_3278,cucumber,2,4
n07718472_3280,cucumber,2,1
n07718472_3301,cucumber,2,3
n07718472_3305,cucumber,2,3
n07718472_3309,cucumber,2,0
n07718472_3310,cucumber,2,2
n07718472_3314,cucumber,2,4
n07718472_3326,cucumber,2,3
n07718472_3329,cucumber,2,3
n07718472_3330,cucumber,2,1
n07718472_3339,cucumber,2,0
n07718472_334,cucumber,2,3
n07718472_3346,cucumber,2,1
n07718472_3348,cucumber,2,1
n07718472_3353,cucumber,2,0
n07718472_3371,cucumber,2,0
n07718472_3378,cucumber,2,1
n07718472_339,cucumber,2,0
n07718472_340,cucumber,2,3
n07718472_3400,cucumber,2,3
n07718472_3403,cucumber,2,2
n07718472_3422,cucumber,2,0
n07718472_3424,cucumber,2,1
n07718472_3427,cucumber,2,4
n07718472_3429,cucumber,2,0
n07718472_3445,cucumber,2,1
n07718472_3458,cucumber,2,3
n07718472_3481,cucumber,2,1
n07718472_351,cucumber,2,1
n07718472_3516,cucumber,2,0
n07718472_3519,cucumber,2,2
n07718472_352,cucumber,2,3
n07718472_3521,cucumber,2,1
n07718472_3522,cucumber,2,1
n07718472_3525,cucumber,2,1
n07718472_3534,cucumber,2,0
n07718472_3535,cucumber,2,0
n07718472_3537,cucumber,2,4
n07718472_3561,cucumber,2,4
n07718472_3565,cucumber,2,0
n07718472_3577,cucumber,2,1
n07718472_3584,cucumber,2,2
n07718472_3618,cucumber,2,3
n07718472_3625,cucumber,2,1
n07718472_3628,cucumber,2,4
n07718472_3630,cucumber,2,3
n07718472_3632,cucumber,2,2
n07718472_3642,cucumber,2,3
n07718472_3643,cucumber,2,4
n07718472_3659,cucumber,2,1
n07718472_3660,cucumber,2,4
n07718472_3664,cucumber,2,4
n07718472_3671,cucumber,2,4
n07718472_3672,cucumber,2,3
n07718472_3673,cucumber,2,2
n07718472_3707,cucumber,2,2
n07718472_373,cucumber,2,4
n07718472_3746,cucumber,2,1
n07718472_3752,cucumber,2,0
n07718472_3775,cucumber,2,4
n07718472_379,cucumber,2,4
n07718472_3792,cucumber,2,4
n07718472_381,cucumber,2,3
n07718472_3843,cucumber,2,3
n07718472_3872,cucumber,2,3
n07718472_3891,cucumber,2,1
n07718472_3892,cucumber,2,3
n07718472_3910,cucumber,2,2
n07718472_3914,cucumber,2,2
n07718472_3915,cucumber,2,2
n07718472_3929,cucumber,2,3
n07718472_3953,cucumber,2,3
n07718472_3966,cucumber,2,2
n07718472_3983,cucumber,2,3
n07718472_3984,cucumber,2,3
n07718472_3987,cucumber,2,1
n07718472_3990,cucumber,2,3
n07718472_4024,cucumber,2,3
n07718472_4031,cucumber,2,1
n07718472_4041,cucumber,2,2
n07718472_4055,cucumber,2,1
n07718472_4079,cucumber,2,4
n07718472_4099,cucumber,2,0
n07718472_4136,cucumber,2,3
n07718472_4138,cucumber,2,4
n07718472_4150,cucumber,2,2
n07718472_4152,cucumber,2,1
n07718472_4164,cucumber,2,0
n07718472_4176,cucumber,2,4
n07718472_418,cucumber,2,4
n07718472_4196,cucumber,2,1
n07718472_4200,cucumber,2,4
n07718472_4215,cucumber,2,4
n07718472_4217,cucumber,2,2
n07718472_4233,cucumber,2,2
n07718472_4234,cucumber,2,0
n07718472_4241,cucumber,2,4
n07718472_4244,cucumber,2,1
n07718472_4255,cucumber,2,2
n07718472_4265,cucumber,2,4
n07718472_4272,cucumber,2,3
n07718472_4281,cucumber,2,0
n07718472_4290,cucumber,2,1
n07718472_4293,cucumber,2,0
n07718472_4299,cucumber,2,2
n07718472_4320,cucumber,2,3
n07718472_4322,cucumber,2,3
n07718472_4346,cucumber,2,1
n07718472_4372,cucumber,2,3
n07718472_4385,cucumber,2,0
n07718472_4390,cucumber,2,2
n07718472_4393,cucumber,2,2
n07718472_4406,cucumber,2,3
n07718472_4411,cucumber,2,4
n07718472_4413,cucumber,2,4
n07718472_4414,cucumber,2,1
n07718472_4415,cucumber,2,4
n07718472_442,cucumber,2,1
n07718472_4426,cucumber,2,2
n07718472_4427,cucumber,2,2
n07718472_4430,cucumber,2,2
n07718472_4432,cucumber,2,3
n07718472_4447,cucumber,2,0
n07718472_446,cucumber,2,2
n07718472_4487,cucumber,2,0
n07718472_4494,cucumber,2,2
n07718472_4498,cucumber,2,4
n07718472_4502,cucumber,2,0
n07718472_4511,cucumber,2,3
n07718472_4516,cucumber,2,1
n07718472_452,cucumber,2,4
n07718472_4521,cucumber,2,3
n07718472_4525,cucumber,2,3
n07718472_4549,cucumber,2,2
n07718472_4558,cucumber,2,3
n07718472_457,cucumber,2,0
n07718472_458,cucumber,2,1
n07718472_4619,cucumber,2,1
n07718472_4628,cucumber,2,4
n07718472_4630,cucumber,2,4
n07718472_464,cucumber,2,3
n07718472_4654,cucumber,2,0
n07718472_4663,cucumber,2,0
n07718472_4685,cucumber,2,1
n07718472_4699,cucumber,2,1
n07718472_4707,cucumber,2,2
n07718472_4718,cucumber,2,4
n07718472_4736,cucumber,2,2
n07718472_4758,cucumber,2,1
n07718472_4759,cucumber,2,2
n07718472_4819,cucumber,2,4
n07718472_4832,cucumber,2,4
n07718472_4835,cucumber,2,0
n07718472_4843,cucumber,2,4
n07718472_486,cucumber,2,0
n07718472_4876,cucumber,2,1
n07718472_4878,cucumber,2,2
n07718472_4880,cucumber,2,4
n07718472_4914,cucumber,2,0
n07718472_4926,cucumber,2,4
n07718472_493,cucumber,2,2
n07718472_494,cucumber,2,2
n07718472_4945,cucumber,2,4
n07718472_4994,cucumber,2,2
n07718472_501,cucumber,2,2
n07718472_502,cucumber,2,3
n07718472_5107,cucumber,2,3
n07718472_512,cucumber,2,2
n07718472_5155,cucumber,2,0
n07718472_5157,cucumber,2,2
n07718472_517,cucumber,2,2
n07718472_5175,cucumber,2,2
n07718472_519,cucumber,2,2
n07718472_5219,cucumber,2,2
n07718472_5247,cucumber,2,3
n07718472_5286,cucumber,2,4
n07718472_5304,cucumber,2,4
n07718472_5321,cucumber,2,1
n07718472_5324,cucumber,2,1
n07718472_5341,cucumber,2,2
n07718472_5377,cucumber,2,4
n07718472_5391,cucumber,2,1
n07718472_546,cucumber,2,1
n07718472_5464,cucumber,2,2
n07718472_5483,cucumber,2,3
n07718472_5485,cucumber,2,3
n07718472_5495,cucumber,2,3
n07718472_5507,cucumber,2,4
n07718472_5522,cucumber,2,2
n07718472_5571,cucumber,2,4
n07718472_558,cucumber,2,3
n07718472_5583,cucumber,2,1
n07718472_559,cucumber,2,0
n07718472_5594,cucumber,2,4
n07718472_5597,cucumber,2,0
n07718472_5601,cucumber,2,2
n07718472_5662,cucumber,2,4
n07718472_567,cucumber,2,1
n07718472_5670,cucumber,2,2
n07718472_5676,cucumber,2,2
n07718472_5694,cucumber,2,3
n07718472_570,cucumber,2,4
n07718472_5706,cucumber,2,1
n07718472_5717,cucumber,2,0
n07718472_5720,cucumber,2,2
n07718472_5751,cucumber,2,0
n07718472_58,cucumber,2,4
n07718472_580,cucumber,2,1
n07718472_5817,cucumber,2,4
n07718472_583,cucumber,2,3
n07718472_5833,cucumber,2,1
n07718472_5838,cucumber,2,1
n07718472_5863,cucumber,2,3
n07718472_5896,cucumber,2,0
n07718472_591,cucumber,2,2
n07718472_6008,cucumber,2,2
n07718472_6009,cucumber,2,4
n07718472_6011,cucumber,2,1
n07718472_6016,cucumber,2,0
n07718472_6027,cucumber,2,2
n07718472_6034,cucumber,2,3
n07718472_6048,cucumber,2,0
n07718472_6076,cucumber,2,4
n07718472_6097,cucumber,2,3
n07718472_611,cucumber,2,4
n07718472_6110,cucumber,2,0
n07718472_6122,cucumber,2,4
n07718472_6127,cucumber,2,1
n07718472_614,cucumber,2,1
n07718472_6140,cucumber,2,0
n07718472_6181,cucumber,2,4
n07718472_6200,cucumber,2,0
n07718472_6201,cucumber,2,4
n07718472_6215,cucumber,2,1
n07718472_6217,cucumber,2,0
n07718472_623,cucumber,2,3
n07718472_626,cucumber,2,3
n07718472_6277,cucumber,2,0
n07718472_628,cucumber,2,0
n07718472_6281,cucumber,2,3
n07718472_6294,cucumber,2,3
n07718472_6300,cucumber,2,3
n07718472_6331,cucumber,2,4
n07718472_6334,cucumber,2,4
n07718472_6346,cucumber,2,0
n07718472_6351,cucumber,2,0
n07718472_640,cucumber,2,3
n07718472_6405,cucumber,2,1
n07718472_6410,cucumber,2,3
n07718472_6434,cucumber,2,4
n07718472_644,cucumber,2,1
n07718472_6446,cucumber,2,2
n07718472_6463,cucumber,2,4
n07718472_6487,cucumber,2,4
n07718472_650,cucumber,2,3
n07718472_651,cucumber,2,2
n07718472_6517,cucumber,2,0
n07718472_653,cucumber,2,0
n07718472_6532,cucumber,2,3
n07718472_6538,cucumber,2,4
n07718472_6548,cucumber,2,1
n07718472_655,cucumber,2,1
n07718472_6555,cucumber,2,3
n07718472_6566,cucumber,2,4
n07718472_6590,cucumber,2,2
n07718472_6594,cucumber,2,3
n07718472_662,cucumber,2,2
n07718472_6622,cucumber,2,2
n07718472_6629,cucumber,2,4
n07718472_6636,cucumber,2,0
n07718472_6652,cucumber,2,4
n07718472_6787,cucumber,2,2
n07718472_679,cucumber,2,2
n07718472_6799,cucumber,2,3
n07718472_6821,cucumber,2,4
n07718472_6850,cucumber,2,3
n07718472_6851,cucumber,2,1
n07718472_6853,cucumber,2,2
n07718472_6879,cucumber,2,3
n07718472_688,cucumber,2,3
n07718472_6889,cucumber,2,2
n07718472_6895,cucumber,2,2
n07718472_6907,cucumber,2,1
n07718472_6918,cucumber,2,2
n07718472_6919,cucumber,2,4
n07718472_6932,cucumber,2,3
n07718472_6961,cucumber,2,2
n07718472_6981,cucumber,2,3
n07718472_6982,cucumber,2,0
n07718472_6987,cucumber,2,3
n07718472_7035,cucumber,2,2
n07718472_7043,cucumber,2,1
n07718472_7047,cucumber,2,4
n07718472_7052,cucumber,2,4
n07718472_7066,cucumber,2,0
n07718472_7074,cucumber,2,0
n07718472_7076,cucumber,2,3
n07718472_7125,cucumber,2,3
n07718472_7145,cucumber,2,2
n07718472_7172,cucumber,2,2
n07718472_7182,cucumber,2,1
n07718472_7203,cucumber,2,2
n07718472_7224,cucumber,2,4
n07718472_723,cucumber,2,0
n07718472_7244,cucumber,2,0
n07718472_7255,cucumber,2,1
n07718472_7266,cucumber,2,2
n07718472_7275,cucumber,2,3
n07718472_7292,cucumber,2,1
n07718472_7386,cucumber,2,0
n07718472_7403,cucumber,2,0
n07718472_7415,cucumber,2,3
n07718472_742,cucumber,2,4
n07718472_7442,cucumber,2,3
n07718472_7466,cucumber,2,0
n07718472_7470,cucumber,2,3
n07718472_7510,cucumber,2,4
n07718472_7513,cucumber,2,4
n07718472_7518,cucumber,2,0
n07718472_7560,cucumber,2,4
n07718472_7561,cucumber,2,2
n07718472_7565,cucumber,2,3
n07718472_757,cucumber,2,3
n07718472_758,cucumber,2,2
n07718472_760,cucumber,2,3
n07718472_7662,cucumber,2,0
n07718472_7671,cucumber,2,1
n07718472_7675,cucumber,2,2
n07718472_7681,cucumber,2,0
n07718472_7691,cucumber,2,2
n07718472_7705,cucumber,2,3
n07718472_771,cucumber,2,2
n07718472_7746,cucumber,2,4
n07718472_7755,cucumber,2,0
n07718472_7756,cucumber,2,4
n07718472_777,cucumber,2,1
n07718472_7823,cucumber,2,2
n07718472_7830,cucumber,2,1
n07718472_7849,cucumber,2,2
n07718472_7857,cucumber,2,2
n07718472_787,cucumber,2,1
n07718472_788,cucumber,2,4
n07718472_789,cucumber,2,2
n07718472_7898,cucumber,2,4
n07718472_7899,cucumber,2,4
n07718472_7916,cucumber,2,2
n07718472_7939,cucumber,2,4
n07718472_7952,cucumber,2,1
n07718472_7958,cucumber,2,2
n07718472_7968,cucumber,2,3
n07718472_7989,cucumber,2,1
n07718472_7993,cucumber,2,2
n07718472_7996,cucumber,2,4
n07718472_8002,cucumber,2,3
n07718472_802,cucumber,2,4
n07718472_8065,cucumber,2,0
n07718472_807,cucumber,2,0
n07718472_8074,cucumber,2,2
n07718472_808,cucumber,2,4
n07718472_8086,cucumber,2,0
n07718472_8091,cucumber,2,2
n07718472_8107,cucumber,2,2
n07718472_8108,cucumber,2,4
n07718472_8118,cucumber,2,2
n07718472_8120,cucumber,2,4
n07718472_8124,cucumber,2,1
n07718472_8126,cucumber,2,2
n07718472_8144,cucumber,2,3
n07718472_8156,cucumber,2,0
n07718472_8159,cucumber,2,1
n07718472_8172,cucumber,2,0
n07718472_8177,cucumber,2,3
n07718472_8182,cucumber,2,0
n07718472_8203,cucumber,2,1
n07718472_823,cucumber,2,2
n07718472_8230,cucumber,2,1
n07718472_8231,cucumber,2,4
n07718472_8237,cucumber,2,4
n07718472_8261,cucumber,2,1
n07718472_8284,cucumber,2,0
n07718472_8287,cucumber,2,3
n07718472_8298,cucumber,2,2
n07718472_8303,cucumber,2,3
n07718472_8309,cucumber,2,0
n07718472_831,cucumber,2,1
n07718472_8319,cucumber,2,1
n07718472_8323,cucumber,2,0
n07718472_8333,cucumber,2,1
n07718472_8338,cucumber,2,3
n07718472_8343,cucumber,2,2
n07718472_8350,cucumber,2,3
n07718472_8353,cucumber,2,2
n07718472_8367,cucumber,2,4
n07718472_8376,cucumber,2,0
n07718472_8381,cucumber,2,1
n07718472_8386,cucumber,2,1
n07718472_8392,cucumber,2,1
n07718472_8403,cucumber,2,0
n07718472_842,cucumber,2,0
n07718472_8422,cucumber,2,2
n07718472_8434,cucumber,2,0
n07718472_8435,cucumber,2,0
n07718472_844,cucumber,2,2
n07718472_8448,cucumber,2,2
n07718472_8455,cucumber,2,1
n07718472_8457,cucumber,2,1
n07718472_847,cucumber,2,1
n07718472_8473,cucumber,2,4
n07718472_848,cucumber,2,4
n07718472_8481,cucumber,2,3
n07718472_8490,cucumber,2,3
n07718472_8501,cucumber,2,2
n07718472_8508,cucumber,2,2
n07718472_8512,cucumber,2,2
n07718472_8552,cucumber,2,0
n07718472_8555,cucumber,2,0
n07718472_8562,cucumber,2,4
n07718472_8575,cucumber,2,1
n07718472_8598,cucumber,2,2
n07718472_8624,cucumber,2,3
n07718472_8627,cucumber,2,4
n07718472_8633,cucumber,2,1
n07718472_8638,cucumber,2,0
n07718472_8643,cucumber,2,1
n07718472_8653,cucumber,2,1
n07718472_8672,cucumber,2,2
n07718472_8674,cucumber,2,4
n07718472_8677,cucumber,2,1
n07718472_8686,cucumber,2,3
n07718472_870,cucumber,2,0
n07718472_8702,cucumber,2,1
n07718472_8719,cucumber,2,3
n07718472_8727,cucumber,2,3
n07718472_873,cucumber,2,2
n07718472_8736,cucumber,2,1
n07718472_8740,cucumber,2,0
n07718472_8742,cucumber,2,1
n07718472_8743,cucumber,2,2
n07718472_8770,cucumber,2,2
n07718472_8772,cucumber,2,1
n07718472_8781,cucumber,2,0
n07718472_8788,cucumber,2,2
n07718472_8806,cucumber,2,4
n07718472_8824,cucumber,2,1
n07718472_8850,cucumber,2,0
n07718472_8855,cucumber,2,4
n07718472_886,cucumber,2,3
n07718472_8862,cucumber,2,0
n07718472_8863,cucumber,2,0
n07718472_8869,cucumber,2,0
n07718472_8875,cucumber,2,1
n07718472_8880,cucumber,2,1
n07718472_8946,cucumber,2,1
n07718472_8982,cucumber,2,4
n07718472_9017,cucumber,2,4
n07718472_9031,cucumber,2,1
n07718472_904,cucumber,2,3
n07718472_9058,cucumber,2,2
n07718472_907,cucumber,2,2
n07718472_9078,cucumber,2,2
n07718472_9082,cucumber,2,4
n07718472_9088,cucumber,2,0
n07718472_9112,cucumber,2,0
n07718472_9123,cucumber,2,2
n07718472_914,cucumber,2,0
n07718472_9212,cucumber,2,0
n07718472_922,cucumber,2,1
n07718472_9225,cucumber,2,2
n07718472_9292,cucumber,2,2
n07718472_9305,cucumber,2,3
n07718472_933,cucumber,2,4
n07718472_935,cucumber,2,1
n07718472_9380,cucumber,2,0
n07718472_9419,cucumber,2,3
n07718472_9471,cucumber,2,4
n07718472_9477,cucumber,2,2
n07718472_951,cucumber,2,2
n07718472_9548,cucumber,2,3
n07718472_9594,cucumber,2,2
n07718472_961,cucumber,2,3
n07718472_9633,cucumber,2,3
n07718472_9675,cucumber,2,3
n07718472_970,cucumber,2,0
n07718472_9754,cucumber,2,2
n07718472_9762,cucumber,2,3
n07718472_977,cucumber,2,3
n07718472_9778,cucumber,2,1
n07718472_9788,cucumber,2,0
n07718472_9797,cucumber,2,2
n07718472_9804,cucumber,2,4
n07718472_9824,cucumber,2,2
n07718472_9852,cucumber,2,4
n07718472_9874,cucumber,2,4
n07718472_9881,cucumber,2,0
n07716358_10003,zucchini,3,4
n07716358_10021,zucchini,3,2
n07716358_10032,zucchini,3,4
n07716358_1006,zucchini,3,4
n07716358_10104,zucchini,3,3
n07716358_1018,zucchini,3,2
n07716358_10200,zucchini,3,2
n07716358_10227,zucchini,3,1
n07716358_10234,zucchini,3,1
n07716358_10248,zucchini,3,3
n07716358_10251,zucchini,3,4
n07716358_10261,zucchini,3,1
n07716358_10266,zucchini,3,3
n07716358_10274,zucchini,3,3
n07716358_10283,zucchini,3,3
n07716358_10297,zucchini,3,2
n07716358_10301,zucchini,3,0
n07716358_10308,zucchini,3,3
n07716358_1032,zucchini,3,2
n07716358_10336,zucchini,3,2
n07716358_10366,zucchini,3,1
n07716358_10385,zucchini,3,3
n07716358_10402,zucchini,3,2
n07716358_10412,zucchini,3,3
n07716358_10460,zucchini,3,4
n07716358_10478,zucchini,3,4
n07716358_10480,zucchini,3,3
n07716358_105,zucchini,3,1
n07716358_10504,zucchini,3,3
n07716358_10507,zucchini,3,2
n07716358_10510,zucchini,3,2
n07716358_10513,zucchini,3,0
n07716358_10534,zucchini,3,2
n07716358_10535,zucchini,3,0
n07716358_10595,zucchini,3,2
n07716358_10598,zucchini,3,0
n07716358_106,zucchini,3,1
n07716358_10624,zucchini,3,1
n07716358_10635,zucchini,3,0
n07716358_10640,zucchini,3,3
n07716358_10648,zucchini,3,3
n07716358_10651,zucchini,3,3
n07716358_10652,zucchini,3,3
n07716358_10664,zucchini,3,1
n07716358_10673,zucchini,3,1
n07716358_10694,zucchini,3,0
n07716358_10709,zucchini,3,2
n07716358_10735,zucchini,3,1
n07716358_10765,zucchini,3,2
n07716358_1077,zucchini,3,1
n07716358_1078,zucchini,3,2
n07716358_10780,zucchini,3,3
n07716358_10788,zucchini,3,2
n07716358_10798,zucchini,3,0
n07716358_10805,zucchini,3,3
n07716358_10830,zucchini,3,2
n07716358_10837,zucchini,3,2
n07716358_10886,zucchini,3,4
n07716358_10911,zucchini,3,4
n07716358_10912,zucchini,3,0
n07716358_10917,zucchini,3,3
n07716358_10920,zucchini,3,1
n07716358_10933,zucchini,3,4
n07716358_10945,zucchini,3,0
n07716358_10947,zucchini,3,4
n07716358_10954,zucchini,3,4
n07716358_10974,zucchini,3,0
n07716358_11012,zucchini,3,2
n07716358_11020,zucchini,3,0
n07716358_11026,zucchini,3,2
n07716358_11048,zucchini,3,4
n07716358_11050,zucchini,3,0
n07716358_11058,zucchini,3,0
n07716358_11086,zucchini,3,3
n07716358_11095,zucchini,3,1
n07716358_11120,zucchini,3,4
n07716358_11137,zucchini,3,0
n07716358_11165,zucchini,3,0
n07716358_11176,zucchini,3,3
n07716358_11193,zucchini,3,2
n07716358_11220,zucchini,3,0
n07716358_1123,zucchini,3,1
n07716358_11231,zucchini,3,4
n07716358_11252,zucchini,3,3
n07716358_11257,zucchini,3,1
n07716358_1126,zucchini,3,1
n07716358_11315,zucchini,3,0
n07716358_11349,zucchini,3,4
n07716358_11358,zucchini,3,3
n07716358_11370,zucchini,3,1
n07716358_11383,zucchini,3,1
n07716358_11389,zucchini,3,2
n07716358_11412,zucchini,3,2
n07716358_11421,zucchini,3,2
n07716358_11423,zucchini,3,0
n07716358_11437,zucchini,3,2
n07716358_11450,zucchini,3,2
n07716358_11472,zucchini,3,2
n07716358_11476,zucchini,3,4
n07716358_11487,zucchini,3,0
n07716358_11514,zucchini,3,0
n07716358_11601,zucchini,3,0
n07716358_11635,zucchini,3,2
n07716358_11807,zucchini,3,0
n07716358_1182,zucchini,3,1
n07716358_11887,zucchini,3,3
n07716358_11943,zucchini,3,3
n07716358_11986,zucchini,3,3
n07716358_12009,zucchini,3,2
n07716358_12014,zucchini,3,3
n07716358_12024,zucchini,3,2
n07716358_12060,zucchini,3,2
n07716358_12070,zucchini,3,2
n07716358_12083,zucchini,3,3
n07716358_12087,zucchini,3,4
n07716358_12138,zucchini,3,1
n07716358_12143,zucchini,3,4
n07716358_12157,zucchini,3,3
n07716358_12176,zucchini,3,1
n07716358_12183,zucchini,3,2
n07716358_12191,zucchini,3,3
n07716358_12219,zucchini,3,1
n07716358_12238,zucchini,3,1
n07716358_1225,zucchini,3,0
n07716358_12258,zucchini,3,4
n07716358_12265,zucchini,3,4
n07716358_12268,zucchini,3,0
n07716358_12312,zucchini,3,4
n07716358_12331,zucchini,3,3
n07716358_12371,zucchini,3,2
n07716358_12387,zucchini,3,1
n07716358_12393,zucchini,3,1
n07716358_12402,zucchini,3,3
n07716358_12403,zucchini,3,0
n07716358_12407,zucchini,3,4
n07716358_1242,zucchini,3,3
n07716358_12441,zucchini,3,2
n07716358_12486,zucchini,3,2
n07716358_12489,zucchini,3,0
n07716358_1253,zucchini,3,4
n07716358_12548,zucchini,3,3
n07716358_12557,zucchini,3,0
n07716358_12564,zucchini,3,4
n07716358_12578,zucchini,3,2
n07716358_12579,zucchini,3,1
n07716358_1258,zucchini,3,3
n07716358_12586,zucchini,3,0
n07716358_12591,zucchini,3,4
n07716358_12599,zucchini,3,2
n07716358_12621,zucchini,3,2
n07716358_12651,zucchini,3,1
n07716358_12700,zucchini,3,2
n07716358_12705,zucchini,3,0
n07716358_12730,zucchini,3,2
n07716358_12742,zucchini,3,3
n07716358_12770,zucchini,3,1
n07716358_12771,zucchini,3,0
n07716358_128,zucchini,3,2
n07716358_12808,zucchini,3,3
n07716358_12818,zucchini,3,0
n07716358_12828,zucchini,3,3
n07716358_1286,zucchini,3,1
n07716358_1288,zucchini,3,0
n07716358_12885,zucchini,3,3
n07716358_12903,zucchini,3,3
n07716358_12931,zucchini,3,3
n07716358_12942,zucchini,3,0
n07716358_12963,zucchini,3,4
n07716358_12998,zucchini,3,1
n07716358_13008,zucchini,3,2
n07716358_13059,zucchini,3,1
n07716358_13090,zucchini,3,1
n07716358_13098,zucchini,3,4
n07716358_1312,zucchini,3,3
n07716358_13142,zucchini,3,2
n07716358_1325,zucchini,3,4
n07716358_13261,zucchini,3,3
n07716358_13307,zucchini,3,1
n07716358_1331,zucchini,3,3
n07716358_1333,zucchini,3,3
n07716358_13347,zucchini,3,0
n07716358_13393,zucchini,3,3
n07716358_1342,zucchini,3,3
n07716358_13434,zucchini,3,3
n07716358_13448,zucchini,3,3
n07716358_13517,zucchini,3,2
n07716358_13557,zucchini,3,0
n07716358_13570,zucchini,3,4
n07716358_13596,zucchini,3,2
n07716358_136,zucchini,3,1
n07716358_13626,zucchini,3,4
n07716358_13643,zucchini,3,4
n07716358_13646,zucchini,3,1
n07716358_13666,zucchini,3,2
n07716358_13674,zucchini,3,2
n07716358_13689,zucchini,3,1
n07716358_13690,zucchini,3,4
n07716358_13719,zucchini,3,4
n07716358_13731,zucchini,3,0
n07716358_13740,zucchini,3,3
n07716358_13754,zucchini,3,3
n07716358_13799,zucchini,3,2
n07716358_13800,zucchini,3,2
n07716358_1383,zucchini,3,3
n07716358_13861,zucchini,3,1
n07716358_13876,zucchini,3,3
n07716358_13886,zucchini,3,0
n07716358_13920,zucchini,3,3
n07716358_13931,zucchini,3,1
n07716358_13961,zucchini,3,4
n07716358_13982,zucchini,3,4
n07716358_13984,zucchini,3,3
n07716358_14032,zucchini,3,4
n07716358_14062,zucchini,3,1
n07716358_1407,zucchini,3,0
n07716358_14120,zucchini,3,1
n07716358_14132,zucchini,3,2
n07716358_1414,zucchini,3,1
n07716358_1415,zucchini,3,1
n07716358_14161,zucchini,3,1
n07716358_142,zucchini,3,3
n07716358_14235,zucchini,3,4
n07716358_14267,zucchini,3,1
n07716358_14300,zucchini,3,0
n07716358_14336,zucchini,3,1
n07716358_14402,zucchini,3,0
n07716358_14407,zucchini,3,1
n07716358_14453,zucchini,3,4
n07716358_14459,zucchini,3,0
n07716358_1446,zucchini,3,2
n07716358_14463,zucchini,3,3
n07716358_14464,zucchini,3,3
n07716358_14466,zucchini,3,0
n07716358_14474,zucchini,3,1
n07716358_14487,zucchini,3,0
n07716358_14540,zucchini,3,0
n07716358_1455,zucchini,3,2
n07716358_14556,zucchini,3,1
n07716358_14592,zucchini,3,4
n07716358_14603,zucchini,3,4
n07716358_14638,zucchini,3,3
n07716358_14717,zucchini,3,2
n07716358_14739,zucchini,3,4
n07716358_14764,zucchini,3,3
n07716358_14822,zucchini,3,3
n07716358_14829,zucchini,3,4
n07716358_14843,zucchini,3,3
n07716358_14846,zucchini,3,0
n07716358_14854,zucchini,3,0
n07716358_14914,zucchini,3,3
n07716358_14918,zucchini,3,0
n07716358_14946,zucchini,3,3
n07716358_14964,zucchini,3,2
n07716358_14979,zucchini,3,3
n07716358_1499,zucchini,3,0
n07716358_14990,zucchini,3,3
n07716358_15018,zucchini,3,2
n07716358_15025,zucchini,3,3
n07716358_15051,zucchini,3,0
n07716358_15085,zucchini,3,0
n07716358_15103,zucchini,3,3
n07716358_1511,zucchini,3,0
n07716358_15115,zucchini,3,0
n07716358_15122,zucchini,3,3
n07716358_15163,zucchini,3,1
n07716358_15179,zucchini,3,1
n07716358_15183,zucchini,3,0
n07716358_15220,zucchini,3,2
n07716358_15231,zucchini,3,2
n07716358_15244,zucchini,3,0
n07716358_15248,zucchini,3,1
n07716358_15251,zucchini,3,0
n07716358_15256,zucchini,3,4
n07716358_15279,zucchini,3,3
n07716358_15290,zucchini,3,4
n07716358_15314,zucchini,3,4
n07716358_1532,zucchini,3,4
n07716358_1533,zucchini,3,3
n07716358_1535,zucchini,3,2
n07716358_15355,zucchini,3,4
n07716358_15358,zucchini,3,1
n07716358_15382,zucchini,3,3
n07716358_15393,zucchini,3,4
n07716358_15411,zucchini,3,4
n07716358_15420,zucchini,3,3
n07716358_15453,zucchini,3,1
n07716358_15454,zucchini,3,2
n07716358_15470,zucchini,3,4
n07716358_15471,zucchini,3,2
n07716358_1549,zucchini,3,1
n07716358_15527,zucchini,3,2
n07716358_15669,zucchini,3,0
n07716358_15710,zucchini,3,1
n07716358_15728,zucchini,3,3
n07716358_15743,zucchini,3,4
n07716358_15801,zucchini,3,3
n07716358_15809,zucchini,3,3
n07716358_15816,zucchini,3,1
n07716358_15828,zucchini,3,0
n07716358_15851,zucchini,3,2
n07716358_15857,zucchini,3,2
n07716358_15920,zucchini,3,4
n07716358_15937,zucchini,3,2
n07716358_15966,zucchini,3,0
n07716358_15994,zucchini,3,1
n07716358_16000,zucchini,3,2
n07716358_16047,zucchini,3,2
n07716358_16051,zucchini,3,1
n07716358_16085,zucchini,3,0
n07716358_1609,zucchini,3,0
n07716358_16109,zucchini,3,1
n07716358_16133,zucchini,3,3
n07716358_16139,zucchini,3,4
n07716358_16144,zucchini,3,1
n07716358_16169,zucchini,3,4
n07716358_1626,zucchini,3,4
n07716358_1627,zucchini,3,1
n07716358_16281,zucchini,3,4
n07716358_16290,zucchini,3,0
n07716358_16322,zucchini,3,4
n07716358_16335,zucchini,3,0
n07716358_1635,zucchini,3,0
n07716358_16357,zucchini,3,0
n07716358_16373,zucchini,3,1
n07716358_16380,zucchini,3,3
n07716358_16391,zucchini,3,3
n07716358_1643,zucchini,3,2
n07716358_16503,zucchini,3,3
n07716358_16517,zucchini,3,3
n07716358_1657,zucchini,3,0
n07716358_16622,zucchini,3,0
n07716358_16651,zucchini,3,2
n07716358_16668,zucchini,3,4
n07716358_16676,zucchini,3,2
n07716358_16699,zucchini,3,4
n07716358_16709,zucchini,3,0
n07716358_16733,zucchini,3,1
n07716358_16756,zucchini,3,0
n07716358_16782,zucchini,3,3
n07716358_16783,zucchini,3,4
n07716358_1680,zucchini,3,1
n07716358_16823,zucchini,3,0
n07716358_16834,zucchini,3,2
n07716358_16886,zucchini,3,3
n07716358_16890,zucchini,3,0
n07716358_16901,zucchini,3,0
n07716358_16910,zucchini,3,1
n07716358_16921,zucchini,3,4
n07716358_16925,zucchini,3,2
n07716358_16936,zucchini,3,1
n07716358_16986,zucchini,3,4
n07716358_17034,zucchini,3,3
n07716358_17056,zucchini,3,3
n07716358_17119,zucchini,3,4
n07716358_17130,zucchini,3,1
n07716358_17182,zucchini,3,2
n07716358_17183,zucchini,3,3
n07716358_17246,zucchini,3,4
n07716358_17249,zucchini,3,1
n07716358_17251,zucchini,3,0
n07716358_17277,zucchini,3,4
n07716358_17299,zucchini,3,4
n07716358_17306,zucchini,3,0
n07716358_17346,zucchini,3,4
n07716358_17379,zucchini,3,2
n07716358_17423,zucchini,3,3
n07716358_17476,zucchini,3,3
n07716358_17497,zucchini,3,4
n07716358_17509,zucchini,3,2
n07716358_17523,zucchini,3,0
n07716358_17573,zucchini,3,1
n07716358_17583,zucchini,3,3
n07716358_17584,zucchini,3,3
n07716358_17593,zucchini,3,4
n07716358_17606,zucchini,3,0
n07716358_17623,zucchini,3,1
n07716358_17643,zucchini,3,1
n07716358_17672,zucchini,3,0
n07716358_17701,zucchini,3,4
n07716358_17706,zucchini,3,2
n07716358_1771,zucchini,3,1
n07716358_17747,zucchini,3,1
n07716358_17761,zucchini,3,2
n07716358_17776,zucchini,3,2
n07716358_17789,zucchini,3,1
n07716358_17809,zucchini,3,3
n07716358_17859,zucchini,3,1
n07716358_17878,zucchini,3,4
n07716358_17916,zucchini,3,2
n07716358_17936,zucchini,3,2
n07716358_1796,zucchini,3,0
n07716358_17980,zucchini,3,4
n07716358_1799,zucchini,3,4
n07716358_1800,zucchini,3,4
n07716358_18011,zucchini,3,3
n07716358_18058,zucchini,3,4
n07716358_1808,zucchini,3,2
n07716358_18090,zucchini,3,1
n07716358_18119,zucchini,3,2
n07716358_18134,zucchini,3,3
n07716358_18144,zucchini,3,2
n07716358_18167,zucchini,3,2
n07716358_18176,zucchini,3,0
n07716358_18243,zucchini,3,4
n07716358_18312,zucchini,3,3
n07716358_18320,zucchini,3,1
n07716358_18324,zucchini,3,2
n07716358_18330,zucchini,3,0
n07716358_18381,zucchini,3,1
n07716358_18390,zucchini,3,1
n07716358_18410,zucchini,3,3
n07716358_18421,zucchini,3,0
n07716358_18437,zucchini,3,0
n07716358_18491,zucchini,3,2
n07716358_18492,zucchini,3,0
n07716358_18495,zucchini,3,2
n07716358_18544,zucchini,3,1
n07716358_1855,zucchini,3,4
n07716358_18606,zucchini,3,2
n07716358_18609,zucchini,3,1
n07716358_18630,zucchini,3,3
n07716358_18638,zucchini,3,2
n07716358_18648,zucchini,3,2
n07716358_18658,zucchini,3,2
n07716358_1866,zucchini,3,0
n07716358_18791,zucchini,3,2
n07716358_18815,zucchini,3,0
n07716358_1882,zucchini,3,2
n07716358_18825,zucchini,3,0
n07716358_18828,zucchini,3,1
n07716358_18848,zucchini,3,3
n07716358_18929,zucchini,3,0
n07716358_18974,zucchini,3,4
n07716358_19007,zucchini,3,0
n07716358_19028,zucchini,3,3
n07716358_19036,zucchini,3,2
n07716358_19040,zucchini,3,1
n07716358_19055,zucchini,3,0
n07716358_19072,zucchini,3,0
n07716358_19113,zucchini,3,4
n07716358_19157,zucchini,3,3
n07716358_19214,zucchini,3,1
n07716358_1925,zucchini,3,0
n07716358_19281,zucchini,3,3
n07716358_19290,zucchini,3,1
n07716358_19344,zucchini,3,4
n07716358_19383,zucchini,3,0
n07716358_19384,zucchini,3,3
n07716358_19387,zucchini,3,1
n07716358_19395,zucchini,3,1
n07716358_19448,zucchini,3,3
n07716358_19461,zucchini,3,0
n07716358_19522,zucchini,3,1
n07716358_19528,zucchini,3,2
n07716358_19623,zucchini,3,4
n07716358_19627,zucchini,3,2
n07716358_19641,zucchini,3,2
n07716358_19674,zucchini,3,2
n07716358_19697,zucchini,3,4
n07716358_19743,zucchini,3,2
n07716358_19754,zucchini,3,2
n07716358_19761,zucchini,3,0
n07716358_19771,zucchini,3,0
n07716358_19792,zucchini,3,1
n07716358_19819,zucchini,3,1
n07716358_19863,zucchini,3,2
n07716358_19873,zucchini,3,1
n07716358_19875,zucchini,3,1
n07716358_19973,zucchini,3,3
n07716358_20005,zucchini,3,3
n07716358_20014,zucchini,3,1
n07716358_20097,zucchini,3,0
n07716358_20147,zucchini,3,3
n07716358_20148,zucchini,3,3
n07716358_20152,zucchini,3,4
n07716358_2017,zucchini,3,3
n07716358_20182,zucchini,3,4
n07716358_20189,zucchini,3,0
n07716358_20199,zucchini,3,0
n07716358_20226,zucchini,3,0
n07716358_20248,zucchini,3,0
n07716358_20256,zucchini,3,4
n07716358_20274,zucchini,3,2
n07716358_2031,zucchini,3,0
n07716358_20318,zucchini,3,1
n07716358_20337,zucchini,3,3
n07716358_20398,zucchini,3,1
n07716358_20401,zucchini,3,2
n07716358_20411,zucchini,3,1
n07716358_20428,zucchini,3,0
n07716358_20501,zucchini,3,3
n07716358_2051,zucchini,3,1
n07716358_2053,zucchini,3,1
n07716358_20543,zucchini,3,1
n07716358_20578,zucchini,3,4
n07716358_20648,zucchini,3,2
n07716358_2068,zucchini,3,0
n07716358_20693,zucchini,3,2
n07716358_20716,zucchini,3,4
n07716358_20722,zucchini,3,1
n07716358_20731,zucchini,3,0
n07716358_20759,zucchini,3,0
n07716358_20764,zucchini,3,3
n07716358_20772,zucchini,3,2
n07716358_2082,zucchini,3,4
n07716358_20825,zucchini,3,3
n07716358_20828,zucchini,3,2
n07716358_20866,zucchini,3,2
n07716358_20877,zucchini,3,1
n07716358_20900,zucchini,3,0
n07716358_20917,zucchini,3,3
n07716358_20927,zucchini,3,4
n07716358_20943,zucchini,3,4
n07716358_20964,zucchini,3,3
n07716358_20994,zucchini,3,3
n07716358_20999,zucchini,3,1
n07716358_21046,zucchini,3,2
n07716358_21091,zucchini,3,2
n07716358_21188,zucchini,3,3
n07716358_21190,zucchini,3,2
n07716358_21194,zucchini,3,3
n07716358_21207,zucchini,3,1
n07716358_21220,zucchini,3,0
n07716358_21235,zucchini,3,3
n07716358_21256,zucchini,3,1
n07716358_21268,zucchini,3,3
n07716358_2131,zucchini,3,1
n07716358_21329,zucchini,3,2
n07716358_21387,zucchini,3,0
n07716358_21466,zucchini,3,2
n07716358_21528,zucchini,3,4
n07716358_21627,zucchini,3,0
n07716358_21641,zucchini,3,4
n07716358_21657,zucchini,3,4
n07716358_21682,zucchini,3,3
n07716358_21693,zucchini,3,0
n07716358_21703,zucchini,3,4
n07716358_21715,zucchini,3,1
n07716358_21743,zucchini,3,3
n07716358_21756,zucchini,3,1
n07716358_21764,zucchini,3,2
n07716358_2177,zucchini,3,3
n07716358_21788,zucchini,3,4
n07716358_21796,zucchini,3,2
n07716358_21797,zucchini,3,4
n07716358_21828,zucchini,3,3
n07716358_21830,zucchini,3,4
n07716358_21876,zucchini,3,1
n07716358_21892,zucchini,3,3
n07716358_21911,zucchini,3,0
n07716358_21921,zucchini,3,1
n07716358_21929,zucchini,3,2
n07716358_21956,zucchini,3,4
n07716358_2196,zucchini,3,3
n07716358_21966,zucchini,3,0
n07716358_21997,zucchini,3,0
n07716358_21999,zucchini,3,3
n07716358_220,zucchini,3,4
n07716358_22000,zucchini,3,1
n07716358_22002,zucchini,3,4
n07716358_22008,zucchini,3,1
n07716358_22064,zucchini,3,2
n07716358_22128,zucchini,3,2
n07716358_22135,zucchini,3,2
n07716358_2214,zucchini,3,2
n07716358_22212,zucchini,3,3
n07716358_22242,zucchini,3,4
n07716358_22354,zucchini,3,4
n07716358_22387,zucchini,3,2
n07716358_22402,zucchini,3,2
n07716358_2242,zucchini,3,4
n07716358_22440,zucchini,3,2
n07716358_22465,zucchini,3,1
n07716358_22471,zucchini,3,2
n07716358_2249,zucchini,3,2
n07716358_2251,zucchini,3,4
n07716358_22521,zucchini,3,2
n07716358_22588,zucchini,3,1
n07716358_2262,zucchini,3,3
n07716358_22640,zucchini,3,0
n07716358_22647,zucchini,3,1
n07716358_22655,zucchini,3,1
n07716358_22680,zucchini,3,2
n07716358_22696,zucchini,3,0
n07716358_22750,zucchini,3,1
n07716358_22926,zucchini,3,3
n07716358_22955,zucchini,3,4
n07716358_22988,zucchini,3,3
n07716358_22997,zucchini,3,2
n07716358_22999,zucchini,3,4
n07716358_23004,zucchini,3,0
n07716358_23052,zucchini,3,1
n07716358_23080,zucchini,3,1
n07716358_23096,zucchini,3,3
n07716358_23104,zucchini,3,2
n07716358_23109,zucchini,3,3
n07716358_23152,zucchini,3,0
n07716358_23157,zucchini,3,1
n07716358_23166,zucchini,3,2
n07716358_23240,zucchini,3,3
n07716358_23253,zucchini,3,3
n07716358_23256,zucchini,3,2
n07716358_23311,zucchini,3,3
n07716358_23357,zucchini,3,2
n07716358_23416,zucchini,3,3
n07716358_23537,zucchini,3,4
n07716358_23553,zucchini,3,2
n07716358_2360,zucchini,3,2
n07716358_23601,zucchini,3,1
n07716358_23690,zucchini,3,1
n07716358_2372,zucchini,3,1
n07716358_23771,zucchini,3,0
n07716358_23815,zucchini,3,2
n07716358_2384,zucchini,3,1
n07716358_23846,zucchini,3,2
n07716358_23881,zucchini,3,3
n07716358_239,zucchini,3,4
n07716358_23903,zucchini,3,3
n07716358_23910,zucchini,3,4
n07716358_23960,zucchini,3,2
n07716358_24037,zucchini,3,3
n07716358_24136,zucchini,3,1
n07716358_24138,zucchini,3,4
n07716358_24142,zucchini,3,3
n07716358_24177,zucchini,3,1
n07716358_24200,zucchini,3,0
n07716358_24230,zucchini,3,0
n07716358_24261,zucchini,3,1
n07716358_24309,zucchini,3,4
n07716358_24380,zucchini,3,0
n07716358_24384,zucchini,3,3
n07716358_24419,zucchini,3,3
n07716358_24443,zucchini,3,3
n07716358_24451,zucchini,3,2
n07716358_24456,zucchini,3,0
n07716358_24460,zucchini,3,1
n07716358_24466,zucchini,3,2
n07716358_24469,zucchini,3,3
n07716358_2449,zucchini,3,3
n07716358_24497,zucchini,3,0
n07716358_24518,zucchini,3,0
n07716358_24522,zucchini,3,2
n07716358_24549,zucchini,3,4
n07716358_24617,zucchini,3,3
n07716358_24670,zucchini,3,3
n07716358_24685,zucchini,3,0
n07716358_24734,zucchini,3,4
n07716358_24771,zucchini,3,0
n07716358_24772,zucchini,3,3
n07716358_24822,zucchini,3,4
n07716358_24847,zucchini,3,4
n07716358_24884,zucchini,3,4
n07716358_2489,zucchini,3,4
n07716358_24890,zucchini,3,4
n07716358_24896,zucchini,3,2
n07716358_24915,zucchini,3,1
n07716358_24932,zucchini,3,0
n07716358_24951,zucchini,3,0
n07716358_2499,zucchini,3,1
n07716358_24991,zucchini,3,2
n07716358_25000,zucchini,3,4
n07716358_25004,zucchini,3,0
n07716358_25088,zucchini,3,3
n07716358_25092,zucchini,3,0
n07716358_25175,zucchini,3,2
n07716358_25202,zucchini,3,0
n07716358_25229,zucchini,3,2
n07716358_25252,zucchini,3,1
n07716358_25285,zucchini,3,1
n07716358_25298,zucchini,3,2
n07716358_25306,zucchini,3,0
n07716358_25315,zucchini,3,3
n07716358_25323,zucchini,3,3
n07716358_25365,zucchini,3,3
n07716358_25390,zucchini,3,0
n07716358_254,zucchini,3,1
n07716358_25407,zucchini,3,0
n07716358_25417,zucchini,3,2
n07716358_25435,zucchini,3,0
n07716358_25444,zucchini,3,2
n07716358_25477,zucchini,3,4
n07716358_25490,zucchini,3,0
n07716358_25564,zucchini,3,0
n07716358_2562,zucchini,3,1
n07716358_25650,zucchini,3,0
n07716358_25669,zucchini,3,4
n07716358_25679,zucchini,3,1
n07716358_25710,zucchini,3,1
n07716358_25736,zucchini,3,0
n07716358_25768,zucchini,3,2
n07716358_25776,zucchini,3,4
n07716358_25780,zucchini,3,3
n07716358_25794,zucchini,3,1
n07716358_25801,zucchini,3,2
n07716358_25803,zucchini,3,0
n07716358_2582,zucchini,3,0
n07716358_25852,zucchini,3,1
n07716358_25871,zucchini,3,3
n07716358_2592,zucchini,3,0
n07716358_25949,zucchini,3,2
n07716358_2603,zucchini,3,0
n07716358_26109,zucchini,3,3
n07716358_2613,zucchini,3,0
n07716358_2614,zucchini,3,3
n07716358_2634,zucchini,3,2
n07716358_2649,zucchini,3,1
n07716358_2652,zucchini,3,1
n07716358_2657,zucchini,3,3
n07716358_26701,zucchini,3,2
n07716358_26835,zucchini,3,0
n07716358_2688,zucchini,3,1
n07716358_2690,zucchini,3,3
n07716358_2698,zucchini,3,2
n07716358_27,zucchini,3,4
n07716358_2721,zucchini,3,3
n07716358_2727,zucchini,3,4
n07716358_2736,zucchini,3,4
n07716358_27536,zucchini,3,4
n07716358_2780,zucchini,3,1
n07716358_2798,zucchini,3,4
n07716358_2802,zucchini,3,4
n07716358_2845,zucchini,3,3
n07716358_2855,zucchini,3,3
n07716358_2869,zucchini,3,1
n07716358_28816,zucchini,3,2
n07716358_2897,zucchini,3,1
n07716358_2945,zucchini,3,1
n07716358_2991,zucchini,3,1
n07716358_3024,zucchini,3,1
n07716358_3034,zucchini,3,2
n07716358_3101,zucchini,3,2
n07716358_31011,zucchini,3,1
n07716358_3125,zucchini,3,1
n07716358_3135,zucchini,3,4
n07716358_31352,zucchini,3,1
n07716358_3142,zucchini,3,4
n07716358_31451,zucchini,3,1
n07716358_3154,zucchini,3,2
n07716358_31851,zucchini,3,3
n07716358_3193,zucchini,3,1
n07716358_3223,zucchini,3,1
n07716358_3253,zucchini,3,2
n07716358_3257,zucchini,3,1
n07716358_3263,zucchini,3,4
n07716358_3280,zucchini,3,3
n07716358_3290,zucchini,3,4
n07716358_3293,zucchini,3,4
n07716358_3328,zucchini,3,4
n07716358_33351,zucchini,3,0
n07716358_33565,zucchini,3,0
n07716358_3386,zucchini,3,0
n07716358_3395,zucchini,3,0
n07716358_3399,zucchini,3,1
n07716358_3403,zucchini,3,0
n07716358_3413,zucchini,3,0
n07716358_34149,zucchini,3,1
n07716358_3419,zucchini,3,3
n07716358_3420,zucchini,3,4
n07716358_34232,zucchini,3,1
n07716358_3424,zucchini,3,1
n07716358_343,zucchini,3,0
n07716358_34331,zucchini,3,2
n07716358_3446,zucchini,3,3
n07716358_3450,zucchini,3,0
n07716358_3451,zucchini,3,1
n07716358_3453,zucchini,3,0
n07716358_34723,zucchini,3,3
n07716358_3486,zucchini,3,0
n07716358_3492,zucchini,3,1
n07716358_3493,zucchini,3,3
n07716358_3502,zucchini,3,4
n07716358_3538,zucchini,3,4
n07716358_3544,zucchini,3,4
n07716358_3555,zucchini,3,1
n07716358_35765,zucchini,3,3
n07716358_3580,zucchini,3,4
n07716358_3582,zucchini,3,3
n07716358_35883,zucchini,3,2
n07716358_35952,zucchini,3,0
n07716358_3600,zucchini,3,3
n07716358_3603,zucchini,3,4
n07716358_3620,zucchini,3,1
n07716358_36362,zucchini,3,0
n07716358_3646,zucchini,3,0
n07716358_3658,zucchini,3,0
n07716358_3662,zucchini,3,0
n07716358_3665,zucchini,3,2
n07716358_3675,zucchini,3,0
n07716358_3678,zucchini,3,4
n07716358_3729,zucchini,3,4
n07716358_37379,zucchini,3,2
n07716358_3761,zucchini,3,0
n07716358_3765,zucchini,3,4
n07716358_3785,zucchini,3,2
n07716358_3845,zucchini,3,0
n07716358_3849,zucchini,3,0
n07716358_38814,zucchini,3,1
n07716358_3882,zucchini,3,4
n07716358_3934,zucchini,3,0
n07716358_3945,zucchini,3,3
n07716358_39697,zucchini,3,4
n07716358_399,zucchini,3,0
n07716358_3994,zucchini,3,4
n07716358_3995,zucchini,3,0
n07716358_4029,zucchini,3,2
n07716358_4045,zucchini,3,2
n07716358_4084,zucchini,3,3
n07716358_4086,zucchini,3,4
n07716358_4093,zucchini,3,4
n07716358_4145,zucchini,3,0
n07716358_4192,zucchini,3,3
n07716358_4233,zucchini,3,3
n07716358_4235,zucchini,3,4
n07716358_4251,zucchini,3,1
n07716358_4259,zucchini,3,1
n07716358_4272,zucchini,3,4
n07716358_4288,zucchini,3,2
n07716358_4316,zucchini,3,4
n07716358_4341,zucchini,3,4
n07716358_4347,zucchini,3,0
n07716358_4376,zucchini,3,0
n07716358_4390,zucchini,3,4
n07716358_4393,zucchini,3,2
n07716358_4423,zucchini,3,2
n07716358_4434,zucchini,3,3
n07716358_4437,zucchini,3,0
n07716358_4440,zucchini,3,4
n07716358_4442,zucchini,3,2
n07716358_4456,zucchini,3,0
n07716358_4487,zucchini,3,4
n07716358_4503,zucchini,3,0
n07716358_4505,zucchini,3,1
n07716358_4517,zucchini,3,3
n07716358_4526,zucchini,3,4
n07716358_4537,zucchini,3,4
n07716358_4564,zucchini,3,3
n07716358_4569,zucchini,3,3
n07716358_4587,zucchini,3,4
n07716358_4593,zucchini,3,0
n07716358_4623,zucchini,3,4
n07716358_4635,zucchini,3,3
n07716358_4637,zucchini,3,2
n07716358_4666,zucchini,3,3
n07716358_4669,zucchini,3,0
n07716358_4708,zucchini,3,2
n07716358_4711,zucchini,3,4
n07716358_4770,zucchini,3,1
n07716358_4776,zucchini,3,1
n07716358_4785,zucchini,3,4
n07716358_479,zucchini,3,4
n07716358_484,zucchini,3,4
n07716358_4840,zucchini,3,1
n07716358_4841,zucchini,3,4
n07716358_4845,zucchini,3,4
n07716358_4848,zucchini,3,2
n07716358_4852,zucchini,3,2
n07716358_4873,zucchini,3,0
n07716358_4878,zucchini,3,4
n07716358_4891,zucchini,3,2
n07716358_4902,zucchini,3,3
n07716358_4916,zucchini,3,0
n07716358_4923,zucchini,3,2
n07716358_4932,zucchini,3,1
n07716358_4937,zucchini,3,2
n07716358_4960,zucchini,3,3
n07716358_4993,zucchini,3,1
n07716358_5009,zucchini,3,0
n07716358_5017,zucchini,3,0
n07716358_5021,zucchini,3,3
n07716358_5022,zucchini,3,4
n07716358_5037,zucchini,3,4
n07716358_5051,zucchini,3,1
n07716358_5052,zucchini,3,2
n07716358_5053,zucchini,3,4
n07716358_506,zucchini,3,1
n07716358_5088,zucchini,3,4
n07716358_5105,zucchini,3,0
n07716358_5111,zucchini,3,2
n07716358_5118,zucchini,3,3
n07716358_5123,zucchini,3,4
n07716358_5142,zucchini,3,3
n07716358_5147,zucchini,3,3
n07716358_516,zucchini,3,3
n07716358_5208,zucchini,3,4
n07716358_5238,zucchini,3,0
n07716358_5340,zucchini,3,4
n07716358_5350,zucchini,3,4
n07716358_5355,zucchini,3,1
n07716358_5360,zucchini,3,2
n07716358_542,zucchini,3,2
n07716358_5422,zucchini,3,0
n07716358_5429,zucchini,3,0
n07716358_5439,zucchini,3,4
n07716358_5517,zucchini,3,0
n07716358_552,zucchini,3,2
n07716358_5522,zucchini,3,1
n07716358_5569,zucchini,3,0
n07716358_5579,zucchini,3,1
n07716358_5584,zucchini,3,1
n07716358_5633,zucchini,3,2
n07716358_5659,zucchini,3,1
n07716358_5671,zucchini,3,4
n07716358_5673,zucchini,3,3
n07716358_5690,zucchini,3,0
n07716358_5692,zucchini,3,1
n07716358_5722,zucchini,3,1
n07716358_5729,zucchini,3,4
n07716358_5732,zucchini,3,3
n07716358_5745,zucchini,3,3
n07716358_5758,zucchini,3,1
n07716358_5789,zucchini,3,1
n07716358_5803,zucchini,3,2
n07716358_5804,zucchini,3,2
n07716358_5833,zucchini,3,3
n07716358_5862,zucchini,3,0
n07716358_5878,zucchini,3,2
n07716358_5951,zucchini,3,3
n07716358_5959,zucchini,3,0
n07716358_5966,zucchini,3,4
n07716358_5974,zucchini,3,1
n07716358_5975,zucchini,3,1
n07716358_5976,zucchini,3,1
n07716358_5995,zucchini,3,3
n07716358_6007,zucchini,3,2
n07716358_609,zucchini,3,4
n07716358_6094,zucchini,3,2
n07716358_6102,zucchini,3,3
n07716358_6139,zucchini,3,2
n07716358_6185,zucchini,3,2
n07716358_6196,zucchini,3,3
n07716358_6200,zucchini,3,4
n07716358_6201,zucchini,3,2
n07716358_6212,zucchini,3,0
n07716358_6281,zucchini,3,4
n07716358_6305,zucchini,3,2
n07716358_6384,zucchini,3,1
n07716358_6397,zucchini,3,4
n07716358_6405,zucchini,3,0
n07716358_6415,zucchini,3,4
n07716358_6428,zucchini,3,0
n07716358_6431,zucchini,3,2
n07716358_6440,zucchini,3,3
n07716358_6477,zucchini,3,0
n07716358_6488,zucchini,3,2
n07716358_6489,zucchini,3,0
n07716358_649,zucchini,3,0
n07716358_6492,zucchini,3,1
n07716358_6499,zucchini,3,4
n07716358_653,zucchini,3,2
n07716358_6548,zucchini,3,0
n07716358_6585,zucchini,3,1
n07716358_6628,zucchini,3,4
n07716358_6676,zucchini,3,4
n07716358_6677,zucchini,3,0
n07716358_6693,zucchini,3,1
n07716358_6695,zucchini,3,1
n07716358_6697,zucchini,3,2
n07716358_6725,zucchini,3,0
n07716358_6729,zucchini,3,4
n07716358_6741,zucchini,3,1
n07716358_678,zucchini,3,2
n07716358_680,zucchini,3,0
n07716358_6804,zucchini,3,0
n07716358_6812,zucchini,3,4
n07716358_6817,zucchini,3,0
n07716358_6824,zucchini,3,4
n07716358_6843,zucchini,3,4
n07716358_6865,zucchini,3,2
n07716358_6868,zucchini,3,3
n07716358_6874,zucchini,3,2
n07716358_6890,zucchini,3,1
n07716358_6926,zucchini,3,4
n07716358_694,zucchini,3,4
n07716358_6954,zucchini,3,3
n07716358_6968,zucchini,3,4
n07716358_6995,zucchini,3,0
n07716358_701,zucchini,3,2
n07716358_7027,zucchini,3,4
n07716358_705,zucchini,3,1
n07716358_7085,zucchini,3,2
n07716358_7097,zucchini,3,0
n07716358_7177,zucchini,3,1
n07716358_718,zucchini,3,4
n07716358_7180,zucchini,3,4
n07716358_7206,zucchini,3,1
n07716358_7226,zucchini,3,3
n07716358_723,zucchini,3,4
n07716358_7242,zucchini,3,0
n07716358_7247,zucchini,3,2
n07716358_7251,zucchini,3,1
n07716358_7265,zucchini,3,0
n07716358_7283,zucchini,3,0
n07716358_7285,zucchini,3,1
n07716358_7298,zucchini,3,3
n07716358_7311,zucchini,3,3
n07716358_7355,zucchini,3,0
n07716358_7365,zucchini,3,4
n07716358_7434,zucchini,3,0
n07716358_7458,zucchini,3,1
n07716358_7486,zucchini,3,0
n07716358_7487,zucchini,3,3
n07716358_7555,zucchini,3,0
n07716358_7574,zucchini,3,3
n07716358_7584,zucchini,3,2
n07716358_7618,zucchini,3,1
n07716358_7626,zucchini,3,4
n07716358_7687,zucchini,3,1
n07716358_7850,zucchini,3,3
n07716358_792,zucchini,3,1
n07716358_800,zucchini,3,2
n07716358_803,zucchini,3,0
n07716358_8041,zucchini,3,3
n07716358_8055,zucchini,3,4
n07716358_8079,zucchini,3,2
n07716358_8119,zucchini,3,3
n07716358_8149,zucchini,3,2
n07716358_816,zucchini,3,4
n07716358_8175,zucchini,3,0
n07716358_8266,zucchini,3,4
n07716358_8285,zucchini,3,1
n07716358_830,zucchini,3,4
n07716358_8358,zucchini,3,1
n07716358_839,zucchini,3,1
n07716358_8390,zucchini,3,2
n07716358_8397,zucchini,3,2
n07716358_8438,zucchini,3,3
n07716358_8455,zucchini,3,0
n07716358_8575,zucchini,3,3
n07716358_8578,zucchini,3,1
n07716358_8661,zucchini,3,1
n07716358_8664,zucchini,3,1
n07716358_8674,zucchini,3,1
n07716358_8695,zucchini,3,2
n07716358_8726,zucchini,3,4
n07716358_8754,zucchini,3,3
n07716358_8796,zucchini,3,0
n07716358_8820,zucchini,3,2
n07716358_8848,zucchini,3,3
n07716358_8898,zucchini,3,0
n07716358_8938,zucchini,3,4
n07716358_8973,zucchini,3,3
n07716358_8988,zucchini,3,1
n07716358_8993,zucchini,3,4
n07716358_9014,zucchini,3,1
n07716358_902,zucchini,3,0
n07716358_9030,zucchini,3,3
n07716358_904,zucchini,3,3
n07716358_9042,zucchini,3,1
n07716358_9086,zucchini,3,4
n07716358_9089,zucchini,3,1
n07716358_9099,zucchini,3,0
n07716358_9112,zucchini,3,2
n07716358_9119,zucchini,3,3
n07716358_9135,zucchini,3,4
n07716358_9151,zucchini,3,0
n07716358_9178,zucchini,3,3
n07716358_9184,zucchini,3,1
n07716358_9199,zucchini,3,1
n07716358_9214,zucchini,3,4
n07716358_9307,zucchini,3,2
n07716358_9344,zucchini,3,1
n07716358_9347,zucchini,3,3
n07716358_935,zucchini,3,4
n07716358_9362,zucchini,3,4
n07716358_9369,zucchini,3,2
n07716358_9376,zucchini,3,0
n07716358_9395,zucchini,3,2
n07716358_9491,zucchini,3,2
n07716358_9544,zucchini,3,4
n07716358_9550,zucchini,3,3
n07716358_9588,zucchini,3,3
n07716358_960,zucchini,3,1
n07716358_9653,zucchini,3,4
n07716358_9686,zucchini,3,0
n07716358_9732,zucchini,3,4
n07716358_9749,zucchini,3,2
n07716358_979,zucchini,3,1
n07716358_9821,zucchini,3,3
n07716358_9835,zucchini,3,2
n07716358_9840,zucchini,3,1
n07716358_9866,zucchini,3,1
n07716358_9887,zucchini,3,2
n07716358_9897,zucchini,3,1
n07716358_9909,zucchini,3,4
n07716358_9934,zucchini,3,4
n07716358_9953,zucchini,3,3
n07716358_9974,zucchini,3,3
n07716358_9981,zucchini,3,4
n07716358_9983,zucchini,3,4
n07716358_9984,zucchini,3,2
n07716358_9995,zucchini,3,2
n07716358_9996,zucchini,3,0
n07716358_9997,zucchini,3,2
n07718472_1000,cucumber,3,2
n07718472_1001,cucumber,3,3
n07718472_1002,cucumber,3,4
n07718472_10050,cucumber,3,1
n07718472_1006,cucumber,3,1
n07718472_10107,cucumber,3,3
n07718472_10155,cucumber,3,1
n07718472_10198,cucumber,3,1
n07718472_1022,cucumber,3,3
n07718472_10238,cucumber,3,4
n07718472_1027,cucumber,3,4
n07718472_10298,cucumber,3,2
n07718472_103,cucumber,3,0
n07718472_10305,cucumber,3,0
n07718472_10316,cucumber,3,2
n07718472_10327,cucumber,3,3
n07718472_10341,cucumber,3,3
n07718472_10358,cucumber,3,0
n07718472_1037,cucumber,3,3
n07718472_10380,cucumber,3,0
n07718472_10383,cucumber,3,4
n07718472_10427,cucumber,3,1
n07718472_1043,cucumber,3,2
n07718472_1045,cucumber,3,2
n07718472_10468,cucumber,3,1
n07718472_10474,cucumber,3,1
n07718472_10483,cucumber,3,2
n07718472_1049,cucumber,3,1
n07718472_10496,cucumber,3,4
n07718472_10507,cucumber,3,2
n07718472_1054,cucumber,3,2
n07718472_10542,cucumber,3,3
n07718472_10599,cucumber,3,3
n07718472_10657,cucumber,3,2
n07718472_10666,cucumber,3,4
n07718472_10671,cucumber,3,0
n07718472_10704,cucumber,3,3
n07718472_10709,cucumber,3,3
n07718472_1071,cucumber,3,0
n07718472_10718,cucumber,3,1
n07718472_10729,cucumber,3,4
n07718472_10736,cucumber,3,4
n07718472_10742,cucumber,3,3
n07718472_10768,cucumber,3,4
n07718472_10797,cucumber,3,1
n07718472_10799,cucumber,3,4
n07718472_1080,cucumber,3,4
n07718472_10800,cucumber,3,4
n07718472_10804,cucumber,3,4
n07718472_10816,cucumber,3,1
n07718472_10820,cucumber,3,2
n07718472_10822,cucumber,3,1
n07718472_10828,cucumber,3,4
n07718472_1083,cucumber,3,0
n07718472_10835,cucumber,3,0
n07718472_10837,cucumber,3,1
n07718472_1085,cucumber,3,0
n07718472_10869,cucumber,3,0
n07718472_10874,cucumber,3,4
n07718472_10881,cucumber,3,2
n07718472_10894,cucumber,3,4
n07718472_10898,cucumber,3,1
n07718472_10905,cucumber,3,0
n07718472_1091,cucumber,3,4
n07718472_10924,cucumber,3,1
n07718472_10925,cucumber,3,4
n07718472_1094,cucumber,3,0
n07718472_10948,cucumber,3,2
n07718472_10977,cucumber,3,1
n07718472_1100,cucumber,3,3
n07718472_11000,cucumber,3,1
n07718472_11003,cucumber,3,2
n07718472_11013,cucumber,3,2
n07718472_11022,cucumber,3,1
n07718472_11024,cucumber,3,1
n07718472_1103,cucumber,3,0
n07718472_11049,cucumber,3,1
n07718472_11057,cucumber,3,1
n07718472_11066,cucumber,3,1
n07718472_11068,cucumber,3,0
n07718472_1107,cucumber,3,1
n07718472_11076,cucumber,3,4
n07718472_11080,cucumber,3,0
n07718472_11091,cucumber,3,1
n07718472_11093,cucumber,3,3
n07718472_1112,cucumber,3,4
n07718472_11138,cucumber,3,0
n07718472_1114,cucumber,3,4
n07718472_11144,cucumber,3,4
n07718472_11147,cucumber,3,4
n07718472_11150,cucumber,3,3
n07718472_1120,cucumber,3,1
n07718472_11220,cucumber,3,2
n07718472_11244,cucumber,3,0
n07718472_11247,cucumber,3,0
n07718472_1125,cucumber,3,1
n07718472_11252,cucumber,3,1
n07718472_11255,cucumber,3,0
n07718472_11256,cucumber,3,2
n07718472_11261,cucumber,3,4
n07718472_11278,cucumber,3,0
n07718472_11279,cucumber,3,1
n07718472_1129,cucumber,3,1
n07718472_1130,cucumber,3,2
n07718472_11310,cucumber,3,4
n07718472_11321,cucumber,3,3
n07718472_1137,cucumber,3,1
n07718472_11393,cucumber,3,2
n07718472_11396,cucumber,3,4
n07718472_1140,cucumber,3,4
n07718472_11437,cucumber,3,3
n07718472_11440,cucumber,3,2
n07718472_11449,cucumber,3,1
n07718472_11493,cucumber,3,0
n07718472_11508,cucumber,3,4
n07718472_11536,cucumber,3,4
n07718472_11567,cucumber,3,1
n07718472_11569,cucumber,3,3
n07718472_11617,cucumber,3,0
n07718472_11623,cucumber,3,1
n07718472_11655,cucumber,3,1
n07718472_11656,cucumber,3,0
n07718472_11677,cucumber,3,3
n07718472_11678,cucumber,3,2
n07718472_11680,cucumber,3,2
n07718472_11681,cucumber,3,0
n07718472_11692,cucumber,3,3
n07718472_11696,cucumber,3,4
n07718472_11702,cucumber,3,0
n07718472_11706,cucumber,3,0
n07718472_1172,cucumber,3,2
n07718472_11721,cucumber,3,4
n07718472_1177,cucumber,3,3
n07718472_11775,cucumber,3,4
n07718472_11787,cucumber,3,2
n07718472_11793,cucumber,3,4
n07718472_11802,cucumber,3,3
n07718472_11810,cucumber,3,0
n07718472_1182,cucumber,3,1
n07718472_11865,cucumber,3,2
n07718472_1187,cucumber,3,2
n07718472_11878,cucumber,3,3
n07718472_119,cucumber,3,2
n07718472_11936,cucumber,3,2
n07718472_1198,cucumber,3,1
n07718472_11984,cucumber,3,2
n07718472_12002,cucumber,3,0
n07718472_12014,cucumber,3,2
n07718472_1205,cucumber,3,1
n07718472_12057,cucumber,3,1
n07718472_1208,cucumber,3,1
n07718472_12086,cucumber,3,3
n07718472_12100,cucumber,3,0
n07718472_12118,cucumber,3,0
n07718472_12132,cucumber,3,3
n07718472_12144,cucumber,3,0
n07718472_12197,cucumber,3,1
n07718472_12212,cucumber,3,4
n07718472_12228,cucumber,3,1
n07718472_12251,cucumber,3,3
n07718472_12270,cucumber,3,3
n07718472_12278,cucumber,3,1
n07718472_12300,cucumber,3,1
n07718472_12323,cucumber,3,1
n07718472_1233,cucumber,3,2
n07718472_12361,cucumber,3,2
n07718472_12363,cucumber,3,1
n07718472_12391,cucumber,3,3
n07718472_12396,cucumber,3,4
n07718472_12399,cucumber,3,1
n07718472_12405,cucumber,3,3
n07718472_12416,cucumber,3,1
n07718472_12439,cucumber,3,2
n07718472_12441,cucumber,3,2
n07718472_12447,cucumber,3,3
n07718472_12449,cucumber,3,4
n07718472_12453,cucumber,3,1
n07718472_12458,cucumber,3,2
n07718472_12477,cucumber,3,1
n07718472_1248,cucumber,3,4
n07718472_12509,cucumber,3,1
n07718472_12529,cucumber,3,1
n07718472_12535,cucumber,3,1
n07718472_12554,cucumber,3,2
n07718472_12571,cucumber,3,2
n07718472_12575,cucumber,3,2
n07718472_1258,cucumber,3,3
n07718472_12601,cucumber,3,2
n07718472_12620,cucumber,3,2
n07718472_12624,cucumber,3,2
n07718472_12647,cucumber,3,3
n07718472_12673,cucumber,3,1
n07718472_12683,cucumber,3,1
n07718472_1270,cucumber,3,3
n07718472_12705,cucumber,3,2
n07718472_12706,cucumber,3,4
n07718472_12766,cucumber,3,0
n07718472_12777,cucumber,3,2
n07718472_12796,cucumber,3,4
n07718472_12812,cucumber,3,1
n07718472_12814,cucumber,3,2
n07718472_12819,cucumber,3,4
n07718472_12851,cucumber,3,4
n07718472_12855,cucumber,3,1
n07718472_12893,cucumber,3,4
n07718472_12902,cucumber,3,4
n07718472_12905,cucumber,3,1
n07718472_12919,cucumber,3,1
n07718472_12983,cucumber,3,0
n07718472_12997,cucumber,3,0
n07718472_13060,cucumber,3,3
n07718472_1308,cucumber,3,2
n07718472_13096,cucumber,3,2
n07718472_13104,cucumber,3,2
n07718472_13105,cucumber,3,0
n07718472_13111,cucumber,3,4
n07718472_13124,cucumber,3,3
n07718472_13127,cucumber,3,2
n07718472_1315,cucumber,3,3
n07718472_13156,cucumber,3,4
n07718472_13163,cucumber,3,0
n07718472_13176,cucumber,3,0
n07718472_1318,cucumber,3,0
n07718472_13190,cucumber,3,1
n07718472_13227,cucumber,3,0
n07718472_13250,cucumber,3,4
n07718472_13252,cucumber,3,2
n07718472_13254,cucumber,3,2
n07718472_13255,cucumber,3,0
n07718472_1327,cucumber,3,0
n07718472_13274,cucumber,3,0
n07718472_13317,cucumber,3,4
n07718472_13378,cucumber,3,0
n07718472_1338,cucumber,3,2
n07718472_13384,cucumber,3,2
n07718472_13399,cucumber,3,2
n07718472_13429,cucumber,3,0
n07718472_13447,cucumber,3,3
n07718472_13451,cucumber,3,4
n07718472_13465,cucumber,3,4
n07718472_13483,cucumber,3,3
n07718472_1349,cucumber,3,1
n07718472_13575,cucumber,3,2
n07718472_136,cucumber,3,1
n07718472_1360,cucumber,3,0
n07718472_13608,cucumber,3,2
n07718472_13635,cucumber,3,1
n07718472_13649,cucumber,3,3
n07718472_13657,cucumber,3,1
n07718472_13668,cucumber,3,0
n07718472_13678,cucumber,3,2
n07718472_13685,cucumber,3,2
n07718472_13735,cucumber,3,2
n07718472_13770,cucumber,3,4
n07718472_1378,cucumber,3,3
n07718472_13808,cucumber,3,1
n07718472_13809,cucumber,3,2
n07718472_1384,cucumber,3,1
n07718472_13844,cucumber,3,4
n07718472_13900,cucumber,3,4
n07718472_1392,cucumber,3,2
n07718472_1394,cucumber,3,2
n07718472_13942,cucumber,3,4
n07718472_13944,cucumber,3,0
n07718472_13950,cucumber,3,2
n07718472_13958,cucumber,3,4
n07718472_13974,cucumber,3,1
n07718472_13980,cucumber,3,1
n07718472_14043,cucumber,3,2
n07718472_14045,cucumber,3,2
n07718472_1407,cucumber,3,2
n07718472_14082,cucumber,3,3
n07718472_14117,cucumber,3,0
n07718472_14118,cucumber,3,0
n07718472_14135,cucumber,3,3
n07718472_14152,cucumber,3,0
n07718472_14159,cucumber,3,1
n07718472_1416,cucumber,3,1
n07718472_1417,cucumber,3,0
n07718472_14174,cucumber,3,4
n07718472_14185,cucumber,3,4
n07718472_14186,cucumber,3,3
n07718472_14202,cucumber,3,2
n07718472_14217,cucumber,3,3
n07718472_14225,cucumber,3,1
n07718472_14244,cucumber,3,3
n07718472_14248,cucumber,3,4
n07718472_1425,cucumber,3,2
n07718472_1428,cucumber,3,3
n07718472_1429,cucumber,3,3
n07718472_1433,cucumber,3,3
n07718472_14333,cucumber,3,0
n07718472_14341,cucumber,3,3
n07718472_14343,cucumber,3,0
n07718472_14346,cucumber,3,3
n07718472_1435,cucumber,3,1
n07718472_14352,cucumber,3,3
n07718472_14353,cucumber,3,3
n07718472_14355,cucumber,3,1
n07718472_14364,cucumber,3,0
n07718472_14365,cucumber,3,0
n07718472_14370,cucumber,3,4
n07718472_1438,cucumber,3,4
n07718472_14442,cucumber,3,3
n07718472_14484,cucumber,3,3
n07718472_14488,cucumber,3,3
n07718472_14494,cucumber,3,0
n07718472_14550,cucumber,3,4
n07718472_14559,cucumber,3,3
n07718472_14576,cucumber,3,4
n07718472_14590,cucumber,3,0
n07718472_14640,cucumber,3,1
n07718472_1465,cucumber,3,4
n07718472_14662,cucumber,3,2
n07718472_14676,cucumber,3,2
n07718472_14693,cucumber,3,0
n07718472_14697,cucumber,3,3
n07718472_14699,cucumber,3,0
n07718472_14735,cucumber,3,2
n07718472_14736,cucumber,3,4
n07718472_14741,cucumber,3,1
n07718472_14743,cucumber,3,1
n07718472_1482,cucumber,3,2
n07718472_14840,cucumber,3,0
n07718472_14851,cucumber,3,1
n07718472_14878,cucumber,3,2
n07718472_14910,cucumber,3,2
n07718472_14924,cucumber,3,3
n07718472_14957,cucumber,3,2
n07718472_14959,cucumber,3,3
n07718472_14970,cucumber,3,1
n07718472_14989,cucumber,3,3
n07718472_15045,cucumber,3,4
n07718472_151,cucumber,3,0
n07718472_1510,cucumber,3,0
n07718472_1512,cucumber,3,3
n07718472_1515,cucumber,3,2
n07718472_15219,cucumber,3,3
n07718472_15225,cucumber,3,0
n07718472_15229,cucumber,3,2
n07718472_15235,cucumber,3,3
n07718472_15247,cucumber,3,3
n07718472_15286,cucumber,3,4
n07718472_15291,cucumber,3,4
n07718472_15297,cucumber,3,4
n07718472_15302,cucumber,3,1
n07718472_1535,cucumber,3,4
n07718472_1536,cucumber,3,2
n07718472_15374,cucumber,3,0
n07718472_15382,cucumber,3,4
n07718472_15410,cucumber,3,0
n07718472_15416,cucumber,3,3
n07718472_15417,cucumber,3,2
n07718472_15447,cucumber,3,0
n07718472_15454,cucumber,3,4
n07718472_15483,cucumber,3,3
n07718472_15485,cucumber,3,3
n07718472_1550,cucumber,3,0
n07718472_1553,cucumber,3,3
n07718472_15558,cucumber,3,1
n07718472_15596,cucumber,3,1
n07718472_15602,cucumber,3,4
n07718472_1562,cucumber,3,4
n07718472_1563,cucumber,3,3
n07718472_15651,cucumber,3,4
n07718472_15697,cucumber,3,0
n07718472_15699,cucumber,3,3
n07718472_15704,cucumber,3,1
n07718472_15724,cucumber,3,2
n07718472_15743,cucumber,3,3
n07718472_15753,cucumber,3,4
n07718472_15767,cucumber,3,0
n07718472_15769,cucumber,3,1
n07718472_15786,cucumber,3,0
n07718472_15812,cucumber,3,3
n07718472_15865,cucumber,3,3
n07718472_15880,cucumber,3,2
n07718472_15936,cucumber,3,0
n07718472_1601,cucumber,3,0
n07718472_16022,cucumber,3,3
n07718472_16043,cucumber,3,3
n07718472_16091,cucumber,3,2
n07718472_16092,cucumber,3,0
n07718472_16104,cucumber,3,2
n07718472_1612,cucumber,3,4
n07718472_16183,cucumber,3,3
n07718472_16211,cucumber,3,4
n07718472_16227,cucumber,3,2
n07718472_16234,cucumber,3,0
n07718472_16246,cucumber,3,0
n07718472_16248,cucumber,3,3
n07718472_1625,cucumber,3,1
n07718472_16258,cucumber,3,3
n07718472_1629,cucumber,3,1
n07718472_16325,cucumber,3,4
n07718472_16329,cucumber,3,4
n07718472_16336,cucumber,3,2
n07718472_16339,cucumber,3,3
n07718472_16369,cucumber,3,0
n07718472_16415,cucumber,3,2
n07718472_1643,cucumber,3,4
n07718472_1645,cucumber,3,4
n07718472_16461,cucumber,3,1
n07718472_16478,cucumber,3,0
n07718472_1649,cucumber,3,3
n07718472_16501,cucumber,3,2
n07718472_16502,cucumber,3,1
n07718472_16515,cucumber,3,3
n07718472_1655,cucumber,3,0
n07718472_16592,cucumber,3,2
n07718472_16593,cucumber,3,2
n07718472_1660,cucumber,3,3
n07718472_16642,cucumber,3,2
n07718472_16656,cucumber,3,1
n07718472_16687,cucumber,3,3
n07718472_1670,cucumber,3,4
n07718472_16704,cucumber,3,2
n07718472_16719,cucumber,3,4
n07718472_16726,cucumber,3,0
n07718472_16761,cucumber,3,1
n07718472_16832,cucumber,3,2
n07718472_16845,cucumber,3,1
n07718472_16877,cucumber,3,3
n07718472_16894,cucumber,3,3
n07718472_16926,cucumber,3,1
n07718472_16934,cucumber,3,2
n07718472_16953,cucumber,3,4
n07718472_16954,cucumber,3,1
n07718472_17002,cucumber,3,3
n07718472_17005,cucumber,3,2
n07718472_17030,cucumber,3,3
n07718472_17032,cucumber,3,2
n07718472_17040,cucumber,3,3
n07718472_17045,cucumber,3,0
n07718472_17065,cucumber,3,0
n07718472_17076,cucumber,3,0
n07718472_17081,cucumber,3,2
n07718472_17087,cucumber,3,0
n07718472_17100,cucumber,3,4
n07718472_17103,cucumber,3,1
n07718472_1711,cucumber,3,0
n07718472_17181,cucumber,3,4
n07718472_1719,cucumber,3,0
n07718472_17191,cucumber,3,3
n07718472_1720,cucumber,3,2
n07718472_17217,cucumber,3,2
n07718472_17228,cucumber,3,4
n07718472_1726,cucumber,3,4
n07718472_17272,cucumber,3,4
n07718472_17353,cucumber,3,1
n07718472_17366,cucumber,3,4
n07718472_17398,cucumber,3,1
n07718472_17407,cucumber,3,4
n07718472_17415,cucumber,3,4
n07718472_17416,cucumber,3,2
n07718472_17436,cucumber,3,3
n07718472_17440,cucumber,3,1
n07718472_1751,cucumber,3,3
n07718472_17518,cucumber,3,2
n07718472_17571,cucumber,3,3
n07718472_17646,cucumber,3,0
n07718472_17665,cucumber,3,2
n07718472_17672,cucumber,3,2
n07718472_17788,cucumber,3,3
n07718472_17881,cucumber,3,4
n07718472_17915,cucumber,3,1
n07718472_1793,cucumber,3,2
n07718472_17947,cucumber,3,1
n07718472_17970,cucumber,3,1
n07718472_1803,cucumber,3,3
n07718472_18058,cucumber,3,4
n07718472_1806,cucumber,3,4
n07718472_18099,cucumber,3,1
n07718472_18116,cucumber,3,2
n07718472_1813,cucumber,3,2
n07718472_18145,cucumber,3,3
n07718472_18197,cucumber,3,3
n07718472_18201,cucumber,3,4
n07718472_1821,cucumber,3,0
n07718472_18210,cucumber,3,4
n07718472_18211,cucumber,3,4
n07718472_18244,cucumber,3,4
n07718472_18266,cucumber,3,4
n07718472_18277,cucumber,3,0
n07718472_1829,cucumber,3,1
n07718472_18296,cucumber,3,2
n07718472_18309,cucumber,3,3
n07718472_18317,cucumber,3,4
n07718472_1833,cucumber,3,4
n07718472_18351,cucumber,3,4
n07718472_18354,cucumber,3,4
n07718472_18379,cucumber,3,4
n07718472_18390,cucumber,3,4
n07718472_18396,cucumber,3,2
n07718472_18464,cucumber,3,0
n07718472_18465,cucumber,3,3
n07718472_18494,cucumber,3,3
n07718472_185,cucumber,3,3
n07718472_18566,cucumber,3,3
n07718472_18583,cucumber,3,3
n07718472_18592,cucumber,3,0
n07718472_18615,cucumber,3,1
n07718472_18641,cucumber,3,2
n07718472_18642,cucumber,3,1
n07718472_18675,cucumber,3,4
n07718472_18676,cucumber,3,2
n07718472_18682,cucumber,3,2
n07718472_18725,cucumber,3,3
n07718472_18766,cucumber,3,1
n07718472_1877,cucumber,3,1
n07718472_18803,cucumber,3,2
n07718472_18832,cucumber,3,2
n07718472_18837,cucumber,3,4
n07718472_18839,cucumber,3,1
n07718472_18840,cucumber,3,0
n07718472_18855,cucumber,3,2
n07718472_18871,cucumber,3,2
n07718472_18880,cucumber,3,4
n07718472_18885,cucumber,3,2
n07718472_18926,cucumber,3,1
n07718472_18934,cucumber,3,4
n07718472_18937,cucumber,3,1
n07718472_18942,cucumber,3,0
n07718472_1898,cucumber,3,0
n07718472_19001,cucumber,3,3
n07718472_19009,cucumber,3,0
n07718472_19051,cucumber,3,0
n07718472_19069,cucumber,3,2
n07718472_19100,cucumber,3,3
n07718472_19104,cucumber,3,1
n07718472_19114,cucumber,3,0
n07718472_19121,cucumber,3,0
n07718472_19129,cucumber,3,3
n07718472_19135,cucumber,3,2
n07718472_19159,cucumber,3,1
n07718472_19164,cucumber,3,2
n07718472_19194,cucumber,3,2
n07718472_19202,cucumber,3,0
n07718472_19254,cucumber,3,3
n07718472_19329,cucumber,3,2
n07718472_19346,cucumber,3,0
n07718472_19428,cucumber,3,3
n07718472_19436,cucumber,3,0
n07718472_1945,cucumber,3,0
n07718472_19500,cucumber,3,2
n07718472_1952,cucumber,3,1
n07718472_19586,cucumber,3,1
n07718472_1960,cucumber,3,0
n07718472_19614,cucumber,3,2
n07718472_19619,cucumber,3,4
n07718472_19637,cucumber,3,0
n07718472_19645,cucumber,3,4
n07718472_19646,cucumber,3,1
n07718472_19652,cucumber,3,0
n07718472_19662,cucumber,3,4
n07718472_19675,cucumber,3,0
n07718472_19691,cucumber,3,4
n07718472_19736,cucumber,3,4
n07718472_19819,cucumber,3,0
n07718472_19875,cucumber,3,1
n07718472_19889,cucumber,3,4
n07718472_1994,cucumber,3,1
n07718472_19952,cucumber,3,3
n07718472_20012,cucumber,3,4
n07718472_20022,cucumber,3,2
n07718472_20027,cucumber,3,2
n07718472_20035,cucumber,3,3
n07718472_20063,cucumber,3,2
n07718472_2009,cucumber,3,1
n07718472_20092,cucumber,3,4
n07718472_20116,cucumber,3,3
n07718472_20134,cucumber,3,1
n07718472_20198,cucumber,3,0
n07718472_20201,cucumber,3,0
n07718472_20234,cucumber,3,2
n07718472_20288,cucumber,3,3
n07718472_20423,cucumber,3,0
n07718472_20450,cucumber,3,3
n07718472_20508,cucumber,3,4
n07718472_2052,cucumber,3,4
n07718472_20531,cucumber,3,3
n07718472_20591,cucumber,3,3
n07718472_20595,cucumber,3,0
n07718472_2060,cucumber,3,3
n07718472_20626,cucumber,3,1
n07718472_20639,cucumber,3,1
n07718472_20647,cucumber,3,4
n07718472_20654,cucumber,3,3
n07718472_20689,cucumber,3,0
n07718472_20751,cucumber,3,1
n07718472_20761,cucumber,3,0
n07718472_20774,cucumber,3,1
n07718472_20855,cucumber,3,1
n07718472_20908,cucumber,3,2
n07718472_2093,cucumber,3,0
n07718472_20946,cucumber,3,2
n07718472_20953,cucumber,3,0
n07718472_20996,cucumber,3,4
n07718472_210,cucumber,3,0
n07718472_21000,cucumber,3,0
n07718472_21014,cucumber,3,4
n07718472_2107,cucumber,3,2
n07718472_21089,cucumber,3,3
n07718472_2110,cucumber,3,1
n07718472_21111,cucumber,3,3
n07718472_2113,cucumber,3,2
n07718472_21149,cucumber,3,1
n07718472_21156,cucumber,3,3
n07718472_21157,cucumber,3,2
n07718472_21222,cucumber,3,4
n07718472_21300,cucumber,3,4
n07718472_21305,cucumber,3,4
n07718472_21335,cucumber,3,0
n07718472_2134,cucumber,3,3
n07718472_21365,cucumber,3,1
n07718472_21386,cucumber,3,0
n07718472_21406,cucumber,3,3
n07718472_21427,cucumber,3,2
n07718472_2147,cucumber,3,1
n07718472_21556,cucumber,3,0
n07718472_2156,cucumber,3,1
n07718472_21567,cucumber,3,4
n07718472_21568,cucumber,3,1
n07718472_2157,cucumber,3,2
n07718472_21578,cucumber,3,3
n07718472_2158,cucumber,3,0
n07718472_21591,cucumber,3,1
n07718472_21629,cucumber,3,4
n07718472_21631,cucumber,3,2
n07718472_21662,cucumber,3,4
n07718472_21669,cucumber,3,2
n07718472_21699,cucumber,3,3
n07718472_217,cucumber,3,0
n07718472_21726,cucumber,3,3
n07718472_21735,cucumber,3,3
n07718472_21762,cucumber,3,4
n07718472_21795,cucumber,3,0
n07718472_21826,cucumber,3,1
n07718472_21827,cucumber,3,4
n07718472_2184,cucumber,3,1
n07718472_21929,cucumber,3,2
n07718472_21939,cucumber,3,1
n07718472_21946,cucumber,3,0
n07718472_21964,cucumber,3,1
n07718472_21994,cucumber,3,3
n07718472_22043,cucumber,3,0
n07718472_22059,cucumber,3,1
n07718472_22082,cucumber,3,3
n07718472_22091,cucumber,3,0
n07718472_22111,cucumber,3,3
n07718472_22138,cucumber,3,2
n07718472_22141,cucumber,3,2
n07718472_22159,cucumber,3,2
n07718472_22186,cucumber,3,0
n07718472_22207,cucumber,3,3
n07718472_22208,cucumber,3,1
n07718472_22214,cucumber,3,4
n07718472_22218,cucumber,3,1
n07718472_22222,cucumber,3,3
n07718472_2224,cucumber,3,3
n07718472_22318,cucumber,3,1
n07718472_2232,cucumber,3,0
n07718472_22323,cucumber,3,2
n07718472_22327,cucumber,3,4
n07718472_22346,cucumber,3,3
n07718472_22350,cucumber,3,1
n07718472_22364,cucumber,3,3
n07718472_22372,cucumber,3,3
n07718472_2238,cucumber,3,0
n07718472_22390,cucumber,3,1
n07718472_224,cucumber,3,0
n07718472_22416,cucumber,3,1
n07718472_22428,cucumber,3,1
n07718472_22475,cucumber,3,4
n07718472_22500,cucumber,3,0
n07718472_22508,cucumber,3,3
n07718472_22526,cucumber,3,1
n07718472_22531,cucumber,3,4
n07718472_22533,cucumber,3,1
n07718472_22558,cucumber,3,0
n07718472_22563,cucumber,3,4
n07718472_22570,cucumber,3,4
n07718472_22586,cucumber,3,4
n07718472_22636,cucumber,3,3
n07718472_22641,cucumber,3,2
n07718472_22646,cucumber,3,0
n07718472_22658,cucumber,3,3
n07718472_22668,cucumber,3,0
n07718472_2280,cucumber,3,0
n07718472_2286,cucumber,3,3
n07718472_2296,cucumber,3,0
n07718472_2298,cucumber,3,4
n07718472_2304,cucumber,3,4
n07718472_2309,cucumber,3,1
n07718472_2325,cucumber,3,1
n07718472_233,cucumber,3,4
n07718472_2352,cucumber,3,1
n07718472_2399,cucumber,3,1
n07718472_2412,cucumber,3,4
n07718472_2431,cucumber,3,4
n07718472_2500,cucumber,3,0
n07718472_2507,cucumber,3,4
n07718472_2509,cucumber,3,1
n07718472_2525,cucumber,3,0
n07718472_2555,cucumber,3,2
n07718472_2565,cucumber,3,4
n07718472_2578,cucumber,3,2
n07718472_2581,cucumber,3,0
n07718472_2598,cucumber,3,2
n07718472_2609,cucumber,3,2
n07718472_262,cucumber,3,1
n07718472_2621,cucumber,3,0
n07718472_2648,cucumber,3,0
n07718472_2655,cucumber,3,3
n07718472_2663,cucumber,3,4
n07718472_2685,cucumber,3,1
n07718472_27,cucumber,3,1
n07718472_2718,cucumber,3,3
n07718472_2723,cucumber,3,0
n07718472_2777,cucumber,3,2
n07718472_2781,cucumber,3,2
n07718472_280,cucumber,3,4
n07718472_284,cucumber,3,4
n07718472_2841,cucumber,3,2
n07718472_2854,cucumber,3,0
n07718472_2857,cucumber,3,1
n07718472_2861,cucumber,3,1
n07718472_2870,cucumber,3,2
n07718472_2876,cucumber,3,4
n07718472_2878,cucumber,3,2
n07718472_288,cucumber,3,1
n07718472_2882,cucumber,3,4
n07718472_289,cucumber,3,3
n07718472_2890,cucumber,3,3
n07718472_2892,cucumber,3,3
n07718472_2907,cucumber,3,0
n07718472_291,cucumber,3,4
n07718472_2924,cucumber,3,2
n07718472_2938,cucumber,3,1
n07718472_2954,cucumber,3,4
n07718472_2964,cucumber,3,3
n07718472_2965,cucumber,3,0
n07718472_2969,cucumber,3,0
n07718472_3017,cucumber,3,2
n07718472_3025,cucumber,3,4
n07718472_3027,cucumber,3,1
n07718472_3030,cucumber,3,1
n07718472_3034,cucumber,3,4
n07718472_3036,cucumber,3,0
n07718472_3044,cucumber,3,2
n07718472_3058,cucumber,3,0
n07718472_3070,cucumber,3,0
n07718472_3077,cucumber,3,1
n07718472_3082,cucumber,3,1
n07718472_3094,cucumber,3,1
n07718472_3108,cucumber,3,3
n07718472_3111,cucumber,3,1
n07718472_3133,cucumber,3,1
n07718472_3136,cucumber,3,4
n07718472_3141,cucumber,3,4
n07718472_3144,cucumber,3,3
n07718472_3152,cucumber,3,3
n07718472_3154,cucumber,3,1
n07718472_3170,cucumber,3,1
n07718472_3172,cucumber,3,3
n07718472_3178,cucumber,3,3
n07718472_3204,cucumber,3,3
n07718472_3219,cucumber,3,1
n07718472_3222,cucumber,3,2
n07718472_3244,cucumber,3,1
n07718472_3252,cucumber,3,2
n07718472_3259,cucumber,3,3
n07718472_3270,cucumber,3,0
n07718472_3272,cucumber,3,2
n07718472_3278,cucumber,3,3
n07718472_3280,cucumber,3,2
n07718472_3301,cucumber,3,1
n07718472_3305,cucumber,3,4
n07718472_3309,cucumber,3,0
n07718472_3310,cucumber,3,2
n07718472_3314,cucumber,3,2
n07718472_3326,cucumber,3,4
n07718472_3329,cucumber,3,1
n07718472_3330,cucumber,3,0
n07718472_3339,cucumber,3,2
n07718472_334,cucumber,3,4
n07718472_3346,cucumber,3,2
n07718472_3348,cucumber,3,0
n07718472_3353,cucumber,3,2
n07718472_3371,cucumber,3,2
n07718472_3378,cucumber,3,2
n07718472_339,cucumber,3,4
n07718472_340,cucumber,3,4
n07718472_3400,cucumber,3,2
n07718472_3403,cucumber,3,1
n07718472_3422,cucumber,3,0
n07718472_3424,cucumber,3,0
n07718472_3427,cucumber,3,3
n07718472_3429,cucumber,3,3
n07718472_3445,cucumber,3,2
n07718472_3458,cucumber,3,0
n07718472_3481,cucumber,3,3
n07718472_351,cucumber,3,1
n07718472_3516,cucumber,3,4
n07718472_3519,cucumber,3,3
n07718472_352,cucumber,3,1
n07718472_3521,cucumber,3,0
n07718472_3522,cucumber,3,4
n07718472_3525,cucumber,3,3
n07718472_3534,cucumber,3,3
n07718472_3535,cucumber,3,1
n07718472_3537,cucumber,3,2
n07718472_3561,cucumber,3,0
n07718472_3565,cucumber,3,4
n07718472_3577,cucumber,3,4
n07718472_3584,cucumber,3,0
n07718472_3618,cucumber,3,0
n07718472_3625,cucumber,3,4
n07718472_3628,cucumber,3,4
n07718472_3630,cucumber,3,3
n07718472_3632,cucumber,3,2
n07718472_3642,cucumber,3,2
n07718472_3643,cucumber,3,3
n07718472_3659,cucumber,3,0
n07718472_3660,cucumber,3,3
n07718472_3664,cucumber,3,1
n07718472_3671,cucumber,3,4
n07718472_3672,cucumber,3,3
n07718472_3673,cucumber,3,4
n07718472_3707,cucumber,3,3
n07718472_373,cucumber,3,1
n07718472_3746,cucumber,3,0
n07718472_3752,cucumber,3,4
n07718472_3775,cucumber,3,0
n07718472_379,cucumber,3,4
n07718472_3792,cucumber,3,2
n07718472_381,cucumber,3,0
n07718472_3843,cucumber,3,0
n07718472_3872,cucumber,3,4
n07718472_3891,cucumber,3,2
n07718472_3892,cucumber,3,2
n07718472_3910,cucumber,3,0
n07718472_3914,cucumber,3,1
n07718472_3915,cucumber,3,0
n07718472_3929,cucumber,3,1
n07718472_3953,cucumber,3,0
n07718472_3966,cucumber,3,3
n07718472_3983,cucumber,3,4
n07718472_3984,cucumber,3,0
n07718472_3987,cucumber,3,3
n07718472_3990,cucumber,3,2
n07718472_4024,cucumber,3,0
n07718472_4031,cucumber,3,1
n07718472_4041,cucumber,3,2
n07718472_4055,cucumber,3,1
n07718472_4079,cucumber,3,2
n07718472_4099,cucumber,3,4
n07718472_4136,cucumber,3,0
n07718472_4138,cucumber,3,0
n07718472_4150,cucumber,3,0
n07718472_4152,cucumber,3,1
n07718472_4164,cucumber,3,4
n07718472_4176,cucumber,3,1
n07718472_418,cucumber,3,3
n07718472_4196,cucumber,3,4
n07718472_4200,cucumber,3,3
n07718472_4215,cucumber,3,4
n07718472_4217,cucumber,3,1
n07718472_4233,cucumber,3,2
n07718472_4234,cucumber,3,2
n07718472_4241,cucumber,3,0
n07718472_4244,cucumber,3,3
n07718472_4255,cucumber,3,0
n07718472_4265,cucumber,3,4
n07718472_4272,cucumber,3,2
n07718472_4281,cucumber,3,2
n07718472_4290,cucumber,3,1
n07718472_4293,cucumber,3,4
n07718472_4299,cucumber,3,0
n07718472_4320,cucumber,3,4
n07718472_4322,cucumber,3,0
n07718472_4346,cucumber,3,2
n07718472_4372,cucumber,3,2
n07718472_4385,cucumber,3,1
n07718472_4390,cucumber,3,0
n07718472_4393,cucumber,3,0
n07718472_4406,cucumber,3,4
n07718472_4411,cucumber,3,2
n07718472_4413,cucumber,3,3
n07718472_4414,cucumber,3,0
n07718472_4415,cucumber,3,4
n07718472_442,cucumber,3,3
n07718472_4426,cucumber,3,0
n07718472_4427,cucumber,3,0
n07718472_4430,cucumber,3,2
n07718472_4432,cucumber,3,2
n07718472_4447,cucumber,3,4
n07718472_446,cucumber,3,1
n07718472_4487,cucumber,3,1
n07718472_4494,cucumber,3,4
n07718472_4498,cucumber,3,4
n07718472_4502,cucumber,3,0
n07718472_4511,cucumber,3,3
n07718472_4516,cucumber,3,0
n07718472_452,cucumber,3,3
n07718472_4521,cucumber,3,0
n07718472_4525,cucumber,3,3
n07718472_4549,cucumber,3,2
n07718472_4558,cucumber,3,1
n07718472_457,cucumber,3,1
n07718472_458,cucumber,3,0
n07718472_4619,cucumber,3,1
n07718472_4628,cucumber,3,1
n07718472_4630,cucumber,3,3
n07718472_464,cucumber,3,4
n07718472_4654,cucumber,3,2
n07718472_4663,cucumber,3,2
n07718472_4685,cucumber,3,2
n07718472_4699,cucumber,3,0
n07718472_4707,cucumber,3,3
n07718472_4718,cucumber,3,1
n07718472_4736,cucumber,3,2
n07718472_4758,cucumber,3,0
n07718472_4759,cucumber,3,4
n07718472_4819,cucumber,3,4
n07718472_4832,cucumber,3,0
n07718472_4835,cucumber,3,1
n07718472_4843,cucumber,3,0
n07718472_486,cucumber,3,2
n07718472_4876,cucumber,3,1
n07718472_4878,cucumber,3,2
n07718472_4880,cucumber,3,0
n07718472_4914,cucumber,3,0
n07718472_4926,cucumber,3,0
n07718472_493,cucumber,3,1
n07718472_494,cucumber,3,0
n07718472_4945,cucumber,3,3
n07718472_4994,cucumber,3,0
n07718472_501,cucumber,3,3
n07718472_502,cucumber,3,1
n07718472_5107,cucumber,3,1
n07718472_512,cucumber,3,1
n07718472_5155,cucumber,3,3
n07718472_5157,cucumber,3,2
n07718472_517,cucumber,3,4
n07718472_5175,cucumber,3,2
n07718472_519,cucumber,3,3
n07718472_5219,cucumber,3,3
n07718472_5247,cucumber,3,1
n07718472_5286,cucumber,3,1
n07718472_5304,cucumber,3,3
n07718472_5321,cucumber,3,4
n07718472_5324,cucumber,3,2
n07718472_5341,cucumber,3,1
n07718472_5377,cucumber,3,1
n07718472_5391,cucumber,3,0
n07718472_546,cucumber,3,0
n07718472_5464,cucumber,3,1
n07718472_5483,cucumber,3,3
n07718472_5485,cucumber,3,2
n07718472_5495,cucumber,3,3
n07718472_5507,cucumber,3,3
n07718472_5522,cucumber,3,3
n07718472_5571,cucumber,3,4
n07718472_558,cucumber,3,3
n07718472_5583,cucumber,3,2
n07718472_559,cucumber,3,0
n07718472_5594,cucumber,3,2
n07718472_5597,cucumber,3,3
n07718472_5601,cucumber,3,3
n07718472_5662,cucumber,3,1
n07718472_567,cucumber,3,4
n07718472_5670,cucumber,3,1
n07718472_5676,cucumber,3,3
n07718472_5694,cucumber,3,2
n07718472_570,cucumber,3,2
n07718472_5706,cucumber,3,3
n07718472_5717,cucumber,3,2
n07718472_5720,cucumber,3,4
n07718472_5751,cucumber,3,3
n07718472_58,cucumber,3,3
n07718472_580,cucumber,3,2
n07718472_5817,cucumber,3,0
n07718472_583,cucumber,3,2
n07718472_5833,cucumber,3,2
n07718472_5838,cucumber,3,4
n07718472_5863,cucumber,3,2
n07718472_5896,cucumber,3,0
n07718472_591,cucumber,3,0
n07718472_6008,cucumber,3,3
n07718472_6009,cucumber,3,1
n07718472_6011,cucumber,3,2
n07718472_6016,cucumber,3,4
n07718472_6027,cucumber,3,2
n07718472_6034,cucumber,3,0
n07718472_6048,cucumber,3,0
n07718472_6076,cucumber,3,0
n07718472_6097,cucumber,3,4
n07718472_611,cucumber,3,1
n07718472_6110,cucumber,3,0
n07718472_6122,cucumber,3,3
n07718472_6127,cucumber,3,2
n07718472_614,cucumber,3,3
n07718472_6140,cucumber,3,1
n07718472_6181,cucumber,3,4
n07718472_6200,cucumber,3,3
n07718472_6201,cucumber,3,4
n07718472_6215,cucumber,3,2
n07718472_6217,cucumber,3,2
n07718472_623,cucumber,3,3
n07718472_626,cucumber,3,4
n07718472_6277,cucumber,3,0
n07718472_628,cucumber,3,1
n07718472_6281,cucumber,3,3
n07718472_6294,cucumber,3,2
n07718472_6300,cucumber,3,0
n07718472_6331,cucumber,3,3
n07718472_6334,cucumber,3,0
n07718472_6346,cucumber,3,1
n07718472_6351,cucumber,3,4
n07718472_640,cucumber,3,4
n07718472_6405,cucumber,3,3
n07718472_6410,cucumber,3,3
n07718472_6434,cucumber,3,4
n07718472_644,cucumber,3,2
n07718472_6446,cucumber,3,2
n07718472_6463,cucumber,3,1
n07718472_6487,cucumber,3,1
n07718472_650,cucumber,3,0
n07718472_651,cucumber,3,3
n07718472_6517,cucumber,3,3
n07718472_653,cucumber,3,3
n07718472_6532,cucumber,3,0
n07718472_6538,cucumber,3,3
n07718472_6548,cucumber,3,0
n07718472_655,cucumber,3,0
n07718472_6555,cucumber,3,3
n07718472_6566,cucumber,3,2
n07718472_6590,cucumber,3,3
n07718472_6594,cucumber,3,1
n07718472_662,cucumber,3,1
n07718472_6622,cucumber,3,0
n07718472_6629,cucumber,3,0
n07718472_6636,cucumber,3,1
n07718472_6652,cucumber,3,2
n07718472_6787,cucumber,3,1
n07718472_679,cucumber,3,4
n07718472_6799,cucumber,3,1
n07718472_6821,cucumber,3,1
n07718472_6850,cucumber,3,2
n07718472_6851,cucumber,3,1
n07718472_6853,cucumber,3,4
n07718472_6879,cucumber,3,3
n07718472_688,cucumber,3,4
n07718472_6889,cucumber,3,1
n07718472_6895,cucumber,3,4
n07718472_6907,cucumber,3,1
n07718472_6918,cucumber,3,0
n07718472_6919,cucumber,3,2
n07718472_6932,cucumber,3,4
n07718472_6961,cucumber,3,2
n07718472_6981,cucumber,3,3
n07718472_6982,cucumber,3,0
n07718472_6987,cucumber,3,3
n07718472_7035,cucumber,3,0
n07718472_7043,cucumber,3,2
n07718472_7047,cucumber,3,4
n07718472_7052,cucumber,3,1
n07718472_7066,cucumber,3,2
n07718472_7074,cucumber,3,3
n07718472_7076,cucumber,3,1
n07718472_7125,cucumber,3,0
n07718472_7145,cucumber,3,0
n07718472_7172,cucumber,3,2
n07718472_7182,cucumber,3,0
n07718472_7203,cucumber,3,4
n07718472_7224,cucumber,3,3
n07718472_723,cucumber,3,2
n07718472_7244,cucumber,3,1
n07718472_7255,cucumber,3,2
n07718472_7266,cucumber,3,2
n07718472_7275,cucumber,3,4
n07718472_7292,cucumber,3,0
n07718472_7386,cucumber,3,0
n07718472_7403,cucumber,3,1
n07718472_7415,cucumber,3,0
n07718472_742,cucumber,3,4
n07718472_7442,cucumber,3,0
n07718472_7466,cucumber,3,1
n07718472_7470,cucumber,3,2
n07718472_7510,cucumber,3,3
n07718472_7513,cucumber,3,4
n07718472_7518,cucumber,3,2
n07718472_7560,cucumber,3,4
n07718472_7561,cucumber,3,4
n07718472_7565,cucumber,3,4
n07718472_757,cucumber,3,3
n07718472_758,cucumber,3,4
n07718472_760,cucumber,3,2
n07718472_7662,cucumber,3,0
n07718472_7671,cucumber,3,4
n07718472_7675,cucumber,3,2
n07718472_7681,cucumber,3,0
n07718472_7691,cucumber,3,0
n07718472_7705,cucumber,3,1
n07718472_771,cucumber,3,1
n07718472_7746,cucumber,3,4
n07718472_7755,cucumber,3,2
n07718472_7756,cucumber,3,3
n07718472_777,cucumber,3,4
n07718472_7823,cucumber,3,4
n07718472_7830,cucumber,3,4
n07718472_7849,cucumber,3,3
n07718472_7857,cucumber,3,4
n07718472_787,cucumber,3,4
n07718472_788,cucumber,3,2
n07718472_789,cucumber,3,4
n07718472_7898,cucumber,3,3
n07718472_7899,cucumber,3,3
n07718472_7916,cucumber,3,3
n07718472_7939,cucumber,3,0
n07718472_7952,cucumber,3,3
n07718472_7958,cucumber,3,2
n07718472_7968,cucumber,3,3
n07718472_7989,cucumber,3,1
n07718472_7993,cucumber,3,2
n07718472_7996,cucumber,3,0
n07718472_8002,cucumber,3,4
n07718472_802,cucumber,3,2
n07718472_8065,cucumber,3,0
n07718472_807,cucumber,3,3
n07718472_8074,cucumber,3,1
n07718472_808,cucumber,3,4
n07718472_8086,cucumber,3,1
n07718472_8091,cucumber,3,0
n07718472_8107,cucumber,3,3
n07718472_8108,cucumber,3,0
n07718472_8118,cucumber,3,3
n07718472_8120,cucumber,3,4
n07718472_8124,cucumber,3,0
n07718472_8126,cucumber,3,2
n07718472_8144,cucumber,3,3
n07718472_8156,cucumber,3,3
n07718472_8159,cucumber,3,3
n07718472_8172,cucumber,3,3
n07718472_8177,cucumber,3,0
n07718472_8182,cucumber,3,3
n07718472_8203,cucumber,3,2
n07718472_823,cucumber,3,0
n07718472_8230,cucumber,3,4
n07718472_8231,cucumber,3,4
n07718472_8237,cucumber,3,2
n07718472_8261,cucumber,3,3
n07718472_8284,cucumber,3,1
n07718472_8287,cucumber,3,1
n07718472_8298,cucumber,3,4
n07718472_8303,cucumber,3,1
n07718472_8309,cucumber,3,4
n07718472_831,cucumber,3,1
n07718472_8319,cucumber,3,1
n07718472_8323,cucumber,3,2
n07718472_8333,cucumber,3,2
n07718472_8338,cucumber,3,4
n07718472_8343,cucumber,3,1
n07718472_8350,cucumber,3,4
n07718472_8353,cucumber,3,2
n07718472_8367,cucumber,3,2
n07718472_8376,cucumber,3,4
n07718472_8381,cucumber,3,2
n07718472_8386,cucumber,3,1
n07718472_8392,cucumber,3,4
n07718472_8403,cucumber,3,3
n07718472_842,cucumber,3,1
n07718472_8422,cucumber,3,4
n07718472_8434,cucumber,3,2
n07718472_8435,cucumber,3,0
n07718472_844,cucumber,3,0
n07718472_8448,cucumber,3,4
n07718472_8455,cucumber,3,0
n07718472_8457,cucumber,3,3
n07718472_847,cucumber,3,4
n07718472_8473,cucumber,3,4
n07718472_848,cucumber,3,4
n07718472_8481,cucumber,3,0
n07718472_8490,cucumber,3,3
n07718472_8501,cucumber,3,3
n07718472_8508,cucumber,3,2
n07718472_8512,cucumber,3,1
n07718472_8552,cucumber,3,4
n07718472_8555,cucumber,3,0
n07718472_8562,cucumber,3,0
n07718472_8575,cucumber,3,3
n07718472_8598,cucumber,3,0
n07718472_8624,cucumber,3,0
n07718472_8627,cucumber,3,2
n07718472_8633,cucumber,3,0
n07718472_8638,cucumber,3,4
n07718472_8643,cucumber,3,0
n07718472_8653,cucumber,3,3
n07718472_8672,cucumber,3,2
n07718472_8674,cucumber,3,3
n07718472_8677,cucumber,3,4
n07718472_8686,cucumber,3,0
n07718472_870,cucumber,3,3
n07718472_8702,cucumber,3,2
n07718472_8719,cucumber,3,4
n07718472_8727,cucumber,3,4
n07718472_873,cucumber,3,3
n07718472_8736,cucumber,3,2
n07718472_8740,cucumber,3,4
n07718472_8742,cucumber,3,2
n07718472_8743,cucumber,3,3
n07718472_8770,cucumber,3,4
n07718472_8772,cucumber,3,1
n07718472_8781,cucumber,3,3
n07718472_8788,cucumber,3,4
n07718472_8806,cucumber,3,0
n07718472_8824,cucumber,3,2
n07718472_8850,cucumber,3,1
n07718472_8855,cucumber,3,3
n07718472_886,cucumber,3,4
n07718472_8862,cucumber,3,1
n07718472_8863,cucumber,3,1
n07718472_8869,cucumber,3,4
n07718472_8875,cucumber,3,1
n07718472_8880,cucumber,3,3
n07718472_8946,cucumber,3,0
n07718472_8982,cucumber,3,4
n07718472_9017,cucumber,3,1
n07718472_9031,cucumber,3,1
n07718472_904,cucumber,3,4
n07718472_9058,cucumber,3,0
n07718472_907,cucumber,3,3
n07718472_9078,cucumber,3,2
n07718472_9082,cucumber,3,3
n07718472_9088,cucumber,3,3
n07718472_9112,cucumber,3,0
n07718472_9123,cucumber,3,4
n07718472_914,cucumber,3,1
n07718472_9212,cucumber,3,0
n07718472_922,cucumber,3,0
n07718472_9225,cucumber,3,3
n07718472_9292,cucumber,3,3
n07718472_9305,cucumber,3,1
n07718472_933,cucumber,3,1
n07718472_935,cucumber,3,0
n07718472_9380,cucumber,3,1
n07718472_9419,cucumber,3,1
n07718472_9471,cucumber,3,2
n07718472_9477,cucumber,3,3
n07718472_951,cucumber,3,2
n07718472_9548,cucumber,3,4
n07718472_9594,cucumber,3,2
n07718472_961,cucumber,3,1
n07718472_9633,cucumber,3,0
n07718472_9675,cucumber,3,1
n07718472_970,cucumber,3,1
n07718472_9754,cucumber,3,1
n07718472_9762,cucumber,3,3
n07718472_977,cucumber,3,4
n07718472_9778,cucumber,3,3
n07718472_9788,cucumber,3,0
n07718472_9797,cucumber,3,3
n07718472_9804,cucumber,3,2
n07718472_9824,cucumber,3,3
n07718472_9852,cucumber,3,2
n07718472_9874,cucumber,3,2
n07718472_9881,cucumber,3,3
n07716358_10003,zucchini,4,2
n07716358_10021,zucchini,4,3
n07716358_10032,zucchini,4,0
n07716358_1006,zucchini,4,0
n07716358_10104,zucchini,4,1
n07716358_1018,zucchini,4,4
n07716358_10200,zucchini,4,2
n07716358_10227,zucchini,4,0
n07716358_10234,zucchini,4,3
n07716358_10248,zucchini,4,3
n07716358_10251,zucchini,4,0
n07716358_10261,zucchini,4,3
n07716358_10266,zucchini,4,0
n07716358_10274,zucchini,4,2
n07716358_10283,zucchini,4,1
n07716358_10297,zucchini,4,3
n07716358_10301,zucchini,4,4
n07716358_10308,zucchini,4,2
n07716358_1032,zucchini,4,3
n07716358_10336,zucchini,4,4
n07716358_10366,zucchini,4,0
n07716358_10385,zucchini,4,3
n07716358_10402,zucchini,4,1
n07716358_10412,zucchini,4,4
n07716358_10460,zucchini,4,4
n07716358_10478,zucchini,4,2
n07716358_10480,zucchini,4,3
n07716358_105,zucchini,4,0
n07716358_10504,zucchini,4,1
n07716358_10507,zucchini,4,4
n07716358_10510,zucchini,4,3
n07716358_10513,zucchini,4,0
n07716358_10534,zucchini,4,1
n07716358_10535,zucchini,4,3
n07716358_10595,zucchini,4,2
n07716358_10598,zucchini,4,4
n07716358_106,zucchini,4,4
n07716358_10624,zucchini,4,3
n07716358_10635,zucchini,4,3
n07716358_10640,zucchini,4,4
n07716358_10648,zucchini,4,1
n07716358_10651,zucchini,4,3
n07716358_10652,zucchini,4,3
n07716358_10664,zucchini,4,0
n07716358_10673,zucchini,4,4
n07716358_10694,zucchini,4,1
n07716358_10709,zucchini,4,1
n07716358_10735,zucchini,4,2
n07716358_10765,zucchini,4,0
n07716358_1077,zucchini,4,3
n07716358_1078,zucchini,4,2
n07716358_10780,zucchini,4,3
n07716358_10788,zucchini,4,4
n07716358_10798,zucchini,4,0
n07716358_10805,zucchini,4,1
n07716358_10830,zucchini,4,1
n07716358_10837,zucchini,4,3
n07716358_10886,zucchini,4,0
n07716358_10911,zucchini,4,4
n07716358_10912,zucchini,4,1
n07716358_10917,zucchini,4,4
n07716358_10920,zucchini,4,0
n07716358_10933,zucchini,4,0
n07716358_10945,zucchini,4,1
n07716358_10947,zucchini,4,1
n07716358_10954,zucchini,4,0
n07716358_10974,zucchini,4,4
n07716358_11012,zucchini,4,2
n07716358_11020,zucchini,4,2
n07716358_11026,zucchini,4,3
n07716358_11048,zucchini,4,1
n07716358_11050,zucchini,4,0
n07716358_11058,zucchini,4,2
n07716358_11086,zucchini,4,2
n07716358_11095,zucchini,4,2
n07716358_11120,zucchini,4,4
n07716358_11137,zucchini,4,1
n07716358_11165,zucchini,4,4
n07716358_11176,zucchini,4,2
n07716358_11193,zucchini,4,0
n07716358_11220,zucchini,4,3
n07716358_1123,zucchini,4,1
n07716358_11231,zucchini,4,4
n07716358_11252,zucchini,4,2
n07716358_11257,zucchini,4,4
n07716358_1126,zucchini,4,2
n07716358_11315,zucchini,4,4
n07716358_11349,zucchini,4,4
n07716358_11358,zucchini,4,1
n07716358_11370,zucchini,4,4
n07716358_11383,zucchini,4,1
n07716358_11389,zucchini,4,2
n07716358_11412,zucchini,4,2
n07716358_11421,zucchini,4,0
n07716358_11423,zucchini,4,4
n07716358_11437,zucchini,4,0
n07716358_11450,zucchini,4,2
n07716358_11472,zucchini,4,1
n07716358_11476,zucchini,4,4
n07716358_11487,zucchini,4,2
n07716358_11514,zucchini,4,4
n07716358_11601,zucchini,4,0
n07716358_11635,zucchini,4,4
n07716358_11807,zucchini,4,2
n07716358_1182,zucchini,4,3
n07716358_11887,zucchini,4,2
n07716358_11943,zucchini,4,3
n07716358_11986,zucchini,4,4
n07716358_12009,zucchini,4,3
n07716358_12014,zucchini,4,1
n07716358_12024,zucchini,4,4
n07716358_12060,zucchini,4,0
n07716358_12070,zucchini,4,3
n07716358_12083,zucchini,4,2
n07716358_12087,zucchini,4,0
n07716358_12138,zucchini,4,2
n07716358_12143,zucchini,4,4
n07716358_12157,zucchini,4,2
n07716358_12176,zucchini,4,4
n07716358_12183,zucchini,4,0
n07716358_12191,zucchini,4,4
n07716358_12219,zucchini,4,1
n07716358_12238,zucchini,4,1
n07716358_1225,zucchini,4,0
n07716358_12258,zucchini,4,4
n07716358_12265,zucchini,4,1
n07716358_12268,zucchini,4,0
n07716358_12312,zucchini,4,2
n07716358_12331,zucchini,4,3
n07716358_12371,zucchini,4,4
n07716358_12387,zucchini,4,2
n07716358_12393,zucchini,4,0
n07716358_12402,zucchini,4,1
n07716358_12403,zucchini,4,1
n07716358_12407,zucchini,4,1
n07716358_1242,zucchini,4,3
n07716358_12441,zucchini,4,3
n07716358_12486,zucchini,4,0
n07716358_12489,zucchini,4,2
n07716358_1253,zucchini,4,1
n07716358_12548,zucchini,4,4
n07716358_12557,zucchini,4,3
n07716358_12564,zucchini,4,3
n07716358_12578,zucchini,4,1
n07716358_12579,zucchini,4,1
n07716358_1258,zucchini,4,2
n07716358_12586,zucchini,4,4
n07716358_12591,zucchini,4,2
n07716358_12599,zucchini,4,3
n07716358_12621,zucchini,4,0
n07716358_12651,zucchini,4,4
n07716358_12700,zucchini,4,1
n07716358_12705,zucchini,4,1
n07716358_12730,zucchini,4,2
n07716358_12742,zucchini,4,2
n07716358_12770,zucchini,4,1
n07716358_12771,zucchini,4,2
n07716358_128,zucchini,4,2
n07716358_12808,zucchini,4,0
n07716358_12818,zucchini,4,3
n07716358_12828,zucchini,4,4
n07716358_1286,zucchini,4,2
n07716358_1288,zucchini,4,1
n07716358_12885,zucchini,4,3
n07716358_12903,zucchini,4,1
n07716358_12931,zucchini,4,1
n07716358_12942,zucchini,4,4
n07716358_12963,zucchini,4,0
n07716358_12998,zucchini,4,4
n07716358_13008,zucchini,4,0
n07716358_13059,zucchini,4,2
n07716358_13090,zucchini,4,4
n07716358_13098,zucchini,4,3
n07716358_1312,zucchini,4,2
n07716358_13142,zucchini,4,4
n07716358_1325,zucchini,4,4
n07716358_13261,zucchini,4,3
n07716358_13307,zucchini,4,3
n07716358_1331,zucchini,4,2
n07716358_1333,zucchini,4,1
n07716358_13347,zucchini,4,0
n07716358_13393,zucchini,4,1
n07716358_1342,zucchini,4,0
n07716358_13434,zucchini,4,3
n07716358_13448,zucchini,4,0
n07716358_13517,zucchini,4,3
n07716358_13557,zucchini,4,3
n07716358_13570,zucchini,4,0
n07716358_13596,zucchini,4,1
n07716358_136,zucchini,4,2
n07716358_13626,zucchini,4,4
n07716358_13643,zucchini,4,1
n07716358_13646,zucchini,4,4
n07716358_13666,zucchini,4,4
n07716358_13674,zucchini,4,1
n07716358_13689,zucchini,4,1
n07716358_13690,zucchini,4,2
n07716358_13719,zucchini,4,1
n07716358_13731,zucchini,4,3
n07716358_13740,zucchini,4,0
n07716358_13754,zucchini,4,2
n07716358_13799,zucchini,4,2
n07716358_13800,zucchini,4,4
n07716358_1383,zucchini,4,2
n07716358_13861,zucchini,4,2
n07716358_13876,zucchini,4,2
n07716358_13886,zucchini,4,3
n07716358_13920,zucchini,4,2
n07716358_13931,zucchini,4,0
n07716358_13961,zucchini,4,0
n07716358_13982,zucchini,4,4
n07716358_13984,zucchini,4,0
n07716358_14032,zucchini,4,1
n07716358_14062,zucchini,4,0
n07716358_1407,zucchini,4,4
n07716358_14120,zucchini,4,2
n07716358_14132,zucchini,4,3
n07716358_1414,zucchini,4,3
n07716358_1415,zucchini,4,3
n07716358_14161,zucchini,4,1
n07716358_142,zucchini,4,2
n07716358_14235,zucchini,4,2
n07716358_14267,zucchini,4,0
n07716358_14300,zucchini,4,4
n07716358_14336,zucchini,4,2
n07716358_14402,zucchini,4,2
n07716358_14407,zucchini,4,2
n07716358_14453,zucchini,4,4
n07716358_14459,zucchini,4,4
n07716358_1446,zucchini,4,1
n07716358_14463,zucchini,4,1
n07716358_14464,zucchini,4,2
n07716358_14466,zucchini,4,0
n07716358_14474,zucchini,4,0
n07716358_14487,zucchini,4,3
n07716358_14540,zucchini,4,4
n07716358_1455,zucchini,4,0
n07716358_14556,zucchini,4,3
n07716358_14592,zucchini,4,3
n07716358_14603,zucchini,4,4
n07716358_14638,zucchini,4,0
n07716358_14717,zucchini,4,1
n07716358_14739,zucchini,4,2
n07716358_14764,zucchini,4,1
n07716358_14822,zucchini,4,2
n07716358_14829,zucchini,4,0
n07716358_14843,zucchini,4,4
n07716358_14846,zucchini,4,1
n07716358_14854,zucchini,4,4
n07716358_14914,zucchini,4,2
n07716358_14918,zucchini,4,2
n07716358_14946,zucchini,4,1
n07716358_14964,zucchini,4,1
n07716358_14979,zucchini,4,1
n07716358_1499,zucchini,4,1
n07716358_14990,zucchini,4,3
n07716358_15018,zucchini,4,3
n07716358_15025,zucchini,4,0
n07716358_15051,zucchini,4,0
n07716358_15085,zucchini,4,2
n07716358_15103,zucchini,4,1
n07716358_1511,zucchini,4,1
n07716358_15115,zucchini,4,0
n07716358_15122,zucchini,4,3
n07716358_15163,zucchini,4,1
n07716358_15179,zucchini,4,4
n07716358_15183,zucchini,4,1
n07716358_15220,zucchini,4,3
n07716358_15231,zucchini,4,2
n07716358_15244,zucchini,4,0
n07716358_15248,zucchini,4,3
n07716358_15251,zucchini,4,1
n07716358_15256,zucchini,4,3
n07716358_15279,zucchini,4,4
n07716358_15290,zucchini,4,0
n07716358_15314,zucchini,4,0
n07716358_1532,zucchini,4,3
n07716358_1533,zucchini,4,3
n07716358_1535,zucchini,4,0
n07716358_15355,zucchini,4,1
n07716358_15358,zucchini,4,4
n07716358_15382,zucchini,4,0
n07716358_15393,zucchini,4,2
n07716358_15411,zucchini,4,1
n07716358_15420,zucchini,4,3
n07716358_15453,zucchini,4,2
n07716358_15454,zucchini,4,3
n07716358_15470,zucchini,4,2
n07716358_15471,zucchini,4,3
n07716358_1549,zucchini,4,1
n07716358_15527,zucchini,4,4
n07716358_15669,zucchini,4,3
n07716358_15710,zucchini,4,4
n07716358_15728,zucchini,4,1
n07716358_15743,zucchini,4,2
n07716358_15801,zucchini,4,3
n07716358_15809,zucchini,4,2
n07716358_15816,zucchini,4,3
n07716358_15828,zucchini,4,3
n07716358_15851,zucchini,4,1
n07716358_15857,zucchini,4,1
n07716358_15920,zucchini,4,1
n07716358_15937,zucchini,4,4
n07716358_15966,zucchini,4,1
n07716358_15994,zucchini,4,3
n07716358_16000,zucchini,4,0
n07716358_16047,zucchini,4,3
n07716358_16051,zucchini,4,0
n07716358_16085,zucchini,4,0
n07716358_1609,zucchini,4,2
n07716358_16109,zucchini,4,4
n07716358_16133,zucchini,4,2
n07716358_16139,zucchini,4,0
n07716358_16144,zucchini,4,2
n07716358_16169,zucchini,4,1
n07716358_1626,zucchini,4,0
n07716358_1627,zucchini,4,1
n07716358_16281,zucchini,4,3
n07716358_16290,zucchini,4,4
n07716358_16322,zucchini,4,1
n07716358_16335,zucchini,4,3
n07716358_1635,zucchini,4,3
n07716358_16357,zucchini,4,4
n07716358_16373,zucchini,4,2
n07716358_16380,zucchini,4,3
n07716358_16391,zucchini,4,1
n07716358_1643,zucchini,4,0
n07716358_16503,zucchini,4,2
n07716358_16517,zucchini,4,4
n07716358_1657,zucchini,4,0
n07716358_16622,zucchini,4,2
n07716358_16651,zucchini,4,2
n07716358_16668,zucchini,4,4
n07716358_16676,zucchini,4,1
n07716358_16699,zucchini,4,3
n07716358_16709,zucchini,4,4
n07716358_16733,zucchini,4,3
n07716358_16756,zucchini,4,3
n07716358_16782,zucchini,4,4
n07716358_16783,zucchini,4,4
n07716358_1680,zucchini,4,3
n07716358_16823,zucchini,4,4
n07716358_16834,zucchini,4,0
n07716358_16886,zucchini,4,3
n07716358_16890,zucchini,4,0
n07716358_16901,zucchini,4,3
n07716358_16910,zucchini,4,2
n07716358_16921,zucchini,4,2
n07716358_16925,zucchini,4,4
n07716358_16936,zucchini,4,0
n07716358_16986,zucchini,4,1
n07716358_17034,zucchini,4,2
n07716358_17056,zucchini,4,3
n07716358_17119,zucchini,4,3
n07716358_17130,zucchini,4,1
n07716358_17182,zucchini,4,1
n07716358_17183,zucchini,4,1
n07716358_17246,zucchini,4,4
n07716358_17249,zucchini,4,2
n07716358_17251,zucchini,4,4
n07716358_17277,zucchini,4,0
n07716358_17299,zucchini,4,2
n07716358_17306,zucchini,4,1
n07716358_17346,zucchini,4,4
n07716358_17379,zucchini,4,0
n07716358_17423,zucchini,4,4
n07716358_17476,zucchini,4,3
n07716358_17497,zucchini,4,0
n07716358_17509,zucchini,4,1
n07716358_17523,zucchini,4,2
n07716358_17573,zucchini,4,4
n07716358_17583,zucchini,4,3
n07716358_17584,zucchini,4,1
n07716358_17593,zucchini,4,0
n07716358_17606,zucchini,4,4
n07716358_17623,zucchini,4,4
n07716358_17643,zucchini,4,2
n07716358_17672,zucchini,4,2
n07716358_17701,zucchini,4,0
n07716358_17706,zucchini,4,2
n07716358_1771,zucchini,4,0
n07716358_17747,zucchini,4,1
n07716358_17761,zucchini,4,1
n07716358_17776,zucchini,4,2
n07716358_17789,zucchini,4,4
n07716358_17809,zucchini,4,0
n07716358_17859,zucchini,4,1
n07716358_17878,zucchini,4,2
n07716358_17916,zucchini,4,2
n07716358_17936,zucchini,4,2
n07716358_1796,zucchini,4,2
n07716358_17980,zucchini,4,0
n07716358_1799,zucchini,4,0
n07716358_1800,zucchini,4,1
n07716358_18011,zucchini,4,2
n07716358_18058,zucchini,4,2
n07716358_1808,zucchini,4,3
n07716358_18090,zucchini,4,1
n07716358_18119,zucchini,4,1
n07716358_18134,zucchini,4,2
n07716358_18144,zucchini,4,3
n07716358_18167,zucchini,4,1
n07716358_18176,zucchini,4,3
n07716358_18243,zucchini,4,0
n07716358_18312,zucchini,4,1
n07716358_18320,zucchini,4,2
n07716358_18324,zucchini,4,0
n07716358_18330,zucchini,4,1
n07716358_18381,zucchini,4,2
n07716358_18390,zucchini,4,1
n07716358_18410,zucchini,4,0
n07716358_18421,zucchini,4,1
n07716358_18437,zucchini,4,1
n07716358_18491,zucchini,4,0
n07716358_18492,zucchini,4,2
n07716358_18495,zucchini,4,3
n07716358_18544,zucchini,4,3
n07716358_1855,zucchini,4,3
n07716358_18606,zucchini,4,1
n07716358_18609,zucchini,4,0
n07716358_18630,zucchini,4,1
n07716358_18638,zucchini,4,0
n07716358_18648,zucchini,4,4
n07716358_18658,zucchini,4,3
n07716358_1866,zucchini,4,1
n07716358_18791,zucchini,4,0
n07716358_18815,zucchini,4,4
n07716358_1882,zucchini,4,2
n07716358_18825,zucchini,4,2
n07716358_18828,zucchini,4,0
n07716358_18848,zucchini,4,4
n07716358_18929,zucchini,4,4
n07716358_18974,zucchini,4,3
n07716358_19007,zucchini,4,3
n07716358_19028,zucchini,4,0
n07716358_19036,zucchini,4,3
n07716358_19040,zucchini,4,3
n07716358_19055,zucchini,4,4
n07716358_19072,zucchini,4,1
n07716358_19113,zucchini,4,0
n07716358_19157,zucchini,4,1
n07716358_19214,zucchini,4,3
n07716358_1925,zucchini,4,0
n07716358_19281,zucchini,4,0
n07716358_19290,zucchini,4,0
n07716358_19344,zucchini,4,4
n07716358_19383,zucchini,4,2
n07716358_19384,zucchini,4,2
n07716358_19387,zucchini,4,3
n07716358_19395,zucchini,4,2
n07716358_19448,zucchini,4,1
n07716358_19461,zucchini,4,1
n07716358_19522,zucchini,4,4
n07716358_19528,zucchini,4,4
n07716358_19623,zucchini,4,1
n07716358_19627,zucchini,4,2
n07716358_19641,zucchini,4,1
n07716358_19674,zucchini,4,2
n07716358_19697,zucchini,4,1
n07716358_19743,zucchini,4,1
n07716358_19754,zucchini,4,4
n07716358_19761,zucchini,4,3
n07716358_19771,zucchini,4,4
n07716358_19792,zucchini,4,4
n07716358_19819,zucchini,4,0
n07716358_19863,zucchini,4,3
n07716358_19873,zucchini,4,1
n07716358_19875,zucchini,4,0
n07716358_19973,zucchini,4,1
n07716358_20005,zucchini,4,0
n07716358_20014,zucchini,4,4
n07716358_20097,zucchini,4,3
n07716358_20147,zucchini,4,0
n07716358_20148,zucchini,4,3
n07716358_20152,zucchini,4,0
n07716358_2017,zucchini,4,4
n07716358_20182,zucchini,4,1
n07716358_20189,zucchini,4,2
n07716358_20199,zucchini,4,1
n07716358_20226,zucchini,4,2
n07716358_20248,zucchini,4,3
n07716358_20256,zucchini,4,4
n07716358_20274,zucchini,4,0
n07716358_2031,zucchini,4,0
n07716358_20318,zucchini,4,3
n07716358_20337,zucchini,4,4
n07716358_20398,zucchini,4,0
n07716358_20401,zucchini,4,3
n07716358_20411,zucchini,4,2
n07716358_20428,zucchini,4,2
n07716358_20501,zucchini,4,1
n07716358_2051,zucchini,4,0
n07716358_2053,zucchini,4,3
n07716358_20543,zucchini,4,0
n07716358_20578,zucchini,4,3
n07716358_20648,zucchini,4,3
n07716358_2068,zucchini,4,1
n07716358_20693,zucchini,4,1
n07716358_20716,zucchini,4,1
n07716358_20722,zucchini,4,4
n07716358_20731,zucchini,4,4
n07716358_20759,zucchini,4,2
n07716358_20764,zucchini,4,3
n07716358_20772,zucchini,4,0
n07716358_2082,zucchini,4,4
n07716358_20825,zucchini,4,3
n07716358_20828,zucchini,4,1
n07716358_20866,zucchini,4,4
n07716358_20877,zucchini,4,4
n07716358_20900,zucchini,4,4
n07716358_20917,zucchini,4,0
n07716358_20927,zucchini,4,0
n07716358_20943,zucchini,4,3
n07716358_20964,zucchini,4,1
n07716358_20994,zucchini,4,0
n07716358_20999,zucchini,4,3
n07716358_21046,zucchini,4,3
n07716358_21091,zucchini,4,3
n07716358_21188,zucchini,4,1
n07716358_21190,zucchini,4,4
n07716358_21194,zucchini,4,3
n07716358_21207,zucchini,4,1
n07716358_21220,zucchini,4,2
n07716358_21235,zucchini,4,4
n07716358_21256,zucchini,4,4
n07716358_21268,zucchini,4,2
n07716358_2131,zucchini,4,4
n07716358_21329,zucchini,4,3
n07716358_21387,zucchini,4,4
n07716358_21466,zucchini,4,0
n07716358_21528,zucchini,4,4
n07716358_21627,zucchini,4,1
n07716358_21641,zucchini,4,1
n07716358_21657,zucchini,4,0
n07716358_21682,zucchini,4,0
n07716358_21693,zucchini,4,1
n07716358_21703,zucchini,4,4
n07716358_21715,zucchini,4,0
n07716358_21743,zucchini,4,0
n07716358_21756,zucchini,4,4
n07716358_21764,zucchini,4,0
n07716358_2177,zucchini,4,0
n07716358_21788,zucchini,4,1
n07716358_21796,zucchini,4,3
n07716358_21797,zucchini,4,3
n07716358_21828,zucchini,4,2
n07716358_21830,zucchini,4,0
n07716358_21876,zucchini,4,2
n07716358_21892,zucchini,4,4
n07716358_21911,zucchini,4,0
n07716358_21921,zucchini,4,2
n07716358_21929,zucchini,4,4
n07716358_21956,zucchini,4,3
n07716358_2196,zucchini,4,2
n07716358_21966,zucchini,4,4
n07716358_21997,zucchini,4,3
n07716358_21999,zucchini,4,3
n07716358_220,zucchini,4,0
n07716358_22000,zucchini,4,0
n07716358_22002,zucchini,4,2
n07716358_22008,zucchini,4,3
n07716358_22064,zucchini,4,4
n07716358_22128,zucchini,4,0
n07716358_22135,zucchini,4,4
n07716358_2214,zucchini,4,2
n07716358_22212,zucchini,4,4
n07716358_22242,zucchini,4,1
n07716358_22354,zucchini,4,0
n07716358_22387,zucchini,4,3
n07716358_22402,zucchini,4,3
n07716358_2242,zucchini,4,0
n07716358_22440,zucchini,4,2
n07716358_22465,zucchini,4,1
n07716358_22471,zucchini,4,0
n07716358_2249,zucchini,4,0
n07716358_2251,zucchini,4,1
n07716358_22521,zucchini,4,4
n07716358_22588,zucchini,4,2
n07716358_2262,zucchini,4,4
n07716358_22640,zucchini,4,4
n07716358_22647,zucchini,4,4
n07716358_22655,zucchini,4,2
n07716358_22680,zucchini,4,4
n07716358_22696,zucchini,4,3
n07716358_22750,zucchini,4,2
n07716358_22926,zucchini,4,0
n07716358_22955,zucchini,4,4
n07716358_22988,zucchini,4,4
n07716358_22997,zucchini,4,4
n07716358_22999,zucchini,4,1
n07716358_23004,zucchini,4,0
n07716358_23052,zucchini,4,0
n07716358_23080,zucchini,4,0
n07716358_23096,zucchini,4,1
n07716358_23104,zucchini,4,3
n07716358_23109,zucchini,4,2
n07716358_23152,zucchini,4,2
n07716358_23157,zucchini,4,4
n07716358_23166,zucchini,4,0
n07716358_23240,zucchini,4,4
n07716358_23253,zucchini,4,0
n07716358_23256,zucchini,4,1
n07716358_23311,zucchini,4,2
n07716358_23357,zucchini,4,0
n07716358_23416,zucchini,4,2
n07716358_23537,zucchini,4,2
n07716358_23553,zucchini,4,1
n07716358_2360,zucchini,4,4
n07716358_23601,zucchini,4,1
n07716358_23690,zucchini,4,4
n07716358_2372,zucchini,4,4
n07716358_23771,zucchini,4,1
n07716358_23815,zucchini,4,0
n07716358_2384,zucchini,4,0
n07716358_23846,zucchini,4,3
n07716358_23881,zucchini,4,2
n07716358_239,zucchini,4,3
n07716358_23903,zucchini,4,3
n07716358_23910,zucchini,4,1
n07716358_23960,zucchini,4,2
n07716358_24037,zucchini,4,2
n07716358_24136,zucchini,4,3
n07716358_24138,zucchini,4,2
n07716358_24142,zucchini,4,3
n07716358_24177,zucchini,4,3
n07716358_24200,zucchini,4,0
n07716358_24230,zucchini,4,0
n07716358_24261,zucchini,4,4
n07716358_24309,zucchini,4,1
n07716358_24380,zucchini,4,2
n07716358_24384,zucchini,4,4
n07716358_24419,zucchini,4,4
n07716358_24443,zucchini,4,2
n07716358_24451,zucchini,4,2
n07716358_24456,zucchini,4,2
n07716358_24460,zucchini,4,3
n07716358_24466,zucchini,4,0
n07716358_24469,zucchini,4,3
n07716358_2449,zucchini,4,1
n07716358_24497,zucchini,4,2
n07716358_24518,zucchini,4,1
n07716358_24522,zucchini,4,3
n07716358_24549,zucchini,4,0
n07716358_24617,zucchini,4,0
n07716358_24670,zucchini,4,2
n07716358_24685,zucchini,4,3
n07716358_24734,zucchini,4,1
n07716358_24771,zucchini,4,3
n07716358_24772,zucchini,4,2
n07716358_24822,zucchini,4,3
n07716358_24847,zucchini,4,3
n07716358_24884,zucchini,4,4
n07716358_2489,zucchini,4,1
n07716358_24890,zucchini,4,4
n07716358_24896,zucchini,4,4
n07716358_24915,zucchini,4,3
n07716358_24932,zucchini,4,3
n07716358_24951,zucchini,4,0
n07716358_2499,zucchini,4,4
n07716358_24991,zucchini,4,3
n07716358_25000,zucchini,4,4
n07716358_25004,zucchini,4,4
n07716358_25088,zucchini,4,0
n07716358_25092,zucchini,4,4
n07716358_25175,zucchini,4,1
n07716358_25202,zucchini,4,2
n07716358_25229,zucchini,4,0
n07716358_25252,zucchini,4,0
n07716358_25285,zucchini,4,4
n07716358_25298,zucchini,4,0
n07716358_25306,zucchini,4,2
n07716358_25315,zucchini,4,2
n07716358_25323,zucchini,4,0
n07716358_25365,zucchini,4,0
n07716358_25390,zucchini,4,3
n07716358_254,zucchini,4,2
n07716358_25407,zucchini,4,1
n07716358_25417,zucchini,4,0
n07716358_25435,zucchini,4,3
n07716358_25444,zucchini,4,2
n07716358_25477,zucchini,4,2
n07716358_25490,zucchini,4,0
n07716358_25564,zucchini,4,2
n07716358_2562,zucchini,4,2
n07716358_25650,zucchini,4,2
n07716358_25669,zucchini,4,1
n07716358_25679,zucchini,4,0
n07716358_25710,zucchini,4,0
n07716358_25736,zucchini,4,2
n07716358_25768,zucchini,4,0
n07716358_25776,zucchini,4,3
n07716358_25780,zucchini,4,2
n07716358_25794,zucchini,4,2
n07716358_25801,zucchini,4,4
n07716358_25803,zucchini,4,0
n07716358_2582,zucchini,4,1
n07716358_25852,zucchini,4,2
n07716358_25871,zucchini,4,2
n07716358_2592,zucchini,4,1
n07716358_25949,zucchini,4,2
n07716358_2603,zucchini,4,0
n07716358_26109,zucchini,4,3
n07716358_2613,zucchini,4,3
n07716358_2614,zucchini,4,4
n07716358_2634,zucchini,4,3
n07716358_2649,zucchini,4,1
n07716358_2652,zucchini,4,0
n07716358_2657,zucchini,4,2
n07716358_26701,zucchini,4,3
n07716358_26835,zucchini,4,4
n07716358_2688,zucchini,4,4
n07716358_2690,zucchini,4,4
n07716358_2698,zucchini,4,4
n07716358_27,zucchini,4,1
n07716358_2721,zucchini,4,3
n07716358_2727,zucchini,4,0
n07716358_2736,zucchini,4,1
n07716358_27536,zucchini,4,2
n07716358_2780,zucchini,4,2
n07716358_2798,zucchini,4,4
n07716358_2802,zucchini,4,2
n07716358_2845,zucchini,4,1
n07716358_2855,zucchini,4,4
n07716358_2869,zucchini,4,2
n07716358_28816,zucchini,4,4
n07716358_2897,zucchini,4,3
n07716358_2945,zucchini,4,2
n07716358_2991,zucchini,4,1
n07716358_3024,zucchini,4,0
n07716358_3034,zucchini,4,1
n07716358_3101,zucchini,4,3
n07716358_31011,zucchini,4,0
n07716358_3125,zucchini,4,3
n07716358_3135,zucchini,4,2
n07716358_31352,zucchini,4,1
n07716358_3142,zucchini,4,4
n07716358_31451,zucchini,4,4
n07716358_3154,zucchini,4,3
n07716358_31851,zucchini,4,4
n07716358_3193,zucchini,4,0
n07716358_3223,zucchini,4,1
n07716358_3253,zucchini,4,0
n07716358_3257,zucchini,4,4
n07716358_3263,zucchini,4,4
n07716358_3280,zucchini,4,1
n07716358_3290,zucchini,4,2
n07716358_3293,zucchini,4,1
n07716358_3328,zucchini,4,4
n07716358_33351,zucchini,4,3
n07716358_33565,zucchini,4,0
n07716358_3386,zucchini,4,2
n07716358_3395,zucchini,4,4
n07716358_3399,zucchini,4,0
n07716358_3403,zucchini,4,1
n07716358_3413,zucchini,4,0
n07716358_34149,zucchini,4,3
n07716358_3419,zucchini,4,3
n07716358_3420,zucchini,4,2
n07716358_34232,zucchini,4,3
n07716358_3424,zucchini,4,0
n07716358_343,zucchini,4,4
n07716358_34331,zucchini,4,4
n07716358_3446,zucchini,4,4
n07716358_3450,zucchini,4,2
n07716358_3451,zucchini,4,2
n07716358_3453,zucchini,4,0
n07716358_34723,zucchini,4,2
n07716358_3486,zucchini,4,0
n07716358_3492,zucchini,4,4
n07716358_3493,zucchini,4,4
n07716358_3502,zucchini,4,4
n07716358_3538,zucchini,4,3
n07716358_3544,zucchini,4,1
n07716358_3555,zucchini,4,1
n07716358_35765,zucchini,4,4
n07716358_3580,zucchini,4,4
n07716358_3582,zucchini,4,0
n07716358_35883,zucchini,4,1
n07716358_35952,zucchini,4,0
n07716358_3600,zucchini,4,0
n07716358_3603,zucchini,4,3
n07716358_3620,zucchini,4,3
n07716358_36362,zucchini,4,1
n07716358_3646,zucchini,4,1
n07716358_3658,zucchini,4,4
n07716358_3662,zucchini,4,0
n07716358_3665,zucchini,4,3
n07716358_3675,zucchini,4,4
n07716358_3678,zucchini,4,0
n07716358_3729,zucchini,4,0
n07716358_37379,zucchini,4,3
n07716358_3761,zucchini,4,4
n07716358_3765,zucchini,4,4
n07716358_3785,zucchini,4,0
n07716358_3845,zucchini,4,0
n07716358_3849,zucchini,4,0
n07716358_38814,zucchini,4,3
n07716358_3882,zucchini,4,0
n07716358_3934,zucchini,4,0
n07716358_3945,zucchini,4,2
n07716358_39697,zucchini,4,0
n07716358_399,zucchini,4,0
n07716358_3994,zucchini,4,1
n07716358_3995,zucchini,4,4
n07716358_4029,zucchini,4,2
n07716358_4045,zucchini,4,4
n07716358_4084,zucchini,4,4
n07716358_4086,zucchini,4,4
n07716358_4093,zucchini,4,3
n07716358_4145,zucchini,4,1
n07716358_4192,zucchini,4,2
n07716358_4233,zucchini,4,3
n07716358_4235,zucchini,4,1
n07716358_4251,zucchini,4,2
n07716358_4259,zucchini,4,4
n07716358_4272,zucchini,4,0
n07716358_4288,zucchini,4,3
n07716358_4316,zucchini,4,1
n07716358_4341,zucchini,4,2
n07716358_4347,zucchini,4,1
n07716358_4376,zucchini,4,0
n07716358_4390,zucchini,4,0
n07716358_4393,zucchini,4,4
n07716358_4423,zucchini,4,1
n07716358_4434,zucchini,4,3
n07716358_4437,zucchini,4,0
n07716358_4440,zucchini,4,2
n07716358_4442,zucchini,4,1
n07716358_4456,zucchini,4,2
n07716358_4487,zucchini,4,2
n07716358_4503,zucchini,4,3
n07716358_4505,zucchini,4,3
n07716358_4517,zucchini,4,2
n07716358_4526,zucchini,4,0
n07716358_4537,zucchini,4,3
n07716358_4564,zucchini,4,3
n07716358_4569,zucchini,4,3
n07716358_4587,zucchini,4,4
n07716358_4593,zucchini,4,2
n07716358_4623,zucchini,4,0
n07716358_4635,zucchini,4,1
n07716358_4637,zucchini,4,1
n07716358_4666,zucchini,4,2
n07716358_4669,zucchini,4,0
n07716358_4708,zucchini,4,1
n07716358_4711,zucchini,4,1
n07716358_4770,zucchini,4,2
n07716358_4776,zucchini,4,3
n07716358_4785,zucchini,4,4
n07716358_479,zucchini,4,3
n07716358_484,zucchini,4,0
n07716358_4840,zucchini,4,0
n07716358_4841,zucchini,4,1
n07716358_4845,zucchini,4,3
n07716358_4848,zucchini,4,1
n07716358_4852,zucchini,4,3
n07716358_4873,zucchini,4,0
n07716358_4878,zucchini,4,4
n07716358_4891,zucchini,4,2
n07716358_4902,zucchini,4,0
n07716358_4916,zucchini,4,3
n07716358_4923,zucchini,4,0
n07716358_4932,zucchini,4,2
n07716358_4937,zucchini,4,4
n07716358_4960,zucchini,4,4
n07716358_4993,zucchini,4,2
n07716358_5009,zucchini,4,2
n07716358_5017,zucchini,4,2
n07716358_5021,zucchini,4,0
n07716358_5022,zucchini,4,3
n07716358_5037,zucchini,4,1
n07716358_5051,zucchini,4,3
n07716358_5052,zucchini,4,2
n07716358_5053,zucchini,4,1
n07716358_506,zucchini,4,0
n07716358_5088,zucchini,4,2
n07716358_5105,zucchini,4,4
n07716358_5111,zucchini,4,3
n07716358_5118,zucchini,4,2
n07716358_5123,zucchini,4,2
n07716358_5142,zucchini,4,4
n07716358_5147,zucchini,4,3
n07716358_516,zucchini,4,4
n07716358_5208,zucchini,4,4
n07716358_5238,zucchini,4,0
n07716358_5340,zucchini,4,2
n07716358_5350,zucchini,4,3
n07716358_5355,zucchini,4,1
n07716358_5360,zucchini,4,0
n07716358_542,zucchini,4,4
n07716358_5422,zucchini,4,3
n07716358_5429,zucchini,4,2
n07716358_5439,zucchini,4,2
n07716358_5517,zucchini,4,0
n07716358_552,zucchini,4,3
n07716358_5522,zucchini,4,0
n07716358_5569,zucchini,4,3
n07716358_5579,zucchini,4,3
n07716358_5584,zucchini,4,1
n07716358_5633,zucchini,4,2
n07716358_5659,zucchini,4,0
n07716358_5671,zucchini,4,3
n07716358_5673,zucchini,4,2
n07716358_5690,zucchini,4,4
n07716358_5692,zucchini,4,2
n07716358_5722,zucchini,4,4
n07716358_5729,zucchini,4,4
n07716358_5732,zucchini,4,1
n07716358_5745,zucchini,4,2
n07716358_5758,zucchini,4,3
n07716358_5789,zucchini,4,1
n07716358_5803,zucchini,4,2
n07716358_5804,zucchini,4,2
n07716358_5833,zucchini,4,2
n07716358_5862,zucchini,4,3
n07716358_5878,zucchini,4,1
n07716358_5951,zucchini,4,2
n07716358_5959,zucchini,4,2
n07716358_5966,zucchini,4,3
n07716358_5974,zucchini,4,0
n07716358_5975,zucchini,4,1
n07716358_5976,zucchini,4,0
n07716358_5995,zucchini,4,4
n07716358_6007,zucchini,4,0
n07716358_609,zucchini,4,0
n07716358_6094,zucchini,4,1
n07716358_6102,zucchini,4,1
n07716358_6139,zucchini,4,4
n07716358_6185,zucchini,4,0
n07716358_6196,zucchini,4,0
n07716358_6200,zucchini,4,1
n07716358_6201,zucchini,4,4
n07716358_6212,zucchini,4,1
n07716358_6281,zucchini,4,0
n07716358_6305,zucchini,4,2
n07716358_6384,zucchini,4,4
n07716358_6397,zucchini,4,0
n07716358_6405,zucchini,4,1
n07716358_6415,zucchini,4,4
n07716358_6428,zucchini,4,2
n07716358_6431,zucchini,4,0
n07716358_6440,zucchini,4,0
n07716358_6477,zucchini,4,3
n07716358_6488,zucchini,4,3
n07716358_6489,zucchini,4,3
n07716358_649,zucchini,4,1
n07716358_6492,zucchini,4,3
n07716358_6499,zucchini,4,1
n07716358_653,zucchini,4,1
n07716358_6548,zucchini,4,3
n07716358_6585,zucchini,4,1
n07716358_6628,zucchini,4,4
n07716358_6676,zucchini,4,4
n07716358_6677,zucchini,4,1
n07716358_6693,zucchini,4,1
n07716358_6695,zucchini,4,4
n07716358_6697,zucchini,4,4
n07716358_6725,zucchini,4,1
n07716358_6729,zucchini,4,0
n07716358_6741,zucchini,4,4
n07716358_678,zucchini,4,1
n07716358_680,zucchini,4,4
n07716358_6804,zucchini,4,3
n07716358_6812,zucchini,4,1
n07716358_6817,zucchini,4,3
n07716358_6824,zucchini,4,1
n07716358_6843,zucchini,4,1
n07716358_6865,zucchini,4,3
n07716358_6868,zucchini,4,0
n07716358_6874,zucchini,4,3
n07716358_6890,zucchini,4,1
n07716358_6926,zucchini,4,4
n07716358_694,zucchini,4,1
n07716358_6954,zucchini,4,3
n07716358_6968,zucchini,4,0
n07716358_6995,zucchini,4,2
n07716358_701,zucchini,4,1
n07716358_7027,zucchini,4,3
n07716358_705,zucchini,4,2
n07716358_7085,zucchini,4,0
n07716358_7097,zucchini,4,1
n07716358_7177,zucchini,4,3
n07716358_718,zucchini,4,3
n07716358_7180,zucchini,4,3
n07716358_7206,zucchini,4,1
n07716358_7226,zucchini,4,3
n07716358_723,zucchini,4,1
n07716358_7242,zucchini,4,1
n07716358_7247,zucchini,4,4
n07716358_7251,zucchini,4,4
n07716358_7265,zucchini,4,2
n07716358_7283,zucchini,4,3
n07716358_7285,zucchini,4,0
n07716358_7298,zucchini,4,2
n07716358_7311,zucchini,4,3
n07716358_7355,zucchini,4,1
n07716358_7365,zucchini,4,3
n07716358_7434,zucchini,4,2
n07716358_7458,zucchini,4,1
n07716358_7486,zucchini,4,1
n07716358_7487,zucchini,4,3
n07716358_7555,zucchini,4,0
n07716358_7574,zucchini,4,0
n07716358_7584,zucchini,4,0
n07716358_7618,zucchini,4,1
n07716358_7626,zucchini,4,3
n07716358_7687,zucchini,4,1
n07716358_7850,zucchini,4,4
n07716358_792,zucchini,4,2
n07716358_800,zucchini,4,0
n07716358_803,zucchini,4,0
n07716358_8041,zucchini,4,2
n07716358_8055,zucchini,4,3
n07716358_8079,zucchini,4,1
n07716358_8119,zucchini,4,1
n07716358_8149,zucchini,4,1
n07716358_816,zucchini,4,2
n07716358_8175,zucchini,4,4
n07716358_8266,zucchini,4,0
n07716358_8285,zucchini,4,4
n07716358_830,zucchini,4,0
n07716358_8358,zucchini,4,2
n07716358_839,zucchini,4,2
n07716358_8390,zucchini,4,4
n07716358_8397,zucchini,4,4
n07716358_8438,zucchini,4,2
n07716358_8455,zucchini,4,1
n07716358_8575,zucchini,4,2
n07716358_8578,zucchini,4,2
n07716358_8661,zucchini,4,0
n07716358_8664,zucchini,4,4
n07716358_8674,zucchini,4,2
n07716358_8695,zucchini,4,4
n07716358_8726,zucchini,4,4
n07716358_8754,zucchini,4,3
n07716358_8796,zucchini,4,4
n07716358_8820,zucchini,4,1
n07716358_8848,zucchini,4,1
n07716358_8898,zucchini,4,4
n07716358_8938,zucchini,4,2
n07716358_8973,zucchini,4,0
n07716358_8988,zucchini,4,3
n07716358_8993,zucchini,4,1
n07716358_9014,zucchini,4,4
n07716358_902,zucchini,4,2
n07716358_9030,zucchini,4,4
n07716358_904,zucchini,4,4
n07716358_9042,zucchini,4,1
n07716358_9086,zucchini,4,3
n07716358_9089,zucchini,4,0
n07716358_9099,zucchini,4,4
n07716358_9112,zucchini,4,2
n07716358_9119,zucchini,4,1
n07716358_9135,zucchini,4,0
n07716358_9151,zucchini,4,2
n07716358_9178,zucchini,4,4
n07716358_9184,zucchini,4,4
n07716358_9199,zucchini,4,0
n07716358_9214,zucchini,4,3
n07716358_9307,zucchini,4,1
n07716358_9344,zucchini,4,2
n07716358_9347,zucchini,4,3
n07716358_935,zucchini,4,2
n07716358_9362,zucchini,4,3
n07716358_9369,zucchini,4,2
n07716358_9376,zucchini,4,2
n07716358_9395,zucchini,4,1
n07716358_9491,zucchini,4,3
n07716358_9544,zucchini,4,1
n07716358_9550,zucchini,4,2
n07716358_9588,zucchini,4,3
n07716358_960,zucchini,4,4
n07716358_9653,zucchini,4,3
n07716358_9686,zucchini,4,3
n07716358_9732,zucchini,4,4
n07716358_9749,zucchini,4,1
n07716358_979,zucchini,4,0
n07716358_9821,zucchini,4,1
n07716358_9835,zucchini,4,3
n07716358_9840,zucchini,4,4
n07716358_9866,zucchini,4,1
n07716358_9887,zucchini,4,2
n07716358_9897,zucchini,4,0
n07716358_9909,zucchini,4,4
n07716358_9934,zucchini,4,0
n07716358_9953,zucchini,4,3
n07716358_9974,zucchini,4,3
n07716358_9981,zucchini,4,1
n07716358_9983,zucchini,4,2
n07716358_9984,zucchini,4,3
n07716358_9995,zucchini,4,0
n07716358_9996,zucchini,4,1
n07716358_9997,zucchini,4,3
n07718472_1000,cucumber,4,2
n07718472_1001,cucumber,4,0
n07718472_1002,cucumber,4,2
n07718472_10050,cucumber,4,0
n07718472_1006,cucumber,4,2
n07718472_10107,cucumber,4,3
n07718472_10155,cucumber,4,1
n07718472_10198,cucumber,4,3
n07718472_1022,cucumber,4,2
n07718472_10238,cucumber,4,4
n07718472_1027,cucumber,4,0
n07718472_10298,cucumber,4,2
n07718472_103,cucumber,4,4
n07718472_10305,cucumber,4,1
n07718472_10316,cucumber,4,0
n07718472_10327,cucumber,4,4
n07718472_10341,cucumber,4,4
n07718472_10358,cucumber,4,4
n07718472_1037,cucumber,4,2
n07718472_10380,cucumber,4,3
n07718472_10383,cucumber,4,2
n07718472_10427,cucumber,4,1
n07718472_1043,cucumber,4,2
n07718472_1045,cucumber,4,2
n07718472_10468,cucumber,4,1
n07718472_10474,cucumber,4,4
n07718472_10483,cucumber,4,0
n07718472_1049,cucumber,4,1
n07718472_10496,cucumber,4,1
n07718472_10507,cucumber,4,2
n07718472_1054,cucumber,4,3
n07718472_10542,cucumber,4,3
n07718472_10599,cucumber,4,2
n07718472_10657,cucumber,4,1
n07718472_10666,cucumber,4,3
n07718472_10671,cucumber,4,1
n07718472_10704,cucumber,4,0
n07718472_10709,cucumber,4,3
n07718472_1071,cucumber,4,1
n07718472_10718,cucumber,4,2
n07718472_10729,cucumber,4,1
n07718472_10736,cucumber,4,2
n07718472_10742,cucumber,4,2
n07718472_10768,cucumber,4,0
n07718472_10797,cucumber,4,4
n07718472_10799,cucumber,4,3
n07718472_1080,cucumber,4,2
n07718472_10800,cucumber,4,1
n07718472_10804,cucumber,4,3
n07718472_10816,cucumber,4,3
n07718472_10820,cucumber,4,2
n07718472_10822,cucumber,4,1
n07718472_10828,cucumber,4,4
n07718472_1083,cucumber,4,3
n07718472_10835,cucumber,4,4
n07718472_10837,cucumber,4,3
n07718472_1085,cucumber,4,2
n07718472_10869,cucumber,4,3
n07718472_10874,cucumber,4,4
n07718472_10881,cucumber,4,0
n07718472_10894,cucumber,4,1
n07718472_10898,cucumber,4,4
n07718472_10905,cucumber,4,4
n07718472_1091,cucumber,4,2
n07718472_10924,cucumber,4,2
n07718472_10925,cucumber,4,0
n07718472_1094,cucumber,4,1
n07718472_10948,cucumber,4,4
n07718472_10977,cucumber,4,1
n07718472_1100,cucumber,4,4
n07718472_11000,cucumber,4,2
n07718472_11003,cucumber,4,0
n07718472_11013,cucumber,4,3
n07718472_11022,cucumber,4,0
n07718472_11024,cucumber,4,2
n07718472_1103,cucumber,4,2
n07718472_11049,cucumber,4,4
n07718472_11057,cucumber,4,3
n07718472_11066,cucumber,4,0
n07718472_11068,cucumber,4,1
n07718472_1107,cucumber,4,4
n07718472_11076,cucumber,4,0
n07718472_11080,cucumber,4,0
n07718472_11091,cucumber,4,4
n07718472_11093,cucumber,4,2
n07718472_1112,cucumber,4,3
n07718472_11138,cucumber,4,0
n07718472_1114,cucumber,4,1
n07718472_11144,cucumber,4,1
n07718472_11147,cucumber,4,3
n07718472_11150,cucumber,4,3
n07718472_1120,cucumber,4,1
n07718472_11220,cucumber,4,2
n07718472_11244,cucumber,4,1
n07718472_11247,cucumber,4,2
n07718472_1125,cucumber,4,4
n07718472_11252,cucumber,4,2
n07718472_11255,cucumber,4,3
n07718472_11256,cucumber,4,4
n07718472_11261,cucumber,4,3
n07718472_11278,cucumber,4,0
n07718472_11279,cucumber,4,3
n07718472_1129,cucumber,4,3
n07718472_1130,cucumber,4,2
n07718472_11310,cucumber,4,2
n07718472_11321,cucumber,4,0
n07718472_1137,cucumber,4,4
n07718472_11393,cucumber,4,3
n07718472_11396,cucumber,4,2
n07718472_1140,cucumber,4,4
n07718472_11437,cucumber,4,2
n07718472_11440,cucumber,4,3
n07718472_11449,cucumber,4,4
n07718472_11493,cucumber,4,3
n07718472_11508,cucumber,4,2
n07718472_11536,cucumber,4,2
n07718472_11567,cucumber,4,1
n07718472_11569,cucumber,4,4
n07718472_11617,cucumber,4,2
n07718472_11623,cucumber,4,4
n07718472_11655,cucumber,4,3
n07718472_11656,cucumber,4,0
n07718472_11677,cucumber,4,0
n07718472_11678,cucumber,4,1
n07718472_11680,cucumber,4,0
n07718472_11681,cucumber,4,4
n07718472_11692,cucumber,4,3
n07718472_11696,cucumber,4,4
n07718472_11702,cucumber,4,2
n07718472_11706,cucumber,4,0
n07718472_1172,cucumber,4,1
n07718472_11721,cucumber,4,0
n07718472_1177,cucumber,4,0
n07718472_11775,cucumber,4,4
n07718472_11787,cucumber,4,4
n07718472_11793,cucumber,4,3
n07718472_11802,cucumber,4,3
n07718472_11810,cucumber,4,3
n07718472_1182,cucumber,4,1
n07718472_11865,cucumber,4,0
n07718472_1187,cucumber,4,2
n07718472_11878,cucumber,4,2
n07718472_119,cucumber,4,0
n07718472_11936,cucumber,4,4
n07718472_1198,cucumber,4,0
n07718472_11984,cucumber,4,3
n07718472_12002,cucumber,4,4
n07718472_12014,cucumber,4,3
n07718472_1205,cucumber,4,1
n07718472_12057,cucumber,4,0
n07718472_1208,cucumber,4,2
n07718472_12086,cucumber,4,4
n07718472_12100,cucumber,4,1
n07718472_12118,cucumber,4,0
n07718472_12132,cucumber,4,4
n07718472_12144,cucumber,4,2
n07718472_12197,cucumber,4,4
n07718472_12212,cucumber,4,3
n07718472_12228,cucumber,4,2
n07718472_12251,cucumber,4,4
n07718472_12270,cucumber,4,3
n07718472_12278,cucumber,4,1
n07718472_12300,cucumber,4,3
n07718472_12323,cucumber,4,2
n07718472_1233,cucumber,4,1
n07718472_12361,cucumber,4,4
n07718472_12363,cucumber,4,2
n07718472_12391,cucumber,4,4
n07718472_12396,cucumber,4,0
n07718472_12399,cucumber,4,2
n07718472_12405,cucumber,4,1
n07718472_12416,cucumber,4,2
n07718472_12439,cucumber,4,2
n07718472_12441,cucumber,4,3
n07718472_12447,cucumber,4,3
n07718472_12449,cucumber,4,4
n07718472_12453,cucumber,4,1
n07718472_12458,cucumber,4,2
n07718472_12477,cucumber,4,2
n07718472_1248,cucumber,4,4
n07718472_12509,cucumber,4,3
n07718472_12529,cucumber,4,4
n07718472_12535,cucumber,4,4
n07718472_12554,cucumber,4,1
n07718472_12571,cucumber,4,0
n07718472_12575,cucumber,4,1
n07718472_1258,cucumber,4,1
n07718472_12601,cucumber,4,4
n07718472_12620,cucumber,4,1
n07718472_12624,cucumber,4,3
n07718472_12647,cucumber,4,4
n07718472_12673,cucumber,4,1
n07718472_12683,cucumber,4,3
n07718472_1270,cucumber,4,1
n07718472_12705,cucumber,4,3
n07718472_12706,cucumber,4,1
n07718472_12766,cucumber,4,2
n07718472_12777,cucumber,4,0
n07718472_12796,cucumber,4,0
n07718472_12812,cucumber,4,4
n07718472_12814,cucumber,4,4
n07718472_12819,cucumber,4,4
n07718472_12851,cucumber,4,4
n07718472_12855,cucumber,4,0
n07718472_12893,cucumber,4,4
n07718472_12902,cucumber,4,2
n07718472_12905,cucumber,4,4
n07718472_12919,cucumber,4,3
n07718472_12983,cucumber,4,4
n07718472_12997,cucumber,4,2
n07718472_13060,cucumber,4,4
n07718472_1308,cucumber,4,4
n07718472_13096,cucumber,4,0
n07718472_13104,cucumber,4,0
n07718472_13105,cucumber,4,1
n07718472_13111,cucumber,4,0
n07718472_13124,cucumber,4,2
n07718472_13127,cucumber,4,1
n07718472_1315,cucumber,4,0
n07718472_13156,cucumber,4,0
n07718472_13163,cucumber,4,1
n07718472_13176,cucumber,4,4
n07718472_1318,cucumber,4,0
n07718472_13190,cucumber,4,1
n07718472_13227,cucumber,4,4
n07718472_13250,cucumber,4,0
n07718472_13252,cucumber,4,0
n07718472_13254,cucumber,4,1
n07718472_13255,cucumber,4,1
n07718472_1327,cucumber,4,1
n07718472_13274,cucumber,4,0
n07718472_13317,cucumber,4,3
n07718472_13378,cucumber,4,4
n07718472_1338,cucumber,4,4
n07718472_13384,cucumber,4,2
n07718472_13399,cucumber,4,4
n07718472_13429,cucumber,4,4
n07718472_13447,cucumber,4,4
n07718472_13451,cucumber,4,4
n07718472_13465,cucumber,4,1
n07718472_13483,cucumber,4,3
n07718472_1349,cucumber,4,2
n07718472_13575,cucumber,4,1
n07718472_136,cucumber,4,0
n07718472_1360,cucumber,4,0
n07718472_13608,cucumber,4,0
n07718472_13635,cucumber,4,3
n07718472_13649,cucumber,4,2
n07718472_13657,cucumber,4,0
n07718472_13668,cucumber,4,3
n07718472_13678,cucumber,4,2
n07718472_13685,cucumber,4,1
n07718472_13735,cucumber,4,4
n07718472_13770,cucumber,4,4
n07718472_1378,cucumber,4,0
n07718472_13808,cucumber,4,1
n07718472_13809,cucumber,4,4
n07718472_1384,cucumber,4,4
n07718472_13844,cucumber,4,4
n07718472_13900,cucumber,4,3
n07718472_1392,cucumber,4,3
n07718472_1394,cucumber,4,2
n07718472_13942,cucumber,4,1
n07718472_13944,cucumber,4,0
n07718472_13950,cucumber,4,4
n07718472_13958,cucumber,4,2
n07718472_13974,cucumber,4,2
n07718472_13980,cucumber,4,3
n07718472_14043,cucumber,4,4
n07718472_14045,cucumber,4,1
n07718472_1407,cucumber,4,0
n07718472_14082,cucumber,4,3
n07718472_14117,cucumber,4,2
n07718472_14118,cucumber,4,1
n07718472_14135,cucumber,4,3
n07718472_14152,cucumber,4,0
n07718472_14159,cucumber,4,3
n07718472_1416,cucumber,4,4
n07718472_1417,cucumber,4,0
n07718472_14174,cucumber,4,3
n07718472_14185,cucumber,4,2
n07718472_14186,cucumber,4,4
n07718472_14202,cucumber,4,3
n07718472_14217,cucumber,4,3
n07718472_14225,cucumber,4,3
n07718472_14244,cucumber,4,0
n07718472_14248,cucumber,4,1
n07718472_1425,cucumber,4,2
n07718472_1428,cucumber,4,4
n07718472_1429,cucumber,4,0
n07718472_1433,cucumber,4,2
n07718472_14333,cucumber,4,1
n07718472_14341,cucumber,4,3
n07718472_14343,cucumber,4,0
n07718472_14346,cucumber,4,0
n07718472_1435,cucumber,4,1
n07718472_14352,cucumber,4,0
n07718472_14353,cucumber,4,3
n07718472_14355,cucumber,4,3
n07718472_14364,cucumber,4,1
n07718472_14365,cucumber,4,4
n07718472_14370,cucumber,4,4
n07718472_1438,cucumber,4,2
n07718472_14442,cucumber,4,4
n07718472_14484,cucumber,4,3
n07718472_14488,cucumber,4,2
n07718472_14494,cucumber,4,3
n07718472_14550,cucumber,4,0
n07718472_14559,cucumber,4,3
n07718472_14576,cucumber,4,3
n07718472_14590,cucumber,4,2
n07718472_14640,cucumber,4,3
n07718472_1465,cucumber,4,2
n07718472_14662,cucumber,4,4
n07718472_14676,cucumber,4,3
n07718472_14693,cucumber,4,0
n07718472_14697,cucumber,4,0
n07718472_14699,cucumber,4,1
n07718472_14735,cucumber,4,4
n07718472_14736,cucumber,4,2
n07718472_14741,cucumber,4,4
n07718472_14743,cucumber,4,1
n07718472_1482,cucumber,4,1
n07718472_14840,cucumber,4,4
n07718472_14851,cucumber,4,0
n07718472_14878,cucumber,4,2
n07718472_14910,cucumber,4,4
n07718472_14924,cucumber,4,2
n07718472_14957,cucumber,4,3
n07718472_14959,cucumber,4,2
n07718472_14970,cucumber,4,0
n07718472_14989,cucumber,4,1
n07718472_15045,cucumber,4,4
n07718472_151,cucumber,4,1
n07718472_1510,cucumber,4,1
n07718472_1512,cucumber,4,3
n07718472_1515,cucumber,4,2
n07718472_15219,cucumber,4,1
n07718472_15225,cucumber,4,4
n07718472_15229,cucumber,4,2
n07718472_15235,cucumber,4,4
n07718472_15247,cucumber,4,1
n07718472_15286,cucumber,4,2
n07718472_15291,cucumber,4,0
n07718472_15297,cucumber,4,1
n07718472_15302,cucumber,4,1
n07718472_1535,cucumber,4,4
n07718472_1536,cucumber,4,4
n07718472_15374,cucumber,4,4
n07718472_15382,cucumber,4,4
n07718472_15410,cucumber,4,3
n07718472_15416,cucumber,4,0
n07718472_15417,cucumber,4,0
n07718472_15447,cucumber,4,2
n07718472_15454,cucumber,4,0
n07718472_15483,cucumber,4,3
n07718472_15485,cucumber,4,3
n07718472_1550,cucumber,4,2
n07718472_1553,cucumber,4,3
n07718472_15558,cucumber,4,4
n07718472_15596,cucumber,4,4
n07718472_15602,cucumber,4,1
n07718472_1562,cucumber,4,0
n07718472_1563,cucumber,4,4
n07718472_15651,cucumber,4,2
n07718472_15697,cucumber,4,0
n07718472_15699,cucumber,4,1
n07718472_15704,cucumber,4,0
n07718472_15724,cucumber,4,4
n07718472_15743,cucumber,4,2
n07718472_15753,cucumber,4,0
n07718472_15767,cucumber,4,1
n07718472_15769,cucumber,4,0
n07718472_15786,cucumber,4,2
n07718472_15812,cucumber,4,0
n07718472_15865,cucumber,4,0
n07718472_15880,cucumber,4,2
n07718472_15936,cucumber,4,4
n07718472_1601,cucumber,4,2
n07718472_16022,cucumber,4,3
n07718472_16043,cucumber,4,0
n07718472_16091,cucumber,4,3
n07718472_16092,cucumber,4,0
n07718472_16104,cucumber,4,2
n07718472_1612,cucumber,4,1
n07718472_16183,cucumber,4,0
n07718472_16211,cucumber,4,2
n07718472_16227,cucumber,4,1
n07718472_16234,cucumber,4,4
n07718472_16246,cucumber,4,3
n07718472_16248,cucumber,4,4
n07718472_1625,cucumber,4,3
n07718472_16258,cucumber,4,2
n07718472_1629,cucumber,4,2
n07718472_16325,cucumber,4,0
n07718472_16329,cucumber,4,2
n07718472_16336,cucumber,4,4
n07718472_16339,cucumber,4,4
n07718472_16369,cucumber,4,2
n07718472_16415,cucumber,4,3
n07718472_1643,cucumber,4,2
n07718472_1645,cucumber,4,0
n07718472_16461,cucumber,4,0
n07718472_16478,cucumber,4,0
n07718472_1649,cucumber,4,0
n07718472_16501,cucumber,4,3
n07718472_16502,cucumber,4,0
n07718472_16515,cucumber,4,1
n07718472_1655,cucumber,4,3
n07718472_16592,cucumber,4,2
n07718472_16593,cucumber,4,2
n07718472_1660,cucumber,4,3
n07718472_16642,cucumber,4,3
n07718472_16656,cucumber,4,3
n07718472_16687,cucumber,4,2
n07718472_1670,cucumber,4,4
n07718472_16704,cucumber,4,0
n07718472_16719,cucumber,4,0
n07718472_16726,cucumber,4,0
n07718472_16761,cucumber,4,4
n07718472_16832,cucumber,4,3
n07718472_16845,cucumber,4,3
n07718472_16877,cucumber,4,0
n07718472_16894,cucumber,4,2
n07718472_16926,cucumber,4,4
n07718472_16934,cucumber,4,3
n07718472_16953,cucumber,4,3
n07718472_16954,cucumber,4,4
n07718472_17002,cucumber,4,3
n07718472_17005,cucumber,4,1
n07718472_17030,cucumber,4,3
n07718472_17032,cucumber,4,3
n07718472_17040,cucumber,4,1
n07718472_17045,cucumber,4,1
n07718472_17065,cucumber,4,2
n07718472_17076,cucumber,4,3
n07718472_17081,cucumber,4,3
n07718472_17087,cucumber,4,3
n07718472_17100,cucumber,4,1
n07718472_17103,cucumber,4,1
n07718472_1711,cucumber,4,2
n07718472_17181,cucumber,4,0
n07718472_1719,cucumber,4,2
n07718472_17191,cucumber,4,0
n07718472_1720,cucumber,4,1
n07718472_17217,cucumber,4,2
n07718472_17228,cucumber,4,2
n07718472_1726,cucumber,4,3
n07718472_17272,cucumber,4,3
n07718472_17353,cucumber,4,0
n07718472_17366,cucumber,4,3
n07718472_17398,cucumber,4,2
n07718472_17407,cucumber,4,0
n07718472_17415,cucumber,4,4
n07718472_17416,cucumber,4,1
n07718472_17436,cucumber,4,3
n07718472_17440,cucumber,4,0
n07718472_1751,cucumber,4,0
n07718472_17518,cucumber,4,3
n07718472_17571,cucumber,4,0
n07718472_17646,cucumber,4,2
n07718472_17665,cucumber,4,2
n07718472_17672,cucumber,4,3
n07718472_17788,cucumber,4,2
n07718472_17881,cucumber,4,0
n07718472_17915,cucumber,4,3
n07718472_1793,cucumber,4,4
n07718472_17947,cucumber,4,0
n07718472_17970,cucumber,4,3
n07718472_1803,cucumber,4,3
n07718472_18058,cucumber,4,1
n07718472_1806,cucumber,4,4
n07718472_18099,cucumber,4,4
n07718472_18116,cucumber,4,3
n07718472_1813,cucumber,4,1
n07718472_18145,cucumber,4,0
n07718472_18197,cucumber,4,3
n07718472_18201,cucumber,4,1
n07718472_1821,cucumber,4,0
n07718472_18210,cucumber,4,2
n07718472_18211,cucumber,4,1
n07718472_18244,cucumber,4,3
n07718472_18266,cucumber,4,2
n07718472_18277,cucumber,4,3
n07718472_1829,cucumber,4,1
n07718472_18296,cucumber,4,4
n07718472_18309,cucumber,4,4
n07718472_18317,cucumber,4,3
n07718472_1833,cucumber,4,0
n07718472_18351,cucumber,4,4
n07718472_18354,cucumber,4,2
n07718472_18379,cucumber,4,3
n07718472_18390,cucumber,4,2
n07718472_18396,cucumber,4,0
n07718472_18464,cucumber,4,1
n07718472_18465,cucumber,4,1
n07718472_18494,cucumber,4,3
n07718472_185,cucumber,4,1
n07718472_18566,cucumber,4,3
n07718472_18583,cucumber,4,2
n07718472_18592,cucumber,4,4
n07718472_18615,cucumber,4,4
n07718472_18641,cucumber,4,2
n07718472_18642,cucumber,4,2
n07718472_18675,cucumber,4,2
n07718472_18676,cucumber,4,1
n07718472_18682,cucumber,4,3
n07718472_18725,cucumber,4,2
n07718472_18766,cucumber,4,0
n07718472_1877,cucumber,4,0
n07718472_18803,cucumber,4,0
n07718472_18832,cucumber,4,3
n07718472_18837,cucumber,4,3
n07718472_18839,cucumber,4,3
n07718472_18840,cucumber,4,4
n07718472_18855,cucumber,4,3
n07718472_18871,cucumber,4,2
n07718472_18880,cucumber,4,2
n07718472_18885,cucumber,4,2
n07718472_18926,cucumber,4,1
n07718472_18934,cucumber,4,2
n07718472_18937,cucumber,4,0
n07718472_18942,cucumber,4,1
n07718472_1898,cucumber,4,1
n07718472_19001,cucumber,4,4
n07718472_19009,cucumber,4,1
n07718472_19051,cucumber,4,3
n07718472_19069,cucumber,4,3
n07718472_19100,cucumber,4,0
n07718472_19104,cucumber,4,3
n07718472_19114,cucumber,4,1
n07718472_19121,cucumber,4,0
n07718472_19129,cucumber,4,1
n07718472_19135,cucumber,4,0
n07718472_19159,cucumber,4,3
n07718472_19164,cucumber,4,4
n07718472_19194,cucumber,4,2
n07718472_19202,cucumber,4,0
n07718472_19254,cucumber,4,0
n07718472_19329,cucumber,4,1
n07718472_19346,cucumber,4,3
n07718472_19428,cucumber,4,0
n07718472_19436,cucumber,4,2
n07718472_1945,cucumber,4,4
n07718472_19500,cucumber,4,4
n07718472_1952,cucumber,4,4
n07718472_19586,cucumber,4,0
n07718472_1960,cucumber,4,4
n07718472_19614,cucumber,4,0
n07718472_19619,cucumber,4,4
n07718472_19637,cucumber,4,2
n07718472_19645,cucumber,4,3
n07718472_19646,cucumber,4,2
n07718472_19652,cucumber,4,1
n07718472_19662,cucumber,4,0
n07718472_19675,cucumber,4,3
n07718472_19691,cucumber,4,0
n07718472_19736,cucumber,4,3
n07718472_19819,cucumber,4,1
n07718472_19875,cucumber,4,0
n07718472_19889,cucumber,4,0
n07718472_1994,cucumber,4,2
n07718472_19952,cucumber,4,3
n07718472_20012,cucumber,4,3
n07718472_20022,cucumber,4,3
n07718472_20027,cucumber,4,3
n07718472_20035,cucumber,4,1
n07718472_20063,cucumber,4,3
n07718472_2009,cucumber,4,2
n07718472_20092,cucumber,4,4
n07718472_20116,cucumber,4,1
n07718472_20134,cucumber,4,3
n07718472_20198,cucumber,4,2
n07718472_20201,cucumber,4,0
n07718472_20234,cucumber,4,4
n07718472_20288,cucumber,4,2
n07718472_20423,cucumber,4,4
n07718472_20450,cucumber,4,2
n07718472_20508,cucumber,4,3
n07718472_2052,cucumber,4,2
n07718472_20531,cucumber,4,2
n07718472_20591,cucumber,4,2
n07718472_20595,cucumber,4,0
n07718472_2060,cucumber,4,3
n07718472_20626,cucumber,4,1
n07718472_20639,cucumber,4,1
n07718472_20647,cucumber,4,0
n07718472_20654,cucumber,4,0
n07718472_20689,cucumber,4,0
n07718472_20751,cucumber,4,2
n07718472_20761,cucumber,4,0
n07718472_20774,cucumber,4,2
n07718472_20855,cucumber,4,0
n07718472_20908,cucumber,4,4
n07718472_2093,cucumber,4,1
n07718472_20946,cucumber,4,4
n07718472_20953,cucumber,4,1
n07718472_20996,cucumber,4,3
n07718472_210,cucumber,4,1
n07718472_21000,cucumber,4,4
n07718472_21014,cucumber,4,1
n07718472_2107,cucumber,4,1
n07718472_21089,cucumber,4,3
n07718472_2110,cucumber,4,3
n07718472_21111,cucumber,4,0
n07718472_2113,cucumber,4,0
n07718472_21149,cucumber,4,1
n07718472_21156,cucumber,4,0
n07718472_21157,cucumber,4,1
n07718472_21222,cucumber,4,2
n07718472_21300,cucumber,4,0
n07718472_21305,cucumber,4,2
n07718472_21335,cucumber,4,0
n07718472_2134,cucumber,4,3
n07718472_21365,cucumber,4,3
n07718472_21386,cucumber,4,1
n07718472_21406,cucumber,4,4
n07718472_21427,cucumber,4,3
n07718472_2147,cucumber,4,2
n07718472_21556,cucumber,4,4
n07718472_2156,cucumber,4,0
n07718472_21567,cucumber,4,3
n07718472_21568,cucumber,4,1
n07718472_2157,cucumber,4,1
n07718472_21578,cucumber,4,3
n07718472_2158,cucumber,4,3
n07718472_21591,cucumber,4,3
n07718472_21629,cucumber,4,4
n07718472_21631,cucumber,4,0
n07718472_21662,cucumber,4,2
n07718472_21669,cucumber,4,2
n07718472_21699,cucumber,4,3
n07718472_217,cucumber,4,3
n07718472_21726,cucumber,4,0
n07718472_21735,cucumber,4,0
n07718472_21762,cucumber,4,1
n07718472_21795,cucumber,4,4
n07718472_21826,cucumber,4,0
n07718472_21827,cucumber,4,1
n07718472_2184,cucumber,4,1
n07718472_21929,cucumber,4,2
n07718472_21939,cucumber,4,4
n07718472_21946,cucumber,4,1
n07718472_21964,cucumber,4,1
n07718472_21994,cucumber,4,2
n07718472_22043,cucumber,4,4
n07718472_22059,cucumber,4,1
n07718472_22082,cucumber,4,4
n07718472_22091,cucumber,4,2
n07718472_22111,cucumber,4,1
n07718472_22138,cucumber,4,2
n07718472_22141,cucumber,4,0
n07718472_22159,cucumber,4,2
n07718472_22186,cucumber,4,3
n07718472_22207,cucumber,4,3
n07718472_22208,cucumber,4,1
n07718472_22214,cucumber,4,2
n07718472_22218,cucumber,4,3
n07718472_22222,cucumber,4,0
n07718472_2224,cucumber,4,0
n07718472_22318,cucumber,4,1
n07718472_2232,cucumber,4,3
n07718472_22323,cucumber,4,2
n07718472_22327,cucumber,4,4
n07718472_22346,cucumber,4,1
n07718472_22350,cucumber,4,1
n07718472_22364,cucumber,4,0
n07718472_22372,cucumber,4,3
n07718472_2238,cucumber,4,1
n07718472_22390,cucumber,4,2
n07718472_224,cucumber,4,4
n07718472_22416,cucumber,4,1
n07718472_22428,cucumber,4,0
n07718472_22475,cucumber,4,4
n07718472_22500,cucumber,4,2
n07718472_22508,cucumber,4,3
n07718472_22526,cucumber,4,0
n07718472_22531,cucumber,4,2
n07718472_22533,cucumber,4,0
n07718472_22558,cucumber,4,1
n07718472_22563,cucumber,4,4
n07718472_22570,cucumber,4,4
n07718472_22586,cucumber,4,0
n07718472_22636,cucumber,4,4
n07718472_22641,cucumber,4,2
n07718472_22646,cucumber,4,0
n07718472_22658,cucumber,4,3
n07718472_22668,cucumber,4,3
n07718472_2280,cucumber,4,2
n07718472_2286,cucumber,4,3
n07718472_2296,cucumber,4,4
n07718472_2298,cucumber,4,4
n07718472_2304,cucumber,4,4
n07718472_2309,cucumber,4,4
n07718472_2325,cucumber,4,0
n07718472_233,cucumber,4,4
n07718472_2352,cucumber,4,3
n07718472_2399,cucumber,4,2
n07718472_2412,cucumber,4,2
n07718472_2431,cucumber,4,0
n07718472_2500,cucumber,4,1
n07718472_2507,cucumber,4,0
n07718472_2509,cucumber,4,2
n07718472_2525,cucumber,4,4
n07718472_2555,cucumber,4,0
n07718472_2565,cucumber,4,3
n07718472_2578,cucumber,4,0
n07718472_2581,cucumber,4,1
n07718472_2598,cucumber,4,1
n07718472_2609,cucumber,4,2
n07718472_262,cucumber,4,4
n07718472_2621,cucumber,4,4
n07718472_2648,cucumber,4,1
n07718472_2655,cucumber,4,1
n07718472_2663,cucumber,4,2
n07718472_2685,cucumber,4,4
n07718472_27,cucumber,4,2
n07718472_2718,cucumber,4,1
n07718472_2723,cucumber,4,0
n07718472_2777,cucumber,4,4
n07718472_2781,cucumber,4,0
n07718472_280,cucumber,4,4
n07718472_284,cucumber,4,3
n07718472_2841,cucumber,4,1
n07718472_2854,cucumber,4,0
n07718472_2857,cucumber,4,3
n07718472_2861,cucumber,4,3
n07718472_2870,cucumber,4,4
n07718472_2876,cucumber,4,3
n07718472_2878,cucumber,4,4
n07718472_288,cucumber,4,3
n07718472_2882,cucumber,4,0
n07718472_289,cucumber,4,4
n07718472_2890,cucumber,4,4
n07718472_2892,cucumber,4,3
n07718472_2907,cucumber,4,4
n07718472_291,cucumber,4,1
n07718472_2924,cucumber,4,0
n07718472_2938,cucumber,4,4
n07718472_2954,cucumber,4,2
n07718472_2964,cucumber,4,1
n07718472_2965,cucumber,4,0
n07718472_2969,cucumber,4,3
n07718472_3017,cucumber,4,4
n07718472_3025,cucumber,4,0
n07718472_3027,cucumber,4,2
n07718472_3030,cucumber,4,3
n07718472_3034,cucumber,4,1
n07718472_3036,cucumber,4,1
n07718472_3044,cucumber,4,1
n07718472_3058,cucumber,4,3
n07718472_3070,cucumber,4,0
n07718472_3077,cucumber,4,3
n07718472_3082,cucumber,4,2
n07718472_3094,cucumber,4,2
n07718472_3108,cucumber,4,1
n07718472_3111,cucumber,4,2
n07718472_3133,cucumber,4,4
n07718472_3136,cucumber,4,0
n07718472_3141,cucumber,4,4
n07718472_3144,cucumber,4,4
n07718472_3152,cucumber,4,0
n07718472_3154,cucumber,4,2
n07718472_3170,cucumber,4,2
n07718472_3172,cucumber,4,1
n07718472_3178,cucumber,4,2
n07718472_3204,cucumber,4,0
n07718472_3219,cucumber,4,3
n07718472_3222,cucumber,4,4
n07718472_3244,cucumber,4,0
n07718472_3252,cucumber,4,1
n07718472_3259,cucumber,4,4
n07718472_3270,cucumber,4,3
n07718472_3272,cucumber,4,2
n07718472_3278,cucumber,4,3
n07718472_3280,cucumber,4,2
n07718472_3301,cucumber,4,2
n07718472_3305,cucumber,4,0
n07718472_3309,cucumber,4,4
n07718472_3310,cucumber,4,4
n07718472_3314,cucumber,4,2
n07718472_3326,cucumber,4,0
n07718472_3329,cucumber,4,0
n07718472_3330,cucumber,4,1
n07718472_3339,cucumber,4,2
n07718472_334,cucumber,4,1
n07718472_3346,cucumber,4,4
n07718472_3348,cucumber,4,4
n07718472_3353,cucumber,4,2
n07718472_3371,cucumber,4,2
n07718472_3378,cucumber,4,1
n07718472_339,cucumber,4,4
n07718472_340,cucumber,4,0
n07718472_3400,cucumber,4,0
n07718472_3403,cucumber,4,2
n07718472_3422,cucumber,4,1
n07718472_3424,cucumber,4,2
n07718472_3427,cucumber,4,3
n07718472_3429,cucumber,4,0
n07718472_3445,cucumber,4,4
n07718472_3458,cucumber,4,3
n07718472_3481,cucumber,4,2
n07718472_351,cucumber,4,3
n07718472_3516,cucumber,4,1
n07718472_3519,cucumber,4,4
n07718472_352,cucumber,4,4
n07718472_3521,cucumber,4,1
n07718472_3522,cucumber,4,3
n07718472_3525,cucumber,4,1
n07718472_3534,cucumber,4,2
n07718472_3535,cucumber,4,0
n07718472_3537,cucumber,4,2
n07718472_3561,cucumber,4,1
n07718472_3565,cucumber,4,0
n07718472_3577,cucumber,4,3
n07718472_3584,cucumber,4,3
n07718472_3618,cucumber,4,1
n07718472_3625,cucumber,4,1
n07718472_3628,cucumber,4,1
n07718472_3630,cucumber,4,4
n07718472_3632,cucumber,4,2
n07718472_3642,cucumber,4,2
n07718472_3643,cucumber,4,3
n07718472_3659,cucumber,4,4
n07718472_3660,cucumber,4,1
n07718472_3664,cucumber,4,4
n07718472_3671,cucumber,4,2
n07718472_3672,cucumber,4,2
n07718472_3673,cucumber,4,2
n07718472_3707,cucumber,4,1
n07718472_373,cucumber,4,0
n07718472_3746,cucumber,4,4
n07718472_3752,cucumber,4,0
n07718472_3775,cucumber,4,0
n07718472_379,cucumber,4,4
n07718472_3792,cucumber,4,2
n07718472_381,cucumber,4,4
n07718472_3843,cucumber,4,2
n07718472_3872,cucumber,4,4
n07718472_3891,cucumber,4,2
n07718472_3892,cucumber,4,3
n07718472_3910,cucumber,4,1
n07718472_3914,cucumber,4,3
n07718472_3915,cucumber,4,3
n07718472_3929,cucumber,4,3
n07718472_3953,cucumber,4,4
n07718472_3966,cucumber,4,3
n07718472_3983,cucumber,4,0
n07718472_3984,cucumber,4,0
n07718472_3987,cucumber,4,0
n07718472_3990,cucumber,4,2
n07718472_4024,cucumber,4,1
n07718472_4031,cucumber,4,4
n07718472_4041,cucumber,4,2
n07718472_4055,cucumber,4,0
n07718472_4079,cucumber,4,4
n07718472_4099,cucumber,4,4
n07718472_4136,cucumber,4,3
n07718472_4138,cucumber,4,3
n07718472_4150,cucumber,4,0
n07718472_4152,cucumber,4,4
n07718472_4164,cucumber,4,2
n07718472_4176,cucumber,4,3
n07718472_418,cucumber,4,3
n07718472_4196,cucumber,4,0
n07718472_4200,cucumber,4,3
n07718472_4215,cucumber,4,2
n07718472_4217,cucumber,4,2
n07718472_4233,cucumber,4,2
n07718472_4234,cucumber,4,0
n07718472_4241,cucumber,4,2
n07718472_4244,cucumber,4,1
n07718472_4255,cucumber,4,3
n07718472_4265,cucumber,4,1
n07718472_4272,cucumber,4,4
n07718472_4281,cucumber,4,4
n07718472_4290,cucumber,4,4
n07718472_4293,cucumber,4,2
n07718472_4299,cucumber,4,4
n07718472_4320,cucumber,4,0
n07718472_4322,cucumber,4,2
n07718472_4346,cucumber,4,1
n07718472_4372,cucumber,4,0
n07718472_4385,cucumber,4,1
n07718472_4390,cucumber,4,0
n07718472_4393,cucumber,4,1
n07718472_4406,cucumber,4,1
n07718472_4411,cucumber,4,1
n07718472_4413,cucumber,4,1
n07718472_4414,cucumber,4,2
n07718472_4415,cucumber,4,0
n07718472_442,cucumber,4,2
n07718472_4426,cucumber,4,3
n07718472_4427,cucumber,4,0
n07718472_4430,cucumber,4,2
n07718472_4432,cucumber,4,2
n07718472_4447,cucumber,4,1
n07718472_446,cucumber,4,4
n07718472_4487,cucumber,4,3
n07718472_4494,cucumber,4,2
n07718472_4498,cucumber,4,2
n07718472_4502,cucumber,4,3
n07718472_4511,cucumber,4,2
n07718472_4516,cucumber,4,3
n07718472_452,cucumber,4,1
n07718472_4521,cucumber,4,3
n07718472_4525,cucumber,4,0
n07718472_4549,cucumber,4,4
n07718472_4558,cucumber,4,4
n07718472_457,cucumber,4,1
n07718472_458,cucumber,4,2
n07718472_4619,cucumber,4,0
n07718472_4628,cucumber,4,4
n07718472_4630,cucumber,4,4
n07718472_464,cucumber,4,2
n07718472_4654,cucumber,4,4
n07718472_4663,cucumber,4,1
n07718472_4685,cucumber,4,2
n07718472_4699,cucumber,4,0
n07718472_4707,cucumber,4,2
n07718472_4718,cucumber,4,3
n07718472_4736,cucumber,4,3
n07718472_4758,cucumber,4,1
n07718472_4759,cucumber,4,3
n07718472_4819,cucumber,4,3
n07718472_4832,cucumber,4,3
n07718472_4835,cucumber,4,4
n07718472_4843,cucumber,4,0
n07718472_486,cucumber,4,0
n07718472_4876,cucumber,4,1
n07718472_4878,cucumber,4,4
n07718472_4880,cucumber,4,3
n07718472_4914,cucumber,4,1
n07718472_4926,cucumber,4,2
n07718472_493,cucumber,4,0
n07718472_494,cucumber,4,4
n07718472_4945,cucumber,4,3
n07718472_4994,cucumber,4,0
n07718472_501,cucumber,4,3
n07718472_502,cucumber,4,2
n07718472_5107,cucumber,4,3
n07718472_512,cucumber,4,2
n07718472_5155,cucumber,4,4
n07718472_5157,cucumber,4,4
n07718472_517,cucumber,4,0
n07718472_5175,cucumber,4,3
n07718472_519,cucumber,4,0
n07718472_5219,cucumber,4,1
n07718472_5247,cucumber,4,0
n07718472_5286,cucumber,4,2
n07718472_5304,cucumber,4,1
n07718472_5321,cucumber,4,3
n07718472_5324,cucumber,4,1
n07718472_5341,cucumber,4,1
n07718472_5377,cucumber,4,1
n07718472_5391,cucumber,4,0
n07718472_546,cucumber,4,3
n07718472_5464,cucumber,4,2
n07718472_5483,cucumber,4,4
n07718472_5485,cucumber,4,4
n07718472_5495,cucumber,4,2
n07718472_5507,cucumber,4,4
n07718472_5522,cucumber,4,1
n07718472_5571,cucumber,4,0
n07718472_558,cucumber,4,0
n07718472_5583,cucumber,4,3
n07718472_559,cucumber,4,3
n07718472_5594,cucumber,4,0
n07718472_5597,cucumber,4,3
n07718472_5601,cucumber,4,4
n07718472_5662,cucumber,4,4
n07718472_567,cucumber,4,1
n07718472_5670,cucumber,4,0
n07718472_5676,cucumber,4,1
n07718472_5694,cucumber,4,2
n07718472_570,cucumber,4,2
n07718472_5706,cucumber,4,2
n07718472_5717,cucumber,4,0
n07718472_5720,cucumber,4,3
n07718472_5751,cucumber,4,1
n07718472_58,cucumber,4,1
n07718472_580,cucumber,4,0
n07718472_5817,cucumber,4,1
n07718472_583,cucumber,4,0
n07718472_5833,cucumber,4,0
n07718472_5838,cucumber,4,4
n07718472_5863,cucumber,4,1
n07718472_5896,cucumber,4,4
n07718472_591,cucumber,4,1
n07718472_6008,cucumber,4,2
n07718472_6009,cucumber,4,0
n07718472_6011,cucumber,4,4
n07718472_6016,cucumber,4,3
n07718472_6027,cucumber,4,0
n07718472_6034,cucumber,4,4
n07718472_6048,cucumber,4,4
n07718472_6076,cucumber,4,0
n07718472_6097,cucumber,4,1
n07718472_611,cucumber,4,1
n07718472_6110,cucumber,4,0
n07718472_6122,cucumber,4,1
n07718472_6127,cucumber,4,2
n07718472_614,cucumber,4,2
n07718472_6140,cucumber,4,1
n07718472_6181,cucumber,4,0
n07718472_6200,cucumber,4,1
n07718472_6201,cucumber,4,0
n07718472_6215,cucumber,4,1
n07718472_6217,cucumber,4,4
n07718472_623,cucumber,4,0
n07718472_626,cucumber,4,1
n07718472_6277,cucumber,4,1
n07718472_628,cucumber,4,1
n07718472_6281,cucumber,4,2
n07718472_6294,cucumber,4,0
n07718472_6300,cucumber,4,2
n07718472_6331,cucumber,4,0
n07718472_6334,cucumber,4,3
n07718472_6346,cucumber,4,4
n07718472_6351,cucumber,4,1
n07718472_640,cucumber,4,0
n07718472_6405,cucumber,4,3
n07718472_6410,cucumber,4,4
n07718472_6434,cucumber,4,1
n07718472_644,cucumber,4,0
n07718472_6446,cucumber,4,1
n07718472_6463,cucumber,4,1
n07718472_6487,cucumber,4,1
n07718472_650,cucumber,4,1
n07718472_651,cucumber,4,1
n07718472_6517,cucumber,4,0
n07718472_653,cucumber,4,3
n07718472_6532,cucumber,4,3
n07718472_6538,cucumber,4,1
n07718472_6548,cucumber,4,4
n07718472_655,cucumber,4,4
n07718472_6555,cucumber,4,4
n07718472_6566,cucumber,4,3
n07718472_6590,cucumber,4,4
n07718472_6594,cucumber,4,1
n07718472_662,cucumber,4,2
n07718472_6622,cucumber,4,2
n07718472_6629,cucumber,4,4
n07718472_6636,cucumber,4,1
n07718472_6652,cucumber,4,0
n07718472_6787,cucumber,4,0
n07718472_679,cucumber,4,1
n07718472_6799,cucumber,4,1
n07718472_6821,cucumber,4,4
n07718472_6850,cucumber,4,4
n07718472_6851,cucumber,4,1
n07718472_6853,cucumber,4,2
n07718472_6879,cucumber,4,4
n07718472_688,cucumber,4,2
n07718472_6889,cucumber,4,1
n07718472_6895,cucumber,4,2
n07718472_6907,cucumber,4,1
n07718472_6918,cucumber,4,4
n07718472_6919,cucumber,4,2
n07718472_6932,cucumber,4,1
n07718472_6961,cucumber,4,3
n07718472_6981,cucumber,4,1
n07718472_6982,cucumber,4,1
n07718472_6987,cucumber,4,3
n07718472_7035,cucumber,4,3
n07718472_7043,cucumber,4,3
n07718472_7047,cucumber,4,2
n07718472_7052,cucumber,4,4
n07718472_7066,cucumber,4,0
n07718472_7074,cucumber,4,3
n07718472_7076,cucumber,4,4
n07718472_7125,cucumber,4,4
n07718472_7145,cucumber,4,0
n07718472_7172,cucumber,4,0
n07718472_7182,cucumber,4,0
n07718472_7203,cucumber,4,1
n07718472_7224,cucumber,4,1
n07718472_723,cucumber,4,3
n07718472_7244,cucumber,4,2
n07718472_7255,cucumber,4,4
n07718472_7266,cucumber,4,4
n07718472_7275,cucumber,4,3
n07718472_7292,cucumber,4,3
n07718472_7386,cucumber,4,0
n07718472_7403,cucumber,4,3
n07718472_7415,cucumber,4,1
n07718472_742,cucumber,4,0
n07718472_7442,cucumber,4,1
n07718472_7466,cucumber,4,2
n07718472_7470,cucumber,4,2
n07718472_7510,cucumber,4,2
n07718472_7513,cucumber,4,3
n07718472_7518,cucumber,4,0
n07718472_7560,cucumber,4,1
n07718472_7561,cucumber,4,1
n07718472_7565,cucumber,4,2
n07718472_757,cucumber,4,4
n07718472_758,cucumber,4,2
n07718472_760,cucumber,4,1
n07718472_7662,cucumber,4,4
n07718472_7671,cucumber,4,2
n07718472_7675,cucumber,4,4
n07718472_7681,cucumber,4,1
n07718472_7691,cucumber,4,2
n07718472_7705,cucumber,4,0
n07718472_771,cucumber,4,3
n07718472_7746,cucumber,4,4
n07718472_7755,cucumber,4,0
n07718472_7756,cucumber,4,1
n07718472_777,cucumber,4,0
n07718472_7823,cucumber,4,4
n07718472_7830,cucumber,4,0
n07718472_7849,cucumber,4,4
n07718472_7857,cucumber,4,3
n07718472_787,cucumber,4,2
n07718472_788,cucumber,4,4
n07718472_789,cucumber,4,1
n07718472_7898,cucumber,4,1
n07718472_7899,cucumber,4,3
n07718472_7916,cucumber,4,0
n07718472_7939,cucumber,4,1
n07718472_7952,cucumber,4,1
n07718472_7958,cucumber,4,4
n07718472_7968,cucumber,4,0
n07718472_7989,cucumber,4,0
n07718472_7993,cucumber,4,0
n07718472_7996,cucumber,4,2
n07718472_8002,cucumber,4,2
n07718472_802,cucumber,4,4
n07718472_8065,cucumber,4,1
n07718472_807,cucumber,4,4
n07718472_8074,cucumber,4,3
n07718472_808,cucumber,4,2
n07718472_8086,cucumber,4,1
n07718472_8091,cucumber,4,4
n07718472_8107,cucumber,4,3
n07718472_8108,cucumber,4,1
n07718472_8118,cucumber,4,2
n07718472_8120,cucumber,4,4
n07718472_8124,cucumber,4,4
n07718472_8126,cucumber,4,4
n07718472_8144,cucumber,4,4
n07718472_8156,cucumber,4,4
n07718472_8159,cucumber,4,1
n07718472_8172,cucumber,4,2
n07718472_8177,cucumber,4,1
n07718472_8182,cucumber,4,0
n07718472_8203,cucumber,4,2
n07718472_823,cucumber,4,3
n07718472_8230,cucumber,4,2
n07718472_8231,cucumber,4,2
n07718472_8237,cucumber,4,4
n07718472_8261,cucumber,4,3
n07718472_8284,cucumber,4,0
n07718472_8287,cucumber,4,0
n07718472_8298,cucumber,4,2
n07718472_8303,cucumber,4,0
n07718472_8309,cucumber,4,2
n07718472_831,cucumber,4,4
n07718472_8319,cucumber,4,4
n07718472_8323,cucumber,4,4
n07718472_8333,cucumber,4,3
n07718472_8338,cucumber,4,2
n07718472_8343,cucumber,4,4
n07718472_8350,cucumber,4,1
n07718472_8353,cucumber,4,3
n07718472_8367,cucumber,4,1
n07718472_8376,cucumber,4,2
n07718472_8381,cucumber,4,0
n07718472_8386,cucumber,4,1
n07718472_8392,cucumber,4,2
n07718472_8403,cucumber,4,4
n07718472_842,cucumber,4,3
n07718472_8422,cucumber,4,3
n07718472_8434,cucumber,4,1
n07718472_8435,cucumber,4,2
n07718472_844,cucumber,4,3
n07718472_8448,cucumber,4,2
n07718472_8455,cucumber,4,1
n07718472_8457,cucumber,4,3
n07718472_847,cucumber,4,3
n07718472_8473,cucumber,4,2
n07718472_848,cucumber,4,4
n07718472_8481,cucumber,4,3
n07718472_8490,cucumber,4,3
n07718472_8501,cucumber,4,2
n07718472_8508,cucumber,4,0
n07718472_8512,cucumber,4,2
n07718472_8552,cucumber,4,3
n07718472_8555,cucumber,4,0
n07718472_8562,cucumber,4,4
n07718472_8575,cucumber,4,0
n07718472_8598,cucumber,4,0
n07718472_8624,cucumber,4,3
n07718472_8627,cucumber,4,1
n07718472_8633,cucumber,4,1
n07718472_8638,cucumber,4,0
n07718472_8643,cucumber,4,3
n07718472_8653,cucumber,4,0
n07718472_8672,cucumber,4,0
n07718472_8674,cucumber,4,1
n07718472_8677,cucumber,4,1
n07718472_8686,cucumber,4,4
n07718472_870,cucumber,4,1
n07718472_8702,cucumber,4,3
n07718472_8719,cucumber,4,1
n07718472_8727,cucumber,4,2
n07718472_873,cucumber,4,0
n07718472_8736,cucumber,4,1
n07718472_8740,cucumber,4,1
n07718472_8742,cucumber,4,3
n07718472_8743,cucumber,4,4
n07718472_8770,cucumber,4,1
n07718472_8772,cucumber,4,0
n07718472_8781,cucumber,4,4
n07718472_8788,cucumber,4,0
n07718472_8806,cucumber,4,3
n07718472_8824,cucumber,4,2
n07718472_8850,cucumber,4,3
n07718472_8855,cucumber,4,4
n07718472_886,cucumber,4,0
n07718472_8862,cucumber,4,1
n07718472_8863,cucumber,4,0
n07718472_8869,cucumber,4,1
n07718472_8875,cucumber,4,4
n07718472_8880,cucumber,4,2
n07718472_8946,cucumber,4,1
n07718472_8982,cucumber,4,3
n07718472_9017,cucumber,4,2
n07718472_9031,cucumber,4,0
n07718472_904,cucumber,4,3
n07718472_9058,cucumber,4,1
n07718472_907,cucumber,4,3
n07718472_9078,cucumber,4,3
n07718472_9082,cucumber,4,0
n07718472_9088,cucumber,4,4
n07718472_9112,cucumber,4,0
n07718472_9123,cucumber,4,1
n07718472_914,cucumber,4,2
n07718472_9212,cucumber,4,1
n07718472_922,cucumber,4,0
n07718472_9225,cucumber,4,1
n07718472_9292,cucumber,4,3
n07718472_9305,cucumber,4,4
n07718472_933,cucumber,4,4
n07718472_935,cucumber,4,3
n07718472_9380,cucumber,4,0
n07718472_9419,cucumber,4,3
n07718472_9471,cucumber,4,1
n07718472_9477,cucumber,4,0
n07718472_951,cucumber,4,3
n07718472_9548,cucumber,4,0
n07718472_9594,cucumber,4,4
n07718472_961,cucumber,4,3
n07718472_9633,cucumber,4,4
n07718472_9675,cucumber,4,1
n07718472_970,cucumber,4,2
n07718472_9754,cucumber,4,1
n07718472_9762,cucumber,4,1
n07718472_977,cucumber,4,0
n07718472_9778,cucumber,4,2
n07718472_9788,cucumber,4,3
n07718472_9797,cucumber,4,1
n07718472_9804,cucumber,4,4
n07718472_9824,cucumber,4,3
n07718472_9852,cucumber,4,4
n07718472_9874,cucumber,4,0
n07718472_9881,cucumber,4,2
