stem,cls,repeat,fold
n04522168_1,vase,0,0
n04522168_100,vase,0,4
n04522168_10017,vase,0,1
n04522168_10047,vase,0,3
n04522168_10058,vase,0,4
n04522168_10087,vase,0,0
n04522168_10104,vase,0,4
n04522168_10113,vase,0,2
n04522168_10115,vase,0,4
n04522168_10128,vase,0,0
n04522168_10131,vase,0,3
n04522168_10200,vase,0,0
n04522168_10215,vase,0,2
n04522168_10222,vase,0,2
n04522168_10248,vase,0,2
n04522168_10260,vase,0,0
n04522168_10268,vase,0,2
n04522168_10278,vase,0,0
n04522168_10287,vase,0,0
n04522168_1029,vase,0,4
n04522168_10310,vase,0,2
n04522168_10343,vase,0,1
n04522168_10356,vase,0,4
n04522168_10392,vase,0,4
n04522168_10415,vase,0,4
n04522168_1044,vase,0,2
n04522168_10478,vase,0,2
n04522168_10509,vase,0,0
n04522168_10539,vase,0,4
n04522168_10548,vase,0,3
n04522168_10592,vase,0,2
n04522168_10595,vase,0,1
n04522168_10597,vase,0,4
n04522168_10603,vase,0,0
n04522168_10628,vase,0,4
n04522168_10639,vase,0,3
n04522168_10660,vase,0,3
n04522168_10683,vase,0,0
n04522168_10712,vase,0,1
n04522168_10718,vase,0,0
n04522168_10729,vase,0,3
n04522168_10750,vase,0,2
n04522168_10765,vase,0,4
n04522168_10772,vase,0,2
n04522168_10779,vase,0,1
n04522168_10783,vase,0,1
n04522168_10797,vase,0,0
n04522168_10800,vase,0,4
n04522168_10801,vase,0,2
n04522168_1081,vase,0,1
n04522168_10823,vase,0,0
n04522168_10824,vase,0,3
n04522168_10840,vase,0,4
n04522168_10846,vase,0,0
n04522168_10905,vase,0,0
n04522168_10918,vase,0,3
n04522168_10937,vase,0,4
n04522168_10953,vase,0,4
n04522168_10988,vase,0,2
n04522168_11033,vase,0,3
n04522168_11078,vase,0,4
n04522168_11086,vase,0,0
n04522168_11135,vase,0,4
n04522168_11144,vase,0,1
n04522168_11146,vase,0,1
n04522168_11157,vase,0,4
n04522168_11159,vase,0,2
n04522168_11209,vase,0,0
n04522168_11216,vase,0,0
n04522168_11250,vase,0,1
n04522168_11267,vase,0,2
n04522168_11283,vase,0,4
n04522168_11284,vase,0,4
n04522168_11329,vase,0,2
n04522168_11339,vase,0,1
n04522168_11383,vase,0,0
n04522168_11391,vase,0,3
n04522168_11451,vase,0,4
n04522168_11459,vase,0,2
n04522168_11470,vase,0,0
n04522168_11507,vase,0,1
n04522168_1152,vase,0,2
n04522168_11522,vase,0,4
n04522168_11530,vase,0,4
n04522168_11533,vase,0,4
n04522168_11540,vase,0,3
n04522168_11545,vase,0,4
n04522168_1155,vase,0,1
n04522168_11608,vase,0,1
n04522168_11643,vase,0,1
n04522168_11650,vase,0,0
n04522168_11670,vase,0,2
n04522168_11685,vase,0,2
n04522168_11760,vase,0,4
n04522168_11763,vase,0,2
n04522168_11787,vase,0,4
n04522168_11788,vase,0,0
n04522168_11791,vase,0,2
n04522168_11809,vase,0,0
n04522168_11832,vase,0,2
n04522168_11846,vase,0,3
n04522168_1188,vase,0,1
n04522168_11882,vase,0,3
n04522168_11902,vase,0,2
n04522168_11911,vase,0,2
n04522168_11912,vase,0,1
n04522168_11913,vase,0,3
n04522168_11914,vase,0,1
n04522168_1192,vase,0,0
n04522168_11921,vase,0,1
n04522168_11952,vase,0,1
n04522168_12032,vase,0,3
n04522168_12067,vase,0,2
n04522168_12075,vase,0,2
n04522168_12089,vase,0,2
n04522168_1216,vase,0,1
n04522168_12171,vase,0,0
n04522168_12177,vase,0,4
n04522168_12179,vase,0,2
n04522168_12192,vase,0,0
n04522168_12210,vase,0,2
n04522168_1222,vase,0,4
n04522168_12279,vase,0,1
n04522168_1228,vase,0,3
n04522168_12293,vase,0,3
n04522168_123,vase,0,4
n04522168_12336,vase,0,0
n04522168_12342,vase,0,4
n04522168_12351,vase,0,2
n04522168_12357,vase,0,2
n04522168_1236,vase,0,2
n04522168_12368,vase,0,0
n04522168_12375,vase,0,4
n04522168_12376,vase,0,4
n04522168_12389,vase,0,3
n04522168_12403,vase,0,1
n04522168_1241,vase,0,4
n04522168_12410,vase,0,2
n04522168_12432,vase,0,2
n04522168_12448,vase,0,3
n04522168_12455,vase,0,3
n04522168_12469,vase,0,2
n04522168_12491,vase,0,2
n04522168_12495,vase,0,1
n04522168_12592,vase,0,0
n04522168_12637,vase,0,3
n04522168_1270,vase,0,3
n04522168_12716,vase,0,1
n04522168_12720,vase,0,2
n04522168_12735,vase,0,0
n04522168_12741,vase,0,0
n04522168_12803,vase,0,2
n04522168_12814,vase,0,0
n04522168_12854,vase,0,1
n04522168_12860,vase,0,2
n04522168_12881,vase,0,1
n04522168_12888,vase,0,0
n04522168_12894,vase,0,3
n04522168_1290,vase,0,0
n04522168_12901,vase,0,3
n04522168_1292,vase,0,2
n04522168_12932,vase,0,0
n04522168_12941,vase,0,0
n04522168_12959,vase,0,1
n04522168_13038,vase,0,0
n04522168_13073,vase,0,1
n04522168_13101,vase,0,3
n04522168_13115,vase,0,1
n04522168_13118,vase,0,4
n04522168_13122,vase,0,1
n04522168_13144,vase,0,4
n04522168_13165,vase,0,3
n04522168_13187,vase,0,2
n04522168_13209,vase,0,1
n04522168_13245,vase,0,3
n04522168_13260,vase,0,0
n04522168_13280,vase,0,0
n04522168_13287,vase,0,1
n04522168_13319,vase,0,2
n04522168_13328,vase,0,0
n04522168_13330,vase,0,2
n04522168_13337,vase,0,2
n04522168_13354,vase,0,3
n04522168_13355,vase,0,3
n04522168_13368,vase,0,1
n04522168_134,vase,0,3
n04522168_13416,vase,0,1
n04522168_13418,vase,0,2
n04522168_13447,vase,0,1
n04522168_13456,vase,0,3
n04522168_13467,vase,0,0
n04522168_13485,vase,0,0
n04522168_13491,vase,0,4
n04522168_13506,vase,0,2
n04522168_13509,vase,0,4
n04522168_13512,vase,0,4
n04522168_13518,vase,0,1
n04522168_1356,vase,0,1
n04522168_13599,vase,0,3
n04522168_13719,vase,0,2
n04522168_13737,vase,0,3
n04522168_13742,vase,0,2
n04522168_13747,vase,0,2
n04522168_13748,vase,0,0
n04522168_13771,vase,0,0
n04522168_13776,vase,0,0
n04522168_1381,vase,0,4
n04522168_1384,vase,0,1
n04522168_13886,vase,0,0
n04522168_13927,vase,0,4
n04522168_13943,vase,0,0
n04522168_1397,vase,0,2
n04522168_13986,vase,0,0
n04522168_1401,vase,0,4
n04522168_14081,vase,0,4
n04522168_14089,vase,0,3
n04522168_14123,vase,0,4
n04522168_14131,vase,0,0
n04522168_1424,vase,0,1
n04522168_14272,vase,0,1
n04522168_1429,vase,0,4
n04522168_1430,vase,0,2
n04522168_14317,vase,0,3
n04522168_14326,vase,0,3
n04522168_14335,vase,0,1
n04522168_14377,vase,0,1
n04522168_14413,vase,0,2
n04522168_14449,vase,0,4
n04522168_1446,vase,0,3
n04522168_14517,vase,0,1
n04522168_14550,vase,0,2
n04522168_14564,vase,0,3
n04522168_14597,vase,0,3
n04522168_14611,vase,0,3
n04522168_14637,vase,0,1
n04522168_14663,vase,0,0
n04522168_14713,vase,0,2
n04522168_14777,vase,0,1
n04522168_1481,vase,0,2
n04522168_14857,vase,0,1
n04522168_14905,vase,0,0
n04522168_14917,vase,0,1
n04522168_14930,vase,0,0
n04522168_14945,vase,0,2
n04522168_14957,vase,0,0
n04522168_14963,vase,0,0
n04522168_15025,vase,0,0
n04522168_1508,vase,0,1
n04522168_15115,vase,0,0
n04522168_15122,vase,0,1
n04522168_15127,vase,0,4
n04522168_15134,vase,0,1
n04522168_15163,vase,0,3
n04522168_15191,vase,0,4
n04522168_15288,vase,0,1
n04522168_15345,vase,0,0
n04522168_1535,vase,0,2
n04522168_154,vase,0,4
n04522168_15403,vase,0,1
n04522168_15455,vase,0,4
n04522168_15462,vase,0,3
n04522168_15463,vase,0,1
n04522168_1549,vase,0,2
n04522168_15532,vase,0,2
n04522168_15594,vase,0,4
n04522168_15600,vase,0,3
n04522168_15637,vase,0,0
n04522168_15743,vase,0,2
n04522168_15748,vase,0,0
n04522168_1576,vase,0,0
n04522168_15779,vase,0,0
n04522168_15786,vase,0,1
n04522168_15819,vase,0,4
n04522168_15840,vase,0,3
n04522168_15864,vase,0,1
n04522168_15873,vase,0,2
n04522168_15879,vase,0,1
n04522168_15947,vase,0,4
n04522168_1602,vase,0,4
n04522168_1611,vase,0,2
n04522168_1628,vase,0,3
n04522168_16287,vase,0,4
n04522168_1642,vase,0,1
n04522168_1650,vase,0,3
n04522168_16572,vase,0,2
n04522168_16600,vase,0,0
n04522168_1666,vase,0,4
n04522168_16683,vase,0,4
n04522168_16725,vase,0,3
n04522168_1673,vase,0,1
n04522168_16836,vase,0,3
n04522168_1696,vase,0,1
n04522168_16974,vase,0,2
n04522168_1704,vase,0,1
n04522168_17104,vase,0,3
n04522168_17205,vase,0,0
n04522168_17210,vase,0,0
n04522168_17364,vase,0,0
n04522168_17370,vase,0,3
n04522168_17422,vase,0,3
n04522168_17475,vase,0,2
n04522168_1752,vase,0,3
n04522168_17526,vase,0,0
n04522168_1753,vase,0,2
n04522168_17568,vase,0,4
n04522168_17600,vase,0,1
n04522168_17625,vase,0,1
n04522168_17648,vase,0,3
n04522168_17665,vase,0,2
n04522168_17745,vase,0,1
n04522168_17756,vase,0,4
n04522168_17819,vase,0,4
n04522168_17820,vase,0,3
n04522168_17830,vase,0,1
n04522168_17859,vase,0,0
n04522168_17908,vase,0,3
n04522168_17914,vase,0,0
n04522168_17919,vase,0,4
n04522168_1793,vase,0,3
n04522168_17943,vase,0,4
n04522168_1796,vase,0,4
n04522168_18027,vase,0,2
n04522168_1804,vase,0,0
n04522168_18195,vase,0,4
n04522168_18207,vase,0,2
n04522168_18361,vase,0,0
n04522168_18415,vase,0,0
n04522168_18471,vase,0,1
n04522168_18497,vase,0,4
n04522168_18506,vase,0,2
n04522168_18521,vase,0,4
n04522168_18528,vase,0,3
n04522168_18581,vase,0,2
n04522168_18620,vase,0,1
n04522168_18756,vase,0,4
n04522168_18777,vase,0,3
n04522168_18794,vase,0,1
n04522168_1882,vase,0,0
n04522168_18859,vase,0,2
n04522168_18901,vase,0,3
n04522168_19066,vase,0,4
n04522168_1907,vase,0,0
n04522168_19080,vase,0,2
n04522168_192,vase,0,0
n04522168_19232,vase,0,4
n04522168_19284,vase,0,3
n04522168_19351,vase,0,2
n04522168_19363,vase,0,1
n04522168_19374,vase,0,4
n04522168_19404,vase,0,0
n04522168_19414,vase,0,2
n04522168_1942,vase,0,0
n04522168_19498,vase,0,4
n04522168_19520,vase,0,1
n04522168_19546,vase,0,2
n04522168_19559,vase,0,0
n04522168_19588,vase,0,3
n04522168_196,vase,0,4
n04522168_1964,vase,0,1
n04522168_19683,vase,0,4
n04522168_197,vase,0,4
n04522168_19715,vase,0,0
n04522168_19719,vase,0,3
n04522168_19720,vase,0,0
n04522168_19786,vase,0,1
n04522168_1982,vase,0,4
n04522168_19836,vase,0,1
n04522168_19850,vase,0,2
n04522168_19880,vase,0,1
n04522168_19895,vase,0,3
n04522168_19947,vase,0,3
n04522168_2000,vase,0,1
n04522168_20029,vase,0,2
n04522168_2011,vase,0,3
n04522168_20173,vase,0,2
n04522168_20312,vase,0,2
n04522168_2037,vase,0,1
n04522168_2044,vase,0,0
n04522168_2047,vase,0,2
n04522168_20534,vase,0,3
n04522168_20575,vase,0,3
n04522168_20605,vase,0,1
n04522168_2062,vase,0,2
n04522168_2071,vase,0,2
n04522168_20753,vase,0,1
n04522168_20755,vase,0,2
n04522168_20789,vase,0,4
n04522168_2081,vase,0,3
n04522168_20828,vase,0,4
n04522168_20856,vase,0,0
n04522168_20885,vase,0,3
n04522168_20899,vase,0,4
n04522168_20933,vase,0,2
n04522168_20945,vase,0,2
n04522168_20984,vase,0,3
n04522168_21002,vase,0,3
n04522168_21021,vase,0,2
n04522168_21141,vase,0,1
n04522168_21191,vase,0,4
n04522168_2121,vase,0,3
n04522168_21254,vase,0,3
n04522168_2131,vase,0,4
n04522168_21320,vase,0,3
n04522168_21379,vase,0,0
n04522168_21425,vase,0,1
n04522168_21433,vase,0,2
n04522168_21453,vase,0,4
n04522168_21481,vase,0,2
n04522168_2149,vase,0,1
n04522168_21535,vase,0,3
n04522168_21599,vase,0,3
n04522168_21620,vase,0,0
n04522168_21627,vase,0,1
n04522168_21666,vase,0,3
n04522168_21694,vase,0,0
n04522168_21741,vase,0,3
n04522168_21752,vase,0,3
n04522168_21769,vase,0,4
n04522168_21809,vase,0,0
n04522168_2190,vase,0,3
n04522168_22093,vase,0,3
n04522168_22099,vase,0,3
n04522168_22193,vase,0,4
n04522168_22207,vase,0,1
n04522168_22223,vase,0,3
n04522168_22246,vase,0,4
n04522168_22341,vase,0,1
n04522168_22352,vase,0,4
n04522168_22399,vase,0,1
n04522168_2243,vase,0,1
n04522168_22432,vase,0,1
n04522168_22510,vase,0,3
n04522168_22530,vase,0,4
n04522168_22553,vase,0,3
n04522168_22568,vase,0,4
n04522168_22587,vase,0,1
n04522168_22622,vase,0,2
n04522168_2265,vase,0,3
n04522168_2268,vase,0,4
n04522168_22747,vase,0,0
n04522168_22760,vase,0,0
n04522168_22765,vase,0,1
n04522168_2279,vase,0,3
n04522168_22792,vase,0,2
n04522168_22802,vase,0,3
n04522168_22900,vase,0,1
n04522168_22944,vase,0,0
n04522168_23025,vase,0,4
n04522168_23061,vase,0,3
n04522168_23287,vase,0,1
n04522168_23293,vase,0,4
n04522168_23335,vase,0,0
n04522168_23337,vase,0,2
n04522168_2338,vase,0,1
n04522168_23480,vase,0,0
n04522168_23491,vase,0,3
n04522168_23523,vase,0,0
n04522168_23536,vase,0,0
n04522168_23625,vase,0,0
n04522168_23632,vase,0,4
n04522168_23657,vase,0,4
n04522168_2366,vase,0,1
n04522168_23708,vase,0,0
n04522168_23735,vase,0,4
n04522168_23793,vase,0,0
n04522168_2382,vase,0,3
n04522168_23837,vase,0,3
n04522168_23840,vase,0,2
n04522168_23845,vase,0,1
n04522168_23866,vase,0,4
n04522168_23893,vase,0,3
n04522168_23905,vase,0,3
n04522168_23910,vase,0,4
n04522168_23968,vase,0,4
n04522168_24015,vase,0,1
n04522168_24017,vase,0,2
n04522168_24032,vase,0,3
n04522168_24039,vase,0,0
n04522168_24105,vase,0,2
n04522168_2411,vase,0,2
n04522168_24110,vase,0,1
n04522168_24135,vase,0,4
n04522168_24178,vase,0,3
n04522168_24190,vase,0,3
n04522168_24220,vase,0,2
n04522168_2428,vase,0,3
n04522168_24357,vase,0,1
n04522168_24396,vase,0,1
n04522168_24405,vase,0,0
n04522168_24429,vase,0,3
n04522168_24469,vase,0,0
n04522168_24514,vase,0,4
n04522168_24534,vase,0,4
n04522168_24540,vase,0,3
n04522168_24572,vase,0,4
n04522168_2459,vase,0,1
n04522168_24594,vase,0,4
n04522168_24607,vase,0,0
n04522168_24609,vase,0,4
n04522168_24626,vase,0,2
n04522168_24645,vase,0,1
n04522168_24666,vase,0,0
n04522168_24702,vase,0,3
n04522168_24703,vase,0,1
n04522168_24713,vase,0,0
n04522168_2474,vase,0,1
n04522168_24745,vase,0,3
n04522168_2476,vase,0,0
n04522168_2480,vase,0,0
n04522168_24849,vase,0,0
n04522168_24850,vase,0,1
n04522168_2488,vase,0,0
n04522168_24904,vase,0,0
n04522168_2493,vase,0,0
n04522168_24968,vase,0,3
n04522168_2498,vase,0,2
n04522168_24980,vase,0,2
n04522168_2500,vase,0,1
n04522168_25024,vase,0,0
n04522168_25074,vase,0,0
n04522168_25083,vase,0,4
n04522168_251,vase,0,0
n04522168_2510,vase,0,4
n04522168_2516,vase,0,1
n04522168_25203,vase,0,4
n04522168_25255,vase,0,2
n04522168_25296,vase,0,4
n04522168_25304,vase,0,0
n04522168_25308,vase,0,3
n04522168_2531,vase,0,1
n04522168_2534,vase,0,4
n04522168_2535,vase,0,3
n04522168_25356,vase,0,4
n04522168_25369,vase,0,0
n04522168_25371,vase,0,0
n04522168_25390,vase,0,2
n04522168_25442,vase,0,0
n04522168_25502,vase,0,1
n04522168_25504,vase,0,4
n04522168_2553,vase,0,1
n04522168_25560,vase,0,4
n04522168_2558,vase,0,3
n04522168_25582,vase,0,3
n04522168_25591,vase,0,4
n04522168_25599,vase,0,1
n04522168_256,vase,0,1
n04522168_25613,vase,0,4
n04522168_25664,vase,0,4
n04522168_25702,vase,0,0
n04522168_25714,vase,0,2
n04522168_2572,vase,0,0
n04522168_2578,vase,0,4
n04522168_25783,vase,0,3
n04522168_258,vase,0,3
n04522168_25816,vase,0,4
n04522168_25866,vase,0,4
n04522168_25875,vase,0,2
n04522168_25882,vase,0,2
n04522168_2592,vase,0,4
n04522168_25922,vase,0,4
n04522168_25935,vase,0,3
n04522168_25968,vase,0,3
n04522168_25977,vase,0,0
n04522168_26120,vase,0,2
n04522168_26133,vase,0,2
n04522168_2620,vase,0,1
n04522168_26221,vase,0,4
n04522168_26223,vase,0,0
n04522168_2623,vase,0,3
n04522168_26233,vase,0,0
n04522168_2624,vase,0,2
n04522168_2625,vase,0,3
n04522168_26271,vase,0,0
n04522168_26275,vase,0,4
n04522168_26290,vase,0,0
n04522168_26300,vase,0,1
n04522168_26307,vase,0,4
n04522168_26325,vase,0,0
n04522168_2634,vase,0,0
n04522168_2639,vase,0,1
n04522168_2656,vase,0,1
n04522168_26713,vase,0,3
n04522168_26715,vase,0,4
n04522168_2675,vase,0,0
n04522168_26765,vase,0,0
n04522168_2679,vase,0,1
n04522168_2682,vase,0,2
n04522168_2689,vase,0,0
n04522168_26925,vase,0,2
n04522168_2695,vase,0,2
n04522168_27031,vase,0,4
n04522168_27033,vase,0,1
n04522168_27145,vase,0,2
n04522168_27209,vase,0,0
n04522168_27224,vase,0,0
n04522168_27235,vase,0,0
n04522168_2731,vase,0,0
n04522168_2748,vase,0,3
n04522168_2750,vase,0,4
n04522168_2751,vase,0,1
n04522168_27539,vase,0,3
n04522168_2759,vase,0,0
n04522168_27636,vase,0,3
n04522168_27643,vase,0,2
n04522168_2774,vase,0,0
n04522168_27865,vase,0,4
n04522168_2796,vase,0,1
n04522168_28015,vase,0,0
n04522168_28167,vase,0,1
n04522168_28172,vase,0,0
n04522168_28233,vase,0,4
n04522168_2843,vase,0,2
n04522168_28438,vase,0,2
n04522168_28445,vase,0,3
n04522168_28450,vase,0,1
n04522168_2846,vase,0,3
n04522168_28520,vase,0,0
n04522168_2856,vase,0,3
n04522168_28599,vase,0,1
n04522168_28732,vase,0,2
n04522168_2875,vase,0,0
n04522168_28792,vase,0,2
n04522168_2883,vase,0,0
n04522168_2885,vase,0,0
n04522168_2903,vase,0,2
n04522168_2904,vase,0,3
n04522168_29059,vase,0,2
n04522168_2920,vase,0,2
n04522168_29295,vase,0,3
n04522168_29298,vase,0,0
n04522168_29311,vase,0,2
n04522168_29346,vase,0,4
n04522168_29348,vase,0,4
n04522168_2935,vase,0,1
n04522168_29355,vase,0,0
n04522168_2945,vase,0,1
n04522168_2946,vase,0,4
n04522168_29476,vase,0,1
n04522168_29489,vase,0,3
n04522168_29577,vase,0,3
n04522168_29661,vase,0,3
n04522168_29785,vase,0,4
n04522168_2980,vase,0,1
n04522168_29804,vase,0,0
n04522168_29995,vase,0,3
n04522168_30006,vase,0,2
n04522168_30061,vase,0,4
n04522168_30104,vase,0,4
n04522168_30122,vase,0,1
n04522168_30221,vase,0,3
n04522168_3023,vase,0,0
n04522168_3030,vase,0,3
n04522168_30304,vase,0,3
n04522168_30360,vase,0,1
n04522168_30381,vase,0,2
n04522168_3042,vase,0,2
n04522168_30512,vase,0,4
n04522168_30523,vase,0,2
n04522168_3053,vase,0,4
n04522168_3068,vase,0,0
n04522168_30725,vase,0,1
n04522168_30728,vase,0,0
n04522168_30796,vase,0,0
n04522168_30938,vase,0,2
n04522168_30972,vase,0,0
n04522168_30982,vase,0,1
n04522168_3104,vase,0,0
n04522168_31062,vase,0,1
n04522168_3114,vase,0,1
n04522168_31177,vase,0,4
n04522168_31244,vase,0,2
n04522168_31275,vase,0,1
n04522168_31278,vase,0,2
n04522168_3128,vase,0,2
n04522168_31337,vase,0,3
n04522168_3135,vase,0,1
n04522168_3137,vase,0,1
n04522168_31426,vase,0,2
n04522168_31480,vase,0,0
n04522168_31495,vase,0,1
n04522168_31513,vase,0,3
n04522168_31574,vase,0,2
n04522168_31582,vase,0,0
n04522168_31591,vase,0,4
n04522168_31616,vase,0,0
n04522168_31632,vase,0,3
n04522168_31670,vase,0,4
n04522168_31673,vase,0,4
n04522168_3183,vase,0,3
n04522168_31832,vase,0,2
n04522168_31855,vase,0,0
n04522168_31910,vase,0,1
n04522168_32017,vase,0,4
n04522168_32039,vase,0,4
n04522168_32044,vase,0,3
n04522168_3207,vase,0,1
n04522168_32071,vase,0,4
n04522168_32286,vase,0,0
n04522168_32361,vase,0,4
n04522168_3238,vase,0,0
n04522168_3243,vase,0,2
n04522168_32474,vase,0,4
n04522168_32479,vase,0,0
n04522168_32483,vase,0,0
n04522168_326,vase,0,1
n04522168_3263,vase,0,3
n04522168_3267,vase,0,3
n04522168_32740,vase,0,3
n04522168_32801,vase,0,0
n04522168_3284,vase,0,2
n04522168_32868,vase,0,1
n04522168_3293,vase,0,2
n04522168_3299,vase,0,3
n04522168_33013,vase,0,1
n04522168_33017,vase,0,4
n04522168_3305,vase,0,4
n04522168_3307,vase,0,3
n04522168_33094,vase,0,0
n04522168_3315,vase,0,4
n04522168_33154,vase,0,2
n04522168_33177,vase,0,2
n04522168_3319,vase,0,3
n04522168_33204,vase,0,0
n04522168_333,vase,0,3
n04522168_3334,vase,0,0
n04522168_33545,vase,0,2
n04522168_3355,vase,0,1
n04522168_33635,vase,0,2
n04522168_33724,vase,0,2
n04522168_33778,vase,0,4
n04522168_3382,vase,0,0
n04522168_33823,vase,0,0
n04522168_3389,vase,0,1
n04522168_33896,vase,0,0
n04522168_339,vase,0,4
n04522168_33902,vase,0,2
n04522168_33932,vase,0,3
n04522168_33991,vase,0,0
n04522168_34023,vase,0,4
n04522168_3417,vase,0,3
n04522168_3418,vase,0,1
n04522168_34211,vase,0,3
n04522168_3426,vase,0,1
n04522168_34263,vase,0,0
n04522168_34287,vase,0,1
n04522168_3436,vase,0,4
n04522168_34379,vase,0,3
n04522168_3439,vase,0,1
n04522168_34590,vase,0,3
n04522168_3465,vase,0,2
n04522168_34718,vase,0,0
n04522168_34763,vase,0,0
n04522168_34773,vase,0,3
n04522168_34802,vase,0,3
n04522168_34893,vase,0,2
n04522168_34907,vase,0,1
n04522168_3497,vase,0,1
n04522168_34974,vase,0,0
n04522168_35023,vase,0,3
n04522168_35093,vase,0,4
n04522168_35151,vase,0,4
n04522168_3516,vase,0,3
n04522168_3518,vase,0,4
n04522168_35265,vase,0,4
n04522168_35344,vase,0,0
n04522168_35414,vase,0,4
n04522168_35432,vase,0,2
n04522168_35455,vase,0,0
n04522168_35504,vase,0,0
n04522168_3562,vase,0,0
n04522168_35644,vase,0,0
n04522168_3579,vase,0,2
n04522168_35804,vase,0,2
n04522168_35862,vase,0,3
n04522168_3590,vase,0,4
n04522168_3591,vase,0,3
n04522168_3598,vase,0,4
n04522168_36151,vase,0,2
n04522168_3624,vase,0,4
n04522168_3627,vase,0,4
n04522168_3633,vase,0,4
n04522168_3662,vase,0,0
n04522168_36911,vase,0,4
n04522168_3692,vase,0,2
n04522168_3697,vase,0,0
n04522168_3703,vase,0,1
n04522168_37334,vase,0,4
n04522168_37538,vase,0,2
n04522168_3754,vase,0,4
n04522168_37819,vase,0,3
n04522168_37840,vase,0,2
n04522168_38062,vase,0,3
n04522168_38078,vase,0,1
n04522168_38132,vase,0,1
n04522168_3818,vase,0,0
n04522168_38189,vase,0,2
n04522168_3826,vase,0,3
n04522168_38278,vase,0,4
n04522168_38472,vase,0,3
n04522168_38632,vase,0,3
n04522168_38661,vase,0,2
n04522168_38674,vase,0,2
n04522168_3871,vase,0,1
n04522168_38815,vase,0,4
n04522168_3888,vase,0,0
n04522168_38902,vase,0,2
n04522168_390,vase,0,0
n04522168_3920,vase,0,2
n04522168_39327,vase,0,3
n04522168_394,vase,0,0
n04522168_39415,vase,0,1
n04522168_39521,vase,0,2
n04522168_39550,vase,0,2
n04522168_39604,vase,0,1
n04522168_39614,vase,0,0
n04522168_3963,vase,0,3
n04522168_39772,vase,0,0
n04522168_3997,vase,0,1
n04522168_40314,vase,0,3
n04522168_40334,vase,0,4
n04522168_40346,vase,0,1
n04522168_4038,vase,0,0
n04522168_40470,vase,0,0
n04522168_40599,vase,0,0
n04522168_40628,vase,0,1
n04522168_4067,vase,0,0
n04522168_40744,vase,0,4
n04522168_4081,vase,0,4
n04522168_4097,vase,0,3
n04522168_4101,vase,0,1
n04522168_41088,vase,0,1
n04522168_4109,vase,0,2
n04522168_411,vase,0,4
n04522168_41123,vase,0,3
n04522168_41215,vase,0,3
n04522168_41309,vase,0,0
n04522168_4139,vase,0,4
n04522168_4152,vase,0,4
n04522168_41532,vase,0,4
n04522168_41768,vase,0,2
n04522168_41836,vase,0,1
n04522168_4185,vase,0,0
n04522168_41868,vase,0,1
n04522168_41904,vase,0,3
n04522168_41966,vase,0,1
n04522168_41983,vase,0,3
n04522168_4203,vase,0,3
n04522168_42047,vase,0,3
n04522168_42069,vase,0,0
n04522168_4218,vase,0,1
n04522168_4237,vase,0,2
n04522168_42439,vase,0,0
n04522168_4253,vase,0,4
n04522168_42536,vase,0,3
n04522168_42663,vase,0,0
n04522168_42847,vase,0,0
n04522168_4285,vase,0,2
n04522168_4288,vase,0,0
n04522168_43029,vase,0,2
n04522168_43130,vase,0,0
n04522168_4314,vase,0,3
n04522168_43202,vase,0,2
n04522168_43212,vase,0,0
n04522168_43259,vase,0,2
n04522168_4326,vase,0,4
n04522168_43298,vase,0,2
n04522168_4337,vase,0,4
n04522168_43479,vase,0,1
n04522168_4358,vase,0,3
n04522168_4362,vase,0,2
n04522168_4387,vase,0,4
n04522168_4405,vase,0,4
n04522168_4418,vase,0,0
n04522168_44262,vase,0,2
n04522168_4429,vase,0,1
n04522168_44310,vase,0,0
n04522168_44353,vase,0,4
n04522168_44371,vase,0,2
n04522168_4443,vase,0,0
n04522168_44521,vase,0,4
n04522168_44551,vase,0,1
n04522168_44552,vase,0,4
n04522168_44730,vase,0,4
n04522168_4476,vase,0,3
n04522168_44780,vase,0,3
n04522168_44982,vase,0,4
n04522168_44998,vase,0,1
n04522168_45023,vase,0,0
n04522168_45115,vase,0,1
n04522168_45331,vase,0,3
n04522168_45382,vase,0,3
n04522168_45516,vase,0,3
n04522168_45535,vase,0,0
n04522168_4556,vase,0,4
n04522168_45605,vase,0,1
n04522168_4565,vase,0,4
n04522168_4584,vase,0,3
n04522168_4607,vase,0,2
n04522168_46164,vase,0,3
n04522168_46266,vase,0,0
n04522168_4642,vase,0,1
n04522168_46511,vase,0,2
n04522168_46526,vase,0,2
n04522168_46542,vase,0,3
n04522168_46611,vase,0,2
n04522168_46686,vase,0,3
n04522168_46731,vase,0,2
n04522168_46810,vase,0,2
n04522168_46972,vase,0,3
n04522168_4703,vase,0,1
n04522168_47046,vase,0,2
n04522168_47057,vase,0,2
n04522168_47380,vase,0,2
n04522168_47401,vase,0,2
n04522168_47456,vase,0,0
n04522168_475,vase,0,1
n04522168_4752,vase,0,1
n04522168_47595,vase,0,3
n04522168_47650,vase,0,3
n04522168_47666,vase,0,4
n04522168_47672,vase,0,3
n04522168_47776,vase,0,2
n04522168_47829,vase,0,0
n04522168_4786,vase,0,4
n04522168_47875,vase,0,1
n04522168_4789,vase,0,2
n04522168_47988,vase,0,4
n04522168_4799,vase,0,4
n04522168_4804,vase,0,0
n04522168_4805,vase,0,1
n04522168_4806,vase,0,4
n04522168_48172,vase,0,1
n04522168_482,vase,0,4
n04522168_4821,vase,0,3
n04522168_483,vase,0,0
n04522168_48526,vase,0,3
n04522168_4857,vase,0,3
n04522168_48694,vase,0,1
n04522168_487,vase,0,1
n04522168_48834,vase,0,3
n04522168_48879,vase,0,3
n04522168_48930,vase,0,2
n04522168_49024,vase,0,4
n04522168_49052,vase,0,0
n04522168_4914,vase,0,2
n04522168_49149,vase,0,0
n04522168_49155,vase,0,4
n04522168_49172,vase,0,4
n04522168_4934,vase,0,3
n04522168_494,vase,0,2
n04522168_4949,vase,0,0
n04522168_49567,vase,0,3
n04522168_49617,vase,0,4
n04522168_49662,vase,0,1
n04522168_49679,vase,0,1
n04522168_49706,vase,0,3
n04522168_4972,vase,0,1
n04522168_49724,vase,0,4
n04522168_49829,vase,0,0
n04522168_49846,vase,0,1
n04522168_4987,vase,0,4
n04522168_49932,vase,0,1
n04522168_50013,vase,0,3
n04522168_50026,vase,0,3
n04522168_5006,vase,0,2
n04522168_50153,vase,0,2
n04522168_50246,vase,0,0
n04522168_5033,vase,0,0
n04522168_50351,vase,0,2
n04522168_50417,vase,0,1
n04522168_5049,vase,0,2
n04522168_5051,vase,0,3
n04522168_5053,vase,0,0
n04522168_50615,vase,0,4
n04522168_5071,vase,0,4
n04522168_50724,vase,0,1
n04522168_5073,vase,0,1
n04522168_50743,vase,0,0
n04522168_50815,vase,0,4
n04522168_5090,vase,0,4
n04522168_51042,vase,0,0
n04522168_5108,vase,0,1
n04522168_51089,vase,0,3
n04522168_5120,vase,0,2
n04522168_5125,vase,0,1
n04522168_51376,vase,0,1
n04522168_51403,vase,0,4
n04522168_5163,vase,0,0
n04522168_51723,vase,0,3
n04522168_51745,vase,0,1
n04522168_51776,vase,0,3
n04522168_51844,vase,0,0
n04522168_5186,vase,0,4
n04522168_5190,vase,0,4
n04522168_5193,vase,0,1
n04522168_52106,vase,0,3
n04522168_5220,vase,0,0
n04522168_52406,vase,0,3
n04522168_52441,vase,0,1
n04522168_52538,vase,0,0
n04522168_5254,vase,0,1
n04522168_52592,vase,0,1
n04522168_52635,vase,0,1
n04522168_5278,vase,0,1
n04522168_52849,vase,0,1
n04522168_529,vase,0,1
n04522168_5294,vase,0,0
n04522168_5297,vase,0,4
n04522168_52998,vase,0,0
n04522168_530,vase,0,3
n04522168_53179,vase,0,2
n04522168_534,vase,0,3
n04522168_5341,vase,0,0
n04522168_535,vase,0,2
n04522168_5360,vase,0,4
n04522168_5361,vase,0,0
n04522168_53697,vase,0,4
n04522168_538,vase,0,2
n04522168_53842,vase,0,3
n04522168_5385,vase,0,4
n04522168_53855,vase,0,2
n04522168_5398,vase,0,4
n04522168_54076,vase,0,0
n04522168_5420,vase,0,3
n04522168_54241,vase,0,4
n04522168_5428,vase,0,3
n04522168_54333,vase,0,4
n04522168_54334,vase,0,3
n04522168_5436,vase,0,1
n04522168_54428,vase,0,3
n04522168_54512,vase,0,1
n04522168_5461,vase,0,4
n04522168_54613,vase,0,4
n04522168_5483,vase,0,3
n04522168_5501,vase,0,1
n04522168_55033,vase,0,3
n04522168_55115,vase,0,2
n04522168_55269,vase,0,1
n04522168_5538,vase,0,3
n04522168_5543,vase,0,4
n04522168_55482,vase,0,3
n04522168_5549,vase,0,0
n04522168_55536,vase,0,1
n04522168_5561,vase,0,1
n04522168_5566,vase,0,2
n04522168_55734,vase,0,3
n04522168_55810,vase,0,1
n04522168_5585,vase,0,1
n04522168_56091,vase,0,0
n04522168_56474,vase,0,2
n04522168_56552,vase,0,0
n04522168_56667,vase,0,3
n04522168_5667,vase,0,2
n04522168_56708,vase,0,1
n04522168_56721,vase,0,4
n04522168_56741,vase,0,1
n04522168_56823,vase,0,0
n04522168_5691,vase,0,4
n04522168_5698,vase,0,4
n04522168_5699,vase,0,3
n04522168_57049,vase,0,0
n04522168_57098,vase,0,3
n04522168_5712,vase,0,0
n04522168_5725,vase,0,2
n04522168_57375,vase,0,3
n04522168_5740,vase,0,0
n04522168_5760,vase,0,4
n04522168_5786,vase,0,0
n04522168_5820,vase,0,2
n04522168_5869,vase,0,4
n04522168_5880,vase,0,0
n04522168_5888,vase,0,0
n04522168_5895,vase,0,2
n04522168_5977,vase,0,4
n04522168_5994,vase,0,1
n04522168_5996,vase,0,4
n04522168_60,vase,0,4
n04522168_602,vase,0,2
n04522168_6028,vase,0,4
n04522168_6056,vase,0,4
n04522168_6065,vase,0,4
n04522168_6066,vase,0,3
n04522168_6067,vase,0,2
n04522168_6068,vase,0,2
n04522168_6115,vase,0,4
n04522168_6132,vase,0,1
n04522168_6140,vase,0,4
n04522168_615,vase,0,3
n04522168_6183,vase,0,2
n04522168_6184,vase,0,0
n04522168_6194,vase,0,2
n04522168_620,vase,0,3
n04522168_6205,vase,0,1
n04522168_6213,vase,0,3
n04522168_6237,vase,0,4
n04522168_6246,vase,0,2
n04522168_6247,vase,0,4
n04522168_6297,vase,0,2
n04522168_632,vase,0,3
n04522168_6326,vase,0,3
n04522168_6333,vase,0,4
n04522168_6346,vase,0,0
n04522168_6383,vase,0,3
n04522168_6394,vase,0,2
n04522168_6409,vase,0,1
n04522168_6421,vase,0,4
n04522168_6439,vase,0,1
n04522168_6441,vase,0,2
n04522168_6477,vase,0,4
n04522168_6505,vase,0,4
n04522168_6512,vase,0,4
n04522168_6529,vase,0,3
n04522168_6575,vase,0,2
n04522168_6591,vase,0,1
n04522168_6604,vase,0,0
n04522168_6614,vase,0,2
n04522168_6619,vase,0,0
n04522168_6641,vase,0,2
n04522168_6659,vase,0,4
n04522168_6662,vase,0,1
n04522168_670,vase,0,1
n04522168_6707,vase,0,1
n04522168_6736,vase,0,1
n04522168_6743,vase,0,1
n04522168_6818,vase,0,2
n04522168_683,vase,0,1
n04522168_6895,vase,0,2
n04522168_691,vase,0,3
n04522168_6942,vase,0,1
n04522168_6979,vase,0,3
n04522168_6997,vase,0,3
n04522168_7028,vase,0,4
n04522168_7095,vase,0,3
n04522168_7113,vase,0,3
n04522168_7114,vase,0,2
n04522168_7124,vase,0,2
n04522168_7135,vase,0,3
n04522168_7144,vase,0,4
n04522168_7150,vase,0,0
n04522168_7281,vase,0,2
n04522168_7292,vase,0,2
n04522168_7294,vase,0,0
n04522168_7304,vase,0,4
n04522168_7319,vase,0,2
n04522168_735,vase,0,1
n04522168_7351,vase,0,2
n04522168_7360,vase,0,2
n04522168_7436,vase,0,1
n04522168_7458,vase,0,0
n04522168_7498,vase,0,4
n04522168_7509,vase,0,4
n04522168_7649,vase,0,1
n04522168_7664,vase,0,3
n04522168_7691,vase,0,2
n04522168_7706,vase,0,3
n04522168_7709,vase,0,2
n04522168_7717,vase,0,1
n04522168_7718,vase,0,3
n04522168_7738,vase,0,4
n04522168_7742,vase,0,1
n04522168_7743,vase,0,2
n04522168_7744,vase,0,4
n04522168_7783,vase,0,1
n04522168_7808,vase,0,1
n04522168_7816,vase,0,1
n04522168_7819,vase,0,3
n04522168_7820,vase,0,2
n04522168_7822,vase,0,2
n04522168_7826,vase,0,3
n04522168_7854,vase,0,2
n04522168_7863,vase,0,1
n04522168_7879,vase,0,2
n04522168_7898,vase,0,2
n04522168_7911,vase,0,0
n04522168_7922,vase,0,0
n04522168_7967,vase,0,2
n04522168_7971,vase,0,0
n04522168_7979,vase,0,2
n04522168_7986,vase,0,2
n04522168_8020,vase,0,1
n04522168_8032,vase,0,2
n04522168_8034,vase,0,3
n04522168_8044,vase,0,3
n04522168_8057,vase,0,3
n04522168_8106,vase,0,3
n04522168_8114,vase,0,4
n04522168_8140,vase,0,0
n04522168_8146,vase,0,1
n04522168_8150,vase,0,3
n04522168_8167,vase,0,4
n04522168_8191,vase,0,2
n04522168_8210,vase,0,0
n04522168_8231,vase,0,2
n04522168_8247,vase,0,3
n04522168_8253,vase,0,4
n04522168_8264,vase,0,0
n04522168_8273,vase,0,1
n04522168_8284,vase,0,1
n04522168_8317,vase,0,3
n04522168_8330,vase,0,2
n04522168_8353,vase,0,1
n04522168_8354,vase,0,3
n04522168_8356,vase,0,3
n04522168_8399,vase,0,3
n04522168_8427,vase,0,3
n04522168_8429,vase,0,0
n04522168_8440,vase,0,1
n04522168_8441,vase,0,1
n04522168_8442,vase,0,3
n04522168_8470,vase,0,1
n04522168_8491,vase,0,0
n04522168_8497,vase,0,0
n04522168_8516,vase,0,4
n04522168_8523,vase,0,3
n04522168_8547,vase,0,2
n04522168_8606,vase,0,3
n04522168_8620,vase,0,1
n04522168_8635,vase,0,1
n04522168_8660,vase,0,0
n04522168_8683,vase,0,4
n04522168_8699,vase,0,1
n04522168_8712,vase,0,2
n04522168_8714,vase,0,3
n04522168_8718,vase,0,0
n04522168_8735,vase,0,3
n04522168_8736,vase,0,2
n04522168_8739,vase,0,2
n04522168_8783,vase,0,3
n04522168_8813,vase,0,3
n04522168_8827,vase,0,2
n04522168_8833,vase,0,3
n04522168_8901,vase,0,4
n04522168_8928,vase,0,2
n04522168_895,vase,0,0
n04522168_8963,vase,0,1
n04522168_8987,vase,0,4
n04522168_8988,vase,0,1
n04522168_9016,vase,0,4
n04522168_9053,vase,0,3
n04522168_9063,vase,0,0
n04522168_9067,vase,0,3
n04522168_9086,vase,0,1
n04522168_9096,vase,0,1
n04522168_9121,vase,0,0
n04522168_9140,vase,0,1
n04522168_9145,vase,0,4
n04522168_9148,vase,0,1
n04522168_9151,vase,0,4
n04522168_9174,vase,0,2
n04522168_9216,vase,0,3
n04522168_9222,vase,0,0
n04522168_9257,vase,0,3
n04522168_9281,vase,0,0
n04522168_929,vase,0,4
n04522168_9291,vase,0,0
n04522168_9327,vase,0,1
n04522168_9340,vase,0,1
n04522168_9369,vase,0,0
n04522168_9443,vase,0,4
n04522168_9467,vase,0,1
n04522168_9471,vase,0,2
n04522168_9487,vase,0,2
n04522168_9496,vase,0,2
n04522168_9505,vase,0,2
n04522168_951,vase,0,0
n04522168_9513,vase,0,1
n04522168_9517,vase,0,4
n04522168_9532,vase,0,3
n04522168_9545,vase,0,1
n04522168_9555,vase,0,0
n04522168_9563,vase,0,2
n04522168_9616,vase,0,0
n04522168_9649,vase,0,2
n04522168_9654,vase,0,2
n04522168_9670,vase,0,3
n04522168_9684,vase,0,2
n04522168_9693,vase,0,2
n04522168_9710,vase,0,2
n04522168_9717,vase,0,4
n04522168_9718,vase,0,2
n04522168_9736,vase,0,2
n04522168_9764,vase,0,1
n04522168_9774,vase,0,4
n04522168_9777,vase,0,0
n04522168_979,vase,0,2
n04522168_9801,vase,0,4
n04522168_9805,vase,0,4
n04522168_9824,vase,0,2
n04522168_9829,vase,0,1
n04522168_9856,vase,0,1
n04522168_9858,vase,0,2
n04522168_9912,vase,0,2
n04522168_9929,vase,0,1
n04522168_9930,vase,0,4
n04522168_9932,vase,0,3
n04522168_9934,vase,0,2
n04522168_9946,vase,0,1
n04522168_9957,vase,0,1
n04522168_9963,vase,0,1
n04522168_9997,vase,0,1
n07590611_1,hotpot,0,1
n07590611_10019,hotpot,0,0
n07590611_10068,hotpot,0,4
n07590611_10109,hotpot,0,1
n07590611_1011,hotpot,0,3
n07590611_10126,hotpot,0,2
n07590611_10139,hotpot,0,1
n07590611_1014,hotpot,0,1
n07590611_10158,hotpot,0,0
n07590611_1016,hotpot,0,2
n07590611_10194,hotpot,0,4
n07590611_10233,hotpot,0,2
n07590611_10262,hotpot,0,1
n07590611_10268,hotpot,0,0
n07590611_10299,hotpot,0,0
n07590611_1031,hotpot,0,0
n07590611_10312,hotpot,0,0
n07590611_10336,hotpot,0,1
n07590611_10340,hotpot,0,3
n07590611_10341,hotpot,0,2
n07590611_1038,hotpot,0,4
n07590611_1042,hotpot,0,2
n07590611_10453,hotpot,0,4
n07590611_10455,hotpot,0,4
n07590611_10471,hotpot,0,0
n07590611_10504,hotpot,0,3
n07590611_10516,hotpot,0,0
n07590611_10531,hotpot,0,0
n07590611_1055,hotpot,0,4
n07590611_10558,hotpot,0,0
n07590611_10571,hotpot,0,3
n07590611_10580,hotpot,0,3
n07590611_1061,hotpot,0,0
n07590611_10633,hotpot,0,1
n07590611_1064,hotpot,0,4
n07590611_10657,hotpot,0,1
n07590611_10669,hotpot,0,2
n07590611_1067,hotpot,0,1
n07590611_10679,hotpot,0,3
n07590611_10684,hotpot,0,4
n07590611_10697,hotpot,0,0
n07590611_10705,hotpot,0,2
n07590611_10713,hotpot,0,1
n07590611_10731,hotpot,0,3
n07590611_10763,hotpot,0,3
n07590611_10765,hotpot,0,1
n07590611_10775,hotpot,0,1
n07590611_10786,hotpot,0,1
n07590611_10787,hotpot,0,2
n07590611_10813,hotpot,0,4
n07590611_1083,hotpot,0,3
n07590611_10848,hotpot,0,0
n07590611_10901,hotpot,0,3
n07590611_10960,hotpot,0,0
n07590611_10987,hotpot,0,4
n07590611_11016,hotpot,0,0
n07590611_1105,hotpot,0,3
n07590611_11071,hotpot,0,1
n07590611_11089,hotpot,0,1
n07590611_11092,hotpot,0,0
n07590611_11102,hotpot,0,3
n07590611_11106,hotpot,0,1
n07590611_11108,hotpot,0,0
n07590611_11113,hotpot,0,0
n07590611_11129,hotpot,0,0
n07590611_11131,hotpot,0,1
n07590611_11132,hotpot,0,1
n07590611_11137,hotpot,0,2
n07590611_1116,hotpot,0,2
n07590611_11208,hotpot,0,0
n07590611_1121,hotpot,0,4
n07590611_1124,hotpot,0,3
n07590611_11242,hotpot,0,2
n07590611_11245,hotpot,0,0
n07590611_11249,hotpot,0,4
n07590611_11251,hotpot,0,1
n07590611_11258,hotpot,0,2
n07590611_11275,hotpot,0,0
n07590611_11289,hotpot,0,4
n07590611_11292,hotpot,0,3
n07590611_11331,hotpot,0,4
n07590611_11344,hotpot,0,0
n07590611_11345,hotpot,0,3
n07590611_11356,hotpot,0,3
n07590611_11363,hotpot,0,1
n07590611_11374,hotpot,0,4
n07590611_11384,hotpot,0,2
n07590611_11416,hotpot,0,4
n07590611_11441,hotpot,0,3
n07590611_11446,hotpot,0,1
n07590611_11459,hotpot,0,2
n07590611_11465,hotpot,0,4
n07590611_11501,hotpot,0,1
n07590611_11504,hotpot,0,3
n07590611_11506,hotpot,0,1
n07590611_11531,hotpot,0,2
n07590611_11542,hotpot,0,0
n07590611_11549,hotpot,0,1
n07590611_11550,hotpot,0,1
n07590611_11561,hotpot,0,0
n07590611_11597,hotpot,0,0
n07590611_11607,hotpot,0,1
n07590611_11613,hotpot,0,4
n07590611_11637,hotpot,0,1
n07590611_11639,hotpot,0,0
n07590611_11672,hotpot,0,2
n07590611_11680,hotpot,0,1
n07590611_11704,hotpot,0,0
n07590611_11748,hotpot,0,0
n07590611_11764,hotpot,0,2
n07590611_11790,hotpot,0,1
n07590611_11792,hotpot,0,3
n07590611_11798,hotpot,0,1
n07590611_11804,hotpot,0,1
n07590611_11808,hotpot,0,3
n07590611_11818,hotpot,0,0
n07590611_11826,hotpot,0,3
n07590611_11827,hotpot,0,3
n07590611_11831,hotpot,0,0
n07590611_11842,hotpot,0,0
n07590611_11867,hotpot,0,3
n07590611_1188,hotpot,0,4
n07590611_11883,hotpot,0,3
n07590611_11891,hotpot,0,2
n07590611_11892,hotpot,0,1
n07590611_1190,hotpot,0,0
n07590611_11900,hotpot,0,2
n07590611_11905,hotpot,0,2
n07590611_11912,hotpot,0,3
n07590611_11918,hotpot,0,0
n07590611_11944,hotpot,0,1
n07590611_11957,hotpot,0,3
n07590611_11968,hotpot,0,0
n07590611_11999,hotpot,0,3
n07590611_12022,hotpot,0,4
n07590611_12044,hotpot,0,0
n07590611_12055,hotpot,0,2
n07590611_12088,hotpot,0,1
n07590611_12104,hotpot,0,0
n07590611_12110,hotpot,0,3
n07590611_12151,hotpot,0,3
n07590611_12157,hotpot,0,2
n07590611_1216,hotpot,0,2
n07590611_12177,hotpot,0,0
n07590611_12185,hotpot,0,2
n07590611_12203,hotpot,0,0
n07590611_12209,hotpot,0,0
n07590611_12232,hotpot,0,4
n07590611_12237,hotpot,0,0
n07590611_12242,hotpot,0,2
n07590611_12249,hotpot,0,2
n07590611_12293,hotpot,0,1
n07590611_12315,hotpot,0,4
n07590611_12349,hotpot,0,4
n07590611_12379,hotpot,0,1
n07590611_1238,hotpot,0,4
n07590611_12394,hotpot,0,4
n07590611_12466,hotpot,0,4
n07590611_12475,hotpot,0,4
n07590611_12493,hotpot,0,3
n07590611_12494,hotpot,0,2
n07590611_12514,hotpot,0,1
n07590611_12516,hotpot,0,1
n07590611_12522,hotpot,0,2
n07590611_12535,hotpot,0,0
n07590611_1255,hotpot,0,4
n07590611_12596,hotpot,0,2
n07590611_12609,hotpot,0,4
n07590611_1261,hotpot,0,1
n07590611_12621,hotpot,0,4
n07590611_12626,hotpot,0,0
n07590611_12633,hotpot,0,0
n07590611_12660,hotpot,0,1
n07590611_12697,hotpot,0,1
n07590611_12707,hotpot,0,0
n07590611_12732,hotpot,0,1
n07590611_12740,hotpot,0,3
n07590611_12787,hotpot,0,4
n07590611_12800,hotpot,0,0
n07590611_1282,hotpot,0,2
n07590611_12821,hotpot,0,3
n07590611_12825,hotpot,0,1
n07590611_12852,hotpot,0,3
n07590611_12857,hotpot,0,0
n07590611_12871,hotpot,0,1
n07590611_12888,hotpot,0,3
n07590611_12913,hotpot,0,1
n07590611_12918,hotpot,0,0
n07590611_12949,hotpot,0,0
n07590611_12962,hotpot,0,1
n07590611_12993,hotpot,0,2
n07590611_12995,hotpot,0,1
n07590611_13,hotpot,0,0
n07590611_13013,hotpot,0,3
n07590611_13043,hotpot,0,1
n07590611_13057,hotpot,0,4
n07590611_13061,hotpot,0,0
n07590611_13066,hotpot,0,1
n07590611_13078,hotpot,0,2
n07590611_13080,hotpot,0,0
n07590611_13083,hotpot,0,1
n07590611_13089,hotpot,0,3
n07590611_13108,hotpot,0,3
n07590611_13127,hotpot,0,3
n07590611_13196,hotpot,0,2
n07590611_13212,hotpot,0,0
n07590611_1322,hotpot,0,2
n07590611_13234,hotpot,0,3
n07590611_13236,hotpot,0,1
n07590611_13243,hotpot,0,4
n07590611_1329,hotpot,0,4
n07590611_13292,hotpot,0,3
n07590611_133,hotpot,0,0
n07590611_13302,hotpot,0,0
n07590611_13320,hotpot,0,0
n07590611_13339,hotpot,0,4
n07590611_13348,hotpot,0,4
n07590611_13354,hotpot,0,4
n07590611_13358,hotpot,0,2
n07590611_13435,hotpot,0,2
n07590611_13442,hotpot,0,4
n07590611_13450,hotpot,0,2
n07590611_13467,hotpot,0,4
n07590611_13475,hotpot,0,3
n07590611_13514,hotpot,0,4
n07590611_13522,hotpot,0,4
n07590611_13529,hotpot,0,4
n07590611_13531,hotpot,0,2
n07590611_13547,hotpot,0,3
n07590611_13558,hotpot,0,2
n07590611_13579,hotpot,0,3
n07590611_13589,hotpot,0,2
n07590611_13595,hotpot,0,3
n07590611_13647,hotpot,0,4
n07590611_13650,hotpot,0,4
n07590611_13678,hotpot,0,3
n07590611_13681,hotpot,0,3
n07590611_13718,hotpot,0,4
n07590611_13722,hotpot,0,4
n07590611_13732,hotpot,0,4
n07590611_1374,hotpot,0,1
n07590611_13741,hotpot,0,0
n07590611_1376,hotpot,0,2
n07590611_13761,hotpot,0,4
n07590611_1377,hotpot,0,3
n07590611_13775,hotpot,0,4
n07590611_13780,hotpot,0,0
n07590611_13805,hotpot,0,0
n07590611_13827,hotpot,0,1
n07590611_1383,hotpot,0,3
n07590611_13840,hotpot,0,2
n07590611_13847,hotpot,0,0
n07590611_13886,hotpot,0,1
n07590611_13889,hotpot,0,1
n07590611_13903,hotpot,0,3
n07590611_13916,hotpot,0,3
n07590611_13922,hotpot,0,3
n07590611_13927,hotpot,0,2
n07590611_13928,hotpot,0,1
n07590611_1394,hotpot,0,3
n07590611_13940,hotpot,0,2
n07590611_1399,hotpot,0,2
n07590611_13991,hotpot,0,1
n07590611_14028,hotpot,0,4
n07590611_14031,hotpot,0,3
n07590611_1407,hotpot,0,3
n07590611_14073,hotpot,0,3
n07590611_14107,hotpot,0,0
n07590611_14150,hotpot,0,1
n07590611_14229,hotpot,0,3
n07590611_14248,hotpot,0,0
n07590611_14255,hotpot,0,0
n07590611_14322,hotpot,0,3
n07590611_14369,hotpot,0,0
n07590611_14370,hotpot,0,4
n07590611_14392,hotpot,0,3
n07590611_14396,hotpot,0,4
n07590611_1443,hotpot,0,4
n07590611_14436,hotpot,0,2
n07590611_14465,hotpot,0,4
n07590611_14493,hotpot,0,3
n07590611_14508,hotpot,0,3
n07590611_14527,hotpot,0,1
n07590611_14533,hotpot,0,4
n07590611_1459,hotpot,0,1
n07590611_14604,hotpot,0,2
n07590611_14606,hotpot,0,4
n07590611_14617,hotpot,0,3
n07590611_14624,hotpot,0,4
n07590611_14628,hotpot,0,2
n07590611_14651,hotpot,0,0
n07590611_14652,hotpot,0,2
n07590611_1466,hotpot,0,4
n07590611_14675,hotpot,0,4
n07590611_14731,hotpot,0,1
n07590611_14736,hotpot,0,3
n07590611_14760,hotpot,0,3
n07590611_14775,hotpot,0,2
n07590611_14788,hotpot,0,0
n07590611_14808,hotpot,0,4
n07590611_14828,hotpot,0,4
n07590611_1483,hotpot,0,0
n07590611_1486,hotpot,0,1
n07590611_14860,hotpot,0,0
n07590611_14862,hotpot,0,4
n07590611_14871,hotpot,0,2
n07590611_14906,hotpot,0,2
n07590611_1494,hotpot,0,1
n07590611_1495,hotpot,0,4
n07590611_1496,hotpot,0,3
n07590611_14981,hotpot,0,0
n07590611_1500,hotpot,0,0
n07590611_15040,hotpot,0,2
n07590611_1505,hotpot,0,4
n07590611_1506,hotpot,0,0
n07590611_15090,hotpot,0,3
n07590611_151,hotpot,0,3
n07590611_15113,hotpot,0,2
n07590611_15135,hotpot,0,2
n07590611_1516,hotpot,0,0
n07590611_1517,hotpot,0,4
n07590611_15226,hotpot,0,0
n07590611_1524,hotpot,0,3
n07590611_15243,hotpot,0,0
n07590611_15254,hotpot,0,4
n07590611_15269,hotpot,0,0
n07590611_15305,hotpot,0,2
n07590611_15321,hotpot,0,0
n07590611_1536,hotpot,0,0
n07590611_1537,hotpot,0,0
n07590611_15396,hotpot,0,1
n07590611_15432,hotpot,0,4
n07590611_15480,hotpot,0,2
n07590611_15492,hotpot,0,4
n07590611_15508,hotpot,0,2
n07590611_15529,hotpot,0,3
n07590611_15534,hotpot,0,3
n07590611_15738,hotpot,0,1
n07590611_15757,hotpot,0,4
n07590611_1576,hotpot,0,0
n07590611_158,hotpot,0,2
n07590611_15804,hotpot,0,4
n07590611_15812,hotpot,0,0
n07590611_15858,hotpot,0,0
n07590611_15873,hotpot,0,3
n07590611_1596,hotpot,0,4
n07590611_15985,hotpot,0,4
n07590611_16009,hotpot,0,1
n07590611_1602,hotpot,0,4
n07590611_16034,hotpot,0,1
n07590611_16054,hotpot,0,3
n07590611_16059,hotpot,0,1
n07590611_16083,hotpot,0,1
n07590611_16089,hotpot,0,3
n07590611_16095,hotpot,0,0
n07590611_16157,hotpot,0,2
n07590611_16159,hotpot,0,0
n07590611_16216,hotpot,0,3
n07590611_16336,hotpot,0,2
n07590611_16338,hotpot,0,3
n07590611_16398,hotpot,0,1
n07590611_16404,hotpot,0,2
n07590611_16410,hotpot,0,0
n07590611_16422,hotpot,0,2
n07590611_16429,hotpot,0,2
n07590611_16457,hotpot,0,0
n07590611_1648,hotpot,0,4
n07590611_16510,hotpot,0,2
n07590611_1655,hotpot,0,2
n07590611_16607,hotpot,0,3
n07590611_16706,hotpot,0,4
n07590611_16707,hotpot,0,0
n07590611_16718,hotpot,0,3
n07590611_1672,hotpot,0,0
n07590611_16742,hotpot,0,1
n07590611_16771,hotpot,0,3
n07590611_16792,hotpot,0,2
n07590611_16813,hotpot,0,2
n07590611_16820,hotpot,0,0
n07590611_16884,hotpot,0,0
n07590611_16979,hotpot,0,3
n07590611_17003,hotpot,0,0
n07590611_17044,hotpot,0,4
n07590611_1705,hotpot,0,1
n07590611_17087,hotpot,0,2
n07590611_17194,hotpot,0,1
n07590611_17198,hotpot,0,3
n07590611_17199,hotpot,0,3
n07590611_17257,hotpot,0,1
n07590611_17361,hotpot,0,2
n07590611_17364,hotpot,0,3
n07590611_17389,hotpot,0,1
n07590611_17411,hotpot,0,4
n07590611_17422,hotpot,0,2
n07590611_17485,hotpot,0,4
n07590611_1750,hotpot,0,0
n07590611_17507,hotpot,0,1
n07590611_17540,hotpot,0,4
n07590611_17557,hotpot,0,1
n07590611_17560,hotpot,0,2
n07590611_17634,hotpot,0,3
n07590611_17675,hotpot,0,4
n07590611_17763,hotpot,0,2
n07590611_17807,hotpot,0,3
n07590611_1785,hotpot,0,2
n07590611_17866,hotpot,0,1
n07590611_1789,hotpot,0,2
n07590611_17894,hotpot,0,3
n07590611_17896,hotpot,0,4
n07590611_17912,hotpot,0,3
n07590611_17948,hotpot,0,0
n07590611_17949,hotpot,0,1
n07590611_17959,hotpot,0,2
n07590611_18022,hotpot,0,1
n07590611_18060,hotpot,0,1
n07590611_18076,hotpot,0,1
n07590611_18083,hotpot,0,2
n07590611_1809,hotpot,0,3
n07590611_18149,hotpot,0,3
n07590611_18151,hotpot,0,3
n07590611_18177,hotpot,0,1
n07590611_18195,hotpot,0,1
n07590611_182,hotpot,0,2
n07590611_18225,hotpot,0,1
n07590611_18238,hotpot,0,4
n07590611_183,hotpot,0,0
n07590611_18309,hotpot,0,2
n07590611_18312,hotpot,0,4
n07590611_18342,hotpot,0,3
n07590611_1835,hotpot,0,4
n07590611_1837,hotpot,0,0
n07590611_18436,hotpot,0,0
n07590611_18450,hotpot,0,4
n07590611_1852,hotpot,0,3
n07590611_18552,hotpot,0,3
n07590611_18740,hotpot,0,4
n07590611_18741,hotpot,0,3
n07590611_18757,hotpot,0,1
n07590611_18823,hotpot,0,1
n07590611_18855,hotpot,0,1
n07590611_1888,hotpot,0,3
n07590611_1890,hotpot,0,2
n07590611_18920,hotpot,0,2
n07590611_18951,hotpot,0,3
n07590611_19052,hotpot,0,3
n07590611_19063,hotpot,0,1
n07590611_19068,hotpot,0,4
n07590611_19069,hotpot,0,4
n07590611_19100,hotpot,0,1
n07590611_19144,hotpot,0,1
n07590611_19166,hotpot,0,2
n07590611_1919,hotpot,0,4
n07590611_19196,hotpot,0,3
n07590611_19226,hotpot,0,3
n07590611_19244,hotpot,0,3
n07590611_1935,hotpot,0,2
n07590611_19363,hotpot,0,4
n07590611_19407,hotpot,0,0
n07590611_19425,hotpot,0,4
n07590611_19427,hotpot,0,2
n07590611_19455,hotpot,0,1
n07590611_19468,hotpot,0,0
n07590611_1949,hotpot,0,3
n07590611_19541,hotpot,0,3
n07590611_19551,hotpot,0,1
n07590611_19556,hotpot,0,4
n07590611_19565,hotpot,0,0
n07590611_1963,hotpot,0,3
n07590611_19639,hotpot,0,1
n07590611_19663,hotpot,0,0
n07590611_1973,hotpot,0,3
n07590611_19771,hotpot,0,1
n07590611_19809,hotpot,0,1
n07590611_19893,hotpot,0,3
n07590611_19940,hotpot,0,2
n07590611_19947,hotpot,0,1
n07590611_19963,hotpot,0,2
n07590611_19980,hotpot,0,4
n07590611_20012,hotpot,0,2
n07590611_20102,hotpot,0,1
n07590611_20152,hotpot,0,0
n07590611_20166,hotpot,0,0
n07590611_20173,hotpot,0,3
n07590611_20180,hotpot,0,2
n07590611_20257,hotpot,0,0
n07590611_20297,hotpot,0,0
n07590611_20299,hotpot,0,1
n07590611_20318,hotpot,0,1
n07590611_20349,hotpot,0,2
n07590611_20364,hotpot,0,1
n07590611_20369,hotpot,0,1
n07590611_20371,hotpot,0,1
n07590611_20454,hotpot,0,4
n07590611_20477,hotpot,0,0
n07590611_20483,hotpot,0,0
n07590611_20547,hotpot,0,0
n07590611_20596,hotpot,0,2
n07590611_20602,hotpot,0,3
n07590611_20659,hotpot,0,1
n07590611_2066,hotpot,0,3
n07590611_20688,hotpot,0,0
n07590611_20705,hotpot,0,2
n07590611_20758,hotpot,0,3
n07590611_20764,hotpot,0,2
n07590611_20766,hotpot,0,0
n07590611_20784,hotpot,0,3
n07590611_20793,hotpot,0,0
n07590611_2084,hotpot,0,1
n07590611_20842,hotpot,0,0
n07590611_20876,hotpot,0,2
n07590611_20881,hotpot,0,2
n07590611_20901,hotpot,0,1
n07590611_20905,hotpot,0,4
n07590611_20911,hotpot,0,2
n07590611_20969,hotpot,0,2
n07590611_21016,hotpot,0,1
n07590611_21035,hotpot,0,3
n07590611_21085,hotpot,0,3
n07590611_21091,hotpot,0,1
n07590611_21112,hotpot,0,4
n07590611_21282,hotpot,0,1
n07590611_21305,hotpot,0,4
n07590611_21339,hotpot,0,0
n07590611_21352,hotpot,0,4
n07590611_21463,hotpot,0,1
n07590611_2151,hotpot,0,2
n07590611_21517,hotpot,0,3
n07590611_21542,hotpot,0,0
n07590611_21544,hotpot,0,1
n07590611_21570,hotpot,0,0
n07590611_21595,hotpot,0,4
n07590611_21596,hotpot,0,1
n07590611_21649,hotpot,0,4
n07590611_21666,hotpot,0,1
n07590611_21690,hotpot,0,1
n07590611_2175,hotpot,0,0
n07590611_21810,hotpot,0,4
n07590611_21878,hotpot,0,4
n07590611_21895,hotpot,0,1
n07590611_219,hotpot,0,2
n07590611_21914,hotpot,0,1
n07590611_21950,hotpot,0,1
n07590611_21963,hotpot,0,4
n07590611_21968,hotpot,0,2
n07590611_22034,hotpot,0,4
n07590611_22056,hotpot,0,1
n07590611_22080,hotpot,0,2
n07590611_22119,hotpot,0,4
n07590611_22144,hotpot,0,4
n07590611_2223,hotpot,0,3
n07590611_22269,hotpot,0,1
n07590611_2228,hotpot,0,0
n07590611_22306,hotpot,0,0
n07590611_22331,hotpot,0,4
n07590611_2238,hotpot,0,4
n07590611_22416,hotpot,0,1
n07590611_22556,hotpot,0,3
n07590611_22564,hotpot,0,2
n07590611_2257,hotpot,0,3
n07590611_2274,hotpot,0,2
n07590611_22790,hotpot,0,2
n07590611_22804,hotpot,0,4
n07590611_22813,hotpot,0,3
n07590611_22841,hotpot,0,4
n07590611_22912,hotpot,0,4
n07590611_22939,hotpot,0,1
n07590611_23013,hotpot,0,2
n07590611_23058,hotpot,0,4
n07590611_23060,hotpot,0,1
n07590611_23084,hotpot,0,3
n07590611_23121,hotpot,0,3
n07590611_23159,hotpot,0,2
n07590611_23264,hotpot,0,1
n07590611_23267,hotpot,0,4
n07590611_2328,hotpot,0,3
n07590611_23287,hotpot,0,2
n07590611_23293,hotpot,0,3
n07590611_23328,hotpot,0,4
n07590611_23331,hotpot,0,1
n07590611_2337,hotpot,0,4
n07590611_23394,hotpot,0,3
n07590611_23429,hotpot,0,2
n07590611_23453,hotpot,0,1
n07590611_23486,hotpot,0,1
n07590611_2351,hotpot,0,4
n07590611_23593,hotpot,0,2
n07590611_23645,hotpot,0,1
n07590611_23660,hotpot,0,0
n07590611_23743,hotpot,0,0
n07590611_23761,hotpot,0,2
n07590611_23833,hotpot,0,4
n07590611_23880,hotpot,0,1
n07590611_23931,hotpot,0,1
n07590611_23942,hotpot,0,2
n07590611_23967,hotpot,0,4
n07590611_24028,hotpot,0,3
n07590611_24040,hotpot,0,4
n07590611_24041,hotpot,0,1
n07590611_24110,hotpot,0,2
n07590611_2422,hotpot,0,2
n07590611_24255,hotpot,0,2
n07590611_2436,hotpot,0,4
n07590611_24414,hotpot,0,4
n07590611_24553,hotpot,0,2
n07590611_24573,hotpot,0,0
n07590611_24587,hotpot,0,3
n07590611_24628,hotpot,0,1
n07590611_24635,hotpot,0,0
n07590611_2465,hotpot,0,4
n07590611_24676,hotpot,0,3
n07590611_24735,hotpot,0,0
n07590611_24747,hotpot,0,3
n07590611_24748,hotpot,0,1
n07590611_24749,hotpot,0,2
n07590611_24752,hotpot,0,2
n07590611_24775,hotpot,0,2
n07590611_24822,hotpot,0,2
n07590611_2491,hotpot,0,4
n07590611_2498,hotpot,0,1
n07590611_2504,hotpot,0,2
n07590611_2517,hotpot,0,0
n07590611_2524,hotpot,0,3
n07590611_2547,hotpot,0,3
n07590611_2549,hotpot,0,2
n07590611_2551,hotpot,0,2
n07590611_2558,hotpot,0,1
n07590611_2572,hotpot,0,3
n07590611_2581,hotpot,0,3
n07590611_2594,hotpot,0,1
n07590611_2630,hotpot,0,1
n07590611_2657,hotpot,0,2
n07590611_2786,hotpot,0,4
n07590611_2796,hotpot,0,3
n07590611_2830,hotpot,0,4
n07590611_2839,hotpot,0,0
n07590611_2843,hotpot,0,3
n07590611_2849,hotpot,0,3
n07590611_2856,hotpot,0,4
n07590611_2860,hotpot,0,3
n07590611_2867,hotpot,0,0
n07590611_2871,hotpot,0,2
n07590611_2886,hotpot,0,2
n07590611_2904,hotpot,0,4
n07590611_2917,hotpot,0,0
n07590611_2926,hotpot,0,0
n07590611_2932,hotpot,0,3
n07590611_2963,hotpot,0,0
n07590611_2965,hotpot,0,3
n07590611_3001,hotpot,0,4
n07590611_3018,hotpot,0,0
n07590611_3026,hotpot,0,4
n07590611_3028,hotpot,0,0
n07590611_3038,hotpot,0,4
n07590611_3061,hotpot,0,2
n07590611_3072,hotpot,0,0
n07590611_3082,hotpot,0,0
n07590611_3126,hotpot,0,3
n07590611_3129,hotpot,0,0
n07590611_3135,hotpot,0,1
n07590611_3155,hotpot,0,2
n07590611_3158,hotpot,0,0
n07590611_3179,hotpot,0,3
n07590611_3195,hotpot,0,1
n07590611_322,hotpot,0,3
n07590611_3222,hotpot,0,2
n07590611_3262,hotpot,0,4
n07590611_3270,hotpot,0,3
n07590611_3297,hotpot,0,0
n07590611_3321,hotpot,0,1
n07590611_3343,hotpot,0,0
n07590611_3352,hotpot,0,2
n07590611_3357,hotpot,0,2
n07590611_3359,hotpot,0,0
n07590611_3385,hotpot,0,3
n07590611_3398,hotpot,0,3
n07590611_3439,hotpot,0,2
n07590611_3469,hotpot,0,3
n07590611_3470,hotpot,0,0
n07590611_3485,hotpot,0,2
n07590611_3510,hotpot,0,1
n07590611_3521,hotpot,0,0
n07590611_3535,hotpot,0,4
n07590611_3565,hotpot,0,0
n07590611_3575,hotpot,0,3
n07590611_3582,hotpot,0,0
n07590611_3587,hotpot,0,4
n07590611_3594,hotpot,0,3
n07590611_3603,hotpot,0,2
n07590611_3616,hotpot,0,4
n07590611_3629,hotpot,0,1
n07590611_365,hotpot,0,4
n07590611_3666,hotpot,0,3
n07590611_3673,hotpot,0,0
n07590611_3677,hotpot,0,2
n07590611_371,hotpot,0,2
n07590611_3714,hotpot,0,4
n07590611_3724,hotpot,0,4
n07590611_3745,hotpot,0,1
n07590611_3746,hotpot,0,3
n07590611_3747,hotpot,0,3
n07590611_3764,hotpot,0,4
n07590611_3775,hotpot,0,4
n07590611_3788,hotpot,0,2
n07590611_3812,hotpot,0,1
n07590611_3814,hotpot,0,4
n07590611_3841,hotpot,0,1
n07590611_3874,hotpot,0,2
n07590611_3893,hotpot,0,1
n07590611_3898,hotpot,0,2
n07590611_390,hotpot,0,2
n07590611_3900,hotpot,0,3
n07590611_3917,hotpot,0,2
n07590611_3962,hotpot,0,3
n07590611_3994,hotpot,0,4
n07590611_3999,hotpot,0,0
n07590611_4010,hotpot,0,1
n07590611_4057,hotpot,0,1
n07590611_4066,hotpot,0,0
n07590611_4095,hotpot,0,3
n07590611_4104,hotpot,0,2
n07590611_4143,hotpot,0,0
n07590611_4158,hotpot,0,0
n07590611_4170,hotpot,0,0
n07590611_4215,hotpot,0,1
n07590611_4272,hotpot,0,2
n07590611_4292,hotpot,0,3
n07590611_4302,hotpot,0,2
n07590611_4341,hotpot,0,2
n07590611_4379,hotpot,0,3
n07590611_4404,hotpot,0,2
n07590611_4429,hotpot,0,1
n07590611_4440,hotpot,0,0
n07590611_45,hotpot,0,2
n07590611_4524,hotpot,0,4
n07590611_4537,hotpot,0,1
n07590611_4547,hotpot,0,0
n07590611_4549,hotpot,0,0
n07590611_4550,hotpot,0,4
n07590611_4574,hotpot,0,2
n07590611_4592,hotpot,0,2
n07590611_4605,hotpot,0,1
n07590611_4641,hotpot,0,1
n07590611_4657,hotpot,0,1
n07590611_4672,hotpot,0,0
n07590611_4680,hotpot,0,2
n07590611_4700,hotpot,0,1
n07590611_4714,hotpot,0,1
n07590611_4738,hotpot,0,3
n07590611_4749,hotpot,0,4
n07590611_4848,hotpot,0,3
n07590611_4860,hotpot,0,0
n07590611_4863,hotpot,0,4
n07590611_4893,hotpot,0,2
n07590611_4896,hotpot,0,4
n07590611_4915,hotpot,0,2
n07590611_4922,hotpot,0,4
n07590611_4931,hotpot,0,3
n07590611_4938,hotpot,0,0
n07590611_4966,hotpot,0,1
n07590611_4992,hotpot,0,1
n07590611_5001,hotpot,0,1
n07590611_5010,hotpot,0,2
n07590611_5011,hotpot,0,4
n07590611_5040,hotpot,0,3
n07590611_5060,hotpot,0,0
n07590611_5084,hotpot,0,4
n07590611_5089,hotpot,0,4
n07590611_5092,hotpot,0,2
n07590611_5093,hotpot,0,3
n07590611_5126,hotpot,0,3
n07590611_5139,hotpot,0,4
n07590611_5149,hotpot,0,4
n07590611_5171,hotpot,0,0
n07590611_5181,hotpot,0,4
n07590611_5192,hotpot,0,4
n07590611_5253,hotpot,0,2
n07590611_5262,hotpot,0,0
n07590611_5275,hotpot,0,4
n07590611_5277,hotpot,0,1
n07590611_528,hotpot,0,3
n07590611_5309,hotpot,0,2
n07590611_5310,hotpot,0,3
n07590611_5329,hotpot,0,1
n07590611_5335,hotpot,0,3
n07590611_535,hotpot,0,0
n07590611_5364,hotpot,0,2
n07590611_5369,hotpot,0,4
n07590611_5382,hotpot,0,0
n07590611_5387,hotpot,0,0
n07590611_5395,hotpot,0,1
n07590611_5396,hotpot,0,3
n07590611_5411,hotpot,0,2
n07590611_5421,hotpot,0,0
n07590611_5429,hotpot,0,1
n07590611_5441,hotpot,0,0
n07590611_5442,hotpot,0,1
n07590611_5462,hotpot,0,0
n07590611_548,hotpot,0,1
n07590611_5480,hotpot,0,2
n07590611_5483,hotpot,0,1
n07590611_5497,hotpot,0,4
n07590611_5508,hotpot,0,4
n07590611_5523,hotpot,0,2
n07590611_5524,hotpot,0,0
n07590611_5532,hotpot,0,3
n07590611_5581,hotpot,0,3
n07590611_5614,hotpot,0,3
n07590611_5637,hotpot,0,3
n07590611_5671,hotpot,0,3
n07590611_5681,hotpot,0,1
n07590611_569,hotpot,0,2
n07590611_573,hotpot,0,0
n07590611_5743,hotpot,0,4
n07590611_5754,hotpot,0,1
n07590611_5757,hotpot,0,2
n07590611_5761,hotpot,0,4
n07590611_5762,hotpot,0,3
n07590611_5768,hotpot,0,1
n07590611_5771,hotpot,0,3
n07590611_5774,hotpot,0,2
n07590611_5776,hotpot,0,2
n07590611_5778,hotpot,0,2
n07590611_5785,hotpot,0,4
n07590611_5813,hotpot,0,0
n07590611_5824,hotpot,0,1
n07590611_5843,hotpot,0,4
n07590611_5844,hotpot,0,3
n07590611_5849,hotpot,0,1
n07590611_585,hotpot,0,1
n07590611_5856,hotpot,0,2
n07590611_5863,hotpot,0,4
n07590611_5869,hotpot,0,4
n07590611_5874,hotpot,0,0
n07590611_5890,hotpot,0,3
n07590611_590,hotpot,0,4
n07590611_5904,hotpot,0,0
n07590611_5909,hotpot,0,2
n07590611_5914,hotpot,0,0
n07590611_5920,hotpot,0,2
n07590611_5923,hotpot,0,2
n07590611_595,hotpot,0,2
n07590611_5969,hotpot,0,1
n07590611_597,hotpot,0,2
n07590611_5972,hotpot,0,3
n07590611_5989,hotpot,0,0
n07590611_5993,hotpot,0,1
n07590611_60,hotpot,0,3
n07590611_6005,hotpot,0,2
n07590611_6014,hotpot,0,4
n07590611_6034,hotpot,0,1
n07590611_6062,hotpot,0,4
n07590611_6065,hotpot,0,0
n07590611_6069,hotpot,0,0
n07590611_6072,hotpot,0,3
n07590611_6075,hotpot,0,1
n07590611_6084,hotpot,0,2
n07590611_612,hotpot,0,4
n07590611_6136,hotpot,0,1
n07590611_6137,hotpot,0,0
n07590611_6139,hotpot,0,3
n07590611_6146,hotpot,0,2
n07590611_6148,hotpot,0,1
n07590611_6154,hotpot,0,2
n07590611_6165,hotpot,0,4
n07590611_6185,hotpot,0,3
n07590611_6194,hotpot,0,3
n07590611_6212,hotpot,0,2
n07590611_6246,hotpot,0,0
n07590611_6255,hotpot,0,0
n07590611_6263,hotpot,0,1
n07590611_6274,hotpot,0,4
n07590611_6298,hotpot,0,1
n07590611_6299,hotpot,0,4
n07590611_630,hotpot,0,2
n07590611_6318,hotpot,0,2
n07590611_6340,hotpot,0,3
n07590611_6344,hotpot,0,3
n07590611_6354,hotpot,0,3
n07590611_6360,hotpot,0,3
n07590611_6363,hotpot,0,2
n07590611_6371,hotpot,0,3
n07590611_6423,hotpot,0,1
n07590611_6429,hotpot,0,3
n07590611_6438,hotpot,0,0
n07590611_6447,hotpot,0,2
n07590611_6458,hotpot,0,0
n07590611_6461,hotpot,0,0
n07590611_6495,hotpot,0,4
n07590611_6530,hotpot,0,0
n07590611_6533,hotpot,0,4
n07590611_6555,hotpot,0,4
n07590611_6559,hotpot,0,3
n07590611_6563,hotpot,0,2
n07590611_6577,hotpot,0,0
n07590611_6618,hotpot,0,2
n07590611_6624,hotpot,0,4
n07590611_6648,hotpot,0,0
n07590611_6653,hotpot,0,3
n07590611_6679,hotpot,0,0
n07590611_6718,hotpot,0,0
n07590611_6725,hotpot,0,2
n07590611_6785,hotpot,0,1
n07590611_6789,hotpot,0,2
n07590611_6825,hotpot,0,0
n07590611_6848,hotpot,0,4
n07590611_6853,hotpot,0,3
n07590611_6864,hotpot,0,1
n07590611_6883,hotpot,0,0
n07590611_6887,hotpot,0,4
n07590611_6905,hotpot,0,2
n07590611_6930,hotpot,0,4
n07590611_6939,hotpot,0,3
n07590611_6975,hotpot,0,4
n07590611_6985,hotpot,0,2
n07590611_6987,hotpot,0,3
n07590611_6991,hotpot,0,4
n07590611_700,hotpot,0,3
n07590611_7004,hotpot,0,2
n07590611_7021,hotpot,0,0
n07590611_7022,hotpot,0,0
n07590611_7056,hotpot,0,0
n07590611_706,hotpot,0,3
n07590611_7108,hotpot,0,0
n07590611_7149,hotpot,0,4
n07590611_7180,hotpot,0,2
n07590611_7185,hotpot,0,2
n07590611_7188,hotpot,0,2
n07590611_7218,hotpot,0,0
n07590611_7300,hotpot,0,4
n07590611_7306,hotpot,0,4
n07590611_7317,hotpot,0,3
n07590611_7323,hotpot,0,4
n07590611_7326,hotpot,0,1
n07590611_7356,hotpot,0,4
n07590611_7366,hotpot,0,2
n07590611_7369,hotpot,0,0
n07590611_7374,hotpot,0,1
n07590611_7375,hotpot,0,2
n07590611_739,hotpot,0,1
n07590611_7395,hotpot,0,0
n07590611_7400,hotpot,0,0
n07590611_7416,hotpot,0,2
n07590611_7435,hotpot,0,4
n07590611_7464,hotpot,0,1
n07590611_7479,hotpot,0,1
n07590611_7485,hotpot,0,4
n07590611_7489,hotpot,0,4
n07590611_7509,hotpot,0,1
n07590611_7510,hotpot,0,1
n07590611_7511,hotpot,0,1
n07590611_7529,hotpot,0,1
n07590611_7537,hotpot,0,3
n07590611_755,hotpot,0,1
n07590611_7553,hotpot,0,1
n07590611_7566,hotpot,0,0
n07590611_7584,hotpot,0,4
n07590611_7587,hotpot,0,1
n07590611_7626,hotpot,0,1
n07590611_7634,hotpot,0,2
n07590611_7651,hotpot,0,3
n07590611_7667,hotpot,0,2
n07590611_7668,hotpot,0,3
n07590611_7692,hotpot,0,1
n07590611_7698,hotpot,0,0
n07590611_77,hotpot,0,4
n07590611_771,hotpot,0,0
n07590611_7733,hotpot,0,3
n07590611_7734,hotpot,0,4
n07590611_7737,hotpot,0,0
n07590611_7738,hotpot,0,0
n07590611_7741,hotpot,0,1
n07590611_7782,hotpot,0,3
n07590611_7823,hotpot,0,0
n07590611_7829,hotpot,0,3
n07590611_7850,hotpot,0,3
n07590611_7873,hotpot,0,1
n07590611_7881,hotpot,0,3
n07590611_7893,hotpot,0,4
n07590611_7897,hotpot,0,4
n07590611_7907,hotpot,0,2
n07590611_791,hotpot,0,0
n07590611_7916,hotpot,0,4
n07590611_7929,hotpot,0,0
n07590611_7960,hotpot,0,0
n07590611_7963,hotpot,0,0
n07590611_7965,hotpot,0,1
n07590611_7966,hotpot,0,2
n07590611_7980,hotpot,0,1
n07590611_7988,hotpot,0,3
n07590611_8038,hotpot,0,2
n07590611_8055,hotpot,0,1
n07590611_8060,hotpot,0,1
n07590611_8085,hotpot,0,2
n07590611_8091,hotpot,0,1
n07590611_8095,hotpot,0,1
n07590611_8100,hotpot,0,2
n07590611_813,hotpot,0,1
n07590611_8131,hotpot,0,0
n07590611_816,hotpot,0,2
n07590611_8160,hotpot,0,4
n07590611_8161,hotpot,0,1
n07590611_8234,hotpot,0,2
n07590611_8235,hotpot,0,0
n07590611_8236,hotpot,0,4
n07590611_8244,hotpot,0,2
n07590611_8250,hotpot,0,0
n07590611_8253,hotpot,0,1
n07590611_8276,hotpot,0,4
n07590611_8285,hotpot,0,4
n07590611_8288,hotpot,0,1
n07590611_830,hotpot,0,4
n07590611_8303,hotpot,0,0
n07590611_8311,hotpot,0,0
n07590611_8312,hotpot,0,3
n07590611_8313,hotpot,0,4
n07590611_8326,hotpot,0,2
n07590611_8338,hotpot,0,3
n07590611_8340,hotpot,0,3
n07590611_8361,hotpot,0,1
n07590611_8366,hotpot,0,3
n07590611_8380,hotpot,0,3
n07590611_839,hotpot,0,3
n07590611_8399,hotpot,0,4
n07590611_8404,hotpot,0,3
n07590611_8413,hotpot,0,3
n07590611_8472,hotpot,0,2
n07590611_8482,hotpot,0,1
n07590611_8485,hotpot,0,2
n07590611_8486,hotpot,0,2
n07590611_8489,hotpot,0,4
n07590611_8490,hotpot,0,1
n07590611_8512,hotpot,0,2
n07590611_8537,hotpot,0,2
n07590611_8554,hotpot,0,1
n07590611_8568,hotpot,0,4
n07590611_8578,hotpot,0,0
n07590611_8584,hotpot,0,4
n07590611_8593,hotpot,0,2
n07590611_8597,hotpot,0,3
n07590611_8621,hotpot,0,4
n07590611_863,hotpot,0,3
n07590611_8639,hotpot,0,0
n07590611_8662,hotpot,0,2
n07590611_8663,hotpot,0,3
n07590611_8688,hotpot,0,4
n07590611_8691,hotpot,0,2
n07590611_87,hotpot,0,0
n07590611_8701,hotpot,0,4
n07590611_8720,hotpot,0,0
n07590611_8737,hotpot,0,3
n07590611_8741,hotpot,0,3
n07590611_8742,hotpot,0,2
n07590611_8750,hotpot,0,2
n07590611_8756,hotpot,0,3
n07590611_8758,hotpot,0,2
n07590611_877,hotpot,0,1
n07590611_8770,hotpot,0,3
n07590611_8805,hotpot,0,0
n07590611_881,hotpot,0,0
n07590611_882,hotpot,0,1
n07590611_8854,hotpot,0,4
n07590611_8868,hotpot,0,2
n07590611_8874,hotpot,0,4
n07590611_888,hotpot,0,4
n07590611_8898,hotpot,0,0
n07590611_8924,hotpot,0,0
n07590611_8927,hotpot,0,4
n07590611_8937,hotpot,0,1
n07590611_8941,hotpot,0,4
n07590611_8943,hotpot,0,4
n07590611_8959,hotpot,0,4
n07590611_8974,hotpot,0,1
n07590611_899,hotpot,0,2
n07590611_8995,hotpot,0,2
n07590611_9009,hotpot,0,2
n07590611_9027,hotpot,0,3
n07590611_9040,hotpot,0,3
n07590611_9055,hotpot,0,2
n07590611_9056,hotpot,0,1
n07590611_9066,hotpot,0,2
n07590611_9099,hotpot,0,2
n07590611_9128,hotpot,0,1
n07590611_9143,hotpot,0,4
n07590611_9144,hotpot,0,3
n07590611_9166,hotpot,0,4
n07590611_9186,hotpot,0,1
n07590611_9198,hotpot,0,0
n07590611_921,hotpot,0,3
n07590611_9213,hotpot,0,4
n07590611_9222,hotpot,0,0
n07590611_9239,hotpot,0,2
n07590611_9252,hotpot,0,1
n07590611_9253,hotpot,0,2
n07590611_9256,hotpot,0,2
n07590611_9265,hotpot,0,0
n07590611_927,hotpot,0,4
n07590611_9282,hotpot,0,0
n07590611_9284,hotpot,0,1
n07590611_9294,hotpot,0,4
n07590611_9299,hotpot,0,4
n07590611_9304,hotpot,0,0
n07590611_9321,hotpot,0,1
n07590611_9334,hotpot,0,0
n07590611_9338,hotpot,0,4
n07590611_9353,hotpot,0,4
n07590611_9361,hotpot,0,0
n07590611_9377,hotpot,0,1
n07590611_9382,hotpot,0,0
n07590611_9415,hotpot,0,0
n07590611_9424,hotpot,0,4
n07590611_9433,hotpot,0,1
n07590611_9443,hotpot,0,3
n07590611_9445,hotpot,0,2
n07590611_9453,hotpot,0,3
n07590611_9454,hotpot,0,0
n07590611_9464,hotpot,0,3
n07590611_9480,hotpot,0,3
n07590611_95,hotpot,0,2
n07590611_950,hotpot,0,0
n07590611_9524,hotpot,0,0
n07590611_9526,hotpot,0,3
n07590611_9548,hotpot,0,1
n07590611_9550,hotpot,0,3
n07590611_9556,hotpot,0,0
n07590611_9576,hotpot,0,2
n07590611_9612,hotpot,0,4
n07590611_9613,hotpot,0,2
n07590611_9631,hotpot,0,3
n07590611_9660,hotpot,0,4
n07590611_9661,hotpot,0,3
n07590611_9668,hotpot,0,1
n07590611_9702,hotpot,0,1
n07590611_9714,hotpot,0,3
n07590611_9721,hotpot,0,2
n07590611_9754,hotpot,0,1
n07590611_9760,hotpot,0,3
n07590611_9775,hotpot,0,3
n07590611_9777,hotpot,0,2
n07590611_9795,hotpot,0,0
n07590611_9823,hotpot,0,3
n07590611_9845,hotpot,0,4
n07590611_9852,hotpot,0,2
n07590611_9866,hotpot,0,4
n07590611_9882,hotpot,0,0
n07590611_9908,hotpot,0,4
n07590611_9947,hotpot,0,0
n07590611_9952,hotpot,0,4
n07590611_9957,hotpot,0,1
n07590611_9991,hotpot,0,1
n04522168_1,vase,1,1
n04522168_100,vase,1,2
n04522168_10017,vase,1,3
n04522168_10047,vase,1,3
n04522168_10058,vase,1,4
n04522168_10087,vase,1,0
n04522168_10104,vase,1,0
n04522168_10113,vase,1,3
n04522168_10115,vase,1,4
n04522168_10128,vase,1,1
n04522168_10131,vase,1,0
n04522168_10200,vase,1,0
n04522168_10215,vase,1,2
n04522168_10222,vase,1,3
n04522168_10248,vase,1,4
n04522168_10260,vase,1,2
n04522168_10268,vase,1,2
n04522168_10278,vase,1,1
n04522168_10287,vase,1,4
n04522168_1029,vase,1,1
n04522168_10310,vase,1,1
n04522168_10343,vase,1,4
n04522168_10356,vase,1,0
n04522168_10392,vase,1,2
n04522168_10415,vase,1,4
n04522168_1044,vase,1,4
n04522168_10478,vase,1,3
n04522168_10509,vase,1,4
n04522168_10539,vase,1,2
n04522168_10548,vase,1,0
n04522168_10592,vase,1,0
n04522168_10595,vase,1,1
n04522168_10597,vase,1,1
n04522168_10603,vase,1,2
n04522168_10628,vase,1,4
n04522168_10639,vase,1,3
n04522168_10660,vase,1,0
n04522168_10683,vase,1,2
n04522168_10712,vase,1,3
n04522168_10718,vase,1,3
n04522168_10729,vase,1,4
n04522168_10750,vase,1,1
n04522168_10765,vase,1,2
n04522168_10772,vase,1,2
n04522168_10779,vase,1,3
n04522168_10783,vase,1,1
n04522168_10797,vase,1,0
n04522168_10800,vase,1,1
n04522168_10801,vase,1,3
n04522168_1081,vase,1,2
n04522168_10823,vase,1,4
n04522168_10824,vase,1,4
n04522168_10840,vase,1,0
n04522168_10846,vase,1,4
n04522168_10905,vase,1,2
n04522168_10918,vase,1,2
n04522168_10937,vase,1,1
n04522168_10953,vase,1,3
n04522168_10988,vase,1,4
n04522168_11033,vase,1,3
n04522168_11078,vase,1,0
n04522168_11086,vase,1,0
n04522168_11135,vase,1,3
n04522168_11144,vase,1,3
n04522168_11146,vase,1,1
n04522168_11157,vase,1,4
n04522168_11159,vase,1,0
n04522168_11209,vase,1,2
n04522168_11216,vase,1,1
n04522168_11250,vase,1,3
n04522168_11267,vase,1,4
n04522168_11283,vase,1,1
n04522168_11284,vase,1,2
n04522168_11329,vase,1,3
n04522168_11339,vase,1,1
n04522168_11383,vase,1,1
n04522168_11391,vase,1,2
n04522168_11451,vase,1,4
n04522168_11459,vase,1,2
n04522168_11470,vase,1,0
n04522168_11507,vase,1,1
n04522168_1152,vase,1,1
n04522168_11522,vase,1,1
n04522168_11530,vase,1,0
n04522168_11533,vase,1,1
n04522168_11540,vase,1,4
n04522168_11545,vase,1,1
n04522168_1155,vase,1,3
n04522168_11608,vase,1,2
n04522168_11643,vase,1,1
n04522168_11650,vase,1,1
n04522168_11670,vase,1,3
n04522168_11685,vase,1,4
n04522168_11760,vase,1,3
n04522168_11763,vase,1,1
n04522168_11787,vase,1,1
n04522168_11788,vase,1,1
n04522168_11791,vase,1,2
n04522168_11809,vase,1,3
n04522168_11832,vase,1,2
n04522168_11846,vase,1,4
n04522168_1188,vase,1,2
n04522168_11882,vase,1,1
n04522168_11902,vase,1,3
n04522168_11911,vase,1,4
n04522168_11912,vase,1,0
n04522168_11913,vase,1,2
n04522168_11914,vase,1,0
n04522168_1192,vase,1,0
n04522168_11921,vase,1,1
n04522168_11952,vase,1,1
n04522168_12032,vase,1,1
n04522168_12067,vase,1,3
n04522168_12075,vase,1,2
n04522168_12089,vase,1,0
n04522168_1216,vase,1,0
n04522168_12171,vase,1,0
n04522168_12177,vase,1,3
n04522168_12179,vase,1,2
n04522168_12192,vase,1,0
n04522168_12210,vase,1,1
n04522168_1222,vase,1,0
n04522168_12279,vase,1,1
n04522168_1228,vase,1,4
n04522168_12293,vase,1,4
n04522168_123,vase,1,0
n04522168_12336,vase,1,4
n04522168_12342,vase,1,3
n04522168_12351,vase,1,2
n04522168_12357,vase,1,1
n04522168_1236,vase,1,0
n04522168_12368,vase,1,2
n04522168_12375,vase,1,2
n04522168_12376,vase,1,1
n04522168_12389,vase,1,0
n04522168_12403,vase,1,3
n04522168_1241,vase,1,3
n04522168_12410,vase,1,1
n04522168_12432,vase,1,1
n04522168_12448,vase,1,2
n04522168_12455,vase,1,4
n04522168_12469,vase,1,3
n04522168_12491,vase,1,3
n04522168_12495,vase,1,4
n04522168_12592,vase,1,0
n04522168_12637,vase,1,4
n04522168_1270,vase,1,0
n04522168_12716,vase,1,3
n04522168_12720,vase,1,2
n04522168_12735,vase,1,2
n04522168_12741,vase,1,0
n04522168_12803,vase,1,2
n04522168_12814,vase,1,0
n04522168_12854,vase,1,3
n04522168_12860,vase,1,1
n04522168_12881,vase,1,2
n04522168_12888,vase,1,2
n04522168_12894,vase,1,3
n04522168_1290,vase,1,3
n04522168_12901,vase,1,2
n04522168_1292,vase,1,3
n04522168_12932,vase,1,2
n04522168_12941,vase,1,0
n04522168_12959,vase,1,0
n04522168_13038,vase,1,3
n04522168_13073,vase,1,2
n04522168_13101,vase,1,3
n04522168_13115,vase,1,0
n04522168_13118,vase,1,3
n04522168_13122,vase,1,1
n04522168_13144,vase,1,3
n04522168_13165,vase,1,2
n04522168_13187,vase,1,0
n04522168_13209,vase,1,0
n04522168_13245,vase,1,2
n04522168_13260,vase,1,4
n04522168_13280,vase,1,3
n04522168_13287,vase,1,1
n04522168_13319,vase,1,4
n04522168_13328,vase,1,4
n04522168_13330,vase,1,4
n04522168_13337,vase,1,2
n04522168_13354,vase,1,3
n04522168_13355,vase,1,4
n04522168_13368,vase,1,4
n04522168_134,vase,1,4
n04522168_13416,vase,1,4
n04522168_13418,vase,1,4
n04522168_13447,vase,1,4
n04522168_13456,vase,1,4
n04522168_13467,vase,1,4
n04522168_13485,vase,1,2
n04522168_13491,vase,1,0
n04522168_13506,vase,1,3
n04522168_13509,vase,1,0
n04522168_13512,vase,1,3
n04522168_13518,vase,1,1
n04522168_1356,vase,1,2
n04522168_13599,vase,1,4
n04522168_13719,vase,1,1
n04522168_13737,vase,1,0
n04522168_13742,vase,1,3
n04522168_13747,vase,1,1
n04522168_13748,vase,1,1
n04522168_13771,vase,1,3
n04522168_13776,vase,1,0
n04522168_1381,vase,1,0
n04522168_1384,vase,1,2
n04522168_13886,vase,1,2
n04522168_13927,vase,1,2
n04522168_13943,vase,1,1
n04522168_1397,vase,1,1
n04522168_13986,vase,1,1
n04522168_1401,vase,1,0
n04522168_14081,vase,1,3
n04522168_14089,vase,1,3
n04522168_14123,vase,1,0
n04522168_14131,vase,1,3
n04522168_1424,vase,1,3
n04522168_14272,vase,1,3
n04522168_1429,vase,1,3
n04522168_1430,vase,1,2
n04522168_14317,vase,1,2
n04522168_14326,vase,1,0
n04522168_14335,vase,1,2
n04522168_14377,vase,1,3
n04522168_14413,vase,1,0
n04522168_14449,vase,1,3
n04522168_1446,vase,1,4
n04522168_14517,vase,1,3
n04522168_14550,vase,1,2
n04522168_14564,vase,1,3
n04522168_14597,vase,1,2
n04522168_14611,vase,1,2
n04522168_14637,vase,1,1
n04522168_14663,vase,1,1
n04522168_14713,vase,1,4
n04522168_14777,vase,1,1
n04522168_1481,vase,1,4
n04522168_14857,vase,1,4
n04522168_14905,vase,1,0
n04522168_14917,vase,1,1
n04522168_14930,vase,1,4
n04522168_14945,vase,1,1
n04522168_14957,vase,1,3
n04522168_14963,vase,1,2
n04522168_15025,vase,1,2
n04522168_1508,vase,1,2
n04522168_15115,vase,1,1
n04522168_15122,vase,1,4
n04522168_15127,vase,1,0
n04522168_15134,vase,1,0
n04522168_15163,vase,1,3
n04522168_15191,vase,1,4
n04522168_15288,vase,1,4
n04522168_15345,vase,1,4
n04522168_1535,vase,1,1
n04522168_154,vase,1,4
n04522168_15403,vase,1,2
n04522168_15455,vase,1,3
n04522168_15462,vase,1,1
n04522168_15463,vase,1,4
n04522168_1549,vase,1,1
n04522168_15532,vase,1,2
n04522168_15594,vase,1,0
n04522168_15600,vase,1,1
n04522168_15637,vase,1,3
n04522168_15743,vase,1,2
n04522168_15748,vase,1,4
n04522168_1576,vase,1,0
n04522168_15779,vase,1,3
n04522168_15786,vase,1,0
n04522168_15819,vase,1,4
n04522168_15840,vase,1,0
n04522168_15864,vase,1,3
n04522168_15873,vase,1,3
n04522168_15879,vase,1,4
n04522168_15947,vase,1,3
n04522168_1602,vase,1,2
n04522168_1611,vase,1,3
n04522168_1628,vase,1,4
n04522168_16287,vase,1,0
n04522168_1642,vase,1,0
n04522168_1650,vase,1,2
n04522168_16572,vase,1,4
n04522168_16600,vase,1,1
n04522168_1666,vase,1,1
n04522168_16683,vase,1,2
n04522168_16725,vase,1,1
n04522168_1673,vase,1,2
n04522168_16836,vase,1,4
n04522168_1696,vase,1,3
n04522168_16974,vase,1,2
n04522168_1704,vase,1,0
n04522168_17104,vase,1,3
n04522168_17205,vase,1,4
n04522168_17210,vase,1,1
n04522168_17364,vase,1,4
n04522168_17370,vase,1,4
n04522168_17422,vase,1,3
n04522168_17475,vase,1,2
n04522168_1752,vase,1,4
n04522168_17526,vase,1,3
n04522168_1753,vase,1,1
n04522168_17568,vase,1,4
n04522168_17600,vase,1,1
n04522168_17625,vase,1,4
n04522168_17648,vase,1,2
n04522168_17665,vase,1,4
n04522168_17745,vase,1,3
n04522168_17756,vase,1,4
n04522168_17819,vase,1,2
n04522168_17820,vase,1,0
n04522168_17830,vase,1,4
n04522168_17859,vase,1,3
n04522168_17908,vase,1,2
n04522168_17914,vase,1,3
n04522168_17919,vase,1,1
n04522168_1793,vase,1,2
n04522168_17943,vase,1,4
n04522168_1796,vase,1,0
n04522168_18027,vase,1,4
n04522168_1804,vase,1,0
n04522168_18195,vase,1,2
n04522168_18207,vase,1,0
n04522168_18361,vase,1,3
n04522168_18415,vase,1,2
n04522168_18471,vase,1,4
n04522168_18497,vase,1,2
n04522168_18506,vase,1,1
n04522168_18521,vase,1,1
n04522168_18528,vase,1,4
n04522168_18581,vase,1,1
n04522168_18620,vase,1,4
n04522168_18756,vase,1,3
n04522168_18777,vase,1,1
n04522168_18794,vase,1,4
n04522168_1882,vase,1,3
n04522168_18859,vase,1,4
n04522168_18901,vase,1,0
n04522168_19066,vase,1,2
n04522168_1907,vase,1,2
n04522168_19080,vase,1,0
n04522168_192,vase,1,4
n04522168_19232,vase,1,4
n04522168_19284,vase,1,3
n04522168_19351,vase,1,0
n04522168_19363,vase,1,4
n04522168_19374,vase,1,0
n04522168_19404,vase,1,3
n04522168_19414,vase,1,3
n04522168_1942,vase,1,3
n04522168_19498,vase,1,2
n04522168_19520,vase,1,2
n04522168_19546,vase,1,2
n04522168_19559,vase,1,3
n04522168_19588,vase,1,3
n04522168_196,vase,1,2
n04522168_1964,vase,1,3
n04522168_19683,vase,1,1
n04522168_197,vase,1,1
n04522168_19715,vase,1,0
n04522168_19719,vase,1,0
n04522168_19720,vase,1,3
n04522168_19786,vase,1,4
n04522168_1982,vase,1,2
n04522168_19836,vase,1,2
n04522168_19850,vase,1,4
n04522168_19880,vase,1,0
n04522168_19895,vase,1,4
n04522168_19947,vase,1,1
n04522168_2000,vase,1,4
n04522168_20029,vase,1,3
n04522168_2011,vase,1,4
n04522168_20173,vase,1,4
n04522168_20312,vase,1,4
n04522168_2037,vase,1,1
n04522168_2044,vase,1,0
n04522168_2047,vase,1,1
n04522168_20534,vase,1,4
n04522168_20575,vase,1,3
n04522168_20605,vase,1,1
n04522168_2062,vase,1,3
n04522168_2071,vase,1,1
n04522168_20753,vase,1,0
n04522168_20755,vase,1,3
n04522168_20789,vase,1,2
n04522168_2081,vase,1,3
n04522168_20828,vase,1,4
n04522168_20856,vase,1,2
n04522168_20885,vase,1,0
n04522168_20899,vase,1,2
n04522168_20933,vase,1,0
n04522168_20945,vase,1,1
n04522168_20984,vase,1,0
n04522168_21002,vase,1,1
n04522168_21021,vase,1,4
n04522168_21141,vase,1,0
n04522168_21191,vase,1,3
n04522168_2121,vase,1,1
n04522168_21254,vase,1,3
n04522168_2131,vase,1,1
n04522168_21320,vase,1,4
n04522168_21379,vase,1,0
n04522168_21425,vase,1,4
n04522168_21433,vase,1,3
n04522168_21453,vase,1,4
n04522168_21481,vase,1,0
n04522168_2149,vase,1,1
n04522168_21535,vase,1,0
n04522168_21599,vase,1,0
n04522168_21620,vase,1,4
n04522168_21627,vase,1,4
n04522168_21666,vase,1,3
n04522168_21694,vase,1,4
n04522168_21741,vase,1,1
n04522168_21752,vase,1,1
n04522168_21769,vase,1,1
n04522168_21809,vase,1,3
n04522168_2190,vase,1,1
n04522168_22093,vase,1,2
n04522168_22099,vase,1,1
n04522168_22193,vase,1,2
n04522168_22207,vase,1,1
n04522168_22223,vase,1,2
n04522168_22246,vase,1,2
n04522168_22341,vase,1,1
n04522168_22352,vase,1,0
n04522168_22399,vase,1,0
n04522168_2243,vase,1,4
n04522168_22432,vase,1,3
n04522168_22510,vase,1,0
n04522168_22530,vase,1,3
n04522168_22553,vase,1,2
n04522168_22568,vase,1,1
n04522168_22587,vase,1,3
n04522168_22622,vase,1,3
n04522168_2265,vase,1,4
n04522168_2268,vase,1,2
n04522168_22747,vase,1,1
n04522168_22760,vase,1,2
n04522168_22765,vase,1,0
n04522168_2279,vase,1,4
n04522168_22792,vase,1,2
n04522168_22802,vase,1,1
n04522168_22900,vase,1,4
n04522168_22944,vase,1,4
n04522168_23025,vase,1,2
n04522168_23061,vase,1,2
n04522168_23287,vase,1,1
n04522168_23293,vase,1,0
n04522168_23335,vase,1,0
n04522168_23337,vase,1,0
n04522168_2338,vase,1,0
n04522168_23480,vase,1,0
n04522168_23491,vase,1,0
n04522168_23523,vase,1,0
n04522168_23536,vase,1,1
n04522168_23625,vase,1,0
n04522168_23632,vase,1,1
n04522168_23657,vase,1,4
n04522168_2366,vase,1,1
n04522168_23708,vase,1,4
n04522168_23735,vase,1,1
n04522168_23793,vase,1,2
n04522168_2382,vase,1,4
n04522168_23837,vase,1,1
n04522168_23840,vase,1,1
n04522168_23845,vase,1,3
n04522168_23866,vase,1,3
n04522168_23893,vase,1,0
n04522168_23905,vase,1,4
n04522168_23910,vase,1,2
n04522168_23968,vase,1,2
n04522168_24015,vase,1,2
n04522168_24017,vase,1,1
n04522168_24032,vase,1,0
n04522168_24039,vase,1,4
n04522168_24105,vase,1,2
n04522168_2411,vase,1,2
n04522168_24110,vase,1,1
n04522168_24135,vase,1,1
n04522168_24178,vase,1,4
n04522168_24190,vase,1,3
n04522168_24220,vase,1,1
n04522168_2428,vase,1,3
n04522168_24357,vase,1,1
n04522168_24396,vase,1,4
n04522168_24405,vase,1,4
n04522168_24429,vase,1,0
n04522168_24469,vase,1,3
n04522168_24514,vase,1,0
n04522168_24534,vase,1,4
n04522168_24540,vase,1,1
n04522168_24572,vase,1,0
n04522168_2459,vase,1,2
n04522168_24594,vase,1,3
n04522168_24607,vase,1,3
n04522168_24609,vase,1,2
n04522168_24626,vase,1,3
n04522168_24645,vase,1,3
n04522168_24666,vase,1,4
n04522168_24702,vase,1,1
n04522168_24703,vase,1,4
n04522168_24713,vase,1,4
n04522168_2474,vase,1,0
n04522168_24745,vase,1,0
n04522168_2476,vase,1,4
n04522168_2480,vase,1,3
n04522168_24849,vase,1,2
n04522168_24850,vase,1,2
n04522168_2488,vase,1,3
n04522168_24904,vase,1,4
n04522168_2493,vase,1,3
n04522168_24968,vase,1,0
n04522168_2498,vase,1,2
n04522168_24980,vase,1,3
n04522168_2500,vase,1,1
n04522168_25024,vase,1,1
n04522168_25074,vase,1,0
n04522168_25083,vase,1,4
n04522168_251,vase,1,0
n04522168_2510,vase,1,2
n04522168_2516,vase,1,2
n04522168_25203,vase,1,3
n04522168_25255,vase,1,0
n04522168_25296,vase,1,3
n04522168_25304,vase,1,2
n04522168_25308,vase,1,3
n04522168_2531,vase,1,4
n04522168_2534,vase,1,1
n04522168_2535,vase,1,1
n04522168_25356,vase,1,4
n04522168_25369,vase,1,3
n04522168_25371,vase,1,2
n04522168_25390,vase,1,4
n04522168_25442,vase,1,1
n04522168_25502,vase,1,2
n04522168_25504,vase,1,0
n04522168_2553,vase,1,3
n04522168_25560,vase,1,0
n04522168_2558,vase,1,3
n04522168_25582,vase,1,4
n04522168_25591,vase,1,2
n04522168_25599,vase,1,2
n04522168_256,vase,1,4
n04522168_25613,vase,1,1
n04522168_25664,vase,1,1
n04522168_25702,vase,1,1
n04522168_25714,vase,1,0
n04522168_2572,vase,1,1
n04522168_2578,vase,1,0
n04522168_25783,vase,1,2
n04522168_258,vase,1,0
n04522168_25816,vase,1,1
n04522168_25866,vase,1,2
n04522168_25875,vase,1,0
n04522168_25882,vase,1,4
n04522168_2592,vase,1,2
n04522168_25922,vase,1,4
n04522168_25935,vase,1,2
n04522168_25968,vase,1,3
n04522168_25977,vase,1,1
n04522168_26120,vase,1,1
n04522168_26133,vase,1,1
n04522168_2620,vase,1,0
n04522168_26221,vase,1,4
n04522168_26223,vase,1,1
n04522168_2623,vase,1,2
n04522168_26233,vase,1,0
n04522168_2624,vase,1,3
n04522168_2625,vase,1,2
n04522168_26271,vase,1,2
n04522168_26275,vase,1,2
n04522168_26290,vase,1,1
n04522168_26300,vase,1,2
n04522168_26307,vase,1,4
n04522168_26325,vase,1,3
n04522168_2634,vase,1,2
n04522168_2639,vase,1,4
n04522168_2656,vase,1,4
n04522168_26713,vase,1,2
n04522168_26715,vase,1,4
n04522168_2675,vase,1,4
n04522168_26765,vase,1,3
n04522168_2679,vase,1,0
n04522168_2682,vase,1,0
n04522168_2689,vase,1,2
n04522168_26925,vase,1,1
n04522168_2695,vase,1,0
n04522168_27031,vase,1,0
n04522168_27033,vase,1,3
n04522168_27145,vase,1,3
n04522168_27209,vase,1,0
n04522168_27224,vase,1,4
n04522168_27235,vase,1,4
n04522168_2731,vase,1,2
n04522168_2748,vase,1,4
n04522168_2750,vase,1,2
n04522168_2751,vase,1,3
n04522168_27539,vase,1,3
n04522168_2759,vase,1,2
n04522168_27636,vase,1,3
n04522168_27643,vase,1,2
n04522168_2774,vase,1,4
n04522168_27865,vase,1,2
n04522168_2796,vase,1,4
n04522168_28015,vase,1,2
n04522168_28167,vase,1,3
n04522168_28172,vase,1,0
n04522168_28233,vase,1,3
n04522168_2843,vase,1,1
n04522168_28438,vase,1,3
n04522168_28445,vase,1,4
n04522168_28450,vase,1,3
n04522168_2846,vase,1,2
n04522168_28520,vase,1,4
n04522168_2856,vase,1,4
n04522168_28599,vase,1,1
n04522168_28732,vase,1,3
n04522168_2875,vase,1,3
n04522168_28792,vase,1,0
n04522168_2883,vase,1,0
n04522168_2885,vase,1,4
n04522168_2903,vase,1,0
n04522168_2904,vase,1,1
n04522168_29059,vase,1,2
n04522168_2920,vase,1,1
n04522168_29295,vase,1,0
n04522168_29298,vase,1,2
n04522168_29311,vase,1,4
n04522168_29346,vase,1,3
n04522168_29348,vase,1,0
n04522168_2935,vase,1,3
n04522168_29355,vase,1,2
n04522168_2945,vase,1,1
n04522168_2946,vase,1,1
n04522168_29476,vase,1,1
n04522168_29489,vase,1,3
n04522168_29577,vase,1,2
n04522168_29661,vase,1,4
n04522168_29785,vase,1,2
n04522168_2980,vase,1,3
n04522168_29804,vase,1,3
n04522168_29995,vase,1,2
n04522168_30006,vase,1,2
n04522168_30061,vase,1,1
n04522168_30104,vase,1,0
n04522168_30122,vase,1,1
n04522168_30221,vase,1,4
n04522168_3023,vase,1,3
n04522168_3030,vase,1,4
n04522168_30304,vase,1,4
n04522168_30360,vase,1,4
n04522168_30381,vase,1,0
n04522168_3042,vase,1,1
n04522168_30512,vase,1,1
n04522168_30523,vase,1,3
n04522168_3053,vase,1,3
n04522168_3068,vase,1,0
n04522168_30725,vase,1,0
n04522168_30728,vase,1,2
n04522168_30796,vase,1,3
n04522168_30938,vase,1,2
n04522168_30972,vase,1,1
n04522168_30982,vase,1,4
n04522168_3104,vase,1,4
n04522168_31062,vase,1,3
n04522168_3114,vase,1,2
n04522168_31177,vase,1,3
n04522168_31244,vase,1,2
n04522168_31275,vase,1,4
n04522168_31278,vase,1,4
n04522168_3128,vase,1,0
n04522168_31337,vase,1,4
n04522168_3135,vase,1,0
n04522168_3137,vase,1,0
n04522168_31426,vase,1,4
n04522168_31480,vase,1,3
n04522168_31495,vase,1,1
n04522168_31513,vase,1,4
n04522168_31574,vase,1,4
n04522168_31582,vase,1,0
n04522168_31591,vase,1,0
n04522168_31616,vase,1,3
n04522168_31632,vase,1,0
n04522168_31670,vase,1,4
n04522168_31673,vase,1,4
n04522168_3183,vase,1,0
n04522168_31832,vase,1,0
n04522168_31855,vase,1,3
n04522168_31910,vase,1,0
n04522168_32017,vase,1,2
n04522168_32039,vase,1,1
n04522168_32044,vase,1,4
n04522168_3207,vase,1,4
n04522168_32071,vase,1,2
n04522168_32286,vase,1,3
n04522168_32361,vase,1,3
n04522168_3238,vase,1,0
n04522168_3243,vase,1,2
n04522168_32474,vase,1,1
n04522168_32479,vase,1,1
n04522168_32483,vase,1,3
n04522168_326,vase,1,3
n04522168_3263,vase,1,0
n04522168_3267,vase,1,1
n04522168_32740,vase,1,0
n04522168_32801,vase,1,1
n04522168_3284,vase,1,1
n04522168_32868,vase,1,1
n04522168_3293,vase,1,0
n04522168_3299,vase,1,0
n04522168_33013,vase,1,3
n04522168_33017,vase,1,0
n04522168_3305,vase,1,2
n04522168_3307,vase,1,1
n04522168_33094,vase,1,2
n04522168_3315,vase,1,2
n04522168_33154,vase,1,3
n04522168_33177,vase,1,3
n04522168_3319,vase,1,1
n04522168_33204,vase,1,2
n04522168_333,vase,1,3
n04522168_3334,vase,1,2
n04522168_33545,vase,1,4
n04522168_3355,vase,1,0
n04522168_33635,vase,1,3
n04522168_33724,vase,1,2
n04522168_33778,vase,1,3
n04522168_3382,vase,1,0
n04522168_33823,vase,1,4
n04522168_3389,vase,1,2
n04522168_33896,vase,1,2
n04522168_339,vase,1,1
n04522168_33902,vase,1,2
n04522168_33932,vase,1,0
n04522168_33991,vase,1,2
n04522168_34023,vase,1,1
n04522168_3417,vase,1,4
n04522168_3418,vase,1,0
n04522168_34211,vase,1,4
n04522168_3426,vase,1,1
n04522168_34263,vase,1,1
n04522168_34287,vase,1,4
n04522168_3436,vase,1,2
n04522168_34379,vase,1,3
n04522168_3439,vase,1,2
n04522168_34590,vase,1,1
n04522168_3465,vase,1,2
n04522168_34718,vase,1,3
n04522168_34763,vase,1,1
n04522168_34773,vase,1,4
n04522168_34802,vase,1,4
n04522168_34893,vase,1,3
n04522168_34907,vase,1,0
n04522168_3497,vase,1,4
n04522168_34974,vase,1,3
n04522168_35023,vase,1,4
n04522168_35093,vase,1,4
n04522168_35151,vase,1,1
n04522168_3516,vase,1,0
n04522168_3518,vase,1,0
n04522168_35265,vase,1,3
n04522168_35344,vase,1,1
n04522168_35414,vase,1,3
n04522168_35432,vase,1,3
n04522168_35455,vase,1,3
n04522168_35504,vase,1,4
n04522168_3562,vase,1,2
n04522168_35644,vase,1,3
n04522168_3579,vase,1,3
n04522168_35804,vase,1,4
n04522168_35862,vase,1,2
n04522168_3590,vase,1,3
n04522168_3591,vase,1,1
n04522168_3598,vase,1,0
n04522168_36151,vase,1,4
n04522168_3624,vase,1,1
n04522168_3627,vase,1,2
n04522168_3633,vase,1,1
n04522168_3662,vase,1,0
n04522168_36911,vase,1,3
n04522168_3692,vase,1,2
n04522168_3697,vase,1,3
n04522168_3703,vase,1,0
n04522168_37334,vase,1,4
n04522168_37538,vase,1,0
n04522168_3754,vase,1,4
n04522168_37819,vase,1,2
n04522168_37840,vase,1,3
n04522168_38062,vase,1,1
n04522168_38078,vase,1,4
n04522168_38132,vase,1,4
n04522168_3818,vase,1,1
n04522168_38189,vase,1,0
n04522168_3826,vase,1,3
n04522168_38278,vase,1,2
n04522168_38472,vase,1,3
n04522168_38632,vase,1,4
n04522168_38661,vase,1,0
n04522168_38674,vase,1,0
n04522168_3871,vase,1,1
n04522168_38815,vase,1,0
n04522168_3888,vase,1,1
n04522168_38902,vase,1,1
n04522168_390,vase,1,0
n04522168_3920,vase,1,3
n04522168_39327,vase,1,2
n04522168_394,vase,1,1
n04522168_39415,vase,1,3
n04522168_39521,vase,1,0
n04522168_39550,vase,1,4
n04522168_39604,vase,1,4
n04522168_39614,vase,1,1
n04522168_3963,vase,1,1
n04522168_39772,vase,1,0
n04522168_3997,vase,1,0
n04522168_40314,vase,1,3
n04522168_40334,vase,1,0
n04522168_40346,vase,1,3
n04522168_4038,vase,1,2
n04522168_40470,vase,1,1
n04522168_40599,vase,1,0
n04522168_40628,vase,1,4
n04522168_4067,vase,1,4
n04522168_40744,vase,1,4
n04522168_4081,vase,1,2
n04522168_4097,vase,1,0
n04522168_4101,vase,1,0
n04522168_41088,vase,1,3
n04522168_4109,vase,1,0
n04522168_411,vase,1,4
n04522168_41123,vase,1,1
n04522168_41215,vase,1,3
n04522168_41309,vase,1,3
n04522168_4139,vase,1,0
n04522168_4152,vase,1,0
n04522168_41532,vase,1,2
n04522168_41768,vase,1,3
n04522168_41836,vase,1,1
n04522168_4185,vase,1,3
n04522168_41868,vase,1,4
n04522168_41904,vase,1,0
n04522168_41966,vase,1,4
n04522168_41983,vase,1,1
n04522168_4203,vase,1,3
n04522168_42047,vase,1,3
n04522168_42069,vase,1,1
n04522168_4218,vase,1,1
n04522168_4237,vase,1,1
n04522168_42439,vase,1,2
n04522168_4253,vase,1,1
n04522168_42536,vase,1,2
n04522168_42663,vase,1,3
n04522168_42847,vase,1,3
n04522168_4285,vase,1,1
n04522168_4288,vase,1,2
n04522168_43029,vase,1,0
n04522168_43130,vase,1,0
n04522168_4314,vase,1,1
n04522168_43202,vase,1,0
n04522168_43212,vase,1,0
n04522168_43259,vase,1,0
n04522168_4326,vase,1,1
n04522168_43298,vase,1,4
n04522168_4337,vase,1,0
n04522168_43479,vase,1,3
n04522168_4358,vase,1,0
n04522168_4362,vase,1,2
n04522168_4387,vase,1,0
n04522168_4405,vase,1,0
n04522168_4418,vase,1,4
n04522168_44262,vase,1,2
n04522168_4429,vase,1,4
n04522168_44310,vase,1,2
n04522168_44353,vase,1,0
n04522168_44371,vase,1,2
n04522168_4443,vase,1,1
n04522168_44521,vase,1,4
n04522168_44551,vase,1,2
n04522168_44552,vase,1,4
n04522168_44730,vase,1,2
n04522168_4476,vase,1,4
n04522168_44780,vase,1,1
n04522168_44982,vase,1,2
n04522168_44998,vase,1,1
n04522168_45023,vase,1,1
n04522168_45115,vase,1,4
n04522168_45331,vase,1,4
n04522168_45382,vase,1,2
n04522168_45516,vase,1,3
n04522168_45535,vase,1,4
n04522168_4556,vase,1,1
n04522168_45605,vase,1,2
n04522168_4565,vase,1,0
n04522168_4584,vase,1,0
n04522168_4607,vase,1,4
n04522168_46164,vase,1,0
n04522168_46266,vase,1,0
n04522168_4642,vase,1,2
n04522168_46511,vase,1,2
n04522168_46526,vase,1,3
n04522168_46542,vase,1,0
n04522168_46611,vase,1,2
n04522168_46686,vase,1,3
n04522168_46731,vase,1,3
n04522168_46810,vase,1,2
n04522168_46972,vase,1,0
n04522168_4703,vase,1,2
n04522168_47046,vase,1,1
n04522168_47057,vase,1,1
n04522168_47380,vase,1,1
n04522168_47401,vase,1,2
n04522168_47456,vase,1,3
n04522168_475,vase,1,1
n04522168_4752,vase,1,3
n04522168_47595,vase,1,2
n04522168_47650,vase,1,4
n04522168_47666,vase,1,1
n04522168_47672,vase,1,3
n04522168_47776,vase,1,1
n04522168_47829,vase,1,4
n04522168_4786,vase,1,2
n04522168_47875,vase,1,0
n04522168_4789,vase,1,1
n04522168_47988,vase,1,4
n04522168_4799,vase,1,1
n04522168_4804,vase,1,1
n04522168_4805,vase,1,0
n04522168_4806,vase,1,2
n04522168_48172,vase,1,4
n04522168_482,vase,1,4
n04522168_4821,vase,1,2
n04522168_483,vase,1,1
n04522168_48526,vase,1,1
n04522168_4857,vase,1,2
n04522168_48694,vase,1,1
n04522168_487,vase,1,3
n04522168_48834,vase,1,0
n04522168_48879,vase,1,0
n04522168_48930,vase,1,3
n04522168_49024,vase,1,2
n04522168_49052,vase,1,4
n04522168_4914,vase,1,2
n04522168_49149,vase,1,2
n04522168_49155,vase,1,0
n04522168_49172,vase,1,2
n04522168_4934,vase,1,2
n04522168_494,vase,1,0
n04522168_4949,vase,1,3
n04522168_49567,vase,1,1
n04522168_49617,vase,1,3
n04522168_49662,vase,1,3
n04522168_49679,vase,1,3
n04522168_49706,vase,1,4
n04522168_4972,vase,1,1
n04522168_49724,vase,1,2
n04522168_49829,vase,1,2
n04522168_49846,vase,1,0
n04522168_4987,vase,1,2
n04522168_49932,vase,1,2
n04522168_50013,vase,1,2
n04522168_50026,vase,1,0
n04522168_5006,vase,1,1
n04522168_50153,vase,1,0
n04522168_50246,vase,1,4
n04522168_5033,vase,1,3
n04522168_50351,vase,1,4
n04522168_50417,vase,1,2
n04522168_5049,vase,1,3
n04522168_5051,vase,1,3
n04522168_5053,vase,1,0
n04522168_50615,vase,1,0
n04522168_5071,vase,1,4
n04522168_50724,vase,1,4
n04522168_5073,vase,1,0
n04522168_50743,vase,1,3
n04522168_50815,vase,1,2
n04522168_5090,vase,1,2
n04522168_51042,vase,1,2
n04522168_5108,vase,1,1
n04522168_51089,vase,1,2
n04522168_5120,vase,1,2
n04522168_5125,vase,1,3
n04522168_51376,vase,1,2
n04522168_51403,vase,1,2
n04522168_5163,vase,1,1
n04522168_51723,vase,1,2
n04522168_51745,vase,1,2
n04522168_51776,vase,1,4
n04522168_51844,vase,1,1
n04522168_5186,vase,1,2
n04522168_5190,vase,1,0
n04522168_5193,vase,1,0
n04522168_52106,vase,1,3
n04522168_5220,vase,1,1
n04522168_52406,vase,1,3
n04522168_52441,vase,1,0
n04522168_52538,vase,1,4
n04522168_5254,vase,1,3
n04522168_52592,vase,1,4
n04522168_52635,vase,1,0
n04522168_5278,vase,1,1
n04522168_52849,vase,1,3
n04522168_529,vase,1,2
n04522168_5294,vase,1,3
n04522168_5297,vase,1,2
n04522168_52998,vase,1,0
n04522168_530,vase,1,2
n04522168_53179,vase,1,4
n04522168_534,vase,1,0
n04522168_5341,vase,1,1
n04522168_535,vase,1,0
n04522168_5360,vase,1,2
n04522168_5361,vase,1,1
n04522168_53697,vase,1,2
n04522168_538,vase,1,3
n04522168_53842,vase,1,1
n04522168_5385,vase,1,3
n04522168_53855,vase,1,4
n04522168_5398,vase,1,2
n04522168_54076,vase,1,1
n04522168_5420,vase,1,4
n04522168_54241,vase,1,0
n04522168_5428,vase,1,4
n04522168_54333,vase,1,4
n04522168_54334,vase,1,0
n04522168_5436,vase,1,1
n04522168_54428,vase,1,4
n04522168_54512,vase,1,0
n04522168_5461,vase,1,2
n04522168_54613,vase,1,3
n04522168_5483,vase,1,1
n04522168_5501,vase,1,4
n04522168_55033,vase,1,0
n04522168_55115,vase,1,4
n04522168_55269,vase,1,3
n04522168_5538,vase,1,2
n04522168_5543,vase,1,1
n04522168_55482,vase,1,2
n04522168_5549,vase,1,1
n04522168_55536,vase,1,2
n04522168_5561,vase,1,0
n04522168_5566,vase,1,3
n04522168_55734,vase,1,4
n04522168_55810,vase,1,3
n04522168_5585,vase,1,4
n04522168_56091,vase,1,3
n04522168_56474,vase,1,0
n04522168_56552,vase,1,0
n04522168_56667,vase,1,4
n04522168_5667,vase,1,4
n04522168_56708,vase,1,1
n04522168_56721,vase,1,4
n04522168_56741,vase,1,1
n04522168_56823,vase,1,3
n04522168_5691,vase,1,4
n04522168_5698,vase,1,0
n04522168_5699,vase,1,0
n04522168_57049,vase,1,2
n04522168_57098,vase,1,0
n04522168_5712,vase,1,0
n04522168_5725,vase,1,1
n04522168_57375,vase,1,4
n04522168_5740,vase,1,1
n04522168_5760,vase,1,2
n04522168_5786,vase,1,1
n04522168_5820,vase,1,1
n04522168_5869,vase,1,2
n04522168_5880,vase,1,3
n04522168_5888,vase,1,1
n04522168_5895,vase,1,2
n04522168_5977,vase,1,2
n04522168_5994,vase,1,4
n04522168_5996,vase,1,3
n04522168_60,vase,1,1
n04522168_602,vase,1,2
n04522168_6028,vase,1,4
n04522168_6056,vase,1,3
n04522168_6065,vase,1,2
n04522168_6066,vase,1,0
n04522168_6067,vase,1,2
n04522168_6068,vase,1,3
n04522168_6115,vase,1,4
n04522168_6132,vase,1,1
n04522168_6140,vase,1,3
n04522168_615,vase,1,2
n04522168_6183,vase,1,2
n04522168_6184,vase,1,0
n04522168_6194,vase,1,3
n04522168_620,vase,1,1
n04522168_6205,vase,1,0
n04522168_6213,vase,1,3
n04522168_6237,vase,1,1
n04522168_6246,vase,1,2
n04522168_6247,vase,1,0
n04522168_6297,vase,1,2
n04522168_632,vase,1,1
n04522168_6326,vase,1,2
n04522168_6333,vase,1,3
n04522168_6346,vase,1,4
n04522168_6383,vase,1,2
n04522168_6394,vase,1,1
n04522168_6409,vase,1,3
n04522168_6421,vase,1,3
n04522168_6439,vase,1,2
n04522168_6441,vase,1,2
n04522168_6477,vase,1,1
n04522168_6505,vase,1,0
n04522168_6512,vase,1,1
n04522168_6529,vase,1,4
n04522168_6575,vase,1,3
n04522168_6591,vase,1,4
n04522168_6604,vase,1,1
n04522168_6614,vase,1,2
n04522168_6619,vase,1,3
n04522168_6641,vase,1,2
n04522168_6659,vase,1,3
n04522168_6662,vase,1,3
n04522168_670,vase,1,0
n04522168_6707,vase,1,4
n04522168_6736,vase,1,4
n04522168_6743,vase,1,4
n04522168_6818,vase,1,1
n04522168_683,vase,1,3
n04522168_6895,vase,1,4
n04522168_691,vase,1,3
n04522168_6942,vase,1,3
n04522168_6979,vase,1,4
n04522168_6997,vase,1,0
n04522168_7028,vase,1,1
n04522168_7095,vase,1,4
n04522168_7113,vase,1,3
n04522168_7114,vase,1,4
n04522168_7124,vase,1,2
n04522168_7135,vase,1,2
n04522168_7144,vase,1,0
n04522168_7150,vase,1,1
n04522168_7281,vase,1,4
n04522168_7292,vase,1,1
n04522168_7294,vase,1,1
n04522168_7304,vase,1,1
n04522168_7319,vase,1,4
n04522168_735,vase,1,0
n04522168_7351,vase,1,2
n04522168_7360,vase,1,0
n04522168_7436,vase,1,1
n04522168_7458,vase,1,4
n04522168_7498,vase,1,3
n04522168_7509,vase,1,2
n04522168_7649,vase,1,2
n04522168_7664,vase,1,1
n04522168_7691,vase,1,0
n04522168_7706,vase,1,3
n04522168_7709,vase,1,0
n04522168_7717,vase,1,2
n04522168_7718,vase,1,2
n04522168_7738,vase,1,0
n04522168_7742,vase,1,2
n04522168_7743,vase,1,0
n04522168_7744,vase,1,0
n04522168_7783,vase,1,1
n04522168_7808,vase,1,2
n04522168_7816,vase,1,4
n04522168_7819,vase,1,4
n04522168_7820,vase,1,4
n04522168_7822,vase,1,0
n04522168_7826,vase,1,0
n04522168_7854,vase,1,0
n04522168_7863,vase,1,1
n04522168_7879,vase,1,4
n04522168_7898,vase,1,1
n04522168_7911,vase,1,2
n04522168_7922,vase,1,2
n04522168_7967,vase,1,3
n04522168_7971,vase,1,3
n04522168_7979,vase,1,4
n04522168_7986,vase,1,1
n04522168_8020,vase,1,3
n04522168_8032,vase,1,1
n04522168_8034,vase,1,0
n04522168_8044,vase,1,0
n04522168_8057,vase,1,0
n04522168_8106,vase,1,4
n04522168_8114,vase,1,0
n04522168_8140,vase,1,2
n04522168_8146,vase,1,4
n04522168_8150,vase,1,3
n04522168_8167,vase,1,1
n04522168_8191,vase,1,4
n04522168_8210,vase,1,1
n04522168_8231,vase,1,1
n04522168_8247,vase,1,3
n04522168_8253,vase,1,0
n04522168_8264,vase,1,3
n04522168_8273,vase,1,4
n04522168_8284,vase,1,1
n04522168_8317,vase,1,1
n04522168_8330,vase,1,2
n04522168_8353,vase,1,1
n04522168_8354,vase,1,1
n04522168_8356,vase,1,0
n04522168_8399,vase,1,1
n04522168_8427,vase,1,0
n04522168_8429,vase,1,4
n04522168_8440,vase,1,4
n04522168_8441,vase,1,0
n04522168_8442,vase,1,3
n04522168_8470,vase,1,0
n04522168_8491,vase,1,2
n04522168_8497,vase,1,0
n04522168_8516,vase,1,0
n04522168_8523,vase,1,4
n04522168_8547,vase,1,1
n04522168_8606,vase,1,0
n04522168_8620,vase,1,0
n04522168_8635,vase,1,3
n04522168_8660,vase,1,2
n04522168_8683,vase,1,3
n04522168_8699,vase,1,3
n04522168_8712,vase,1,3
n04522168_8714,vase,1,3
n04522168_8718,vase,1,0
n04522168_8735,vase,1,4
n04522168_8736,vase,1,0
n04522168_8739,vase,1,0
n04522168_8783,vase,1,2
n04522168_8813,vase,1,2
n04522168_8827,vase,1,4
n04522168_8833,vase,1,0
n04522168_8901,vase,1,0
n04522168_8928,vase,1,4
n04522168_895,vase,1,0
n04522168_8963,vase,1,0
n04522168_8987,vase,1,1
n04522168_8988,vase,1,3
n04522168_9016,vase,1,3
n04522168_9053,vase,1,4
n04522168_9063,vase,1,1
n04522168_9067,vase,1,4
n04522168_9086,vase,1,0
n04522168_9096,vase,1,2
n04522168_9121,vase,1,0
n04522168_9140,vase,1,2
n04522168_9145,vase,1,4
n04522168_9148,vase,1,3
n04522168_9151,vase,1,3
n04522168_9174,vase,1,2
n04522168_9216,vase,1,1
n04522168_9222,vase,1,3
n04522168_9257,vase,1,2
n04522168_9281,vase,1,1
n04522168_929,vase,1,2
n04522168_9291,vase,1,3
n04522168_9327,vase,1,0
n04522168_9340,vase,1,4
n04522168_9369,vase,1,1
n04522168_9443,vase,1,4
n04522168_9467,vase,1,1
n04522168_9471,vase,1,3
n04522168_9487,vase,1,1
n04522168_9496,vase,1,1
n04522168_9505,vase,1,2
n04522168_951,vase,1,3
n04522168_9513,vase,1,1
n04522168_9517,vase,1,1
n04522168_9532,vase,1,1
n04522168_9545,vase,1,3
n04522168_9555,vase,1,0
n04522168_9563,vase,1,1
n04522168_9616,vase,1,4
n04522168_9649,vase,1,0
n04522168_9654,vase,1,3
n04522168_9670,vase,1,4
n04522168_9684,vase,1,3
n04522168_9693,vase,1,1
n04522168_9710,vase,1,4
n04522168_9717,vase,1,0
n04522168_9718,vase,1,3
n04522168_9736,vase,1,0
n04522168_9764,vase,1,1
n04522168_9774,vase,1,0
n04522168_9777,vase,1,3
n04522168_979,vase,1,1
n04522168_9801,vase,1,0
n04522168_9805,vase,1,0
n04522168_9824,vase,1,4
n04522168_9829,vase,1,1
n04522168_9856,vase,1,4
n04522168_9858,vase,1,2
n04522168_9912,vase,1,0
n04522168_9929,vase,1,0
n04522168_9930,vase,1,3
n04522168_9932,vase,1,0
n04522168_9934,vase,1,3
n04522168_9946,vase,1,4
n04522168_9957,vase,1,1
n04522168_9963,vase,1,4
n04522168_9997,vase,1,1
n07590611_1,hotpot,1,2
n07590611_10019,hotpot,1,1
n07590611_10068,hotpot,1,1
n07590611_10109,hotpot,1,0
n07590611_1011,hotpot,1,4
n07590611_10126,hotpot,1,1
n07590611_10139,hotpot,1,3
n07590611_1014,hotpot,1,0
n07590611_10158,hotpot,1,0
n07590611_1016,hotpot,1,1
n07590611_10194,hotpot,1,2
n07590611_10233,hotpot,1,2
n07590611_10262,hotpot,1,4
n07590611_10268,hotpot,1,2
n07590611_10299,hotpot,1,1
n07590611_1031,hotpot,1,2
n07590611_10312,hotpot,1,1
n07590611_10336,hotpot,1,1
n07590611_10340,hotpot,1,0
n07590611_10341,hotpot,1,0
n07590611_1038,hotpot,1,3
n07590611_1042,hotpot,1,4
n07590611_10453,hotpot,1,2
n07590611_10455,hotpot,1,0
n07590611_10471,hotpot,1,0
n07590611_10504,hotpot,1,1
n07590611_10516,hotpot,1,3
n07590611_10531,hotpot,1,0
n07590611_1055,hotpot,1,0
n07590611_10558,hotpot,1,3
n07590611_10571,hotpot,1,1
n07590611_10580,hotpot,1,0
n07590611_1061,hotpot,1,4
n07590611_10633,hotpot,1,3
n07590611_1064,hotpot,1,3
n07590611_10657,hotpot,1,3
n07590611_10669,hotpot,1,1
n07590611_1067,hotpot,1,1
n07590611_10679,hotpot,1,0
n07590611_10684,hotpot,1,0
n07590611_10697,hotpot,1,4
n07590611_10705,hotpot,1,3
n07590611_10713,hotpot,1,0
n07590611_10731,hotpot,1,2
n07590611_10763,hotpot,1,1
n07590611_10765,hotpot,1,3
n07590611_10775,hotpot,1,2
n07590611_10786,hotpot,1,2
n07590611_10787,hotpot,1,1
n07590611_10813,hotpot,1,0
n07590611_1083,hotpot,1,3
n07590611_10848,hotpot,1,3
n07590611_10901,hotpot,1,4
n07590611_10960,hotpot,1,0
n07590611_10987,hotpot,1,3
n07590611_11016,hotpot,1,2
n07590611_1105,hotpot,1,3
n07590611_11071,hotpot,1,3
n07590611_11089,hotpot,1,2
n07590611_11092,hotpot,1,4
n07590611_11102,hotpot,1,0
n07590611_11106,hotpot,1,1
n07590611_11108,hotpot,1,4
n07590611_11113,hotpot,1,0
n07590611_11129,hotpot,1,4
n07590611_11131,hotpot,1,3
n07590611_11132,hotpot,1,2
n07590611_11137,hotpot,1,4
n07590611_1116,hotpot,1,2
n07590611_11208,hotpot,1,3
n07590611_1121,hotpot,1,0
n07590611_1124,hotpot,1,2
n07590611_11242,hotpot,1,4
n07590611_11245,hotpot,1,1
n07590611_11249,hotpot,1,1
n07590611_11251,hotpot,1,1
n07590611_11258,hotpot,1,1
n07590611_11275,hotpot,1,1
n07590611_11289,hotpot,1,3
n07590611_11292,hotpot,1,2
n07590611_11331,hotpot,1,4
n07590611_11344,hotpot,1,0
n07590611_11345,hotpot,1,3
n07590611_11356,hotpot,1,4
n07590611_11363,hotpot,1,3
n07590611_11374,hotpot,1,0
n07590611_11384,hotpot,1,2
n07590611_11416,hotpot,1,2
n07590611_11441,hotpot,1,0
n07590611_11446,hotpot,1,0
n07590611_11459,hotpot,1,2
n07590611_11465,hotpot,1,3
n07590611_11501,hotpot,1,4
n07590611_11504,hotpot,1,4
n07590611_11506,hotpot,1,2
n07590611_11531,hotpot,1,4
n07590611_11542,hotpot,1,2
n07590611_11549,hotpot,1,0
n07590611_11550,hotpot,1,0
n07590611_11561,hotpot,1,2
n07590611_11597,hotpot,1,0
n07590611_11607,hotpot,1,1
n07590611_11613,hotpot,1,3
n07590611_11637,hotpot,1,2
n07590611_11639,hotpot,1,4
n07590611_11672,hotpot,1,1
n07590611_11680,hotpot,1,4
n07590611_11704,hotpot,1,1
n07590611_11748,hotpot,1,0
n07590611_11764,hotpot,1,2
n07590611_11790,hotpot,1,3
n07590611_11792,hotpot,1,2
n07590611_11798,hotpot,1,0
n07590611_11804,hotpot,1,3
n07590611_11808,hotpot,1,3
n07590611_11818,hotpot,1,1
n07590611_11826,hotpot,1,2
n07590611_11827,hotpot,1,1
n07590611_11831,hotpot,1,3
n07590611_11842,hotpot,1,1
n07590611_11867,hotpot,1,3
n07590611_1188,hotpot,1,4
n07590611_11883,hotpot,1,0
n07590611_11891,hotpot,1,4
n07590611_11892,hotpot,1,2
n07590611_1190,hotpot,1,0
n07590611_11900,hotpot,1,3
n07590611_11905,hotpot,1,4
n07590611_11912,hotpot,1,1
n07590611_11918,hotpot,1,2
n07590611_11944,hotpot,1,0
n07590611_11957,hotpot,1,4
n07590611_11968,hotpot,1,0
n07590611_11999,hotpot,1,3
n07590611_12022,hotpot,1,2
n07590611_12044,hotpot,1,4
n07590611_12055,hotpot,1,0
n07590611_12088,hotpot,1,0
n07590611_12104,hotpot,1,2
n07590611_12110,hotpot,1,0
n07590611_12151,hotpot,1,4
n07590611_12157,hotpot,1,2
n07590611_1216,hotpot,1,3
n07590611_12177,hotpot,1,4
n07590611_12185,hotpot,1,1
n07590611_12203,hotpot,1,3
n07590611_12209,hotpot,1,4
n07590611_12232,hotpot,1,3
n07590611_12237,hotpot,1,1
n07590611_12242,hotpot,1,2
n07590611_12249,hotpot,1,1
n07590611_12293,hotpot,1,4
n07590611_12315,hotpot,1,2
n07590611_12349,hotpot,1,0
n07590611_12379,hotpot,1,0
n07590611_1238,hotpot,1,0
n07590611_12394,hotpot,1,2
n07590611_12466,hotpot,1,4
n07590611_12475,hotpot,1,0
n07590611_12493,hotpot,1,2
n07590611_12494,hotpot,1,4
n07590611_12514,hotpot,1,1
n07590611_12516,hotpot,1,0
n07590611_12522,hotpot,1,4
n07590611_12535,hotpot,1,1
n07590611_1255,hotpot,1,2
n07590611_12596,hotpot,1,1
n07590611_12609,hotpot,1,3
n07590611_1261,hotpot,1,4
n07590611_12621,hotpot,1,0
n07590611_12626,hotpot,1,4
n07590611_12633,hotpot,1,1
n07590611_12660,hotpot,1,3
n07590611_12697,hotpot,1,2
n07590611_12707,hotpot,1,4
n07590611_12732,hotpot,1,2
n07590611_12740,hotpot,1,3
n07590611_12787,hotpot,1,3
n07590611_12800,hotpot,1,0
n07590611_1282,hotpot,1,1
n07590611_12821,hotpot,1,0
n07590611_12825,hotpot,1,0
n07590611_12852,hotpot,1,3
n07590611_12857,hotpot,1,4
n07590611_12871,hotpot,1,0
n07590611_12888,hotpot,1,3
n07590611_12913,hotpot,1,1
n07590611_12918,hotpot,1,3
n07590611_12949,hotpot,1,4
n07590611_12962,hotpot,1,2
n07590611_12993,hotpot,1,3
n07590611_12995,hotpot,1,2
n07590611_13,hotpot,1,2
n07590611_13013,hotpot,1,3
n07590611_13043,hotpot,1,0
n07590611_13057,hotpot,1,3
n07590611_13061,hotpot,1,2
n07590611_13066,hotpot,1,4
n07590611_13078,hotpot,1,1
n07590611_13080,hotpot,1,2
n07590611_13083,hotpot,1,3
n07590611_13089,hotpot,1,2
n07590611_13108,hotpot,1,2
n07590611_13127,hotpot,1,3
n07590611_13196,hotpot,1,2
n07590611_13212,hotpot,1,1
n07590611_1322,hotpot,1,2
n07590611_13234,hotpot,1,0
n07590611_13236,hotpot,1,0
n07590611_13243,hotpot,1,0
n07590611_1329,hotpot,1,2
n07590611_13292,hotpot,1,0
n07590611_133,hotpot,1,1
n07590611_13302,hotpot,1,3
n07590611_13320,hotpot,1,3
n07590611_13339,hotpot,1,0
n07590611_13348,hotpot,1,3
n07590611_13354,hotpot,1,0
n07590611_13358,hotpot,1,0
n07590611_13435,hotpot,1,0
n07590611_13442,hotpot,1,1
n07590611_13450,hotpot,1,2
n07590611_13467,hotpot,1,4
n07590611_13475,hotpot,1,4
n07590611_13514,hotpot,1,4
n07590611_13522,hotpot,1,3
n07590611_13529,hotpot,1,1
n07590611_13531,hotpot,1,4
n07590611_13547,hotpot,1,0
n07590611_13558,hotpot,1,0
n07590611_13579,hotpot,1,1
n07590611_13589,hotpot,1,3
n07590611_13595,hotpot,1,0
n07590611_13647,hotpot,1,4
n07590611_13650,hotpot,1,4
n07590611_13678,hotpot,1,2
n07590611_13681,hotpot,1,1
n07590611_13718,hotpot,1,3
n07590611_13722,hotpot,1,3
n07590611_13732,hotpot,1,4
n07590611_1374,hotpot,1,1
n07590611_13741,hotpot,1,4
n07590611_1376,hotpot,1,0
n07590611_13761,hotpot,1,1
n07590611_1377,hotpot,1,2
n07590611_13775,hotpot,1,1
n07590611_13780,hotpot,1,0
n07590611_13805,hotpot,1,1
n07590611_13827,hotpot,1,4
n07590611_1383,hotpot,1,0
n07590611_13840,hotpot,1,4
n07590611_13847,hotpot,1,1
n07590611_13886,hotpot,1,2
n07590611_13889,hotpot,1,1
n07590611_13903,hotpot,1,0
n07590611_13916,hotpot,1,0
n07590611_13922,hotpot,1,3
n07590611_13927,hotpot,1,4
n07590611_13928,hotpot,1,2
n07590611_1394,hotpot,1,4
n07590611_13940,hotpot,1,2
n07590611_1399,hotpot,1,1
n07590611_13991,hotpot,1,2
n07590611_14028,hotpot,1,1
n07590611_14031,hotpot,1,1
n07590611_1407,hotpot,1,4
n07590611_14073,hotpot,1,3
n07590611_14107,hotpot,1,2
n07590611_14150,hotpot,1,3
n07590611_14229,hotpot,1,4
n07590611_14248,hotpot,1,1
n07590611_14255,hotpot,1,4
n07590611_14322,hotpot,1,2
n07590611_14369,hotpot,1,3
n07590611_14370,hotpot,1,4
n07590611_14392,hotpot,1,1
n07590611_14396,hotpot,1,2
n07590611_1443,hotpot,1,1
n07590611_14436,hotpot,1,4
n07590611_14465,hotpot,1,4
n07590611_14493,hotpot,1,4
n07590611_14508,hotpot,1,2
n07590611_14527,hotpot,1,4
n07590611_14533,hotpot,1,0
n07590611_1459,hotpot,1,4
n07590611_14604,hotpot,1,0
n07590611_14606,hotpot,1,1
n07590611_14617,hotpot,1,3
n07590611_14624,hotpot,1,3
n07590611_14628,hotpot,1,2
n07590611_14651,hotpot,1,4
n07590611_14652,hotpot,1,1
n07590611_1466,hotpot,1,1
n07590611_14675,hotpot,1,3
n07590611_14731,hotpot,1,0
n07590611_14736,hotpot,1,0
n07590611_14760,hotpot,1,1
n07590611_14775,hotpot,1,2
n07590611_14788,hotpot,1,1
n07590611_14808,hotpot,1,1
n07590611_14828,hotpot,1,0
n07590611_1483,hotpot,1,4
n07590611_1486,hotpot,1,1
n07590611_14860,hotpot,1,4
n07590611_14862,hotpot,1,2
n07590611_14871,hotpot,1,2
n07590611_14906,hotpot,1,2
n07590611_1494,hotpot,1,4
n07590611_1495,hotpot,1,1
n07590611_1496,hotpot,1,1
n07590611_14981,hotpot,1,2
n07590611_1500,hotpot,1,0
n07590611_15040,hotpot,1,0
n07590611_1505,hotpot,1,4
n07590611_1506,hotpot,1,1
n07590611_15090,hotpot,1,1
n07590611_151,hotpot,1,2
n07590611_15113,hotpot,1,3
n07590611_15135,hotpot,1,4
n07590611_1516,hotpot,1,0
n07590611_1517,hotpot,1,4
n07590611_15226,hotpot,1,1
n07590611_1524,hotpot,1,1
n07590611_15243,hotpot,1,1
n07590611_15254,hotpot,1,2
n07590611_15269,hotpot,1,3
n07590611_15305,hotpot,1,2
n07590611_15321,hotpot,1,3
n07590611_1536,hotpot,1,2
n07590611_1537,hotpot,1,1
n07590611_15396,hotpot,1,0
n07590611_15432,hotpot,1,4
n07590611_15480,hotpot,1,0
n07590611_15492,hotpot,1,4
n07590611_15508,hotpot,1,0
n07590611_15529,hotpot,1,1
n07590611_15534,hotpot,1,2
n07590611_15738,hotpot,1,0
n07590611_15757,hotpot,1,3
n07590611_1576,hotpot,1,3
n07590611_158,hotpot,1,2
n07590611_15804,hotpot,1,0
n07590611_15812,hotpot,1,0
n07590611_15858,hotpot,1,0
n07590611_15873,hotpot,1,0
n07590611_1596,hotpot,1,4
n07590611_15985,hotpot,1,3
n07590611_16009,hotpot,1,3
n07590611_1602,hotpot,1,1
n07590611_16034,hotpot,1,0
n07590611_16054,hotpot,1,4
n07590611_16059,hotpot,1,0
n07590611_16083,hotpot,1,2
n07590611_16089,hotpot,1,0
n07590611_16095,hotpot,1,3
n07590611_16157,hotpot,1,3
n07590611_16159,hotpot,1,2
n07590611_16216,hotpot,1,4
n07590611_16336,hotpot,1,0
n07590611_16338,hotpot,1,4
n07590611_16398,hotpot,1,1
n07590611_16404,hotpot,1,2
n07590611_16410,hotpot,1,2
n07590611_16422,hotpot,1,3
n07590611_16429,hotpot,1,2
n07590611_16457,hotpot,1,2
n07590611_1648,hotpot,1,3
n07590611_16510,hotpot,1,1
n07590611_1655,hotpot,1,1
n07590611_16607,hotpot,1,1
n07590611_16706,hotpot,1,0
n07590611_16707,hotpot,1,1
n07590611_16718,hotpot,1,0
n07590611_1672,hotpot,1,1
n07590611_16742,hotpot,1,0
n07590611_16771,hotpot,1,4
n07590611_16792,hotpot,1,1
n07590611_16813,hotpot,1,2
n07590611_16820,hotpot,1,4
n07590611_16884,hotpot,1,4
n07590611_16979,hotpot,1,3
n07590611_17003,hotpot,1,2
n07590611_17044,hotpot,1,3
n07590611_1705,hotpot,1,4
n07590611_17087,hotpot,1,2
n07590611_17194,hotpot,1,0
n07590611_17198,hotpot,1,1
n07590611_17199,hotpot,1,2
n07590611_17257,hotpot,1,2
n07590611_17361,hotpot,1,4
n07590611_17364,hotpot,1,0
n07590611_17389,hotpot,1,1
n07590611_17411,hotpot,1,2
n07590611_17422,hotpot,1,0
n07590611_17485,hotpot,1,0
n07590611_1750,hotpot,1,1
n07590611_17507,hotpot,1,4
n07590611_17540,hotpot,1,2
n07590611_17557,hotpot,1,2
n07590611_17560,hotpot,1,0
n07590611_17634,hotpot,1,1
n07590611_17675,hotpot,1,4
n07590611_17763,hotpot,1,1
n07590611_17807,hotpot,1,1
n07590611_1785,hotpot,1,1
n07590611_17866,hotpot,1,3
n07590611_1789,hotpot,1,2
n07590611_17894,hotpot,1,1
n07590611_17896,hotpot,1,0
n07590611_17912,hotpot,1,4
n07590611_17948,hotpot,1,1
n07590611_17949,hotpot,1,4
n07590611_17959,hotpot,1,4
n07590611_18022,hotpot,1,4
n07590611_18060,hotpot,1,3
n07590611_18076,hotpot,1,2
n07590611_18083,hotpot,1,1
n07590611_1809,hotpot,1,2
n07590611_18149,hotpot,1,3
n07590611_18151,hotpot,1,3
n07590611_18177,hotpot,1,1
n07590611_18195,hotpot,1,3
n07590611_182,hotpot,1,3
n07590611_18225,hotpot,1,4
n07590611_18238,hotpot,1,0
n07590611_183,hotpot,1,4
n07590611_18309,hotpot,1,0
n07590611_18312,hotpot,1,0
n07590611_18342,hotpot,1,2
n07590611_1835,hotpot,1,1
n07590611_1837,hotpot,1,0
n07590611_18436,hotpot,1,0
n07590611_18450,hotpot,1,0
n07590611_1852,hotpot,1,0
n07590611_18552,hotpot,1,0
n07590611_18740,hotpot,1,1
n07590611_18741,hotpot,1,1
n07590611_18757,hotpot,1,0
n07590611_18823,hotpot,1,3
n07590611_18855,hotpot,1,3
n07590611_1888,hotpot,1,3
n07590611_1890,hotpot,1,3
n07590611_18920,hotpot,1,2
n07590611_18951,hotpot,1,3
n07590611_19052,hotpot,1,3
n07590611_19063,hotpot,1,2
n07590611_19068,hotpot,1,3
n07590611_19069,hotpot,1,4
n07590611_19100,hotpot,1,1
n07590611_19144,hotpot,1,1
n07590611_19166,hotpot,1,3
n07590611_1919,hotpot,1,2
n07590611_19196,hotpot,1,1
n07590611_19226,hotpot,1,3
n07590611_19244,hotpot,1,2
n07590611_1935,hotpot,1,0
n07590611_19363,hotpot,1,2
n07590611_19407,hotpot,1,1
n07590611_19425,hotpot,1,4
n07590611_19427,hotpot,1,2
n07590611_19455,hotpot,1,4
n07590611_19468,hotpot,1,1
n07590611_1949,hotpot,1,0
n07590611_19541,hotpot,1,0
n07590611_19551,hotpot,1,2
n07590611_19556,hotpot,1,4
n07590611_19565,hotpot,1,0
n07590611_1963,hotpot,1,1
n07590611_19639,hotpot,1,0
n07590611_19663,hotpot,1,1
n07590611_1973,hotpot,1,1
n07590611_19771,hotpot,1,4
n07590611_19809,hotpot,1,4
n07590611_19893,hotpot,1,2
n07590611_19940,hotpot,1,2
n07590611_19947,hotpot,1,3
n07590611_19963,hotpot,1,0
n07590611_19980,hotpot,1,4
n07590611_20012,hotpot,1,2
n07590611_20102,hotpot,1,1
n07590611_20152,hotpot,1,3
n07590611_20166,hotpot,1,0
n07590611_20173,hotpot,1,3
n07590611_20180,hotpot,1,2
n07590611_20257,hotpot,1,2
n07590611_20297,hotpot,1,1
n07590611_20299,hotpot,1,3
n07590611_20318,hotpot,1,1
n07590611_20349,hotpot,1,2
n07590611_20364,hotpot,1,2
n07590611_20369,hotpot,1,2
n07590611_20371,hotpot,1,4
n07590611_20454,hotpot,1,3
n07590611_20477,hotpot,1,0
n07590611_20483,hotpot,1,0
n07590611_20547,hotpot,1,3
n07590611_20596,hotpot,1,0
n07590611_20602,hotpot,1,1
n07590611_20659,hotpot,1,3
n07590611_2066,hotpot,1,1
n07590611_20688,hotpot,1,1
n07590611_20705,hotpot,1,0
n07590611_20758,hotpot,1,2
n07590611_20764,hotpot,1,2
n07590611_20766,hotpot,1,1
n07590611_20784,hotpot,1,2
n07590611_20793,hotpot,1,3
n07590611_2084,hotpot,1,0
n07590611_20842,hotpot,1,0
n07590611_20876,hotpot,1,1
n07590611_20881,hotpot,1,4
n07590611_20901,hotpot,1,4
n07590611_20905,hotpot,1,4
n07590611_20911,hotpot,1,1
n07590611_20969,hotpot,1,1
n07590611_21016,hotpot,1,4
n07590611_21035,hotpot,1,2
n07590611_21085,hotpot,1,4
n07590611_21091,hotpot,1,4
n07590611_21112,hotpot,1,4
n07590611_21282,hotpot,1,2
n07590611_21305,hotpot,1,4
n07590611_21339,hotpot,1,1
n07590611_21352,hotpot,1,4
n07590611_21463,hotpot,1,0
n07590611_2151,hotpot,1,1
n07590611_21517,hotpot,1,4
n07590611_21542,hotpot,1,0
n07590611_21544,hotpot,1,1
n07590611_21570,hotpot,1,4
n07590611_21595,hotpot,1,1
n07590611_21596,hotpot,1,4
n07590611_21649,hotpot,1,4
n07590611_21666,hotpot,1,4
n07590611_21690,hotpot,1,4
n07590611_2175,hotpot,1,1
n07590611_21810,hotpot,1,3
n07590611_21878,hotpot,1,3
n07590611_21895,hotpot,1,2
n07590611_219,hotpot,1,4
n07590611_21914,hotpot,1,0
n07590611_21950,hotpot,1,4
n07590611_21963,hotpot,1,0
n07590611_21968,hotpot,1,1
n07590611_22034,hotpot,1,1
n07590611_22056,hotpot,1,4
n07590611_22080,hotpot,1,4
n07590611_22119,hotpot,1,2
n07590611_22144,hotpot,1,1
n07590611_2223,hotpot,1,0
n07590611_22269,hotpot,1,3
n07590611_2228,hotpot,1,4
n07590611_22306,hotpot,1,1
n07590611_22331,hotpot,1,4
n07590611_2238,hotpot,1,3
n07590611_22416,hotpot,1,1
n07590611_22556,hotpot,1,3
n07590611_22564,hotpot,1,0
n07590611_2257,hotpot,1,2
n07590611_2274,hotpot,1,2
n07590611_22790,hotpot,1,3
n07590611_22804,hotpot,1,2
n07590611_22813,hotpot,1,3
n07590611_22841,hotpot,1,2
n07590611_22912,hotpot,1,3
n07590611_22939,hotpot,1,1
n07590611_23013,hotpot,1,1
n07590611_23058,hotpot,1,3
n07590611_23060,hotpot,1,2
n07590611_23084,hotpot,1,2
n07590611_23121,hotpot,1,1
n07590611_23159,hotpot,1,0
n07590611_23264,hotpot,1,4
n07590611_23267,hotpot,1,4
n07590611_2328,hotpot,1,1
n07590611_23287,hotpot,1,2
n07590611_23293,hotpot,1,4
n07590611_23328,hotpot,1,3
n07590611_23331,hotpot,1,2
n07590611_2337,hotpot,1,3
n07590611_23394,hotpot,1,3
n07590611_23429,hotpot,1,3
n07590611_23453,hotpot,1,3
n07590611_23486,hotpot,1,2
n07590611_2351,hotpot,1,2
n07590611_23593,hotpot,1,4
n07590611_23645,hotpot,1,4
n07590611_23660,hotpot,1,2
n07590611_23743,hotpot,1,1
n07590611_23761,hotpot,1,3
n07590611_23833,hotpot,1,1
n07590611_23880,hotpot,1,0
n07590611_23931,hotpot,1,2
n07590611_23942,hotpot,1,3
n07590611_23967,hotpot,1,4
n07590611_24028,hotpot,1,2
n07590611_24040,hotpot,1,3
n07590611_24041,hotpot,1,3
n07590611_24110,hotpot,1,3
n07590611_2422,hotpot,1,0
n07590611_24255,hotpot,1,1
n07590611_2436,hotpot,1,2
n07590611_24414,hotpot,1,1
n07590611_24553,hotpot,1,2
n07590611_24573,hotpot,1,3
n07590611_24587,hotpot,1,3
n07590611_24628,hotpot,1,0
n07590611_24635,hotpot,1,0
n07590611_2465,hotpot,1,2
n07590611_24676,hotpot,1,3
n07590611_24735,hotpot,1,3
n07590611_24747,hotpot,1,2
n07590611_24748,hotpot,1,1
n07590611_24749,hotpot,1,3
n07590611_24752,hotpot,1,0
n07590611_24775,hotpot,1,1
n07590611_24822,hotpot,1,0
n07590611_2491,hotpot,1,3
n07590611_2498,hotpot,1,4
n07590611_2504,hotpot,1,3
n07590611_2517,hotpot,1,2
n07590611_2524,hotpot,1,0
n07590611_2547,hotpot,1,4
n07590611_2549,hotpot,1,4
n07590611_2551,hotpot,1,2
n07590611_2558,hotpot,1,1
n07590611_2572,hotpot,1,3
n07590611_2581,hotpot,1,4
n07590611_2594,hotpot,1,4
n07590611_2630,hotpot,1,4
n07590611_2657,hotpot,1,3
n07590611_2786,hotpot,1,2
n07590611_2796,hotpot,1,0
n07590611_2830,hotpot,1,0
n07590611_2839,hotpot,1,0
n07590611_2843,hotpot,1,4
n07590611_2849,hotpot,1,1
n07590611_2856,hotpot,1,4
n07590611_2860,hotpot,1,2
n07590611_2867,hotpot,1,2
n07590611_2871,hotpot,1,3
n07590611_2886,hotpot,1,1
n07590611_2904,hotpot,1,1
n07590611_2917,hotpot,1,2
n07590611_2926,hotpot,1,1
n07590611_2932,hotpot,1,3
n07590611_2963,hotpot,1,3
n07590611_2965,hotpot,1,0
n07590611_3001,hotpot,1,2
n07590611_3018,hotpot,1,4
n07590611_3026,hotpot,1,3
n07590611_3028,hotpot,1,1
n07590611_3038,hotpot,1,4
n07590611_3061,hotpot,1,4
n07590611_3072,hotpot,1,0
n07590611_3082,hotpot,1,4
n07590611_3126,hotpot,1,3
n07590611_3129,hotpot,1,0
n07590611_3135,hotpot,1,0
n07590611_3155,hotpot,1,2
n07590611_3158,hotpot,1,3
n07590611_3179,hotpot,1,2
n07590611_3195,hotpot,1,1
n07590611_322,hotpot,1,2
n07590611_3222,hotpot,1,0
n07590611_3262,hotpot,1,2
n07590611_3270,hotpot,1,0
n07590611_3297,hotpot,1,2
n07590611_3321,hotpot,1,3
n07590611_3343,hotpot,1,2
n07590611_3352,hotpot,1,0
n07590611_3357,hotpot,1,3
n07590611_3359,hotpot,1,4
n07590611_3385,hotpot,1,0
n07590611_3398,hotpot,1,3
n07590611_3439,hotpot,1,1
n07590611_3469,hotpot,1,4
n07590611_3470,hotpot,1,0
n07590611_3485,hotpot,1,4
n07590611_3510,hotpot,1,3
n07590611_3521,hotpot,1,1
n07590611_3535,hotpot,1,1
n07590611_3565,hotpot,1,4
n07590611_3575,hotpot,1,1
n07590611_3582,hotpot,1,0
n07590611_3587,hotpot,1,2
n07590611_3594,hotpot,1,3
n07590611_3603,hotpot,1,2
n07590611_3616,hotpot,1,4
n07590611_3629,hotpot,1,1
n07590611_365,hotpot,1,4
n07590611_3666,hotpot,1,2
n07590611_3673,hotpot,1,4
n07590611_3677,hotpot,1,3
n07590611_371,hotpot,1,0
n07590611_3714,hotpot,1,0
n07590611_3724,hotpot,1,4
n07590611_3745,hotpot,1,3
n07590611_3746,hotpot,1,3
n07590611_3747,hotpot,1,3
n07590611_3764,hotpot,1,3
n07590611_3775,hotpot,1,4
n07590611_3788,hotpot,1,3
n07590611_3812,hotpot,1,0
n07590611_3814,hotpot,1,0
n07590611_3841,hotpot,1,4
n07590611_3874,hotpot,1,3
n07590611_3893,hotpot,1,2
n07590611_3898,hotpot,1,0
n07590611_390,hotpot,1,4
n07590611_3900,hotpot,1,3
n07590611_3917,hotpot,1,4
n07590611_3962,hotpot,1,4
n07590611_3994,hotpot,1,2
n07590611_3999,hotpot,1,3
n07590611_4010,hotpot,1,4
n07590611_4057,hotpot,1,4
n07590611_4066,hotpot,1,0
n07590611_4095,hotpot,1,0
n07590611_4104,hotpot,1,2
n07590611_4143,hotpot,1,2
n07590611_4158,hotpot,1,3
n07590611_4170,hotpot,1,3
n07590611_4215,hotpot,1,0
n07590611_4272,hotpot,1,3
n07590611_4292,hotpot,1,4
n07590611_4302,hotpot,1,0
n07590611_4341,hotpot,1,3
n07590611_4379,hotpot,1,1
n07590611_4404,hotpot,1,1
n07590611_4429,hotpot,1,1
n07590611_4440,hotpot,1,1
n07590611_45,hotpot,1,2
n07590611_4524,hotpot,1,2
n07590611_4537,hotpot,1,3
n07590611_4547,hotpot,1,4
n07590611_4549,hotpot,1,3
n07590611_4550,hotpot,1,0
n07590611_4574,hotpot,1,0
n07590611_4592,hotpot,1,2
n07590611_4605,hotpot,1,1
n07590611_4641,hotpot,1,3
n07590611_4657,hotpot,1,2
n07590611_4672,hotpot,1,1
n07590611_4680,hotpot,1,0
n07590611_4700,hotpot,1,3
n07590611_4714,hotpot,1,1
n07590611_4738,hotpot,1,0
n07590611_4749,hotpot,1,4
n07590611_4848,hotpot,1,3
n07590611_4860,hotpot,1,1
n07590611_4863,hotpot,1,2
n07590611_4893,hotpot,1,3
n07590611_4896,hotpot,1,1
n07590611_4915,hotpot,1,3
n07590611_4922,hotpot,1,0
n07590611_4931,hotpot,1,4
n07590611_4938,hotpot,1,1
n07590611_4966,hotpot,1,3
n07590611_4992,hotpot,1,1
n07590611_5001,hotpot,1,3
n07590611_5010,hotpot,1,4
n07590611_5011,hotpot,1,0
n07590611_5040,hotpot,1,3
n07590611_5060,hotpot,1,4
n07590611_5084,hotpot,1,3
n07590611_5089,hotpot,1,4
n07590611_5092,hotpot,1,3
n07590611_5093,hotpot,1,0
n07590611_5126,hotpot,1,1
n07590611_5139,hotpot,1,2
n07590611_5149,hotpot,1,2
n07590611_5171,hotpot,1,1
n07590611_5181,hotpot,1,1
n07590611_5192,hotpot,1,4
n07590611_5253,hotpot,1,4
n07590611_5262,hotpot,1,3
n07590611_5275,hotpot,1,1
n07590611_5277,hotpot,1,2
n07590611_528,hotpot,1,0
n07590611_5309,hotpot,1,3
n07590611_5310,hotpot,1,4
n07590611_5329,hotpot,1,1
n07590611_5335,hotpot,1,2
n07590611_535,hotpot,1,2
n07590611_5364,hotpot,1,2
n07590611_5369,hotpot,1,3
n07590611_5382,hotpot,1,2
n07590611_5387,hotpot,1,0
n07590611_5395,hotpot,1,1
n07590611_5396,hotpot,1,2
n07590611_5411,hotpot,1,3
n07590611_5421,hotpot,1,0
n07590611_5429,hotpot,1,2
n07590611_5441,hotpot,1,0
n07590611_5442,hotpot,1,4
n07590611_5462,hotpot,1,4
n07590611_548,hotpot,1,4
n07590611_5480,hotpot,1,3
n07590611_5483,hotpot,1,0
n07590611_5497,hotpot,1,1
n07590611_5508,hotpot,1,1
n07590611_5523,hotpot,1,0
n07590611_5524,hotpot,1,1
n07590611_5532,hotpot,1,0
n07590611_5581,hotpot,1,1
n07590611_5614,hotpot,1,3
n07590611_5637,hotpot,1,2
n07590611_5671,hotpot,1,4
n07590611_5681,hotpot,1,0
n07590611_569,hotpot,1,4
n07590611_573,hotpot,1,3
n07590611_5743,hotpot,1,3
n07590611_5754,hotpot,1,1
n07590611_5757,hotpot,1,3
n07590611_5761,hotpot,1,1
n07590611_5762,hotpot,1,4
n07590611_5768,hotpot,1,3
n07590611_5771,hotpot,1,4
n07590611_5774,hotpot,1,3
n07590611_5776,hotpot,1,2
n07590611_5778,hotpot,1,2
n07590611_5785,hotpot,1,3
n07590611_5813,hotpot,1,2
n07590611_5824,hotpot,1,2
n07590611_5843,hotpot,1,1
n07590611_5844,hotpot,1,0
n07590611_5849,hotpot,1,3
n07590611_585,hotpot,1,1
n07590611_5856,hotpot,1,1
n07590611_5863,hotpot,1,4
n07590611_5869,hotpot,1,0
n07590611_5874,hotpot,1,4
n07590611_5890,hotpot,1,2
n07590611_590,hotpot,1,4
n07590611_5904,hotpot,1,2
n07590611_5909,hotpot,1,4
n07590611_5914,hotpot,1,2
n07590611_5920,hotpot,1,2
n07590611_5923,hotpot,1,3
n07590611_595,hotpot,1,1
n07590611_5969,hotpot,1,1
n07590611_597,hotpot,1,4
n07590611_5972,hotpot,1,3
n07590611_5989,hotpot,1,4
n07590611_5993,hotpot,1,3
n07590611_60,hotpot,1,2
n07590611_6005,hotpot,1,0
n07590611_6014,hotpot,1,1
n07590611_6034,hotpot,1,3
n07590611_6062,hotpot,1,2
n07590611_6065,hotpot,1,2
n07590611_6069,hotpot,1,4
n07590611_6072,hotpot,1,0
n07590611_6075,hotpot,1,3
n07590611_6084,hotpot,1,0
n07590611_612,hotpot,1,4
n07590611_6136,hotpot,1,2
n07590611_6137,hotpot,1,1
n07590611_6139,hotpot,1,0
n07590611_6146,hotpot,1,3
n07590611_6148,hotpot,1,0
n07590611_6154,hotpot,1,4
n07590611_6165,hotpot,1,0
n07590611_6185,hotpot,1,4
n07590611_6194,hotpot,1,4
n07590611_6212,hotpot,1,0
n07590611_6246,hotpot,1,2
n07590611_6255,hotpot,1,2
n07590611_6263,hotpot,1,1
n07590611_6274,hotpot,1,1
n07590611_6298,hotpot,1,3
n07590611_6299,hotpot,1,0
n07590611_630,hotpot,1,0
n07590611_6318,hotpot,1,1
n07590611_6340,hotpot,1,4
n07590611_6344,hotpot,1,2
n07590611_6354,hotpot,1,0
n07590611_6360,hotpot,1,3
n07590611_6363,hotpot,1,1
n07590611_6371,hotpot,1,2
n07590611_6423,hotpot,1,3
n07590611_6429,hotpot,1,4
n07590611_6438,hotpot,1,3
n07590611_6447,hotpot,1,0
n07590611_6458,hotpot,1,3
n07590611_6461,hotpot,1,3
n07590611_6495,hotpot,1,0
n07590611_6530,hotpot,1,1
n07590611_6533,hotpot,1,2
n07590611_6555,hotpot,1,1
n07590611_6559,hotpot,1,1
n07590611_6563,hotpot,1,3
n07590611_6577,hotpot,1,0
n07590611_6618,hotpot,1,2
n07590611_6624,hotpot,1,4
n07590611_6648,hotpot,1,4
n07590611_6653,hotpot,1,1
n07590611_6679,hotpot,1,3
n07590611_6718,hotpot,1,4
n07590611_6725,hotpot,1,0
n07590611_6785,hotpot,1,3
n07590611_6789,hotpot,1,3
n07590611_6825,hotpot,1,1
n07590611_6848,hotpot,1,2
n07590611_6853,hotpot,1,1
n07590611_6864,hotpot,1,3
n07590611_6883,hotpot,1,2
n07590611_6887,hotpot,1,1
n07590611_6905,hotpot,1,3
n07590611_6930,hotpot,1,2
n07590611_6939,hotpot,1,1
n07590611_6975,hotpot,1,1
n07590611_6985,hotpot,1,4
n07590611_6987,hotpot,1,1
n07590611_6991,hotpot,1,1
n07590611_700,hotpot,1,3
n07590611_7004,hotpot,1,4
n07590611_7021,hotpot,1,2
n07590611_7022,hotpot,1,4
n07590611_7056,hotpot,1,1
n07590611_706,hotpot,1,4
n07590611_7108,hotpot,1,1
n07590611_7149,hotpot,1,4
n07590611_7180,hotpot,1,3
n07590611_7185,hotpot,1,4
n07590611_7188,hotpot,1,0
n07590611_7218,hotpot,1,3
n07590611_7300,hotpot,1,1
n07590611_7306,hotpot,1,2
n07590611_7317,hotpot,1,1
n07590611_7323,hotpot,1,4
n07590611_7326,hotpot,1,3
n07590611_7356,hotpot,1,1
n07590611_7366,hotpot,1,2
n07590611_7369,hotpot,1,1
n07590611_7374,hotpot,1,3
n07590611_7375,hotpot,1,1
n07590611_739,hotpot,1,1
n07590611_7395,hotpot,1,1
n07590611_7400,hotpot,1,1
n07590611_7416,hotpot,1,4
n07590611_7435,hotpot,1,2
n07590611_7464,hotpot,1,4
n07590611_7479,hotpot,1,4
n07590611_7485,hotpot,1,3
n07590611_7489,hotpot,1,4
n07590611_7509,hotpot,1,3
n07590611_7510,hotpot,1,2
n07590611_7511,hotpot,1,4
n07590611_7529,hotpot,1,2
n07590611_7537,hotpot,1,2
n07590611_755,hotpot,1,2
n07590611_7553,hotpot,1,4
n07590611_7566,hotpot,1,2
n07590611_7584,hotpot,1,1
n07590611_7587,hotpot,1,2
n07590611_7626,hotpot,1,0
n07590611_7634,hotpot,1,0
n07590611_7651,hotpot,1,0
n07590611_7667,hotpot,1,4
n07590611_7668,hotpot,1,2
n07590611_7692,hotpot,1,3
n07590611_7698,hotpot,1,2
n07590611_77,hotpot,1,3
n07590611_771,hotpot,1,4
n07590611_7733,hotpot,1,4
n07590611_7734,hotpot,1,4
n07590611_7737,hotpot,1,3
n07590611_7738,hotpot,1,4
n07590611_7741,hotpot,1,1
n07590611_7782,hotpot,1,1
n07590611_7823,hotpot,1,0
n07590611_7829,hotpot,1,4
n07590611_7850,hotpot,1,1
n07590611_7873,hotpot,1,4
n07590611_7881,hotpot,1,0
n07590611_7893,hotpot,1,3
n07590611_7897,hotpot,1,3
n07590611_7907,hotpot,1,1
n07590611_791,hotpot,1,1
n07590611_7916,hotpot,1,0
n07590611_7929,hotpot,1,2
n07590611_7960,hotpot,1,3
n07590611_7963,hotpot,1,0
n07590611_7965,hotpot,1,4
n07590611_7966,hotpot,1,2
n07590611_7980,hotpot,1,0
n07590611_7988,hotpot,1,3
n07590611_8038,hotpot,1,1
n07590611_8055,hotpot,1,4
n07590611_8060,hotpot,1,4
n07590611_8085,hotpot,1,0
n07590611_8091,hotpot,1,1
n07590611_8095,hotpot,1,3
n07590611_8100,hotpot,1,2
n07590611_813,hotpot,1,2
n07590611_8131,hotpot,1,0
n07590611_816,hotpot,1,1
n07590611_8160,hotpot,1,4
n07590611_8161,hotpot,1,2
n07590611_8234,hotpot,1,1
n07590611_8235,hotpot,1,4
n07590611_8236,hotpot,1,3
n07590611_8244,hotpot,1,0
n07590611_8250,hotpot,1,2
n07590611_8253,hotpot,1,1
n07590611_8276,hotpot,1,0
n07590611_8285,hotpot,1,4
n07590611_8288,hotpot,1,0
n07590611_830,hotpot,1,0
n07590611_8303,hotpot,1,4
n07590611_8311,hotpot,1,4
n07590611_8312,hotpot,1,0
n07590611_8313,hotpot,1,3
n07590611_8326,hotpot,1,0
n07590611_8338,hotpot,1,3
n07590611_8340,hotpot,1,3
n07590611_8361,hotpot,1,0
n07590611_8366,hotpot,1,2
n07590611_8380,hotpot,1,3
n07590611_839,hotpot,1,2
n07590611_8399,hotpot,1,1
n07590611_8404,hotpot,1,0
n07590611_8413,hotpot,1,1
n07590611_8472,hotpot,1,3
n07590611_8482,hotpot,1,0
n07590611_8485,hotpot,1,4
n07590611_8486,hotpot,1,0
n07590611_8489,hotpot,1,2
n07590611_8490,hotpot,1,0
n07590611_8512,hotpot,1,1
n07590611_8537,hotpot,1,3
n07590611_8554,hotpot,1,2
n07590611_8568,hotpot,1,4
n07590611_8578,hotpot,1,2
n07590611_8584,hotpot,1,2
n07590611_8593,hotpot,1,0
n07590611_8597,hotpot,1,1
n07590611_8621,hotpot,1,0
n07590611_863,hotpot,1,4
n07590611_8639,hotpot,1,4
n07590611_8662,hotpot,1,2
n07590611_8663,hotpot,1,4
n07590611_8688,hotpot,1,2
n07590611_8691,hotpot,1,3
n07590611_87,hotpot,1,2
n07590611_8701,hotpot,1,3
n07590611_8720,hotpot,1,0
n07590611_8737,hotpot,1,2
n07590611_8741,hotpot,1,4
n07590611_8742,hotpot,1,2
n07590611_8750,hotpot,1,3
n07590611_8756,hotpot,1,3
n07590611_8758,hotpot,1,1
n07590611_877,hotpot,1,0
n07590611_8770,hotpot,1,4
n07590611_8805,hotpot,1,4
n07590611_881,hotpot,1,1
n07590611_882,hotpot,1,2
n07590611_8854,hotpot,1,3
n07590611_8868,hotpot,1,4
n07590611_8874,hotpot,1,0
n07590611_888,hotpot,1,3
n07590611_8898,hotpot,1,1
n07590611_8924,hotpot,1,3
n07590611_8927,hotpot,1,3
n07590611_8937,hotpot,1,2
n07590611_8941,hotpot,1,2
n07590611_8943,hotpot,1,0
n07590611_8959,hotpot,1,0
n07590611_8974,hotpot,1,1
n07590611_899,hotpot,1,3
n07590611_8995,hotpot,1,1
n07590611_9009,hotpot,1,1
n07590611_9027,hotpot,1,3
n07590611_9040,hotpot,1,2
n07590611_9055,hotpot,1,0
n07590611_9056,hotpot,1,3
n07590611_9066,hotpot,1,2
n07590611_9099,hotpot,1,4
n07590611_9128,hotpot,1,2
n07590611_9143,hotpot,1,0
n07590611_9144,hotpot,1,0
n07590611_9166,hotpot,1,0
n07590611_9186,hotpot,1,3
n07590611_9198,hotpot,1,3
n07590611_921,hotpot,1,0
n07590611_9213,hotpot,1,3
n07590611_9222,hotpot,1,1
n07590611_9239,hotpot,1,2
n07590611_9252,hotpot,1,1
n07590611_9253,hotpot,1,1
n07590611_9256,hotpot,1,2
n07590611_9265,hotpot,1,2
n07590611_927,hotpot,1,3
n07590611_9282,hotpot,1,1
n07590611_9284,hotpot,1,4
n07590611_9294,hotpot,1,0
n07590611_9299,hotpot,1,0
n07590611_9304,hotpot,1,0
n07590611_9321,hotpot,1,0
n07590611_9334,hotpot,1,1
n07590611_9338,hotpot,1,4
n07590611_9353,hotpot,1,0
n07590611_9361,hotpot,1,0
n07590611_9377,hotpot,1,4
n07590611_9382,hotpot,1,4
n07590611_9415,hotpot,1,1
n07590611_9424,hotpot,1,2
n07590611_9433,hotpot,1,2
n07590611_9443,hotpot,1,1
n07590611_9445,hotpot,1,3
n07590611_9453,hotpot,1,4
n07590611_9454,hotpot,1,1
n07590611_9464,hotpot,1,0
n07590611_9480,hotpot,1,0
n07590611_95,hotpot,1,0
n07590611_950,hotpot,1,2
n07590611_9524,hotpot,1,4
n07590611_9526,hotpot,1,1
n07590611_9548,hotpot,1,0
n07590611_9550,hotpot,1,2
n07590611_9556,hotpot,1,0
n07590611_9576,hotpot,1,3
n07590611_9612,hotpot,1,1
n07590611_9613,hotpot,1,2
n07590611_9631,hotpot,1,4
n07590611_9660,hotpot,1,2
n07590611_9661,hotpot,1,0
n07590611_9668,hotpot,1,0
n07590611_9702,hotpot,1,0
n07590611_9714,hotpot,1,1
n07590611_9721,hotpot,1,4
n07590611_9754,hotpot,1,3
n07590611_9760,hotpot,1,4
n07590611_9775,hotpot,1,3
n07590611_9777,hotpot,1,0
n07590611_9795,hotpot,1,4
n07590611_9823,hotpot,1,2
n07590611_9845,hotpot,1,4
n07590611_9852,hotpot,1,2
n07590611_9866,hotpot,1,3
n07590611_9882,hotpot,1,1
n07590611_9908,hotpot,1,2
n07590611_9947,hotpot,1,0
n07590611_9952,hotpot,1,4
n07590611_9957,hotpot,1,0
n07590611_9991,hotpot,1,4
n04522168_1,vase,2,0
n04522168_100,vase,2,3
n04522168_10017,vase,2,1
n04522168_10047,vase,2,3
n04522168_10058,vase,2,3
n04522168_10087,vase,2,0
n04522168_10104,vase,2,1
n04522168_10113,vase,2,2
n04522168_10115,vase,2,3
n04522168_10128,vase,2,2
n04522168_10131,vase,2,0
n04522168_10200,vase,2,1
n04522168_10215,vase,2,1
n04522168_10222,vase,2,3
n04522168_10248,vase,2,0
n04522168_10260,vase,2,1
n04522168_10268,vase,2,3
n04522168_10278,vase,2,4
n04522168_10287,vase,2,0
n04522168_1029,vase,2,1
n04522168_10310,vase,2,0
n04522168_10343,vase,2,0
n04522168_10356,vase,2,2
n04522168_10392,vase,2,4
n04522168_10415,vase,2,0
n04522168_1044,vase,2,2
n04522168_10478,vase,2,3
n04522168_10509,vase,2,3
n04522168_10539,vase,2,4
n04522168_10548,vase,2,1
n04522168_10592,vase,2,4
n04522168_10595,vase,2,3
n04522168_10597,vase,2,4
n04522168_10603,vase,2,3
n04522168_10628,vase,2,1
n04522168_10639,vase,2,1
n04522168_10660,vase,2,3
n04522168_10683,vase,2,2
n04522168_10712,vase,2,4
n04522168_10718,vase,2,3
n04522168_10729,vase,2,2
n04522168_10750,vase,2,2
n04522168_10765,vase,2,3
n04522168_10772,vase,2,4
n04522168_10779,vase,2,0
n04522168_10783,vase,2,0
n04522168_10797,vase,2,1
n04522168_10800,vase,2,1
n04522168_10801,vase,2,0
n04522168_1081,vase,2,4
n04522168_10823,vase,2,2
n04522168_10824,vase,2,4
n04522168_10840,vase,2,0
n04522168_10846,vase,2,3
n04522168_10905,vase,2,0
n04522168_10918,vase,2,4
n04522168_10937,vase,2,3
n04522168_10953,vase,2,1
n04522168_10988,vase,2,2
n04522168_11033,vase,2,3
n04522168_11078,vase,2,4
n04522168_11086,vase,2,4
n04522168_11135,vase,2,1
n04522168_11144,vase,2,1
n04522168_11146,vase,2,3
n04522168_11157,vase,2,4
n04522168_11159,vase,2,4
n04522168_11209,vase,2,3
n04522168_11216,vase,2,4
n04522168_11250,vase,2,0
n04522168_11267,vase,2,0
n04522168_11283,vase,2,4
n04522168_11284,vase,2,4
n04522168_11329,vase,2,3
n04522168_11339,vase,2,4
n04522168_11383,vase,2,1
n04522168_11391,vase,2,2
n04522168_11451,vase,2,2
n04522168_11459,vase,2,4
n04522168_11470,vase,2,3
n04522168_11507,vase,2,2
n04522168_1152,vase,2,4
n04522168_11522,vase,2,1
n04522168_11530,vase,2,3
n04522168_11533,vase,2,3
n04522168_11540,vase,2,0
n04522168_11545,vase,2,0
n04522168_1155,vase,2,3
n04522168_11608,vase,2,0
n04522168_11643,vase,2,1
n04522168_11650,vase,2,1
n04522168_11670,vase,2,1
n04522168_11685,vase,2,1
n04522168_11760,vase,2,3
n04522168_11763,vase,2,4
n04522168_11787,vase,2,0
n04522168_11788,vase,2,0
n04522168_11791,vase,2,1
n04522168_11809,vase,2,0
n04522168_11832,vase,2,4
n04522168_11846,vase,2,0
n04522168_1188,vase,2,4
n04522168_11882,vase,2,4
n04522168_11902,vase,2,0
n04522168_11911,vase,2,4
n04522168_11912,vase,2,3
n04522168_11913,vase,2,1
n04522168_11914,vase,2,2
n04522168_1192,vase,2,3
n04522168_11921,vase,2,2
n04522168_11952,vase,2,3
n04522168_12032,vase,2,2
n04522168_12067,vase,2,4
n04522168_12075,vase,2,1
n04522168_12089,vase,2,1
n04522168_1216,vase,2,3
n04522168_12171,vase,2,1
n04522168_12177,vase,2,4
n04522168_12179,vase,2,2
n04522168_12192,vase,2,4
n04522168_12210,vase,2,1
n04522168_1222,vase,2,2
n04522168_12279,vase,2,3
n04522168_1228,vase,2,1
n04522168_12293,vase,2,4
n04522168_123,vase,2,1
n04522168_12336,vase,2,1
n04522168_12342,vase,2,1
n04522168_12351,vase,2,3
n04522168_12357,vase,2,1
n04522168_1236,vase,2,4
n04522168_12368,vase,2,2
n04522168_12375,vase,2,3
n04522168_12376,vase,2,0
n04522168_12389,vase,2,2
n04522168_12403,vase,2,1
n04522168_1241,vase,2,0
n04522168_12410,vase,2,2
n04522168_12432,vase,2,3
n04522168_12448,vase,2,1
n04522168_12455,vase,2,0
n04522168_12469,vase,2,2
n04522168_12491,vase,2,3
n04522168_12495,vase,2,1
n04522168_12592,vase,2,3
n04522168_12637,vase,2,3
n04522168_1270,vase,2,4
n04522168_12716,vase,2,1
n04522168_12720,vase,2,1
n04522168_12735,vase,2,2
n04522168_12741,vase,2,2
n04522168_12803,vase,2,1
n04522168_12814,vase,2,0
n04522168_12854,vase,2,3
n04522168_12860,vase,2,4
n04522168_12881,vase,2,4
n04522168_12888,vase,2,0
n04522168_12894,vase,2,1
n04522168_1290,vase,2,0
n04522168_12901,vase,2,2
n04522168_1292,vase,2,3
n04522168_12932,vase,2,2
n04522168_12941,vase,2,4
n04522168_12959,vase,2,4
n04522168_13038,vase,2,1
n04522168_13073,vase,2,2
n04522168_13101,vase,2,0
n04522168_13115,vase,2,3
n04522168_13118,vase,2,3
n04522168_13122,vase,2,1
n04522168_13144,vase,2,3
n04522168_13165,vase,2,1
n04522168_13187,vase,2,2
n04522168_13209,vase,2,1
n04522168_13245,vase,2,3
n04522168_13260,vase,2,0
n04522168_13280,vase,2,1
n04522168_13287,vase,2,0
n04522168_13319,vase,2,3
n04522168_13328,vase,2,4
n04522168_13330,vase,2,3
n04522168_13337,vase,2,2
n04522168_13354,vase,2,1
n04522168_13355,vase,2,4
n04522168_13368,vase,2,1
n04522168_134,vase,2,0
n04522168_13416,vase,2,1
n04522168_13418,vase,2,1
n04522168_13447,vase,2,3
n04522168_13456,vase,2,0
n04522168_13467,vase,2,4
n04522168_13485,vase,2,1
n04522168_13491,vase,2,3
n04522168_13506,vase,2,1
n04522168_13509,vase,2,2
n04522168_13512,vase,2,4
n04522168_13518,vase,2,4
n04522168_1356,vase,2,4
n04522168_13599,vase,2,1
n04522168_13719,vase,2,1
n04522168_13737,vase,2,0
n04522168_13742,vase,2,1
n04522168_13747,vase,2,3
n04522168_13748,vase,2,3
n04522168_13771,vase,2,0
n04522168_13776,vase,2,4
n04522168_1381,vase,2,0
n04522168_1384,vase,2,3
n04522168_13886,vase,2,1
n04522168_13927,vase,2,2
n04522168_13943,vase,2,0
n04522168_1397,vase,2,4
n04522168_13986,vase,2,0
n04522168_1401,vase,2,3
n04522168_14081,vase,2,3
n04522168_14089,vase,2,2
n04522168_14123,vase,2,3
n04522168_14131,vase,2,3
n04522168_1424,vase,2,4
n04522168_14272,vase,2,1
n04522168_1429,vase,2,0
n04522168_1430,vase,2,4
n04522168_14317,vase,2,1
n04522168_14326,vase,2,0
n04522168_14335,vase,2,0
n04522168_14377,vase,2,1
n04522168_14413,vase,2,2
n04522168_14449,vase,2,4
n04522168_1446,vase,2,3
n04522168_14517,vase,2,4
n04522168_14550,vase,2,0
n04522168_14564,vase,2,0
n04522168_14597,vase,2,4
n04522168_14611,vase,2,3
n04522168_14637,vase,2,1
n04522168_14663,vase,2,3
n04522168_14713,vase,2,1
n04522168_14777,vase,2,1
n04522168_1481,vase,2,0
n04522168_14857,vase,2,4
n04522168_14905,vase,2,3
n04522168_14917,vase,2,4
n04522168_14930,vase,2,2
n04522168_14945,vase,2,4
n04522168_14957,vase,2,4
n04522168_14963,vase,2,0
n04522168_15025,vase,2,1
n04522168_1508,vase,2,4
n04522168_15115,vase,2,2
n04522168_15122,vase,2,2
n04522168_15127,vase,2,3
n04522168_15134,vase,2,3
n04522168_15163,vase,2,2
n04522168_15191,vase,2,0
n04522168_15288,vase,2,1
n04522168_15345,vase,2,2
n04522168_1535,vase,2,0
n04522168_154,vase,2,4
n04522168_15403,vase,2,2
n04522168_15455,vase,2,1
n04522168_15462,vase,2,0
n04522168_15463,vase,2,4
n04522168_1549,vase,2,2
n04522168_15532,vase,2,4
n04522168_15594,vase,2,2
n04522168_15600,vase,2,0
n04522168_15637,vase,2,2
n04522168_15743,vase,2,1
n04522168_15748,vase,2,1
n04522168_1576,vase,2,0
n04522168_15779,vase,2,2
n04522168_15786,vase,2,4
n04522168_15819,vase,2,1
n04522168_15840,vase,2,1
n04522168_15864,vase,2,2
n04522168_15873,vase,2,3
n04522168_15879,vase,2,0
n04522168_15947,vase,2,1
n04522168_1602,vase,2,3
n04522168_1611,vase,2,0
n04522168_1628,vase,2,3
n04522168_16287,vase,2,4
n04522168_1642,vase,2,0
n04522168_1650,vase,2,3
n04522168_16572,vase,2,0
n04522168_16600,vase,2,0
n04522168_1666,vase,2,1
n04522168_16683,vase,2,3
n04522168_16725,vase,2,4
n04522168_1673,vase,2,2
n04522168_16836,vase,2,3
n04522168_1696,vase,2,3
n04522168_16974,vase,2,4
n04522168_1704,vase,2,4
n04522168_17104,vase,2,0
n04522168_17205,vase,2,0
n04522168_17210,vase,2,4
n04522168_17364,vase,2,1
n04522168_17370,vase,2,2
n04522168_17422,vase,2,4
n04522168_17475,vase,2,2
n04522168_1752,vase,2,3
n04522168_17526,vase,2,3
n04522168_1753,vase,2,3
n04522168_17568,vase,2,0
n04522168_17600,vase,2,2
n04522168_17625,vase,2,0
n04522168_17648,vase,2,2
n04522168_17665,vase,2,1
n04522168_17745,vase,2,3
n04522168_17756,vase,2,3
n04522168_17819,vase,2,1
n04522168_17820,vase,2,1
n04522168_17830,vase,2,1
n04522168_17859,vase,2,0
n04522168_17908,vase,2,4
n04522168_17914,vase,2,1
n04522168_17919,vase,2,4
n04522168_1793,vase,2,3
n04522168_17943,vase,2,3
n04522168_1796,vase,2,1
n04522168_18027,vase,2,2
n04522168_1804,vase,2,0
n04522168_18195,vase,2,0
n04522168_18207,vase,2,0
n04522168_18361,vase,2,0
n04522168_18415,vase,2,1
n04522168_18471,vase,2,0
n04522168_18497,vase,2,4
n04522168_18506,vase,2,1
n04522168_18521,vase,2,4
n04522168_18528,vase,2,1
n04522168_18581,vase,2,2
n04522168_18620,vase,2,3
n04522168_18756,vase,2,4
n04522168_18777,vase,2,2
n04522168_18794,vase,2,4
n04522168_1882,vase,2,3
n04522168_18859,vase,2,0
n04522168_18901,vase,2,4
n04522168_19066,vase,2,3
n04522168_1907,vase,2,4
n04522168_19080,vase,2,2
n04522168_192,vase,2,1
n04522168_19232,vase,2,4
n04522168_19284,vase,2,1
n04522168_19351,vase,2,4
n04522168_19363,vase,2,4
n04522168_19374,vase,2,2
n04522168_19404,vase,2,0
n04522168_19414,vase,2,2
n04522168_1942,vase,2,1
n04522168_19498,vase,2,2
n04522168_19520,vase,2,4
n04522168_19546,vase,2,0
n04522168_19559,vase,2,2
n04522168_19588,vase,2,0
n04522168_196,vase,2,0
n04522168_1964,vase,2,2
n04522168_19683,vase,2,2
n04522168_197,vase,2,4
n04522168_19715,vase,2,0
n04522168_19719,vase,2,4
n04522168_19720,vase,2,0
n04522168_19786,vase,2,3
n04522168_1982,vase,2,1
n04522168_19836,vase,2,4
n04522168_19850,vase,2,2
n04522168_19880,vase,2,3
n04522168_19895,vase,2,3
n04522168_19947,vase,2,3
n04522168_2000,vase,2,2
n04522168_20029,vase,2,1
n04522168_2011,vase,2,0
n04522168_20173,vase,2,2
n04522168_20312,vase,2,3
n04522168_2037,vase,2,0
n04522168_2044,vase,2,3
n04522168_2047,vase,2,4
n04522168_20534,vase,2,1
n04522168_20575,vase,2,2
n04522168_20605,vase,2,0
n04522168_2062,vase,2,3
n04522168_2071,vase,2,0
n04522168_20753,vase,2,2
n04522168_20755,vase,2,3
n04522168_20789,vase,2,4
n04522168_2081,vase,2,2
n04522168_20828,vase,2,1
n04522168_20856,vase,2,2
n04522168_20885,vase,2,2
n04522168_20899,vase,2,3
n04522168_20933,vase,2,0
n04522168_20945,vase,2,0
n04522168_20984,vase,2,1
n04522168_21002,vase,2,2
n04522168_21021,vase,2,4
n04522168_21141,vase,2,0
n04522168_21191,vase,2,0
n04522168_2121,vase,2,1
n04522168_21254,vase,2,3
n04522168_2131,vase,2,3
n04522168_21320,vase,2,3
n04522168_21379,vase,2,4
n04522168_21425,vase,2,2
n04522168_21433,vase,2,1
n04522168_21453,vase,2,4
n04522168_21481,vase,2,3
n04522168_2149,vase,2,0
n04522168_21535,vase,2,3
n04522168_21599,vase,2,2
n04522168_21620,vase,2,2
n04522168_21627,vase,2,3
n04522168_21666,vase,2,4
n04522168_21694,vase,2,3
n04522168_21741,vase,2,2
n04522168_21752,vase,2,1
n04522168_21769,vase,2,4
n04522168_21809,vase,2,3
n04522168_2190,vase,2,1
n04522168_22093,vase,2,1
n04522168_22099,vase,2,0
n04522168_22193,vase,2,1
n04522168_22207,vase,2,4
n04522168_22223,vase,2,4
n04522168_22246,vase,2,4
n04522168_22341,vase,2,0
n04522168_22352,vase,2,3
n04522168_22399,vase,2,2
n04522168_2243,vase,2,2
n04522168_22432,vase,2,1
n04522168_22510,vase,2,1
n04522168_22530,vase,2,4
n04522168_22553,vase,2,2
n04522168_22568,vase,2,0
n04522168_22587,vase,2,4
n04522168_22622,vase,2,0
n04522168_2265,vase,2,1
n04522168_2268,vase,2,0
n04522168_22747,vase,2,4
n04522168_22760,vase,2,2
n04522168_22765,vase,2,2
n04522168_2279,vase,2,4
n04522168_22792,vase,2,3
n04522168_22802,vase,2,3
n04522168_22900,vase,2,1
n04522168_22944,vase,2,0
n04522168_23025,vase,2,0
n04522168_23061,vase,2,3
n04522168_23287,vase,2,4
n04522168_23293,vase,2,3
n04522168_23335,vase,2,3
n04522168_23337,vase,2,4
n04522168_2338,vase,2,3
n04522168_23480,vase,2,4
n04522168_23491,vase,2,1
n04522168_23523,vase,2,3
n04522168_23536,vase,2,2
n04522168_23625,vase,2,0
n04522168_23632,vase,2,1
n04522168_23657,vase,2,2
n04522168_2366,vase,2,0
n04522168_23708,vase,2,0
n04522168_23735,vase,2,0
n04522168_23793,vase,2,0
n04522168_2382,vase,2,0
n04522168_23837,vase,2,1
n04522168_23840,vase,2,0
n04522168_23845,vase,2,0
n04522168_23866,vase,2,3
n04522168_23893,vase,2,2
n04522168_23905,vase,2,0
n04522168_23910,vase,2,4
n04522168_23968,vase,2,4
n04522168_24015,vase,2,0
n04522168_24017,vase,2,1
n04522168_24032,vase,2,2
n04522168_24039,vase,2,2
n04522168_24105,vase,2,0
n04522168_2411,vase,2,4
n04522168_24110,vase,2,4
n04522168_24135,vase,2,4
n04522168_24178,vase,2,3
n04522168_24190,vase,2,1
n04522168_24220,vase,2,2
n04522168_2428,vase,2,0
n04522168_24357,vase,2,4
n04522168_24396,vase,2,1
n04522168_24405,vase,2,4
n04522168_24429,vase,2,2
n04522168_24469,vase,2,2
n04522168_24514,vase,2,3
n04522168_24534,vase,2,3
n04522168_24540,vase,2,3
n04522168_24572,vase,2,4
n04522168_2459,vase,2,1
n04522168_24594,vase,2,1
n04522168_24607,vase,2,4
n04522168_24609,vase,2,4
n04522168_24626,vase,2,1
n04522168_24645,vase,2,3
n04522168_24666,vase,2,0
n04522168_24702,vase,2,3
n04522168_24703,vase,2,4
n04522168_24713,vase,2,2
n04522168_2474,vase,2,1
n04522168_24745,vase,2,0
n04522168_2476,vase,2,0
n04522168_2480,vase,2,1
n04522168_24849,vase,2,0
n04522168_24850,vase,2,4
n04522168_2488,vase,2,0
n04522168_24904,vase,2,3
n04522168_2493,vase,2,2
n04522168_24968,vase,2,0
n04522168_2498,vase,2,0
n04522168_24980,vase,2,3
n04522168_2500,vase,2,2
n04522168_25024,vase,2,4
n04522168_25074,vase,2,0
n04522168_25083,vase,2,1
n04522168_251,vase,2,0
n04522168_2510,vase,2,2
n04522168_2516,vase,2,2
n04522168_25203,vase,2,3
n04522168_25255,vase,2,2
n04522168_25296,vase,2,0
n04522168_25304,vase,2,1
n04522168_25308,vase,2,0
n04522168_2531,vase,2,2
n04522168_2534,vase,2,3
n04522168_2535,vase,2,0
n04522168_25356,vase,2,2
n04522168_25369,vase,2,3
n04522168_25371,vase,2,4
n04522168_25390,vase,2,3
n04522168_25442,vase,2,4
n04522168_25502,vase,2,4
n04522168_25504,vase,2,2
n04522168_2553,vase,2,0
n04522168_25560,vase,2,0
n04522168_2558,vase,2,1
n04522168_25582,vase,2,1
n04522168_25591,vase,2,4
n04522168_25599,vase,2,4
n04522168_256,vase,2,1
n04522168_25613,vase,2,1
n04522168_25664,vase,2,2
n04522168_25702,vase,2,0
n04522168_25714,vase,2,0
n04522168_2572,vase,2,1
n04522168_2578,vase,2,2
n04522168_25783,vase,2,1
n04522168_258,vase,2,0
n04522168_25816,vase,2,2
n04522168_25866,vase,2,3
n04522168_25875,vase,2,1
n04522168_25882,vase,2,0
n04522168_2592,vase,2,0
n04522168_25922,vase,2,0
n04522168_25935,vase,2,4
n04522168_25968,vase,2,1
n04522168_25977,vase,2,2
n04522168_26120,vase,2,1
n04522168_26133,vase,2,3
n04522168_2620,vase,2,3
n04522168_26221,vase,2,1
n04522168_26223,vase,2,4
n04522168_2623,vase,2,4
n04522168_26233,vase,2,0
n04522168_2624,vase,2,1
n04522168_2625,vase,2,3
n04522168_26271,vase,2,2
n04522168_26275,vase,2,4
n04522168_26290,vase,2,2
n04522168_26300,vase,2,0
n04522168_26307,vase,2,2
n04522168_26325,vase,2,2
n04522168_2634,vase,2,0
n04522168_2639,vase,2,3
n04522168_2656,vase,2,1
n04522168_26713,vase,2,0
n04522168_26715,vase,2,0
n04522168_2675,vase,2,4
n04522168_26765,vase,2,3
n04522168_2679,vase,2,0
n04522168_2682,vase,2,2
n04522168_2689,vase,2,1
n04522168_26925,vase,2,2
n04522168_2695,vase,2,1
n04522168_27031,vase,2,4
n04522168_27033,vase,2,2
n04522168_27145,vase,2,3
n04522168_27209,vase,2,0
n04522168_27224,vase,2,4
n04522168_27235,vase,2,0
n04522168_2731,vase,2,0
n04522168_2748,vase,2,3
n04522168_2750,vase,2,2
n04522168_2751,vase,2,3
n04522168_27539,vase,2,3
n04522168_2759,vase,2,0
n04522168_27636,vase,2,1
n04522168_27643,vase,2,2
n04522168_2774,vase,2,1
n04522168_27865,vase,2,2
n04522168_2796,vase,2,3
n04522168_28015,vase,2,3
n04522168_28167,vase,2,1
n04522168_28172,vase,2,0
n04522168_28233,vase,2,3
n04522168_2843,vase,2,4
n04522168_28438,vase,2,3
n04522168_28445,vase,2,2
n04522168_28450,vase,2,2
n04522168_2846,vase,2,4
n04522168_28520,vase,2,2
n04522168_2856,vase,2,3
n04522168_28599,vase,2,0
n04522168_28732,vase,2,2
n04522168_2875,vase,2,0
n04522168_28792,vase,2,4
n04522168_2883,vase,2,4
n04522168_2885,vase,2,3
n04522168_2903,vase,2,0
n04522168_2904,vase,2,2
n04522168_29059,vase,2,4
n04522168_2920,vase,2,1
n04522168_29295,vase,2,4
n04522168_29298,vase,2,3
n04522168_29311,vase,2,2
n04522168_29346,vase,2,1
n04522168_29348,vase,2,0
n04522168_2935,vase,2,2
n04522168_29355,vase,2,1
n04522168_2945,vase,2,1
n04522168_2946,vase,2,2
n04522168_29476,vase,2,3
n04522168_29489,vase,2,0
n04522168_29577,vase,2,2
n04522168_29661,vase,2,1
n04522168_29785,vase,2,3
n04522168_2980,vase,2,2
n04522168_29804,vase,2,3
n04522168_29995,vase,2,0
n04522168_30006,vase,2,3
n04522168_30061,vase,2,0
n04522168_30104,vase,2,4
n04522168_30122,vase,2,0
n04522168_30221,vase,2,4
n04522168_3023,vase,2,2
n04522168_3030,vase,2,2
n04522168_30304,vase,2,3
n04522168_30360,vase,2,3
n04522168_30381,vase,2,3
n04522168_3042,vase,2,1
n04522168_30512,vase,2,2
n04522168_30523,vase,2,3
n04522168_3053,vase,2,3
n04522168_3068,vase,2,2
n04522168_30725,vase,2,4
n04522168_30728,vase,2,0
n04522168_30796,vase,2,0
n04522168_30938,vase,2,0
n04522168_30972,vase,2,3
n04522168_30982,vase,2,1
n04522168_3104,vase,2,2
n04522168_31062,vase,2,1
n04522168_3114,vase,2,4
n04522168_31177,vase,2,3
n04522168_31244,vase,2,2
n04522168_31275,vase,2,4
n04522168_31278,vase,2,2
n04522168_3128,vase,2,0
n04522168_31337,vase,2,4
n04522168_3135,vase,2,1
n04522168_3137,vase,2,0
n04522168_31426,vase,2,3
n04522168_31480,vase,2,2
n04522168_31495,vase,2,1
n04522168_31513,vase,2,2
n04522168_31574,vase,2,3
n04522168_31582,vase,2,4
n04522168_31591,vase,2,3
n04522168_31616,vase,2,3
n04522168_31632,vase,2,3
n04522168_31670,vase,2,0
n04522168_31673,vase,2,3
n04522168_3183,vase,2,2
n04522168_31832,vase,2,2
n04522168_31855,vase,2,2
n04522168_31910,vase,2,3
n04522168_32017,vase,2,1
n04522168_32039,vase,2,4
n04522168_32044,vase,2,2
n04522168_3207,vase,2,1
n04522168_32071,vase,2,1
n04522168_32286,vase,2,4
n04522168_32361,vase,2,3
n04522168_3238,vase,2,0
n04522168_3243,vase,2,4
n04522168_32474,vase,2,4
n04522168_32479,vase,2,3
n04522168_32483,vase,2,4
n04522168_326,vase,2,0
n04522168_3263,vase,2,0
n04522168_3267,vase,2,3
n04522168_32740,vase,2,0
n04522168_32801,vase,2,2
n04522168_3284,vase,2,3
n04522168_32868,vase,2,0
n04522168_3293,vase,2,2
n04522168_3299,vase,2,3
n04522168_33013,vase,2,1
n04522168_33017,vase,2,0
n04522168_3305,vase,2,2
n04522168_3307,vase,2,3
n04522168_33094,vase,2,0
n04522168_3315,vase,2,2
n04522168_33154,vase,2,2
n04522168_33177,vase,2,4
n04522168_3319,vase,2,2
n04522168_33204,vase,2,3
n04522168_333,vase,2,0
n04522168_3334,vase,2,0
n04522168_33545,vase,2,0
n04522168_3355,vase,2,2
n04522168_33635,vase,2,0
n04522168_33724,vase,2,0
n04522168_33778,vase,2,1
n04522168_3382,vase,2,1
n04522168_33823,vase,2,0
n04522168_3389,vase,2,0
n04522168_33896,vase,2,1
n04522168_339,vase,2,2
n04522168_33902,vase,2,1
n04522168_33932,vase,2,0
n04522168_33991,vase,2,2
n04522168_34023,vase,2,2
n04522168_3417,vase,2,2
n04522168_3418,vase,2,0
n04522168_34211,vase,2,4
n04522168_3426,vase,2,0
n04522168_34263,vase,2,0
n04522168_34287,vase,2,1
n04522168_3436,vase,2,3
n04522168_34379,vase,2,3
n04522168_3439,vase,2,2
n04522168_34590,vase,2,2
n04522168_3465,vase,2,1
n04522168_34718,vase,2,1
n04522168_34763,vase,2,4
n04522168_34773,vase,2,0
n04522168_34802,vase,2,3
n04522168_34893,vase,2,3
n04522168_34907,vase,2,2
n04522168_3497,vase,2,4
n04522168_34974,vase,2,4
n04522168_35023,vase,2,4
n04522168_35093,vase,2,2
n04522168_35151,vase,2,0
n04522168_3516,vase,2,2
n04522168_3518,vase,2,1
n04522168_35265,vase,2,4
n04522168_35344,vase,2,0
n04522168_35414,vase,2,0
n04522168_35432,vase,2,1
n04522168_35455,vase,2,1
n04522168_35504,vase,2,0
n04522168_3562,vase,2,0
n04522168_35644,vase,2,2
n04522168_3579,vase,2,2
n04522168_35804,vase,2,3
n04522168_35862,vase,2,2
n04522168_3590,vase,2,4
n04522168_3591,vase,2,0
n04522168_3598,vase,2,4
n04522168_36151,vase,2,4
n04522168_3624,vase,2,1
n04522168_3627,vase,2,2
n04522168_3633,vase,2,1
n04522168_3662,vase,2,4
n04522168_36911,vase,2,3
n04522168_3692,vase,2,3
n04522168_3697,vase,2,3
n04522168_3703,vase,2,2
n04522168_37334,vase,2,3
n04522168_37538,vase,2,3
n04522168_3754,vase,2,2
n04522168_37819,vase,2,4
n04522168_37840,vase,2,0
n04522168_38062,vase,2,0
n04522168_38078,vase,2,3
n04522168_38132,vase,2,1
n04522168_3818,vase,2,0
n04522168_38189,vase,2,3
n04522168_3826,vase,2,1
n04522168_38278,vase,2,1
n04522168_38472,vase,2,1
n04522168_38632,vase,2,2
n04522168_38661,vase,2,0
n04522168_38674,vase,2,3
n04522168_3871,vase,2,1
n04522168_38815,vase,2,4
n04522168_3888,vase,2,0
n04522168_38902,vase,2,3
n04522168_390,vase,2,1
n04522168_3920,vase,2,1
n04522168_39327,vase,2,1
n04522168_394,vase,2,1
n04522168_39415,vase,2,4
n04522168_39521,vase,2,1
n04522168_39550,vase,2,3
n04522168_39604,vase,2,4
n04522168_39614,vase,2,4
n04522168_3963,vase,2,4
n04522168_39772,vase,2,1
n04522168_3997,vase,2,1
n04522168_40314,vase,2,4
n04522168_40334,vase,2,4
n04522168_40346,vase,2,2
n04522168_4038,vase,2,4
n04522168_40470,vase,2,2
n04522168_40599,vase,2,0
n04522168_40628,vase,2,2
n04522168_4067,vase,2,2
n04522168_40744,vase,2,3
n04522168_4081,vase,2,4
n04522168_4097,vase,2,4
n04522168_4101,vase,2,3
n04522168_41088,vase,2,4
n04522168_4109,vase,2,4
n04522168_411,vase,2,4
n04522168_41123,vase,2,3
n04522168_41215,vase,2,1
n04522168_41309,vase,2,4
n04522168_4139,vase,2,0
n04522168_4152,vase,2,0
n04522168_41532,vase,2,4
n04522168_41768,vase,2,0
n04522168_41836,vase,2,1
n04522168_4185,vase,2,2
n04522168_41868,vase,2,0
n04522168_41904,vase,2,3
n04522168_41966,vase,2,1
n04522168_41983,vase,2,0
n04522168_4203,vase,2,2
n04522168_42047,vase,2,0
n04522168_42069,vase,2,0
n04522168_4218,vase,2,1
n04522168_4237,vase,2,1
n04522168_42439,vase,2,4
n04522168_4253,vase,2,2
n04522168_42536,vase,2,0
n04522168_42663,vase,2,4
n04522168_42847,vase,2,3
n04522168_4285,vase,2,4
n04522168_4288,vase,2,1
n04522168_43029,vase,2,1
n04522168_43130,vase,2,0
n04522168_4314,vase,2,4
n04522168_43202,vase,2,0
n04522168_43212,vase,2,0
n04522168_43259,vase,2,4
n04522168_4326,vase,2,0
n04522168_43298,vase,2,3
n04522168_4337,vase,2,1
n04522168_43479,vase,2,1
n04522168_4358,vase,2,3
n04522168_4362,vase,2,1
n04522168_4387,vase,2,0
n04522168_4405,vase,2,2
n04522168_4418,vase,2,3
n04522168_44262,vase,2,0
n04522168_4429,vase,2,3
n04522168_44310,vase,2,2
n04522168_44353,vase,2,1
n04522168_44371,vase,2,1
n04522168_4443,vase,2,2
n04522168_44521,vase,2,4
n04522168_44551,vase,2,0
n04522168_44552,vase,2,1
n04522168_44730,vase,2,4
n04522168_4476,vase,2,2
n04522168_44780,vase,2,0
n04522168_44982,vase,2,2
n04522168_44998,vase,2,1
n04522168_45023,vase,2,0
n04522168_45115,vase,2,3
n04522168_45331,vase,2,4
n04522168_45382,vase,2,0
n04522168_45516,vase,2,1
n04522168_45535,vase,2,1
n04522168_4556,vase,2,2
n04522168_45605,vase,2,4
n04522168_4565,vase,2,2
n04522168_4584,vase,2,0
n04522168_4607,vase,2,4
n04522168_46164,vase,2,0
n04522168_46266,vase,2,2
n04522168_4642,vase,2,0
n04522168_46511,vase,2,1
n04522168_46526,vase,2,2
n04522168_46542,vase,2,4
n04522168_46611,vase,2,3
n04522168_46686,vase,2,2
n04522168_46731,vase,2,0
n04522168_46810,vase,2,3
n04522168_46972,vase,2,2
n04522168_4703,vase,2,4
n04522168_47046,vase,2,2
n04522168_47057,vase,2,4
n04522168_47380,vase,2,0
n04522168_47401,vase,2,3
n04522168_47456,vase,2,2
n04522168_475,vase,2,2
n04522168_4752,vase,2,2
n04522168_47595,vase,2,2
n04522168_47650,vase,2,4
n04522168_47666,vase,2,0
n04522168_47672,vase,2,1
n04522168_47776,vase,2,2
n04522168_47829,vase,2,0
n04522168_4786,vase,2,2
n04522168_47875,vase,2,0
n04522168_4789,vase,2,3
n04522168_47988,vase,2,1
n04522168_4799,vase,2,3
n04522168_4804,vase,2,4
n04522168_4805,vase,2,2
n04522168_4806,vase,2,1
n04522168_48172,vase,2,4
n04522168_482,vase,2,2
n04522168_4821,vase,2,4
n04522168_483,vase,2,3
n04522168_48526,vase,2,1
n04522168_4857,vase,2,1
n04522168_48694,vase,2,1
n04522168_487,vase,2,4
n04522168_48834,vase,2,2
n04522168_48879,vase,2,4
n04522168_48930,vase,2,2
n04522168_49024,vase,2,2
n04522168_49052,vase,2,2
n04522168_4914,vase,2,1
n04522168_49149,vase,2,4
n04522168_49155,vase,2,4
n04522168_49172,vase,2,2
n04522168_4934,vase,2,1
n04522168_494,vase,2,2
n04522168_4949,vase,2,4
n04522168_49567,vase,2,3
n04522168_49617,vase,2,4
n04522168_49662,vase,2,4
n04522168_49679,vase,2,2
n04522168_49706,vase,2,4
n04522168_4972,vase,2,3
n04522168_49724,vase,2,2
n04522168_49829,vase,2,1
n04522168_49846,vase,2,1
n04522168_4987,vase,2,1
n04522168_49932,vase,2,4
n04522168_50013,vase,2,0
n04522168_50026,vase,2,3
n04522168_5006,vase,2,2
n04522168_50153,vase,2,1
n04522168_50246,vase,2,4
n04522168_5033,vase,2,3
n04522168_50351,vase,2,4
n04522168_50417,vase,2,3
n04522168_5049,vase,2,1
n04522168_5051,vase,2,3
n04522168_5053,vase,2,4
n04522168_50615,vase,2,0
n04522168_5071,vase,2,2
n04522168_50724,vase,2,2
n04522168_5073,vase,2,3
n04522168_50743,vase,2,0
n04522168_50815,vase,2,2
n04522168_5090,vase,2,2
n04522168_51042,vase,2,3
n04522168_5108,vase,2,4
n04522168_51089,vase,2,1
n04522168_5120,vase,2,3
n04522168_5125,vase,2,1
n04522168_51376,vase,2,2
n04522168_51403,vase,2,4
n04522168_5163,vase,2,0
n04522168_51723,vase,2,2
n04522168_51745,vase,2,0
n04522168_51776,vase,2,1
n04522168_51844,vase,2,1
n04522168_5186,vase,2,0
n04522168_5190,vase,2,3
n04522168_5193,vase,2,2
n04522168_52106,vase,2,1
n04522168_5220,vase,2,1
n04522168_52406,vase,2,3
n04522168_52441,vase,2,3
n04522168_52538,vase,2,1
n04522168_5254,vase,2,2
n04522168_52592,vase,2,3
n04522168_52635,vase,2,3
n04522168_5278,vase,2,2
n04522168_52849,vase,2,1
n04522168_529,vase,2,3
n04522168_5294,vase,2,4
n04522168_5297,vase,2,3
n04522168_52998,vase,2,0
n04522168_530,vase,2,2
n04522168_53179,vase,2,4
n04522168_534,vase,2,1
n04522168_5341,vase,2,4
n04522168_535,vase,2,4
n04522168_5360,vase,2,1
n04522168_5361,vase,2,1
n04522168_53697,vase,2,3
n04522168_538,vase,2,0
n04522168_53842,vase,2,2
n04522168_5385,vase,2,2
n04522168_53855,vase,2,2
n04522168_5398,vase,2,1
n04522168_54076,vase,2,0
n04522168_5420,vase,2,2
n04522168_54241,vase,2,0
n04522168_5428,vase,2,4
n04522168_54333,vase,2,2
n04522168_54334,vase,2,3
n04522168_5436,vase,2,3
n04522168_54428,vase,2,0
n04522168_54512,vase,2,4
n04522168_5461,vase,2,1
n04522168_54613,vase,2,4
n04522168_5483,vase,2,2
n04522168_5501,vase,2,2
n04522168_55033,vase,2,0
n04522168_55115,vase,2,2
n04522168_55269,vase,2,1
n04522168_5538,vase,2,3
n04522168_5543,vase,2,4
n04522168_55482,vase,2,0
n04522168_5549,vase,2,3
n04522168_55536,vase,2,2
n04522168_5561,vase,2,4
n04522168_5566,vase,2,1
n04522168_55734,vase,2,2
n04522168_55810,vase,2,0
n04522168_5585,vase,2,4
n04522168_56091,vase,2,2
n04522168_56474,vase,2,4
n04522168_56552,vase,2,1
n04522168_56667,vase,2,2
n04522168_5667,vase,2,1
n04522168_56708,vase,2,4
n04522168_56721,vase,2,2
n04522168_56741,vase,2,4
n04522168_56823,vase,2,1
n04522168_5691,vase,2,1
n04522168_5698,vase,2,0
n04522168_5699,vase,2,2
n04522168_57049,vase,2,2
n04522168_57098,vase,2,3
n04522168_5712,vase,2,0
n04522168_5725,vase,2,4
n04522168_57375,vase,2,3
n04522168_5740,vase,2,2
n04522168_5760,vase,2,1
n04522168_5786,vase,2,3
n04522168_5820,vase,2,2
n04522168_5869,vase,2,3
n04522168_5880,vase,2,4
n04522168_5888,vase,2,1
n04522168_5895,vase,2,3
n04522168_5977,vase,2,4
n04522168_5994,vase,2,3
n04522168_5996,vase,2,0
n04522168_60,vase,2,4
n04522168_602,vase,2,2
n04522168_6028,vase,2,2
n04522168_6056,vase,2,0
n04522168_6065,vase,2,4
n04522168_6066,vase,2,0
n04522168_6067,vase,2,3
n04522168_6068,vase,2,1
n04522168_6115,vase,2,2
n04522168_6132,vase,2,4
n04522168_6140,vase,2,2
n04522168_615,vase,2,3
n04522168_6183,vase,2,0
n04522168_6184,vase,2,0
n04522168_6194,vase,2,4
n04522168_620,vase,2,3
n04522168_6205,vase,2,1
n04522168_6213,vase,2,0
n04522168_6237,vase,2,2
n04522168_6246,vase,2,3
n04522168_6247,vase,2,1
n04522168_6297,vase,2,3
n04522168_632,vase,2,0
n04522168_6326,vase,2,2
n04522168_6333,vase,2,4
n04522168_6346,vase,2,1
n04522168_6383,vase,2,1
n04522168_6394,vase,2,2
n04522168_6409,vase,2,3
n04522168_6421,vase,2,1
n04522168_6439,vase,2,0
n04522168_6441,vase,2,0
n04522168_6477,vase,2,2
n04522168_6505,vase,2,2
n04522168_6512,vase,2,4
n04522168_6529,vase,2,3
n04522168_6575,vase,2,4
n04522168_6591,vase,2,0
n04522168_6604,vase,2,2
n04522168_6614,vase,2,0
n04522168_6619,vase,2,0
n04522168_6641,vase,2,4
n04522168_6659,vase,2,4
n04522168_6662,vase,2,2
n04522168_670,vase,2,0
n04522168_6707,vase,2,4
n04522168_6736,vase,2,4
n04522168_6743,vase,2,2
n04522168_6818,vase,2,4
n04522168_683,vase,2,4
n04522168_6895,vase,2,3
n04522168_691,vase,2,3
n04522168_6942,vase,2,1
n04522168_6979,vase,2,1
n04522168_6997,vase,2,4
n04522168_7028,vase,2,3
n04522168_7095,vase,2,1
n04522168_7113,vase,2,2
n04522168_7114,vase,2,0
n04522168_7124,vase,2,3
n04522168_7135,vase,2,3
n04522168_7144,vase,2,2
n04522168_7150,vase,2,3
n04522168_7281,vase,2,1
n04522168_7292,vase,2,3
n04522168_7294,vase,2,2
n04522168_7304,vase,2,3
n04522168_7319,vase,2,3
n04522168_735,vase,2,0
n04522168_7351,vase,2,3
n04522168_7360,vase,2,4
n04522168_7436,vase,2,1
n04522168_7458,vase,2,1
n04522168_7498,vase,2,4
n04522168_7509,vase,2,4
n04522168_7649,vase,2,3
n04522168_7664,vase,2,3
n04522168_7691,vase,2,1
n04522168_7706,vase,2,0
n04522168_7709,vase,2,1
n04522168_7717,vase,2,4
n04522168_7718,vase,2,2
n04522168_7738,vase,2,2
n04522168_7742,vase,2,3
n04522168_7743,vase,2,3
n04522168_7744,vase,2,4
n04522168_7783,vase,2,2
n04522168_7808,vase,2,4
n04522168_7816,vase,2,0
n04522168_7819,vase,2,2
n04522168_7820,vase,2,3
n04522168_7822,vase,2,4
n04522168_7826,vase,2,4
n04522168_7854,vase,2,1
n04522168_7863,vase,2,1
n04522168_7879,vase,2,4
n04522168_7898,vase,2,2
n04522168_7911,vase,2,1
n04522168_7922,vase,2,0
n04522168_7967,vase,2,3
n04522168_7971,vase,2,2
n04522168_7979,vase,2,0
n04522168_7986,vase,2,2
n04522168_8020,vase,2,1
n04522168_8032,vase,2,1
n04522168_8034,vase,2,1
n04522168_8044,vase,2,2
n04522168_8057,vase,2,2
n04522168_8106,vase,2,2
n04522168_8114,vase,2,0
n04522168_8140,vase,2,4
n04522168_8146,vase,2,3
n04522168_8150,vase,2,1
n04522168_8167,vase,2,4
n04522168_8191,vase,2,3
n04522168_8210,vase,2,0
n04522168_8231,vase,2,4
n04522168_8247,vase,2,1
n04522168_8253,vase,2,2
n04522168_8264,vase,2,4
n04522168_8273,vase,2,1
n04522168_8284,vase,2,3
n04522168_8317,vase,2,4
n04522168_8330,vase,2,0
n04522168_8353,vase,2,3
n04522168_8354,vase,2,1
n04522168_8356,vase,2,1
n04522168_8399,vase,2,0
n04522168_8427,vase,2,0
n04522168_8429,vase,2,3
n04522168_8440,vase,2,1
n04522168_8441,vase,2,1
n04522168_8442,vase,2,4
n04522168_8470,vase,2,0
n04522168_8491,vase,2,3
n04522168_8497,vase,2,3
n04522168_8516,vase,2,2
n04522168_8523,vase,2,0
n04522168_8547,vase,2,4
n04522168_8606,vase,2,4
n04522168_8620,vase,2,3
n04522168_8635,vase,2,3
n04522168_8660,vase,2,4
n04522168_8683,vase,2,4
n04522168_8699,vase,2,3
n04522168_8712,vase,2,0
n04522168_8714,vase,2,2
n04522168_8718,vase,2,0
n04522168_8735,vase,2,3
n04522168_8736,vase,2,3
n04522168_8739,vase,2,2
n04522168_8783,vase,2,3
n04522168_8813,vase,2,4
n04522168_8827,vase,2,4
n04522168_8833,vase,2,2
n04522168_8901,vase,2,2
n04522168_8928,vase,2,2
n04522168_895,vase,2,4
n04522168_8963,vase,2,4
n04522168_8987,vase,2,1
n04522168_8988,vase,2,0
n04522168_9016,vase,2,1
n04522168_9053,vase,2,1
n04522168_9063,vase,2,0
n04522168_9067,vase,2,3
n04522168_9086,vase,2,3
n04522168_9096,vase,2,4
n04522168_9121,vase,2,2
n04522168_9140,vase,2,0
n04522168_9145,vase,2,3
n04522168_9148,vase,2,1
n04522168_9151,vase,2,3
n04522168_9174,vase,2,1
n04522168_9216,vase,2,1
n04522168_9222,vase,2,0
n04522168_9257,vase,2,0
n04522168_9281,vase,2,2
n04522168_929,vase,2,1
n04522168_9291,vase,2,3
n04522168_9327,vase,2,2
n04522168_9340,vase,2,4
n04522168_9369,vase,2,4
n04522168_9443,vase,2,0
n04522168_9467,vase,2,4
n04522168_9471,vase,2,1
n04522168_9487,vase,2,2
n04522168_9496,vase,2,2
n04522168_9505,vase,2,3
n04522168_951,vase,2,1
n04522168_9513,vase,2,0
n04522168_9517,vase,2,1
n04522168_9532,vase,2,2
n04522168_9545,vase,2,1
n04522168_9555,vase,2,4
n04522168_9563,vase,2,1
n04522168_9616,vase,2,4
n04522168_9649,vase,2,2
n04522168_9654,vase,2,1
n04522168_9670,vase,2,0
n04522168_9684,vase,2,2
n04522168_9693,vase,2,0
n04522168_9710,vase,2,1
n04522168_9717,vase,2,1
n04522168_9718,vase,2,0
n04522168_9736,vase,2,1
n04522168_9764,vase,2,4
n04522168_9774,vase,2,2
n04522168_9777,vase,2,1
n04522168_979,vase,2,3
n04522168_9801,vase,2,2
n04522168_9805,vase,2,4
n04522168_9824,vase,2,0
n04522168_9829,vase,2,1
n04522168_9856,vase,2,3
n04522168_9858,vase,2,2
n04522168_9912,vase,2,3
n04522168_9929,vase,2,0
n04522168_9930,vase,2,4
n04522168_9932,vase,2,2
n04522168_9934,vase,2,3
n04522168_9946,vase,2,4
n04522168_9957,vase,2,0
n04522168_9963,vase,2,4
n04522168_9997,vase,2,3
n07590611_1,hotpot,2,3
n07590611_10019,hotpot,2,2
n07590611_10068,hotpot,2,2
n07590611_10109,hotpot,2,0
n07590611_1011,hotpot,2,2
n07590611_10126,hotpot,2,3
n07590611_10139,hotpot,2,3
n07590611_1014,hotpot,2,1
n07590611_10158,hotpot,2,0
n07590611_1016,hotpot,2,3
n07590611_10194,hotpot,2,0
n07590611_10233,hotpot,2,0
n07590611_10262,hotpot,2,2
n07590611_10268,hotpot,2,2
n07590611_10299,hotpot,2,2
n07590611_1031,hotpot,2,3
n07590611_10312,hotpot,2,1
n07590611_10336,hotpot,2,3
n07590611_10340,hotpot,2,3
n07590611_10341,hotpot,2,0
n07590611_1038,hotpot,2,4
n07590611_1042,hotpot,2,0
n07590611_10453,hotpot,2,0
n07590611_10455,hotpot,2,1
n07590611_10471,hotpot,2,2
n07590611_10504,hotpot,2,3
n07590611_10516,hotpot,2,4
n07590611_10531,hotpot,2,0
n07590611_1055,hotpot,2,2
n07590611_10558,hotpot,2,1
n07590611_10571,hotpot,2,2
n07590611_10580,hotpot,2,1
n07590611_1061,hotpot,2,2
n07590611_10633,hotpot,2,3
n07590611_1064,hotpot,2,3
n07590611_10657,hotpot,2,0
n07590611_10669,hotpot,2,1
n07590611_1067,hotpot,2,1
n07590611_10679,hotpot,2,3
n07590611_10684,hotpot,2,0
n07590611_10697,hotpot,2,4
n07590611_10705,hotpot,2,3
n07590611_10713,hotpot,2,4
n07590611_10731,hotpot,2,1
n07590611_10763,hotpot,2,2
n07590611_10765,hotpot,2,2
n07590611_10775,hotpot,2,1
n07590611_10786,hotpot,2,0
n07590611_10787,hotpot,2,0
n07590611_10813,hotpot,2,2
n07590611_1083,hotpot,2,0
n07590611_10848,hotpot,2,1
n07590611_10901,hotpot,2,1
n07590611_10960,hotpot,2,2
n07590611_10987,hotpot,2,2
n07590611_11016,hotpot,2,1
n07590611_1105,hotpot,2,3
n07590611_11071,hotpot,2,4
n07590611_11089,hotpot,2,4
n07590611_11092,hotpot,2,3
n07590611_11102,hotpot,2,2
n07590611_11106,hotpot,2,3
n07590611_11108,hotpot,2,1
n07590611_11113,hotpot,2,3
n07590611_11129,hotpot,2,1
n07590611_11131,hotpot,2,0
n07590611_11132,hotpot,2,0
n07590611_11137,hotpot,2,4
n07590611_1116,hotpot,2,2
n07590611_11208,hotpot,2,0
n07590611_1121,hotpot,2,1
n07590611_1124,hotpot,2,3
n07590611_11242,hotpot,2,0
n07590611_11245,hotpot,2,1
n07590611_11249,hotpot,2,3
n07590611_11251,hotpot,2,4
n07590611_11258,hotpot,2,4
n07590611_11275,hotpot,2,4
n07590611_11289,hotpot,2,3
n07590611_11292,hotpot,2,3
n07590611_11331,hotpot,2,0
n07590611_11344,hotpot,2,1
n07590611_11345,hotpot,2,0
n07590611_11356,hotpot,2,4
n07590611_11363,hotpot,2,4
n07590611_11374,hotpot,2,1
n07590611_11384,hotpot,2,0
n07590611_11416,hotpot,2,2
n07590611_11441,hotpot,2,1
n07590611_11446,hotpot,2,2
n07590611_11459,hotpot,2,4
n07590611_11465,hotpot,2,4
n07590611_11501,hotpot,2,4
n07590611_11504,hotpot,2,4
n07590611_11506,hotpot,2,1
n07590611_11531,hotpot,2,0
n07590611_11542,hotpot,2,1
n07590611_11549,hotpot,2,0
n07590611_11550,hotpot,2,3
n07590611_11561,hotpot,2,0
n07590611_11597,hotpot,2,4
n07590611_11607,hotpot,2,4
n07590611_11613,hotpot,2,1
n07590611_11637,hotpot,2,4
n07590611_11639,hotpot,2,1
n07590611_11672,hotpot,2,0
n07590611_11680,hotpot,2,2
n07590611_11704,hotpot,2,4
n07590611_11748,hotpot,2,3
n07590611_11764,hotpot,2,2
n07590611_11790,hotpot,2,3
n07590611_11792,hotpot,2,3
n07590611_11798,hotpot,2,2
n07590611_11804,hotpot,2,4
n07590611_11808,hotpot,2,4
n07590611_11818,hotpot,2,1
n07590611_11826,hotpot,2,2
n07590611_11827,hotpot,2,0
n07590611_11831,hotpot,2,1
n07590611_11842,hotpot,2,2
n07590611_11867,hotpot,2,4
n07590611_1188,hotpot,2,4
n07590611_11883,hotpot,2,1
n07590611_11891,hotpot,2,1
n07590611_11892,hotpot,2,2
n07590611_1190,hotpot,2,4
n07590611_11900,hotpot,2,0
n07590611_11905,hotpot,2,2
n07590611_11912,hotpot,2,4
n07590611_11918,hotpot,2,0
n07590611_11944,hotpot,2,1
n07590611_11957,hotpot,2,4
n07590611_11968,hotpot,2,1
n07590611_11999,hotpot,2,0
n07590611_12022,hotpot,2,4
n07590611_12044,hotpot,2,0
n07590611_12055,hotpot,2,1
n07590611_12088,hotpot,2,3
n07590611_12104,hotpot,2,2
n07590611_12110,hotpot,2,0
n07590611_12151,hotpot,2,3
n07590611_12157,hotpot,2,2
n07590611_1216,hotpot,2,1
n07590611_12177,hotpot,2,3
n07590611_12185,hotpot,2,4
n07590611_12203,hotpot,2,2
n07590611_12209,hotpot,2,3
n07590611_12232,hotpot,2,3
n07590611_12237,hotpot,2,2
n07590611_12242,hotpot,2,4
n07590611_12249,hotpot,2,3
n07590611_12293,hotpot,2,2
n07590611_12315,hotpot,2,4
n07590611_12349,hotpot,2,1
n07590611_12379,hotpot,2,4
n07590611_1238,hotpot,2,3
n07590611_12394,hotpot,2,4
n07590611_12466,hotpot,2,2
n07590611_12475,hotpot,2,4
n07590611_12493,hotpot,2,0
n07590611_12494,hotpot,2,2
n07590611_12514,hotpot,2,4
n07590611_12516,hotpot,2,0
n07590611_12522,hotpot,2,4
n07590611_12535,hotpot,2,0
n07590611_1255,hotpot,2,4
n07590611_12596,hotpot,2,0
n07590611_12609,hotpot,2,4
n07590611_1261,hotpot,2,4
n07590611_12621,hotpot,2,1
n07590611_12626,hotpot,2,3
n07590611_12633,hotpot,2,3
n07590611_12660,hotpot,2,2
n07590611_12697,hotpot,2,3
n07590611_12707,hotpot,2,2
n07590611_12732,hotpot,2,3
n07590611_12740,hotpot,2,2
n07590611_12787,hotpot,2,4
n07590611_12800,hotpot,2,2
n07590611_1282,hotpot,2,2
n07590611_12821,hotpot,2,3
n07590611_12825,hotpot,2,2
n07590611_12852,hotpot,2,2
n07590611_12857,hotpot,2,0
n07590611_12871,hotpot,2,0
n07590611_12888,hotpot,2,1
n07590611_12913,hotpot,2,4
n07590611_12918,hotpot,2,3
n07590611_12949,hotpot,2,1
n07590611_12962,hotpot,2,1
n07590611_12993,hotpot,2,3
n07590611_12995,hotpot,2,0
n07590611_13,hotpot,2,4
n07590611_13013,hotpot,2,3
n07590611_13043,hotpot,2,0
n07590611_13057,hotpot,2,1
n07590611_13061,hotpot,2,0
n07590611_13066,hotpot,2,2
n07590611_13078,hotpot,2,1
n07590611_13080,hotpot,2,2
n07590611_13083,hotpot,2,1
n07590611_13089,hotpot,2,0
n07590611_13108,hotpot,2,1
n07590611_13127,hotpot,2,0
n07590611_13196,hotpot,2,0
n07590611_13212,hotpot,2,0
n07590611_1322,hotpot,2,2
n07590611_13234,hotpot,2,2
n07590611_13236,hotpot,2,2
n07590611_13243,hotpot,2,4
n07590611_1329,hotpot,2,4
n07590611_13292,hotpot,2,0
n07590611_133,hotpot,2,3
n07590611_13302,hotpot,2,3
n07590611_13320,hotpot,2,1
n07590611_13339,hotpot,2,2
n07590611_13348,hotpot,2,2
n07590611_13354,hotpot,2,4
n07590611_13358,hotpot,2,1
n07590611_13435,hotpot,2,2
n07590611_13442,hotpot,2,1
n07590611_13450,hotpot,2,2
n07590611_13467,hotpot,2,4
n07590611_13475,hotpot,2,2
n07590611_13514,hotpot,2,0
n07590611_13522,hotpot,2,4
n07590611_13529,hotpot,2,4
n07590611_13531,hotpot,2,2
n07590611_13547,hotpot,2,4
n07590611_13558,hotpot,2,3
n07590611_13579,hotpot,2,3
n07590611_13589,hotpot,2,4
n07590611_13595,hotpot,2,2
n07590611_13647,hotpot,2,2
n07590611_13650,hotpot,2,1
n07590611_13678,hotpot,2,3
n07590611_13681,hotpot,2,2
n07590611_13718,hotpot,2,0
n07590611_13722,hotpot,2,4
n07590611_13732,hotpot,2,0
n07590611_1374,hotpot,2,1
n07590611_13741,hotpot,2,2
n07590611_1376,hotpot,2,2
n07590611_13761,hotpot,2,4
n07590611_1377,hotpot,2,2
n07590611_13775,hotpot,2,4
n07590611_13780,hotpot,2,4
n07590611_13805,hotpot,2,1
n07590611_13827,hotpot,2,3
n07590611_1383,hotpot,2,1
n07590611_13840,hotpot,2,2
n07590611_13847,hotpot,2,1
n07590611_13886,hotpot,2,2
n07590611_13889,hotpot,2,3
n07590611_13903,hotpot,2,4
n07590611_13916,hotpot,2,2
n07590611_13922,hotpot,2,3
n07590611_13927,hotpot,2,3
n07590611_13928,hotpot,2,1
n07590611_1394,hotpot,2,2
n07590611_13940,hotpot,2,4
n07590611_1399,hotpot,2,4
n07590611_13991,hotpot,2,2
n07590611_14028,hotpot,2,1
n07590611_14031,hotpot,2,2
n07590611_1407,hotpot,2,2
n07590611_14073,hotpot,2,0
n07590611_14107,hotpot,2,4
n07590611_14150,hotpot,2,3
n07590611_14229,hotpot,2,4
n07590611_14248,hotpot,2,3
n07590611_14255,hotpot,2,0
n07590611_14322,hotpot,2,3
n07590611_14369,hotpot,2,3
n07590611_14370,hotpot,2,2
n07590611_14392,hotpot,2,3
n07590611_14396,hotpot,2,3
n07590611_1443,hotpot,2,2
n07590611_14436,hotpot,2,1
n07590611_14465,hotpot,2,3
n07590611_14493,hotpot,2,2
n07590611_14508,hotpot,2,1
n07590611_14527,hotpot,2,1
n07590611_14533,hotpot,2,0
n07590611_1459,hotpot,2,4
n07590611_14604,hotpot,2,0
n07590611_14606,hotpot,2,1
n07590611_14617,hotpot,2,1
n07590611_14624,hotpot,2,2
n07590611_14628,hotpot,2,3
n07590611_14651,hotpot,2,4
n07590611_14652,hotpot,2,2
n07590611_1466,hotpot,2,2
n07590611_14675,hotpot,2,0
n07590611_14731,hotpot,2,1
n07590611_14736,hotpot,2,1
n07590611_14760,hotpot,2,3
n07590611_14775,hotpot,2,4
n07590611_14788,hotpot,2,2
n07590611_14808,hotpot,2,1
n07590611_14828,hotpot,2,1
n07590611_1483,hotpot,2,2
n07590611_1486,hotpot,2,0
n07590611_14860,hotpot,2,3
n07590611_14862,hotpot,2,2
n07590611_14871,hotpot,2,4
n07590611_14906,hotpot,2,3
n07590611_1494,hotpot,2,3
n07590611_1495,hotpot,2,4
n07590611_1496,hotpot,2,3
n07590611_14981,hotpot,2,0
n07590611_1500,hotpot,2,3
n07590611_15040,hotpot,2,2
n07590611_1505,hotpot,2,3
n07590611_1506,hotpot,2,1
n07590611_15090,hotpot,2,0
n07590611_151,hotpot,2,4
n07590611_15113,hotpot,2,0
n07590611_15135,hotpot,2,2
n07590611_1516,hotpot,2,4
n07590611_1517,hotpot,2,0
n07590611_15226,hotpot,2,2
n07590611_1524,hotpot,2,4
n07590611_15243,hotpot,2,2
n07590611_15254,hotpot,2,0
n07590611_15269,hotpot,2,1
n07590611_15305,hotpot,2,1
n07590611_15321,hotpot,2,3
n07590611_1536,hotpot,2,3
n07590611_1537,hotpot,2,4
n07590611_15396,hotpot,2,2
n07590611_15432,hotpot,2,2
n07590611_15480,hotpot,2,2
n07590611_15492,hotpot,2,0
n07590611_15508,hotpot,2,4
n07590611_15529,hotpot,2,3
n07590611_15534,hotpot,2,0
n07590611_15738,hotpot,2,2
n07590611_15757,hotpot,2,3
n07590611_1576,hotpot,2,2
n07590611_158,hotpot,2,0
n07590611_15804,hotpot,2,4
n07590611_15812,hotpot,2,2
n07590611_15858,hotpot,2,0
n07590611_15873,hotpot,2,0
n07590611_1596,hotpot,2,2
n07590611_15985,hotpot,2,3
n07590611_16009,hotpot,2,1
n07590611_1602,hotpot,2,3
n07590611_16034,hotpot,2,1
n07590611_16054,hotpot,2,2
n07590611_16059,hotpot,2,1
n07590611_16083,hotpot,2,2
n07590611_16089,hotpot,2,2
n07590611_16095,hotpot,2,3
n07590611_16157,hotpot,2,3
n07590611_16159,hotpot,2,3
n07590611_16216,hotpot,2,2
n07590611_16336,hotpot,2,2
n07590611_16338,hotpot,2,0
n07590611_16398,hotpot,2,0
n07590611_16404,hotpot,2,0
n07590611_16410,hotpot,2,1
n07590611_16422,hotpot,2,3
n07590611_16429,hotpot,2,0
n07590611_16457,hotpot,2,3
n07590611_1648,hotpot,2,0
n07590611_16510,hotpot,2,1
n07590611_1655,hotpot,2,1
n07590611_16607,hotpot,2,4
n07590611_16706,hotpot,2,0
n07590611_16707,hotpot,2,1
n07590611_16718,hotpot,2,0
n07590611_1672,hotpot,2,4
n07590611_16742,hotpot,2,4
n07590611_16771,hotpot,2,1
n07590611_16792,hotpot,2,3
n07590611_16813,hotpot,2,1
n07590611_16820,hotpot,2,0
n07590611_16884,hotpot,2,2
n07590611_16979,hotpot,2,2
n07590611_17003,hotpot,2,2
n07590611_17044,hotpot,2,2
n07590611_1705,hotpot,2,0
n07590611_17087,hotpot,2,2
n07590611_17194,hotpot,2,0
n07590611_17198,hotpot,2,4
n07590611_17199,hotpot,2,0
n07590611_17257,hotpot,2,0
n07590611_17361,hotpot,2,3
n07590611_17364,hotpot,2,4
n07590611_17389,hotpot,2,0
n07590611_17411,hotpot,2,2
n07590611_17422,hotpot,2,3
n07590611_17485,hotpot,2,0
n07590611_1750,hotpot,2,0
n07590611_17507,hotpot,2,1
n07590611_17540,hotpot,2,2
n07590611_17557,hotpot,2,2
n07590611_17560,hotpot,2,1
n07590611_17634,hotpot,2,1
n07590611_17675,hotpot,2,1
n07590611_17763,hotpot,2,4
n07590611_17807,hotpot,2,1
n07590611_1785,hotpot,2,3
n07590611_17866,hotpot,2,4
n07590611_1789,hotpot,2,3
n07590611_17894,hotpot,2,1
n07590611_17896,hotpot,2,2
n07590611_17912,hotpot,2,3
n07590611_17948,hotpot,2,1
n07590611_17949,hotpot,2,0
n07590611_17959,hotpot,2,4
n07590611_18022,hotpot,2,4
n07590611_18060,hotpot,2,2
n07590611_18076,hotpot,2,0
n07590611_18083,hotpot,2,0
n07590611_1809,hotpot,2,0
n07590611_18149,hotpot,2,3
n07590611_18151,hotpot,2,4
n07590611_18177,hotpot,2,0
n07590611_18195,hotpot,2,4
n07590611_182,hotpot,2,1
n07590611_18225,hotpot,2,2
n07590611_18238,hotpot,2,4
n07590611_183,hotpot,2,1
n07590611_18309,hotpot,2,3
n07590611_18312,hotpot,2,3
n07590611_18342,hotpot,2,2
n07590611_1835,hotpot,2,4
n07590611_1837,hotpot,2,4
n07590611_18436,hotpot,2,3
n07590611_18450,hotpot,2,0
n07590611_1852,hotpot,2,2
n07590611_18552,hotpot,2,0
n07590611_18740,hotpot,2,3
n07590611_18741,hotpot,2,2
n07590611_18757,hotpot,2,0
n07590611_18823,hotpot,2,2
n07590611_18855,hotpot,2,0
n07590611_1888,hotpot,2,2
n07590611_1890,hotpot,2,1
n07590611_18920,hotpot,2,1
n07590611_18951,hotpot,2,1
n07590611_19052,hotpot,2,2
n07590611_19063,hotpot,2,0
n07590611_19068,hotpot,2,1
n07590611_19069,hotpot,2,3
n07590611_19100,hotpot,2,4
n07590611_19144,hotpot,2,1
n07590611_19166,hotpot,2,2
n07590611_1919,hotpot,2,1
n07590611_19196,hotpot,2,4
n07590611_19226,hotpot,2,0
n07590611_19244,hotpot,2,3
n07590611_1935,hotpot,2,3
n07590611_19363,hotpot,2,0
n07590611_19407,hotpot,2,3
n07590611_19425,hotpot,2,4
n07590611_19427,hotpot,2,3
n07590611_19455,hotpot,2,2
n07590611_19468,hotpot,2,0
n07590611_1949,hotpot,2,4
n07590611_19541,hotpot,2,3
n07590611_19551,hotpot,2,1
n07590611_19556,hotpot,2,4
n07590611_19565,hotpot,2,4
n07590611_1963,hotpot,2,0
n07590611_19639,hotpot,2,0
n07590611_19663,hotpot,2,4
n07590611_1973,hotpot,2,4
n07590611_19771,hotpot,2,3
n07590611_19809,hotpot,2,0
n07590611_19893,hotpot,2,0
n07590611_19940,hotpot,2,1
n07590611_19947,hotpot,2,0
n07590611_19963,hotpot,2,0
n07590611_19980,hotpot,2,3
n07590611_20012,hotpot,2,0
n07590611_20102,hotpot,2,2
n07590611_20152,hotpot,2,4
n07590611_20166,hotpot,2,3
n07590611_20173,hotpot,2,0
n07590611_20180,hotpot,2,1
n07590611_20257,hotpot,2,0
n07590611_20297,hotpot,2,2
n07590611_20299,hotpot,2,4
n07590611_20318,hotpot,2,3
n07590611_20349,hotpot,2,1
n07590611_20364,hotpot,2,3
n07590611_20369,hotpot,2,0
n07590611_20371,hotpot,2,3
n07590611_20454,hotpot,2,0
n07590611_20477,hotpot,2,2
n07590611_20483,hotpot,2,0
n07590611_20547,hotpot,2,1
n07590611_20596,hotpot,2,0
n07590611_20602,hotpot,2,1
n07590611_20659,hotpot,2,1
n07590611_2066,hotpot,2,1
n07590611_20688,hotpot,2,4
n07590611_20705,hotpot,2,1
n07590611_20758,hotpot,2,0
n07590611_20764,hotpot,2,1
n07590611_20766,hotpot,2,4
n07590611_20784,hotpot,2,2
n07590611_20793,hotpot,2,3
n07590611_2084,hotpot,2,3
n07590611_20842,hotpot,2,0
n07590611_20876,hotpot,2,1
n07590611_20881,hotpot,2,4
n07590611_20901,hotpot,2,0
n07590611_20905,hotpot,2,1
n07590611_20911,hotpot,2,2
n07590611_20969,hotpot,2,0
n07590611_21016,hotpot,2,3
n07590611_21035,hotpot,2,3
n07590611_21085,hotpot,2,0
n07590611_21091,hotpot,2,1
n07590611_21112,hotpot,2,0
n07590611_21282,hotpot,2,4
n07590611_21305,hotpot,2,4
n07590611_21339,hotpot,2,3
n07590611_21352,hotpot,2,3
n07590611_21463,hotpot,2,2
n07590611_2151,hotpot,2,0
n07590611_21517,hotpot,2,1
n07590611_21542,hotpot,2,0
n07590611_21544,hotpot,2,0
n07590611_21570,hotpot,2,0
n07590611_21595,hotpot,2,2
n07590611_21596,hotpot,2,0
n07590611_21649,hotpot,2,0
n07590611_21666,hotpot,2,1
n07590611_21690,hotpot,2,4
n07590611_2175,hotpot,2,4
n07590611_21810,hotpot,2,2
n07590611_21878,hotpot,2,3
n07590611_21895,hotpot,2,3
n07590611_219,hotpot,2,3
n07590611_21914,hotpot,2,4
n07590611_21950,hotpot,2,4
n07590611_21963,hotpot,2,3
n07590611_21968,hotpot,2,0
n07590611_22034,hotpot,2,2
n07590611_22056,hotpot,2,3
n07590611_22080,hotpot,2,1
n07590611_22119,hotpot,2,0
n07590611_22144,hotpot,2,4
n07590611_2223,hotpot,2,1
n07590611_22269,hotpot,2,3
n07590611_2228,hotpot,2,4
n07590611_22306,hotpot,2,4
n07590611_22331,hotpot,2,0
n07590611_2238,hotpot,2,3
n07590611_22416,hotpot,2,3
n07590611_22556,hotpot,2,1
n07590611_22564,hotpot,2,0
n07590611_2257,hotpot,2,1
n07590611_2274,hotpot,2,3
n07590611_22790,hotpot,2,3
n07590611_22804,hotpot,2,0
n07590611_22813,hotpot,2,4
n07590611_22841,hotpot,2,1
n07590611_22912,hotpot,2,4
n07590611_22939,hotpot,2,3
n07590611_23013,hotpot,2,1
n07590611_23058,hotpot,2,3
n07590611_23060,hotpot,2,4
n07590611_23084,hotpot,2,0
n07590611_23121,hotpot,2,2
n07590611_23159,hotpot,2,0
n07590611_23264,hotpot,2,0
n07590611_23267,hotpot,2,1
n07590611_2328,hotpot,2,2
n07590611_23287,hotpot,2,2
n07590611_23293,hotpot,2,1
n07590611_23328,hotpot,2,4
n07590611_23331,hotpot,2,2
n07590611_2337,hotpot,2,0
n07590611_23394,hotpot,2,1
n07590611_23429,hotpot,2,2
n07590611_23453,hotpot,2,4
n07590611_23486,hotpot,2,2
n07590611_2351,hotpot,2,2
n07590611_23593,hotpot,2,0
n07590611_23645,hotpot,2,0
n07590611_23660,hotpot,2,3
n07590611_23743,hotpot,2,0
n07590611_23761,hotpot,2,2
n07590611_23833,hotpot,2,2
n07590611_23880,hotpot,2,0
n07590611_23931,hotpot,2,2
n07590611_23942,hotpot,2,3
n07590611_23967,hotpot,2,4
n07590611_24028,hotpot,2,2
n07590611_24040,hotpot,2,0
n07590611_24041,hotpot,2,1
n07590611_24110,hotpot,2,4
n07590611_2422,hotpot,2,3
n07590611_24255,hotpot,2,3
n07590611_2436,hotpot,2,3
n07590611_24414,hotpot,2,4
n07590611_24553,hotpot,2,1
n07590611_24573,hotpot,2,1
n07590611_24587,hotpot,2,0
n07590611_24628,hotpot,2,2
n07590611_24635,hotpot,2,3
n07590611_2465,hotpot,2,3
n07590611_24676,hotpot,2,4
n07590611_24735,hotpot,2,0
n07590611_24747,hotpot,2,2
n07590611_24748,hotpot,2,0
n07590611_24749,hotpot,2,2
n07590611_24752,hotpot,2,1
n07590611_24775,hotpot,2,1
n07590611_24822,hotpot,2,0
n07590611_2491,hotpot,2,1
n07590611_2498,hotpot,2,1
n07590611_2504,hotpot,2,1
n07590611_2517,hotpot,2,4
n07590611_2524,hotpot,2,0
n07590611_2547,hotpot,2,0
n07590611_2549,hotpot,2,4
n07590611_2551,hotpot,2,0
n07590611_2558,hotpot,2,2
n07590611_2572,hotpot,2,3
n07590611_2581,hotpot,2,2
n07590611_2594,hotpot,2,1
n07590611_2630,hotpot,2,4
n07590611_2657,hotpot,2,3
n07590611_2786,hotpot,2,4
n07590611_2796,hotpot,2,1
n07590611_2830,hotpot,2,3
n07590611_2839,hotpot,2,0
n07590611_2843,hotpot,2,4
n07590611_2849,hotpot,2,2
n07590611_2856,hotpot,2,0
n07590611_2860,hotpot,2,2
n07590611_2867,hotpot,2,1
n07590611_2871,hotpot,2,3
n07590611_2886,hotpot,2,2
n07590611_2904,hotpot,2,4
n07590611_2917,hotpot,2,2
n07590611_2926,hotpot,2,0
n07590611_2932,hotpot,2,1
n07590611_2963,hotpot,2,0
n07590611_2965,hotpot,2,0
n07590611_3001,hotpot,2,3
n07590611_3018,hotpot,2,1
n07590611_3026,hotpot,2,3
n07590611_3028,hotpot,2,0
n07590611_3038,hotpot,2,3
n07590611_3061,hotpot,2,4
n07590611_3072,hotpot,2,1
n07590611_3082,hotpot,2,2
n07590611_3126,hotpot,2,4
n07590611_3129,hotpot,2,4
n07590611_3135,hotpot,2,2
n07590611_3155,hotpot,2,3
n07590611_3158,hotpot,2,0
n07590611_3179,hotpot,2,4
n07590611_3195,hotpot,2,1
n07590611_322,hotpot,2,1
n07590611_3222,hotpot,2,1
n07590611_3262,hotpot,2,4
n07590611_3270,hotpot,2,0
n07590611_3297,hotpot,2,0
n07590611_3321,hotpot,2,1
n07590611_3343,hotpot,2,1
n07590611_3352,hotpot,2,1
n07590611_3357,hotpot,2,4
n07590611_3359,hotpot,2,3
n07590611_3385,hotpot,2,2
n07590611_3398,hotpot,2,0
n07590611_3439,hotpot,2,2
n07590611_3469,hotpot,2,4
n07590611_3470,hotpot,2,2
n07590611_3485,hotpot,2,0
n07590611_3510,hotpot,2,4
n07590611_3521,hotpot,2,0
n07590611_3535,hotpot,2,3
n07590611_3565,hotpot,2,2
n07590611_3575,hotpot,2,1
n07590611_3582,hotpot,2,2
n07590611_3587,hotpot,2,1
n07590611_3594,hotpot,2,2
n07590611_3603,hotpot,2,2
n07590611_3616,hotpot,2,3
n07590611_3629,hotpot,2,4
n07590611_365,hotpot,2,2
n07590611_3666,hotpot,2,1
n07590611_3673,hotpot,2,4
n07590611_3677,hotpot,2,1
n07590611_371,hotpot,2,0
n07590611_3714,hotpot,2,2
n07590611_3724,hotpot,2,0
n07590611_3745,hotpot,2,4
n07590611_3746,hotpot,2,4
n07590611_3747,hotpot,2,3
n07590611_3764,hotpot,2,4
n07590611_3775,hotpot,2,4
n07590611_3788,hotpot,2,2
n07590611_3812,hotpot,2,0
n07590611_3814,hotpot,2,1
n07590611_3841,hotpot,2,3
n07590611_3874,hotpot,2,2
n07590611_3893,hotpot,2,2
n07590611_3898,hotpot,2,4
n07590611_390,hotpot,2,0
n07590611_3900,hotpot,2,1
n07590611_3917,hotpot,2,3
n07590611_3962,hotpot,2,1
n07590611_3994,hotpot,2,3
n07590611_3999,hotpot,2,4
n07590611_4010,hotpot,2,2
n07590611_4057,hotpot,2,0
n07590611_4066,hotpot,2,4
n07590611_4095,hotpot,2,2
n07590611_4104,hotpot,2,3
n07590611_4143,hotpot,2,1
n07590611_4158,hotpot,2,1
n07590611_4170,hotpot,2,3
n07590611_4215,hotpot,2,3
n07590611_4272,hotpot,2,3
n07590611_4292,hotpot,2,3
n07590611_4302,hotpot,2,2
n07590611_4341,hotpot,2,3
n07590611_4379,hotpot,2,2
n07590611_4404,hotpot,2,2
n07590611_4429,hotpot,2,0
n07590611_4440,hotpot,2,3
n07590611_45,hotpot,2,4
n07590611_4524,hotpot,2,0
n07590611_4537,hotpot,2,2
n07590611_4547,hotpot,2,4
n07590611_4549,hotpot,2,3
n07590611_4550,hotpot,2,1
n07590611_4574,hotpot,2,3
n07590611_4592,hotpot,2,2
n07590611_4605,hotpot,2,2
n07590611_4641,hotpot,2,0
n07590611_4657,hotpot,2,4
n07590611_4672,hotpot,2,2
n07590611_4680,hotpot,2,4
n07590611_4700,hotpot,2,1
n07590611_4714,hotpot,2,4
n07590611_4738,hotpot,2,2
n07590611_4749,hotpot,2,4
n07590611_4848,hotpot,2,2
n07590611_4860,hotpot,2,4
n07590611_4863,hotpot,2,3
n07590611_4893,hotpot,2,0
n07590611_4896,hotpot,2,1
n07590611_4915,hotpot,2,0
n07590611_4922,hotpot,2,0
n07590611_4931,hotpot,2,4
n07590611_4938,hotpot,2,2
n07590611_4966,hotpot,2,1
n07590611_4992,hotpot,2,1
n07590611_5001,hotpot,2,2
n07590611_5010,hotpot,2,2
n07590611_5011,hotpot,2,1
n07590611_5040,hotpot,2,4
n07590611_5060,hotpot,2,3
n07590611_5084,hotpot,2,0
n07590611_5089,hotpot,2,1
n07590611_5092,hotpot,2,2
n07590611_5093,hotpot,2,1
n07590611_5126,hotpot,2,4
n07590611_5139,hotpot,2,3
n07590611_5149,hotpot,2,4
n07590611_5171,hotpot,2,2
n07590611_5181,hotpot,2,3
n07590611_5192,hotpot,2,2
n07590611_5253,hotpot,2,2
n07590611_5262,hotpot,2,2
n07590611_5275,hotpot,2,2
n07590611_5277,hotpot,2,1
n07590611_528,hotpot,2,1
n07590611_5309,hotpot,2,1
n07590611_5310,hotpot,2,0
n07590611_5329,hotpot,2,4
n07590611_5335,hotpot,2,3
n07590611_535,hotpot,2,2
n07590611_5364,hotpot,2,4
n07590611_5369,hotpot,2,2
n07590611_5382,hotpot,2,2
n07590611_5387,hotpot,2,2
n07590611_5395,hotpot,2,4
n07590611_5396,hotpot,2,1
n07590611_5411,hotpot,2,4
n07590611_5421,hotpot,2,1
n07590611_5429,hotpot,2,1
n07590611_5441,hotpot,2,2
n07590611_5442,hotpot,2,3
n07590611_5462,hotpot,2,4
n07590611_548,hotpot,2,3
n07590611_5480,hotpot,2,2
n07590611_5483,hotpot,2,1
n07590611_5497,hotpot,2,1
n07590611_5508,hotpot,2,1
n07590611_5523,hotpot,2,4
n07590611_5524,hotpot,2,1
n07590611_5532,hotpot,2,3
n07590611_5581,hotpot,2,4
n07590611_5614,hotpot,2,0
n07590611_5637,hotpot,2,3
n07590611_5671,hotpot,2,1
n07590611_5681,hotpot,2,4
n07590611_569,hotpot,2,0
n07590611_573,hotpot,2,2
n07590611_5743,hotpot,2,1
n07590611_5754,hotpot,2,2
n07590611_5757,hotpot,2,4
n07590611_5761,hotpot,2,3
n07590611_5762,hotpot,2,4
n07590611_5768,hotpot,2,1
n07590611_5771,hotpot,2,0
n07590611_5774,hotpot,2,1
n07590611_5776,hotpot,2,1
n07590611_5778,hotpot,2,4
n07590611_5785,hotpot,2,0
n07590611_5813,hotpot,2,4
n07590611_5824,hotpot,2,4
n07590611_5843,hotpot,2,3
n07590611_5844,hotpot,2,1
n07590611_5849,hotpot,2,4
n07590611_585,hotpot,2,3
n07590611_5856,hotpot,2,3
n07590611_5863,hotpot,2,3
n07590611_5869,hotpot,2,4
n07590611_5874,hotpot,2,0
n07590611_5890,hotpot,2,1
n07590611_590,hotpot,2,1
n07590611_5904,hotpot,2,0
n07590611_5909,hotpot,2,3
n07590611_5914,hotpot,2,1
n07590611_5920,hotpot,2,0
n07590611_5923,hotpot,2,3
n07590611_595,hotpot,2,3
n07590611_5969,hotpot,2,2
n07590611_597,hotpot,2,2
n07590611_5972,hotpot,2,0
n07590611_5989,hotpot,2,1
n07590611_5993,hotpot,2,4
n07590611_60,hotpot,2,1
n07590611_6005,hotpot,2,0
n07590611_6014,hotpot,2,1
n07590611_6034,hotpot,2,2
n07590611_6062,hotpot,2,1
n07590611_6065,hotpot,2,1
n07590611_6069,hotpot,2,3
n07590611_6072,hotpot,2,1
n07590611_6075,hotpot,2,1
n07590611_6084,hotpot,2,1
n07590611_612,hotpot,2,3
n07590611_6136,hotpot,2,0
n07590611_6137,hotpot,2,1
n07590611_6139,hotpot,2,4
n07590611_6146,hotpot,2,2
n07590611_6148,hotpot,2,4
n07590611_6154,hotpot,2,4
n07590611_6165,hotpot,2,3
n07590611_6185,hotpot,2,1
n07590611_6194,hotpot,2,1
n07590611_6212,hotpot,2,2
n07590611_6246,hotpot,2,3
n07590611_6255,hotpot,2,0
n07590611_6263,hotpot,2,3
n07590611_6274,hotpot,2,2
n07590611_6298,hotpot,2,1
n07590611_6299,hotpot,2,2
n07590611_630,hotpot,2,1
n07590611_6318,hotpot,2,3
n07590611_6340,hotpot,2,0
n07590611_6344,hotpot,2,3
n07590611_6354,hotpot,2,1
n07590611_6360,hotpot,2,0
n07590611_6363,hotpot,2,3
n07590611_6371,hotpot,2,3
n07590611_6423,hotpot,2,1
n07590611_6429,hotpot,2,4
n07590611_6438,hotpot,2,0
n07590611_6447,hotpot,2,1
n07590611_6458,hotpot,2,2
n07590611_6461,hotpot,2,3
n07590611_6495,hotpot,2,1
n07590611_6530,hotpot,2,3
n07590611_6533,hotpot,2,1
n07590611_6555,hotpot,2,0
n07590611_6559,hotpot,2,2
n07590611_6563,hotpot,2,4
n07590611_6577,hotpot,2,3
n07590611_6618,hotpot,2,3
n07590611_6624,hotpot,2,4
n07590611_6648,hotpot,2,2
n07590611_6653,hotpot,2,2
n07590611_6679,hotpot,2,1
n07590611_6718,hotpot,2,0
n07590611_6725,hotpot,2,2
n07590611_6785,hotpot,2,1
n07590611_6789,hotpot,2,4
n07590611_6825,hotpot,2,2
n07590611_6848,hotpot,2,1
n07590611_6853,hotpot,2,3
n07590611_6864,hotpot,2,1
n07590611_6883,hotpot,2,1
n07590611_6887,hotpot,2,3
n07590611_6905,hotpot,2,4
n07590611_6930,hotpot,2,0
n07590611_6939,hotpot,2,1
n07590611_6975,hotpot,2,2
n07590611_6985,hotpot,2,3
n07590611_6987,hotpot,2,1
n07590611_6991,hotpot,2,2
n07590611_700,hotpot,2,4
n07590611_7004,hotpot,2,1
n07590611_7021,hotpot,2,2
n07590611_7022,hotpot,2,3
n07590611_7056,hotpot,2,1
n07590611_706,hotpot,2,0
n07590611_7108,hotpot,2,3
n07590611_7149,hotpot,2,3
n07590611_7180,hotpot,2,2
n07590611_7185,hotpot,2,3
n07590611_7188,hotpot,2,1
n07590611_7218,hotpot,2,3
n07590611_7300,hotpot,2,2
n07590611_7306,hotpot,2,3
n07590611_7317,hotpot,2,1
n07590611_7323,hotpot,2,4
n07590611_7326,hotpot,2,4
n07590611_7356,hotpot,2,3
n07590611_7366,hotpot,2,3
n07590611_7369,hotpot,2,0
n07590611_7374,hotpot,2,2
n07590611_7375,hotpot,2,0
n07590611_739,hotpot,2,0
n07590611_7395,hotpot,2,4
n07590611_7400,hotpot,2,3
n07590611_7416,hotpot,2,1
n07590611_7435,hotpot,2,4
n07590611_7464,hotpot,2,0
n07590611_7479,hotpot,2,3
n07590611_7485,hotpot,2,3
n07590611_7489,hotpot,2,2
n07590611_7509,hotpot,2,0
n07590611_7510,hotpot,2,3
n07590611_7511,hotpot,2,0
n07590611_7529,hotpot,2,3
n07590611_7537,hotpot,2,0
n07590611_755,hotpot,2,3
n07590611_7553,hotpot,2,3
n07590611_7566,hotpot,2,4
n07590611_7584,hotpot,2,1
n07590611_7587,hotpot,2,3
n07590611_7626,hotpot,2,1
n07590611_7634,hotpot,2,0
n07590611_7651,hotpot,2,4
n07590611_7667,hotpot,2,1
n07590611_7668,hotpot,2,4
n07590611_7692,hotpot,2,4
n07590611_7698,hotpot,2,1
n07590611_77,hotpot,2,1
n07590611_771,hotpot,2,1
n07590611_7733,hotpot,2,2
n07590611_7734,hotpot,2,1
n07590611_7737,hotpot,2,0
n07590611_7738,hotpot,2,0
n07590611_7741,hotpot,2,3
n07590611_7782,hotpot,2,4
n07590611_7823,hotpot,2,3
n07590611_7829,hotpot,2,3
n07590611_7850,hotpot,2,0
n07590611_7873,hotpot,2,4
n07590611_7881,hotpot,2,2
n07590611_7893,hotpot,2,0
n07590611_7897,hotpot,2,2
n07590611_7907,hotpot,2,4
n07590611_791,hotpot,2,4
n07590611_7916,hotpot,2,4
n07590611_7929,hotpot,2,4
n07590611_7960,hotpot,2,0
n07590611_7963,hotpot,2,4
n07590611_7965,hotpot,2,1
n07590611_7966,hotpot,2,0
n07590611_7980,hotpot,2,2
n07590611_7988,hotpot,2,0
n07590611_8038,hotpot,2,4
n07590611_8055,hotpot,2,0
n07590611_8060,hotpot,2,0
n07590611_8085,hotpot,2,2
n07590611_8091,hotpot,2,2
n07590611_8095,hotpot,2,2
n07590611_8100,hotpot,2,4
n07590611_813,hotpot,2,0
n07590611_8131,hotpot,2,1
n07590611_816,hotpot,2,2
n07590611_8160,hotpot,2,2
n07590611_8161,hotpot,2,2
n07590611_8234,hotpot,2,3
n07590611_8235,hotpot,2,0
n07590611_8236,hotpot,2,3
n07590611_8244,hotpot,2,4
n07590611_8250,hotpot,2,3
n07590611_8253,hotpot,2,1
n07590611_8276,hotpot,2,2
n07590611_8285,hotpot,2,4
n07590611_8288,hotpot,2,4
n07590611_830,hotpot,2,3
n07590611_8303,hotpot,2,1
n07590611_8311,hotpot,2,0
n07590611_8312,hotpot,2,3
n07590611_8313,hotpot,2,4
n07590611_8326,hotpot,2,1
n07590611_8338,hotpot,2,0
n07590611_8340,hotpot,2,2
n07590611_8361,hotpot,2,4
n07590611_8366,hotpot,2,4
n07590611_8380,hotpot,2,3
n07590611_839,hotpot,2,1
n07590611_8399,hotpot,2,4
n07590611_8404,hotpot,2,2
n07590611_8413,hotpot,2,4
n07590611_8472,hotpot,2,0
n07590611_8482,hotpot,2,1
n07590611_8485,hotpot,2,4
n07590611_8486,hotpot,2,1
n07590611_8489,hotpot,2,1
n07590611_8490,hotpot,2,0
n07590611_8512,hotpot,2,4
n07590611_8537,hotpot,2,4
n07590611_8554,hotpot,2,0
n07590611_8568,hotpot,2,3
n07590611_8578,hotpot,2,1
n07590611_8584,hotpot,2,1
n07590611_8593,hotpot,2,0
n07590611_8597,hotpot,2,4
n07590611_8621,hotpot,2,4
n07590611_863,hotpot,2,0
n07590611_8639,hotpot,2,0
n07590611_8662,hotpot,2,1
n07590611_8663,hotpot,2,0
n07590611_8688,hotpot,2,0
n07590611_8691,hotpot,2,4
n07590611_87,hotpot,2,1
n07590611_8701,hotpot,2,0
n07590611_8720,hotpot,2,3
n07590611_8737,hotpot,2,3
n07590611_8741,hotpot,2,1
n07590611_8742,hotpot,2,0
n07590611_8750,hotpot,2,2
n07590611_8756,hotpot,2,3
n07590611_8758,hotpot,2,0
n07590611_877,hotpot,2,4
n07590611_8770,hotpot,2,4
n07590611_8805,hotpot,2,3
n07590611_881,hotpot,2,2
n07590611_882,hotpot,2,4
n07590611_8854,hotpot,2,1
n07590611_8868,hotpot,2,4
n07590611_8874,hotpot,2,0
n07590611_888,hotpot,2,4
n07590611_8898,hotpot,2,2
n07590611_8924,hotpot,2,1
n07590611_8927,hotpot,2,0
n07590611_8937,hotpot,2,1
n07590611_8941,hotpot,2,4
n07590611_8943,hotpot,2,2
n07590611_8959,hotpot,2,3
n07590611_8974,hotpot,2,1
n07590611_899,hotpot,2,2
n07590611_8995,hotpot,2,0
n07590611_9009,hotpot,2,0
n07590611_9027,hotpot,2,3
n07590611_9040,hotpot,2,3
n07590611_9055,hotpot,2,1
n07590611_9056,hotpot,2,0
n07590611_9066,hotpot,2,4
n07590611_9099,hotpot,2,3
n07590611_9128,hotpot,2,0
n07590611_9143,hotpot,2,4
n07590611_9144,hotpot,2,0
n07590611_9166,hotpot,2,4
n07590611_9186,hotpot,2,2
n07590611_9198,hotpot,2,1
n07590611_921,hotpot,2,4
n07590611_9213,hotpot,2,4
n07590611_9222,hotpot,2,0
n07590611_9239,hotpot,2,2
n07590611_9252,hotpot,2,1
n07590611_9253,hotpot,2,0
n07590611_9256,hotpot,2,0
n07590611_9265,hotpot,2,4
n07590611_927,hotpot,2,3
n07590611_9282,hotpot,2,3
n07590611_9284,hotpot,2,4
n07590611_9294,hotpot,2,4
n07590611_9299,hotpot,2,2
n07590611_9304,hotpot,2,4
n07590611_9321,hotpot,2,4
n07590611_9334,hotpot,2,0
n07590611_9338,hotpot,2,3
n07590611_9353,hotpot,2,2
n07590611_9361,hotpot,2,2
n07590611_9377,hotpot,2,3
n07590611_9382,hotpot,2,0
n07590611_9415,hotpot,2,3
n07590611_9424,hotpot,2,3
n07590611_9433,hotpot,2,3
n07590611_9443,hotpot,2,0
n07590611_9445,hotpot,2,2
n07590611_9453,hotpot,2,3
n07590611_9454,hotpot,2,4
n07590611_9464,hotpot,2,2
n07590611_9480,hotpot,2,4
n07590611_95,hotpot,2,3
n07590611_950,hotpot,2,0
n07590611_9524,hotpot,2,2
n07590611_9526,hotpot,2,3
n07590611_9548,hotpot,2,3
n07590611_9550,hotpot,2,0
n07590611_9556,hotpot,2,2
n07590611_9576,hotpot,2,2
n07590611_9612,hotpot,2,4
n07590611_9613,hotpot,2,2
n07590611_9631,hotpot,2,1
n07590611_9660,hotpot,2,3
n07590611_9661,hotpot,2,3
n07590611_9668,hotpot,2,4
n07590611_9702,hotpot,2,3
n07590611_9714,hotpot,2,2
n07590611_9721,hotpot,2,4
n07590611_9754,hotpot,2,1
n07590611_9760,hotpot,2,3
n07590611_9775,hotpot,2,0
n07590611_9777,hotpot,2,4
n07590611_9795,hotpot,2,1
n07590611_9823,hotpot,2,4
n07590611_9845,hotpot,2,2
n07590611_9852,hotpot,2,1
n07590611_9866,hotpot,2,1
n07590611_9882,hotpot,2,3
n07590611_9908,hotpot,2,0
n07590611_9947,hotpot,2,3
n07590611_9952,hotpot,2,4
n07590611_9957,hotpot,2,1
n07590611_9991,hotpot,2,0
n04522168_1,vase,3,1
n04522168_100,vase,3,3
n04522168_10017,vase,3,0
n04522168_10047,vase,3,2
n04522168_10058,vase,3,0
n04522168_10087,vase,3,3
n04522168_10104,vase,3,4
n04522168_10113,vase,3,3
n04522168_10115,vase,3,2
n04522168_10128,vase,3,4
n04522168_10131,vase,3,2
n04522168_10200,vase,3,3
n04522168_10215,vase,3,3
n04522168_10222,vase,3,3
n04522168_10248,vase,3,2
n04522168_10260,vase,3,0
n04522168_10268,vase,3,0
n04522168_10278,vase,3,4
n04522168_10287,vase,3,3
n04522168_1029,vase,3,3
n04522168_10310,vase,3,1
n04522168_10343,vase,3,3
n04522168_10356,vase,3,3
n04522168_10392,vase,3,0
n04522168_10415,vase,3,0
n04522168_1044,vase,3,1
n04522168_10478,vase,3,2
n04522168_10509,vase,3,1
n04522168_10539,vase,3,2
n04522168_10548,vase,3,1
n04522168_10592,vase,3,1
n04522168_10595,vase,3,3
n04522168_10597,vase,3,4
n04522168_10603,vase,3,2
n04522168_10628,vase,3,1
n04522168_10639,vase,3,4
n04522168_10660,vase,3,0
n04522168_10683,vase,3,1
n04522168_10712,vase,3,3
n04522168_10718,vase,3,0
n04522168_10729,vase,3,3
n04522168_10750,vase,3,4
n04522168_10765,vase,3,3
n04522168_10772,vase,3,4
n04522168_10779,vase,3,1
n04522168_10783,vase,3,3
n04522168_10797,vase,3,4
n04522168_10800,vase,3,1
n04522168_10801,vase,3,1
n04522168_1081,vase,3,3
n04522168_10823,vase,3,2
n04522168_10824,vase,3,3
n04522168_10840,vase,3,4
n04522168_10846,vase,3,4
n04522168_10905,vase,3,2
n04522168_10918,vase,3,2
n04522168_10937,vase,3,2
n04522168_10953,vase,3,4
n04522168_10988,vase,3,4
n04522168_11033,vase,3,4
n04522168_11078,vase,3,3
n04522168_11086,vase,3,1
n04522168_11135,vase,3,1
n04522168_11144,vase,3,4
n04522168_11146,vase,3,4
n04522168_11157,vase,3,4
n04522168_11159,vase,3,1
n04522168_11209,vase,3,3
n04522168_11216,vase,3,0
n04522168_11250,vase,3,4
n04522168_11267,vase,3,4
n04522168_11283,vase,3,0
n04522168_11284,vase,3,2
n04522168_11329,vase,3,2
n04522168_11339,vase,3,1
n04522168_11383,vase,3,4
n04522168_11391,vase,3,0
n04522168_11451,vase,3,1
n04522168_11459,vase,3,1
n04522168_11470,vase,3,1
n04522168_11507,vase,3,1
n04522168_1152,vase,3,2
n04522168_11522,vase,3,2
n04522168_11530,vase,3,0
n04522168_11533,vase,3,2
n04522168_11540,vase,3,1
n04522168_11545,vase,3,3
n04522168_1155,vase,3,4
n04522168_11608,vase,3,2
n04522168_11643,vase,3,3
n04522168_11650,vase,3,1
n04522168_11670,vase,3,1
n04522168_11685,vase,3,4
n04522168_11760,vase,3,2
n04522168_11763,vase,3,4
n04522168_11787,vase,3,4
n04522168_11788,vase,3,3
n04522168_11791,vase,3,1
n04522168_11809,vase,3,1
n04522168_11832,vase,3,2
n04522168_11846,vase,3,0
n04522168_1188,vase,3,2
n04522168_11882,vase,3,1
n04522168_11902,vase,3,2
n04522168_11911,vase,3,3
n04522168_11912,vase,3,1
n04522168_11913,vase,3,2
n04522168_11914,vase,3,3
n04522168_1192,vase,3,1
n04522168_11921,vase,3,4
n04522168_11952,vase,3,3
n04522168_12032,vase,3,4
n04522168_12067,vase,3,2
n04522168_12075,vase,3,0
n04522168_12089,vase,3,3
n04522168_1216,vase,3,2
n04522168_12171,vase,3,4
n04522168_12177,vase,3,4
n04522168_12179,vase,3,4
n04522168_12192,vase,3,2
n04522168_12210,vase,3,0
n04522168_1222,vase,3,2
n04522168_12279,vase,3,4
n04522168_1228,vase,3,1
n04522168_12293,vase,3,2
n04522168_123,vase,3,0
n04522168_12336,vase,3,4
n04522168_12342,vase,3,0
n04522168_12351,vase,3,4
n04522168_12357,vase,3,0
n04522168_1236,vase,3,2
n04522168_12368,vase,3,4
n04522168_12375,vase,3,2
n04522168_12376,vase,3,2
n04522168_12389,vase,3,4
n04522168_12403,vase,3,1
n04522168_1241,vase,3,1
n04522168_12410,vase,3,2
n04522168_12432,vase,3,4
n04522168_12448,vase,3,0
n04522168_12455,vase,3,3
n04522168_12469,vase,3,3
n04522168_12491,vase,3,0
n04522168_12495,vase,3,4
n04522168_12592,vase,3,1
n04522168_12637,vase,3,1
n04522168_1270,vase,3,2
n04522168_12716,vase,3,3
n04522168_12720,vase,3,2
n04522168_12735,vase,3,1
n04522168_12741,vase,3,3
n04522168_12803,vase,3,4
n04522168_12814,vase,3,0
n04522168_12854,vase,3,2
n04522168_12860,vase,3,1
n04522168_12881,vase,3,0
n04522168_12888,vase,3,2
n04522168_12894,vase,3,4
n04522168_1290,vase,3,0
n04522168_12901,vase,3,3
n04522168_1292,vase,3,2
n04522168_12932,vase,3,4
n04522168_12941,vase,3,4
n04522168_12959,vase,3,2
n04522168_13038,vase,3,0
n04522168_13073,vase,3,0
n04522168_13101,vase,3,1
n04522168_13115,vase,3,2
n04522168_13118,vase,3,3
n04522168_13122,vase,3,2
n04522168_13144,vase,3,2
n04522168_13165,vase,3,4
n04522168_13187,vase,3,0
n04522168_13209,vase,3,0
n04522168_13245,vase,3,1
n04522168_13260,vase,3,0
n04522168_13280,vase,3,3
n04522168_13287,vase,3,4
n04522168_13319,vase,3,4
n04522168_13328,vase,3,0
n04522168_13330,vase,3,2
n04522168_13337,vase,3,4
n04522168_13354,vase,3,0
n04522168_13355,vase,3,2
n04522168_13368,vase,3,3
n04522168_134,vase,3,0
n04522168_13416,vase,3,0
n04522168_13418,vase,3,1
n04522168_13447,vase,3,4
n04522168_13456,vase,3,3
n04522168_13467,vase,3,1
n04522168_13485,vase,3,2
n04522168_13491,vase,3,0
n04522168_13506,vase,3,0
n04522168_13509,vase,3,0
n04522168_13512,vase,3,3
n04522168_13518,vase,3,3
n04522168_1356,vase,3,2
n04522168_13599,vase,3,1
n04522168_13719,vase,3,3
n04522168_13737,vase,3,0
n04522168_13742,vase,3,2
n04522168_13747,vase,3,3
n04522168_13748,vase,3,4
n04522168_13771,vase,3,1
n04522168_13776,vase,3,0
n04522168_1381,vase,3,2
n04522168_1384,vase,3,0
n04522168_13886,vase,3,4
n04522168_13927,vase,3,3
n04522168_13943,vase,3,3
n04522168_1397,vase,3,3
n04522168_13986,vase,3,1
n04522168_1401,vase,3,0
n04522168_14081,vase,3,4
n04522168_14089,vase,3,1
n04522168_14123,vase,3,1
n04522168_14131,vase,3,3
n04522168_1424,vase,3,0
n04522168_14272,vase,3,4
n04522168_1429,vase,3,0
n04522168_1430,vase,3,4
n04522168_14317,vase,3,1
n04522168_14326,vase,3,4
n04522168_14335,vase,3,4
n04522168_14377,vase,3,0
n04522168_14413,vase,3,4
n04522168_14449,vase,3,3
n04522168_1446,vase,3,4
n04522168_14517,vase,3,1
n04522168_14550,vase,3,4
n04522168_14564,vase,3,0
n04522168_14597,vase,3,2
n04522168_14611,vase,3,4
n04522168_14637,vase,3,1
n04522168_14663,vase,3,1
n04522168_14713,vase,3,3
n04522168_14777,vase,3,3
n04522168_1481,vase,3,3
n04522168_14857,vase,3,3
n04522168_14905,vase,3,3
n04522168_14917,vase,3,0
n04522168_14930,vase,3,4
n04522168_14945,vase,3,4
n04522168_14957,vase,3,2
n04522168_14963,vase,3,4
n04522168_15025,vase,3,2
n04522168_1508,vase,3,4
n04522168_15115,vase,3,4
n04522168_15122,vase,3,4
n04522168_15127,vase,3,0
n04522168_15134,vase,3,3
n04522168_15163,vase,3,2
n04522168_15191,vase,3,0
n04522168_15288,vase,3,2
n04522168_15345,vase,3,1
n04522168_1535,vase,3,0
n04522168_154,vase,3,4
n04522168_15403,vase,3,2
n04522168_15455,vase,3,1
n04522168_15462,vase,3,1
n04522168_15463,vase,3,4
n04522168_1549,vase,3,2
n04522168_15532,vase,3,4
n04522168_15594,vase,3,0
n04522168_15600,vase,3,4
n04522168_15637,vase,3,0
n04522168_15743,vase,3,1
n04522168_15748,vase,3,3
n04522168_1576,vase,3,2
n04522168_15779,vase,3,2
n04522168_15786,vase,3,2
n04522168_15819,vase,3,2
n04522168_15840,vase,3,4
n04522168_15864,vase,3,3
n04522168_15873,vase,3,1
n04522168_15879,vase,3,1
n04522168_15947,vase,3,2
n04522168_1602,vase,3,3
n04522168_1611,vase,3,2
n04522168_1628,vase,3,1
n04522168_16287,vase,3,1
n04522168_1642,vase,3,2
n04522168_1650,vase,3,1
n04522168_16572,vase,3,2
n04522168_16600,vase,3,3
n04522168_1666,vase,3,0
n04522168_16683,vase,3,1
n04522168_16725,vase,3,2
n04522168_1673,vase,3,0
n04522168_16836,vase,3,3
n04522168_1696,vase,3,1
n04522168_16974,vase,3,2
n04522168_1704,vase,3,3
n04522168_17104,vase,3,0
n04522168_17205,vase,3,0
n04522168_17210,vase,3,1
n04522168_17364,vase,3,1
n04522168_17370,vase,3,1
n04522168_17422,vase,3,1
n04522168_17475,vase,3,1
n04522168_1752,vase,3,4
n04522168_17526,vase,3,2
n04522168_1753,vase,3,4
n04522168_17568,vase,3,0
n04522168_17600,vase,3,4
n04522168_17625,vase,3,3
n04522168_17648,vase,3,0
n04522168_17665,vase,3,1
n04522168_17745,vase,3,1
n04522168_17756,vase,3,3
n04522168_17819,vase,3,1
n04522168_17820,vase,3,0
n04522168_17830,vase,3,3
n04522168_17859,vase,3,1
n04522168_17908,vase,3,1
n04522168_17914,vase,3,1
n04522168_17919,vase,3,1
n04522168_1793,vase,3,3
n04522168_17943,vase,3,0
n04522168_1796,vase,3,1
n04522168_18027,vase,3,0
n04522168_1804,vase,3,2
n04522168_18195,vase,3,2
n04522168_18207,vase,3,1
n04522168_18361,vase,3,0
n04522168_18415,vase,3,0
n04522168_18471,vase,3,1
n04522168_18497,vase,3,2
n04522168_18506,vase,3,4
n04522168_18521,vase,3,0
n04522168_18528,vase,3,3
n04522168_18581,vase,3,3
n04522168_18620,vase,3,4
n04522168_18756,vase,3,0
n04522168_18777,vase,3,3
n04522168_18794,vase,3,1
n04522168_1882,vase,3,3
n04522168_18859,vase,3,0
n04522168_18901,vase,3,3
n04522168_19066,vase,3,0
n04522168_1907,vase,3,3
n04522168_19080,vase,3,3
n04522168_192,vase,3,3
n04522168_19232,vase,3,3
n04522168_19284,vase,3,0
n04522168_19351,vase,3,3
n04522168_19363,vase,3,1
n04522168_19374,vase,3,3
n04522168_19404,vase,3,2
n04522168_19414,vase,3,0
n04522168_1942,vase,3,3
n04522168_19498,vase,3,2
n04522168_19520,vase,3,2
n04522168_19546,vase,3,4
n04522168_19559,vase,3,3
n04522168_19588,vase,3,0
n04522168_196,vase,3,4
n04522168_1964,vase,3,1
n04522168_19683,vase,3,1
n04522168_197,vase,3,4
n04522168_19715,vase,3,3
n04522168_19719,vase,3,2
n04522168_19720,vase,3,1
n04522168_19786,vase,3,0
n04522168_1982,vase,3,4
n04522168_19836,vase,3,3
n04522168_19850,vase,3,3
n04522168_19880,vase,3,3
n04522168_19895,vase,3,0
n04522168_19947,vase,3,2
n04522168_2000,vase,3,0
n04522168_20029,vase,3,4
n04522168_2011,vase,3,3
n04522168_20173,vase,3,2
n04522168_20312,vase,3,3
n04522168_2037,vase,3,4
n04522168_2044,vase,3,2
n04522168_2047,vase,3,2
n04522168_20534,vase,3,2
n04522168_20575,vase,3,2
n04522168_20605,vase,3,3
n04522168_2062,vase,3,0
n04522168_2071,vase,3,1
n04522168_20753,vase,3,3
n04522168_20755,vase,3,3
n04522168_20789,vase,3,4
n04522168_2081,vase,3,0
n04522168_20828,vase,3,4
n04522168_20856,vase,3,1
n04522168_20885,vase,3,0
n04522168_20899,vase,3,4
n04522168_20933,vase,3,3
n04522168_20945,vase,3,4
n04522168_20984,vase,3,1
n04522168_21002,vase,3,0
n04522168_21021,vase,3,4
n04522168_21141,vase,3,0
n04522168_21191,vase,3,1
n04522168_2121,vase,3,0
n04522168_21254,vase,3,1
n04522168_2131,vase,3,3
n04522168_21320,vase,3,1
n04522168_21379,vase,3,4
n04522168_21425,vase,3,1
n04522168_21433,vase,3,2
n04522168_21453,vase,3,4
n04522168_21481,vase,3,2
n04522168_2149,vase,3,3
n04522168_21535,vase,3,1
n04522168_21599,vase,3,2
n04522168_21620,vase,3,1
n04522168_21627,vase,3,2
n04522168_21666,vase,3,2
n04522168_21694,vase,3,2
n04522168_21741,vase,3,3
n04522168_21752,vase,3,1
n04522168_21769,vase,3,0
n04522168_21809,vase,3,4
n04522168_2190,vase,3,1
n04522168_22093,vase,3,2
n04522168_22099,vase,3,2
n04522168_22193,vase,3,0
n04522168_22207,vase,3,3
n04522168_22223,vase,3,3
n04522168_22246,vase,3,1
n04522168_22341,vase,3,2
n04522168_22352,vase,3,3
n04522168_22399,vase,3,2
n04522168_2243,vase,3,4
n04522168_22432,vase,3,1
n04522168_22510,vase,3,1
n04522168_22530,vase,3,1
n04522168_22553,vase,3,4
n04522168_22568,vase,3,3
n04522168_22587,vase,3,0
n04522168_22622,vase,3,3
n04522168_2265,vase,3,3
n04522168_2268,vase,3,3
n04522168_22747,vase,3,4
n04522168_22760,vase,3,1
n04522168_22765,vase,3,4
n04522168_2279,vase,3,2
n04522168_22792,vase,3,0
n04522168_22802,vase,3,4
n04522168_22900,vase,3,0
n04522168_22944,vase,3,4
n04522168_23025,vase,3,4
n04522168_23061,vase,3,2
n04522168_23287,vase,3,3
n04522168_23293,vase,3,1
n04522168_23335,vase,3,1
n04522168_23337,vase,3,1
n04522168_2338,vase,3,4
n04522168_23480,vase,3,4
n04522168_23491,vase,3,4
n04522168_23523,vase,3,3
n04522168_23536,vase,3,2
n04522168_23625,vase,3,1
n04522168_23632,vase,3,3
n04522168_23657,vase,3,2
n04522168_2366,vase,3,0
n04522168_23708,vase,3,3
n04522168_23735,vase,3,0
n04522168_23793,vase,3,3
n04522168_2382,vase,3,3
n04522168_23837,vase,3,2
n04522168_23840,vase,3,0
n04522168_23845,vase,3,1
n04522168_23866,vase,3,1
n04522168_23893,vase,3,1
n04522168_23905,vase,3,2
n04522168_23910,vase,3,0
n04522168_23968,vase,3,2
n04522168_24015,vase,3,4
n04522168_24017,vase,3,4
n04522168_24032,vase,3,2
n04522168_24039,vase,3,0
n04522168_24105,vase,3,2
n04522168_2411,vase,3,2
n04522168_24110,vase,3,0
n04522168_24135,vase,3,2
n04522168_24178,vase,3,3
n04522168_24190,vase,3,1
n04522168_24220,vase,3,2
n04522168_2428,vase,3,2
n04522168_24357,vase,3,3
n04522168_24396,vase,3,3
n04522168_24405,vase,3,0
n04522168_24429,vase,3,0
n04522168_24469,vase,3,2
n04522168_24514,vase,3,4
n04522168_24534,vase,3,4
n04522168_24540,vase,3,2
n04522168_24572,vase,3,0
n04522168_2459,vase,3,1
n04522168_24594,vase,3,1
n04522168_24607,vase,3,4
n04522168_24609,vase,3,3
n04522168_24626,vase,3,3
n04522168_24645,vase,3,4
n04522168_24666,vase,3,1
n04522168_24702,vase,3,1
n04522168_24703,vase,3,4
n04522168_24713,vase,3,2
n04522168_2474,vase,3,4
n04522168_24745,vase,3,0
n04522168_2476,vase,3,0
n04522168_2480,vase,3,0
n04522168_24849,vase,3,1
n04522168_24850,vase,3,3
n04522168_2488,vase,3,4
n04522168_24904,vase,3,3
n04522168_2493,vase,3,2
n04522168_24968,vase,3,3
n04522168_2498,vase,3,1
n04522168_24980,vase,3,1
n04522168_2500,vase,3,1
n04522168_25024,vase,3,3
n04522168_25074,vase,3,2
n04522168_25083,vase,3,2
n04522168_251,vase,3,2
n04522168_2510,vase,3,2
n04522168_2516,vase,3,0
n04522168_25203,vase,3,0
n04522168_25255,vase,3,1
n04522168_25296,vase,3,1
n04522168_25304,vase,3,0
n04522168_25308,vase,3,4
n04522168_2531,vase,3,4
n04522168_2534,vase,3,4
n04522168_2535,vase,3,0
n04522168_25356,vase,3,3
n04522168_25369,vase,3,4
n04522168_25371,vase,3,2
n04522168_25390,vase,3,3
n04522168_25442,vase,3,4
n04522168_25502,vase,3,4
n04522168_25504,vase,3,1
n04522168_2553,vase,3,2
n04522168_25560,vase,3,4
n04522168_2558,vase,3,1
n04522168_25582,vase,3,3
n04522168_25591,vase,3,1
n04522168_25599,vase,3,0
n04522168_256,vase,3,2
n04522168_25613,vase,3,4
n04522168_25664,vase,3,0
n04522168_25702,vase,3,0
n04522168_25714,vase,3,2
n04522168_2572,vase,3,4
n04522168_2578,vase,3,1
n04522168_25783,vase,3,4
n04522168_258,vase,3,4
n04522168_25816,vase,3,4
n04522168_25866,vase,3,4
n04522168_25875,vase,3,1
n04522168_25882,vase,3,1
n04522168_2592,vase,3,3
n04522168_25922,vase,3,1
n04522168_25935,vase,3,4
n04522168_25968,vase,3,4
n04522168_25977,vase,3,1
n04522168_26120,vase,3,2
n04522168_26133,vase,3,2
n04522168_2620,vase,3,2
n04522168_26221,vase,3,0
n04522168_26223,vase,3,2
n04522168_2623,vase,3,4
n04522168_26233,vase,3,3
n04522168_2624,vase,3,1
n04522168_2625,vase,3,2
n04522168_26271,vase,3,2
n04522168_26275,vase,3,3
n04522168_26290,vase,3,2
n04522168_26300,vase,3,1
n04522168_26307,vase,3,2
n04522168_26325,vase,3,2
n04522168_2634,vase,3,0
n04522168_2639,vase,3,0
n04522168_2656,vase,3,4
n04522168_26713,vase,3,3
n04522168_26715,vase,3,1
n04522168_2675,vase,3,0
n04522168_26765,vase,3,1
n04522168_2679,vase,3,2
n04522168_2682,vase,3,2
n04522168_2689,vase,3,2
n04522168_26925,vase,3,3
n04522168_2695,vase,3,0
n04522168_27031,vase,3,0
n04522168_27033,vase,3,2
n04522168_27145,vase,3,2
n04522168_27209,vase,3,3
n04522168_27224,vase,3,1
n04522168_27235,vase,3,2
n04522168_2731,vase,3,0
n04522168_2748,vase,3,2
n04522168_2750,vase,3,1
n04522168_2751,vase,3,0
n04522168_27539,vase,3,2
n04522168_2759,vase,3,1
n04522168_27636,vase,3,0
n04522168_27643,vase,3,3
n04522168_2774,vase,3,1
n04522168_27865,vase,3,1
n04522168_2796,vase,3,0
n04522168_28015,vase,3,3
n04522168_28167,vase,3,1
n04522168_28172,vase,3,0
n04522168_28233,vase,3,2
n04522168_2843,vase,3,2
n04522168_28438,vase,3,2
n04522168_28445,vase,3,2
n04522168_28450,vase,3,3
n04522168_2846,vase,3,3
n04522168_28520,vase,3,0
n04522168_2856,vase,3,0
n04522168_28599,vase,3,0
n04522168_28732,vase,3,4
n04522168_2875,vase,3,3
n04522168_28792,vase,3,2
n04522168_2883,vase,3,2
n04522168_2885,vase,3,4
n04522168_2903,vase,3,4
n04522168_2904,vase,3,2
n04522168_29059,vase,3,0
n04522168_2920,vase,3,3
n04522168_29295,vase,3,1
n04522168_29298,vase,3,4
n04522168_29311,vase,3,4
n04522168_29346,vase,3,4
n04522168_29348,vase,3,3
n04522168_2935,vase,3,0
n04522168_29355,vase,3,3
n04522168_2945,vase,3,3
n04522168_2946,vase,3,2
n04522168_29476,vase,3,4
n04522168_29489,vase,3,3
n04522168_29577,vase,3,1
n04522168_29661,vase,3,0
n04522168_29785,vase,3,0
n04522168_2980,vase,3,1
n04522168_29804,vase,3,2
n04522168_29995,vase,3,0
n04522168_30006,vase,3,0
n04522168_30061,vase,3,0
n04522168_30104,vase,3,0
n04522168_30122,vase,3,2
n04522168_30221,vase,3,4
n04522168_3023,vase,3,1
n04522168_3030,vase,3,2
n04522168_30304,vase,3,0
n04522168_30360,vase,3,4
n04522168_30381,vase,3,4
n04522168_3042,vase,3,0
n04522168_30512,vase,3,4
n04522168_30523,vase,3,2
n04522168_3053,vase,3,0
n04522168_3068,vase,3,1
n04522168_30725,vase,3,4
n04522168_30728,vase,3,3
n04522168_30796,vase,3,2
n04522168_30938,vase,3,1
n04522168_30972,vase,3,1
n04522168_30982,vase,3,1
n04522168_3104,vase,3,4
n04522168_31062,vase,3,0
n04522168_3114,vase,3,2
n04522168_31177,vase,3,2
n04522168_31244,vase,3,1
n04522168_31275,vase,3,3
n04522168_31278,vase,3,2
n04522168_3128,vase,3,4
n04522168_31337,vase,3,0
n04522168_3135,vase,3,0
n04522168_3137,vase,3,1
n04522168_31426,vase,3,3
n04522168_31480,vase,3,3
n04522168_31495,vase,3,4
n04522168_31513,vase,3,0
n04522168_31574,vase,3,2
n04522168_31582,vase,3,3
n04522168_31591,vase,3,2
n04522168_31616,vase,3,3
n04522168_31632,vase,3,1
n04522168_31670,vase,3,2
n04522168_31673,vase,3,4
n04522168_3183,vase,3,2
n04522168_31832,vase,3,0
n04522168_31855,vase,3,1
n04522168_31910,vase,3,3
n04522168_32017,vase,3,2
n04522168_32039,vase,3,3
n04522168_32044,vase,3,2
n04522168_3207,vase,3,3
n04522168_32071,vase,3,1
n04522168_32286,vase,3,4
n04522168_32361,vase,3,1
n04522168_3238,vase,3,2
n04522168_3243,vase,3,3
n04522168_32474,vase,3,0
n04522168_32479,vase,3,3
n04522168_32483,vase,3,1
n04522168_326,vase,3,2
n04522168_3263,vase,3,3
n04522168_3267,vase,3,2
n04522168_32740,vase,3,1
n04522168_32801,vase,3,2
n04522168_3284,vase,3,1
n04522168_32868,vase,3,2
n04522168_3293,vase,3,4
n04522168_3299,vase,3,0
n04522168_33013,vase,3,4
n04522168_33017,vase,3,0
n04522168_3305,vase,3,0
n04522168_3307,vase,3,4
n04522168_33094,vase,3,0
n04522168_3315,vase,3,3
n04522168_33154,vase,3,2
n04522168_33177,vase,3,3
n04522168_3319,vase,3,3
n04522168_33204,vase,3,3
n04522168_333,vase,3,2
n04522168_3334,vase,3,3
n04522168_33545,vase,3,2
n04522168_3355,vase,3,2
n04522168_33635,vase,3,0
n04522168_33724,vase,3,0
n04522168_33778,vase,3,4
n04522168_3382,vase,3,0
n04522168_33823,vase,3,0
n04522168_3389,vase,3,3
n04522168_33896,vase,3,3
n04522168_339,vase,3,4
n04522168_33902,vase,3,1
n04522168_33932,vase,3,1
n04522168_33991,vase,3,4
n04522168_34023,vase,3,3
n04522168_3417,vase,3,0
n04522168_3418,vase,3,0
n04522168_34211,vase,3,2
n04522168_3426,vase,3,0
n04522168_34263,vase,3,0
n04522168_34287,vase,3,2
n04522168_3436,vase,3,2
n04522168_34379,vase,3,3
n04522168_3439,vase,3,0
n04522168_34590,vase,3,4
n04522168_3465,vase,3,2
n04522168_34718,vase,3,0
n04522168_34763,vase,3,2
n04522168_34773,vase,3,4
n04522168_34802,vase,3,0
n04522168_34893,vase,3,0
n04522168_34907,vase,3,0
n04522168_3497,vase,3,2
n04522168_34974,vase,3,1
n04522168_35023,vase,3,3
n04522168_35093,vase,3,3
n04522168_35151,vase,3,1
n04522168_3516,vase,3,0
n04522168_3518,vase,3,0
n04522168_35265,vase,3,2
n04522168_35344,vase,3,4
n04522168_35414,vase,3,3
n04522168_35432,vase,3,2
n04522168_35455,vase,3,0
n04522168_35504,vase,3,1
n04522168_3562,vase,3,0
n04522168_35644,vase,3,0
n04522168_3579,vase,3,2
n04522168_35804,vase,3,0
n04522168_35862,vase,3,2
n04522168_3590,vase,3,4
n04522168_3591,vase,3,2
n04522168_3598,vase,3,0
n04522168_36151,vase,3,2
n04522168_3624,vase,3,2
n04522168_3627,vase,3,0
n04522168_3633,vase,3,0
n04522168_3662,vase,3,4
n04522168_36911,vase,3,4
n04522168_3692,vase,3,2
n04522168_3697,vase,3,2
n04522168_3703,vase,3,0
n04522168_37334,vase,3,0
n04522168_37538,vase,3,3
n04522168_3754,vase,3,0
n04522168_37819,vase,3,1
n04522168_37840,vase,3,2
n04522168_38062,vase,3,3
n04522168_38078,vase,3,3
n04522168_38132,vase,3,0
n04522168_3818,vase,3,0
n04522168_38189,vase,3,2
n04522168_3826,vase,3,1
n04522168_38278,vase,3,1
n04522168_38472,vase,3,2
n04522168_38632,vase,3,1
n04522168_38661,vase,3,3
n04522168_38674,vase,3,2
n04522168_3871,vase,3,1
n04522168_38815,vase,3,3
n04522168_3888,vase,3,1
n04522168_38902,vase,3,0
n04522168_390,vase,3,0
n04522168_3920,vase,3,2
n04522168_39327,vase,3,3
n04522168_394,vase,3,0
n04522168_39415,vase,3,3
n04522168_39521,vase,3,1
n04522168_39550,vase,3,0
n04522168_39604,vase,3,3
n04522168_39614,vase,3,1
n04522168_3963,vase,3,1
n04522168_39772,vase,3,1
n04522168_3997,vase,3,4
n04522168_40314,vase,3,3
n04522168_40334,vase,3,4
n04522168_40346,vase,3,4
n04522168_4038,vase,3,0
n04522168_40470,vase,3,1
n04522168_40599,vase,3,0
n04522168_40628,vase,3,3
n04522168_4067,vase,3,1
n04522168_40744,vase,3,4
n04522168_4081,vase,3,2
n04522168_4097,vase,3,4
n04522168_4101,vase,3,4
n04522168_41088,vase,3,1
n04522168_4109,vase,3,3
n04522168_411,vase,3,3
n04522168_41123,vase,3,4
n04522168_41215,vase,3,3
n04522168_41309,vase,3,0
n04522168_4139,vase,3,3
n04522168_4152,vase,3,3
n04522168_41532,vase,3,3
n04522168_41768,vase,3,4
n04522168_41836,vase,3,2
n04522168_4185,vase,3,0
n04522168_41868,vase,3,0
n04522168_41904,vase,3,1
n04522168_41966,vase,3,1
n04522168_41983,vase,3,4
n04522168_4203,vase,3,2
n04522168_42047,vase,3,3
n04522168_42069,vase,3,3
n04522168_4218,vase,3,3
n04522168_4237,vase,3,4
n04522168_42439,vase,3,0
n04522168_4253,vase,3,1
n04522168_42536,vase,3,4
n04522168_42663,vase,3,0
n04522168_42847,vase,3,1
n04522168_4285,vase,3,1
n04522168_4288,vase,3,1
n04522168_43029,vase,3,3
n04522168_43130,vase,3,2
n04522168_4314,vase,3,1
n04522168_43202,vase,3,4
n04522168_43212,vase,3,1
n04522168_43259,vase,3,4
n04522168_4326,vase,3,0
n04522168_43298,vase,3,0
n04522168_4337,vase,3,3
n04522168_43479,vase,3,4
n04522168_4358,vase,3,2
n04522168_4362,vase,3,3
n04522168_4387,vase,3,3
n04522168_4405,vase,3,3
n04522168_4418,vase,3,2
n04522168_44262,vase,3,1
n04522168_4429,vase,3,4
n04522168_44310,vase,3,0
n04522168_44353,vase,3,2
n04522168_44371,vase,3,2
n04522168_4443,vase,3,2
n04522168_44521,vase,3,0
n04522168_44551,vase,3,0
n04522168_44552,vase,3,0
n04522168_44730,vase,3,3
n04522168_4476,vase,3,4
n04522168_44780,vase,3,1
n04522168_44982,vase,3,2
n04522168_44998,vase,3,4
n04522168_45023,vase,3,4
n04522168_45115,vase,3,3
n04522168_45331,vase,3,1
n04522168_45382,vase,3,2
n04522168_45516,vase,3,4
n04522168_45535,vase,3,1
n04522168_4556,vase,3,4
n04522168_45605,vase,3,2
n04522168_4565,vase,3,2
n04522168_4584,vase,3,3
n04522168_4607,vase,3,2
n04522168_46164,vase,3,0
n04522168_46266,vase,3,3
n04522168_4642,vase,3,3
n04522168_46511,vase,3,1
n04522168_46526,vase,3,0
n04522168_46542,vase,3,3
n04522168_46611,vase,3,1
n04522168_46686,vase,3,4
n04522168_46731,vase,3,2
n04522168_46810,vase,3,2
n04522168_46972,vase,3,4
n04522168_4703,vase,3,2
n04522168_47046,vase,3,1
n04522168_47057,vase,3,2
n04522168_47380,vase,3,4
n04522168_47401,vase,3,2
n04522168_47456,vase,3,4
n04522168_475,vase,3,2
n04522168_4752,vase,3,1
n04522168_47595,vase,3,4
n04522168_47650,vase,3,3
n04522168_47666,vase,3,0
n04522168_47672,vase,3,3
n04522168_47776,vase,3,4
n04522168_47829,vase,3,0
n04522168_4786,vase,3,4
n04522168_47875,vase,3,1
n04522168_4789,vase,3,2
n04522168_47988,vase,3,0
n04522168_4799,vase,3,3
n04522168_4804,vase,3,4
n04522168_4805,vase,3,0
n04522168_4806,vase,3,3
n04522168_48172,vase,3,2
n04522168_482,vase,3,3
n04522168_4821,vase,3,1
n04522168_483,vase,3,0
n04522168_48526,vase,3,4
n04522168_4857,vase,3,0
n04522168_48694,vase,3,0
n04522168_487,vase,3,3
n04522168_48834,vase,3,4
n04522168_48879,vase,3,2
n04522168_48930,vase,3,1
n04522168_49024,vase,3,3
n04522168_49052,vase,3,4
n04522168_4914,vase,3,3
n04522168_49149,vase,3,0
n04522168_49155,vase,3,3
n04522168_49172,vase,3,0
n04522168_4934,vase,3,1
n04522168_494,vase,3,3
n04522168_4949,vase,3,3
n04522168_49567,vase,3,1
n04522168_49617,vase,3,0
n04522168_49662,vase,3,2
n04522168_49679,vase,3,1
n04522168_49706,vase,3,1
n04522168_4972,vase,3,2
n04522168_49724,vase,3,3
n04522168_49829,vase,3,2
n04522168_49846,vase,3,2
n04522168_4987,vase,3,4
n04522168_49932,vase,3,3
n04522168_50013,vase,3,1
n04522168_50026,vase,3,3
n04522168_5006,vase,3,3
n04522168_50153,vase,3,1
n04522168_50246,vase,3,4
n04522168_5033,vase,3,4
n04522168_50351,vase,3,3
n04522168_50417,vase,3,2
n04522168_5049,vase,3,3
n04522168_5051,vase,3,3
n04522168_5053,vase,3,4
n04522168_50615,vase,3,2
n04522168_5071,vase,3,4
n04522168_50724,vase,3,4
n04522168_5073,vase,3,3
n04522168_50743,vase,3,3
n04522168_50815,vase,3,2
n04522168_5090,vase,3,0
n04522168_51042,vase,3,2
n04522168_5108,vase,3,3
n04522168_51089,vase,3,1
n04522168_5120,vase,3,3
n04522168_5125,vase,3,1
n04522168_51376,vase,3,4
n04522168_51403,vase,3,1
n04522168_5163,vase,3,0
n04522168_51723,vase,3,4
n04522168_51745,vase,3,3
n04522168_51776,vase,3,4
n04522168_51844,vase,3,4
n04522168_5186,vase,3,0
n04522168_5190,vase,3,1
n04522168_5193,vase,3,0
n04522168_52106,vase,3,0
n04522168_5220,vase,3,1
n04522168_52406,vase,3,4
n04522168_52441,vase,3,4
n04522168_52538,vase,3,2
n04522168_5254,vase,3,4
n04522168_52592,vase,3,4
n04522168_52635,vase,3,0
n04522168_5278,vase,3,4
n04522168_52849,vase,3,0
n04522168_529,vase,3,2
n04522168_5294,vase,3,0
n04522168_5297,vase,3,2
n04522168_52998,vase,3,3
n04522168_530,vase,3,1
n04522168_53179,vase,3,3
n04522168_534,vase,3,3
n04522168_5341,vase,3,4
n04522168_535,vase,3,3
n04522168_5360,vase,3,4
n04522168_5361,vase,3,3
n04522168_53697,vase,3,3
n04522168_538,vase,3,3
n04522168_53842,vase,3,0
n04522168_5385,vase,3,3
n04522168_53855,vase,3,4
n04522168_5398,vase,3,0
n04522168_54076,vase,3,4
n04522168_5420,vase,3,2
n04522168_54241,vase,3,1
n04522168_5428,vase,3,0
n04522168_54333,vase,3,4
n04522168_54334,vase,3,3
n04522168_5436,vase,3,3
n04522168_54428,vase,3,2
n04522168_54512,vase,3,0
n04522168_5461,vase,3,1
n04522168_54613,vase,3,2
n04522168_5483,vase,3,4
n04522168_5501,vase,3,2
n04522168_55033,vase,3,3
n04522168_55115,vase,3,2
n04522168_55269,vase,3,3
n04522168_5538,vase,3,1
n04522168_5543,vase,3,4
n04522168_55482,vase,3,1
n04522168_5549,vase,3,4
n04522168_55536,vase,3,2
n04522168_5561,vase,3,1
n04522168_5566,vase,3,1
n04522168_55734,vase,3,0
n04522168_55810,vase,3,2
n04522168_5585,vase,3,4
n04522168_56091,vase,3,0
n04522168_56474,vase,3,2
n04522168_56552,vase,3,0
n04522168_56667,vase,3,4
n04522168_5667,vase,3,4
n04522168_56708,vase,3,0
n04522168_56721,vase,3,2
n04522168_56741,vase,3,4
n04522168_56823,vase,3,4
n04522168_5691,vase,3,2
n04522168_5698,vase,3,3
n04522168_5699,vase,3,1
n04522168_57049,vase,3,3
n04522168_57098,vase,3,2
n04522168_5712,vase,3,1
n04522168_5725,vase,3,1
n04522168_57375,vase,3,1
n04522168_5740,vase,3,4
n04522168_5760,vase,3,0
n04522168_5786,vase,3,4
n04522168_5820,vase,3,1
n04522168_5869,vase,3,1
n04522168_5880,vase,3,4
n04522168_5888,vase,3,0
n04522168_5895,vase,3,1
n04522168_5977,vase,3,0
n04522168_5994,vase,3,0
n04522168_5996,vase,3,1
n04522168_60,vase,3,4
n04522168_602,vase,3,2
n04522168_6028,vase,3,4
n04522168_6056,vase,3,0
n04522168_6065,vase,3,4
n04522168_6066,vase,3,2
n04522168_6067,vase,3,3
n04522168_6068,vase,3,4
n04522168_6115,vase,3,2
n04522168_6132,vase,3,4
n04522168_6140,vase,3,3
n04522168_615,vase,3,0
n04522168_6183,vase,3,0
n04522168_6184,vase,3,1
n04522168_6194,vase,3,0
n04522168_620,vase,3,3
n04522168_6205,vase,3,2
n04522168_6213,vase,3,0
n04522168_6237,vase,3,2
n04522168_6246,vase,3,2
n04522168_6247,vase,3,0
n04522168_6297,vase,3,0
n04522168_632,vase,3,3
n04522168_6326,vase,3,2
n04522168_6333,vase,3,4
n04522168_6346,vase,3,1
n04522168_6383,vase,3,4
n04522168_6394,vase,3,0
n04522168_6409,vase,3,3
n04522168_6421,vase,3,1
n04522168_6439,vase,3,2
n04522168_6441,vase,3,4
n04522168_6477,vase,3,1
n04522168_6505,vase,3,3
n04522168_6512,vase,3,3
n04522168_6529,vase,3,1
n04522168_6575,vase,3,3
n04522168_6591,vase,3,4
n04522168_6604,vase,3,0
n04522168_6614,vase,3,2
n04522168_6619,vase,3,1
n04522168_6641,vase,3,2
n04522168_6659,vase,3,0
n04522168_6662,vase,3,4
n04522168_670,vase,3,2
n04522168_6707,vase,3,0
n04522168_6736,vase,3,1
n04522168_6743,vase,3,1
n04522168_6818,vase,3,1
n04522168_683,vase,3,1
n04522168_6895,vase,3,2
n04522168_691,vase,3,4
n04522168_6942,vase,3,1
n04522168_6979,vase,3,3
n04522168_6997,vase,3,4
n04522168_7028,vase,3,3
n04522168_7095,vase,3,4
n04522168_7113,vase,3,2
n04522168_7114,vase,3,3
n04522168_7124,vase,3,4
n04522168_7135,vase,3,2
n04522168_7144,vase,3,0
n04522168_7150,vase,3,3
n04522168_7281,vase,3,3
n04522168_7292,vase,3,1
n04522168_7294,vase,3,3
n04522168_7304,vase,3,1
n04522168_7319,vase,3,2
n04522168_735,vase,3,2
n04522168_7351,vase,3,2
n04522168_7360,vase,3,1
n04522168_7436,vase,3,3
n04522168_7458,vase,3,0
n04522168_7498,vase,3,0
n04522168_7509,vase,3,1
n04522168_7649,vase,3,1
n04522168_7664,vase,3,1
n04522168_7691,vase,3,0
n04522168_7706,vase,3,3
n04522168_7709,vase,3,3
n04522168_7717,vase,3,0
n04522168_7718,vase,3,2
n04522168_7738,vase,3,1
n04522168_7742,vase,3,3
n04522168_7743,vase,3,4
n04522168_7744,vase,3,4
n04522168_7783,vase,3,3
n04522168_7808,vase,3,0
n04522168_7816,vase,3,0
n04522168_7819,vase,3,0
n04522168_7820,vase,3,4
n04522168_7822,vase,3,4
n04522168_7826,vase,3,1
n04522168_7854,vase,3,1
n04522168_7863,vase,3,2
n04522168_7879,vase,3,1
n04522168_7898,vase,3,1
n04522168_7911,vase,3,3
n04522168_7922,vase,3,4
n04522168_7967,vase,3,1
n04522168_7971,vase,3,0
n04522168_7979,vase,3,1
n04522168_7986,vase,3,4
n04522168_8020,vase,3,1
n04522168_8032,vase,3,0
n04522168_8034,vase,3,0
n04522168_8044,vase,3,0
n04522168_8057,vase,3,0
n04522168_8106,vase,3,4
n04522168_8114,vase,3,4
n04522168_8140,vase,3,3
n04522168_8146,vase,3,0
n04522168_8150,vase,3,0
n04522168_8167,vase,3,1
n04522168_8191,vase,3,3
n04522168_8210,vase,3,1
n04522168_8231,vase,3,3
n04522168_8247,vase,3,1
n04522168_8253,vase,3,4
n04522168_8264,vase,3,3
n04522168_8273,vase,3,4
n04522168_8284,vase,3,2
n04522168_8317,vase,3,4
n04522168_8330,vase,3,4
n04522168_8353,vase,3,1
n04522168_8354,vase,3,4
n04522168_8356,vase,3,4
n04522168_8399,vase,3,2
n04522168_8427,vase,3,4
n04522168_8429,vase,3,0
n04522168_8440,vase,3,2
n04522168_8441,vase,3,4
n04522168_8442,vase,3,4
n04522168_8470,vase,3,1
n04522168_8491,vase,3,4
n04522168_8497,vase,3,0
n04522168_8516,vase,3,1
n04522168_8523,vase,3,2
n04522168_8547,vase,3,1
n04522168_8606,vase,3,0
n04522168_8620,vase,3,0
n04522168_8635,vase,3,3
n04522168_8660,vase,3,0
n04522168_8683,vase,3,1
n04522168_8699,vase,3,2
n04522168_8712,vase,3,3
n04522168_8714,vase,3,1
n04522168_8718,vase,3,2
n04522168_8735,vase,3,2
n04522168_8736,vase,3,0
n04522168_8739,vase,3,4
n04522168_8783,vase,3,4
n04522168_8813,vase,3,4
n04522168_8827,vase,3,3
n04522168_8833,vase,3,3
n04522168_8901,vase,3,4
n04522168_8928,vase,3,0
n04522168_895,vase,3,3
n04522168_8963,vase,3,3
n04522168_8987,vase,3,4
n04522168_8988,vase,3,2
n04522168_9016,vase,3,2
n04522168_9053,vase,3,4
n04522168_9063,vase,3,0
n04522168_9067,vase,3,0
n04522168_9086,vase,3,0
n04522168_9096,vase,3,4
n04522168_9121,vase,3,0
n04522168_9140,vase,3,1
n04522168_9145,vase,3,2
n04522168_9148,vase,3,3
n04522168_9151,vase,3,1
n04522168_9174,vase,3,1
n04522168_9216,vase,3,4
n04522168_9222,vase,3,0
n04522168_9257,vase,3,1
n04522168_9281,vase,3,0
n04522168_929,vase,3,0
n04522168_9291,vase,3,3
n04522168_9327,vase,3,1
n04522168_9340,vase,3,3
n04522168_9369,vase,3,3
n04522168_9443,vase,3,0
n04522168_9467,vase,3,2
n04522168_9471,vase,3,4
n04522168_9487,vase,3,0
n04522168_9496,vase,3,2
n04522168_9505,vase,3,1
n04522168_951,vase,3,1
n04522168_9513,vase,3,4
n04522168_9517,vase,3,3
n04522168_9532,vase,3,1
n04522168_9545,vase,3,0
n04522168_9555,vase,3,1
n04522168_9563,vase,3,3
n04522168_9616,vase,3,4
n04522168_9649,vase,3,2
n04522168_9654,vase,3,4
n04522168_9670,vase,3,4
n04522168_9684,vase,3,0
n04522168_9693,vase,3,0
n04522168_9710,vase,3,1
n04522168_9717,vase,3,1
n04522168_9718,vase,3,0
n04522168_9736,vase,3,1
n04522168_9764,vase,3,4
n04522168_9774,vase,3,0
n04522168_9777,vase,3,1
n04522168_979,vase,3,0
n04522168_9801,vase,3,3
n04522168_9805,vase,3,3
n04522168_9824,vase,3,2
n04522168_9829,vase,3,3
n04522168_9856,vase,3,1
n04522168_9858,vase,3,2
n04522168_9912,vase,3,4
n04522168_9929,vase,3,1
n04522168_9930,vase,3,0
n04522168_9932,vase,3,3
n04522168_9934,vase,3,4
n04522168_9946,vase,3,1
n04522168_9957,vase,3,3
n04522168_9963,vase,3,3
n04522168_9997,vase,3,2
n07590611_1,hotpot,3,1
n07590611_10019,hotpot,3,4
n07590611_10068,hotpot,3,0
n07590611_10109,hotpot,3,1
n07590611_1011,hotpot,3,2
n07590611_10126,hotpot,3,0
n07590611_10139,hotpot,3,4
n07590611_1014,hotpot,3,0
n07590611_10158,hotpot,3,3
n07590611_1016,hotpot,3,0
n07590611_10194,hotpot,3,0
n07590611_10233,hotpot,3,1
n07590611_10262,hotpot,3,0
n07590611_10268,hotpot,3,3
n07590611_10299,hotpot,3,0
n07590611_1031,hotpot,3,0
n07590611_10312,hotpot,3,1
n07590611_10336,hotpot,3,1
n07590611_10340,hotpot,3,0
n07590611_10341,hotpot,3,0
n07590611_1038,hotpot,3,3
n07590611_1042,hotpot,3,4
n07590611_10453,hotpot,3,1
n07590611_10455,hotpot,3,1
n07590611_10471,hotpot,3,1
n07590611_10504,hotpot,3,3
n07590611_10516,hotpot,3,4
n07590611_10531,hotpot,3,4
n07590611_1055,hotpot,3,4
n07590611_10558,hotpot,3,2
n07590611_10571,hotpot,3,0
n07590611_10580,hotpot,3,3
n07590611_1061,hotpot,3,1
n07590611_10633,hotpot,3,0
n07590611_1064,hotpot,3,0
n07590611_10657,hotpot,3,4
n07590611_10669,hotpot,3,4
n07590611_1067,hotpot,3,0
n07590611_10679,hotpot,3,2
n07590611_10684,hotpot,3,2
n07590611_10697,hotpot,3,1
n07590611_10705,hotpot,3,2
n07590611_10713,hotpot,3,1
n07590611_10731,hotpot,3,0
n07590611_10763,hotpot,3,3
n07590611_10765,hotpot,3,3
n07590611_10775,hotpot,3,2
n07590611_10786,hotpot,3,2
n07590611_10787,hotpot,3,1
n07590611_10813,hotpot,3,1
n07590611_1083,hotpot,3,0
n07590611_10848,hotpot,3,2
n07590611_10901,hotpot,3,2
n07590611_10960,hotpot,3,2
n07590611_10987,hotpot,3,3
n07590611_11016,hotpot,3,1
n07590611_1105,hotpot,3,0
n07590611_11071,hotpot,3,1
n07590611_11089,hotpot,3,4
n07590611_11092,hotpot,3,2
n07590611_11102,hotpot,3,0
n07590611_11106,hotpot,3,0
n07590611_11108,hotpot,3,3
n07590611_11113,hotpot,3,0
n07590611_11129,hotpot,3,1
n07590611_11131,hotpot,3,4
n07590611_11132,hotpot,3,0
n07590611_11137,hotpot,3,1
n07590611_1116,hotpot,3,3
n07590611_11208,hotpot,3,2
n07590611_1121,hotpot,3,2
n07590611_1124,hotpot,3,3
n07590611_11242,hotpot,3,4
n07590611_11245,hotpot,3,4
n07590611_11249,hotpot,3,4
n07590611_11251,hotpot,3,0
n07590611_11258,hotpot,3,2
n07590611_11275,hotpot,3,1
n07590611_11289,hotpot,3,4
n07590611_11292,hotpot,3,1
n07590611_11331,hotpot,3,1
n07590611_11344,hotpot,3,3
n07590611_11345,hotpot,3,1
n07590611_11356,hotpot,3,0
n07590611_11363,hotpot,3,3
n07590611_11374,hotpot,3,1
n07590611_11384,hotpot,3,4
n07590611_11416,hotpot,3,2
n07590611_11441,hotpot,3,1
n07590611_11446,hotpot,3,0
n07590611_11459,hotpot,3,3
n07590611_11465,hotpot,3,3
n07590611_11501,hotpot,3,0
n07590611_11504,hotpot,3,0
n07590611_11506,hotpot,3,2
n07590611_11531,hotpot,3,2
n07590611_11542,hotpot,3,2
n07590611_11549,hotpot,3,3
n07590611_11550,hotpot,3,0
n07590611_11561,hotpot,3,2
n07590611_11597,hotpot,3,3
n07590611_11607,hotpot,3,4
n07590611_11613,hotpot,3,1
n07590611_11637,hotpot,3,3
n07590611_11639,hotpot,3,3
n07590611_11672,hotpot,3,3
n07590611_11680,hotpot,3,2
n07590611_11704,hotpot,3,0
n07590611_11748,hotpot,3,4
n07590611_11764,hotpot,3,3
n07590611_11790,hotpot,3,2
n07590611_11792,hotpot,3,1
n07590611_11798,hotpot,3,4
n07590611_11804,hotpot,3,2
n07590611_11808,hotpot,3,0
n07590611_11818,hotpot,3,0
n07590611_11826,hotpot,3,1
n07590611_11827,hotpot,3,1
n07590611_11831,hotpot,3,2
n07590611_11842,hotpot,3,3
n07590611_11867,hotpot,3,0
n07590611_1188,hotpot,3,3
n07590611_11883,hotpot,3,3
n07590611_11891,hotpot,3,4
n07590611_11892,hotpot,3,3
n07590611_1190,hotpot,3,2
n07590611_11900,hotpot,3,3
n07590611_11905,hotpot,3,0
n07590611_11912,hotpot,3,2
n07590611_11918,hotpot,3,1
n07590611_11944,hotpot,3,3
n07590611_11957,hotpot,3,1
n07590611_11968,hotpot,3,4
n07590611_11999,hotpot,3,3
n07590611_12022,hotpot,3,0
n07590611_12044,hotpot,3,2
n07590611_12055,hotpot,3,2
n07590611_12088,hotpot,3,2
n07590611_12104,hotpot,3,0
n07590611_12110,hotpot,3,0
n07590611_12151,hotpot,3,0
n07590611_12157,hotpot,3,3
n07590611_1216,hotpot,3,2
n07590611_12177,hotpot,3,3
n07590611_12185,hotpot,3,1
n07590611_12203,hotpot,3,3
n07590611_12209,hotpot,3,4
n07590611_12232,hotpot,3,3
n07590611_12237,hotpot,3,1
n07590611_12242,hotpot,3,4
n07590611_12249,hotpot,3,0
n07590611_12293,hotpot,3,3
n07590611_12315,hotpot,3,4
n07590611_12349,hotpot,3,4
n07590611_12379,hotpot,3,0
n07590611_1238,hotpot,3,4
n07590611_12394,hotpot,3,2
n07590611_12466,hotpot,3,3
n07590611_12475,hotpot,3,3
n07590611_12493,hotpot,3,1
n07590611_12494,hotpot,3,2
n07590611_12514,hotpot,3,3
n07590611_12516,hotpot,3,0
n07590611_12522,hotpot,3,4
n07590611_12535,hotpot,3,4
n07590611_1255,hotpot,3,1
n07590611_12596,hotpot,3,3
n07590611_12609,hotpot,3,4
n07590611_1261,hotpot,3,0
n07590611_12621,hotpot,3,3
n07590611_12626,hotpot,3,4
n07590611_12633,hotpot,3,1
n07590611_12660,hotpot,3,4
n07590611_12697,hotpot,3,3
n07590611_12707,hotpot,3,2
n07590611_12732,hotpot,3,4
n07590611_12740,hotpot,3,4
n07590611_12787,hotpot,3,3
n07590611_12800,hotpot,3,1
n07590611_1282,hotpot,3,0
n07590611_12821,hotpot,3,1
n07590611_12825,hotpot,3,1
n07590611_12852,hotpot,3,2
n07590611_12857,hotpot,3,0
n07590611_12871,hotpot,3,3
n07590611_12888,hotpot,3,2
n07590611_12913,hotpot,3,1
n07590611_12918,hotpot,3,1
n07590611_12949,hotpot,3,0
n07590611_12962,hotpot,3,3
n07590611_12993,hotpot,3,2
n07590611_12995,hotpot,3,3
n07590611_13,hotpot,3,4
n07590611_13013,hotpot,3,4
n07590611_13043,hotpot,3,4
n07590611_13057,hotpot,3,1
n07590611_13061,hotpot,3,3
n07590611_13066,hotpot,3,3
n07590611_13078,hotpot,3,2
n07590611_13080,hotpot,3,4
n07590611_13083,hotpot,3,1
n07590611_13089,hotpot,3,3
n07590611_13108,hotpot,3,4
n07590611_13127,hotpot,3,3
n07590611_13196,hotpot,3,0
n07590611_13212,hotpot,3,3
n07590611_1322,hotpot,3,2
n07590611_13234,hotpot,3,2
n07590611_13236,hotpot,3,4
n07590611_13243,hotpot,3,4
n07590611_1329,hotpot,3,4
n07590611_13292,hotpot,3,4
n07590611_133,hotpot,3,0
n07590611_13302,hotpot,3,1
n07590611_13320,hotpot,3,3
n07590611_13339,hotpot,3,1
n07590611_13348,hotpot,3,4
n07590611_13354,hotpot,3,3
n07590611_13358,hotpot,3,1
n07590611_13435,hotpot,3,0
n07590611_13442,hotpot,3,1
n07590611_13450,hotpot,3,3
n07590611_13467,hotpot,3,2
n07590611_13475,hotpot,3,0
n07590611_13514,hotpot,3,2
n07590611_13522,hotpot,3,2
n07590611_13529,hotpot,3,3
n07590611_13531,hotpot,3,1
n07590611_13547,hotpot,3,1
n07590611_13558,hotpot,3,2
n07590611_13579,hotpot,3,2
n07590611_13589,hotpot,3,1
n07590611_13595,hotpot,3,4
n07590611_13647,hotpot,3,1
n07590611_13650,hotpot,3,4
n07590611_13678,hotpot,3,3
n07590611_13681,hotpot,3,2
n07590611_13718,hotpot,3,2
n07590611_13722,hotpot,3,0
n07590611_13732,hotpot,3,4
n07590611_1374,hotpot,3,3
n07590611_13741,hotpot,3,3
n07590611_1376,hotpot,3,0
n07590611_13761,hotpot,3,3
n07590611_1377,hotpot,3,4
n07590611_13775,hotpot,3,1
n07590611_13780,hotpot,3,1
n07590611_13805,hotpot,3,3
n07590611_13827,hotpot,3,0
n07590611_1383,hotpot,3,0
n07590611_13840,hotpot,3,2
n07590611_13847,hotpot,3,1
n07590611_13886,hotpot,3,0
n07590611_13889,hotpot,3,1
n07590611_13903,hotpot,3,4
n07590611_13916,hotpot,3,0
n07590611_13922,hotpot,3,4
n07590611_13927,hotpot,3,4
n07590611_13928,hotpot,3,1
n07590611_1394,hotpot,3,1
n07590611_13940,hotpot,3,3
n07590611_1399,hotpot,3,4
n07590611_13991,hotpot,3,1
n07590611_14028,hotpot,3,2
n07590611_14031,hotpot,3,4
n07590611_1407,hotpot,3,4
n07590611_14073,hotpot,3,2
n07590611_14107,hotpot,3,3
n07590611_14150,hotpot,3,4
n07590611_14229,hotpot,3,2
n07590611_14248,hotpot,3,2
n07590611_14255,hotpot,3,0
n07590611_14322,hotpot,3,4
n07590611_14369,hotpot,3,0
n07590611_14370,hotpot,3,2
n07590611_14392,hotpot,3,1
n07590611_14396,hotpot,3,0
n07590611_1443,hotpot,3,2
n07590611_14436,hotpot,3,3
n07590611_14465,hotpot,3,1
n07590611_14493,hotpot,3,3
n07590611_14508,hotpot,3,2
n07590611_14527,hotpot,3,1
n07590611_14533,hotpot,3,3
n07590611_1459,hotpot,3,2
n07590611_14604,hotpot,3,1
n07590611_14606,hotpot,3,0
n07590611_14617,hotpot,3,1
n07590611_14624,hotpot,3,0
n07590611_14628,hotpot,3,4
n07590611_14651,hotpot,3,0
n07590611_14652,hotpot,3,3
n07590611_1466,hotpot,3,0
n07590611_14675,hotpot,3,4
n07590611_14731,hotpot,3,3
n07590611_14736,hotpot,3,3
n07590611_14760,hotpot,3,1
n07590611_14775,hotpot,3,2
n07590611_14788,hotpot,3,2
n07590611_14808,hotpot,3,2
n07590611_14828,hotpot,3,3
n07590611_1483,hotpot,3,1
n07590611_1486,hotpot,3,3
n07590611_14860,hotpot,3,3
n07590611_14862,hotpot,3,2
n07590611_14871,hotpot,3,2
n07590611_14906,hotpot,3,2
n07590611_1494,hotpot,3,3
n07590611_1495,hotpot,3,0
n07590611_1496,hotpot,3,2
n07590611_14981,hotpot,3,3
n07590611_1500,hotpot,3,3
n07590611_15040,hotpot,3,0
n07590611_1505,hotpot,3,1
n07590611_1506,hotpot,3,2
n07590611_15090,hotpot,3,4
n07590611_151,hotpot,3,3
n07590611_15113,hotpot,3,0
n07590611_15135,hotpot,3,3
n07590611_1516,hotpot,3,0
n07590611_1517,hotpot,3,1
n07590611_15226,hotpot,3,2
n07590611_1524,hotpot,3,2
n07590611_15243,hotpot,3,2
n07590611_15254,hotpot,3,4
n07590611_15269,hotpot,3,3
n07590611_15305,hotpot,3,1
n07590611_15321,hotpot,3,4
n07590611_1536,hotpot,3,2
n07590611_1537,hotpot,3,0
n07590611_15396,hotpot,3,3
n07590611_15432,hotpot,3,2
n07590611_15480,hotpot,3,0
n07590611_15492,hotpot,3,0
n07590611_15508,hotpot,3,4
n07590611_15529,hotpot,3,2
n07590611_15534,hotpot,3,0
n07590611_15738,hotpot,3,4
n07590611_15757,hotpot,3,2
n07590611_1576,hotpot,3,2
n07590611_158,hotpot,3,4
n07590611_15804,hotpot,3,4
n07590611_15812,hotpot,3,0
n07590611_15858,hotpot,3,2
n07590611_15873,hotpot,3,4
n07590611_1596,hotpot,3,4
n07590611_15985,hotpot,3,1
n07590611_16009,hotpot,3,4
n07590611_1602,hotpot,3,1
n07590611_16034,hotpot,3,1
n07590611_16054,hotpot,3,1
n07590611_16059,hotpot,3,1
n07590611_16083,hotpot,3,4
n07590611_16089,hotpot,3,2
n07590611_16095,hotpot,3,2
n07590611_16157,hotpot,3,4
n07590611_16159,hotpot,3,0
n07590611_16216,hotpot,3,1
n07590611_16336,hotpot,3,3
n07590611_16338,hotpot,3,0
n07590611_16398,hotpot,3,1
n07590611_16404,hotpot,3,0
n07590611_16410,hotpot,3,1
n07590611_16422,hotpot,3,4
n07590611_16429,hotpot,3,3
n07590611_16457,hotpot,3,0
n07590611_1648,hotpot,3,1
n07590611_16510,hotpot,3,3
n07590611_1655,hotpot,3,2
n07590611_16607,hotpot,3,4
n07590611_16706,hotpot,3,1
n07590611_16707,hotpot,3,3
n07590611_16718,hotpot,3,0
n07590611_1672,hotpot,3,3
n07590611_16742,hotpot,3,3
n07590611_16771,hotpot,3,1
n07590611_16792,hotpot,3,1
n07590611_16813,hotpot,3,2
n07590611_16820,hotpot,3,3
n07590611_16884,hotpot,3,4
n07590611_16979,hotpot,3,1
n07590611_17003,hotpot,3,4
n07590611_17044,hotpot,3,1
n07590611_1705,hotpot,3,3
n07590611_17087,hotpot,3,3
n07590611_17194,hotpot,3,2
n07590611_17198,hotpot,3,3
n07590611_17199,hotpot,3,3
n07590611_17257,hotpot,3,4
n07590611_17361,hotpot,3,4
n07590611_17364,hotpot,3,0
n07590611_17389,hotpot,3,2
n07590611_17411,hotpot,3,0
n07590611_17422,hotpot,3,4
n07590611_17485,hotpot,3,4
n07590611_1750,hotpot,3,2
n07590611_17507,hotpot,3,2
n07590611_17540,hotpot,3,3
n07590611_17557,hotpot,3,0
n07590611_17560,hotpot,3,3
n07590611_17634,hotpot,3,1
n07590611_17675,hotpot,3,2
n07590611_17763,hotpot,3,0
n07590611_17807,hotpot,3,3
n07590611_1785,hotpot,3,3
n07590611_17866,hotpot,3,0
n07590611_1789,hotpot,3,1
n07590611_17894,hotpot,3,3
n07590611_17896,hotpot,3,2
n07590611_17912,hotpot,3,1
n07590611_17948,hotpot,3,1
n07590611_17949,hotpot,3,4
n07590611_17959,hotpot,3,3
n07590611_18022,hotpot,3,1
n07590611_18060,hotpot,3,4
n07590611_18076,hotpot,3,0
n07590611_18083,hotpot,3,0
n07590611_1809,hotpot,3,4
n07590611_18149,hotpot,3,0
n07590611_18151,hotpot,3,3
n07590611_18177,hotpot,3,1
n07590611_18195,hotpot,3,2
n07590611_182,hotpot,3,2
n07590611_18225,hotpot,3,2
n07590611_18238,hotpot,3,3
n07590611_183,hotpot,3,2
n07590611_18309,hotpot,3,3
n07590611_18312,hotpot,3,2
n07590611_18342,hotpot,3,2
n07590611_1835,hotpot,3,0
n07590611_1837,hotpot,3,4
n07590611_18436,hotpot,3,4
n07590611_18450,hotpot,3,2
n07590611_1852,hotpot,3,3
n07590611_18552,hotpot,3,1
n07590611_18740,hotpot,3,1
n07590611_18741,hotpot,3,0
n07590611_18757,hotpot,3,4
n07590611_18823,hotpot,3,0
n07590611_18855,hotpot,3,4
n07590611_1888,hotpot,3,4
n07590611_1890,hotpot,3,3
n07590611_18920,hotpot,3,0
n07590611_18951,hotpot,3,1
n07590611_19052,hotpot,3,4
n07590611_19063,hotpot,3,0
n07590611_19068,hotpot,3,3
n07590611_19069,hotpot,3,0
n07590611_19100,hotpot,3,0
n07590611_19144,hotpot,3,4
n07590611_19166,hotpot,3,2
n07590611_1919,hotpot,3,1
n07590611_19196,hotpot,3,2
n07590611_19226,hotpot,3,0
n07590611_19244,hotpot,3,2
n07590611_1935,hotpot,3,0
n07590611_19363,hotpot,3,3
n07590611_19407,hotpot,3,2
n07590611_19425,hotpot,3,0
n07590611_19427,hotpot,3,1
n07590611_19455,hotpot,3,0
n07590611_19468,hotpot,3,1
n07590611_1949,hotpot,3,2
n07590611_19541,hotpot,3,4
n07590611_19551,hotpot,3,1
n07590611_19556,hotpot,3,3
n07590611_19565,hotpot,3,3
n07590611_1963,hotpot,3,4
n07590611_19639,hotpot,3,1
n07590611_19663,hotpot,3,4
n07590611_1973,hotpot,3,3
n07590611_19771,hotpot,3,1
n07590611_19809,hotpot,3,3
n07590611_19893,hotpot,3,2
n07590611_19940,hotpot,3,1
n07590611_19947,hotpot,3,1
n07590611_19963,hotpot,3,1
n07590611_19980,hotpot,3,0
n07590611_20012,hotpot,3,2
n07590611_20102,hotpot,3,0
n07590611_20152,hotpot,3,0
n07590611_20166,hotpot,3,3
n07590611_20173,hotpot,3,1
n07590611_20180,hotpot,3,1
n07590611_20257,hotpot,3,1
n07590611_20297,hotpot,3,3
n07590611_20299,hotpot,3,1
n07590611_20318,hotpot,3,3
n07590611_20349,hotpot,3,0
n07590611_20364,hotpot,3,2
n07590611_20369,hotpot,3,3
n07590611_20371,hotpot,3,1
n07590611_20454,hotpot,3,1
n07590611_20477,hotpot,3,3
n07590611_20483,hotpot,3,0
n07590611_20547,hotpot,3,4
n07590611_20596,hotpot,3,3
n07590611_20602,hotpot,3,4
n07590611_20659,hotpot,3,3
n07590611_2066,hotpot,3,1
n07590611_20688,hotpot,3,2
n07590611_20705,hotpot,3,0
n07590611_20758,hotpot,3,2
n07590611_20764,hotpot,3,2
n07590611_20766,hotpot,3,2
n07590611_20784,hotpot,3,1
n07590611_20793,hotpot,3,0
n07590611_2084,hotpot,3,0
n07590611_20842,hotpot,3,4
n07590611_20876,hotpot,3,2
n07590611_20881,hotpot,3,3
n07590611_20901,hotpot,3,2
n07590611_20905,hotpot,3,0
n07590611_20911,hotpot,3,1
n07590611_20969,hotpot,3,2
n07590611_21016,hotpot,3,1
n07590611_21035,hotpot,3,2
n07590611_21085,hotpot,3,3
n07590611_21091,hotpot,3,2
n07590611_21112,hotpot,3,2
n07590611_21282,hotpot,3,0
n07590611_21305,hotpot,3,1
n07590611_21339,hotpot,3,0
n07590611_21352,hotpot,3,3
n07590611_21463,hotpot,3,2
n07590611_2151,hotpot,3,0
n07590611_21517,hotpot,3,3
n07590611_21542,hotpot,3,3
n07590611_21544,hotpot,3,4
n07590611_21570,hotpot,3,1
n07590611_21595,hotpot,3,0
n07590611_21596,hotpot,3,4
n07590611_21649,hotpot,3,0
n07590611_21666,hotpot,3,1
n07590611_21690,hotpot,3,4
n07590611_2175,hotpot,3,0
n07590611_21810,hotpot,3,0
n07590611_21878,hotpot,3,2
n07590611_21895,hotpot,3,1
n07590611_219,hotpot,3,2
n07590611_21914,hotpot,3,2
n07590611_21950,hotpot,3,2
n07590611_21963,hotpot,3,1
n07590611_21968,hotpot,3,1
n07590611_22034,hotpot,3,2
n07590611_22056,hotpot,3,0
n07590611_22080,hotpot,3,2
n07590611_22119,hotpot,3,4
n07590611_22144,hotpot,3,4
n07590611_2223,hotpot,3,4
n07590611_22269,hotpot,3,4
n07590611_2228,hotpot,3,4
n07590611_22306,hotpot,3,1
n07590611_22331,hotpot,3,2
n07590611_2238,hotpot,3,0
n07590611_22416,hotpot,3,0
n07590611_22556,hotpot,3,0
n07590611_22564,hotpot,3,4
n07590611_2257,hotpot,3,3
n07590611_2274,hotpot,3,1
n07590611_22790,hotpot,3,2
n07590611_22804,hotpot,3,2
n07590611_22813,hotpot,3,1
n07590611_22841,hotpot,3,3
n07590611_22912,hotpot,3,0
n07590611_22939,hotpot,3,2
n07590611_23013,hotpot,3,3
n07590611_23058,hotpot,3,4
n07590611_23060,hotpot,3,4
n07590611_23084,hotpot,3,2
n07590611_23121,hotpot,3,2
n07590611_23159,hotpot,3,3
n07590611_23264,hotpot,3,4
n07590611_23267,hotpot,3,4
n07590611_2328,hotpot,3,2
n07590611_23287,hotpot,3,0
n07590611_23293,hotpot,3,4
n07590611_23328,hotpot,3,3
n07590611_23331,hotpot,3,4
n07590611_2337,hotpot,3,2
n07590611_23394,hotpot,3,2
n07590611_23429,hotpot,3,0
n07590611_23453,hotpot,3,2
n07590611_23486,hotpot,3,2
n07590611_2351,hotpot,3,2
n07590611_23593,hotpot,3,3
n07590611_23645,hotpot,3,0
n07590611_23660,hotpot,3,3
n07590611_23743,hotpot,3,3
n07590611_23761,hotpot,3,4
n07590611_23833,hotpot,3,2
n07590611_23880,hotpot,3,3
n07590611_23931,hotpot,3,0
n07590611_23942,hotpot,3,1
n07590611_23967,hotpot,3,4
n07590611_24028,hotpot,3,4
n07590611_24040,hotpot,3,4
n07590611_24041,hotpot,3,0
n07590611_24110,hotpot,3,0
n07590611_2422,hotpot,3,1
n07590611_24255,hotpot,3,2
n07590611_2436,hotpot,3,4
n07590611_24414,hotpot,3,1
n07590611_24553,hotpot,3,0
n07590611_24573,hotpot,3,2
n07590611_24587,hotpot,3,0
n07590611_24628,hotpot,3,4
n07590611_24635,hotpot,3,2
n07590611_2465,hotpot,3,0
n07590611_24676,hotpot,3,1
n07590611_24735,hotpot,3,1
n07590611_24747,hotpot,3,3
n07590611_24748,hotpot,3,1
n07590611_24749,hotpot,3,2
n07590611_24752,hotpot,3,3
n07590611_24775,hotpot,3,2
n07590611_24822,hotpot,3,4
n07590611_2491,hotpot,3,3
n07590611_2498,hotpot,3,0
n07590611_2504,hotpot,3,2
n07590611_2517,hotpot,3,4
n07590611_2524,hotpot,3,2
n07590611_2547,hotpot,3,3
n07590611_2549,hotpot,3,2
n07590611_2551,hotpot,3,4
n07590611_2558,hotpot,3,0
n07590611_2572,hotpot,3,2
n07590611_2581,hotpot,3,4
n07590611_2594,hotpot,3,1
n07590611_2630,hotpot,3,0
n07590611_2657,hotpot,3,2
n07590611_2786,hotpot,3,4
n07590611_2796,hotpot,3,2
n07590611_2830,hotpot,3,3
n07590611_2839,hotpot,3,4
n07590611_2843,hotpot,3,3
n07590611_2849,hotpot,3,2
n07590611_2856,hotpot,3,4
n07590611_2860,hotpot,3,3
n07590611_2867,hotpot,3,0
n07590611_2871,hotpot,3,4
n07590611_2886,hotpot,3,4
n07590611_2904,hotpot,3,1
n07590611_2917,hotpot,3,3
n07590611_2926,hotpot,3,4
n07590611_2932,hotpot,3,3
n07590611_2963,hotpot,3,4
n07590611_2965,hotpot,3,4
n07590611_3001,hotpot,3,3
n07590611_3018,hotpot,3,2
n07590611_3026,hotpot,3,4
n07590611_3028,hotpot,3,3
n07590611_3038,hotpot,3,2
n07590611_3061,hotpot,3,4
n07590611_3072,hotpot,3,1
n07590611_3082,hotpot,3,4
n07590611_3126,hotpot,3,3
n07590611_3129,hotpot,3,2
n07590611_3135,hotpot,3,0
n07590611_3155,hotpot,3,0
n07590611_3158,hotpot,3,4
n07590611_3179,hotpot,3,3
n07590611_3195,hotpot,3,0
n07590611_322,hotpot,3,1
n07590611_3222,hotpot,3,1
n07590611_3262,hotpot,3,0
n07590611_3270,hotpot,3,3
n07590611_3297,hotpot,3,3
n07590611_3321,hotpot,3,1
n07590611_3343,hotpot,3,1
n07590611_3352,hotpot,3,1
n07590611_3357,hotpot,3,0
n07590611_3359,hotpot,3,1
n07590611_3385,hotpot,3,4
n07590611_3398,hotpot,3,1
n07590611_3439,hotpot,3,4
n07590611_3469,hotpot,3,3
n07590611_3470,hotpot,3,1
n07590611_3485,hotpot,3,0
n07590611_3510,hotpot,3,4
n07590611_3521,hotpot,3,4
n07590611_3535,hotpot,3,2
n07590611_3565,hotpot,3,3
n07590611_3575,hotpot,3,4
n07590611_3582,hotpot,3,2
n07590611_3587,hotpot,3,4
n07590611_3594,hotpot,3,3
n07590611_3603,hotpot,3,3
n07590611_3616,hotpot,3,0
n07590611_3629,hotpot,3,0
n07590611_365,hotpot,3,1
n07590611_3666,hotpot,3,1
n07590611_3673,hotpot,3,1
n07590611_3677,hotpot,3,4
n07590611_371,hotpot,3,1
n07590611_3714,hotpot,3,2
n07590611_3724,hotpot,3,4
n07590611_3745,hotpot,3,2
n07590611_3746,hotpot,3,4
n07590611_3747,hotpot,3,2
n07590611_3764,hotpot,3,2
n07590611_3775,hotpot,3,3
n07590611_3788,hotpot,3,2
n07590611_3812,hotpot,3,2
n07590611_3814,hotpot,3,3
n07590611_3841,hotpot,3,1
n07590611_3874,hotpot,3,1
n07590611_3893,hotpot,3,0
n07590611_3898,hotpot,3,1
n07590611_390,hotpot,3,0
n07590611_3900,hotpot,3,1
n07590611_3917,hotpot,3,1
n07590611_3962,hotpot,3,2
n07590611_3994,hotpot,3,2
n07590611_3999,hotpot,3,0
n07590611_4010,hotpot,3,2
n07590611_4057,hotpot,3,3
n07590611_4066,hotpot,3,2
n07590611_4095,hotpot,3,3
n07590611_4104,hotpot,3,2
n07590611_4143,hotpot,3,0
n07590611_4158,hotpot,3,4
n07590611_4170,hotpot,3,2
n07590611_4215,hotpot,3,2
n07590611_4272,hotpot,3,3
n07590611_4292,hotpot,3,2
n07590611_4302,hotpot,3,2
n07590611_4341,hotpot,3,3
n07590611_4379,hotpot,3,3
n07590611_4404,hotpot,3,2
n07590611_4429,hotpot,3,1
n07590611_4440,hotpot,3,3
n07590611_45,hotpot,3,0
n07590611_4524,hotpot,3,3
n07590611_4537,hotpot,3,4
n07590611_4547,hotpot,3,0
n07590611_4549,hotpot,3,1
n07590611_4550,hotpot,3,2
n07590611_4574,hotpot,3,3
n07590611_4592,hotpot,3,4
n07590611_4605,hotpot,3,1
n07590611_4641,hotpot,3,0
n07590611_4657,hotpot,3,1
n07590611_4672,hotpot,3,3
n07590611_4680,hotpot,3,1
n07590611_4700,hotpot,3,3
n07590611_4714,hotpot,3,0
n07590611_4738,hotpot,3,1
n07590611_4749,hotpot,3,3
n07590611_4848,hotpot,3,1
n07590611_4860,hotpot,3,4
n07590611_4863,hotpot,3,3
n07590611_4893,hotpot,3,2
n07590611_4896,hotpot,3,3
n07590611_4915,hotpot,3,3
n07590611_4922,hotpot,3,1
n07590611_4931,hotpot,3,2
n07590611_4938,hotpot,3,4
n07590611_4966,hotpot,3,0
n07590611_4992,hotpot,3,2
n07590611_5001,hotpot,3,4
n07590611_5010,hotpot,3,2
n07590611_5011,hotpot,3,4
n07590611_5040,hotpot,3,2
n07590611_5060,hotpot,3,2
n07590611_5084,hotpot,3,4
n07590611_5089,hotpot,3,0
n07590611_5092,hotpot,3,0
n07590611_5093,hotpot,3,1
n07590611_5126,hotpot,3,2
n07590611_5139,hotpot,3,0
n07590611_5149,hotpot,3,3
n07590611_5171,hotpot,3,1
n07590611_5181,hotpot,3,0
n07590611_5192,hotpot,3,1
n07590611_5253,hotpot,3,4
n07590611_5262,hotpot,3,2
n07590611_5275,hotpot,3,2
n07590611_5277,hotpot,3,3
n07590611_528,hotpot,3,2
n07590611_5309,hotpot,3,2
n07590611_5310,hotpot,3,0
n07590611_5329,hotpot,3,0
n07590611_5335,hotpot,3,2
n07590611_535,hotpot,3,2
n07590611_5364,hotpot,3,1
n07590611_5369,hotpot,3,4
n07590611_5382,hotpot,3,2
n07590611_5387,hotpot,3,3
n07590611_5395,hotpot,3,1
n07590611_5396,hotpot,3,0
n07590611_5411,hotpot,3,0
n07590611_5421,hotpot,3,3
n07590611_5429,hotpot,3,0
n07590611_5441,hotpot,3,2
n07590611_5442,hotpot,3,4
n07590611_5462,hotpot,3,1
n07590611_548,hotpot,3,3
n07590611_5480,hotpot,3,0
n07590611_5483,hotpot,3,3
n07590611_5497,hotpot,3,3
n07590611_5508,hotpot,3,2
n07590611_5523,hotpot,3,3
n07590611_5524,hotpot,3,4
n07590611_5532,hotpot,3,0
n07590611_5581,hotpot,3,2
n07590611_5614,hotpot,3,3
n07590611_5637,hotpot,3,2
n07590611_5671,hotpot,3,4
n07590611_5681,hotpot,3,4
n07590611_569,hotpot,3,3
n07590611_573,hotpot,3,0
n07590611_5743,hotpot,3,0
n07590611_5754,hotpot,3,2
n07590611_5757,hotpot,3,3
n07590611_5761,hotpot,3,2
n07590611_5762,hotpot,3,2
n07590611_5768,hotpot,3,2
n07590611_5771,hotpot,3,4
n07590611_5774,hotpot,3,0
n07590611_5776,hotpot,3,3
n07590611_5778,hotpot,3,1
n07590611_5785,hotpot,3,4
n07590611_5813,hotpot,3,4
n07590611_5824,hotpot,3,3
n07590611_5843,hotpot,3,1
n07590611_5844,hotpot,3,1
n07590611_5849,hotpot,3,3
n07590611_585,hotpot,3,4
n07590611_5856,hotpot,3,4
n07590611_5863,hotpot,3,1
n07590611_5869,hotpot,3,2
n07590611_5874,hotpot,3,3
n07590611_5890,hotpot,3,4
n07590611_590,hotpot,3,2
n07590611_5904,hotpot,3,2
n07590611_5909,hotpot,3,3
n07590611_5914,hotpot,3,4
n07590611_5920,hotpot,3,1
n07590611_5923,hotpot,3,2
n07590611_595,hotpot,3,3
n07590611_5969,hotpot,3,1
n07590611_597,hotpot,3,2
n07590611_5972,hotpot,3,3
n07590611_5989,hotpot,3,1
n07590611_5993,hotpot,3,0
n07590611_60,hotpot,3,1
n07590611_6005,hotpot,3,0
n07590611_6014,hotpot,3,0
n07590611_6034,hotpot,3,1
n07590611_6062,hotpot,3,1
n07590611_6065,hotpot,3,4
n07590611_6069,hotpot,3,2
n07590611_6072,hotpot,3,3
n07590611_6075,hotpot,3,4
n07590611_6084,hotpot,3,4
n07590611_612,hotpot,3,4
n07590611_6136,hotpot,3,0
n07590611_6137,hotpot,3,1
n07590611_6139,hotpot,3,2
n07590611_6146,hotpot,3,3
n07590611_6148,hotpot,3,1
n07590611_6154,hotpot,3,1
n07590611_6165,hotpot,3,3
n07590611_6185,hotpot,3,2
n07590611_6194,hotpot,3,3
n07590611_6212,hotpot,3,1
n07590611_6246,hotpot,3,0
n07590611_6255,hotpot,3,0
n07590611_6263,hotpot,3,4
n07590611_6274,hotpot,3,3
n07590611_6298,hotpot,3,1
n07590611_6299,hotpot,3,3
n07590611_630,hotpot,3,4
n07590611_6318,hotpot,3,0
n07590611_6340,hotpot,3,4
n07590611_6344,hotpot,3,0
n07590611_6354,hotpot,3,3
n07590611_6360,hotpot,3,4
n07590611_6363,hotpot,3,4
n07590611_6371,hotpot,3,0
n07590611_6423,hotpot,3,0
n07590611_6429,hotpot,3,4
n07590611_6438,hotpot,3,4
n07590611_6447,hotpot,3,0
n07590611_6458,hotpot,3,4
n07590611_6461,hotpot,3,0
n07590611_6495,hotpot,3,2
n07590611_6530,hotpot,3,2
n07590611_6533,hotpot,3,3
n07590611_6555,hotpot,3,1
n07590611_6559,hotpot,3,0
n07590611_6563,hotpot,3,1
n07590611_6577,hotpot,3,4
n07590611_6618,hotpot,3,4
n07590611_6624,hotpot,3,2
n07590611_6648,hotpot,3,4
n07590611_6653,hotpot,3,1
n07590611_6679,hotpot,3,0
n07590611_6718,hotpot,3,0
n07590611_6725,hotpot,3,2
n07590611_6785,hotpot,3,4
n07590611_6789,hotpot,3,0
n07590611_6825,hotpot,3,4
n07590611_6848,hotpot,3,1
n07590611_6853,hotpot,3,4
n07590611_6864,hotpot,3,2
n07590611_6883,hotpot,3,3
n07590611_6887,hotpot,3,2
n07590611_6905,hotpot,3,3
n07590611_6930,hotpot,3,1
n07590611_6939,hotpot,3,4
n07590611_6975,hotpot,3,0
n07590611_6985,hotpot,3,0
n07590611_6987,hotpot,3,4
n07590611_6991,hotpot,3,2
n07590611_700,hotpot,3,0
n07590611_7004,hotpot,3,3
n07590611_7021,hotpot,3,2
n07590611_7022,hotpot,3,0
n07590611_7056,hotpot,3,4
n07590611_706,hotpot,3,2
n07590611_7108,hotpot,3,1
n07590611_7149,hotpot,3,1
n07590611_7180,hotpot,3,0
n07590611_7185,hotpot,3,3
n07590611_7188,hotpot,3,0
n07590611_7218,hotpot,3,1
n07590611_7300,hotpot,3,2
n07590611_7306,hotpot,3,1
n07590611_7317,hotpot,3,3
n07590611_7323,hotpot,3,1
n07590611_7326,hotpot,3,2
n07590611_7356,hotpot,3,4
n07590611_7366,hotpot,3,2
n07590611_7369,hotpot,3,0
n07590611_7374,hotpot,3,0
n07590611_7375,hotpot,3,1
n07590611_739,hotpot,3,0
n07590611_7395,hotpot,3,0
n07590611_7400,hotpot,3,3
n07590611_7416,hotpot,3,0
n07590611_7435,hotpot,3,0
n07590611_7464,hotpot,3,1
n07590611_7479,hotpot,3,1
n07590611_7485,hotpot,3,1
n07590611_7489,hotpot,3,2
n07590611_7509,hotpot,3,3
n07590611_7510,hotpot,3,0
n07590611_7511,hotpot,3,3
n07590611_7529,hotpot,3,4
n07590611_7537,hotpot,3,3
n07590611_755,hotpot,3,4
n07590611_7553,hotpot,3,3
n07590611_7566,hotpot,3,1
n07590611_7584,hotpot,3,2
n07590611_7587,hotpot,3,1
n07590611_7626,hotpot,3,0
n07590611_7634,hotpot,3,2
n07590611_7651,hotpot,3,1
n07590611_7667,hotpot,3,0
n07590611_7668,hotpot,3,1
n07590611_7692,hotpot,3,0
n07590611_7698,hotpot,3,0
n07590611_77,hotpot,3,3
n07590611_771,hotpot,3,3
n07590611_7733,hotpot,3,1
n07590611_7734,hotpot,3,1
n07590611_7737,hotpot,3,1
n07590611_7738,hotpot,3,0
n07590611_7741,hotpot,3,4
n07590611_7782,hotpot,3,1
n07590611_7823,hotpot,3,3
n07590611_7829,hotpot,3,4
n07590611_7850,hotpot,3,4
n07590611_7873,hotpot,3,3
n07590611_7881,hotpot,3,3
n07590611_7893,hotpot,3,1
n07590611_7897,hotpot,3,1
n07590611_7907,hotpot,3,4
n07590611_791,hotpot,3,4
n07590611_7916,hotpot,3,4
n07590611_7929,hotpot,3,4
n07590611_7960,hotpot,3,2
n07590611_7963,hotpot,3,3
n07590611_7965,hotpot,3,3
n07590611_7966,hotpot,3,4
n07590611_7980,hotpot,3,1
n07590611_7988,hotpot,3,4
n07590611_8038,hotpot,3,4
n07590611_8055,hotpot,3,1
n07590611_8060,hotpot,3,1
n07590611_8085,hotpot,3,1
n07590611_8091,hotpot,3,0
n07590611_8095,hotpot,3,3
n07590611_8100,hotpot,3,0
n07590611_813,hotpot,3,2
n07590611_8131,hotpot,3,2
n07590611_816,hotpot,3,3
n07590611_8160,hotpot,3,2
n07590611_8161,hotpot,3,0
n07590611_8234,hotpot,3,4
n07590611_8235,hotpot,3,3
n07590611_8236,hotpot,3,1
n07590611_8244,hotpot,3,0
n07590611_8250,hotpot,3,0
n07590611_8253,hotpot,3,3
n07590611_8276,hotpot,3,4
n07590611_8285,hotpot,3,0
n07590611_8288,hotpot,3,0
n07590611_830,hotpot,3,4
n07590611_8303,hotpot,3,0
n07590611_8311,hotpot,3,2
n07590611_8312,hotpot,3,1
n07590611_8313,hotpot,3,2
n07590611_8326,hotpot,3,2
n07590611_8338,hotpot,3,3
n07590611_8340,hotpot,3,1
n07590611_8361,hotpot,3,1
n07590611_8366,hotpot,3,1
n07590611_8380,hotpot,3,4
n07590611_839,hotpot,3,0
n07590611_8399,hotpot,3,2
n07590611_8404,hotpot,3,4
n07590611_8413,hotpot,3,4
n07590611_8472,hotpot,3,0
n07590611_8482,hotpot,3,4
n07590611_8485,hotpot,3,2
n07590611_8486,hotpot,3,3
n07590611_8489,hotpot,3,0
n07590611_8490,hotpot,3,3
n07590611_8512,hotpot,3,0
n07590611_8537,hotpot,3,4
n07590611_8554,hotpot,3,4
n07590611_8568,hotpot,3,4
n07590611_8578,hotpot,3,4
n07590611_8584,hotpot,3,1
n07590611_8593,hotpot,3,4
n07590611_8597,hotpot,3,2
n07590611_8621,hotpot,3,4
n07590611_863,hotpot,3,4
n07590611_8639,hotpot,3,2
n07590611_8662,hotpot,3,3
n07590611_8663,hotpot,3,1
n07590611_8688,hotpot,3,3
n07590611_8691,hotpot,3,1
n07590611_87,hotpot,3,0
n07590611_8701,hotpot,3,2
n07590611_8720,hotpot,3,0
n07590611_8737,hotpot,3,1
n07590611_8741,hotpot,3,1
n07590611_8742,hotpot,3,4
n07590611_8750,hotpot,3,1
n07590611_8756,hotpot,3,3
n07590611_8758,hotpot,3,2
n07590611_877,hotpot,3,3
n07590611_8770,hotpot,3,3
n07590611_8805,hotpot,3,3
n07590611_881,hotpot,3,0
n07590611_882,hotpot,3,3
n07590611_8854,hotpot,3,0
n07590611_8868,hotpot,3,0
n07590611_8874,hotpot,3,1
n07590611_888,hotpot,3,1
n07590611_8898,hotpot,3,0
n07590611_8924,hotpot,3,1
n07590611_8927,hotpot,3,1
n07590611_8937,hotpot,3,2
n07590611_8941,hotpot,3,4
n07590611_8943,hotpot,3,2
n07590611_8959,hotpot,3,3
n07590611_8974,hotpot,3,3
n07590611_899,hotpot,3,4
n07590611_8995,hotpot,3,4
n07590611_9009,hotpot,3,4
n07590611_9027,hotpot,3,1
n07590611_9040,hotpot,3,2
n07590611_9055,hotpot,3,1
n07590611_9056,hotpot,3,0
n07590611_9066,hotpot,3,4
n07590611_9099,hotpot,3,2
n07590611_9128,hotpot,3,0
n07590611_9143,hotpot,3,3
n07590611_9144,hotpot,3,0
n07590611_9166,hotpot,3,1
n07590611_9186,hotpot,3,3
n07590611_9198,hotpot,3,1
n07590611_921,hotpot,3,3
n07590611_9213,hotpot,3,4
n07590611_9222,hotpot,3,3
n07590611_9239,hotpot,3,3
n07590611_9252,hotpot,3,0
n07590611_9253,hotpot,3,1
n07590611_9256,hotpot,3,4
n07590611_9265,hotpot,3,0
n07590611_927,hotpot,3,0
n07590611_9282,hotpot,3,4
n07590611_9284,hotpot,3,0
n07590611_9294,hotpot,3,2
n07590611_9299,hotpot,3,2
n07590611_9304,hotpot,3,4
n07590611_9321,hotpot,3,0
n07590611_9334,hotpot,3,2
n07590611_9338,hotpot,3,4
n07590611_9353,hotpot,3,0
n07590611_9361,hotpot,3,2
n07590611_9377,hotpot,3,3
n07590611_9382,hotpot,3,0
n07590611_9415,hotpot,3,3
n07590611_9424,hotpot,3,0
n07590611_9433,hotpot,3,4
n07590611_9443,hotpot,3,0
n07590611_9445,hotpot,3,0
n07590611_9453,hotpot,3,4
n07590611_9454,hotpot,3,1
n07590611_9464,hotpot,3,4
n07590611_9480,hotpot,3,4
n07590611_95,hotpot,3,3
n07590611_950,hotpot,3,0
n07590611_9524,hotpot,3,3
n07590611_9526,hotpot,3,2
n07590611_9548,hotpot,3,4
n07590611_9550,hotpot,3,2
n07590611_9556,hotpot,3,4
n07590611_9576,hotpot,3,3
n07590611_9612,hotpot,3,2
n07590611_9613,hotpot,3,0
n07590611_9631,hotpot,3,4
n07590611_9660,hotpot,3,1
n07590611_9661,hotpot,3,0
n07590611_9668,hotpot,3,0
n07590611_9702,hotpot,3,3
n07590611_9714,hotpot,3,0
n07590611_9721,hotpot,3,2
n07590611_9754,hotpot,3,4
n07590611_9760,hotpot,3,1
n07590611_9775,hotpot,3,1
n07590611_9777,hotpot,3,3
n07590611_9795,hotpot,3,4
n07590611_9823,hotpot,3,0
n07590611_9845,hotpot,3,1
n07590611_9852,hotpot,3,1
n07590611_9866,hotpot,3,4
n07590611_9882,hotpot,3,1
n07590611_9908,hotpot,3,1
n07590611_9947,hotpot,3,0
n07590611_9952,hotpot,3,4
n07590611_9957,hotpot,3,1
n07590611_9991,hotpot,3,1
n04522168_1,vase,4,2
n04522168_100,vase,4,0
n04522168_10017,vase,4,3
n04522168_10047,vase,4,2
n04522168_10058,vase,4,0
n04522168_10087,vase,4,3
n04522168_10104,vase,4,2
n04522168_10113,vase,4,0
n04522168_10115,vase,4,4
n04522168_10128,vase,4,2
n04522168_10131,vase,4,3
n04522168_10200,vase,4,2
n04522168_10215,vase,4,0
n04522168_10222,vase,4,3
n04522168_10248,vase,4,4
n04522168_10260,vase,4,3
n04522168_10268,vase,4,2
n04522168_10278,vase,4,4
n04522168_10287,vase,4,1
n04522168_1029,vase,4,3
n04522168_10310,vase,4,1
n04522168_10343,vase,4,0
n04522168_10356,vase,4,4
n04522168_10392,vase,4,2
n04522168_10415,vase,4,2
n04522168_1044,vase,4,2
n04522168_10478,vase,4,1
n04522168_10509,vase,4,2
n04522168_10539,vase,4,3
n04522168_10548,vase,4,0
n04522168_10592,vase,4,1
n04522168_10595,vase,4,2
n04522168_10597,vase,4,2
n04522168_10603,vase,4,2
n04522168_10628,vase,4,2
n04522168_10639,vase,4,2
n04522168_10660,vase,4,3
n04522168_10683,vase,4,1
n04522168_10712,vase,4,4
n04522168_10718,vase,4,1
n04522168_10729,vase,4,1
n04522168_10750,vase,4,1
n04522168_10765,vase,4,1
n04522168_10772,vase,4,0
n04522168_10779,vase,4,2
n04522168_10783,vase,4,0
n04522168_10797,vase,4,1
n04522168_10800,vase,4,0
n04522168_10801,vase,4,4
n04522168_1081,vase,4,0
n04522168_10823,vase,4,2
n04522168_10824,vase,4,3
n04522168_10840,vase,4,4
n04522168_10846,vase,4,2
n04522168_10905,vase,4,3
n04522168_10918,vase,4,2
n04522168_10937,vase,4,4
n04522168_10953,vase,4,4
n04522168_10988,vase,4,3
n04522168_11033,vase,4,1
n04522168_11078,vase,4,0
n04522168_11086,vase,4,3
n04522168_11135,vase,4,4
n04522168_11144,vase,4,0
n04522168_11146,vase,4,0
n04522168_11157,vase,4,1
n04522168_11159,vase,4,2
n04522168_11209,vase,4,4
n04522168_11216,vase,4,3
n04522168_11250,vase,4,0
n04522168_11267,vase,4,2
n04522168_11283,vase,4,0
n04522168_11284,vase,4,4
n04522168_11329,vase,4,4
n04522168_11339,vase,4,2
n04522168_11383,vase,4,4
n04522168_11391,vase,4,0
n04522168_11451,vase,4,1
n04522168_11459,vase,4,3
n04522168_11470,vase,4,4
n04522168_11507,vase,4,4
n04522168_1152,vase,4,1
n04522168_11522,vase,4,2
n04522168_11530,vase,4,2
n04522168_11533,vase,4,2
n04522168_11540,vase,4,2
n04522168_11545,vase,4,1
n04522168_1155,vase,4,2
n04522168_11608,vase,4,2
n04522168_11643,vase,4,4
n04522168_11650,vase,4,0
n04522168_11670,vase,4,0
n04522168_11685,vase,4,3
n04522168_11760,vase,4,3
n04522168_11763,vase,4,2
n04522168_11787,vase,4,0
n04522168_11788,vase,4,0
n04522168_11791,vase,4,1
n04522168_11809,vase,4,0
n04522168_11832,vase,4,1
n04522168_11846,vase,4,2
n04522168_1188,vase,4,0
n04522168_11882,vase,4,3
n04522168_11902,vase,4,2
n04522168_11911,vase,4,4
n04522168_11912,vase,4,0
n04522168_11913,vase,4,2
n04522168_11914,vase,4,3
n04522168_1192,vase,4,4
n04522168_11921,vase,4,1
n04522168_11952,vase,4,2
n04522168_12032,vase,4,1
n04522168_12067,vase,4,4
n04522168_12075,vase,4,1
n04522168_12089,vase,4,0
n04522168_1216,vase,4,2
n04522168_12171,vase,4,4
n04522168_12177,vase,4,4
n04522168_12179,vase,4,1
n04522168_12192,vase,4,1
n04522168_12210,vase,4,1
n04522168_1222,vase,4,0
n04522168_12279,vase,4,4
n04522168_1228,vase,4,4
n04522168_12293,vase,4,0
n04522168_123,vase,4,2
n04522168_12336,vase,4,2
n04522168_12342,vase,4,1
n04522168_12351,vase,4,4
n04522168_12357,vase,4,3
n04522168_1236,vase,4,1
n04522168_12368,vase,4,4
n04522168_12375,vase,4,0
n04522168_12376,vase,4,0
n04522168_12389,vase,4,4
n04522168_12403,vase,4,3
n04522168_1241,vase,4,2
n04522168_12410,vase,4,4
n04522168_12432,vase,4,4
n04522168_12448,vase,4,3
n04522168_12455,vase,4,4
n04522168_12469,vase,4,1
n04522168_12491,vase,4,2
n04522168_12495,vase,4,0
n04522168_12592,vase,4,4
n04522168_12637,vase,4,0
n04522168_1270,vase,4,4
n04522168_12716,vase,4,3
n04522168_12720,vase,4,0
n04522168_12735,vase,4,1
n04522168_12741,vase,4,1
n04522168_12803,vase,4,3
n04522168_12814,vase,4,1
n04522168_12854,vase,4,1
n04522168_12860,vase,4,4
n04522168_12881,vase,4,0
n04522168_12888,vase,4,2
n04522168_12894,vase,4,1
n04522168_1290,vase,4,1
n04522168_12901,vase,4,0
n04522168_1292,vase,4,1
n04522168_12932,vase,4,4
n04522168_12941,vase,4,0
n04522168_12959,vase,4,1
n04522168_13038,vase,4,2
n04522168_13073,vase,4,2
n04522168_13101,vase,4,4
n04522168_13115,vase,4,2
n04522168_13118,vase,4,2
n04522168_13122,vase,4,1
n04522168_13144,vase,4,2
n04522168_13165,vase,4,2
n04522168_13187,vase,4,2
n04522168_13209,vase,4,1
n04522168_13245,vase,4,3
n04522168_13260,vase,4,0
n04522168_13280,vase,4,3
n04522168_13287,vase,4,4
n04522168_13319,vase,4,4
n04522168_13328,vase,4,1
n04522168_13330,vase,4,0
n04522168_13337,vase,4,4
n04522168_13354,vase,4,4
n04522168_13355,vase,4,4
n04522168_13368,vase,4,2
n04522168_134,vase,4,3
n04522168_13416,vase,4,1
n04522168_13418,vase,4,1
n04522168_13447,vase,4,0
n04522168_13456,vase,4,4
n04522168_13467,vase,4,1
n04522168_13485,vase,4,0
n04522168_13491,vase,4,1
n04522168_13506,vase,4,1
n04522168_13509,vase,4,0
n04522168_13512,vase,4,2
n04522168_13518,vase,4,4
n04522168_1356,vase,4,0
n04522168_13599,vase,4,3
n04522168_13719,vase,4,3
n04522168_13737,vase,4,3
n04522168_13742,vase,4,4
n04522168_13747,vase,4,3
n04522168_13748,vase,4,2
n04522168_13771,vase,4,4
n04522168_13776,vase,4,4
n04522168_1381,vase,4,4
n04522168_1384,vase,4,0
n04522168_13886,vase,4,0
n04522168_13927,vase,4,1
n04522168_13943,vase,4,1
n04522168_1397,vase,4,3
n04522168_13986,vase,4,0
n04522168_1401,vase,4,3
n04522168_14081,vase,4,2
n04522168_14089,vase,4,2
n04522168_14123,vase,4,3
n04522168_14131,vase,4,0
n04522168_1424,vase,4,2
n04522168_14272,vase,4,2
n04522168_1429,vase,4,0
n04522168_1430,vase,4,2
n04522168_14317,vase,4,0
n04522168_14326,vase,4,3
n04522168_14335,vase,4,1
n04522168_14377,vase,4,1
n04522168_14413,vase,4,1
n04522168_14449,vase,4,3
n04522168_1446,vase,4,1
n04522168_14517,vase,4,4
n04522168_14550,vase,4,2
n04522168_14564,vase,4,0
n04522168_14597,vase,4,0
n04522168_14611,vase,4,0
n04522168_14637,vase,4,1
n04522168_14663,vase,4,4
n04522168_14713,vase,4,4
n04522168_14777,vase,4,3
n04522168_1481,vase,4,3
n04522168_14857,vase,4,3
n04522168_14905,vase,4,2
n04522168_14917,vase,4,3
n04522168_14930,vase,4,2
n04522168_14945,vase,4,1
n04522168_14957,vase,4,3
n04522168_14963,vase,4,2
n04522168_15025,vase,4,3
n04522168_1508,vase,4,3
n04522168_15115,vase,4,2
n04522168_15122,vase,4,1
n04522168_15127,vase,4,3
n04522168_15134,vase,4,3
n04522168_15163,vase,4,2
n04522168_15191,vase,4,1
n04522168_15288,vase,4,1
n04522168_15345,vase,4,1
n04522168_1535,vase,4,4
n04522168_154,vase,4,4
n04522168_15403,vase,4,4
n04522168_15455,vase,4,0
n04522168_15462,vase,4,3
n04522168_15463,vase,4,3
n04522168_1549,vase,4,0
n04522168_15532,vase,4,1
n04522168_15594,vase,4,4
n04522168_15600,vase,4,4
n04522168_15637,vase,4,2
n04522168_15743,vase,4,1
n04522168_15748,vase,4,2
n04522168_1576,vase,4,0
n04522168_15779,vase,4,0
n04522168_15786,vase,4,4
n04522168_15819,vase,4,2
n04522168_15840,vase,4,4
n04522168_15864,vase,4,4
n04522168_15873,vase,4,2
n04522168_15879,vase,4,2
n04522168_15947,vase,4,0
n04522168_1602,vase,4,1
n04522168_1611,vase,4,0
n04522168_1628,vase,4,3
n04522168_16287,vase,4,2
n04522168_1642,vase,4,2
n04522168_1650,vase,4,2
n04522168_16572,vase,4,1
n04522168_16600,vase,4,2
n04522168_1666,vase,4,4
n04522168_16683,vase,4,4
n04522168_16725,vase,4,1
n04522168_1673,vase,4,4
n04522168_16836,vase,4,2
n04522168_1696,vase,4,3
n04522168_16974,vase,4,0
n04522168_1704,vase,4,4
n04522168_17104,vase,4,3
n04522168_17205,vase,4,4
n04522168_17210,vase,4,2
n04522168_17364,vase,4,1
n04522168_17370,vase,4,4
n04522168_17422,vase,4,2
n04522168_17475,vase,4,1
n04522168_1752,vase,4,2
n04522168_17526,vase,4,0
n04522168_1753,vase,4,2
n04522168_17568,vase,4,3
n04522168_17600,vase,4,3
n04522168_17625,vase,4,4
n04522168_17648,vase,4,3
n04522168_17665,vase,4,3
n04522168_17745,vase,4,2
n04522168_17756,vase,4,2
n04522168_17819,vase,4,4
n04522168_17820,vase,4,3
n04522168_17830,vase,4,1
n04522168_17859,vase,4,0
n04522168_17908,vase,4,0
n04522168_17914,vase,4,0
n04522168_17919,vase,4,1
n04522168_1793,vase,4,4
n04522168_17943,vase,4,2
n04522168_1796,vase,4,2
n04522168_18027,vase,4,1
n04522168_1804,vase,4,2
n04522168_18195,vase,4,1
n04522168_18207,vase,4,1
n04522168_18361,vase,4,2
n04522168_18415,vase,4,4
n04522168_18471,vase,4,1
n04522168_18497,vase,4,2
n04522168_18506,vase,4,1
n04522168_18521,vase,4,3
n04522168_18528,vase,4,1
n04522168_18581,vase,4,4
n04522168_18620,vase,4,0
n04522168_18756,vase,4,4
n04522168_18777,vase,4,0
n04522168_18794,vase,4,0
n04522168_1882,vase,4,0
n04522168_18859,vase,4,2
n04522168_18901,vase,4,4
n04522168_19066,vase,4,1
n04522168_1907,vase,4,3
n04522168_19080,vase,4,2
n04522168_192,vase,4,0
n04522168_19232,vase,4,3
n04522168_19284,vase,4,3
n04522168_19351,vase,4,1
n04522168_19363,vase,4,4
n04522168_19374,vase,4,3
n04522168_19404,vase,4,1
n04522168_19414,vase,4,2
n04522168_1942,vase,4,0
n04522168_19498,vase,4,3
n04522168_19520,vase,4,4
n04522168_19546,vase,4,1
n04522168_19559,vase,4,0
n04522168_19588,vase,4,2
n04522168_196,vase,4,4
n04522168_1964,vase,4,1
n04522168_19683,vase,4,0
n04522168_197,vase,4,1
n04522168_19715,vase,4,0
n04522168_19719,vase,4,4
n04522168_19720,vase,4,1
n04522168_19786,vase,4,1
n04522168_1982,vase,4,1
n04522168_19836,vase,4,0
n04522168_19850,vase,4,2
n04522168_19880,vase,4,1
n04522168_19895,vase,4,3
n04522168_19947,vase,4,2
n04522168_2000,vase,4,3
n04522168_20029,vase,4,3
n04522168_2011,vase,4,1
n04522168_20173,vase,4,2
n04522168_20312,vase,4,0
n04522168_2037,vase,4,0
n04522168_2044,vase,4,1
n04522168_2047,vase,4,1
n04522168_20534,vase,4,1
n04522168_20575,vase,4,0
n04522168_20605,vase,4,3
n04522168_2062,vase,4,4
n04522168_2071,vase,4,4
n04522168_20753,vase,4,4
n04522168_20755,vase,4,0
n04522168_20789,vase,4,3
n04522168_2081,vase,4,1
n04522168_20828,vase,4,1
n04522168_20856,vase,4,4
n04522168_20885,vase,4,4
n04522168_20899,vase,4,3
n04522168_20933,vase,4,4
n04522168_20945,vase,4,1
n04522168_20984,vase,4,2
n04522168_21002,vase,4,1
n04522168_21021,vase,4,3
n04522168_21141,vase,4,4
n04522168_21191,vase,4,4
n04522168_2121,vase,4,1
n04522168_21254,vase,4,2
n04522168_2131,vase,4,1
n04522168_21320,vase,4,3
n04522168_21379,vase,4,3
n04522168_21425,vase,4,3
n04522168_21433,vase,4,4
n04522168_21453,vase,4,4
n04522168_21481,vase,4,0
n04522168_2149,vase,4,4
n04522168_21535,vase,4,3
n04522168_21599,vase,4,3
n04522168_21620,vase,4,1
n04522168_21627,vase,4,2
n04522168_21666,vase,4,1
n04522168_21694,vase,4,0
n04522168_21741,vase,4,4
n04522168_21752,vase,4,4
n04522168_21769,vase,4,0
n04522168_21809,vase,4,0
n04522168_2190,vase,4,4
n04522168_22093,vase,4,2
n04522168_22099,vase,4,3
n04522168_22193,vase,4,0
n04522168_22207,vase,4,3
n04522168_22223,vase,4,1
n04522168_22246,vase,4,4
n04522168_22341,vase,4,2
n04522168_22352,vase,4,1
n04522168_22399,vase,4,1
n04522168_2243,vase,4,2
n04522168_22432,vase,4,2
n04522168_22510,vase,4,0
n04522168_22530,vase,4,2
n04522168_22553,vase,4,3
n04522168_22568,vase,4,4
n04522168_22587,vase,4,0
n04522168_22622,vase,4,2
n04522168_2265,vase,4,3
n04522168_2268,vase,4,3
n04522168_22747,vase,4,3
n04522168_22760,vase,4,2
n04522168_22765,vase,4,1
n04522168_2279,vase,4,4
n04522168_22792,vase,4,2
n04522168_22802,vase,4,4
n04522168_22900,vase,4,1
n04522168_22944,vase,4,0
n04522168_23025,vase,4,1
n04522168_23061,vase,4,2
n04522168_23287,vase,4,1
n04522168_23293,vase,4,3
n04522168_23335,vase,4,1
n04522168_23337,vase,4,1
n04522168_2338,vase,4,0
n04522168_23480,vase,4,1
n04522168_23491,vase,4,3
n04522168_23523,vase,4,3
n04522168_23536,vase,4,4
n04522168_23625,vase,4,2
n04522168_23632,vase,4,1
n04522168_23657,vase,4,3
n04522168_2366,vase,4,3
n04522168_23708,vase,4,0
n04522168_23735,vase,4,1
n04522168_23793,vase,4,4
n04522168_2382,vase,4,3
n04522168_23837,vase,4,1
n04522168_23840,vase,4,2
n04522168_23845,vase,4,4
n04522168_23866,vase,4,4
n04522168_23893,vase,4,3
n04522168_23905,vase,4,0
n04522168_23910,vase,4,3
n04522168_23968,vase,4,1
n04522168_24015,vase,4,4
n04522168_24017,vase,4,4
n04522168_24032,vase,4,4
n04522168_24039,vase,4,2
n04522168_24105,vase,4,4
n04522168_2411,vase,4,2
n04522168_24110,vase,4,2
n04522168_24135,vase,4,3
n04522168_24178,vase,4,1
n04522168_24190,vase,4,3
n04522168_24220,vase,4,3
n04522168_2428,vase,4,1
n04522168_24357,vase,4,1
n04522168_24396,vase,4,4
n04522168_24405,vase,4,0
n04522168_24429,vase,4,1
n04522168_24469,vase,4,1
n04522168_24514,vase,4,4
n04522168_24534,vase,4,4
n04522168_24540,vase,4,3
n04522168_24572,vase,4,4
n04522168_2459,vase,4,0
n04522168_24594,vase,4,0
n04522168_24607,vase,4,3
n04522168_24609,vase,4,3
n04522168_24626,vase,4,1
n04522168_24645,vase,4,4
n04522168_24666,vase,4,3
n04522168_24702,vase,4,3
n04522168_24703,vase,4,3
n04522168_24713,vase,4,1
n04522168_2474,vase,4,4
n04522168_24745,vase,4,1
n04522168_2476,vase,4,4
n04522168_2480,vase,4,1
n04522168_24849,vase,4,0
n04522168_24850,vase,4,1
n04522168_2488,vase,4,4
n04522168_24904,vase,4,4
n04522168_2493,vase,4,0
n04522168_24968,vase,4,0
n04522168_2498,vase,4,0
n04522168_24980,vase,4,4
n04522168_2500,vase,4,1
n04522168_25024,vase,4,4
n04522168_25074,vase,4,1
n04522168_25083,vase,4,0
n04522168_251,vase,4,1
n04522168_2510,vase,4,2
n04522168_2516,vase,4,3
n04522168_25203,vase,4,4
n04522168_25255,vase,4,3
n04522168_25296,vase,4,0
n04522168_25304,vase,4,0
n04522168_25308,vase,4,4
n04522168_2531,vase,4,1
n04522168_2534,vase,4,1
n04522168_2535,vase,4,1
n04522168_25356,vase,4,2
n04522168_25369,vase,4,4
n04522168_25371,vase,4,4
n04522168_25390,vase,4,3
n04522168_25442,vase,4,1
n04522168_25502,vase,4,4
n04522168_25504,vase,4,1
n04522168_2553,vase,4,0
n04522168_25560,vase,4,4
n04522168_2558,vase,4,1
n04522168_25582,vase,4,4
n04522168_25591,vase,4,2
n04522168_25599,vase,4,2
n04522168_256,vase,4,2
n04522168_25613,vase,4,0
n04522168_25664,vase,4,2
n04522168_25702,vase,4,4
n04522168_25714,vase,4,0
n04522168_2572,vase,4,3
n04522168_2578,vase,4,2
n04522168_25783,vase,4,2
n04522168_258,vase,4,0
n04522168_25816,vase,4,0
n04522168_25866,vase,4,4
n04522168_25875,vase,4,4
n04522168_25882,vase,4,0
n04522168_2592,vase,4,0
n04522168_25922,vase,4,0
n04522168_25935,vase,4,1
n04522168_25968,vase,4,2
n04522168_25977,vase,4,3
n04522168_26120,vase,4,1
n04522168_26133,vase,4,3
n04522168_2620,vase,4,0
n04522168_26221,vase,4,4
n04522168_26223,vase,4,1
n04522168_2623,vase,4,4
n04522168_26233,vase,4,4
n04522168_2624,vase,4,1
n04522168_2625,vase,4,2
n04522168_26271,vase,4,4
n04522168_26275,vase,4,0
n04522168_26290,vase,4,3
n04522168_26300,vase,4,1
n04522168_26307,vase,4,2
n04522168_26325,vase,4,3
n04522168_2634,vase,4,1
n04522168_2639,vase,4,1
n04522168_2656,vase,4,4
n04522168_26713,vase,4,2
n04522168_26715,vase,4,0
n04522168_2675,vase,4,2
n04522168_26765,vase,4,0
n04522168_2679,vase,4,3
n04522168_2682,vase,4,0
n04522168_2689,vase,4,3
n04522168_26925,vase,4,1
n04522168_2695,vase,4,2
n04522168_27031,vase,4,1
n04522168_27033,vase,4,1
n04522168_27145,vase,4,4
n04522168_27209,vase,4,3
n04522168_27224,vase,4,4
n04522168_27235,vase,4,4
n04522168_2731,vase,4,4
n04522168_2748,vase,4,0
n04522168_2750,vase,4,0
n04522168_2751,vase,4,2
n04522168_27539,vase,4,3
n04522168_2759,vase,4,3
n04522168_27636,vase,4,4
n04522168_27643,vase,4,4
n04522168_2774,vase,4,2
n04522168_27865,vase,4,4
n04522168_2796,vase,4,0
n04522168_28015,vase,4,3
n04522168_28167,vase,4,4
n04522168_28172,vase,4,0
n04522168_28233,vase,4,1
n04522168_2843,vase,4,0
n04522168_28438,vase,4,0
n04522168_28445,vase,4,2
n04522168_28450,vase,4,1
n04522168_2846,vase,4,0
n04522168_28520,vase,4,2
n04522168_2856,vase,4,3
n04522168_28599,vase,4,1
n04522168_28732,vase,4,3
n04522168_2875,vase,4,3
n04522168_28792,vase,4,0
n04522168_2883,vase,4,1
n04522168_2885,vase,4,1
n04522168_2903,vase,4,1
n04522168_2904,vase,4,0
n04522168_29059,vase,4,0
n04522168_2920,vase,4,4
n04522168_29295,vase,4,4
n04522168_29298,vase,4,3
n04522168_29311,vase,4,2
n04522168_29346,vase,4,4
n04522168_29348,vase,4,4
n04522168_2935,vase,4,1
n04522168_29355,vase,4,2
n04522168_2945,vase,4,4
n04522168_2946,vase,4,4
n04522168_29476,vase,4,4
n04522168_29489,vase,4,1
n04522168_29577,vase,4,1
n04522168_29661,vase,4,0
n04522168_29785,vase,4,2
n04522168_2980,vase,4,4
n04522168_29804,vase,4,4
n04522168_29995,vase,4,3
n04522168_30006,vase,4,2
n04522168_30061,vase,4,4
n04522168_30104,vase,4,1
n04522168_30122,vase,4,2
n04522168_30221,vase,4,4
n04522168_3023,vase,4,1
n04522168_3030,vase,4,3
n04522168_30304,vase,4,4
n04522168_30360,vase,4,0
n04522168_30381,vase,4,0
n04522168_3042,vase,4,3
n04522168_30512,vase,4,0
n04522168_30523,vase,4,1
n04522168_3053,vase,4,4
n04522168_3068,vase,4,1
n04522168_30725,vase,4,4
n04522168_30728,vase,4,2
n04522168_30796,vase,4,4
n04522168_30938,vase,4,4
n04522168_30972,vase,4,1
n04522168_30982,vase,4,3
n04522168_3104,vase,4,0
n04522168_31062,vase,4,4
n04522168_3114,vase,4,2
n04522168_31177,vase,4,2
n04522168_31244,vase,4,4
n04522168_31275,vase,4,0
n04522168_31278,vase,4,0
n04522168_3128,vase,4,1
n04522168_31337,vase,4,1
n04522168_3135,vase,4,1
n04522168_3137,vase,4,1
n04522168_31426,vase,4,1
n04522168_31480,vase,4,0
n04522168_31495,vase,4,0
n04522168_31513,vase,4,1
n04522168_31574,vase,4,2
n04522168_31582,vase,4,0
n04522168_31591,vase,4,3
n04522168_31616,vase,4,2
n04522168_31632,vase,4,4
n04522168_31670,vase,4,2
n04522168_31673,vase,4,4
n04522168_3183,vase,4,2
n04522168_31832,vase,4,1
n04522168_31855,vase,4,1
n04522168_31910,vase,4,4
n04522168_32017,vase,4,0
n04522168_32039,vase,4,0
n04522168_32044,vase,4,4
n04522168_3207,vase,4,0
n04522168_32071,vase,4,1
n04522168_32286,vase,4,2
n04522168_32361,vase,4,0
n04522168_3238,vase,4,1
n04522168_3243,vase,4,1
n04522168_32474,vase,4,4
n04522168_32479,vase,4,4
n04522168_32483,vase,4,2
n04522168_326,vase,4,4
n04522168_3263,vase,4,4
n04522168_3267,vase,4,3
n04522168_32740,vase,4,4
n04522168_32801,vase,4,2
n04522168_3284,vase,4,2
n04522168_32868,vase,4,2
n04522168_3293,vase,4,3
n04522168_3299,vase,4,1
n04522168_33013,vase,4,0
n04522168_33017,vase,4,0
n04522168_3305,vase,4,3
n04522168_3307,vase,4,4
n04522168_33094,vase,4,0
n04522168_3315,vase,4,2
n04522168_33154,vase,4,2
n04522168_33177,vase,4,0
n04522168_3319,vase,4,1
n04522168_33204,vase,4,4
n04522168_333,vase,4,3
n04522168_3334,vase,4,4
n04522168_33545,vase,4,3
n04522168_3355,vase,4,1
n04522168_33635,vase,4,4
n04522168_33724,vase,4,0
n04522168_33778,vase,4,1
n04522168_3382,vase,4,2
n04522168_33823,vase,4,1
n04522168_3389,vase,4,0
n04522168_33896,vase,4,0
n04522168_339,vase,4,1
n04522168_33902,vase,4,4
n04522168_33932,vase,4,1
n04522168_33991,vase,4,3
n04522168_34023,vase,4,2
n04522168_3417,vase,4,0
n04522168_3418,vase,4,1
n04522168_34211,vase,4,0
n04522168_3426,vase,4,0
n04522168_34263,vase,4,4
n04522168_34287,vase,4,1
n04522168_3436,vase,4,2
n04522168_34379,vase,4,4
n04522168_3439,vase,4,2
n04522168_34590,vase,4,1
n04522168_3465,vase,4,2
n04522168_34718,vase,4,4
n04522168_34763,vase,4,3
n04522168_34773,vase,4,2
n04522168_34802,vase,4,3
n04522168_34893,vase,4,4
n04522168_34907,vase,4,1
n04522168_3497,vase,4,0
n04522168_34974,vase,4,2
n04522168_35023,vase,4,4
n04522168_35093,vase,4,2
n04522168_35151,vase,4,0
n04522168_3516,vase,4,2
n04522168_3518,vase,4,2
n04522168_35265,vase,4,2
n04522168_35344,vase,4,3
n04522168_35414,vase,4,2
n04522168_35432,vase,4,2
n04522168_35455,vase,4,2
n04522168_35504,vase,4,2
n04522168_3562,vase,4,4
n04522168_35644,vase,4,3
n04522168_3579,vase,4,3
n04522168_35804,vase,4,2
n04522168_35862,vase,4,2
n04522168_3590,vase,4,1
n04522168_3591,vase,4,1
n04522168_3598,vase,4,2
n04522168_36151,vase,4,0
n04522168_3624,vase,4,3
n04522168_3627,vase,4,3
n04522168_3633,vase,4,2
n04522168_3662,vase,4,2
n04522168_36911,vase,4,1
n04522168_3692,vase,4,0
n04522168_3697,vase,4,1
n04522168_3703,vase,4,0
n04522168_37334,vase,4,3
n04522168_37538,vase,4,4
n04522168_3754,vase,4,3
n04522168_37819,vase,4,3
n04522168_37840,vase,4,3
n04522168_38062,vase,4,4
n04522168_38078,vase,4,3
n04522168_38132,vase,4,0
n04522168_3818,vase,4,2
n04522168_38189,vase,4,3
n04522168_3826,vase,4,1
n04522168_38278,vase,4,4
n04522168_38472,vase,4,3
n04522168_38632,vase,4,2
n04522168_38661,vase,4,4
n04522168_38674,vase,4,0
n04522168_3871,vase,4,0
n04522168_38815,vase,4,2
n04522168_3888,vase,4,0
n04522168_38902,vase,4,2
n04522168_390,vase,4,0
n04522168_3920,vase,4,2
n04522168_39327,vase,4,4
n04522168_394,vase,4,0
n04522168_39415,vase,4,3
n04522168_39521,vase,4,3
n04522168_39550,vase,4,1
n04522168_39604,vase,4,2
n04522168_39614,vase,4,2
n04522168_3963,vase,4,3
n04522168_39772,vase,4,4
n04522168_3997,vase,4,2
n04522168_40314,vase,4,3
n04522168_40334,vase,4,0
n04522168_40346,vase,4,4
n04522168_4038,vase,4,2
n04522168_40470,vase,4,0
n04522168_40599,vase,4,4
n04522168_40628,vase,4,3
n04522168_4067,vase,4,3
n04522168_40744,vase,4,1
n04522168_4081,vase,4,3
n04522168_4097,vase,4,3
n04522168_4101,vase,4,1
n04522168_41088,vase,4,1
n04522168_4109,vase,4,1
n04522168_411,vase,4,3
n04522168_41123,vase,4,4
n04522168_41215,vase,4,3
n04522168_41309,vase,4,3
n04522168_4139,vase,4,1
n04522168_4152,vase,4,1
n04522168_41532,vase,4,0
n04522168_41768,vase,4,4
n04522168_41836,vase,4,1
n04522168_4185,vase,4,4
n04522168_41868,vase,4,3
n04522168_41904,vase,4,0
n04522168_41966,vase,4,4
n04522168_41983,vase,4,3
n04522168_4203,vase,4,1
n04522168_42047,vase,4,0
n04522168_42069,vase,4,0
n04522168_4218,vase,4,4
n04522168_4237,vase,4,4
n04522168_42439,vase,4,4
n04522168_4253,vase,4,1
n04522168_42536,vase,4,1
n04522168_42663,vase,4,2
n04522168_42847,vase,4,2
n04522168_4285,vase,4,2
n04522168_4288,vase,4,3
n04522168_43029,vase,4,0
n04522168_43130,vase,4,0
n04522168_4314,vase,4,3
n04522168_43202,vase,4,0
n04522168_43212,vase,4,3
n04522168_43259,vase,4,2
n04522168_4326,vase,4,3
n04522168_43298,vase,4,2
n04522168_4337,vase,4,3
n04522168_43479,vase,4,2
n04522168_4358,vase,4,4
n04522168_4362,vase,4,4
n04522168_4387,vase,4,2
n04522168_4405,vase,4,2
n04522168_4418,vase,4,4
n04522168_44262,vase,4,1
n04522168_4429,vase,4,1
n04522168_44310,vase,4,1
n04522168_44353,vase,4,4
n04522168_44371,vase,4,4
n04522168_4443,vase,4,1
n04522168_44521,vase,4,1
n04522168_44551,vase,4,1
n04522168_44552,vase,4,0
n04522168_44730,vase,4,3
n04522168_4476,vase,4,0
n04522168_44780,vase,4,3
n04522168_44982,vase,4,4
n04522168_44998,vase,4,2
n04522168_45023,vase,4,0
n04522168_45115,vase,4,3
n04522168_45331,vase,4,2
n04522168_45382,vase,4,0
n04522168_45516,vase,4,1
n04522168_45535,vase,4,3
n04522168_4556,vase,4,0
n04522168_45605,vase,4,3
n04522168_4565,vase,4,3
n04522168_4584,vase,4,2
n04522168_4607,vase,4,2
n04522168_46164,vase,4,0
n04522168_46266,vase,4,2
n04522168_4642,vase,4,2
n04522168_46511,vase,4,4
n04522168_46526,vase,4,2
n04522168_46542,vase,4,4
n04522168_46611,vase,4,0
n04522168_46686,vase,4,1
n04522168_46731,vase,4,3
n04522168_46810,vase,4,0
n04522168_46972,vase,4,0
n04522168_4703,vase,4,2
n04522168_47046,vase,4,4
n04522168_47057,vase,4,3
n04522168_47380,vase,4,2
n04522168_47401,vase,4,4
n04522168_47456,vase,4,2
n04522168_475,vase,4,4
n04522168_4752,vase,4,0
n04522168_47595,vase,4,0
n04522168_47650,vase,4,2
n04522168_47666,vase,4,4
n04522168_47672,vase,4,0
n04522168_47776,vase,4,2
n04522168_47829,vase,4,3
n04522168_4786,vase,4,3
n04522168_47875,vase,4,0
n04522168_4789,vase,4,4
n04522168_47988,vase,4,0
n04522168_4799,vase,4,0
n04522168_4804,vase,4,1
n04522168_4805,vase,4,4
n04522168_4806,vase,4,3
n04522168_48172,vase,4,1
n04522168_482,vase,4,2
n04522168_4821,vase,4,2
n04522168_483,vase,4,2
n04522168_48526,vase,4,2
n04522168_4857,vase,4,4
n04522168_48694,vase,4,2
n04522168_487,vase,4,1
n04522168_48834,vase,4,3
n04522168_48879,vase,4,4
n04522168_48930,vase,4,0
n04522168_49024,vase,4,2
n04522168_49052,vase,4,4
n04522168_4914,vase,4,3
n04522168_49149,vase,4,2
n04522168_49155,vase,4,3
n04522168_49172,vase,4,2
n04522168_4934,vase,4,0
n04522168_494,vase,4,1
n04522168_4949,vase,4,2
n04522168_49567,vase,4,1
n04522168_49617,vase,4,4
n04522168_49662,vase,4,3
n04522168_49679,vase,4,2
n04522168_49706,vase,4,3
n04522168_4972,vase,4,3
n04522168_49724,vase,4,4
n04522168_49829,vase,4,4
n04522168_49846,vase,4,3
n04522168_4987,vase,4,3
n04522168_49932,vase,4,2
n04522168_50013,vase,4,0
n04522168_50026,vase,4,1
n04522168_5006,vase,4,0
n04522168_50153,vase,4,0
n04522168_50246,vase,4,2
n04522168_5033,vase,4,1
n04522168_50351,vase,4,0
n04522168_50417,vase,4,0
n04522168_5049,vase,4,3
n04522168_5051,vase,4,2
n04522168_5053,vase,4,2
n04522168_50615,vase,4,0
n04522168_5071,vase,4,2
n04522168_50724,vase,4,4
n04522168_5073,vase,4,0
n04522168_50743,vase,4,1
n04522168_50815,vase,4,1
n04522168_5090,vase,4,0
n04522168_51042,vase,4,3
n04522168_5108,vase,4,1
n04522168_51089,vase,4,1
n04522168_5120,vase,4,4
n04522168_5125,vase,4,3
n04522168_51376,vase,4,1
n04522168_51403,vase,4,4
n04522168_5163,vase,4,2
n04522168_51723,vase,4,1
n04522168_51745,vase,4,0
n04522168_51776,vase,4,1
n04522168_51844,vase,4,0
n04522168_5186,vase,4,0
n04522168_5190,vase,4,1
n04522168_5193,vase,4,2
n04522168_52106,vase,4,3
n04522168_5220,vase,4,1
n04522168_52406,vase,4,3
n04522168_52441,vase,4,4
n04522168_52538,vase,4,3
n04522168_5254,vase,4,2
n04522168_52592,vase,4,2
n04522168_52635,vase,4,3
n04522168_5278,vase,4,3
n04522168_52849,vase,4,3
n04522168_529,vase,4,3
n04522168_5294,vase,4,0
n04522168_5297,vase,4,3
n04522168_52998,vase,4,3
n04522168_530,vase,4,2
n04522168_53179,vase,4,1
n04522168_534,vase,4,3
n04522168_5341,vase,4,1
n04522168_535,vase,4,2
n04522168_5360,vase,4,3
n04522168_5361,vase,4,3
n04522168_53697,vase,4,3
n04522168_538,vase,4,0
n04522168_53842,vase,4,3
n04522168_5385,vase,4,0
n04522168_53855,vase,4,4
n04522168_5398,vase,4,2
n04522168_54076,vase,4,3
n04522168_5420,vase,4,3
n04522168_54241,vase,4,0
n04522168_5428,vase,4,2
n04522168_54333,vase,4,3
n04522168_54334,vase,4,4
n04522168_5436,vase,4,3
n04522168_54428,vase,4,1
n04522168_54512,vase,4,4
n04522168_5461,vase,4,2
n04522168_54613,vase,4,2
n04522168_5483,vase,4,4
n04522168_5501,vase,4,1
n04522168_55033,vase,4,3
n04522168_55115,vase,4,4
n04522168_55269,vase,4,0
n04522168_5538,vase,4,3
n04522168_5543,vase,4,4
n04522168_55482,vase,4,1
n04522168_5549,vase,4,0
n04522168_55536,vase,4,4
n04522168_5561,vase,4,0
n04522168_5566,vase,4,0
n04522168_55734,vase,4,2
n04522168_55810,vase,4,3
n04522168_5585,vase,4,2
n04522168_56091,vase,4,2
n04522168_56474,vase,4,1
n04522168_56552,vase,4,1
n04522168_56667,vase,4,2
n04522168_5667,vase,4,0
n04522168_56708,vase,4,4
n04522168_56721,vase,4,2
n04522168_56741,vase,4,3
n04522168_56823,vase,4,4
n04522168_5691,vase,4,3
n04522168_5698,vase,4,3
n04522168_5699,vase,4,4
n04522168_57049,vase,4,1
n04522168_57098,vase,4,4
n04522168_5712,vase,4,4
n04522168_5725,vase,4,3
n04522168_57375,vase,4,2
n04522168_5740,vase,4,0
n04522168_5760,vase,4,4
n04522168_5786,vase,4,3
n04522168_5820,vase,4,3
n04522168_5869,vase,4,0
n04522168_5880,vase,4,3
n04522168_5888,vase,4,3
n04522168_5895,vase,4,2
n04522168_5977,vase,4,0
n04522168_5994,vase,4,3
n04522168_5996,vase,4,3
n04522168_60,vase,4,1
n04522168_602,vase,4,2
n04522168_6028,vase,4,4
n04522168_6056,vase,4,0
n04522168_6065,vase,4,1
n04522168_6066,vase,4,2
n04522168_6067,vase,4,3
n04522168_6068,vase,4,4
n04522168_6115,vase,4,3
n04522168_6132,vase,4,4
n04522168_6140,vase,4,1
n04522168_615,vase,4,2
n04522168_6183,vase,4,1
n04522168_6184,vase,4,3
n04522168_6194,vase,4,4
n04522168_620,vase,4,4
n04522168_6205,vase,4,0
n04522168_6213,vase,4,4
n04522168_6237,vase,4,0
n04522168_6246,vase,4,3
n04522168_6247,vase,4,0
n04522168_6297,vase,4,0
n04522168_632,vase,4,0
n04522168_6326,vase,4,4
n04522168_6333,vase,4,3
n04522168_6346,vase,4,0
n04522168_6383,vase,4,4
n04522168_6394,vase,4,3
n04522168_6409,vase,4,1
n04522168_6421,vase,4,3
n04522168_6439,vase,4,4
n04522168_6441,vase,4,1
n04522168_6477,vase,4,0
n04522168_6505,vase,4,1
n04522168_6512,vase,4,0
n04522168_6529,vase,4,3
n04522168_6575,vase,4,4
n04522168_6591,vase,4,0
n04522168_6604,vase,4,0
n04522168_6614,vase,4,4
n04522168_6619,vase,4,3
n04522168_6641,vase,4,3
n04522168_6659,vase,4,0
n04522168_6662,vase,4,3
n04522168_670,vase,4,4
n04522168_6707,vase,4,4
n04522168_6736,vase,4,3
n04522168_6743,vase,4,2
n04522168_6818,vase,4,0
n04522168_683,vase,4,3
n04522168_6895,vase,4,3
n04522168_691,vase,4,3
n04522168_6942,vase,4,0
n04522168_6979,vase,4,4
n04522168_6997,vase,4,0
n04522168_7028,vase,4,0
n04522168_7095,vase,4,2
n04522168_7113,vase,4,0
n04522168_7114,vase,4,0
n04522168_7124,vase,4,0
n04522168_7135,vase,4,3
n04522168_7144,vase,4,0
n04522168_7150,vase,4,2
n04522168_7281,vase,4,0
n04522168_7292,vase,4,0
n04522168_7294,vase,4,3
n04522168_7304,vase,4,4
n04522168_7319,vase,4,0
n04522168_735,vase,4,0
n04522168_7351,vase,4,3
n04522168_7360,vase,4,3
n04522168_7436,vase,4,4
n04522168_7458,vase,4,2
n04522168_7498,vase,4,1
n04522168_7509,vase,4,2
n04522168_7649,vase,4,3
n04522168_7664,vase,4,1
n04522168_7691,vase,4,2
n04522168_7706,vase,4,0
n04522168_7709,vase,4,3
n04522168_7717,vase,4,1
n04522168_7718,vase,4,1
n04522168_7738,vase,4,0
n04522168_7742,vase,4,2
n04522168_7743,vase,4,1
n04522168_7744,vase,4,2
n04522168_7783,vase,4,0
n04522168_7808,vase,4,2
n04522168_7816,vase,4,0
n04522168_7819,vase,4,2
n04522168_7820,vase,4,1
n04522168_7822,vase,4,4
n04522168_7826,vase,4,0
n04522168_7854,vase,4,3
n04522168_7863,vase,4,1
n04522168_7879,vase,4,2
n04522168_7898,vase,4,4
n04522168_7911,vase,4,3
n04522168_7922,vase,4,1
n04522168_7967,vase,4,2
n04522168_7971,vase,4,2
n04522168_7979,vase,4,4
n04522168_7986,vase,4,4
n04522168_8020,vase,4,0
n04522168_8032,vase,4,2
n04522168_8034,vase,4,0
n04522168_8044,vase,4,2
n04522168_8057,vase,4,2
n04522168_8106,vase,4,1
n04522168_8114,vase,4,3
n04522168_8140,vase,4,4
n04522168_8146,vase,4,0
n04522168_8150,vase,4,3
n04522168_8167,vase,4,2
n04522168_8191,vase,4,3
n04522168_8210,vase,4,1
n04522168_8231,vase,4,3
n04522168_8247,vase,4,3
n04522168_8253,vase,4,3
n04522168_8264,vase,4,2
n04522168_8273,vase,4,1
n04522168_8284,vase,4,2
n04522168_8317,vase,4,2
n04522168_8330,vase,4,0
n04522168_8353,vase,4,2
n04522168_8354,vase,4,0
n04522168_8356,vase,4,4
n04522168_8399,vase,4,2
n04522168_8427,vase,4,3
n04522168_8429,vase,4,0
n04522168_8440,vase,4,3
n04522168_8441,vase,4,0
n04522168_8442,vase,4,2
n04522168_8470,vase,4,1
n04522168_8491,vase,4,2
n04522168_8497,vase,4,0
n04522168_8516,vase,4,0
n04522168_8523,vase,4,1
n04522168_8547,vase,4,0
n04522168_8606,vase,4,1
n04522168_8620,vase,4,4
n04522168_8635,vase,4,2
n04522168_8660,vase,4,4
n04522168_8683,vase,4,3
n04522168_8699,vase,4,3
n04522168_8712,vase,4,4
n04522168_8714,vase,4,4
n04522168_8718,vase,4,3
n04522168_8735,vase,4,1
n04522168_8736,vase,4,0
n04522168_8739,vase,4,1
n04522168_8783,vase,4,1
n04522168_8813,vase,4,4
n04522168_8827,vase,4,3
n04522168_8833,vase,4,0
n04522168_8901,vase,4,3
n04522168_8928,vase,4,1
n04522168_895,vase,4,2
n04522168_8963,vase,4,0
n04522168_8987,vase,4,3
n04522168_8988,vase,4,3
n04522168_9016,vase,4,1
n04522168_9053,vase,4,3
n04522168_9063,vase,4,1
n04522168_9067,vase,4,3
n04522168_9086,vase,4,0
n04522168_9096,vase,4,1
n04522168_9121,vase,4,4
n04522168_9140,vase,4,0
n04522168_9145,vase,4,4
n04522168_9148,vase,4,1
n04522168_9151,vase,4,0
n04522168_9174,vase,4,3
n04522168_9216,vase,4,0
n04522168_9222,vase,4,2
n04522168_9257,vase,4,1
n04522168_9281,vase,4,2
n04522168_929,vase,4,4
n04522168_9291,vase,4,1
n04522168_9327,vase,4,0
n04522168_9340,vase,4,0
n04522168_9369,vase,4,1
n04522168_9443,vase,4,3
n04522168_9467,vase,4,1
n04522168_9471,vase,4,1
n04522168_9487,vase,4,3
n04522168_9496,vase,4,0
n04522168_9505,vase,4,0
n04522168_951,vase,4,0
n04522168_9513,vase,4,1
n04522168_9517,vase,4,2
n04522168_9532,vase,4,3
n04522168_9545,vase,4,2
n04522168_9555,vase,4,0
n04522168_9563,vase,4,3
n04522168_9616,vase,4,0
n04522168_9649,vase,4,2
n04522168_9654,vase,4,4
n04522168_9670,vase,4,0
n04522168_9684,vase,4,3
n04522168_9693,vase,4,4
n04522168_9710,vase,4,1
n04522168_9717,vase,4,1
n04522168_9718,vase,4,3
n04522168_9736,vase,4,4
n04522168_9764,vase,4,2
n04522168_9774,vase,4,3
n04522168_9777,vase,4,3
n04522168_979,vase,4,1
n04522168_9801,vase,4,4
n04522168_9805,vase,4,1
n04522168_9824,vase,4,0
n04522168_9829,vase,4,1
n04522168_9856,vase,4,4
n04522168_9858,vase,4,0
n04522168_9912,vase,4,3
n04522168_9929,vase,4,1
n04522168_9930,vase,4,4
n04522168_9932,vase,4,1
n04522168_9934,vase,4,2
n04522168_9946,vase,4,0
n04522168_9957,vase,4,0
n04522168_9963,vase,4,2
n04522168_9997,vase,4,3
n07590611_1,hotpot,4,3
n07590611_10019,hotpot,4,4
n07590611_10068,hotpot,4,1
n07590611_10109,hotpot,4,4
n07590611_1011,hotpot,4,4
n07590611_10126,hotpot,4,4
n07590611_10139,hotpot,4,3
n07590611_1014,hotpot,4,0
n07590611_10158,hotpot,4,1
n07590611_1016,hotpot,4,2
n07590611_10194,hotpot,4,2
n07590611_10233,hotpot,4,3
n07590611_10262,hotpot,4,0
n07590611_10268,hotpot,4,0
n07590611_10299,hotpot,4,2
n07590611_1031,hotpot,4,0
n07590611_10312,hotpot,4,0
n07590611_10336,hotpot,4,0
n07590611_10340,hotpot,4,0
n07590611_10341,hotpot,4,2
n07590611_1038,hotpot,4,4
n07590611_1042,hotpot,4,4
n07590611_10453,hotpot,4,4
n07590611_10455,hotpot,4,3
n07590611_10471,hotpot,4,1
n07590611_10504,hotpot,4,2
n07590611_10516,hotpot,4,3
n07590611_10531,hotpot,4,4
n07590611_1055,hotpot,4,4
n07590611_10558,hotpot,4,1
n07590611_10571,hotpot,4,1
n07590611_10580,hotpot,4,0
n07590611_1061,hotpot,4,1
n07590611_10633,hotpot,4,3
n07590611_1064,hotpot,4,2
n07590611_10657,hotpot,4,3
n07590611_10669,hotpot,4,2
n07590611_1067,hotpot,4,1
n07590611_10679,hotpot,4,3
n07590611_10684,hotpot,4,4
n07590611_10697,hotpot,4,1
n07590611_10705,hotpot,4,2
n07590611_10713,hotpot,4,2
n07590611_10731,hotpot,4,0
n07590611_10763,hotpot,4,1
n07590611_10765,hotpot,4,2
n07590611_10775,hotpot,4,1
n07590611_10786,hotpot,4,1
n07590611_10787,hotpot,4,1
n07590611_10813,hotpot,4,3
n07590611_1083,hotpot,4,2
n07590611_10848,hotpot,4,0
n07590611_10901,hotpot,4,0
n07590611_10960,hotpot,4,1
n07590611_10987,hotpot,4,4
n07590611_11016,hotpot,4,3
n07590611_1105,hotpot,4,4
n07590611_11071,hotpot,4,2
n07590611_11089,hotpot,4,0
n07590611_11092,hotpot,4,3
n07590611_11102,hotpot,4,1
n07590611_11106,hotpot,4,2
n07590611_11108,hotpot,4,1
n07590611_11113,hotpot,4,4
n07590611_11129,hotpot,4,2
n07590611_11131,hotpot,4,1
n07590611_11132,hotpot,4,0
n07590611_11137,hotpot,4,2
n07590611_1116,hotpot,4,3
n07590611_11208,hotpot,4,3
n07590611_1121,hotpot,4,0
n07590611_1124,hotpot,4,0
n07590611_11242,hotpot,4,0
n07590611_11245,hotpot,4,2
n07590611_11249,hotpot,4,3
n07590611_11251,hotpot,4,0
n07590611_11258,hotpot,4,2
n07590611_11275,hotpot,4,0
n07590611_11289,hotpot,4,0
n07590611_11292,hotpot,4,3
n07590611_11331,hotpot,4,4
n07590611_11344,hotpot,4,0
n07590611_11345,hotpot,4,0
n07590611_11356,hotpot,4,1
n07590611_11363,hotpot,4,0
n07590611_11374,hotpot,4,4
n07590611_11384,hotpot,4,1
n07590611_11416,hotpot,4,0
n07590611_11441,hotpot,4,1
n07590611_11446,hotpot,4,3
n07590611_11459,hotpot,4,0
n07590611_11465,hotpot,4,0
n07590611_11501,hotpot,4,3
n07590611_11504,hotpot,4,3
n07590611_11506,hotpot,4,3
n07590611_11531,hotpot,4,0
n07590611_11542,hotpot,4,2
n07590611_11549,hotpot,4,2
n07590611_11550,hotpot,4,4
n07590611_11561,hotpot,4,4
n07590611_11597,hotpot,4,3
n07590611_11607,hotpot,4,3
n07590611_11613,hotpot,4,0
n07590611_11637,hotpot,4,0
n07590611_11639,hotpot,4,3
n07590611_11672,hotpot,4,1
n07590611_11680,hotpot,4,3
n07590611_11704,hotpot,4,3
n07590611_11748,hotpot,4,0
n07590611_11764,hotpot,4,3
n07590611_11790,hotpot,4,2
n07590611_11792,hotpot,4,0
n07590611_11798,hotpot,4,0
n07590611_11804,hotpot,4,3
n07590611_11808,hotpot,4,0
n07590611_11818,hotpot,4,4
n07590611_11826,hotpot,4,1
n07590611_11827,hotpot,4,1
n07590611_11831,hotpot,4,4
n07590611_11842,hotpot,4,2
n07590611_11867,hotpot,4,0
n07590611_1188,hotpot,4,3
n07590611_11883,hotpot,4,1
n07590611_11891,hotpot,4,1
n07590611_11892,hotpot,4,0
n07590611_1190,hotpot,4,1
n07590611_11900,hotpot,4,2
n07590611_11905,hotpot,4,0
n07590611_11912,hotpot,4,0
n07590611_11918,hotpot,4,1
n07590611_11944,hotpot,4,4
n07590611_11957,hotpot,4,0
n07590611_11968,hotpot,4,0
n07590611_11999,hotpot,4,2
n07590611_12022,hotpot,4,4
n07590611_12044,hotpot,4,1
n07590611_12055,hotpot,4,4
n07590611_12088,hotpot,4,1
n07590611_12104,hotpot,4,0
n07590611_12110,hotpot,4,3
n07590611_12151,hotpot,4,4
n07590611_12157,hotpot,4,4
n07590611_1216,hotpot,4,1
n07590611_12177,hotpot,4,4
n07590611_12185,hotpot,4,2
n07590611_12203,hotpot,4,4
n07590611_12209,hotpot,4,4
n07590611_12232,hotpot,4,4
n07590611_12237,hotpot,4,3
n07590611_12242,hotpot,4,0
n07590611_12249,hotpot,4,3
n07590611_12293,hotpot,4,4
n07590611_12315,hotpot,4,0
n07590611_12349,hotpot,4,4
n07590611_12379,hotpot,4,2
n07590611_1238,hotpot,4,3
n07590611_12394,hotpot,4,4
n07590611_12466,hotpot,4,3
n07590611_12475,hotpot,4,0
n07590611_12493,hotpot,4,2
n07590611_12494,hotpot,4,3
n07590611_12514,hotpot,4,1
n07590611_12516,hotpot,4,0
n07590611_12522,hotpot,4,4
n07590611_12535,hotpot,4,3
n07590611_1255,hotpot,4,0
n07590611_12596,hotpot,4,2
n07590611_12609,hotpot,4,1
n07590611_1261,hotpot,4,3
n07590611_12621,hotpot,4,3
n07590611_12626,hotpot,4,4
n07590611_12633,hotpot,4,0
n07590611_12660,hotpot,4,4
n07590611_12697,hotpot,4,4
n07590611_12707,hotpot,4,0
n07590611_12732,hotpot,4,4
n07590611_12740,hotpot,4,2
n07590611_12787,hotpot,4,2
n07590611_12800,hotpot,4,4
n07590611_1282,hotpot,4,3
n07590611_12821,hotpot,4,3
n07590611_12825,hotpot,4,3
n07590611_12852,hotpot,4,3
n07590611_12857,hotpot,4,1
n07590611_12871,hotpot,4,1
n07590611_12888,hotpot,4,3
n07590611_12913,hotpot,4,4
n07590611_12918,hotpot,4,2
n07590611_12949,hotpot,4,4
n07590611_12962,hotpot,4,3
n07590611_12993,hotpot,4,1
n07590611_12995,hotpot,4,4
n07590611_13,hotpot,4,0
n07590611_13013,hotpot,4,1
n07590611_13043,hotpot,4,1
n07590611_13057,hotpot,4,1
n07590611_13061,hotpot,4,3
n07590611_13066,hotpot,4,1
n07590611_13078,hotpot,4,4
n07590611_13080,hotpot,4,2
n07590611_13083,hotpot,4,3
n07590611_13089,hotpot,4,3
n07590611_13108,hotpot,4,2
n07590611_13127,hotpot,4,1
n07590611_13196,hotpot,4,3
n07590611_13212,hotpot,4,3
n07590611_1322,hotpot,4,0
n07590611_13234,hotpot,4,1
n07590611_13236,hotpot,4,4
n07590611_13243,hotpot,4,1
n07590611_1329,hotpot,4,3
n07590611_13292,hotpot,4,3
n07590611_133,hotpot,4,1
n07590611_13302,hotpot,4,0
n07590611_13320,hotpot,4,3
n07590611_13339,hotpot,4,2
n07590611_13348,hotpot,4,2
n07590611_13354,hotpot,4,4
n07590611_13358,hotpot,4,4
n07590611_13435,hotpot,4,2
n07590611_13442,hotpot,4,0
n07590611_13450,hotpot,4,3
n07590611_13467,hotpot,4,0
n07590611_13475,hotpot,4,3
n07590611_13514,hotpot,4,1
n07590611_13522,hotpot,4,4
n07590611_13529,hotpot,4,3
n07590611_13531,hotpot,4,1
n07590611_13547,hotpot,4,1
n07590611_13558,hotpot,4,1
n07590611_13579,hotpot,4,3
n07590611_13589,hotpot,4,2
n07590611_13595,hotpot,4,0
n07590611_13647,hotpot,4,4
n07590611_13650,hotpot,4,1
n07590611_13678,hotpot,4,3
n07590611_13681,hotpot,4,4
n07590611_13718,hotpot,4,0
n07590611_13722,hotpot,4,3
n07590611_13732,hotpot,4,1
n07590611_1374,hotpot,4,2
n07590611_13741,hotpot,4,3
n07590611_1376,hotpot,4,1
n07590611_13761,hotpot,4,4
n07590611_1377,hotpot,4,1
n07590611_13775,hotpot,4,3
n07590611_13780,hotpot,4,4
n07590611_13805,hotpot,4,0
n07590611_13827,hotpot,4,4
n07590611_1383,hotpot,4,3
n07590611_13840,hotpot,4,4
n07590611_13847,hotpot,4,3
n07590611_13886,hotpot,4,2
n07590611_13889,hotpot,4,4
n07590611_13903,hotpot,4,0
n07590611_13916,hotpot,4,1
n07590611_13922,hotpot,4,4
n07590611_13927,hotpot,4,2
n07590611_13928,hotpot,4,3
n07590611_1394,hotpot,4,0
n07590611_13940,hotpot,4,2
n07590611_1399,hotpot,4,2
n07590611_13991,hotpot,4,0
n07590611_14028,hotpot,4,3
n07590611_14031,hotpot,4,1
n07590611_1407,hotpot,4,4
n07590611_14073,hotpot,4,3
n07590611_14107,hotpot,4,2
n07590611_14150,hotpot,4,4
n07590611_14229,hotpot,4,4
n07590611_14248,hotpot,4,2
n07590611_14255,hotpot,4,0
n07590611_14322,hotpot,4,0
n07590611_14369,hotpot,4,0
n07590611_14370,hotpot,4,4
n07590611_14392,hotpot,4,3
n07590611_14396,hotpot,4,3
n07590611_1443,hotpot,4,3
n07590611_14436,hotpot,4,4
n07590611_14465,hotpot,4,2
n07590611_14493,hotpot,4,4
n07590611_14508,hotpot,4,1
n07590611_14527,hotpot,4,0
n07590611_14533,hotpot,4,3
n07590611_1459,hotpot,4,3
n07590611_14604,hotpot,4,2
n07590611_14606,hotpot,4,1
n07590611_14617,hotpot,4,1
n07590611_14624,hotpot,4,4
n07590611_14628,hotpot,4,2
n07590611_14651,hotpot,4,1
n07590611_14652,hotpot,4,3
n07590611_1466,hotpot,4,0
n07590611_14675,hotpot,4,3
n07590611_14731,hotpot,4,1
n07590611_14736,hotpot,4,3
n07590611_14760,hotpot,4,2
n07590611_14775,hotpot,4,4
n07590611_14788,hotpot,4,2
n07590611_14808,hotpot,4,1
n07590611_14828,hotpot,4,4
n07590611_1483,hotpot,4,0
n07590611_1486,hotpot,4,3
n07590611_14860,hotpot,4,2
n07590611_14862,hotpot,4,2
n07590611_14871,hotpot,4,3
n07590611_14906,hotpot,4,1
n07590611_1494,hotpot,4,4
n07590611_1495,hotpot,4,4
n07590611_1496,hotpot,4,1
n07590611_14981,hotpot,4,4
n07590611_1500,hotpot,4,4
n07590611_15040,hotpot,4,1
n07590611_1505,hotpot,4,0
n07590611_1506,hotpot,4,0
n07590611_15090,hotpot,4,3
n07590611_151,hotpot,4,2
n07590611_15113,hotpot,4,2
n07590611_15135,hotpot,4,3
n07590611_1516,hotpot,4,1
n07590611_1517,hotpot,4,1
n07590611_15226,hotpot,4,0
n07590611_1524,hotpot,4,4
n07590611_15243,hotpot,4,4
n07590611_15254,hotpot,4,0
n07590611_15269,hotpot,4,4
n07590611_15305,hotpot,4,0
n07590611_15321,hotpot,4,2
n07590611_1536,hotpot,4,4
n07590611_1537,hotpot,4,4
n07590611_15396,hotpot,4,0
n07590611_15432,hotpot,4,0
n07590611_15480,hotpot,4,1
n07590611_15492,hotpot,4,2
n07590611_15508,hotpot,4,2
n07590611_15529,hotpot,4,3
n07590611_15534,hotpot,4,2
n07590611_15738,hotpot,4,0
n07590611_15757,hotpot,4,1
n07590611_1576,hotpot,4,1
n07590611_158,hotpot,4,2
n07590611_15804,hotpot,4,1
n07590611_15812,hotpot,4,4
n07590611_15858,hotpot,4,2
n07590611_15873,hotpot,4,4
n07590611_1596,hotpot,4,3
n07590611_15985,hotpot,4,4
n07590611_16009,hotpot,4,0
n07590611_1602,hotpot,4,4
n07590611_16034,hotpot,4,4
n07590611_16054,hotpot,4,4
n07590611_16059,hotpot,4,4
n07590611_16083,hotpot,4,1
n07590611_16089,hotpot,4,1
n07590611_16095,hotpot,4,1
n07590611_16157,hotpot,4,4
n07590611_16159,hotpot,4,1
n07590611_16216,hotpot,4,3
n07590611_16336,hotpot,4,2
n07590611_16338,hotpot,4,2
n07590611_16398,hotpot,4,4
n07590611_16404,hotpot,4,2
n07590611_16410,hotpot,4,3
n07590611_16422,hotpot,4,3
n07590611_16429,hotpot,4,1
n07590611_16457,hotpot,4,4
n07590611_1648,hotpot,4,2
n07590611_16510,hotpot,4,4
n07590611_1655,hotpot,4,2
n07590611_16607,hotpot,4,2
n07590611_16706,hotpot,4,2
n07590611_16707,hotpot,4,2
n07590611_16718,hotpot,4,1
n07590611_1672,hotpot,4,3
n07590611_16742,hotpot,4,4
n07590611_16771,hotpot,4,0
n07590611_16792,hotpot,4,1
n07590611_16813,hotpot,4,0
n07590611_16820,hotpot,4,3
n07590611_16884,hotpot,4,3
n07590611_16979,hotpot,4,0
n07590611_17003,hotpot,4,4
n07590611_17044,hotpot,4,4
n07590611_1705,hotpot,4,4
n07590611_17087,hotpot,4,4
n07590611_17194,hotpot,4,3
n07590611_17198,hotpot,4,4
n07590611_17199,hotpot,4,2
n07590611_17257,hotpot,4,4
n07590611_17361,hotpot,4,0
n07590611_17364,hotpot,4,3
n07590611_17389,hotpot,4,4
n07590611_17411,hotpot,4,2
n07590611_17422,hotpot,4,4
n07590611_17485,hotpot,4,2
n07590611_1750,hotpot,4,4
n07590611_17507,hotpot,4,0
n07590611_17540,hotpot,4,2
n07590611_17557,hotpot,4,2
n07590611_17560,hotpot,4,2
n07590611_17634,hotpot,4,2
n07590611_17675,hotpot,4,4
n07590611_17763,hotpot,4,2
n07590611_17807,hotpot,4,3
n07590611_1785,hotpot,4,1
n07590611_17866,hotpot,4,1
n07590611_1789,hotpot,4,3
n07590611_17894,hotpot,4,3
n07590611_17896,hotpot,4,4
n07590611_17912,hotpot,4,2
n07590611_17948,hotpot,4,3
n07590611_17949,hotpot,4,4
n07590611_17959,hotpot,4,2
n07590611_18022,hotpot,4,1
n07590611_18060,hotpot,4,3
n07590611_18076,hotpot,4,1
n07590611_18083,hotpot,4,0
n07590611_1809,hotpot,4,1
n07590611_18149,hotpot,4,1
n07590611_18151,hotpot,4,2
n07590611_18177,hotpot,4,2
n07590611_18195,hotpot,4,2
n07590611_182,hotpot,4,3
n07590611_18225,hotpot,4,3
n07590611_18238,hotpot,4,2
n07590611_183,hotpot,4,2
n07590611_18309,hotpot,4,2
n07590611_18312,hotpot,4,2
n07590611_18342,hotpot,4,2
n07590611_1835,hotpot,4,2
n07590611_1837,hotpot,4,0
n07590611_18436,hotpot,4,2
n07590611_18450,hotpot,4,0
n07590611_1852,hotpot,4,4
n07590611_18552,hotpot,4,0
n07590611_18740,hotpot,4,2
n07590611_18741,hotpot,4,3
n07590611_18757,hotpot,4,2
n07590611_18823,hotpot,4,4
n07590611_18855,hotpot,4,1
n07590611_1888,hotpot,4,0
n07590611_1890,hotpot,4,4
n07590611_18920,hotpot,4,2
n07590611_18951,hotpot,4,4
n07590611_19052,hotpot,4,4
n07590611_19063,hotpot,4,4
n07590611_19068,hotpot,4,0
n07590611_19069,hotpot,4,2
n07590611_19100,hotpot,4,1
n07590611_19144,hotpot,4,4
n07590611_19166,hotpot,4,4
n07590611_1919,hotpot,4,1
n07590611_19196,hotpot,4,1
n07590611_19226,hotpot,4,3
n07590611_19244,hotpot,4,0
n07590611_1935,hotpot,4,2
n07590611_19363,hotpot,4,3
n07590611_19407,hotpot,4,3
n07590611_19425,hotpot,4,4
n07590611_19427,hotpot,4,3
n07590611_19455,hotpot,4,3
n07590611_19468,hotpot,4,3
n07590611_1949,hotpot,4,1
n07590611_19541,hotpot,4,0
n07590611_19551,hotpot,4,4
n07590611_19556,hotpot,4,1
n07590611_19565,hotpot,4,3
n07590611_1963,hotpot,4,4
n07590611_19639,hotpot,4,0
n07590611_19663,hotpot,4,3
n07590611_1973,hotpot,4,0
n07590611_19771,hotpot,4,0
n07590611_19809,hotpot,4,0
n07590611_19893,hotpot,4,1
n07590611_19940,hotpot,4,1
n07590611_19947,hotpot,4,1
n07590611_19963,hotpot,4,0
n07590611_19980,hotpot,4,3
n07590611_20012,hotpot,4,4
n07590611_20102,hotpot,4,2
n07590611_20152,hotpot,4,2
n07590611_20166,hotpot,4,0
n07590611_20173,hotpot,4,3
n07590611_20180,hotpot,4,3
n07590611_20257,hotpot,4,4
n07590611_20297,hotpot,4,0
n07590611_20299,hotpot,4,4
n07590611_20318,hotpot,4,3
n07590611_20349,hotpot,4,4
n07590611_20364,hotpot,4,4
n07590611_20369,hotpot,4,1
n07590611_20371,hotpot,4,4
n07590611_20454,hotpot,4,3
n07590611_20477,hotpot,4,2
n07590611_20483,hotpot,4,2
n07590611_20547,hotpot,4,3
n07590611_20596,hotpot,4,3
n07590611_20602,hotpot,4,2
n07590611_20659,hotpot,4,3
n07590611_2066,hotpot,4,0
n07590611_20688,hotpot,4,0
n07590611_20705,hotpot,4,4
n07590611_20758,hotpot,4,3
n07590611_20764,hotpot,4,1
n07590611_20766,hotpot,4,2
n07590611_20784,hotpot,4,0
n07590611_20793,hotpot,4,2
n07590611_2084,hotpot,4,4
n07590611_20842,hotpot,4,4
n07590611_20876,hotpot,4,1
n07590611_20881,hotpot,4,3
n07590611_20901,hotpot,4,4
n07590611_20905,hotpot,4,1
n07590611_20911,hotpot,4,0
n07590611_20969,hotpot,4,3
n07590611_21016,hotpot,4,4
n07590611_21035,hotpot,4,2
n07590611_21085,hotpot,4,1
n07590611_21091,hotpot,4,1
n07590611_21112,hotpot,4,4
n07590611_21282,hotpot,4,0
n07590611_21305,hotpot,4,2
n07590611_21339,hotpot,4,0
n07590611_21352,hotpot,4,4
n07590611_21463,hotpot,4,4
n07590611_2151,hotpot,4,1
n07590611_21517,hotpot,4,0
n07590611_21542,hotpot,4,3
n07590611_21544,hotpot,4,2
n07590611_21570,hotpot,4,0
n07590611_21595,hotpot,4,3
n07590611_21596,hotpot,4,4
n07590611_21649,hotpot,4,3
n07590611_21666,hotpot,4,1
n07590611_21690,hotpot,4,0
n07590611_2175,hotpot,4,0
n07590611_21810,hotpot,4,4
n07590611_21878,hotpot,4,3
n07590611_21895,hotpot,4,1
n07590611_219,hotpot,4,1
n07590611_21914,hotpot,4,2
n07590611_21950,hotpot,4,2
n07590611_21963,hotpot,4,3
n07590611_21968,hotpot,4,0
n07590611_22034,hotpot,4,3
n07590611_22056,hotpot,4,2
n07590611_22080,hotpot,4,4
n07590611_22119,hotpot,4,3
n07590611_22144,hotpot,4,2
n07590611_2223,hotpot,4,3
n07590611_22269,hotpot,4,1
n07590611_2228,hotpot,4,1
n07590611_22306,hotpot,4,1
n07590611_22331,hotpot,4,3
n07590611_2238,hotpot,4,2
n07590611_22416,hotpot,4,2
n07590611_22556,hotpot,4,1
n07590611_22564,hotpot,4,4
n07590611_2257,hotpot,4,4
n07590611_2274,hotpot,4,0
n07590611_22790,hotpot,4,1
n07590611_22804,hotpot,4,3
n07590611_22813,hotpot,4,2
n07590611_22841,hotpot,4,3
n07590611_22912,hotpot,4,4
n07590611_22939,hotpot,4,1
n07590611_23013,hotpot,4,2
n07590611_23058,hotpot,4,4
n07590611_23060,hotpot,4,1
n07590611_23084,hotpot,4,0
n07590611_23121,hotpot,4,4
n07590611_23159,hotpot,4,2
n07590611_23264,hotpot,4,1
n07590611_23267,hotpot,4,3
n07590611_2328,hotpot,4,1
n07590611_23287,hotpot,4,4
n07590611_23293,hotpot,4,0
n07590611_23328,hotpot,4,1
n07590611_23331,hotpot,4,2
n07590611_2337,hotpot,4,1
n07590611_23394,hotpot,4,2
n07590611_23429,hotpot,4,3
n07590611_23453,hotpot,4,4
n07590611_23486,hotpot,4,1
n07590611_2351,hotpot,4,2
n07590611_23593,hotpot,4,2
n07590611_23645,hotpot,4,0
n07590611_23660,hotpot,4,1
n07590611_23743,hotpot,4,0
n07590611_23761,hotpot,4,2
n07590611_23833,hotpot,4,2
n07590611_23880,hotpot,4,3
n07590611_23931,hotpot,4,1
n07590611_23942,hotpot,4,2
n07590611_23967,hotpot,4,0
n07590611_24028,hotpot,4,1
n07590611_24040,hotpot,4,2
n07590611_24041,hotpot,4,3
n07590611_24110,hotpot,4,1
n07590611_2422,hotpot,4,3
n07590611_24255,hotpot,4,3
n07590611_2436,hotpot,4,4
n07590611_24414,hotpot,4,4
n07590611_24553,hotpot,4,4
n07590611_24573,hotpot,4,1
n07590611_24587,hotpot,4,2
n07590611_24628,hotpot,4,4
n07590611_24635,hotpot,4,2
n07590611_2465,hotpot,4,4
n07590611_24676,hotpot,4,1
n07590611_24735,hotpot,4,1
n07590611_24747,hotpot,4,2
n07590611_24748,hotpot,4,4
n07590611_24749,hotpot,4,0
n07590611_24752,hotpot,4,2
n07590611_24775,hotpot,4,2
n07590611_24822,hotpot,4,4
n07590611_2491,hotpot,4,0
n07590611_2498,hotpot,4,2
n07590611_2504,hotpot,4,1
n07590611_2517,hotpot,4,0
n07590611_2524,hotpot,4,4
n07590611_2547,hotpot,4,0
n07590611_2549,hotpot,4,4
n07590611_2551,hotpot,4,0
n07590611_2558,hotpot,4,2
n07590611_2572,hotpot,4,4
n07590611_2581,hotpot,4,4
n07590611_2594,hotpot,4,0
n07590611_2630,hotpot,4,0
n07590611_2657,hotpot,4,0
n07590611_2786,hotpot,4,1
n07590611_2796,hotpot,4,1
n07590611_2830,hotpot,4,0
n07590611_2839,hotpot,4,1
n07590611_2843,hotpot,4,0
n07590611_2849,hotpot,4,2
n07590611_2856,hotpot,4,3
n07590611_2860,hotpot,4,2
n07590611_2867,hotpot,4,2
n07590611_2871,hotpot,4,4
n07590611_2886,hotpot,4,2
n07590611_2904,hotpot,4,2
n07590611_2917,hotpot,4,1
n07590611_2926,hotpot,4,1
n07590611_2932,hotpot,4,1
n07590611_2963,hotpot,4,3
n07590611_2965,hotpot,4,3
n07590611_3001,hotpot,4,1
n07590611_3018,hotpot,4,3
n07590611_3026,hotpot,4,2
n07590611_3028,hotpot,4,2
n07590611_3038,hotpot,4,0
n07590611_3061,hotpot,4,3
n07590611_3072,hotpot,4,4
n07590611_3082,hotpot,4,4
n07590611_3126,hotpot,4,4
n07590611_3129,hotpot,4,2
n07590611_3135,hotpot,4,1
n07590611_3155,hotpot,4,2
n07590611_3158,hotpot,4,1
n07590611_3179,hotpot,4,3
n07590611_3195,hotpot,4,0
n07590611_322,hotpot,4,4
n07590611_3222,hotpot,4,3
n07590611_3262,hotpot,4,4
n07590611_3270,hotpot,4,4
n07590611_3297,hotpot,4,4
n07590611_3321,hotpot,4,3
n07590611_3343,hotpot,4,3
n07590611_3352,hotpot,4,2
n07590611_3357,hotpot,4,4
n07590611_3359,hotpot,4,1
n07590611_3385,hotpot,4,1
n07590611_3398,hotpot,4,0
n07590611_3439,hotpot,4,2
n07590611_3469,hotpot,4,3
n07590611_3470,hotpot,4,4
n07590611_3485,hotpot,4,0
n07590611_3510,hotpot,4,0
n07590611_3521,hotpot,4,0
n07590611_3535,hotpot,4,4
n07590611_3565,hotpot,4,4
n07590611_3575,hotpot,4,2
n07590611_3582,hotpot,4,0
n07590611_3587,hotpot,4,0
n07590611_3594,hotpot,4,1
n07590611_3603,hotpot,4,2
n07590611_3616,hotpot,4,1
n07590611_3629,hotpot,4,4
n07590611_365,hotpot,4,0
n07590611_3666,hotpot,4,0
n07590611_3673,hotpot,4,3
n07590611_3677,hotpot,4,0
n07590611_371,hotpot,4,0
n07590611_3714,hotpot,4,0
n07590611_3724,hotpot,4,3
n07590611_3745,hotpot,4,4
n07590611_3746,hotpot,4,3
n07590611_3747,hotpot,4,1
n07590611_3764,hotpot,4,0
n07590611_3775,hotpot,4,4
n07590611_3788,hotpot,4,0
n07590611_3812,hotpot,4,3
n07590611_3814,hotpot,4,0
n07590611_3841,hotpot,4,1
n07590611_3874,hotpot,4,2
n07590611_3893,hotpot,4,3
n07590611_3898,hotpot,4,1
n07590611_390,hotpot,4,2
n07590611_3900,hotpot,4,3
n07590611_3917,hotpot,4,0
n07590611_3962,hotpot,4,1
n07590611_3994,hotpot,4,4
n07590611_3999,hotpot,4,4
n07590611_4010,hotpot,4,0
n07590611_4057,hotpot,4,4
n07590611_4066,hotpot,4,2
n07590611_4095,hotpot,4,4
n07590611_4104,hotpot,4,2
n07590611_4143,hotpot,4,4
n07590611_4158,hotpot,4,0
n07590611_4170,hotpot,4,3
n07590611_4215,hotpot,4,0
n07590611_4272,hotpot,4,2
n07590611_4292,hotpot,4,4
n07590611_4302,hotpot,4,1
n07590611_4341,hotpot,4,3
n07590611_4379,hotpot,4,0
n07590611_4404,hotpot,4,4
n07590611_4429,hotpot,4,1
n07590611_4440,hotpot,4,0
n07590611_45,hotpot,4,1
n07590611_4524,hotpot,4,0
n07590611_4537,hotpot,4,3
n07590611_4547,hotpot,4,2
n07590611_4549,hotpot,4,1
n07590611_4550,hotpot,4,3
n07590611_4574,hotpot,4,0
n07590611_4592,hotpot,4,4
n07590611_4605,hotpot,4,2
n07590611_4641,hotpot,4,0
n07590611_4657,hotpot,4,4
n07590611_4672,hotpot,4,3
n07590611_4680,hotpot,4,0
n07590611_4700,hotpot,4,0
n07590611_4714,hotpot,4,4
n07590611_4738,hotpot,4,1
n07590611_4749,hotpot,4,1
n07590611_4848,hotpot,4,0
n07590611_4860,hotpot,4,4
n07590611_4863,hotpot,4,1
n07590611_4893,hotpot,4,3
n07590611_4896,hotpot,4,4
n07590611_4915,hotpot,4,1
n07590611_4922,hotpot,4,1
n07590611_4931,hotpot,4,2
n07590611_4938,hotpot,4,4
n07590611_4966,hotpot,4,3
n07590611_4992,hotpot,4,1
n07590611_5001,hotpot,4,2
n07590611_5010,hotpot,4,2
n07590611_5011,hotpot,4,1
n07590611_5040,hotpot,4,0
n07590611_5060,hotpot,4,0
n07590611_5084,hotpot,4,4
n07590611_5089,hotpot,4,1
n07590611_5092,hotpot,4,4
n07590611_5093,hotpot,4,2
n07590611_5126,hotpot,4,4
n07590611_5139,hotpot,4,1
n07590611_5149,hotpot,4,1
n07590611_5171,hotpot,4,3
n07590611_5181,hotpot,4,0
n07590611_5192,hotpot,4,0
n07590611_5253,hotpot,4,3
n07590611_5262,hotpot,4,0
n07590611_5275,hotpot,4,1
n07590611_5277,hotpot,4,0
n07590611_528,hotpot,4,0
n07590611_5309,hotpot,4,0
n07590611_5310,hotpot,4,0
n07590611_5329,hotpot,4,0
n07590611_5335,hotpot,4,1
n07590611_535,hotpot,4,3
n07590611_5364,hotpot,4,2
n07590611_5369,hotpot,4,4
n07590611_5382,hotpot,4,0
n07590611_5387,hotpot,4,2
n07590611_5395,hotpot,4,3
n07590611_5396,hotpot,4,2
n07590611_5411,hotpot,4,3
n07590611_5421,hotpot,4,1
n07590611_5429,hotpot,4,2
n07590611_5441,hotpot,4,1
n07590611_5442,hotpot,4,1
n07590611_5462,hotpot,4,1
n07590611_548,hotpot,4,3
n07590611_5480,hotpot,4,0
n07590611_5483,hotpot,4,3
n07590611_5497,hotpot,4,2
n07590611_5508,hotpot,4,0
n07590611_5523,hotpot,4,1
n07590611_5524,hotpot,4,4
n07590611_5532,hotpot,4,1
n07590611_5581,hotpot,4,1
n07590611_5614,hotpot,4,4
n07590611_5637,hotpot,4,2
n07590611_5671,hotpot,4,2
n07590611_5681,hotpot,4,2
n07590611_569,hotpot,4,2
n07590611_573,hotpot,4,1
n07590611_5743,hotpot,4,1
n07590611_5754,hotpot,4,2
n07590611_5757,hotpot,4,0
n07590611_5761,hotpot,4,0
n07590611_5762,hotpot,4,1
n07590611_5768,hotpot,4,1
n07590611_5771,hotpot,4,0
n07590611_5774,hotpot,4,0
n07590611_5776,hotpot,4,1
n07590611_5778,hotpot,4,4
n07590611_5785,hotpot,4,4
n07590611_5813,hotpot,4,0
n07590611_5824,hotpot,4,4
n07590611_5843,hotpot,4,1
n07590611_5844,hotpot,4,1
n07590611_5849,hotpot,4,3
n07590611_585,hotpot,4,3
n07590611_5856,hotpot,4,0
n07590611_5863,hotpot,4,0
n07590611_5869,hotpot,4,3
n07590611_5874,hotpot,4,0
n07590611_5890,hotpot,4,3
n07590611_590,hotpot,4,4
n07590611_5904,hotpot,4,0
n07590611_5909,hotpot,4,1
n07590611_5914,hotpot,4,1
n07590611_5920,hotpot,4,2
n07590611_5923,hotpot,4,1
n07590611_595,hotpot,4,3
n07590611_5969,hotpot,4,2
n07590611_597,hotpot,4,3
n07590611_5972,hotpot,4,2
n07590611_5989,hotpot,4,3
n07590611_5993,hotpot,4,1
n07590611_60,hotpot,4,3
n07590611_6005,hotpot,4,2
n07590611_6014,hotpot,4,1
n07590611_6034,hotpot,4,2
n07590611_6062,hotpot,4,1
n07590611_6065,hotpot,4,2
n07590611_6069,hotpot,4,1
n07590611_6072,hotpot,4,1
n07590611_6075,hotpot,4,4
n07590611_6084,hotpot,4,3
n07590611_612,hotpot,4,2
n07590611_6136,hotpot,4,2
n07590611_6137,hotpot,4,0
n07590611_6139,hotpot,4,1
n07590611_6146,hotpot,4,0
n07590611_6148,hotpot,4,1
n07590611_6154,hotpot,4,0
n07590611_6165,hotpot,4,2
n07590611_6185,hotpot,4,2
n07590611_6194,hotpot,4,4
n07590611_6212,hotpot,4,0
n07590611_6246,hotpot,4,2
n07590611_6255,hotpot,4,0
n07590611_6263,hotpot,4,4
n07590611_6274,hotpot,4,2
n07590611_6298,hotpot,4,1
n07590611_6299,hotpot,4,1
n07590611_630,hotpot,4,3
n07590611_6318,hotpot,4,3
n07590611_6340,hotpot,4,2
n07590611_6344,hotpot,4,1
n07590611_6354,hotpot,4,0
n07590611_6360,hotpot,4,4
n07590611_6363,hotpot,4,3
n07590611_6371,hotpot,4,1
n07590611_6423,hotpot,4,0
n07590611_6429,hotpot,4,1
n07590611_6438,hotpot,4,3
n07590611_6447,hotpot,4,4
n07590611_6458,hotpot,4,2
n07590611_6461,hotpot,4,3
n07590611_6495,hotpot,4,2
n07590611_6530,hotpot,4,1
n07590611_6533,hotpot,4,3
n07590611_6555,hotpot,4,4
n07590611_6559,hotpot,4,0
n07590611_6563,hotpot,4,3
n07590611_6577,hotpot,4,2
n07590611_6618,hotpot,4,2
n07590611_6624,hotpot,4,1
n07590611_6648,hotpot,4,0
n07590611_6653,hotpot,4,0
n07590611_6679,hotpot,4,3
n07590611_6718,hotpot,4,0
n07590611_6725,hotpot,4,0
n07590611_6785,hotpot,4,1
n07590611_6789,hotpot,4,1
n07590611_6825,hotpot,4,4
n07590611_6848,hotpot,4,3
n07590611_6853,hotpot,4,4
n07590611_6864,hotpot,4,2
n07590611_6883,hotpot,4,2
n07590611_6887,hotpot,4,4
n07590611_6905,hotpot,4,1
n07590611_6930,hotpot,4,2
n07590611_6939,hotpot,4,0
n07590611_6975,hotpot,4,0
n07590611_6985,hotpot,4,0
n07590611_6987,hotpot,4,2
n07590611_6991,hotpot,4,2
n07590611_700,hotpot,4,0
n07590611_7004,hotpot,4,4
n07590611_7021,hotpot,4,4
n07590611_7022,hotpot,4,4
n07590611_7056,hotpot,4,0
n07590611_706,hotpot,4,0
n07590611_7108,hotpot,4,2
n07590611_7149,hotpot,4,0
n07590611_7180,hotpot,4,4
n07590611_7185,hotpot,4,0
n07590611_7188,hotpot,4,2
n07590611_7218,hotpot,4,1
n07590611_7300,hotpot,4,4
n07590611_7306,hotpot,4,4
n07590611_7317,hotpot,4,2
n07590611_7323,hotpot,4,2
n07590611_7326,hotpot,4,2
n07590611_7356,hotpot,4,3
n07590611_7366,hotpot,4,4
n07590611_7369,hotpot,4,1
n07590611_7374,hotpot,4,3
n07590611_7375,hotpot,4,4
n07590611_739,hotpot,4,0
n07590611_7395,hotpot,4,3
n07590611_7400,hotpot,4,0
n07590611_7416,hotpot,4,3
n07590611_7435,hotpot,4,3
n07590611_7464,hotpot,4,4
n07590611_7479,hotpot,4,2
n07590611_7485,hotpot,4,2
n07590611_7489,hotpot,4,0
n07590611_7509,hotpot,4,0
n07590611_7510,hotpot,4,1
n07590611_7511,hotpot,4,4
n07590611_7529,hotpot,4,0
n07590611_7537,hotpot,4,1
n07590611_755,hotpot,4,1
n07590611_7553,hotpot,4,3
n07590611_7566,hotpot,4,3
n07590611_7584,hotpot,4,2
n07590611_7587,hotpot,4,0
n07590611_7626,hotpot,4,0
n07590611_7634,hotpot,4,3
n07590611_7651,hotpot,4,2
n07590611_7667,hotpot,4,3
n07590611_7668,hotpot,4,2
n07590611_7692,hotpot,4,4
n07590611_7698,hotpot,4,0
n07590611_77,hotpot,4,4
n07590611_771,hotpot,4,1
n07590611_7733,hotpot,4,0
n07590611_7734,hotpot,4,1
n07590611_7737,hotpot,4,1
n07590611_7738,hotpot,4,2
n07590611_7741,hotpot,4,1
n07590611_7782,hotpot,4,4
n07590611_7823,hotpot,4,0
n07590611_7829,hotpot,4,1
n07590611_7850,hotpot,4,2
n07590611_7873,hotpot,4,4
n07590611_7881,hotpot,4,1
n07590611_7893,hotpot,4,2
n07590611_7897,hotpot,4,2
n07590611_7907,hotpot,4,1
n07590611_791,hotpot,4,3
n07590611_7916,hotpot,4,1
n07590611_7929,hotpot,4,3
n07590611_7960,hotpot,4,2
n07590611_7963,hotpot,4,3
n07590611_7965,hotpot,4,4
n07590611_7966,hotpot,4,4
n07590611_7980,hotpot,4,0
n07590611_7988,hotpot,4,0
n07590611_8038,hotpot,4,4
n07590611_8055,hotpot,4,3
n07590611_8060,hotpot,4,1
n07590611_8085,hotpot,4,0
n07590611_8091,hotpot,4,4
n07590611_8095,hotpot,4,4
n07590611_8100,hotpot,4,4
n07590611_813,hotpot,4,1
n07590611_8131,hotpot,4,2
n07590611_816,hotpot,4,3
n07590611_8160,hotpot,4,2
n07590611_8161,hotpot,4,3
n07590611_8234,hotpot,4,2
n07590611_8235,hotpot,4,4
n07590611_8236,hotpot,4,4
n07590611_8244,hotpot,4,3
n07590611_8250,hotpot,4,3
n07590611_8253,hotpot,4,4
n07590611_8276,hotpot,4,4
n07590611_8285,hotpot,4,2
n07590611_8288,hotpot,4,2
n07590611_830,hotpot,4,3
n07590611_8303,hotpot,4,0
n07590611_8311,hotpot,4,0
n07590611_8312,hotpot,4,4
n07590611_8313,hotpot,4,3
n07590611_8326,hotpot,4,2
n07590611_8338,hotpot,4,1
n07590611_8340,hotpot,4,2
n07590611_8361,hotpot,4,0
n07590611_8366,hotpot,4,0
n07590611_8380,hotpot,4,0
n07590611_839,hotpot,4,1
n07590611_8399,hotpot,4,2
n07590611_8404,hotpot,4,4
n07590611_8413,hotpot,4,0
n07590611_8472,hotpot,4,3
n07590611_8482,hotpot,4,4
n07590611_8485,hotpot,4,2
n07590611_8486,hotpot,4,2
n07590611_8489,hotpot,4,4
n07590611_8490,hotpot,4,2
n07590611_8512,hotpot,4,2
n07590611_8537,hotpot,4,1
n07590611_8554,hotpot,4,3
n07590611_8568,hotpot,4,2
n07590611_8578,hotpot,4,3
n07590611_8584,hotpot,4,1
n07590611_8593,hotpot,4,3
n07590611_8597,hotpot,4,0
n07590611_8621,hotpot,4,3
n07590611_863,hotpot,4,3
n07590611_8639,hotpot,4,1
n07590611_8662,hotpot,4,0
n07590611_8663,hotpot,4,4
n07590611_8688,hotpot,4,3
n07590611_8691,hotpot,4,2
n07590611_87,hotpot,4,2
n07590611_8701,hotpot,4,1
n07590611_8720,hotpot,4,3
n07590611_8737,hotpot,4,4
n07590611_8741,hotpot,4,0
n07590611_8742,hotpot,4,0
n07590611_8750,hotpot,4,3
n07590611_8756,hotpot,4,2
n07590611_8758,hotpot,4,0
n07590611_877,hotpot,4,2
n07590611_8770,hotpot,4,1
n07590611_8805,hotpot,4,1
n07590611_881,hotpot,4,1
n07590611_882,hotpot,4,3
n07590611_8854,hotpot,4,1
n07590611_8868,hotpot,4,0
n07590611_8874,hotpot,4,3
n07590611_888,hotpot,4,2
n07590611_8898,hotpot,4,1
n07590611_8924,hotpot,4,0
n07590611_8927,hotpot,4,3
n07590611_8937,hotpot,4,2
n07590611_8941,hotpot,4,2
n07590611_8943,hotpot,4,0
n07590611_8959,hotpot,4,3
n07590611_8974,hotpot,4,3
n07590611_899,hotpot,4,1
n07590611_8995,hotpot,4,0
n07590611_9009,hotpot,4,0
n07590611_9027,hotpot,4,1
n07590611_9040,hotpot,4,2
n07590611_9055,hotpot,4,3
n07590611_9056,hotpot,4,3
n07590611_9066,hotpot,4,0
n07590611_9099,hotpot,4,1
n07590611_9128,hotpot,4,3
n07590611_9143,hotpot,4,3
n07590611_9144,hotpot,4,4
n07590611_9166,hotpot,4,3
n07590611_9186,hotpot,4,3
n07590611_9198,hotpot,4,1
n07590611_921,hotpot,4,0
n07590611_9213,hotpot,4,0
n07590611_9222,hotpot,4,4
n07590611_9239,hotpot,4,2
n07590611_9252,hotpot,4,4
n07590611_9253,hotpot,4,1
n07590611_9256,hotpot,4,1
n07590611_9265,hotpot,4,2
n07590611_927,hotpot,4,3
n07590611_9282,hotpot,4,2
n07590611_9284,hotpot,4,2
n07590611_9294,hotpot,4,1
n07590611_9299,hotpot,4,1
n07590611_9304,hotpot,4,1
n07590611_9321,hotpot,4,4
n07590611_9334,hotpot,4,0
n07590611_9338,hotpot,4,3
n07590611_9353,hotpot,4,0
n07590611_9361,hotpot,4,0
n07590611_9377,hotpot,4,4
n07590611_9382,hotpot,4,2
n07590611_9415,hotpot,4,1
n07590611_9424,hotpot,4,3
n07590611_9433,hotpot,4,4
n07590611_9443,hotpot,4,3
n07590611_9445,hotpot,4,4
n07590611_9453,hotpot,4,4
n07590611_9454,hotpot,4,1
n07590611_9464,hotpot,4,3
n07590611_9480,hotpot,4,1
n07590611_95,hotpot,4,0
n07590611_950,hotpot,4,3
n07590611_9524,hotpot,4,3
n07590611_9526,hotpot,4,0
n07590611_9548,hotpot,4,1
n07590611_9550,hotpot,4,1
n07590611_9556,hotpot,4,3
n07590611_9576,hotpot,4,2
n07590611_9612,hotpot,4,1
n07590611_9613,hotpot,4,0
n07590611_9631,hotpot,4,3
n07590611_9660,hotpot,4,4
n07590611_9661,hotpot,4,2
n07590611_9668,hotpot,4,2
n07590611_9702,hotpot,4,3
n07590611_9714,hotpot,4,1
n07590611_9721,hotpot,4,0
n07590611_9754,hotpot,4,0
n07590611_9760,hotpot,4,4
n07590611_9775,hotpot,4,2
n07590611_9777,hotpot,4,2
n07590611_9795,hotpot,4,0
n07590611_9823,hotpot,4,2
n07590611_9845,hotpot,4,3
n07590611_9852,hotpot,4,2
n07590611_9866,hotpot,4,3
n07590611_9882,hotpot,4,4
n07590611_9908,hotpot,4,1
n07590611_9947,hotpot,4,1
n07590611_9952,hotpot,4,3
n07590611_9957,hotpot,4,2
n07590611_9991,hotpot,4,3
