key,row,count,pairs
#jeff-lowe.artistwebsites.com,0,1,tags:1
#theshedgallery,1,1,tags:1
$25.00,2,1,tags:1
$5 dinners,3,1,tags:1
'acoustic,4,1,tags:1
'colourartaward',5,1,tags:1
'culinary,6,1,tags:1
'flower,7,1,tags:1
'george',8,1,tags:1
'jim,9,1,tags:1
'light,10,1,tags:1
'musical,11,1,tags:1
'saguaro blossoms',12,2,tags:2
'specnature',13,1,tags:1
(anche se è nascosta),14,1,tags:1
(c) paul perry,15,2,tags:2
(c)sandra gaumont,16,1,tags:1
(even if it is hide),17,1,tags:1
(micrandrena),18,1,tags:1
(no,19,1,tags:1
(sheffieldambulance.syas.symas),20,1,tags:1
*ist,21,1,tags:1
*istdl,22,1,tags:1
*nature* outpost,23,1,tags:1
0.167sec,24,1,tags:1
00-18,25,1,tags:1
000,26,1,tags:1
011509,27,1,tags:1
015/365,28,1,tags:1
02138,29,1,tags:1
028vs,30,2,tags:2
05122006,31,1,tags:1
05401,32,3,tags:3
06,33,1,tags:1
06/23/06,34,1,tags:1
07,35,1,tags:1
08,36,2,tags:2
0807,37,1,tags:1
08_02_09,38,1,tags:1
09.05.08,39,2,tags:2
0ev,40,1,tags:1
0f,41,1,tags:1
1,42,4,tags:4
1-5-fav,43,4,tags:4
1-5fav,44,1,tags:1
1.4,45,1,tags:1
1.4d,46,1,tags:1
1/180 sec,47,8,tags:8
10 million photos,48,4,tags:4
10 sinaran drive,49,1,tags:1
10+faves,50,2,tags:2
10-13 grosvenor square,51,1,tags:1
10/2006,52,1,tags:1
100,53,2,tags:2
100 mm canon macro lens,54,1,tags:1
100 strangers,55,1,tags:1
100 views,56,1,tags:1
100+,57,1,tags:1
100+views,58,1,tags:1
100-400,59,1,tags:1
100-mile diet,60,1,tags:1
1000,61,1,tags:1
1000d,62,1,tags:1
100_2059,63,1,tags:1
100mm,64,15,tags:15
100mm macro,65,4,tags:4
100v,66,1,tags:1
100v+10f,67,1,tags:1
100v-may,68,1,tags:1
100views,69,1,tags:1
101,70,4,tags:4
105mm,71,4,tags:4
107,72,3,tags:3
1080p action adventure american history animation anime art baby best cancelled tv shows bible biography blu-ray book business camera canon catholic children childrens books christian christianity christmas classic classic rock comedy comics cookbook cook,73,1,tags:1
10d,74,1,tags:1
10d100mm,75,1,tags:1
10millionphotos,76,1,tags:1
10th,77,1,tags:1
11/2006,78,1,tags:1
111v1f,79,1,tags:1
112,80,6,tags:6
11218,81,1,tags:1
118,82,1,tags:1
11:11,83,1,tags:1
12,84,4,tags:4
12 string,85,2,tags:2
12-04,86,3,tags:3
12-19-07,87,3,tags:3
12-24mm,88,1,tags:1
12.years.old,89,2,tags:2
120,90,2,tags:2
12000,91,4,tags:4
123ac,92,1,tags:1
12_04 beginnings cd,93,1,tags:1
12string,94,1,tags:1
12th c. bce,95,1,tags:1
12x,96,1,tags:1
134,97,1,tags:1
139,98,1,tags:1
14-45 mm f/3.5-5.6,99,1,tags:1
14-45mm,100,1,tags:1
14.years.old,101,1,tags:1
15 anos,102,2,tags:2
15.05.08,103,1,tags:1
15/06/07,104,1,tags:1
150,105,3,tags:3
1500's,106,1,tags:1
150mm,107,1,tags:1
15213,108,1,tags:1
15th june 2007,109,1,tags:1
16 anos,110,2,tags:2
16 may 2008,111,2,tags:2
16-45,112,1,tags:1
16119,113,1,tags:1
16299,114,1,tags:1
17-35mm f/2.8d,115,1,tags:1
17-55mm f/2.8g,116,1,tags:1
1717,117,1,tags:1
17533,118,1,tags:1
1763,119,1,tags:1
17mai,120,1,tags:1
17th c. bce,121,1,tags:1
18 inch corner,122,1,tags:1
18 wheeler,123,1,tags:1
18-125,124,1,tags:1
18-55,125,1,tags:1
18-55 mm,126,1,tags:1
18-55 wow,127,1,tags:1
18-55mm,128,2,tags:2
18-70mm,129,2,tags:2
18-70mm f/3.5-4.5g,130,2,tags:2
1800_078amu,131,1,tags:1
1800_088amu,132,1,tags:1
1800_092amu,133,1,tags:1
180mm,134,5,tags:5
1906 centennial,135,1,tags:1
1929,136,3,tags:3
1938,137,1,tags:1
1940's,138,1,tags:1
1940's ambulance,139,1,tags:1
1940s,140,1,tags:1
1941,141,4,tags:4
1942,142,1,tags:1
1948,143,2,tags:2
1950,144,1,tags:1
1950's,145,1,tags:1
1951,146,4,tags:4
1953,147,2,tags:2
1957,148,1,tags:1
1958,149,1,tags:1
1969,150,4,tags:4
1970s,151,2,tags:2
1973,152,1,tags:1
1977,153,2,tags:2
1978,154,1,tags:1
1979,155,1,tags:1
1980's,156,1,tags:1
1983,157,1,tags:1
1984,158,1,tags:1
1999 dodge,159,1,tags:1
1aday,160,1,tags:1
1d mkii n,161,1,tags:1
1hotpot,162,1,tags:1
1on1,163,1,tags:1
1on1bokeh/dof,164,1,tags:1
1st ave,165,1,tags:1
1st garden,166,1,tags:1
1to10,167,1,tags:1
2,168,3,tags:3
2.8,169,1,tags:1
20,170,1,tags:1
200,171,1,tags:1
200+,172,1,tags:1
200+views,173,1,tags:1
200.000.000 stage lovers,174,1,tags:1
2000s,175,1,tags:1
2003,176,2,tags:2
2004,177,2,tags:2
2005,178,33,tags:33
2005-06,179,1,tags:1
20050805lightsandsirensparade,180,1,tags:1
2005sce,181,1,tags:1
2006,182,40,tags:40
2006 january,183,1,tags:1
2006.05.20~5.21jerry,184,1,tags:1
20060502,185,1,tags:1
2007,186,105,tags:105
2007 fiddle tunes,187,2,tags:2
2007-05,188,1,tags:1
2007/01/05,189,1,tags:1
2007jun,190,1,tags:1
2007jun13,191,1,tags:1
2007jun131340,192,1,tags:1
2007labordaytrip,193,1,tags:1
2008,194,81,tags:81
2008-08,195,1,tags:1
2008/02/09,196,1,tags:1
20080312_120237-0053,197,1,tags:1
200804 china,198,1,tags:1
20080522_010zp-r.jpg,199,1,tags:1
20080607我姐姐的diy　粽子　土豆泥,200,1,tags:1
20080823,201,1,tags:1
2008oct,202,1,tags:1
2008oct23,203,1,tags:1
2008yip,204,1,tags:1
2008yip jan14,205,1,tags:1
2008©all rights reserved,206,1,tags:1
2009,207,6,tags:6
20090119-met-greek-img_7691,208,1,tags:1
2009computex,209,1,tags:1
20d,210,8,tags:8
20th century,211,1,tags:1
21.02.08,212,1,tags:1
214e,213,1,tags:1
2222,214,1,tags:1
23,215,1,tags:1
237/365,216,1,tags:1
24 hours of flickr,217,1,tags:1
24 years,218,1,tags:1
24-70 mm 2.8l,219,1,tags:1
240x240,220,1,tags:1
24mm,221,3,tags:3
24th,222,1,tags:1
25,223,1,tags:1
250,224,1,tags:1
26/08/2006,225,1,tags:1
2624,226,1,tags:1
28-135,227,1,tags:1
28-200mm_f/3.8-5.6,228,1,tags:1
28-70mm f/2.6-2.8,229,1,tags:1
28-75mm,230,1,tags:1
2819,231,1,tags:1
285,232,1,tags:1
28mmf2.8,233,1,tags:1
28th annual,234,1,tags:1
29 june 2006,235,3,tags:3
292,236,1,tags:1
2nd and arch streets,237,1,tags:1
2star,238,1,tags:1
3,239,2,tags:2
3-d,240,1,tags:1
300+,241,1,tags:1
300d,242,1,tags:1
30d,243,11,tags:11
30mm,244,1,tags:1
310ce,245,1,tags:1
316,246,1,tags:1
316 cdi,247,1,tags:1
32,248,1,tags:1
350d,249,11,tags:11
35mm,250,2,tags:2
35mm film,251,1,tags:1
365,252,10,tags:10
365 project,253,1,tags:1
365days,254,1,tags:1
365project,255,1,tags:1
365rejects,256,1,tags:1
366,257,1,tags:1
37moto,258,1,tags:1
38,259,1,tags:1
383,260,1,tags:1
3ofakind,261,1,tags:1
3px,262,1,tags:1
3rdfoundation,263,3,tags:3
3姨家收藏,264,1,tags:1
4,265,1,tags:1
4.7mm,266,1,tags:1
4/08/sh7,267,1,tags:1
400,268,1,tags:1
400 iso,269,1,tags:1
400d,270,26,tags:26
400vc,271,1,tags:1
40505,272,1,tags:1
40d,273,18,tags:18
40mm,274,1,tags:1
430 ex flash,275,1,tags:1
430ex,276,2,tags:2
45,277,1,tags:1
450d,278,1,tags:1
45views,279,1,tags:1
465,280,1,tags:1
465s,281,1,tags:1
4th,282,7,tags:7
4th of july,283,2,tags:2
4thofjuly,284,3,tags:3
4x4,285,1,tags:1
5,286,4,tags:4
5 pounds,287,1,tags:1
5-string,288,1,tags:1
5.05.07,289,1,tags:1
50,290,1,tags:1
50 views,291,1,tags:1
50+,292,1,tags:1
50-135mm f/2.8,293,1,tags:1
500,294,1,tags:1
500d,295,1,tags:1
500v,296,1,tags:1
500x500,297,2,tags:2
502,298,1,tags:1
508d,299,1,tags:1
50f/1.8,300,1,tags:1
50mm,301,15,tags:15
50mm 1.8,302,1,tags:1
50mm f/1.2 ais,303,1,tags:1
50mm f/1.4 af,304,1,tags:1
50mm f/1.8,305,1,tags:1
50mm f1.8,306,1,tags:1
50mm nikkor 1:1.8d,307,1,tags:1
50mm/f2.0,308,1,tags:1
50mmt*,309,1,tags:1
51st st,310,1,tags:1
52 1/2 of 2009,311,1,tags:1
52.5 weeks of 2009,312,1,tags:1
52½ of 2009,313,1,tags:1
55,314,1,tags:1
55-200vr,315,1,tags:1
55mm-200mm,316,1,tags:1
57chevy,317,1,tags:1
580ex,318,1,tags:1
5d,319,5,tags:5
5th ave,320,1,tags:1
6,321,4,tags:4
6 string,322,1,tags:1
6 string guitar,323,1,tags:1
6-string,324,1,tags:1
6-string guitar,325,3,tags:3
6046,326,1,tags:1
60mm,327,3,tags:3
60mm f/2.8 micro,328,2,tags:2
60mm f/2.8d micro,329,1,tags:1
60mmf2.8,330,1,tags:1
60mmf28dmicro,331,4,tags:4
60s,332,1,tags:1
6336,333,1,tags:1
641,334,1,tags:1
64k,335,2,tags:2
68mmtussenringen,336,1,tags:1
6legs,337,1,tags:1
6string,338,1,tags:1
6ws,339,1,tags:1
7,340,1,tags:1
7 days of shooting,341,1,tags:1
7-string guitar,342,3,tags:3
7-string guitars,343,3,tags:3
70,344,1,tags:1
70's,345,1,tags:1
70-200mm f/2.8g vr,346,2,tags:2
70-200mmvr,347,1,tags:1
70-200vr,348,1,tags:1
7082,349,1,tags:1
70s,350,1,tags:1
7194,351,1,tags:1
7231,352,1,tags:1
74401,353,1,tags:1
75,354,4,tags:4
75views,355,1,tags:1
76,356,1,tags:1
799,357,1,tags:1
799a,358,1,tags:1
79saralú,359,1,tags:1
7d,360,1,tags:1
8,361,2,tags:2
8 is enough,362,1,tags:1
8 shenton way,363,3,tags:3
8 years old,364,1,tags:1
80mm,365,1,tags:1
814,366,2,tags:2
814ce,367,1,tags:1
84rms,368,1,tags:1
85mm,369,2,tags:2
85mm f/1.8d,370,1,tags:1
8th century bce,371,1,tags:1
9 december,372,4,tags:4
9. desember 2006,373,1,tags:1
9/11,374,2,tags:2
90mm,375,3,tags:3
90mmtamron,376,1,tags:1
911,377,11,tags:11
95,378,1,tags:1
9600,379,1,tags:1
999,380,10,tags:10
:retro,381,1,tags:1
:san,382,1,tags:1
[x],383,1,tags:1
_dsc9183.jpg,384,1,tags:1
_mg_0765a,385,1,tags:1
a,386,1,tags:1
a 720is,387,3,tags:3
a big fave,388,1,tags:1
a brand new frontier,389,1,tags:1
a chefmark creation,390,1,tags:1
a forest of americas,391,1,tags:1
a fuschia dunlop recipe,392,1,tags:1
a hellava shot,393,1,tags:1
a particular instrument,394,1,tags:1
a photo a day,395,1,tags:1
a series lens,396,8,tags:8
a&e,397,1,tags:1
a.a.k,398,1,tags:1
a100,399,1,tags:1
a141,400,1,tags:1
a430,401,1,tags:1
a510,402,1,tags:1
a610,403,6,tags:6
a620,404,1,tags:1
a640,405,2,tags:2
a70,406,1,tags:1
a80,407,1,tags:1
aaa valley fire,408,1,tags:1
aaron,409,1,tags:1
aaron's photos,410,1,tags:1
ab,411,1,tags:1
abalone,412,1,tags:1
abandoned,413,2,tags:2
abbey,414,1,tags:1
abbott,415,1,tags:1
abcopen:project=upclose,416,1,tags:1
abdomen,417,1,tags:1
abeille,418,2,tags:2
abeja,419,3,tags:3
abejorro,420,1,tags:1
abel and cole,421,1,tags:1
abelha,422,3,tags:3
abernethy,423,1,tags:1
abigfave,424,23,tags:23
able,425,1,tags:1
abllo,426,1,tags:1
abode,427,1,tags:1
abraysive.com,428,1,tags:1
abstract,429,5,tags:5
ac-30,430,1,tags:1
acanthomyops interjectus,431,3,tags:3
acapulco,432,1,tags:1
accessceramics,433,1,tags:1
accessceramics:artist=josh_deweese,434,1,tags:1
accessceramics:date=2007,435,1,tags:1
accessceramics:depth=18,436,1,tags:1
accessceramics:glazing=woodfire,437,1,tags:1
accessceramics:height=24,438,1,tags:1
accessceramics:material=stoneware,439,1,tags:1
accessceramics:object_type=vase,440,1,tags:1
accessceramics:technique=thrown_&_altered,441,1,tags:1
accessceramics:temperature=cone_10,442,1,tags:1
accessceramics:title=jar,443,1,tags:1
accessceramics:width=19,444,1,tags:1
accident,445,3,tags:3
accident by the mall,446,2,tags:2
accompaniments,447,1,tags:1
accordion,448,1,tags:1
accoustic,449,4,tags:4
accrama,450,1,tags:1
achar,451,1,tags:1
acl,452,1,tags:1
acl music festival,453,1,tags:1
acoustc/electric guitar,454,1,tags:1
acoustic,455,369,tags:369
acoustic bass,456,1,tags:1
acoustic bass guitar,457,1,tags:1
acoustic crossings,458,3,tags:3
acoustic dg-200 sce,459,1,tags:1
acoustic electric,460,1,tags:1
acoustic guitar,461,98,tags:98
acoustic guitar cake,462,1,tags:1
acoustic guitar mod,463,4,tags:4
acoustic guitar recording,464,7,tags:7
acoustic guitars,465,16,tags:16
acoustic-electric,466,1,tags:1
acoustic-electric guitars,467,5,tags:5
acoustic.,468,1,tags:1
acoustic/electric,469,2,tags:2
acoustic_guitar,470,2,tags:2
acoustic_set,471,2,tags:2
acousticclub,472,2,tags:2
acousticguitar,473,4,tags:4
acousticinstruments,474,1,tags:1
acoustics,475,1,tags:1
acoustique,476,1,tags:1
acrobatic,477,1,tags:1
action,478,2,tags:2
acton,479,1,tags:1
actor,480,1,tags:1
aculeata,481,15,tags:15
acustic,482,1,tags:1
acustica,483,2,tags:2
acustico,484,1,tags:1
acústica,485,1,tags:1
adam,486,4,tags:4
adam and the ants,487,1,tags:1
adam flikkema,488,1,tags:1
adam haut,489,1,tags:1
adamas,490,1,tags:1
adams county,491,1,tags:1
adf images,492,1,tags:1
adirondack red potato,493,1,tags:1
admiralty,494,1,tags:1
adobe,495,1,tags:1
adobo,496,1,tags:1
adorable,497,2,tags:2
adrian,498,1,tags:1
adriatic bellflower,499,1,tags:1
adventure,500,3,tags:3
aeg,501,1,tags:1
aegopodium podagraria,502,1,tags:1
aerial,503,3,tags:3
aeroventure,504,1,tags:1
aesthetic,505,1,tags:1
afghanistan,506,1,tags:1
afinemes,507,1,tags:1
africa,508,3,tags:3
african,509,1,tags:1
africandaisy,510,1,tags:1
afternoons,511,1,tags:1
agapanthus,512,2,tags:2
agapostemon,513,1,tags:1
agar,514,4,tags:4
age,515,2,tags:2
agricultural,516,1,tags:1
agriculture,517,4,tags:4
agropecuario,518,1,tags:1
ahi,519,1,tags:1
ahqmacro,520,1,tags:1
ahrens fox,521,1,tags:1
aid,522,2,tags:2
aimee's party,523,1,tags:1
air,524,2,tags:2
air ambulance,525,4,tags:4
airborne,526,1,tags:1
aircarft,527,1,tags:1
aircraft,528,1,tags:1
aircraft support vehicle,529,1,tags:1
airplane,530,1,tags:1
airplanes,531,1,tags:1
airport,532,3,tags:3
aisan,533,7,tags:7
ajax and achilles gaming,534,1,tags:1
akbar simonse,535,1,tags:1
akhtar,536,1,tags:1
akoestisch,537,1,tags:1
akureyri,538,1,tags:1
al,539,1,tags:1
alabama,540,2,tags:2
alabax,541,1,tags:1
alada,542,1,tags:1
alain-francois,543,5,tags:5
alarm,544,2,tags:2
alas,545,1,tags:1
alaska,546,3,tags:3
alaska;,547,1,tags:1
albany,548,1,tags:1
"albany, ny",549,1,tags:1
albert,550,1,tags:1
alberta,551,2,tags:2
alberto,552,1,tags:1
alberto reguera giganto,553,4,tags:4
albiedo,554,1,tags:1
albuquerque,555,1,tags:1
alcatraz,556,2,tags:2
alcatraz island,557,1,tags:1
alchemy,558,1,tags:1
alden,559,1,tags:1
alekskrotoski,560,1,tags:1
alemany,561,1,tags:1
alex,562,2,tags:2
alexandra moss,563,3,tags:3
alexis hall,564,1,tags:1
alexis peace hall,565,1,tags:1
alghero cri,566,2,tags:2
alhaurin,567,4,tags:4
ali moss,568,3,tags:3
alia,569,2,tags:2
aliaaaaa,570,2,tags:2
aliaaaaa_utata_feature,571,1,tags:1
alice,572,1,tags:1
alingsås,573,1,tags:1
alive,574,1,tags:1
aljauhara almohammed,575,1,tags:1
all,576,3,tags:3
all 15 of my known scores,577,1,tags:1
"all images are protected under the united states and international copyright laws and may not be downloaded, reproduced, copied, transmitted or manipulated without written permission.",578,1,tags:1
all nations park,579,3,tags:3
all natural,580,1,tags:1
all rights reserved,581,3,tags:3
all rights reserved (c) christine preedy/melodysparks,582,1,tags:1
all types of transport,583,1,tags:1
allen's,584,1,tags:1
alli,585,1,tags:1
alli jiang,586,1,tags:1
alliston,587,4,tags:4
allotment,588,10,tags:10
almelo,589,1,tags:1
almonds,590,2,tags:2
almostanything,591,1,tags:1
alottment,592,1,tags:1
alpen,593,1,tags:1
alpha,594,1,tags:1
alphabet,595,1,tags:1
altar,596,2,tags:2
altc2008,597,1,tags:1
alternative,598,1,tags:1
alto,599,1,tags:1
altos,600,1,tags:1
altuwa,601,1,tags:1
alvarez,602,3,tags:3
alvarez yari,603,1,tags:1
alvinus melius,604,1,tags:1
alwayscomment5!,605,1,tags:1
alydidae,606,1,tags:1
am i a photojournalist yet?,607,1,tags:1
amarelo,608,1,tags:1
amarillo,609,1,tags:1
amateur,610,2,tags:2
amazing,611,1,tags:1
amazing talent,612,1,tags:1
amazon,613,7,tags:7
amazon fresh,614,1,tags:1
amber,615,3,tags:3
ambience,616,1,tags:1
ambulance,617,247,tags:247
ambulance garage,618,1,tags:1
ambulance historical society,619,3,tags:3
ambulance service,620,4,tags:4
ambulance station,621,1,tags:1
ambulancecar,622,1,tags:1
ambulances,623,2,tags:2
ambulance“australia,624,1,tags:1
ambulancia,625,15,tags:15
ambulane,626,1,tags:1
ambulans,627,6,tags:6
ambulanse,628,6,tags:6
ambulanz,629,2,tags:2
ambulanza,630,12,tags:12
ambulate,631,1,tags:1
ameer,632,1,tags:1
amegallas,633,1,tags:1
ameise,634,5,tags:5
ameisen,635,2,tags:2
amelia,636,1,tags:1
ameliaps,637,1,tags:1
amercia,638,1,tags:1
america,639,13,tags:13
america del sur,640,1,tags:1
america latina,641,1,tags:1
american,642,9,tags:9
american car,643,1,tags:1
american lafrance,644,1,tags:1
american medical response,645,1,tags:1
american sailing ship plate,646,2,tags:2
american-lafrance,647,1,tags:1
amertek,648,3,tags:3
amertrek,649,1,tags:1
amir.s.,650,1,tags:1
amistad national recreational area,651,1,tags:1
amore,652,2,tags:2
amp,653,7,tags:7
amphora,654,1,tags:1
amplifier,655,3,tags:3
amr,656,2,tags:2
amsterdam,657,3,tags:3
amsterdam - the best city in the world,658,1,tags:1
amsters@m the wicked reflectah,659,1,tags:1
amstersam,660,1,tags:1
ana,661,1,tags:1
anacortes,662,2,tags:2
anaheim chile,663,1,tags:1
anaheim hills,664,2,tags:2
analogue,665,1,tags:1
anandamarga,666,1,tags:1
anatolia,667,1,tags:1
anatolian,668,1,tags:1
anatomy,669,1,tags:1
anawesomeshot,670,23,tags:23
anca,671,1,tags:1
anchorage,672,1,tags:1
anchorage;,673,1,tags:1
ancient,674,4,tags:4
and fan,675,1,tags:1
and i wasn't very good,676,1,tags:1
and more ants,677,1,tags:1
and scream like a little girlie,678,1,tags:1
andover,679,1,tags:1
andre goncalves,680,1,tags:1
andrea,681,1,tags:1
andrena,682,14,tags:14
andrena bucephala,683,1,tags:1
andrena flavipes,684,1,tags:1
andrena fulva,685,3,tags:3
andrena micrandrena subopaca,686,1,tags:1
andrena minutula,687,1,tags:1
andrena subopaca,688,1,tags:1
andrena vaga,689,1,tags:1
andrenidae,690,8,tags:8
andreninae,691,6,tags:6
andrew,692,3,tags:3
andrew callaci,693,1,tags:1
andy mckee,694,1,tags:1
andy reiner,695,1,tags:1
anemone,696,1,tags:1
angel,697,1,tags:1
angel barja,698,4,tags:4
angeles,699,1,tags:1
angle,700,1,tags:1
anglo,701,2,tags:2
angloco,702,1,tags:1
angry,703,1,tags:1
angry anterson,704,1,tags:1
animal,705,73,tags:73
animal planet,706,2,tags:2
animal rescue,707,1,tags:1
animalia,708,34,tags:34
animalkingdomelite,709,4,tags:4
animals,710,31,tags:31
ankara,711,2,tags:2
ankara gordion,712,1,tags:1
ann arbor,713,2,tags:2
annapolis,714,1,tags:1
annarbor,715,1,tags:1
annemiel,716,1,tags:1
annual,717,2,tags:2
anoplolepis,718,1,tags:1
another glimpse of an ant's view of life,719,1,tags:1
anpas,720,1,tags:1
anra,721,1,tags:1
anscoflex ii,722,1,tags:1
answerme,723,1,tags:1
ant,724,463,tags:463
ant behaviour,725,1,tags:1
ant farm,726,1,tags:1
ant hill,727,1,tags:1
ant macro close up,728,1,tags:1
ant mimic crab spider,729,1,tags:1
ant mimic spider,730,1,tags:1
ant mimicking spider,731,2,tags:2
ant on flower,732,1,tags:1
ant on the floor,733,2,tags:2
ant queen,734,1,tags:1
ant taxi,735,1,tags:1
ant trap,736,1,tags:1
ant/insect,737,3,tags:3
antcolonies,738,1,tags:1
antcolony,739,1,tags:1
antena,740,1,tags:1
antenna,741,2,tags:2
antennae,742,1,tags:1
antfarm,743,7,tags:7
anthill,744,2,tags:2
anthole,745,1,tags:1
anthony,746,1,tags:1
anthophila,747,14,tags:14
anthophora plumipes,748,2,tags:2
anti war,749,1,tags:1
anti-folk,750,2,tags:2
antique,751,21,tags:21
antique fire truck,752,1,tags:1
antique powerland,753,1,tags:1
antique truck show,754,1,tags:1
antique vehicles,755,3,tags:3
antiques,756,1,tags:1
antiquities,757,1,tags:1
antiquity,758,1,tags:1
antlions,759,1,tags:1
ants,760,255,tags:255
ants feast,761,1,tags:1
ants in the kitchen,762,1,tags:1
ants love popcorn,763,1,tags:1
ants of illinois,764,1,tags:1
antworks,765,5,tags:5
anziano,766,1,tags:1
anästhesie,767,1,tags:1
ao,768,1,tags:1
aoomm macro,769,1,tags:1
apartment,770,6,tags:6
apartment buildings,771,1,tags:1
apartment fire,772,1,tags:1
apartments,773,1,tags:1
apartmenttherapy,774,1,tags:1
apb365,775,1,tags:1
ape,776,1,tags:1
aperture,777,1,tags:1
aperture priority,778,1,tags:1
apex,779,1,tags:1
aphid,780,14,tags:14
aphids,781,14,tags:14
api,782,1,tags:1
apiary,783,3,tags:3
apidae,784,24,tags:24
apidae sensu lato,785,1,tags:1
apinae,786,7,tags:7
apini,787,1,tags:1
apis,788,3,tags:3
apis mellifera,789,6,tags:6
aplusphoto,790,14,tags:14
aplusphoto explore,791,1,tags:1
apocrita,792,18,tags:18
apoidea,793,33,tags:33
apollo,794,4,tags:4
apothecary jar,795,2,tags:2
appalachia,796,1,tags:1
appalachian string band festival,797,1,tags:1
apparatus,798,2,tags:2
appetizer,799,2,tags:2
apple,800,6,tags:6
apple sauce,801,1,tags:1
apples,802,6,tags:6
appreciation,803,1,tags:1
apprentice,804,1,tags:1
apricot,805,1,tags:1
apricots,806,1,tags:1
april,807,10,tags:10
april 13th 2008,808,1,tags:1
april 2008,809,1,tags:1
april 27,810,1,tags:1
april in paris,811,1,tags:1
april-july,812,1,tags:1
aqua,813,4,tags:4
aqua wall,814,1,tags:1
aquilegia,815,1,tags:1
arachnid,816,1,tags:1
arachnida,817,1,tags:1
arboretum,818,4,tags:4
arbre,819,1,tags:1
arcade fire,820,1,tags:1
arcadia,821,2,tags:2
arch,822,1,tags:1
archaeology,823,1,tags:1
archeology,824,1,tags:1
arches,825,1,tags:1
archilaud,826,1,tags:1
architecture,827,1,tags:1
archtop,828,1,tags:1
arcyria,829,1,tags:1
argentina,830,8,tags:8
argentine,831,1,tags:1
argentinien,832,1,tags:1
argyll,833,1,tags:1
ariz.,834,1,tags:1
arizona,835,11,tags:11
arizonababydoll,836,1,tags:1
arkansas,837,2,tags:2
arlington,838,4,tags:4
arlington west,839,1,tags:1
arm,840,2,tags:2
armenia,841,1,tags:1
armenian,842,1,tags:1
armful,843,1,tags:1
armpro,844,1,tags:1
arms,845,2,tags:2
armstrongiowa,846,1,tags:1
army,847,3,tags:3
army ant,848,2,tags:2
arnold,849,4,tags:4
around the house,850,1,tags:1
arrid,851,1,tags:1
arroyo seco,852,1,tags:1
art,853,42,tags:42
art & lutherie,854,1,tags:1
art car,855,2,tags:2
art ceramics,856,1,tags:1
art museum,857,1,tags:1
art pottery,858,1,tags:1
art-deco,859,1,tags:1
art.,860,1,tags:1
art?,861,1,tags:1
arta,862,1,tags:1
artbychrysti,863,2,tags:2
arte,864,1,tags:1
arthropod,865,31,tags:31
arthropoda,866,37,tags:37
arthropode,867,1,tags:1
arthropods,868,3,tags:3
artichoke,869,1,tags:1
artichokes,870,1,tags:1
articulated bus,871,1,tags:1
artifact,872,2,tags:2
artifacts,873,1,tags:1
artinbw,874,1,tags:1
artist,875,3,tags:3
artista,876,1,tags:1
artistic expession,877,1,tags:1
artistic expression,878,1,tags:1
artizen,879,1,tags:1
artlegacy,880,1,tags:1
artlibre,881,3,tags:3
artsy,882,1,tags:1
arunsoman,883,1,tags:1
asaad saleh,884,1,tags:1
asahi,885,1,tags:1
asbury park,886,1,tags:1
ash,887,2,tags:2
ashan de silva,888,1,tags:1
ashburton,889,2,tags:2
ashley,890,1,tags:1
ashmolean museum,891,1,tags:1
ashok,892,1,tags:1
ashton,893,1,tags:1
ashtray,894,1,tags:1
"ashurst, hampshire, uk",895,1,tags:1
asia,896,7,tags:7
asian,897,12,tags:12
asian guy,898,1,tags:1
asian pear,899,1,tags:1
asin,900,1,tags:1
asleep,901,1,tags:1
asparagus,902,5,tags:5
asparaguse,903,1,tags:1
aspargus,904,1,tags:1
aspinwall,905,1,tags:1
assa,906,1,tags:1
assault,907,1,tags:1
associated,908,1,tags:1
association,909,1,tags:1
aster,910,2,tags:2
asteraceae,911,2,tags:2
asters,912,2,tags:2
astrazzi,913,1,tags:1
astros popcorn bucket,914,1,tags:1
astwood bank,915,1,tags:1
at-x pro,916,1,tags:1
atelocerata,917,1,tags:1
athens,918,1,tags:1
athens oh,919,1,tags:1
athome,920,1,tags:1
atkin,921,1,tags:1
atkin guitar,922,1,tags:1
atlanta,923,10,tags:10
atlanta botanical garden,924,1,tags:1
atlantic,925,11,tags:11
atlantic city,926,9,tags:9
atlantic county,927,1,tags:1
atlas,928,1,tags:1
atlas mountains,929,1,tags:1
atoz,930,1,tags:1
atta cephalotes,931,1,tags:1
attack,932,2,tags:2
atthebottomofthegarden,933,1,tags:1
atthesametime,934,1,tags:1
attic,935,1,tags:1
attribution-noncommercial-sharealike,936,5,tags:5
atwater,937,1,tags:1
atwater village,938,1,tags:1
au petit fer a cheval,939,1,tags:1
aubergine,940,2,tags:2
aubergines,941,1,tags:1
auckland,942,2,tags:2
auction,943,5,tags:5
audio,944,2,tags:2
auditorio,945,4,tags:4
auditorium,946,4,tags:4
audrey hall,947,1,tags:1
audrey hall photography,948,1,tags:1
aug07#2,949,1,tags:1
augmented reality,950,1,tags:1
august,951,20,tags:20
august 2007,952,1,tags:1
"august 9, 2007",953,1,tags:1
august alphabet set,954,1,tags:1
august07,955,1,tags:1
august2007,956,3,tags:3
aula gordon ordas,957,1,tags:1
aura,958,1,tags:1
auselite,959,3,tags:3
aussie,960,1,tags:1
aussie photographer,961,1,tags:1
austin,962,8,tags:8
austin city limits,963,1,tags:1
austinmer,964,1,tags:1
austinriggs,965,2,tags:2
australia,966,33,tags:33
australian,967,2,tags:2
australian insect,968,1,tags:1
australian native,969,2,tags:2
austria,970,5,tags:5
authentic,971,2,tags:2
autio,972,1,tags:1
auto,973,7,tags:7
auto-upload,974,1,tags:1
autobus,975,3,tags:3
autocord,976,1,tags:1
autofest,977,1,tags:1
autograph,978,2,tags:2
automobile,979,13,tags:13
automobiles,980,2,tags:2
autos,981,3,tags:3
autosalon,982,2,tags:2
autosalon genf,983,2,tags:2
autumn,984,8,tags:8
av mode,985,1,tags:1
avacado,986,1,tags:1
available light,987,1,tags:1
avenue,988,1,tags:1
avg,989,1,tags:1
avi,990,1,tags:1
aviation,991,2,tags:2
avocado,992,7,tags:7
avolon,993,1,tags:1
award,994,1,tags:1
award tree,995,1,tags:1
award-winning,996,1,tags:1
awards,997,1,tags:1
awarness,998,1,tags:1
awesome,999,1,tags:1
awesome blossoms,1000,1,tags:1
awesomebug,1001,1,tags:1
awesomebugs,1002,1,tags:1
awynhaus,1003,1,tags:1
axel buhrmann,1004,1,tags:1
axel bührmann,1005,1,tags:1
ay06juh,1006,1,tags:1
ayacucho,1007,1,tags:1
ayers,1008,2,tags:2
az,1009,3,tags:3
azabu sabo,1010,1,tags:1
azerbaijan,1011,1,tags:1
azi,1012,1,tags:1
azyt,1013,1,tags:1
azzu,1014,1,tags:1
b,1015,1,tags:1
b for bumble bee,1016,1,tags:1
b&o,1017,1,tags:1
b&w,1018,16,tags:16
b&w400,1019,1,tags:1
b. c.,1020,1,tags:1
b000p6j1p4,1021,1,tags:1
b133wye,1022,1,tags:1
b2,1023,1,tags:1
baakleen,1024,1,tags:1
babieswithoutborders,1025,1,tags:1
baby,1026,6,tags:6
baby bok choy,1027,1,tags:1
baby emergency transfer service,1028,2,tags:2
babyviolin,1029,1,tags:1
bachspicsgallery,1030,1,tags:1
back,1031,1,tags:1
back lit,1032,1,tags:1
back yard,1033,6,tags:6
background,1034,4,tags:4
backlit,1035,1,tags:1
backpacking,1036,1,tags:1
backyard,1037,22,tags:22
backyard gardening,1038,1,tags:1
backyard photography,1039,3,tags:3
bacon,1040,1,tags:1
bacon of the month,1041,1,tags:1
bad,1042,1,tags:1
badge,1043,1,tags:1
badlands,1044,1,tags:1
bag,1045,3,tags:3
baggageclaim,1046,1,tags:1
bags,1047,1,tags:1
bahamas,1048,3,tags:3
baie st paul,1049,1,tags:1
baile,1050,1,tags:1
bait,1051,1,tags:1
baja,1052,1,tags:1
bajacalifornia,1053,1,tags:1
baked,1054,2,tags:2
baked orzo with zucchini,1055,1,tags:1
baking,1056,6,tags:6
baku,1057,1,tags:1
balance,1058,1,tags:1
balboa island,1059,1,tags:1
balboa park,1060,1,tags:1
balbrook avenue,1061,1,tags:1
balcony,1062,8,tags:8
balcony garden,1063,1,tags:1
baleares,1064,1,tags:1
balearic,1065,1,tags:1
balears,1066,1,tags:1
balfron,1067,1,tags:1
bali,1068,1,tags:1
ball,1069,2,tags:2
ball canning jar,1070,1,tags:1
ball jar,1071,2,tags:2
ball jar as vase,1072,1,tags:1
ball jars,1073,2,tags:2
balladofyoko,1074,1,tags:1
ballet,1075,3,tags:3
balls,1076,2,tags:2
ballymena,1077,1,tags:1
balmain,1078,1,tags:1
balo_erets,1079,1,tags:1
balogh,1080,1,tags:1
balsamic,1081,1,tags:1
baltimore,1082,3,tags:3
balto,1083,1,tags:1
bamboo,1084,5,tags:5
banana,1085,6,tags:6
banana frog,1086,1,tags:1
banana pepper,1087,1,tags:1
banana peppers,1088,1,tags:1
bananna,1089,1,tags:1
banchan,1090,2,tags:2
band,1091,17,tags:17
bandage,1092,1,tags:1
banded,1093,1,tags:1
bands,1094,2,tags:2
banff,1095,1,tags:1
banffshire,1096,1,tags:1
bang,1097,1,tags:1
bangalore,1098,4,tags:4
bangkok,1099,4,tags:4
banister,1100,1,tags:1
banjo,1101,2,tags:2
bank heist,1102,1,tags:1
bank heist fire,1103,1,tags:1
banyulssurmer,1104,1,tags:1
bap,1105,1,tags:1
bar,1106,4,tags:4
bar shu,1107,1,tags:1
bar120,1108,2,tags:2
barbara,1109,1,tags:1
barbara jh,1110,1,tags:1
barbarus,1111,1,tags:1
barbed wire,1112,1,tags:1
barcelona,1113,6,tags:6
bardick,1114,1,tags:1
bardick garden,1115,1,tags:1
bardick27,1116,1,tags:1
bardick27 garden,1117,1,tags:1
bare feet,1118,1,tags:1
bark,1119,5,tags:5
barling,1120,1,tags:1
barn,1121,1,tags:1
barney,1122,1,tags:1
baroda,1123,2,tags:2
barolho,1124,1,tags:1
baroque,1125,2,tags:2
baroque viola,1126,2,tags:2
barre city,1127,1,tags:1
barrel,1128,1,tags:1
barroco,1129,1,tags:1
barter,1130,1,tags:1
bartheq,1131,1,tags:1
bartongardens,1132,1,tags:1
base,1133,2,tags:2
basement,1134,2,tags:2
basil,1135,9,tags:9
basilikum,1136,1,tags:1
basin,1137,1,tags:1
basingstokecanal,1138,1,tags:1
basket,1139,5,tags:5
baskets,1140,1,tags:1
bass,1141,19,tags:19
bassist,1142,1,tags:1
bat for lashes,1143,1,tags:1
bata,1144,1,tags:1
bataviaarea,1145,1,tags:1
bath,1146,2,tags:2
bath fingerstyle acoustic igf interational guitar foundation,1147,1,tags:1
bath ontario,1148,1,tags:1
bathroom,1149,1,tags:1
batman,1150,1,tags:1
battalion 1,1151,1,tags:1
battle,1152,2,tags:2
bauhinia,1153,1,tags:1
bavarian,1154,1,tags:1
bay,1155,1,tags:1
bay area,1156,1,tags:1
bay city michigan,1157,1,tags:1
bayfield,1158,1,tags:1
bays,1159,1,tags:1
baystate,1160,1,tags:1
bazaar,1161,4,tags:4
bazzar,1162,1,tags:1
bazzar style,1163,1,tags:1
bbc,1164,1,tags:1
bbc gardeners' world,1165,1,tags:1
bbcmanchesterblog,1166,1,tags:1
bbq,1167,2,tags:2
bbq corner ii,1168,1,tags:1
bc,1169,3,tags:3
bcakeny,1170,1,tags:1
bcec,1171,1,tags:1
bcvm,1172,1,tags:1
bdgroup,1173,1,tags:1
bea,1174,1,tags:1
beach,1175,5,tags:5
beach hook,1176,1,tags:1
beaconhill,1177,1,tags:1
beaded,1178,2,tags:2
beam,1179,1,tags:1
bean,1180,3,tags:3
bean station,1181,1,tags:1
beancurd,1182,1,tags:1
beans,1183,19,tags:19
beard,1184,1,tags:1
beasts,1185,2,tags:2
beatbox,1186,1,tags:1
beatboxing,1187,2,tags:2
beatles,1188,2,tags:2
beatrice,1189,1,tags:1
beaulieu heath,1190,1,tags:1
beautiful,1191,10,tags:10
beautiful light,1192,1,tags:1
beautiful!,1193,1,tags:1
beautifulbugs,1194,1,tags:1
beautifulearth,1195,1,tags:1
beautifulmonsters,1196,3,tags:3
beauty,1197,10,tags:10
beautybeholder,1198,1,tags:1
beautyupclose,1199,1,tags:1
beaver dam lodge,1200,1,tags:1
bed,1201,2,tags:2
bedford,1202,2,tags:2
bedroom,1203,4,tags:4
bee,1204,469,tags:469
bee and butterfly pcc4u,1205,1,tags:1
bee flies,1206,1,tags:1
bee fly,1207,1,tags:1
bee insect,1208,1,tags:1
bee insect flower birds bees flora small macro d2x,1209,1,tags:1
bee insect mint flower powershots3is macro,1210,1,tags:1
bee killer,1211,1,tags:1
bee line,1212,1,tags:1
bee on flower,1213,1,tags:1
bee swarm,1214,6,tags:6
bee wolf,1215,1,tags:1
bee-fly,1216,1,tags:1
bee-like,1217,1,tags:1
bee.bees.insects,1218,1,tags:1
beef,1219,12,tags:12
beeflight,1220,1,tags:1
beefsteak,1221,1,tags:1
beer bottle,1222,1,tags:1
bees,1223,311,tags:311
bees in sydney,1224,1,tags:1
bees life,1225,1,tags:1
bees on flower,1226,1,tags:1
bees on flowers,1227,1,tags:1
beet,1228,3,tags:3
beethoven,1229,1,tags:1
beetle,1230,1,tags:1
beetroot,1231,2,tags:2
beets,1232,3,tags:3
bef tendon,1233,1,tags:1
before and after,1234,1,tags:1
begitning,1235,1,tags:1
begonia,1236,1,tags:1
behavior,1237,1,tags:1
behindtheshot,1238,1,tags:1
behive,1239,1,tags:1
beijing,1240,11,tags:11
beijing 2008,1241,1,tags:1
beirut,1242,1,tags:1
bejitaburu,1243,5,tags:5
belgique,1244,3,tags:3
belgium,1245,3,tags:3
belgië,1246,1,tags:1
belgrade,1247,1,tags:1
bell,1248,3,tags:3
bell pepper,1249,5,tags:5
bell peppers,1250,3,tags:3
bella,1251,1,tags:1
bellaire blvd.,1252,1,tags:1
bellaire boulevard,1253,1,tags:1
bellevue,1254,1,tags:1
bellingham,1255,1,tags:1
bellissima,1256,1,tags:1
bellmore_fair,1257,1,tags:1
bellows,1258,1,tags:1
belval,1259,1,tags:1
bemalet,1260,1,tags:1
ben,1261,1,tags:1
ben's,1262,1,tags:1
bench,1263,1,tags:1
bend,1264,1,tags:1
bended,1265,1,tags:1
beneficienza cri,1266,2,tags:2
benefit,1267,2,tags:2
benefizkonzert,1268,1,tags:1
benevolent,1269,1,tags:1
benicia,1270,1,tags:1
bento,1271,8,tags:8
berber,1272,1,tags:1
berkeley,1273,3,tags:3
berliet,1274,1,tags:1
berlin,1275,1,tags:1
berlin painter,1276,1,tags:1
berowra,1277,1,tags:1
berries,1278,1,tags:1
bertie botts,1279,1,tags:1
bes,1280,1,tags:1
bessa-t,1281,1,tags:1
best,1282,1,tags:1
best flickr photography,1283,1,tags:1
best viewed embiggened,1284,1,tags:1
besta,1285,1,tags:1
bestof,1286,1,tags:1
betolandia,1287,1,tags:1
better than good,1288,1,tags:1
betterthangood,1289,1,tags:1
beverley,1290,1,tags:1
beverley square west,1291,1,tags:1
beverly hills,1292,3,tags:3
beverlyhills,1293,1,tags:1
bfv-10,1294,1,tags:1
bhindi,1295,1,tags:1
bianco,1296,1,tags:1
bichos,1297,3,tags:3
bicycle,1298,1,tags:1
bidin,1299,1,tags:1
bie,1300,1,tags:1
biegalski,1301,1,tags:1
biene,1302,4,tags:4
bienen,1303,1,tags:1
biennial,1304,1,tags:1
big,1305,13,tags:13
big bad bee,1306,1,tags:1
big boys,1307,1,tags:1
big island of hawai‘i,1308,1,tags:1
big red,1309,1,tags:1
biggest,1310,1,tags:1
bigpicture2008,1311,1,tags:1
bigredmonsterfire,1312,1,tags:1
bigstockphoto,1313,1,tags:1
bike,1314,1,tags:1
bike ride,1315,1,tags:1
bike trip,1316,1,tags:1
bilateria,1317,2,tags:2
bilaterians,1318,1,tags:1
bill,1319,1,tags:1
billy,1320,2,tags:2
bilsa,1321,1,tags:1
bin,1322,1,tags:1
biola,1323,1,tags:1
bird,1324,6,tags:6
bird of paradise,1325,1,tags:1
birdhouse,1326,1,tags:1
birds,1327,5,tags:5
birmingham,1328,2,tags:2
birmingham uk,1329,1,tags:1
birria,1330,1,tags:1
birria de chivo,1331,1,tags:1
birthday,1332,7,tags:7
birthdays,1333,2,tags:2
biscotti,1334,1,tags:1
bite,1335,3,tags:3
bitey,1336,1,tags:1
biting,1337,3,tags:3
bitter,1338,1,tags:1
bitter melon,1339,1,tags:1
bitter rivalry,1340,1,tags:1
bitter-grout,1341,1,tags:1
bittergourd,1342,1,tags:1
bittergourds,1343,1,tags:1
bittermelon,1344,1,tags:1
bitute,1345,1,tags:1
bk guitars,1346,1,tags:1
black,1347,81,tags:81
black & white,1348,5,tags:5
black and white,1349,16,tags:16
black and white 35 mm film,1350,2,tags:2
black and white portrait,1351,1,tags:1
"black and white', b&w, macro, insect, ant, match, matches, match",1352,1,tags:1
black ant,1353,2,tags:2
black ants,1354,2,tags:2
black beauty,1355,1,tags:1
black guitar guitar,1356,6,tags:6
black mushroom,1357,1,tags:1
black rock city,1358,1,tags:1
black thumb,1359,1,tags:1
blackandwhite,1360,4,tags:4
blackant,1361,2,tags:2
blackground,1362,1,tags:1
blacqbook,1363,1,tags:1
blair,1364,1,tags:1
blanca,1365,1,tags:1
blanca saenz de miera olivera,1366,1,tags:1
blandus,1367,1,tags:1
blank,1368,1,tags:1
blau,1369,1,tags:1
blaze,1370,1,tags:1
bleedingheart,1371,1,tags:1
blessed,1372,1,tags:1
blessing,1373,1,tags:1
bleu cheese,1374,1,tags:1
bliss,1375,1,tags:1
blissbus,1376,1,tags:1
block party,1377,1,tags:1
blocked street,1378,1,tags:1
blocking,1379,1,tags:1
bloem,1380,1,tags:1
blog,1381,1,tags:1
blogged,1382,1,tags:1
blogging,1383,1,tags:1
blond,1384,2,tags:2
blonde,1385,1,tags:1
blood,1386,1,tags:1
bloody awful poetry,1387,1,tags:1
bloody awful poetry club,1388,1,tags:1
bloom,1389,10,tags:10
blooming,1390,2,tags:2
blooms,1391,5,tags:5
blossom,1392,17,tags:17
blossom-end rot,1393,1,tags:1
blossoms,1394,9,tags:9
blossum,1395,1,tags:1
bls,1396,1,tags:1
blsck,1397,1,tags:1
blue,1398,37,tags:37
blue and white,1399,1,tags:1
blue bee,1400,1,tags:1
blue bells,1401,1,tags:1
blue bowl special,1402,1,tags:1
blue cheese,1403,1,tags:1
blue fishes,1404,1,tags:1
blue light,1405,1,tags:1
blue moose and the unbuttoned zippers,1406,1,tags:1
blue sky,1407,1,tags:1
blue thunder,1408,1,tags:1
blue vase,1409,1,tags:1
blue violin,1410,1,tags:1
blue wall,1411,1,tags:1
blue-banded+bees,1412,1,tags:1
bluebell,1413,1,tags:1
bluebells,1414,1,tags:1
blueberries,1415,1,tags:1
blueberry,1416,1,tags:1
blueberrymom,1417,1,tags:1
bluegrass,1418,2,tags:2
bluegrass music,1419,1,tags:1
bluelight,1420,3,tags:3
bluelist,1421,1,tags:1
blueribbonwinner,1422,15,tags:15
blues,1423,3,tags:3
bluesman,1424,1,tags:1
blume,1425,2,tags:2
blumen,1426,2,tags:2
blumenvase,1427,1,tags:1
blur,1428,5,tags:5
blurry,1429,2,tags:2
blurtastic,1430,1,tags:1
blüte,1431,1,tags:1
blüten,1432,2,tags:2
bm,1433,1,tags:1
bmix,1434,2,tags:2
bn - vita di strada,1435,1,tags:1
boar tooth sword,1436,1,tags:1
board,1437,5,tags:5
boards,1438,1,tags:1
boardwalk,1439,1,tags:1
boat shoes,1440,1,tags:1
bob taylor,1441,1,tags:1
bodhran,1442,1,tags:1
bodies,1443,1,tags:1
body,1444,7,tags:7
bogor,1445,1,tags:1
bogota,1446,1,tags:1
boise,1447,1,tags:1
bojangles,1448,1,tags:1
bok,1449,1,tags:1
bok choy,1450,1,tags:1
bokeh,1451,23,tags:23
bokehsonice!-october,1452,1,tags:1
bokehsonice!-october2,1453,1,tags:1
bokehsonice!-september,1454,1,tags:1
bokehsonice!-september13,1455,1,tags:1
bokehwhores,1456,1,tags:1
bolivar,1457,1,tags:1
bolivar trindade © all rights reserved,1458,1,tags:1
bolo,1459,2,tags:2
bolos,1460,2,tags:2
bolt,1461,1,tags:1
bolton,1462,1,tags:1
bolts,1463,4,tags:4
bombay,1464,1,tags:1
bomberos,1465,1,tags:1
bombers,1466,1,tags:1
bombing,1467,1,tags:1
bombini,1468,2,tags:2
bombus,1469,7,tags:7
bombus californicus,1470,2,tags:2
bombus fervidus,1471,2,tags:2
bombus hortorum,1472,1,tags:1
bombus lucorum,1473,1,tags:1
bombus ternarius,1474,1,tags:1
bombus terrestris,1475,1,tags:1
bombus vosnesenskii,1476,1,tags:1
bombyliidae,1477,1,tags:1
bon voyage,1478,1,tags:1
bongos,1479,1,tags:1
bonilla,1480,1,tags:1
boo,1481,1,tags:1
boogie,1482,1,tags:1
book,1483,3,tags:3
bookshelf,1484,1,tags:1
boondock photography,1485,2,tags:2
boothbay harbor,1486,1,tags:1
boothbay railway village,1487,1,tags:1
boothby's blonde cucumber,1488,3,tags:3
bootload,1489,2,tags:2
boots,1490,1,tags:1
boqueria,1491,1,tags:1
borage,1492,1,tags:1
border town,1493,1,tags:1
borderfx,1494,1,tags:1
bored,1495,1,tags:1
borlange,1496,1,tags:1
borneo,1497,4,tags:4
bornholm,1498,1,tags:1
borough,1499,4,tags:4
borough market,1500,1,tags:1
boston,1501,6,tags:6
bostonist,1502,1,tags:1
bostonorganics,1503,1,tags:1
botanic gardens,1504,1,tags:1
botanica,1505,1,tags:1
botanica: wild & tame,1506,1,tags:1
botanical,1507,3,tags:3
botanical garden,1508,2,tags:2
botanical gardens,1509,4,tags:4
botany,1510,1,tags:1
bothran,1511,1,tags:1
bottle,1512,6,tags:6
bottle from bread&circus,1513,1,tags:1
bottlerocket princess,1514,1,tags:1
bottles,1515,1,tags:1
bottom,1516,1,tags:1
boulder,1517,2,tags:2
boulder theater,1518,2,tags:2
boulevard,1519,1,tags:1
boulevard park,1520,23,tags:23
boundary country,1521,1,tags:1
bounty,1522,4,tags:4
bouquet,1523,4,tags:4
bow,1524,20,tags:20
bowen,1525,1,tags:1
bowl,1526,9,tags:9
bowls,1527,2,tags:2
bows,1528,1,tags:1
box,1529,4,tags:4
box scheme,1530,1,tags:1
box06,1531,1,tags:1
box11,1532,1,tags:1
boxer,1533,1,tags:1
boxing,1534,2,tags:2
boy,1535,10,tags:10
boyce thompson,1536,1,tags:1
boyce thompson arboretum,1537,1,tags:1
boycethompsomarboretum,1538,1,tags:1
boyfriend,1539,1,tags:1
boys,1540,1,tags:1
br2a,1541,1,tags:1
bract,1542,1,tags:1
bracteoles,1543,1,tags:1
bradpitt,1544,1,tags:1
brahms,1545,1,tags:1
brampton,1546,1,tags:1
brampton cumbria,1547,1,tags:1
branch,1548,2,tags:2
branches,1549,1,tags:1
brandon,1550,3,tags:3
brandweer,1551,4,tags:4
brandweerauto,1552,2,tags:2
brandweerwagen,1553,2,tags:2
brandy and bart,1554,1,tags:1
brandywine,1555,1,tags:1
branford,1556,1,tags:1
brasil,1557,7,tags:7
brass,1558,5,tags:5
brattle,1559,1,tags:1
brattlest,1560,1,tags:1
bravest,1561,7,tags:7
bravo,1562,3,tags:3
brawl,1563,1,tags:1
bray,1564,1,tags:1
brazil,1565,7,tags:7
brc,1566,1,tags:1
bread,1567,13,tags:13
bread and butter pickles,1568,1,tags:1
breadcrumb,1569,1,tags:1
breed,1570,1,tags:1
breedlove,1571,2,tags:2
brest,1572,2,tags:2
brezo,1573,1,tags:1
brian forbes,1574,1,tags:1
briar hill,1575,1,tags:1
briarwood,1576,2,tags:2
brick,1577,1,tags:1
brickmakers,1578,1,tags:1
bricks,1579,1,tags:1
bridge,1580,9,tags:9
bright,1581,8,tags:8
brighton,1582,3,tags:3
brilliant-eye-jewel,1583,1,tags:1
brilliant~eye~jewels,1584,1,tags:1
brinjals,1585,2,tags:2
brisbane,1586,6,tags:6
brisbanemeetup,1587,1,tags:1
brisbanemeetupmar2006,1588,1,tags:1
brisbanemeetupstpatricksday2007,1589,1,tags:1
bristol,1590,2,tags:2
britain,1591,8,tags:8
british,1592,7,tags:7
british columbia,1593,2,tags:2
britishcolumbia,1594,1,tags:1
brittany,1595,2,tags:2
brixton,1596,1,tags:1
broadway,1597,3,tags:3
broccoli,1598,15,tags:15
broiled zucchini and potatoes with parmesan crust,1599,1,tags:1
brokeh,1600,1,tags:1
broken,1601,3,tags:3
brokkoli,1602,1,tags:1
bronz,1603,1,tags:1
bronze,1604,2,tags:2
brookes,1605,1,tags:1
brooklands,1606,1,tags:1
brooklyn,1607,13,tags:13
bros,1608,1,tags:1
brother,1609,1,tags:1
brough,1610,1,tags:1
brown,1611,21,tags:21
brown glass,1612,1,tags:1
brownedbutter,1613,1,tags:1
brunch,1614,1,tags:1
brunei,1615,1,tags:1
brunswick,1616,2,tags:2
brush,1617,2,tags:2
brush fire truck,1618,1,tags:1
brushtruck,1619,2,tags:2
brussel,1620,1,tags:1
brussels,1621,1,tags:1
brutal,1622,1,tags:1
bryan,1623,1,tags:1
bsb-food,1624,1,tags:1
bt,1625,1,tags:1
bubble tea,1626,1,tags:1
bubbles,1627,1,tags:1
bubbling,1628,1,tags:1
bucket,1629,1,tags:1
buckner,1630,1,tags:1
bud,1631,9,tags:9
bud red,1632,1,tags:1
bud vase,1633,2,tags:2
buda,1634,1,tags:1
budae,1635,2,tags:2
budapest,1636,2,tags:2
budderflyman,1637,1,tags:1
buddhist statue,1638,1,tags:1
buddleia,1639,1,tags:1
budgie,1640,2,tags:2
buds,1641,2,tags:2
buenosaires,1642,1,tags:1
buffalo,1643,1,tags:1
buffalo locavore,1644,1,tags:1
buffalodailyphoto,1645,1,tags:1
buford hwy,1646,1,tags:1
bug,1647,217,tags:217
bug of the day,1648,1,tags:1
bugg,1649,1,tags:1
bugs,1650,115,tags:115
buhrmann,1651,1,tags:1
building,1652,5,tags:5
building 9,1653,2,tags:2
buildings,1654,1,tags:1
bull,1655,1,tags:1
bull ant,1656,4,tags:4
bull-ant,1657,1,tags:1
bullant,1658,1,tags:1
bulldog,1659,1,tags:1
bullet,1660,1,tags:1
bullet ant,1661,1,tags:1
bumble,1662,7,tags:7
bumble bee,1663,32,tags:32
bumble bees,1664,11,tags:11
bumble_bees,1665,1,tags:1
bumblebee,1666,21,tags:21
bumblebees,1667,4,tags:4
bunch of flowers,1668,1,tags:1
bunda dourada,1669,1,tags:1
buono,1670,1,tags:1
burdock,1671,1,tags:1
burger,1672,1,tags:1
burgers,1673,1,tags:1
burien,1674,1,tags:1
burlington,1675,3,tags:3
burn,1676,1,tags:1
burning,1677,2,tags:2
burning man,1678,1,tags:1
burpless variety,1679,1,tags:1
bus,1680,7,tags:7
bus stop,1681,1,tags:1
busay,1682,1,tags:1
bush,1683,4,tags:4
bush fire,1684,1,tags:1
bush tucker,1685,1,tags:1
busje,1686,1,tags:1
busker,1687,7,tags:7
buskers,1688,1,tags:1
busking,1689,3,tags:3
busta rhymes,1690,1,tags:1
busy,1691,5,tags:5
busy bar,1692,1,tags:1
busy bees,1693,1,tags:1
but it is fun to try,1694,1,tags:1
but they have limitless energy,1695,1,tags:1
buta,1696,1,tags:1
butter,1697,1,tags:1
butterflies,1698,2,tags:2
butterfly,1699,9,tags:9
butterfly & wildlife park,1700,1,tags:1
butterfly bush,1701,1,tags:1
butters,1702,1,tags:1
buttery,1703,1,tags:1
buttons,1704,1,tags:1
buy,1705,1,tags:1
buy direct,1706,1,tags:1
buy local,1707,1,tags:1
buzz,1708,4,tags:4
buzzers,1709,1,tags:1
buzzing,1710,1,tags:1
buzznbugs,1711,1,tags:1
buzznbugz,1712,11,tags:11
bw,1713,9,tags:9
bwemotions,1714,1,tags:1
by,1715,5,tags:5
by arica,1716,1,tags:1
by noon,1717,1,tags:1
byeamonnobrienstrain,1718,1,tags:1
byn,1719,1,tags:1
byrds,1720,1,tags:1
bytolkarover,1721,1,tags:1
bzzz,1722,1,tags:1
bührmann,1723,1,tags:1
c,1724,1,tags:1
c-gima,1725,1,tags:1
c2,1726,1,tags:1
ca,1727,2,tags:2
ca. 490 bc,1728,1,tags:1
cabaret,1729,1,tags:1
cabbage,1730,14,tags:14
cabbage palm,1731,1,tags:1
cabbage roses,1732,1,tags:1
caborca,1733,1,tags:1
cabramatta,1734,1,tags:1
cacti-succulents-bulb plants,1735,1,tags:1
cactus,1736,6,tags:6
cactus flower,1737,1,tags:1
cactus v2s,1738,1,tags:1
cadillac,1739,4,tags:4
caerulescens,1740,1,tags:1
cafe,1741,5,tags:5
cafedujour,1742,1,tags:1
café,1743,1,tags:1
café rósenberg,1744,1,tags:1
cainta,1745,1,tags:1
cairngorm,1746,1,tags:1
cairns,1747,1,tags:1
cairo,1748,1,tags:1
caja de música,1749,1,tags:1
cajon,1750,1,tags:1
cake,1751,3,tags:3
cakebcakeny,1752,1,tags:1
cakes,1753,2,tags:2
cal fire,1754,2,tags:2
cala rajada,1755,1,tags:1
cala ratjada,1756,1,tags:1
caleb coppola,1757,2,tags:2
calfire,1758,2,tags:2
calgary,1759,3,tags:3
california,1760,55,tags:55
california wonder,1761,1,tags:1
california.,1762,2,tags:2
california05,1763,1,tags:1
calla,1764,1,tags:1
calla lily,1765,1,tags:1
callaci,1766,1,tags:1
calloohcallay,1767,1,tags:1
calming,1768,2,tags:2
cam,1769,1,tags:1
camargue,1770,1,tags:1
cambodia,1771,2,tags:2
cambridge,1772,7,tags:7
came,1773,1,tags:1
camera,1774,2,tags:2
camera phone,1775,2,tags:2
camera shy,1776,1,tags:1
camera: nikon d50,1777,1,tags:1
camera:make=canon,1778,1,tags:1
camera:make=nikon corporation,1779,1,tags:1
camera:make=nokia,1780,1,tags:1
camera:model=canon powershot a520,1781,1,tags:1
camera:model=n70-1,1782,1,tags:1
camera:model=nikon d50,1783,1,tags:1
cameraphone,1784,9,tags:9
camion,1785,1,tags:1
camions,1786,1,tags:1
camions de pompiers,1787,1,tags:1
camp,1788,6,tags:6
campania,1789,1,tags:1
campanotus,1790,1,tags:1
campanula garganica,1791,1,tags:1
campanulaceae,1792,1,tags:1
campello dell'anconeta,1793,1,tags:1
camper,1794,1,tags:1
campfire,1795,2,tags:2
camping,1796,4,tags:4
campo dei fiori,1797,1,tags:1
campodefiori,1798,1,tags:1
camponotus,1799,7,tags:7
camponotus anthrax,1800,1,tags:1
camponotus modoc,1801,1,tags:1
camponotus pennsylvanicus,1802,1,tags:1
camry,1803,1,tags:1
camucia,1804,1,tags:1
can,1805,1,tags:1
canada,1806,62,tags:62
canada day,1807,3,tags:3
canadian,1808,4,tags:4
canadian wildlife,1809,1,tags:1
canal,1810,1,tags:1
canberra,1811,3,tags:3
canberraoct07,1812,1,tags:1
cancer fighting,1813,1,tags:1
cancer research,1814,1,tags:1
candid,1815,9,tags:9
candle,1816,3,tags:3
candleholder,1817,1,tags:1
candlelight,1818,1,tags:1
candles,1819,2,tags:2
candlesticks,1820,2,tags:2
candy,1821,3,tags:3
candy bar,1822,2,tags:2
candy dish,1823,1,tags:1
candy jar,1824,1,tags:1
candy jar vase,1825,1,tags:1
candy2nd,1826,1,tags:1
candyphotos,1827,1,tags:1
canen,1828,1,tags:1
canned,1829,2,tags:2
cannelloni,1830,1,tags:1
canning,1831,7,tags:7
canon,1832,163,tags:163
canon 10-22mm,1833,1,tags:1
canon 100mm f2.8 usm macro,1834,1,tags:1
canon 100mm macro,1835,1,tags:1
canon 24-70,1836,1,tags:1
canon 30d,1837,2,tags:2
canon 35mm f/2,1838,1,tags:1
canon 400d,1839,1,tags:1
canon 40d,1840,6,tags:6
canon 50mm 1.4,1841,1,tags:1
canon 5d,1842,3,tags:3
canon 60mm macro,1843,1,tags:1
canon a80,1844,1,tags:1
canon digital rebel,1845,3,tags:3
canon digital rebel xti,1846,2,tags:2
canon ef 100mm f/2.8 macro usm,1847,1,tags:1
canon ef 24-105mm f/4l is usm,1848,1,tags:1
canon ef 28-135mm f/3.5-5.6 is usm,1849,1,tags:1
canon ef 50mm f/1.4 usm,1850,2,tags:2
canon ef 50mm f/1.8,1851,1,tags:1
canon ef 50mm f/1.8 ii,1852,2,tags:2
canon ef 85mm f/1.8 usm,1853,1,tags:1
canon ef-s 18-55mm f/3.5-5.6,1854,2,tags:2
canon efs 60mm f/2.8 macro usm,1855,2,tags:2
canon eos 300d,1856,1,tags:1
canon eos 400d,1857,2,tags:2
canon eos 40d,1858,1,tags:1
canon eos 5d,1859,1,tags:1
canon eos digital rebel xt,1860,1,tags:1
canon eos digital rebel xti,1861,1,tags:1
canon eos rebel k-2 slr,1862,1,tags:1
canon eos350d,1863,1,tags:1
canon ixus 80 is,1864,3,tags:3
canon mp-e65,1865,1,tags:1
canon powershot,1866,3,tags:3
canon powershot a460,1867,1,tags:1
canon powershot a620,1868,1,tags:1
canon powershot g2,1869,1,tags:1
canon powershot s2 is,1870,2,tags:2
canon powershot s230,1871,1,tags:1
canon powershot s3 is,1872,2,tags:2
canon powershot sd1000,1873,1,tags:1
canon rebel,1874,5,tags:5
canon rebel xt,1875,3,tags:3
canon rebel xti,1876,2,tags:2
canon s2 is,1877,1,tags:1
canon sd450,1878,1,tags:1
canon t70,1879,1,tags:1
canon ts-e 24mm f3.5 l ii,1880,1,tags:1
canon xsi,1881,2,tags:2
canon xti,1882,1,tags:1
canon400d,1883,1,tags:1
canon40d,1884,1,tags:1
canon5d,1885,1,tags:1
canon70200f4l,1886,1,tags:1
canon70200f4lis,1887,1,tags:1
canona510,1888,1,tags:1
canonef24105mmf4lisusm,1889,1,tags:1
canonef28-135/3.5-5.6,1890,1,tags:1
canonef70200mmf4lusm,1891,1,tags:1
canoneos1dsmarkiii,1892,2,tags:2
canong2,1893,1,tags:1
canong6,1894,1,tags:1
canong9,1895,4,tags:4
canonpowershot,1896,2,tags:2
canonpowershota610,1897,1,tags:1
canonpowershots2,1898,1,tags:1
canonpowershots2is,1899,1,tags:1
canonrebelxt,1900,4,tags:4
canons2,1901,1,tags:1
canons2is,1902,1,tags:1
canons5is,1903,2,tags:2
canonsd600,1904,1,tags:1
canopy walk,1905,1,tags:1
cantata,1906,1,tags:1
canteloupe,1907,1,tags:1
cantigny,1908,1,tags:1
canton,1909,2,tags:2
cantonese,1910,2,tags:2
canvey,1911,1,tags:1
canzone,1912,2,tags:2
capdepera,1913,1,tags:1
cape cod,1914,2,tags:2
capelgoesgreen,1915,1,tags:1
capelgreenfair,1916,1,tags:1
capellini,1917,1,tags:1
capitol hill,1918,1,tags:1
capsicum,1919,4,tags:4
capsicums,1920,1,tags:1
capture,1921,1,tags:1
car,1922,23,tags:23
car show,1923,2,tags:2
carabinieri,1924,3,tags:3
caravan,1925,1,tags:1
caravelle,1926,1,tags:1
carbon,1927,1,tags:1
carder bee,1928,1,tags:1
carder bees,1929,3,tags:3
caribbean gardens,1930,1,tags:1
caring,1931,1,tags:1
carla,1932,2,tags:2
carlee,1933,1,tags:1
carlo rada,1934,1,tags:1
carlo robelli,1935,1,tags:1
carlobambino,1936,1,tags:1
carlos,1937,1,tags:1
carnage,1938,1,tags:1
carolina,1939,3,tags:3
carolinefoster,1940,1,tags:1
carolyn,1941,3,tags:3
carolynhietala,1942,1,tags:1
carpe diem,1943,1,tags:1
carpenter,1944,2,tags:2
carpenter ant,1945,4,tags:4
carpenter bee,1946,9,tags:9
carpenterants,1947,1,tags:1
carra,1948,4,tags:4
carrefour,1949,1,tags:1
carries pollen on legs,1950,1,tags:1
carrot,1951,23,tags:23
carrot soup,1952,1,tags:1
carrots,1953,37,tags:37
carry,1954,2,tags:2
cars,1955,13,tags:13
cars&motorcycles,1956,2,tags:2
carshow,1957,4,tags:4
cartoon,1958,1,tags:1
cartoonist,1959,1,tags:1
casamento,1960,2,tags:2
case,1961,1,tags:1
casio,1962,1,tags:1
casserole,1963,1,tags:1
cassidy bond,1964,1,tags:1
cast iron,1965,1,tags:1
castine,1966,1,tags:1
castle,1967,1,tags:1
casual clicks,1968,1,tags:1
cat,1969,4,tags:4
cataglyphis,1970,1,tags:1
catalonia,1971,4,tags:4
catalunya,1972,3,tags:3
catchy,1973,1,tags:1
catchy colors,1974,4,tags:4
catchycolors,1975,6,tags:6
catedral,1976,1,tags:1
caterpillar,1977,3,tags:3
caterpillars,1978,2,tags:2
catfish,1979,1,tags:1
cathedral,1980,1,tags:1
cathedral city,1981,1,tags:1
catherine,1982,1,tags:1
cats,1983,1,tags:1
catsfive,1984,1,tags:1
catskills,1985,2,tags:2
cauliflower,1986,2,tags:2
cavatelli,1987,1,tags:1
cayenne,1988,1,tags:1
cazadero,1989,1,tags:1
cazh,1990,1,tags:1
cbd,1991,1,tags:1
cbrookes75,1992,1,tags:1
cby,1993,1,tags:1
cc,1994,1,tags:1
ccd,1995,1,tags:1
ccold,1996,1,tags:1
ccrrfd,1997,1,tags:1
ccs,1998,1,tags:1
cdf,1999,3,tags:3
cdi,2000,1,tags:1
cebu,2001,4,tags:4
cebu-sugbo,2002,4,tags:4
cebuphotography,2003,1,tags:1
cedar,2004,2,tags:2
cedarfire,2005,1,tags:1
celebrity,2006,3,tags:3
celeriac,2007,2,tags:2
celery,2008,10,tags:10
celeste goulding,2009,1,tags:1
cell,2010,1,tags:1
cell phone,2011,1,tags:1
cello,2012,9,tags:9
cellophane,2013,1,tags:1
cellophane bee,2014,1,tags:1
cellophane bees,2015,1,tags:1
cellos,2016,1,tags:1
centaurea,2017,1,tags:1
centaurea montana,2018,1,tags:1
centaurea scabiosa,2019,1,tags:1
center,2020,1,tags:1
center city,2021,1,tags:1
centerpiece,2022,1,tags:1
central,2023,2,tags:2
central florida,2024,1,tags:1
central market hall,2025,1,tags:1
central oregon,2026,1,tags:1
centre,2027,1,tags:1
centre des musiques amplifiées,2028,1,tags:1
centre rideau,2029,1,tags:1
centre-ville,2030,1,tags:1
centretown,2031,1,tags:1
centro,2032,1,tags:1
centro autorizado contrapunto,2033,3,tags:3
centrum,2034,2,tags:2
centrumfiddletunes,2035,2,tags:2
century,2036,3,tags:3
ceramic,2037,14,tags:14
ceramicpix,2038,1,tags:1
ceramics,2039,10,tags:10
ceramics and pottery,2040,1,tags:1
ceramics.vases,2041,1,tags:1
ceratina,2042,2,tags:2
cerdd,2043,1,tags:1
ces 2008,2044,1,tags:1
cetriolo,2045,2,tags:2
cf martin & co.,2046,1,tags:1
cfd,2047,1,tags:1
cfs,2048,1,tags:1
chaconne,2049,1,tags:1
chad,2050,1,tags:1
chai,2051,1,tags:1
chain,2052,1,tags:1
chair,2053,2,tags:2
chalet,2054,1,tags:1
chalice,2055,1,tags:1
challenge you winner,2056,5,tags:5
challengeyouwinner,2057,1,tags:1
chama,2058,1,tags:1
chamber,2059,1,tags:1
chamblee,2060,1,tags:1
champion,2061,2,tags:2
chandigarh,2062,1,tags:1
change,2063,1,tags:1
chanping,2064,1,tags:1
chapel,2065,1,tags:1
chapel hill,2066,1,tags:1
chapelle,2067,1,tags:1
character,2068,1,tags:1
charangolín sin charango,2069,1,tags:1
charcoal,2070,1,tags:1
chard,2071,2,tags:2
charisma,2072,1,tags:1
charity,2073,3,tags:3
charles river,2074,1,tags:1
charleston,2075,3,tags:3
charlie,2076,1,tags:1
charliebrown8989,2077,2,tags:2
charliebrown8989's macro,2078,1,tags:1
charlotte,2079,1,tags:1
charlton,2080,1,tags:1
charter one pavilion,2081,1,tags:1
chat,2082,1,tags:1
chatham,2083,1,tags:1
chatham county,2084,1,tags:1
"chatham county, ga",2085,1,tags:1
"chatham county, georgia",2086,1,tags:1
chatou,2087,1,tags:1
chatuchack,2088,1,tags:1
chau,2089,1,tags:1
cheap,2090,3,tags:3
cheap violin violin for sale new student violin cheap violin,2091,1,tags:1
cheather,2092,1,tags:1
check,2093,1,tags:1
"check out my website, www.amstersam.com",2094,1,tags:1
checkpoints,2095,1,tags:1
cheekwood,2096,1,tags:1
cheers,2097,1,tags:1
cheese,2098,9,tags:9
cheesy,2099,1,tags:1
chef,2100,4,tags:4
chef dean,2101,1,tags:1
chefmark,2102,1,tags:1
chengannur,2103,1,tags:1
chengdu,2104,5,tags:5
cherries,2105,2,tags:2
cherry,2106,3,tags:3
cherry on top,2107,1,tags:1
cherry tomato,2108,2,tags:2
cherry tomatoe,2109,1,tags:1
cherry tomatoes,2110,4,tags:4
chert,2111,1,tags:1
cheshire,2112,1,tags:1
cheshire.,2113,2,tags:2
chesterfield,2114,3,tags:3
chestnut,2115,1,tags:1
chestnut ridge,2116,1,tags:1
cheung,2117,1,tags:1
cheung chau,2118,1,tags:1
"chevra hatzalah volunteer ambulance corps, inc.",2119,1,tags:1
chevrolet,2120,2,tags:2
chevron,2121,1,tags:1
chevy,2122,1,tags:1
chew,2123,1,tags:1
chew family reunion 2007,2124,1,tags:1
chez cal,2125,1,tags:1
chia shiang,2126,1,tags:1
chiang mai,2127,3,tags:3
chic,2128,1,tags:1
chica,2129,1,tags:1
chicago,2130,12,tags:12
chicago fire department,2131,1,tags:1
chicago fire truck,2132,1,tags:1
chicas,2133,1,tags:1
chicken,2134,12,tags:12
chicken feet,2135,1,tags:1
chicken hot pot,2136,4,tags:4
chicken hotpot,2137,1,tags:1
chickenhotpot,2138,1,tags:1
chickpeas,2139,1,tags:1
chicory,2140,1,tags:1
chicory flower,2141,1,tags:1
chiefsshow,2142,2,tags:2
chiflickr,2143,1,tags:1
chiflickr042306,2144,1,tags:1
chigae,2145,3,tags:3
chige,2146,2,tags:2
chigenabe,2147,1,tags:1
chihuahua,2148,1,tags:1
chihuahuan,2149,1,tags:1
child,2150,4,tags:4
child 003,2151,1,tags:1
child's violin,2152,1,tags:1
children,2153,4,tags:4
children playing instruments,2154,1,tags:1
children's,2155,2,tags:2
childrens,2156,2,tags:2
childrenshospital,2157,1,tags:1
chile,2158,3,tags:3
chili,2159,4,tags:4
chili peppers,2160,1,tags:1
chilli,2161,4,tags:4
chillie peppers,2162,1,tags:1
chillies,2163,4,tags:4
chilly,2164,1,tags:1
chin rest,2165,1,tags:1
china,2166,45,tags:45
china gourmet,2167,1,tags:1
china2008,2168,1,tags:1
chinaabend,2169,1,tags:1
chinatown,2170,4,tags:4
chinaware,2171,1,tags:1
chine,2172,1,tags:1
chinese,2173,37,tags:37
chinese broccoli,2174,1,tags:1
chinese cuisine,2175,2,tags:2
chinese fondue,2176,1,tags:1
chinese food,2177,7,tags:7
chinese hot pot,2178,2,tags:2
chinese new year,2179,2,tags:2
chinese vegetable sculpting,2180,1,tags:1
chinesefood,2181,1,tags:1
chirimen,2182,1,tags:1
chisinau,2183,6,tags:6
chisos,2184,1,tags:1
chitarra,2185,3,tags:3
chitarra folk,2186,1,tags:1
chitra,2187,1,tags:1
chitra aiyer,2188,1,tags:1
chitra aiyer photography,2189,1,tags:1
chives,2190,1,tags:1
chocolate pot,2191,1,tags:1
choir,2192,1,tags:1
chongqing,2193,5,tags:5
chop,2194,2,tags:2
chopped,2195,5,tags:5
chopper,2196,2,tags:2
chopping,2197,4,tags:4
chopstick,2198,1,tags:1
chopsticks,2199,1,tags:1
chord,2200,2,tags:2
chords,2201,2,tags:2
choy,2202,1,tags:1
chris,2203,4,tags:4
chris belanger,2204,1,tags:1
chris brookes,2205,1,tags:1
chris keating,2206,3,tags:3
chris lin,2207,1,tags:1
chris rickels,2208,1,tags:1
chris shore,2209,2,tags:2
christbaumkugeln,2210,1,tags:1
christian,2211,1,tags:1
christian lau,2212,3,tags:3
christie,2213,1,tags:1
christine domanic,2214,1,tags:1
christmas,2215,13,tags:13
christmas concert,2216,1,tags:1
christmas concert by children,2217,1,tags:1
christmas lights,2218,1,tags:1
christmas parade,2219,1,tags:1
christmas present,2220,1,tags:1
christmasweekend,2221,1,tags:1
christopdesoto,2222,1,tags:1
christopher,2223,2,tags:2
christopher lin,2224,1,tags:1
chritsina's flower vases,2225,1,tags:1
chrome,2226,4,tags:4
chrysanthemum,2227,1,tags:1
church,2228,4,tags:4
chyenn,2229,1,tags:1
cibo,2230,2,tags:2
cieenanjing,2231,1,tags:1
cigarette,2232,1,tags:1
cilantro,2233,3,tags:3
cimbalom,2234,1,tags:1
cinnamon free sundays,2235,1,tags:1
cinsy,2236,2,tags:2
circle,2237,3,tags:3
circles,2238,2,tags:2
circular polarizer,2239,1,tags:1
cirsium texanum,2240,1,tags:1
citadels,2241,1,tags:1
citedelamusique,2242,1,tags:1
cities,2243,1,tags:1
citrico,2244,1,tags:1
citroen,2245,2,tags:2
citron,2246,1,tags:1
citronella ant,2247,3,tags:3
citrorama,2248,1,tags:1
citroën jumper pelo mundo,2249,1,tags:1
citrus,2250,1,tags:1
city,2251,52,tags:52
citymusic,2252,1,tags:1
cityscape,2253,1,tags:1
ciudad,2254,1,tags:1
civil,2255,2,tags:2
civil defense,2256,1,tags:1
clagett,2257,4,tags:4
clagett farm,2258,2,tags:2
clairs,2259,1,tags:1
clams,2260,1,tags:1
clarendon,2261,2,tags:2
clarendon hills,2262,1,tags:1
clarinete,2263,1,tags:1
clark,2264,1,tags:1
class,2265,1,tags:1
classic,2266,11,tags:11
classic car,2267,2,tags:2
classic cars,2268,1,tags:1
classical,2269,15,tags:15
classical guitar,2270,9,tags:9
classical guitar guitar,2271,1,tags:1
classical guitars,2272,1,tags:1
classicguitar,2273,1,tags:1
classroom,2274,1,tags:1
claude moore colonial farm,2275,1,tags:1
claudecf,2276,1,tags:1
clavecin,2277,1,tags:1
clay,2278,6,tags:6
claypot,2279,4,tags:4
clean,2280,1,tags:1
cleaver,2281,1,tags:1
clematis,2282,1,tags:1
clementi,2283,1,tags:1
clevedon,2284,1,tags:1
cleveland,2285,2,tags:2
cleveland oh,2286,1,tags:1
clifftop,2287,1,tags:1
climb,2288,1,tags:1
climbing,2289,1,tags:1
clinton indiana,2290,1,tags:1
clip earrings,2291,2,tags:2
cljcphotography,2292,1,tags:1
cloche,2293,1,tags:1
clock,2294,1,tags:1
close,2295,15,tags:15
close up,2296,27,tags:27
close up filter +10,2297,1,tags:1
close-up,2298,44,tags:44
close-ups,2299,1,tags:1
closertoearth,2300,1,tags:1
closeup,2301,66,tags:66
closeup insects,2302,1,tags:1
closeups,2303,7,tags:7
closuep,2304,1,tags:1
clothes,2305,1,tags:1
clothes line,2306,1,tags:1
cloud,2307,1,tags:1
cloud 9,2308,1,tags:1
clouds,2309,1,tags:1
clover,2310,2,tags:2
clown,2311,1,tags:1
club,2312,5,tags:5
club passim,2313,1,tags:1
clusters,2314,1,tags:1
cma,2315,1,tags:1
cmwd,2316,1,tags:1
cmwd_blackandwhite,2317,1,tags:1
cmwd_green,2318,2,tags:2
cmwd_orange,2319,1,tags:1
cmwd_purple,2320,1,tags:1
cny,2321,2,tags:2
co,2322,1,tags:1
co po lo,2323,1,tags:1
co.antrim,2324,1,tags:1
coach,2325,4,tags:4
coalharbour,2326,1,tags:1
coastal,2327,1,tags:1
coat,2328,1,tags:1
coated,2329,1,tags:1
cob,2330,1,tags:1
cobra 2,2331,1,tags:1
cocerto,2332,1,tags:1
cockroach,2333,1,tags:1
cocobolo,2334,3,tags:3
cocoichibanya,2335,1,tags:1
coconut trees,2336,1,tags:1
cocumber,2337,1,tags:1
cody peterson,2338,1,tags:1
coffeepot,2339,1,tags:1
coins,2340,1,tags:1
colby,2341,1,tags:1
cold,2342,1,tags:1
cole,2343,1,tags:1
coleoptera,2344,1,tags:1
collaboration,2345,1,tags:1
collander,2346,2,tags:2
collapse,2347,1,tags:1
colleague,2348,2,tags:2
collection,2349,4,tags:4
college,2350,6,tags:6
colletes,2351,3,tags:3
colletes daviesanus,2352,1,tags:1
colletes thoracicus,2353,1,tags:1
colletidae,2354,2,tags:2
colliercounty,2355,1,tags:1
collin,2356,1,tags:1
collings,2357,1,tags:1
colmmcsky,2358,1,tags:1
colméia,2359,1,tags:1
cologne,2360,1,tags:1
colonia,2361,1,tags:1
colony,2362,7,tags:7
color,2363,44,tags:44
color bug insect bee flower nature,2364,1,tags:1
color pencil,2365,1,tags:1
color violín,2366,1,tags:1
color+color,2367,1,tags:1
colorado,2368,5,tags:5
colorado springs,2369,1,tags:1
colores,2370,2,tags:2
colorful,2371,12,tags:12
colorful world,2372,1,tags:1
colorphotoaward,2373,3,tags:3
colors,2374,17,tags:17
colour,2375,18,tags:18
colourartaward,2376,1,tags:1
colourful,2377,6,tags:6
colours,2378,8,tags:8
coloursofaugust2006,2379,1,tags:1
colt 45,2380,1,tags:1
columbia,2381,2,tags:2
"columbia, sc",2382,1,tags:1
columbus,2383,5,tags:5
columbus avenue,2384,1,tags:1
columbus circle,2385,1,tags:1
columbusoh,2386,1,tags:1
comb,2387,1,tags:1
comida,2388,2,tags:2
command,2389,2,tags:2
commercial,2390,1,tags:1
commercialvehiclemuseum,2391,1,tags:1
commissioning,2392,1,tags:1
commodities pavilion,2393,1,tags:1
common,2394,1,tags:1
common tansy,2395,1,tags:1
commons,2396,1,tags:1
communal eating,2397,1,tags:1
community,2398,7,tags:7
community farm,2399,1,tags:1
community garden,2400,5,tags:5
community radio,2401,1,tags:1
community supported agriculture,2402,10,tags:10
companion,2403,1,tags:1
company,2404,6,tags:6
compote,2405,1,tags:1
concentration,2406,1,tags:1
conceptphotos,2407,1,tags:1
concert,2408,53,tags:53
concert hall,2409,2,tags:2
concert photography,2410,3,tags:3
concerts,2411,1,tags:1
concierto,2412,16,tags:16
concombre,2413,3,tags:3
concombres,2414,1,tags:1
concord,2415,2,tags:2
concours,2416,1,tags:1
concrete,2417,1,tags:1
concrete mixer,2418,1,tags:1
condiment,2419,1,tags:1
condo,2420,2,tags:2
cone,2421,2,tags:2
cone flower,2422,1,tags:1
coned,2423,1,tags:1
coneflowers,2424,1,tags:1
coneyisland,2425,1,tags:1
conflictstudio,2426,1,tags:1
confused,2427,1,tags:1
congeevillage,2428,1,tags:1
coni,2429,1,tags:1
connecticut,2430,1,tags:1
connecticut trolly museum,2431,1,tags:1
conquest through food,2432,1,tags:1
conservatorio,2433,4,tags:4
conservatory,2434,1,tags:1
construction,2435,1,tags:1
construction equipment,2436,1,tags:1
constructive,2437,1,tags:1
consume,2438,2,tags:2
container,2439,10,tags:10
container garden,2440,2,tags:2
containergarden,2441,1,tags:1
contemporary violin,2442,5,tags:5
content,2443,1,tags:1
contest,2444,1,tags:1
continental,2445,1,tags:1
continuum,2446,1,tags:1
contrapunto,2447,3,tags:3
contrast,2448,8,tags:8
contraste,2449,1,tags:1
controlled burn,2450,1,tags:1
convention:,2451,1,tags:1
converted from colour,2452,1,tags:1
convoy,2453,1,tags:1
cook,2454,4,tags:4
cook & hotpot,2455,1,tags:1
cook college,2456,1,tags:1
cook it yourself,2457,1,tags:1
cookbook,2458,1,tags:1
cookeryschool,2459,1,tags:1
cookie jar,2460,1,tags:1
cookies,2461,1,tags:1
cooking,2462,67,tags:67
cooking class,2463,1,tags:1
cooking light,2464,1,tags:1
cookingpot,2465,1,tags:1
cookthin,2466,2,tags:2
cookthink,2467,3,tags:3
cool,2468,8,tags:8
cool as a cucumber,2469,1,tags:1
cool weather,2470,1,tags:1
coolest,2471,2,tags:2
coolpix,2472,1,tags:1
coolpix 8700,2473,1,tags:1
coolpix5400,2474,1,tags:1
cooperation,2475,1,tags:1
copenhagen,2476,1,tags:1
copper,2477,1,tags:1
copy,2478,1,tags:1
copy or edit any of my photographs without my written permission. if you wish to purchase any of my pictures just send me a flickr mail message. all rights reserved,2479,2,tags:2
copyright,2480,7,tags:7
copyright donna kerley,2481,1,tags:1
copyright © 2007 sara anne finke,2482,1,tags:1
copyright © 2008 sara anne finke,2483,1,tags:1
copyright2008donna kerley,2484,1,tags:1
copyrighted,2485,1,tags:1
cor,2486,1,tags:1
coralville,2487,1,tags:1
cordial,2488,1,tags:1
cordova bay records,2489,1,tags:1
corel,2490,1,tags:1
corfu,2491,1,tags:1
corgette,2492,1,tags:1
coriander,2493,1,tags:1
coriya,2494,1,tags:1
corn,2495,14,tags:14
corner,2496,2,tags:2
cornflower,2497,2,tags:2
cornichon,2498,1,tags:1
corning,2499,1,tags:1
corning museum of glass,2500,1,tags:1
cornonthecob,2501,1,tags:1
cornwall,2502,1,tags:1
coroce verde,2503,1,tags:1
corona,2504,1,tags:1
coroplast,2505,1,tags:1
corp,2506,4,tags:4
corps,2507,4,tags:4
cortona,2508,1,tags:1
cosmopolitan,2509,2,tags:2
costa,2510,1,tags:1
costa rica,2511,1,tags:1
costume,2512,1,tags:1
cotc:mostinteresting,2513,1,tags:1
cotc:personalfavorite,2514,1,tags:1
cotta,2515,1,tags:1
cottage,2516,3,tags:3
cotton,2517,1,tags:1
cottonblue,2518,1,tags:1
couch,2519,1,tags:1
cougarhasheart,2520,1,tags:1
council,2521,1,tags:1
country,2522,4,tags:4
country fire service,2523,1,tags:1
countryside,2524,1,tags:1
county,2525,12,tags:12
countyclare,2526,1,tags:1
couple,2527,1,tags:1
courgette,2528,38,tags:38
courgette flowers,2529,1,tags:1
courgette garden,2530,1,tags:1
courgette plants,2531,1,tags:1
courgettes,2532,10,tags:10
courier country,2533,1,tags:1
course,2534,3,tags:3
couscous,2535,2,tags:2
cousin,2536,1,tags:1
coutinho,2537,1,tags:1
coutry-rock,2538,1,tags:1
coveman,2539,1,tags:1
covent garden,2540,1,tags:1
covered jar,2541,1,tags:1
covilhã,2542,1,tags:1
cow ant,2543,1,tags:1
cowants,2544,1,tags:1
cowboy,2545,1,tags:1
cox arboretum,2546,2,tags:2
coyle,2547,3,tags:3
cozy,2548,1,tags:1
cpc,2549,1,tags:1
cpjsm,2550,8,tags:8
cpx700,2551,1,tags:1
crab,2552,4,tags:4
crab hot pot,2553,1,tags:1
crabmeat,2554,1,tags:1
crack,2555,2,tags:2
craft,2556,5,tags:5
craft.,2557,1,tags:1
crafter,2558,2,tags:2
crafting 365,2559,1,tags:1
crafts,2560,1,tags:1
craigjewellphotography,2561,15,tags:15
cranberries,2562,1,tags:1
cranberry red,2563,2,tags:2
crane,2564,1,tags:1
crape myrtle,2565,1,tags:1
crataegus,2566,1,tags:1
crataegus coccinea,2567,1,tags:1
crate,2568,3,tags:3
crates,2569,1,tags:1
crawl,2570,1,tags:1
crawly,2571,1,tags:1
crayfish,2572,1,tags:1
crazy,2573,2,tags:2
crazy ants on the big tree,2574,1,tags:1
cream bottle,2575,1,tags:1
cream cheese,2576,1,tags:1
creamer,2577,1,tags:1
creation,2578,1,tags:1
creative,2579,4,tags:4
creative commons,2580,6,tags:6
creative_commons,2581,1,tags:1
creativecommons,2582,1,tags:1
creativephotographers,2583,1,tags:1
creativity,2584,1,tags:1
creature,2585,3,tags:3
creatures,2586,5,tags:5
creekside park,2587,1,tags:1
creeping things,2588,1,tags:1
creepy,2589,3,tags:3
creepy crawlies,2590,3,tags:3
creepy crawly,2591,1,tags:1
creepy-crawly,2592,1,tags:1
creepycrawlies,2593,2,tags:2
crepe myrtle,2594,1,tags:1
crescent,2595,1,tags:1
crest,2596,1,tags:1
creuroja,2597,1,tags:1
cri,2598,2,tags:2
criancas,2599,2,tags:2
cribsflickrstyle,2600,1,tags:1
crimson fire,2601,1,tags:1
cripsy duck,2602,1,tags:1
crisp,2603,2,tags:2
crisps,2604,1,tags:1
crispy,2605,1,tags:1
critter,2606,2,tags:2
critters,2607,2,tags:2
croatia,2608,2,tags:2
croce rossa italiana,2609,2,tags:2
crochet,2610,2,tags:2
crockett,2611,1,tags:1
crocus,2612,3,tags:3
crop,2613,5,tags:5
cropped,2614,1,tags:1
crops,2615,7,tags:7
crosley,2616,3,tags:3
crosley fire truck,2617,3,tags:3
crosshatch,2618,1,tags:1
crossing,2619,1,tags:1
crossprocessed,2620,1,tags:1
croutons,2621,1,tags:1
crowbar,2622,1,tags:1
crowd,2623,2,tags:2
crowdster plus,2624,2,tags:2
crown,2625,5,tags:5
crown vic,2626,2,tags:2
cru,2627,1,tags:1
cruda,2628,1,tags:1
cruft.,2629,1,tags:1
cruise,2630,1,tags:1
crumpled,2631,1,tags:1
crunchy,2632,1,tags:1
crusader 900,2633,1,tags:1
cruz,2634,1,tags:1
cruzroja,2635,2,tags:2
crystal,2636,3,tags:3
crystalaward,2637,1,tags:1
cs2005,2638,1,tags:1
cs3,2639,1,tags:1
csa,2640,28,tags:28
csv,2641,1,tags:1
ct,2642,3,tags:3
ctflickrmeetupmay08,2643,1,tags:1
ctflickrmeetupphotoscavengerhunt,2644,1,tags:1
cu,2645,1,tags:1
cuarteto,2646,2,tags:2
cuarteto de cuerda,2647,1,tags:1
cuba,2648,2,tags:2
cuban,2649,1,tags:1
cubanelle,2650,1,tags:1
cubicle,2651,1,tags:1
cubism,2652,1,tags:1
cuccumber,2653,1,tags:1
cuckoo bee,2654,4,tags:4
cucmber,2655,4,tags:4
cucumber,2656,344,tags:344
cucumber soft studio,2657,1,tags:1
cucumbers,2658,156,tags:156
cucumi,2659,1,tags:1
cucumis,2660,1,tags:1
cucumis sativus,2661,2,tags:2
cucumis sativus 'lemon',2662,1,tags:1
cucurbita,2663,2,tags:2
cucurbita pepo,2664,2,tags:2
cucurbitaceae,2665,3,tags:3
cucurbitacée,2666,1,tags:1
cuerda,2667,1,tags:1
cuisine,2668,5,tags:5
cuisine:,2669,1,tags:1
cuke,2670,6,tags:6
cukes,2671,3,tags:3
culiblog.org,2672,1,tags:1
culinary,2673,1,tags:1
culinary class,2674,1,tags:1
culinary fool,2675,3,tags:3
cultural,2676,1,tags:1
culture,2677,1,tags:1
culver city,2678,1,tags:1
cumabas,2679,1,tags:1
cumbres & toltec,2680,1,tags:1
cumbria,2681,1,tags:1
cumbria music,2682,1,tags:1
cumcumber,2683,1,tags:1
cup,2684,2,tags:2
cupboard,2685,1,tags:1
cupcake,2686,1,tags:1
cure farm,2687,1,tags:1
curenavaca,2688,1,tags:1
curls,2689,1,tags:1
current,2690,1,tags:1
currie,2691,2,tags:2
curry,2692,2,tags:2
curtain,2693,1,tags:1
curves,2694,2,tags:2
custom,2695,8,tags:8
custom cake,2696,1,tags:1
custom guitars,2697,1,tags:1
custom.,2698,1,tags:1
customline,2699,1,tags:1
cut,2700,5,tags:5
cutaway,2701,1,tags:1
cute,2702,4,tags:4
cuter,2703,1,tags:1
cutler park,2704,1,tags:1
cutlery skills,2705,1,tags:1
cutter,2706,2,tags:2
cutting,2707,5,tags:5
cutting board,2708,1,tags:1
cutting board composition,2709,1,tags:1
cwd61,2710,1,tags:1
cy,2711,1,tags:1
cybershot,2712,1,tags:1
cyclades,2713,1,tags:1
cycladic,2714,1,tags:1
cymru,2715,1,tags:1
cyngerdd,2716,1,tags:1
cypriot,2717,1,tags:1
cyprus,2718,1,tags:1
cyron,2719,1,tags:1
cywinner,2720,1,tags:1
czech,2721,3,tags:3
czech republic,2722,1,tags:1
cêra,2723,1,tags:1
córdoba,2724,1,tags:1
d,2725,1,tags:1
d'elegance,2726,1,tags:1
d-15,2727,2,tags:2
d-35,2728,1,tags:1
d-4,2729,1,tags:1
d.i.y.,2730,1,tags:1
d100,2731,2,tags:2
d1x,2732,1,tags:1
d200,2733,5,tags:5
d2x,2734,1,tags:1
d30,2735,2,tags:2
d300,2736,10,tags:10
d35,2737,1,tags:1
d350,2738,1,tags:1
d40,2739,16,tags:16
d40x,2740,6,tags:6
d50,2741,17,tags:17
d5000,2742,1,tags:1
d60,2743,2,tags:2
d600,2744,1,tags:1
d70,2745,11,tags:11
d700,2746,2,tags:2
d70s,2747,3,tags:3
d80,2748,12,tags:12
d8o,2749,1,tags:1
d90,2750,1,tags:1
da,2751,1,tags:1
dad,2752,4,tags:4
daddy,2753,1,tags:1
daf,2754,3,tags:3
daffodil,2755,1,tags:1
daffodils,2756,3,tags:3
daffs,2757,1,tags:1
dagwanoenyent,2758,1,tags:1
dahlia,2759,3,tags:3
dahlia flowers,2760,1,tags:1
dahlias,2761,1,tags:1
daily,2762,2,tags:2
daily beauty project,2763,1,tags:1
daily challenge,2764,2,tags:2
daily photo,2765,1,tags:1
dailyfeed,2766,1,tags:1
daimler chrysler,2767,1,tags:1
daimler-chrysler,2768,1,tags:1
daisies,2769,5,tags:5
daisy,2770,18,tags:18
daisy fleabane,2771,1,tags:1
daizawa,2772,1,tags:1
dakabin school band,2773,1,tags:1
dalaka,2774,1,tags:1
dalantech,2775,25,tags:25
dallas photographer,2776,1,tags:1
dallas photoworks,2777,1,tags:1
dallasphotoworks.com,2778,1,tags:1
dallyinthealley,2779,1,tags:1
dalmatia,2780,1,tags:1
dalmatian,2781,1,tags:1
daly city,2782,1,tags:1
dalyan,2783,1,tags:1
damage,2784,1,tags:1
dan stevens,2785,1,tags:1
dana,2786,1,tags:1
dandelion,2787,3,tags:3
dandelions,2788,1,tags:1
dandilion,2789,1,tags:1
danforth,2790,1,tags:1
danger,2791,1,tags:1
daniel ® larrinaga,2792,1,tags:1
danish broadcasting corp,2793,1,tags:1
danmarks radio,2794,1,tags:1
danna,2795,1,tags:1
danny,2796,1,tags:1
danshui,2797,1,tags:1
daragh,2798,1,tags:1
daraghowens,2799,1,tags:1
darien,2800,1,tags:1
dark,2801,7,tags:7
dark green,2802,1,tags:1
dark knight,2803,1,tags:1
dark wings,2804,6,tags:6
darkhairedgirl,2805,1,tags:1
darley,2806,1,tags:1
darrell,2807,1,tags:1
darth vader,2808,1,tags:1
darthfiddler,2809,1,tags:1
darwin,2810,1,tags:1
darwish,2811,1,tags:1
dasypoda hirtipes,2812,1,tags:1
dasyscolia ciliata,2813,1,tags:1
datsun,2814,1,tags:1
daughter,2815,3,tags:3
daughters,2816,1,tags:1
dave,2817,3,tags:3
davegray,2818,1,tags:1
daveward-smaragd,2819,1,tags:1
david,2820,3,tags:3
david chang,2821,1,tags:1
david kozlowski,2822,1,tags:1
davidgonzales,2823,1,tags:1
davidjschloss,2824,1,tags:1
davis petterson,2825,2,tags:2
dawn,2826,1,tags:1
dawson county,2827,1,tags:1
day,2828,15,tags:15
day 14,2829,1,tags:1
day 2,2830,2,tags:2
day 6,2831,1,tags:1
day in the life,2832,1,tags:1
day487,2833,1,tags:1
days,2834,1,tags:1
daytime,2835,3,tags:3
dayton,2836,1,tags:1
"dayton, oh",2837,2,tags:2
daytripper,2838,1,tags:1
day”,2839,1,tags:1
dc,2840,5,tags:5
dc firefighter truck,2841,1,tags:1
dcfd,2842,1,tags:1
dcist,2843,2,tags:2
dcr,2844,1,tags:1
dcr 250,2845,1,tags:1
dcr250,2846,1,tags:1
ddk4runner,2847,1,tags:1
de andrè,2848,1,tags:1
deacon,2849,1,tags:1
dead,2850,11,tags:11
dead animal,2851,1,tags:1
dead sea,2852,2,tags:2
dean cutaway acoustic bass,2853,1,tags:1
deanara,2854,1,tags:1
death,2855,3,tags:3
debra_solomon,2856,1,tags:1
decatur,2857,5,tags:5
decay,2858,3,tags:3
december,2859,8,tags:8
december 2007,2860,1,tags:1
"december 5, 2008",2861,2,tags:2
december.2007,2862,1,tags:1
decent,2863,1,tags:1
deco,2864,1,tags:1
decor,2865,1,tags:1
decorado,2866,2,tags:2
decorated,2867,2,tags:2
decorating,2868,1,tags:1
decoration,2869,4,tags:4
decorative art,2870,1,tags:1
decordulch2,2871,1,tags:1
defender,2872,1,tags:1
defender's nature macro and close up group,2873,1,tags:1
deformed carrot,2874,1,tags:1
dehydrator,2875,1,tags:1
dekonstruktor,2876,1,tags:1
dekoreret,2877,1,tags:1
del,2878,1,tags:1
del rio,2879,1,tags:1
del sol,2880,1,tags:1
del sol quartet,2881,1,tags:1
del sol string quartet,2882,1,tags:1
delaware county,2883,2,tags:2
delaware produce,2884,1,tags:1
delecioss,2885,1,tags:1
delete,2886,2,tags:2
delete10,2887,1,tags:1
delete2,2888,1,tags:1
delete3,2889,2,tags:2
delete4,2890,2,tags:2
delete5,2891,2,tags:2
delete6,2892,1,tags:1
delete6fordsg,2893,1,tags:1
delete7,2894,2,tags:2
delete8,2895,2,tags:2
delete9,2896,1,tags:1
deletedbydeletemeuncensored,2897,1,tags:1
deleteme,2898,2,tags:2
deleteme10,2899,2,tags:2
deleteme2,2900,2,tags:2
deleteme3,2901,2,tags:2
deleteme4,2902,1,tags:1
deleteme5,2903,2,tags:2
deleteme6,2904,2,tags:2
deleteme7,2905,2,tags:2
deleteme8,2906,2,tags:2
deleteme9,2907,2,tags:2
delfin,2908,1,tags:1
delfis,2909,1,tags:1
delhi,2910,1,tags:1
delhi music society,2911,1,tags:1
delhi school of music,2912,1,tags:1
delicacies,2913,1,tags:1
delicate,2914,2,tags:2
delicious,2915,18,tags:18
delight,2916,1,tags:1
delivery,2917,1,tags:1
dellis,2918,1,tags:1
delray beach,2919,1,tags:1
delta,2920,4,tags:4
delviscio,2921,1,tags:1
den haag,2922,1,tags:1
denim,2923,1,tags:1
denmark,2924,1,tags:1
dennis,2925,1,tags:1
deno,2926,1,tags:1
denver airport food,2927,1,tags:1
department,2928,21,tags:21
depression,2929,1,tags:1
dept.,2930,1,tags:1
depth,2931,1,tags:1
depth of field,2932,2,tags:2
depth of focus,2933,1,tags:1
depthoffield,2934,1,tags:1
derbyshire,2935,1,tags:1
derek,2936,2,tags:2
derekmiller,2937,1,tags:1
derelict,2938,1,tags:1
derrickb,2939,1,tags:1
derry,2940,1,tags:1
des,2941,1,tags:1
des moines,2942,1,tags:1
des moines farmer's market,2943,1,tags:1
des moines marina,2944,1,tags:1
desaru,2945,1,tags:1
desert,2946,5,tags:5
desert weevil,2947,1,tags:1
desi,2948,1,tags:1
design,2949,14,tags:14
design exchange,2950,2,tags:2
design.,2951,1,tags:1
designer in malaysia,2952,2,tags:2
desk,2953,1,tags:1
desktop,2954,2,tags:2
dessert,2955,1,tags:1
detail,2956,4,tags:4
detling,2957,1,tags:1
detroit,2958,3,tags:3
deutsche,2959,1,tags:1
deutscheland,2960,1,tags:1
deutschland,2961,7,tags:7
devi e,2962,1,tags:1
devil,2963,1,tags:1
devon bray,2964,1,tags:1
devon england uk countryside outdoors nature,2965,1,tags:1
dew,2966,2,tags:2
dewdrop,2967,1,tags:1
df,2968,1,tags:1
dfc,2969,1,tags:1
dfoupload,2970,1,tags:1
dg,2971,1,tags:1
dg 200sce,2972,1,tags:1
dg28cevs,2973,1,tags:1
dgray,2974,1,tags:1
dgray_xplane,2975,1,tags:1
dhaka,2976,1,tags:1
dharamshalla,2977,1,tags:1
dhills,2978,1,tags:1
dhivehi,2979,1,tags:1
di cioccio,2980,1,tags:1
diadasia,2981,2,tags:2
diamondclassphotographer,2982,25,tags:25
diana fayt,2983,2,tags:2
dianesdigitals,2984,3,tags:3
dicondylia,2985,1,tags:1
did you know that it is illegal to steal pictures?,2986,1,tags:1
didsbury,2987,1,tags:1
didsbury show & shine,2988,1,tags:1
dieburg,2989,1,tags:1
dieburginblau,2990,1,tags:1
diego,2991,1,tags:1
diego rondon,2992,1,tags:1
diego rondon ichikawa,2993,1,tags:1
diet,2994,3,tags:3
diet lunch,2995,2,tags:2
difermo,2996,1,tags:1
diffuse,2997,2,tags:2
diffuse-2007,2998,1,tags:1
diffuse-2008,2999,1,tags:1
digidesign,3000,1,tags:1
digital,3001,10,tags:10
digital imaging,3002,1,tags:1
digital macro,3003,1,tags:1
digital rebel,3004,1,tags:1
digital rebel xt,3005,1,tags:1
digitalimage,3006,1,tags:1
dill,3007,3,tags:3
dillon,3008,1,tags:1
dilo,3009,1,tags:1
dilojun05,3010,1,tags:1
dilosept06,3011,1,tags:1
dimage,3012,1,tags:1
dimage z20,3013,1,tags:1
dimocarpus,3014,1,tags:1
dine,3015,2,tags:2
dining,3016,2,tags:2
dinner,3017,59,tags:59
dioptera,3018,2,tags:2
dip,3019,2,tags:2
dips,3020,1,tags:1
diptera,3021,1,tags:1
dirt,3022,3,tags:3
dirty,3023,3,tags:3
diseae,3024,1,tags:1
dish,3025,2,tags:2
dishes,3026,1,tags:1
dishonesty,3027,1,tags:1
disk,3028,1,tags:1
disney,3029,1,tags:1
disney concert hall,3030,1,tags:1
dispatchers,3031,1,tags:1
display,3032,8,tags:8
disruption,3033,3,tags:3
distance,3034,1,tags:1
distinctive,3035,1,tags:1
distortion,3036,1,tags:1
diversity,3037,1,tags:1
diversión,3038,1,tags:1
division,3039,2,tags:2
division 8,3040,1,tags:1
diy,3041,7,tags:7
diy diffuser,3042,1,tags:1
djembe,3043,2,tags:2
djivas,3044,1,tags:1
dl,3045,1,tags:1
dm,3046,1,tags:1
dmai,3047,1,tags:1
dmc-lz3,3048,1,tags:1
dn,3049,2,tags:2
dobin,3050,1,tags:1
dobinmushi,3051,1,tags:1
dobro,3052,1,tags:1
doce,3053,1,tags:1
doctorfergy,3054,2,tags:2
documentary,3055,1,tags:1
dodge,3056,7,tags:7
dodier,3057,1,tags:1
dof,3058,28,tags:28
dog,3059,3,tags:3
dog puppy,3060,1,tags:1
doge,3061,1,tags:1
dogs,3062,2,tags:2
doka,3063,1,tags:1
doll house,3064,2,tags:2
domestic,3065,2,tags:2
don henley,3066,1,tags:1
don ross,3067,1,tags:1
don't make me use this,3068,1,tags:1
donation,3069,2,tags:2
donauinselfest,3070,1,tags:1
doncaster,3071,2,tags:2
doncaster aeroventure,3072,1,tags:1
done,3073,1,tags:1
dongcheng,3074,1,tags:1
donghae,3075,1,tags:1
donkey,3076,1,tags:1
donna kerley,3077,1,tags:1
doo dah parade,3078,1,tags:1
dopplr:explore=0881,3079,1,tags:1
dordrecht,3080,1,tags:1
dordtinstoom,3081,1,tags:1
dorm,3082,2,tags:2
dornoch,3083,1,tags:1
dornsife,3084,1,tags:1
dorset,3085,1,tags:1
doubedot,3086,1,tags:1
double hotpot,3087,1,tags:1
double line,3088,1,tags:1
doubleneck,3089,1,tags:1
doudou,3090,1,tags:1
doug robinson,3091,1,tags:1
douglas bauman,3092,1,tags:1
down on the farm,3093,1,tags:1
downers,3094,5,tags:5
downers grove,3095,1,tags:1
downersgrove,3096,4,tags:4
downtown,3097,12,tags:12
downtown houston,3098,1,tags:1
downtown jersey city,3099,1,tags:1
downtown lawrence farmers' market,3100,1,tags:1
dpd,3101,1,tags:1
dprk,3102,2,tags:2
dr,3103,1,tags:1
dr. keats,3104,3,tags:3
dr. pickle,3105,1,tags:1
dr200ce,3106,2,tags:2
drag racing,3107,1,tags:1
dragan,3108,1,tags:1
dragon fruit,3109,1,tags:1
dragondaggerphot,3110,1,tags:1
dragonflies draw flame,3111,1,tags:1
dragonfly,3112,4,tags:4
drainhook,3113,1,tags:1
dreadnaught,3114,1,tags:1
dreadnought,3115,1,tags:1
dreamy,3116,1,tags:1
dress,3117,3,tags:3
dressing,3118,1,tags:1
dried,3119,1,tags:1
dried hotpot,3120,1,tags:1
drink,3121,1,tags:1
drinking,3122,3,tags:3
drive,3123,2,tags:2
drive by,3124,1,tags:1
driveby,3125,1,tags:1
drone,3126,1,tags:1
drop,3127,4,tags:4
droplet,3128,2,tags:2
droplets,3129,2,tags:2
drops,3130,3,tags:3
drum,3131,1,tags:1
drummer,3132,1,tags:1
drums,3133,7,tags:7
dry,3134,1,tags:1
ds,3135,1,tags:1
dsc,3136,3,tags:3
dsc-h5,3137,1,tags:1
dsc-n2,3138,1,tags:1
dsc-w5,3139,1,tags:1
dsc_3465,3140,1,tags:1
dscf0760,3141,1,tags:1
dsch5,3142,1,tags:1
dslr,3143,9,tags:9
dssq,3144,1,tags:1
dubai,3145,1,tags:1
dublin,3146,3,tags:3
ducato,3147,2,tags:2
duel,3148,1,tags:1
duetos,3149,1,tags:1
dukan,3150,1,tags:1
duke,3151,1,tags:1
dump truck,3152,1,tags:1
dumplings,3153,2,tags:2
dunhuang,3154,1,tags:1
dunlop,3155,1,tags:1
dunoon,3156,1,tags:1
dupage,3157,5,tags:5
dust,3158,2,tags:2
dusty,3159,3,tags:3
duxford,3160,1,tags:1
dwayne hills,3161,1,tags:1
dx,3162,1,tags:1
dx6340,3163,1,tags:1
dx6490,3164,1,tags:1
dying,3165,1,tags:1
dylan helen new zealand,3166,1,tags:1
dynamic,3167,1,tags:1
d®l,3168,1,tags:1
e,3169,1,tags:1
e-1,3170,1,tags:1
e-500,3171,4,tags:4
e-7,3172,1,tags:1
e-one,3173,1,tags:1
e-series,3174,4,tags:4
e-system,3175,2,tags:2
e-zec,3176,1,tags:1
e.c.a. photo,3177,1,tags:1
e023,3178,1,tags:1
e154,3179,1,tags:1
e3,3180,2,tags:2
e350,3181,4,tags:4
e410,3182,1,tags:1
e500,3183,3,tags:3
e510,3184,3,tags:3
e520,3185,1,tags:1
e550,3186,2,tags:2
eagles,3187,1,tags:1
ealing,3188,1,tags:1
ean,3189,1,tags:1
early girl,3190,1,tags:1
early music,3191,1,tags:1
earring,3192,1,tags:1
earrings,3193,1,tags:1
earth,3194,4,tags:4
earthbox,3195,2,tags:2
earthbox garden,3196,2,tags:2
earthenware,3197,1,tags:1
earthquake,3198,3,tags:3
east,3199,2,tags:2
east midlands,3200,1,tags:1
east of england ambulance service,3201,1,tags:1
east tilbury,3202,1,tags:1
east windsor,3203,1,tags:1
east yorkshire,3204,1,tags:1
east_london,3205,2,tags:2
eastbourne,3206,3,tags:3
easter,3207,4,tags:4
eastern europe,3208,1,tags:1
eastern market,3209,3,tags:3
eastern reef,3210,1,tags:1
easternmontana,3211,1,tags:1
easternnorthamericanature,3212,2,tags:2
eastman,3213,1,tags:1
eastvan,3214,1,tags:1
easy,3215,1,tags:1
easy house,3216,1,tags:1
easyshare,3217,1,tags:1
eat,3218,19,tags:19
eat local,3219,3,tags:3
eat. travel. eat!,3220,2,tags:2
eaten,3221,1,tags:1
eating,3222,5,tags:5
eating local ',3223,1,tags:1
eating out,3224,1,tags:1
eatlikearabbit.net,3225,2,tags:2
eatlocal,3226,1,tags:1
ebay,3227,1,tags:1
ebayit!,3228,1,tags:1
ebgdae,3229,1,tags:1
ebisu,3230,1,tags:1
ecdysozoa,3231,1,tags:1
ecdysozoans,3232,1,tags:1
echinacea,3233,2,tags:2
echinacea purpurea,3234,1,tags:1
echo,3235,1,tags:1
eclectic vision,3236,1,tags:1
ecnalubma,3237,1,tags:1
ecology,3238,1,tags:1
econoline,3239,10,tags:10
econoline 350,3240,1,tags:1
economic,3241,2,tags:2
ecuador,3242,6,tags:6
ecvfd,3243,2,tags:2
edamame,3244,1,tags:1
eddi reader,3245,1,tags:1
eddie,3246,1,tags:1
eddie lawrance,3247,1,tags:1
eddie spaghetti,3248,1,tags:1
edge,3249,1,tags:1
edible,3250,7,tags:7
edible garden,3251,1,tags:1
edible gardening,3252,2,tags:2
edinburgh,3253,4,tags:4
edited,3254,1,tags:1
editing,3255,1,tags:1
edition,3256,1,tags:1
edmonds,3257,1,tags:1
edmonton,3258,2,tags:2
eel,3259,1,tags:1
eerie,3260,1,tags:1
eerste,3261,1,tags:1
eetree,3262,1,tags:1
ef,3263,1,tags:1
ef 200mm/2.8 l,3264,1,tags:1
ef 50mm f/1.8,3265,1,tags:1
ef 70-200mm f2.8l is,3266,1,tags:1
ef-s 18-55mm f/3.5-5.6 is,3267,1,tags:1
ef500,3268,2,tags:2
ef85mmf18usm,3269,1,tags:1
effinger fire truck,3270,1,tags:1
effinger virginia,3271,1,tags:1
efs 60mm,3272,1,tags:1
eg540c,3273,1,tags:1
egg,3274,12,tags:12
eggplant,3275,27,tags:27
eggplant salad,3276,1,tags:1
eggplants,3277,2,tags:2
eggs,3278,7,tags:7
egypt,3279,1,tags:1
egyptian,3280,1,tags:1
eight is enough,3281,1,tags:1
eight jewels tofu hot pot,3282,1,tags:1
eighth-size violin,3283,1,tags:1
eileansiar,3284,1,tags:1
eindhoven,3285,1,tags:1
einsatzleitfahrzeug,3286,1,tags:1
einstein,3287,1,tags:1
eis,3288,1,tags:1
eiszapfen,3289,1,tags:1
ejc,3290,1,tags:1
ejo978e,3291,1,tags:1
el,3292,1,tags:1
el blog de puntocoma,3293,1,tags:1
el pepino,3294,1,tags:1
el salvador,3295,1,tags:1
elaine,3296,1,tags:1
elawgrrl,3297,1,tags:1
elc,3298,1,tags:1
elder,3299,1,tags:1
elderly,3300,1,tags:1
electric,3301,28,tags:28
electric guitar,3302,9,tags:9
electric upright bass,3303,1,tags:1
electric violin,3304,1,tags:1
electric/acoustic,3305,1,tags:1
electrica,3306,1,tags:1
electricguitar,3307,1,tags:1
electro,3308,1,tags:1
electronic,3309,1,tags:1
elektra mosley,3310,1,tags:1
element,3311,2,tags:2
elemosina,3312,1,tags:1
eligans,3313,1,tags:1
elixir,3314,2,tags:2
eliza,3315,1,tags:1
elizabeth,3316,1,tags:1
elizabeth lopez,3317,2,tags:2
elizabeth_ je.,3318,1,tags:1
elk,3319,3,tags:3
elk grove village,3320,1,tags:1
ellada,3321,1,tags:1
ellis,3322,1,tags:1
elm,3323,1,tags:1
elmada,3324,1,tags:1
elmira,3325,4,tags:4
elmo,3326,2,tags:2
elody,3327,1,tags:1
elvis,3328,1,tags:1
elw,3329,1,tags:1
elzey,3330,1,tags:1
emergancy,3331,1,tags:1
emergencia,3332,6,tags:6
emergencia médica,3333,1,tags:1
emergencias,3334,5,tags:5
emergencias médicas,3335,6,tags:6
emergencies,3336,5,tags:5
emergency,3337,65,tags:65
emergency ambulance t'other,3338,1,tags:1
emergency brigade,3339,1,tags:1
emergency equipment,3340,2,tags:2
emergency medical service,3341,2,tags:2
emergency medical services,3342,1,tags:1
emergency service,3343,2,tags:2
emergency services,3344,2,tags:2
emergency vehicle,3345,5,tags:5
emergency vehicles,3346,1,tags:1
emergency vehicles ambulance helicopter medical evacuation medic paramedics hospital battery green  coastguard house,3347,1,tags:1
emergenza,3348,3,tags:3
emi,3349,1,tags:1
emily white,3350,1,tags:1
emma,3351,1,tags:1
emmanuel,3352,1,tags:1
emo,3353,1,tags:1
empire,3354,1,tags:1
empty,3355,1,tags:1
empyrean flowers,3356,1,tags:1
empyreanflowers,3357,1,tags:1
ems,3358,39,tags:39
emssimp,3359,1,tags:1
emt,3360,31,tags:31
encore,3361,2,tags:2
endangered animals,3362,1,tags:1
endes,3363,1,tags:1
endive,3364,1,tags:1
endopterygota,3365,1,tags:1
enfield,3366,1,tags:1
engine,3367,31,tags:31
engine 154,3368,1,tags:1
engine 23,3369,1,tags:1
engine 7,3370,1,tags:1
engine 7 fdny,3371,1,tags:1
engine co. hazmat,3372,1,tags:1
engines,3373,2,tags:2
england,3374,26,tags:26
english,3375,4,tags:4
english heritage,3376,1,tags:1
engrave,3377,1,tags:1
engraving,3378,1,tags:1
ennis,3379,1,tags:1
enoki,3380,1,tags:1
ensemble,3381,1,tags:1
entebbe,3382,1,tags:1
entertainment,3383,1,tags:1
entitled,3384,1,tags:1
entomology,3385,2,tags:2
entrée,3386,1,tags:1
enviroment,3387,1,tags:1
eo brody,3388,1,tags:1
eobrain,3389,1,tags:1
eos,3390,18,tags:18
eos 350d,3391,1,tags:1
eos d30,3392,1,tags:1
eos digital rebel xti,3393,1,tags:1
eos kiss digital n,3394,1,tags:1
eos30d,3395,1,tags:1
eos350d,3396,2,tags:2
eos400d,3397,1,tags:1
eos40d,3398,1,tags:1
epcot,3399,1,tags:1
epeolini,3400,2,tags:2
epic,3401,1,tags:1
epileptic,3402,1,tags:1
epiphone,3403,15,tags:15
epistrophe,3404,1,tags:1
epistrophe eligans,3405,1,tags:1
equipment,3406,1,tags:1
er,3407,1,tags:1
er22ce,3408,1,tags:1
ercavi,3409,1,tags:1
erdington,3410,1,tags:1
erehwon farm,3411,1,tags:1
eric,3412,1,tags:1
eric begin,3413,2,tags:2
erica antonangeli,3414,1,tags:1
ericiv,3415,1,tags:1
erigeron strigosus,3416,1,tags:1
erin,3417,1,tags:1
eristalis tenax,3418,1,tags:1
erosion,3419,1,tags:1
esashi,3420,1,tags:1
esch-sur-alzette,3421,1,tags:1
escondido,3422,6,tags:6
escue,3423,1,tags:1
eseries,3424,5,tags:5
esgr,3425,1,tags:1
eslöv,3426,1,tags:1
españa,3427,2,tags:2
esplanade,3428,1,tags:1
essen,3429,3,tags:3
essex,3430,1,tags:1
estadosunidos,3431,1,tags:1
estate,3432,3,tags:3
estação,3433,1,tags:1
esteban,3434,2,tags:2
estradasphere,3435,1,tags:1
etatsunis,3436,1,tags:1
etc,3437,1,tags:1
etein73,3438,1,tags:1
ethan,3439,1,tags:1
ethnic,3440,1,tags:1
ethnic food,3441,1,tags:1
etsy,3442,1,tags:1
eu,3443,1,tags:1
eub,3444,1,tags:1
eucerini,3445,1,tags:1
eugene,3446,2,tags:2
eugene or,3447,1,tags:1
eugene oregon,3448,1,tags:1
eugenio praga,3449,1,tags:1
eukaryota,3450,1,tags:1
eukaryotes,3451,2,tags:2
eumetabola,3452,1,tags:1
eurocopter ec135 t2,3453,1,tags:1
europa,3454,1,tags:1
europe,3455,16,tags:16
european,3456,2,tags:2
european vacation,3457,1,tags:1
evan lawrence bench,3458,1,tags:1
evanagee,3459,1,tags:1
evanston,3460,2,tags:2
eve,3461,1,tags:1
evelyn,3462,1,tags:1
even more surprised i didn't run,3463,1,tags:1
evening,3464,3,tags:3
evening meal,3465,1,tags:1
event,3466,1,tags:1
events,3467,1,tags:1
ever,3468,1,tags:1
every sunday,3469,1,tags:1
everyday,3470,2,tags:2
everything is alive,3471,1,tags:1
evil,3472,1,tags:1
evolt,3473,1,tags:1
evolt e-3,3474,1,tags:1
ewer,3475,1,tags:1
ewu,3476,1,tags:1
excapture,3477,2,tags:2
excapturemacro,3478,3,tags:3
excellence,3479,1,tags:1
excellence.,3480,1,tags:1
excellent photographer awards,3481,3,tags:3
excellentphotographerawards,3482,2,tags:2
excellentsflowers,3483,1,tags:1
excess,3484,1,tags:1
excited,3485,1,tags:1
exciting,3486,2,tags:2
exhibit,3487,4,tags:4
exhibition,3488,4,tags:4
exif:aperture=3.2,3489,1,tags:1
exif:aperture=f/4.8,3490,1,tags:1
exif:aperture=f/5.5,3491,1,tags:1
exif:exposure=0.017 sec (1/60),3492,2,tags:2
exif:exposure=1/45,3493,1,tags:1
exif:exposure_bias=0/3 ev,3494,1,tags:1
exif:exposure_bias=0/6 ev,3495,1,tags:1
exif:filename=dsc_.jpg,3496,1,tags:1
"exif:flash=flash fired, auto mode",3497,1,tags:1
"exif:flash=flash fired, auto mode, red-eye reduction",3498,1,tags:1
exif:flash=no flash,3499,1,tags:1
exif:focal_length=23.2 mm,3500,1,tags:1
exif:focal_length=4.5 mm,3501,1,tags:1
exif:focal_length=52 mm,3502,1,tags:1
exif:iso_speed=400,3503,1,tags:1
exif:iso_speed=80,3504,1,tags:1
exif:orientation=horizontal (normal),3505,2,tags:2
exilim,3506,1,tags:1
exited ants,3507,1,tags:1
exoskeletons,3508,1,tags:1
experiencewa,3509,2,tags:2
experiment,3510,1,tags:1
experimental,3511,1,tags:1
exploration,3512,1,tags:1
explore,3513,18,tags:18
explore_20oct06,3514,1,tags:1
explored,3515,6,tags:6
explorer,3516,1,tags:1
exploring,3517,1,tags:1
explosion,3518,2,tags:2
expo 2008,3519,1,tags:1
exposure,3520,2,tags:2
expression,3521,1,tags:1
extension,3522,4,tags:4
exterminate,3523,1,tags:1
extermination,3524,1,tags:1
extra lonh,3525,1,tags:1
extrafloral nectaries,3526,1,tags:1
extreme-macro,3527,1,tags:1
eye,3528,4,tags:4
eye-fi,3529,4,tags:4
eyeofthephotographer,3530,1,tags:1
eyes,3531,4,tags:4
ezcreate,3532,1,tags:1
f,3533,4,tags:4
f-350,3534,1,tags:1
f-hole,3535,1,tags:1
f-holes,3536,1,tags:1
f.18,3537,1,tags:1
f.a.b,3538,1,tags:1
f.a.b.,3539,4,tags:4
f.d.n.y.,3540,6,tags:6
f/1.7,3541,1,tags:1
f/18,3542,8,tags:8
f/2.8,3543,3,tags:3
f/v10,3544,1,tags:1
f1.4,3545,2,tags:2
f11,3546,1,tags:1
f2222,3547,1,tags:1
f350,3548,1,tags:1
f4s,3549,1,tags:1
f5.6,3550,1,tags:1
f717,3551,5,tags:5
fab!,3552,1,tags:1
fabaceae,3553,1,tags:1
fabales,3554,1,tags:1
fabbri,3555,1,tags:1
fabric,3556,1,tags:1
fabric orgami,3557,1,tags:1
fabric wrapping,3558,1,tags:1
fabricaimago,3559,2,tags:2
fabriciana,3560,1,tags:1
fabrik,3561,1,tags:1
face,3562,7,tags:7
facebook,3563,3,tags:3
faces,3564,1,tags:1
factory,3565,3,tags:3
faded,3566,1,tags:1
fagoose,3567,1,tags:1
fahrzeug,3568,1,tags:1
fair,3569,4,tags:4
fairy tale,3570,1,tags:1
faith,3571,1,tags:1
faith saturn,3572,1,tags:1
faithguitar,3573,1,tags:1
faithguitars,3574,1,tags:1
fajitas,3575,1,tags:1
fake lomo,3576,1,tags:1
fakeflowers,3577,1,tags:1
falck,3578,2,tags:2
fall,3579,8,tags:8
fallacy,3580,1,tags:1
fallenfirefighters,3581,1,tags:1
falls church,3582,1,tags:1
fallschurch,3583,1,tags:1
false honey ant,3584,1,tags:1
famersmarket,3585,1,tags:1
familia,3586,1,tags:1
family,3587,15,tags:15
family christmas,3588,1,tags:1
family night,3589,1,tags:1
family reunion,3590,1,tags:1
familygetty,3591,1,tags:1
famous,3592,2,tags:2
fantastic,3593,1,tags:1
fantastic flowers,3594,1,tags:1
fantasticflower,3595,1,tags:1
fantasticinsect,3596,1,tags:1
fap09,3597,1,tags:1
far,3598,1,tags:1
farleigh,3599,1,tags:1
farm,3600,19,tags:19
farm equipment,3601,1,tags:1
farm fresh,3602,3,tags:3
farm fresh vegetables,3603,1,tags:1
farm share,3604,2,tags:2
farmer,3605,3,tags:3
farmer's,3606,6,tags:6
farmer's market,3607,9,tags:9
farmer's market tulsa oklahoma cherry street cherry street farmer's market vegetables market flowers llama saturday morning shop fresh veggies fresh vegetables,3608,1,tags:1
farmers,3609,6,tags:6
farmers market,3610,12,tags:12
farmers',3611,4,tags:4
farmers' market,3612,7,tags:7
farmers' market lawrence farmers' market downtown local vegetable kansas,3613,1,tags:1
farmers-market,3614,1,tags:1
farmers_market,3615,1,tags:1
farmersmarket,3616,9,tags:9
farming,3617,2,tags:2
farms,3618,1,tags:1
farmstand,3619,1,tags:1
farsi,3620,1,tags:1
fast,3621,3,tags:3
fate,3622,1,tags:1
father,3623,1,tags:1
fauchon,3624,1,tags:1
fauna,3625,18,tags:18
faune,3626,1,tags:1
fausto casini,3627,1,tags:1
faux lomo,3628,1,tags:1
fav,3629,1,tags:1
fava beans,3630,1,tags:1
favabean,3631,1,tags:1
fave,3632,1,tags:1
faved,3633,1,tags:1
faved01,3634,1,tags:1
faved02,3635,1,tags:1
faveme,3636,1,tags:1
favme,3637,1,tags:1
favoritas,3638,1,tags:1
favorite,3639,2,tags:2
favorite color blue,3640,1,tags:1
favourite,3641,3,tags:3
favourites,3642,2,tags:2
fb,3643,1,tags:1
fd,3644,4,tags:4
fd50 f/1.8,3645,1,tags:1
fdny,3646,12,tags:12
fds,3647,1,tags:1
fe190,3648,1,tags:1
fe230/x790,3649,1,tags:1
fe240,3650,2,tags:2
fear,3651,2,tags:2
feast,3652,2,tags:2
feather,3653,1,tags:1
featheryfriday,3654,1,tags:1
feature,3655,1,tags:1
featured,3656,1,tags:1
feb10,3657,5,tags:5
february,3658,3,tags:3
fed,3659,1,tags:1
federalfire,3660,1,tags:1
feed,3661,1,tags:1
feeding,3662,2,tags:2
feild,3663,1,tags:1
feline,3664,1,tags:1
fellowship,3665,3,tags:3
felton,3666,1,tags:1
feluniel,3667,2,tags:2
female,3668,9,tags:9
female indian photographer,3669,1,tags:1
female photographer,3670,2,tags:2
female photographers,3671,1,tags:1
femme,3672,1,tags:1
femmes,3673,1,tags:1
fence,3674,3,tags:3
fender,3675,26,tags:26
fender acoustic guitar,3676,2,tags:2
fender dg200 sce,3677,1,tags:1
fender the cassettes,3678,1,tags:1
fennel,3679,6,tags:6
fermentation,3680,1,tags:1
fermented,3681,1,tags:1
fernandes,3682,2,tags:2
fernando,3683,1,tags:1
ferry,3684,1,tags:1
festival,3685,17,tags:17
festival della salute,3686,1,tags:1
festival international de jazz de montréal,3687,1,tags:1
festival international de louisiane,3688,5,tags:5
festival of american fiddle tunes,3689,2,tags:2
festivalofhistory,3690,1,tags:1
feta,3691,1,tags:1
feuerwehr,3692,5,tags:5
feuerwehrauto,3693,1,tags:1
feux de circulation,3694,1,tags:1
feverfew,3695,1,tags:1
ffotogallery,3696,1,tags:1
fiat,3697,2,tags:2
fiber,3698,1,tags:1
fibromyalgia,3699,2,tags:2
fiddle,3700,23,tags:23
fiddle tunes,3701,2,tags:2
fiddler,3702,1,tags:1
fiddles,3703,1,tags:1
field,3704,3,tags:3
field of yellow,3705,2,tags:2
fieraz,3706,1,tags:1
fieraz@gmail.com,3707,1,tags:1
fiesta,3708,1,tags:1
fifties,3709,1,tags:1
fight,3710,6,tags:6
fighter,3711,1,tags:1
fighters,3712,2,tags:2
fighting,3713,5,tags:5
figurine,3714,2,tags:2
fijm,3715,1,tags:1
fijm08,3716,1,tags:1
files,3717,1,tags:1
filipino food,3718,1,tags:1
film,3719,8,tags:8
filming,3720,1,tags:1
filming foyle's war,3721,1,tags:1
fin de carrera,3722,3,tags:3
financial district,3723,1,tags:1
findleastinteresting,3724,1,tags:1
fine,3725,1,tags:1
fine art,3726,1,tags:1
fine art photograph,3727,1,tags:1
finepix,3728,5,tags:5
finepix s5600,3729,2,tags:2
finest,3730,2,tags:2
finger,3731,1,tags:1
finger style guitarist,3732,1,tags:1
fingerboard,3733,2,tags:2
fingerprint,3734,1,tags:1
fingers,3735,1,tags:1
finistare,3736,2,tags:2
fink,3737,1,tags:1
fink angel,3738,1,tags:1
fink ployd,3739,1,tags:1
finland,3740,3,tags:3
fiore,3741,1,tags:1
fioridizucchine,3742,1,tags:1
fire,3743,309,tags:309
fire & rescue,3744,1,tags:1
fire alarm,3745,2,tags:2
fire appliance,3746,1,tags:1
fire brigade,3747,3,tags:3
fire departement,3748,1,tags:1
fire department,3749,26,tags:26
fire dept,3750,1,tags:1
fire dept.,3751,1,tags:1
fire engine,3752,20,tags:20
fire engines,3753,2,tags:2
fire equipment,3754,2,tags:2
fire fighter,3755,3,tags:3
fire fighters,3756,2,tags:2
fire fighting truck,3757,1,tags:1
fire hats,3758,1,tags:1
fire hose,3759,4,tags:4
fire hoses,3760,1,tags:1
fire king,3761,1,tags:1
fire men,3762,1,tags:1
fire rescue,3763,1,tags:1
fire service,3764,1,tags:1
fire station,3765,8,tags:8
fire tanks,3766,1,tags:1
fire truck,3767,210,tags:210
fire truck 101,3768,1,tags:1
fire truck.,3769,1,tags:1
fire truck. flames firetruck washington dc fire fighter.,3770,1,tags:1
fire trucks,3771,16,tags:16
fire wok,3772,1,tags:1
fire-engine,3773,2,tags:2
fire-fighter,3774,1,tags:1
fire-fighters,3775,1,tags:1
fire/rescue,3776,1,tags:1
fireants,3777,2,tags:2
fired,3778,3,tags:3
firedepartment,3779,4,tags:4
firedept,3780,4,tags:4
fireengine,3781,10,tags:10
firefighter,3782,14,tags:14
firefighters,3783,14,tags:14
firefighting,3784,1,tags:1
firehose,3785,1,tags:1
firehouse,3786,5,tags:5
fireman,3787,16,tags:16
fireman's hall museum,3788,1,tags:1
firemen,3789,22,tags:22
firemen training,3790,1,tags:1
firenze,3791,3,tags:3
fires,3792,4,tags:4
firestation,3793,1,tags:1
firet,3794,1,tags:1
firetruck,3795,52,tags:52
firetruck  red engine,3796,1,tags:1
firetrucks,3797,1,tags:1
fireworks,3798,1,tags:1
first,3799,3,tags:3
first aid,3800,1,tags:1
first friday,3801,2,tags:2
first united church,3802,1,tags:1
firstaid,3803,2,tags:2
fischer,3804,1,tags:1
fish,3805,11,tags:11
fish balls,3806,1,tags:1
fish creek park,3807,1,tags:1
fish roe,3808,1,tags:1
fish tank,3809,1,tags:1
fisheye,3810,2,tags:2
fiskars,3811,1,tags:1
fizzix,3812,1,tags:1
fl,3813,2,tags:2
flag,3814,2,tags:2
flame,3815,1,tags:1
flamenco,3816,10,tags:10
flames,3817,2,tags:2
flamingos,3818,1,tags:1
flannel flower,3819,1,tags:1
flash,3820,8,tags:8
flashing,3821,1,tags:1
flat,3822,1,tags:1
flat top guitar,3823,3,tags:3
flat top guitars,3824,3,tags:3
flatbush,3825,1,tags:1
flaurafauna,3826,1,tags:1
flauta,3827,2,tags:2
flax pond,3828,1,tags:1
flax pond summer institute 2008,3829,1,tags:1
flea market,3830,2,tags:2
fleabane,3831,1,tags:1
fleamarket style,3832,1,tags:1
fleetdata,3833,1,tags:1
fleur,3834,3,tags:3
fleur de courgette,3835,1,tags:1
fleurs,3836,1,tags:1
flickr,3837,18,tags:18
flickr challenge winner,3838,1,tags:1
flickr estrellas,3839,1,tags:1
flickr explore,3840,1,tags:1
flickr group roulette,3841,1,tags:1
flickr:user=tofu666,3842,1,tags:1
flickrchallengewinner,3843,1,tags:1
flickrcinated,3844,1,tags:1
flickrdiamond,3845,16,tags:16
flickred,3846,1,tags:1
flickrelite,3847,4,tags:4
flickrenvy,3848,1,tags:1
flickrjob diff,3849,1,tags:1
flickrlovers,3850,1,tags:1
flickrmacroaward,3851,1,tags:1
flickrphotogroup,3852,1,tags:1
flickrplatinum,3853,1,tags:1
flickrsbest,3854,8,tags:8
flickrskin=shanghaieats,3855,1,tags:1
flickrsoup for the soul,3856,3,tags:3
flickrstats:favorites=1,3857,1,tags:1
flickrwildlife,3858,1,tags:1
flies,3859,8,tags:8
flight,3860,2,tags:2
flikproductions.com,3861,1,tags:1
flockenblume,3862,1,tags:1
floggers,3863,1,tags:1
floor,3864,4,tags:4
flopper,3865,1,tags:1
flor,3866,3,tags:3
flora,3867,16,tags:16
floral,3868,12,tags:12
floral arrangement,3869,1,tags:1
florence,3870,3,tags:3
floreros y cerámica,3871,1,tags:1
flores,3872,1,tags:1
flores_insectos_y_mariposas,3873,1,tags:1
florets,3874,1,tags:1
florida,3875,9,tags:9
florida native,3876,4,tags:4
flour tortillas,3877,1,tags:1
flower,3878,271,tags:271
flower addicts,3879,1,tags:1
flower factory,3880,4,tags:4
flower lovers (public group forever),3881,1,tags:1
flower photography,3882,1,tags:1
flower pictures (no limits),3883,1,tags:1
flower vase,3884,1,tags:1
flower;,3885,1,tags:1
flowers,3886,212,tags:212
flowers & plants,3887,1,tags:1
flowers all kinds,3888,1,tags:1
flowers and insects,3889,2,tags:2
flowers are beautiful,3890,1,tags:1
flowers t189 project 365,3891,1,tags:1
flowers with a insect,3892,1,tags:1
flowers with insects,3893,1,tags:1
flowers_insects_and_butterflies,3894,1,tags:1
flowersarefabulous,3895,2,tags:2
flumene,3896,2,tags:2
flute,3897,2,tags:2
fly,3898,13,tags:13
flying,3899,10,tags:10
flying ant,3900,2,tags:2
flying ants,3901,3,tags:3
flying insect,3902,1,tags:1
flying insects,3903,2,tags:2
flying_bee,3904,1,tags:1
flyinginsect,3905,1,tags:1
flys,3906,5,tags:5
fm,3907,2,tags:2
foam truck,3908,1,tags:1
foclóir,3909,1,tags:1
focus,3910,4,tags:4
folded,3911,1,tags:1
foliage,3912,7,tags:7
folk,3913,12,tags:12
folk festival,3914,1,tags:1
folk music,3915,3,tags:3
folk-song,3916,1,tags:1
fondant,3917,1,tags:1
fondazione galli,3918,1,tags:1
fondue,3919,2,tags:2
food,3920,393,tags:393
food  china d70s,3921,1,tags:1
food & drink,3922,1,tags:1
food and drinks,3923,1,tags:1
food coloring,3924,1,tags:1
food diary,3925,4,tags:4
food i made,3926,1,tags:1
food journal,3927,1,tags:1
food not lawns,3928,1,tags:1
food photography,3929,2,tags:2
food rome,3930,1,tags:1
food styling,3931,1,tags:1
food to go,3932,1,tags:1
food/local cuisine,3933,1,tags:1
food20nomnomnom,3934,1,tags:1
food;,3935,1,tags:1
fooders,3936,1,tags:1
foodforthought,3937,1,tags:1
foodies,3938,1,tags:1
foodista,3939,1,tags:1
foodpics,3940,1,tags:1
foodporn,3941,1,tags:1
foods,3942,1,tags:1
foodtrails,3943,2,tags:2
fool barrel,3944,1,tags:1
foot,3945,5,tags:5
football,3946,3,tags:3
for,3947,4,tags:4
for a long time,3948,1,tags:1
for our american friends,3949,1,tags:1
for sale,3950,2,tags:2
foraging,3951,1,tags:1
ford,3952,36,tags:36
ford crown victoria,3953,2,tags:2
ford e-450,3954,3,tags:3
ford f5,3955,1,tags:1
ford transit,3956,1,tags:1
fordham,3957,1,tags:1
fordtransit,3958,1,tags:1
forest,3959,5,tags:5
forestry,3960,1,tags:1
forfavorite,3961,1,tags:1
forgotten,3962,1,tags:1
fork,3963,3,tags:3
formic,3964,1,tags:1
formica,3965,7,tags:7
formica incerta,3966,1,tags:1
formica obscuripes,3967,2,tags:2
formica rufa,3968,6,tags:6
formiche,3969,1,tags:1
formicidae,3970,10,tags:10
formicinae,3971,6,tags:6
formicoidea,3972,1,tags:1
formiga,3973,8,tags:8
formiga rainha,3974,1,tags:1
forrage,3975,1,tags:1
forraging,3976,1,tags:1
forrest fires,3977,1,tags:1
forsyth county,3978,1,tags:1
fort,3979,1,tags:1
fort worden,3980,2,tags:2
fort worth photographer,3981,1,tags:1
forze armate,3982,2,tags:2
forze dell'ordine,3983,2,tags:2
foster guitars,3984,3,tags:3
fosterguitars.com,3985,3,tags:3
fota,3986,5,tags:5
fotka,3987,5,tags:5
fotky,3988,5,tags:5
foto,3989,2,tags:2
fotochá,3990,2,tags:2
fotoclube,3991,1,tags:1
fotoclubebh,3992,2,tags:2
fotogezi,3993,1,tags:1
fotografia,3994,5,tags:5
fotografie,3995,5,tags:5
fotografkiraathanesi,3996,1,tags:1
fotografía,3997,1,tags:1
fotophoto,3998,1,tags:1
fotógrafo,3999,1,tags:1
foumi,4000,2,tags:2
foundation,4001,1,tags:1
four,4002,2,tags:2
four by 2,4003,1,tags:1
four fighters,4004,1,tags:1
four firemen,4005,1,tags:1
fourmi,4006,3,tags:3
fourmis,4007,4,tags:4
fourth,4008,2,tags:2
fourthofjuly,4009,1,tags:1
foxboro,4010,2,tags:2
foyle's war,4011,1,tags:1
fozy,4012,1,tags:1
fpcla,4013,2,tags:2
fpsi 2008,4014,1,tags:1
fragrance,4015,1,tags:1
frame,4016,2,tags:2
framingham,4017,1,tags:1
framingham ma,4018,1,tags:1
framus,4019,2,tags:2
france,4020,16,tags:16
francia,4021,1,tags:1
francisco,4022,7,tags:7
frankie,4023,1,tags:1
frankton,4024,1,tags:1
frantisek,4025,1,tags:1
françois,4026,3,tags:3
fraser street,4027,1,tags:1
freddy varela,4028,1,tags:1
fredericksburg,4029,1,tags:1
free,4030,1,tags:1
free association,4031,1,tags:1
free concert,4032,1,tags:1
free jazz,4033,1,tags:1
free nature,4034,1,tags:1
freelander,4035,1,tags:1
freenature,4036,1,tags:1
freenote,4037,1,tags:1
freeway,4038,1,tags:1
freiburg,4039,1,tags:1
freightliner,4040,2,tags:2
freiwillige feuerwehr,4041,1,tags:1
fremont,4042,2,tags:2
french,4043,1,tags:1
french 75,4044,1,tags:1
french fries,4045,1,tags:1
french orange melon,4046,1,tags:1
fresco,4047,1,tags:1
fresh,4048,35,tags:35
fresh fruit,4049,1,tags:1
fresh produce,4050,1,tags:1
fresh start,4051,1,tags:1
fresh vegetables,4052,2,tags:2
freshproduce,4053,1,tags:1
fresno,4054,1,tags:1
fret,4055,6,tags:6
fretboard,4056,5,tags:5
fretless,4057,2,tags:2
frets,4058,8,tags:8
fridayfoodfiesta,4059,1,tags:1
fried,4060,4,tags:4
fried rice,4061,1,tags:1
friend,4062,4,tags:4
friendly,4063,1,tags:1
friends,4064,14,tags:14
friends/shao-hui,4065,1,tags:1
friendship,4066,1,tags:1
friesland,4067,1,tags:1
frig,4068,1,tags:1
frith st.,4069,1,tags:1
fro,4070,1,tags:1
frog,4071,2,tags:2
from,4072,1,tags:1
from below,4073,1,tags:1
from car,4074,1,tags:1
from my yard,4075,1,tags:1
from the garden,4076,2,tags:2
from the vegetable garden,4077,1,tags:1
fromagerie,4078,1,tags:1
fromthegarden,4079,1,tags:1
front yard,4080,1,tags:1
front yard garden,4081,1,tags:1
frosty,4082,2,tags:2
frozen,4083,2,tags:2
fru,4084,1,tags:1
frugal,4085,2,tags:2
fruit,4086,54,tags:54
fruit & veg,4087,1,tags:1
fruit and veg,4088,1,tags:1
fruit art,4089,1,tags:1
fruit bowl,4090,2,tags:2
fruit n veg,4091,3,tags:3
fruits,4092,10,tags:10
fruitshop,4093,1,tags:1
fruta,4094,2,tags:2
frutas,4095,5,tags:5
fryslan,4096,1,tags:1
früchte,4097,2,tags:2
fuchsia,4098,1,tags:1
fuji,4099,7,tags:7
fuji s9500,4100,3,tags:3
fujifilm,4101,8,tags:8
fujifilm finepix a350,4102,1,tags:1
fujifilm finepix s5200,4103,2,tags:2
full,4104,1,tags:1
full circle farm,4105,2,tags:2
full circle sunnyvale,4106,1,tags:1
full setting,4107,1,tags:1
fullcirclefarm,4108,1,tags:1
fun,4109,24,tags:24
funchal,4110,1,tags:1
fundraiser,4111,1,tags:1
funeral,4112,2,tags:2
funny,4113,8,tags:8
fur,4114,2,tags:2
furniture,4115,2,tags:2
furniture music,4116,1,tags:1
furoshiki,4117,1,tags:1
furry,4118,3,tags:3
fused,4119,2,tags:2
fushimi,4120,1,tags:1
fusion,4121,1,tags:1
future,4122,1,tags:1
fuzzy,4123,2,tags:2
fuzzy red ant,4124,1,tags:1
fv1,4125,1,tags:1
fv1c,4126,1,tags:1
fx30,4127,1,tags:1
fz20,4128,3,tags:3
fz50,4129,2,tags:2
fz7,4130,1,tags:1
fz8,4131,5,tags:5
főzy,4132,1,tags:1
g,4133,1,tags:1
g series,4134,1,tags:1
g&l,4135,1,tags:1
g-hwaa,4136,1,tags:1
g2,4137,1,tags:1
g5,4138,1,tags:1
g6,4139,1,tags:1
g7,4140,1,tags:1
g9,4141,3,tags:3
ga,4142,4,tags:4
ga5tce,4143,2,tags:2
gabe bondoc,4144,1,tags:1
gadgets,4145,1,tags:1
gaita,4146,1,tags:1
galaxy hut upstairs,4147,1,tags:1
gales,4148,1,tags:1
gallardia,4149,1,tags:1
gallery,4150,1,tags:1
gallery of fine photography,4151,1,tags:1
gallons,4152,4,tags:4
gamba,4153,2,tags:2
game,4154,1,tags:1
games,4155,1,tags:1
gamolo,4156,2,tags:2
gan guo ju,4157,1,tags:1
gangnam,4158,1,tags:1
garage,4159,1,tags:1
garbanzo,4160,1,tags:1
garden,4161,322,tags:322
garden 07,4162,2,tags:2
garden 2007,4163,1,tags:1
garden 2008,4164,4,tags:4
garden city,4165,1,tags:1
garden flower,4166,1,tags:1
garden in the woods,4167,1,tags:1
garden o7,4168,1,tags:1
garden session,4169,1,tags:1
garden shop,4170,1,tags:1
garden summer 2008,4171,2,tags:2
garden-themed,4172,1,tags:1
garden7508,4173,2,tags:2
gardener,4174,1,tags:1
gardeni,4175,1,tags:1
gardening,4176,25,tags:25
gardenlife,4177,2,tags:2
gardens,4178,13,tags:13
gargano-glockenblume,4179,1,tags:1
garlic,4180,23,tags:23
garlic scapes,4181,1,tags:1
garnish,4182,3,tags:3
garrett,4183,1,tags:1
garrett county fair,4184,1,tags:1
garten,4185,7,tags:7
gartengemüse,4186,1,tags:1
gary,4187,1,tags:1
gary fuss,4188,1,tags:1
gas,4189,1,tags:1
gas truck,4190,1,tags:1
gaslight,4191,1,tags:1
gasovn,4192,1,tags:1
gaspacho,4193,1,tags:1
gastrocast,4194,1,tags:1
gastronomy,4195,1,tags:1
gasværksvej,4196,1,tags:1
gathering,4197,3,tags:3
gatos,4198,1,tags:1
gaura,4199,1,tags:1
gavan watson,4200,1,tags:1
gb,4201,3,tags:3
gcf,4202,1,tags:1
gds,4203,1,tags:1
ge,4204,1,tags:1
gear,4205,3,tags:3
geary,4206,1,tags:1
geek,4207,1,tags:1
geekie,4208,1,tags:1
geeky,4209,1,tags:1
geel,4210,1,tags:1
geetar,4211,1,tags:1
geige,4212,6,tags:6
geigenbau-museum,4213,4,tags:4
geigerin,4214,1,tags:1
gel,4215,1,tags:1
gelb,4216,2,tags:2
geltsdale,4217,1,tags:1
gemco,4218,1,tags:1
gemuese,4219,1,tags:1
gemüse,4220,13,tags:13
generalluna,4221,1,tags:1
geneva,4222,2,tags:2
geneve,4223,2,tags:2
genf,4224,2,tags:2
geo,4225,2,tags:2
geo-tag,4226,1,tags:1
geo-tagged,4227,1,tags:1
geo:lat=-27.4684,4228,1,tags:1
geo:lat=-27.472153,4229,1,tags:1
geo:lat=22.43182,4230,2,tags:2
geo:lat=25.014447,4231,1,tags:1
geo:lat=25.014463,4232,1,tags:1
geo:lat=25.033295,4233,1,tags:1
geo:lat=25.042424,4234,1,tags:1
geo:lat=29.706524,4235,1,tags:1
geo:lat=35.624957,4236,1,tags:1
geo:lat=38.557241,4237,1,tags:1
geo:lat=39.296574,4238,1,tags:1
geo:lat=39.67271,4239,1,tags:1
geo:lat=43.82858862,4240,1,tags:1
geo:lat=45.443923,4241,1,tags:1
geo:lat=48.776908,4242,2,tags:2
geo:lat=48.777028,4243,1,tags:1
geo:lat=51.402047,4244,1,tags:1
geo:lat=51.512821283641,4245,1,tags:1
geo:lat=56.47096190627591,4246,1,tags:1
geo:lon=-0.130858691916,4247,1,tags:1
geo:lon=-1.448661,4248,1,tags:1
geo:lon=-121.740448,4249,1,tags:1
geo:lon=-76.616365,4250,1,tags:1
geo:lon=-79.30149168,4251,1,tags:1
geo:lon=-95.544024,4252,1,tags:1
geo:lon=114.18411,4253,2,tags:2
geo:lon=12.328924,4254,1,tags:1
geo:lon=121.504578,4255,1,tags:1
geo:lon=121.533691,4256,1,tags:1
geo:lon=121.533701,4257,1,tags:1
geo:lon=121.556023,4258,1,tags:1
geo:lon=139.624563,4259,1,tags:1
geo:lon=153.030662,4260,1,tags:1
geo:lon=153.0534,4261,1,tags:1
geo:lon=19.714451,4262,1,tags:1
geo:lon=9.179334,4263,1,tags:1
geo:lon=9.179366,4264,2,tags:2
geo:long=-5.7073974609375,4265,1,tags:1
geo:tool=gmif,4266,1,tags:1
geoffrey haberman,4267,4,tags:4
geology,4268,1,tags:1
georgia,4269,19,tags:19
georgia tech,4270,1,tags:1
geotag,4271,2,tags:2
geotaged,4272,1,tags:1
geotagged,4273,37,tags:37
geotaggedohio,4274,1,tags:1
geotagging,4275,1,tags:1
geotarget,4276,1,tags:1
geotargetted,4277,1,tags:1
geranium,4278,1,tags:1
gerbera,4279,2,tags:2
german,4280,2,tags:2
german dumplings,4281,1,tags:1
german tourist club,4282,1,tags:1
german violin,4283,1,tags:1
germany,4284,14,tags:14
get,4285,1,tags:1
getchell,4286,1,tags:1
getty villa,4287,1,tags:1
gettyimagessingaporeq2,4288,1,tags:1
gewöhnlicher geißfuß,4289,1,tags:1
gewürzgurke,4290,1,tags:1
gewürzgurken,4291,1,tags:1
ggsubscribe,4292,1,tags:1
ghalamzani,4293,1,tags:1
ghana,4294,1,tags:1
gherkin,4295,1,tags:1
ghost town,4296,1,tags:1
ghosts,4297,2,tags:2
ghostvision,4298,1,tags:1
ghubra,4299,1,tags:1
gia,4300,1,tags:1
giahouck,4301,1,tags:1
giamarie,4302,1,tags:1
giant,4303,13,tags:13
giant ant,4304,2,tags:2
giant ants,4305,1,tags:1
giant bear,4306,1,tags:1
giant bird of paradise plant,4307,1,tags:1
giant furry ant,4308,1,tags:1
giant jumper ant,4309,1,tags:1
giant zucchini,4310,1,tags:1
giardino,4311,5,tags:5
gibmetal77,4312,1,tags:1
gibson,4313,7,tags:7
gibson acoustic guitar,4314,1,tags:1
gibson guitar,4315,1,tags:1
giddy-up helicopter cd release party,4316,1,tags:1
gift wrapping,4317,1,tags:1
gig,4318,6,tags:6
gig harbor,4319,1,tags:1
giga,4320,1,tags:1
gigs,4321,1,tags:1
gil tennant,4322,1,tags:1
gilbert,4323,2,tags:2
gilbzphotography,4324,2,tags:2
gillis,4325,1,tags:1
gilroy,4326,1,tags:1
gimo,4327,1,tags:1
gimp,4328,1,tags:1
ginger,4329,4,tags:4
ginger jar,4330,1,tags:1
gingko nut,4331,1,tags:1
ginjersinterestingness,4332,1,tags:1
ginseng,4333,1,tags:1
giovanni galli,4334,1,tags:1
girgarre,4335,1,tags:1
girl,4336,29,tags:29
girls,4337,5,tags:5
girls' night out,4338,1,tags:1
girraween,4339,1,tags:1
gitaar,4340,4,tags:4
gitar,4341,1,tags:1
gitarre,4342,3,tags:3
gitw,4343,1,tags:1
gjilan,4344,2,tags:2
gl,4345,1,tags:1
glas,4346,1,tags:1
glas4100bce,4347,3,tags:3
glaseret,4348,1,tags:1
glasgow,4349,4,tags:4
glasgow west end,4350,1,tags:1
glasraí,4351,1,tags:1
glass,4352,23,tags:23
glass beads,4353,1,tags:1
glass jar,4354,2,tags:2
glass milk bottle,4355,1,tags:1
glass on glass,4356,1,tags:1
glasses,4357,3,tags:3
glasur,4358,1,tags:1
glaze,4359,3,tags:3
glen waverley,4360,1,tags:1
glendale,4361,1,tags:1
glendive,4362,1,tags:1
glenn fry,4363,1,tags:1
glenwood,4364,1,tags:1
glisten,4365,2,tags:2
global warming,4366,1,tags:1
globe,4367,1,tags:1
glockenblume,4368,1,tags:1
glory,4369,1,tags:1
gloss,4370,3,tags:3
glow,4371,1,tags:1
glut,4372,1,tags:1
gluten free,4373,1,tags:1
gluten-free,4374,1,tags:1
gmc,4375,2,tags:2
gmfyi,4376,1,tags:1
gnjilane,4377,2,tags:2
go,4378,4,tags:4
go 55,4379,1,tags:1
goat,4380,1,tags:1
goat stew,4381,1,tags:1
gobi,4382,1,tags:1
goblet,4383,1,tags:1
goblets,4384,2,tags:2
godday-m1,4385,1,tags:1
goderich,4386,2,tags:2
godin,4387,3,tags:3
godin guitars,4388,1,tags:1
godinez,4389,1,tags:1
gogo tea cafe,4390,1,tags:1
gogotea,4391,1,tags:1
goguryeo,4392,1,tags:1
goji,4393,1,tags:1
gojiberry,4394,1,tags:1
gold,4395,6,tags:6
gold coast,4396,1,tags:1
goldbug,4397,1,tags:1
golddragon,4398,4,tags:4
golden,4399,3,tags:3
golden beet,4400,1,tags:1
golden gate bridge,4401,1,tags:1
golden gate park,4402,2,tags:2
golden mushrooms,4403,2,tags:2
golden pig,4404,1,tags:1
golden rain,4405,1,tags:1
golden rain tree,4406,1,tags:1
golden zucchini,4407,1,tags:1
goldenheartaward,4408,1,tags:1
goldenphotographer,4409,2,tags:2
goldstaraward,4410,8,tags:8
golf cart,4411,1,tags:1
gom,4412,1,tags:1
gong garden,4413,1,tags:1
gongguan night market,4414,2,tags:2
good,4415,3,tags:3
good times,4416,2,tags:2
goodbye champion,4417,2,tags:2
goodies,4418,1,tags:1
goodness,4419,1,tags:1
goods,4420,2,tags:2
goodtaste,4421,1,tags:1
gordion,4422,1,tags:1
gordium,4423,1,tags:1
gordon ordas,4424,1,tags:1
gordon ramsey,4425,1,tags:1
gorgeous,4426,1,tags:1
gorilla,4427,1,tags:1
goritsy,4428,1,tags:1
gosport,4429,1,tags:1
gotanda,4430,2,tags:2
gotham,4431,1,tags:1
gotham city,4432,1,tags:1
gothamist,4433,4,tags:4
goucher,4434,1,tags:1
gourd,4435,2,tags:2
gourds,4436,1,tags:1
gourmet,4437,2,tags:2
government canyon,4438,3,tags:3
govi,4439,1,tags:1
gpd,4440,1,tags:1
gpm,4441,1,tags:1
gps,4442,1,tags:1
gps location,4443,1,tags:1
grace,4444,1,tags:1
grad,4445,1,tags:1
graduate,4446,1,tags:1
graduation,4447,2,tags:2
graffiti,4448,1,tags:1
grafton,4449,1,tags:1
graftonstreet,4450,1,tags:1
grain,4451,2,tags:2
grampians,4452,1,tags:1
granary,4453,1,tags:1
grand army plaza,4454,2,tags:2
grandhonourhotpot,4455,1,tags:1
grandma,4456,2,tags:2
grandpa,4457,3,tags:3
grant,4458,2,tags:2
granville,4459,1,tags:1
grape,4460,2,tags:2
grape hyacinths,4461,1,tags:1
grapefruit,4462,1,tags:1
grapes,4463,3,tags:3
grass,4464,7,tags:7
grasshoppers,4465,1,tags:1
gratte-ciel,4466,1,tags:1
gravel,4467,1,tags:1
gray,4468,10,tags:10
grd,4469,3,tags:3
great,4470,4,tags:4
great britain,4471,1,tags:1
great lakes,4472,2,tags:2
great music,4473,1,tags:1
great musicians,4474,1,tags:1
greater,4475,1,tags:1
greater knapweed,4476,1,tags:1
greatfoodmacros,4477,1,tags:1
grecia,4478,2,tags:2
greece,4479,8,tags:8
greek,4480,6,tags:6
greek art,4481,1,tags:1
greek vase,4482,1,tags:1
greekcuisine,4483,1,tags:1
greekfood,4484,1,tags:1
greeksalad,4485,2,tags:2
green,4486,254,tags:254
green & red,4487,1,tags:1
green and red,4488,1,tags:1
green and yellow,4489,5,tags:5
green ant,4490,2,tags:2
green ants,4491,2,tags:2
green bay,4492,1,tags:1
green bean,4493,2,tags:2
green beans,4494,3,tags:3
green bee,4495,1,tags:1
green bell pepper,4496,1,tags:1
green bottle,4497,1,tags:1
green gift wrapping,4498,1,tags:1
green is beautiful,4499,1,tags:1
green ivy,4500,1,tags:1
green macro,4501,1,tags:1
green mangoes,4502,1,tags:1
green market,4503,1,tags:1
green metallic bee,4504,1,tags:1
green onion,4505,2,tags:2
green onions,4506,1,tags:1
green pepper,4507,2,tags:2
green peppers,4508,2,tags:2
green plate,4509,1,tags:1
green savoy cabbage,4510,1,tags:1
green soybean,4511,1,tags:1
green thumb,4512,1,tags:1
green tomatoes,4513,1,tags:1
green tree ant,4514,1,tags:1
green vegetables,4515,1,tags:1
green+white,4516,1,tags:1
greenbeans,4517,2,tags:2
greenery,4518,2,tags:2
greenhouse,4519,3,tags:3
greenmarket,4520,1,tags:1
greenmoleforum,4521,1,tags:1
greenmontanaset,4522,1,tags:1
greenpoint,4523,1,tags:1
greens,4524,10,tags:10
greensboro,4525,1,tags:1
"greensburg, pa",4526,1,tags:1
greentours,4527,1,tags:1
greenville,4528,1,tags:1
greenware,4529,1,tags:1
greg bennet designed,4530,1,tags:1
gregg,4531,1,tags:1
grenville street,4532,1,tags:1
gretna,4533,1,tags:1
gretsch,4534,1,tags:1
grey,4535,3,tags:3
grey tones,4536,1,tags:1
grid,4537,1,tags:1
griddle,4538,1,tags:1
griest,4539,1,tags:1
griffin poetry prize,4540,1,tags:1
grill,4541,3,tags:3
grilled,4542,4,tags:4
grilling,4543,1,tags:1
grizelle,4544,1,tags:1
groceries,4545,4,tags:4
groceries food,4546,1,tags:1
grocery,4547,10,tags:10
grocery store,4548,2,tags:2
groente,4549,5,tags:5
groningen,4550,1,tags:1
groovysuvi,4551,1,tags:1
gross,4552,1,tags:1
grosvenor square,4553,1,tags:1
ground,4554,6,tags:6
ground-nesters,4555,1,tags:1
ground-nesting,4556,1,tags:1
groundwork,4557,1,tags:1
groundwork organics,4558,1,tags:1
group,4559,5,tags:5
groups,4560,2,tags:2
groups and causes,4561,1,tags:1
grove,4562,7,tags:7
groveland,4563,1,tags:1
grow,4564,4,tags:4
grow your own,4565,2,tags:2
growing,4566,4,tags:4
grown,4567,3,tags:3
grown by me,4568,1,tags:1
growth,4569,2,tags:2
grub,4570,2,tags:2
grunge,4571,1,tags:1
grupoemi,4572,1,tags:1
grønsager,4573,5,tags:5
grønsak,4574,5,tags:5
grün,4575,1,tags:1
grünes,4576,1,tags:1
gtaggroup,4577,1,tags:1
gtr,4578,1,tags:1
guadalajara,4579,1,tags:1
guagua,4580,3,tags:3
guam,4581,2,tags:2
guanajuato,4582,2,tags:2
guangzhou,4583,1,tags:1
guarnari del gesu,4584,1,tags:1
guarnerius,4585,4,tags:4
guatemala,4586,2,tags:2
gucci,4587,1,tags:1
gucci watch,4588,1,tags:1
gudhjem,4589,1,tags:1
guelph,4590,2,tags:2
guess,4591,1,tags:1
guessed,4592,1,tags:1
guesswherevancouver,4593,1,tags:1
gugaa,4594,1,tags:1
guild,4595,8,tags:8
guild acoustic,4596,1,tags:1
guild d100,4597,1,tags:1
guillestre,4598,1,tags:1
guinness,4599,1,tags:1
guitar,4600,447,tags:447
guitar art,4601,1,tags:1
guitar cake,4602,1,tags:1
guitar case,4603,1,tags:1
guitar center,4604,2,tags:2
guitar electric lefty left handed,4605,1,tags:1
"guitar guitar, classical guitar, acoustic guitar, classical, acoustic, guitar body",4606,1,tags:1
guitar hero,4607,1,tags:1
guitar show,4608,1,tags:1
guitar stand,4609,1,tags:1
guitar string,4610,1,tags:1
guitar',4611,1,tags:1
guitar.,4612,2,tags:2
guitar;,4613,1,tags:1
guitarcenter,4614,1,tags:1
guitare,4615,4,tags:4
guitarist,4616,5,tags:5
guitarra,4617,8,tags:8
guitarra acústica,4618,2,tags:2
guitarras,4619,1,tags:1
guitarre,4620,1,tags:1
guitars,4621,52,tags:52
guitars.,4622,6,tags:6
guitarstring,4623,1,tags:1
guizhou,4624,1,tags:1
guloudajie,4625,1,tags:1
gun,4626,3,tags:3
gurke,4627,3,tags:3
gurken,4628,3,tags:3
guslie,4629,1,tags:1
gustavo,4630,1,tags:1
gutarist,4631,1,tags:1
guy,4632,3,tags:3
guyana,4633,1,tags:1
guzheng,4634,1,tags:1
gwv,4635,1,tags:1
gypsy,4636,1,tags:1
gypsy pilgrimage,4637,1,tags:1
gyumri,4638,1,tags:1
günterstal,4639,1,tags:1
h,4640,1,tags:1
h9,4641,1,tags:1
habanero chillies,4642,1,tags:1
hachita,4643,1,tags:1
hacked,4644,1,tags:1
hadrian's,4645,1,tags:1
haemorrhoa,4646,1,tags:1
haentjens,4647,1,tags:1
hage,4648,5,tags:5
hagia sophia istanbul mosques cistern hagia sophia,4649,1,tags:1
hagiang,4650,1,tags:1
haha,4651,1,tags:1
hahaha,4652,2,tags:2
hair,4653,4,tags:4
hair light,4654,1,tags:1
haircut,4655,1,tags:1
hairy,4656,3,tags:3
halcottsville,4657,2,tags:2
half,4658,2,tags:2
half sour,4659,1,tags:1
halictidae,4660,7,tags:7
haliplus,4661,1,tags:1
hall,4662,1,tags:1
halloween 2006,4663,1,tags:1
ham,4664,2,tags:2
hamad,4665,1,tags:1
hamamatsu,4666,1,tags:1
hamburg,4667,2,tags:2
hamed,4668,1,tags:1
hammer throw,4669,1,tags:1
hammersmith,4670,4,tags:4
hampshire,4671,2,tags:2
hampshire ambulance,4672,1,tags:1
hampton,4673,1,tags:1
hamptons,4674,1,tags:1
hamptonville nc,4675,2,tags:2
han guuk guan,4676,1,tags:1
hand,4677,14,tags:14
hand made,4678,6,tags:6
hand-printed,4679,1,tags:1
handbuilt cicada vase/container,4680,1,tags:1
handcraft,4681,1,tags:1
handheld,4682,1,tags:1
handle,4683,1,tags:1
handled with care,4684,1,tags:1
handmade,4685,11,tags:11
hands,4686,6,tags:6
hang,4687,1,tags:1
hanging,4688,4,tags:4
hanging rock,4689,1,tags:1
hangul,4690,1,tags:1
hangya,4691,1,tags:1
hangzhou,4692,2,tags:2
hanna.bi,4693,1,tags:1
hannah,4694,2,tags:2
hanoi,4695,2,tags:2
hansen,4696,1,tags:1
hansen's hikes,4697,1,tags:1
hanzhong,4698,1,tags:1
hapchan,4699,1,tags:1
happiness,4700,3,tags:3
happy,4701,5,tags:5
harbin,4702,1,tags:1
hard,4703,1,tags:1
hard-times-cafe,4704,1,tags:1
hardwood,4705,1,tags:1
hardwood floor,4706,1,tags:1
harlow,4707,1,tags:1
harmonia,4708,1,tags:1
harmony,4709,2,tags:2
harmony valley farm,4710,1,tags:1
harp,4711,1,tags:1
harpsichord,4712,1,tags:1
harrisville,4713,1,tags:1
harrogate,4714,2,tags:2
hartford,4715,1,tags:1
harvard,4716,1,tags:1
harvardsquare,4717,1,tags:1
harvest,4718,27,tags:27
harvester,4719,1,tags:1
harvesting,4720,5,tags:5
has,4721,1,tags:1
hasselbladt,4722,1,tags:1
hat,4723,1,tags:1
hatake,4724,1,tags:1
hatzalah ambulance,4725,1,tags:1
hatzalah volunteer ambulance,4726,1,tags:1
hatzolah,4727,1,tags:1
haughmond abbey,4728,1,tags:1
have,4729,5,tags:5
hawaii,4730,4,tags:4
hawaiian,4731,2,tags:2
hawaiian cruise,4732,1,tags:1
hawaiian islands,4733,1,tags:1
hawkhill,4734,1,tags:1
hawkhill inclosure,4735,1,tags:1
hawthorn,4736,1,tags:1
hay,4737,1,tags:1
hayle,4738,1,tags:1
haylee,4739,1,tags:1
haystack,4740,1,tags:1
hazard,4741,1,tags:1
hazel atlas,4742,3,tags:3
hbw,4743,1,tags:1
hcmc,4744,1,tags:1
hd,4745,1,tags:1
hdqh,4746,1,tags:1
hdr,4747,13,tags:13
he,4748,1,tags:1
he assured me,4749,1,tags:1
head,4750,3,tags:3
headband,4751,1,tags:1
headlock,4752,1,tags:1
health,4753,6,tags:6
health central,4754,1,tags:1
healthy,4755,22,tags:22
healthy eating,4756,1,tags:1
healthy food,4757,1,tags:1
healthy lunch,4758,2,tags:2
healthy packed lunch,4759,2,tags:2
healthy packed lunches,4760,2,tags:2
healthy work lunches,4761,2,tags:2
healty,4762,1,tags:1
hearst castle,4763,1,tags:1
heart,4764,3,tags:3
heartaward,4765,11,tags:11
heat,4766,1,tags:1
heath,4767,1,tags:1
heath ledger,4768,1,tags:1
heather,4769,6,tags:6
heather and joe,4770,3,tags:3
heatherjlucas,4771,1,tags:1
heco,4772,1,tags:1
hegedű,4773,1,tags:1
heidi,4774,1,tags:1
heilongjiang,4775,1,tags:1
heinz hall,4776,1,tags:1
heirloom,4777,10,tags:10
heirloom tomatoes,4778,1,tags:1
heirloom vegetables,4779,1,tags:1
helen,4780,1,tags:1
helicopter,4781,6,tags:6
hell's kitchen,4782,1,tags:1
helladic,4783,2,tags:2
hellas,4784,1,tags:1
hellgate csa,4785,1,tags:1
hello kitty,4786,1,tags:1
helo,4787,2,tags:2
help,4788,2,tags:2
helpers,4789,1,tags:1
helpful,4790,1,tags:1
helsinki,4791,1,tags:1
hemingway,4792,1,tags:1
hemiptera,4793,2,tags:2
hemitrichia,4794,1,tags:1
hemitrichia.calyculata,4795,1,tags:1
hempfest,4796,1,tags:1
hen,4797,1,tags:1
hendersonville,4798,1,tags:1
hepburn,4799,1,tags:1
hepburn springs,4800,1,tags:1
herb,4801,1,tags:1
herbal,4802,1,tags:1
herbert,4803,1,tags:1
herbert heidegger,4804,1,tags:1
herbs,4805,6,tags:6
heritage days,4806,1,tags:1
hermosillo,4807,1,tags:1
heroes,4808,1,tags:1
hershey,4809,1,tags:1
heteroptera,4810,1,tags:1
hexapoda,4811,3,tags:3
hexapode,4812,1,tags:1
hexapods,4813,1,tags:1
hey guys this is heaven,4814,1,tags:1
hi-tone,4815,1,tags:1
hietala,4816,4,tags:4
high,4817,3,tags:3
high desert,4818,1,tags:1
high dynamic range,4819,3,tags:3
high st,4820,1,tags:1
higher ground,4821,2,tags:2
highjinx,4822,1,tags:1
highlands,4823,1,tags:1
highway,4824,5,tags:5
hiking,4825,1,tags:1
hiland,4826,1,tags:1
hill,4827,1,tags:1
hillcountry,4828,1,tags:1
hills,4829,1,tags:1
hillsboro,4830,1,tags:1
hilltribe,4831,1,tags:1
himachal,4832,1,tags:1
hing loon,4833,1,tags:1
hinsdale,4834,1,tags:1
hippie,4835,2,tags:2
hiroshima,4836,1,tags:1
hirsh,4837,1,tags:1
hisham,4838,1,tags:1
historic,4839,5,tags:5
historical,4840,2,tags:2
history,4841,6,tags:6
hit,4842,1,tags:1
hitchhiking,4843,1,tags:1
hive,4844,3,tags:3
hiver,4845,2,tags:2
hk,4846,2,tags:2
hlm922c,4847,1,tags:1
hmyz,4848,2,tags:2
ho chi minh city,4849,1,tags:1
hoang phuoc,4850,1,tags:1
hobak,4851,1,tags:1
hobak chon,4852,1,tags:1
hobak jun,4853,1,tags:1
hobbs,4854,1,tags:1
hobnail,4855,3,tags:3
hobner,4856,1,tags:1
hobner guitar,4857,1,tags:1
hoboken,4858,2,tags:2
hodginjones,4859,1,tags:1
hof,4860,5,tags:5
hofburg,4861,1,tags:1
hofner,4862,1,tags:1
hold,4863,1,tags:1
holden,4864,1,tags:1
holding,4865,1,tags:1
hole,4866,2,tags:2
holga,4867,3,tags:3
holga 120cfn,4868,1,tags:1
holiday,4869,10,tags:10
holiday guests,4870,1,tags:1
holiday in maldives travel,4871,1,tags:1
holistic forge works,4872,1,tags:1
holland,4873,3,tags:3
holley,4874,1,tags:1
hollister,4875,1,tags:1
hollow,4876,1,tags:1
hollowbody,4877,1,tags:1
hollywood,4878,2,tags:2
holmes,4879,1,tags:1
holometabola,4880,1,tags:1
holometabole,4881,1,tags:1
holte,4882,1,tags:1
holter,4883,1,tags:1
holyoke,4884,1,tags:1
holzameise,4885,1,tags:1
home,4886,31,tags:31
home canning,4887,1,tags:1
home collections,4888,1,tags:1
home cooking,4889,1,tags:1
home decor,4890,1,tags:1
home decoration,4891,1,tags:1
home design,4892,1,tags:1
home dressing,4893,1,tags:1
home education,4894,1,tags:1
home furnishing,4895,1,tags:1
home garden,4896,1,tags:1
home gardening,4897,1,tags:1
home grown,4898,5,tags:5
home made,4899,2,tags:2
home studio,4900,1,tags:1
home-grown,4901,2,tags:2
home-made,4902,1,tags:1
home:,4903,1,tags:1
home_grown,4904,1,tags:1
homecooked,4905,2,tags:2
homecooking,4906,2,tags:2
homegrown,4907,4,tags:4
homeless,4908,1,tags:1
homemade,4909,12,tags:12
homeproduce,4910,1,tags:1
homestay,4911,1,tags:1
homestead,4912,2,tags:2
homesteading,4913,4,tags:4
homestyle,4914,2,tags:2
hometown opry,4915,1,tags:1
homies,4916,1,tags:1
honda,4917,1,tags:1
hondapanda,4918,1,tags:1
honduras trip 2005,4919,1,tags:1
honey,4920,21,tags:21
honey bee,4921,21,tags:21
honey bees,4922,1,tags:1
honey brook organic farm,4923,1,tags:1
honey_bee,4924,3,tags:3
honeybee,4925,15,tags:15
honeybees,4926,7,tags:7
honeymoon,4927,1,tags:1
hong,4928,2,tags:2
hong kong,4929,12,tags:12
hong kong style cafe,4930,2,tags:2
hongkong,4931,2,tags:2
honigbiene,4932,3,tags:3
honkytonk,4933,1,tags:1
honolulu,4934,1,tags:1
hood river,4935,1,tags:1
hook,4936,2,tags:2
hook and ladder,4937,4,tags:4
hook island,4938,1,tags:1
hookandladder,4939,1,tags:1
hoot and holler string band,4940,1,tags:1
hop,4941,1,tags:1
hope,4942,2,tags:2
hopewell,4943,1,tags:1
horizon,4944,1,tags:1
horizontal,4945,2,tags:2
hormiga,4946,11,tags:11
hormiga roja,4947,1,tags:1
hormigas,4948,4,tags:4
horned lizard,4949,1,tags:1
horner,4950,1,tags:1
horns,4951,4,tags:4
horse,4952,1,tags:1
horseface,4953,1,tags:1
horticulture,4954,1,tags:1
hose,4955,2,tags:2
hosed,4956,1,tags:1
hoses,4957,1,tags:1
hospice,4958,1,tags:1
hospital,4959,9,tags:9
hospitaldelafe,4960,1,tags:1
hostorical,4961,1,tags:1
hot,4962,38,tags:38
hot pepper,4963,1,tags:1
hot pot,4964,94,tags:94
"hot pot, fire pot",4965,1,tags:1
hot rod,4966,1,tags:1
hot stone pot,4967,1,tags:1
hotel,4968,1,tags:1
hotpiccies,4969,1,tags:1
hotpot,4970,81,tags:81
hotpot city,4971,1,tags:1
houck,4972,1,tags:1
house,4973,10,tags:10
house concert,4974,3,tags:3
house explosion,4975,1,tags:1
house fire,4976,1,tags:1
housemates,4977,1,tags:1
housepaint,4978,1,tags:1
houses,4979,1,tags:1
houston,4980,5,tags:5
houston county,4981,1,tags:1
houston restaurants,4982,2,tags:2
hover,4983,1,tags:1
hoverfly,4984,4,tags:4
how,4985,2,tags:2
howard pulling,4986,3,tags:3
howto,4987,1,tags:1
hpad090107,4988,1,tags:1
hpatey,4989,1,tags:1
hpexif,4990,1,tags:1
hpm,4991,1,tags:1
hpulling,4992,3,tags:3
hq,4993,1,tags:1
hsbc,4994,1,tags:1
hse,4995,1,tags:1
hsp,4996,1,tags:1
hspvaeurope2006,4997,1,tags:1
http://jaykrausephotography.com,4998,1,tags:1
http://jeff-lowe.artistwebsites.com/,4999,1,tags:1
http://liyindesign.wordpress.com,5000,2,tags:2
http://philliprigginsphotography.blogspot.com/,5001,2,tags:2
http://www.chrisbrookesphotography.co.uk,5002,1,tags:1
http://www.flickr.com/people/liyin,5003,2,tags:2
http://yourneighborhoodlibrarian.blogspot.com/,5004,1,tags:1
http:\\pedroferrerfotografia.blogspot.com,5005,1,tags:1
httpwwwcookthinkcomblog,5006,3,tags:3
htty,5007,1,tags:1
huanggua,5008,1,tags:1
hub,5009,1,tags:1
hudson county,5010,2,tags:2
hudsonbell,5011,1,tags:1
huebner,5012,2,tags:2
huen phen,5013,1,tags:1
huge,5014,4,tags:4
huge cucumber,5015,2,tags:2
hugovk,5016,1,tags:1
hukou,5017,1,tags:1
hull,5018,1,tags:1
hullabaloo,5019,1,tags:1
hulpverleningvoertuig,5020,1,tags:1
human body gallery 2 in colors,5021,1,tags:1
humanitarian aid,5022,1,tags:1
humanitarian blog,5023,1,tags:1
humble,5024,1,tags:1
humblebees,5025,1,tags:1
humboldtfolklife,5026,1,tags:1
humbucker,5027,2,tags:2
humle,5028,1,tags:1
hummel,5029,1,tags:1
hummus,5030,4,tags:4
humor,5031,2,tags:2
hungarian,5032,1,tags:1
hungarian gypsy musician,5033,1,tags:1
hungary,5034,3,tags:3
hungry,5035,1,tags:1
"hunkered down for the night, with breakfast at hand.",5036,1,tags:1
hunt,5037,1,tags:1
hunter,5038,1,tags:1
huo guo,5039,2,tags:2
huo guo (火锅),5040,1,tags:1
huoguo,5041,2,tags:2
hurdman,5042,2,tags:2
hurty,5043,1,tags:1
husband,5044,1,tags:1
huss and dalton,5045,1,tags:1
hust,5046,1,tags:1
hv,5047,1,tags:1
hvk,5048,1,tags:1
hx51foh,5049,1,tags:1
hybrid freak of nature we are all doomed!,5050,1,tags:1
hyde,5051,2,tags:2
hyde park,5052,1,tags:1
hyderabad,5053,1,tags:1
hydrangea,5054,1,tags:1
hydrant,5055,2,tags:2
hydrophyllaceae,5056,1,tags:1
hylätty,5057,1,tags:1
hymennoptera,5058,1,tags:1
hymenoptera,5059,72,tags:72
hymenoptera formicidae,5060,1,tags:1
hymenopthera,5061,1,tags:1
hymrnoptera,5062,1,tags:1
hyménoptères,5063,1,tags:1
hyperlinked,5064,1,tags:1
hythe,5065,1,tags:1
hyundai,5066,1,tags:1
hyönteinen,5067,1,tags:1
hånddrejet,5068,1,tags:1
i,5069,1,tags:1
i am much better on the piano,5070,1,tags:1
i ate this,5071,2,tags:2
i grew this,5072,2,tags:2
i haven't really played since i was 18,5073,1,tags:1
i hope you're not too shocked but as you know me - i love to shock here and there,5074,1,tags:1
i live it,5075,1,tags:1
i love food,5076,1,tags:1
i love my pic,5077,1,tags:1
i love nature,5078,8,tags:8
i love nature!,5079,1,tags:1
i love this jar,5080,1,tags:1
i made this,5081,4,tags:4
i never had one lesson,5082,1,tags:1
i never have seen them eat anything,5083,1,tags:1
i never saw a lazy ant,5084,1,tags:1
i spy,5085,1,tags:1
i use it as a vase,5086,1,tags:1
i was doubtful,5087,1,tags:1
i'm not sure you want to hear me play,5088,1,tags:1
i-15,5089,1,tags:1
i500,5090,11,tags:11
i_grow,5091,1,tags:1
ia,5092,1,tags:1
iatethis,5093,1,tags:1
ibanez,5094,12,tags:12
ibanez pf,5095,1,tags:1
ibil,5096,1,tags:1
ibphotography.com,5097,1,tags:1
ibrahim,5098,1,tags:1
ibrahimmohd,5099,1,tags:1
ibu,5100,1,tags:1
ibu's blog,5101,1,tags:1
ibu'sadventure,5102,1,tags:1
ibumohd,5103,1,tags:1
ibumohdphotos.com,5104,1,tags:1
ibuphotography.com,5105,1,tags:1
ibuphotos.com,5106,1,tags:1
ibusdiary,5107,1,tags:1
ibuworks,5108,1,tags:1
ibuworks.com,5109,1,tags:1
ice,5110,1,tags:1
icecream,5111,1,tags:1
iced,5112,1,tags:1
iceland,5113,1,tags:1
iceland poppy,5114,1,tags:1
ichiban,5115,1,tags:1
ichiban eggplant,5116,2,tags:2
ick,5117,1,tags:1
icqipq,5118,1,tags:1
id,5119,3,tags:3
id please,5120,1,tags:1
idaho,5121,3,tags:3
idenburg,5122,1,tags:1
idyllwild,5123,1,tags:1
if you hear my composition,5124,1,tags:1
if you peek through the music,5125,1,tags:1
iflickr,5126,2,tags:2
"ii clases magistrales de violin, viola y violoncello",5127,1,tags:1
iib,5128,1,tags:1
iii,5129,3,tags:3
iiic,5130,1,tags:1
iit,5131,3,tags:3
ik7toe,5132,1,tags:1
ikea,5133,1,tags:1
iknit,5134,1,tags:1
il,5135,1,tags:1
ile,5136,1,tags:1
ilegal,5137,1,tags:1
ilikenature,5138,3,tags:3
illes,5139,1,tags:1
illinois,5140,13,tags:13
illinois products farmers' market,5141,1,tags:1
illustration,5142,2,tags:2
ilotulitus,5143,1,tags:1
iloveit,5144,2,tags:2
ilovemypic,5145,1,tags:1
ilovenature,5146,15,tags:15
image,5147,8,tags:8
image quality,5148,1,tags:1
images,5149,2,tags:2
imbibe,5150,1,tags:1
img-3428,5151,1,tags:1
img_1183,5152,1,tags:1
img_1320,5153,1,tags:1
img_1379,5154,1,tags:1
img_3230,5155,1,tags:1
img_3340,5156,1,tags:1
img_3760,5157,1,tags:1
imgp3498_c_l_u,5158,1,tags:1
imkhan,5159,1,tags:1
imlil,5160,1,tags:1
implosion,5161,2,tags:2
impressedbeauty,5162,13,tags:13
impromptu,5163,1,tags:1
improvedimage,5164,12,tags:12
improvisation,5165,2,tags:2
in flower,5166,1,tags:1
in it for life,5167,1,tags:1
in my life,5168,1,tags:1
in passing,5169,1,tags:1
in process,5170,1,tags:1
in the car,5171,1,tags:1
in the garden,5172,1,tags:1
in the garden t189 project 365,5173,1,tags:1
inaugurazione,5174,1,tags:1
inch,5175,1,tags:1
inchworm,5176,1,tags:1
independence,5177,5,tags:5
independenceday,5178,5,tags:5
india,5179,16,tags:16
indian,5180,3,tags:3
indian cusine,5181,1,tags:1
indian spices,5182,1,tags:1
indiana,5183,2,tags:2
indiancorn,5184,1,tags:1
indie,5185,2,tags:2
indonesia,5186,4,tags:4
indonesian,5187,1,tags:1
indoor,5188,2,tags:2
indoors,5189,3,tags:3
industar,5190,3,tags:3
industar50,5191,1,tags:1
industrial,5192,1,tags:1
infantil,5193,2,tags:2
inferno,5194,1,tags:1
infest,5195,1,tags:1
infestation,5196,2,tags:2
infested,5197,1,tags:1
infinestyle,5198,2,tags:2
ingredients,5199,4,tags:4
injured,5200,1,tags:1
innsbruck,5201,1,tags:1
insect,5202,677,tags:677
insect behavior,5203,1,tags:1
insect bites,5204,1,tags:1
insect bruno castanheira portugal,5205,1,tags:1
insect close-ups,5206,1,tags:1
insect cooperation,5207,1,tags:1
insect hyderabad andhra pradesh india,5208,1,tags:1
insect life,5209,1,tags:1
insect macro photography,5210,1,tags:1
insect metal sculpture,5211,4,tags:4
insect on flowers,5212,1,tags:1
insect photography,5213,1,tags:1
insect sculpture,5214,4,tags:4
insecta,5215,39,tags:39
insecte,5216,7,tags:7
insectinflower,5217,1,tags:1
insecto,5218,12,tags:12
insecto maiz pira,5219,1,tags:1
insectos,5220,5,tags:5
insects,5221,525,tags:525
insects & spiders,5222,1,tags:1
insects insect,5223,1,tags:1
insects on flowers,5224,1,tags:1
insectă,5225,1,tags:1
insekt,5226,3,tags:3
insekten,5227,8,tags:8
inseto,5228,6,tags:6
insetti,5229,2,tags:2
insetto,5230,1,tags:1
insevt,5231,1,tags:1
insket,5232,1,tags:1
inspire,5233,1,tags:1
instantdecisif.com,5234,1,tags:1
institute,5235,3,tags:3
instrament,5236,1,tags:1
instraments,5237,1,tags:1
instrument,5238,137,tags:137
instrument of light,5239,1,tags:1
instrument',5240,1,tags:1
instrument.light,5241,1,tags:1
instrumento,5242,4,tags:4
instrumentos,5243,1,tags:1
instruments,5244,52,tags:52
insturment,5245,1,tags:1
insturments,5246,1,tags:1
intensivmedizin,5247,1,tags:1
interaction design,5248,1,tags:1
interesting,5249,8,tags:8
interestingness,5250,10,tags:10
interestingness#116,5251,1,tags:1
interestingness104,5252,1,tags:1
interestingness22,5253,1,tags:1
interestingness25,5254,1,tags:1
interestingness30,5255,1,tags:1
interestingness427,5256,1,tags:1
interestingness76,5257,1,tags:1
interestingness81,5258,1,tags:1
interestingness86,5259,1,tags:1
interestingness91,5260,1,tags:1
interestingness94,5261,1,tags:1
interface,5262,1,tags:1
interior,5263,4,tags:4
interior design,5264,1,tags:1
international,5265,10,tags:10
international harvester,5266,1,tags:1
international rescue committee,5267,1,tags:1
international rice research institute,5268,1,tags:1
internationalfood,5269,1,tags:1
intervol,5270,1,tags:1
intimidating,5271,1,tags:1
intonated,5272,1,tags:1
intonation,5273,1,tags:1
intruder,5274,1,tags:1
intrument,5275,2,tags:2
intrustingness,5276,1,tags:1
intérieur,5277,1,tags:1
invading,5278,1,tags:1
invasion,5279,2,tags:2
invasion of the ants,5280,1,tags:1
inverness,5281,1,tags:1
invertebrate,5282,35,tags:35
invertebrates,5283,2,tags:2
invertibrates,5284,2,tags:2
io,5285,1,tags:1
ionian,5286,1,tags:1
iowa,5287,3,tags:3
iowacity,5288,1,tags:1
iphone,5289,2,tags:2
iphone pic,5290,1,tags:1
iphoto original,5291,1,tags:1
ipics,5292,1,tags:1
ipod,5293,1,tags:1
iran,5294,1,tags:1
iranian,5295,1,tags:1
iraq war,5296,1,tags:1
irc,5297,1,tags:1
ireland,5298,10,tags:10
irene simkin,5299,5,tags:5
irian jaya,5300,1,tags:1
irina musatova,5301,1,tags:1
iris,5302,2,tags:2
irish,5303,3,tags:3
irish ambulance service,5304,4,tags:4
irish moss,5305,1,tags:1
irlanda,5306,1,tags:1
irridescent,5307,1,tags:1
irvine,5308,2,tags:2
is,5309,5,tags:5
is-sa,5310,1,tags:1
isabelle,5311,1,tags:1
isawyoufirst,5312,4,tags:4
isea,5313,1,tags:1
isfahan,5314,1,tags:1
ish@flickr,5315,2,tags:2
islamabadiphotographer,5316,1,tags:1
island,5317,5,tags:5
island hop,5318,1,tags:1
islandguy,5319,1,tags:1
islands,5320,1,tags:1
islas baleares,5321,1,tags:1
isle,5322,1,tags:1
isleofwight,5323,1,tags:1
isleworth,5324,1,tags:1
iso200,5325,9,tags:9
iso800,5326,1,tags:1
isolated,5327,1,tags:1
israel,5328,6,tags:6
israel fruit,5329,3,tags:3
israfel67,5330,1,tags:1
istanbul,5331,3,tags:3
istdl,5332,1,tags:1
istockphoto,5333,1,tags:1
isuzu,5334,3,tags:3
it,5335,1,tags:1
it even says so on the inside,5336,1,tags:1
"it was more a threat than an instrument, really",5337,1,tags:1
it's a real stradivarius!,5338,1,tags:1
itala2007,5339,1,tags:1
italia,5340,6,tags:6
italian,5341,7,tags:7
italian bands,5342,1,tags:1
italian food,5343,1,tags:1
italian tomato,5344,2,tags:2
italy,5345,21,tags:21
items,5346,2,tags:2
itunes8,5347,1,tags:1
iveco,5348,1,tags:1
iwate,5349,1,tags:1
iwm,5350,1,tags:1
ixact,5351,1,tags:1
ixus,5352,2,tags:2
ixus 80,5353,3,tags:3
ixus 80 is,5354,3,tags:3
izadora,5355,1,tags:1
izamree,5356,1,tags:1
j,5357,1,tags:1
j200flattop,5358,1,tags:1
j45,5359,1,tags:1
j:chengdu,5360,1,tags:1
jabatan pertahanan awam,5361,1,tags:1
jack,5362,1,tags:1
jacket,5363,1,tags:1
jackrabbit,5364,1,tags:1
jadd,5365,1,tags:1
jag9889,5366,7,tags:7
jail,5367,1,tags:1
jak,5368,3,tags:3
jake krack,5369,1,tags:1
jake's,5370,3,tags:3
jakes,5371,1,tags:1
jakov,5372,1,tags:1
jam,5373,4,tags:4
jam jar,5374,1,tags:1
jam session,5375,1,tags:1
jamaica,5376,1,tags:1
jamband,5377,1,tags:1
james,5378,5,tags:5
james chung,5379,1,tags:1
james rye,5380,1,tags:1
james' garden,5381,3,tags:3
jamesport,5382,1,tags:1
jamie,5383,4,tags:4
jamie amodeo,5384,1,tags:1
jamieofalltrades,5385,1,tags:1
jamming,5386,2,tags:2
jan power's farmers markets,5387,1,tags:1
jan14,5388,1,tags:1
jane,5389,1,tags:1
jang mo jib,5390,1,tags:1
janowski,5391,1,tags:1
january,5392,3,tags:3
january 2008,5393,1,tags:1
japan,5394,28,tags:28
japan foundation,5395,1,tags:1
japanese,5396,16,tags:16
japanese cucumber,5397,5,tags:5
japanese cucumbers,5398,3,tags:3
japanese cuisine,5399,1,tags:1
japanese design today,5400,1,tags:1
japanese design today 100,5401,1,tags:1
japanese food,5402,2,tags:2
japanese radish,5403,1,tags:1
japanese restaurant,5404,1,tags:1
japanese style noodles,5405,1,tags:1
japanese vehicle,5406,2,tags:2
japanese.,5407,6,tags:6
japanesecuisine,5408,1,tags:1
japanesefood,5409,3,tags:3
japantown,5410,1,tags:1
jar,5411,62,tags:62
jar lurv. i has it,5412,1,tags:1
jardim,5413,5,tags:5
jardin,5414,6,tags:6
jardin_patisse,5415,1,tags:1
jardín,5416,5,tags:5
jars,5417,8,tags:8
jasmine,5418,2,tags:2
jason atherton,5419,1,tags:1
jason rosete,5420,1,tags:1
jataí,5421,1,tags:1
jaune,5422,1,tags:1
java,5423,1,tags:1
javadoug,5424,1,tags:1
javadoug plays the violin,5425,1,tags:1
jaws,5426,4,tags:4
jay,5427,1,tags:1
jay krause photography,5428,1,tags:1
jaykrause,5429,1,tags:1
jazz,5430,9,tags:9
jazz guitar,5431,3,tags:3
jazz guitars,5432,3,tags:3
jazz rock,5433,1,tags:1
jcc,5434,1,tags:1
jcfd,5435,2,tags:2
jcole85,5436,1,tags:1
jdmckinnon,5437,1,tags:1
jean,5438,1,tags:1
jean-talon market,5439,1,tags:1
jeans,5440,1,tags:1
jebbias,5441,1,tags:1
jeff,5442,2,tags:2
jeff delviscio,5443,1,tags:1
jeff lowe,5444,1,tags:1
jeffery delviscio,5445,1,tags:1
jeffrey,5446,1,tags:1
jeffrey a. lowe,5447,1,tags:1
jeffrey delviscio,5448,1,tags:1
jeffrey lowe,5449,1,tags:1
jehovah's witnesses,5450,1,tags:1
jekyll island,5451,1,tags:1
jen passarge,5452,2,tags:2
jen simpson,5453,1,tags:1
jen551973,5454,2,tags:2
jeni fleming,5455,1,tags:1
jeni fleming acoustic trio,5456,1,tags:1
jeni fleming trio,5457,1,tags:1
jenny passarge,5458,2,tags:2
jeremy,5459,1,tags:1
jeremywebb,5460,1,tags:1
jericho,5461,1,tags:1
jersey,5462,9,tags:9
jersey city,5463,2,tags:2
jersey shore,5464,1,tags:1
jerusalem,5465,3,tags:3
jessica,5466,1,tags:1
jesters,5467,1,tags:1
jesus,5468,1,tags:1
jet,5469,1,tags:1
jet cars under the stars,5470,1,tags:1
jeunesses musicales,5471,3,tags:3
jewelry,5472,3,tags:3
jewish mother,5473,1,tags:1
jewlery,5474,1,tags:1
jfpower,5475,1,tags:1
jgoldpac,5476,1,tags:1
jiggae,5477,1,tags:1
jim,5478,2,tags:2
jim deacon,5479,1,tags:1
jim mazur jr,5480,1,tags:1
jimchampion,5481,1,tags:1
jimmy,5482,1,tags:1
jinan,5483,1,tags:1
jinwon,5484,1,tags:1
jiufen,5485,1,tags:1
jjigae,5486,4,tags:4
jlp551973,5487,2,tags:2
jmc,5488,1,tags:1
joanna felder,5489,1,tags:1
joanne,5490,2,tags:2
jodymcg,5491,1,tags:1
joe,5492,6,tags:6
joe philipson,5493,1,tags:1
joe walsh,5494,1,tags:1
joe's pub,5495,1,tags:1
joepye,5496,1,tags:1
johann haviland,5497,1,tags:1
johannes manjrekar,5498,1,tags:1
johannesburg,5499,1,tags:1
john,5500,4,tags:4
john kimbler,5501,25,tags:25
john mellencamp,5502,1,tags:1
john paul ii,5503,1,tags:1
johnpanelo_nature,5504,1,tags:1
johnson city,5505,1,tags:1
"johnson city, ny",5506,1,tags:1
johnson county,5507,1,tags:1
johnsonville,5508,1,tags:1
jon law,5509,12,tags:12
jones yan,5510,5,tags:5
jordan,5511,2,tags:2
jorghenstein,5512,1,tags:1
josephson c42,5513,7,tags:7
josh grier,5514,1,tags:1
josiah,5515,1,tags:1
joulukuu,5516,1,tags:1
journalism,5517,1,tags:1
journey,5518,2,tags:2
journey of an ant,5519,1,tags:1
joy,5520,3,tags:3
joyce,5521,1,tags:1
joyful,5522,1,tags:1
joz's lunchtime look,5523,1,tags:1
jpa3,5524,1,tags:1
jpassarge,5525,2,tags:2
jphilipson,5526,1,tags:1
judyb,5527,1,tags:1
jug,5528,2,tags:2
juice,5529,1,tags:1
juicy,5530,2,tags:2
jujube,5531,1,tags:1
julep67,5532,2,tags:2
julia child,5533,1,tags:1
julian,5534,1,tags:1
july,5535,24,tags:24
july 12 '08,5536,2,tags:2
july 2007,5537,3,tags:3
july 2008,5538,1,tags:1
"july 22,2008",5539,1,tags:1
july 4th,5540,2,tags:2
july07,5541,2,tags:2
july4,5542,4,tags:4
july4th,5543,5,tags:5
jumper,5544,1,tags:1
jumper ant,5545,1,tags:1
jumping,5546,2,tags:2
jumping spider,5547,1,tags:1
jumpingspider,5548,1,tags:1
jumpsuit,5549,1,tags:1
jun07,5550,1,tags:1
junction,5551,1,tags:1
june,5552,25,tags:25
june 2008,5553,3,tags:3
jungle,5554,2,tags:2
jungle fern,5555,1,tags:1
junk,5556,2,tags:2
junkyard,5557,1,tags:1
just,5558,2,tags:2
justpentax,5559,10,tags:10
juventudes musicales,5560,5,tags:5
juventudes musicales de leon,5561,3,tags:3
k,5562,1,tags:1
k100d,5563,2,tags:2
k10d,5564,3,tags:3
k200d,5565,1,tags:1
k750i,5566,2,tags:2
kagoshima,5567,1,tags:1
kailua,5568,1,tags:1
kaiseki,5569,1,tags:1
kakadoo,5570,1,tags:1
kale,5571,1,tags:1
kalimar,5572,1,tags:1
kalman,5573,1,tags:1
kama,5574,1,tags:1
kamikadse,5575,1,tags:1
kamuela,5576,1,tags:1
kanada,5577,1,tags:1
kane,5578,1,tags:1
kangaroo,5579,1,tags:1
kangaroo crew,5580,1,tags:1
kansai,5581,1,tags:1
kansas,5582,2,tags:2
kansas city,5583,2,tags:2
kaohsiung,5584,2,tags:2
karaa,5585,1,tags:1
karaoke,5586,1,tags:1
karel holas,5587,1,tags:1
karin eriksson,5588,2,tags:2
karinhodginjones,5589,1,tags:1
kartinka,5590,5,tags:5
karınca,5591,1,tags:1
kashidhoo,5592,1,tags:1
kasi,5593,1,tags:1
kasmil,5594,1,tags:1
kate,5595,1,tags:1
katestarr,5596,1,tags:1
katy,5597,1,tags:1
katy weaver,5598,1,tags:1
kay,5599,1,tags:1
kaygetsu,5600,1,tags:1
kb6,5601,1,tags:1
kclama,5602,2,tags:2
kd-310z,5603,1,tags:1
kdhx community media,5604,1,tags:1
kdhx harvest sessions,5605,2,tags:2
keele,5606,1,tags:1
keele university,5607,1,tags:1
kefta,5608,1,tags:1
keith hall,5609,2,tags:2
kell,5610,1,tags:1
kelle,5611,1,tags:1
kenka japanese restaurant,5612,1,tags:1
kenko,5613,2,tags:2
kenko 12mm dg extension tube,5614,1,tags:1
kenko 20mm dg extension tube,5615,1,tags:1
kenko 36mm dg extension tube,5616,1,tags:1
kenko ext tube 36mm,5617,1,tags:1
kennedy,5618,1,tags:1
kensington,5619,2,tags:2
kensington volunteer fire department,5620,1,tags:1
kent,5621,5,tags:5
kentucky,5622,5,tags:5
kenworth,5623,3,tags:3
kerala,5624,2,tags:2
kerr,5625,1,tags:1
kerr jar,5626,1,tags:1
kerrang,5627,1,tags:1
kert,5628,5,tags:5
kettle,5629,2,tags:2
kevin,5630,1,tags:1
kevin breuner,5631,1,tags:1
kevin vertucio,5632,1,tags:1
kevinv033™,5633,1,tags:1
keyboard,5634,1,tags:1
keyboardist,5635,1,tags:1
keyboards,5636,2,tags:2
keyhole,5637,1,tags:1
keynes,5638,1,tags:1
khalil gibran,5639,1,tags:1
khau vai,5640,1,tags:1
khyronsdf,5641,1,tags:1
kia,5642,1,tags:1
kickham,5643,1,tags:1
kickwheel,5644,1,tags:1
kids,5645,15,tags:15
kids camp activity,5646,1,tags:1
kidsturk,5647,1,tags:1
kiirtan,5648,1,tags:1
kiln,5649,2,tags:2
kim murrell,5650,1,tags:1
kimberly,5651,1,tags:1
kimchi,5652,7,tags:7
kimchi hotpot,5653,1,tags:1
kimchi jjigae,5654,1,tags:1
kindergarten,5655,1,tags:1
kinderkonzert,5656,1,tags:1
kinetic,5657,1,tags:1
kinetic sculpture,5658,1,tags:1
king,5659,2,tags:2
king county,5660,34,tags:34
king kong,5661,1,tags:1
king street,5662,1,tags:1
kingcow,5663,1,tags:1
kingdom,5664,2,tags:2
kingston,5665,3,tags:3
kip,5666,1,tags:1
kirby,5667,2,tags:2
kirby cucumber,5668,1,tags:1
kirche,5669,1,tags:1
kirillov,5670,1,tags:1
kirin,5671,1,tags:1
kirkland,5672,2,tags:2
kit,5673,1,tags:1
kit sweeney,5674,1,tags:1
kitchen,5675,24,tags:24
kitchen garden,5676,2,tags:2
kitchen table,5677,1,tags:1
kitten,5678,2,tags:2
kittens,5679,1,tags:1
kittymax,5680,1,tags:1
kiwi,5681,1,tags:1
klavier,5682,3,tags:3
kleingarten,5683,1,tags:1
klira,5684,1,tags:1
kme,5685,2,tags:2
knapweed,5686,1,tags:1
knife,5687,9,tags:9
knight,5688,1,tags:1
knork,5689,1,tags:1
kobiz,5690,1,tags:1
kobiz7,5691,1,tags:1
koch,5692,1,tags:1
kodaeasyshare,5693,1,tags:1
kodak,5694,7,tags:7
kodak duaflex old,5695,3,tags:3
kodak gold,5696,1,tags:1
kodakdx6340,5697,1,tags:1
kodakpointandshoot,5698,1,tags:1
kodakpointshoot,5699,1,tags:1
koeln,5700,1,tags:1
koelreuteria,5701,1,tags:1
koelreuteria paniculata,5702,1,tags:1
koh,5703,1,tags:1
kohlrabi,5704,2,tags:2
koinonia,5705,1,tags:1
kole,5706,1,tags:1
kong,5707,3,tags:3
kongking93,5708,1,tags:1
kongress,5709,1,tags:1
konica,5710,2,tags:2
konzert,5711,1,tags:1
konzertkirche,5712,1,tags:1
korea,5713,10,tags:10
korea house,5714,1,tags:1
korean,5715,15,tags:15
korean cucumber salad,5716,1,tags:1
korean cuisine,5717,1,tags:1
korean food,5718,6,tags:6
korean hot pot,5719,1,tags:1
korean hotpot,5720,1,tags:1
korean pickle,5721,1,tags:1
korean zucchini,5722,1,tags:1
korean_cuisine,5723,1,tags:1
korg,5724,1,tags:1
korma,5725,1,tags:1
kornwestheim,5726,3,tags:3
kosher salt,5727,1,tags:1
kosice,5728,1,tags:1
kosovo,5729,2,tags:2
kozlowski,5730,1,tags:1
krause,5731,1,tags:1
kris,5732,1,tags:1
krissie,5733,1,tags:1
krissie p,5734,1,tags:1
kristen,5735,1,tags:1
kristen gillett,5736,1,tags:1
kristen lance,5737,1,tags:1
kräuter,5738,1,tags:1
kt50,5739,1,tags:1
ktelqueen,5740,1,tags:1
kthread,5741,1,tags:1
ku,5742,1,tags:1
kuala,5743,1,tags:1
kubica,5744,3,tags:3
kuching,5745,5,tags:5
kulturhaus,5746,1,tags:1
kundaliniiexpress,5747,1,tags:1
kunming,5748,2,tags:2
kunst,5749,1,tags:1
kunsthådnværk,5750,1,tags:1
kura,5751,1,tags:1
kuwait,5752,1,tags:1
kuwait voluntary work center,5753,1,tags:1
kvfd,5754,1,tags:1
kwuntong,5755,1,tags:1
ky,5756,3,tags:3
kyoto,5757,3,tags:3
käse,5758,1,tags:1
l,5759,1,tags:1
l 4a,5760,1,tags:1
l love my pic,5761,1,tags:1
l love my pics,5762,2,tags:2
l-mo,5763,2,tags:2
la,5764,12,tags:12
la batte,5765,2,tags:2
la boca,5766,1,tags:1
la doce,5767,1,tags:1
la hortaliza,5768,1,tags:1
la mesa,5769,1,tags:1
la pampa,5770,1,tags:1
label,5771,1,tags:1
labor,5772,1,tags:1
labor day 2007,5773,1,tags:1
laborday,5774,1,tags:1
labrador,5775,1,tags:1
"labrador retriever, lab, black lab, black labrador retriever, stealing, garden thief",5776,1,tags:1
lace,5777,2,tags:2
lachanophobia,5778,1,tags:1
lactofermentation,5779,1,tags:1
lactose free,5780,1,tags:1
lactosefree,5781,1,tags:1
lacy,5782,1,tags:1
ladder,5783,21,tags:21
ladder truck,5784,2,tags:2
ladders,5785,1,tags:1
laddertruck,5786,1,tags:1
lady,5787,3,tags:3
lady bug,5788,1,tags:1
lady photographer,5789,1,tags:1
lady's finger,5790,1,tags:1
ladybird,5791,1,tags:1
lafayette,5792,5,tags:5
lafd,5793,1,tags:1
lafrance,5794,7,tags:7
lag,5795,4,tags:4
lagartijo,5796,1,tags:1
lagrange illinois,5797,1,tags:1
laguna beach,5798,1,tags:1
laguna bean,5799,1,tags:1
lahore,5800,1,tags:1
laimonas,5801,2,tags:2
lajolla,5802,1,tags:1
lake,5803,3,tags:3
lake ann,5804,1,tags:1
lake lanier,5805,1,tags:1
lake ontario,5806,1,tags:1
lakesummit,5807,1,tags:1
lakewood,5808,1,tags:1
lamb,5809,7,tags:7
lamb hot pot,5810,1,tags:1
lamb spine,5811,1,tags:1
lamerique,5812,1,tags:1
lanarkshire,5813,1,tags:1
lancashire,5814,2,tags:2
land,5815,2,tags:2
land rover,5816,2,tags:2
land rover freelander,5817,1,tags:1
landing,5818,1,tags:1
landmark,5819,1,tags:1
landover drive,5820,5,tags:5
landscape,5821,3,tags:3
landscape architecture,5822,1,tags:1
lane,5823,1,tags:1
laney,5824,1,tags:1
language,5825,1,tags:1
lansdown,5826,1,tags:1
lansing,5827,1,tags:1
lantana,5828,1,tags:1
lantana camara,5829,1,tags:1
lantau island,5830,1,tags:1
lantern,5831,1,tags:1
lao,5832,3,tags:3
laos,5833,1,tags:1
laotian,5834,1,tags:1
laprincesse,5835,1,tags:1
lapsteel,5836,1,tags:1
laptop,5837,2,tags:2
laptop lunch,5838,1,tags:1
large,5839,15,tags:15
large platter,5840,1,tags:1
large vegetables,5841,2,tags:2
largo argentina,5842,1,tags:1
larivee,5843,1,tags:1
laroca,5844,1,tags:1
larocaumc,5845,1,tags:1
larry,5846,1,tags:1
lars a. kristiansen,5847,2,tags:2
larva,5848,8,tags:8
larvae,5849,9,tags:9
las,5850,2,tags:2
las vegas,5851,1,tags:1
lasagna,5852,1,tags:1
lasagna gardening,5853,2,tags:2
lasalade,5854,1,tags:1
laser,5855,1,tags:1
laser á rósenberg,5856,1,tags:1
lasioglossum,5857,3,tags:3
lasioglossum ovaliceps,5858,3,tags:3
lasius,5859,2,tags:2
lasius flavus,5860,1,tags:1
lasius niger,5861,1,tags:1
lastfm:event=498242,5862,1,tags:1
lastfm:event=637211,5863,1,tags:1
late,5864,1,tags:1
late blight,5865,1,tags:1
latin america,5866,1,tags:1
latinoamerica,5867,1,tags:1
lato,5868,1,tags:1
latt,5869,1,tags:1
lattchildren'stheatre,5870,1,tags:1
latvia,5871,1,tags:1
latvija,5872,1,tags:1
lau,5873,3,tags:3
laugh,5874,1,tags:1
laughing,5875,2,tags:2
laughter,5876,2,tags:2
laura,5877,2,tags:2
lauren,5878,3,tags:3
lautsprecher,5879,1,tags:1
lavender,5880,4,tags:4
lawrance,5881,1,tags:1
lawrence,5882,1,tags:1
lawrence farmers' market,5883,1,tags:1
lawson 47fet,5884,7,tags:7
lay@passionatedreams,5885,1,tags:1
layer,5886,1,tags:1
lazio,5887,2,tags:2
ldh,5888,1,tags:1
le hot club de ma rue,5889,1,tags:1
leaded,5890,1,tags:1
leader inside emotions,5891,1,tags:1
leaf,5892,29,tags:29
leaf cutter ant,5893,1,tags:1
leaf cutter bee,5894,1,tags:1
leaf cutting ants,5895,1,tags:1
leaf-cutter ants,5896,1,tags:1
leaf-cutter bee,5897,1,tags:1
leafcutter,5898,5,tags:5
leafcutter ant,5899,1,tags:1
leafcutter ants,5900,1,tags:1
leafcutterbee,5901,1,tags:1
leafcutters,5902,1,tags:1
leafs,5903,1,tags:1
learn,5904,2,tags:2
learn english,5905,1,tags:1
learning,5906,1,tags:1
learning to cook,5907,1,tags:1
leave,5908,1,tags:1
leaves,5909,12,tags:12
lebanese,5910,1,tags:1
lebanese cucumber,5911,1,tags:1
lebanesecucumber,5912,1,tags:1
lebanon,5913,1,tags:1
lebron,5914,1,tags:1
lebron photography,5915,1,tags:1
lebronphoto,5916,1,tags:1
ledbetter,5917,1,tags:1
ledger,5918,1,tags:1
lee,5919,1,tags:1
leeds,5920,2,tags:2
leeds castle,5921,1,tags:1
leek,5922,2,tags:2
leeks,5923,4,tags:4
left,5924,1,tags:1
left-handed,5925,1,tags:1
legged,5926,2,tags:2
legno,5927,2,tags:2
legs,5928,4,tags:4
legumes,5929,2,tags:2
leica,5930,1,tags:1
leicester,5931,1,tags:1
leiden,5932,1,tags:1
leisure,5933,1,tags:1
leley,5934,1,tags:1
lemförde,5935,1,tags:1
lemon,5936,7,tags:7
lemon boy,5937,1,tags:1
lemon cucumber,5938,3,tags:3
lemon cucumber vegetables,5939,1,tags:1
lemons,5940,2,tags:2
lenie 't hart,5941,1,tags:1
lennon,5942,1,tags:1
lens,5943,3,tags:3
lens00025,5944,1,tags:1
lens:aperture=4,5945,1,tags:1
lens:focal_max=200,5946,1,tags:1
lens:focal_min=70,5947,1,tags:1
lens:maker=canon,5948,1,tags:1
lenstagged,5949,1,tags:1
lente,5950,1,tags:1
leokins,5951,1,tags:1
leon,5952,9,tags:9
leong kit meng,5953,1,tags:1
leopold,5954,1,tags:1
les paul,5955,1,tags:1
lesson,5956,2,tags:2
let's bap,5957,1,tags:1
lethbridge,5958,1,tags:1
lettuce,5959,26,tags:26
lettuces,5960,1,tags:1
leucospermum,5961,1,tags:1
lewesrat,5962,1,tags:1
lewis residence,5963,1,tags:1
lexington,5964,3,tags:3
lexmark photography club,5965,1,tags:1
leytonbury,5966,2,tags:2
leytonstone,5967,2,tags:2
león,5968,1,tags:1
lg,5969,1,tags:1
lg-o,5970,1,tags:1
lh,5971,1,tags:1
lh iiic,5972,1,tags:1
lh-200,5973,1,tags:1
lhc,5974,2,tags:2
lhiiic middle,5975,1,tags:1
li,5976,1,tags:1
library,5977,2,tags:2
lic,5978,1,tags:1
lice,5979,1,tags:1
lices,5980,1,tags:1
lick,5981,2,tags:2
lid,5982,4,tags:4
lidded jar,5983,1,tags:1
lietuva,5984,1,tags:1
life,5985,25,tags:25
life is good,5986,1,tags:1
life on earth,5987,1,tags:1
life's a riot!,5988,1,tags:1
life.country.shabby.interior,5989,1,tags:1
lifeson,5990,1,tags:1
lifestyle,5991,1,tags:1
life~asiseeit,5992,1,tags:1
lifted,5993,1,tags:1
light,5994,30,tags:30
light & shadow,5995,1,tags:1
light blue,5996,2,tags:2
light box,5997,1,tags:1
light painting,5998,1,tags:1
light trails,5999,1,tags:1
lighting,6000,4,tags:4
lightning,6001,1,tags:1
lightroom,6002,1,tags:1
lights,6003,25,tags:25
liitle,6004,1,tags:1
like,6005,1,tags:1
lilac,6006,1,tags:1
lilacs,6007,2,tags:2
lilies,6008,1,tags:1
lilium,6009,1,tags:1
lilium martagon,6010,1,tags:1
lily,6011,6,tags:6
lily of the valley,6012,1,tags:1
limbs,6013,2,tags:2
lime,6014,4,tags:4
limestone,6015,3,tags:3
limited,6016,3,tags:3
limited edition,6017,1,tags:1
limits),6018,1,tags:1
limon,6019,1,tags:1
lin,6020,1,tags:1
lincoln,6021,3,tags:3
lincoln county,6022,1,tags:1
lincoln highway,6023,1,tags:1
lincolnshire,6024,2,tags:2
lincs,6025,1,tags:1
lindalou and michael,6026,3,tags:3
line,6027,1,tags:1
line 6,6028,1,tags:1
line and color,6029,1,tags:1
lines,6030,2,tags:2
lines and curves,6031,1,tags:1
link,6032,1,tags:1
linocut,6033,1,tags:1
lion's den,6034,1,tags:1
lirae,6035,1,tags:1
lis,6036,1,tags:1
lise jørgensen,6037,1,tags:1
lisle,6038,1,tags:1
listening room,6039,1,tags:1
lithuania,6040,2,tags:2
litter,6041,1,tags:1
little,6042,4,tags:4
little bit of oil,6043,1,tags:1
little bouquet,6044,1,tags:1
little creatures,6045,1,tags:1
"little india, singapore",6046,1,tags:1
little italy,6047,1,tags:1
little sheep,6048,6,tags:6
little sheep hot pot,6049,1,tags:1
little shop of horrors,6050,1,tags:1
little tokyo shopping center,6051,1,tags:1
little_hands_clapping,6052,2,tags:2
liuiae,6053,1,tags:1
live,6054,15,tags:15
live jazz,6055,1,tags:1
live music,6056,13,tags:13
live music in cumbria,6057,1,tags:1
live music uk,6058,1,tags:1
live performance,6059,2,tags:2
live show,6060,1,tags:1
liver,6061,1,tags:1
livermore,6062,1,tags:1
liverpool,6063,3,tags:3
living,6064,5,tags:5
living room,6065,1,tags:1
living with the land,6066,1,tags:1
liyin,6067,2,tags:2
liyin cartoon & caricature,6068,2,tags:2
liyin creative professional,6069,2,tags:2
liyin design,6070,2,tags:2
liyin designer,6071,2,tags:2
liyin graphic design malaysia,6072,2,tags:2
liyin illustration,6073,2,tags:2
liyin photography,6074,2,tags:2
liyin traveler,6075,2,tags:2
liyincreative,6076,2,tags:2
liyincreative.com,6077,2,tags:2
liz,6078,2,tags:2
lizard,6079,2,tags:2
liège,6080,2,tags:2
lj gervasoni,6081,1,tags:1
lj54kjf,6082,1,tags:1
lj55wzk,6083,1,tags:1
ljubljana,6084,1,tags:1
llanelwy,6085,1,tags:1
lld:subj=4portfolio,6086,1,tags:1
lld:subj=all,6087,1,tags:1
lld:subj=plantsanimals,6088,1,tags:1
load,6089,1,tags:1
loaf,6090,2,tags:2
loar,6091,1,tags:1
local,6092,13,tags:13
local artist,6093,1,tags:1
local food,6094,3,tags:3
local is beautiful,6095,2,tags:2
local_colour,6096,2,tags:2
locally produced,6097,1,tags:1
localvore,6098,3,tags:3
location,6099,1,tags:1
locavore,6100,2,tags:2
loch,6101,1,tags:1
loch mallachie,6102,1,tags:1
locker,6103,1,tags:1
loiret,6104,1,tags:1
lokwahnorth,6105,1,tags:1
lomo,6106,2,tags:2
lomo effect,6107,1,tags:1
lomography,6108,3,tags:3
lomoized,6109,1,tags:1
lomolike,6110,1,tags:1
londen,6111,1,tags:1
london,6112,36,tags:36
london ambulance service,6113,1,tags:1
london ambulance service nhs trust,6114,1,tags:1
london butterfly house,6115,1,tags:1
london china town,6116,1,tags:1
london fire brigade,6117,1,tags:1
london londres fruits frutas amarillo yellow,6118,1,tags:1
london pride,6119,1,tags:1
london w5,6120,1,tags:1
london zoo,6121,1,tags:1
londonambulanceservice,6122,1,tags:1
long,6123,6,tags:6
long beets,6124,1,tags:1
long exposure,6125,1,tags:1
long sutton,6126,1,tags:1
long-horned bee,6127,1,tags:1
longan,6128,1,tags:1
longhorn bee,6129,1,tags:1
longislandcity,6130,1,tags:1
longservicemedal,6131,1,tags:1
longwood gardens,6132,1,tags:1
longy,6133,1,tags:1
loofahs,6134,1,tags:1
look,6135,1,tags:1
"look out geophysicists, they're coming to get you",6136,1,tags:1
looking,6137,1,tags:1
looking up,6138,1,tags:1
lorain,6139,1,tags:1
lorika,6140,1,tags:1
los,6141,3,tags:3
los angeles,6142,9,tags:9
los angeles ca,6143,1,tags:1
los anglese fire department,6144,1,tags:1
losangeles,6145,1,tags:1
lots of growth,6146,1,tags:1
lotus restaurant,6147,1,tags:1
louisiana,6148,6,tags:6
louisville,6149,1,tags:1
louse,6150,1,tags:1
love,6151,9,tags:9
love it,6152,1,tags:1
loveit,6153,1,tags:1
lovely,6154,2,tags:2
lover,6155,1,tags:1
low carb,6156,1,tags:1
low key,6157,1,tags:1
low light,6158,2,tags:2
lowdown,6159,1,tags:1
lower-hutt,6160,1,tags:1
loyalist,6161,3,tags:3
lti,6162,2,tags:2
luci,6163,1,tags:1
lucian,6164,1,tags:1
lucky wok,6165,1,tags:1
luckykatt,6166,1,tags:1
lucy,6167,1,tags:1
luffa,6168,1,tags:1
lugansky,6169,1,tags:1
luglio,6170,2,tags:2
luis,6171,1,tags:1
luis lebron,6172,1,tags:1
luke,6173,1,tags:1
lukepickett,6174,1,tags:1
lumanog,6175,7,tags:7
lumanog guitars,6176,7,tags:7
lumber,6177,1,tags:1
lumiquest,6178,1,tags:1
lumix,6179,9,tags:9
lumixdmc-fx30,6180,1,tags:1
lumpur,6181,1,tags:1
lunar new year,6182,2,tags:2
lunasa,6183,1,tags:1
lunch,6184,24,tags:24
lunchbox,6185,2,tags:2
lundqma,6186,1,tags:1
lunn,6187,1,tags:1
lustre,6188,1,tags:1
lustre en fer forgé,6189,1,tags:1
luthier,6190,3,tags:3
luthier.,6191,6,tags:6
luvmykatz,6192,1,tags:1
luxembourg,6193,1,tags:1
luxemburg,6194,1,tags:1
luz,6195,1,tags:1
luzsombra,6196,1,tags:1
lx2,6197,1,tags:1
lx3,6198,1,tags:1
lydd,6199,1,tags:1
lykes,6200,1,tags:1
lynchburg virginia,6201,1,tags:1
lyncourt,6202,1,tags:1
lythrum salicaria,6203,1,tags:1
lågkrukke,6204,1,tags:1
légume,6205,8,tags:8
légumes,6206,3,tags:3
löschfahrzeug,6207,1,tags:1
löschzug,6208,1,tags:1
m,6209,1,tags:1
m42,6210,2,tags:2
m8,6211,1,tags:1
ma,6212,5,tags:5
ma la,6213,1,tags:1
maanden,6214,1,tags:1
mabeltan,6215,1,tags:1
mac,6216,2,tags:2
macaroni salad,6217,1,tags:1
macarthur,6218,1,tags:1
macau,6219,1,tags:1
macbook pro,6220,1,tags:1
machaneh yehuda,6221,3,tags:3
machine,6222,1,tags:1
machinery,6223,1,tags:1
maciomhair,6224,1,tags:1
mack,6225,5,tags:5
mackenzie king bridge,6226,1,tags:1
maco,6227,1,tags:1
macrae,6228,1,tags:1
macro,6229,645,tags:645
macro & close up monday,6230,1,tags:1
macro 5d,6231,2,tags:2
macro flowers,6232,1,tags:1
macro insects,6233,1,tags:1
macro maniacs of singapore,6234,1,tags:1
macro mode,6235,1,tags:1
macro photo (no limits),6236,1,tags:1
macro photography,6237,1,tags:1
macro photos (no limits),6238,4,tags:4
macro photos (no limits)​,6239,1,tags:1
macro shots,6240,1,tags:1
macro!macro!!macro!!!,6241,1,tags:1
macro's landen bee's wasp's,6242,3,tags:3
macroaward,6243,1,tags:1
macroawards,6244,1,tags:1
macrocephalic,6245,2,tags:2
macroflowerlovers,6246,1,tags:1
macrofotografia,6247,1,tags:1
macrofotografiaitaliana,6248,1,tags:1
macrographie,6249,1,tags:1
macrography,6250,1,tags:1
macromarvels,6251,14,tags:14
macromode,6252,1,tags:1
macromonday,6253,1,tags:1
macrophotographie,6254,3,tags:3
macrophotography,6255,6,tags:6
macrophotosnolimits,6256,1,tags:1
macropixels,6257,1,tags:1
macros,6258,5,tags:5
macrosdenaturaleza,6259,2,tags:2
macroshots,6260,1,tags:1
macspite,6261,1,tags:1
made,6262,3,tags:3
made in canada,6263,1,tags:1
made in japan,6264,2,tags:2
made.,6265,1,tags:1
madeira,6266,2,tags:2
madison,6267,1,tags:1
madison county,6268,1,tags:1
madison illinois,6269,1,tags:1
madonna delle virtù,6270,1,tags:1
madrid,6271,2,tags:2
mae hong san,6272,2,tags:2
maesawa,6273,1,tags:1
magazine,6274,1,tags:1
magenta,6275,1,tags:1
magic,6276,1,tags:1
magic city,6277,1,tags:1
magic donkey,6278,1,tags:1
magic of a world in macro,6279,1,tags:1
magic of chongqing hot pot,6280,1,tags:1
magical,6281,1,tags:1
magicdonkeysbest,6282,1,tags:1
magicofaworldinmacro,6283,1,tags:1
magirus,6284,2,tags:2
magnolia,6285,1,tags:1
magyarorszag,6286,1,tags:1
magyarország,6287,1,tags:1
mahogany,6288,4,tags:4
maid cafe,6289,1,tags:1
mailified,6290,1,tags:1
maiming,6291,1,tags:1
main,6292,2,tags:2
main street,6293,1,tags:1
maine,6294,8,tags:8
mainline,6295,1,tags:1
mainstreet,6296,4,tags:4
maize,6297,3,tags:3
majorca,6298,1,tags:1
makan,6299,1,tags:1
makarska,6300,1,tags:1
make,6301,2,tags:2
make booth,6302,1,tags:1
make fire truck,6303,1,tags:1
make magazine,6304,1,tags:1
maker faire,6305,2,tags:2
maker faire 2007,6306,2,tags:2
maker.,6307,6,tags:6
makerfaire,6308,1,tags:1
makerfaire2007,6309,1,tags:1
makerfairebayarea2007,6310,1,tags:1
makersfaire,6311,1,tags:1
makeshift-vase,6312,1,tags:1
maki,6313,1,tags:1
making violins,6314,1,tags:1
makro,6315,8,tags:8
mala_hotpot,6316,1,tags:1
malacca,6317,1,tags:1
malaysia,6318,14,tags:14
malaysia civil defence,6319,1,tags:1
malaysian,6320,1,tags:1
malaysian trip,6321,1,tags:1
malbec,6322,1,tags:1
maldies,6323,1,tags:1
maldive,6324,1,tags:1
maldiven,6325,1,tags:1
maldives,6326,3,tags:3
maldives holiday destination,6327,1,tags:1
maldives ibu's adventure,6328,1,tags:1
maldives photographer,6329,1,tags:1
maldives photography,6330,1,tags:1
maldivian photographer,6331,1,tags:1
maldivian photography,6332,1,tags:1
maldivianamateurphotographers,6333,1,tags:1
maldivies,6334,1,tags:1
male,6335,4,tags:4
mall,6336,8,tags:8
mallorca,6337,1,tags:1
malta,6338,1,tags:1
malton,6339,1,tags:1
mamiya,6340,1,tags:1
man,6341,21,tags:21
manali,6342,1,tags:1
manchester,6343,9,tags:9
mandala,6344,2,tags:2
mandarin,6345,1,tags:1
mandarin palace,6346,1,tags:1
mandible,6347,1,tags:1
mandibles,6348,3,tags:3
mandibulata,6349,1,tags:1
mandolin,6350,5,tags:5
maneesh kaul,6351,2,tags:2
maney,6352,1,tags:1
mangia,6353,1,tags:1
mangiare,6354,1,tags:1
mango,6355,1,tags:1
mangoes,6356,1,tags:1
manhattan,6357,16,tags:16
manifestazione,6358,2,tags:2
manila,6359,1,tags:1
manila binondo,6360,1,tags:1
manipulated,6361,1,tags:1
manitoba,6362,2,tags:2
mano,6363,2,tags:2
mansfield,6364,1,tags:1
manthei,6365,1,tags:1
manual,6366,1,tags:1
manual focus,6367,1,tags:1
manuel,6368,4,tags:4
manuscript,6369,2,tags:2
many,6370,1,tags:1
maos velhas,6371,1,tags:1
map,6372,1,tags:1
maple,6373,1,tags:1
maple festival,6374,4,tags:4
mapped,6375,1,tags:1
mar,6376,1,tags:1
mar to oct 09,6377,1,tags:1
marble jars,6378,1,tags:1
marble jewelry box,6379,1,tags:1
marble lamps,6380,1,tags:1
marble obelisks,6381,1,tags:1
marble paperweight,6382,1,tags:1
marble pedestal sink,6383,1,tags:1
marble pedestals,6384,1,tags:1
marble slabs,6385,1,tags:1
marble tiles,6386,1,tags:1
marble urns,6387,1,tags:1
marble vases,6388,1,tags:1
marc garcia rami,6389,2,tags:2
march,6390,2,tags:2
march 2006,6391,1,tags:1
marche,6392,1,tags:1
marching,6393,1,tags:1
marché,6394,3,tags:3
marché jean-talon,6395,1,tags:1
marco,6396,3,tags:3
maria,6397,1,tags:1
maria ismawi,6398,1,tags:1
maria powell photography,6399,1,tags:1
maria sanz,6400,1,tags:1
mariachi,6401,2,tags:2
marigold,6402,1,tags:1
marigolds,6403,1,tags:1
marin,6404,1,tags:1
marina,6405,2,tags:2
marinated,6406,2,tags:2
mario kart,6407,1,tags:1
mariodeleo,6408,1,tags:1
marjoram,6409,1,tags:1
mark,6410,2,tags:2
mark's garden,6411,1,tags:1
market,6412,64,tags:64
market st,6413,1,tags:1
market;,6414,1,tags:1
marketing,6415,1,tags:1
marketplace,6416,1,tags:1
markets,6417,1,tags:1
markham,6418,1,tags:1
markhamer,6419,1,tags:1
markiets,6420,1,tags:1
markley,6421,1,tags:1
markt,6422,3,tags:3
marktplatz,6423,1,tags:1
marl,6424,1,tags:1
marlvin,6425,1,tags:1
maroochydore,6426,1,tags:1
marooned,6427,1,tags:1
married,6428,1,tags:1
marrow,6429,2,tags:2
marthalynn.ca,6430,2,tags:2
martin,6431,18,tags:18
martin backpacker guitar,6432,1,tags:1
martin d-28,6433,1,tags:1
martin dm,6434,1,tags:1
martin guitar,6435,1,tags:1
martinco,6436,1,tags:1
marty,6437,1,tags:1
maryland,6438,6,tags:6
marylebone,6439,1,tags:1
masaharu ohno,6440,1,tags:1
masala,6441,2,tags:2
mashed,6442,2,tags:2
mask,6443,1,tags:1
mason,6444,5,tags:5
mason jar,6445,1,tags:1
mason jar as vase,6446,1,tags:1
mason jar vase,6447,1,tags:1
mason jars,6448,2,tags:2
masonbee,6449,4,tags:4
masr,6450,1,tags:1
mass,6451,1,tags:1
massachusetts,6452,11,tags:11
massachusetts institute of technology,6453,1,tags:1
massachussetts,6454,1,tags:1
massimiliano peana,6455,1,tags:1
mast,6456,1,tags:1
master,6457,3,tags:3
master photos,6458,1,tags:1
masterbilt,6459,2,tags:2
mastermaq,6460,1,tags:1
mateo,6461,1,tags:1
matera,6462,1,tags:1
mathew,6463,2,tags:2
mathew street festival,6464,1,tags:1
mating,6465,1,tags:1
maton,6466,1,tags:1
matsuda,6467,1,tags:1
matsuda.,6468,5,tags:5
matsutake,6469,1,tags:1
matt,6470,2,tags:2
matt pless,6471,1,tags:1
matt white,6472,2,tags:2
maumelle,6473,1,tags:1
mavica,6474,1,tags:1
maximus,6475,1,tags:1
maxwell street,6476,1,tags:1
may,6477,13,tags:13
may day,6478,1,tags:1
may2005,6479,1,tags:1
maynard,6480,1,tags:1
maynard ma farmers' market mill vegetables food summer produce farm pickling cucumbers,6481,1,tags:1
mays,6482,1,tags:1
maywood civic association,6483,1,tags:1
maze,6484,1,tags:1
maze restaurant,6485,1,tags:1
mazur,6486,1,tags:1
mb,6487,1,tags:1
mc101,6488,1,tags:1
mc903,6489,1,tags:1
mccartney,6490,1,tags:1
mcfrs,6491,1,tags:1
mcginnis,6492,2,tags:2
mcguinn,6493,1,tags:1
mchenry,6494,1,tags:1
mcintyre,6495,1,tags:1
mckenna,6496,1,tags:1
md,6497,3,tags:3
mdmd2decor,6498,1,tags:1
mds,6499,2,tags:2
me,6500,13,tags:13
meadowlark people,6501,1,tags:1
meadows,6502,1,tags:1
meal,6503,10,tags:10
meal snapshots,6504,1,tags:1
mealball,6505,1,tags:1
meat,6506,7,tags:7
meatballs,6507,3,tags:3
meatwave,6508,1,tags:1
medcare,6509,1,tags:1
medcomm,6510,1,tags:1
medgidia,6511,1,tags:1
medic,6512,5,tags:5
medical,6513,8,tags:8
medical emergencies,6514,4,tags:4
medical emergency,6515,2,tags:2
medical technicians,6516,1,tags:1
medicaltransport,6517,1,tags:1
medico,6518,1,tags:1
medics,6519,1,tags:1
medieval,6520,1,tags:1
meditation,6521,1,tags:1
mediterranean,6522,3,tags:3
medium,6523,1,tags:1
medium format,6524,4,tags:4
medivac,6525,1,tags:1
medizin,6526,1,tags:1
meeting,6527,1,tags:1
megachile,6528,2,tags:2
megachilidae,6529,1,tags:1
megan,6530,1,tags:1
megashot,6531,1,tags:1
mehrdad,6532,2,tags:2
meinl,6533,1,tags:1
meito,6534,1,tags:1
mel,6535,1,tags:1
melaka,6536,1,tags:1
melbourne,6537,9,tags:9
melecta,6538,1,tags:1
melectaalbifrons,6539,1,tags:1
melina hammer,6540,1,tags:1
melissodes,6541,2,tags:2
melissodes rivalis,6542,1,tags:1
melitturga,6543,1,tags:1
mellifera,6544,1,tags:1
melodia,6545,2,tags:2
melodica,6546,1,tags:1
melody,6547,1,tags:1
melon,6548,2,tags:2
mementos,6549,1,tags:1
memorabilia,6550,2,tags:2
memorial,6551,3,tags:3
memorial day weekend,6552,1,tags:1
memorialday,6553,1,tags:1
memotions,6554,1,tags:1
memphis,6555,3,tags:3
men at work,6556,1,tags:1
mena,6557,1,tags:1
meniskus,6558,2,tags:2
mercado,6559,8,tags:8
mercato,6560,1,tags:1
mercedes,6561,12,tags:12
mercedes benz,6562,3,tags:3
mercedes benz museum,6563,1,tags:1
mercedes-benz,6564,7,tags:7
mercedes-benz ambulance,6565,1,tags:1
mercedesbenz,6566,1,tags:1
mercy,6567,1,tags:1
meredith/woodwen ranch,6568,1,tags:1
merketeers,6569,1,tags:1
merlincat,6570,1,tags:1
mermaid,6571,1,tags:1
merzouga,6572,1,tags:1
mesa,6573,1,tags:1
mess,6574,1,tags:1
messor,6575,1,tags:1
mestuffs,6576,2,tags:2
meta:exif=1248382948,6577,1,tags:1
meta:exif=1257956492,6578,1,tags:1
meta:exif=1350406619,6579,1,tags:1
meta:exif=1380269571,6580,1,tags:1
metal,6581,6,tags:6
metal sculpture,6582,4,tags:4
metalic,6583,1,tags:1
metallic,6584,1,tags:1
metallic green,6585,1,tags:1
metallic green bee,6586,1,tags:1
metalwork,6587,1,tags:1
metalworking,6588,1,tags:1
metamorphosed,6589,1,tags:1
metapterygota,6590,1,tags:1
methodist,6591,1,tags:1
metro chicago fire,6592,1,tags:1
metro detroit,6593,1,tags:1
metropole,6594,1,tags:1
metropolitan,6595,2,tags:2
metropolitan museum of art,6596,6,tags:6
metti una sera all'opera,6597,1,tags:1
mexican,6598,1,tags:1
mexican bird of paradise,6599,1,tags:1
mexican cuisine,6600,1,tags:1
mexicanguitar,6601,1,tags:1
mexico,6602,13,tags:13
mexico city,6603,1,tags:1
mezzi,6604,1,tags:1
mfd,6605,2,tags:2
mh iii,6606,1,tags:1
mharrsch,6607,1,tags:1
miami,6608,1,tags:1
"miamisburg, oh",6609,2,tags:2
miaou,6610,1,tags:1
micene,6611,2,tags:2
miceneo,6612,1,tags:1
michael,6613,3,tags:3
michael hansen,6614,1,tags:1
michael kelly,6615,1,tags:1
michaelduanestewart,6616,2,tags:2
michaelstewart,6617,2,tags:2
michelle,6618,1,tags:1
michelle deakin,6619,4,tags:4
michi.,6620,6,tags:6
michigan,6621,14,tags:14
michihiro,6622,6,tags:6
mickaul,6623,1,tags:1
micrandrena,6624,2,tags:2
micrandrena subopaca,6625,1,tags:1
micro,6626,6,tags:6
micro-nikkor,6627,1,tags:1
micropezidae,6628,1,tags:1
microphone,6629,7,tags:7
microphones,6630,2,tags:2
microscopic,6631,1,tags:1
mics,6632,1,tags:1
micénico,6633,1,tags:1
mid-autumn festival,6634,1,tags:1
midas,6635,1,tags:1
middle,6636,2,tags:2
middle east,6637,1,tags:1
middle school,6638,1,tags:1
middlesex,6639,1,tags:1
middletonwi,6640,1,tags:1
middlewood ambulance station,6641,1,tags:1
midin,6642,1,tags:1
midtown,6643,3,tags:3
midwest,6644,3,tags:3
midwood,6645,1,tags:1
mier,6646,1,tags:1
mieren,6647,1,tags:1
miichan,6648,1,tags:1
mika,6649,2,tags:2
mikaplexus,6650,2,tags:2
mike,6651,1,tags:1
mike and roo,6652,1,tags:1
mike and roohi,6653,1,tags:1
mike and roohi's wedding,6654,1,tags:1
mike harbin,6655,1,tags:1
mike'sdance,6656,1,tags:1
miken,6657,1,tags:1
mikinai,6658,2,tags:2
mikines,6659,2,tags:2
milan,6660,1,tags:1
mild,6661,1,tags:1
mile,6662,1,tags:1
military,6663,9,tags:9
militaryvehicle,6664,1,tags:1
milk,6665,3,tags:3
milk glass,6666,5,tags:5
milk truck,6667,1,tags:1
milkfree,6668,1,tags:1
"milkfree, lactosefree",6669,1,tags:1
milkweed,6670,3,tags:3
mill,6671,1,tags:1
miller,6672,2,tags:2
millhair,6673,1,tags:1
millie,6674,1,tags:1
million,6675,1,tags:1
millipead,6676,1,tags:1
milpitas,6677,1,tags:1
milton,6678,1,tags:1
milton keynes,6679,1,tags:1
milwaukee,6680,3,tags:3
milziade caprili,6681,1,tags:1
mimamorflowers,6682,1,tags:1
mimbrava,6683,3,tags:3
mimi,6684,1,tags:1
mimic,6685,3,tags:3
mimicking,6686,1,tags:1
mimicry,6687,3,tags:3
minato,6688,2,tags:2
mindanao,6689,1,tags:1
mine,6690,1,tags:1
miner,6691,1,tags:1
miner bee,6692,5,tags:5
mineral wa,6693,1,tags:1
minerbee,6694,12,tags:12
mini,6695,3,tags:3
mini pumper,6696,1,tags:1
mini tomato,6697,1,tags:1
mini tomfest,6698,1,tags:1
mini-pump,6699,1,tags:1
miniature,6700,4,tags:4
minibeasts,6701,1,tags:1
minimal,6702,1,tags:1
minimalistic,6703,1,tags:1
mining bee,6704,13,tags:13
ministry,6705,1,tags:1
minneapolis,6706,3,tags:3
minnesota,6707,6,tags:6
minni's shabu shabu,6708,1,tags:1
minnow,6709,1,tags:1
minolta,6710,5,tags:5
minolta autocord,6711,1,tags:1
minsk,6712,1,tags:1
mint,6713,2,tags:2
minuscule,6714,1,tags:1
minute,6715,4,tags:4
mirabelle,6716,1,tags:1
miracle fruit,6717,1,tags:1
mirea's realm,6718,1,tags:1
mirror,6719,1,tags:1
miscellaneous set,6720,1,tags:1
misericordia,6721,1,tags:1
misericordia catania,6722,1,tags:1
miso,6723,1,tags:1
misr,6724,1,tags:1
miss violinist,6725,1,tags:1
mission,6726,2,tags:2
mississauga,6727,2,tags:2
mississauga news,6728,1,tags:1
mississippi,6729,6,tags:6
mississippi river,6730,1,tags:1
missouri,6731,10,tags:10
missy,6732,1,tags:1
mistermister,6733,1,tags:1
misty,6734,1,tags:1
mistybliss,6735,1,tags:1
mit,6736,1,tags:1
mit museum,6737,1,tags:1
mite,6738,2,tags:2
mitsuba,6739,1,tags:1
mittenwald,6740,4,tags:4
mix,6741,3,tags:3
mix fruit,6742,1,tags:1
mixed reality,6743,1,tags:1
mixing,6744,2,tags:2
mjfas,6745,1,tags:1
mkh,6746,2,tags:2
mkii,6747,1,tags:1
mkv,6748,1,tags:1
mlm922l,6749,1,tags:1
mlundquistphoto,6750,1,tags:1
mm,6751,1,tags:1
mmm,6752,2,tags:2
mmmm,6753,1,tags:1
mmos,6754,1,tags:1
mo,6755,1,tags:1
mobile,6756,1,tags:1
mobile phone cam,6757,1,tags:1
mobilephone,6758,1,tags:1
moblog,6759,2,tags:2
mococa,6760,1,tags:1
mod,6761,1,tags:1
model,6762,1,tags:1
modelling,6763,2,tags:2
modern,6764,1,tags:1
modified holga,6765,1,tags:1
moh,6766,1,tags:1
moines,6767,1,tags:1
mold,6768,1,tags:1
moldova,6769,6,tags:6
molokai,6770,1,tags:1
mom,6771,1,tags:1
mom's,6772,1,tags:1
mom's club,6773,1,tags:1
mom's music,6774,1,tags:1
moment,6775,4,tags:4
moments,6776,1,tags:1
momo paradise,6777,2,tags:2
momofuku noodle bar,6778,1,tags:1
momsbackyard,6779,1,tags:1
momstuff,6780,1,tags:1
mon land hot pot city,6781,2,tags:2
mon repos,6782,1,tags:1
monarch,6783,1,tags:1
mondeo,6784,1,tags:1
money,6785,2,tags:2
mong kok,6786,1,tags:1
mongol,6787,1,tags:1
mongolia,6788,1,tags:1
mongolian,6789,2,tags:2
mongolian hot pot,6790,3,tags:3
monica,6791,1,tags:1
monica ridlehoover,6792,2,tags:2
monkey,6793,2,tags:2
monmouth,6794,1,tags:1
monmouth junction first aid squad,6795,1,tags:1
monmouthjunction,6796,1,tags:1
monochrome,6797,1,tags:1
monotone,6798,2,tags:2
monrovia,6799,1,tags:1
monrvia,6800,1,tags:1
monster,6801,3,tags:3
monster truck,6802,1,tags:1
monster zucchini,6803,1,tags:1
monsters,6804,1,tags:1
montage,6805,1,tags:1
montague,6806,1,tags:1
montana,6807,2,tags:2
montclair,6808,3,tags:3
montenegro,6809,1,tags:1
montgomery,6810,1,tags:1
montgomery county,6811,1,tags:1
montgomery county fire and rescue,6812,1,tags:1
montreal,6813,10,tags:10
montreal jazz festival,6814,1,tags:1
montréal,6815,3,tags:3
monz,6816,1,tags:1
moo moo,6817,1,tags:1
moon festival,6818,1,tags:1
moon-eclispe,6819,1,tags:1
moonlight,6820,1,tags:1
moonlight cafe,6821,1,tags:1
moosewood,6822,1,tags:1
morelos,6823,1,tags:1
morewood avenue,6824,1,tags:1
morgan,6825,1,tags:1
morgan and rosie's wedding,6826,1,tags:1
morning,6827,6,tags:6
morning glories,6828,1,tags:1
morning walk,6829,1,tags:1
morningglory,6830,1,tags:1
morocco,6831,3,tags:3
morph,6832,1,tags:1
morris,6833,3,tags:3
morton,6834,3,tags:3
morton arboretum,6835,4,tags:4
mos,6836,1,tags:1
mosaic,6837,1,tags:1
mosaic boston,6838,1,tags:1
moss,6839,1,tags:1
moss rose,6840,1,tags:1
most fav,6841,1,tags:1
most viewed,6842,1,tags:1
most viewed picture,6843,1,tags:1
mostinteresting,6844,1,tags:1
mostly taken by rob with my camera on digital macro,6845,1,tags:1
motat,6846,1,tags:1
moth,6847,2,tags:2
mother,6848,1,tags:1
motion,6849,5,tags:5
motion blur,6850,1,tags:1
motor,6851,1,tags:1
motorcycle,6852,1,tags:1
motorola l6,6853,1,tags:1
motorracing photography,6854,1,tags:1
motors,6855,1,tags:1
motorsport photography,6856,1,tags:1
mouffetard,6857,1,tags:1
mount airy,6858,3,tags:3
mount tamalpais,6859,1,tags:1
mountain,6860,2,tags:2
mountain ash,6861,1,tags:1
mountain bluet,6862,1,tags:1
mountain pride,6863,1,tags:1
mountain view,6864,1,tags:1
mountains,6865,1,tags:1
moutarde,6866,1,tags:1
moutarde d'antan,6867,1,tags:1
movie,6868,1,tags:1
movies,6869,1,tags:1
moving,6870,3,tags:3
mowag,6871,1,tags:1
mowling,6872,1,tags:1
mozart,6873,1,tags:1
mozzarella,6874,3,tags:3
mp-e,6875,1,tags:1
mp-e 65m,6876,1,tags:1
mpe-65,6877,15,tags:15
mr-14ex,6878,1,tags:1
mr. g's travels,6879,1,tags:1
mr. lowe,6880,1,tags:1
mravenec,6881,1,tags:1
mrmr,6882,1,tags:1
msh0808,6883,1,tags:1
msh0808-19,6884,1,tags:1
msh1008,6885,1,tags:1
msh1008-12,6886,1,tags:1
msh1107,6887,1,tags:1
msh1107-13,6888,1,tags:1
msm,6889,1,tags:1
msm2758,6890,1,tags:1
msm2765,6891,1,tags:1
msm2921,6892,1,tags:1
msm3026,6893,2,tags:2
msm3363,6894,1,tags:1
msm3581,6895,1,tags:1
msm3625,6896,2,tags:2
msmf,6897,1,tags:1
msoller,6898,1,tags:1
mt airy,6899,3,tags:3
mt baker snoqualmie national forest,6900,1,tags:1
mt tam,6901,1,tags:1
mt white,6902,1,tags:1
mt-24ex,6903,15,tags:15
muara bungo,6904,1,tags:1
mucar,6905,2,tags:2
mucci,6906,1,tags:1
mudfire gallery,6907,1,tags:1
mudpig,6908,1,tags:1
mudre,6909,1,tags:1
mug,6910,2,tags:2
mugla,6911,1,tags:1
mui,6912,1,tags:1
mujer,6913,1,tags:1
mujeres,6914,1,tags:1
mulch,6915,1,tags:1
mull,6916,1,tags:1
multi-colored,6917,1,tags:1
multi-coloured,6918,2,tags:2
multiples,6919,1,tags:1
mumbai,6920,2,tags:2
muna,6921,1,tags:1
munchies,6922,1,tags:1
mung,6923,1,tags:1
munhall,6924,1,tags:1
munich,6925,1,tags:1
mural,6926,1,tags:1
murcia,6927,1,tags:1
murfreeboro,6928,1,tags:1
murfreesboro,6929,5,tags:5
murrieta,6930,3,tags:3
muscat,6931,1,tags:1
museo,6932,3,tags:3
museo de leon,6933,1,tags:1
museum,6934,24,tags:24
museum of far east antiquities,6935,1,tags:1
museumofflight,6936,1,tags:1
mush2274,6937,4,tags:4
mushroom,6938,5,tags:5
mushroom stuffed zucchini,6939,1,tags:1
mushrooms,6940,5,tags:5
mushrooms.,6941,1,tags:1
music,6942,316,tags:316
music chaos,6943,1,tags:1
music equipment,6944,1,tags:1
music is life,6945,1,tags:1
music performance,6946,1,tags:1
music school,6947,1,tags:1
music store,6948,2,tags:2
music-object,6949,2,tags:2
music2008,6950,1,tags:1
musica,6951,31,tags:31
musica e dintorni,6952,1,tags:1
musical,6953,29,tags:29
musical instament,6954,1,tags:1
musical instrument,6955,12,tags:12
musical instruments,6956,14,tags:14
musical_instrument,6957,1,tags:1
musicalinstrument,6958,2,tags:2
musicalinstruments,6959,1,tags:1
musician,6960,38,tags:38
musician rome,6961,1,tags:1
musicians,6962,6,tags:6
musicinstruments,6963,1,tags:1
musikhochschule,6964,1,tags:1
musikinstrument,6965,1,tags:1
musikschule ohlsdorf,6966,1,tags:1
musique,6967,5,tags:5
musique-cordiale,6968,1,tags:1
muskogee,6969,1,tags:1
muskoka,6970,1,tags:1
mussida,6971,1,tags:1
mustard,6972,1,tags:1
mustard jars,6973,1,tags:1
musuem,6974,1,tags:1
mutant vegetables,6975,1,tags:1
mute,6976,1,tags:1
mutt,6977,1,tags:1
mutualism,6978,2,tags:2
muzica,6979,1,tags:1
mvc-cd500,6980,1,tags:1
my,6981,1,tags:1
my brother,6982,1,tags:1
my faves,6983,1,tags:1
my garden,6984,3,tags:3
my house,6985,2,tags:2
my my,6986,1,tags:1
my neighborhood,6987,1,tags:1
my street,6988,1,tags:1
my winners,6989,1,tags:1
my yard,6990,2,tags:2
my.stepson,6991,1,tags:1
my100,6992,1,tags:1
my_backyard,6993,1,tags:1
myceense,6994,1,tags:1
mycenae,6995,2,tags:2
mycenaean,6996,2,tags:2
mycénien,6997,1,tags:1
myfavs,6998,1,tags:1
mygarden,6999,1,tags:1
mykenisch,7000,1,tags:1
mypride&joy,7001,1,tags:1
myrmecia sp,7002,1,tags:1
myrmeciinae,7003,1,tags:1
myrmecomorph,7004,1,tags:1
myrmicidae,7005,1,tags:1
myrtleedwardspark,7006,1,tags:1
myself,7007,5,tags:5
mywinners,7008,19,tags:19
myxomycete,7009,1,tags:1
myxomycetes,7010,1,tags:1
myxomycota,7011,1,tags:1
márcia c,7012,1,tags:1
méxico,7013,1,tags:1
mökki,7014,1,tags:1
música,7015,7,tags:7
münchen,7016,1,tags:1
n,7017,2,tags:2
n70-1,7018,1,tags:1
n73,7019,1,tags:1
n80,7020,1,tags:1
n91,7021,2,tags:2
nabe,7022,4,tags:4
nabe mono,7023,1,tags:1
nabeyaki egg noodles,7024,1,tags:1
nachtleben,7025,1,tags:1
nacional,7026,1,tags:1
nagy vásárcsarnok,7027,1,tags:1
nahaufnahme,7028,1,tags:1
nailbender,7029,1,tags:1
nam prik,7030,1,tags:1
nami-nami,7031,1,tags:1
nami-nami foodblog,7032,1,tags:1
nami-nami retseptikogu,7033,1,tags:1
namibia,7034,1,tags:1
nankai,7035,1,tags:1
nantucket nectars,7036,1,tags:1
naples,7037,1,tags:1
narathiwat,7038,1,tags:1
nash,7039,1,tags:1
nashville,7040,3,tags:3
nasi lemak,7041,1,tags:1
nasturtium,7042,1,tags:1
natefisch,7043,1,tags:1
natefischpix,7044,1,tags:1
natefish3000,7045,1,tags:1
nathan,7046,1,tags:1
nathan berry,7047,1,tags:1
nathanfischer,7048,1,tags:1
national,7049,4,tags:4
national arboretum,7050,1,tags:1
national folk festival,7051,2,tags:2
national historic landmark,7052,1,tags:1
national night out,7053,1,tags:1
national park,7054,5,tags:5
national register,7055,1,tags:1
native,7056,4,tags:4
natives,7057,1,tags:1
nativespecies,7058,1,tags:1
natur,7059,1,tags:1
natura,7060,1,tags:1
natura 1600,7061,1,tags:1
natural,7062,12,tags:12
natural light,7063,1,tags:1
natural sunlight,7064,1,tags:1
naturaleza,7065,3,tags:3
naturallightkids,7066,2,tags:2
naturally magnificent,7067,1,tags:1
naturalmente,7068,1,tags:1
nature,7069,379,tags:379
nature huge cucumber,7070,2,tags:2
nature photography,7071,1,tags:1
nature reserve,7072,1,tags:1
nature scenes,7073,1,tags:1
nature through the lens,7074,3,tags:3
nature watcher,7075,4,tags:4
nature;,7076,1,tags:1
naturebugs,7077,1,tags:1
naturegroup,7078,2,tags:2
natures,7079,1,tags:1
natures finest,7080,1,tags:1
natures gallery,7081,1,tags:1
naturesbest,7082,2,tags:2
naturescenes,7083,1,tags:1
natureselegantshots,7084,2,tags:2
naturesfinest,7085,46,tags:46
naturethroughthelens,7086,1,tags:1
natureza,7087,1,tags:1
navistar,7088,4,tags:4
navy,7089,1,tags:1
nayarit,7090,1,tags:1
nazareth,7091,1,tags:1
nb,7092,2,tags:2
nc,7093,6,tags:6
nccucs,7094,1,tags:1
ncpedia,7095,1,tags:1
nd-5040,7096,1,tags:1
neal,7097,1,tags:1
nebraska,7098,1,tags:1
nebulous1,7099,1,tags:1
neck,7100,7,tags:7
necklace,7101,1,tags:1
nectar,7102,13,tags:13
nectarine,7103,1,tags:1
nectaring,7104,1,tags:1
nectary,7105,1,tags:1
nef,7106,1,tags:1
neglect,7107,3,tags:3
neglected,7108,1,tags:1
negombo,7109,1,tags:1
negril,7110,1,tags:1
neige,7111,2,tags:2
neighborhood,7112,4,tags:4
neihu,7113,1,tags:1
neo natal,7114,1,tags:1
neon,7115,1,tags:1
neonatal,7116,2,tags:2
neonatal ambulance,7117,2,tags:2
neoptera,7118,2,tags:2
nephew,7119,2,tags:2
nest,7120,9,tags:9
nestle crunch,7121,1,tags:1
nests,7122,1,tags:1
netherlands,7123,4,tags:4
netleymarsh,7124,1,tags:1
nettle,7125,1,tags:1
neubrandenburg,7126,1,tags:1
neue,7127,1,tags:1
neufahrn,7128,2,tags:2
nevada,7129,3,tags:3
new,7130,36,tags:36
new apartment,7131,1,tags:1
new bedford,7132,1,tags:1
new beginnings,7133,1,tags:1
new design,7134,4,tags:4
new flyer d60lf,7135,1,tags:1
new forest,7136,1,tags:1
new jersey,7137,16,tags:16
new mexico,7138,10,tags:10
new paltz,7139,2,tags:2
new tecumseth,7140,1,tags:1
new tires,7141,1,tags:1
new town,7142,1,tags:1
new toy secret,7143,1,tags:1
new urbanism,7144,1,tags:1
new year's eve,7145,1,tags:1
new year's eve 2008,7146,1,tags:1
new year's feast,7147,1,tags:1
new york,7148,39,tags:39
new york botanical garden,7149,1,tags:1
new york city,7150,17,tags:17
new zealand,7151,2,tags:2
newborn,7152,1,tags:1
newcastle,7153,1,tags:1
newengland,7154,1,tags:1
newfarm,7155,1,tags:1
newfoundland,7156,1,tags:1
newfs,7157,1,tags:1
neworleans,7158,1,tags:1
newphotographer,7159,1,tags:1
newport,7160,2,tags:2
newport beach,7161,1,tags:1
newport news,7162,2,tags:2
news,7163,3,tags:3
news46,7164,1,tags:1
newspaper,7165,2,tags:2
newyearseve,7166,1,tags:1
newyork,7167,2,tags:2
newyorkcity,7168,2,tags:2
newzealand,7169,1,tags:1
ngari,7170,1,tags:1
ngari.norway,7171,1,tags:1
nguyendai,7172,2,tags:2
nh,7173,3,tags:3
nhl,7174,1,tags:1
nhs,7175,12,tags:12
nhx,7176,1,tags:1
niagara,7177,1,tags:1
niagara falls,7178,1,tags:1
nice,7179,3,tags:3
nicole kibert,7180,1,tags:1
nicole studio,7181,1,tags:1
niedersachsen,7182,1,tags:1
nieve,7183,1,tags:1
nifty fifty,7184,1,tags:1
niger,7185,2,tags:2
night,7186,21,tags:21
nightlife,7187,2,tags:2
nightphoto,7188,1,tags:1
nihon,7189,1,tags:1
nihonbashi,7190,1,tags:1
nikhil ranade,7191,1,tags:1
niki,7192,1,tags:1
nikkon,7193,1,tags:1
nikkor,7194,9,tags:9
nikkor 17-35mm f/2.8,7195,1,tags:1
nikkor 18-55,7196,1,tags:1
nikkor 50mm f/1.8,7197,1,tags:1
nikkor lens not a canon camera canon users are evil,7198,1,tags:1
niknala,7199,3,tags:3
nikon,7200,75,tags:75
nikon coolpix s210,7201,1,tags:1
nikon coolpix sq,7202,1,tags:1
nikon d200,7203,2,tags:2
nikon d300,7204,1,tags:1
nikon d40,7205,3,tags:3
nikon d40x,7206,1,tags:1
nikon d50,7207,1,tags:1
nikon d60,7208,2,tags:2
nikon d70,7209,1,tags:1
nikon d70s,7210,3,tags:3
nikon d80,7211,2,tags:2
nikon50/1.8,7212,1,tags:1
nikon60mmmicrof28d,7213,2,tags:2
nikoncoolpix4100,7214,1,tags:1
nikond40x,7215,1,tags:1
nikond50,7216,3,tags:3
nikond70,7217,1,tags:1
nikond80,7218,5,tags:5
nikonsnapper,7219,1,tags:1
nikonstunninggallery,7220,3,tags:3
nirim,7221,1,tags:1
nirvana,7222,1,tags:1
nitida,7223,1,tags:1
niwa,7224,5,tags:5
nizam,7225,1,tags:1
nizam uddin,7226,1,tags:1
nizam's photo,7227,1,tags:1
nj,7228,20,tags:20
njchow82,7229,1,tags:1
nm,7230,4,tags:4
no,7231,1,tags:1
no biege walls for them,7232,1,tags:1
no idea,7233,1,tags:1
no knead,7234,1,tags:1
no mercy,7235,1,tags:1
no parking,7236,1,tags:1
no photoshop,7237,1,tags:1
no tricks,7238,1,tags:1
no yellow face,7239,2,tags:2
no.3,7240,1,tags:1
noche,7241,1,tags:1
nocturnal,7242,1,tags:1
noflash,7243,1,tags:1
noho arts district,7244,1,tags:1
noid,7245,1,tags:1
noise,7246,1,tags:1
nokia,7247,5,tags:5
nokia 6265i,7248,1,tags:1
nokia n70-1,7249,1,tags:1
nokiabloggerrelations,7250,2,tags:2
nokian73,7251,1,tags:1
nomada,7252,8,tags:8
nomada goodeniana,7253,2,tags:2
nomadinae,7254,4,tags:4
nomnomnom,7255,1,tags:1
nonfiction,7256,1,tags:1
nonya,7257,1,tags:1
noodle,7258,1,tags:1
noodles,7259,7,tags:7
norcal,7260,1,tags:1
norco fire truck june 17,7261,2,tags:2
nordic jazz,7262,1,tags:1
norfolk,7263,2,tags:2
noritake,7264,1,tags:1
norman,7265,1,tags:1
north,7266,6,tags:6
north  industry,7267,1,tags:1
north america,7268,35,tags:35
north american,7269,1,tags:1
north aurora,7270,1,tags:1
north carolina,7271,6,tags:6
north hollywood,7272,1,tags:1
north korea,7273,2,tags:2
north of delmar,7274,1,tags:1
north saint louis,7275,1,tags:1
north seatac park,7276,10,tags:10
north side,7277,1,tags:1
north st. louis,7278,1,tags:1
north wilkesboro nc,7279,1,tags:1
northcarolina,7280,1,tags:1
northeast portland,7281,1,tags:1
northeast vacation 2007,7282,1,tags:1
northen thai,7283,1,tags:1
northern,7284,1,tags:1
northern ca. fire,7285,1,tags:1
northern chinese cuisine,7286,2,tags:2
northern ireland,7287,1,tags:1
northern territory,7288,1,tags:1
northern virginia,7289,1,tags:1
northernca.,7290,1,tags:1
northernireland,7291,1,tags:1
northside,7292,1,tags:1
northumbria,7293,1,tags:1
northville,7294,1,tags:1
northwestambulance,7295,1,tags:1
norway,7296,2,tags:2
norwegianfood,7297,1,tags:1
norwich,7298,1,tags:1
noshowerfamily,7299,1,tags:1
not me playing,7300,1,tags:1
not meeble,7301,1,tags:1
not to be used without my permission,7302,2,tags:2
not trashcan,7303,1,tags:1
notas del alma,7304,1,tags:1
notes,7305,6,tags:6
notfall,7306,1,tags:1
notfallmedizin,7307,1,tags:1
notfallsymposium,7308,1,tags:1
nothing,7309,1,tags:1
notruf,7310,1,tags:1
nottingham,7311,2,tags:2
nottinghamshire,7312,1,tags:1
nottm,7313,1,tags:1
notts,7314,1,tags:1
notyournormalbug,7315,1,tags:1
nourish,7316,1,tags:1
nourishing traditions,7317,1,tags:1
nourishment,7318,1,tags:1
nouveau,7319,2,tags:2
nov/dec 2006,7320,1,tags:1
nova scotia,7321,1,tags:1
novabus,7322,1,tags:1
november,7323,3,tags:3
novena square,7324,1,tags:1
novena square 2,7325,1,tags:1
novi zagreb,7326,1,tags:1
novideo,7327,1,tags:1
now,7328,1,tags:1
nowy jork,7329,1,tags:1
noyo come-unity garden,7330,1,tags:1
nrhp,7331,1,tags:1
nsw,7332,3,tags:3
ntpfes open day,7333,1,tags:1
nts ambulance,7334,3,tags:3
nuanc,7335,1,tags:1
nueva york,7336,1,tags:1
nut,7337,2,tags:2
nutrients,7338,1,tags:1
nutrition,7339,1,tags:1
nutritious,7340,4,tags:4
nuts,7341,4,tags:4
nv,7342,1,tags:1
ny,7343,20,tags:20
nyack,7344,1,tags:1
nybg,7345,1,tags:1
nyc,7346,31,tags:31
nycfd,7347,1,tags:1
nycpb,7348,2,tags:2
nycphoto,7349,1,tags:1
nye,7350,1,tags:1
nyfd,7351,1,tags:1
nylon,7352,6,tags:6
nypd,7353,1,tags:1
nysector,7354,1,tags:1
nytech,7355,1,tags:1
nz,7356,2,tags:2
o,7357,2,tags:2
o'hearn,7358,1,tags:1
o-car,7359,1,tags:1
o. smaragdina,7360,1,tags:1
oahu,7361,1,tags:1
oak openings metropark,7362,2,tags:2
oakland,7363,3,tags:3
oatmeal by noon,7364,1,tags:1
oats,7365,1,tags:1
oats1,7366,1,tags:1
oaxaca,7367,2,tags:2
obama,7368,2,tags:2
obama benefit,7369,1,tags:1
oban,7370,2,tags:2
object,7371,1,tags:1
objects,7372,2,tags:2
obligatory,7373,1,tags:1
obrazek,7374,5,tags:5
obrazky,7375,5,tags:5
obst,7376,2,tags:2
oc fire truck,7377,1,tags:1
oc transpo,7378,3,tags:3
ocean,7379,1,tags:1
ocfa,7380,5,tags:5
oconnell,7381,1,tags:1
oct'07,7382,1,tags:1
october,7383,2,tags:2
october plant,7384,1,tags:1
odd,7385,2,tags:2
odin,7386,1,tags:1
oecophylla,7387,2,tags:2
oecophylla smaragdina,7388,4,tags:4
of,7389,1,tags:1
of me,7390,1,tags:1
ofd,7391,1,tags:1
offenburg,7392,1,tags:1
office,7393,2,tags:2
offroad,7394,1,tags:1
ogt,7395,1,tags:1
ohad,7396,1,tags:1
ohadonline,7397,1,tags:1
ohhhsarahb,7398,1,tags:1
ohio,7399,8,tags:8
ohioan,7400,1,tags:1
oi sobaegi,7401,1,tags:1
oil,7402,1,tags:1
oiseauxbleu,7403,1,tags:1
ok,7404,1,tags:1
oklahoma,7405,3,tags:3
oklahoma city,7406,1,tags:1
okoze,7407,1,tags:1
okra,7408,5,tags:5
old,7409,36,tags:36
old acoustic,7410,1,tags:1
old ambulance,7411,1,tags:1
old cars,7412,1,tags:1
old chain of rocks bridge,7413,1,tags:1
old fashion fire truck,7414,1,tags:1
old fender,7415,1,tags:1
old french milk bottle i use as a vase,7416,1,tags:1
old hands,7417,1,tags:1
old instruments,7418,1,tags:1
old montreal,7419,1,tags:1
old north,7420,1,tags:1
old north saint louis,7421,1,tags:1
old north st. louis,7422,1,tags:1
old sichuan,7423,1,tags:1
old time,7424,1,tags:1
old van,7425,1,tags:1
olde city,7426,1,tags:1
oldfiretruck,7427,1,tags:1
oldham,7428,1,tags:1
oldsmobile,7429,2,tags:2
oldtimer,7430,1,tags:1
oldyas,7431,1,tags:1
olive,7432,1,tags:1
olive green,7433,1,tags:1
olive oil,7434,2,tags:2
oliver,7435,1,tags:1
olives,7436,2,tags:2
ollie hawkins,7437,1,tags:1
ollinkan,7438,1,tags:1
olp,7439,1,tags:1
oly,7440,1,tags:1
olympia,7441,1,tags:1
olympics,7442,1,tags:1
olympus,7443,16,tags:16
olympus c5050z,7444,1,tags:1
olympus camedia c-765,7445,14,tags:14
olympus camedia modified,7446,1,tags:1
olympus e-1,7447,1,tags:1
olympus e300,7448,1,tags:1
olympus e410,7449,1,tags:1
olympus e510,7450,1,tags:1
olympus sp-310,7451,1,tags:1
olympuse520,7452,1,tags:1
olympusfe230,7453,1,tags:1
olywa,7454,1,tags:1
om zuiko 50mm f/1.4,7455,1,tags:1
om1mhsb,7456,1,tags:1
omaha,7457,1,tags:1
oman,7458,1,tags:1
ombre,7459,1,tags:1
omot,7460,1,tags:1
on buddleja,7461,2,tags:2
on buttercup,7462,2,tags:2
on ceanothus,7463,1,tags:1
on cirsium,7464,1,tags:1
on daisy,7465,1,tags:1
on explore: feb 23 2008 #132,7466,1,tags:1
on flower,7467,1,tags:1
on holly,7468,1,tags:1
on hypochaeris,7469,1,tags:1
on japanese knotweed,7470,2,tags:2
on leaf,7471,2,tags:2
on map,7472,1,tags:1
on my kitchen table,7473,1,tags:1
on polygonum,7474,1,tags:1
on rose,7475,1,tags:1
on salvia,7476,2,tags:2
on senecio,7477,2,tags:2
on sonchus,7478,1,tags:1
on speedwell,7479,1,tags:1
on stage,7480,1,tags:1
on tanacetum,7481,3,tags:3
on the ground,7482,1,tags:1
on the road,7483,2,tags:2
on the side of the road,7484,1,tags:1
on wall,7485,1,tags:1
on western hemlock,7486,1,tags:1
onara onara,7487,1,tags:1
ondal 2,7488,1,tags:1
one,7489,1,tags:1
one a day,7490,1,tags:1
one cent,7491,1,tags:1
one of the,7492,1,tags:1
one photo-weekly contest,7493,1,tags:1
onephoto,7494,1,tags:1
oneshot,7495,1,tags:1
onion,7496,26,tags:26
onions,7497,11,tags:11
onions garden fresh fruit veg,7498,1,tags:1
only a few lazy uncles,7499,1,tags:1
onlythebestare,7500,3,tags:3
onlyyourbeatshots,7501,1,tags:1
onlyyourbestshots,7502,2,tags:2
onsl,7503,1,tags:1
ontario,7504,40,tags:40
ontatio,7505,1,tags:1
onwhilte,7506,1,tags:1
onwhite,7507,1,tags:1
onyx,7508,1,tags:1
onyx cubes,7509,1,tags:1
onyx jars,7510,1,tags:1
onyx jewelry box,7511,1,tags:1
onyx paperweight,7512,1,tags:1
onyx pedestal sinks,7513,1,tags:1
onyx pedestals,7514,1,tags:1
onyx slabs,7515,1,tags:1
onyx stair steps,7516,1,tags:1
onyx table,7517,1,tags:1
onyx tiles,7518,1,tags:1
onyx tissue box,7519,1,tags:1
onyx tumbles,7520,1,tags:1
onyx urns,7521,1,tags:1
onyx vases,7522,1,tags:1
ootoya,7523,1,tags:1
ooz,7524,1,tags:1
op's photos,7525,1,tags:1
opalescent paint job,7526,1,tags:1
opalka,7527,1,tags:1
opaque,7528,1,tags:1
opawalburger,7529,2,tags:2
opel,7530,1,tags:1
open,7531,1,tags:1
open air,7532,1,tags:1
open air market,7533,1,tags:1
open center,7534,1,tags:1
open day,7535,1,tags:1
open mic,7536,1,tags:1
opera,7537,1,tags:1
operations,7538,3,tags:3
ophryastes geminatus,7539,1,tags:1
opo,7540,1,tags:1
opoterser,7541,1,tags:1
optio a40,7542,2,tags:2
optioa40,7543,1,tags:1
optiow10,7544,1,tags:1
or,7545,2,tags:2
or perhaps an instrument of pain,7546,1,tags:1
orange,7547,38,tags:38
orange county,7548,1,tags:1
orange flower,7549,1,tags:1
orange juice,7550,1,tags:1
orange pepper,7551,1,tags:1
orange wings,7552,1,tags:1
oranges,7553,1,tags:1
orchard,7554,3,tags:3
orchestra,7555,21,tags:21
orchestral,7556,1,tags:1
orchid,7557,1,tags:1
oregano,7558,1,tags:1
oregon,7559,11,tags:11
organ,7560,1,tags:1
organic,7561,57,tags:57
organic gardening,7562,3,tags:3
organic vegetable growing,7563,1,tags:1
organic vegetables,7564,1,tags:1
organic victory garden,7565,2,tags:2
orgánico,7566,1,tags:1
origami,7567,1,tags:1
original:filename=20071024-0010-1.jpg,7568,1,tags:1
original:filename=20071024-0011-1.jpg,7569,1,tags:1
orion v,7570,1,tags:1
orion vi,7571,1,tags:1
orkdal,7572,1,tags:1
orlando,7573,1,tags:1
ornaments,7574,1,tags:1
ornge,7575,1,tags:1
ornge medical transport,7576,1,tags:1
orquestra,7577,1,tags:1
ortaggio,7578,1,tags:1
ortenau,7579,1,tags:1
orton,7580,1,tags:1
ortonized,7581,1,tags:1
osaka,7582,1,tags:1
osaki,7583,2,tags:2
oscar,7584,3,tags:3
oshu,7585,1,tags:1
osmia,7586,3,tags:3
oswego,7587,1,tags:1
oswestry,7588,1,tags:1
other,7589,1,tags:1
ottawa,7590,7,tags:7
ottawa city hall,7591,1,tags:1
ottawa paramedic service,7592,1,tags:1
ottawa photographer,7593,1,tags:1
ottawa photography,7594,1,tags:1
ottawa police,7595,1,tags:1
ottawa police service,7596,2,tags:2
ouhouse,7597,1,tags:1
our,7598,2,tags:2
our garden,7599,1,tags:1
our house,7600,3,tags:3
our kitchen,7601,2,tags:2
our yard,7602,1,tags:1
our-garden,7603,1,tags:1
ourhouse,7604,1,tags:1
out of focus,7605,1,tags:1
out.,7606,1,tags:1
outdoor,7607,7,tags:7
outdoors,7608,14,tags:14
outdoros,7609,1,tags:1
outing#4,7610,1,tags:1
outside,7611,10,tags:10
outstanding,7612,1,tags:1
outstanding shots,7613,2,tags:2
outstanding shots highlight,7614,1,tags:1
outstandingshots,7615,1,tags:1
ovation,7616,5,tags:5
ovation celebrity,7617,1,tags:1
over,7618,1,tags:1
over exposed,7619,1,tags:1
overflow,7620,1,tags:1
overland,7621,1,tags:1
overtheexcellence,7622,4,tags:4
owad,7623,1,tags:1
owen,7624,1,tags:1
owens,7625,1,tags:1
oxford,7626,1,tags:1
oxygen tanks,7627,1,tags:1
oy02lxg,7628,1,tags:1
oyster,7629,1,tags:1
oyt,7630,1,tags:1
ozoni11,7631,2,tags:2
p,7632,1,tags:1
p1f1,7633,1,tags:1
p52,7634,1,tags:1
p70118271,7635,1,tags:1
p92,7636,1,tags:1
pa,7637,1,tags:1
pacific,7638,1,tags:1
pacific eatery & catering,7639,1,tags:1
pacific northwest,7640,1,tags:1
pacific place,7641,1,tags:1
packed,7642,2,tags:2
packed lunch,7643,2,tags:2
pacman,7644,1,tags:1
pad,7645,1,tags:1
padi,7646,2,tags:2
paducah,7647,1,tags:1
paeonia,7648,1,tags:1
pafford,7649,1,tags:1
paganini,7650,1,tags:1
page,7651,1,tags:1
painting,7652,2,tags:2
painting',7653,1,tags:1
paintshop pro x,7654,1,tags:1
pairing,7655,2,tags:2
pakatakan farmer's market,7656,2,tags:2
pakistan,7657,5,tags:5
pakistaniphotographer,7658,1,tags:1
pala,7659,1,tags:1
palatine road,7660,1,tags:1
pale,7661,2,tags:2
palenque,7662,1,tags:1
paleokastritsa,7663,1,tags:1
palestine,7664,1,tags:1
palette,7665,1,tags:1
palisade,7666,3,tags:3
palm,7667,1,tags:1
palm flowers,7668,1,tags:1
palm springs,7669,1,tags:1
palmer,7670,1,tags:1
palo,7671,1,tags:1
palomar,7672,1,tags:1
pamela detlor,7673,1,tags:1
pamfou,7674,1,tags:1
pami,7675,1,tags:1
pampanga,7676,3,tags:3
pan,7677,1,tags:1
pan's antique market,7678,1,tags:1
panama,7679,6,tags:6
panarthropoda,7680,1,tags:1
panasonic,7681,9,tags:9
panasonic dmc-fz7,7682,1,tags:1
panasonic lumix dmc-fz50,7683,1,tags:1
pancakelens,7684,1,tags:1
panchan,7685,1,tags:1
panda,7686,2,tags:2
pandaliuiae,7687,1,tags:1
pandanus,7688,1,tags:1
pandavan,7689,1,tags:1
pangkor laut resort,7690,1,tags:1
panguana,7691,1,tags:1
panhexapoda,7692,1,tags:1
paniculata,7693,1,tags:1
panko,7694,1,tags:1
panning,7695,3,tags:3
pano,7696,1,tags:1
panorama,7697,2,tags:2
pansaram,7698,1,tags:1
pantrycooking,7699,1,tags:1
paola,7700,1,tags:1
papa gino's,7701,1,tags:1
papaver nudicaule,7702,1,tags:1
papaya,7703,1,tags:1
paper,7704,1,tags:1
paprika,7705,6,tags:6
papua,7706,1,tags:1
para,7707,1,tags:1
paracho,7708,1,tags:1
parade,7709,32,tags:32
paradeiser,7710,1,tags:1
parakeet,7711,1,tags:1
parallel,7712,1,tags:1
paramedic,7713,54,tags:54
paramedicals,7714,1,tags:1
paramedics,7715,8,tags:8
paranavai,7716,2,tags:2
paraponera clavata,7717,1,tags:1
parasol,7718,1,tags:1
parents,7719,1,tags:1
parfit,7720,2,tags:2
paris,7721,7,tags:7
park,7722,23,tags:23
park west,7723,2,tags:2
parked,7724,3,tags:3
parking,7725,3,tags:3
parmiggiano,7726,1,tags:1
parque,7727,1,tags:1
parrot,7728,2,tags:2
parsley,7729,8,tags:8
parsnip,7730,1,tags:1
parties,7731,1,tags:1
party,7732,11,tags:11
pasadena,7733,1,tags:1
passenger,7734,1,tags:1
passiebloem,7735,1,tags:1
passiflora,7736,2,tags:2
passiflora incarnata,7737,1,tags:1
passiflower,7738,1,tags:1
passion,7739,3,tags:3
passion flower,7740,2,tags:2
passione,7741,2,tags:2
passionflowers,7742,1,tags:1
passyflora,7743,1,tags:1
pasta,7744,8,tags:8
pastel,7745,4,tags:4
patagonia,7746,1,tags:1
patient,7747,2,tags:2
patio.,7748,1,tags:1
patrick,7749,3,tags:3
patricks,7750,1,tags:1
patrol car,7751,2,tags:2
pattern,7752,2,tags:2
patty,7753,1,tags:1
patty pan,7754,1,tags:1
pattypan,7755,2,tags:2
paul,7756,2,tags:2
paul dateh,7757,1,tags:1
paul mercer,7758,2,tags:2
paula gonzalez cuellas,7759,1,tags:1
paulhitz,7760,1,tags:1
pawlik,7761,1,tags:1
pawpaw,7762,1,tags:1
pay it forward,7763,2,tags:2
pbev,7764,3,tags:3
pbutton,7765,1,tags:1
pc4000,7766,1,tags:1
pc4005,7767,1,tags:1
pc4065,7768,1,tags:1
pcc4u,7769,1,tags:1
pdp(nw),7770,1,tags:1
pdr,7771,1,tags:1
pdx,7772,4,tags:4
pea,7773,1,tags:1
pea patch,7774,3,tags:3
peace,7775,2,tags:2
peaceful,7776,3,tags:3
peach,7777,6,tags:6
peaches,7778,4,tags:4
peachofashot,7779,1,tags:1
peacock butterfly,7780,1,tags:1
peal,7781,1,tags:1
peanut,7782,1,tags:1
peanut butter,7783,1,tags:1
peanut jar,7784,1,tags:1
pear,7785,4,tags:4
pearls,7786,1,tags:1
pears,7787,1,tags:1
peas,7788,2,tags:2
pebbles,7789,1,tags:1
pecan,7790,1,tags:1
pecel,7791,1,tags:1
peces azules,7792,1,tags:1
pecorino,7793,2,tags:2
pedals,7794,1,tags:1
pedestal,7795,1,tags:1
pedestrians,7796,1,tags:1
pedro ferrer,7797,1,tags:1
peel,7798,2,tags:2
peeled,7799,1,tags:1
peewee,7800,1,tags:1
peggy hills,7801,1,tags:1
peggy.,7802,1,tags:1
pegs,7803,4,tags:4
pei,7804,2,tags:2
peludo,7805,1,tags:1
peluso r14,7806,7,tags:7
penang,7807,3,tags:3
penitentiary,7808,1,tags:1
penmachine,7809,1,tags:1
penmachinecom,7810,1,tags:1
pennsylvania,7811,5,tags:5
penny,7812,2,tags:2
penrith,7813,1,tags:1
pensacola,7814,1,tags:1
pentax,7815,15,tags:15
pentax 18-55mm f/3.5-5.6,7816,1,tags:1
pentax k100d,7817,1,tags:1
pentax k100d super,7818,1,tags:1
pentax k10d,7819,3,tags:3
pentax k20d,7820,1,tags:1
pentax zx-m,7821,1,tags:1
pentaxda40mmlimited,7822,1,tags:1
pentaxk100d,7823,1,tags:1
pentaxk10d,7824,9,tags:9
pentaxlimited,7825,1,tags:1
pentaxoptiow10,7826,1,tags:1
pentaxsmcpda40mmf28limited,7827,1,tags:1
peonies,7828,2,tags:2
peony,7829,7,tags:7
people,7830,23,tags:23
people's choice,7831,1,tags:1
people.student,7832,1,tags:1
pepino,7833,3,tags:3
pepinos,7834,1,tags:1
pepper,7835,29,tags:29
peppers,7836,32,tags:32
per,7837,4,tags:4
per rehfeldt,7838,1,tags:1
perchase,7839,1,tags:1
perfect,7840,1,tags:1
perfection,7841,1,tags:1
perfectphotographeraward,7842,1,tags:1
perform,7843,1,tags:1
performance,7844,7,tags:7
performance space,7845,1,tags:1
performer,7846,12,tags:12
performers,7847,2,tags:2
performing,7848,1,tags:1
perhentian,7849,1,tags:1
period,7850,1,tags:1
period instrument,7851,1,tags:1
perlman,7852,1,tags:1
permaculture,7853,5,tags:5
persia,7854,1,tags:1
persian,7855,1,tags:1
persian art,7856,1,tags:1
persian culture,7857,1,tags:1
persisch,7858,1,tags:1
person,7859,4,tags:4
personal,7860,3,tags:3
personal set,7861,1,tags:1
perspectiva,7862,1,tags:1
perspective,7863,3,tags:3
peru,7864,8,tags:8
perú,7865,1,tags:1
pest,7866,3,tags:3
pesto,7867,2,tags:2
pests,7868,2,tags:2
pet,7869,1,tags:1
pet ambulance,7870,1,tags:1
petal,7871,5,tags:5
petals,7872,6,tags:6
peten,7873,1,tags:1
peterborough,7874,1,tags:1
petite italie,7875,1,tags:1
petone,7876,1,tags:1
petramorphosis,7877,1,tags:1
petting,7878,1,tags:1
peugeot,7879,1,tags:1
pfirsich,7880,1,tags:1
pflanze,7881,2,tags:2
pflanzen,7882,3,tags:3
pfm,7883,1,tags:1
pfogold,7884,1,tags:1
pfosilver,7885,1,tags:1
pfötchen,7886,1,tags:1
phacelia,7887,1,tags:1
phacelia_tanacetifolia,7888,1,tags:1
phallus,7889,2,tags:2
phcsa,7890,1,tags:1
pheidole,7891,1,tags:1
philadelphia,7892,7,tags:7
philadelphia fire department,7893,1,tags:1
philanthus triangulum,7894,1,tags:1
philharmonic,7895,1,tags:1
philip,7896,1,tags:1
philipp,7897,3,tags:3
philippine guitar,7898,4,tags:4
philippine guitars,7899,3,tags:3
philippines,7900,9,tags:9
philipstokes40,7901,1,tags:1
philly,7902,4,tags:4
phily,7903,1,tags:1
phobia,7904,1,tags:1
phoebe gould,7905,1,tags:1
phoenix,7906,1,tags:1
phoenixesrose,7907,1,tags:1
phone,7908,1,tags:1
phonecam,7909,1,tags:1
photo,7910,29,tags:29
photo a day,7911,2,tags:2
photo by sara anne finke,7912,1,tags:1
photo food diary,7913,1,tags:1
photo food journal,7914,1,tags:1
photo hunt,7915,1,tags:1
photo of the day award,7916,1,tags:1
photo safari montreal,7917,1,tags:1
photo sunday,7918,1,tags:1
photoaday,7919,1,tags:1
photoblog,7920,2,tags:2
photocampleeds,7921,1,tags:1
photocredit,7922,1,tags:1
photoexel,7923,1,tags:1
photofaceoffplatinum,7924,1,tags:1
photofaceoffwinner,7925,2,tags:2
photograph,7926,4,tags:4
photograph with a poem,7927,1,tags:1
photographer,7928,8,tags:8
photographer lj gervasoni,7929,1,tags:1
photographer: lilia schwartz,7930,1,tags:1
photographia,7931,5,tags:5
photography,7932,23,tags:23
photography by phillip riggins.  copyright statement. all my photographic images are copyright protected. all rights are reserved. do not use,7933,2,tags:2
photography.,7934,1,tags:1
photojournalism,7935,1,tags:1
photologged,7936,5,tags:5
photomatix,7937,4,tags:4
photos,7938,9,tags:9
photos by sara anne finke,7939,1,tags:1
photos to smile about,7940,1,tags:1
photosafarimtl,7941,1,tags:1
photoshop,7942,4,tags:4
photoshop_elements,7943,1,tags:1
photoshopped,7944,2,tags:2
photoshopping,7945,1,tags:1
photostream,7946,1,tags:1
phrygia,7947,1,tags:1
phrygian,7948,1,tags:1
phrygians,7949,1,tags:1
phuket,7950,1,tags:1
phuket laguna,7951,1,tags:1
phytopathology,7952,1,tags:1
phytophthora capsici,7953,1,tags:1
piano,7954,12,tags:12
pianta,7955,5,tags:5
pic,7956,1,tags:1
picasa,7957,1,tags:1
pick,7958,2,tags:2
pick guard,7959,1,tags:1
picked,7960,3,tags:3
pickels,7961,1,tags:1
pickett,7962,1,tags:1
pickguard,7963,1,tags:1
picking,7964,1,tags:1
pickle,7965,11,tags:11
pickled,7966,5,tags:5
pickled cucumber,7967,1,tags:1
pickled gherkin,7968,1,tags:1
pickled vegetables,7969,1,tags:1
picklefest,7970,1,tags:1
pickles,7971,12,tags:12
pickling,7972,4,tags:4
picks,7973,1,tags:1
pickup,7974,1,tags:1
pickups,7975,1,tags:1
picnic,7976,4,tags:4
picnik,7977,6,tags:6
pics,7978,5,tags:5
pict4990,7979,1,tags:1
pict4992,7980,1,tags:1
pict5053,7981,1,tags:1
picture,7982,9,tags:9
picture a day,7983,1,tags:1
picture_addicted,7984,1,tags:1
pie,7985,1,tags:1
piedmont avenue,7986,1,tags:1
pier,7987,1,tags:1
pier 48,7988,1,tags:1
pierce,7989,9,tags:9
pieterburen,7990,1,tags:1
pietons,7991,1,tags:1
pik'n lik'n,7992,1,tags:1
pike place market,7993,2,tags:2
pike street,7994,1,tags:1
pike's place market,7995,1,tags:1
pilau,7996,1,tags:1
piles,7997,2,tags:2
pillowfightfight,7998,1,tags:1
pilsen,7999,1,tags:1
pin vases,8000,1,tags:1
pincers,8001,1,tags:1
pinchers,8002,1,tags:1
pineapple,8003,2,tags:2
pink,8004,41,tags:41
pink and green,8005,1,tags:1
pink flowers,8006,4,tags:4
pink floyd,8007,1,tags:1
pink tulips,8008,1,tags:1
pink wildflowers,8009,1,tags:1
pink!,8010,1,tags:1
pinkflower,8011,1,tags:1
pinoy,8012,4,tags:4
pinoykodakero,8013,2,tags:2
pinoymacro,8014,2,tags:2
pinzgauer,8015,1,tags:1
pioneer square,8016,8,tags:8
pioneer woman,8017,1,tags:1
pippa,8018,1,tags:1
pirey,8019,2,tags:2
pita,8020,1,tags:1
pitaya,8021,1,tags:1
pitcher,8022,2,tags:2
pithos,8023,1,tags:1
pitman,8024,4,tags:4
pitt street,8025,7,tags:7
pitta bread,8026,1,tags:1
pittsburgh,8027,3,tags:3
pittsburgh symphony orchestra,8028,1,tags:1
pittsford,8029,1,tags:1
pizza,8030,9,tags:9
pizza sauce,8031,2,tags:2
pizzetta,8032,1,tags:1
pk-11a,8033,1,tags:1
place bell canada,8034,1,tags:1
place des arts,8035,1,tags:1
placer county,8036,1,tags:1
plain,8037,1,tags:1
plam,8038,1,tags:1
planet,8039,1,tags:1
planet organic,8040,1,tags:1
planets,8041,1,tags:1
plant,8042,48,tags:48
planters,8043,4,tags:4
planting,8044,1,tags:1
plantlouse,8045,1,tags:1
plantlouses,8046,1,tags:1
plants,8047,42,tags:42
plants have spirit,8048,1,tags:1
plasterer bee,8049,1,tags:1
plastic,8050,2,tags:2
plate,8051,11,tags:11
plates,8052,1,tags:1
platinumphoto,8053,7,tags:7
platter,8054,4,tags:4
plattsmouth,8055,11,tags:11
play,8056,22,tags:22
playa,8057,1,tags:1
playa de las americas,8058,1,tags:1
player,8059,3,tags:3
playful,8060,1,tags:1
playing,8061,14,tags:14
playing a song,8062,1,tags:1
playing instrument,8063,1,tags:1
playing violin,8064,1,tags:1
playing with food,8065,1,tags:1
playing with my food,8066,1,tags:1
playlist,8067,1,tags:1
plays,8068,2,tags:2
pleasant,8069,1,tags:1
please,8070,1,tags:1
pleasing to the eye,8071,1,tags:1
pleiades:findspot=570491,8072,2,tags:2
pleiades:origin=560353,8073,1,tags:1
pless,8074,1,tags:1
plexus,8075,2,tags:2
plot,8076,1,tags:1
plum,8077,1,tags:1
plump,8078,1,tags:1
plumpton,8079,1,tags:1
plums,8080,1,tags:1
plus,8081,1,tags:1
plush,8082,1,tags:1
plymouth,8083,5,tags:5
plzeň,8084,1,tags:1
pnw,8085,1,tags:1
podcast,8086,1,tags:1
podchef,8087,1,tags:1
podsafe,8088,1,tags:1
poem,8089,1,tags:1
poems poetry lyrics,8090,1,tags:1
poetry and pictures international,8091,1,tags:1
poinsettia,8092,1,tags:1
point and shoot,8093,4,tags:4
point kungp0w,8094,1,tags:1
pointandshoot,8095,1,tags:1
pointshoot,8096,1,tags:1
poitiers,8097,1,tags:1
poitou-charentes,8098,1,tags:1
poland,8099,2,tags:2
polaroid,8100,2,tags:2
polaroidsx-70,8101,1,tags:1
pole,8102,2,tags:2
police,8103,4,tags:4
police car,8104,2,tags:2
police cruiser,8105,2,tags:2
police interceptor,8106,2,tags:2
police officer,8107,2,tags:2
policecar,8108,1,tags:1
policecars,8109,1,tags:1
policeman,8110,2,tags:2
policewoman,8111,2,tags:2
politic,8112,1,tags:1
polizia,8113,1,tags:1
pollan,8114,1,tags:1
pollen,8115,43,tags:43
pollenation,8116,1,tags:1
pollinating,8117,3,tags:3
pollination,8118,11,tags:11
pollinator,8119,2,tags:2
polska,8120,1,tags:1
polymer,8121,1,tags:1
polymer clay,8122,2,tags:2
polyrhachis,8123,1,tags:1
polytechnic,8124,1,tags:1
polytunnel,8125,1,tags:1
pomegranate,8126,1,tags:1
pomodoro,8127,1,tags:1
pompieri,8128,1,tags:1
pompiers,8129,1,tags:1
pong,8130,1,tags:1
ponmudi,8131,1,tags:1
pool,8132,1,tags:1
poor,8133,1,tags:1
poor violin,8134,1,tags:1
pop,8135,1,tags:1
pop corn,8136,1,tags:1
poppie,8137,1,tags:1
popular,8138,2,tags:2
porcelain,8139,10,tags:10
porcelain and stoneware,8140,1,tags:1
porcelæn,8141,1,tags:1
porchester hall,8142,1,tags:1
pork,8143,5,tags:5
pork bowl,8144,1,tags:1
pork salad,8145,1,tags:1
porkroast,8146,1,tags:1
porsgrund,8147,2,tags:2
port credit,8148,1,tags:1
port townsend,8149,2,tags:2
porter,8150,1,tags:1
portland,8151,11,tags:11
portland farmers market,8152,1,tags:1
portra,8153,1,tags:1
portrait,8154,38,tags:38
portraits,8155,3,tags:3
portraits of young musicians,8156,1,tags:1
portret,8157,1,tags:1
portsmouth,8158,2,tags:2
portugal,8159,8,tags:8
posh,8160,2,tags:2
positive,8161,2,tags:2
possible,8162,3,tags:3
post harvest,8163,1,tags:1
post-processed,8164,1,tags:1
postedsc,8165,1,tags:1
pot,8166,46,tags:46
pot holder,8167,1,tags:1
potato,8168,9,tags:9
potatoe,8169,1,tags:1
potatoes,8170,17,tags:17
potatos,8171,1,tags:1
potluck wednesday,8172,1,tags:1
potomac,8173,1,tags:1
pots,8174,2,tags:2
pottery,8175,22,tags:22
power,8176,1,tags:1
power lines,8177,2,tags:2
powerhouse mall,8178,1,tags:1
powershot,8179,17,tags:17
powershot s2,8180,1,tags:1
powershot s3 is,8181,1,tags:1
powershot s80,8182,1,tags:1
powershots2,8183,1,tags:1
powershots2is,8184,1,tags:1
powerwagon,8185,1,tags:1
ppa winner,8186,1,tags:1
pr,8187,3,tags:3
pracar,8188,1,tags:1
practice,8189,2,tags:2
practicing,8190,1,tags:1
prague,8191,3,tags:3
praha,8192,1,tags:1
prairie,8193,1,tags:1
praise and curse of the city,8194,1,tags:1
praiseandcurseofthecity,8195,1,tags:1
prato,8196,1,tags:1
prawns,8197,1,tags:1
praying mantis metal sculpure,8198,4,tags:4
pre,8199,1,tags:1
prefecture,8200,2,tags:2
premiata forneria marconi,8201,1,tags:1
premier,8202,2,tags:2
prenolepis,8203,1,tags:1
prenolepis impari,8204,1,tags:1
prenolepisimparis,8205,2,tags:2
prep,8206,1,tags:1
preparation of the concert of hundred gipsy violins at amsterdam concertgebouw,8207,1,tags:1
preparing,8208,1,tags:1
preperation,8209,1,tags:1
presence,8210,1,tags:1
preserves,8211,1,tags:1
preserving,8212,2,tags:2
"presque isle, me",8213,3,tags:3
presqueisle,8214,3,tags:3
press kit,8215,1,tags:1
preston,8216,1,tags:1
pretty,8217,7,tags:7
prey,8218,1,tags:1
prima,8219,1,tags:1
primark,8220,1,tags:1
prime,8221,2,tags:2
primelens,8222,1,tags:1
princevlad,8223,1,tags:1
print,8224,1,tags:1
printed,8225,1,tags:1
prints,8226,1,tags:1
prison,8227,2,tags:2
private ambulance,8228,2,tags:2
prize,8229,1,tags:1
procession,8230,1,tags:1
produce,8231,54,tags:54
produce town,8232,1,tags:1
produce_department,8233,1,tags:1
product,8234,1,tags:1
professional,8235,1,tags:1
profile,8236,4,tags:4
progressive,8237,1,tags:1
project,8238,3,tags:3
project 365,8239,7,tags:7
project spectrum,8240,1,tags:1
project365,8241,13,tags:13
project365 june,8242,1,tags:1
project365++,8243,1,tags:1
project365-8,8244,1,tags:1
promajna,8245,1,tags:1
promise,8246,1,tags:1
promo,8247,1,tags:1
promotional,8248,1,tags:1
prop styling,8249,1,tags:1
property,8250,1,tags:1
proportion,8251,1,tags:1
prospect park,8252,1,tags:1
protagonisti della sicurezza,8253,1,tags:1
protea,8254,1,tags:1
proteaceae,8255,1,tags:1
protecting the plant,8256,1,tags:1
protection,8257,1,tags:1
protezione civile,8258,1,tags:1
protostomes,8259,1,tags:1
protostomia,8260,1,tags:1
protrait,8261,1,tags:1
providence,8262,1,tags:1
province,8263,1,tags:1
prutas,8264,1,tags:1
ps,8265,1,tags:1
psm,8266,1,tags:1
psm240906,8267,1,tags:1
pss:opd=1130290484,8268,1,tags:1
psv,8269,1,tags:1
pterygota,8270,35,tags:35
pts,8271,1,tags:1
pub,8272,1,tags:1
public,8273,1,tags:1
public apology,8274,1,tags:1
public art,8275,1,tags:1
publicity,8276,1,tags:1
puddle,8277,1,tags:1
puddle pictures,8278,1,tags:1
puddle reflection,8279,1,tags:1
puebla,8280,2,tags:2
pueblos,8281,1,tags:1
puente,8282,1,tags:1
puerto,8283,2,tags:2
puerto rico,8284,1,tags:1
pug,8285,1,tags:1
pulaski county,8286,1,tags:1
pull,8287,1,tags:1
pullman,8288,1,tags:1
pump-in,8289,1,tags:1
pumper,8290,8,tags:8
pumper truck,8291,1,tags:1
pumpkin,8292,3,tags:3
pumpkin patch,8293,1,tags:1
pumpkins,8294,1,tags:1
punctulaus,8295,2,tags:2
punishment,8296,1,tags:1
punjab,8297,1,tags:1
punk,8298,4,tags:4
puntocoma,8299,1,tags:1
pure wickedness,8300,1,tags:1
puree gourmet,8301,1,tags:1
purgewk86,8302,1,tags:1
purple,8303,27,tags:27
purple bedspread,8304,1,tags:1
purple cone flower,8305,1,tags:1
purple cone flowers,8306,1,tags:1
purple flowers,8307,1,tags:1
purple loosestrife,8308,1,tags:1
purple salvia,8309,1,tags:1
purple tulips,8310,1,tags:1
purples,8311,1,tags:1
purpleslog,8312,1,tags:1
purplewon2000,8313,2,tags:2
push-processed,8314,1,tags:1
puutarha,8315,5,tags:5
pvc,8316,1,tags:1
pvd-18 mahogany dread,8317,1,tags:1
pvv,8318,1,tags:1
pyongyang,8319,2,tags:2
pyramid,8320,1,tags:1
pyrex,8321,1,tags:1
pythagoras,8322,1,tags:1
pythagorean,8323,1,tags:1
pélerinage des gitans,8324,1,tags:1
q,8325,1,tags:1
q2,8326,1,tags:1
qalam-zani,8327,1,tags:1
qcontest,8328,1,tags:1
qld,8329,4,tags:4
qrghazala,8330,1,tags:1
quail eggs,8331,1,tags:1
quaint,8332,1,tags:1
quality,8333,1,tags:1
quality pixels,8334,1,tags:1
quantaray,8335,1,tags:1
quartet,8336,2,tags:2
quebec,8337,8,tags:8
queen,8338,3,tags:3
queen anne,8339,1,tags:1
queen anne's lace,8340,1,tags:1
queen street,8341,1,tags:1
queenbee,8342,1,tags:1
queens,8343,3,tags:3
queensland,8344,8,tags:8
question of passion,8345,1,tags:1
quiche,8346,2,tags:2
quick,8347,1,tags:1
quiet,8348,1,tags:1
quinoa,8349,1,tags:1
quint,8350,1,tags:1
quintet,8351,1,tags:1
québec,8352,1,tags:1
qvixote,8353,1,tags:1
r,8354,2,tags:2
r e olds,8355,1,tags:1
r taylor guitars,8356,1,tags:1
r001,8357,2,tags:2
r_naomi,8358,1,tags:1
raccoon,8359,1,tags:1
race,8360,1,tags:1
races,8361,1,tags:1
racetrack,8362,1,tags:1
racha,8363,1,tags:1
racha noodles,8364,1,tags:1
racha noodles & thai cuisine,8365,1,tags:1
rachel,8366,1,tags:1
racheℓ.,8367,1,tags:1
racing,8368,1,tags:1
rack,8369,1,tags:1
racoon,8370,1,tags:1
radiator,8371,1,tags:1
radio program,8372,1,tags:1
radiohead,8373,1,tags:1
radiosymfoniorkester,8374,1,tags:1
radish,8375,9,tags:9
radishes,8376,7,tags:7
rady,8377,1,tags:1
rae,8378,1,tags:1
ragazzi del falò,8379,1,tags:1
ragged radishes,8380,1,tags:1
raiders,8381,1,tags:1
rail,8382,1,tags:1
railing,8383,1,tags:1
rain,8384,5,tags:5
rain drops,8385,1,tags:1
rain ruining garden,8386,3,tags:3
rain-drops,8387,1,tags:1
rainbow,8388,1,tags:1
rainbow chard,8389,2,tags:2
raindrops,8390,1,tags:1
rainforest,8391,11,tags:11
rainworth,8392,1,tags:1
rainy,8393,1,tags:1
raised bed gardening,8394,2,tags:2
raised beds,8395,1,tags:1
raita,8396,1,tags:1
rajada,8397,1,tags:1
rajasthan,8398,1,tags:1
raku,8399,1,tags:1
raku pottery,8400,1,tags:1
rakuzen,8401,1,tags:1
raleigh,8402,2,tags:2
rally,8403,3,tags:3
ralph palmer,8404,1,tags:1
ram,8405,1,tags:1
rambutans,8406,1,tags:1
ramen,8407,2,tags:2
rammersweier,8408,1,tags:1
randazzos,8409,1,tags:1
randolph,8410,1,tags:1
randolphvt,8411,1,tags:1
random,8412,2,tags:2
range,8413,1,tags:1
range.,8414,1,tags:1
rangefinder,8415,2,tags:2
ranunculus,8416,1,tags:1
raphaël,8417,1,tags:1
rapid response vehicle,8418,1,tags:1
rare,8419,5,tags:5
raspberry,8420,2,tags:2
rat,8421,1,tags:1
ratatouille,8422,3,tags:3
rather large,8423,1,tags:1
ratjada,8424,1,tags:1
ratmammy,8425,1,tags:1
raven grace,8426,1,tags:1
raw,8427,12,tags:12
raw food,8428,2,tags:2
raw food wednesday,8429,1,tags:1
rayds,8430,1,tags:1
rayne,8431,1,tags:1
raynox,8432,1,tags:1
raynox 150,8433,3,tags:3
raynox 250,8434,2,tags:2
raynox dcr-250,8435,1,tags:1
rays,8436,1,tags:1
re-enactment,8437,1,tags:1
reading,8438,1,tags:1
ready,8439,2,tags:2
rebanada,8440,1,tags:1
rebel,8441,15,tags:15
rebel xt,8442,1,tags:1
rebel xti,8443,5,tags:5
rebel xti (400d),8444,1,tags:1
rebelxs,8445,1,tags:1
recap,8446,1,tags:1
recent work,8447,1,tags:1
recentley,8448,1,tags:1
reception,8449,1,tags:1
recipe,8450,16,tags:16
recipe cards,8451,1,tags:1
recipes,8452,8,tags:8
recital,8453,13,tags:13
recolta,8454,1,tags:1
recording,8455,13,tags:13
recycle,8456,2,tags:2
recycled,8457,3,tags:3
red,8458,136,tags:136
red & white,8459,1,tags:1
red abdomen,8460,3,tags:3
red ant,8461,2,tags:2
red ants,8462,1,tags:1
red bowl,8463,1,tags:1
red dress,8464,1,tags:1
red head,8465,2,tags:2
red hot pokers,8466,1,tags:1
red leaf lettuce,8467,1,tags:1
red onion,8468,4,tags:4
red onions,8469,2,tags:2
red pepper,8470,5,tags:5
red peppers,8471,1,tags:1
red potatoes,8472,2,tags:2
red rose,8473,1,tags:1
red star,8474,2,tags:2
red tree ant,8475,2,tags:2
red-figure,8476,1,tags:1
redant,8477,4,tags:4
redcross,8478,2,tags:2
redding,8479,1,tags:1
redding ca.,8480,1,tags:1
reddish brown,8481,1,tags:1
reddish legs,8482,1,tags:1
redemption,8483,1,tags:1
redhill,8484,1,tags:1
redmond,8485,1,tags:1
redpepper,8486,1,tags:1
redpoppyarthouse,8487,1,tags:1
redwood,8488,1,tags:1
ree drummond,8489,1,tags:1
reel road,8490,1,tags:1
reflectah,8491,1,tags:1
reflecting,8492,1,tags:1
reflection,8493,7,tags:7
reflections,8494,2,tags:2
reflections of amsterd@m,8495,1,tags:1
reflector,8496,1,tags:1
refmo,8497,1,tags:1
refreshing,8498,1,tags:1
refreshment,8499,1,tags:1
refret,8500,1,tags:1
refretted,8501,1,tags:1
refugee,8502,1,tags:1
refugees,8503,1,tags:1
refurbished,8504,1,tags:1
reg06,8505,1,tags:1
reg51,8506,3,tags:3
reg54,8507,1,tags:1
regatta,8508,2,tags:2
reggae geel,8509,1,tags:1
reggae geel 2008,8510,1,tags:1
reghin,8511,1,tags:1
regina,8512,1,tags:1
region,8513,1,tags:1
rehfeldt,8514,1,tags:1
relationship,8515,2,tags:2
relax,8516,1,tags:1
relaxed,8517,2,tags:2
relaxing,8518,1,tags:1
relay for life,8519,1,tags:1
relic,8520,1,tags:1
relish,8521,2,tags:2
rembrandtplein,8522,1,tags:1
remember,8523,1,tags:1
renault,8524,14,tags:14
renault master,8525,3,tags:3
rendlesham,8526,1,tags:1
reniasance,8527,1,tags:1
rent,8528,2,tags:2
renting,8529,1,tags:1
renton,8530,1,tags:1
renualt kangoo,8531,1,tags:1
renée dines out,8532,1,tags:1
reo,8533,1,tags:1
repair,8534,3,tags:3
repetition,8535,1,tags:1
replica,8536,2,tags:2
reproducción,8537,1,tags:1
reproduction,8538,2,tags:2
reptiles,8539,1,tags:1
requiem,8540,1,tags:1
resch center,8541,1,tags:1
rescue,8542,24,tags:24
rescue 1,8543,2,tags:2
rescue 5,8544,1,tags:1
rescue 999,8545,1,tags:1
reservation,8546,1,tags:1
reserved,8547,1,tags:1
residence,8548,1,tags:1
residency,8549,1,tags:1
resonator guitar,8550,1,tags:1
resort,8551,1,tags:1
responder,8552,1,tags:1
response,8553,2,tags:2
restaurant,8554,38,tags:38
restaurants,8555,3,tags:3
resting,8556,1,tags:1
restored,8557,1,tags:1
retail,8558,2,tags:2
retired,8559,1,tags:1
retriever,8560,1,tags:1
retro,8561,6,tags:6
retro vase,8562,1,tags:1
retro-look,8563,1,tags:1
rettung,8564,3,tags:3
rettungsauto,8565,1,tags:1
rettungsdienst,8566,4,tags:4
rettungswagen,8567,2,tags:2
reuben,8568,1,tags:1
reuters,8569,1,tags:1
reverse lens canon fd 24mm 1:2.8 s.s.c,8570,1,tags:1
reversed,8571,1,tags:1
reversed 50mm,8572,1,tags:1
rfk,8573,1,tags:1
rhinestone,8574,2,tags:2
rhoda,8575,1,tags:1
rhode island,8576,1,tags:1
rhododendron,8577,1,tags:1
rhododendrons,8578,1,tags:1
rhubarb,8579,1,tags:1
ri,8580,1,tags:1
rialtomarket,8581,1,tags:1
riam,8582,1,tags:1
riandreu,8583,1,tags:1
ribbon,8584,3,tags:3
ribbons,8585,2,tags:2
ribs,8586,1,tags:1
rice,8587,10,tags:10
rice wine,8588,1,tags:1
richard,8589,1,tags:1
richard buckner,8590,1,tags:1
richards,8591,2,tags:2
richmond,8592,9,tags:9
richmond bc,8593,1,tags:1
rick,8594,2,tags:2
rick shackleton,8595,1,tags:1
rico,8596,1,tags:1
ricoh,8597,2,tags:2
ricoh gr,8598,1,tags:1
ricoh gr-d,8599,1,tags:1
ride,8600,2,tags:2
rideau center,8601,1,tags:1
rideau centre,8602,1,tags:1
ridgefield,8603,1,tags:1
ridgewwod,8604,1,tags:1
riesen,8605,1,tags:1
rig,8606,1,tags:1
riga,8607,1,tags:1
rightplacerighttime,8608,1,tags:1
rights,8609,1,tags:1
rim light,8610,1,tags:1
ring,8611,1,tags:1
ring flash,8612,1,tags:1
rio salado sportsman's club,8613,1,tags:1
ripon,8614,1,tags:1
ritzville,8615,1,tags:1
river,8616,6,tags:6
river festival,8617,1,tags:1
riverside,8618,1,tags:1
riverside county,8619,1,tags:1
riverside park,8620,1,tags:1
riverwood park,8621,1,tags:1
riyadh,8622,1,tags:1
rizal,8623,1,tags:1
rj,8624,1,tags:1
road,8625,11,tags:11
road block,8626,1,tags:1
road markings,8627,1,tags:1
road trip,8628,3,tags:3
road trip 2005,8629,1,tags:1
road/path-side,8630,3,tags:3
roanoke,8631,1,tags:1
roar!,8632,1,tags:1
roast,8633,1,tags:1
roasted,8634,1,tags:1
robar-fotos-es,8635,1,tags:1
robber fly,8636,1,tags:1
robert,8637,4,tags:4
robert carrier cooking card,8638,1,tags:1
robertson,8639,1,tags:1
robinson,8640,1,tags:1
robleda,8641,1,tags:1
robokubo,8642,3,tags:3
rochester,8643,3,tags:3
rock,8644,17,tags:17
rock and roll,8645,2,tags:2
rock for kids,8646,2,tags:2
rockabilly,8647,1,tags:1
rockhal,8648,1,tags:1
rocklin,8649,1,tags:1
rocknroll,8650,1,tags:1
rocks,8651,1,tags:1
rod,8652,2,tags:2
rodeo,8653,1,tags:1
rodja,8654,1,tags:1
rodney,8655,1,tags:1
rodrigo y gabriela,8656,4,tags:4
roemenië,8657,1,tags:1
roger,8658,1,tags:1
roger clyne,8659,1,tags:1
roger clyne & the peacemakers,8660,1,tags:1
rojak,8661,1,tags:1
roland,8662,1,tags:1
rolandtanglaophoto,8663,2,tags:2
roll,8664,2,tags:2
rolls,8665,1,tags:1
roma,8666,6,tags:6
romaine,8667,1,tags:1
roman arts,8668,1,tags:1
romania,8669,2,tags:2
romany,8670,1,tags:1
rome,8671,7,tags:7
romy lumanog,8672,3,tags:3
ron greer,8673,1,tags:1
ronnrr,8674,1,tags:1
ronny's,8675,1,tags:1
roo,8676,1,tags:1
roof,8677,1,tags:1
rooftop,8678,4,tags:4
roohi,8679,1,tags:1
room,8680,5,tags:5
rooster,8681,1,tags:1
roots,8682,1,tags:1
rope,8683,1,tags:1
roppongi,8684,2,tags:2
roppongi hills,8685,2,tags:2
rory's first kiss,8686,1,tags:1
rosa,8687,1,tags:1
rosario,8688,3,tags:3
rosarito,8689,1,tags:1
rose,8690,11,tags:11
rose of sharon,8691,2,tags:2
rose wood,8692,1,tags:1
rosebud,8693,1,tags:1
rosemary,8694,7,tags:7
rosemont,8695,1,tags:1
rosenbauer,8696,1,tags:1
roses,8697,11,tags:11
rosette,8698,1,tags:1
roseveltisland,8699,1,tags:1
roseville,8700,1,tags:1
rosewood,8701,4,tags:4
rosie and morgan's wedding,8702,1,tags:1
rossameise,8703,1,tags:1
rosso,8704,2,tags:2
rotary,8705,1,tags:1
rotes kreuz,8706,1,tags:1
rotorcraft,8707,1,tags:1
rotting,8708,1,tags:1
rouge,8709,1,tags:1
rough,8710,1,tags:1
round,8711,3,tags:3
round home,8712,1,tags:1
round zucchini,8713,1,tags:1
route 108,8714,1,tags:1
route66,8715,1,tags:1
routes,8716,1,tags:1
routine,8717,1,tags:1
rowan,8718,1,tags:1
roxo,8719,1,tags:1
royal,8720,1,tags:1
royan,8721,1,tags:1
roycebannon,8722,1,tags:1
royer r-121,8723,7,tags:7
roygbiv,8724,1,tags:1
rrv,8725,2,tags:2
rta,8726,1,tags:1
rtw,8727,4,tags:4
rubbed,8728,1,tags:1
rubens,8729,1,tags:1
rucola,8730,1,tags:1
rude veg,8731,3,tags:3
rudyard kipling,8732,1,tags:1
rue,8733,1,tags:1
ruficornis,8734,1,tags:1
ruin,8735,1,tags:1
rumania,8736,1,tags:1
rumor,8737,1,tags:1
rumours,8738,1,tags:1
rumpled,8739,1,tags:1
runner,8740,1,tags:1
runner beans,8741,1,tags:1
rural,8742,3,tags:3
ruralfest,8743,1,tags:1
rush,8744,1,tags:1
russell,8745,1,tags:1
russell guitars,8746,1,tags:1
russia,8747,2,tags:2
russia trip 2008,8748,1,tags:1
russian sage,8749,1,tags:1
rust,8750,6,tags:6
rust belt,8751,2,tags:2
rustic,8752,2,tags:2
rusty metal,8753,1,tags:1
rutgers,8754,1,tags:1
rvp100,8755,1,tags:1
rwc,8756,1,tags:1
ryan,8757,2,tags:2
rye,8758,2,tags:2
ryebread,8759,1,tags:1
ryge,8760,3,tags:3
ryn's,8761,4,tags:4
ryolf,8762,2,tags:2
région centre,8763,1,tags:1
rósenberg,8764,1,tags:1
s,8765,3,tags:3
s t i l l,8766,1,tags:1
s-76a,8767,1,tags:1
s.s marie,8768,1,tags:1
s101,8769,1,tags:1
s1on,8770,1,tags:1
s2,8771,1,tags:1
s2 is,8772,1,tags:1
s2is,8773,1,tags:1
s3,8774,1,tags:1
s5,8775,2,tags:2
s5200,8776,3,tags:3
s5600,8777,2,tags:2
s5800,8778,2,tags:2
s5is,8779,5,tags:5
s6,8780,1,tags:1
s6500fd,8781,1,tags:1
s700i,8782,1,tags:1
s700i sony ericsson,8783,1,tags:1
s700i sony ericsson mobile phone cam,8784,1,tags:1
s76,8785,1,tags:1
s@z,8786,1,tags:1
sa,8787,1,tags:1
sabah,8788,1,tags:1
sabal palm,8789,1,tags:1
saber,8790,1,tags:1
sabotrax,8791,1,tags:1
sacha lodge,8792,2,tags:2
sacramento,8793,3,tags:3
sad,8794,1,tags:1
sadness,8795,1,tags:1
safari ants,8796,1,tags:1
safari sam's,8797,1,tags:1
safd,8798,1,tags:1
safety,8799,1,tags:1
safoocat,8800,1,tags:1
sagada,8801,1,tags:1
sage,8802,3,tags:3
saguaro,8803,2,tags:2
saigon,8804,2,tags:2
saint,8805,2,tags:2
saint louis,8806,2,tags:2
saint lucia,8807,1,tags:1
saint mary of the woods,8808,1,tags:1
"saint petersburg, russia",8809,1,tags:1
sainte,8810,1,tags:1
saintes-maries-de-la-mer,8811,1,tags:1
saintlouis,8812,2,tags:2
saiten,8813,1,tags:1
sajesh,8814,1,tags:1
salad,8815,61,tags:61
saladbar,8816,1,tags:1
salade,8817,1,tags:1
salami,8818,1,tags:1
salat,8819,1,tags:1
sale,8820,1,tags:1
salesman,8821,1,tags:1
salisbury,8822,1,tags:1
salle de concert,8823,1,tags:1
salmon,8824,5,tags:5
salmon skin,8825,1,tags:1
salon de l'auto,8826,2,tags:2
salsa,8827,1,tags:1
salt,8828,4,tags:4
salt marsh,8829,1,tags:1
saltspring,8830,1,tags:1
salvage,8831,1,tags:1
salvage yard,8832,1,tags:1
salvia,8833,1,tags:1
sam,8834,1,tags:1
sam holloway,8835,2,tags:2
samick,8836,1,tags:1
sample,8837,1,tags:1
samples,8838,1,tags:1
samsung,8839,1,tags:1
samui,8840,1,tags:1
san,8841,9,tags:9
san antonio,8842,2,tags:2
san diego,8843,12,tags:12
san fran,8844,3,tags:3
san francisco,8845,18,tags:18
san francisco botanical garden,8846,1,tags:1
san gabriel,8847,3,tags:3
san jose,8848,1,tags:1
"san jose, california",8849,1,tags:1
san luis rio colorado,8850,1,tags:1
san marcos foothills,8851,1,tags:1
san mateo,8852,1,tags:1
san mateo county,8853,1,tags:1
san mateo house,8854,1,tags:1
san miguel,8855,1,tags:1
san miguel de allende,8856,1,tags:1
san nicola dei greci,8857,1,tags:1
san quentin,8858,1,tags:1
san rafael swell,8859,1,tags:1
san salvador,8860,3,tags:3
sand,8861,3,tags:3
sandford orcas,8862,1,tags:1
sandi,8863,1,tags:1
sandiego,8864,9,tags:9
sandra leidholdt,8865,1,tags:1
sandra richard,8866,1,tags:1
sandwich,8867,3,tags:3
sandwiches,8868,1,tags:1
sandy richard,8869,1,tags:1
sanfrancisco,8870,3,tags:3
sang,8871,1,tags:1
"sangamon county, illinois",8872,1,tags:1
sanitka,8873,2,tags:2
sanjose,8874,1,tags:1
sanmiguel,8875,1,tags:1
sanmigueldeallende,8876,1,tags:1
santa,8877,5,tags:5
santa ana,8878,1,tags:1
santa barbara,8879,2,tags:2
santa clarita,8880,1,tags:1
santa fe,8881,1,tags:1
santa fe salud,8882,1,tags:1
santa monica,8883,1,tags:1
santa pod,8884,1,tags:1
santa rosa,8885,1,tags:1
santiago,8886,3,tags:3
santoku,8887,1,tags:1
santos bonacci,8888,7,tags:7
sao paulo,8889,1,tags:1
sapatinho,8890,2,tags:2
sapato,8891,2,tags:2
saraets,8892,1,tags:1
sarah,8893,1,tags:1
sarah richardson,8894,1,tags:1
sarahb,8895,1,tags:1
saraluna,8896,1,tags:1
saralú,8897,1,tags:1
saran,8898,1,tags:1
sarawak,8899,6,tags:6
sardegna,8900,3,tags:3
sardinia,8901,1,tags:1
sardinien,8902,1,tags:1
saskatchewan garden.,8903,1,tags:1
saskgarden,8904,1,tags:1
sasso barisano,8905,1,tags:1
sassyradish,8906,1,tags:1
satin,8907,2,tags:2
sativus,8908,1,tags:1
saturated,8909,1,tags:1
saturday,8910,1,tags:1
saturday morning,8911,1,tags:1
saturn,8912,1,tags:1
sauce,8913,6,tags:6
saucer,8914,2,tags:2
sauces,8915,1,tags:1
saulsbury,8916,1,tags:1
sausage,8917,4,tags:4
sausagehotpot,8918,1,tags:1
saute,8919,1,tags:1
sauteed,8920,1,tags:1
sauvie island,8921,1,tags:1
savage,8922,1,tags:1
savannah,8923,1,tags:1
"savannah, ga",8924,1,tags:1
"savannah, georgia",8925,1,tags:1
save,8926,2,tags:2
save earth,8927,1,tags:1
save10,8928,2,tags:2
save2,8929,2,tags:2
save3,8930,1,tags:1
save4,8931,2,tags:2
save5,8932,2,tags:2
save6,8933,2,tags:2
save7,8934,2,tags:2
save8,8935,2,tags:2
save9,8936,2,tags:2
saved by the del*teme uncensored group,8937,2,tags:2
saveme,8938,1,tags:1
saxaphone,8939,1,tags:1
saxifraga urbinum,8940,1,tags:1
saxifragaceae,8941,1,tags:1
saxifrage,8942,1,tags:1
saxophone,8943,1,tags:1
saxophones,8944,1,tags:1
saywa,8945,1,tags:1
saúva,8946,1,tags:1
sb-28,8947,1,tags:1
sb-600,8948,1,tags:1
sb600,8949,5,tags:5
sb800,8950,3,tags:3
sbmoot,8951,1,tags:1
sbwr,8952,2,tags:2
sc,8953,1,tags:1
scale,8954,1,tags:1
scallion,8955,3,tags:3
scallopini,8956,1,tags:1
scallopinni,8957,1,tags:1
scan,8958,2,tags:2
scandinavia,8959,3,tags:3
scandinavianfood,8960,1,tags:1
scania,8961,1,tags:1
scary,8962,2,tags:2
scavenger,8963,1,tags:1
scavenger hunt,8964,1,tags:1
scavenger hunt 101,8965,1,tags:1
sce,8966,1,tags:1
scene,8967,1,tags:1
scenery,8968,1,tags:1
scenes,8969,3,tags:3
scenic,8970,2,tags:2
schabi,8971,2,tags:2
schaefer,8972,1,tags:1
schildlaus,8973,1,tags:1
schilling,8974,1,tags:1
schmidt,8975,1,tags:1
schmucklilie,8976,1,tags:1
schnitzel,8977,2,tags:2
schoenberg guitars,8978,1,tags:1
school,8979,16,tags:16
school concert,8980,2,tags:2
schutz und rettung zürich,8981,1,tags:1
schuyler,8982,1,tags:1
schuylerfisk,8983,1,tags:1
schwarz,8984,1,tags:1
schwarzweiss,8985,1,tags:1
schützenhaus,8986,1,tags:1
sci-fi,8987,1,tags:1
science,8988,2,tags:2
science center,8989,1,tags:1
scituate,8990,1,tags:1
scituate ma,8991,1,tags:1
scituate music company,8992,1,tags:1
scolid wasps,8993,1,tags:1
scoopt,8994,1,tags:1
scooter,8995,1,tags:1
score,8996,1,tags:1
scoreme41,8997,1,tags:1
scotland,8998,16,tags:16
scotney,8999,1,tags:1
scottish,9000,3,tags:3
scottish ambulance service,9001,1,tags:1
scramble,9002,1,tags:1
screen,9003,2,tags:2
screweyes,9004,1,tags:1
screws,9005,1,tags:1
scroll,9006,1,tags:1
scset017,9007,1,tags:1
sculpting,9008,1,tags:1
sculpture,9009,10,tags:10
sd200,9010,1,tags:1
sd450,9011,1,tags:1
sd500,9012,1,tags:1
sd600,9013,1,tags:1
sdfd,9014,6,tags:6
sdgr,9015,1,tags:1
sdmse,9016,2,tags:2
se asia,9017,2,tags:2
sea,9018,3,tags:3
sea of yellow,9019,2,tags:2
sea-vegetable,9020,1,tags:1
seafood,9021,9,tags:9
seagrave,9022,2,tags:2
seagull,9023,3,tags:3
seagull acoustic guitar,9024,1,tags:1
seagull guitar,9025,7,tags:7
seagull s6,9026,1,tags:1
seahurst beach,9027,1,tags:1
seal,9028,1,tags:1
searchandreward,9029,1,tags:1
searchthebest,9030,3,tags:3
seared,9031,1,tags:1
season,9032,2,tags:2
seatac,9033,10,tags:10
seated,9034,1,tags:1
seattle,9035,44,tags:44
seattle chinese alliance church,9036,1,tags:1
sebago,9037,1,tags:1
sebilden,9038,2,tags:2
secretsamba,9039,1,tags:1
secretsofthecity,9040,3,tags:3
security,9041,1,tags:1
sedap,9042,1,tags:1
sedona,9043,1,tags:1
sedum,9044,2,tags:2
see the music,9045,1,tags:1
seed,9046,4,tags:4
seeds,9047,8,tags:8
seeing,9048,1,tags:1
seen in explore,9049,1,tags:1
seen live,9050,1,tags:1
seillans,9051,1,tags:1
selayang,9052,1,tags:1
selective colour,9053,1,tags:1
self,9054,7,tags:7
self portrait,9055,2,tags:2
self sufficiency,9056,1,tags:1
self-portrait,9057,2,tags:2
selfmade,9058,1,tags:1
seller,9059,1,tags:1
sellers,9060,1,tags:1
selling,9061,4,tags:4
sem,9062,4,tags:4
semi truck,9063,1,tags:1
semi-candid,9064,1,tags:1
senstive,9065,1,tags:1
seoul,9066,8,tags:8
seoul hot pot,9067,2,tags:2
seoul house,9068,1,tags:1
sepals,9069,2,tags:2
sepia,9070,6,tags:6
sepia monrovia ca,9071,1,tags:1
september,9072,17,tags:17
september 2007,9073,2,tags:2
september 2008,9074,2,tags:2
"september 29, 2008",9075,1,tags:1
sergei bezrodni,9076,2,tags:2
seria,9077,1,tags:1
series,9078,1,tags:1
serious,9079,1,tags:1
serrano peppers,9080,1,tags:1
serranos,9081,1,tags:1
serrure,9082,1,tags:1
serve,9083,1,tags:1
service,9084,10,tags:10
service sightings,9085,1,tags:1
services,9086,6,tags:6
sesame,9087,1,tags:1
sesame oil,9088,1,tags:1
sesfontein,9089,1,tags:1
session,9090,3,tags:3
session bar,9091,2,tags:2
set,9092,1,tags:1
set-brandweer,9093,2,tags:2
set382,9094,3,tags:3
set: insects and spiders,9095,1,tags:1
"set: plants, leaves, roots, buds, trees, fruit, mushrooms",9096,1,tags:1
seta,9097,1,tags:1
setagaya-ku,9098,1,tags:1
setembre,9099,1,tags:1
setseeker,9100,1,tags:1
seven-string guitar,9101,3,tags:3
seven-string guitars,9102,3,tags:3
sexy,9103,1,tags:1
sf,9104,3,tags:3
sf bay area,9105,1,tags:1
sffd,9106,1,tags:1
sfidephotoamatori,9107,1,tags:1
sfist,9108,1,tags:1
sfmisc,9109,1,tags:1
sfondo,9110,1,tags:1
sfsu,9111,1,tags:1
sfv,9112,1,tags:1
sfx,9113,1,tags:1
sg,9114,1,tags:1
sh 46,9115,1,tags:1
shabby chic,9116,1,tags:1
shabu,9117,1,tags:1
shabu shabu,9118,1,tags:1
shabu-shabu,9119,1,tags:1
shabuway,9120,1,tags:1
shackleton,9121,1,tags:1
shade,9122,1,tags:1
shadow,9123,14,tags:14
shadows,9124,6,tags:6
shadowy,9125,1,tags:1
shallot,9126,2,tags:2
shallots,9127,2,tags:2
shallow,9128,1,tags:1
shallow dof,9129,1,tags:1
shanghai,9130,12,tags:12
shanghai chinese restaurant,9131,1,tags:1
shanghai daily photo,9132,1,tags:1
shanghainese,9133,4,tags:4
shangrila,9134,1,tags:1
shangzhi,9135,1,tags:1
shannon mowling,9136,1,tags:1
shaped,9137,2,tags:2
shapes,9138,1,tags:1
share,9139,2,tags:2
sharingexposures,9140,1,tags:1
sharp,9141,1,tags:1
sharyl,9142,1,tags:1
shasta lake ca.,9143,1,tags:1
shaunku,9144,1,tags:1
she,9145,1,tags:1
sheet,9146,2,tags:2
sheets,9147,2,tags:2
sheffield,9148,5,tags:5
sheffieldchildrenshospital,9149,1,tags:1
shelby cinca,9150,1,tags:1
shelf,9151,2,tags:2
shell,9152,2,tags:2
shell rotterdam,9153,1,tags:1
shells,9154,1,tags:1
shenton way,9155,3,tags:3
shereena bday,9156,1,tags:1
shesangdandelion,9157,1,tags:1
shield of excellence,9158,1,tags:1
shieldofexcellence,9159,1,tags:1
shiitake,9160,1,tags:1
shilin,9161,1,tags:1
shimla,9162,1,tags:1
shin ramyun,9163,1,tags:1
shinagawa,9164,2,tags:2
shiney,9165,1,tags:1
shinies,9166,1,tags:1
shiny,9167,8,tags:8
shirt,9168,6,tags:6
shobara,9169,1,tags:1
shoe hospital,9170,1,tags:1
shoes,9171,2,tags:2
shokoshoki,9172,1,tags:1
shop,9173,8,tags:8
shop violins violas violin,9174,1,tags:1
shopping,9175,6,tags:6
shops,9176,1,tags:1
shore,9177,1,tags:1
shorts,9178,1,tags:1
shot,9179,2,tags:2
shot;,9180,1,tags:1
shots,9181,2,tags:2
shots.,9182,1,tags:1
shoubousha,9183,1,tags:1
shoup,9184,1,tags:1
show,9185,19,tags:19
show and shine,9186,1,tags:1
shower,9187,1,tags:1
showground,9188,1,tags:1
shozu,9189,3,tags:3
shreveport,9190,1,tags:1
shrewsbury,9191,1,tags:1
shrikrishnapundoor,9192,1,tags:1
shrimp,9193,7,tags:7
shropshire,9194,2,tags:2
shrub verbena,9195,1,tags:1
shuk,9196,3,tags:3
shuksan,9197,1,tags:1
shure,9198,1,tags:1
shutter,9199,1,tags:1
siargaoisland,9200,1,tags:1
sib',9201,1,tags:1
sichuan,9202,7,tags:7
sichuan hot pot,9203,1,tags:1
sichuan hotpot,9204,1,tags:1
sichuanrestaurant,9205,1,tags:1
sidari,9206,1,tags:1
side,9207,3,tags:3
side dish,9208,3,tags:3
side lit,9209,1,tags:1
sidewalk,9210,2,tags:2
sidleyvalleyranch,9211,1,tags:1
sierra nevada,9212,1,tags:1
sierras,9213,1,tags:1
sies,9214,2,tags:2
sigma,9215,10,tags:10
sigma 105mm f2.8 ex dg macro,9216,1,tags:1
sigma 150/2.8 macro,9217,1,tags:1
sigma 17-70,9218,2,tags:2
sigma 18-50 f2.8,9219,1,tags:1
sigma 18-50mm f/2.8,9220,2,tags:2
sigma 30mm f/1.4,9221,1,tags:1
sigma 70-300 f4-56 apo,9222,1,tags:1
sigma 70-300mm,9223,1,tags:1
sigma 70-300mm f/4-5.6 dg apo macro,9224,1,tags:1
sigma 70-300mm f4-5.6 apo dg macro,9225,1,tags:1
sigma105,9226,2,tags:2
sign,9227,2,tags:2
signature,9228,2,tags:2
signed,9229,2,tags:2
signs,9230,2,tags:2
sikorsky,9231,1,tags:1
silence,9232,1,tags:1
silent,9233,1,tags:1
silent violin,9234,1,tags:1
silhouette,9235,2,tags:2
siliconvalley,9236,1,tags:1
silk soy,9237,1,tags:1
silly,9238,3,tags:3
silly face,9239,1,tags:1
silver,9240,3,tags:3
silver wheat,9241,1,tags:1
silvertone,9242,1,tags:1
simon,9243,2,tags:2
simon curd,9244,1,tags:1
simple,9245,1,tags:1
simpson,9246,2,tags:2
sin,9247,1,tags:1
sinaloa,9248,1,tags:1
sing,9249,1,tags:1
singapore,9250,6,tags:6
singapore botanic gardens,9251,1,tags:1
singaporebotanicalgardens,9252,2,tags:2
singei buloh,9253,1,tags:1
singer,9254,3,tags:3
singersongwriter,9255,1,tags:1
singing,9256,5,tags:5
single,9257,2,tags:2
sink,9258,1,tags:1
sinsa,9259,1,tags:1
sinéad,9260,2,tags:2
sipping,9261,1,tags:1
siren,9262,2,tags:2
sirene,9263,1,tags:1
sirens,9264,7,tags:7
sirloin,9265,1,tags:1
sister,9266,3,tags:3
sisu,9267,1,tags:1
sit,9268,1,tags:1
sitting,9269,1,tags:1
six,9270,4,tags:4
six string,9271,2,tags:2
six-string guitar,9272,3,tags:3
sixstrings,9273,1,tags:1
sixwordstory,9274,1,tags:1
size,9275,2,tags:2
sja,9276,2,tags:2
skabiosen-flockenblume,9277,1,tags:1
skegness,9278,4,tags:4
skill,9279,1,tags:1
skin,9280,1,tags:1
skizo,9281,1,tags:1
sky,9282,7,tags:7
sky blue,9283,1,tags:1
skycanon powershot pro s3 is,9284,1,tags:1
skyline,9285,2,tags:2
skyscrapers,9286,1,tags:1
skål,9287,1,tags:1
slate,9288,1,tags:1
slcc08,9289,1,tags:1
sleaford,9290,1,tags:1
sleep,9291,1,tags:1
sleeping,9292,2,tags:2
slice,9293,4,tags:4
sliced,9294,11,tags:11
slices,9295,2,tags:2
slicing,9296,1,tags:1
slide,9297,1,tags:1
slideshow,9298,1,tags:1
slime.mold,9299,1,tags:1
slovakia,9300,1,tags:1
slovenia,9301,1,tags:1
slr,9302,2,tags:2
slumped,9303,2,tags:2
sm57,9304,1,tags:1
small,9305,21,tags:21
small carpenter bee,9306,1,tags:1
small is beautiful,9307,1,tags:1
small musician,9308,1,tags:1
small musicians,9309,1,tags:1
small space,9310,1,tags:1
smaragdina,9311,2,tags:2
smc,9312,1,tags:1
smcpda40mmf28,9313,1,tags:1
smile,9314,4,tags:4
smile :),9315,1,tags:1
smoke,9316,5,tags:5
smoked,9317,1,tags:1
smoking kills,9318,1,tags:1
smooth,9319,6,tags:6
smörgåsbord,9320,1,tags:1
snack,9321,4,tags:4
snacks,9322,2,tags:2
snail,9323,1,tags:1
snake,9324,1,tags:1
snap,9325,1,tags:1
snapdragon,9326,1,tags:1
snappeas,9327,1,tags:1
snapr,9328,1,tags:1
snapshot,9329,1,tags:1
sndvegas,9330,1,tags:1
snorkel,9331,4,tags:4
snow,9332,16,tags:16
snowflake,9333,2,tags:2
snowy,9334,1,tags:1
soaking,9335,1,tags:1
soccer,9336,1,tags:1
soccorritori,9337,1,tags:1
soccorso,9338,3,tags:3
social,9339,1,tags:1
social insects,9340,1,tags:1
society,9341,2,tags:2
soda,9342,2,tags:2
soe,9343,11,tags:11
sofa,9344,1,tags:1
sofia bremer,9345,1,tags:1
soft,9346,6,tags:6
softbox,9347,1,tags:1
softest,9348,1,tags:1
soho,9349,2,tags:2
soil,9350,3,tags:3
sol,9351,1,tags:1
soldier,9352,2,tags:2
soldier ant,9353,2,tags:2
soldiers,9354,1,tags:1
solidac,9355,2,tags:2
solitary,9356,1,tags:1
solitary bee,9357,8,tags:8
solo,9358,1,tags:1
solo artist,9359,1,tags:1
soloreflex,9360,1,tags:1
solvang,9361,1,tags:1
some,9362,2,tags:2
somen,9363,1,tags:1
somer's point,9364,1,tags:1
somer's point fire department,9365,1,tags:1
son,9366,2,tags:2
song,9367,5,tags:5
songs to pics,9368,1,tags:1
sonnenblume,9369,1,tags:1
sonone,9370,1,tags:1
sonora,9371,1,tags:1
sonoyita,9372,1,tags:1
sonoyta,9373,1,tags:1
sons,9374,1,tags:1
sony,9375,14,tags:14
sony a200,9376,1,tags:1
sony a550,9377,1,tags:1
sony alpha,9378,1,tags:1
sony dsc f717,9379,4,tags:4
sony dsc p200,9380,2,tags:2
sony dsc-s650,9381,1,tags:1
sony dsc-w5,9382,1,tags:1
sony dslr-a700,9383,1,tags:1
sony ericsson k810i,9384,1,tags:1
sony h9,9385,2,tags:2
sonydsch5,9386,3,tags:3
sooc,9387,1,tags:1
soon doo boo,9388,1,tags:1
soon dubu,9389,2,tags:2
soon tofu,9390,2,tags:2
sopchoppy,9391,1,tags:1
sorrento,9392,1,tags:1
sorry,9393,1,tags:1
sort,9394,1,tags:1
soryo,9395,1,tags:1
souk,9396,1,tags:1
sound,9397,8,tags:8
sound hole,9398,1,tags:1
soundcheck,9399,2,tags:2
soundgear,9400,1,tags:1
sounds,9401,2,tags:2
soup,9402,37,tags:37
sour,9403,1,tags:1
south,9404,4,tags:4
south africa,9405,1,tags:1
south america,9406,4,tags:4
south australia,9407,1,tags:1
south carolina,9408,1,tags:1
south central ambulance,9409,1,tags:1
south dakota,9410,1,tags:1
south east coast ambulance service,9411,2,tags:2
south east queensland,9412,2,tags:2
south georgia,9413,1,tags:1
south korea,9414,3,tags:3
south okanagan,9415,1,tags:1
south philly,9416,1,tags:1
southampton,9417,1,tags:1
southbank,9418,1,tags:1
southbrunswick,9419,1,tags:1
southeast,9420,1,tags:1
southeast asia,9421,1,tags:1
southern california,9422,3,tags:3
southern united states,9423,1,tags:1
southern wood ant,9424,5,tags:5
southernbelladonna,9425,1,tags:1
southkorea,9426,1,tags:1
southlake,9427,1,tags:1
southside fire station #1,9428,1,tags:1
southwest,9429,3,tags:3
soy,9430,2,tags:2
soy milk,9431,1,tags:1
sp,9432,1,tags:1
sp90,9433,1,tags:1
spaamfaa,9434,1,tags:1
spadina,9435,1,tags:1
spaghetti,9436,1,tags:1
spain,9437,20,tags:20
spam,9438,2,tags:2
spanish,9439,2,tags:2
spare,9440,2,tags:2
spark,9441,1,tags:1
sparring,9442,1,tags:1
sparta michigan,9443,1,tags:1
spartan,9444,1,tags:1
spartito,9445,2,tags:2
spatial_mongrel,9446,1,tags:1
speaker,9447,1,tags:1
spearmint,9448,1,tags:1
specanimal,9449,2,tags:2
special,9450,3,tags:3
specinsect,9451,10,tags:10
specnature,9452,1,tags:1
spectacular,9453,1,tags:1
spector,9454,1,tags:1
speed,9455,3,tags:3
speedlight,9456,1,tags:1
speedwagen,9457,1,tags:1
speedwagon,9458,1,tags:1
sphecodes,9459,1,tags:1
sphinx moth jar,9460,1,tags:1
spice,9461,1,tags:1
spices,9462,1,tags:1
spicy,9463,20,tags:20
spicy food,9464,1,tags:1
spicy nothings,9465,1,tags:1
spider,9466,12,tags:12
spider iii,9467,1,tags:1
spider iii 30,9468,1,tags:1
spiderdog,9469,1,tags:1
spiderindia,9470,2,tags:2
spiders,9471,6,tags:6
spinach,9472,3,tags:3
spinal tap,9473,1,tags:1
spinich,9474,1,tags:1
spiny,9475,1,tags:1
spiral,9476,1,tags:1
spirit,9477,2,tags:2
spirit of oklahoma,9478,3,tags:3
spirit of photography,9479,1,tags:1
splendor in the grass,9480,1,tags:1
split toned,9481,1,tags:1
split-second,9482,1,tags:1
spokane,9483,1,tags:1
spoon,9484,4,tags:4
spooning,9485,1,tags:1
spork,9486,1,tags:1
sport,9487,1,tags:1
sports,9488,1,tags:1
spots,9489,1,tags:1
spotted,9490,1,tags:1
spray,9491,1,tags:1
spring,9492,30,tags:30
spring flowers,9493,2,tags:2
spring onion,9494,1,tags:1
spring2009,9495,1,tags:1
springdale,9496,1,tags:1
springfield,9497,2,tags:2
"springfield, illinois",9498,1,tags:1
springonions,9499,1,tags:1
springs,9500,1,tags:1
springtime,9501,1,tags:1
sprinter,9502,6,tags:6
sprouts,9503,3,tags:3
spruce,9504,5,tags:5
squad,9505,1,tags:1
square,9506,8,tags:8
square foot gardening,9507,7,tags:7
square format,9508,1,tags:1
squared circle,9509,1,tags:1
squaredcircle,9510,3,tags:3
squareformat,9511,1,tags:1
squash,9512,74,tags:74
squashes,9513,2,tags:2
squeekerd1,9514,1,tags:1
squeeky,9515,1,tags:1
squid,9516,4,tags:4
squier bullet strat,9517,1,tags:1
squircle,9518,1,tags:1
sr111,9519,1,tags:1
sri lanka,9520,1,tags:1
srpmic,9521,3,tags:3
srrc,9522,1,tags:1
st,9523,3,tags:3
st anns sq,9524,1,tags:1
st asaph,9525,1,tags:1
st john,9526,2,tags:2
st john ambulance,9527,1,tags:1
"st john ambulance, st johns anbulance, nissan patrol, nissan ambulance, nissan, ambulance, blue light",9528,1,tags:1
st johns,9529,1,tags:1
st johns ambulance,9530,1,tags:1
st patricks day,9531,1,tags:1
st paul farmers' market,9532,1,tags:1
st vital,9533,1,tags:1
st.,9534,2,tags:2
st. catharines,9535,1,tags:1
st. john ambulance,9536,1,tags:1
st. louis,9537,1,tags:1
st. paul,9538,1,tags:1
st. urho's day,9539,1,tags:1
st.paul,9540,1,tags:1
staciaann photography,9541,1,tags:1
stacked,9542,1,tags:1
stadium,9543,1,tags:1
stage,9544,13,tags:13
staged,9545,1,tags:1
stairs,9546,2,tags:2
stall,9547,2,tags:2
stamen,9548,4,tags:4
stamped,9549,1,tags:1
stand,9550,1,tags:1
stanford,9551,1,tags:1
star,9552,3,tags:3
star of life,9553,1,tags:1
starfire,9554,1,tags:1
starfish,9555,4,tags:4
starlight,9556,1,tags:1
starmagnolia,9557,1,tags:1
starred,9558,1,tags:1
state,9559,2,tags:2
state fair,9560,2,tags:2
state fairgrounds,9561,1,tags:1
staten island,9562,2,tags:2
states,9563,1,tags:1
station,9564,9,tags:9
stay,9565,1,tags:1
steam,9566,5,tags:5
steam up '07,9567,1,tags:1
steamboat,9568,5,tags:5
steamed,9569,1,tags:1
steel string,9570,1,tags:1
steel string acoustic,9571,1,tags:1
steel string acoustic guitar,9572,1,tags:1
stefi,9573,1,tags:1
steinbrech,9574,1,tags:1
steinzeug,9575,1,tags:1
stella,9576,1,tags:1
stem,9577,2,tags:2
stem vase,9578,1,tags:1
stemc,9579,1,tags:1
stems,9580,1,tags:1
stemware,9581,1,tags:1
stencil,9582,1,tags:1
stentøj,9583,1,tags:1
step,9584,1,tags:1
stephen,9585,1,tags:1
stereo,9586,1,tags:1
stereo photography,9587,1,tags:1
stereo realist,9588,1,tags:1
sternpolster glockenblume,9589,1,tags:1
stev1eb,9590,1,tags:1
steve kelley,9591,1,tags:1
stevie coyle,9592,3,tags:3
stevie exxxx,9593,1,tags:1
stew,9594,15,tags:15
steyr-puch,9595,1,tags:1
stgilesfair,9596,1,tags:1
stick,9597,1,tags:1
sticks,9598,1,tags:1
still,9599,9,tags:9
still life,9600,12,tags:12
still object,9601,1,tags:1
stilllife,9602,1,tags:1
sting,9603,1,tags:1
stingers,9604,2,tags:2
stinging,9605,12,tags:12
stinging nettle,9606,1,tags:1
stingless,9607,2,tags:2
stir-fry,9608,1,tags:1
stirlingshire,9609,1,tags:1
stirringup,9610,1,tags:1
stirrup,9611,1,tags:1
stjohnambulance,9612,1,tags:1
stjohns,9613,1,tags:1
stlouis,9614,2,tags:2
stml-nomnomnom,9615,1,tags:1
stock,9616,1,tags:1
stock categories,9617,2,tags:2
stock photography,9618,1,tags:1
stockholm,9619,4,tags:4
stocking,9620,1,tags:1
stoke,9621,1,tags:1
stoke-on-trent,9622,1,tags:1
stokes,9623,1,tags:1
stone,9624,2,tags:2
stone pot,9625,1,tags:1
stonebridge,9626,1,tags:1
stonecrop,9627,1,tags:1
stones,9628,1,tags:1
stoneware,9629,2,tags:2
stool,9630,1,tags:1
stop,9631,2,tags:2
store,9632,5,tags:5
stores,9633,1,tags:1
stove,9634,4,tags:4
strada,9635,1,tags:1
stradivarius,9636,5,tags:5
straight from camera,9637,1,tags:1
strange,9638,2,tags:2
stranger than fiction,9639,1,tags:1
strat,9640,3,tags:3
stratocaster,9641,3,tags:3
strawberries,9642,6,tags:6
strawberry,9643,5,tags:5
straßmann,9644,1,tags:1
streak,9645,1,tags:1
street,9646,36,tags:36
street fair,9647,1,tags:1
street food,9648,1,tags:1
street life,9649,1,tags:1
street musician,9650,3,tags:3
street musicians,9651,1,tags:1
street photography,9652,2,tags:2
street show,9653,1,tags:1
streetphotography,9654,2,tags:2
streetportrait,9655,1,tags:1
streets,9656,1,tags:1
streetside,9657,1,tags:1
strelitzia reginae,9658,1,tags:1
strength,9659,1,tags:1
stretch,9660,1,tags:1
stretcher,9661,1,tags:1
strike teams,9662,2,tags:2
striking,9663,2,tags:2
string,9664,22,tags:22
string band,9665,1,tags:1
string quartet,9666,3,tags:3
stringbeans,9667,1,tags:1
stringed,9668,1,tags:1
stringed instruments,9669,1,tags:1
strings,9670,88,tags:88
strings instruments,9671,1,tags:1
stripe,9672,1,tags:1
stripes,9673,5,tags:5
strobbing,9674,1,tags:1
strobe,9675,1,tags:1
strobist,9676,9,tags:9
strong,9677,2,tags:2
structure,9678,1,tags:1
strum,9679,3,tags:3
strumenti,9680,2,tags:2
strumming,9681,1,tags:1
strybing arboretum,9682,1,tags:1
stuart,9683,1,tags:1
stubby,9684,1,tags:1
stuck up a pole,9685,1,tags:1
student,9686,2,tags:2
student violin,9687,1,tags:1
students,9688,1,tags:1
studio,9689,21,tags:21
studioshot,9690,1,tags:1
study,9691,3,tags:3
stuff,9692,2,tags:2
stuffed,9693,1,tags:1
stuffed zucchini,9694,1,tags:1
stumps,9695,1,tags:1
stunning,9696,2,tags:2
stunt,9697,1,tags:1
stuttgart,9698,4,tags:4
stvincents,9699,1,tags:1
style,9700,2,tags:2
subopaca,9701,1,tags:1
subtle hdr,9702,1,tags:1
suburban,9703,3,tags:3
subway,9704,2,tags:2
succulent,9705,1,tags:1
suceava,9706,1,tags:1
sugar ant,9707,1,tags:1
sugar ants,9708,1,tags:1
sugar bowl,9709,1,tags:1
sugarcube,9710,2,tags:2
sugarsnappeas,9711,1,tags:1
suki yaki,9712,1,tags:1
sukiyaki,9713,1,tags:1
sumatra,9714,1,tags:1
summer,9715,77,tags:77
summer 07,9716,1,tags:1
summer garden,9717,1,tags:1
summer holiday,9718,1,tags:1
summer produce,9719,1,tags:1
summer squash,9720,7,tags:7
summer07,9721,1,tags:1
summer2008,9722,2,tags:2
summertime,9723,2,tags:2
sun,9724,8,tags:8
sun dried tomatoes,9725,1,tags:1
sunburst,9726,6,tags:6
sundays,9727,1,tags:1
sunderland,9728,1,tags:1
sundubu,9729,2,tags:2
sundubu jjigae,9730,2,tags:2
sunflower,9731,9,tags:9
sunflower bee,9732,2,tags:2
sunflowers,9733,4,tags:4
sunflowerseeds,9734,1,tags:1
sungei buloh,9735,2,tags:2
sungold cherry tomatoes,9736,1,tags:1
sunlight,9737,8,tags:8
sunning,9738,1,tags:1
sunny,9739,3,tags:3
sunnyvale,9740,1,tags:1
sunnyvale california,9741,1,tags:1
sunnyvalerocks,9742,1,tags:1
sunpak,9743,1,tags:1
sunrise,9744,1,tags:1
sunset,9745,3,tags:3
sunset valley,9746,1,tags:1
sunshine,9747,10,tags:10
sunshine paza,9748,1,tags:1
suomi,9749,2,tags:2
suonatore,9750,1,tags:1
super 400,9751,2,tags:2
super photos,9752,1,tags:1
super suckers,9753,1,tags:1
super takumar,9754,1,tags:1
super-macro,9755,1,tags:1
supera++++,9756,1,tags:1
superaplus,9757,2,tags:2
superawesomebug,9758,1,tags:1
superbmasterpiece,9759,8,tags:8
superduty,9760,1,tags:1
supereco,9761,1,tags:1
superhearts,9762,1,tags:1
superior,9763,4,tags:4
supermacro,9764,5,tags:5
supermarket,9765,3,tags:3
supermercado,9766,1,tags:1
supershot,9767,7,tags:7
supper,9768,3,tags:3
support,9769,2,tags:2
supported,9770,2,tags:2
supporting the community,9771,1,tags:1
suppport,9772,1,tags:1
sur la table,9773,1,tags:1
surge,9774,1,tags:1
surimi,9775,1,tags:1
surprise,9776,1,tags:1
surprised i didn't get stung,9777,1,tags:1
surreal,9778,1,tags:1
surrey,9779,3,tags:3
susanagrimaldisheridan,9780,1,tags:1
sushi,9781,5,tags:5
sushi go 55,9782,1,tags:1
sussex ambulance service,9783,2,tags:2
sussex nts,9784,2,tags:2
sustainable farming,9785,1,tags:1
sustainable_lifestyle,9786,1,tags:1
sutherland,9787,1,tags:1
sutphen,9788,1,tags:1
sutter,9789,1,tags:1
suttercounty,9790,1,tags:1
suttercountyfire,9791,1,tags:1
sutton_coldfield_photographic_society,9792,1,tags:1
suzhou,9793,2,tags:2
suzuki,9794,7,tags:7
suzuki concert music instruments violin flute piano audrey,9795,26,tags:26
suzuki method,9796,1,tags:1
suzuki violin,9797,1,tags:1
suzy,9798,1,tags:1
sv-120br,9799,1,tags:1
svorkmo,9800,1,tags:1
svuu,9801,2,tags:2
swallowtail,9802,2,tags:2
swan park metropark,9803,1,tags:1
swarm,9804,10,tags:10
swarming,9805,3,tags:3
swarms,9806,1,tags:1
swas,9807,5,tags:5
sweat,9808,2,tags:2
sweat bee,9809,8,tags:8
sweat bees,9810,1,tags:1
sweden,9811,5,tags:5
sweet,9812,4,tags:4
sweet 15,9813,2,tags:2
sweet 16,9814,2,tags:2
sweet banana,9815,1,tags:1
sweet corn,9816,2,tags:2
sweet million,9817,1,tags:1
sweet pea,9818,1,tags:1
sweet peas,9819,2,tags:2
sweet pepper,9820,1,tags:1
sweet sauce,9821,1,tags:1
sweet table,9822,2,tags:2
sweet turnip,9823,1,tags:1
sweetcorn,9824,2,tags:2
sweetie table,9825,2,tags:2
sweets,9826,1,tags:1
sweetypoo,9827,1,tags:1
swiss,9828,1,tags:1
swiss chard,9829,1,tags:1
swiss-chard,9830,1,tags:1
sx-70,9831,1,tags:1
sx100is,9832,2,tags:2
sydney,9833,6,tags:6
sylvania,9834,1,tags:1
"sylvania, ohio",9835,1,tags:1
sylvia,9836,1,tags:1
symas,9837,1,tags:1
symbiosis,9838,3,tags:3
symbiotic,9839,2,tags:2
symphony,9840,3,tags:3
synagogue,9841,1,tags:1
syon house,9842,1,tags:1
syon park,9843,1,tags:1
syracuse china,9844,1,tags:1
syttendemai,9845,1,tags:1
são leopoldo,9846,1,tags:1
são paulo,9847,2,tags:2
sévres,9848,4,tags:4
t,9849,1,tags:1
t'other,9850,1,tags:1
t-4,9851,1,tags:1
t189 project 365,9852,1,tags:1
t189project365,9853,1,tags:1
t1i,9854,2,tags:2
t33,9855,1,tags:1
t5 s,9856,2,tags:2
ta35,9857,1,tags:1
tab,9858,2,tags:2
tabe,9859,2,tags:2
tabe's view,9860,1,tags:1
tabesview,9861,1,tags:1
table,9862,4,tags:4
table setting,9863,1,tags:1
tables,9864,1,tags:1
tac,9865,1,tags:1
taciturno,9866,1,tags:1
tack shed,9867,1,tags:1
taco,9868,1,tags:1
tacoma,9869,2,tags:2
tactical,9870,1,tags:1
tacwd,9871,1,tags:1
tad se,9872,1,tags:1
tadoussac,9873,1,tags:1
tag,9874,1,tags:1
tag 20070731b,9875,1,tags:1
tag1,9876,2,tags:2
tag2,9877,2,tags:2
tag3,9878,2,tags:2
tagged,9879,1,tags:1
taggedout,9880,2,tags:2
tagine,9881,1,tags:1
tagliavini,9882,1,tags:1
tahoe,9883,1,tags:1
taichung,9884,1,tags:1
taihodien,9885,1,tags:1
tail,9886,2,tags:2
tainan,9887,6,tags:6
taipei,9888,11,tags:11
taipei  taiwan,9889,1,tags:1
taipei restaurants,9890,4,tags:4
taiwan,9891,21,tags:21
taiwan/hukou,9892,1,tags:1
taiwanese food,9893,2,tags:2
taiwanese food in houston,9894,1,tags:1
taizhong,9895,1,tags:1
takamine,9896,10,tags:10
takamine acoustic guitar,9897,1,tags:1
takeabow,9898,2,tags:2
taken,9899,1,tags:1
takumar,9900,1,tags:1
talent,9901,2,tags:2
talkingplant,9902,1,tags:1
tall and stong,9903,1,tags:1
taller,9904,1,tags:1
tallerthanitswide,9905,1,tags:1
talman,9906,1,tags:1
talvi,9907,1,tags:1
tamago,9908,2,tags:2
taman rimba,9909,1,tags:1
taman tun,9910,1,tags:1
tameside,9911,2,tags:2
tamil nadu,9912,1,tags:1
tampa,9913,3,tags:3
tampines,9914,1,tags:1
tamron,9915,4,tags:4
tamron 17-50,9916,1,tags:1
tamron 28-75mm f2.8,9917,1,tags:1
tamron 70-300mm f/4-5.6 di ld macro,9918,2,tags:2
tamron 90mm f2.8,9919,1,tags:1
tamron a16,9920,1,tags:1
tamron af 70-300mm f4-5.6 di ld macro,9921,1,tags:1
tamron sp af 180mm f/3.5 di ld (if) macro,9922,1,tags:1
tamron sp af 90mm f/2.8 di macro,9923,1,tags:1
tamron28-75,9924,1,tags:1
tamron90mm,9925,2,tags:2
tamronsp90,9926,1,tags:1
tamronsp90mmf2811macro,9927,1,tags:1
tan tock seng hospital,9928,1,tags:1
tanacetum,9929,1,tags:1
tanakawho,9930,1,tags:1
tanglewood,9931,2,tags:2
tanglin shopping centre,9932,1,tags:1
tango,9933,1,tags:1
tango argentin,9934,1,tags:1
tantra,9935,1,tags:1
taos,9936,1,tags:1
tape,9937,1,tags:1
tapes n tapes,9938,1,tags:1
tar,9939,1,tags:1
tar heels,9940,1,tags:1
taranto,9941,1,tags:1
target,9942,1,tags:1
taro,9943,1,tags:1
task,9944,1,tags:1
tasmanian devil,9945,1,tags:1
taste,9946,3,tags:3
tasters,9947,1,tags:1
tasty,9948,6,tags:6
tasty garden,9949,2,tags:2
tattoo,9950,2,tags:2
tattoos,9951,1,tags:1
tatzikki,9952,1,tags:1
taubate,9953,1,tags:1
tautphaus park zoo,9954,1,tags:1
tawny,9955,2,tags:2
tawny mining bee,9956,3,tags:3
taxatagged,9957,1,tags:1
taxonomy,9958,1,tags:1
taxonomy:binomial=apis mellifera,9959,1,tags:1
taxonomy:binomial=bombus californicus,9960,2,tags:2
taxonomy:binomial=bombus vosnesenskii,9961,1,tags:1
taxonomy:binomial=camponotus modoc,9962,1,tags:1
taxonomy:binomial=colletes thoracicus,9963,1,tags:1
taxonomy:binomial=formica obscuripes,9964,2,tags:2
taxonomy:binomial=lasioglossum ovaliceps,9965,3,tags:3
taxonomy:binomial=melissodes rivalis,9966,1,tags:1
taxonomy:class=insecta,9967,32,tags:32
taxonomy:family=andrenidae,9968,8,tags:8
taxonomy:family=apidae,9969,10,tags:10
taxonomy:family=colletidae,9970,1,tags:1
taxonomy:family=formicidae,9971,1,tags:1
taxonomy:family=formicinae,9972,2,tags:2
taxonomy:family=halictidae,9973,7,tags:7
taxonomy:family=megachilidae,9974,1,tags:1
taxonomy:genus=agapostemon,9975,1,tags:1
taxonomy:genus=andrena,9976,6,tags:6
taxonomy:genus=bombus,9977,3,tags:3
taxonomy:genus=camponotus,9978,1,tags:1
taxonomy:genus=ceratina,9979,1,tags:1
taxonomy:genus=colletes,9980,1,tags:1
taxonomy:genus=formica,9981,2,tags:2
taxonomy:genus=lasioglossum,9982,3,tags:3
taxonomy:genus=melissodes,9983,1,tags:1
taxonomy:genus=nomada,9984,2,tags:2
taxonomy:kingdom=animalia,9985,33,tags:33
taxonomy:order=hymenoptera,9986,32,tags:32
taxonomy:phylum=arthropoda,9987,31,tags:31
taxonomy:species=californicus,9988,2,tags:2
taxonomy:species=modoc,9989,1,tags:1
taxonomy:species=obscuripes,9990,2,tags:2
taxonomy:species=ovaliceps,9991,3,tags:3
taxonomy:species=rivalis,9992,1,tags:1
taxonomy:species=vosnesenskii,9993,1,tags:1
taxonomy:subfamily=andreninae,9994,8,tags:8
taxonomy:subfamily=apinae,9995,5,tags:5
taxonomy:subfamily=formicinae,9996,1,tags:1
taxonomy:subfamily=nomadinae,9997,4,tags:4
taxonomy:subfamily=xylocopinae,9998,1,tags:1
taxonomy:subgenus=camponotus,9999,1,tags:1
taxonomy:suborder=apocrita,10000,17,tags:17
taxonomy:superfamily=apoidea,10001,16,tags:16
taxonomy:superfamily=formicoidea,10002,1,tags:1
taxonomy:superfamily=vespoidea,10003,2,tags:2
taxonomy:tribe=apini,10004,1,tags:1
taxonomy:tribe=bombini,10005,3,tags:3
taxonomy:tribe=epeolini,10006,2,tags:2
taxonomy:tribe=eucerini,10007,1,tags:1
taylor,10008,11,tags:11
taylor 814,10009,1,tags:1
taylor 814 ce,10010,1,tags:1
taylor guitar,10011,3,tags:3
taylorguitar,10012,1,tags:1
taz,10013,1,tags:1
tbg,10014,2,tags:2
tbilisi,10015,1,tags:1
tc068,10016,1,tags:1
tc084,10017,1,tags:1
tc50,10018,1,tags:1
tceblogbadge,10019,1,tags:1
tcf,10020,1,tags:1
tcm50,10021,1,tags:1
tdk,10022,1,tags:1
tea,10023,1,tags:1
tea leaf green,10024,1,tags:1
tea set,10025,1,tags:1
teacher,10026,7,tags:7
teacup and saucer,10027,2,tags:2
teakwood slabs,10028,1,tags:1
team,10029,1,tags:1
teamwork,10030,3,tags:3
teapot,10031,1,tags:1
teasel,10032,1,tags:1
technics,10033,1,tags:1
technorati,10034,1,tags:1
tee,10035,1,tags:1
tees,10036,1,tags:1
teeth,10037,1,tags:1
tekai,10038,1,tags:1
tele,10039,1,tags:1
telecaster,10040,1,tags:1
telfs,10041,1,tags:1
temasek tower,10042,3,tags:3
temecula,10043,5,tags:5
temple,10044,1,tags:1
ten million photos,10045,1,tags:1
tenerife,10046,1,tags:1
tenmillionphotos,10047,1,tags:1
tennessee,10048,10,tags:10
tent,10049,1,tags:1
tenth,10050,1,tags:1
teochew,10051,1,tags:1
tepic,10052,1,tags:1
terminus,10053,2,tags:2
terra,10054,1,tags:1
terracotta,10055,3,tags:3
terracotta hydria: kalpis (water jar),10056,1,tags:1
terser,10057,1,tags:1
texas,10058,21,tags:21
texas children's hospital,10059,1,tags:1
texas folklife festival,10060,1,tags:1
texas thistle,10061,1,tags:1
texture,10062,8,tags:8
texture by borealnz,10063,1,tags:1
tgifridays,10064,1,tags:1
thai,10065,5,tags:5
thai basil,10066,1,tags:1
thai binh,10067,1,tags:1
thai food,10068,4,tags:4
thai fried rice,10069,1,tags:1
thailand,10070,12,tags:12
thank you,10071,1,tags:1
thanks,10072,1,tags:1
thanksgiving,10073,2,tags:2
thankyouandyabramson,10074,2,tags:2
thankyounokiaforthetrialphone,10075,2,tags:2
that,10076,1,tags:1
that girl she her it was are lady face 10-25-06 today me,10077,1,tags:1
that's what the guy said,10078,1,tags:1
that'sbostin,10079,1,tags:1
thatching ant,10080,2,tags:2
the,10081,1,tags:1
the alps,10082,1,tags:1
the arb,10083,1,tags:1
the barking spider,10084,1,tags:1
the beautiful image top,10085,1,tags:1
the biggest group,10086,1,tags:1
the bitten word,10087,1,tags:1
the bronx,10088,1,tags:1
the challenge game,10089,1,tags:1
the continuum,10090,6,tags:6
the dodder,10091,1,tags:1
the farm,10092,1,tags:1
the garden,10093,1,tags:1
the great conservatory,10094,1,tags:1
the hague,10095,1,tags:1
the homestead,10096,1,tags:1
the jewish mother,10097,1,tags:1
the kitchen,10098,1,tags:1
the leeward / windward apartments,10099,1,tags:1
the mitre,10100,1,tags:1
the national,10101,1,tags:1
the old assembly rooms,10102,1,tags:1
the other suzuki,10103,1,tags:1
the outside royalty,10104,1,tags:1
the perfect photographer,10105,7,tags:7
the pioneer woman cooks,10106,1,tags:1
the southgate house,10107,1,tags:1
the stove,10108,4,tags:4
the supersuckers,10109,1,tags:1
the unforgettable picture,10110,1,tags:1
the vine,10111,1,tags:1
the violin man,10112,1,tags:1
the wars of the roses federation,10113,1,tags:1
the waterfall hunter,10114,1,tags:1
the whitaker foundation,10115,1,tags:1
the wicked reflectah,10116,1,tags:1
the world through my eyes,10117,1,tags:1
the.macro.group,10118,1,tags:1
theatre,10119,1,tags:1
thebigone,10120,1,tags:1
thebittenword.com,10121,1,tags:1
thecrucible,10122,1,tags:1
thegoodfairy,10123,1,tags:1
thehubcentre,10124,1,tags:1
theif,10125,1,tags:1
theman,10126,2,tags:2
theme park,10127,1,tags:1
theme round things,10128,1,tags:1
theme-of-the-week,10129,1,tags:1
then you will see the music,10130,1,tags:1
thenandagain,10131,1,tags:1
thenaturegroup,10132,1,tags:1
theperfectphotographer,10133,2,tags:2
thermophle,10134,1,tags:1
thermos,10135,1,tags:1
therock,10136,1,tags:1
therockumc,10137,1,tags:1
thesaladbar,10138,1,tags:1
theshedgalleryla@gmail.com,10139,1,tags:1
theunforgetablepictures,10140,1,tags:1
theunforgettablepictures,10141,3,tags:3
thewrongreasons,10142,1,tags:1
they ate it,10143,1,tags:1
they live in a world of glorious color,10144,1,tags:1
the　vegetable,10145,1,tags:1
things,10146,2,tags:2
this,10147,1,tags:1
this image may not be used in any way without prior permission.,10148,1,tags:1
this is spinal tap,10149,1,tags:1
this is today,10150,1,tags:1
this just made flickr explore,10151,1,tags:1
thistle,10152,3,tags:3
thistles,10153,1,tags:1
thomas robertson,10154,1,tags:1
thor,10155,1,tags:1
thoracicus,10156,1,tags:1
three,10157,4,tags:4
three strings,10158,1,tags:1
thrfit,10159,1,tags:1
thrift,10160,1,tags:1
through joanne's eye,10161,1,tags:1
through the viewfinder,10162,1,tags:1
throughyoureyestoours,10163,1,tags:1
thrown,10164,2,tags:2
thumbprint,10165,1,tags:1
thumbsup,10166,1,tags:1
thumbsupwinner,10167,1,tags:1
thuringen,10168,1,tags:1
thüringen,10169,1,tags:1
tianmu,10170,1,tags:1
tidbinbilla,10171,1,tags:1
tiere,10172,1,tags:1
tierra del fuego,10173,1,tags:1
tiff2008,10174,1,tags:1
tiffen,10175,1,tags:1
tiger,10176,1,tags:1
tigerella,10177,1,tags:1
tijuana,10178,1,tags:1
tikal,10179,1,tags:1
tiles,10180,3,tags:3
tillwe,10181,2,tags:2
tim hazell,10182,1,tags:1
times square,10183,1,tags:1
timothy b. schmidt,10184,1,tags:1
tin,10185,1,tags:1
tiniest,10186,1,tags:1
tinted,10187,1,tags:1
tiny,10188,16,tags:16
tiny things,10189,1,tags:1
tiorl,10190,1,tags:1
tiputini,10191,1,tags:1
tire,10192,1,tags:1
tires,10193,1,tags:1
tirso,10194,1,tags:1
tivoli,10195,1,tags:1
tkt10072011,10196,1,tags:1
tlc,10197,1,tags:1
tlc-photography,10198,1,tags:1
tlr,10199,1,tags:1
tnd,10200,1,tags:1
to:tumblr,10201,1,tags:1
toast,10202,1,tags:1
tobbacoburst,10203,1,tags:1
today,10204,1,tags:1
today self,10205,1,tags:1
today this,10206,1,tags:1
today's random fact,10207,1,tags:1
todd sams,10208,1,tags:1
toddler,10209,1,tags:1
toddp,10210,1,tags:1
toddpbbq,10211,1,tags:1
toemergencyset,10212,1,tags:1
toffee's apartment,10213,1,tags:1
tofu,10214,11,tags:11
tofu house,10215,1,tags:1
tofu stew,10216,2,tags:2
tofu666,10217,1,tags:1
tofutti,10218,1,tags:1
tohoku,10219,1,tags:1
toilet,10220,1,tags:1
tokai,10221,1,tags:1
tokina,10222,1,tags:1
tokyo,10223,12,tags:12
tokyo japan,10224,2,tags:2
tokyo metropolitan area,10225,2,tags:2
tokyo midtown,10226,2,tags:2
tokyo national museum,10227,1,tags:1
tolhuin,10228,1,tags:1
tololoche,10229,1,tags:1
tom,10230,3,tags:3
tom anderson,10231,2,tags:2
tom biegalski,10232,1,tags:1
tom yam gung,10233,1,tags:1
tom yum,10234,1,tags:1
tomate,10235,1,tags:1
tomaten,10236,2,tags:2
tomatillos,10237,1,tags:1
tomato,10238,75,tags:75
tomatoe,10239,2,tags:2
tomatoes,10240,70,tags:70
tomatos,10241,3,tags:3
tomitheos,10242,1,tags:1
tommy,10243,1,tags:1
tommyajohansson,10244,1,tags:1
tomoato,10245,1,tags:1
tomyam,10246,1,tags:1
tone,10247,1,tags:1
tone mapped,10248,1,tags:1
tones,10249,3,tags:3
tongue,10250,2,tags:2
tonivc,10251,1,tags:1
too,10252,1,tags:1
took,10253,1,tags:1
tools,10254,1,tags:1
toorganize,10255,1,tags:1
tooth fairy,10256,2,tags:2
toothwort,10257,1,tags:1
top,10258,1,tags:1
top-v111,10259,4,tags:4
top-v555,10260,1,tags:1
top-v777,10261,1,tags:1
top-v_aa,10262,1,tags:1
top20blackandwhite,10263,1,tags:1
top20bugsandblossoms,10264,1,tags:1
top20flowerswithbugs,10265,2,tags:2
top20macro,10266,1,tags:1
topic,10267,1,tags:1
topphoto,10268,1,tags:1
topv111,10269,1,tags:1
topv333,10270,1,tags:1
toronto,10271,20,tags:20
toronto fire,10272,1,tags:1
toronto fire department,10273,1,tags:1
toronto kinda looks like this,10274,1,tags:1
tort,10275,1,tags:1
tortellini,10276,2,tags:2
tortilla,10277,1,tags:1
toscana,10278,1,tags:1
tour,10279,3,tags:3
touring,10280,2,tags:2
tourism,10281,5,tags:5
tourist,10282,1,tags:1
tourists,10283,1,tags:1
tourofbritain,10284,1,tags:1
"tout qui se produit,  se produit ici.",10285,1,tags:1
tovar,10286,1,tags:1
tow,10287,1,tags:1
tower grove farmer's market,10288,1,tags:1
tower grove park,10289,2,tags:2
towergroveparkfarmersmarketandbazaar,10290,1,tags:1
towing,10291,1,tags:1
town,10292,1,tags:1
towns,10293,2,tags:2
townsville,10294,2,tags:2
toy,10295,1,tags:1
toys,10296,1,tags:1
traceeegirl,10297,1,tags:1
tractortrailer,10298,1,tags:1
traditional,10299,2,tags:2
traditional foods,10300,1,tags:1
trafalgar square,10301,1,tags:1
traffic,10302,7,tags:7
traffic jam,10303,1,tags:1
traffic lights,10304,1,tags:1
traffic-light,10305,1,tags:1
trail,10306,2,tags:2
train,10307,2,tags:2
train station,10308,1,tags:1
training,10309,5,tags:5
tram,10310,2,tags:2
tranquil,10311,1,tags:1
transformer,10312,2,tags:2
transit,10313,7,tags:7
transitway,10314,2,tags:2
translucent,10315,2,tags:2
transparency,10316,1,tags:1
transplantedvter,10317,1,tags:1
transport,10318,3,tags:3
transportation,10319,8,tags:8
transporter,10320,2,tags:2
transverse,10321,1,tags:1
trap,10322,1,tags:1
trap-jaw,10323,1,tags:1
trash,10324,2,tags:2
trastevere,10325,1,tags:1
travel,10326,26,tags:26
traveling,10327,4,tags:4
travelling,10328,1,tags:1
tray,10329,3,tags:3
trck,10330,1,tags:1
treats,10331,1,tags:1
tree,10332,15,tags:15
tree ant,10333,1,tags:1
tree bokeh,10334,1,tags:1
treehopper,10335,3,tags:3
treehouse1977,10336,1,tags:1
trees,10337,4,tags:4
trek,10338,2,tags:2
trekking,10339,2,tags:2
trevor garrod,10340,1,tags:1
tri-state,10341,1,tags:1
triangle,10342,1,tags:1
trianglefilm20080720,10343,1,tags:1
tribal,10344,1,tags:1
tribe sandhya,10345,1,tags:1
tribute,10346,1,tags:1
trip,10347,9,tags:9
tripe,10348,1,tags:1
tripod king,10349,2,tags:2
trips,10350,1,tags:1
trista,10351,1,tags:1
tristan,10352,1,tags:1
trivandrum,10353,1,tags:1
trophy,10354,1,tags:1
tropicalstormhanna,10355,1,tags:1
troubadour,10356,2,tags:2
trouble,10357,1,tags:1
troutlake,10358,1,tags:1
truck,10359,256,tags:256
truck 25,10360,1,tags:1
truck santa fe,10361,1,tags:1
trucks,10362,18,tags:18
trump,10363,1,tags:1
truscott,10364,1,tags:1
trust,10365,1,tags:1
trío,10366,1,tags:1
trøndelag,10367,1,tags:1
ts-e,10368,1,tags:1
ts-e 24mm f3.5 l ii,10369,1,tags:1
ttbphoto,10370,1,tags:1
ttdi,10371,1,tags:1
ttv,10372,4,tags:4
ttvf,10373,3,tags:3
tube,10374,1,tags:1
tuberous,10375,1,tags:1
tubes,10376,2,tags:2
tucson,10377,1,tags:1
tufnel park,10378,1,tags:1
tulip,10379,2,tags:2
tulips,10380,1,tags:1
tulsa,10381,1,tags:1
"tulsa, oklahoma",10382,1,tags:1
tumbld,10383,1,tags:1
tuna,10384,1,tags:1
tune,10385,1,tags:1
tune up,10386,1,tags:1
tuned,10387,1,tags:1
tuner,10388,1,tags:1
tunes,10389,2,tags:2
tung chung,10390,1,tags:1
tuning knobs,10391,1,tags:1
tuningboard,10392,1,tags:1
tunk abdul rahman park,10393,1,tags:1
tuolumnecounty,10394,1,tags:1
turchia,10395,1,tags:1
turf club,10396,1,tags:1
turkey,10397,7,tags:7
turkey run,10398,1,tags:1
turkish,10399,1,tags:1
turkish kurdistan,10400,1,tags:1
turkiye,10401,1,tags:1
turnips,10402,1,tags:1
turquia,10403,1,tags:1
turquie,10404,1,tags:1
turquoise,10405,1,tags:1
turquoise wall,10406,1,tags:1
turquía,10407,1,tags:1
turska,10408,1,tags:1
turtle,10409,1,tags:1
tuscaloosa,10410,1,tags:1
tuscan,10411,1,tags:1
tuscany,10412,1,tags:1
tussenring36mm,10413,1,tags:1
tv,10414,1,tags:1
twang,10415,1,tags:1
twee_folk,10416,2,tags:2
twelve,10417,1,tags:1
twin lens reflex,10418,1,tags:1
twin-side hot pot,10419,1,tags:1
twinxamot,10420,1,tags:1
twirl,10421,1,tags:1
twizzlers,10422,1,tags:1
two,10423,1,tags:1
"two nations, etc",10424,1,tags:1
two people,10425,1,tags:1
twyning,10426,1,tags:1
tx,10427,5,tags:5
tycoon,10428,1,tags:1
tyne and wear,10429,1,tags:1
tyrkiet,10430,1,tags:1
tyrol,10431,1,tags:1
tyson,10432,2,tags:2
tz1,10433,1,tags:1
tzatziki,10434,1,tags:1
tünel,10435,1,tags:1
türkei,10436,2,tags:2
türkiye,10437,1,tags:1
tōkyō,10438,2,tags:2
tűzoltó,10439,1,tags:1
tűzoltóság,10440,1,tags:1
u,10441,1,tags:1
u-shaped,10442,1,tags:1
u.k.,10443,1,tags:1
u.s.a.,10444,4,tags:4
u_nature,10445,1,tags:1
uae,10446,1,tags:1
uborka,10447,1,tags:1
uc berkeley,10448,1,tags:1
ucb,10449,1,tags:1
udaipur,10450,1,tags:1
uddin,10451,1,tags:1
ue,10452,1,tags:1
ueno,10453,2,tags:2
ugh,10454,1,tags:1
uk,10455,38,tags:38
uknature,10456,1,tags:1
ukulele,10457,1,tags:1
ukuleles,10458,1,tags:1
ulam,10459,1,tags:1
ultimateshot,10460,6,tags:6
ultra,10461,1,tags:1
um,10462,1,tags:1
unagi,10463,1,tags:1
uncle,10464,1,tags:1
under conifer tree,10465,2,tags:2
unedited,10466,1,tags:1
unfound,10467,3,tags:3
ung,10468,1,tags:1
unia,10469,1,tags:1
union,10470,5,tags:5
union city,10471,1,tags:1
union square,10472,2,tags:2
union square union square greenmarket nyc manhattan farmers market,10473,1,tags:1
union station,10474,1,tags:1
unique,10475,2,tags:2
unique maldives,10476,1,tags:1
uniquemaldives,10477,1,tags:1
unit,10478,3,tags:3
united,10479,3,tags:3
united kingdom,10480,4,tags:4
united states,10481,44,tags:44
united states of america,10482,7,tags:7
unity,10483,2,tags:2
universidad de leon,10484,1,tags:1
university,10485,5,tags:5
university district,10486,2,tags:2
unknown,10487,1,tags:1
unknown8bit,10488,1,tags:1
unlimited photos,10489,2,tags:2
unlimited photos: no rules,10490,1,tags:1
unpaid,10491,1,tags:1
unplugged,10492,4,tags:4
unser garten,10493,1,tags:1
unsuspecting,10494,3,tags:3
unusual,10495,3,tags:3
uofm,10496,1,tags:1
up,10497,6,tags:6
up-close,10498,3,tags:3
upclose,10499,1,tags:1
upcoming:event=1014042,10500,1,tags:1
upcoming:event=146064,10501,1,tags:1
upcoming:event=164370,10502,1,tags:1
upcycle,10503,1,tags:1
upper,10504,3,tags:3
upper arlington,10505,1,tags:1
upper pine river f.p.d.,10506,1,tags:1
upper west side,10507,1,tags:1
upset kids,10508,1,tags:1
upstate,10509,1,tags:1
urban,10510,12,tags:12
urban decay,10511,2,tags:2
urban foodshed,10512,1,tags:1
urban garden,10513,1,tags:1
urban gardening,10514,2,tags:2
urban homestead,10515,4,tags:4
urban homesteading,10516,1,tags:1
urban pest,10517,1,tags:1
urban wildlife,10518,1,tags:1
urbannature,10519,1,tags:1
urbex,10520,1,tags:1
urgence,10521,1,tags:1
uri,10522,1,tags:1
urn,10523,3,tags:3
ursinus,10524,1,tags:1
us,10525,9,tags:9
us folk,10526,1,tags:1
us national arboretum,10527,1,tags:1
usa,10528,51,tags:51
usaf,10529,1,tags:1
usarmy,10530,1,tags:1
use of these images without permission is prohibited.,10531,2,tags:2
used,10532,2,tags:2
useless id,10533,1,tags:1
usery mountain,10534,1,tags:1
usic,10535,1,tags:1
usm,10536,1,tags:1
ut,10537,1,tags:1
utah,10538,4,tags:4
utan,10539,1,tags:1
utata,10540,1,tags:1
utata thursday walk,10541,2,tags:2
utata thursday walk 11,10542,3,tags:3
utata thusday walk,10543,3,tags:3
utata:project=ip47,10544,1,tags:1
utata_food,10545,2,tags:2
utata_red_violet,10546,1,tags:1
utata_tools_of_the_trade,10547,1,tags:1
utensil,10548,1,tags:1
utensiles,10549,1,tags:1
utensils,10550,1,tags:1
uvmodular,10551,2,tags:2
uwcdc,10552,1,tags:1
uxbridge road,10553,1,tags:1
v,10554,1,tags:1
v.f.d.,10555,1,tags:1
v1nz,10556,2,tags:2
v50,10557,1,tags:1
va,10558,1,tags:1
vacances,10559,1,tags:1
vacation,10560,16,tags:16
vaidya music,10561,1,tags:1
val verde county,10562,1,tags:1
valeggio,10563,1,tags:1
valentine's day,10564,4,tags:4
valeria,10565,2,tags:2
valparaiso,10566,1,tags:1
valuable,10567,2,tags:2
van,10568,38,tags:38
van gogh,10569,1,tags:1
van pelt,10570,2,tags:2
vancouver,10571,14,tags:14
vancouver island,10572,1,tags:1
vandigicam,10573,1,tags:1
vandigicam050609,10574,1,tags:1
vanha,10575,1,tags:1
vania lecuit,10576,1,tags:1
variety,10577,1,tags:1
various,10578,1,tags:1
varnish,10579,1,tags:1
vase,10580,91,tags:91
vasen und keramik,10581,1,tags:1
vases,10582,13,tags:13
vases et céramique,10583,1,tags:1
vases και κεραμική,10584,1,tags:1
vasi e ceramica,10585,1,tags:1
vasos e cerâmica,10586,1,tags:1
vaughn,10587,1,tags:1
vazen en keramiek,10588,1,tags:1
veg,10589,22,tags:22
veg bix,10590,1,tags:1
veg box,10591,1,tags:1
veg box' abel,10592,1,tags:1
vegan,10593,24,tags:24
vegan food,10594,1,tags:1
veganmofo,10595,1,tags:1
vege,10596,1,tags:1
vege patch,10597,2,tags:2
veges,10598,2,tags:2
vegetable,10599,288,tags:288
vegetable frankenteins,10600,1,tags:1
vegetable garden,10601,23,tags:23
vegetable gardening,10602,2,tags:2
vegetable stand,10603,1,tags:1
vegetable-garden,10604,2,tags:2
vegetable-hot-pot,10605,1,tags:1
vegetable_garden,10606,1,tags:1
vegetables,10607,391,tags:391
vegetables kobiz,10608,1,tags:1
vegetables zucchini,10609,1,tags:1
vegetal,10610,5,tags:5
vegetales,10611,5,tags:5
vegetarian,10612,30,tags:30
vegetrables,10613,1,tags:1
veggie,10614,13,tags:13
veggie tray,10615,1,tags:1
veggies,10616,47,tags:47
veggy,10617,2,tags:2
vegie,10618,1,tags:1
vegie valley vegetarian restaurant,10619,1,tags:1
vegies,10620,3,tags:3
vegitable,10621,1,tags:1
vegtables,10622,1,tags:1
vehicle,10623,26,tags:26
vehicles,10624,3,tags:3
veins,10625,1,tags:1
velvet,10626,4,tags:4
velvet ant,10627,1,tags:1
velvetunderground,10628,2,tags:2
velvety,10629,2,tags:2
velvia,10630,2,tags:2
vender,10631,1,tags:1
vendeur,10632,1,tags:1
vendor,10633,3,tags:3
vendors,10634,4,tags:4
venezia,10635,3,tags:3
venice,10636,5,tags:5
venice beach,10637,1,tags:1
ventnor,10638,2,tags:2
ventura county,10639,1,tags:1
verano,10640,1,tags:1
verbena,10641,1,tags:1
verde,10642,4,tags:4
verdura,10643,3,tags:3
verduras,10644,5,tags:5
vereist,10645,1,tags:1
veritas,10646,1,tags:1
vermicelli,10647,1,tags:1
vermillon,10648,1,tags:1
vermont,10649,6,tags:6
vermont u.s.a.  fire and ambulance trucks  january  17,10650,1,tags:1
verona,10651,1,tags:1
versus,10652,2,tags:2
vert,10653,3,tags:3
vert & rouge,10654,1,tags:1
vertical,10655,1,tags:1
vespid,10656,2,tags:2
vespidae,10657,1,tags:1
vespoidea,10658,2,tags:2
vessel,10659,4,tags:4
vestal,10660,1,tags:1
vetinary ambulance,10661,1,tags:1
vfc,10662,1,tags:1
vial,10663,1,tags:1
viareggio,10664,1,tags:1
vibrant,10665,1,tags:1
vibrantmontanaset,10666,1,tags:1
vibraphone,10667,1,tags:1
victim,10668,1,tags:1
victoria,10669,12,tags:12
victoria park,10670,1,tags:1
victorian,10671,1,tags:1
victory,10672,2,tags:2
victory garden,10673,3,tags:3
victory-garden,10674,1,tags:1
vidya,10675,2,tags:2
viejito,10676,1,tags:1
viena,10677,1,tags:1
vienna,10678,4,tags:4
viera wetlands,10679,1,tags:1
vietnam,10680,6,tags:6
vietnamese,10681,2,tags:2
vieux-montréal,10682,1,tags:1
view,10683,2,tags:2
viewfinder,10684,3,tags:3
views,10685,1,tags:1
views: 100,10686,1,tags:1
vigili del fuoco,10687,1,tags:1
vignetted,10688,1,tags:1
vihannes,10689,5,tags:5
viking house,10690,1,tags:1
villa,10691,1,tags:1
village,10692,3,tags:3
ville,10693,3,tags:3
vilseskogen,10694,1,tags:1
vince vaccaro,10695,1,tags:1
vindaloo,10696,1,tags:1
vine,10697,6,tags:6
vinegar,10698,1,tags:1
vines,10699,1,tags:1
viniagrette,10700,1,tags:1
vintage,10701,42,tags:42
vintage acoustic guitar,10702,1,tags:1
vintage decoration,10703,1,tags:1
vintage glass jar,10704,1,tags:1
vintage guitar,10705,2,tags:2
vintage pattern,10706,1,tags:1
vintage vase,10707,1,tags:1
vintageguitarz,10708,2,tags:2
vintaqge,10709,1,tags:1
vio,10710,1,tags:1
vioara,10711,1,tags:1
vioin,10712,1,tags:1
viol,10713,2,tags:2
viola,10714,10,tags:10
violao,10715,2,tags:2
violence or violins,10716,1,tags:1
violet,10717,2,tags:2
violeta,10718,1,tags:1
violin,10719,412,tags:412
violin child pratice music string intrument boy son brother learning education seattle wa usa,10720,1,tags:1
violin for sale,10721,1,tags:1
violin label,10722,1,tags:1
violin museum,10723,4,tags:4
violin player,10724,1,tags:1
"violin,",10725,2,tags:2
violine,10726,1,tags:1
violines,10727,1,tags:1
violinist,10728,10,tags:10
violinista,10729,1,tags:1
violinmaker,10730,1,tags:1
violinmaking,10731,1,tags:1
violinman,10732,1,tags:1
violino,10733,16,tags:16
violins,10734,23,tags:23
violon,10735,8,tags:8
violão,10736,3,tags:3
violín,10737,8,tags:8
violões,10738,1,tags:1
virginia,10739,9,tags:9
virginia beach,10740,2,tags:2
vision,10741,1,tags:1
vision 100,10742,1,tags:1
visiting,10743,1,tags:1
visiting for a spell,10744,1,tags:1
visual,10745,1,tags:1
vita di strada - romamor,10746,1,tags:1
vitamin,10747,1,tags:1
vitamins,10748,3,tags:3
viulu,10749,1,tags:1
viv,10750,1,tags:1
vivid,10751,5,tags:5
vivitar,10752,2,tags:2
vivo,10753,1,tags:1
vocals,10754,2,tags:2
vogonpoetry,10755,1,tags:1
voigt,10756,4,tags:4
voigtlander,10757,1,tags:1
voiture,10758,4,tags:4
voitures,10759,1,tags:1
voladora,10760,1,tags:1
volkswagen,10761,1,tags:1
volontari,10762,1,tags:1
volontariato,10763,1,tags:1
voluntary,10764,1,tags:1
volunteer,10765,8,tags:8
volunteer ambulance corp,10766,1,tags:1
volunteer fire company,10767,1,tags:1
volunteers,10768,3,tags:3
volvo,10769,1,tags:1
voorst,10770,2,tags:2
vosplusbellesphotos,10771,1,tags:1
vox,10772,1,tags:1
voyage,10773,1,tags:1
voyageanatolia,10774,1,tags:1
vr,10775,1,tags:1
vt,10776,3,tags:3
vw,10777,1,tags:1
vámház körút,10778,1,tags:1
véhicule,10779,1,tags:1
w,10780,1,tags:1
w1k,10781,1,tags:1
w1k 6jp,10782,1,tags:1
w597,10783,1,tags:1
wa,10784,35,tags:35
wa51,10785,1,tags:1
wachusett mountain,10786,1,tags:1
wade from oklahoma,10787,1,tags:1
wade harris,10788,1,tags:1
wagen,10789,1,tags:1
wagon,10790,2,tags:2
waimanao,10791,1,tags:1
waimea,10792,1,tags:1
wakame,10793,1,tags:1
wake county,10794,1,tags:1
walden,10795,3,tags:3
wales,10796,5,tags:5
wales holiday,10797,1,tags:1
walgreen's,10798,1,tags:1
walker,10799,1,tags:1
walking,10800,2,tags:2
wall,10801,8,tags:8
wallkill,10802,1,tags:1
wallonie,10803,3,tags:3
wallpaper,10804,1,tags:1
wallpaper border,10805,1,tags:1
walmart,10806,1,tags:1
walnut,10807,4,tags:4
walt disney world,10808,1,tags:1
walters art museum,10809,1,tags:1
waltons,10810,1,tags:1
wan,10811,1,tags:1
wandering chopsticks,10812,3,tags:3
wanna,10813,1,tags:1
wantet,10814,1,tags:1
war,10815,2,tags:2
war memorial,10816,1,tags:1
ward,10817,1,tags:1
warm,10818,8,tags:8
warmth,10819,2,tags:2
warner robins,10820,2,tags:2
warring,10821,1,tags:1
warrington,10822,1,tags:1
warrior,10823,1,tags:1
wars,10824,2,tags:2
warsaw,10825,1,tags:1
warszawa,10826,1,tags:1
warwick,10827,2,tags:2
warwick castle,10828,1,tags:1
warwick robinson,10829,1,tags:1
was,10830,5,tags:5
was underground,10831,1,tags:1
waseef,10832,1,tags:1
wash,10833,1,tags:1
washburn,10834,3,tags:3
washed,10835,1,tags:1
washington,10836,52,tags:52
washington county fair,10837,1,tags:1
washington dc,10838,5,tags:5
washington square,10839,1,tags:1
"washington, dc",10840,17,tags:17
washingtondc,10841,1,tags:1
wasp,10842,6,tags:6
wasp-like,10843,1,tags:1
wasps,10844,13,tags:13
watami,10845,1,tags:1
watch,10846,1,tags:1
water,10847,32,tags:32
water apple,10848,1,tags:1
water hose,10849,1,tags:1
water lilies,10850,1,tags:1
water on the ground,10851,1,tags:1
water puddle,10852,1,tags:1
water reflection,10853,1,tags:1
water reflections,10854,1,tags:1
water surface reflection,10855,1,tags:1
waterbury,10856,1,tags:1
watercolor,10857,1,tags:1
watercolors,10858,1,tags:1
waterdropsmacros,10859,1,tags:1
waterfall,10860,1,tags:1
waterfront,10861,1,tags:1
waterlily,10862,1,tags:1
waterloo,10863,2,tags:2
watermelon,10864,4,tags:4
watery,10865,1,tags:1
watson,10866,1,tags:1
wave,10867,1,tags:1
waving,10868,1,tags:1
waxflower,10869,1,tags:1
way,10870,1,tags:1
wc-54,10871,1,tags:1
wc-54 3/4- ton,10872,1,tags:1
we have an ant problem,10873,1,tags:1
we've got company,10874,1,tags:1
weaver ant,10875,3,tags:3
weaver ant queen,10876,1,tags:1
webb,10877,1,tags:1
webster,10878,1,tags:1
wedding,10879,10,tags:10
weddings,10880,1,tags:1
wee,10881,1,tags:1
weeds,10882,2,tags:2
week # 9,10883,1,tags:1
week #40,10884,1,tags:1
week1,10885,1,tags:1
weekend,10886,3,tags:3
wegmans,10887,1,tags:1
weihai,10888,1,tags:1
weihnachtskonzert,10889,1,tags:1
weihnachtskonzert der musikschule ohlsdorf 2006,10890,1,tags:1
weimar,10891,1,tags:1
weird,10892,5,tags:5
welcome all,10893,1,tags:1
well,10894,1,tags:1
welle,10895,1,tags:1
wellington,10896,4,tags:4
welsby,10897,1,tags:1
werburghs,10898,1,tags:1
wereldhavendagen,10899,1,tags:1
wesdigital,10900,1,tags:1
west,10901,6,tags:6
west didsbury,10902,1,tags:1
west end,10903,1,tags:1
west end glasgow,10904,1,tags:1
west haven,10905,1,tags:1
"west haven, ct",10906,1,tags:1
west hollywood,10907,1,tags:1
west java,10908,1,tags:1
west lebanon,10909,1,tags:1
west papua,10910,1,tags:1
west valley,10911,1,tags:1
west virginia,10912,1,tags:1
westasheville,10913,1,tags:1
westcoast,10914,1,tags:1
westcountry ambulance,10915,2,tags:2
westcountry-ambulance,10916,1,tags:1
western australia,10917,1,tags:1
westmidlands,10918,1,tags:1
westmont,10919,1,tags:1
westmoreland,10920,3,tags:3
weston bend state park,10921,1,tags:1
westwood,10922,7,tags:7
wet,10923,5,tags:5
wet market,10924,1,tags:1
wet reflection,10925,1,tags:1
wetland,10926,1,tags:1
wetlands,10927,1,tags:1
what,10928,2,tags:2
whatcom,10929,1,tags:1
whatiate,10930,1,tags:1
whatstartswithfandendswithuck,10931,1,tags:1
wheatland,10932,1,tags:1
wheatland-vegetable-farms,10933,1,tags:1
wheaton,10934,1,tags:1
wheel,10935,5,tags:5
wheelathon,10936,1,tags:1
wheelbarrow,10937,1,tags:1
wheelersburg,10938,1,tags:1
wheelie,10939,1,tags:1
wheelock,10940,1,tags:1
wheels,10941,2,tags:2
when i bought this violin,10942,1,tags:1
while,10943,1,tags:1
while driving,10944,1,tags:1
whimsical,10945,2,tags:2
whimsy,10946,3,tags:3
whitby,10947,1,tags:1
white,10948,52,tags:52
white abdominal bands,10949,2,tags:2
white bands,10950,1,tags:1
white flower,10951,2,tags:2
white pepper,10952,1,tags:1
white tailed,10953,1,tags:1
white violet center,10954,1,tags:1
white-tailed bumblebee (bombus lucorum),10955,2,tags:2
whitehall state park,10956,1,tags:1
whitehorse concerts,10957,1,tags:1
whitezucchini,10958,1,tags:1
whitfield,10959,1,tags:1
whitfield county,10960,1,tags:1
"whitfield county, ga",10961,1,tags:1
"whitfield county, georgia",10962,1,tags:1
whitsunday,10963,1,tags:1
whitsundays,10964,1,tags:1
whm,10965,2,tags:2
whoknew?,10966,1,tags:1
whole foods,10967,1,tags:1
whole wheat dough,10968,2,tags:2
why?!,10969,1,tags:1
wi,10970,1,tags:1
wicked,10971,1,tags:1
wicked reflections,10972,1,tags:1
wide angle,10973,2,tags:2
wien,10974,2,tags:2
wiesbaden,10975,1,tags:1
wife,10976,1,tags:1
wight,10977,1,tags:1
wightmagik,10978,1,tags:1
wightmagikisleofwight,10979,1,tags:1
wightmagikiw,10980,1,tags:1
wightmagikphotography,10981,1,tags:1
wightmagikventnor,10982,1,tags:1
wii,10983,1,tags:1
wild,10984,14,tags:14
wild flowers,10985,1,tags:1
wild life,10986,1,tags:1
wild rice,10987,1,tags:1
wild-flowers,10988,1,tags:1
wilderness,10989,2,tags:2
wildfire,10990,1,tags:1
wildfires,10991,2,tags:2
wildflower,10992,7,tags:7
wildflowers,10993,10,tags:10
wildlife,10994,49,tags:49
wildplants,10995,1,tags:1
wildsingapore,10996,1,tags:1
wilker,10997,2,tags:2
will ferrell,10998,1,tags:1
willemstad,10999,1,tags:1
william harris lee,11000,1,tags:1
williams road,11001,1,tags:1
williamsburg,11002,2,tags:2
wilson farms,11003,1,tags:1
wilsons creek nsw,11004,1,tags:1
"wilsons creek, nsw",11005,1,tags:1
wilsons farm,11006,1,tags:1
wilsons prom,11007,1,tags:1
wilsons promontory,11008,1,tags:1
wilsons promontory national park,11009,1,tags:1
wilsons promontory np,11010,1,tags:1
wiltshire,11011,1,tags:1
wimbledon,11012,1,tags:1
win bur sew fire district,11013,1,tags:1
winch,11014,4,tags:4
wind,11015,1,tags:1
window,11016,15,tags:15
window light,11017,1,tags:1
window sill,11018,1,tags:1
windowsill,11019,1,tags:1
windshield,11020,1,tags:1
windsor locks,11021,1,tags:1
windy ridge fire,11022,2,tags:2
wine,11023,5,tags:5
wine bottle,11024,1,tags:1
winery,11025,1,tags:1
wing,11026,4,tags:4
winged,11027,1,tags:1
winged ant,11028,1,tags:1
winged ants,11029,2,tags:2
wingman park,11030,1,tags:1
wings,11031,21,tags:21
winner,11032,1,tags:1
winnetka,11033,1,tags:1
winnipeg,11034,1,tags:1
winter,11035,13,tags:13
winter foods,11036,1,tags:1
winter warmer,11037,1,tags:1
winter/spring,11038,1,tags:1
wireless,11039,1,tags:1
wirtefest,11040,1,tags:1
wisconsin,11041,3,tags:3
with,11042,6,tags:6
with flash,11043,1,tags:1
without flash,11044,1,tags:1
witness,11045,1,tags:1
wittywd40,11046,2,tags:2
wmpg,11047,1,tags:1
wngs,11048,1,tags:1
wocun,11049,1,tags:1
wolfgang,11050,1,tags:1
wolfgangfoto,11051,1,tags:1
wolfsystems,11052,1,tags:1
wolkswagen,11053,1,tags:1
woman,11054,16,tags:16
women,11055,2,tags:2
wonder,11056,1,tags:1
wonderful world of flowers,11057,4,tags:4
wood,11058,50,tags:50
wood ant,11059,1,tags:1
wood.,11060,1,tags:1
woodbine,11061,1,tags:1
woodbridge,11062,1,tags:1
wooden,11063,9,tags:9
woodglen,11064,1,tags:1
woodland,11065,1,tags:1
woods,11066,1,tags:1
woodwork,11067,1,tags:1
woodworking,11068,1,tags:1
wool carder bee,11069,1,tags:1
wool-carder bee,11070,1,tags:1
wool-carder bees,11071,1,tags:1
woolson,11072,1,tags:1
work,11073,11,tags:11
work lunch,11074,2,tags:2
worker,11075,4,tags:4
workers,11076,8,tags:8
working,11077,3,tags:3
workshop,11078,2,tags:2
world,11079,1,tags:1
world foodie guide,11080,2,tags:2
world heritage site,11081,1,tags:1
worldbest,11082,1,tags:1
worldofanimals,11083,2,tags:2
worley,11084,17,tags:17
worleyx,11085,17,tags:17
worm,11086,3,tags:3
worm's eye view,11087,1,tags:1
worn,11088,1,tags:1
worn fingerboard,11089,1,tags:1
worship,11090,1,tags:1
worst,11091,3,tags:3
wotrf,11092,1,tags:1
wouldn't you say?,11093,2,tags:2
wow,11094,5,tags:5
wow!,11095,2,tags:2
wowiekazowie,11096,3,tags:3
wright,11097,1,tags:1
wrinkled,11098,1,tags:1
wrist,11099,1,tags:1
wrongreasons,11100,1,tags:1
wroughtiron,11101,1,tags:1
ws1discussionpic,11102,1,tags:1
ws1shot,11103,1,tags:1
wu geng tripe,11104,1,tags:1
wurst,11105,1,tags:1
wv,11106,2,tags:2
wwii,11107,1,tags:1
www.andrevicentegoncalves.com,11108,1,tags:1
www.eddie-lawrance.co.uk,11109,1,tags:1
www.fromthegalley.blogspot.com,11110,1,tags:1
www.jasonrosete.com,11111,1,tags:1
www.liyincreative.com,11112,2,tags:2
www.lkgphoto.com,11113,1,tags:1
www.photo-macro.be,11114,1,tags:1
wwwbilladayblogspotcom,11115,1,tags:1
wx06,11116,1,tags:1
x,11117,1,tags:1
x25,11118,1,tags:1
x795,11119,2,tags:2
xander,11120,1,tags:1
xcv73,11121,1,tags:1
xe,11122,1,tags:1
xian,11123,1,tags:1
ximending,11124,2,tags:2
xmas,11125,2,tags:2
xmas parade,11126,1,tags:1
xmlns:lld=http://lalitree.com,11127,1,tags:1
xo jiang qing gua hua zhi pian,11128,1,tags:1
xo sauce,11129,1,tags:1
xplane,11130,1,tags:1
xs,11131,1,tags:1
xsi,11132,1,tags:1
xt,11133,2,tags:2
xti,11134,20,tags:20
xylocopa cantabrita,11135,2,tags:2
xylocopa violacea,11136,1,tags:1
xylocopa virginica,11137,3,tags:3
xylocopinae,11138,1,tags:1
y,11139,1,tags:1
y!,11140,1,tags:1
y2008,11141,7,tags:7
yahoo,11142,1,tags:1
yahoo maps,11143,1,tags:1
yakima,11144,2,tags:2
yakitori,11145,1,tags:1
yam,11146,1,tags:1
yamaha,11147,13,tags:13
yamaha f310,11148,1,tags:1
yamaha silent violin sv-120br,11149,1,tags:1
yamato,11150,1,tags:1
yanagawa,11151,1,tags:1
yangshuo,11152,1,tags:1
yangtze,11153,2,tags:2
yanni's,11154,1,tags:1
yard,11155,9,tags:9
yas,11156,1,tags:1
yashka,11157,1,tags:1
yeah!,11158,1,tags:1
year,11159,1,tags:1
year one,11160,1,tags:1
year3,11161,1,tags:1
yeast paste,11162,1,tags:1
yehliu,11163,1,tags:1
yehuda desert,11164,2,tags:2
yellow,11165,127,tags:127
yellow ant,11166,3,tags:3
yellow bands,11167,2,tags:2
yellow bell pepper,11168,1,tags:1
yellow face,11169,1,tags:1
yellow flower,11170,2,tags:2
yellow flowers,11171,1,tags:1
yellow glass,11172,1,tags:1
yellow hair,11173,1,tags:1
yellow jacket,11174,1,tags:1
yellow markings,11175,1,tags:1
yellow meadow,11176,1,tags:1
yellow meadow ant,11177,2,tags:2
yellow onion,11178,1,tags:1
yellow pepper,11179,1,tags:1
yellow roses,11180,1,tags:1
yellow squash,11181,3,tags:3
yellow summer squash,11182,1,tags:1
yellow-faced bumble bee,11183,1,tags:1
yellow-jacket,11184,1,tags:1
yellow-pepper,11185,1,tags:1
yellowsquash,11186,1,tags:1
yellowtata,11187,1,tags:1
yeo”,11188,2,tags:2
yer allowed to groan outload,11189,1,tags:1
yfc,11190,1,tags:1
yin yang pot,11191,1,tags:1
ying thai,11192,1,tags:1
yingge,11193,1,tags:1
ynp-e33,11194,1,tags:1
yoga,11195,1,tags:1
yogurt,11196,5,tags:5
yogyakarta,11197,1,tags:1
york,11198,13,tags:13
york peppermint pattie,11199,1,tags:1
yorkie,11200,1,tags:1
yorkshire,11201,4,tags:4
yorkshire terrier,11202,1,tags:1
yosemite,11203,1,tags:1
yosemite national park,11204,2,tags:2
you,11205,2,tags:2
you will see the inscription,11206,1,tags:1
young,11207,2,tags:2
young lady,11208,1,tags:1
your macro world,11209,1,tags:1
yourbestshot,11210,1,tags:1
yourfriend,11211,2,tags:2
youshouldhaveseentheotherphotos,11212,1,tags:1
youth,11213,1,tags:1
ypsilanti,11214,1,tags:1
ysplix,11215,3,tags:3
yu ke jang,11216,1,tags:1
yucca,11217,1,tags:1
yuck,11218,2,tags:2
yuen long,11219,1,tags:1
yuk,11220,1,tags:1
yukon,11221,1,tags:1
yukon arts centre,11222,1,tags:1
yum,11223,11,tags:11
yum cha inn,11224,1,tags:1
yum yum kitchen,11225,2,tags:2
yummy,11226,16,tags:16
yunnan,11227,3,tags:3
yuno farms,11228,1,tags:1
yuno's farm,11229,1,tags:1
yuānyang guō,11230,1,tags:1
z,11231,1,tags:1
z is for zucchini,11232,1,tags:1
z2,11233,1,tags:1
z3,11234,1,tags:1
z850,11235,1,tags:1
zagreb,11236,1,tags:1
zakas,11237,2,tags:2
zambia,11238,1,tags:1
zaragoza,11239,1,tags:1
zd,11240,4,tags:4
zebra,11241,1,tags:1
zeehond,11242,1,tags:1
zeehondencentrum,11243,1,tags:1
zeehondencreche,11244,1,tags:1
zeiss,11245,1,tags:1
zen,11246,1,tags:1
zenfli,11247,1,tags:1
zentrum,11248,1,tags:1
zeta midi violin,11249,1,tags:1
zf,11250,1,tags:1
zhongdian,11251,1,tags:1
zhongshan,11252,1,tags:1
ziekenauto,11253,2,tags:2
ziekenwagen,11254,2,tags:2
zingdo,11255,1,tags:1
zinnia,11256,6,tags:6
zone,11257,1,tags:1
zoo,11258,5,tags:5
zoom,11259,3,tags:3
zouloukistan,11260,1,tags:1
zox,11261,2,tags:2
zoé dumais,11262,1,tags:1
zu,11263,1,tags:1
zucca,11264,1,tags:1
zucchetti,11265,2,tags:2
zucchimi,11266,1,tags:1
zucchine,11267,1,tags:1
zucchini,11268,435,tags:435
zucchini bloom,11269,1,tags:1
zucchini blossomszucchini,11270,1,tags:1
zucchini bread,11271,3,tags:3
zucchini flower fruit and veg,11272,1,tags:1
zucchini flowers,11273,1,tags:1
zucchini fry,11274,1,tags:1
zucchini patch,11275,2,tags:2
zucchini squash,11276,2,tags:2
zucchini!,11277,1,tags:1
zucchini-mushroom,11278,2,tags:2
zucchiniflowers,11279,1,tags:1
zucchinis,11280,4,tags:4
zucchinis calabacines,11281,1,tags:1
zuccihini,11282,1,tags:1
zuccini,11283,2,tags:2
zuchinni,11284,3,tags:3
zuiko,11285,4,tags:4
zuiko 35mm,11286,2,tags:2
zuiko 50mm lens,11287,1,tags:1
zuiko lens,11288,1,tags:1
zurda,11289,1,tags:1
zurich,11290,2,tags:2
zwiebeln,11291,1,tags:1
zöldségféle,11292,5,tags:5
~,11293,1,tags:1
©,11294,1,tags:1
©  phillip riggins,11295,2,tags:2
© 2006-2008,11296,1,tags:1
© all rights reserved,11297,1,tags:1
© brian mcgloin all rights reserved. no usage allowed including copying or sharing without written permission,11298,1,tags:1
© daniel larrinaga,11299,1,tags:1
© elio pallard,11300,1,tags:1
© sam lamp,11301,1,tags:1
©`v.r.mphotography,11302,2,tags:2
©all rights reserved,11303,1,tags:1
©david,11304,1,tags:1
©jimfrazier.com,11305,1,tags:1
©peggy hughes,11306,1,tags:1
österreich,11307,1,tags:1
čechomor,11308,1,tags:1
ƒiore arancione,11309,1,tags:1
έντομο,11310,1,tags:1
ελλάδα,11311,1,tags:1
ελλάς,11312,1,tags:1
κιθάρα,11313,1,tags:1
μυκηναϊκός,11314,1,tags:1
φωτογραφία,11315,1,tags:1
вазы и керамика,11316,1,tags:1
горитсий,11317,1,tags:1
кириллов,11318,1,tags:1
круйз,11319,1,tags:1
макро,11320,1,tags:1
микенская,11321,1,tags:1
насекомое,11322,1,tags:1
овощи,11323,1,tags:1
огурец,11324,1,tags:1
природа,11325,1,tags:1
пчела,11326,1,tags:1
россия,11327,1,tags:1
садовый,11328,5,tags:5
туреччина,11329,1,tags:1
турция,11330,1,tags:1
турцыя,11331,1,tags:1
фацелия,11332,1,tags:1
מלפפון,11333,1,tags:1
סין,11334,1,tags:1
الحشرات,11335,1,tags:1
الطابع,11336,1,tags:1
الكلي,11337,1,tags:1
ايران,11338,1,tags:1
ايراني,11339,1,tags:1
ايرانيان,11340,1,tags:1
ایران,11341,1,tags:1
ایرانیان,11342,1,tags:1
تركيا,11343,1,tags:1
حامد,11344,1,tags:1
حامدصابر,11345,1,tags:1
ذات,11346,1,tags:1
صابر,11347,1,tags:1
فارسي,11348,1,tags:1
فارسی,11349,1,tags:1
قلم زن,11350,1,tags:1
قلم زني,11351,1,tags:1
قلم زنی,11352,1,tags:1
مركز العمل التطوعي,11353,1,tags:1
پرشيا,11354,1,tags:1
پرشیا,11355,1,tags:1
گلدان,11356,1,tags:1
कीट,11357,1,tags:1
“liyincreative.com”,11358,2,tags:2
“liyin”,11359,2,tags:2
“lukisholic”,11360,2,tags:2
お弁当,11361,1,tags:1
お昼　ご飯　ごはん　おひるごはん,11362,2,tags:2
きゅうり,11363,4,tags:4
つぼおよび製陶術,11364,1,tags:1
にんじん,11365,1,tags:1
オタワ,11366,1,tags:1
オタワ・ポリス・サービス,11367,2,tags:2
オンタリオ,11368,1,tags:1
カナダ,11369,1,tags:1
カラー,11370,1,tags:1
カリフォルニア,11371,1,tags:1
キュウリ,11372,1,tags:1
ギフト,11373,1,tags:1
クジャク,11374,1,tags:1
グラス,11375,1,tags:1
サラダ,11376,1,tags:1
サルビア,11377,1,tags:1
サンフランシスコ,11378,1,tags:1
ズキーニ,11379,1,tags:1
タイ,11380,1,tags:1
トルコ,11381,1,tags:1
ドイツ,11382,1,tags:1
バンコク,11383,1,tags:1
パレード,11384,1,tags:1
フォード・クラウン・ビクトリア,11385,2,tags:2
ランチ,11386,2,tags:2
ㄣ1,11387,1,tags:1
ㄣ4,11388,1,tags:1
ㄣ6,11389,1,tags:1
一品花雕雞,11390,1,tags:1
上海,11391,1,tags:1
世田谷区,11392,1,tags:1
両親の庭,11393,1,tags:1
中国,11394,4,tags:4
九份,11395,1,tags:1
五更腸旺,11396,2,tags:2
京都,11397,1,tags:1
伊通街,11398,1,tags:1
便所主题餐厅,11399,1,tags:1
光,11400,1,tags:1
公館夜市,11401,2,tags:2
兰花和花瓶,11402,1,tags:1
凯远大酒店,11403,1,tags:1
加拿大,11404,3,tags:3
北京,11405,3,tags:3
南竿,11406,1,tags:1
古花瓶,11407,6,tags:6
古董,11408,1,tags:1
台中,11409,2,tags:2
台北,11410,7,tags:7
台北市,11411,1,tags:1
台湾,11412,1,tags:1
台湾鍋,11413,1,tags:1
台灣,11414,9,tags:9
向日葵,11415,1,tags:1
員工旅遊,11416,1,tags:1
土耳其,11417,1,tags:1
士林,11418,1,tags:1
壱岐,11419,1,tags:1
壽喜燒,11420,1,tags:1
大根,11421,1,tags:1
天母,11422,1,tags:1
天香回味,11423,1,tags:1
太和殿麻辣,11424,1,tags:1
安大略,11425,3,tags:3
家庭菜園　野菜　現代農業　gardening in japan,11426,2,tags:2
寬心園,11427,1,tags:1
小成都川菜館,11428,1,tags:1
小肥羊,11429,2,tags:2
尚志,11430,1,tags:1
尼龍繩,11431,1,tags:1
島,11432,1,tags:1
干锅居,11433,1,tags:1
弁当,11434,3,tags:3
当归,11435,1,tags:1
得記港式麻辣,11436,2,tags:2
御新香,11437,1,tags:1
打邊爐,11438,1,tags:1
救急車,11439,1,tags:1
救護車,11440,1,tags:1
新竹,11441,1,tags:1
日本,11442,2,tags:2
日本町,11443,1,tags:1
昆虫,11444,1,tags:1
昆虫の自然マクロ,11445,1,tags:1
昆虫的性质，宏观调控,11446,1,tags:1
昆蟲,11447,1,tags:1
昆蟲的性質，宏觀調控,11448,1,tags:1
晚餐,11449,1,tags:1
曼谷,11450,1,tags:1
朋友家,11451,1,tags:1
杞子angelica,11452,1,tags:1
杭州,11453,1,tags:1
東京,11454,2,tags:2
梅干,11455,1,tags:1
檳城,11456,1,tags:1
櫥窗設計,11457,1,tags:1
民防局,11458,1,tags:1
水稻,11459,1,tags:1
泡菜,11460,1,tags:1
泰国,11461,1,tags:1
泰國義德善堂,11462,1,tags:1
济南,11463,1,tags:1
浙江省博物館,11464,1,tags:1
浙江省博物馆,11465,1,tags:1
消防車,11466,1,tags:1
淡水,11467,1,tags:1
渡假村,11468,1,tags:1
渥太华,11469,3,tags:3
渥太華,11470,2,tags:2
湯底,11471,1,tags:1
溪頭,11472,1,tags:1
滑鐵盧大學中文辯論學會,11473,1,tags:1
瀬田五丁目,11474,1,tags:1
火事,11475,1,tags:1
火窩,11476,1,tags:1
火鍋,11477,5,tags:5
火龍果,11478,1,tags:1
牛角古村,11479,1,tags:1
玫瑰,11480,2,tags:2
瓷,11481,1,tags:1
瓷器,11482,4,tags:4
甜甜,11483,1,tags:1
生日,11484,2,tags:2
番茄,11485,1,tags:1
禮物,11486,4,tags:4
移軸鏡頭,11487,1,tags:1
米蘭行,11488,1,tags:1
粗茶馆,11489,1,tags:1
紅繩,11490,1,tags:1
綠中海,11491,1,tags:1
総領町,11492,1,tags:1
羊蝎子,11493,1,tags:1
美食,11494,2,tags:2
老四川,11495,1,tags:1
肥腸,11496,1,tags:1
胡瓜,11497,1,tags:1
腌黄瓜,11498,1,tags:1
自然,11499,1,tags:1
花,11500,4,tags:4
花瓶,11501,9,tags:9
花瓶和陶瓷,11502,1,tags:1
花雕雞,11503,1,tags:1
薑母鴨,11504,1,tags:1
蟻,11505,1,tags:1
衣服,11506,2,tags:2
西门丁,11507,1,tags:1
設計,11508,1,tags:1
请互相研究,11509,1,tags:1
豆腐,11510,1,tags:1
豚丼,11511,1,tags:1
贵州菜肴,11512,1,tags:1
逆光,11513,1,tags:1
錫盒,11514,1,tags:1
鍋,11515,1,tags:1
長安東路,11516,1,tags:1
長洲,11517,1,tags:1
長浜,11518,1,tags:1
陶博館,11519,5,tags:5
陶瓷,11520,4,tags:4
陶瓷博物館,11521,1,tags:1
隨手擷影,11522,1,tags:1
集集,11523,1,tags:1
雑穀米,11524,1,tags:1
風景,11525,1,tags:1
風来房,11526,1,tags:1
香港,11527,1,tags:1
馬來西亞,11528,2,tags:2
馬祖,11529,1,tags:1
高菜,11530,1,tags:1
鬱金香,11531,1,tags:1
鴛鴦,11532,1,tags:1
鴛鴦鍋,11533,2,tags:2
鴨血,11534,1,tags:1
鴨霸王,11535,1,tags:1
鶯歌,11536,5,tags:5
鸳鸯锅,11537,1,tags:1
麻布茶房,11538,1,tags:1
麻辣火锅,11539,1,tags:1
麻辣鍋,11540,2,tags:2
麻辣鴨血,11541,1,tags:1
黑龙江,11542,1,tags:1
黒ホウズキ,11543,1,tags:1
鼎王,11544,1,tags:1
김치찌개,11545,1,tags:1
닭도리탕,11546,1,tags:1
오이소박이,11547,1,tags:1
화병과 세라믹스,11548,1,tags:1
