key,row,count,pairs
#1,0,2,ambulance_firetruck:2
#10,1,2,ambulance_firetruck:2
#12,2,3,ambulance_firetruck:3
#14,3,1,ambulance_firetruck:1
#15,4,2,ambulance_firetruck:2
#16,5,1,ambulance_firetruck:1
#176,6,1,ambulance_firetruck:1
#2,7,1,ambulance_firetruck:1
#23,8,1,ambulance_firetruck:1
#24,9,3,ambulance_firetruck:3
#292,10,2,ambulance_firetruck:2
#312,11,3,ambulance_firetruck:3
#33,12,4,ambulance_firetruck:4
#38,13,1,ambulance_firetruck:1
#391,14,1,ambulance_firetruck:1
#43,15,2,ambulance_firetruck:2
#46,16,4,ambulance_firetruck:4
#48,17,12,acousticguitar_violin:12
#5,18,7,acousticguitar_violin:6|ambulance_firetruck:1
#52,19,3,ambulance_firetruck:3
#55,20,1,ambulance_firetruck:1
#6,21,2,ambulance_firetruck:2
#65,22,3,ambulance_firetruck:3
#704,23,1,ambulance_firetruck:1
#72,24,3,ambulance_firetruck:3
#76,25,4,cucumber_zucchini:4
#79,26,1,acousticguitar_violin:1
#8,27,1,ambulance_firetruck:1
$0.25,28,1,cucumber_zucchini:1
$1,29,3,cucumber_zucchini:3
$1.00,30,1,cucumber_zucchini:1
$1.79,31,1,cucumber_zucchini:1
$10,32,2,cucumber_zucchini:2
$10.00,33,10,cucumber_zucchini:10
$2.00,34,2,cucumber_zucchini:2
$2.50,35,16,cucumber_zucchini:16
$25,36,2,cucumber_zucchini:2
$299,37,1,acousticguitar_violin:1
$299.00,38,8,acousticguitar_violin:8
$3.50,39,2,cucumber_zucchini:2
$3.50/lb,40,9,cucumber_zucchini:9
$399,41,5,acousticguitar_violin:5
$6.19/lb,42,1,cucumber_zucchini:1
$9.95,43,2,acousticguitar_violin:2
&,44,90,acousticguitar_violin:15|ambulance_firetruck:68|ant_bee:1|cucumber_zucchini:1|hotpot_vase:5
-,45,84,acousticguitar_violin:40|ambulance_firetruck:11|ant_bee:3|cucumber_zucchini:14|hotpot_vase:16
0.5,46,13,ant_bee:13
0.89,47,5,cucumber_zucchini:5
01,48,3,ambulance_firetruck:3
01-171,49,3,ambulance_firetruck:3
011,50,6,hotpot_vase:6
02144,51,1,ambulance_firetruck:1
03,52,16,ambulance_firetruck:16
037,53,5,ambulance_firetruck:5
04,54,8,ambulance_firetruck:7|hotpot_vase:1
06,55,4,ambulance_firetruck:4
080,56,8,ambulance_firetruck:8
09/04/2003,57,1,ambulance_firetruck:1
09/15/2007,58,3,acousticguitar_violin:3
0:39,59,2,hotpot_vase:2
0i,60,1,ambulance_firetruck:1
1,61,134,acousticguitar_violin:2|ambulance_firetruck:131|cucumber_zucchini:1
1.00,62,1,cucumber_zucchini:1
1.5g,63,4,cucumber_zucchini:4
1/12th,64,3,ant_bee:3
10,65,74,acousticguitar_violin:5|ambulance_firetruck:63|hotpot_vase:6
10-55,66,5,ambulance_firetruck:5
10.25,67,1,hotpot_vase:1
100,68,1,ambulance_firetruck:1
101,69,52,ambulance_firetruck:52
101⁄4,70,7,hotpot_vase:7
102,71,7,ambulance_firetruck:7
1024,72,2,hotpot_vase:2
1035,73,1,ambulance_firetruck:1
104,74,1,ambulance_firetruck:1
1058,75,3,ambulance_firetruck:3
107,76,25,ambulance_firetruck:25
11,77,18,ambulance_firetruck:18
111,78,8,ambulance_firetruck:8
112,79,57,ambulance_firetruck:57
113,80,8,ambulance_firetruck:8
1162,81,2,ambulance_firetruck:2
118,82,143,ambulance_firetruck:143
119,83,20,ambulance_firetruck:20
12,84,39,acousticguitar_violin:27|ambulance_firetruck:8|cucumber_zucchini:4
12-15,85,7,ambulance_firetruck:7
12-16,86,3,ambulance_firetruck:3
12-string,87,19,acousticguitar_violin:19
121,88,3,ambulance_firetruck:3
123,89,6,ambulance_firetruck:6
1244,90,13,ambulance_firetruck:13
125mm,91,3,hotpot_vase:3
127,92,4,ambulance_firetruck:4
12x12x29cm,93,2,hotpot_vase:2
13,94,6,ambulance_firetruck:6
139,95,3,ambulance_firetruck:3
14,96,22,ambulance_firetruck:22
140,97,2,ambulance_firetruck:2
144,98,14,ambulance_firetruck:14
146,99,4,ambulance_firetruck:4
148,100,7,ambulance_firetruck:7
15,101,32,acousticguitar_violin:1|ambulance_firetruck:31
15-3,102,2,ambulance_firetruck:2
150,103,10,ambulance_firetruck:10
1530,104,3,ambulance_firetruck:3
155,105,6,ambulance_firetruck:6
15¢,106,3,cucumber_zucchini:3
16,107,14,ambulance_firetruck:14
169,108,2,ambulance_firetruck:2
17,109,4,ambulance_firetruck:4
1703,110,1,ambulance_firetruck:1
176,111,3,ambulance_firetruck:3
18,112,18,acousticguitar_violin:1|ambulance_firetruck:17
180cm,113,4,hotpot_vase:4
183,114,5,ambulance_firetruck:5
19,115,18,acousticguitar_violin:1|ambulance_firetruck:17
1900,116,9,hotpot_vase:9
19221,117,4,ambulance_firetruck:4
1924,118,2,ambulance_firetruck:2
1928,119,4,ambulance_firetruck:4
1929,120,1,ambulance_firetruck:1
1939,121,9,ambulance_firetruck:9
1948,122,1,ambulance_firetruck:1
1950s,123,1,ambulance_firetruck:1
1955,124,8,ambulance_firetruck:8
1960s,125,1,ambulance_firetruck:1
1967,126,1,ambulance_firetruck:1
1987,127,2,acousticguitar_violin:2
199,128,4,ambulance_firetruck:4
19x19x20,129,1,hotpot_vase:1
1g,130,1,cucumber_zucchini:1
1kg,131,2,cucumber_zucchini:2
2,132,107,ambulance_firetruck:98|cucumber_zucchini:9
20,133,19,acousticguitar_violin:1|ambulance_firetruck:13|hotpot_vase:5
200,134,7,ambulance_firetruck:7
2000,135,1,ambulance_firetruck:1
2001,136,2,ambulance_firetruck:2
2003,137,17,ambulance_firetruck:17
2004,138,2,acousticguitar_violin:2
2005,139,19,acousticguitar_violin:6|ambulance_firetruck:10|ant_bee:3
2005-7-9,140,1,cucumber_zucchini:1
2006,141,15,acousticguitar_violin:5|ambulance_firetruck:5|ant_bee:2|hotpot_vase:3
2006/07/21,142,4,acousticguitar_violin:4
2007,143,11,acousticguitar_violin:7|ambulance_firetruck:3|ant_bee:1
2007-12-16,144,1,acousticguitar_violin:1
2008,145,36,acousticguitar_violin:11|ambulance_firetruck:2|ant_bee:4|cucumber_zucchini:10|hotpot_vase:9
2009,146,33,acousticguitar_violin:1|hotpot_vase:32
2009.09.09,147,3,hotpot_vase:3
200mm,148,19,hotpot_vase:19
201,149,8,ambulance_firetruck:8
20cm,150,2,hotpot_vase:2
20th,151,1,ambulance_firetruck:1
20th-century,152,2,ambulance_firetruck:2
21,153,3,acousticguitar_violin:3
218,154,2,ambulance_firetruck:2
228,155,1,ambulance_firetruck:1
23,156,9,ambulance_firetruck:9
23/03/2007,157,1,hotpot_vase:1
231,158,1,ambulance_firetruck:1
24,159,36,ambulance_firetruck:32|cucumber_zucchini:4
24-,160,2,cucumber_zucchini:2
246,161,1,ambulance_firetruck:1
25,162,22,ambulance_firetruck:13|cucumber_zucchini:9
250-year-old,163,1,acousticguitar_violin:1
251,164,1,hotpot_vase:1
27,165,5,ambulance_firetruck:5
278,166,1,ambulance_firetruck:1
28,167,64,ambulance_firetruck:64
288,168,2,ambulance_firetruck:2
29,169,4,hotpot_vase:4
292,170,3,ambulance_firetruck:3
292.4,171,8,cucumber_zucchini:8
292.4g,172,5,cucumber_zucchini:5
29cm,173,3,hotpot_vase:3
2kg,174,1,hotpot_vase:1
2mm,175,1,ant_bee:1
3,176,158,acousticguitar_violin:18|ambulance_firetruck:99|ant_bee:13|cucumber_zucchini:12|hotpot_vase:16
3/25/89,177,6,acousticguitar_violin:6
30,178,9,ambulance_firetruck:9
302-21,179,1,ambulance_firetruck:1
3026,180,2,ambulance_firetruck:2
303,181,1,ambulance_firetruck:1
3060,182,5,ambulance_firetruck:5
308,183,16,ambulance_firetruck:16
30cm,184,1,hotpot_vase:1
312,185,18,ambulance_firetruck:18
315,186,11,ambulance_firetruck:11
3161,187,1,ambulance_firetruck:1
3181,188,9,ambulance_firetruck:9
32,189,8,ambulance_firetruck:4|hotpot_vase:4
32cm,190,1,hotpot_vase:1
33,191,8,ambulance_firetruck:8
3397,192,3,acousticguitar_violin:3
340,193,2,ambulance_firetruck:2
343,194,3,ambulance_firetruck:3
34a,195,8,ambulance_firetruck:8
34p,196,5,ambulance_firetruck:5
35,197,2,acousticguitar_violin:2
35cm,198,5,hotpot_vase:5
38,199,22,ambulance_firetruck:22
39,200,2,hotpot_vase:2
390,201,1,ambulance_firetruck:1
391,202,8,ambulance_firetruck:8
3d,203,36,acousticguitar_violin:17|ant_bee:17|hotpot_vase:2
3d-rendered,204,6,acousticguitar_violin:2|ant_bee:2|hotpot_vase:2
3mm,205,1,ant_bee:1
4,206,34,ambulance_firetruck:34
4.0,207,10,cucumber_zucchini:10
402-tn-gr,208,1,ambulance_firetruck:1
40cm,209,5,hotpot_vase:5
41,210,3,ambulance_firetruck:3
419,211,4,ambulance_firetruck:4
42,212,3,ambulance_firetruck:3
421,213,13,ambulance_firetruck:13
43,214,8,ambulance_firetruck:8
44,215,12,ambulance_firetruck:12
4407,216,1,ambulance_firetruck:1
441,217,10,ambulance_firetruck:10
45,218,8,ambulance_firetruck:8
46,219,2,ambulance_firetruck:2
461,220,2,ambulance_firetruck:2
473,221,9,ambulance_firetruck:9
48,222,10,acousticguitar_violin:3|ambulance_firetruck:6|cucumber_zucchini:1
48cm,223,2,hotpot_vase:2
48¢,224,2,cucumber_zucchini:2
4d,225,1,ambulance_firetruck:1
4th,226,8,ambulance_firetruck:8
5,227,47,ambulance_firetruck:16|cucumber_zucchini:9|hotpot_vase:22
50,228,18,acousticguitar_violin:2|ambulance_firetruck:1|cucumber_zucchini:15
500,229,8,ambulance_firetruck:8
504,230,9,ambulance_firetruck:9
50¢,231,8,cucumber_zucchini:8
51,232,10,ambulance_firetruck:10
537,233,4,ambulance_firetruck:4
543,234,2,ambulance_firetruck:2
55,235,11,ambulance_firetruck:11
555,236,6,ambulance_firetruck:6
56056,237,1,ambulance_firetruck:1
5d-11,238,1,ambulance_firetruck:1
6,239,27,acousticguitar_violin:1|ambulance_firetruck:26
60,240,2,ambulance_firetruck:2
601,241,2,ambulance_firetruck:2
61,242,24,ambulance_firetruck:24
63,243,3,ambulance_firetruck:3
6361,244,8,ambulance_firetruck:8
65,245,3,ambulance_firetruck:3
68,246,16,ambulance_firetruck:16
7,247,58,acousticguitar_violin:6|ambulance_firetruck:46|ant_bee:4|cucumber_zucchini:2
7-eleven,248,2,ambulance_firetruck:2
7.316,249,1,ambulance_firetruck:1
70,250,7,ambulance_firetruck:7
703,251,10,ambulance_firetruck:10
704,252,3,ambulance_firetruck:3
71-1,253,5,ambulance_firetruck:5
71⁄2,254,1,hotpot_vase:1
72,255,3,ambulance_firetruck:3
75¢,256,15,cucumber_zucchini:15
76,257,16,ambulance_firetruck:8|cucumber_zucchini:8
78,258,22,ambulance_firetruck:13|hotpot_vase:9
79,259,17,acousticguitar_violin:17
79¢,260,8,cucumber_zucchini:8
8,261,15,ambulance_firetruck:3|ant_bee:10|hotpot_vase:2
800x,262,8,ant_bee:8
81,263,7,ambulance_firetruck:7
81124,264,5,hotpot_vase:5
81125,265,5,hotpot_vase:5
815,266,1,ambulance_firetruck:1
83,267,15,ambulance_firetruck:11|hotpot_vase:4
83012-83015,268,2,hotpot_vase:2
83064,269,1,hotpot_vase:1
83064-83066,270,3,hotpot_vase:3
83065,271,1,hotpot_vase:1
83066,272,1,hotpot_vase:1
83070,273,5,hotpot_vase:5
83071,274,5,hotpot_vase:5
834,275,1,ambulance_firetruck:1
835,276,3,ambulance_firetruck:3
87,277,4,acousticguitar_violin:4
870,278,2,acousticguitar_violin:2
88,279,1,ambulance_firetruck:1
9,280,26,ambulance_firetruck:25|hotpot_vase:1
9-1-1,281,9,ambulance_firetruck:9
91,282,5,ambulance_firetruck:5
911,283,29,ambulance_firetruck:29
9170,284,2,ambulance_firetruck:2
92,285,2,ambulance_firetruck:2
928,286,8,acousticguitar_violin:8
92a,287,4,ambulance_firetruck:4
93,288,10,ambulance_firetruck:10
94,289,4,ambulance_firetruck:4
941,290,8,ambulance_firetruck:8
965,291,1,ambulance_firetruck:1
99,292,4,cucumber_zucchini:4
997,293,2,ambulance_firetruck:2
999,294,4,ambulance_firetruck:4
99¢,295,12,cucumber_zucchini:12
99¢/lb,296,2,cucumber_zucchini:2
a,297,15171,acousticguitar_violin:2872|ambulance_firetruck:931|ant_bee:3651|cucumber_zucchini:4095|hotpot_vase:3622
a+,298,8,ambulance_firetruck:8
a+i,299,3,ambulance_firetruck:3
a-00716,300,11,hotpot_vase:11
a-1,301,3,ambulance_firetruck:3
a-2,302,7,ambulance_firetruck:7
a-frame,303,12,acousticguitar_violin:12
a.a.k,304,6,acousticguitar_violin:6
a.c.t,305,4,ambulance_firetruck:4
a.m,306,1,ambulance_firetruck:1
a.p.f.d,307,2,ambulance_firetruck:2
a.s.a.d,308,12,ambulance_firetruck:12
a.v.a.s.v,309,4,ambulance_firetruck:4
a12,310,11,ambulance_firetruck:11
a141,311,8,ambulance_firetruck:8
a151,312,11,ambulance_firetruck:11
a68,313,4,ambulance_firetruck:4
aa,314,2,ambulance_firetruck:2
aa-93,315,1,ambulance_firetruck:1
aaa,316,10,acousticguitar_violin:5|ambulance_firetruck:5
aaa-grade,317,3,acousticguitar_violin:3
aaron,318,8,acousticguitar_violin:8
abalone,319,133,acousticguitar_violin:132|hotpot_vase:1
abandoned,320,136,ambulance_firetruck:136
abbott,321,14,ambulance_firetruck:14
abdomen,322,317,ant_bee:317
abdomens,323,13,ant_bee:13
abi,324,10,ambulance_firetruck:10
ablaze,325,2,ant_bee:2
able,326,11,ambulance_firetruck:11
aboard,327,3,ambulance_firetruck:3
abound,328,1,cucumber_zucchini:1
about,329,20,ambulance_firetruck:8|ant_bee:5|cucumber_zucchini:5|hotpot_vase:2
above,330,366,acousticguitar_violin:47|ambulance_firetruck:105|ant_bee:145|cucumber_zucchini:37|hotpot_vase:32
absorbed,331,4,acousticguitar_violin:4
abstract,332,460,acousticguitar_violin:99|hotpot_vase:361
abstract-patterned,333,1,hotpot_vase:1
abstraction,334,1,acousticguitar_violin:1
abstractly,335,1,hotpot_vase:1
abundance,336,14,cucumber_zucchini:12|hotpot_vase:2
abundant,337,371,cucumber_zucchini:364|hotpot_vase:7
abundantly,338,9,cucumber_zucchini:9
ac/dc,339,13,acousticguitar_violin:13
acacia,340,5,ant_bee:2|hotpot_vase:3
accent,341,13,acousticguitar_violin:2|hotpot_vase:11
accented,342,4,hotpot_vase:4
accents,343,596,acousticguitar_violin:61|ambulance_firetruck:122|ant_bee:12|cucumber_zucchini:7|hotpot_vase:394
accentuates,344,1,ant_bee:1
accentuating,345,2,acousticguitar_violin:1|ant_bee:1
access,346,1,ambulance_firetruck:1
accesses,347,2,ambulance_firetruck:2
accessibility,348,5,ambulance_firetruck:5
accessible,349,13,ambulance_firetruck:13
accessing,350,8,ambulance_firetruck:8
accessories,351,386,acousticguitar_violin:386
accessory,352,4,acousticguitar_violin:4
accident,353,84,ambulance_firetruck:84
accident-damaged,354,1,ambulance_firetruck:1
accompanied,355,9,acousticguitar_violin:1|cucumber_zucchini:1|hotpot_vase:7
accompanies,356,14,acousticguitar_violin:14
accompaniment,357,11,acousticguitar_violin:11
accompaniments,358,2,hotpot_vase:2
accompanist,359,4,acousticguitar_violin:4
accompanying,360,1,acousticguitar_violin:1
accordion,361,56,acousticguitar_violin:56
accurate,362,1,acousticguitar_violin:1
acoustic,363,1087,acousticguitar_violin:1087
acoustic-electric,364,29,acousticguitar_violin:29
acoustic-lean,365,2,acousticguitar_violin:2
acoustic-stand,366,1,acousticguitar_violin:1
acoustically,367,1,acousticguitar_violin:1
acp-122,368,1,ambulance_firetruck:1
across,369,673,acousticguitar_violin:18|ambulance_firetruck:11|ant_bee:635|cucumber_zucchini:8|hotpot_vase:1
acrylic,370,1,hotpot_vase:1
action,371,51,acousticguitar_violin:6|ambulance_firetruck:27|ant_bee:3|cucumber_zucchini:1|hotpot_vase:14
action-figure,372,1,acousticguitar_violin:1
active,373,28,ambulance_firetruck:5|ant_bee:23
actively,374,10,ant_bee:10
activist,375,4,ambulance_firetruck:4
activity,376,36,ambulance_firetruck:2|ant_bee:33|cucumber_zucchini:1
actually,377,2,acousticguitar_violin:1|ant_bee:1
ad,378,24,acousticguitar_violin:2|ambulance_firetruck:15|cucumber_zucchini:7
ad870,379,10,acousticguitar_violin:10
adams,380,13,ambulance_firetruck:13
add,381,1,hotpot_vase:1
added,382,22,hotpot_vase:22
adding,383,37,cucumber_zucchini:8|hotpot_vase:29
addition,384,1,hotpot_vase:1
adds,385,3,cucumber_zucchini:2|hotpot_vase:1
adhesive,386,16,ant_bee:1|hotpot_vase:15
adjacent,387,2,ant_bee:1|cucumber_zucchini:1
adjusted,388,8,acousticguitar_violin:8
adjusting,389,20,acousticguitar_violin:19|ambulance_firetruck:1
adjusts,390,6,acousticguitar_violin:5|ambulance_firetruck:1
admiration,391,1,ambulance_firetruck:1
admire,392,7,ambulance_firetruck:5|cucumber_zucchini:2
admires,393,2,ambulance_firetruck:1|hotpot_vase:1
admiring,394,13,acousticguitar_violin:3|ambulance_firetruck:9|hotpot_vase:1
adobe,395,6,ambulance_firetruck:6
adobe-style,396,1,ambulance_firetruck:1
adom,397,12,ambulance_firetruck:12
adopt,398,6,ambulance_firetruck:6
adoption,399,19,ambulance_firetruck:19
adorable,400,6,acousticguitar_violin:4|cucumber_zucchini:1|hotpot_vase:1
adorn,401,19,acousticguitar_violin:3|ant_bee:2|cucumber_zucchini:1|hotpot_vase:13
adorned,402,92,acousticguitar_violin:46|ambulance_firetruck:23|ant_bee:2|hotpot_vase:21
adorning,403,1,acousticguitar_violin:1
adornment,404,7,hotpot_vase:7
adorns,405,9,acousticguitar_violin:1|ant_bee:1|cucumber_zucchini:2|hotpot_vase:5
adotta,406,1,ambulance_firetruck:1
adriano,407,2,ambulance_firetruck:2
adult,408,74,acousticguitar_violin:32|ambulance_firetruck:35|cucumber_zucchini:7
adults,409,36,acousticguitar_violin:12|ambulance_firetruck:24
advanced,410,6,ambulance_firetruck:6
advancing,411,4,ambulance_firetruck:4
adventure,412,6,ambulance_firetruck:6
advertisement,413,8,acousticguitar_violin:1|ambulance_firetruck:7
advertising,414,4,acousticguitar_violin:3|ambulance_firetruck:1
aerial,415,46,ambulance_firetruck:46
aerospace,416,1,ambulance_firetruck:1
aesthetic,417,5,acousticguitar_violin:4|hotpot_vase:1
africa,418,15,ambulance_firetruck:15
african,419,17,acousticguitar_violin:1|ambulance_firetruck:1|cucumber_zucchini:1|hotpot_vase:14
after,420,21,acousticguitar_violin:9|ambulance_firetruck:10|hotpot_vase:2
aftermath,421,4,ambulance_firetruck:2|hotpot_vase:2
against,422,3533,acousticguitar_violin:2097|ambulance_firetruck:55|ant_bee:777|cucumber_zucchini:199|hotpot_vase:405
agapanthus,423,12,ant_bee:12
agate,424,22,hotpot_vase:22
age,425,14,acousticguitar_violin:8|ambulance_firetruck:2|cucumber_zucchini:3|hotpot_vase:1
aged,426,192,acousticguitar_violin:180|ambulance_firetruck:2|ant_bee:1|cucumber_zucchini:2|hotpot_vase:7
agency,427,4,ambulance_firetruck:4
ages,428,16,acousticguitar_violin:15|cucumber_zucchini:1
aggressive,429,1,ant_bee:1
aging,430,1,cucumber_zucchini:1
ago,431,1,ant_bee:1
agricultural,432,3,ambulance_firetruck:3
ahead,433,25,ambulance_firetruck:25
ahrens-fox,434,13,ambulance_firetruck:13
aid,435,26,ambulance_firetruck:26
aiding,436,1,ambulance_firetruck:1
aiken,437,2,ambulance_firetruck:2
air,438,198,ambulance_firetruck:187|ant_bee:11
airborne,439,1,ant_bee:1
aircraft,440,22,ambulance_firetruck:22
airlock,441,6,cucumber_zucchini:6
airplane,442,42,ambulance_firetruck:41|ant_bee:1
airplane-themed,443,1,ant_bee:1
airport,444,169,ambulance_firetruck:150|ant_bee:19
airstrip,445,1,ambulance_firetruck:1
aisab,446,2,ambulance_firetruck:2
aisle,447,19,acousticguitar_violin:7|ambulance_firetruck:9|cucumber_zucchini:3
aisles,448,1,ambulance_firetruck:1
ajar,449,6,hotpot_vase:6
akron,450,1,ambulance_firetruck:1
al95,451,13,ambulance_firetruck:13
alabama,452,5,ambulance_firetruck:5
alameda,453,6,ambulance_firetruck:6
alarm,454,1,ambulance_firetruck:1
alaska,455,28,acousticguitar_violin:3|cucumber_zucchini:25
alaska-grown,456,3,cucumber_zucchini:3
alaskan,457,2,acousticguitar_violin:2
alberta-grown,458,4,cucumber_zucchini:4
albion,459,2,ambulance_firetruck:2
alboquerque,460,1,ambulance_firetruck:1
album,461,36,acousticguitar_violin:36
albums,462,6,acousticguitar_violin:6
albuquerqu,463,2,ambulance_firetruck:2
albuquerque,464,10,ambulance_firetruck:10
aldi,465,13,ambulance_firetruck:13
alert,466,17,ant_bee:17
alibaba,467,1,hotpot_vase:1
alibaba-listed,468,1,hotpot_vase:1
aligned,469,28,acousticguitar_violin:14|cucumber_zucchini:14
alive,470,5,acousticguitar_violin:1|ant_bee:4
all,471,22,acousticguitar_violin:22
all'oncologia,472,10,ambulance_firetruck:10
all-star,473,8,acousticguitar_violin:8
allaccia,474,1,ambulance_firetruck:1
allen,475,2,ambulance_firetruck:2
alley,476,52,ambulance_firetruck:50|cucumber_zucchini:2
alleyway,477,11,ambulance_firetruck:9|cucumber_zucchini:2
allfloridabeeremoval.com,478,1,ant_bee:1
allium,479,3,ant_bee:3
almonds,480,20,cucumber_zucchini:20
aloft,481,2,cucumber_zucchini:2
alone,482,22,acousticguitar_violin:14|ambulance_firetruck:4|cucumber_zucchini:3|hotpot_vase:1
along,483,220,ambulance_firetruck:22|ant_bee:196|cucumber_zucchini:2
alongside,484,23,acousticguitar_violin:2|ambulance_firetruck:3|cucumber_zucchini:8|hotpot_vase:10
alouettes,485,1,ambulance_firetruck:1
alpha,486,1,ambulance_firetruck:1
also,487,2,acousticguitar_violin:1|hotpot_vase:1
alstead,488,8,ambulance_firetruck:8
altar,489,19,acousticguitar_violin:2|hotpot_vase:17
altarpiece,490,1,hotpot_vase:1
alternatively,491,2,acousticguitar_violin:1|cucumber_zucchini:1
alto,492,20,ambulance_firetruck:20
alvarez,493,10,acousticguitar_violin:10
amariello,494,1,ambulance_firetruck:1
amarillo,495,30,ambulance_firetruck:30
amazed,496,8,cucumber_zucchini:8
amazing,497,4,acousticguitar_violin:4
amb,498,1,ambulance_firetruck:1
amber,499,510,acousticguitar_violin:197|ambulance_firetruck:2|ant_bee:180|hotpot_vase:131
amber-brown,500,2,ant_bee:1|hotpot_vase:1
amber-colored,501,27,ant_bee:27
amber-encased,502,1,ant_bee:1
amber-hued,503,2,hotpot_vase:2
amber-like,504,4,ant_bee:4
amber-orange,505,1,hotpot_vase:1
amber-striped,506,3,hotpot_vase:3
amber-to-deep-red,507,2,acousticguitar_violin:2
amber-toned,508,1,hotpot_vase:1
amber-winged,509,1,ant_bee:1
ambiance,510,17,acousticguitar_violin:13|hotpot_vase:4
ambience,511,12,ambulance_firetruck:12
ambient,512,3,hotpot_vase:3
ambulance,513,45,ambulance_firetruck:45
ambulances,514,21,ambulance_firetruck:21
ambulancia,515,16,ambulance_firetruck:16
ambulans,516,12,ambulance_firetruck:12
ambulansa,517,3,ambulance_firetruck:3
ambulanse,518,17,ambulance_firetruck:17
ambulanta,519,2,ambulance_firetruck:2
ambulanz,520,10,ambulance_firetruck:10
ambulanz-dienst,521,1,ambulance_firetruck:1
ambulanza,522,68,ambulance_firetruck:68
ambulància,523,1,ambulance_firetruck:1
ambulância,524,1,ambulance_firetruck:1
ambutech,525,1,ambulance_firetruck:1
america,526,4,ant_bee:4
american,527,716,acousticguitar_violin:45|ambulance_firetruck:640|cucumber_zucchini:7|hotpot_vase:24
american-style,528,5,hotpot_vase:5
american-themed,529,2,acousticguitar_violin:2
americana,530,1,acousticguitar_violin:1
amethyst,531,16,hotpot_vase:16
amid,532,276,acousticguitar_violin:18|ambulance_firetruck:11|ant_bee:213|cucumber_zucchini:32|hotpot_vase:2
amidst,533,1563,acousticguitar_violin:57|ambulance_firetruck:8|ant_bee:1257|cucumber_zucchini:230|hotpot_vase:11
among,534,1318,acousticguitar_violin:39|ambulance_firetruck:18|ant_bee:342|cucumber_zucchini:895|hotpot_vase:24
amount,535,5,ant_bee:5
amp,536,106,acousticguitar_violin:106
"amp,弦",537,1,acousticguitar_violin:1
amphibious,538,14,ambulance_firetruck:14
amphitheater,539,1,ambulance_firetruck:1
amphora,540,242,hotpot_vase:242
amphorae,541,1,hotpot_vase:1
amphoras,542,1,hotpot_vase:1
amplifier,543,154,acousticguitar_violin:154
amplifiers,544,15,acousticguitar_violin:15
amps,545,28,acousticguitar_violin:28
amr,546,49,ambulance_firetruck:49
amélie,547,3,acousticguitar_violin:3
an,548,387,acousticguitar_violin:172|ambulance_firetruck:72|ant_bee:114|cucumber_zucchini:11|hotpot_vase:18
anamoose,549,6,ambulance_firetruck:6
anamosa,550,16,ambulance_firetruck:16
anatomy,551,22,acousticguitar_violin:10|ant_bee:12
ancash,552,9,ambulance_firetruck:9
anchored,553,2,acousticguitar_violin:2
anchoring,554,1,acousticguitar_violin:1
anchors,555,1,acousticguitar_violin:1
anchovies,556,8,cucumber_zucchini:1|hotpot_vase:7
anchovy,557,4,cucumber_zucchini:4
ancient,558,1474,acousticguitar_violin:29|ambulance_firetruck:1|ant_bee:17|hotpot_vase:1427
ancient-looking,559,1,hotpot_vase:1
ancient-style,560,3,hotpot_vase:3
ancient陶,561,1,hotpot_vase:1
ancient陶罐,562,4,hotpot_vase:4
and,563,64202,acousticguitar_violin:15047|ambulance_firetruck:12810|ant_bee:5190|cucumber_zucchini:12657|hotpot_vase:18498
andreas,564,22,ambulance_firetruck:22
and枯叶,565,1,ant_bee:1
angel,566,34,acousticguitar_violin:14|hotpot_vase:20
angeles,567,102,ambulance_firetruck:102
angeli,568,5,ambulance_firetruck:5
angelic,569,2,acousticguitar_violin:1|hotpot_vase:1
angle,570,14,acousticguitar_violin:2|ambulance_firetruck:12
angled,571,51,acousticguitar_violin:48|ambulance_firetruck:1|cucumber_zucchini:1|hotpot_vase:1
angles,572,94,acousticguitar_violin:84|ant_bee:2|cucumber_zucchini:1|hotpot_vase:7
angrily,573,2,acousticguitar_violin:2
angry,574,1,acousticguitar_violin:1
angular,575,10,hotpot_vase:10
angwin,576,17,ambulance_firetruck:17
animal,577,193,acousticguitar_violin:6|ambulance_firetruck:111|hotpot_vase:76
animal-patterned,578,4,hotpot_vase:4
animal-themed,579,3,hotpot_vase:3
animals,580,36,acousticguitar_violin:4|ambulance_firetruck:2|cucumber_zucchini:2|hotpot_vase:28
animatedly,581,1,acousticguitar_violin:1
anime,582,16,acousticguitar_violin:1|hotpot_vase:15
anise,583,1,hotpot_vase:1
ann,584,23,ambulance_firetruck:23
anna's,585,13,hotpot_vase:13
anne's,586,1,ant_bee:1
annotations,587,2,acousticguitar_violin:2
another,588,160,acousticguitar_violin:71|ambulance_firetruck:50|ant_bee:29|cucumber_zucchini:10
anpas,589,15,ambulance_firetruck:15
ans,590,1,ambulance_firetruck:1
answer,591,1,ant_bee:1
antarctic,592,18,ambulance_firetruck:18
antarctica,593,1,ambulance_firetruck:1
antenna,594,6,ant_bee:6
antennae,595,924,ant_bee:924
anthers,596,1,ant_bee:1
anthropomorphic,597,7,cucumber_zucchini:7
anti-abandonment,598,3,ambulance_firetruck:3
antioch,599,2,ambulance_firetruck:2
antique,600,211,acousticguitar_violin:132|ambulance_firetruck:1|hotpot_vase:78
antique-style,601,1,hotpot_vase:1
antlers,602,1,acousticguitar_violin:1
ants,603,40,ant_bee:40
"ants,合作",604,2,ant_bee:2
antworks,605,12,ant_bee:12
anubis,606,15,hotpot_vase:15
apartment,607,19,ambulance_firetruck:19
aperte,608,10,ambulance_firetruck:10
apex,609,15,ambulance_firetruck:15
aphid,610,70,ant_bee:70
aphid-like,611,2,ant_bee:2
aphids,612,926,ant_bee:926
apis,613,11,ant_bee:11
apl,614,6,ambulance_firetruck:6
apparent,615,1,ambulance_firetruck:1
appeal,616,5,acousticguitar_violin:3|ambulance_firetruck:1|cucumber_zucchini:1
appearance,617,3,ambulance_firetruck:1|hotpot_vase:2
appears,618,1,hotpot_vase:1
appendages,619,1,cucumber_zucchini:1
appetizer,620,24,cucumber_zucchini:24
appetizers,621,6,cucumber_zucchini:6
appetizing,622,150,cucumber_zucchini:99|hotpot_vase:51
applauding,623,2,acousticguitar_violin:2
applause,624,10,acousticguitar_violin:10
apple,625,107,acousticguitar_violin:30|ant_bee:5|cucumber_zucchini:50|hotpot_vase:22
apple-branded,626,1,acousticguitar_violin:1
apple-centered,627,1,hotpot_vase:1
apple-logo,628,5,acousticguitar_violin:5
apple-patterned,629,2,cucumber_zucchini:2
apple-themed,630,1,acousticguitar_violin:1
apples,631,124,cucumber_zucchini:90|hotpot_vase:34
appliance,632,5,ant_bee:2|cucumber_zucchini:1|hotpot_vase:2
appliances,633,27,cucumber_zucchini:27
applies,634,1,acousticguitar_violin:1
appliqué,635,19,acousticguitar_violin:19
applying,636,1,cucumber_zucchini:1
apprentice,637,14,acousticguitar_violin:14
approach,638,1,ant_bee:1
approaches,639,12,ant_bee:12
approaching,640,17,ambulance_firetruck:3|ant_bee:14
approximately,641,2,hotpot_vase:2
apricots,642,7,cucumber_zucchini:7
april,643,8,acousticguitar_violin:1|ambulance_firetruck:7
apron,644,6,acousticguitar_violin:6
apsaras,645,10,hotpot_vase:10
apx500,646,17,acousticguitar_violin:17
aq,647,2,ambulance_firetruck:2
aquamarine,648,1,hotpot_vase:1
aquarium,649,1,ant_bee:1
aquatic,650,2,hotpot_vase:2
arabic,651,62,ambulance_firetruck:58|hotpot_vase:4
arbor,652,23,ambulance_firetruck:23
arc,653,1,cucumber_zucchini:1
arch,654,19,acousticguitar_violin:4|ambulance_firetruck:14|hotpot_vase:1
arched,655,44,acousticguitar_violin:5|ambulance_firetruck:21|hotpot_vase:18
arches,656,10,ambulance_firetruck:10
architectural,657,1,hotpot_vase:1
architecture,658,13,acousticguitar_violin:7|ambulance_firetruck:3|hotpot_vase:3
archival,659,1,ambulance_firetruck:1
archive,660,2,ambulance_firetruck:2
archtop,661,205,acousticguitar_violin:205
archway,662,12,acousticguitar_violin:5|ambulance_firetruck:3|hotpot_vase:4
arcs,663,1,hotpot_vase:1
are,664,1,ant_bee:1
area,665,134,acousticguitar_violin:3|ambulance_firetruck:126|ant_bee:5
arena,666,4,ambulance_firetruck:4
argentina,667,2,ambulance_firetruck:2
argentine,668,32,ant_bee:32
argento,669,1,ambulance_firetruck:1
ariano,670,5,ambulance_firetruck:5
arid,671,3,ambulance_firetruck:2|ant_bee:1
arlington,672,9,ambulance_firetruck:9
arm,673,8,acousticguitar_violin:3|ambulance_firetruck:5
armchair,674,20,acousticguitar_violin:20
armed,675,5,ambulance_firetruck:4|hotpot_vase:1
armenian,676,35,cucumber_zucchini:35
armored,677,107,ambulance_firetruck:105|ant_bee:1|hotpot_vase:1
armrests,678,4,acousticguitar_violin:4
arms,679,35,acousticguitar_violin:1|ambulance_firetruck:14|cucumber_zucchini:17|hotpot_vase:3
army,680,1,ambulance_firetruck:1
aromatic,681,86,cucumber_zucchini:2|hotpot_vase:84
aromatics,682,3,hotpot_vase:3
aromato,683,1,hotpot_vase:1
around,684,808,acousticguitar_violin:40|ambulance_firetruck:104|ant_bee:493|cucumber_zucchini:25|hotpot_vase:146
arranged,685,1158,acousticguitar_violin:53|ant_bee:2|cucumber_zucchini:978|hotpot_vase:125
arrangement,686,207,acousticguitar_violin:1|cucumber_zucchini:5|hotpot_vase:201
arrangements,687,13,hotpot_vase:13
arranges,688,3,hotpot_vase:3
arranging,689,23,hotpot_vase:23
array,690,7,cucumber_zucchini:3|hotpot_vase:4
arrest,691,5,ambulance_firetruck:5
arrested,692,3,ambulance_firetruck:3
arrives,693,1,ambulance_firetruck:1
arrow,694,49,acousticguitar_violin:20|ambulance_firetruck:28|hotpot_vase:1
arrows,695,1,acousticguitar_violin:1
art,696,359,acousticguitar_violin:160|ambulance_firetruck:9|ant_bee:5|cucumber_zucchini:42|hotpot_vase:143
art-decorated,697,1,acousticguitar_violin:1
art-filled,698,1,acousticguitar_violin:1
art-music,699,1,acousticguitar_violin:1
artful,700,3,acousticguitar_violin:1|hotpot_vase:2
artfully,701,16,acousticguitar_violin:2|cucumber_zucchini:12|hotpot_vase:2
arthropod,702,1,ant_bee:1
artichokes,703,28,cucumber_zucchini:22|hotpot_vase:6
artichokes-displayed,704,1,cucumber_zucchini:1
artichokes-in,705,1,cucumber_zucchini:1
articles,706,1,acousticguitar_violin:1
articulated,707,1,ant_bee:1
artifact,708,3,hotpot_vase:3
artifacts,709,7,acousticguitar_violin:2|hotpot_vase:5
artificial,710,27,ambulance_firetruck:1|ant_bee:2|cucumber_zucchini:1|hotpot_vase:23
artisan,711,1,acousticguitar_violin:1
artisanal,712,6,acousticguitar_violin:2|hotpot_vase:4
artisans,713,1,acousticguitar_violin:1
artist,714,8,acousticguitar_violin:5|hotpot_vase:3
artist's,715,2,acousticguitar_violin:1|hotpot_vase:1
artist-signed,716,3,hotpot_vase:3
artistic,717,410,acousticguitar_violin:129|ant_bee:12|cucumber_zucchini:12|hotpot_vase:257
artistically,718,3,cucumber_zucchini:2|hotpot_vase:1
artistry,719,27,acousticguitar_violin:25|cucumber_zucchini:1|hotpot_vase:1
artwork,720,193,acousticguitar_violin:94|ambulance_firetruck:4|ant_bee:1|hotpot_vase:94
arugula,721,7,cucumber_zucchini:7
as,722,179,acousticguitar_violin:43|ambulance_firetruck:58|ant_bee:14|cucumber_zucchini:43|hotpot_vase:21
asb,723,97,ambulance_firetruck:97
asbury,724,8,ambulance_firetruck:8
ascend,725,5,ant_bee:5
ascending,726,1,ant_bee:1
asha,727,1,ambulance_firetruck:1
asian,728,166,acousticguitar_violin:4|cucumber_zucchini:36|hotpot_vase:126
asian-bowl,729,1,hotpot_vase:1
asian-cuisine,730,1,hotpot_vase:1
asian-inspired,731,7,cucumber_zucchini:4|hotpot_vase:3
asian-style,732,15,cucumber_zucchini:6|hotpot_vase:9
aside,733,2,ant_bee:1|cucumber_zucchini:1
asisa,734,16,ambulance_firetruck:16
asked,735,17,acousticguitar_violin:2|ambulance_firetruck:4|ant_bee:2|cucumber_zucchini:3|hotpot_vase:6
askew,736,1,acousticguitar_violin:1
asks,737,9,acousticguitar_violin:6|ant_bee:1|hotpot_vase:2
asl,738,4,ambulance_firetruck:4
asleep,739,1,hotpot_vase:1
asmajur,740,1,ambulance_firetruck:1
asmajurma,741,1,ambulance_firetruck:1
asmalubia,742,1,ambulance_firetruck:1
asnajubma,743,1,ambulance_firetruck:1
asparagus,744,94,cucumber_zucchini:84|hotpot_vase:10
asphalt,745,156,ambulance_firetruck:133|ant_bee:17|cucumber_zucchini:6
aspinwall,746,21,ambulance_firetruck:21
assalit,747,1,ambulance_firetruck:1
assassin,748,3,ant_bee:3
assembled,749,8,ambulance_firetruck:6|hotpot_vase:2
assembling,750,14,acousticguitar_violin:11|ambulance_firetruck:3
assembly,751,11,acousticguitar_violin:9|ambulance_firetruck:2
assist,752,26,ambulance_firetruck:26
assistance,753,20,ambulance_firetruck:20
assistenza,754,17,ambulance_firetruck:17
assisting,755,23,acousticguitar_violin:5|ambulance_firetruck:17|cucumber_zucchini:1
assists,756,8,acousticguitar_violin:5|ambulance_firetruck:3
association,757,1,ambulance_firetruck:1
assorted,758,73,acousticguitar_violin:3|cucumber_zucchini:21|hotpot_vase:49
assortment,759,7,cucumber_zucchini:7
aster,760,15,ant_bee:15
asters,761,4,ant_bee:4
asti,762,8,ambulance_firetruck:8
astilbe,763,1,ant_bee:1
astonlee,764,7,ambulance_firetruck:7
asymmetrical,765,1,hotpot_vase:1
at,766,6239,acousticguitar_violin:535|ambulance_firetruck:3843|ant_bee:113|cucumber_zucchini:1380|hotpot_vase:368
atego,767,3,ambulance_firetruck:3
athletes,768,8,hotpot_vase:8
athletic,769,1,ambulance_firetruck:1
atlanta,770,14,ambulance_firetruck:14
atlantic,771,33,ambulance_firetruck:33
atmosphere,772,6,acousticguitar_violin:2|ambulance_firetruck:1|hotpot_vase:3
atop,773,401,acousticguitar_violin:71|ambulance_firetruck:43|ant_bee:97|cucumber_zucchini:138|hotpot_vase:52
atrium,774,2,hotpot_vase:2
atsu,775,11,ambulance_firetruck:11
attached,776,200,acousticguitar_violin:66|ambulance_firetruck:8|ant_bee:18|cucumber_zucchini:104|hotpot_vase:4
attachment,777,7,acousticguitar_violin:6|ambulance_firetruck:1
attack,778,50,ambulance_firetruck:3|ant_bee:47
attacked,779,10,ant_bee:10
attacking,780,162,ant_bee:162
attacks,781,57,ant_bee:57
attend,782,7,ambulance_firetruck:7
attendants,783,1,hotpot_vase:1
attendees,784,1,acousticguitar_violin:1
attending,785,64,ambulance_firetruck:64
attends,786,15,ambulance_firetruck:15
attention,787,2,acousticguitar_violin:2
attentive,788,2,acousticguitar_violin:2
attentively,789,10,acousticguitar_violin:10
attic,790,2,acousticguitar_violin:2
attire,791,108,acousticguitar_violin:103|hotpot_vase:5
attitude,792,5,acousticguitar_violin:5
attracted,793,1,ant_bee:1
attracting,794,2,ambulance_firetruck:1|ant_bee:1
atx500,795,2,acousticguitar_violin:2
aubergine,796,12,hotpot_vase:12
aubert,797,12,acousticguitar_violin:12
auburn,798,6,ambulance_firetruck:6
auction,799,1,acousticguitar_violin:1
auctioneer,800,18,acousticguitar_violin:18
auctions,801,2,acousticguitar_violin:2
audi,802,18,ambulance_firetruck:18
audience,803,67,acousticguitar_violin:66|ambulance_firetruck:1
audio,804,22,acousticguitar_violin:22
auf,805,1,ambulance_firetruck:1
aug,806,1,ambulance_firetruck:1
augmented,807,1,cucumber_zucchini:1
august,808,2,ambulance_firetruck:2
aurora,809,19,ambulance_firetruck:19
austin,810,17,ambulance_firetruck:17
australia,811,7,acousticguitar_violin:4|ambulance_firetruck:3
austria,812,1,ambulance_firetruck:1
austrian,813,8,ambulance_firetruck:8
authentic,814,1,cucumber_zucchini:1
author,815,1,hotpot_vase:1
auto,816,5,ambulance_firetruck:5
autograph,817,7,acousticguitar_violin:7
autographs,818,10,acousticguitar_violin:10
automedica,819,9,ambulance_firetruck:9
automotive,820,2,hotpot_vase:2
autos,821,7,ambulance_firetruck:7
autumn,822,136,acousticguitar_violin:38|ambulance_firetruck:35|ant_bee:22|cucumber_zucchini:24|hotpot_vase:17
autumnal,823,10,acousticguitar_violin:2|hotpot_vase:8
außer,824,1,ambulance_firetruck:1
av,825,1,acousticguitar_violin:1
avanz,826,1,ambulance_firetruck:1
avanzato,827,35,ambulance_firetruck:35
avatar,828,8,acousticguitar_violin:8
avatars,829,2,acousticguitar_violin:2
ave,830,4,ambulance_firetruck:4
avenue,831,1,ambulance_firetruck:1
avocado,832,101,cucumber_zucchini:101
avocado-arranged,833,1,cucumber_zucchini:1
avocados,834,21,cucumber_zucchini:21
avon,835,2,ambulance_firetruck:2
avro,836,17,ambulance_firetruck:17
awaiting,837,3,acousticguitar_violin:2|cucumber_zucchini:1
awaits,838,1,acousticguitar_violin:1
awards,839,1,cucumber_zucchini:1
awareness,840,1,ambulance_firetruck:1
away,841,1,ambulance_firetruck:1
awe,842,1,ambulance_firetruck:1
awestruck,843,1,ambulance_firetruck:1
awning,844,16,ambulance_firetruck:12|cucumber_zucchini:4
awnings,845,6,ambulance_firetruck:6
axe,846,1,ambulance_firetruck:1
axes,847,14,ambulance_firetruck:14
axles,848,1,ambulance_firetruck:1
azalea,849,2,ant_bee:2
azaleas,850,3,ant_bee:3
azienda,851,5,ambulance_firetruck:5
azzurra,852,34,ambulance_firetruck:34
a畸形,853,2,cucumber_zucchini:2
b,854,1,hotpot_vase:1
b.c,855,2,ambulance_firetruck:2
b60001a,856,1,hotpot_vase:1
b60001b,857,1,hotpot_vase:1
b65,858,1,ambulance_firetruck:1
babicz,859,3,acousticguitar_violin:3
baby,860,171,acousticguitar_violin:9|ambulance_firetruck:21|cucumber_zucchini:141
baby's,861,61,hotpot_vase:61
back,862,2131,acousticguitar_violin:1991|ambulance_firetruck:116|ant_bee:23|cucumber_zucchini:1
back-facing,863,3,acousticguitar_violin:3
back-to-back,864,16,acousticguitar_violin:16
back-view,865,1,acousticguitar_violin:1
back/side,866,1,acousticguitar_violin:1
back/sides,867,4,acousticguitar_violin:4
backdrop,868,1317,acousticguitar_violin:641|ambulance_firetruck:134|ant_bee:225|cucumber_zucchini:86|hotpot_vase:231
backdrops,869,1,acousticguitar_violin:1
backed,870,4,acousticguitar_violin:4
background,871,9354,acousticguitar_violin:3238|ambulance_firetruck:338|ant_bee:3488|cucumber_zucchini:1286|hotpot_vase:1004
backgrounds,872,4,acousticguitar_violin:1|hotpot_vase:3
backlighting,873,1,ant_bee:1
backlit,874,62,acousticguitar_violin:31|ant_bee:21|cucumber_zucchini:1|hotpot_vase:9
backpack,875,8,ambulance_firetruck:4|cucumber_zucchini:4
backrest,876,4,acousticguitar_violin:4
backs,877,9,acousticguitar_violin:9
backs/sides,878,1,acousticguitar_violin:1
backseat,879,1,cucumber_zucchini:1
backstage,880,4,acousticguitar_violin:4
backview,881,4,acousticguitar_violin:4
backward,882,1,ambulance_firetruck:1
backwards,883,1,ambulance_firetruck:1
backyard,884,17,acousticguitar_violin:1|cucumber_zucchini:16
bacon,885,102,cucumber_zucchini:40|hotpot_vase:62
bacon-wrapped,886,2,cucumber_zucchini:2
bacteria,887,13,ant_bee:13
bacteria-like,888,1,ant_bee:1
bacterial,889,4,ant_bee:4
badge,890,2,acousticguitar_violin:1|ambulance_firetruck:1
badges,891,1,ambulance_firetruck:1
bag,892,172,acousticguitar_violin:46|ambulance_firetruck:23|ant_bee:20|cucumber_zucchini:81|hotpot_vase:2
bagel,893,15,cucumber_zucchini:15
bagel-sandwich,894,1,cucumber_zucchini:1
baggage,895,12,ant_bee:12
bagged,896,11,cucumber_zucchini:11
bagpipes,897,20,acousticguitar_violin:20
bags,898,79,acousticguitar_violin:21|cucumber_zucchini:57|hotpot_vase:1
bait,899,35,ant_bee:35
baited,900,1,ant_bee:1
bake,901,10,cucumber_zucchini:8|hotpot_vase:2
baked,902,185,cucumber_zucchini:87|hotpot_vase:98
bakes,903,1,cucumber_zucchini:1
baking,904,100,cucumber_zucchini:96|hotpot_vase:4
bal,905,1,ambulance_firetruck:1
balance,906,9,ant_bee:9
balanced,907,24,cucumber_zucchini:24
balances,908,7,ant_bee:1|cucumber_zucchini:6
balancing,909,9,acousticguitar_violin:6|ant_bee:3
balcony,910,15,acousticguitar_violin:8|ambulance_firetruck:1|cucumber_zucchini:1|hotpot_vase:5
bald,911,143,acousticguitar_violin:103|ambulance_firetruck:2|cucumber_zucchini:38
bales,912,12,acousticguitar_violin:12
balinese,913,7,cucumber_zucchini:7
ball,914,21,ant_bee:1|cucumber_zucchini:11|hotpot_vase:9
baller,915,1,cucumber_zucchini:1
ballet,916,1,ant_bee:1
ballo,917,1,ambulance_firetruck:1
balloon,918,33,acousticguitar_violin:12|ambulance_firetruck:20|ant_bee:1
balloons,919,71,ambulance_firetruck:71
balls,920,115,ant_bee:6|cucumber_zucchini:6|hotpot_vase:103
balm,921,4,ant_bee:4
bamboo,922,267,acousticguitar_violin:12|ant_bee:28|cucumber_zucchini:20|hotpot_vase:207
bamboo-adorned,923,3,hotpot_vase:3
bamboo-carved,924,2,hotpot_vase:2
bamboo-etched,925,1,hotpot_vase:1
bamboo-like,926,2,hotpot_vase:2
bamboo-patterned,927,1,hotpot_vase:1
bamboo-themed,928,3,hotpot_vase:3
bambooinn,929,1,acousticguitar_violin:1
banana,930,136,ambulance_firetruck:3|ant_bee:104|cucumber_zucchini:28|hotpot_vase:1
bananas,931,66,cucumber_zucchini:48|hotpot_vase:18
banchan,932,9,cucumber_zucchini:2|hotpot_vase:7
band,933,365,acousticguitar_violin:191|ambulance_firetruck:1|ant_bee:33|cucumber_zucchini:1|hotpot_vase:139
bandage,934,2,cucumber_zucchini:2
bandaged,935,3,cucumber_zucchini:3
bandana,936,10,acousticguitar_violin:10
banded,937,4,ant_bee:1|hotpot_vase:3
banding,938,3,hotpot_vase:3
bandmate,939,5,acousticguitar_violin:5
bandmates,940,5,acousticguitar_violin:5
bands,941,119,acousticguitar_violin:2|ambulance_firetruck:2|ant_bee:6|hotpot_vase:109
bangle,942,1,hotpot_vase:1
bangles,943,19,hotpot_vase:19
banjo,944,18,acousticguitar_violin:18
banjo-lined,945,2,acousticguitar_violin:2
banjo-rest,946,1,acousticguitar_violin:1
banjos,947,7,acousticguitar_violin:7
bank,948,16,acousticguitar_violin:4|ambulance_firetruck:12
bankentransport,949,5,ambulance_firetruck:5
banksy,950,6,acousticguitar_violin:6
banksy-style,951,9,acousticguitar_violin:9
banner,952,46,acousticguitar_violin:15|ambulance_firetruck:29|ant_bee:1|cucumber_zucchini:1
banners,953,11,acousticguitar_violin:5|ambulance_firetruck:5|hotpot_vase:1
banquet,954,2,hotpot_vase:2
bar,955,70,acousticguitar_violin:31|ambulance_firetruck:12|ant_bee:20|cucumber_zucchini:5|hotpot_vase:2
barbecue,956,14,cucumber_zucchini:9|hotpot_vase:5
barbecued,957,1,cucumber_zucchini:1
barbed,958,27,ant_bee:27
barbie,959,2,acousticguitar_violin:2
bare,960,124,acousticguitar_violin:21|ambulance_firetruck:58|ant_bee:8|cucumber_zucchini:8|hotpot_vase:29
barefoot,961,65,acousticguitar_violin:55|ambulance_firetruck:1|cucumber_zucchini:9
bariloche,962,16,ambulance_firetruck:16
bark,963,900,acousticguitar_violin:1|ant_bee:889|cucumber_zucchini:9|hotpot_vase:1
barletta,964,5,ambulance_firetruck:5
barley,965,4,hotpot_vase:4
barn,966,42,acousticguitar_violin:2|ambulance_firetruck:37|cucumber_zucchini:3
barn-like,967,1,ambulance_firetruck:1
barre,968,13,ambulance_firetruck:13
barrel,969,1,acousticguitar_violin:1
barrels,970,1,acousticguitar_violin:1
barren,971,4,ambulance_firetruck:4
barricade,972,2,ambulance_firetruck:2
barricades,973,9,ambulance_firetruck:9
barrier,974,23,ambulance_firetruck:23
barriers,975,46,ambulance_firetruck:46
barry,976,4,ambulance_firetruck:4
bars,977,49,acousticguitar_violin:2|ambulance_firetruck:27|ant_bee:4|cucumber_zucchini:16
base,978,808,acousticguitar_violin:37|ambulance_firetruck:6|ant_bee:20|cucumber_zucchini:8|hotpot_vase:737
baseball,979,11,acousticguitar_violin:11
baseboard,980,11,acousticguitar_violin:1|ant_bee:10
bases,981,51,hotpot_vase:51
basil,982,142,ant_bee:19|cucumber_zucchini:123
basin,983,1,hotpot_vase:1
basket,984,1246,ambulance_firetruck:3|cucumber_zucchini:1179|hotpot_vase:64
basket-shaped,985,1,hotpot_vase:1
basket-weave,986,2,hotpot_vase:2
baskets,987,183,cucumber_zucchini:174|hotpot_vase:9
basking,988,11,ant_bee:7|cucumber_zucchini:4
bass,989,290,acousticguitar_violin:290
bass-rest,990,3,acousticguitar_violin:3
bass-traditional,991,1,acousticguitar_violin:1
basses,992,4,acousticguitar_violin:4
bassist,993,1,acousticguitar_violin:1
bat,994,4,acousticguitar_violin:4
bata,995,17,ambulance_firetruck:17
bath,996,9,ambulance_firetruck:8|hotpot_vase:1
bathed,997,94,acousticguitar_violin:67|ant_bee:3|cucumber_zucchini:4|hotpot_vase:20
bathes,998,1,acousticguitar_violin:1
bathroom,999,39,acousticguitar_violin:11|ant_bee:5|cucumber_zucchini:4|hotpot_vase:19
bathtub,1000,2,hotpot_vase:2
baton,1001,2,acousticguitar_violin:2
battalion,1002,7,ambulance_firetruck:7
batter,1003,1,hotpot_vase:1
battle,1004,109,ambulance_firetruck:67|ant_bee:9|hotpot_vase:33
battles,1005,29,ambulance_firetruck:23|ant_bee:5|hotpot_vase:1
battling,1006,154,ambulance_firetruck:105|ant_bee:34|hotpot_vase:15
baubles,1007,4,hotpot_vase:4
bavarian,1008,1,ambulance_firetruck:1
bay,1009,168,ambulance_firetruck:161|hotpot_vase:7
bays,1010,14,ambulance_firetruck:14
bbq,1011,10,hotpot_vase:10
be,1012,15,ant_bee:14|cucumber_zucchini:1
beach,1013,127,acousticguitar_violin:35|ambulance_firetruck:91|cucumber_zucchini:1
beachfront,1014,1,ambulance_firetruck:1
beachside,1015,5,ambulance_firetruck:5
beacon,1016,3,ambulance_firetruck:3
bead,1017,30,ambulance_firetruck:1|cucumber_zucchini:4|hotpot_vase:25
bead-covered,1018,2,hotpot_vase:2
bead-rimmed,1019,1,hotpot_vase:1
bead-trimmed,1020,1,hotpot_vase:1
beaded,1021,99,acousticguitar_violin:22|ant_bee:5|hotpot_vase:72
beads,1022,98,acousticguitar_violin:2|ambulance_firetruck:16|ant_bee:2|cucumber_zucchini:22|hotpot_vase:56
beam,1023,16,ant_bee:16
beams,1024,8,ambulance_firetruck:3|ant_bee:5
bean,1025,122,ambulance_firetruck:21|cucumber_zucchini:5|hotpot_vase:96
beanie,1026,24,acousticguitar_violin:22|ambulance_firetruck:2
beans,1027,939,cucumber_zucchini:527|hotpot_vase:412
bear,1028,89,acousticguitar_violin:1|ambulance_firetruck:45|hotpot_vase:43
bear's,1029,3,ambulance_firetruck:3
bear-themed,1030,1,ambulance_firetruck:1
beard,1031,64,acousticguitar_violin:57|cucumber_zucchini:2|hotpot_vase:5
bearded,1032,97,acousticguitar_violin:96|cucumber_zucchini:1
beards,1033,1,acousticguitar_violin:1
bearers,1034,2,ambulance_firetruck:2
bearing,1035,5,cucumber_zucchini:4|hotpot_vase:1
bears,1036,5,acousticguitar_violin:5
beast,1037,1,hotpot_vase:1
beaten,1038,7,cucumber_zucchini:6|hotpot_vase:1
beatles,1039,16,acousticguitar_violin:16
beatles-themed,1040,19,acousticguitar_violin:19
beautiful,1041,708,acousticguitar_violin:707|hotpot_vase:1
beautifully,1042,68,acousticguitar_violin:60|cucumber_zucchini:5|hotpot_vase:3
beauty,1043,69,acousticguitar_violin:4|ant_bee:64|hotpot_vase:1
become,1044,1,hotpot_vase:1
becomes,1045,1,hotpot_vase:1
bed,1046,376,acousticguitar_violin:237|ambulance_firetruck:8|ant_bee:2|cucumber_zucchini:128|hotpot_vase:1
bed-stuy,1047,5,ambulance_firetruck:5
bedding,1048,18,acousticguitar_violin:17|cucumber_zucchini:1
bedford,1049,57,ambulance_firetruck:57
bedframe,1050,1,acousticguitar_violin:1
bedizzole,1051,9,ambulance_firetruck:9
bedroom,1052,56,acousticguitar_violin:53|cucumber_zucchini:3
bedsheet,1053,11,acousticguitar_violin:10|cucumber_zucchini:1
bedspread,1054,35,acousticguitar_violin:34|cucumber_zucchini:1
bee,1055,236,acousticguitar_violin:2|ant_bee:194|cucumber_zucchini:40
bee's,1056,1,ant_bee:1
bee-covered,1057,1,ant_bee:1
beef,1058,1775,cucumber_zucchini:60|hotpot_vase:1715
beef-and-veg,1059,1,hotpot_vase:1
beehive,1060,12,ant_bee:12
beehives,1061,2,ant_bee:2
beekeeper,1062,12,acousticguitar_violin:8|ant_bee:4
beekeeping,1063,3,acousticguitar_violin:3
beer,1064,187,cucumber_zucchini:42|hotpot_vase:145
beers,1065,1,hotpot_vase:1
bees,1066,7,acousticguitar_violin:1|ant_bee:6
beet,1067,6,cucumber_zucchini:6
beetle,1068,324,ant_bee:313|cucumber_zucchini:11
beetle-like,1069,3,ant_bee:3
beetles,1070,30,ant_bee:30
beets,1071,82,cucumber_zucchini:82
beets-on,1072,1,cucumber_zucchini:1
before,1073,359,acousticguitar_violin:108|ambulance_firetruck:219|cucumber_zucchini:4|hotpot_vase:28
beginner,1074,19,acousticguitar_violin:19
beginners,1075,2,acousticguitar_violin:2
beginning,1076,7,acousticguitar_violin:7
behavior,1077,4,ant_bee:4
behind,1078,1049,acousticguitar_violin:363|ambulance_firetruck:416|ant_bee:123|cucumber_zucchini:71|hotpot_vase:76
beige,1079,748,acousticguitar_violin:208|ambulance_firetruck:229|ant_bee:115|cucumber_zucchini:41|hotpot_vase:155
beige-lined,1080,1,acousticguitar_violin:1
beige-orange,1081,3,ambulance_firetruck:3
beige-red,1082,2,ambulance_firetruck:2
being,1083,321,acousticguitar_violin:21|ambulance_firetruck:45|ant_bee:3|cucumber_zucchini:136|hotpot_vase:116
belair,1084,5,ambulance_firetruck:5
belforest,1085,4,ambulance_firetruck:4
belgian,1086,1,ambulance_firetruck:1
belgium,1087,12,ambulance_firetruck:12
belgrade,1088,10,ambulance_firetruck:10
bell,1089,241,acousticguitar_violin:2|ambulance_firetruck:80|ant_bee:12|cucumber_zucchini:141|hotpot_vase:6
bell-shaped,1090,35,ant_bee:33|hotpot_vase:2
belleville,1091,3,ambulance_firetruck:3
bellflower,1092,7,ant_bee:7
bellflowers,1093,25,ant_bee:22|hotpot_vase:3
bellingham,1094,13,ambulance_firetruck:13
bells,1095,5,ambulance_firetruck:1|ant_bee:3|cucumber_zucchini:1
belly,1096,22,ant_bee:7|hotpot_vase:15
below,1097,199,acousticguitar_violin:63|ambulance_firetruck:21|ant_bee:77|cucumber_zucchini:23|hotpot_vase:15
below-fresh,1098,1,cucumber_zucchini:1
belt,1099,2,ant_bee:2
belvedere,1100,1,ambulance_firetruck:1
ben,1101,1,hotpot_vase:1
bench,1102,166,acousticguitar_violin:78|ambulance_firetruck:5|cucumber_zucchini:61|hotpot_vase:22
benches,1103,3,ambulance_firetruck:3
bend,1104,3,ambulance_firetruck:3
bending,1105,3,acousticguitar_violin:1|ant_bee:1|hotpot_vase:1
bends,1106,2,acousticguitar_violin:2
beneath,1107,104,acousticguitar_violin:23|ambulance_firetruck:5|ant_bee:43|cucumber_zucchini:26|hotpot_vase:7
benedetto,1108,5,ambulance_firetruck:5
bent,1109,6,acousticguitar_violin:1|cucumber_zucchini:4|hotpot_vase:1
bento,1110,189,cucumber_zucchini:189
bentonville,1111,10,ambulance_firetruck:10
berries,1112,218,acousticguitar_violin:13|ambulance_firetruck:2|ant_bee:80|cucumber_zucchini:14|hotpot_vase:109
berry,1113,94,ant_bee:80|cucumber_zucchini:8|hotpot_vase:6
berry-laden,1114,1,ant_bee:1
beside,1115,2261,acousticguitar_violin:518|ambulance_firetruck:669|ant_bee:110|cucumber_zucchini:504|hotpot_vase:460
bethany,1116,8,ambulance_firetruck:8
bethel,1117,4,ambulance_firetruck:4
bethesda,1118,1,ambulance_firetruck:1
betterthanegrah,1119,1,ant_bee:1
between,1120,124,acousticguitar_violin:16|ambulance_firetruck:40|ant_bee:31|cucumber_zucchini:28|hotpot_vase:9
beverly,1121,15,ambulance_firetruck:15
beyond,1122,29,acousticguitar_violin:16|ambulance_firetruck:5|ant_bee:1|cucumber_zucchini:2|hotpot_vase:5
bfd,1123,2,ambulance_firetruck:2
bht,1124,8,cucumber_zucchini:8
bianca,1125,28,ambulance_firetruck:28
bianco,1126,2,hotpot_vase:2
bibimbap,1127,39,hotpot_vase:39
bible,1128,11,hotpot_vase:11
biblical,1129,11,hotpot_vase:11
bicycle,1130,24,ambulance_firetruck:20|hotpot_vase:4
bicycles,1131,17,ambulance_firetruck:7|cucumber_zucchini:10
bids,1132,1,acousticguitar_violin:1
biellese,1133,2,ambulance_firetruck:2
big,1134,50,acousticguitar_violin:3|ambulance_firetruck:5|ant_bee:26|cucumber_zucchini:10|hotpot_vase:6
big-eyed,1135,3,ant_bee:3
bigsby,1136,11,acousticguitar_violin:11
bike,1137,78,ambulance_firetruck:78
bikers,1138,1,ambulance_firetruck:1
bikes,1139,29,ambulance_firetruck:22|cucumber_zucchini:7
biking,1140,2,ambulance_firetruck:2
bikini,1141,1,cucumber_zucchini:1
bill,1142,23,ambulance_firetruck:1|ant_bee:6|cucumber_zucchini:16
billboard,1143,1,ambulance_firetruck:1
billboards,1144,1,ambulance_firetruck:1
billowing,1145,17,ambulance_firetruck:17
billows,1146,14,ambulance_firetruck:14
bilo,1147,1,ambulance_firetruck:1
bin,1148,21,acousticguitar_violin:11|cucumber_zucchini:10
binding,1149,499,acousticguitar_violin:499
bindings,1150,1,acousticguitar_violin:1
bins,1151,26,ambulance_firetruck:12|cucumber_zucchini:14
biological,1152,2,cucumber_zucchini:2
birch,1153,6,ant_bee:2|hotpot_vase:4
birch-style,1154,1,hotpot_vase:1
bird,1155,307,acousticguitar_violin:29|ambulance_firetruck:20|ant_bee:44|cucumber_zucchini:14|hotpot_vase:200
bird-adorned,1156,6,hotpot_vase:6
bird-and-flower,1157,3,hotpot_vase:3
bird-handle,1158,1,hotpot_vase:1
bird-handled,1159,1,hotpot_vase:1
bird-head,1160,1,hotpot_vase:1
bird-of-paradise,1161,1,hotpot_vase:1
bird-shaped,1162,20,acousticguitar_violin:3|hotpot_vase:17
birdbath,1163,21,hotpot_vase:21
birdhouse,1164,1,cucumber_zucchini:1
birds,1165,194,acousticguitar_violin:20|ant_bee:1|hotpot_vase:173
birdseed,1166,2,ant_bee:2
birthday,1167,41,acousticguitar_violin:41
birthplace,1168,1,acousticguitar_violin:1
biscotti,1169,1,hotpot_vase:1
biscuit,1170,12,hotpot_vase:12
biscuit-topped,1171,2,hotpot_vase:2
biscuits,1172,14,hotpot_vase:14
bite,1173,6,ant_bee:3|cucumber_zucchini:3
bites,1174,19,ant_bee:1|cucumber_zucchini:16|hotpot_vase:2
biting,1175,31,ant_bee:4|cucumber_zucchini:27
bits,1176,17,ant_bee:3|cucumber_zucchini:5|hotpot_vase:9
bitten,1177,5,ant_bee:1|cucumber_zucchini:4
bitter,1178,101,cucumber_zucchini:101
black,1179,18000,acousticguitar_violin:7159|ambulance_firetruck:264|ant_bee:7169|cucumber_zucchini:408|hotpot_vase:3000
black-and-brown,1180,6,ant_bee:6
black-and-gold,1181,4,ant_bee:3|hotpot_vase:1
black-and-gray,1182,1,hotpot_vase:1
black-and-green,1183,11,hotpot_vase:11
black-and-orange,1184,14,ant_bee:14
black-and-pink,1185,2,acousticguitar_violin:2
black-and-red,1186,4,ant_bee:4
black-and-silver,1187,1,hotpot_vase:1
black-and-sunburst,1188,1,acousticguitar_violin:1
black-and-white,1189,1323,acousticguitar_violin:918|ambulance_firetruck:65|ant_bee:200|cucumber_zucchini:27|hotpot_vase:113
black-and-yellow,1190,161,ant_bee:161
black-bellied,1191,1,ant_bee:1
black-blue,1192,1,hotpot_vase:1
black-bodied,1193,3,ant_bee:3
black-brown,1194,2,ant_bee:2
black-eyed,1195,12,ant_bee:12
black-figure,1196,231,hotpot_vase:231
black-glazed,1197,12,hotpot_vase:12
black-green,1198,2,hotpot_vase:2
black-headed,1199,3,ant_bee:3
black-lean,1200,1,acousticguitar_violin:1
black-on,1201,2,acousticguitar_violin:2
black-rest,1202,3,acousticguitar_violin:3
black-rimmed,1203,5,hotpot_vase:5
black-spotted,1204,1,ant_bee:1
black-to-brown,1205,1,acousticguitar_violin:1
black-white,1206,1,hotpot_vase:1
black-winged,1207,9,ant_bee:9
black-yellow,1208,7,ant_bee:7
blackberries,1209,14,hotpot_vase:14
blackberry,1210,2,cucumber_zucchini:2
blackened,1211,1,cucumber_zucchini:1
blade,1212,69,ant_bee:67|cucumber_zucchini:2
blades,1213,44,ambulance_firetruck:11|ant_bee:33
blanco,1214,7,hotpot_vase:7
blank,1215,5,ant_bee:5
blanket,1216,99,acousticguitar_violin:88|cucumber_zucchini:11
blaring,1217,1,ambulance_firetruck:1
blasting,1218,4,ambulance_firetruck:4
blasts,1219,1,ambulance_firetruck:1
blattsmouth,1220,3,ambulance_firetruck:3
blaze,1221,129,ambulance_firetruck:129
blazer,1222,7,acousticguitar_violin:7
blazing,1223,22,ambulance_firetruck:21|ant_bee:1
bleeding,1224,1,ant_bee:1
blemished,1225,2,ant_bee:1|cucumber_zucchini:1
blemishes,1226,34,cucumber_zucchini:34
blend,1227,3,acousticguitar_violin:3
blended,1228,5,hotpot_vase:5
blender,1229,29,cucumber_zucchini:24|hotpot_vase:5
blending,1230,9,acousticguitar_violin:3|ant_bee:2|cucumber_zucchini:4
blends,1231,5,acousticguitar_violin:1|ant_bee:4
blinds,1232,13,acousticguitar_violin:11|cucumber_zucchini:2
blob,1233,2,ant_bee:2
block,1234,17,acousticguitar_violin:10|ambulance_firetruck:1|cucumber_zucchini:3|hotpot_vase:3
blocked,1235,3,ambulance_firetruck:3
blocking,1236,1,ambulance_firetruck:1
blocks,1237,7,ambulance_firetruck:3|cucumber_zucchini:4
blond,1238,23,acousticguitar_violin:22|hotpot_vase:1
blond-haired,1239,2,acousticguitar_violin:2
blonde,1240,250,acousticguitar_violin:235|cucumber_zucchini:8|hotpot_vase:7
blonde-haired,1241,4,acousticguitar_violin:4
blood,1242,20,ambulance_firetruck:12|ant_bee:4|hotpot_vase:4
bloody,1243,1,ant_bee:1
bloom,1244,665,acousticguitar_violin:4|ant_bee:450|cucumber_zucchini:144|hotpot_vase:67
bloomed,1245,2,ant_bee:2
blooming,1246,207,acousticguitar_violin:12|ambulance_firetruck:5|ant_bee:88|cucumber_zucchini:81|hotpot_vase:21
blooms,1247,470,acousticguitar_violin:1|ant_bee:262|cucumber_zucchini:121|hotpot_vase:86
blossom,1248,426,acousticguitar_violin:5|ambulance_firetruck:1|ant_bee:165|cucumber_zucchini:243|hotpot_vase:12
blossoming,1249,26,ambulance_firetruck:2|ant_bee:15|cucumber_zucchini:8|hotpot_vase:1
blossoms,1250,2136,acousticguitar_violin:4|ambulance_firetruck:21|ant_bee:914|cucumber_zucchini:994|hotpot_vase:203
blouse,1251,2,acousticguitar_violin:2
blu,1252,28,ambulance_firetruck:28
blue,1253,11855,acousticguitar_violin:2491|ambulance_firetruck:3878|ant_bee:1977|cucumber_zucchini:610|hotpot_vase:2899
blue-accented,1254,3,acousticguitar_violin:3
blue-and-black,1255,3,acousticguitar_violin:2|hotpot_vase:1
blue-and-gold,1256,1,hotpot_vase:1
blue-and-green,1257,1,hotpot_vase:1
blue-and-red,1258,2,hotpot_vase:2
blue-and-white,1259,604,ambulance_firetruck:3|hotpot_vase:601
blue-background,1260,3,acousticguitar_violin:2|ant_bee:1
blue-band,1261,1,hotpot_vase:1
blue-banded,1262,42,ant_bee:41|hotpot_vase:1
blue-beaded,1263,1,hotpot_vase:1
blue-black,1264,11,acousticguitar_violin:1|ant_bee:8|hotpot_vase:2
blue-brown,1265,2,hotpot_vase:2
blue-case,1266,1,acousticguitar_violin:1
blue-checked,1267,1,ambulance_firetruck:1
blue-clad,1268,1,acousticguitar_violin:1
blue-costumed,1269,2,acousticguitar_violin:2
blue-decorated,1270,3,hotpot_vase:3
blue-eyed,1271,1,ant_bee:1
blue-eyes,1272,2,cucumber_zucchini:2
blue-flowered,1273,7,hotpot_vase:7
blue-glazed,1274,53,hotpot_vase:53
blue-gradient,1275,1,acousticguitar_violin:1
blue-gray,1276,10,acousticguitar_violin:2|ant_bee:4|hotpot_vase:4
blue-green,1277,44,acousticguitar_violin:10|ambulance_firetruck:1|ant_bee:7|hotpot_vase:26
blue-grey,1278,1,hotpot_vase:1
blue-haired,1279,12,acousticguitar_violin:12
blue-handled,1280,2,hotpot_vase:2
blue-head,1281,2,acousticguitar_violin:2
blue-headed,1282,19,acousticguitar_violin:18|ant_bee:1
blue-headstock,1283,1,acousticguitar_violin:1
blue-leaf,1284,5,hotpot_vase:5
blue-leaf-patterned,1285,2,hotpot_vase:2
blue-leafed,1286,1,hotpot_vase:1
blue-lights,1287,2,ambulance_firetruck:2
blue-lined,1288,39,acousticguitar_violin:39
blue-lit,1289,30,acousticguitar_violin:14|ant_bee:13|hotpot_vase:3
blue-necked,1290,2,hotpot_vase:2
blue-painted,1291,4,ant_bee:4
blue-patterned,1292,44,cucumber_zucchini:18|hotpot_vase:26
blue-pickguard,1293,1,acousticguitar_violin:1
blue-purple,1294,5,acousticguitar_violin:1|ant_bee:4
blue-red,1295,23,ambulance_firetruck:23
blue-rimmed,1296,10,cucumber_zucchini:1|hotpot_vase:9
blue-roses,1297,1,hotpot_vase:1
blue-sky,1298,2,ant_bee:2
blue-striped,1299,6,ambulance_firetruck:4|cucumber_zucchini:1|hotpot_vase:1
blue-themed,1300,1,hotpot_vase:1
blue-tiled,1301,4,acousticguitar_violin:1|hotpot_vase:3
blue-tinted,1302,3,ant_bee:3
blue-tipped,1303,9,acousticguitar_violin:1|ant_bee:8
blue-to-white,1304,1,acousticguitar_violin:1
blue-toned,1305,7,acousticguitar_violin:4|ant_bee:1|hotpot_vase:2
blue-trimmed,1306,1,acousticguitar_violin:1
blue-uniformed,1307,1,ambulance_firetruck:1
blue-walled,1308,4,hotpot_vase:4
blue-white,1309,34,acousticguitar_violin:4|ambulance_firetruck:6|hotpot_vase:24
blue-white-yellow,1310,1,hotpot_vase:1
blue-with,1311,1,hotpot_vase:1
blue-yellow,1312,2,hotpot_vase:2
bluebell,1313,44,ant_bee:44
bluebells,1314,8,ant_bee:8
blueberries,1315,18,ant_bee:3|cucumber_zucchini:15
blueberry,1316,26,ant_bee:26
bluebottle,1317,5,ant_bee:5
bluegrass,1318,20,acousticguitar_violin:20
blueprints,1319,1,acousticguitar_violin:1
blues,1320,12,acousticguitar_violin:9|hotpot_vase:3
bluish-purple,1321,1,ant_bee:1
blur,1322,273,acousticguitar_violin:30|ambulance_firetruck:62|ant_bee:178|cucumber_zucchini:1|hotpot_vase:2
blurred,1323,2238,acousticguitar_violin:508|ambulance_firetruck:361|ant_bee:1249|cucumber_zucchini:62|hotpot_vase:58
blurriness,1324,1,cucumber_zucchini:1
blurry,1325,88,acousticguitar_violin:16|ambulance_firetruck:11|ant_bee:45|cucumber_zucchini:10|hotpot_vase:6
blut,1326,1,ambulance_firetruck:1
board,1327,1880,acousticguitar_violin:6|ambulance_firetruck:20|cucumber_zucchini:1832|hotpot_vase:22
boarding,1328,32,ambulance_firetruck:32
boards,1329,1,cucumber_zucchini:1
boat,1330,112,acousticguitar_violin:1|ambulance_firetruck:104|cucumber_zucchini:5|hotpot_vase:2
boats,1331,109,ambulance_firetruck:8|cucumber_zucchini:101
boba,1332,1,ambulance_firetruck:1
bodies,1333,98,acousticguitar_violin:37|ant_bee:53|hotpot_vase:8
body,1334,3904,acousticguitar_violin:3098|ambulance_firetruck:23|ant_bee:611|cucumber_zucchini:1|hotpot_vase:171
boesen,1335,1,acousticguitar_violin:1
boil,1336,5,hotpot_vase:5
boiled,1337,16,cucumber_zucchini:1|hotpot_vase:15
boiler,1338,1,hotpot_vase:1
boiling,1339,164,hotpot_vase:164
boise,1340,38,ambulance_firetruck:38
bojangles,1341,15,ambulance_firetruck:15
bojangles-themed,1342,1,ambulance_firetruck:1
bok,1343,34,cucumber_zucchini:1|hotpot_vase:33
bokeh,1344,42,acousticguitar_violin:20|ant_bee:22
bokeh-filled,1345,1,ant_bee:1
bokeh-lit,1346,2,ant_bee:2
bold,1347,102,acousticguitar_violin:30|ambulance_firetruck:45|ant_bee:2|cucumber_zucchini:2|hotpot_vase:23
bolivia,1348,1,ambulance_firetruck:1
boljangles,1349,1,ambulance_firetruck:1
bollards,1350,2,ambulance_firetruck:2
bombeiros,1351,4,ambulance_firetruck:4
bombers,1352,8,ambulance_firetruck:8
bond,1353,1,acousticguitar_violin:1
bonding,1354,6,acousticguitar_violin:6
bone,1355,43,ant_bee:6|hotpot_vase:37
bone-broth,1356,1,hotpot_vase:1
bones,1357,22,acousticguitar_violin:1|ant_bee:3|hotpot_vase:18
bongos,1358,1,acousticguitar_violin:1
bonsai,1359,9,acousticguitar_violin:8|hotpot_vase:1
bony,1360,1,hotpot_vase:1
boogie,1361,5,acousticguitar_violin:5
book,1362,148,acousticguitar_violin:113|ant_bee:8|cucumber_zucchini:7|hotpot_vase:20
book-filled,1363,1,acousticguitar_violin:1
bookcase,1364,2,hotpot_vase:2
bookmarks,1365,2,hotpot_vase:2
books,1366,198,acousticguitar_violin:148|ambulance_firetruck:1|cucumber_zucchini:12|hotpot_vase:37
bookshelf,1367,71,acousticguitar_violin:63|hotpot_vase:8
bookshelves,1368,12,acousticguitar_violin:12
bookstore,1369,3,acousticguitar_violin:3
boombox,1370,7,cucumber_zucchini:7
boot,1371,40,ambulance_firetruck:15|ant_bee:11|cucumber_zucchini:4|hotpot_vase:10
booth,1372,7,ambulance_firetruck:7
boots,1373,14,acousticguitar_violin:14
borage,1374,38,ant_bee:38
borbera,1375,3,ambulance_firetruck:3
border,1376,36,acousticguitar_violin:15|ambulance_firetruck:2|ant_bee:2|cucumber_zucchini:2|hotpot_vase:15
borders,1377,7,ambulance_firetruck:1|hotpot_vase:6
born,1378,12,ambulance_firetruck:12
bossn,1379,2,acousticguitar_violin:2
boston,1380,51,ambulance_firetruck:51
botanical,1381,39,hotpot_vase:39
both,1382,54,acousticguitar_violin:18|ambulance_firetruck:13|ant_bee:3|cucumber_zucchini:16|hotpot_vase:4
bottle,1383,439,acousticguitar_violin:7|cucumber_zucchini:107|hotpot_vase:325
bottle-shaped,1384,1,hotpot_vase:1
bottles,1385,218,acousticguitar_violin:2|cucumber_zucchini:13|hotpot_vase:203
bottom,1386,11,acousticguitar_violin:3|ambulance_firetruck:1|ant_bee:1|cucumber_zucchini:2|hotpot_vase:4
boundary,1387,1,ant_bee:1
bountiful,1388,262,cucumber_zucchini:260|hotpot_vase:2
bounty,1389,22,cucumber_zucchini:22
bouquet,1390,91,acousticguitar_violin:5|hotpot_vase:86
bourguignon,1391,12,hotpot_vase:12
bout,1392,2,acousticguitar_violin:2
boutique,1393,1,acousticguitar_violin:1
bow,1394,2541,acousticguitar_violin:2455|ambulance_firetruck:6|cucumber_zucchini:5|hotpot_vase:75
bowed,1395,2,acousticguitar_violin:2
bower,1396,3,ambulance_firetruck:3
bowing,1397,7,acousticguitar_violin:7
bowl,1398,3246,acousticguitar_violin:12|ant_bee:33|cucumber_zucchini:1172|hotpot_vase:2029
bowl's,1399,1,ant_bee:1
bowl-arranged,1400,1,cucumber_zucchini:1
bowls,1401,178,acousticguitar_violin:14|cucumber_zucchini:64|hotpot_vase:100
bows,1402,128,acousticguitar_violin:103|hotpot_vase:25
bowtie,1403,1,cucumber_zucchini:1
box,1404,426,acousticguitar_violin:115|ant_bee:5|cucumber_zucchini:253|hotpot_vase:53
box-filled,1405,25,acousticguitar_violin:25
box-lined,1406,1,acousticguitar_violin:1
boxed,1407,7,acousticguitar_violin:7
boxes,1408,152,acousticguitar_violin:56|ambulance_firetruck:1|cucumber_zucchini:71|hotpot_vase:24
boy,1409,676,acousticguitar_violin:537|ambulance_firetruck:60|cucumber_zucchini:56|hotpot_vase:23
boys,1410,58,acousticguitar_violin:24|ambulance_firetruck:34
br10,1411,12,ambulance_firetruck:12
braccio,1412,17,acousticguitar_violin:17
brace,1413,2,ambulance_firetruck:2
bracelet,1414,9,acousticguitar_violin:1|ant_bee:5|cucumber_zucchini:3
bracelets,1415,8,acousticguitar_violin:6|hotpot_vase:2
bracing,1416,2,acousticguitar_violin:2
bract,1417,2,ant_bee:2
bracts,1418,15,ant_bee:15
braided,1419,24,acousticguitar_violin:2|ant_bee:22
braised,1420,108,hotpot_vase:108
branch,1421,709,ant_bee:657|hotpot_vase:52
branches,1422,209,acousticguitar_violin:1|ambulance_firetruck:9|ant_bee:49|hotpot_vase:150
brand,1423,229,acousticguitar_violin:176|ambulance_firetruck:17|cucumber_zucchini:34|hotpot_vase:2
branded,1424,22,acousticguitar_violin:13|ambulance_firetruck:8|hotpot_vase:1
branding,1425,276,acousticguitar_violin:26|ambulance_firetruck:246|hotpot_vase:4
brandvæsen,1426,4,ambulance_firetruck:4
brandweer,1427,1,ambulance_firetruck:1
brass,1428,104,acousticguitar_violin:26|ambulance_firetruck:26|hotpot_vase:52
brava,1429,2,ambulance_firetruck:2
brc,1430,1,ambulance_firetruck:1
bread,1431,574,acousticguitar_violin:7|ant_bee:39|cucumber_zucchini:268|hotpot_vase:260
breadcrumbs,1432,21,cucumber_zucchini:21
breaded,1433,15,cucumber_zucchini:15
breadsticks,1434,5,cucumber_zucchini:5
breakfast,1435,4,cucumber_zucchini:4
breast,1436,4,cucumber_zucchini:4
breasts,1437,16,cucumber_zucchini:15|hotpot_vase:1
breath,1438,61,hotpot_vase:61
breathing,1439,1,ant_bee:1
breeches,1440,14,ambulance_firetruck:14
breeze,1441,1,ant_bee:1
bremen,1442,19,ambulance_firetruck:19
brick,1443,1399,acousticguitar_violin:239|ambulance_firetruck:930|ant_bee:109|cucumber_zucchini:69|hotpot_vase:52
brick-building,1444,1,ambulance_firetruck:1
brick-supported,1445,1,hotpot_vase:1
brick-walled,1446,3,acousticguitar_violin:1|ambulance_firetruck:2
brickpath,1447,1,acousticguitar_violin:1
bricks,1448,10,ambulance_firetruck:2|ant_bee:5|cucumber_zucchini:2|hotpot_vase:1
brickwall,1449,2,cucumber_zucchini:2
bride,1450,43,acousticguitar_violin:27|ambulance_firetruck:16
bride's,1451,4,acousticguitar_violin:4
bridge,1452,1341,acousticguitar_violin:1071|ambulance_firetruck:254|ant_bee:16
brigade,1453,36,ambulance_firetruck:36
brigades,1454,2,ambulance_firetruck:2
bright,1455,1641,acousticguitar_violin:122|ambulance_firetruck:593|ant_bee:718|cucumber_zucchini:163|hotpot_vase:45
brightening,1456,1,hotpot_vase:1
brightly,1457,34,acousticguitar_violin:7|ambulance_firetruck:8|ant_bee:1|cucumber_zucchini:13|hotpot_vase:5
brimming,1458,1,cucumber_zucchini:1
brine,1459,39,cucumber_zucchini:39
briny,1460,1,cucumber_zucchini:1
bristles,1461,14,ant_bee:14
british,1462,9,ambulance_firetruck:9
broad,1463,47,ant_bee:2|cucumber_zucchini:45
broadly,1464,1,cucumber_zucchini:1
broads,1465,8,ambulance_firetruck:8
broccoli,1466,218,cucumber_zucchini:177|hotpot_vase:41
broccoli-carrot,1467,2,cucumber_zucchini:2
broccoli-in,1468,1,cucumber_zucchini:1
broken,1469,161,acousticguitar_violin:70|ambulance_firetruck:39|ant_bee:26|cucumber_zucchini:17|hotpot_vase:9
bromeliads,1470,11,hotpot_vase:11
bronto,1471,3,ambulance_firetruck:3
bronx,1472,1,ambulance_firetruck:1
bronze,1473,120,acousticguitar_violin:2|hotpot_vase:118
bronze-colored,1474,1,hotpot_vase:1
brooch,1475,16,acousticguitar_violin:16
brood,1476,1,ant_bee:1
brooklyn,1477,6,acousticguitar_violin:1|ambulance_firetruck:5
brookville,1478,1,ambulance_firetruck:1
broom,1479,2,ambulance_firetruck:2
broth,1480,2849,cucumber_zucchini:1|hotpot_vase:2848
broth-based,1481,2,hotpot_vase:2
broth-creamy,1482,1,hotpot_vase:1
broth-filled,1483,3,hotpot_vase:3
broth-spicy,1484,1,hotpot_vase:1
brotherhood,1485,1,acousticguitar_violin:1
brothers,1486,25,acousticguitar_violin:24|ambulance_firetruck:1
broths,1487,409,hotpot_vase:409
brown,1488,2704,acousticguitar_violin:729|ambulance_firetruck:47|ant_bee:964|cucumber_zucchini:77|hotpot_vase:887
brown-black,1489,2,ant_bee:2
brown-glazed,1490,2,hotpot_vase:2
brown-gray,1491,1,hotpot_vase:1
brown-headed,1492,2,ant_bee:2
brown-on,1493,1,acousticguitar_violin:1
brown-orange,1494,1,hotpot_vase:1
brown-rimmed,1495,4,cucumber_zucchini:1|hotpot_vase:3
browned,1496,3,cucumber_zucchini:3
browning,1497,5,cucumber_zucchini:1|hotpot_vase:4
brownish,1498,1,ant_bee:1
browns,1499,4,acousticguitar_violin:2|hotpot_vase:2
brows,1500,1,cucumber_zucchini:1
browsing,1501,11,acousticguitar_violin:10|cucumber_zucchini:1
bruised,1502,2,ant_bee:1|cucumber_zucchini:1
brush,1503,17,acousticguitar_violin:15|ambulance_firetruck:1|cucumber_zucchini:1
brush-stroke,1504,1,acousticguitar_violin:1
brush-stroked,1505,1,acousticguitar_violin:1
brushstroke,1506,1,acousticguitar_violin:1
brushwork,1507,2,acousticguitar_violin:2
brussels,1508,8,cucumber_zucchini:3|hotpot_vase:5
bryant,1509,2,ambulance_firetruck:2
bubble,1510,48,acousticguitar_violin:4|ambulance_firetruck:14|ant_bee:16|hotpot_vase:14
bubble-covered,1511,2,ant_bee:2
bubble-like,1512,2,ant_bee:1|cucumber_zucchini:1
bubbles,1513,100,ant_bee:74|cucumber_zucchini:11|hotpot_vase:15
bubbling,1514,174,ant_bee:5|hotpot_vase:169
bubbly,1515,14,ant_bee:7|cucumber_zucchini:2|hotpot_vase:5
bucey,1516,1,acousticguitar_violin:1
bucket,1517,22,ambulance_firetruck:2|ant_bee:3|cucumber_zucchini:17
buckets,1518,16,cucumber_zucchini:8|hotpot_vase:8
buckey,1519,2,acousticguitar_violin:2
buckled,1520,5,cucumber_zucchini:5
bucko,1521,1,acousticguitar_violin:1
bucky,1522,1,acousticguitar_violin:1
bud,1523,796,acousticguitar_violin:1|ant_bee:793|cucumber_zucchini:1|hotpot_vase:1
buddhist,1524,3,hotpot_vase:3
buddies,1525,1,acousticguitar_violin:1
budding,1526,16,ant_bee:13|cucumber_zucchini:3
buddy,1527,16,acousticguitar_violin:16
buds,1528,427,ant_bee:371|cucumber_zucchini:21|hotpot_vase:35
buffet,1529,39,hotpot_vase:39
buffet-style,1530,3,hotpot_vase:3
bug,1531,126,ant_bee:119|cucumber_zucchini:7
bugs,1532,30,ant_bee:30
build,1533,9,ant_bee:9
building,1534,2908,acousticguitar_violin:41|ambulance_firetruck:2803|ant_bee:25|cucumber_zucchini:12|hotpot_vase:27
buildings,1535,520,acousticguitar_violin:9|ambulance_firetruck:503|ant_bee:6|hotpot_vase:2
built-in,1536,106,acousticguitar_violin:106
bulb,1537,4,ant_bee:2|cucumber_zucchini:2
bulbous,1538,70,ant_bee:4|cucumber_zucchini:18|hotpot_vase:48
buldesio,1539,1,ambulance_firetruck:1
bulging,1540,1,ant_bee:1
bull,1541,33,acousticguitar_violin:19|ambulance_firetruck:1|hotpot_vase:13
bulldozer,1542,4,ambulance_firetruck:4
bulo,1543,1,ambulance_firetruck:1
bumper,1544,20,acousticguitar_violin:1|ambulance_firetruck:19
bumps,1545,37,ant_bee:3|cucumber_zucchini:33|hotpot_vase:1
bumpy,1546,435,ant_bee:6|cucumber_zucchini:429
bumpy-skinned,1547,1,cucumber_zucchini:1
bun,1548,7,cucumber_zucchini:7
bunch,1549,16,cucumber_zucchini:16
bunches,1550,1,cucumber_zucchini:1
bundle,1551,9,acousticguitar_violin:7|cucumber_zucchini:2
bundled,1552,14,cucumber_zucchini:14
bunny,1553,22,acousticguitar_violin:19|cucumber_zucchini:3
buns,1554,8,cucumber_zucchini:7|hotpot_vase:1
buon,1555,1,ambulance_firetruck:1
buondesio,1556,1,ambulance_firetruck:1
buoyant,1557,1,ant_bee:1
buras,1558,14,ambulance_firetruck:14
burger,1559,13,ambulance_firetruck:11|cucumber_zucchini:2
burgers,1560,17,cucumber_zucchini:17
burgundy,1561,33,acousticguitar_violin:11|hotpot_vase:22
burgundy-lined,1562,1,acousticguitar_violin:1
buried,1563,3,ant_bee:3
burlap,1564,29,cucumber_zucchini:25|hotpot_vase:4
burn,1565,5,ambulance_firetruck:3|hotpot_vase:2
burned,1566,4,ambulance_firetruck:4
burned-out,1567,1,ambulance_firetruck:1
burner,1568,122,hotpot_vase:122
burners,1569,15,cucumber_zucchini:15
burning,1570,41,ambulance_firetruck:37|ant_bee:4
burnt,1571,23,ambulance_firetruck:19|hotpot_vase:4
burpless,1572,7,cucumber_zucchini:7
burrito,1573,6,cucumber_zucchini:6
burrow,1574,38,ant_bee:38
burrowed,1575,1,ant_bee:1
burrowing,1576,2,ant_bee:2
burrows,1577,1,ant_bee:1
burst,1578,7,acousticguitar_violin:3|ant_bee:1|hotpot_vase:3
bursting,1579,1,hotpot_vase:1
buruli,1580,2,ambulance_firetruck:2
bus,1581,200,ambulance_firetruck:200
buses,1582,56,ambulance_firetruck:56
bush,1583,53,acousticguitar_violin:1|ambulance_firetruck:5|ant_bee:15|cucumber_zucchini:29|hotpot_vase:3
bushes,1584,22,ambulance_firetruck:22
busily,1585,3,ant_bee:3
business,1586,2,ambulance_firetruck:2
businesses,1587,1,ambulance_firetruck:1
busnago,1588,7,ambulance_firetruck:7
bustling,1589,273,acousticguitar_violin:9|ambulance_firetruck:19|ant_bee:152|cucumber_zucchini:91|hotpot_vase:2
busy,1590,288,acousticguitar_violin:12|ambulance_firetruck:125|ant_bee:141|cucumber_zucchini:1|hotpot_vase:9
but,1591,7,acousticguitar_violin:2|ambulance_firetruck:1|ant_bee:2|cucumber_zucchini:1|hotpot_vase:1
butter,1592,5,cucumber_zucchini:4|hotpot_vase:1
buttercup,1593,2,ant_bee:2
buttered,1594,3,hotpot_vase:3
butterflies,1595,35,acousticguitar_violin:6|ant_bee:1|hotpot_vase:28
butterfly,1596,193,acousticguitar_violin:4|ant_bee:133|hotpot_vase:56
buttery,1597,3,hotpot_vase:3
button,1598,1,hotpot_vase:1
buttons,1599,48,acousticguitar_violin:1|ant_bee:16|hotpot_vase:31
buying,1600,4,cucumber_zucchini:4
buys,1601,3,cucumber_zucchini:3
buzz,1602,12,ant_bee:12
buzzes,1603,9,ant_bee:9
buzzing,1604,140,ant_bee:140
by,1605,3717,acousticguitar_violin:985|ambulance_firetruck:905|ant_bee:549|cucumber_zucchini:712|hotpot_vase:566
bystander,1606,5,ambulance_firetruck:5
bystanders,1607,52,ambulance_firetruck:52
byungil,1608,11,acousticguitar_violin:11
bösch,1609,1,acousticguitar_violin:1
bössen,1610,1,acousticguitar_violin:1
c,1611,2,acousticguitar_violin:2
c-11,1612,3,ambulance_firetruck:3
c-180,1613,6,acousticguitar_violin:6
c-3po,1614,2,cucumber_zucchini:2
c-fabh,1615,1,ambulance_firetruck:1
c-fkcf,1616,1,ambulance_firetruck:1
c.a.i,1617,2,ambulance_firetruck:2
c.f.d,1618,11,ambulance_firetruck:11
c.o.s.p,1619,9,ambulance_firetruck:9
c.s,1620,1,acousticguitar_violin:1
c.v.f.d,1621,6,ambulance_firetruck:6
c28,1622,3,ambulance_firetruck:3
cab,1623,85,ambulance_firetruck:83|cucumber_zucchini:2
cabb,1624,1,cucumber_zucchini:1
cabbage,1625,257,cucumber_zucchini:82|hotpot_vase:175
cabin,1626,31,acousticguitar_violin:16|ambulance_firetruck:15
cabinet,1627,131,acousticguitar_violin:97|cucumber_zucchini:1|hotpot_vase:33
cabinetry,1628,1,acousticguitar_violin:1
cabinets,1629,6,ambulance_firetruck:5|hotpot_vase:1
cable,1630,91,acousticguitar_violin:88|ant_bee:3
cables,1631,48,acousticguitar_violin:48
cabs,1632,7,ambulance_firetruck:7
cacti,1633,4,ant_bee:4
cactus,1634,126,ant_bee:126
cadillac,1635,5,ambulance_firetruck:5
caduceus,1636,20,ambulance_firetruck:20
cafe,1637,15,acousticguitar_violin:13|hotpot_vase:2
cafe-lined,1638,1,ambulance_firetruck:1
cafes,1639,8,ambulance_firetruck:8
caffè,1640,6,cucumber_zucchini:6
café,1641,13,acousticguitar_violin:7|ambulance_firetruck:1|hotpot_vase:5
cage,1642,2,ambulance_firetruck:1|cucumber_zucchini:1
cages,1643,13,ambulance_firetruck:1|hotpot_vase:12
cajon,1644,7,ambulance_firetruck:7
cake,1645,155,acousticguitar_violin:120|ambulance_firetruck:20|cucumber_zucchini:14|hotpot_vase:1
cakes,1646,18,acousticguitar_violin:7|cucumber_zucchini:2|hotpot_vase:9
cal,1647,18,ambulance_firetruck:18
calico,1648,1,hotpot_vase:1
california,1649,8,ambulance_firetruck:8
call,1650,4,ambulance_firetruck:3|hotpot_vase:1
call-to-action,1651,1,ambulance_firetruck:1
calla,1652,37,ant_bee:20|hotpot_vase:17
calligraphy,1653,88,hotpot_vase:88
calm,1654,8,acousticguitar_violin:5|ambulance_firetruck:1|ant_bee:1|hotpot_vase:1
calmly,1655,9,acousticguitar_violin:1|ant_bee:8
calzone,1656,1,cucumber_zucchini:1
camaraderie,1657,20,acousticguitar_violin:16|ambulance_firetruck:1|hotpot_vase:3
cambridge,1658,31,ambulance_firetruck:31
camden,1659,9,ambulance_firetruck:9
camellia,1660,6,ant_bee:6
camera,1661,156,acousticguitar_violin:80|ambulance_firetruck:10|ant_bee:9|cucumber_zucchini:46|hotpot_vase:11
cameraman,1662,1,ambulance_firetruck:1
cameras,1663,16,acousticguitar_violin:15|ambulance_firetruck:1
camille,1664,1,ambulance_firetruck:1
camiva,1665,1,ambulance_firetruck:1
camo,1666,10,ambulance_firetruck:10
camouflage,1667,24,ambulance_firetruck:20|ant_bee:4
camouflaged,1668,17,ambulance_firetruck:13|ant_bee:4
camouflages,1669,2,ant_bee:2
camp,1670,6,ambulance_firetruck:6
campaign,1671,31,ambulance_firetruck:31
campbell's,1672,6,ambulance_firetruck:6
camper,1673,24,ambulance_firetruck:24
campfire,1674,72,acousticguitar_violin:2|hotpot_vase:70
campfire-steam,1675,1,hotpot_vase:1
campo,1676,14,ambulance_firetruck:14
camponotus,1677,2,ant_bee:2
campsite,1678,5,ambulance_firetruck:5
campus,1679,1,ambulance_firetruck:1
can,1680,126,acousticguitar_violin:35|ambulance_firetruck:1|ant_bee:1|cucumber_zucchini:85|hotpot_vase:4
canada,1681,6,ambulance_firetruck:6
canadian,1682,39,acousticguitar_violin:32|ambulance_firetruck:7
canal,1683,18,ambulance_firetruck:18
canapés,1684,2,cucumber_zucchini:2
candied,1685,1,cucumber_zucchini:1
candies,1686,22,hotpot_vase:22
candle,1687,53,cucumber_zucchini:1|hotpot_vase:52
candleholders,1688,5,hotpot_vase:5
candlelight,1689,19,acousticguitar_violin:5|hotpot_vase:14
candlelit,1690,13,acousticguitar_violin:5|hotpot_vase:8
candles,1691,135,acousticguitar_violin:20|cucumber_zucchini:3|hotpot_vase:112
candles-charming,1692,1,hotpot_vase:1
candles-whimsical,1693,1,hotpot_vase:1
candlestick,1694,17,hotpot_vase:17
candlesticks,1695,1,hotpot_vase:1
candy,1696,52,ant_bee:34|hotpot_vase:18
canine,1697,2,hotpot_vase:2
cannabis,1698,3,acousticguitar_violin:3
canned,1699,37,cucumber_zucchini:37
cannon,1700,15,ambulance_firetruck:15
canola,1701,1,ant_bee:1
canopy,1702,44,acousticguitar_violin:3|ambulance_firetruck:37|ant_bee:1|cucumber_zucchini:3
cans,1703,19,acousticguitar_violin:11|ant_bee:2|hotpot_vase:6
canvas,1704,2,acousticguitar_violin:1|ambulance_firetruck:1
cap,1705,95,acousticguitar_violin:69|ambulance_firetruck:2|ant_bee:2|cucumber_zucchini:14|hotpot_vase:8
caper,1706,2,cucumber_zucchini:2
capers,1707,3,cucumber_zucchini:3
capo,1708,39,acousticguitar_violin:39
capote,1709,1,hotpot_vase:1
capped,1710,1,ant_bee:1
caps,1711,4,hotpot_vase:4
capsules,1712,7,ant_bee:7
caption,1713,8,acousticguitar_violin:8
captioned,1714,3,acousticguitar_violin:3
captivated,1715,1,ambulance_firetruck:1
captivating,1716,1,acousticguitar_violin:1
capture,1717,4,acousticguitar_violin:2|ant_bee:2
captured,1718,76,acousticguitar_violin:23|ambulance_firetruck:5|ant_bee:47|cucumber_zucchini:1
captures,1719,13,acousticguitar_violin:3|ambulance_firetruck:2|ant_bee:7|cucumber_zucchini:1
capturing,1720,20,acousticguitar_violin:2|ant_bee:18
car,1721,831,acousticguitar_violin:38|ambulance_firetruck:693|ant_bee:18|cucumber_zucchini:67|hotpot_vase:15
car's,1722,1,cucumber_zucchini:1
car-themed,1723,2,hotpot_vase:2
carafe,1724,1,hotpot_vase:1
caramel,1725,1,hotpot_vase:1
caramelized,1726,9,cucumber_zucchini:8|hotpot_vase:1
carbon,1727,15,acousticguitar_violin:15
carbon-fiber,1728,7,acousticguitar_violin:7
carcass,1729,113,ant_bee:113
card,1730,15,acousticguitar_violin:2|ant_bee:1|cucumber_zucchini:10|hotpot_vase:2
cardboard,1731,157,acousticguitar_violin:44|ant_bee:1|cucumber_zucchini:98|hotpot_vase:14
cardigan,1732,2,acousticguitar_violin:2
cards,1733,2,acousticguitar_violin:1|hotpot_vase:1
care,1734,81,acousticguitar_violin:7|ambulance_firetruck:74
careful,1735,1,acousticguitar_violin:1
carefully,1736,18,acousticguitar_violin:18
carencreo,1737,1,ambulance_firetruck:1
carencro,1738,11,ambulance_firetruck:11
carenncro,1739,1,ambulance_firetruck:1
carenro,1740,5,ambulance_firetruck:5
cargo,1741,16,ambulance_firetruck:16
caring,1742,5,ambulance_firetruck:5
carmel,1743,2,ambulance_firetruck:2
carmel-clay,1744,5,ambulance_firetruck:5
carnation,1745,7,ant_bee:7
carnations,1746,75,hotpot_vase:75
carne,1747,15,hotpot_vase:15
carnivorous,1748,15,ant_bee:15
caron,1749,1,ambulance_firetruck:1
carousel,1750,4,ant_bee:4
carpenter,1751,39,ant_bee:39
carpenterville,1752,5,ambulance_firetruck:5
carpet,1753,802,acousticguitar_violin:705|ambulance_firetruck:31|ant_bee:26|cucumber_zucchini:8|hotpot_vase:32
carpeted,1754,151,acousticguitar_violin:138|cucumber_zucchini:6|hotpot_vase:7
carport,1755,1,ambulance_firetruck:1
carquinez,1756,12,ambulance_firetruck:12
carriage,1757,21,ambulance_firetruck:21
carried,1758,5,ambulance_firetruck:5
carrier,1759,1,ambulance_firetruck:1
carries,1760,228,acousticguitar_violin:1|ambulance_firetruck:31|ant_bee:196
carrot,1761,198,ant_bee:2|cucumber_zucchini:173|hotpot_vase:23
carrots,1762,1900,cucumber_zucchini:679|hotpot_vase:1221
carrots-on,1763,1,cucumber_zucchini:1
carry,1764,156,ambulance_firetruck:1|ant_bee:155
carrying,1765,1765,ambulance_firetruck:30|ant_bee:1735
cars,1766,374,acousticguitar_violin:4|ambulance_firetruck:351|ant_bee:8|cucumber_zucchini:11
cart,1767,47,ambulance_firetruck:1|cucumber_zucchini:31|hotpot_vase:15
cartoon,1768,34,acousticguitar_violin:12|ambulance_firetruck:1|ant_bee:1|hotpot_vase:20
cartoon-style,1769,2,acousticguitar_violin:2
cartoonish,1770,8,acousticguitar_violin:6|hotpot_vase:2
carved,1771,415,acousticguitar_violin:105|ant_bee:1|cucumber_zucchini:33|hotpot_vase:276
carving,1772,90,acousticguitar_violin:11|cucumber_zucchini:3|hotpot_vase:76
carvings,1773,96,acousticguitar_violin:6|ant_bee:10|hotpot_vase:80
cascade,1774,10,ambulance_firetruck:2|hotpot_vase:8
cascading,1775,11,ambulance_firetruck:1|cucumber_zucchini:1|hotpot_vase:9
case,1776,3185,acousticguitar_violin:3148|ant_bee:3|hotpot_vase:34
cases,1777,139,acousticguitar_violin:139
cashews,1778,14,cucumber_zucchini:11|hotpot_vase:3
casino,1779,12,ambulance_firetruck:12
casino-themed,1780,3,ambulance_firetruck:3
casserole,1781,31,cucumber_zucchini:7|hotpot_vase:24
cast,1782,98,acousticguitar_violin:10|ant_bee:3|cucumber_zucchini:13|hotpot_vase:72
cast-iron,1783,71,cucumber_zucchini:1|hotpot_vase:70
casting,1784,234,acousticguitar_violin:90|ambulance_firetruck:3|ant_bee:101|cucumber_zucchini:6|hotpot_vase:34
castle,1785,7,ambulance_firetruck:7
casts,1786,29,acousticguitar_violin:16|ambulance_firetruck:1|ant_bee:9|hotpot_vase:3
casual,1787,37,acousticguitar_violin:21|hotpot_vase:16
casually,1788,10,acousticguitar_violin:9|cucumber_zucchini:1
casualty,1789,1,ambulance_firetruck:1
cat,1790,263,acousticguitar_violin:99|ambulance_firetruck:1|cucumber_zucchini:83|hotpot_vase:80
cat-themed,1791,3,hotpot_vase:3
catches,1792,3,ant_bee:3
catching,1793,3,ant_bee:2|hotpot_vase:1
caterpillar,1794,172,ant_bee:172
caterpillars,1795,2,ant_bee:2
cathedral,1796,19,acousticguitar_violin:7|ambulance_firetruck:1|hotpot_vase:11
catholic,1797,2,ambulance_firetruck:2
catkin,1798,32,ant_bee:32
catkins,1799,7,ant_bee:7
caught,1800,2,ant_bee:2
cauldron,1801,3,hotpot_vase:3
cauldrons,1802,7,hotpot_vase:7
cauliflower,1803,47,cucumber_zucchini:46|hotpot_vase:1
causing,1804,1,ambulance_firetruck:1
caution,1805,9,ambulance_firetruck:9
cave,1806,12,ambulance_firetruck:10|ant_bee:2
cavities,1807,2,cucumber_zucchini:2
cavity,1808,36,ant_bee:14|cucumber_zucchini:22
ccd,1809,3,ant_bee:3
cctv,1810,3,acousticguitar_violin:3
cd,1811,42,acousticguitar_violin:42
cds,1812,27,acousticguitar_violin:27
cedar,1813,29,acousticguitar_violin:29
ceiling,1814,21,acousticguitar_violin:4|ambulance_firetruck:3|ant_bee:9|hotpot_vase:5
celadon,1815,31,hotpot_vase:31
celebrants,1816,3,ambulance_firetruck:3
celebrate,1817,4,acousticguitar_violin:2|ambulance_firetruck:2
celebrating,1818,10,ambulance_firetruck:10
celebration,1819,87,acousticguitar_violin:21|ambulance_firetruck:64|hotpot_vase:2
celebratory,1820,9,acousticguitar_violin:4|ambulance_firetruck:2|hotpot_vase:3
celery,1821,90,cucumber_zucchini:35|hotpot_vase:55
celestial,1822,4,hotpot_vase:4
cell,1823,18,ant_bee:16|cucumber_zucchini:2
cell-like,1824,1,hotpot_vase:1
cellist,1825,6,acousticguitar_violin:6
cello,1826,513,acousticguitar_violin:513
cello's,1827,3,acousticguitar_violin:3
cello-performance,1828,1,acousticguitar_violin:1
cellos,1829,61,acousticguitar_violin:61
cells,1830,47,ant_bee:40|cucumber_zucchini:7
cellular,1831,28,cucumber_zucchini:28
celtic,1832,16,acousticguitar_violin:1|hotpot_vase:15
celtic-patterned,1833,5,hotpot_vase:5
centenary,1834,1,ambulance_firetruck:1
centennial,1835,1,ambulance_firetruck:1
center,1836,1306,acousticguitar_violin:8|ambulance_firetruck:41|ant_bee:1195|cucumber_zucchini:45|hotpot_vase:17
centered,1837,30,acousticguitar_violin:24|ant_bee:3|hotpot_vase:3
centerpiece,1838,55,cucumber_zucchini:9|hotpot_vase:46
centers,1839,145,ant_bee:103|cucumber_zucchini:28|hotpot_vase:14
centipede,1840,1,ant_bee:1
central,1841,100,acousticguitar_violin:5|ambulance_firetruck:7|ant_bee:5|cucumber_zucchini:2|hotpot_vase:81
central汤圆,1842,1,hotpot_vase:1
centre,1843,1,ambulance_firetruck:1
centro,1844,23,ambulance_firetruck:23
cents,1845,12,cucumber_zucchini:12
century,1846,1,ambulance_firetruck:1
cephalothorax,1847,3,ant_bee:3
cer,1848,1,hotpot_vase:1
ceramic,1849,5712,acousticguitar_violin:5|cucumber_zucchini:35|hotpot_vase:5672
ceramics,1850,36,hotpot_vase:36
ceramicware,1851,1,hotpot_vase:1
ceremonial,1852,17,ambulance_firetruck:2|hotpot_vase:15
ceremony,1853,45,acousticguitar_violin:8|ambulance_firetruck:35|hotpot_vase:2
cerrito,1854,13,ambulance_firetruck:13
certified,1855,2,cucumber_zucchini:2
ceylon,1856,13,ambulance_firetruck:13
cfa,1857,9,ambulance_firetruck:9
ch-5276,1858,2,ambulance_firetruck:2
cha,1859,1,hotpot_vase:1
cha-heaton,1860,1,hotpot_vase:1
cha-heaven,1861,2,hotpot_vase:2
cha-heavon,1862,1,hotpot_vase:1
cha-ne,1863,1,hotpot_vase:1
chad,1864,7,acousticguitar_violin:7
chafing,1865,1,hotpot_vase:1
chain,1866,38,acousticguitar_violin:17|ambulance_firetruck:1|ant_bee:18|cucumber_zucchini:2
chain-adorned,1867,3,acousticguitar_violin:3
chain-like,1868,3,ant_bee:2|hotpot_vase:1
chain-link,1869,58,ambulance_firetruck:38|ant_bee:16|cucumber_zucchini:4
chainlink,1870,1,ant_bee:1
chains,1871,21,acousticguitar_violin:6|ambulance_firetruck:15
chair,1872,460,acousticguitar_violin:379|ambulance_firetruck:5|cucumber_zucchini:48|hotpot_vase:28
chairs,1873,91,acousticguitar_violin:39|ambulance_firetruck:15|hotpot_vase:37
chalice,1874,17,hotpot_vase:17
chalkboard,1875,5,acousticguitar_violin:1|cucumber_zucchini:4
chamber,1876,19,acousticguitar_violin:15|ant_bee:3|hotpot_vase:1
chambers,1877,2,ant_bee:1|cucumber_zucchini:1
champion,1878,2,acousticguitar_violin:2
chandelier,1879,18,hotpot_vase:18
chandeliers,1880,3,hotpot_vase:3
chaos,1881,38,acousticguitar_violin:3|ambulance_firetruck:22|ant_bee:12|hotpot_vase:1
chaotic,1882,6,ambulance_firetruck:1|ant_bee:3|hotpot_vase:2
chapel,1883,11,ambulance_firetruck:11
char,1884,31,acousticguitar_violin:2|cucumber_zucchini:29
character,1885,30,ant_bee:1|cucumber_zucchini:4|hotpot_vase:25
characters,1886,85,acousticguitar_violin:1|ambulance_firetruck:10|cucumber_zucchini:10|hotpot_vase:64
charcoal,1887,15,cucumber_zucchini:7|hotpot_vase:8
chariot,1888,25,hotpot_vase:25
charity,1889,1,ambulance_firetruck:1
charité,1890,1,ambulance_firetruck:1
charles,1891,1,acousticguitar_violin:1
charleston,1892,25,ambulance_firetruck:25
charlotte,1893,3,ambulance_firetruck:3
charlton,1894,10,ambulance_firetruck:10
charm,1895,66,acousticguitar_violin:35|ambulance_firetruck:3|ant_bee:3|cucumber_zucchini:1|hotpot_vase:24
charming,1896,3,acousticguitar_violin:1|hotpot_vase:2
charms,1897,1,ant_bee:1
charred,1898,42,ambulance_firetruck:3|ant_bee:1|cucumber_zucchini:34|hotpot_vase:4
chart,1899,28,acousticguitar_violin:28
chassis,1900,19,ambulance_firetruck:19
chatham-kent,1901,5,ambulance_firetruck:5
chatting,1902,4,acousticguitar_violin:4
chayote,1903,11,cucumber_zucchini:11
check,1904,1,hotpot_vase:1
checkerboard,1905,1,ambulance_firetruck:1
checkered,1906,590,acousticguitar_violin:47|ambulance_firetruck:324|ant_bee:13|cucumber_zucchini:123|hotpot_vase:83
checkers,1907,87,ambulance_firetruck:87
checking,1908,3,ambulance_firetruck:3
checks,1909,13,ambulance_firetruck:13
cheek,1910,6,acousticguitar_violin:6
cheer,1911,5,acousticguitar_violin:1|ambulance_firetruck:4
cheerful,1912,14,acousticguitar_violin:1|ambulance_firetruck:1|cucumber_zucchini:4|hotpot_vase:8
cheering,1913,4,ambulance_firetruck:4
cheerleaders,1914,15,ambulance_firetruck:15
cheers,1915,1,ambulance_firetruck:1
cheese,1916,312,acousticguitar_violin:3|cucumber_zucchini:266|hotpot_vase:43
cheese-covered,1917,2,cucumber_zucchini:1|hotpot_vase:1
cheesy,1918,93,cucumber_zucchini:73|hotpot_vase:20
chef,1919,5,cucumber_zucchini:4|hotpot_vase:1
chemical-free,1920,18,cucumber_zucchini:18
chequered,1921,3,ambulance_firetruck:3
chequers,1922,5,ambulance_firetruck:5
cherries,1923,10,cucumber_zucchini:10
cherry,1924,388,acousticguitar_violin:12|ambulance_firetruck:8|ant_bee:24|cucumber_zucchini:324|hotpot_vase:20
cherub,1925,22,hotpot_vase:22
cherub-decorated,1926,3,hotpot_vase:3
cherubic,1927,1,hotpot_vase:1
cherubs,1928,16,hotpot_vase:16
chest,1929,18,acousticguitar_violin:5|cucumber_zucchini:11|hotpot_vase:2
chestnut,1930,5,ambulance_firetruck:5
chevrolet,1931,4,ambulance_firetruck:4
chevron,1932,7,hotpot_vase:7
chevrons,1933,13,ambulance_firetruck:13
chewed,1934,1,ant_bee:1
chewing,1935,20,ant_bee:5|cucumber_zucchini:15
chicago,1936,151,ambulance_firetruck:151
chicken,1937,1280,cucumber_zucchini:273|hotpot_vase:1007
chicken-stew,1938,1,hotpot_vase:1
chickens,1939,12,hotpot_vase:12
chickpea,1940,83,cucumber_zucchini:9|hotpot_vase:74
chickpea-braised,1941,1,hotpot_vase:1
chickpeas,1942,85,cucumber_zucchini:28|hotpot_vase:57
chicory,1943,1,ant_bee:1
child,1944,1420,acousticguitar_violin:648|ambulance_firetruck:371|ant_bee:51|cucumber_zucchini:315|hotpot_vase:35
child's,1945,43,acousticguitar_violin:12|ambulance_firetruck:1|ant_bee:3|cucumber_zucchini:27
child-focused,1946,1,ambulance_firetruck:1
child-friendly,1947,2,ambulance_firetruck:2
child-sized,1948,1,ambulance_firetruck:1
childhood,1949,3,acousticguitar_violin:3
childlike,1950,1,hotpot_vase:1
children,1951,734,acousticguitar_violin:437|ambulance_firetruck:277|cucumber_zucchini:19|hotpot_vase:1
children's,1952,109,ambulance_firetruck:109
chile,1953,1,ambulance_firetruck:1
chile's,1954,1,ambulance_firetruck:1
chilean,1955,3,ambulance_firetruck:3
chili,1956,624,cucumber_zucchini:111|hotpot_vase:513
chili-garlic,1957,2,cucumber_zucchini:2
chili-infused,1958,1,hotpot_vase:1
chili-laden,1959,7,hotpot_vase:7
chili-red,1960,1,hotpot_vase:1
chili-rich,1961,3,hotpot_vase:3
chilies,1962,124,cucumber_zucchini:23|hotpot_vase:101
chimney,1963,33,ambulance_firetruck:2|hotpot_vase:31
chin,1964,57,acousticguitar_violin:56|hotpot_vase:1
china,1965,6,hotpot_vase:6
chinatown,1966,15,ambulance_firetruck:15
chinese,1967,320,acousticguitar_violin:1|ambulance_firetruck:9|ant_bee:1|cucumber_zucchini:5|hotpot_vase:304
chinese-style,1968,2,hotpot_vase:2
chinese仙女,1969,1,hotpot_vase:1
chinese火锅,1970,1,hotpot_vase:1
chinrest,1971,83,acousticguitar_violin:83
chip,1972,1,cucumber_zucchini:1
chipped,1973,31,acousticguitar_violin:6|ambulance_firetruck:3|ant_bee:5|hotpot_vase:17
chips,1974,49,ant_bee:19|cucumber_zucchini:28|hotpot_vase:2
chive,1975,29,ant_bee:29
chives,1976,30,cucumber_zucchini:20|hotpot_vase:10
chocolate,1977,6,hotpot_vase:6
chocolate-dusted,1978,1,ant_bee:1
chocolates,1979,1,hotpot_vase:1
choir,1980,20,acousticguitar_violin:20
cholula,1981,1,ambulance_firetruck:1
chopped,1982,348,cucumber_zucchini:340|hotpot_vase:8
chopping,1983,35,cucumber_zucchini:35
chopstick,1984,2,hotpot_vase:2
chopstick-filled,1985,1,hotpot_vase:1
chopstick-heavy,1986,1,hotpot_vase:1
chopstick-held,1987,1,hotpot_vase:1
chopstick-lifted,1988,1,hotpot_vase:1
chopsticks,1989,1181,cucumber_zucchini:55|hotpot_vase:1126
chord,1990,24,acousticguitar_violin:24
chords,1991,12,acousticguitar_violin:12
chowder,1992,1,hotpot_vase:1
choy,1993,34,cucumber_zucchini:1|hotpot_vase:33
christie's,1994,20,acousticguitar_violin:20
christmas,1995,120,acousticguitar_violin:87|ambulance_firetruck:22|hotpot_vase:11
christmas-decorated,1996,5,ambulance_firetruck:5
chrome,1997,435,acousticguitar_violin:37|ambulance_firetruck:393|cucumber_zucchini:1|hotpot_vase:4
chrysanthemum,1998,20,ant_bee:20
chrysanthemums,1999,24,ant_bee:18|hotpot_vase:6
chunks,2000,150,cucumber_zucchini:7|hotpot_vase:143
chunky,2001,21,cucumber_zucchini:2|hotpot_vase:19
church,2002,145,acousticguitar_violin:31|ambulance_firetruck:114
chutney,2003,2,cucumber_zucchini:2
chutneys,2004,11,hotpot_vase:11
cicada,2005,18,ant_bee:18
cigar,2006,9,hotpot_vase:9
cigarette,2007,19,ant_bee:3|hotpot_vase:16
cigars,2008,1,hotpot_vase:1
cilantro,2009,369,cucumber_zucchini:20|hotpot_vase:349
cimar,2010,3,acousticguitar_violin:3
cinema,2011,11,ambulance_firetruck:11
cinture,2012,1,ambulance_firetruck:1
circle,2013,32,acousticguitar_violin:3|ant_bee:13|cucumber_zucchini:13|hotpot_vase:3
circles,2014,70,acousticguitar_violin:4|ant_bee:4|cucumber_zucchini:14|hotpot_vase:48
circling,2015,2,ant_bee:2
circular,2016,313,acousticguitar_violin:74|ant_bee:59|cucumber_zucchini:81|hotpot_vase:99
circus,2017,13,acousticguitar_violin:13
circus-themed,2018,3,acousticguitar_violin:3
citgo,2019,3,ambulance_firetruck:3
citizen-funded,2020,1,ambulance_firetruck:1
citizens,2021,5,ambulance_firetruck:5
citrus,2022,26,ant_bee:9|cucumber_zucchini:10|hotpot_vase:7
city,2023,4213,acousticguitar_violin:124|ambulance_firetruck:4079|cucumber_zucchini:2|hotpot_vase:8
cityscape,2024,20,acousticguitar_violin:4|ambulance_firetruck:14|hotpot_vase:2
civil,2025,22,ambulance_firetruck:22
civile,2026,15,ambulance_firetruck:15
civilian,2027,1,ambulance_firetruck:1
clafin,2028,2,ambulance_firetruck:2
claflin,2029,10,ambulance_firetruck:10
claim,2030,10,acousticguitar_violin:1|ant_bee:9
clamps,2031,1,acousticguitar_violin:1
clams,2032,1,hotpot_vase:1
clapboard,2033,1,acousticguitar_violin:1
clapping,2034,1,acousticguitar_violin:1
clara,2035,1,ambulance_firetruck:1
clarinets,2036,2,acousticguitar_violin:2
clark,2037,6,acousticguitar_violin:4|ambulance_firetruck:2
clarksburg,2038,15,ambulance_firetruck:15
clash,2039,2,ant_bee:2
clasps,2040,2,acousticguitar_violin:2
class,2041,66,acousticguitar_violin:66
classic,2042,2141,acousticguitar_violin:1840|ambulance_firetruck:296|hotpot_vase:5
classical,2043,174,acousticguitar_violin:166|hotpot_vase:8
classmates,2044,12,acousticguitar_violin:12
classroom,2045,119,acousticguitar_violin:119
clawed,2046,1,hotpot_vase:1
claws,2047,12,hotpot_vase:12
clay,2048,1023,ant_bee:2|hotpot_vase:1021
claypot,2049,81,hotpot_vase:81
clean,2050,27,acousticguitar_violin:17|ambulance_firetruck:8|cucumber_zucchini:1|hotpot_vase:1
cleaner,2051,2,cucumber_zucchini:2
cleaners,2052,2,cucumber_zucchini:2
cleaning,2053,7,acousticguitar_violin:1|ambulance_firetruck:6
clear,2054,1760,acousticguitar_violin:29|ambulance_firetruck:378|ant_bee:91|cucumber_zucchini:119|hotpot_vase:1143
clear-sky,2055,1,ambulance_firetruck:1
clearing,2056,10,acousticguitar_violin:4|ambulance_firetruck:6
clearly,2057,2,ant_bee:2
cleavage,2058,5,cucumber_zucchini:5
clematis,2059,12,ant_bee:12
click,2060,4,ambulance_firetruck:4
cliff,2061,19,acousticguitar_violin:1|ambulance_firetruck:10|ant_bee:8
clifford,2062,1,hotpot_vase:1
cliffside,2063,3,ambulance_firetruck:3
clifton,2064,1,ambulance_firetruck:1
climb,2065,53,ambulance_firetruck:3|ant_bee:50
climbers,2066,20,ant_bee:20
climbing,2067,850,acousticguitar_violin:2|ambulance_firetruck:6|ant_bee:826|cucumber_zucchini:16
climbs,2068,160,acousticguitar_violin:1|ant_bee:156|cucumber_zucchini:3
cling,2069,9,ant_bee:9
clinging,2070,469,ant_bee:462|cucumber_zucchini:7
clings,2071,57,ant_bee:57
clinic,2072,130,ambulance_firetruck:130
clinics,2073,6,ambulance_firetruck:6
clip,2074,2,acousticguitar_violin:2
clipped,2075,1,hotpot_vase:1
clips,2076,3,acousticguitar_violin:1|hotpot_vase:2
cloak,2077,1,hotpot_vase:1
cloche,2078,1,hotpot_vase:1
clock,2079,73,acousticguitar_violin:52|ambulance_firetruck:21
clock-tower,2080,1,ambulance_firetruck:1
clock-towered,2081,1,ambulance_firetruck:1
clocktower,2082,6,acousticguitar_violin:1|ambulance_firetruck:5
cloisonné,2083,46,hotpot_vase:46
close,2084,124,acousticguitar_violin:24|ant_bee:67|cucumber_zucchini:33
close-up,2085,14482,acousticguitar_violin:5459|ambulance_firetruck:14|ant_bee:8414|cucumber_zucchini:581|hotpot_vase:14
"close-up,蜂巢",2086,1,ant_bee:1
close-ups,2087,23,acousticguitar_violin:15|ant_bee:8
closed,2088,225,acousticguitar_violin:212|ambulance_firetruck:12|cucumber_zucchini:1
closely,2089,785,acousticguitar_violin:28|ant_bee:233|cucumber_zucchini:524
closure,2090,1,ambulance_firetruck:1
cloth,2091,1251,acousticguitar_violin:450|ant_bee:8|cucumber_zucchini:483|hotpot_vase:310
cloth-covered,2092,6,acousticguitar_violin:6
cloth-wrapped,2093,1,hotpot_vase:1
clothes,2094,10,acousticguitar_violin:6|cucumber_zucchini:4
clothespins,2095,6,hotpot_vase:6
clothing,2096,9,acousticguitar_violin:9
cloths,2097,6,acousticguitar_violin:4|cucumber_zucchini:2
cloud,2098,26,acousticguitar_violin:1|hotpot_vase:25
cloud-and-dragon,2099,1,hotpot_vase:1
clouds,2100,50,acousticguitar_violin:20|ambulance_firetruck:19|hotpot_vase:11
cloudy,2101,181,ambulance_firetruck:165|ant_bee:15|hotpot_vase:1
clove,2102,6,cucumber_zucchini:6
clover,2103,230,acousticguitar_violin:20|ant_bee:181|cucumber_zucchini:19|hotpot_vase:10
clovers,2104,4,acousticguitar_violin:2|cucumber_zucchini:2
cloves,2105,3,cucumber_zucchini:3
clown,2106,49,acousticguitar_violin:45|ambulance_firetruck:4
clown-costumed,2107,2,acousticguitar_violin:2
clown-themed,2108,1,acousticguitar_violin:1
club,2109,12,ambulance_firetruck:12
clumps,2110,3,ant_bee:3
clumpy,2111,4,ant_bee:4
cluster,2112,504,ant_bee:504
clustered,2113,258,acousticguitar_violin:1|ant_bee:239|cucumber_zucchini:17|hotpot_vase:1
clustering,2114,47,ant_bee:47
clusters,2115,16,ant_bee:16
clutches,2116,7,ant_bee:7
clutching,2117,1,ant_bee:1
clutter,2118,38,acousticguitar_violin:31|ambulance_firetruck:1|hotpot_vase:6
cluttered,2119,162,acousticguitar_violin:107|ambulance_firetruck:4|hotpot_vase:51
cm,2120,14,hotpot_vase:14
cnn,2121,4,ambulance_firetruck:4
co,2122,139,acousticguitar_violin:6|ambulance_firetruck:128|hotpot_vase:5
co.4,2123,1,ambulance_firetruck:1
coals,2124,10,cucumber_zucchini:2|hotpot_vase:8
coarse,2125,7,ant_bee:7
coast,2126,5,ambulance_firetruck:5
coastal,2127,16,acousticguitar_violin:5|ambulance_firetruck:7|hotpot_vase:4
coaster,2128,11,hotpot_vase:11
coastline,2129,2,ambulance_firetruck:2
coat,2130,5,acousticguitar_violin:1|ambulance_firetruck:2|ant_bee:2
coated,2131,2,ant_bee:1|cucumber_zucchini:1
coating,2132,4,ant_bee:1|cucumber_zucchini:2|hotpot_vase:1
coats,2133,4,ambulance_firetruck:4
cob,2134,5,cucumber_zucchini:5
cobalt,2135,13,ambulance_firetruck:3|hotpot_vase:10
cobble,2136,1,ambulance_firetruck:1
cobbled,2137,2,ambulance_firetruck:2
cobblestone,2138,669,acousticguitar_violin:30|ambulance_firetruck:623|cucumber_zucchini:4|hotpot_vase:12
cobblestones,2139,50,acousticguitar_violin:2|ambulance_firetruck:44|cucumber_zucchini:2|hotpot_vase:2
cobra,2140,3,ambulance_firetruck:3
coca-cola,2141,27,cucumber_zucchini:27
cocagne,2142,3,ambulance_firetruck:3
cocha,2143,1,ambulance_firetruck:1
cochabamba,2144,15,ambulance_firetruck:15
cockpit,2145,8,ambulance_firetruck:8
cockroach,2146,20,ant_bee:20
cockroaches,2147,1,ant_bee:1
cocktail,2148,17,cucumber_zucchini:10|hotpot_vase:7
cocoa,2149,20,cucumber_zucchini:20
coconut,2150,3,ant_bee:3
cocoon,2151,9,ant_bee:9
cocoon-like,2152,1,ant_bee:1
cocotte,2153,1,hotpot_vase:1
code,2154,21,cucumber_zucchini:20|hotpot_vase:1
coffee,2155,26,acousticguitar_violin:1|ambulance_firetruck:10|cucumber_zucchini:10|hotpot_vase:5
coffee-mug,2156,1,hotpot_vase:1
coil,2157,3,acousticguitar_violin:2|ant_bee:1
coiled,2158,23,acousticguitar_violin:21|ant_bee:2
coiling,2159,1,ambulance_firetruck:1
coils,2160,1,ambulance_firetruck:1
coin,2161,18,acousticguitar_violin:8|ant_bee:4|hotpot_vase:6
coin-filled,2162,4,hotpot_vase:4
coins,2163,16,hotpot_vase:16
coke,2164,4,cucumber_zucchini:4
colander,2165,94,cucumber_zucchini:92|hotpot_vase:2
colborne,2166,4,ambulance_firetruck:4
cold,2167,3,cucumber_zucchini:1|hotpot_vase:2
cole,2168,4,acousticguitar_violin:4
colgate,2169,1,cucumber_zucchini:1
colin's,2170,1,acousticguitar_violin:1
colings,2171,1,acousticguitar_violin:1
collaborate,2172,2,acousticguitar_violin:1|ant_bee:1
collaborating,2173,12,ant_bee:12
collaboration,2174,40,acousticguitar_violin:28|ant_bee:12
collaborative,2175,1,ant_bee:1
collaboratively,2176,4,ant_bee:4
collage,2177,160,acousticguitar_violin:57|ant_bee:44|cucumber_zucchini:42|hotpot_vase:17
collages,2178,4,acousticguitar_violin:4
collar,2179,17,acousticguitar_violin:5|cucumber_zucchini:9|hotpot_vase:3
colleague,2180,1,acousticguitar_violin:1
collect,2181,28,ant_bee:28
collectible,2182,1,hotpot_vase:1
collectibles,2183,20,acousticguitar_violin:2|hotpot_vase:18
collecting,2184,4516,ant_bee:4516
collection,2185,72,acousticguitar_violin:28|hotpot_vase:44
collectively,2186,9,ant_bee:9
collects,2187,498,ant_bee:498
college,2188,13,ambulance_firetruck:13
collides,2189,12,ambulance_firetruck:12
collings,2190,18,acousticguitar_violin:18
collision,2191,4,ambulance_firetruck:4
colombia,2192,1,acousticguitar_violin:1
colonizing,2193,1,ant_bee:1
colonnades,2194,1,ambulance_firetruck:1
colony,2195,184,ant_bee:184
color,2196,114,acousticguitar_violin:32|ambulance_firetruck:8|ant_bee:16|cucumber_zucchini:53|hotpot_vase:5
color-and-black-white,2197,1,acousticguitar_violin:1
colorado,2198,19,ambulance_firetruck:19
colored,2199,32,acousticguitar_violin:8|ambulance_firetruck:4|cucumber_zucchini:5|hotpot_vase:15
colorful,2200,5909,acousticguitar_violin:867|ambulance_firetruck:236|ant_bee:229|cucumber_zucchini:1900|hotpot_vase:2677
colorfully,2201,3,acousticguitar_violin:3
coloring,2202,1,ambulance_firetruck:1
colors,2203,309,acousticguitar_violin:143|ambulance_firetruck:32|ant_bee:32|cucumber_zucchini:75|hotpot_vase:27
columbine,2204,13,ambulance_firetruck:13
columbus,2205,27,ambulance_firetruck:27
column,2206,1,ant_bee:1
columns,2207,7,ambulance_firetruck:1|ant_bee:1|hotpot_vase:5
comb,2208,18,ant_bee:18
combat,2209,18,ambulance_firetruck:2|ant_bee:11|hotpot_vase:5
come,2210,1,acousticguitar_violin:1
comfort,2211,3,acousticguitar_violin:1|hotpot_vase:2
comforter,2212,1,acousticguitar_violin:1
comforting,2213,123,hotpot_vase:123
comical,2214,1,hotpot_vase:1
coming,2215,5,hotpot_vase:5
comitato,2216,1,ambulance_firetruck:1
command,2217,26,ambulance_firetruck:26
commercial,2218,24,ambulance_firetruck:24
committee,2219,5,ambulance_firetruck:5
commonwealth,2220,1,ambulance_firetruck:1
communal,2221,523,cucumber_zucchini:6|hotpot_vase:517
communicating,2222,1,ant_bee:1
communication,2223,18,ambulance_firetruck:18
community,2224,128,acousticguitar_violin:20|ambulance_firetruck:101|hotpot_vase:7
community-funded,2225,2,ambulance_firetruck:2
compact,2226,26,acousticguitar_violin:1|ambulance_firetruck:5|cucumber_zucchini:20
companion,2227,3,acousticguitar_violin:1|ant_bee:2
company,2228,31,ambulance_firetruck:29|hotpot_vase:2
comparison,2229,29,acousticguitar_violin:1|ambulance_firetruck:3|ant_bee:11|cucumber_zucchini:14
compartment,2230,97,ambulance_firetruck:96|cucumber_zucchini:1
compartments,2231,124,ambulance_firetruck:114|cucumber_zucchini:10
competition,2232,3,cucumber_zucchini:3
completed,2233,2,acousticguitar_violin:2
compliments,2234,1,ambulance_firetruck:1
component,2235,1,acousticguitar_violin:1
components,2236,4,acousticguitar_violin:3|ambulance_firetruck:1
composed,2237,1,hotpot_vase:1
composition,2238,11,acousticguitar_violin:8|ant_bee:1|cucumber_zucchini:1|hotpot_vase:1
compote,2239,3,hotpot_vase:3
compound,2240,37,ant_bee:37
computer,2241,19,acousticguitar_violin:19
con,2242,15,hotpot_vase:15
concentrated,2243,12,acousticguitar_violin:12
concentrates,2244,2,acousticguitar_violin:2
concentrating,2245,5,acousticguitar_violin:5
concentration,2246,15,acousticguitar_violin:15
concert,2247,229,acousticguitar_violin:228|ambulance_firetruck:1
concerto,2248,17,acousticguitar_violin:17
concise,2249,4,acousticguitar_violin:2|ambulance_firetruck:1|hotpot_vase:1
concord,2250,14,acousticguitar_violin:14
concrete,2251,909,acousticguitar_violin:4|ambulance_firetruck:68|ant_bee:747|cucumber_zucchini:87|hotpot_vase:3
concrete-sod,2252,1,ant_bee:1
condensation,2253,2,cucumber_zucchini:2
condensed,2254,1,cucumber_zucchini:1
condiment,2255,6,ambulance_firetruck:6
condiments,2256,214,cucumber_zucchini:18|hotpot_vase:196
condition,2257,1,ambulance_firetruck:1
conditions,2258,13,ambulance_firetruck:13
conducting,2259,2,acousticguitar_violin:2
conductor,2260,47,acousticguitar_violin:47
conductor's,2261,31,acousticguitar_violin:31
conducts,2262,1,acousticguitar_violin:1
cone,2263,8,ambulance_firetruck:4|ant_bee:3|hotpot_vase:1
cone-flower,2264,1,ant_bee:1
cone-shaped,2265,1,hotpot_vase:1
coneflower,2266,481,ant_bee:481
coneflowers,2267,29,ant_bee:29
cones,2268,114,ambulance_firetruck:111|ant_bee:1|hotpot_vase:2
confetti,2269,16,acousticguitar_violin:10|ambulance_firetruck:6
confident,2270,2,acousticguitar_violin:1|ambulance_firetruck:1
confidently,2271,9,ambulance_firetruck:9
conflict,2272,7,ambulance_firetruck:7
confrontation,2273,13,acousticguitar_violin:4|ant_bee:9
confronting,2274,13,ant_bee:13
confronts,2275,1,ant_bee:1
conical,2276,14,hotpot_vase:14
conifer,2277,8,ant_bee:8
coniferous,2278,2,ant_bee:2
connected,2279,17,acousticguitar_violin:2|ambulance_firetruck:11|cucumber_zucchini:2|hotpot_vase:2
connecting,2280,1,ant_bee:1
connection,2281,11,acousticguitar_violin:10|ambulance_firetruck:1
conover,2282,1,ambulance_firetruck:1
conservation,2283,1,acousticguitar_violin:1
conservatoire,2284,6,acousticguitar_violin:6
console,2285,2,hotpot_vase:2
construct,2286,1,ant_bee:1
constructing,2287,1,ant_bee:1
construction,2288,61,acousticguitar_violin:6|ambulance_firetruck:48|hotpot_vase:7
consume,2289,7,ant_bee:7
consumes,2290,2,ant_bee:2
consuming,2291,10,ant_bee:10
contact,2292,31,acousticguitar_violin:4|ambulance_firetruck:21|hotpot_vase:6
contacts,2293,3,ambulance_firetruck:3
container,2294,295,ambulance_firetruck:1|ant_bee:169|cucumber_zucchini:107|hotpot_vase:18
containers,2295,10,cucumber_zucchini:6|hotpot_vase:4
containing,2296,6,acousticguitar_violin:1|hotpot_vase:5
containment,2297,9,ambulance_firetruck:9
contains,2298,1,ant_bee:1
contemplative,2299,14,acousticguitar_violin:10|cucumber_zucchini:4
contents,2300,2,hotpot_vase:2
contest,2301,3,cucumber_zucchini:3
contours,2302,2,acousticguitar_violin:2
contradiction,2303,1,acousticguitar_violin:1
contrail,2304,1,ambulance_firetruck:1
contrast,2305,37,acousticguitar_violin:16|ambulance_firetruck:2|ant_bee:6|cucumber_zucchini:10|hotpot_vase:3
contrasted,2306,2,ant_bee:1|hotpot_vase:1
contrasting,2307,12,acousticguitar_violin:4|ambulance_firetruck:1|hotpot_vase:7
contrasts,2308,2,ant_bee:1|hotpot_vase:1
control,2309,151,acousticguitar_violin:18|ambulance_firetruck:104|ant_bee:2|hotpot_vase:27
controller,2310,4,acousticguitar_violin:4
controllers,2311,7,acousticguitar_violin:7
controls,2312,50,acousticguitar_violin:16|ambulance_firetruck:27|hotpot_vase:7
convention,2313,2,ambulance_firetruck:2
conversation,2314,12,acousticguitar_violin:4|ambulance_firetruck:1|hotpot_vase:7
conversational,2315,1,acousticguitar_violin:1
converse,2316,6,acousticguitar_violin:5|ambulance_firetruck:1
converses,2317,1,acousticguitar_violin:1
conversing,2318,2,acousticguitar_violin:2
conversion,2319,1,ambulance_firetruck:1
converted,2320,29,ambulance_firetruck:29
convex,2321,11,ambulance_firetruck:11
conveyor,2322,2,ant_bee:2
convoy,2323,4,ambulance_firetruck:4
cook,2324,56,cucumber_zucchini:13|hotpot_vase:43
cookbook,2325,23,cucumber_zucchini:15|hotpot_vase:8
cooked,2326,59,cucumber_zucchini:12|hotpot_vase:47
cooker,2327,290,cucumber_zucchini:14|hotpot_vase:276
cookie,2328,43,cucumber_zucchini:24|hotpot_vase:19
cookies,2329,3,cucumber_zucchini:3
cooking,2330,545,cucumber_zucchini:119|hotpot_vase:426
cooks,2331,3,hotpot_vase:3
cooktop,2332,4,hotpot_vase:4
cookware,2333,6,cucumber_zucchini:1|hotpot_vase:5
cool,2334,27,acousticguitar_violin:8|cucumber_zucchini:19
cooler,2335,8,ambulance_firetruck:1|cucumber_zucchini:6|hotpot_vase:1
coolers,2336,1,cucumber_zucchini:1
cooling,2337,14,cucumber_zucchini:14
cooper,2338,4,ambulance_firetruck:4
cooperate,2339,7,ant_bee:7
cooperating,2340,9,ant_bee:9
cooperation,2341,1,ant_bee:1
cooperative,2342,1,ant_bee:1
cooperatively,2343,6,ant_bee:6
coordinated,2344,4,acousticguitar_violin:1|ant_bee:3
cop,2345,1,ambulance_firetruck:1
copies,2346,1,acousticguitar_violin:1
copper,2347,194,ant_bee:25|hotpot_vase:169
copper-black,2348,1,ant_bee:1
copper-leaf,2349,1,hotpot_vase:1
copper-toned,2350,1,hotpot_vase:1
copper-wrapped,2351,3,hotpot_vase:3
copyright,2352,1,ant_bee:1
coral,2353,23,ant_bee:8|hotpot_vase:15
coral-like,2354,12,ant_bee:12
coral-red,2355,1,hotpot_vase:1
cord,2356,35,acousticguitar_violin:18|ant_bee:1|hotpot_vase:16
cordex,2357,1,acousticguitar_violin:1
cordon,2358,1,ambulance_firetruck:1
cordoned,2359,3,ambulance_firetruck:3
cordons,2360,1,ambulance_firetruck:1
cords,2361,4,acousticguitar_violin:4
corduroy,2362,2,acousticguitar_violin:2
cordyceps,2363,2,ant_bee:2
core,2364,6,cucumber_zucchini:6
cork,2365,21,hotpot_vase:21
cork-topped,2366,1,hotpot_vase:1
corks,2367,16,hotpot_vase:16
corn,2368,369,cucumber_zucchini:209|hotpot_vase:160
corn-bountiful,2369,1,cucumber_zucchini:1
corn-in,2370,1,cucumber_zucchini:1
cornbread,2371,20,hotpot_vase:20
corner,2372,140,acousticguitar_violin:60|ambulance_firetruck:62|ant_bee:15|hotpot_vase:3
cornered,2373,1,acousticguitar_violin:1
cornfield,2374,2,ambulance_firetruck:2
cornflower,2375,21,ant_bee:21
corona,2376,10,ambulance_firetruck:10
coronary,2377,5,ambulance_firetruck:5
corps,2378,41,ambulance_firetruck:41
corpse,2379,15,ant_bee:15
corroded,2380,10,hotpot_vase:10
corset,2381,8,hotpot_vase:8
corset-like,2382,1,hotpot_vase:1
corset-shaped,2383,3,hotpot_vase:3
corset-style,2384,5,hotpot_vase:5
cort,2385,9,acousticguitar_violin:9
cosmic,2386,8,acousticguitar_violin:8
cosmos,2387,3,ant_bee:3
costa,2388,3,ambulance_firetruck:3
costco,2389,20,ambulance_firetruck:20
costume,2390,18,acousticguitar_violin:16|ambulance_firetruck:2
costumed,2391,5,acousticguitar_violin:2|ambulance_firetruck:3
costumes,2392,13,acousticguitar_violin:13
cotton,2393,19,ant_bee:15|hotpot_vase:4
cotton-like,2394,5,ant_bee:5
cottonwood,2395,8,ambulance_firetruck:8
cottony,2396,9,ant_bee:9
couch,2397,743,acousticguitar_violin:713|cucumber_zucchini:28|hotpot_vase:2
couch-music,2398,1,acousticguitar_violin:1
council,2399,4,ambulance_firetruck:4
count,2400,1,ambulance_firetruck:1
counter,2401,494,ant_bee:1|cucumber_zucchini:418|hotpot_vase:75
countertop,2402,408,ant_bee:11|cucumber_zucchini:359|hotpot_vase:38
countless,2403,1,ant_bee:1
country,2404,27,acousticguitar_violin:9|ambulance_firetruck:7|cucumber_zucchini:11
countryside,2405,2,ambulance_firetruck:2
counts,2406,1,ambulance_firetruck:1
county,2407,115,ambulance_firetruck:114|cucumber_zucchini:1
couple,2408,89,acousticguitar_violin:5|ambulance_firetruck:21|cucumber_zucchini:20|hotpot_vase:43
coupon,2409,14,cucumber_zucchini:14
course,2410,9,acousticguitar_violin:1|ambulance_firetruck:8
courses,2411,3,acousticguitar_violin:3
court,2412,1,hotpot_vase:1
courthouse,2413,20,ambulance_firetruck:20
courtyard,2414,78,ambulance_firetruck:56|hotpot_vase:22
couscous,2415,1,cucumber_zucchini:1
cover,2416,180,acousticguitar_violin:129|ambulance_firetruck:24|ant_bee:5|cucumber_zucchini:7|hotpot_vase:15
covered,2417,707,acousticguitar_violin:18|ambulance_firetruck:57|ant_bee:605|cucumber_zucchini:8|hotpot_vase:19
covering,2418,19,acousticguitar_violin:3|ambulance_firetruck:1|ant_bee:6|cucumber_zucchini:7|hotpot_vase:2
coverings,2419,1,hotpot_vase:1
covers,2420,28,acousticguitar_violin:4|ambulance_firetruck:1|ant_bee:3|hotpot_vase:20
cow,2421,1,hotpot_vase:1
cowboy,2422,69,acousticguitar_violin:58|cucumber_zucchini:11
cowboy-hatted,2423,6,acousticguitar_violin:6
cowboy-themed,2424,4,acousticguitar_violin:4
cowboys,2425,10,acousticguitar_violin:10
cozy,2426,444,acousticguitar_violin:296|cucumber_zucchini:6|hotpot_vase:142
cr-vs,2427,1,ambulance_firetruck:1
crab,2428,139,ant_bee:22|cucumber_zucchini:11|hotpot_vase:106
crab-patterned,2429,3,hotpot_vase:3
crabby,2430,1,hotpot_vase:1
crack,2431,140,ant_bee:109|hotpot_vase:31
cracked,2432,490,acousticguitar_violin:9|ambulance_firetruck:16|ant_bee:268|cucumber_zucchini:31|hotpot_vase:166
cracked-glaze,2433,1,hotpot_vase:1
cracker,2434,4,cucumber_zucchini:3|hotpot_vase:1
crackers,2435,46,cucumber_zucchini:35|hotpot_vase:11
crackle,2436,115,hotpot_vase:115
crackle-glaze,2437,2,hotpot_vase:2
crackle-glazed,2438,20,hotpot_vase:20
crackle-patterned,2439,2,hotpot_vase:2
crackled,2440,46,hotpot_vase:46
crackled-glass,2441,1,hotpot_vase:1
crackled-glaze,2442,1,hotpot_vase:1
crackled-glazed,2443,1,hotpot_vase:1
cracks,2444,37,acousticguitar_violin:4|ant_bee:14|hotpot_vase:19
cradle,2445,4,acousticguitar_violin:1|cucumber_zucchini:3
cradles,2446,6,acousticguitar_violin:4|cucumber_zucchini:2
cradling,2447,3,acousticguitar_violin:1|ant_bee:1|cucumber_zucchini:1
craft,2448,19,acousticguitar_violin:7|ambulance_firetruck:1|hotpot_vase:11
crafted,2449,118,acousticguitar_violin:98|cucumber_zucchini:7|hotpot_vase:13
crafting,2450,133,acousticguitar_violin:127|hotpot_vase:6
crafts,2451,12,acousticguitar_violin:1|hotpot_vase:11
craftsman,2452,38,acousticguitar_violin:38
craftsman's,2453,1,hotpot_vase:1
craftsmanship,2454,289,acousticguitar_violin:284|hotpot_vase:5
craftwork,2455,1,hotpot_vase:1
craglow,2456,1,acousticguitar_violin:1
cranberries,2457,10,hotpot_vase:10
crane,2458,80,ambulance_firetruck:62|hotpot_vase:18
cranes,2459,21,ambulance_firetruck:7|hotpot_vase:14
crash,2460,53,ambulance_firetruck:53
crashed,2461,52,ambulance_firetruck:52
crashes,2462,15,ambulance_firetruck:15
crashing,2463,2,ambulance_firetruck:2
crate,2464,216,acousticguitar_violin:5|cucumber_zucchini:196|hotpot_vase:15
crates,2465,139,ambulance_firetruck:7|cucumber_zucchini:132
crawl,2466,228,ant_bee:228
crawler,2467,1,ant_bee:1
crawlers,2468,2,ant_bee:2
crawling,2469,6417,ant_bee:6417
crawls,2470,1143,ant_bee:1143
crayfish,2471,33,hotpot_vase:33
crazy,2472,2,cucumber_zucchini:2
cream,2473,584,acousticguitar_violin:123|ambulance_firetruck:171|ant_bee:1|cucumber_zucchini:37|hotpot_vase:252
cream-colored,2474,212,acousticguitar_violin:42|ambulance_firetruck:49|hotpot_vase:121
creamware,2475,1,hotpot_vase:1
creamy,2476,769,ant_bee:16|cucumber_zucchini:193|hotpot_vase:560
crease,2477,1,ant_bee:1
create,2478,2,ant_bee:1|hotpot_vase:1
creates,2479,2,ant_bee:1|cucumber_zucchini:1
creating,2480,9,acousticguitar_violin:1|ant_bee:4|cucumber_zucchini:3|hotpot_vase:1
creation,2481,4,cucumber_zucchini:4
creative,2482,25,cucumber_zucchini:19|hotpot_vase:6
creatively,2483,17,cucumber_zucchini:17
creativity,2484,14,acousticguitar_violin:13|cucumber_zucchini:1
creature,2485,34,acousticguitar_violin:2|ant_bee:5|cucumber_zucchini:13|hotpot_vase:14
creatures,2486,22,ant_bee:9|hotpot_vase:13
credit,2487,1,ant_bee:1
crepe,2488,1,ant_bee:1
crescent,2489,56,acousticguitar_violin:1|ambulance_firetruck:53|hotpot_vase:2
crest,2490,31,ambulance_firetruck:11|hotpot_vase:20
crests,2491,1,hotpot_vase:1
crevice,2492,62,ant_bee:62
crevices,2493,9,ant_bee:9
crew,2494,576,acousticguitar_violin:6|ambulance_firetruck:570
crews,2495,24,ambulance_firetruck:24
cri-a595c,2496,1,ambulance_firetruck:1
cricket,2497,9,ant_bee:9
crime,2498,20,ambulance_firetruck:4|ant_bee:16
crimson,2499,9,acousticguitar_violin:1|ambulance_firetruck:5|hotpot_vase:3
crinkled,2500,1,acousticguitar_violin:1
crisi,2501,1,ambulance_firetruck:1
crisis,2502,10,ambulance_firetruck:9|ant_bee:1
crisp,2503,673,cucumber_zucchini:673
crisp-looking,2504,1,cucumber_zucchini:1
crispbread,2505,1,cucumber_zucchini:1
crisps,2506,2,cucumber_zucchini:2
crispy,2507,134,ant_bee:1|cucumber_zucchini:65|hotpot_vase:68
crisscross,2508,2,acousticguitar_violin:1|hotpot_vase:1
crisscross-cut,2509,1,cucumber_zucchini:1
crisscross-sliced,2510,1,cucumber_zucchini:1
crisscrossed,2511,1,cucumber_zucchini:1
cristian,2512,4,ambulance_firetruck:4
cristobal,2513,1,ambulance_firetruck:1
critical,2514,15,ambulance_firetruck:15
croce,2515,171,ambulance_firetruck:171
crocheted,2516,68,acousticguitar_violin:1|hotpot_vase:67
crock,2517,3,hotpot_vase:3
crockett,2518,14,ambulance_firetruck:14
crockpot,2519,13,hotpot_vase:13
crocs,2520,2,acousticguitar_violin:2
crocus,2521,47,ant_bee:47
crocuses,2522,5,ant_bee:5
crop,2523,1,ant_bee:1
crops,2524,6,ant_bee:1|cucumber_zucchini:5
cross,2525,2113,acousticguitar_violin:16|ambulance_firetruck:2088|ant_bee:1|cucumber_zucchini:6|hotpot_vase:2
cross-legged,2526,9,acousticguitar_violin:9
cross-marked,2527,1,ambulance_firetruck:1
cross-section,2528,45,cucumber_zucchini:45
cross-sections,2529,10,cucumber_zucchini:10
cross-shaped,2530,7,acousticguitar_violin:6|ant_bee:1
crosse,2531,1,ambulance_firetruck:1
crossed,2532,49,acousticguitar_violin:12|ambulance_firetruck:5|cucumber_zucchini:32
crosses,2533,304,acousticguitar_violin:20|ambulance_firetruck:284
crosshatch,2534,1,cucumber_zucchini:1
crossing,2535,56,acousticguitar_violin:1|ambulance_firetruck:55
crosswalk,2536,44,ambulance_firetruck:44
crosswalks,2537,1,ambulance_firetruck:1
crosswise,2538,1,cucumber_zucchini:1
crouched,2539,6,acousticguitar_violin:5|ant_bee:1
crouches,2540,2,cucumber_zucchini:2
crouching,2541,7,hotpot_vase:7
croutons,2542,39,cucumber_zucchini:28|hotpot_vase:11
crowd,2543,626,acousticguitar_violin:57|ambulance_firetruck:517|ant_bee:51|cucumber_zucchini:1
crowded,2544,39,acousticguitar_violin:3|ambulance_firetruck:18|ant_bee:15|hotpot_vase:3
crowds,2545,24,acousticguitar_violin:2|ambulance_firetruck:21|cucumber_zucchini:1
crowell,2546,2,acousticguitar_violin:2
crown,2547,12,cucumber_zucchini:12
crudités,2548,1,cucumber_zucchini:1
cruise,2549,28,ambulance_firetruck:28
cruiser,2550,3,ambulance_firetruck:3
cruiser-based,2551,2,ambulance_firetruck:2
cruises,2552,1,ambulance_firetruck:1
cruising,2553,7,ambulance_firetruck:7
crumb,2554,28,ant_bee:26|cucumber_zucchini:2
crumble,2555,1,cucumber_zucchini:1
crumbled,2556,20,ant_bee:1|cucumber_zucchini:13|hotpot_vase:6
crumbles,2557,1,hotpot_vase:1
crumbly,2558,10,ant_bee:4|cucumber_zucchini:6
crumbs,2559,23,ant_bee:20|cucumber_zucchini:3
crumpled,2560,58,acousticguitar_violin:15|ant_bee:23|hotpot_vase:20
crunch,2561,2,cucumber_zucchini:2
crunchy,2562,37,cucumber_zucchini:37
crush,2563,1,cucumber_zucchini:1
crushed,2564,61,ambulance_firetruck:31|ant_bee:9|cucumber_zucchini:18|hotpot_vase:3
crust,2565,40,ant_bee:4|cucumber_zucchini:36
crusty,2566,48,ant_bee:2|cucumber_zucchini:7|hotpot_vase:39
cruz,2567,11,ambulance_firetruck:11
crystal,2568,506,acousticguitar_violin:3|ant_bee:34|hotpot_vase:469
crystal-cut,2569,1,hotpot_vase:1
crystal-like,2570,4,ant_bee:3|hotpot_vase:1
crystalline,2571,20,ant_bee:18|hotpot_vase:2
crystals,2572,19,ant_bee:10|hotpot_vase:9
cta,2573,6,ambulance_firetruck:6
cube,2574,16,acousticguitar_violin:1|ant_bee:3|hotpot_vase:12
cubed,2575,5,hotpot_vase:5
cubes,2576,30,cucumber_zucchini:16|hotpot_vase:14
cubicle,2577,1,acousticguitar_violin:1
cubicles,2578,1,acousticguitar_violin:1
cubist,2579,17,acousticguitar_violin:17
cuc,2580,1,cucumber_zucchini:1
cucum,2581,1,cucumber_zucchini:1
cucumber,2582,234,cucumber_zucchini:223|hotpot_vase:11
cucumbers,2583,408,cucumber_zucchini:405|hotpot_vase:3
cucumber木耳,2584,1,cucumber_zucchini:1
cuddling,2585,5,acousticguitar_violin:1|cucumber_zucchini:4
cuisine,2586,16,cucumber_zucchini:5|hotpot_vase:11
culinary,2587,5,cucumber_zucchini:2|hotpot_vase:3
cultural,2588,11,acousticguitar_violin:4|hotpot_vase:7
cup,2589,284,acousticguitar_violin:12|ambulance_firetruck:1|ant_bee:21|cucumber_zucchini:22|hotpot_vase:228
cupcake,2590,2,acousticguitar_violin:2
cupcakes,2591,20,acousticguitar_violin:20
cups,2592,53,cucumber_zucchini:8|hotpot_vase:45
curated,2593,1,hotpot_vase:1
curb,2594,29,ambulance_firetruck:9|ant_bee:20
curd,2595,2,hotpot_vase:2
curiosity,2596,17,acousticguitar_violin:4|ambulance_firetruck:9|ant_bee:1|cucumber_zucchini:2|hotpot_vase:1
curious,2597,30,acousticguitar_violin:6|ant_bee:7|cucumber_zucchini:11|hotpot_vase:6
curiously,2598,6,acousticguitar_violin:5|cucumber_zucchini:1
curl,2599,7,ant_bee:7
curled,2600,44,ant_bee:34|cucumber_zucchini:10
curling,2601,10,ant_bee:5|cucumber_zucchini:5
curls,2602,22,acousticguitar_violin:1|cucumber_zucchini:21
curly,2603,180,acousticguitar_violin:116|ant_bee:16|cucumber_zucchini:43|hotpot_vase:5
curly-flowered,2604,1,ant_bee:1
curly-haired,2605,27,acousticguitar_violin:27
curly-stamen,2606,2,ant_bee:2
currency,2607,19,ant_bee:19
currently,2608,3,ant_bee:3
curries,2609,10,cucumber_zucchini:7|hotpot_vase:3
curry,2610,440,cucumber_zucchini:15|hotpot_vase:425
cursive,2611,4,acousticguitar_violin:4
curtain,2612,68,acousticguitar_violin:43|ant_bee:7|cucumber_zucchini:5|hotpot_vase:13
curtains,2613,56,acousticguitar_violin:53|ambulance_firetruck:2|hotpot_vase:1
curvaceous,2614,4,hotpot_vase:4
curve,2615,45,acousticguitar_violin:22|ambulance_firetruck:2|ant_bee:6|cucumber_zucchini:7|hotpot_vase:8
curved,2616,1043,acousticguitar_violin:73|ambulance_firetruck:10|ant_bee:127|cucumber_zucchini:698|hotpot_vase:135
curves,2617,370,acousticguitar_violin:348|cucumber_zucchini:2|hotpot_vase:20
curving,2618,6,ambulance_firetruck:2|cucumber_zucchini:3|hotpot_vase:1
curvy,2619,15,cucumber_zucchini:5|hotpot_vase:10
cushion,2620,27,acousticguitar_violin:25|ambulance_firetruck:1|hotpot_vase:1
cushioned,2621,15,acousticguitar_violin:15
cushions,2622,19,acousticguitar_violin:19
custom,2623,73,acousticguitar_violin:46|ambulance_firetruck:27
custom-painted,2624,5,acousticguitar_violin:3|ambulance_firetruck:2
customer,2625,1,cucumber_zucchini:1
customization,2626,3,ambulance_firetruck:1|hotpot_vase:2
customized,2627,9,acousticguitar_violin:2|ambulance_firetruck:7
cut,2628,332,ambulance_firetruck:2|cucumber_zucchini:216|hotpot_vase:114
cut-crystal,2629,3,hotpot_vase:3
cut-glass,2630,27,hotpot_vase:27
cut-out,2631,16,hotpot_vase:16
cut-up,2632,1,cucumber_zucchini:1
cutaway,2633,1958,acousticguitar_violin:1958
cutaways,2634,11,acousticguitar_violin:11
cutchogue,2635,4,ambulance_firetruck:4
cute,2636,36,acousticguitar_violin:5|cucumber_zucchini:25|hotpot_vase:6
cutlery,2637,5,cucumber_zucchini:3|hotpot_vase:2
cutout,2638,45,acousticguitar_violin:35|hotpot_vase:10
cutouts,2639,24,ant_bee:3|hotpot_vase:21
cuts,2640,14,cucumber_zucchini:6|hotpot_vase:8
cutter,2641,37,ambulance_firetruck:17|cucumber_zucchini:20
cutting,2642,1423,cucumber_zucchini:1423
cuttings,2643,1,cucumber_zucchini:1
cyan,2644,3,acousticguitar_violin:1|ant_bee:2
cycle,2645,1,ant_bee:1
cycling,2646,5,cucumber_zucchini:5
cyclist,2647,51,ambulance_firetruck:51
cyclists,2648,35,ambulance_firetruck:35
cylinder,2649,14,hotpot_vase:14
cylindrical,2650,73,ant_bee:1|hotpot_vase:72
cymbal,2651,1,acousticguitar_violin:1
cyrillic,2652,7,ambulance_firetruck:7
cytoplasmic,2653,1,cucumber_zucchini:1
czech,2654,3,ambulance_firetruck:3
d'archivio,2655,4,ambulance_firetruck:4
d'argento,2656,3,ambulance_firetruck:3
d'italia,2657,1,cucumber_zucchini:1
d'oro,2658,23,ambulance_firetruck:23
d-15,2659,30,acousticguitar_violin:30
d-26,2660,3,ambulance_firetruck:3
d-35,2661,1,acousticguitar_violin:1
d.c,2662,47,ambulance_firetruck:47
d037-12,2663,4,hotpot_vase:4
d041-12,2664,4,hotpot_vase:4
d21xh48,2665,4,hotpot_vase:4
d21×h48,2666,1,hotpot_vase:1
d30cm×h20cm,2667,3,hotpot_vase:3
da,2668,2,ambulance_firetruck:2
dachshund,2669,4,ambulance_firetruck:4
dad,2670,1,cucumber_zucchini:1
daf,2671,13,ambulance_firetruck:13
daffodil,2672,56,ant_bee:56
daffodils,2673,96,hotpot_vase:96
dahlia,2674,91,ant_bee:90|hotpot_vase:1
dahlias,2675,2,hotpot_vase:2
dairy,2676,14,ambulance_firetruck:2|cucumber_zucchini:12
dairy-free,2677,1,cucumber_zucchini:1
daisies,2678,192,acousticguitar_violin:19|ant_bee:81|hotpot_vase:92
daisy,2679,442,acousticguitar_violin:33|ant_bee:367|hotpot_vase:42
daisy-like,2680,3,ant_bee:3
dale,2681,2,acousticguitar_violin:2
dalmatian,2682,33,ambulance_firetruck:33
damage,2683,17,ambulance_firetruck:9|ant_bee:4|cucumber_zucchini:3|hotpot_vase:1
damaged,2684,179,acousticguitar_violin:16|ambulance_firetruck:122|ant_bee:34|cucumber_zucchini:7
damp,2685,62,ant_bee:62
danbury,2686,15,ambulance_firetruck:15
dance,2687,18,acousticguitar_violin:11|ant_bee:7
dancer,2688,3,ambulance_firetruck:1|hotpot_vase:2
dancers,2689,35,acousticguitar_violin:22|hotpot_vase:13
dancing,2690,24,acousticguitar_violin:8|ant_bee:2|hotpot_vase:14
dandelion,2691,276,ant_bee:276
dandelions,2692,22,ambulance_firetruck:1|ant_bee:21
danger,2693,9,ambulance_firetruck:9
dangling,2694,4,acousticguitar_violin:2|ant_bee:1|hotpot_vase:1
dappled,2695,13,acousticguitar_violin:4|ambulance_firetruck:1|ant_bee:6|cucumber_zucchini:2
dapples,2696,1,acousticguitar_violin:1
dappling,2697,1,acousticguitar_violin:1
dark,2698,8032,acousticguitar_violin:3767|ambulance_firetruck:31|ant_bee:1904|cucumber_zucchini:1135|hotpot_vase:1195
dark-acoustic,2699,3,acousticguitar_violin:3
dark-bodied,2700,1,ant_bee:1
dark-centered,2701,1,ant_bee:1
dark-colored,2702,1,ant_bee:1
dark-glazed,2703,3,hotpot_vase:3
dark-haired,2704,12,acousticguitar_violin:12
dark-headed,2705,1,ant_bee:1
dark-lit,2706,15,acousticguitar_violin:15
dark-toned,2707,1,hotpot_vase:1
darkened,2708,3,cucumber_zucchini:1|hotpot_vase:2
darkly,2709,2,acousticguitar_violin:2
darkness,2710,29,acousticguitar_violin:19|ambulance_firetruck:2|ant_bee:7|hotpot_vase:1
darth,2711,20,acousticguitar_violin:20
dashes,2712,5,hotpot_vase:5
data,2713,2,acousticguitar_violin:2
date,2714,25,acousticguitar_violin:15|ambulance_firetruck:7|hotpot_vase:3
date-stamped,2715,1,acousticguitar_violin:1
dated,2716,42,acousticguitar_violin:23|ambulance_firetruck:6|cucumber_zucchini:7|hotpot_vase:6
dates,2717,26,cucumber_zucchini:1|hotpot_vase:25
daughter,2718,17,acousticguitar_violin:16|cucumber_zucchini:1
david,2719,33,ambulance_firetruck:33
david's,2720,12,acousticguitar_violin:12
davis,2721,13,ambulance_firetruck:13
day,2722,647,acousticguitar_violin:12|ambulance_firetruck:473|ant_bee:153|cucumber_zucchini:7|hotpot_vase:2
daylight,2723,2,ambulance_firetruck:2
daylilies,2724,5,ant_bee:5
days,2725,16,cucumber_zucchini:16
daytime,2726,6,ambulance_firetruck:6
daytona,2727,10,acousticguitar_violin:10
de,2728,48,acousticguitar_violin:11|ambulance_firetruck:28|cucumber_zucchini:9
deacon,2729,10,acousticguitar_violin:10
dead,2730,890,ant_bee:890
dealership,2731,5,ambulance_firetruck:5
debris,2732,598,ambulance_firetruck:43|ant_bee:539|cucumber_zucchini:13|hotpot_vase:3
debris-covered,2733,2,ant_bee:2
debris-filled,2734,1,ambulance_firetruck:1
debris-strewn,2735,2,ant_bee:2
decal,2736,26,acousticguitar_violin:6|ambulance_firetruck:20
decals,2737,65,acousticguitar_violin:19|ambulance_firetruck:42|hotpot_vase:4
decanter,2738,20,hotpot_vase:20
decanters,2739,2,hotpot_vase:2
decay,2740,47,ant_bee:41|cucumber_zucchini:4|hotpot_vase:2
decayed,2741,20,ant_bee:17|cucumber_zucchini:3
decaying,2742,117,ambulance_firetruck:1|ant_bee:115|cucumber_zucchini:1
deceased,2743,8,ant_bee:8
december,2744,2,ambulance_firetruck:2
deck,2745,120,acousticguitar_violin:29|ant_bee:6|cucumber_zucchini:74|hotpot_vase:11
decking,2746,1,cucumber_zucchini:1
decomposing,2747,4,ant_bee:4
decomposition,2748,5,ant_bee:5
decor,2749,168,acousticguitar_violin:23|ambulance_firetruck:3|cucumber_zucchini:1|hotpot_vase:141
decorated,2750,290,acousticguitar_violin:88|ambulance_firetruck:38|cucumber_zucchini:5|hotpot_vase:159
decorates,2751,2,ambulance_firetruck:2
decorating,2752,1,hotpot_vase:1
decoration,2753,99,acousticguitar_violin:2|ambulance_firetruck:13|hotpot_vase:84
decorations,2754,91,acousticguitar_violin:7|ambulance_firetruck:13|ant_bee:4|cucumber_zucchini:1|hotpot_vase:66
decorative,2755,1092,acousticguitar_violin:336|ambulance_firetruck:1|ant_bee:1|cucumber_zucchini:55|hotpot_vase:699
decoratively,2756,1,hotpot_vase:1
decoupaged,2757,1,hotpot_vase:1
decreasing,2758,21,acousticguitar_violin:18|hotpot_vase:3
dedicated,2759,2,ambulance_firetruck:2
dedication,2760,5,acousticguitar_violin:2|ambulance_firetruck:3
deep,2761,175,acousticguitar_violin:88|ambulance_firetruck:3|ant_bee:13|hotpot_vase:71
deep-red,2762,2,hotpot_vase:2
deeply,2763,13,acousticguitar_violin:13
deer,2764,25,acousticguitar_violin:23|hotpot_vase:2
deer-shaped,2765,1,hotpot_vase:1
defence,2766,16,ambulance_firetruck:16
defend,2767,1,ant_bee:1
defender,2768,22,ambulance_firetruck:22
defending,2769,1,ant_bee:1
deformed,2770,1,cucumber_zucchini:1
dehydrator,2771,18,cucumber_zucchini:18
deities,2772,2,hotpot_vase:2
deity,2773,10,hotpot_vase:10
del,2774,16,acousticguitar_violin:3|ambulance_firetruck:13
delavan,2775,12,ambulance_firetruck:12
delaware,2776,1,ambulance_firetruck:1
delegation,2777,5,ambulance_firetruck:5
deli,2778,5,ambulance_firetruck:5
deliberate,2779,1,hotpot_vase:1
delicate,2780,1075,acousticguitar_violin:3|ant_bee:912|cucumber_zucchini:13|hotpot_vase:147
delicately,2781,1,acousticguitar_violin:1
delicious,2782,41,cucumber_zucchini:13|hotpot_vase:28
deliciously,2783,1,cucumber_zucchini:1
delightful,2784,1,hotpot_vase:1
delivery,2785,10,ambulance_firetruck:10
della,2786,12,hotpot_vase:12
demand,2787,1,ambulance_firetruck:1
demanding,2788,1,ambulance_firetruck:1
demo,2789,1,ambulance_firetruck:1
demonstrates,2790,8,ambulance_firetruck:7|hotpot_vase:1
demonstrating,2791,2,hotpot_vase:2
demonstration,2792,1,hotpot_vase:1
denim,2793,7,acousticguitar_violin:3|ant_bee:3|cucumber_zucchini:1
dennis,2794,14,ambulance_firetruck:14
dense,2795,144,acousticguitar_violin:2|ambulance_firetruck:2|ant_bee:139|cucumber_zucchini:1
densely,2796,106,acousticguitar_violin:1|ant_bee:81|cucumber_zucchini:14|hotpot_vase:10
denver,2797,98,ambulance_firetruck:98
departing,2798,1,ambulance_firetruck:1
department,2799,806,ambulance_firetruck:806
depict,2800,3,hotpot_vase:3
depicted,2801,5,acousticguitar_violin:1|hotpot_vase:4
depicting,2802,116,ambulance_firetruck:2|hotpot_vase:114
depiction,2803,11,hotpot_vase:11
depicts,2804,4,hotpot_vase:4
deploy,2805,1,ambulance_firetruck:1
deployed,2806,21,ambulance_firetruck:19|ant_bee:2
depot,2807,3,ambulance_firetruck:3
dept,2808,734,ambulance_firetruck:734
depth,2809,25,acousticguitar_violin:19|ant_bee:5|cucumber_zucchini:1
depths,2810,1,ant_bee:1
der,2811,9,acousticguitar_violin:9
derry,2812,12,ambulance_firetruck:12
descending,2813,2,acousticguitar_violin:1|ant_bee:1
description,2814,84,acousticguitar_violin:12|ambulance_firetruck:9|ant_bee:10|cucumber_zucchini:22|hotpot_vase:31
descriptive,2815,2,acousticguitar_violin:2
desert,2816,152,ambulance_firetruck:116|ant_bee:35|hotpot_vase:1
design,2817,3070,acousticguitar_violin:923|ambulance_firetruck:186|ant_bee:5|cucumber_zucchini:7|hotpot_vase:1949
designated,2818,2,ambulance_firetruck:2
designed,2819,2,acousticguitar_violin:1|ambulance_firetruck:1
designs,2820,645,acousticguitar_violin:80|ambulance_firetruck:1|cucumber_zucchini:2|hotpot_vase:562
desio,2821,2,ambulance_firetruck:2
desk,2822,162,acousticguitar_violin:87|hotpot_vase:75
dessert,2823,23,ant_bee:14|cucumber_zucchini:8|hotpot_vase:1
desserts,2824,6,cucumber_zucchini:1|hotpot_vase:5
destroyed,2825,11,ambulance_firetruck:11
destruction,2826,3,ambulance_firetruck:3
detached,2827,2,acousticguitar_violin:1|ant_bee:1
detail,2828,427,acousticguitar_violin:198|ambulance_firetruck:3|ant_bee:216|cucumber_zucchini:6|hotpot_vase:4
detailed,2829,1369,acousticguitar_violin:378|ambulance_firetruck:11|ant_bee:963|cucumber_zucchini:1|hotpot_vase:16
detailing,2830,81,acousticguitar_violin:36|hotpot_vase:45
details,2831,381,acousticguitar_violin:47|ambulance_firetruck:213|ant_bee:82|hotpot_vase:39
determination,2832,1,ant_bee:1
detroit,2833,9,ambulance_firetruck:9
deutsches,2834,26,ambulance_firetruck:26
developing,2835,22,cucumber_zucchini:22
device,2836,4,acousticguitar_violin:3|ant_bee:1
devices,2837,16,ambulance_firetruck:16
devour,2838,3,ant_bee:3
devouring,2839,62,ant_bee:61|hotpot_vase:1
dew,2840,184,ant_bee:100|cucumber_zucchini:84
dew-covered,2841,106,ant_bee:74|cucumber_zucchini:32
dew-dappled,2842,1,ant_bee:1
dew-drenched,2843,4,ant_bee:2|cucumber_zucchini:2
dew-kissed,2844,5,ant_bee:3|cucumber_zucchini:2
dewdrop,2845,36,ant_bee:36
dewdrops,2846,186,ant_bee:124|cucumber_zucchini:62
dewy,2847,168,ant_bee:49|cucumber_zucchini:119
di,2848,82,acousticguitar_violin:17|ambulance_firetruck:65
diagonal,2849,18,acousticguitar_violin:1|ambulance_firetruck:4|hotpot_vase:13
diagonally,2850,107,acousticguitar_violin:44|cucumber_zucchini:63
diagram,2851,60,acousticguitar_violin:60
diakonie,2852,4,ambulance_firetruck:4
dial,2853,25,ambulance_firetruck:18|hotpot_vase:7
diameter,2854,4,hotpot_vase:4
diamond,2855,36,acousticguitar_violin:9|ambulance_firetruck:7|hotpot_vase:20
diamond-cut,2856,11,hotpot_vase:11
diamond-patterned,2857,6,hotpot_vase:6
diamond-plate,2858,1,ambulance_firetruck:1
diarte,2859,1,acousticguitar_violin:1
dice,2860,3,cucumber_zucchini:3
diced,2861,56,cucumber_zucchini:48|hotpot_vase:8
dickson,2862,7,ambulance_firetruck:7
die,2863,72,ambulance_firetruck:72
diecast,2864,2,acousticguitar_violin:2
diego,2865,41,ambulance_firetruck:32|ant_bee:9
dierenambulance,2866,2,ambulance_firetruck:2
difference,2867,1,ant_bee:1
different,2868,54,acousticguitar_violin:39|cucumber_zucchini:8|hotpot_vase:7
different-sized,2869,1,cucumber_zucchini:1
diffused,2870,1,ant_bee:1
dig,2871,1,ant_bee:1
digging,2872,14,ant_bee:14
digital,2873,72,acousticguitar_violin:27|ant_bee:1|cucumber_zucchini:20|hotpot_vase:24
dignified,2874,5,acousticguitar_violin:5
dilapidated,2875,1,ambulance_firetruck:1
diligence,2876,2,ant_bee:2
diligently,2877,1,ant_bee:1
dill,2878,219,cucumber_zucchini:219
dilled,2879,7,cucumber_zucchini:7
dim,2880,146,acousticguitar_violin:115|ambulance_firetruck:2|ant_bee:15|cucumber_zucchini:4|hotpot_vase:10
dimension,2881,3,acousticguitar_violin:3
dimensions,2882,21,acousticguitar_violin:17|hotpot_vase:4
dimly,2883,234,acousticguitar_violin:180|ambulance_firetruck:27|ant_bee:5|cucumber_zucchini:6|hotpot_vase:16
dimly-lit,2884,1,acousticguitar_violin:1
diner,2885,10,acousticguitar_violin:5|hotpot_vase:5
diners,2886,136,hotpot_vase:136
dining,2887,579,acousticguitar_violin:2|ambulance_firetruck:1|cucumber_zucchini:10|hotpot_vase:566
dinner,2888,464,acousticguitar_violin:13|cucumber_zucchini:7|hotpot_vase:444
"dinner,火锅",2889,1,hotpot_vase:1
diorama,2890,1,ant_bee:1
dip,2891,205,cucumber_zucchini:203|hotpot_vase:2
dipped,2892,2,hotpot_vase:2
dipping,2893,103,cucumber_zucchini:21|hotpot_vase:82
dips,2894,5,cucumber_zucchini:4|hotpot_vase:1
direct,2895,1,acousticguitar_violin:1
directing,2896,12,ambulance_firetruck:12
direction,2897,10,acousticguitar_violin:10
directions,2898,2,ant_bee:2
directly,2899,5,acousticguitar_violin:5
directs,2900,9,ambulance_firetruck:9
dirt,2901,178,ambulance_firetruck:81|ant_bee:89|cucumber_zucchini:8
dirt-covered,2902,1,cucumber_zucchini:1
dirty,2903,34,ambulance_firetruck:7|ant_bee:27
disability,2904,1,ambulance_firetruck:1
disabled,2905,2,ambulance_firetruck:2
disarray,2906,1,ambulance_firetruck:1
disassembled,2907,11,acousticguitar_violin:10|hotpot_vase:1
disaster,2908,4,ambulance_firetruck:4
disc,2909,1,ant_bee:1
discarded,2910,52,acousticguitar_violin:1|ant_bee:46|cucumber_zucchini:5
discernible,2911,1,ant_bee:1
discoloration,2912,2,cucumber_zucchini:2
dish,2913,530,acousticguitar_violin:2|ambulance_firetruck:16|ant_bee:7|cucumber_zucchini:148|hotpot_vase:357
dishes,2914,508,cucumber_zucchini:57|hotpot_vase:451
dishwasher,2915,3,cucumber_zucchini:3
disk,2916,6,ant_bee:6
dismembering,2917,3,ant_bee:3
dispatch,2918,6,ambulance_firetruck:6
dispatcher,2919,2,ambulance_firetruck:2
dispenser,2920,1,hotpot_vase:1
display,2921,2201,acousticguitar_violin:583|ambulance_firetruck:878|ant_bee:33|cucumber_zucchini:446|hotpot_vase:261
displayed,2922,2359,acousticguitar_violin:1002|ambulance_firetruck:150|ant_bee:17|cucumber_zucchini:704|hotpot_vase:486
displayed-one,2923,2,acousticguitar_violin:2
displaying,2924,31,acousticguitar_violin:3|ambulance_firetruck:10|ant_bee:2|cucumber_zucchini:15|hotpot_vase:1
displays,2925,31,acousticguitar_violin:23|ant_bee:1|cucumber_zucchini:4|hotpot_vase:3
dist,2926,5,ambulance_firetruck:5
distance,2927,6,acousticguitar_violin:2|ambulance_firetruck:2|ant_bee:1|cucumber_zucchini:1
distant,2928,8,acousticguitar_violin:4|ambulance_firetruck:3|cucumber_zucchini:1
distinct,2929,28,acousticguitar_violin:11|ant_bee:6|cucumber_zucchini:1|hotpot_vase:10
distinctive,2930,1,acousticguitar_violin:1
distinctively,2931,1,ant_bee:1
distorted,2932,10,acousticguitar_violin:6|hotpot_vase:4
distortion,2933,1,acousticguitar_violin:1
distressed,2934,11,acousticguitar_violin:7|hotpot_vase:4
district,2935,34,ambulance_firetruck:34
ditch,2936,1,ambulance_firetruck:1
diverse,2937,91,acousticguitar_violin:25|ant_bee:5|cucumber_zucchini:20|hotpot_vase:41
divide,2938,1,hotpot_vase:1
divided,2939,271,acousticguitar_violin:1|cucumber_zucchini:4|hotpot_vase:266
divider,2940,14,hotpot_vase:14
division,2941,1,ambulance_firetruck:1
dj,2942,9,acousticguitar_violin:9
dlouhy,2943,12,ambulance_firetruck:12
dobbs,2944,7,ambulance_firetruck:7
dock,2945,18,acousticguitar_violin:1|ambulance_firetruck:17
docked,2946,21,ambulance_firetruck:21
dockside,2947,4,ambulance_firetruck:4
document,2948,6,acousticguitar_violin:6
documents,2949,1,acousticguitar_violin:1
dodge,2950,14,ambulance_firetruck:14
dog,2951,244,acousticguitar_violin:40|ambulance_firetruck:95|cucumber_zucchini:108|hotpot_vase:1
dogs,2952,26,ambulance_firetruck:26
doilies,2953,3,ant_bee:3
doily,2954,35,hotpot_vase:35
doing,2955,6,ambulance_firetruck:6
doll,2956,55,acousticguitar_violin:36|cucumber_zucchini:19
doll-sized,2957,1,cucumber_zucchini:1
dollar,2958,17,ant_bee:1|cucumber_zucchini:16
dollhouse,2959,4,cucumber_zucchini:4
dollops,2960,5,cucumber_zucchini:5
dolls,2961,25,acousticguitar_violin:10|hotpot_vase:15
dolmas,2962,1,cucumber_zucchini:1
dolphin,2963,2,hotpot_vase:2
dome,2964,19,ambulance_firetruck:15|ant_bee:1|hotpot_vase:3
dome-shaped,2965,1,ant_bee:1
domed,2966,14,ambulance_firetruck:9|hotpot_vase:5
domes,2967,5,ambulance_firetruck:5
dominance,2968,1,ant_bee:1
dominate,2969,1,ant_bee:1
dominates,2970,1,ambulance_firetruck:1
donate,2971,3,ambulance_firetruck:3
donated,2972,27,ambulance_firetruck:27
donation,2973,38,acousticguitar_violin:3|ambulance_firetruck:35
donations,2974,9,acousticguitar_violin:5|ambulance_firetruck:4
donkey,2975,18,ambulance_firetruck:18
donor,2976,4,ambulance_firetruck:4
donors,2977,5,ambulance_firetruck:5
donut,2978,22,ant_bee:15|cucumber_zucchini:7
donut-shaped,2979,5,cucumber_zucchini:5
doodle,2980,2,acousticguitar_violin:2
doodles,2981,11,acousticguitar_violin:10|hotpot_vase:1
door,2982,693,acousticguitar_violin:270|ambulance_firetruck:387|cucumber_zucchini:12|hotpot_vase:24
door-open,2983,1,ambulance_firetruck:1
doorframe,2984,3,acousticguitar_violin:3
doorknob,2985,2,acousticguitar_violin:2
doorman,2986,4,ambulance_firetruck:4
doors,2987,676,acousticguitar_violin:40|ambulance_firetruck:619|hotpot_vase:17
doorstep,2988,2,cucumber_zucchini:2
doorway,2989,23,acousticguitar_violin:18|ambulance_firetruck:2|hotpot_vase:3
dor,2990,1,acousticguitar_violin:1
dora,2991,3,ambulance_firetruck:3
dot,2992,82,acousticguitar_violin:58|ant_bee:4|hotpot_vase:20
dots,2993,122,acousticguitar_violin:26|ant_bee:4|hotpot_vase:92
dotted,2994,28,acousticguitar_violin:1|ant_bee:6|cucumber_zucchini:2|hotpot_vase:19
double,2995,59,acousticguitar_violin:50|ambulance_firetruck:5|hotpot_vase:4
double-bass,2996,1,acousticguitar_violin:1
double-boiler,2997,2,hotpot_vase:2
double-decker,2998,3,ambulance_firetruck:3
double-exposure,2999,1,acousticguitar_violin:1
double-gourd,3000,3,hotpot_vase:3
double-neck,3001,20,acousticguitar_violin:20
double-spouted,3002,1,hotpot_vase:1
double-view,3003,1,acousticguitar_violin:1
dough,3004,6,hotpot_vase:6
doughnut,3005,1,ant_bee:1
douglas,3006,14,ambulance_firetruck:14
dove,3007,36,acousticguitar_violin:36
down,3008,974,acousticguitar_violin:45|ambulance_firetruck:905|ant_bee:13|hotpot_vase:11
downcast,3009,2,acousticguitar_violin:2
downtown,3010,8,acousticguitar_violin:1|ambulance_firetruck:7
downward,3011,1,ant_bee:1
drag,3012,3,ambulance_firetruck:1|ant_bee:2
dragged,3013,9,ambulance_firetruck:9
dragging,3014,295,ambulance_firetruck:6|ant_bee:289
dragon,3015,480,acousticguitar_violin:3|cucumber_zucchini:10|hotpot_vase:467
dragon-adorned,3016,11,hotpot_vase:11
dragon-decorated,3017,4,hotpot_vase:4
dragon-handled,3018,5,hotpot_vase:5
dragon-patterned,3019,4,hotpot_vase:4
dragon-shaped,3020,2,hotpot_vase:2
dragonflies,3021,6,hotpot_vase:6
dragonfly,3022,49,ant_bee:20|hotpot_vase:29
dragons,3023,60,hotpot_vase:60
drags,3024,6,ambulance_firetruck:4|ant_bee:2
dragstrip,3025,3,ambulance_firetruck:3
dragway,3026,3,ambulance_firetruck:3
drain,3027,2,acousticguitar_violin:2
drainboard,3028,1,cucumber_zucchini:1
drama,3029,1,ant_bee:1
dramatic,3030,93,acousticguitar_violin:74|ambulance_firetruck:5|ant_bee:5|cucumber_zucchini:8|hotpot_vase:1
dramatically,3031,16,acousticguitar_violin:13|ambulance_firetruck:1|ant_bee:1|hotpot_vase:1
draped,3032,42,acousticguitar_violin:27|hotpot_vase:15
drapes,3033,12,ambulance_firetruck:11|hotpot_vase:1
drawer,3034,4,cucumber_zucchini:4
drawers,3035,4,acousticguitar_violin:4
drawing,3036,9,hotpot_vase:9
drawings,3037,10,hotpot_vase:10
drawn,3038,3,acousticguitar_violin:1|hotpot_vase:2
dreadlocked,3039,7,acousticguitar_violin:7
dreadlocks,3040,25,acousticguitar_violin:20|cucumber_zucchini:5
dreadnought,3041,20,acousticguitar_violin:20
dream,3042,1,acousticguitar_violin:1
dreaming,3043,1,acousticguitar_violin:1
dreams,3044,1,acousticguitar_violin:1
dreamy,3045,6,acousticguitar_violin:3|hotpot_vase:3
dress,3046,181,acousticguitar_violin:178|ambulance_firetruck:2|cucumber_zucchini:1
dressed,3047,59,acousticguitar_violin:44|cucumber_zucchini:15
dressed-up,3048,1,acousticguitar_violin:1
dresser,3049,39,acousticguitar_violin:23|cucumber_zucchini:1|hotpot_vase:15
dressing,3050,70,acousticguitar_violin:1|cucumber_zucchini:69
dried,3051,324,acousticguitar_violin:3|ant_bee:161|cucumber_zucchini:40|hotpot_vase:120
driftwood,3052,42,hotpot_vase:42
drill,3053,23,ambulance_firetruck:3|hotpot_vase:20
drilled,3054,2,hotpot_vase:2
drink,3055,83,acousticguitar_violin:5|cucumber_zucchini:26|hotpot_vase:52
drinking,3056,185,ant_bee:173|cucumber_zucchini:7|hotpot_vase:5
drinks,3057,168,acousticguitar_violin:6|ant_bee:9|cucumber_zucchini:24|hotpot_vase:129
drip,3058,75,hotpot_vase:75
drip-patterned,3059,2,hotpot_vase:2
dripped,3060,5,hotpot_vase:5
dripping,3061,38,ambulance_firetruck:1|hotpot_vase:37
drips,3062,19,hotpot_vase:19
drive,3063,23,ambulance_firetruck:23
drive-in,3064,4,ambulance_firetruck:4
driver,3065,283,ambulance_firetruck:282|hotpot_vase:1
driver's,3066,13,ambulance_firetruck:13
drivers,3067,7,ambulance_firetruck:7
drives,3068,631,ambulance_firetruck:631
driveway,3069,57,ambulance_firetruck:55|ant_bee:2
driving,3070,1245,ambulance_firetruck:1245
drizzle,3071,6,cucumber_zucchini:6
drizzled,3072,6,cucumber_zucchini:6
drk,3073,2,ambulance_firetruck:2
drk-fahrservice,3074,1,ambulance_firetruck:1
droid,3075,6,cucumber_zucchini:6
drooping,3076,3,ant_bee:1|cucumber_zucchini:2
drop,3077,39,ant_bee:39
droplet,3078,71,ant_bee:70|cucumber_zucchini:1
droplet-covered,3079,1,hotpot_vase:1
droplets,3080,398,ant_bee:74|cucumber_zucchini:308|hotpot_vase:16
dropped,3081,1,ambulance_firetruck:1
dropper,3082,1,hotpot_vase:1
dropping,3083,2,hotpot_vase:2
droppings,3084,14,ant_bee:14
drops,3085,96,acousticguitar_violin:1|ant_bee:40|cucumber_zucchini:50|hotpot_vase:5
drowning,3086,3,ant_bee:3
drum,3087,71,acousticguitar_violin:71
drummer,3088,20,acousticguitar_violin:20
drums,3089,105,acousticguitar_violin:105
drumset,3090,1,acousticguitar_violin:1
dry,3091,573,acousticguitar_violin:4|ambulance_firetruck:15|ant_bee:541|cucumber_zucchini:13
drying,3092,23,acousticguitar_violin:4|cucumber_zucchini:12|hotpot_vase:7
du,3093,7,acousticguitar_violin:7
dual,3094,208,acousticguitar_violin:14|ambulance_firetruck:2|ant_bee:5|hotpot_vase:187
dual-boil,3095,4,hotpot_vase:4
dual-boiling,3096,1,hotpot_vase:1
dual-broth,3097,18,hotpot_vase:18
dual-faced,3098,1,hotpot_vase:1
dual-flavor,3099,28,hotpot_vase:28
dual-flavored,3100,7,hotpot_vase:7
dual-form,3101,1,hotpot_vase:1
dual-neck,3102,3,acousticguitar_violin:3
dual-soup,3103,15,hotpot_vase:15
dual-spout,3104,2,hotpot_vase:2
dual-spouted,3105,2,hotpot_vase:2
dual-tone,3106,4,acousticguitar_violin:3|hotpot_vase:1
dual-toned,3107,3,acousticguitar_violin:3
dual-view,3108,1,ant_bee:1
dualit,3109,17,hotpot_vase:17
dublin,3110,4,ambulance_firetruck:4
duchy,3111,2,cucumber_zucchini:2
duck,3112,1,hotpot_vase:1
duck-handle,3113,1,hotpot_vase:1
dulcimer,3114,1,acousticguitar_violin:1
dump,3115,10,ambulance_firetruck:10
dumpling,3116,30,hotpot_vase:30
dumpling-topped,3117,1,hotpot_vase:1
dumplings,3118,578,cucumber_zucchini:29|hotpot_vase:549
dumpster,3119,20,ambulance_firetruck:20
dunes,3120,1,ambulance_firetruck:1
duo,3121,30,acousticguitar_violin:30
during,3122,132,acousticguitar_violin:44|ambulance_firetruck:87|ant_bee:1
dusk,3123,185,acousticguitar_violin:18|ambulance_firetruck:160|ant_bee:7
dusky,3124,1,ant_bee:1
dust,3125,4,ant_bee:4
dusted,3126,8,ambulance_firetruck:1|ant_bee:7
dusty,3127,28,acousticguitar_violin:1|ambulance_firetruck:21|ant_bee:6
dutch,3128,99,ambulance_firetruck:28|cucumber_zucchini:1|hotpot_vase:70
duties,3129,2,ambulance_firetruck:2
duty,3130,38,ambulance_firetruck:38
duvel,3131,14,hotpot_vase:14
dvd,3132,40,acousticguitar_violin:40
dvds,3133,6,acousticguitar_violin:6
dwarfing,3134,1,cucumber_zucchini:1
dx1,3135,3,acousticguitar_violin:3
dyer,3136,12,ambulance_firetruck:12
dying,3137,1,ant_bee:1
dyl080174b,3138,2,hotpot_vase:2
dynamic,3139,20,acousticguitar_violin:16|ant_bee:2|hotpot_vase:2
dynamically,3140,9,acousticguitar_violin:2|ambulance_firetruck:2|cucumber_zucchini:5
dyreambulance,3141,7,ambulance_firetruck:7
dzack,3142,1,cucumber_zucchini:1
décor,3143,3,hotpot_vase:3
e,3144,2,hotpot_vase:2
e-11,3145,5,ambulance_firetruck:5
e-14,3146,2,ambulance_firetruck:2
e-3,3147,4,ambulance_firetruck:4
e-4,3148,1,ambulance_firetruck:1
e-68,3149,5,ambulance_firetruck:5
e-9,3150,1,ambulance_firetruck:1
e1,3151,7,ambulance_firetruck:7
e12,3152,2,ambulance_firetruck:2
e13,3153,1,ambulance_firetruck:1
e14,3154,5,ambulance_firetruck:5
e15,3155,5,ambulance_firetruck:5
e18,3156,8,ambulance_firetruck:8
e2,3157,16,ambulance_firetruck:16
e201,3158,8,ambulance_firetruck:8
e21,3159,2,ambulance_firetruck:2
e210,3160,10,ambulance_firetruck:10
e221,3161,4,ambulance_firetruck:4
e24,3162,5,ambulance_firetruck:5
e263,3163,2,ambulance_firetruck:2
e28,3164,16,ambulance_firetruck:16
e3,3165,7,ambulance_firetruck:7
e34,3166,20,ambulance_firetruck:20
e4,3167,6,ambulance_firetruck:6
e5,3168,6,ambulance_firetruck:6
e72,3169,1,ambulance_firetruck:1
e8,3170,2,ambulance_firetruck:2
e95,3171,8,ambulance_firetruck:8
each,3172,131,acousticguitar_violin:32|ant_bee:40|cucumber_zucchini:40|hotpot_vase:19
eager,3173,1,hotpot_vase:1
eagerly,3174,9,ant_bee:1|cucumber_zucchini:2|hotpot_vase:6
eagle,3175,27,acousticguitar_violin:27
eagle-adorned,3176,4,acousticguitar_violin:4
eagle-headed,3177,1,acousticguitar_violin:1
ear,3178,3,hotpot_vase:3
early,3179,3,ambulance_firetruck:3
earnest,3180,2,acousticguitar_violin:2
earpiece,3181,1,acousticguitar_violin:1
earrings,3182,13,acousticguitar_violin:13
ears,3183,19,acousticguitar_violin:17|ant_bee:1|cucumber_zucchini:1
earth,3184,45,ant_bee:39|cucumber_zucchini:1|hotpot_vase:5
earth-toned,3185,17,ant_bee:5|hotpot_vase:12
earthen,3186,12,hotpot_vase:12
earthenware,3187,358,hotpot_vase:358
earthy,3188,218,ant_bee:26|cucumber_zucchini:6|hotpot_vase:186
earthy-toned,3189,20,hotpot_vase:20
earwig,3190,34,ant_bee:34
east,3191,6,ambulance_firetruck:4|hotpot_vase:2
eastern,3192,2,hotpot_vase:2
eastern-style,3193,2,hotpot_vase:2
easthampton,3194,5,ambulance_firetruck:5
eastman,3195,20,acousticguitar_violin:20
eastside,3196,5,ambulance_firetruck:5
eat,3197,48,ant_bee:4|cucumber_zucchini:2|hotpot_vase:42
eaten,3198,8,ant_bee:2|cucumber_zucchini:1|hotpot_vase:5
eating,3199,272,acousticguitar_violin:1|ambulance_firetruck:3|ant_bee:57|cucumber_zucchini:40|hotpot_vase:171
eaton,3200,3,ambulance_firetruck:3
eats,3201,19,acousticguitar_violin:2|ant_bee:3|cucumber_zucchini:3|hotpot_vase:11
eave,3202,2,ant_bee:2
ebony,3203,5,acousticguitar_violin:5
ec-1,3204,2,ambulance_firetruck:2
ecco,3205,20,ambulance_firetruck:20
eclectic,3206,32,acousticguitar_violin:7|hotpot_vase:25
eco,3207,14,ambulance_firetruck:14
eco-friendly,3208,6,hotpot_vase:6
economic,3209,1,ambulance_firetruck:1
ecosystem,3210,2,ant_bee:2
ed,3211,17,cucumber_zucchini:17
edamame,3212,28,cucumber_zucchini:28
edge,3213,221,acousticguitar_violin:21|ambulance_firetruck:1|ant_bee:184|cucumber_zucchini:5|hotpot_vase:10
edges,3214,184,acousticguitar_violin:91|ambulance_firetruck:1|ant_bee:57|cucumber_zucchini:24|hotpot_vase:11
edgy,3215,2,acousticguitar_violin:2
edible,3216,6,ant_bee:3|cucumber_zucchini:2|hotpot_vase:1
edmonds,3217,5,ambulance_firetruck:5
edmonton,3218,10,ambulance_firetruck:10
education,3219,7,acousticguitar_violin:2|ambulance_firetruck:5
eel,3220,4,hotpot_vase:4
eerie,3221,2,acousticguitar_violin:1|hotpot_vase:1
effect,3222,17,acousticguitar_violin:3|ambulance_firetruck:4|ant_bee:2|hotpot_vase:8
effects,3223,8,acousticguitar_violin:7|ant_bee:1
egg,3224,550,ant_bee:149|cucumber_zucchini:39|hotpot_vase:362
egg-like,3225,4,ant_bee:4
egg-shaped,3226,8,ant_bee:8
egg-topped,3227,5,hotpot_vase:5
eggplant,3228,250,cucumber_zucchini:174|hotpot_vase:76
eggplants,3229,299,cucumber_zucchini:299
eggplants-arranged,3230,1,cucumber_zucchini:1
eggs,3231,479,ant_bee:213|cucumber_zucchini:159|hotpot_vase:107
eggs-savory,3232,1,cucumber_zucchini:1
egyptian,3233,11,hotpot_vase:11
egyptian-style,3234,29,hotpot_vase:29
ehs,3235,20,ambulance_firetruck:20
eiffel,3236,14,hotpot_vase:14
eight,3237,12,acousticguitar_violin:2|ambulance_firetruck:3|ant_bee:3|cucumber_zucchini:3|hotpot_vase:1
einbahnstraße,3238,1,ambulance_firetruck:1
einsatzleitung,3239,4,ambulance_firetruck:4
einstein,3240,40,acousticguitar_violin:40
eisbro,3241,1,acousticguitar_violin:1
either,3242,1,acousticguitar_violin:1
eka,3243,1,ambulance_firetruck:1
el,3244,34,ambulance_firetruck:34
elaborate,3245,32,hotpot_vase:32
elaborately,3246,5,acousticguitar_violin:1|hotpot_vase:4
elder,3247,1,acousticguitar_violin:1
elderly,3248,323,acousticguitar_violin:294|hotpot_vase:29
electric,3249,1464,acousticguitar_violin:1357|ambulance_firetruck:2|ant_bee:1|cucumber_zucchini:14|hotpot_vase:90
electric-acoustic,3250,25,acousticguitar_violin:25
electric-in,3251,1,acousticguitar_violin:1
electric-lean,3252,3,acousticguitar_violin:3
electric-nestled,3253,1,acousticguitar_violin:1
electric-on,3254,1,acousticguitar_violin:1
electric-rest,3255,3,acousticguitar_violin:3
electric-stand,3256,1,acousticguitar_violin:1
electric-with,3257,3,acousticguitar_violin:3
electrical,3258,10,ant_bee:4|hotpot_vase:6
electricity,3259,1,ant_bee:1
electronic,3260,21,acousticguitar_violin:21
electronics,3261,69,acousticguitar_violin:68|hotpot_vase:1
elegance,3262,194,acousticguitar_violin:180|ant_bee:2|hotpot_vase:12
elegant,3263,4041,acousticguitar_violin:2193|ambulance_firetruck:3|ant_bee:7|cucumber_zucchini:30|hotpot_vase:1808
"elegant,青瓷",3264,1,hotpot_vase:1
elegantly,3265,41,acousticguitar_violin:28|cucumber_zucchini:2|hotpot_vase:11
elegant青瓷,3266,1,hotpot_vase:1
elements,3267,4,ant_bee:1|hotpot_vase:3
elephant,3268,16,hotpot_vase:16
elephant-shaped,3269,1,hotpot_vase:1
elevated,3270,27,ambulance_firetruck:27
eleven,3271,3,ambulance_firetruck:3
eliot,3272,4,hotpot_vase:4
elite,3273,16,acousticguitar_violin:16
eliza,3274,5,ambulance_firetruck:5
elk,3275,59,ambulance_firetruck:59
ellington,3276,9,ambulance_firetruck:9
elmhira,3277,6,ambulance_firetruck:6
elmhurst,3278,1,ambulance_firetruck:1
elmira,3279,4,ambulance_firetruck:4
elmiran,3280,1,ambulance_firetruck:1
elmiria,3281,3,ambulance_firetruck:3
elongated,3282,78,ant_bee:11|cucumber_zucchini:66|hotpot_vase:1
else,3283,1,acousticguitar_violin:1
elvis,3284,30,acousticguitar_violin:30
elvis-themed,3285,2,acousticguitar_violin:2
emanate,3286,6,hotpot_vase:6
embedded,3287,24,acousticguitar_violin:3|ant_bee:1|cucumber_zucchini:14|hotpot_vase:6
embellishments,3288,29,acousticguitar_violin:3|ant_bee:1|hotpot_vase:25
emblem,3289,268,acousticguitar_violin:3|ambulance_firetruck:259|hotpot_vase:6
emblems,3290,9,ambulance_firetruck:9
embossed,3291,40,hotpot_vase:40
embossing,3292,26,hotpot_vase:26
embrace,3293,3,acousticguitar_violin:1|hotpot_vase:2
embracing,3294,20,acousticguitar_violin:3|ambulance_firetruck:1|ant_bee:10|hotpot_vase:6
embroidered,3295,23,acousticguitar_violin:16|cucumber_zucchini:7
embroidery,3296,4,acousticguitar_violin:1|cucumber_zucchini:1|hotpot_vase:2
emerald,3297,8,acousticguitar_violin:2|hotpot_vase:6
emerge,3298,4,ant_bee:4
emergence,3299,1,ant_bee:1
emergencias,3300,1,ambulance_firetruck:1
emergencies,3301,5,ambulance_firetruck:5
emergency,3302,3775,ambulance_firetruck:3775
emergenza,3303,2,ambulance_firetruck:2
emerges,3304,15,ambulance_firetruck:1|ant_bee:14
emerging,3305,66,ant_bee:65|cucumber_zucchini:1
emi,3306,15,ambulance_firetruck:15
emiliani,3307,9,acousticguitar_violin:9
emily,3308,1,hotpot_vase:1
emits,3309,5,ambulance_firetruck:5
emitting,3310,6,ambulance_firetruck:6
emotion,3311,3,acousticguitar_violin:3
emotional,3312,2,acousticguitar_violin:2
emotive,3313,1,acousticguitar_violin:1
empire,3314,10,ambulance_firetruck:10
empty,3315,16,acousticguitar_violin:2|ant_bee:4|hotpot_vase:10
ems,3316,153,ambulance_firetruck:153
emt,3317,12,ambulance_firetruck:12
emts,3318,18,ambulance_firetruck:18
en,3319,6,ambulance_firetruck:5|ant_bee:1
enamel,3320,31,cucumber_zucchini:3|hotpot_vase:28
enameled,3321,4,hotpot_vase:4
encase,3322,2,hotpot_vase:2
encased,3323,14,ant_bee:13|hotpot_vase:1
encasing,3324,2,ant_bee:2
enchanted,3325,1,hotpot_vase:1
enchilada,3326,11,cucumber_zucchini:11
encircle,3327,1,ant_bee:1
enclosure,3328,1,ant_bee:1
encore,3329,12,acousticguitar_violin:12
encounter,3330,2,ant_bee:2
end,3331,76,ambulance_firetruck:5|ant_bee:6|cucumber_zucchini:65
endpin,3332,4,acousticguitar_violin:4
endpins,3333,3,acousticguitar_violin:3
ends,3334,31,acousticguitar_violin:2|cucumber_zucchini:29
energetic,3335,36,acousticguitar_violin:36
energetically,3336,5,acousticguitar_violin:5
energy,3337,10,acousticguitar_violin:10
eng,3338,12,ambulance_firetruck:12
engaged,3339,41,acousticguitar_violin:38|ant_bee:3
engagement,3340,2,ambulance_firetruck:2
engaging,3341,3,acousticguitar_violin:3
engine,3342,1137,ambulance_firetruck:1137
engine-10,3343,1,ambulance_firetruck:1
engines,3344,7,ambulance_firetruck:7
english,3345,2,ambulance_firetruck:1|ant_bee:1
engraved,3346,61,acousticguitar_violin:20|ant_bee:1|hotpot_vase:40
engraving,3347,23,ant_bee:1|hotpot_vase:22
engravings,3348,20,hotpot_vase:20
engulf,3349,1,ambulance_firetruck:1
engulfed,3350,10,ambulance_firetruck:5|ant_bee:5
engulfing,3351,6,ambulance_firetruck:6
enhancing,3352,2,acousticguitar_violin:1|ant_bee:1
enjoy,3353,20,ambulance_firetruck:4|hotpot_vase:16
enjoyed,3354,6,hotpot_vase:6
enjoying,3355,207,acousticguitar_violin:5|ambulance_firetruck:4|hotpot_vase:198
enjoyment,3356,2,hotpot_vase:2
enjoys,3357,43,acousticguitar_violin:1|ambulance_firetruck:2|hotpot_vase:40
enlarged,3358,4,ant_bee:4
enoki,3359,92,cucumber_zucchini:35|hotpot_vase:57
enormous,3360,3,cucumber_zucchini:3
ensemble,3361,33,acousticguitar_violin:33
ensnares,3362,1,ant_bee:1
ensnaring,3363,1,ant_bee:1
ensues,3364,2,ant_bee:2
entangled,3365,20,ant_bee:20
enter,3366,3,ant_bee:3
entering,3367,31,ambulance_firetruck:4|ant_bee:27
enters,3368,9,ambulance_firetruck:2|ant_bee:7
entertains,3369,7,acousticguitar_violin:7
enthusiastic,3370,1,cucumber_zucchini:1
enthusiastically,3371,1,hotpot_vase:1
entomology,3372,1,ant_bee:1
entrance,3373,501,acousticguitar_violin:3|ambulance_firetruck:149|ant_bee:342|hotpot_vase:7
entrances,3374,3,ant_bee:3
entryway,3375,9,hotpot_vase:9
entwined,3376,6,acousticguitar_violin:1|cucumber_zucchini:5
envelope,3377,3,acousticguitar_violin:3
environment,3378,3,ant_bee:3
eperata,3379,1,ambulance_firetruck:1
ephemeral,3380,4,hotpot_vase:4
ephrata,3381,2,ambulance_firetruck:2
epi,3382,2,acousticguitar_violin:2
epiphone,3383,65,acousticguitar_violin:65
epirata,3384,3,ambulance_firetruck:3
eq,3385,3,acousticguitar_violin:3
equalizer,3386,2,acousticguitar_violin:2
equipment,3387,702,acousticguitar_violin:12|ambulance_firetruck:690
equipped,3388,24,ambulance_firetruck:24
er,3389,7,ambulance_firetruck:7
ergo,3390,1,acousticguitar_violin:1
ergonomic,3391,19,acousticguitar_violin:19
error,3392,2,ant_bee:2
erupting,3393,2,ant_bee:2
erupts,3394,1,ambulance_firetruck:1
escalators,3395,1,ant_bee:1
escape,3396,23,ambulance_firetruck:23
escort,3397,12,ambulance_firetruck:12
escorted,3398,1,ambulance_firetruck:1
escorting,3399,1,ambulance_firetruck:1
española,3400,3,ambulance_firetruck:3
estonian,3401,1,ambulance_firetruck:1
etched,3402,233,acousticguitar_violin:1|hotpot_vase:232
etching,3403,87,hotpot_vase:87
etchings,3404,47,hotpot_vase:47
ethereal,3405,1,hotpot_vase:1
ethnic,3406,1,cucumber_zucchini:1
eu,3407,2,ambulance_firetruck:2
eucalyptus,3408,12,hotpot_vase:12
euclid,3409,13,ambulance_firetruck:13
eugenio,3410,18,acousticguitar_violin:18
eugeno,3411,1,acousticguitar_violin:1
europcar,3412,12,ambulance_firetruck:12
european,3413,24,ambulance_firetruck:23|hotpot_vase:1
european-style,3414,1,hotpot_vase:1
evacuation,3415,1,ambulance_firetruck:1
evening,3416,5,acousticguitar_violin:2|ambulance_firetruck:3
event,3417,546,acousticguitar_violin:56|ambulance_firetruck:486|cucumber_zucchini:3|hotpot_vase:1
events,3418,6,ambulance_firetruck:6
evergreen,3419,23,acousticguitar_violin:5|ambulance_firetruck:18
everly,3420,19,acousticguitar_violin:19
every,3421,1,ambulance_firetruck:1
evident,3422,14,acousticguitar_violin:8|ambulance_firetruck:4|ant_bee:2
evoke,3423,2,acousticguitar_violin:2
evoking,3424,16,acousticguitar_violin:16
evolution,3425,1,hotpot_vase:1
evolves,3426,1,hotpot_vase:1
exactly,3427,12,acousticguitar_violin:1|ambulance_firetruck:2|ant_bee:1|cucumber_zucchini:3|hotpot_vase:5
exaggerated,3428,6,hotpot_vase:6
examine,3429,2,acousticguitar_violin:1|ambulance_firetruck:1
examines,3430,23,acousticguitar_violin:14|ant_bee:2|cucumber_zucchini:5|hotpot_vase:2
examining,3431,20,acousticguitar_violin:10|ant_bee:1|cucumber_zucchini:9
excavator,3432,2,ambulance_firetruck:2
except,3433,2,cucumber_zucchini:2
exchanging,3434,1,ant_bee:1
excited,3435,16,ambulance_firetruck:4|cucumber_zucchini:2|hotpot_vase:10
excitedly,3436,7,cucumber_zucchini:3|hotpot_vase:4
exercise,3437,2,ambulance_firetruck:2
exhibit,3438,52,acousticguitar_violin:23|ambulance_firetruck:20|ant_bee:2|hotpot_vase:7
exhibition,3439,98,acousticguitar_violin:11|ambulance_firetruck:86|cucumber_zucchini:1
exhibitors,3440,1,acousticguitar_violin:1
exit,3441,30,ambulance_firetruck:28|ant_bee:2
exiting,3442,46,ambulance_firetruck:42|ant_bee:4
exits,3443,35,ambulance_firetruck:34|ant_bee:1
exoskeleton,3444,50,ant_bee:50
exoskeletons,3445,2,ant_bee:2
exotic,3446,2,acousticguitar_violin:1|hotpot_vase:1
experience,3447,7,hotpot_vase:7
explaining,3448,2,ambulance_firetruck:2
explains,3449,7,ambulance_firetruck:7
exploration,3450,1,ant_bee:1
explore,3451,12,ambulance_firetruck:6|ant_bee:6
explorer,3452,1,ant_bee:1
explores,3453,25,ambulance_firetruck:2|ant_bee:23
exploring,3454,92,ambulance_firetruck:13|ant_bee:79
explosion,3455,6,ambulance_firetruck:6
expo,3456,6,acousticguitar_violin:4|ambulance_firetruck:2
exposed,3457,34,ambulance_firetruck:18|ant_bee:15|hotpot_vase:1
exposing,3458,4,ambulance_firetruck:4
exposure,3459,6,acousticguitar_violin:4|ambulance_firetruck:2
expressing,3460,2,cucumber_zucchini:1|hotpot_vase:1
expression,3461,710,acousticguitar_violin:680|cucumber_zucchini:22|hotpot_vase:8
expressions,3462,13,acousticguitar_violin:12|cucumber_zucchini:1
expressive,3463,66,acousticguitar_violin:60|cucumber_zucchini:1|hotpot_vase:5
exquisite,3464,17,acousticguitar_violin:12|hotpot_vase:5
exquisitely,3465,3,acousticguitar_violin:3
extended,3466,516,ambulance_firetruck:405|ant_bee:110|cucumber_zucchini:1
extending,3467,2,ambulance_firetruck:1|ant_bee:1
extends,3468,7,ambulance_firetruck:7
exterior,3469,14,acousticguitar_violin:3|ambulance_firetruck:10|hotpot_vase:1
extinguish,3470,1,ambulance_firetruck:1
extinguisher,3471,17,ambulance_firetruck:17
extinguishers,3472,20,ambulance_firetruck:20
extinguishes,3473,4,ambulance_firetruck:4
extinguishing,3474,3,ambulance_firetruck:3
extra,3475,3,ant_bee:2|cucumber_zucchini:1
extracting,3476,3,ant_bee:3
extraction,3477,1,ambulance_firetruck:1
exuding,3478,1,acousticguitar_violin:1
eye,3479,142,ant_bee:110|cucumber_zucchini:28|hotpot_vase:4
eyes,3480,1097,acousticguitar_violin:261|ant_bee:608|cucumber_zucchini:194|hotpot_vase:34
f,3481,2,acousticguitar_violin:2
f-hole,3482,695,acousticguitar_violin:695
f-holes,3483,1275,acousticguitar_violin:1275
f-style,3484,1,acousticguitar_violin:1
f.d,3485,2,ambulance_firetruck:2
f.d.n.y,3486,54,ambulance_firetruck:54
f.p.d,3487,6,ambulance_firetruck:6
fabriano,3488,13,ambulance_firetruck:13
fabric,3489,1249,acousticguitar_violin:843|ambulance_firetruck:1|ant_bee:217|cucumber_zucchini:47|hotpot_vase:141
fabric-covered,3490,1,acousticguitar_violin:1
fabric-electric,3491,1,acousticguitar_violin:1
fabric-wrapped,3492,1,hotpot_vase:1
fabrics,3493,6,hotpot_vase:6
facade,3494,3,acousticguitar_violin:1|ambulance_firetruck:2
face,3495,581,acousticguitar_violin:79|ambulance_firetruck:2|ant_bee:156|cucumber_zucchini:198|hotpot_vase:146
face-like,3496,2,cucumber_zucchini:2
face-shaped,3497,1,hotpot_vase:1
face-to-face,3498,4,ant_bee:4
faces,3499,75,acousticguitar_violin:18|ambulance_firetruck:1|ant_bee:9|cucumber_zucchini:2|hotpot_vase:45
faceted,3500,19,hotpot_vase:19
facets,3501,4,hotpot_vase:4
facial,3502,6,ant_bee:1|cucumber_zucchini:5
facility,3503,8,ambulance_firetruck:8
facing,3504,101,acousticguitar_violin:10|ambulance_firetruck:8|ant_bee:82|hotpot_vase:1
facing-camera,3505,1,ant_bee:1
factory,3506,22,acousticguitar_violin:21|ambulance_firetruck:1
fade,3507,3,acousticguitar_violin:3
faded,3508,28,acousticguitar_violin:9|ambulance_firetruck:10|hotpot_vase:9
fahrdienst,3509,1,ambulance_firetruck:1
faint,3510,15,ant_bee:15
fair,3511,45,ambulance_firetruck:25|cucumber_zucchini:20
faire,3512,36,ambulance_firetruck:36
fairground,3513,2,ambulance_firetruck:2
fairy-tale,3514,1,hotpot_vase:1
fake,3515,2,ambulance_firetruck:2
falck,3516,47,ambulance_firetruck:47
fall,3517,27,ambulance_firetruck:18|ant_bee:8|hotpot_vase:1
fallen,3518,93,acousticguitar_violin:5|ambulance_firetruck:34|ant_bee:37|cucumber_zucchini:8|hotpot_vase:9
falling,3519,8,acousticguitar_violin:1|ambulance_firetruck:5|ant_bee:2
fallon,3520,4,ambulance_firetruck:4
falls,3521,4,ambulance_firetruck:4
families,3522,4,ambulance_firetruck:4
family,3523,182,acousticguitar_violin:48|ambulance_firetruck:73|hotpot_vase:61
family-style,3524,12,hotpot_vase:12
fan,3525,16,acousticguitar_violin:6|hotpot_vase:10
fan-braced,3526,4,acousticguitar_violin:4
fan-shaped,3527,2,acousticguitar_violin:2
fancy,3528,1,cucumber_zucchini:1
fangs,3529,5,ant_bee:5
fanned,3530,2,acousticguitar_violin:2
fans,3531,13,ambulance_firetruck:11|hotpot_vase:2
fantastical,3532,3,hotpot_vase:3
fantasy,3533,2,ant_bee:1|hotpot_vase:1
farberware,3534,1,hotpot_vase:1
farby,3535,1,ambulance_firetruck:1
farm,3536,168,ambulance_firetruck:5|ant_bee:107|cucumber_zucchini:56
farm-fresh,3537,5,cucumber_zucchini:5
farm-to-table,3538,12,cucumber_zucchini:12
farmer,3539,28,cucumber_zucchini:28
farmer's,3540,86,cucumber_zucchini:86
farmers,3541,193,cucumber_zucchini:193
farming,3542,18,ant_bee:18
farmstand,3543,6,cucumber_zucchini:6
fascinated,3544,1,ant_bee:1
fascination,3545,1,ant_bee:1
fashion,3546,1,acousticguitar_violin:1
fast,3547,22,ambulance_firetruck:20|ant_bee:2
fast-moving,3548,1,ambulance_firetruck:1
father,3549,42,acousticguitar_violin:14|ambulance_firetruck:25|cucumber_zucchini:3
faucet,3550,28,cucumber_zucchini:17|hotpot_vase:11
faun,3551,14,ambulance_firetruck:14
favorite,3552,1,ambulance_firetruck:1
fayette,3553,1,ambulance_firetruck:1
fbi,3554,1,cucumber_zucchini:1
fbi-themed,3555,1,cucumber_zucchini:1
fd,3556,11,ambulance_firetruck:11
fd5a,3557,1,ambulance_firetruck:1
fdaa,3558,1,ambulance_firetruck:1
fdny,3559,538,ambulance_firetruck:538
fdny-style,3560,1,ambulance_firetruck:1
fe,3561,17,ambulance_firetruck:17
feast,3562,819,ant_bee:20|cucumber_zucchini:20|hotpot_vase:779
feasting,3563,180,ant_bee:177|hotpot_vase:3
feasts,3564,5,ant_bee:5
feather,3565,92,acousticguitar_violin:3|ant_bee:24|hotpot_vase:65
feather-adorned,3566,1,hotpot_vase:1
feather-like,3567,2,hotpot_vase:2
feathered,3568,11,acousticguitar_violin:5|hotpot_vase:6
feathers,3569,21,acousticguitar_violin:3|ambulance_firetruck:1|ant_bee:7|hotpot_vase:10
feathery,3570,34,acousticguitar_violin:1|ant_bee:33
feature,3571,11,acousticguitar_violin:4|hotpot_vase:7
featured,3572,3,acousticguitar_violin:2|ambulance_firetruck:1
features,3573,34,acousticguitar_violin:7|ambulance_firetruck:4|ant_bee:18|cucumber_zucchini:1|hotpot_vase:4
featuring,3574,141,acousticguitar_violin:43|ambulance_firetruck:26|ant_bee:1|cucumber_zucchini:8|hotpot_vase:63
feb,3575,2,ambulance_firetruck:2
february,3576,4,ambulance_firetruck:4
fecit,3577,1,acousticguitar_violin:1
federal,3578,6,ambulance_firetruck:6
feed,3579,1,ant_bee:1
feeder,3580,20,ant_bee:20
feeding,3581,561,ant_bee:561
feeds,3582,50,ant_bee:50
feel,3583,4,acousticguitar_violin:4
feet,3584,135,acousticguitar_violin:40|ambulance_firetruck:15|ant_bee:7|cucumber_zucchini:38|hotpot_vase:35
feijoa,3585,1,cucumber_zucchini:1
feijoas,3586,6,cucumber_zucchini:6
fellow,3587,1,acousticguitar_violin:1
fellowship,3588,1,hotpot_vase:1
felt,3589,47,acousticguitar_violin:11|hotpot_vase:36
female,3590,35,acousticguitar_violin:4|ambulance_firetruck:1|ant_bee:20|hotpot_vase:10
fence,3591,256,acousticguitar_violin:20|ambulance_firetruck:131|ant_bee:21|cucumber_zucchini:63|hotpot_vase:21
fenced,3592,10,ambulance_firetruck:10
fencing,3593,2,ambulance_firetruck:1|cucumber_zucchini:1
fender,3594,299,acousticguitar_violin:297|ambulance_firetruck:2
fenelon,3595,1,ambulance_firetruck:1
fennel,3596,13,cucumber_zucchini:13
fermented,3597,2,cucumber_zucchini:2
fermenting,3598,25,cucumber_zucchini:25
fermilab,3599,8,ambulance_firetruck:8
fermitab,3600,1,ambulance_firetruck:1
fermlab,3601,1,ambulance_firetruck:1
fern,3602,32,ant_bee:5|hotpot_vase:27
fernandes,3603,20,acousticguitar_violin:20
ferns,3604,4,hotpot_vase:4
ferrari,3605,1,ambulance_firetruck:1
ferrelton,3606,1,ambulance_firetruck:1
ferris,3607,2,ambulance_firetruck:2
ferrules,3608,1,acousticguitar_violin:1
ferry,3609,27,ambulance_firetruck:27
ferry's,3610,14,cucumber_zucchini:14
fertilized,3611,1,cucumber_zucchini:1
fertilizer,3612,3,cucumber_zucchini:3
festival,3613,96,acousticguitar_violin:44|ambulance_firetruck:52
festive,3614,154,acousticguitar_violin:27|ambulance_firetruck:39|cucumber_zucchini:1|hotpot_vase:87
festively,3615,1,ambulance_firetruck:1
feta,3616,17,cucumber_zucchini:17
fett,3617,1,ambulance_firetruck:1
feuding,3618,1,ant_bee:1
feuerwehr,3619,64,ambulance_firetruck:64
fg720s,3620,5,acousticguitar_violin:5
fiat,3621,6,ambulance_firetruck:6
fiber,3622,19,acousticguitar_violin:15|ant_bee:3|hotpot_vase:1
fibers,3623,41,ant_bee:40|cucumber_zucchini:1
fibrous,3624,17,ant_bee:17
fiddler,3625,2,acousticguitar_violin:2
field,3626,664,acousticguitar_violin:55|ambulance_firetruck:450|ant_bee:141|cucumber_zucchini:18
field-ready,3627,1,ambulance_firetruck:1
fields,3628,11,acousticguitar_violin:2|ambulance_firetruck:8|cucumber_zucchini:1
fierce,3629,4,ambulance_firetruck:1|ant_bee:3
fiercely,3630,6,ant_bee:6
fiery,3631,47,acousticguitar_violin:25|ant_bee:19|hotpot_vase:3
fiery-haired,3632,1,acousticguitar_violin:1
fiesta,3633,5,ambulance_firetruck:5
fight,3634,10,ambulance_firetruck:6|ant_bee:4
fighting,3635,24,ambulance_firetruck:1|ant_bee:23
figs,3636,5,cucumber_zucchini:5
figural,3637,1,hotpot_vase:1
figurative,3638,8,hotpot_vase:8
figure,3639,114,acousticguitar_violin:25|ambulance_firetruck:18|cucumber_zucchini:1|hotpot_vase:70
figured,3640,22,acousticguitar_violin:22
figures,3641,318,ambulance_firetruck:6|ant_bee:1|cucumber_zucchini:3|hotpot_vase:308
figurine,3642,96,acousticguitar_violin:14|ambulance_firetruck:1|cucumber_zucchini:22|hotpot_vase:59
figurines,3643,53,hotpot_vase:53
filamentous,3644,1,ant_bee:1
filaments,3645,48,ant_bee:41|cucumber_zucchini:4|hotpot_vase:3
filigree,3646,19,acousticguitar_violin:1|hotpot_vase:18
filing,3647,1,acousticguitar_violin:1
fill,3648,78,acousticguitar_violin:6|ambulance_firetruck:1|cucumber_zucchini:54|hotpot_vase:17
filled,3649,229,acousticguitar_violin:35|ambulance_firetruck:3|ant_bee:26|cucumber_zucchini:58|hotpot_vase:107
filler,3650,3,hotpot_vase:3
filles,3651,1,ambulance_firetruck:1
fillet,3652,1,cucumber_zucchini:1
fillets,3653,8,cucumber_zucchini:6|hotpot_vase:2
filling,3654,38,cucumber_zucchini:37|hotpot_vase:1
film,3655,3,ambulance_firetruck:1|cucumber_zucchini:1|hotpot_vase:1
filmed,3656,2,ambulance_firetruck:2
filming,3657,8,ambulance_firetruck:8
filo,3658,3,ambulance_firetruck:3
filter,3659,7,acousticguitar_violin:2|ambulance_firetruck:1|hotpot_vase:4
filtering,3660,34,acousticguitar_violin:7|ambulance_firetruck:1|ant_bee:19|cucumber_zucchini:5|hotpot_vase:2
filters,3661,1,ant_bee:1
final,3662,1,hotpot_vase:1
fine,3663,107,acousticguitar_violin:24|ant_bee:76|cucumber_zucchini:5|hotpot_vase:2
finger,3664,152,acousticguitar_violin:12|ant_bee:122|cucumber_zucchini:18
fingerboard,3665,40,acousticguitar_violin:40
fingerboards,3666,1,acousticguitar_violin:1
fingerpicking,3667,5,acousticguitar_violin:5
fingers,3668,130,acousticguitar_violin:104|ant_bee:23|cucumber_zucchini:3
fingertip,3669,97,ant_bee:97
fingertips,3670,2,ant_bee:2
finial,3671,33,hotpot_vase:33
finish,3672,4727,acousticguitar_violin:4520|ant_bee:3|hotpot_vase:204
finished,3673,50,acousticguitar_violin:48|hotpot_vase:2
finishes,3674,122,acousticguitar_violin:116|hotpot_vase:6
finishing,3675,4,acousticguitar_violin:4
finland,3676,1,ambulance_firetruck:1
finnish,3677,2,ambulance_firetruck:2
fire,3678,4227,acousticguitar_violin:15|ambulance_firetruck:4168|ant_bee:4|hotpot_vase:40
fire-department,3679,1,ambulance_firetruck:1
fire-ems,3680,7,ambulance_firetruck:7
fire-engine,3681,1,ambulance_firetruck:1
fire-paramedic,3682,10,ambulance_firetruck:10
fire-rescue,3683,41,ambulance_firetruck:41
fire-themed,3684,1,ambulance_firetruck:1
fire/ems,3685,1,ambulance_firetruck:1
fire/rescue,3686,37,ambulance_firetruck:37
fireboro,3687,1,ambulance_firetruck:1
firefighter,3688,758,acousticguitar_violin:20|ambulance_firetruck:738
firefighters,3689,1170,ambulance_firetruck:1170
firefighting,3690,27,ambulance_firetruck:27
firehouse,3691,28,ambulance_firetruck:28
firelight,3692,1,acousticguitar_violin:1
firelit,3693,1,acousticguitar_violin:1
fireman,3694,8,ambulance_firetruck:8
firenze,3695,1,ambulance_firetruck:1
fireplace,3696,60,acousticguitar_violin:59|hotpot_vase:1
firetruck,3697,14,ambulance_firetruck:14
fireweed,3698,2,ant_bee:2
first,3699,20,acousticguitar_violin:1|ambulance_firetruck:19
fish,3700,609,acousticguitar_violin:19|cucumber_zucchini:83|hotpot_vase:507
fish-decorated,3701,1,hotpot_vase:1
fish-eye,3702,1,ambulance_firetruck:1
fish-inlays,3703,1,acousticguitar_violin:1
fish-patterned,3704,13,hotpot_vase:13
fish-scale,3705,2,hotpot_vase:2
fish-shaped,3706,1,hotpot_vase:1
fish-stew,3707,1,hotpot_vase:1
fish-themed,3708,2,hotpot_vase:2
fishbowl,3709,5,hotpot_vase:5
fisheye,3710,51,ambulance_firetruck:51
fishing,3711,50,ant_bee:50
fishman,3712,11,acousticguitar_violin:11
fishnet,3713,3,acousticguitar_violin:3
fishnets,3714,4,acousticguitar_violin:4
fit,3715,1,hotpot_vase:1
fits,3716,1,hotpot_vase:1
fittings,3717,138,acousticguitar_violin:134|ambulance_firetruck:4
five,3718,543,acousticguitar_violin:238|ambulance_firetruck:68|ant_bee:9|cucumber_zucchini:154|hotpot_vase:74
five-string,3719,1,acousticguitar_violin:1
fixtures,3720,4,ambulance_firetruck:4
fizzy,3721,6,cucumber_zucchini:6
fkm,3722,1,ambulance_firetruck:1
fl,3723,1,hotpot_vase:1
flag,3724,694,acousticguitar_violin:64|ambulance_firetruck:630
flag-themed,3725,3,acousticguitar_violin:3
flags,3726,402,acousticguitar_violin:6|ambulance_firetruck:394|hotpot_vase:2
flair,3727,5,acousticguitar_violin:5
flakes,3728,26,cucumber_zucchini:11|hotpot_vase:15
flaky,3729,1,ant_bee:1
flame,3730,207,acousticguitar_violin:76|ambulance_firetruck:36|hotpot_vase:95
flame-decorated,3731,4,ambulance_firetruck:4
flame-embellished,3732,1,acousticguitar_violin:1
flame-finished,3733,2,acousticguitar_violin:2
flame-inlaid,3734,1,acousticguitar_violin:1
flame-like,3735,1,hotpot_vase:1
flame-painted,3736,5,ambulance_firetruck:5
flame-patterned,3737,1,acousticguitar_violin:1
flame-top,3738,5,acousticguitar_violin:5
flamed,3739,36,acousticguitar_violin:36
flames,3740,120,acousticguitar_violin:3|ambulance_firetruck:78|ant_bee:8|hotpot_vase:31
flank,3741,32,acousticguitar_violin:6|ambulance_firetruck:3|ant_bee:2|hotpot_vase:21
flanked,3742,59,acousticguitar_violin:14|ambulance_firetruck:4|cucumber_zucchini:8|hotpot_vase:33
flanking,3743,10,acousticguitar_violin:4|hotpot_vase:6
flare,3744,10,acousticguitar_violin:5|ambulance_firetruck:5
flared,3745,424,hotpot_vase:424
flared-neck,3746,1,hotpot_vase:1
flash,3747,2,ambulance_firetruck:2
flashing,3748,866,ambulance_firetruck:866
flat,3749,11,acousticguitar_violin:4|ant_bee:2|cucumber_zucchini:3|hotpot_vase:2
flat-top,3750,12,cucumber_zucchini:12
flatbed,3751,100,ambulance_firetruck:100
flatbread,3752,26,cucumber_zucchini:26
flatcar,3753,7,ambulance_firetruck:7
flavored,3754,2,hotpot_vase:2
flavorful,3755,46,cucumber_zucchini:1|hotpot_vase:45
flavors,3756,41,hotpot_vase:41
flee,3757,3,ant_bee:3
fleeing,3758,4,ant_bee:4
fleet,3759,33,ambulance_firetruck:33
flesh,3760,133,ant_bee:6|cucumber_zucchini:127
fleshy,3761,7,ant_bee:6|cucumber_zucchini:1
fleur-de-lis,3762,18,hotpot_vase:18
flexible,3763,2,ambulance_firetruck:2
flickering,3764,1,acousticguitar_violin:1
flickr,3765,40,ant_bee:40
flies,3766,227,ambulance_firetruck:31|ant_bee:196
flight,3767,233,ambulance_firetruck:29|ant_bee:204
flip-flop,3768,18,ant_bee:18
flip-flops,3769,1,cucumber_zucchini:1
flipped,3770,23,ambulance_firetruck:23
flipping,3771,1,ambulance_firetruck:1
flits,3772,1,ant_bee:1
float,3773,18,ambulance_firetruck:8|ant_bee:4|cucumber_zucchini:5|hotpot_vase:1
floating,3774,52,acousticguitar_violin:8|ant_bee:17|cucumber_zucchini:20|hotpot_vase:7
floats,3775,5,acousticguitar_violin:2|ant_bee:3
flocking,3776,1,ant_bee:1
flood,3777,2,ambulance_firetruck:1|ant_bee:1
flooded,3778,10,ambulance_firetruck:10
floodwater,3779,8,ambulance_firetruck:8
floor,3780,1577,acousticguitar_violin:1055|ambulance_firetruck:16|ant_bee:241|cucumber_zucchini:121|hotpot_vase:144
flooring,3781,12,acousticguitar_violin:1|ambulance_firetruck:11
floral,3782,4872,acousticguitar_violin:541|ambulance_firetruck:2|ant_bee:55|cucumber_zucchini:181|hotpot_vase:4093
floral-adorned,3783,3,acousticguitar_violin:3
floral-bird,3784,1,hotpot_vase:1
floral-decorated,3785,6,acousticguitar_violin:4|hotpot_vase:2
floral-inlaid,3786,2,acousticguitar_violin:2
floral-lidded,3787,1,hotpot_vase:1
floral-lined,3788,4,cucumber_zucchini:4
floral-painted,3789,6,hotpot_vase:6
floral-patterned,3790,182,acousticguitar_violin:27|ant_bee:1|cucumber_zucchini:20|hotpot_vase:134
floral-rug,3791,1,acousticguitar_violin:1
floral-trimmed,3792,2,hotpot_vase:2
florence,3793,8,acousticguitar_violin:3|ambulance_firetruck:5
florets,3794,15,ant_bee:1|cucumber_zucchini:14
flosis,3795,1,hotpot_vase:1
flourishes,3796,4,acousticguitar_violin:4
flourishing,3797,1,cucumber_zucchini:1
flow,3798,2,hotpot_vase:2
flower,3799,20068,acousticguitar_violin:36|ambulance_firetruck:1|ant_bee:18089|cucumber_zucchini:1643|hotpot_vase:299
flower's,3800,26,ant_bee:26
flower-bouquet,3801,1,hotpot_vase:1
flower-filled,3802,3,hotpot_vase:3
flower-like,3803,2,hotpot_vase:2
flower-shaped,3804,1,cucumber_zucchini:1
flower-topped,3805,1,cucumber_zucchini:1
flowerbed,3806,2,hotpot_vase:2
flowered,3807,3,hotpot_vase:3
flowering,3808,44,ambulance_firetruck:1|ant_bee:36|cucumber_zucchini:7
flowers,3809,11141,acousticguitar_violin:143|ambulance_firetruck:47|ant_bee:6948|cucumber_zucchini:1822|hotpot_vase:2181
flowing,3810,51,acousticguitar_violin:7|hotpot_vase:44
fluffy,3811,97,acousticguitar_violin:24|ant_bee:62|cucumber_zucchini:3|hotpot_vase:8
flute,3812,6,acousticguitar_violin:6
fluted,3813,192,acousticguitar_violin:1|hotpot_vase:191
fluting,3814,1,hotpot_vase:1
flutter,3815,4,ant_bee:4
fluttering,3816,2,ant_bee:2
flutters,3817,2,ant_bee:2
fly,3818,269,ambulance_firetruck:1|ant_bee:268
flyer,3819,1,ambulance_firetruck:1
flying,3820,567,ambulance_firetruck:137|ant_bee:408|cucumber_zucchini:4|hotpot_vase:18
foam,3821,61,acousticguitar_violin:9|ant_bee:44|hotpot_vase:8
foam-like,3822,1,ant_bee:1
foam-lined,3823,8,acousticguitar_violin:8
foamy,3824,3,ant_bee:3
focaccia,3825,1,cucumber_zucchini:1
focus,3826,854,acousticguitar_violin:636|ambulance_firetruck:15|ant_bee:163|cucumber_zucchini:30|hotpot_vase:10
focused,3827,1560,acousticguitar_violin:1521|ambulance_firetruck:2|ant_bee:35|cucumber_zucchini:2
focuses,3828,1,acousticguitar_violin:1
focusing,3829,10,acousticguitar_violin:10
fog,3830,1,ambulance_firetruck:1
foggy,3831,6,ambulance_firetruck:4|ant_bee:2
foil,3832,54,acousticguitar_violin:16|cucumber_zucchini:25|hotpot_vase:13
foil-covered,3833,7,acousticguitar_violin:6|hotpot_vase:1
foil-lined,3834,20,cucumber_zucchini:7|hotpot_vase:13
foil-wrapped,3835,7,cucumber_zucchini:1|hotpot_vase:6
folded,3836,30,ant_bee:27|hotpot_vase:3
folding,3837,1,acousticguitar_violin:1
foliage,3838,2164,acousticguitar_violin:63|ambulance_firetruck:8|ant_bee:1920|cucumber_zucchini:115|hotpot_vase:58
folk,3839,26,acousticguitar_violin:26
follow,3840,4,ambulance_firetruck:4
followed,3841,13,ambulance_firetruck:13
follows,3842,7,ambulance_firetruck:7
fondant,3843,2,acousticguitar_violin:2
fondazione,3844,15,ambulance_firetruck:15
fondue,3845,6,hotpot_vase:6
fontana,3846,3,ambulance_firetruck:3
food,3847,991,ambulance_firetruck:3|ant_bee:693|cucumber_zucchini:57|hotpot_vase:238
food-laden,3848,1,hotpot_vase:1
food-sharing,3849,1,ant_bee:1
food-storage,3850,1,ant_bee:1
foods,3851,20,cucumber_zucchini:18|hotpot_vase:2
food粒,3852,1,ant_bee:1
foot,3853,54,acousticguitar_violin:3|ant_bee:1|cucumber_zucchini:42|hotpot_vase:8
foot-shaped,3854,16,hotpot_vase:16
footage,3855,4,acousticguitar_violin:4
football,3856,14,ambulance_firetruck:14
footed,3857,8,hotpot_vase:8
footwear,3858,1,cucumber_zucchini:1
for,3859,892,acousticguitar_violin:246|ambulance_firetruck:259|ant_bee:33|cucumber_zucchini:279|hotpot_vase:75
forage,3860,23,ant_bee:23
forages,3861,7,ant_bee:7
foraging,3862,240,ant_bee:240
force,3863,17,ambulance_firetruck:17
ford,3864,141,ambulance_firetruck:141
foreground,3865,54,acousticguitar_violin:21|ambulance_firetruck:24|ant_bee:2|cucumber_zucchini:6|hotpot_vase:1
forest,3866,547,acousticguitar_violin:46|ambulance_firetruck:223|ant_bee:263|hotpot_vase:15
forested,3867,27,ambulance_firetruck:26|ant_bee:1
forgotten,3868,2,ambulance_firetruck:2
fork,3869,121,ambulance_firetruck:9|cucumber_zucchini:103|hotpot_vase:9
fork-held,3870,2,cucumber_zucchini:2
forked,3871,2,cucumber_zucchini:2
forks,3872,19,ambulance_firetruck:10|cucumber_zucchini:6|hotpot_vase:3
forlì,3873,2,ambulance_firetruck:2
form,3874,93,acousticguitar_violin:2|ant_bee:34|cucumber_zucchini:21|hotpot_vase:36
formal,3875,68,acousticguitar_violin:61|ambulance_firetruck:2|cucumber_zucchini:5
formally,3876,19,acousticguitar_violin:19
format,3877,1,ant_bee:1
formation,3878,10,acousticguitar_violin:1|ambulance_firetruck:6|ant_bee:3
formidable,3879,2,ant_bee:2
forming,3880,79,acousticguitar_violin:2|ant_bee:73|cucumber_zucchini:3|hotpot_vase:1
forms,3881,37,acousticguitar_violin:15|ant_bee:1|cucumber_zucchini:1|hotpot_vase:20
forsaken,3882,1,acousticguitar_violin:1
fortifications,3883,2,ambulance_firetruck:2
forward,3884,37,acousticguitar_violin:4|ambulance_firetruck:7|ant_bee:26
fossil,3885,4,ant_bee:4
fossilized,3886,40,ant_bee:40
foto,3887,1,ambulance_firetruck:1
foundation,3888,5,ambulance_firetruck:5
foundation-nepal,3889,2,ambulance_firetruck:2
fountain,3890,46,ambulance_firetruck:22|hotpot_vase:24
fountains,3891,1,hotpot_vase:1
four,3892,2149,acousticguitar_violin:1250|ambulance_firetruck:154|ant_bee:100|cucumber_zucchini:464|hotpot_vase:181
four-chambered,3893,3,hotpot_vase:3
four-handled,3894,2,hotpot_vase:2
four-leaf,3895,8,acousticguitar_violin:1|hotpot_vase:7
four-panel,3896,1,cucumber_zucchini:1
four-spouted,3897,10,hotpot_vase:10
four-string,3898,13,acousticguitar_violin:13
four-stringed,3899,4,acousticguitar_violin:4
fowowe,3900,11,hotpot_vase:11
fox,3901,9,acousticguitar_violin:8|hotpot_vase:1
fox-shaped,3902,4,hotpot_vase:4
foxboro,3903,6,ambulance_firetruck:6
foxglove,3904,33,ant_bee:33
foxgloves,3905,21,ant_bee:21
foyil,3906,9,ambulance_firetruck:9
foyle,3907,2,ambulance_firetruck:2
foymil,3908,1,ambulance_firetruck:1
fractal,3909,9,ant_bee:9
fractal-like,3910,2,ant_bee:2
fragment,3911,195,ant_bee:194|hotpot_vase:1
fragmented,3912,9,acousticguitar_violin:1|ant_bee:4|hotpot_vase:4
fragments,3913,83,acousticguitar_violin:5|ant_bee:74|hotpot_vase:4
fragrant,3914,6,ant_bee:2|hotpot_vase:4
frakes,3915,7,ambulance_firetruck:7
frame,3916,49,acousticguitar_violin:20|ambulance_firetruck:5|ant_bee:10|cucumber_zucchini:8|hotpot_vase:6
framed,3917,143,acousticguitar_violin:93|ant_bee:6|hotpot_vase:44
frames,3918,19,acousticguitar_violin:5|ant_bee:4|hotpot_vase:10
framework,3919,1,acousticguitar_violin:1
franchi,3920,51,cucumber_zucchini:51
francisco,3921,230,ambulance_firetruck:230
frankfurt,3922,2,ambulance_firetruck:2
franklin,3923,2,ambulance_firetruck:2
frantisku,3924,1,ambulance_firetruck:1
frayed,3925,11,ant_bee:11
freckles,3926,3,acousticguitar_violin:3
freddie,3927,1,acousticguitar_violin:1
free,3928,6,acousticguitar_violin:5|ambulance_firetruck:1
freedom,3929,8,acousticguitar_violin:8
freedomtm,3930,4,acousticguitar_violin:4
freely,3931,1,ant_bee:1
freesia,3932,1,hotpot_vase:1
french,3933,15,acousticguitar_violin:1|ambulance_firetruck:12|hotpot_vase:2
french's,3934,3,cucumber_zucchini:3
frenzy,3935,2,ant_bee:2
fresh,3936,24408,ant_bee:15|cucumber_zucchini:23985|hotpot_vase:408
fresh-baked,3937,3,cucumber_zucchini:3
fresh-cut,3938,1,cucumber_zucchini:1
freshener,3939,1,ambulance_firetruck:1
freshly,3940,525,cucumber_zucchini:524|hotpot_vase:1
freshness,3941,3,cucumber_zucchini:3
fret,3942,131,acousticguitar_violin:131
fretboard,3943,2446,acousticguitar_violin:2446
fretboards,3944,13,acousticguitar_violin:13
fretless,3945,1,acousticguitar_violin:1
frets,3946,198,acousticguitar_violin:198
fretted,3947,9,acousticguitar_violin:9
fretting,3948,14,acousticguitar_violin:14
fretwork,3949,4,acousticguitar_violin:4
friday's,3950,3,ambulance_firetruck:3
fridays,3951,3,acousticguitar_violin:3
fridge,3952,27,cucumber_zucchini:20|hotpot_vase:7
fridley,3953,5,ambulance_firetruck:5
fried,3954,112,ant_bee:17|cucumber_zucchini:39|hotpot_vase:56
friend,3955,4,acousticguitar_violin:1|cucumber_zucchini:3
friends,3956,329,acousticguitar_violin:15|cucumber_zucchini:3|hotpot_vase:311
friendship,3957,26,acousticguitar_violin:22|cucumber_zucchini:1|hotpot_vase:3
fries,3958,19,cucumber_zucchini:18|hotpot_vase:1
frieze,3959,1,hotpot_vase:1
frilly,3960,2,acousticguitar_violin:2
fringe,3961,2,acousticguitar_violin:2
fringed,3962,8,acousticguitar_violin:8
fringes,3963,1,acousticguitar_violin:1
frisco,3964,1,ambulance_firetruck:1
frittata,3965,4,cucumber_zucchini:4
fritters,3966,20,cucumber_zucchini:20
frog,3967,36,acousticguitar_violin:1|ant_bee:19|hotpot_vase:16
frog-like,3968,4,hotpot_vase:4
frogs,3969,6,hotpot_vase:6
from,3970,4077,acousticguitar_violin:159|ambulance_firetruck:313|ant_bee:3175|cucumber_zucchini:265|hotpot_vase:165
fronds,3971,10,acousticguitar_violin:2|hotpot_vase:8
front,3972,1321,acousticguitar_violin:831|ambulance_firetruck:466|ant_bee:3|cucumber_zucchini:10|hotpot_vase:11
front-back,3973,3,acousticguitar_violin:3
front-back-sides,3974,1,acousticguitar_violin:1
front-end,3975,1,ambulance_firetruck:1
front-facing,3976,7,acousticguitar_violin:7
front-on,3977,3,acousticguitar_violin:2|ambulance_firetruck:1
front-rich,3978,2,acousticguitar_violin:2
front-view,3979,2,ambulance_firetruck:2
frontally,3980,3,acousticguitar_violin:2|ant_bee:1
frost,3981,4,ant_bee:1|cucumber_zucchini:3
frost-covered,3982,4,cucumber_zucchini:4
frosted,3983,114,ant_bee:4|cucumber_zucchini:13|hotpot_vase:97
frosting,3984,7,acousticguitar_violin:7
frosty,3985,10,ambulance_firetruck:2|ant_bee:6|cucumber_zucchini:2
frothy,3986,3,ant_bee:3
frozen,3987,5,ambulance_firetruck:1|ant_bee:2|cucumber_zucchini:2
fruit,3988,690,acousticguitar_violin:8|ant_bee:232|cucumber_zucchini:370|hotpot_vase:80
fruit-adorned,3989,1,hotpot_vase:1
fruit-and-flower,3990,1,hotpot_vase:1
fruit-and-veg,3991,1,cucumber_zucchini:1
fruit-carving,3992,1,cucumber_zucchini:1
fruit-painted,3993,2,hotpot_vase:2
fruit-patterned,3994,15,cucumber_zucchini:14|hotpot_vase:1
fruit-shaped,3995,2,hotpot_vase:2
fruits,3996,434,acousticguitar_violin:4|ant_bee:1|cucumber_zucchini:405|hotpot_vase:24
fruity,3997,5,cucumber_zucchini:5
fry,3998,1,hotpot_vase:1
frying,3999,46,cucumber_zucchini:37|hotpot_vase:9
frühling,4000,9,acousticguitar_violin:9
full,4001,83,acousticguitar_violin:31|ambulance_firetruck:2|ant_bee:4|cucumber_zucchini:40|hotpot_vase:6
full-body,4002,2,acousticguitar_violin:2
fully,4003,2,acousticguitar_violin:1|ambulance_firetruck:1
fun,4004,17,ambulance_firetruck:10|cucumber_zucchini:1|hotpot_vase:6
funded,4005,3,ambulance_firetruck:3
fundraising,4006,1,ambulance_firetruck:1
funeral,4007,7,ambulance_firetruck:7
fungal,4008,21,ant_bee:21
fungal-infected,4009,1,ant_bee:1
fungi,4010,7,ant_bee:7
fungus,4011,29,ant_bee:26|hotpot_vase:3
fungus-infected,4012,4,ant_bee:4
funky,4013,3,cucumber_zucchini:2|hotpot_vase:1
funner,4014,6,ambulance_firetruck:6
funny,4015,18,cucumber_zucchini:16|hotpot_vase:2
funny-shaped,4016,3,cucumber_zucchini:3
fuoco,4017,1,ambulance_firetruck:1
fur,4018,115,ant_bee:115
fur-covered,4019,3,ant_bee:3
furniture,4020,46,acousticguitar_violin:33|ant_bee:6|hotpot_vase:7
furry,4021,834,ant_bee:832|hotpot_vase:2
furtado,4022,2,acousticguitar_violin:2
fusco,4023,1,ambulance_firetruck:1
fused,4024,3,acousticguitar_violin:1|hotpot_vase:2
fusion,4025,8,acousticguitar_violin:8
fuso,4026,2,ambulance_firetruck:2
futuristic,4027,14,acousticguitar_violin:6|ambulance_firetruck:7|hotpot_vase:1
fuzz,4028,8,ant_bee:8
fuzzy,4029,3437,ant_bee:3398|cucumber_zucchini:34|hotpot_vase:5
g-ehms,4030,4,ambulance_firetruck:4
g-xssh,4031,2,ambulance_firetruck:2
g.a.r.d,4032,5,ambulance_firetruck:5
gadgets,4033,6,acousticguitar_violin:6
gall,4034,15,ant_bee:15
gallery,4035,89,acousticguitar_violin:64|ambulance_firetruck:14|hotpot_vase:11
galls,4036,6,ant_bee:6
galvanized,4037,1,hotpot_vase:1
game,4038,23,acousticguitar_violin:12|ambulance_firetruck:8|cucumber_zucchini:3
game-style,4039,1,ambulance_firetruck:1
games,4040,3,acousticguitar_violin:2|ambulance_firetruck:1
gaming,4041,3,acousticguitar_violin:3
gankentransport,4042,4,ambulance_firetruck:4
gap,4043,9,ant_bee:9
garage,4044,1287,ambulance_firetruck:1287
garages,4045,1,ambulance_firetruck:1
garbage,4046,7,ambulance_firetruck:7
garda,4047,7,ambulance_firetruck:7
garden,4048,2923,acousticguitar_violin:43|ambulance_firetruck:22|ant_bee:505|cucumber_zucchini:2262|hotpot_vase:91
garden-bounty,4049,1,cucumber_zucchini:1
garden-grown,4050,41,cucumber_zucchini:41
garden-harvest,4051,13,cucumber_zucchini:13
garden-harvested,4052,17,cucumber_zucchini:17
garden-veggie,4053,1,cucumber_zucchini:1
gardendale,4054,8,ambulance_firetruck:8
gardener,4055,20,ant_bee:1|cucumber_zucchini:19
gardening,4056,14,cucumber_zucchini:14
gardens,4057,1,cucumber_zucchini:1
gardenware,4058,1,hotpot_vase:1
garland,4059,17,hotpot_vase:17
garlic,4060,519,ant_bee:4|cucumber_zucchini:350|hotpot_vase:165
garlic-shaped,4061,4,hotpot_vase:4
garnish,4062,255,ant_bee:2|cucumber_zucchini:80|hotpot_vase:173
garnished,4063,507,cucumber_zucchini:76|hotpot_vase:431
garnishes,4064,26,cucumber_zucchini:3|hotpot_vase:23
garrison,4065,20,acousticguitar_violin:20
gas,4066,192,ambulance_firetruck:105|hotpot_vase:87
gate,4067,19,acousticguitar_violin:2|ambulance_firetruck:17
gated,4068,8,ambulance_firetruck:8
gates,4069,2,ambulance_firetruck:2
gather,4070,486,acousticguitar_violin:3|ambulance_firetruck:143|ant_bee:316|cucumber_zucchini:3|hotpot_vase:21
gathered,4071,180,acousticguitar_violin:1|ambulance_firetruck:153|ant_bee:9|hotpot_vase:17
gathering,4072,753,acousticguitar_violin:29|ambulance_firetruck:33|ant_bee:592|cucumber_zucchini:3|hotpot_vase:96
gathers,4073,78,acousticguitar_violin:1|ambulance_firetruck:34|ant_bee:39|hotpot_vase:4
gauge,4074,1,ambulance_firetruck:1
gauges,4075,55,ambulance_firetruck:55
gaze,4076,39,acousticguitar_violin:38|ambulance_firetruck:1
gazebo,4077,17,acousticguitar_violin:17
gazes,4078,22,acousticguitar_violin:12|ambulance_firetruck:8|cucumber_zucchini:1|hotpot_vase:1
gazing,4079,32,acousticguitar_violin:24|ambulance_firetruck:3|cucumber_zucchini:5
gear,4080,581,acousticguitar_violin:94|ambulance_firetruck:487
gearing,4081,1,ambulance_firetruck:1
gebankentransport,4082,1,ambulance_firetruck:1
geef,4083,7,ambulance_firetruck:7
geh,4084,1,acousticguitar_violin:1
gel,4085,60,ant_bee:46|cucumber_zucchini:14
gel-like,4086,1,ant_bee:1
gelatin,4087,2,ant_bee:1|cucumber_zucchini:1
gelatinous,4088,6,ant_bee:2|cucumber_zucchini:2|hotpot_vase:2
gem,4089,6,hotpot_vase:6
gem-like,4090,1,hotpot_vase:1
gems,4091,19,hotpot_vase:19
gemstone,4092,1,hotpot_vase:1
gene,4093,6,acousticguitar_violin:6
general,4094,9,ambulance_firetruck:9
genovese,4095,2,ambulance_firetruck:2
gentle,4096,7,acousticguitar_violin:4|ambulance_firetruck:2|hotpot_vase:1
gently,4097,62,acousticguitar_violin:23|ant_bee:14|cucumber_zucchini:25
geode,4098,1,hotpot_vase:1
geographic,4099,3,ant_bee:3
geometric,4100,501,acousticguitar_violin:33|ant_bee:3|cucumber_zucchini:1|hotpot_vase:464
geometric-patterned,4101,4,acousticguitar_violin:1|hotpot_vase:3
geometrically,4102,3,hotpot_vase:3
george,4103,5,acousticguitar_violin:4|hotpot_vase:1
georgetown,4104,1,ambulance_firetruck:1
georgia,4105,1,ambulance_firetruck:1
geranium,4106,1,ant_bee:1
gerbera,4107,59,hotpot_vase:59
gerberas,4108,23,hotpot_vase:23
german,4109,532,ambulance_firetruck:531|hotpot_vase:1
germanvox,4110,1,ambulance_firetruck:1
germany,4111,18,ambulance_firetruck:18
gesture,4112,8,acousticguitar_violin:8
gestures,4113,6,acousticguitar_violin:3|hotpot_vase:3
gesturing,4114,7,acousticguitar_violin:5|hotpot_vase:2
gesu,4115,1,acousticguitar_violin:1
gesù,4116,2,acousticguitar_violin:2
getchell,4117,8,ambulance_firetruck:8
gettysburg,4118,1,ambulance_firetruck:1
gherkins,4119,2,cucumber_zucchini:2
ghost,4120,15,hotpot_vase:15
ghostly,4121,3,ambulance_firetruck:3
giant,4122,620,acousticguitar_violin:60|ambulance_firetruck:5|ant_bee:101|cucumber_zucchini:440|hotpot_vase:14
gibson,4123,43,acousticguitar_violin:43
gift,4124,8,acousticguitar_violin:1|hotpot_vase:7
gifts,4125,13,acousticguitar_violin:12|hotpot_vase:1
gifts-festive,4126,1,hotpot_vase:1
gig,4127,12,acousticguitar_violin:12
gigantic,4128,1,cucumber_zucchini:1
gil,4129,9,acousticguitar_violin:9
gilded,4130,34,acousticguitar_violin:1|hotpot_vase:33
gilpin,4131,5,ambulance_firetruck:5
ginger,4132,43,cucumber_zucchini:16|hotpot_vase:27
gingham,4133,3,hotpot_vase:3
ginseng,4134,20,hotpot_vase:20
giovanniti,4135,15,ambulance_firetruck:15
girl,4136,1765,acousticguitar_violin:1618|ambulance_firetruck:28|cucumber_zucchini:99|hotpot_vase:20
girls,4137,172,acousticguitar_violin:121|ambulance_firetruck:20|cucumber_zucchini:16|hotpot_vase:15
gisto,4138,2,acousticguitar_violin:2
give,4139,18,ambulance_firetruck:18
give-way,4140,1,ambulance_firetruck:1
gives,4141,4,acousticguitar_violin:1|ambulance_firetruck:3
giving,4142,29,acousticguitar_violin:10|ambulance_firetruck:14|cucumber_zucchini:5
glamorous,4143,1,hotpot_vase:1
glare,4144,2,acousticguitar_violin:1|ambulance_firetruck:1
glasgow,4145,4,acousticguitar_violin:4
glass,4146,5168,acousticguitar_violin:267|ambulance_firetruck:58|ant_bee:161|cucumber_zucchini:358|hotpot_vase:4324
glass-block,4147,4,acousticguitar_violin:4
glass-front,4148,1,acousticguitar_violin:1
glass-walled,4149,1,acousticguitar_violin:1
glasses,4150,462,acousticguitar_violin:349|ambulance_firetruck:9|cucumber_zucchini:57|hotpot_vase:47
glassware,4151,125,acousticguitar_violin:2|cucumber_zucchini:7|hotpot_vase:116
glassy,4152,1,hotpot_vase:1
glaze,4153,786,ant_bee:1|cucumber_zucchini:8|hotpot_vase:777
glazed,4154,366,cucumber_zucchini:8|hotpot_vase:358
glazes,4155,16,hotpot_vase:16
glazing,4156,1,hotpot_vase:1
gleam,4157,42,acousticguitar_violin:36|ambulance_firetruck:3|ant_bee:2|hotpot_vase:1
gleaming,4158,232,acousticguitar_violin:183|ambulance_firetruck:8|ant_bee:29|cucumber_zucchini:7|hotpot_vase:5
gleams,4159,24,acousticguitar_violin:18|ambulance_firetruck:2|cucumber_zucchini:1|hotpot_vase:3
glendale,4160,1,ambulance_firetruck:1
glide,4161,1,ambulance_firetruck:1
gliding,4162,11,acousticguitar_violin:11
glimpse,4163,1,acousticguitar_violin:1
glinting,4164,32,acousticguitar_violin:4|ant_bee:27|cucumber_zucchini:1
glints,4165,5,acousticguitar_violin:2|ant_bee:2|cucumber_zucchini:1
glisten,4166,61,ant_bee:12|cucumber_zucchini:49
glistening,4167,556,ant_bee:89|cucumber_zucchini:466|hotpot_vase:1
glistens,4168,2,ant_bee:1|cucumber_zucchini:1
glitter,4169,44,acousticguitar_violin:10|hotpot_vase:34
glitter-finish,4170,1,acousticguitar_violin:1
glittering,4171,18,acousticguitar_violin:1|ant_bee:3|hotpot_vase:14
glittery,4172,39,acousticguitar_violin:9|ant_bee:10|hotpot_vase:20
global,4173,1,acousticguitar_violin:1
globe,4174,13,ant_bee:8|hotpot_vase:5
glorious,4175,1,hotpot_vase:1
glory,4176,8,ant_bee:8
glossy,4177,1945,acousticguitar_violin:651|ant_bee:240|cucumber_zucchini:318|hotpot_vase:736
gloved,4178,47,acousticguitar_violin:40|cucumber_zucchini:7
gloves,4179,20,acousticguitar_violin:11|cucumber_zucchini:9
glow,4180,205,acousticguitar_violin:137|ambulance_firetruck:20|ant_bee:25|hotpot_vase:23
glowing,4181,593,acousticguitar_violin:208|ambulance_firetruck:68|ant_bee:156|cucumber_zucchini:11|hotpot_vase:150
glows,4182,6,acousticguitar_violin:3|ant_bee:2|hotpot_vase:1
glue,4183,9,ant_bee:4|hotpot_vase:5
glue-like,4184,1,ant_bee:1
gmc,4185,41,ambulance_firetruck:41
gnarled,4186,3,hotpot_vase:3
gnome,4187,16,hotpot_vase:16
gnomes,4188,4,hotpot_vase:4
goat,4189,4,cucumber_zucchini:4
goatee,4190,4,cucumber_zucchini:1|hotpot_vase:3
gobi,4191,19,ambulance_firetruck:19
goblet,4192,27,hotpot_vase:27
goblet-shaped,4193,1,hotpot_vase:1
goblets,4194,2,hotpot_vase:2
gochujang,4195,1,hotpot_vase:1
goddess,4196,2,hotpot_vase:2
goderich,4197,19,ambulance_firetruck:19
goji,4198,10,hotpot_vase:10
gold,4199,1519,acousticguitar_violin:376|ambulance_firetruck:64|ant_bee:3|cucumber_zucchini:9|hotpot_vase:1067
gold-accented,4200,2,hotpot_vase:2
gold-adorned,4201,3,acousticguitar_violin:1|hotpot_vase:2
gold-and-red,4202,2,hotpot_vase:2
gold-and-wood,4203,1,hotpot_vase:1
gold-black,4204,3,hotpot_vase:3
gold-brown,4205,1,hotpot_vase:1
gold-colored,4206,1,acousticguitar_violin:1
gold-encrusted,4207,1,hotpot_vase:1
gold-etched,4208,1,hotpot_vase:1
gold-handled,4209,1,hotpot_vase:1
gold-leaf,4210,1,hotpot_vase:1
gold-patterned,4211,3,acousticguitar_violin:1|hotpot_vase:2
gold-red,4212,1,hotpot_vase:1
gold-rimmed,4213,4,hotpot_vase:4
gold-toned,4214,1,hotpot_vase:1
gold-trimmed,4215,6,hotpot_vase:6
gold-tuners,4216,1,acousticguitar_violin:1
gold-wrapped,4217,2,hotpot_vase:2
golden,4218,2380,acousticguitar_violin:677|ambulance_firetruck:8|ant_bee:709|cucumber_zucchini:84|hotpot_vase:902
golden-backed,4219,3,ant_bee:3
golden-baked,4220,1,cucumber_zucchini:1
golden-banded,4221,2,ant_bee:2
golden-bellied,4222,2,ant_bee:2
golden-black,4223,1,ant_bee:1
golden-brown,4224,176,acousticguitar_violin:5|ant_bee:40|cucumber_zucchini:76|hotpot_vase:55
golden-embossed,4225,1,hotpot_vase:1
golden-green,4226,1,ant_bee:1
golden-hued,4227,3,acousticguitar_violin:2|ant_bee:1
golden-leafed,4228,1,hotpot_vase:1
golden-lit,4229,1,acousticguitar_violin:1
golden-orange,4230,5,ant_bee:4|hotpot_vase:1
golden-patterned,4231,1,hotpot_vase:1
golden-red,4232,5,hotpot_vase:5
golden-rimmed,4233,4,hotpot_vase:4
golden-silver,4234,1,hotpot_vase:1
golden-tipped,4235,1,ant_bee:1
golden-topped,4236,2,hotpot_vase:2
golden-yellow,4237,8,acousticguitar_violin:5|ant_bee:2|hotpot_vase:1
goldenrod,4238,13,ant_bee:13
goldfish,4239,2,hotpot_vase:2
goods,4240,1,cucumber_zucchini:1
googly,4241,14,cucumber_zucchini:14
gordonville,4242,10,ambulance_firetruck:10
gorgeous,4243,5,acousticguitar_violin:5
gorgon,4244,1,hotpot_vase:1
gorilla,4245,3,hotpot_vase:3
gorilla-shaped,4246,3,hotpot_vase:3
gotham,4247,15,ambulance_firetruck:15
gothic,4248,13,acousticguitar_violin:13
gourd,4249,57,acousticguitar_violin:16|cucumber_zucchini:19|hotpot_vase:22
gourd-shaped,4250,15,hotpot_vase:15
gourds,4251,59,acousticguitar_violin:3|cucumber_zucchini:56
gourmet,4252,26,ant_bee:5|cucumber_zucchini:12|hotpot_vase:9
gown,4253,3,acousticguitar_violin:3
grabs,4254,1,ant_bee:1
grace,4255,29,acousticguitar_violin:28|hotpot_vase:1
graceful,4256,4,acousticguitar_violin:4
gracefully,4257,8,acousticguitar_violin:6|hotpot_vase:2
grade,4258,4,acousticguitar_violin:4
gradient,4259,128,acousticguitar_violin:54|ant_bee:1|cucumber_zucchini:4|hotpot_vase:69
gradients,4260,5,hotpot_vase:5
graffiti,4261,20,acousticguitar_violin:2|ambulance_firetruck:18
graffiti-covered,4262,20,ambulance_firetruck:20
graffitied,4263,1,ambulance_firetruck:1
grain,4264,1875,acousticguitar_violin:1784|ant_bee:33|cucumber_zucchini:10|hotpot_vase:48
grained,4265,102,acousticguitar_violin:102
grains,4266,39,acousticguitar_violin:1|ant_bee:36|hotpot_vase:2
grainy,4267,23,acousticguitar_violin:13|ant_bee:10
gram,4268,1,cucumber_zucchini:1
grams,4269,8,cucumber_zucchini:8
grand,4270,71,acousticguitar_violin:34|ambulance_firetruck:31|hotpot_vase:6
granddaughter,4271,19,acousticguitar_violin:19
grandma,4272,1,acousticguitar_violin:1
grandmother,4273,18,acousticguitar_violin:18
grange,4274,15,ambulance_firetruck:15
granite,4275,66,ant_bee:6|cucumber_zucchini:34|hotpot_vase:26
grant,4276,1,ambulance_firetruck:1
granular,4277,22,ant_bee:22
granules,4278,1,ant_bee:1
grape,4279,49,ant_bee:22|hotpot_vase:27
grape-adorned,4280,1,hotpot_vase:1
grape-patterned,4281,1,hotpot_vase:1
grape-tasting,4282,1,ant_bee:1
grape-vine,4283,3,hotpot_vase:3
grapes,4284,81,cucumber_zucchini:47|hotpot_vase:34
grapevine,4285,20,hotpot_vase:20
graphic,4286,15,acousticguitar_violin:6|ambulance_firetruck:9
graphics,4287,41,acousticguitar_violin:4|ambulance_firetruck:36|hotpot_vase:1
grappling,4288,6,ant_bee:6
grasp,4289,1,cucumber_zucchini:1
grasping,4290,9,ambulance_firetruck:1|ant_bee:7|hotpot_vase:1
grasps,4291,2,ant_bee:2
grass,4292,2849,acousticguitar_violin:296|ambulance_firetruck:1262|ant_bee:965|cucumber_zucchini:288|hotpot_vase:38
grass-like,4293,5,hotpot_vase:5
grass-lined,4294,1,ambulance_firetruck:1
grass-patterned,4295,1,hotpot_vase:1
grasses,4296,13,hotpot_vase:13
grassland,4297,1,acousticguitar_violin:1
grasslands,4298,1,acousticguitar_violin:1
grassy,4299,626,acousticguitar_violin:65|ambulance_firetruck:466|ant_bee:71|cucumber_zucchini:24
grate,4300,4,hotpot_vase:4
grated,4301,34,cucumber_zucchini:34
grater,4302,60,cucumber_zucchini:60
grates,4303,2,ambulance_firetruck:1|cucumber_zucchini:1
gratin,4304,22,hotpot_vase:22
grating,4305,57,cucumber_zucchini:57
gratitude,4306,18,ambulance_firetruck:18
gravel,4307,792,acousticguitar_violin:9|ambulance_firetruck:273|ant_bee:494|cucumber_zucchini:16
gravel-covered,4308,4,ant_bee:4
gravel-strewn,4309,4,ant_bee:4
gravelly,4310,69,acousticguitar_violin:1|ant_bee:67|cucumber_zucchini:1
gravy,4311,22,hotpot_vase:22
gray,4312,882,acousticguitar_violin:218|ambulance_firetruck:55|ant_bee:329|cucumber_zucchini:120|hotpot_vase:160
gray-and-cream,4313,1,ambulance_firetruck:1
gray-and-white,4314,4,acousticguitar_violin:1|ambulance_firetruck:3
gray-haired,4315,5,acousticguitar_violin:5
gray-orange,4316,1,ant_bee:1
grayish,4317,4,ant_bee:4
grayish-white,4318,1,ant_bee:1
grayscale,4319,61,acousticguitar_violin:16|ambulance_firetruck:6|ant_bee:33|cucumber_zucchini:4|hotpot_vase:2
greater,4320,3,ambulance_firetruck:3
greek,4321,551,cucumber_zucchini:20|hotpot_vase:531
greek-style,4322,2,hotpot_vase:2
green,4323,41415,acousticguitar_violin:818|ambulance_firetruck:1796|ant_bee:14693|cucumber_zucchini:20139|hotpot_vase:3969
green-abdomen,4324,1,ant_bee:1
green-and-black,4325,4,hotpot_vase:4
green-and-orange,4326,1,ant_bee:1
green-and-pink,4327,4,ant_bee:4
green-and-red,4328,1,ant_bee:1
green-and-silver,4329,3,hotpot_vase:3
green-and-white,4330,47,acousticguitar_violin:7|ambulance_firetruck:34|ant_bee:1|cucumber_zucchini:1|hotpot_vase:4
green-and-yellow,4331,51,ambulance_firetruck:51
green-backed,4332,2,ant_bee:2
green-background,4333,5,acousticguitar_violin:4|ant_bee:1
green-bellied,4334,9,ant_bee:9
green-blue,4335,6,hotpot_vase:6
green-brown,4336,7,ant_bee:1|hotpot_vase:6
green-brown釉,4337,1,hotpot_vase:1
green-checkerboard,4338,1,ambulance_firetruck:1
green-checkered,4339,2,ambulance_firetruck:2
green-clad,4340,5,ambulance_firetruck:5
green-encrusted,4341,1,hotpot_vase:1
green-eyed,4342,3,ant_bee:3
green-framed,4343,1,ant_bee:1
green-gather,4344,1,ant_bee:1
green-glazed,4345,24,hotpot_vase:24
green-haired,4346,2,acousticguitar_violin:2
green-headed,4347,2,ant_bee:2
green-herbed,4348,1,hotpot_vase:1
green-jar,4349,1,hotpot_vase:1
green-leaf,4350,6,ant_bee:6
green-leafed,4351,2,ant_bee:2
green-lined,4352,19,acousticguitar_violin:19
green-mossed,4353,1,hotpot_vase:1
green-necked,4354,7,hotpot_vase:7
green-on,4355,8,cucumber_zucchini:8
green-patterned,4356,5,acousticguitar_violin:1|ant_bee:1|cucumber_zucchini:3
green-red,4357,2,ambulance_firetruck:1|ant_bee:1
green-red-white,4358,1,ambulance_firetruck:1
green-rest,4359,8,cucumber_zucchini:7|hotpot_vase:1
green-resting,4360,1,cucumber_zucchini:1
green-rimmed,4361,11,hotpot_vase:11
green-roofed,4362,1,ambulance_firetruck:1
green-sandaled,4363,1,ant_bee:1
green-shirt,4364,1,cucumber_zucchini:1
green-shirted,4365,1,ambulance_firetruck:1
green-speckled,4366,2,ant_bee:1|cucumber_zucchini:1
green-stand,4367,4,cucumber_zucchini:4
green-striped,4368,18,cucumber_zucchini:10|hotpot_vase:8
green-striped-rest,4369,1,cucumber_zucchini:1
green-tinted,4370,4,hotpot_vase:4
green-to-cream,4371,1,hotpot_vase:1
green-toned,4372,1,ant_bee:1
green-topped,4373,3,hotpot_vase:3
green-white,4374,5,ambulance_firetruck:4|hotpot_vase:1
green-white-red,4375,1,ambulance_firetruck:1
green-wrapped,4376,1,hotpot_vase:1
green-yellow,4377,195,ambulance_firetruck:184|ant_bee:9|cucumber_zucchini:1|hotpot_vase:1
green/yellow,4378,10,ambulance_firetruck:10
greene,4379,9,cucumber_zucchini:9
greenery,4380,683,acousticguitar_violin:54|ambulance_firetruck:104|ant_bee:237|cucumber_zucchini:27|hotpot_vase:261
greenhouse,4381,37,ambulance_firetruck:4|cucumber_zucchini:33
greenish,4382,20,acousticguitar_violin:1|ant_bee:13|cucumber_zucchini:3|hotpot_vase:3
greenish-blue,4383,1,hotpot_vase:1
greenish-gray,4384,1,hotpot_vase:1
greenish-yellow,4385,2,ant_bee:2
greens,4386,1743,acousticguitar_violin:2|cucumber_zucchini:525|hotpot_vase:1216
grey,4387,16,acousticguitar_violin:2|ambulance_firetruck:4|ant_bee:2|hotpot_vase:8
grey-haired,4388,1,acousticguitar_violin:1
grid,4389,83,acousticguitar_violin:17|ambulance_firetruck:3|ant_bee:27|cucumber_zucchini:17|hotpot_vase:19
grid-cut,4390,1,cucumber_zucchini:1
grid-like,4391,2,acousticguitar_violin:1|cucumber_zucchini:1
grid-patterned,4392,4,hotpot_vase:4
griddle,4393,19,cucumber_zucchini:2|hotpot_vase:17
griffin,4394,12,hotpot_vase:12
grill,4395,40,acousticguitar_violin:1|ambulance_firetruck:6|cucumber_zucchini:25|hotpot_vase:8
grille,4396,154,acousticguitar_violin:9|ambulance_firetruck:144|hotpot_vase:1
grilled,4397,689,cucumber_zucchini:600|hotpot_vase:89
grilling,4398,31,cucumber_zucchini:27|hotpot_vase:4
grills,4399,2,cucumber_zucchini:2
grimacing,4400,2,hotpot_vase:2
grinning,4401,3,cucumber_zucchini:3
grins,4402,2,hotpot_vase:2
grip,4403,1,acousticguitar_violin:1
gripping,4404,35,acousticguitar_violin:3|ant_bee:29|hotpot_vase:3
grips,4405,5,ant_bee:5
grit,4406,2,ant_bee:2
gritty,4407,226,ant_bee:226
groceries,4408,4,cucumber_zucchini:4
grocery,4409,53,ambulance_firetruck:7|cucumber_zucchini:46
groom,4410,31,acousticguitar_violin:16|ambulance_firetruck:15
grooming,4411,3,ambulance_firetruck:2|ant_bee:1
grooves,4412,27,acousticguitar_violin:1|hotpot_vase:26
grotesque,4413,6,hotpot_vase:6
ground,4414,2648,acousticguitar_violin:18|ambulance_firetruck:155|ant_bee:2329|cucumber_zucchini:94|hotpot_vase:52
ground-dwelling,4415,1,ant_bee:1
group,4416,181,acousticguitar_violin:30|ambulance_firetruck:85|hotpot_vase:66
grouped,4417,4,acousticguitar_violin:2|cucumber_zucchini:2
grout,4418,4,ant_bee:4
grove,4419,67,ambulance_firetruck:67
grow,4420,188,ant_bee:1|cucumber_zucchini:187
growing,4421,3788,ant_bee:2|cucumber_zucchini:3783|hotpot_vase:3
grown,4422,14,cucumber_zucchini:14
grows,4423,236,ant_bee:2|cucumber_zucchini:229|hotpot_vase:5
growth,4424,69,ant_bee:25|cucumber_zucchini:44
growths,4425,10,ant_bee:10
grub,4426,28,ant_bee:28
grumpy,4427,1,hotpot_vase:1
grün-weiss,4428,1,ambulance_firetruck:1
gsu,4429,1,ambulance_firetruck:1
gta,4430,9,ambulance_firetruck:9
gta-style,4431,1,ambulance_firetruck:1
guacamole,4432,21,cucumber_zucchini:21
guard,4433,3,ambulance_firetruck:3
guarding,4434,21,ant_bee:21
guards,4435,4,ant_bee:4
guarnerius,4436,1,acousticguitar_violin:1
guarnieri,4437,3,acousticguitar_violin:3
guests,4438,6,acousticguitar_violin:2|ambulance_firetruck:2|hotpot_vase:2
guidance,4439,27,acousticguitar_violin:27
guide,4440,23,acousticguitar_violin:20|ambulance_firetruck:3
guidebook,4441,2,acousticguitar_violin:2
guided,4442,14,acousticguitar_violin:10|ambulance_firetruck:1|ant_bee:3
guides,4443,26,acousticguitar_violin:26
guiding,4444,13,acousticguitar_violin:12|ant_bee:1
guild,4445,7,acousticguitar_violin:7
guinea,4446,17,cucumber_zucchini:17
guinness,4447,26,hotpot_vase:26
guitar,4448,372,acousticguitar_violin:362|ambulance_firetruck:10
guitar's,4449,2,acousticguitar_violin:2
guitar-in,4450,1,acousticguitar_violin:1
guitar-making,4451,3,acousticguitar_violin:3
guitar-rest,4452,2,acousticguitar_violin:2
guitar-with,4453,1,acousticguitar_violin:1
guitarist,4454,192,acousticguitar_violin:192
guitarist's,4455,12,acousticguitar_violin:12
guitarist-on,4456,1,acousticguitar_violin:1
guitarists,4457,7,acousticguitar_violin:7
guitars,4458,53,acousticguitar_violin:53
gulch,4459,10,ambulance_firetruck:10
gum,4460,3,ant_bee:3
gumballs,4461,1,hotpot_vase:1
gumbo,4462,28,hotpot_vase:28
gun,4463,15,ambulance_firetruck:13|cucumber_zucchini:2
guns,4464,2,ambulance_firetruck:2
gurney,4465,8,ambulance_firetruck:8
gustav,4466,2,acousticguitar_violin:2
guy,4467,8,acousticguitar_violin:8
guō,4468,1,hotpot_vase:1
gypsy,4469,1,acousticguitar_violin:1
gzm,4470,2,ambulance_firetruck:2
göttingen,4471,11,ambulance_firetruck:11
h-200,4472,1,hotpot_vase:1
h25,4473,5,ambulance_firetruck:5
h35cm,4474,3,hotpot_vase:3
habitat,4475,35,ant_bee:35
hadley,4476,10,ambulance_firetruck:10
hair,4477,381,acousticguitar_violin:320|ant_bee:32|cucumber_zucchini:24|hotpot_vase:5
hairs,4478,100,ant_bee:97|cucumber_zucchini:3
hairy,4479,54,ant_bee:51|cucumber_zucchini:3
hal,4480,6,acousticguitar_violin:6
half,4481,45,acousticguitar_violin:11|ant_bee:5|cucumber_zucchini:27|hotpot_vase:2
half-cut,4482,1,cucumber_zucchini:1
half-eaten,4483,7,ant_bee:7
hall,4484,50,acousticguitar_violin:25|ambulance_firetruck:23|hotpot_vase:2
halloumi,4485,14,cucumber_zucchini:14
halloween,4486,5,hotpot_vase:5
halloween-themed,4487,12,hotpot_vase:12
hallway,4488,31,acousticguitar_violin:21|hotpot_vase:10
halted,4489,1,ambulance_firetruck:1
halved,4490,76,ant_bee:2|cucumber_zucchini:74
halves,4491,106,acousticguitar_violin:2|cucumber_zucchini:93|hotpot_vase:11
ham,4492,72,cucumber_zucchini:22|hotpot_vase:50
hamburg,4493,3,ambulance_firetruck:3
hamburger,4494,1,cucumber_zucchini:1
hameln,4495,2,ambulance_firetruck:2
hamilton,4496,27,ambulance_firetruck:27
hammered,4497,1,acousticguitar_violin:1
hammock,4498,10,acousticguitar_violin:10
hammond,4499,5,ambulance_firetruck:5
hampshire,4500,5,ambulance_firetruck:5
hampton,4501,12,ambulance_firetruck:12
hand,4502,1907,acousticguitar_violin:628|ambulance_firetruck:1|ant_bee:93|cucumber_zucchini:1074|hotpot_vase:111
hand-cooking,4503,2,hotpot_vase:2
hand-drawn,4504,9,acousticguitar_violin:7|hotpot_vase:2
hand-harvested,4505,4,cucumber_zucchini:4
hand-held,4506,42,acousticguitar_violin:2|ant_bee:1|cucumber_zucchini:39
hand-holding,4507,1,cucumber_zucchini:1
hand-painted,4508,117,acousticguitar_violin:10|hotpot_vase:107
hand-sewn,4509,2,acousticguitar_violin:2
hand-shaped,4510,5,hotpot_vase:5
hand-stirring,4511,3,hotpot_vase:3
hand-thrown,4512,2,hotpot_vase:2
hand-written,4513,4,cucumber_zucchini:4
handcrafted,4514,230,acousticguitar_violin:34|hotpot_vase:196
handcrafting,4515,1,acousticguitar_violin:1
handheld,4516,2,ambulance_firetruck:1|cucumber_zucchini:1
handicap,4517,5,ambulance_firetruck:5
handicraft,4518,1,hotpot_vase:1
handle,4519,247,acousticguitar_violin:1|cucumber_zucchini:9|hotpot_vase:237
handled,4520,2,hotpot_vase:2
handles,4521,969,acousticguitar_violin:1|ambulance_firetruck:21|cucumber_zucchini:5|hotpot_vase:942
handling,4522,11,ambulance_firetruck:11
handmade,4523,35,acousticguitar_violin:24|cucumber_zucchini:1|hotpot_vase:10
hands,4524,950,acousticguitar_violin:580|ambulance_firetruck:9|ant_bee:36|cucumber_zucchini:227|hotpot_vase:98
handshake,4525,10,ambulance_firetruck:10
handwoven,4526,11,hotpot_vase:11
handwriting,4527,2,acousticguitar_violin:2
handwritten,4528,14,acousticguitar_violin:3|cucumber_zucchini:11
hang,4529,244,acousticguitar_violin:191|ant_bee:5|cucumber_zucchini:27|hotpot_vase:21
hangar,4530,31,ambulance_firetruck:31
hanger,4531,3,acousticguitar_violin:3
hanging,4532,538,acousticguitar_violin:319|ambulance_firetruck:22|ant_bee:38|cucumber_zucchini:110|hotpot_vase:49
hangs,4533,105,acousticguitar_violin:53|ant_bee:10|cucumber_zucchini:41|hotpot_vase:1
hannah,4534,3,acousticguitar_violin:3
hannover,4535,81,ambulance_firetruck:81
hanover,4536,7,ambulance_firetruck:7
happily,4537,9,acousticguitar_violin:3|cucumber_zucchini:6
happiness,4538,4,ambulance_firetruck:1|hotpot_vase:3
happy,4539,58,acousticguitar_violin:13|ambulance_firetruck:6|cucumber_zucchini:33|hotpot_vase:6
harbour,4540,14,ambulance_firetruck:14
hard,4541,76,acousticguitar_violin:76
hard-shell,4542,4,acousticguitar_violin:4
hardcore,4543,1,acousticguitar_violin:1
hardshell,4544,9,acousticguitar_violin:9
hardware,4545,140,acousticguitar_violin:137|hotpot_vase:3
hardwood,4546,67,acousticguitar_violin:57|cucumber_zucchini:9|hotpot_vase:1
harman,4547,3,acousticguitar_violin:3
harmonica,4548,36,acousticguitar_violin:36
harmonious,4549,2,hotpot_vase:2
harmonix,4550,1,acousticguitar_violin:1
harmony,4551,59,acousticguitar_violin:22|ambulance_firetruck:1|ant_bee:35|cucumber_zucchini:1
harness,4552,1,acousticguitar_violin:1
harnesses,4553,2,ambulance_firetruck:2
harp,4554,20,acousticguitar_violin:20
harp-like,4555,3,acousticguitar_violin:3
harris,4556,13,ambulance_firetruck:13
harvest,4557,786,cucumber_zucchini:786
harvest-ready,4558,2,cucumber_zucchini:2
harvested,4559,89,cucumber_zucchini:89
harvesting,4560,86,ant_bee:14|cucumber_zucchini:72
harvests,4561,16,cucumber_zucchini:16
harvey,4562,18,ambulance_firetruck:18
has,4563,4,acousticguitar_violin:1|ambulance_firetruck:2|hotpot_vase:1
hash,4564,2,cucumber_zucchini:2
hat,4565,376,acousticguitar_violin:258|ambulance_firetruck:21|ant_bee:5|cucumber_zucchini:80|hotpot_vase:12
hatchback,4566,2,ambulance_firetruck:1|ant_bee:1
hats,4567,56,acousticguitar_violin:49|ambulance_firetruck:7
hatzolah,4568,16,ambulance_firetruck:16
haul,4569,2,cucumber_zucchini:2
hauling,4570,25,ambulance_firetruck:19|ant_bee:6
hauser,4571,7,ambulance_firetruck:7
haven,4572,1,acousticguitar_violin:1
having,4573,1,ant_bee:1
hawaiian,4574,15,acousticguitar_violin:15
hawk,4575,8,ambulance_firetruck:8
hay,4576,28,acousticguitar_violin:20|cucumber_zucchini:8
hay-covered,4577,1,acousticguitar_violin:1
haybales,4578,2,acousticguitar_violin:2
hayfield,4579,1,acousticguitar_violin:1
hayneville,4580,3,ambulance_firetruck:3
hazard,4581,7,ambulance_firetruck:7
hazardous,4582,9,ambulance_firetruck:9
hazel,4583,10,acousticguitar_violin:10
hazmat,4584,10,ambulance_firetruck:10
haztac,4585,3,ambulance_firetruck:3
hazy,4586,13,ambulance_firetruck:9|ant_bee:4
hd,4587,1,acousticguitar_violin:1
hdcd,4588,2,acousticguitar_violin:2
he's,4589,1,acousticguitar_violin:1
head,4590,641,acousticguitar_violin:66|ant_bee:533|cucumber_zucchini:16|hotpot_vase:26
headband,4591,9,acousticguitar_violin:9
headboard,4592,12,acousticguitar_violin:12
heading,4593,2,ambulance_firetruck:2
headlight,4594,2,ambulance_firetruck:2
headlights,4595,83,ambulance_firetruck:83
headlines,4596,3,cucumber_zucchini:3
headphones,4597,116,acousticguitar_violin:103|ambulance_firetruck:6|hotpot_vase:7
headquarters,4598,9,ambulance_firetruck:9
heads,4599,52,acousticguitar_violin:3|ambulance_firetruck:1|ant_bee:28|hotpot_vase:20
headstock,4600,1504,acousticguitar_violin:1504
headstock-labeled,4601,1,acousticguitar_violin:1
headstocks,4602,5,acousticguitar_violin:5
health,4603,59,ambulance_firetruck:59
healthcare,4604,4,ambulance_firetruck:4
healthy,4605,155,cucumber_zucchini:155
heap,4606,1,cucumber_zucchini:1
heaps,4607,3,cucumber_zucchini:3
hearse,4608,181,ambulance_firetruck:181
heart,4609,83,acousticguitar_violin:31|ambulance_firetruck:9|ant_bee:21|cucumber_zucchini:17|hotpot_vase:5
heart-shaped,4610,157,acousticguitar_violin:110|ant_bee:4|cucumber_zucchini:21|hotpot_vase:22
heartbeat,4611,2,ambulance_firetruck:2
heartfelt,4612,1,acousticguitar_violin:1
hearth,4613,1,hotpot_vase:1
hearts,4614,1,acousticguitar_violin:1
hearty,4615,4029,cucumber_zucchini:20|hotpot_vase:4009
heat,4616,4,hotpot_vase:4
heated,4617,3,hotpot_vase:3
heater,4618,12,acousticguitar_violin:4|hotpot_vase:8
heather,4619,25,ant_bee:25
heating,4620,2,hotpot_vase:2
heavenly,4621,2,hotpot_vase:2
heavily,4622,1,ambulance_firetruck:1
heavy,4623,19,ambulance_firetruck:18|cucumber_zucchini:1
heavy-duty,4624,12,ambulance_firetruck:12
hebrew,4625,6,ambulance_firetruck:6
hecaf-nepal,4626,1,ambulance_firetruck:1
hedge,4627,15,acousticguitar_violin:2|ambulance_firetruck:9|cucumber_zucchini:4
hedges,4628,1,ambulance_firetruck:1
hei,4629,1,cucumber_zucchini:1
height,4630,14,hotpot_vase:14
heights,4631,41,ambulance_firetruck:8|hotpot_vase:33
heil,4632,1,cucumber_zucchini:1
heilan,4633,2,cucumber_zucchini:2
heilan'andzack,4634,2,cucumber_zucchini:2
heirloom,4635,18,cucumber_zucchini:18
held,4636,417,acousticguitar_violin:24|ant_bee:40|cucumber_zucchini:343|hotpot_vase:10
heliconia,4637,3,ant_bee:3
helicopter,4638,705,ambulance_firetruck:705
helijet,4639,5,ambulance_firetruck:5
helipad,4640,32,ambulance_firetruck:32
hellebore,4641,6,hotpot_vase:6
hello,4642,161,acousticguitar_violin:160|cucumber_zucchini:1
helmet,4643,63,acousticguitar_violin:3|ambulance_firetruck:58|hotpot_vase:2
helmets,4644,48,ambulance_firetruck:48
help,4645,3,acousticguitar_violin:1|ambulance_firetruck:2
helper,4646,1,cucumber_zucchini:1
helping,4647,1,ambulance_firetruck:1
helps,4648,11,acousticguitar_violin:1|ambulance_firetruck:10
helsinki,4649,17,ambulance_firetruck:17
hendrix,4650,6,acousticguitar_violin:6
henly,4651,14,ambulance_firetruck:14
her,4652,58,acousticguitar_violin:39|cucumber_zucchini:19
herakles,4653,1,hotpot_vase:1
herb,4654,38,ambulance_firetruck:4|ant_bee:1|cucumber_zucchini:18|hotpot_vase:15
herb-baked,4655,1,hotpot_vase:1
herb-coated,4656,1,cucumber_zucchini:1
herb-crusted,4657,2,cucumber_zucchini:2
herb-filled,4658,3,hotpot_vase:3
herb-garnished,4659,5,cucumber_zucchini:2|hotpot_vase:3
herb-infused,4660,3,hotpot_vase:3
herb-roasted,4661,1,hotpot_vase:1
herb-topped,4662,16,cucumber_zucchini:6|hotpot_vase:10
herbaceous,4663,2,ant_bee:1|hotpot_vase:1
herbal,4664,7,hotpot_vase:7
herbed,4665,16,cucumber_zucchini:8|hotpot_vase:8
herbs,4666,2269,cucumber_zucchini:827|hotpot_vase:1442
herbs-fresh,4667,1,cucumber_zucchini:1
herbs-glistening,4668,1,cucumber_zucchini:1
herbs-on,4669,1,cucumber_zucchini:1
herbs-vibrant,4670,1,cucumber_zucchini:1
herby,4671,1,hotpot_vase:1
here,4672,17,acousticguitar_violin:2|ambulance_firetruck:2|ant_bee:5|cucumber_zucchini:2|hotpot_vase:6
here's,4673,3,cucumber_zucchini:2|hotpot_vase:1
heritage,4674,2,acousticguitar_violin:2
hero,4675,7,acousticguitar_violin:7
heroes,4676,20,ambulance_firetruck:6|hotpot_vase:14
heroic,4677,1,hotpot_vase:1
hertz,4678,2,ambulance_firetruck:2
hexagon,4679,2,ant_bee:2
hexagonal,4680,82,ambulance_firetruck:1|ant_bee:33|cucumber_zucchini:7|hotpot_vase:41
hexagons,4681,4,ant_bee:4
hfd,4682,14,ambulance_firetruck:14
hgr,4683,2,ambulance_firetruck:2
hgw,4684,5,ambulance_firetruck:5
hibiscus,4685,116,ant_bee:99|cucumber_zucchini:17
hidden,4686,25,acousticguitar_violin:17|ambulance_firetruck:1|ant_bee:3|cucumber_zucchini:2|hotpot_vase:2
hides,4687,1,acousticguitar_violin:1
hiding,4688,1,acousticguitar_violin:1
hierarchy,4689,1,ant_bee:1
hieroglyphic,4690,9,hotpot_vase:9
hieroglyphs,4691,13,hotpot_vase:13
high,4692,264,acousticguitar_violin:18|ambulance_firetruck:45|cucumber_zucchini:196|hotpot_vase:5
high-angle,4693,1,ambulance_firetruck:1
high-contrast,4694,11,acousticguitar_violin:11
high-quality,4695,1,acousticguitar_violin:1
high-rise,4696,6,ambulance_firetruck:6
high-speed,4697,1,ambulance_firetruck:1
high-top,4698,1,ambulance_firetruck:1
high-vis,4699,15,ambulance_firetruck:15
high-visibility,4700,21,ambulance_firetruck:21
highchair,4701,5,cucumber_zucchini:5
highland,4702,4,ambulance_firetruck:4
highlight,4703,1,acousticguitar_violin:1
highlighted,4704,26,acousticguitar_violin:23|ambulance_firetruck:2|hotpot_vase:1
highlighting,4705,69,acousticguitar_violin:47|ant_bee:20|cucumber_zucchini:2
highlights,4706,54,acousticguitar_violin:26|ant_bee:26|cucumber_zucchini:2
highly,4707,2,ant_bee:2
highway,4708,241,ambulance_firetruck:236|ant_bee:5
hill,4709,97,acousticguitar_violin:3|ambulance_firetruck:79|ant_bee:15
hills,4710,107,acousticguitar_violin:1|ambulance_firetruck:96|ant_bee:9|hotpot_vase:1
hillsborough,4711,5,ambulance_firetruck:5
hillside,4712,35,acousticguitar_violin:3|ambulance_firetruck:32
hilltop,4713,1,acousticguitar_violin:1
hilly,4714,1,ambulance_firetruck:1
him,4715,47,acousticguitar_violin:45|ant_bee:1|cucumber_zucchini:1
himedic,4716,3,ambulance_firetruck:3
hind,4717,2,ant_bee:2
hinge,4718,1,acousticguitar_violin:1
hino,4719,5,ambulance_firetruck:5
hinsdale,4720,3,ambulance_firetruck:3
hint,4721,1,ant_bee:1
hints,4722,14,ant_bee:14
hippie,4723,3,acousticguitar_violin:3
hippie-themed,4724,3,acousticguitar_violin:3
hire,4725,7,ambulance_firetruck:7
his,4726,12,acousticguitar_violin:3|ant_bee:1|cucumber_zucchini:8
historic,4727,326,acousticguitar_violin:20|ambulance_firetruck:290|hotpot_vase:16
historical,4728,25,acousticguitar_violin:15|ambulance_firetruck:8|hotpot_vase:2
history,4729,2,acousticguitar_violin:1|ambulance_firetruck:1
hitna,4730,4,ambulance_firetruck:4
hive,4731,160,ant_bee:160
hobnail,4732,42,hotpot_vase:42
hobner,4733,3,acousticguitar_violin:3
hoboken,4734,25,ambulance_firetruck:25
hodeson,4735,3,ambulance_firetruck:3
hodgson,4736,8,ambulance_firetruck:8
hofner,4737,3,acousticguitar_violin:3
hohner,4738,13,acousticguitar_violin:13
hoists,4739,4,ambulance_firetruck:4
holby,4740,2,ambulance_firetruck:2
hold,4741,102,acousticguitar_violin:35|ambulance_firetruck:8|cucumber_zucchini:30|hotpot_vase:29
holder,4742,34,acousticguitar_violin:1|cucumber_zucchini:5|hotpot_vase:28
holders,4743,29,hotpot_vase:29
holding,4744,2375,acousticguitar_violin:827|ambulance_firetruck:42|ant_bee:52|cucumber_zucchini:1186|hotpot_vase:268
holds,4745,1212,acousticguitar_violin:266|ambulance_firetruck:39|ant_bee:19|cucumber_zucchini:656|hotpot_vase:232
hole,4746,426,acousticguitar_violin:142|ant_bee:278|cucumber_zucchini:3|hotpot_vase:3
holes,4747,64,acousticguitar_violin:5|ant_bee:26|hotpot_vase:33
holiday,4748,31,acousticguitar_violin:5|ambulance_firetruck:10|hotpot_vase:16
holland,4749,20,ambulance_firetruck:20
hollow,4750,16,acousticguitar_violin:4|ant_bee:7|cucumber_zucchini:2|hotpot_vase:3
hollow-body,4751,54,acousticguitar_violin:54
hollowed,4752,45,cucumber_zucchini:44|hotpot_vase:1
hollowed-out,4753,1,ant_bee:1
hollowing,4754,8,cucumber_zucchini:8
holly,4755,18,hotpot_vase:18
home,4756,175,acousticguitar_violin:112|ambulance_firetruck:39|hotpot_vase:24
home-based,4757,1,acousticguitar_violin:1
home-canned,4758,2,cucumber_zucchini:2
home-cooked,4759,19,hotpot_vase:19
homegrown,4760,2,cucumber_zucchini:2
homemade,4761,66,cucumber_zucchini:37|hotpot_vase:29
homes,4762,41,ambulance_firetruck:41
homey,4763,4,acousticguitar_violin:3|hotpot_vase:1
honda,4764,1,ambulance_firetruck:1
honest,4765,1,acousticguitar_violin:1
honey,4766,63,acousticguitar_violin:3|ant_bee:60
honey-dotted,4767,1,ant_bee:1
honey-filled,4768,1,ant_bee:1
honey-like,4769,1,ant_bee:1
honey-wash,4770,5,acousticguitar_violin:5
honey-washed,4771,7,acousticguitar_violin:7
honeybee,4772,8,ant_bee:8
honeycomb,4773,228,ant_bee:186|hotpot_vase:42
honeycomb-like,4774,1,ant_bee:1
honeycomb-patterned,4775,1,hotpot_vase:1
honeycombs,4776,14,ant_bee:14
honeydew,4777,25,ant_bee:25
honeydrop,4778,3,ant_bee:3
hong,4779,16,acousticguitar_violin:9|ambulance_firetruck:7
honoring,4780,5,ambulance_firetruck:5
honors,4781,5,ambulance_firetruck:5
hood,4782,73,acousticguitar_violin:1|ambulance_firetruck:69|ant_bee:3
hood-up,4783,1,ambulance_firetruck:1
hooded,4784,11,acousticguitar_violin:11
hoodie,4785,44,acousticguitar_violin:33|cucumber_zucchini:11
hook,4786,20,ant_bee:20
hooked,4787,2,ant_bee:2
hooks,4788,1,acousticguitar_violin:1
hooksett,4789,2,ambulance_firetruck:2
hoop,4790,12,acousticguitar_violin:12
hope,4791,2,acousticguitar_violin:1|ambulance_firetruck:1
hopeful,4792,2,hotpot_vase:2
hordes,4793,1,ant_bee:1
horizontal,4794,69,acousticguitar_violin:11|ant_bee:2|hotpot_vase:56
horizontally,4795,18,acousticguitar_violin:3|cucumber_zucchini:15
horn,4796,2,ambulance_firetruck:2
horn-like,4797,1,acousticguitar_violin:1
horn-shaped,4798,1,acousticguitar_violin:1
hornet,4799,20,ant_bee:20
horns,4800,14,acousticguitar_violin:14
horse,4801,60,ambulance_firetruck:24|hotpot_vase:36
horse-drawn,4802,13,ambulance_firetruck:13
horse-themed,4803,9,hotpot_vase:9
horseback,4804,1,hotpot_vase:1
horseless,4805,3,ambulance_firetruck:3
horses,4806,33,ambulance_firetruck:5|hotpot_vase:28
horus,4807,3,hotpot_vase:3
hose,4808,232,ambulance_firetruck:231|ant_bee:1
hoses,4809,397,ambulance_firetruck:397
hospital,4810,383,ambulance_firetruck:383
hospitals,4811,12,ambulance_firetruck:12
host,4812,1,ant_bee:1
hosta,4813,4,ant_bee:4
hosting,4814,18,ant_bee:18
hosts,4815,10,ant_bee:10
hot,4816,2030,ambulance_firetruck:20|cucumber_zucchini:14|hotpot_vase:1996
hotdog,4817,1,cucumber_zucchini:1
hotel,4818,13,ambulance_firetruck:13
hour,4819,2,acousticguitar_violin:1|ambulance_firetruck:1
hourglass,4820,23,hotpot_vase:23
hourglass-shaped,4821,9,hotpot_vase:9
hourglasses,4822,1,hotpot_vase:1
house,4823,208,acousticguitar_violin:40|ambulance_firetruck:143|ant_bee:7|cucumber_zucchini:5|hotpot_vase:13
houses,4824,147,ambulance_firetruck:136|ant_bee:8|cucumber_zucchini:2|hotpot_vase:1
housing,4825,2,ambulance_firetruck:1|ant_bee:1
hover,4826,44,ambulance_firetruck:2|ant_bee:42
hoverflies,4827,19,ant_bee:19
hoverfly,4828,504,ant_bee:504
hovering,4829,714,ambulance_firetruck:21|ant_bee:692|hotpot_vase:1
hovering-amid,4830,1,ant_bee:1
hovers,4831,633,ambulance_firetruck:21|ant_bee:612
howe,4832,6,ambulance_firetruck:6
howe-ford,4833,1,ambulance_firetruck:1
hoyt,4834,15,ambulance_firetruck:15
hq,4835,1,ambulance_firetruck:1
hq-020046,4836,2,hotpot_vase:2
huaraz,4837,15,ambulance_firetruck:15
huayong,4838,1,hotpot_vase:1
hudson,4839,12,ambulance_firetruck:12
hue,4840,17,acousticguitar_violin:6|ant_bee:6|cucumber_zucchini:1|hotpot_vase:4
hues,4841,81,acousticguitar_violin:10|ant_bee:20|cucumber_zucchini:17|hotpot_vase:34
huge,4842,117,ambulance_firetruck:5|ant_bee:4|cucumber_zucchini:106|hotpot_vase:2
hugged,4843,1,cucumber_zucchini:1
hugging,4844,32,acousticguitar_violin:3|cucumber_zucchini:29
hughes,4845,2,acousticguitar_violin:1|ant_bee:1
hugs,4846,13,acousticguitar_violin:2|cucumber_zucchini:11
human,4847,357,acousticguitar_violin:6|ant_bee:320|cucumber_zucchini:2|hotpot_vase:29
human-figure,4848,1,hotpot_vase:1
human-like,4849,2,hotpot_vase:2
humanoid,4850,8,acousticguitar_violin:3|hotpot_vase:5
humbucker,4851,20,acousticguitar_violin:20
humbuckers,4852,50,acousticguitar_violin:50
hume,4853,17,cucumber_zucchini:17
humilis,4854,1,ant_bee:1
hummelstown,4855,7,ambulance_firetruck:7
hummer,4856,4,ambulance_firetruck:4
hummer-style,4857,3,ambulance_firetruck:3
hummingbird,4858,1,ant_bee:1
hummus,4859,75,cucumber_zucchini:75
humor,4860,6,ambulance_firetruck:4|cucumber_zucchini:2
humorous,4861,6,acousticguitar_violin:1|cucumber_zucchini:3|hotpot_vase:2
humorously,4862,4,acousticguitar_violin:3|cucumber_zucchini:1
humvee,4863,6,ambulance_firetruck:6
hundreds,4864,6,ant_bee:6
hung,4865,6,acousticguitar_violin:5|hotpot_vase:1
hungarian,4866,4,ambulance_firetruck:4
hungry,4867,20,ambulance_firetruck:18|hotpot_vase:2
hunt,4868,5,hotpot_vase:5
hunter,4869,1,ambulance_firetruck:1
hunting,4870,1,ant_bee:1
huntington,4871,17,ambulance_firetruck:17
huntingtown,4872,6,ambulance_firetruck:6
hurdy-gurdy,4873,1,acousticguitar_violin:1
husk,4874,3,ant_bee:3
husks,4875,2,cucumber_zucchini:2
hvfd,4876,1,ambulance_firetruck:1
hy,4877,2,ambulance_firetruck:2
hy27126,4878,1,ambulance_firetruck:1
hyacinth,4879,10,ant_bee:10
hyacinths,4880,22,ant_bee:2|hotpot_vase:20
hyattsville,4881,16,ambulance_firetruck:16
hybrid,4882,20,acousticguitar_violin:1|cucumber_zucchini:19
hydra,4883,3,hotpot_vase:3
hydrangea,4884,1,ant_bee:1
hydrangeas,4885,47,hotpot_vase:47
hydrant,4886,35,ambulance_firetruck:35
hydrating,4887,1,cucumber_zucchini:1
hydroponic,4888,1,cucumber_zucchini:1
hyper-realistic,4889,2,ant_bee:2
i,4890,28,acousticguitar_violin:12|ambulance_firetruck:16
ibanez,4891,141,acousticguitar_violin:141
ice,4892,55,ambulance_firetruck:8|ant_bee:17|cucumber_zucchini:20|hotpot_vase:10
ice-like,4893,1,ant_bee:1
icelandic,4894,15,ambulance_firetruck:15
icicles,4895,19,ambulance_firetruck:19
icon,4896,6,acousticguitar_violin:6
iconic,4897,4,acousticguitar_violin:3|ambulance_firetruck:1
icu,4898,1,ambulance_firetruck:1
icy,4899,25,ambulance_firetruck:1|ant_bee:24
identical,4900,2,acousticguitar_violin:2
identified,4901,2,acousticguitar_violin:1|ant_bee:1
idle,4902,2,acousticguitar_violin:1|ambulance_firetruck:1
idyllwild,4903,15,ambulance_firetruck:15
if,4904,5,acousticguitar_violin:1|cucumber_zucchini:2|hotpot_vase:2
ikebana,4905,9,hotpot_vase:9
illegible,4906,3,ambulance_firetruck:3
illuminate,4907,3,ambulance_firetruck:2|ant_bee:1
illuminated,4908,182,acousticguitar_violin:58|ambulance_firetruck:47|ant_bee:34|cucumber_zucchini:6|hotpot_vase:37
illuminates,4909,1,acousticguitar_violin:1
illuminating,4910,1,ambulance_firetruck:1
illustrated,4911,3,acousticguitar_violin:1|hotpot_vase:2
illustration,4912,56,acousticguitar_violin:23|ambulance_firetruck:1|ant_bee:30|hotpot_vase:2
illustrations,4913,2,hotpot_vase:2
image,4914,23,acousticguitar_violin:10|ambulance_firetruck:1|ant_bee:10|hotpot_vase:2
imagery,4915,10,acousticguitar_violin:1|cucumber_zucchini:4|hotpot_vase:5
images,4916,20,acousticguitar_violin:1|ant_bee:4|cucumber_zucchini:1|hotpot_vase:14
imaginative,4917,1,ant_bee:1
imagine,4918,1,acousticguitar_violin:1
imitation,4919,2,hotpot_vase:2
immersed,4920,29,acousticguitar_violin:29
impact,4921,1,ambulance_firetruck:1
imperfections,4922,9,cucumber_zucchini:9
imperiese,4923,4,ambulance_firetruck:4
impression,4924,2,ant_bee:2
imprint,4925,4,ant_bee:4
imprinted,4926,1,ant_bee:1
in,4927,26528,acousticguitar_violin:5356|ambulance_firetruck:3697|ant_bee:2789|cucumber_zucchini:5850|hotpot_vase:8836
in-flight,4928,1,ant_bee:1
in-progress,4929,1,acousticguitar_violin:1
inc,4930,12,ambulance_firetruck:12
inch,4931,3,ant_bee:1|hotpot_vase:2
inches,4932,22,cucumber_zucchini:8|hotpot_vase:14
incident,4933,64,ambulance_firetruck:64
incised,4934,16,hotpot_vase:16
included,4935,9,acousticguitar_violin:8|cucumber_zucchini:1
includes,4936,4,acousticguitar_violin:2|hotpot_vase:2
including,4937,129,acousticguitar_violin:26|ant_bee:1|cucumber_zucchini:96|hotpot_vase:6
inclusions,4938,1,acousticguitar_violin:1
income,4939,2,ambulance_firetruck:2
india,4940,1,cucumber_zucchini:1
indian,4941,21,ambulance_firetruck:2|hotpot_vase:19
indicates,4942,2,ant_bee:2
indicating,4943,1,ant_bee:1
indicator,4944,1,hotpot_vase:1
indistinct,4945,1,ambulance_firetruck:1
indonesian,4946,27,cucumber_zucchini:27
indoor,4947,90,acousticguitar_violin:48|ambulance_firetruck:19|ant_bee:5|cucumber_zucchini:4|hotpot_vase:14
indoors,4948,1709,acousticguitar_violin:1112|ambulance_firetruck:482|ant_bee:6|cucumber_zucchini:69|hotpot_vase:40
induction,4949,9,hotpot_vase:9
industrial,4950,76,acousticguitar_violin:2|ambulance_firetruck:74
industrial-style,4951,1,ambulance_firetruck:1
industrious,4952,16,ant_bee:16
infected,4953,9,ant_bee:9
infection,4954,1,ant_bee:1
infestation,4955,27,ant_bee:27
infested,4956,8,ant_bee:8
infesting,4957,7,ant_bee:7
inflatable,4958,39,ambulance_firetruck:39
influences,4959,1,acousticguitar_violin:1
info,4960,18,acousticguitar_violin:2|ambulance_firetruck:10|hotpot_vase:6
informational,4961,2,acousticguitar_violin:2
infusions,4962,6,hotpot_vase:6
ingredient,4963,3,hotpot_vase:3
ingredients,4964,742,cucumber_zucchini:26|hotpot_vase:716
initials,4965,2,acousticguitar_violin:2
injured,4966,115,ambulance_firetruck:115
injury,4967,2,ambulance_firetruck:2
ink,4968,3,ant_bee:1|hotpot_vase:2
ink-wash,4969,1,hotpot_vase:1
inlaid,4970,32,acousticguitar_violin:32
inlay,4971,256,acousticguitar_violin:250|hotpot_vase:6
inlays,4972,509,acousticguitar_violin:507|hotpot_vase:2
inmagine,4973,16,acousticguitar_violin:15|cucumber_zucchini:1
inmagine-branded,4974,1,acousticguitar_violin:1
inmagine®,4975,1,acousticguitar_violin:1
inn,4976,12,acousticguitar_violin:12
inner,4977,21,ant_bee:4|cucumber_zucchini:9|hotpot_vase:8
innocence,4978,3,acousticguitar_violin:3
inscribed,4979,12,acousticguitar_violin:2|ambulance_firetruck:1|hotpot_vase:9
inscription,4980,17,acousticguitar_violin:4|ambulance_firetruck:1|hotpot_vase:12
inscriptions,4981,3,ant_bee:1|hotpot_vase:2
insect,4982,1640,ant_bee:1634|cucumber_zucchini:3|hotpot_vase:3
insect's,4983,5,ant_bee:5
insect-covered,4984,2,ant_bee:2
insect-dotted,4985,1,ant_bee:1
insect-infested,4986,1,ant_bee:1
insects,4987,382,ant_bee:382
insert,4988,3,hotpot_vase:3
inserted,4989,7,cucumber_zucchini:1|hotpot_vase:6
inset,4990,30,acousticguitar_violin:9|ant_bee:8|cucumber_zucchini:5|hotpot_vase:8
inside,4991,1566,acousticguitar_violin:162|ambulance_firetruck:965|ant_bee:292|cucumber_zucchini:25|hotpot_vase:122
insides,4992,2,cucumber_zucchini:2
insignia,4993,35,ambulance_firetruck:35
inspect,4994,6,ambulance_firetruck:6
inspecting,4995,37,acousticguitar_violin:11|ambulance_firetruck:22|ant_bee:2|cucumber_zucchini:2
inspection,4996,3,acousticguitar_violin:1|ambulance_firetruck:2
inspects,4997,7,acousticguitar_violin:3|ambulance_firetruck:1|ant_bee:1|cucumber_zucchini:2
inspiration,4998,5,ant_bee:5
inspirational,4999,1,hotpot_vase:1
inspiring,5000,1,ant_bee:1
installation,5001,2,acousticguitar_violin:1|cucumber_zucchini:1
installed,5002,3,acousticguitar_violin:3
instructing,5003,1,ambulance_firetruck:1
instruction,5004,19,acousticguitar_violin:16|ambulance_firetruck:2|ant_bee:1
instructional,5005,33,acousticguitar_violin:33
instructions,5006,7,acousticguitar_violin:1|ambulance_firetruck:6
instructor,5007,11,acousticguitar_violin:11
instructor's,5008,1,acousticguitar_violin:1
instrument,5009,256,acousticguitar_violin:255|hotpot_vase:1
instrument's,5010,6,acousticguitar_violin:6
instrument-headstock,5011,1,acousticguitar_violin:1
instrumentals,5012,8,acousticguitar_violin:8
instruments,5013,874,acousticguitar_violin:874
instruments-accordion,5014,1,acousticguitar_violin:1
insulated,5015,3,hotpot_vase:3
insulation,5016,1,ant_bee:1
insulator,5017,6,ant_bee:6
insurance,5018,4,ambulance_firetruck:4
intact,5019,31,acousticguitar_violin:16|cucumber_zucchini:15
integrated,5020,3,acousticguitar_violin:3
integration,5021,4,acousticguitar_violin:4
intense,5022,164,acousticguitar_violin:135|ambulance_firetruck:20|ant_bee:1|cucumber_zucchini:8
intensely,5023,117,acousticguitar_violin:109|ant_bee:7|hotpot_vase:1
intensity,5024,23,acousticguitar_violin:23
intensive,5025,20,ambulance_firetruck:20
intensivtransport,5026,6,ambulance_firetruck:6
intensivtransportwagen,5027,8,ambulance_firetruck:8
intent,5028,1,acousticguitar_violin:1
intently,5029,90,acousticguitar_violin:86|ant_bee:2|cucumber_zucchini:1|hotpot_vase:1
interact,5030,112,acousticguitar_violin:1|ambulance_firetruck:6|ant_bee:105
interacting,5031,774,ambulance_firetruck:1|ant_bee:772|hotpot_vase:1
interaction,5032,55,acousticguitar_violin:4|ambulance_firetruck:10|ant_bee:40|hotpot_vase:1
interactions,5033,1,ant_bee:1
interactive,5034,4,cucumber_zucchini:2|hotpot_vase:2
interacts,5035,29,ambulance_firetruck:12|ant_bee:6|hotpot_vase:11
interconnected,5036,2,hotpot_vase:2
interface,5037,9,acousticguitar_violin:5|ant_bee:3|cucumber_zucchini:1
interior,5038,910,acousticguitar_violin:39|ambulance_firetruck:665|ant_bee:5|cucumber_zucchini:167|hotpot_vase:34
interiors,5039,27,cucumber_zucchini:21|hotpot_vase:6
interlocked,5040,3,cucumber_zucchini:3
intermediate,5041,2,acousticguitar_violin:2
internal,5042,26,acousticguitar_violin:18|cucumber_zucchini:3|hotpot_vase:5
international,5043,28,acousticguitar_violin:11|ambulance_firetruck:17
interpretations,5044,9,acousticguitar_violin:9
intersection,5045,271,ambulance_firetruck:271
intertwined,5046,27,acousticguitar_violin:2|ant_bee:8|cucumber_zucchini:17
intimacy,5047,18,acousticguitar_violin:17|hotpot_vase:1
intimate,5048,151,acousticguitar_violin:146|ambulance_firetruck:1|ant_bee:1|hotpot_vase:3
intimately,5049,2,acousticguitar_violin:2
into,5050,806,acousticguitar_violin:224|ambulance_firetruck:364|ant_bee:28|cucumber_zucchini:124|hotpot_vase:66
intricate,5051,1022,acousticguitar_violin:361|ambulance_firetruck:2|ant_bee:119|hotpot_vase:540
intricately,5052,104,acousticguitar_violin:45|hotpot_vase:59
intricately-carved,5053,1,hotpot_vase:1
intricately-patterned,5054,1,hotpot_vase:1
introspection,5055,2,acousticguitar_violin:2
introspective,5056,15,acousticguitar_violin:15
inverted,5057,2,ant_bee:1|hotpot_vase:1
investigating,5058,1,ant_bee:1
investigation,5059,3,ant_bee:3
invitation,5060,14,acousticguitar_violin:14
invite,5061,2,acousticguitar_violin:2
invites,5062,1,ambulance_firetruck:1
inviting,5063,10,hotpot_vase:10
invitingly,5064,1,hotpot_vase:1
iowa,5065,8,ambulance_firetruck:8
ipod,5066,21,acousticguitar_violin:21
irc,5067,10,ambulance_firetruck:10
ireland,5068,1,ambulance_firetruck:1
iridescent,5069,183,acousticguitar_violin:4|ant_bee:86|hotpot_vase:93
iridomyrmex,5070,1,ant_bee:1
iris,5071,57,ant_bee:35|hotpot_vase:22
irish,5072,24,acousticguitar_violin:3|ambulance_firetruck:13|hotpot_vase:8
iron,5073,101,acousticguitar_violin:10|ambulance_firetruck:3|cucumber_zucchini:13|hotpot_vase:75
ironwork,5074,5,ambulance_firetruck:4|cucumber_zucchini:1
irpino,5075,5,ambulance_firetruck:5
irregular,5076,5,ant_bee:4|hotpot_vase:1
is,5077,41,acousticguitar_violin:4|ambulance_firetruck:3|ant_bee:5|cucumber_zucchini:24|hotpot_vase:5
islamic,5078,4,hotpot_vase:4
island,5079,27,ambulance_firetruck:27
isle,5080,5,ambulance_firetruck:5
isolated,5081,37,acousticguitar_violin:11|ant_bee:5|cucumber_zucchini:21
israel,5082,3,ambulance_firetruck:3
israeli,5083,1,ambulance_firetruck:1
isuzu,5084,36,ambulance_firetruck:36
it,5085,185,acousticguitar_violin:31|ambulance_firetruck:90|ant_bee:28|cucumber_zucchini:26|hotpot_vase:10
italian,5086,622,ambulance_firetruck:607|cucumber_zucchini:15
italian-labeled,5087,2,cucumber_zucchini:2
italiana,5088,26,ambulance_firetruck:26
italy,5089,26,ambulance_firetruck:25|cucumber_zucchini:1
item,5090,15,ambulance_firetruck:1|ant_bee:14
items,5091,51,acousticguitar_violin:14|cucumber_zucchini:13|hotpot_vase:24
its,5092,181,acousticguitar_violin:52|ambulance_firetruck:25|ant_bee:82|cucumber_zucchini:14|hotpot_vase:8
iv,5093,20,ambulance_firetruck:20
ivory,5094,9,acousticguitar_violin:6|hotpot_vase:3
ivy,5095,19,hotpot_vase:19
jack,5096,1,ambulance_firetruck:1
jackal,5097,1,hotpot_vase:1
jacket,5098,81,acousticguitar_violin:52|ambulance_firetruck:21|ant_bee:8
jackets,5099,7,ambulance_firetruck:7
jackfruits,5100,1,cucumber_zucchini:1
jackpot,5101,9,cucumber_zucchini:9
jacobs,5102,1,ant_bee:1
jade,5103,72,hotpot_vase:72
jade-like,5104,1,hotpot_vase:1
jagged,5105,7,ambulance_firetruck:2|ant_bee:3|hotpot_vase:2
jalapeño,5106,8,cucumber_zucchini:8
jalapeños,5107,26,cucumber_zucchini:19|hotpot_vase:7
jam,5108,19,acousticguitar_violin:3|cucumber_zucchini:16
jamming,5109,9,acousticguitar_violin:9
jamming-violinist,5110,1,acousticguitar_violin:1
jams,5111,1,cucumber_zucchini:1
japan,5112,20,acousticguitar_violin:4|ambulance_firetruck:16
japan-made,5113,2,acousticguitar_violin:2
japan-nepal,5114,1,ambulance_firetruck:1
japanese,5115,187,acousticguitar_violin:2|ambulance_firetruck:32|ant_bee:19|cucumber_zucchini:23|hotpot_vase:111
japanese-made,5116,1,acousticguitar_violin:1
japanese-style,5117,16,hotpot_vase:16
jar,5118,1505,ant_bee:5|cucumber_zucchini:120|hotpot_vase:1380
jar-style,5119,1,hotpot_vase:1
jardins,5120,1,cucumber_zucchini:1
jarred,5121,11,cucumber_zucchini:11
jars,5122,406,cucumber_zucchini:166|hotpot_vase:240
jasmine,5123,52,acousticguitar_violin:52
jaws,5124,36,ant_bee:36
jay,5125,4,acousticguitar_violin:4
jazz,5126,27,acousticguitar_violin:27
jeananne,5127,6,acousticguitar_violin:6
jeans,5128,39,acousticguitar_violin:22|ambulance_firetruck:2|cucumber_zucchini:15
jeep,5129,65,ambulance_firetruck:65
jefferson,5130,1,ambulance_firetruck:1
jeffstat,5131,13,ambulance_firetruck:13
jellied,5132,1,cucumber_zucchini:1
jellies,5133,1,cucumber_zucchini:1
jelly,5134,13,ant_bee:13
jelly-like,5135,2,hotpot_vase:2
jellystone,5136,4,ambulance_firetruck:4
jemison,5137,12,ambulance_firetruck:12
jen-dazs,5138,1,hotpot_vase:1
jericho,5139,3,ambulance_firetruck:3
jerry's,5140,1,hotpot_vase:1
jersey,5141,16,acousticguitar_violin:6|ambulance_firetruck:10
jesi,5142,3,ambulance_firetruck:3
jesus,5143,2,acousticguitar_violin:2
jet,5144,1,ambulance_firetruck:1
jewelry,5145,3,acousticguitar_violin:1|ant_bee:1|hotpot_vase:1
jewels,5146,1,hotpot_vase:1
jim,5147,10,acousticguitar_violin:10
jimi,5148,6,acousticguitar_violin:6
jimmie,5149,2,acousticguitar_violin:2
jimmy,5150,10,acousticguitar_violin:10
jk,5151,2,acousticguitar_violin:2
jl,5152,4,acousticguitar_violin:4
joey,5153,1,hotpot_vase:1
johanniter,5154,81,ambulance_firetruck:81
john,5155,116,acousticguitar_violin:30|ambulance_firetruck:86
johns,5156,1,ambulance_firetruck:1
johnson,5157,34,acousticguitar_violin:34
joined,5158,3,cucumber_zucchini:1|hotpot_vase:2
joins,5159,3,acousticguitar_violin:2|ambulance_firetruck:1
joke,5160,1,ambulance_firetruck:1
jolly,5161,1,cucumber_zucchini:1
journey,5162,4,acousticguitar_violin:3|ant_bee:1
joy,5163,51,acousticguitar_violin:42|ambulance_firetruck:2|cucumber_zucchini:5|hotpot_vase:2
joyful,5164,119,acousticguitar_violin:89|ambulance_firetruck:3|cucumber_zucchini:8|hotpot_vase:19
joyfully,5165,64,acousticguitar_violin:59|ambulance_firetruck:1|cucumber_zucchini:4
jr,5166,1,acousticguitar_violin:1
jt,5167,1,acousticguitar_violin:1
ju-x,5168,3,acousticguitar_violin:3
juana,5169,1,ambulance_firetruck:1
jug,5170,139,hotpot_vase:139
jugs,5171,3,hotpot_vase:3
juice,5172,54,cucumber_zucchini:54
juicy,5173,209,ant_bee:21|cucumber_zucchini:188
jujubes,5174,4,cucumber_zucchini:4
julia,5175,11,acousticguitar_violin:11
julian,5176,1,ambulance_firetruck:1
julienned,5177,20,cucumber_zucchini:20
july,5178,21,acousticguitar_violin:3|ambulance_firetruck:8|cucumber_zucchini:10
jumbo,5179,2,cucumber_zucchini:2
jump,5180,2,ambulance_firetruck:2
jumper,5181,9,ant_bee:9
jumping,5182,53,ambulance_firetruck:1|ant_bee:52
junction,5183,9,ambulance_firetruck:5|ant_bee:4
jungle,5184,2,ambulance_firetruck:1|hotpot_vase:1
junkyard,5185,1,ambulance_firetruck:1
jupiter,5186,15,ambulance_firetruck:15
juxtaposition,5187,1,acousticguitar_violin:1
juzek,5188,12,acousticguitar_violin:12
jy,5189,7,acousticguitar_violin:7
jzd,5190,4,ambulance_firetruck:4
k,5191,19,ambulance_firetruck:9|hotpot_vase:10
k58,5192,11,acousticguitar_violin:11
kachina,5193,1,hotpot_vase:1
kalamazoo,5194,4,ambulance_firetruck:4
kale,5195,51,cucumber_zucchini:21|hotpot_vase:30
kampa,5196,11,ambulance_firetruck:11
kan,5197,5,acousticguitar_violin:5
kangaroo,5198,15,ambulance_firetruck:15
kangaroo-themed,5199,2,ambulance_firetruck:2
kardon,5200,1,acousticguitar_violin:1
karina,5201,1,acousticguitar_violin:1
katastrophenschutz,5202,21,ambulance_firetruck:21
kate,5203,2,hotpot_vase:2
kates,5204,3,hotpot_vase:3
katy,5205,6,ambulance_firetruck:6
kayaking,5206,17,ambulance_firetruck:17
kbh,5207,15,ambulance_firetruck:15
kcfc,5208,1,ambulance_firetruck:1
kcfd,5209,8,ambulance_firetruck:8
kdhx,5210,11,acousticguitar_violin:11
kearney,5211,5,ambulance_firetruck:5
keep,5212,31,ambulance_firetruck:31
keeper,5213,4,hotpot_vase:4
kelly,5214,1,ant_bee:1
kennemerland,5215,1,ambulance_firetruck:1
kensington,5216,13,ambulance_firetruck:13
kernels,5217,2,ant_bee:2
ketchup,5218,8,cucumber_zucchini:8
kettle,5219,5,cucumber_zucchini:1|hotpot_vase:4
key,5220,37,acousticguitar_violin:20|ant_bee:1|hotpot_vase:16
keyboard,5221,95,acousticguitar_violin:70|ant_bee:20|hotpot_vase:5
keyboardist,5222,7,acousticguitar_violin:7
keychain,5223,24,acousticguitar_violin:24
keys,5224,39,acousticguitar_violin:18|cucumber_zucchini:19|hotpot_vase:2
kg,5225,13,cucumber_zucchini:13
kia,5226,1,ambulance_firetruck:1
kid,5227,3,ambulance_firetruck:3
kid-sized,5228,2,acousticguitar_violin:2
kids,5229,168,acousticguitar_violin:13|ambulance_firetruck:153|cucumber_zucchini:2
killer,5230,22,ant_bee:22
killian's,5231,1,hotpot_vase:1
kilo,5232,2,cucumber_zucchini:2
kilogram,5233,1,cucumber_zucchini:1
kimchi,5234,304,cucumber_zucchini:40|hotpot_vase:264
kinderklinik,5235,5,ambulance_firetruck:5
king,5236,13,ambulance_firetruck:11|hotpot_vase:2
kit,5237,24,acousticguitar_violin:24
kitchen,5238,894,acousticguitar_violin:55|ant_bee:13|cucumber_zucchini:738|hotpot_vase:88
kitchenware,5239,5,cucumber_zucchini:1|hotpot_vase:4
kiteni,5240,3,ambulance_firetruck:3
kitten,5241,2,hotpot_vase:2
kitty,5242,156,acousticguitar_violin:156
kitty-themed,5243,4,acousticguitar_violin:4
kiua,5244,10,hotpot_vase:10
kiva,5245,4,hotpot_vase:4
kiwis,5246,4,cucumber_zucchini:4
klinikum,5247,67,ambulance_firetruck:67
klinkum,5248,1,ambulance_firetruck:1
knechtell,5249,1,ambulance_firetruck:1
kneebill,5250,1,ambulance_firetruck:1
kneehill,5251,1,ambulance_firetruck:1
kneeling,5252,10,acousticguitar_violin:4|ambulance_firetruck:2|hotpot_vase:4
kneels,5253,1,acousticguitar_violin:1
knickknacks,5254,2,hotpot_vase:2
knife,5255,667,cucumber_zucchini:664|hotpot_vase:3
knife-ready,5256,1,cucumber_zucchini:1
knit,5257,6,ant_bee:5|hotpot_vase:1
knitted,5258,89,ant_bee:11|hotpot_vase:78
knives,5259,5,cucumber_zucchini:5
knob,5260,19,acousticguitar_violin:1|hotpot_vase:18
knobbed,5261,2,hotpot_vase:2
knobs,5262,66,acousticguitar_violin:57|hotpot_vase:9
knot,5263,6,hotpot_vase:6
knots,5264,5,acousticguitar_violin:1|hotpot_vase:4
knotwork,5265,4,acousticguitar_violin:1|hotpot_vase:3
knuckle,5266,6,hotpot_vase:6
koa,5267,17,acousticguitar_violin:17
koa-wood,5268,1,acousticguitar_violin:1
kodak,5269,15,ambulance_firetruck:15
koi,5270,7,hotpot_vase:7
kokopelli,5271,4,hotpot_vase:4
kong,5272,34,acousticguitar_violin:9|ambulance_firetruck:7|hotpot_vase:18
kong-shaped,5273,1,hotpot_vase:1
konserthussteatern,5274,1,ambulance_firetruck:1
korean,5275,461,cucumber_zucchini:19|hotpot_vase:442
korean-bowl,5276,2,hotpot_vase:2
korean-style,5277,13,hotpot_vase:13
koupele,5278,1,ambulance_firetruck:1
krankenbeförderung,5279,3,ambulance_firetruck:3
krankenhaus,5280,1,ambulance_firetruck:1
krankentransport,5281,19,ambulance_firetruck:19
krankenwagen,5282,7,ambulance_firetruck:7
kreuz,5283,26,ambulance_firetruck:26
krone,5284,1,cucumber_zucchini:1
ktd,5285,9,ambulance_firetruck:9
kufstein,5286,14,ambulance_firetruck:14
kustom,5287,4,acousticguitar_violin:4
l.a,5288,2,ambulance_firetruck:1|hotpot_vase:1
l.i.f.e,5289,5,cucumber_zucchini:5
l1,5290,3,ambulance_firetruck:3
la,5291,31,ambulance_firetruck:31
lab,5292,4,ambulance_firetruck:4
label,5293,397,acousticguitar_violin:267|ambulance_firetruck:67|ant_bee:12|cucumber_zucchini:21|hotpot_vase:30
labeled,5294,921,acousticguitar_violin:181|ambulance_firetruck:535|ant_bee:26|cucumber_zucchini:85|hotpot_vase:94
labels,5295,69,acousticguitar_violin:18|ambulance_firetruck:9|cucumber_zucchini:24|hotpot_vase:18
labor,5296,2,ant_bee:2
laborer,5297,1,ant_bee:1
laborers,5298,1,ant_bee:1
lace,5299,159,acousticguitar_violin:34|ant_bee:6|cucumber_zucchini:1|hotpot_vase:118
lace-adorned,5300,1,hotpot_vase:1
lace-covered,5301,12,acousticguitar_violin:4|hotpot_vase:8
lace-curtained,5302,1,acousticguitar_violin:1
lace-like,5303,3,ant_bee:1|hotpot_vase:2
lace-patterned,5304,5,hotpot_vase:5
lace-tied,5305,2,hotpot_vase:2
lace-trimmed,5306,2,acousticguitar_violin:2
lace-up,5307,6,hotpot_vase:6
laced,5308,1,hotpot_vase:1
laces,5309,7,hotpot_vase:7
lacing,5310,3,hotpot_vase:3
laco,5311,1,ambulance_firetruck:1
lacquer,5312,23,hotpot_vase:23
lacquered,5313,17,hotpot_vase:17
lacquerware,5314,11,hotpot_vase:11
ladder,5315,2232,ambulance_firetruck:2232
ladders,5316,38,ambulance_firetruck:38
laden,5317,24,ant_bee:14|cucumber_zucchini:1|hotpot_vase:9
ladies,5318,2,hotpot_vase:2
ladle,5319,115,hotpot_vase:115
ladled,5320,7,hotpot_vase:7
ladles,5321,19,hotpot_vase:19
ladling,5322,5,hotpot_vase:5
lady,5323,16,hotpot_vase:16
ladybug,5324,100,ant_bee:100
lafd,5325,1,ambulance_firetruck:1
lafrance,5326,7,ambulance_firetruck:7
laid,5327,23,acousticguitar_violin:9|ambulance_firetruck:2|cucumber_zucchini:11|hotpot_vase:1
lake,5328,49,acousticguitar_violin:4|ambulance_firetruck:45
lakeland,5329,11,ambulance_firetruck:11
lakeside,5330,5,acousticguitar_violin:1|ambulance_firetruck:4
lakiery,5331,1,ambulance_firetruck:1
lamb,5332,28,acousticguitar_violin:7|hotpot_vase:21
lamp,5333,192,acousticguitar_violin:111|ambulance_firetruck:2|cucumber_zucchini:11|hotpot_vase:68
lamps,5334,18,acousticguitar_violin:15|ambulance_firetruck:1|hotpot_vase:2
lan,5335,1,cucumber_zucchini:1
lanciano,5336,8,ambulance_firetruck:8
land,5337,152,ambulance_firetruck:141|ant_bee:11
landed,5338,12,ambulance_firetruck:12
landing,5339,73,ambulance_firetruck:30|ant_bee:43
landmark,5340,2,acousticguitar_violin:2
lands,5341,68,ambulance_firetruck:16|ant_bee:52
landscape,5342,241,acousticguitar_violin:13|ambulance_firetruck:24|ant_bee:8|hotpot_vase:196
landscapes,5343,16,hotpot_vase:16
lane,5344,6,ambulance_firetruck:6
langford's,5345,18,ambulance_firetruck:18
lantern,5346,31,acousticguitar_violin:1|hotpot_vase:30
lanterns,5347,13,hotpot_vase:13
lanyard,5348,3,acousticguitar_violin:3
lap,5349,23,acousticguitar_violin:22|ambulance_firetruck:1
laptop,5350,44,acousticguitar_violin:18|cucumber_zucchini:20|hotpot_vase:6
laptops,5351,1,acousticguitar_violin:1
large,5352,4404,acousticguitar_violin:80|ambulance_firetruck:130|ant_bee:1275|cucumber_zucchini:2274|hotpot_vase:645
large-eyed,5353,10,ant_bee:10
larger,5354,36,ambulance_firetruck:4|ant_bee:27|cucumber_zucchini:1|hotpot_vase:4
largest,5355,2,cucumber_zucchini:2
larini,5356,4,ambulance_firetruck:4
larva,5357,212,ant_bee:212
larvae,5358,458,ant_bee:458
larval,5359,1,ant_bee:1
las,5360,5,ambulance_firetruck:5
lasagna,5361,13,cucumber_zucchini:13
latches,5362,7,acousticguitar_violin:7
late,5363,2,hotpot_vase:2
lathe,5364,1,hotpot_vase:1
lattice,5365,94,acousticguitar_violin:7|ant_bee:12|cucumber_zucchini:14|hotpot_vase:61
lattice-like,5366,1,ant_bee:1
lattice-patterned,5367,1,hotpot_vase:1
latticed,5368,4,hotpot_vase:4
latticework,5369,8,hotpot_vase:8
laugh,5370,2,acousticguitar_violin:1|cucumber_zucchini:1
laughing,5371,49,acousticguitar_violin:34|cucumber_zucchini:11|hotpot_vase:4
laughs,5372,1,cucumber_zucchini:1
laughter,5373,18,acousticguitar_violin:9|cucumber_zucchini:4|hotpot_vase:5
laundry,5374,1,acousticguitar_violin:1
lavender,5375,1016,acousticguitar_violin:9|ant_bee:970|hotpot_vase:37
lavender-like,5376,8,ant_bee:8
lavish,5377,5,acousticguitar_violin:1|hotpot_vase:4
lawn,5378,43,acousticguitar_violin:7|ambulance_firetruck:27|ant_bee:1|cucumber_zucchini:7|hotpot_vase:1
layered,5379,63,acousticguitar_violin:6|ant_bee:18|cucumber_zucchini:3|hotpot_vase:36
layers,5380,7,ant_bee:1|cucumber_zucchini:3|hotpot_vase:3
lc,5381,1,ambulance_firetruck:1
lcg,5382,7,ambulance_firetruck:7
lcz,5383,3,ambulance_firetruck:3
le,5384,1,ambulance_firetruck:1
lead,5385,6,acousticguitar_violin:1|ambulance_firetruck:5
leaded,5386,1,hotpot_vase:1
leadership,5387,1,acousticguitar_violin:1
leading,5388,12,acousticguitar_violin:11|ambulance_firetruck:1
leads,5389,30,acousticguitar_violin:10|ambulance_firetruck:20
leaf,5390,8077,acousticguitar_violin:60|ambulance_firetruck:1|ant_bee:7497|cucumber_zucchini:159|hotpot_vase:360
leaf's,5391,3,ant_bee:3
"leaf,蚜虫",5392,1,ant_bee:1
leaf-bowls,5393,2,cucumber_zucchini:2
leaf-carrying,5394,6,ant_bee:6
leaf-covered,5395,1,ambulance_firetruck:1
leaf-cutter,5396,21,ant_bee:21
leaf-cutting,5397,4,ant_bee:4
leaf-enclosed,5398,1,ant_bee:1
leaf-handled,5399,2,hotpot_vase:2
leaf-laden,5400,1,ant_bee:1
leaf-like,5401,12,cucumber_zucchini:1|hotpot_vase:11
leaf-lined,5402,3,cucumber_zucchini:3
leaf-litter,5403,3,ant_bee:3
leaf-littered,5404,6,ant_bee:6
leaf-mimicking,5405,2,ant_bee:2
leaf-patterned,5406,51,acousticguitar_violin:6|cucumber_zucchini:4|hotpot_vase:41
leaf-shaped,5407,24,acousticguitar_violin:11|hotpot_vase:13
leaf-strewn,5408,14,acousticguitar_violin:6|ambulance_firetruck:5|ant_bee:3
leafcutter,5409,79,ant_bee:79
leafhopper,5410,1,ant_bee:1
leafless,5411,2,ambulance_firetruck:2
leaflets,5412,1,ambulance_firetruck:1
leafy,5413,606,acousticguitar_violin:20|ambulance_firetruck:26|ant_bee:176|cucumber_zucchini:336|hotpot_vase:48
lean,5414,29,acousticguitar_violin:29
leaning,5415,770,acousticguitar_violin:745|ambulance_firetruck:25
leans,5416,215,acousticguitar_violin:199|ambulance_firetruck:5|ant_bee:1|cucumber_zucchini:10
learn,5417,4,acousticguitar_violin:1|ambulance_firetruck:3
learning,5418,54,acousticguitar_violin:53|ambulance_firetruck:1
learns,5419,2,acousticguitar_violin:2
leash,5420,8,ambulance_firetruck:8
leather,5421,344,acousticguitar_violin:253|ambulance_firetruck:7|cucumber_zucchini:44|hotpot_vase:40
leaves,5422,5826,acousticguitar_violin:70|ambulance_firetruck:24|ant_bee:2566|cucumber_zucchini:2757|hotpot_vase:409
"leaves,蚜虫",5423,1,ant_bee:1
leben,5424,1,ambulance_firetruck:1
led,5425,1,acousticguitar_violin:1
ledbetter,5426,14,ambulance_firetruck:14
ledge,5427,14,ant_bee:1|cucumber_zucchini:9|hotpot_vase:4
lee,5428,5,ambulance_firetruck:5
leek,5429,5,cucumber_zucchini:5
leeks,5430,4,cucumber_zucchini:4
left,5431,32,acousticguitar_violin:13|ant_bee:11|cucumber_zucchini:1|hotpot_vase:7
leftover,5432,3,hotpot_vase:3
leftovers,5433,2,cucumber_zucchini:1|hotpot_vase:1
leg,5434,14,acousticguitar_violin:1|ant_bee:9|cucumber_zucchini:4
legs,5435,784,acousticguitar_violin:22|ant_bee:721|cucumber_zucchini:13|hotpot_vase:28
legume,5436,9,ant_bee:1|hotpot_vase:8
legumes,5437,2,cucumber_zucchini:2
lemon,5438,177,cucumber_zucchini:91|hotpot_vase:86
lemon-garnished,5439,1,hotpot_vase:1
lemon-lime,5440,3,cucumber_zucchini:3
lemon-painted,5441,6,hotpot_vase:6
lemon-patterned,5442,6,hotpot_vase:6
lemon-themed,5443,2,hotpot_vase:2
lemonade,5444,12,cucumber_zucchini:9|hotpot_vase:3
lemons,5445,76,cucumber_zucchini:65|hotpot_vase:11
lengths,5446,3,cucumber_zucchini:3
lengthwise,5447,8,cucumber_zucchini:8
lennon,5448,20,acousticguitar_violin:20
lens,5449,32,acousticguitar_violin:2|ambulance_firetruck:22|ant_bee:8
lentil,5450,67,cucumber_zucchini:1|hotpot_vase:66
lentils,5451,29,hotpot_vase:29
leonard,5452,6,acousticguitar_violin:6
leopard,5453,10,acousticguitar_violin:10
leopard-pattern,5454,3,acousticguitar_violin:3
leopard-print,5455,3,acousticguitar_violin:3
leopards,5456,11,hotpot_vase:11
les,5457,21,acousticguitar_violin:20|cucumber_zucchini:1
lesson,5458,37,acousticguitar_violin:37
lessons,5459,57,acousticguitar_violin:57
letter,5460,1,acousticguitar_violin:1
lettering,5461,218,acousticguitar_violin:2|ambulance_firetruck:207|ant_bee:5|hotpot_vase:4
letters,5462,25,acousticguitar_violin:1|ambulance_firetruck:4|hotpot_vase:20
letters/numbers,5463,2,hotpot_vase:2
lettuce,5464,196,cucumber_zucchini:180|hotpot_vase:16
levers,5465,1,ambulance_firetruck:1
lexington,5466,13,ambulance_firetruck:13
liberty,5467,35,ambulance_firetruck:35
library,5468,3,acousticguitar_violin:3
license,5469,138,ambulance_firetruck:138
lichen,5470,43,ant_bee:43
lichen-covered,5471,37,ant_bee:37
lichen-speckled,5472,1,ant_bee:1
licks,5473,8,cucumber_zucchini:8
lid,5474,381,acousticguitar_violin:1|ant_bee:5|cucumber_zucchini:13|hotpot_vase:362
lidded,5475,95,hotpot_vase:95
lids,5476,16,cucumber_zucchini:4|hotpot_vase:12
lie,5477,201,acousticguitar_violin:17|ambulance_firetruck:1|ant_bee:1|cucumber_zucchini:182
lies,5478,165,acousticguitar_violin:37|ambulance_firetruck:1|ant_bee:52|cucumber_zucchini:74|hotpot_vase:1
life,5479,304,acousticguitar_violin:17|ambulance_firetruck:208|ant_bee:4|cucumber_zucchini:27|hotpot_vase:48
lifeboat,5480,20,ambulance_firetruck:20
lifeless,5481,1,ant_bee:1
lifelike,5482,2,ant_bee:2
lifeline,5483,17,ambulance_firetruck:17
lifestar,5484,16,ambulance_firetruck:16
lifestyle,5485,2,acousticguitar_violin:2
lifetime,5486,4,ant_bee:4
lift,5487,37,ambulance_firetruck:26|hotpot_vase:11
lifted,5488,40,acousticguitar_violin:1|ambulance_firetruck:19|ant_bee:1|hotpot_vase:19
lifting,5489,76,ambulance_firetruck:5|hotpot_vase:71
lifts,5490,4,ambulance_firetruck:2|hotpot_vase:2
light,5491,2715,acousticguitar_violin:1458|ambulance_firetruck:202|ant_bee:556|cucumber_zucchini:304|hotpot_vase:195
light-art,5492,1,hotpot_vase:1
light-blue,5493,3,ambulance_firetruck:3
light-brown,5494,18,ant_bee:18
light-colored,5495,508,acousticguitar_violin:392|ambulance_firetruck:1|ant_bee:114|hotpot_vase:1
light-gray,5496,1,ant_bee:1
light-green,5497,3,ant_bee:1|cucumber_zucchini:2
light-painted,5498,1,acousticguitar_violin:1
light-wood,5499,3,acousticguitar_violin:3
lighter,5500,5,acousticguitar_violin:1|cucumber_zucchini:4
lighting,5501,622,acousticguitar_violin:542|ambulance_firetruck:13|ant_bee:22|cucumber_zucchini:17|hotpot_vase:28
lightly,5502,1,cucumber_zucchini:1
lights,5503,3907,acousticguitar_violin:344|ambulance_firetruck:3535|ant_bee:4|cucumber_zucchini:8|hotpot_vase:16
lightwood,5504,2,acousticguitar_violin:2
like,5505,60,acousticguitar_violin:7|cucumber_zucchini:29|hotpot_vase:24
likely,5506,14,acousticguitar_violin:4|ambulance_firetruck:2|ant_bee:5|cucumber_zucchini:2|hotpot_vase:1
lilac,5507,32,acousticguitar_violin:3|ant_bee:27|hotpot_vase:2
lilacs,5508,71,acousticguitar_violin:15|ant_bee:3|hotpot_vase:53
lilies,5509,168,acousticguitar_violin:1|ant_bee:29|hotpot_vase:138
lilies-of-the-valley,5510,3,hotpot_vase:3
lily,5511,179,ant_bee:125|hotpot_vase:54
lily's,5512,1,ant_bee:1
lily-like,5513,1,hotpot_vase:1
lily-of-the-valley,5514,6,hotpot_vase:6
lim,5515,11,acousticguitar_violin:11
limar,5516,3,acousticguitar_violin:3
limbs,5517,3,ant_bee:2|cucumber_zucchini:1
lime,5518,196,ambulance_firetruck:29|cucumber_zucchini:82|hotpot_vase:85
lime-flavored,5519,2,cucumber_zucchini:2
lime-green,5520,40,ambulance_firetruck:27|hotpot_vase:13
lime-patterned,5521,12,cucumber_zucchini:12
limes,5522,47,cucumber_zucchini:43|hotpot_vase:4
limestone,5523,5,ambulance_firetruck:5
limit,5524,16,ambulance_firetruck:16
limited,5525,1,hotpot_vase:1
limousine,5526,5,ambulance_firetruck:5
lincoln,5527,8,ambulance_firetruck:8
lincolntown,5528,1,ambulance_firetruck:1
lindenwold,5529,5,ambulance_firetruck:5
line,5530,158,acousticguitar_violin:21|ambulance_firetruck:62|ant_bee:41|cucumber_zucchini:3|hotpot_vase:31
line-drawn,5531,1,hotpot_vase:1
lined,5532,504,acousticguitar_violin:154|ambulance_firetruck:239|ant_bee:8|cucumber_zucchini:98|hotpot_vase:5
lined-up,5533,7,acousticguitar_violin:4|ambulance_firetruck:3
linens,5534,17,acousticguitar_violin:4|hotpot_vase:13
liner,5535,3,cucumber_zucchini:1|hotpot_vase:2
lines,5536,127,acousticguitar_violin:8|ambulance_firetruck:31|ant_bee:5|hotpot_vase:83
lineup,5537,7,acousticguitar_violin:3|ambulance_firetruck:3|cucumber_zucchini:1
lingerie,5538,2,cucumber_zucchini:2
lining,5539,121,acousticguitar_violin:96|ambulance_firetruck:17|cucumber_zucchini:1|hotpot_vase:7
link,5540,3,ant_bee:3
lion,5541,28,ambulance_firetruck:2|hotpot_vase:26
lion-head,5542,2,hotpot_vase:2
lions,5543,2,ambulance_firetruck:2
lionville,5544,15,ambulance_firetruck:15
lip,5545,1,cucumber_zucchini:1
lips,5546,14,cucumber_zucchini:10|hotpot_vase:4
liquid,5547,99,ant_bee:58|cucumber_zucchini:24|hotpot_vase:17
liquids,5548,2,hotpot_vase:2
liquor,5549,6,ambulance_firetruck:6
lira,5550,17,acousticguitar_violin:17
listed,5551,7,acousticguitar_violin:5|hotpot_vase:2
listen,5552,1,acousticguitar_violin:1
listener,5553,12,acousticguitar_violin:12
listening,5554,1,acousticguitar_violin:1
listens,5555,7,acousticguitar_violin:7
listing,5556,1,acousticguitar_violin:1
lit,5557,497,acousticguitar_violin:380|ambulance_firetruck:37|ant_bee:7|cucumber_zucchini:13|hotpot_vase:60
lititz,5558,1,ambulance_firetruck:1
litter,5559,46,acousticguitar_violin:8|ant_bee:38
littered,5560,8,ant_bee:8
little,5561,158,acousticguitar_violin:130|ambulance_firetruck:7|cucumber_zucchini:20|hotpot_vase:1
live,5562,556,acousticguitar_violin:554|hotpot_vase:2
live-guitarist,5563,1,acousticguitar_violin:1
live-performance,5564,5,acousticguitar_violin:5
live-saxophone,5565,1,acousticguitar_violin:1
lived-in,5566,5,acousticguitar_violin:5
lively,5567,67,acousticguitar_violin:14|ambulance_firetruck:2|ant_bee:1|cucumber_zucchini:2|hotpot_vase:48
livermore-pleasanton,5568,15,ambulance_firetruck:15
livery,5569,76,ambulance_firetruck:76
lives,5570,12,ambulance_firetruck:12
living,5571,90,acousticguitar_violin:57|ant_bee:5|cucumber_zucchini:6|hotpot_vase:22
lizard,5572,61,ant_bee:61
load,5573,70,ambulance_firetruck:70
loaded,5574,63,ambulance_firetruck:50|ant_bee:1|hotpot_vase:12
loading,5575,316,ambulance_firetruck:316
loads,5576,20,ambulance_firetruck:20
loaf,5577,27,cucumber_zucchini:27
loafers,5578,1,cucumber_zucchini:1
lobster,5579,1,hotpot_vase:1
local,5580,11,acousticguitar_violin:1|ambulance_firetruck:5|cucumber_zucchini:5
locale,5581,5,ambulance_firetruck:5
locals,5582,2,ambulance_firetruck:2
lock,5583,25,acousticguitar_violin:23|ambulance_firetruck:2
locked,5584,4,ambulance_firetruck:2|ant_bee:2
locker,5585,1,acousticguitar_violin:1
lockers,5586,2,ambulance_firetruck:2
log,5587,75,acousticguitar_violin:5|ant_bee:70
logo,5588,874,acousticguitar_violin:361|ambulance_firetruck:490|ant_bee:13|cucumber_zucchini:1|hotpot_vase:9
logos,5589,26,acousticguitar_violin:10|ambulance_firetruck:16
logs,5590,21,acousticguitar_violin:19|ant_bee:2
lombard,5591,9,ambulance_firetruck:9
london,5592,168,acousticguitar_violin:1|ambulance_firetruck:160|hotpot_vase:7
london's,5593,3,ambulance_firetruck:3
london-marked,5594,1,hotpot_vase:1
london-to-mongolia,5595,1,ambulance_firetruck:1
lone,5596,8,ambulance_firetruck:5|ant_bee:2|cucumber_zucchini:1
long,5597,892,acousticguitar_violin:108|ambulance_firetruck:3|ant_bee:589|cucumber_zucchini:130|hotpot_vase:62
long-haired,5598,69,acousticguitar_violin:69
long-legged,5599,13,ant_bee:13
long-necked,5600,3,acousticguitar_violin:3
loofah,5601,1,cucumber_zucchini:1
loofahs,5602,12,cucumber_zucchini:12
look,5603,5,acousticguitar_violin:3|ambulance_firetruck:1|cucumber_zucchini:1
looking,5604,29,acousticguitar_violin:24|ambulance_firetruck:1|cucumber_zucchini:4
looks,5605,15,acousticguitar_violin:5|cucumber_zucchini:7|hotpot_vase:3
loom,5606,2,ambulance_firetruck:2
loop,5607,9,acousticguitar_violin:1|cucumber_zucchini:1|hotpot_vase:7
looped,5608,2,hotpot_vase:2
loops,5609,6,ant_bee:5|hotpot_vase:1
loose,5610,4,acousticguitar_violin:2|ant_bee:2
lord,5611,10,acousticguitar_violin:10
los,5612,102,ambulance_firetruck:102
loss,5613,1,acousticguitar_violin:1
lost,5614,2,acousticguitar_violin:2
lot,5615,694,acousticguitar_violin:2|ambulance_firetruck:691|ant_bee:1
lotus,5616,112,ant_bee:23|hotpot_vase:89
loudly,5617,1,acousticguitar_violin:1
loudspeakers,5618,1,ambulance_firetruck:1
louis,5619,26,ambulance_firetruck:26
lounges,5620,6,cucumber_zucchini:6
lounging,5621,3,cucumber_zucchini:3
louvered,5622,6,acousticguitar_violin:4|cucumber_zucchini:1|hotpot_vase:1
love,5623,15,acousticguitar_violin:13|ambulance_firetruck:1|ant_bee:1
lover,5624,4,cucumber_zucchini:4
lover's,5625,1,acousticguitar_violin:1
lovingly,5626,1,acousticguitar_violin:1
low,5627,61,acousticguitar_violin:2|ambulance_firetruck:54|ant_bee:5
low-angle,5628,3,ambulance_firetruck:3
low-poly,5629,9,hotpot_vase:9
lowe's,5630,12,acousticguitar_violin:12
lower,5631,8,acousticguitar_violin:4|ambulance_firetruck:3|ant_bee:1
lowered,5632,3,ant_bee:3
lozenetz,5633,12,ambulance_firetruck:12
lsu,5634,15,ambulance_firetruck:15
luana,5635,24,ambulance_firetruck:24
lucas,5636,7,ambulance_firetruck:7
lucie,5637,2,ambulance_firetruck:2
luck,5638,2,acousticguitar_violin:2
lucky,5639,16,ambulance_firetruck:1|hotpot_vase:15
luffa,5640,1,cucumber_zucchini:1
lufthansa,5641,1,ambulance_firetruck:1
luftrettung,5642,2,ambulance_firetruck:2
luggage,5643,5,ambulance_firetruck:4|ant_bee:1
luke's,5644,13,ambulance_firetruck:13
lumanog,5645,1,acousticguitar_violin:1
luminescent,5646,1,hotpot_vase:1
luminous,5647,8,ant_bee:1|hotpot_vase:7
lumpy,5648,1,ant_bee:1
lunch,5649,25,cucumber_zucchini:25
lunchbox,5650,2,cucumber_zucchini:2
lunches,5651,3,cucumber_zucchini:3
lunges,5652,2,cucumber_zucchini:2
lunging,5653,2,cucumber_zucchini:2
lupine,5654,1,ant_bee:1
lure,5655,44,ant_bee:44
lush,5656,1700,acousticguitar_violin:42|ambulance_firetruck:4|ant_bee:803|cucumber_zucchini:791|hotpot_vase:60
lushly,5657,7,cucumber_zucchini:6|hotpot_vase:1
lustrous,5658,8,acousticguitar_violin:7|hotpot_vase:1
lute,5659,18,acousticguitar_violin:18
lute-like,5660,2,acousticguitar_violin:2
lute-shaped,5661,1,acousticguitar_violin:1
lute-style,5662,1,acousticguitar_violin:1
luthier,5663,119,acousticguitar_violin:119
luthier's,5664,5,acousticguitar_violin:5
luxuriantly,5665,1,hotpot_vase:1
luxurious,5666,42,acousticguitar_violin:19|hotpot_vase:23
luxury,5667,3,acousticguitar_violin:1|ambulance_firetruck:2
ly,5668,3,acousticguitar_violin:3
lying,5669,152,acousticguitar_violin:71|ambulance_firetruck:5|ant_bee:24|cucumber_zucchini:50|hotpot_vase:2
lyl,5670,2,ambulance_firetruck:2
lyncourt,5671,2,ambulance_firetruck:2
lynncourt,5672,1,ambulance_firetruck:1
lyre,5673,1,acousticguitar_violin:1
macau,5674,11,ambulance_firetruck:11
machine,5675,8,acousticguitar_violin:1|ambulance_firetruck:7
machinery,5676,29,acousticguitar_violin:3|ambulance_firetruck:26
machines,5677,3,acousticguitar_violin:3
mack,5678,40,ambulance_firetruck:40
mackin,5679,2,acousticguitar_violin:2
macro,5680,356,ant_bee:356
made,5681,34,acousticguitar_violin:6|ant_bee:11|cucumber_zucchini:7|hotpot_vase:10
madeira,5682,1,acousticguitar_violin:1
madeirenses,5683,2,ambulance_firetruck:2
madrid,5684,18,ambulance_firetruck:18
magazine,5685,73,acousticguitar_violin:42|cucumber_zucchini:20|hotpot_vase:11
magazine-covered,5686,3,hotpot_vase:3
magazines,5687,2,hotpot_vase:2
magen,5688,12,ambulance_firetruck:12
magenta,5689,1,acousticguitar_violin:1
maggots,5690,3,ant_bee:3
magical,5691,1,hotpot_vase:1
magione,5692,1,ambulance_firetruck:1
magnets,5693,2,acousticguitar_violin:1|cucumber_zucchini:1
magnification,5694,19,ant_bee:17|cucumber_zucchini:2
magnified,5695,59,ant_bee:59
magnifying,5696,11,ant_bee:11
magnolia,5697,16,ant_bee:15|hotpot_vase:1
mahogany,5698,50,acousticguitar_violin:50
mahogany/maple,5699,4,acousticguitar_violin:4
maidens,5700,1,hotpot_vase:1
mail,5701,3,acousticguitar_violin:3
mailbox,5702,8,ambulance_firetruck:8
main,5703,9,ambulance_firetruck:9
maintenance,5704,26,ambulance_firetruck:26
majestic,5705,2,ant_bee:1|hotpot_vase:1
major,5706,1,ambulance_firetruck:1
make,5707,2,cucumber_zucchini:2
maker,5708,45,acousticguitar_violin:3|ambulance_firetruck:36|cucumber_zucchini:6
maker's,5709,19,acousticguitar_violin:19
makers,5710,3,acousticguitar_violin:3
makes,5711,3,ant_bee:3
makeshift,5712,15,ambulance_firetruck:15
makeup,5713,5,acousticguitar_violin:5
making,5714,29,acousticguitar_violin:12|ant_bee:9|cucumber_zucchini:6|hotpot_vase:2
malayalam,5715,2,acousticguitar_violin:2
malaysia,5716,2,ambulance_firetruck:2
malaysian,5717,2,ambulance_firetruck:1|cucumber_zucchini:1
male,5718,22,ant_bee:20|hotpot_vase:2
mall,5719,19,acousticguitar_violin:2|ambulance_firetruck:1|hotpot_vase:16
malta,5720,8,ambulance_firetruck:8
maltese,5721,2,ambulance_firetruck:2
malteser,5722,92,ambulance_firetruck:92
man,5723,5758,acousticguitar_violin:4436|ambulance_firetruck:562|ant_bee:28|cucumber_zucchini:531|hotpot_vase:201
man's,5724,2,acousticguitar_violin:2
man001,5725,8,hotpot_vase:8
man001-man005,5726,1,hotpot_vase:1
man005,5727,8,hotpot_vase:8
manchester,5728,3,ambulance_firetruck:3
mandala,5729,2,cucumber_zucchini:2
mandible,5730,1,ant_bee:1
mandibles,5731,329,ant_bee:329
mandolin,5732,23,acousticguitar_violin:23
mandolins,5733,3,acousticguitar_violin:3
maneuvering,5734,1,ambulance_firetruck:1
mango,5735,17,cucumber_zucchini:5|hotpot_vase:12
mangoes,5736,5,cucumber_zucchini:5
manhole,5737,19,ambulance_firetruck:19
manicured,5738,1,hotpot_vase:1
mann,5739,9,acousticguitar_violin:9
mannequin,5740,6,ambulance_firetruck:5|hotpot_vase:1
mannn,5741,1,acousticguitar_violin:1
mansfield,5742,4,ambulance_firetruck:4
mantel,5743,24,hotpot_vase:24
mantis,5744,21,ant_bee:21
many,5745,223,acousticguitar_violin:10|ant_bee:208|cucumber_zucchini:5
map,5746,21,acousticguitar_violin:20|hotpot_vase:1
maple,5747,94,acousticguitar_violin:74|ant_bee:4|hotpot_vase:16
maple-top,5748,2,acousticguitar_violin:2
marble,5749,217,acousticguitar_violin:42|cucumber_zucchini:38|hotpot_vase:137
marble-like,5750,3,hotpot_vase:3
marbled,5751,157,acousticguitar_violin:6|hotpot_vase:151
marbleized,5752,4,hotpot_vase:4
marbles,5753,1,hotpot_vase:1
marbling,5754,2,hotpot_vase:2
march,5755,8,acousticguitar_violin:2|ant_bee:6
marcher,5756,1,ambulance_firetruck:1
marchers,5757,1,ambulance_firetruck:1
marches,5758,3,ambulance_firetruck:2|ant_bee:1
marching,5759,49,ambulance_firetruck:1|ant_bee:48
marco,5760,17,acousticguitar_violin:17
marconi,5761,15,ambulance_firetruck:15
mariachi,5762,20,acousticguitar_violin:20
marietta,5763,15,ambulance_firetruck:15
marigold,5764,112,ant_bee:110|cucumber_zucchini:2
marigolds,5765,15,cucumber_zucchini:15
marijuana,5766,2,acousticguitar_violin:2
marina,5767,1,ambulance_firetruck:1
marinate,5768,1,cucumber_zucchini:1
marinated,5769,4,cucumber_zucchini:4
marine,5770,3,hotpot_vase:3
maritime,5771,2,hotpot_vase:2
mark,5772,13,hotpot_vase:13
marked,5773,440,acousticguitar_violin:3|ambulance_firetruck:421|ant_bee:1|cucumber_zucchini:1|hotpot_vase:14
markers,5774,159,acousticguitar_violin:159
market,5775,1813,acousticguitar_violin:44|ambulance_firetruck:59|cucumber_zucchini:1699|hotpot_vase:11
markham,5776,8,ambulance_firetruck:8
marking,5777,29,acousticguitar_violin:1|ambulance_firetruck:28
markings,5778,620,ambulance_firetruck:579|ant_bee:37|cucumber_zucchini:3|hotpot_vase:1
marks,5779,53,ambulance_firetruck:1|ant_bee:8|cucumber_zucchini:42|hotpot_vase:2
marlington,5780,1,ambulance_firetruck:1
marlow,5781,1,acousticguitar_violin:1
marlt,5782,1,ambulance_firetruck:1
marlton,5783,8,ambulance_firetruck:8
marmite,5784,20,hotpot_vase:20
maroo,5785,3,acousticguitar_violin:3
maroon,5786,130,acousticguitar_violin:38|ambulance_firetruck:75|hotpot_vase:17
marshall,5787,3,acousticguitar_violin:3
martin,5788,63,acousticguitar_violin:62|ambulance_firetruck:1
martinetco,5789,1,acousticguitar_violin:1
marting,5790,1,acousticguitar_violin:1
martini,5791,13,cucumber_zucchini:13
martinsmith,5792,1,acousticguitar_violin:1
maruti,5793,17,ambulance_firetruck:17
marvel,5794,1,ant_bee:1
marys,5795,7,ambulance_firetruck:7
mascot,5796,44,ambulance_firetruck:44
mash,5797,13,cucumber_zucchini:9|hotpot_vase:4
mashed,5798,45,cucumber_zucchini:26|hotpot_vase:19
mashing,5799,1,hotpot_vase:1
mask,5800,2,cucumber_zucchini:1|hotpot_vase:1
mask-like,5801,1,hotpot_vase:1
masks,5802,15,hotpot_vase:15
mason,5803,54,hotpot_vase:54
mass,5804,22,ant_bee:22
massachusetts,5805,1,ambulance_firetruck:1
masse,5806,1,ant_bee:1
massive,5807,114,ambulance_firetruck:22|ant_bee:84|hotpot_vase:8
mast,5808,2,ambulance_firetruck:2
masterpiece,5809,1,ant_bee:1
mat,5810,168,acousticguitar_violin:8|cucumber_zucchini:119|hotpot_vase:41
match,5811,5,hotpot_vase:5
matched,5812,1,hotpot_vase:1
matches,5813,1,hotpot_vase:1
matching,5814,30,acousticguitar_violin:5|ambulance_firetruck:3|hotpot_vase:22
matchstick,5815,10,hotpot_vase:10
matchsticks,5816,1,ant_bee:1
mateo,5817,7,ambulance_firetruck:7
material,5818,13,ant_bee:13
materials,5819,21,acousticguitar_violin:6|ambulance_firetruck:9|hotpot_vase:6
maternité,5820,1,ambulance_firetruck:1
mates,5821,1,ant_bee:1
mathias,5822,1,acousticguitar_violin:1
mating,5823,35,ant_bee:35
matte,5824,10,hotpot_vase:10
matted,5825,7,ant_bee:7
matter,5826,6,ant_bee:6
matters,5827,1,acousticguitar_violin:1
mature,5828,2,acousticguitar_violin:2
mauston,5829,6,ambulance_firetruck:6
maxim,5830,5,acousticguitar_violin:5
may,5831,36,acousticguitar_violin:6|hotpot_vase:30
maya,5832,2,hotpot_vase:2
maya-style,5833,1,hotpot_vase:1
mayan,5834,2,hotpot_vase:2
mayor's,5835,4,ambulance_firetruck:4
mcalpin,5836,8,ambulance_firetruck:8
mcanarney,5837,4,ambulance_firetruck:4
mcdonald's,5838,10,ambulance_firetruck:10
mci,5839,3,ambulance_firetruck:3
mcmurdo,5840,14,ambulance_firetruck:14
md,5841,1,ambulance_firetruck:1
meadow,5842,124,acousticguitar_violin:1|ambulance_firetruck:9|ant_bee:114
meal,5843,1375,ant_bee:1|cucumber_zucchini:137|hotpot_vase:1237
meal-prep,5844,1,hotpot_vase:1
meals,5845,8,cucumber_zucchini:7|hotpot_vase:1
mealtime,5846,1,hotpot_vase:1
mealybugs,5847,7,ant_bee:7
meaning,5848,1,ant_bee:1
means,5849,1,ant_bee:1
measure,5850,57,ant_bee:5|cucumber_zucchini:52
measured,5851,110,cucumber_zucchini:109|hotpot_vase:1
measurement,5852,5,ant_bee:5
measurements,5853,2,acousticguitar_violin:2
measures,5854,10,ant_bee:3|cucumber_zucchini:7
measuring,5855,51,ant_bee:7|cucumber_zucchini:43|hotpot_vase:1
meat,5856,3198,cucumber_zucchini:153|hotpot_vase:3045
meat-and-mushroom,5857,1,hotpot_vase:1
meat-and-seafood,5858,1,hotpot_vase:1
meat-and-veg,5859,2,hotpot_vase:2
meat-and-vegetable,5860,1,hotpot_vase:1
meat-filled,5861,1,hotpot_vase:1
meat-stewed,5862,1,hotpot_vase:1
meatball,5863,29,hotpot_vase:29
meatball-stew,5864,1,hotpot_vase:1
meatballs,5865,363,ant_bee:1|cucumber_zucchini:18|hotpot_vase:344
meats,5866,392,cucumber_zucchini:3|hotpot_vase:389
meaty,5867,5,hotpot_vase:5
mechanical,5868,25,acousticguitar_violin:20|ambulance_firetruck:1|ant_bee:4
med,5869,3,ambulance_firetruck:3
medallion,5870,2,hotpot_vase:2
media,5871,18,acousticguitar_violin:12|ambulance_firetruck:6
medic,5872,37,ambulance_firetruck:37
medica,5873,2,ambulance_firetruck:2
medical,5874,921,ambulance_firetruck:921
medicinska,5875,4,ambulance_firetruck:4
medics,5876,27,ambulance_firetruck:27
medieval,5877,23,acousticguitar_violin:23
medieval-style,5878,1,acousticguitar_violin:1
meditation,5879,1,acousticguitar_violin:1
meditative,5880,6,acousticguitar_violin:6
mediterranean,5881,6,cucumber_zucchini:5|hotpot_vase:1
medium,5882,1,ant_bee:1
medley,5883,14,cucumber_zucchini:12|hotpot_vase:2
medusa,5884,5,hotpot_vase:5
medusa's,5885,4,hotpot_vase:4
medway,5886,13,ambulance_firetruck:13
meet,5887,1,ant_bee:1
meets,5888,12,ant_bee:1|cucumber_zucchini:1|hotpot_vase:10
megaphone,5889,11,acousticguitar_violin:11
mel,5890,4,acousticguitar_violin:4
melancholic,5891,9,acousticguitar_violin:9
melancholy,5892,1,acousticguitar_violin:1
melbourne,5893,12,ambulance_firetruck:12
mellifera,5894,11,ant_bee:11
melodica,5895,6,acousticguitar_violin:6
melody,5896,2,acousticguitar_violin:2
melon,5897,86,ant_bee:2|cucumber_zucchini:84
melons,5898,57,cucumber_zucchini:57
melted,5899,8,cucumber_zucchini:8
melting,5900,1,hotpot_vase:1
member,5901,8,ambulance_firetruck:8
members,5902,28,acousticguitar_violin:2|ambulance_firetruck:26
meme,5903,1,acousticguitar_violin:1
memorabilia,5904,1,acousticguitar_violin:1
memorial,5905,44,acousticguitar_violin:4|ambulance_firetruck:35|hotpot_vase:5
memorializing,5906,1,ambulance_firetruck:1
memorials,5907,3,ambulance_firetruck:3
memories,5908,2,acousticguitar_violin:2
memory,5909,2,ambulance_firetruck:2
men,5910,741,acousticguitar_violin:428|ambulance_firetruck:279|cucumber_zucchini:5|hotpot_vase:29
men's,5911,5,ambulance_firetruck:5
menacing,5912,2,ant_bee:2
mendon,5913,1,ambulance_firetruck:1
mentor,5914,1,acousticguitar_violin:1
mentors,5915,1,acousticguitar_violin:1
mentorship,5916,7,acousticguitar_violin:7
menu,5917,1,hotpot_vase:1
mercatone,5918,1,ambulance_firetruck:1
mercedes,5919,158,ambulance_firetruck:158
mercedes-benz,5920,38,ambulance_firetruck:38
mercury,5921,1,acousticguitar_violin:1
mercy,5922,10,ambulance_firetruck:10
merge,5923,1,acousticguitar_violin:1
merged,5924,5,acousticguitar_violin:5
merges,5925,2,acousticguitar_violin:2
merging,5926,2,ant_bee:1|hotpot_vase:1
merivoimat,5927,1,ambulance_firetruck:1
mesa,5928,10,ambulance_firetruck:10
mesh,5929,109,ant_bee:28|cucumber_zucchini:71|hotpot_vase:10
mesoamerican,5930,7,hotpot_vase:7
mess,5931,1,hotpot_vase:1
message,5932,20,acousticguitar_violin:2|ambulance_firetruck:14|ant_bee:4
messages,5933,1,acousticguitar_violin:1
messy,5934,13,hotpot_vase:13
metal,5935,1386,acousticguitar_violin:92|ambulance_firetruck:83|ant_bee:144|cucumber_zucchini:259|hotpot_vase:808
metal-bowl,5936,1,hotpot_vase:1
metallic,5937,439,acousticguitar_violin:44|ambulance_firetruck:3|ant_bee:201|cucumber_zucchini:12|hotpot_vase:179
metallic-flecked,5938,2,hotpot_vase:2
metalwork,5939,4,ambulance_firetruck:3|hotpot_vase:1
meteor,5940,5,ambulance_firetruck:5
meters,5941,13,ambulance_firetruck:13
method,5942,19,acousticguitar_violin:19
meticulously,5943,4,acousticguitar_violin:4
metro,5944,10,ambulance_firetruck:10
metropolitan,5945,5,ambulance_firetruck:5
meulan,5946,6,ambulance_firetruck:6
mexican,5947,25,ambulance_firetruck:25
mexican-inspired,5948,1,cucumber_zucchini:1
mexicana,5949,6,ambulance_firetruck:6
mexico,5950,18,acousticguitar_violin:18
mfd,5951,1,ambulance_firetruck:1
mic,5952,122,acousticguitar_violin:118|ambulance_firetruck:4
michael,5953,11,acousticguitar_violin:11
michael's,5954,2,ambulance_firetruck:2
microbes,5955,7,ant_bee:7
microbial,5956,1,ant_bee:1
microgreens,5957,5,cucumber_zucchini:5
microphone,5958,480,acousticguitar_violin:472|ambulance_firetruck:8
microphones,5959,86,acousticguitar_violin:86
microscope,5960,10,ant_bee:8|cucumber_zucchini:2
microscopic,5961,17,ant_bee:14|cucumber_zucchini:3
microwave,5962,14,cucumber_zucchini:14
mics,5963,3,acousticguitar_violin:3
mid-air,5964,14,ambulance_firetruck:1|ant_bee:8|cucumber_zucchini:5
mid-flight,5965,40,ant_bee:40
mid-life,5966,8,hotpot_vase:8
mid-motion,5967,1,ant_bee:1
mid-performance,5968,2,acousticguitar_violin:2
mid-play,5969,1,acousticguitar_violin:1
mid-pollination,5970,1,ant_bee:1
middle,5971,4,hotpot_vase:4
midsection,5972,1,ant_bee:1
midtown,5973,6,ambulance_firetruck:6
midwood,5974,5,ambulance_firetruck:5
miguel,5975,15,ambulance_firetruck:15
milan,5976,5,ambulance_firetruck:5
milano,5977,9,ambulance_firetruck:9
mild,5978,519,ambulance_firetruck:2|hotpot_vase:517
milder,5979,2,hotpot_vase:2
mile,5980,1,ambulance_firetruck:1
military,5981,646,ambulance_firetruck:646
military-style,5982,34,ambulance_firetruck:34
milk,5983,30,cucumber_zucchini:16|hotpot_vase:14
milking,5984,1,ant_bee:1
milkweed,5985,23,ant_bee:23
milky,5986,1,hotpot_vase:1
miller,5987,16,acousticguitar_violin:16
milling,5988,1,ambulance_firetruck:1
millions,5989,2,ant_bee:2
mills,5990,15,ambulance_firetruck:15
mimic,5991,1,ant_bee:1
mimicry,5992,1,ant_bee:1
mimics,5993,5,ant_bee:5
minced,5994,41,cucumber_zucchini:7|hotpot_vase:34
mindfulness,5995,1,acousticguitar_violin:1
mineral,5996,1,ant_bee:1
minette,5997,10,ambulance_firetruck:10
mingling,5998,1,ant_bee:1
mini,5999,103,acousticguitar_violin:67|ambulance_firetruck:32|ant_bee:1|cucumber_zucchini:1|hotpot_vase:2
miniature,6000,246,acousticguitar_violin:212|ambulance_firetruck:1|ant_bee:19|hotpot_vase:14
minimal,6001,17,cucumber_zucchini:1|hotpot_vase:16
minimalism,6002,1,ant_bee:1
minimalist,6003,236,acousticguitar_violin:13|ant_bee:3|cucumber_zucchini:4|hotpot_vase:216
ministry,6004,20,ambulance_firetruck:20
minivan,6005,1,ambulance_firetruck:1
minneapolis,6006,5,ambulance_firetruck:5
minor,6007,5,ant_bee:1|cucumber_zucchini:4
mint,6008,22,ambulance_firetruck:2|cucumber_zucchini:9|hotpot_vase:11
mint-green,6009,5,ambulance_firetruck:3|cucumber_zucchini:2
minute,6010,1,ambulance_firetruck:1
minutes,6011,2,hotpot_vase:2
miramar,6012,13,ambulance_firetruck:13
mirror,6013,136,acousticguitar_violin:64|ambulance_firetruck:44|ant_bee:1|hotpot_vase:27
mirrored,6014,24,acousticguitar_violin:4|ambulance_firetruck:7|ant_bee:1|hotpot_vase:12
mirrors,6015,7,ambulance_firetruck:7
mischievously,6016,1,cucumber_zucchini:1
misericordia,6017,11,ambulance_firetruck:11
misleadingly,6018,1,acousticguitar_violin:1
miso,6019,13,hotpot_vase:13
missile,6020,5,ambulance_firetruck:5
missing,6021,3,ambulance_firetruck:3
mission,6022,35,ambulance_firetruck:35
misty,6023,5,ambulance_firetruck:1|ant_bee:4
mit,6024,3,ambulance_firetruck:3
mitsubishi,6025,11,ambulance_firetruck:11
mitt,6026,1,cucumber_zucchini:1
mitzvah,6027,15,acousticguitar_violin:15
mix,6028,29,cucumber_zucchini:11|hotpot_vase:18
mixed,6029,77,cucumber_zucchini:57|hotpot_vase:20
mixed-with,6030,1,hotpot_vase:1
mixer,6031,5,cucumber_zucchini:5
mixes,6032,1,hotpot_vase:1
mixing,6033,3,hotpot_vase:3
mixture,6034,23,cucumber_zucchini:6|hotpot_vase:17
mm,6035,21,ant_bee:21
mobile,6036,95,ambulance_firetruck:95
model,6037,153,acousticguitar_violin:74|ambulance_firetruck:72|ant_bee:5|hotpot_vase:2
model-rest,6038,1,acousticguitar_violin:1
models,6039,12,acousticguitar_violin:11|ambulance_firetruck:1
modern,6040,459,acousticguitar_violin:116|ambulance_firetruck:170|ant_bee:7|hotpot_vase:166
modified,6041,3,ambulance_firetruck:3
moist,6042,44,ant_bee:5|cucumber_zucchini:39
moisture,6043,187,ant_bee:2|cucumber_zucchini:185
mojito,6044,3,hotpot_vase:3
mojo,6045,1,hotpot_vase:1
mold,6046,5,ant_bee:5
molds,6047,1,acousticguitar_violin:1
mom,6048,1,ambulance_firetruck:1
moment,6049,18,acousticguitar_violin:11|ambulance_firetruck:1|ant_bee:2|cucumber_zucchini:1|hotpot_vase:3
monarch,6050,33,ant_bee:33
money,6051,8,ambulance_firetruck:8
mongolia,6052,6,ambulance_firetruck:6
monica,6053,14,ambulance_firetruck:14
monique,6054,1,ant_bee:1
monitor,6055,22,acousticguitar_violin:2|hotpot_vase:20
monitor-black,6056,1,acousticguitar_violin:1
monitoring,6057,1,ambulance_firetruck:1
monitors,6058,9,ambulance_firetruck:9
monkey,6059,33,cucumber_zucchini:24|hotpot_vase:9
monkey-shirt,6060,1,cucumber_zucchini:1
monkeys,6061,2,cucumber_zucchini:1|hotpot_vase:1
monochromatic,6062,12,acousticguitar_violin:6|hotpot_vase:6
monochrome,6063,353,acousticguitar_violin:249|ambulance_firetruck:11|ant_bee:50|cucumber_zucchini:17|hotpot_vase:26
monogram,6064,5,acousticguitar_violin:5
monogrammed,6065,1,acousticguitar_violin:1
monrovia,6066,6,ambulance_firetruck:6
monster,6067,37,acousticguitar_violin:16|ambulance_firetruck:21
mont-saint-hilaire,6068,20,ambulance_firetruck:20
montana,6069,13,acousticguitar_violin:4|ambulance_firetruck:9
montra,6070,1,acousticguitar_violin:1
montrail,6071,1,acousticguitar_violin:1
montreal,6072,10,ambulance_firetruck:10
montvale,6073,6,ambulance_firetruck:6
monument,6074,2,ambulance_firetruck:1|hotpot_vase:1
monumental,6075,1,hotpot_vase:1
mood,6076,4,acousticguitar_violin:4
moods,6077,10,acousticguitar_violin:10
moody,6078,34,acousticguitar_violin:31|ant_bee:2|hotpot_vase:1
moon,6079,42,acousticguitar_violin:1|ambulance_firetruck:4|ant_bee:1|hotpot_vase:36
moonlight,6080,6,ant_bee:6
moonlit,6081,5,ant_bee:5
moons,6082,2,acousticguitar_violin:2
moorefield,6083,9,ambulance_firetruck:9
mooresville,6084,3,ambulance_firetruck:3
moorseville,6085,1,ambulance_firetruck:1
more,6086,51,acousticguitar_violin:4|ant_bee:5|cucumber_zucchini:42
morning,6087,8,ant_bee:8
morph,6088,1,hotpot_vase:1
morrison,6089,2,acousticguitar_violin:2
morristown,6090,8,ambulance_firetruck:8
mortar,6091,16,ant_bee:2|cucumber_zucchini:14
mosaic,6092,403,acousticguitar_violin:61|ant_bee:13|cucumber_zucchini:32|hotpot_vase:297
mosaic-covered,6093,2,hotpot_vase:2
mosaic-decorated,6094,1,hotpot_vase:1
mosaic-like,6095,1,hotpot_vase:1
mosaic-patterned,6096,10,cucumber_zucchini:5|hotpot_vase:5
mosaic-style,6097,1,hotpot_vase:1
mosaic-tiled,6098,2,acousticguitar_violin:1|hotpot_vase:1
mosaic-wrapped,6099,1,hotpot_vase:1
mosaicked,6100,1,hotpot_vase:1
mosango,6101,10,ambulance_firetruck:10
moscow,6102,5,acousticguitar_violin:5
moses,6103,11,hotpot_vase:11
mosque,6104,20,ambulance_firetruck:20
mosquito,6105,10,ant_bee:10
moss,6106,167,ant_bee:149|hotpot_vase:18
moss-covered,6107,33,ant_bee:32|hotpot_vase:1
moss-like,6108,1,hotpot_vase:1
moss-speckled,6109,1,ant_bee:1
mosses,6110,5,ambulance_firetruck:5
mossy,6111,423,acousticguitar_violin:14|ant_bee:403|hotpot_vase:6
most,6112,2,ant_bee:1|hotpot_vase:1
mostly,6113,2,ambulance_firetruck:1|hotpot_vase:1
moth,6114,41,ant_bee:41
mother,6115,39,acousticguitar_violin:33|ambulance_firetruck:6
mother-child,6116,1,ambulance_firetruck:1
mother-of-pearl,6117,32,acousticguitar_violin:32
motif,6118,175,acousticguitar_violin:8|hotpot_vase:167
motifs,6119,294,acousticguitar_violin:3|hotpot_vase:291
motion,6120,680,acousticguitar_violin:91|ambulance_firetruck:385|ant_bee:203|hotpot_vase:1
motion-blur,6121,2,ambulance_firetruck:1|ant_bee:1
motion-blurred,6122,3,ambulance_firetruck:1|ant_bee:2
motionless,6123,1,ant_bee:1
motor,6124,7,ambulance_firetruck:7
motorcycle,6125,5,ambulance_firetruck:5
motorcyclist,6126,1,ambulance_firetruck:1
motorsport,6127,5,ambulance_firetruck:5
motorway,6128,14,ambulance_firetruck:14
mottled,6129,57,ant_bee:1|hotpot_vase:56
mound,6130,29,ant_bee:29
mounded,6131,1,ant_bee:1
mounds,6132,11,ant_bee:11
mount,6133,8,ambulance_firetruck:8
mountain,6134,128,acousticguitar_violin:9|ambulance_firetruck:104|hotpot_vase:15
mountain-road,6135,1,ambulance_firetruck:1
mountainous,6136,1,ambulance_firetruck:1
mountains,6137,200,acousticguitar_violin:36|ambulance_firetruck:157|hotpot_vase:7
mountainscape,6138,1,acousticguitar_violin:1
mountainside,6139,1,ambulance_firetruck:1
mounted,6140,76,acousticguitar_violin:21|ambulance_firetruck:38|ant_bee:4|hotpot_vase:13
mournful,6141,5,acousticguitar_violin:5
mouth,6142,52,acousticguitar_violin:7|ant_bee:5|cucumber_zucchini:21|hotpot_vase:19
mouthparts,6143,2,ant_bee:2
mouths,6144,4,cucumber_zucchini:3|hotpot_vase:1
movement,6145,10,acousticguitar_violin:1|ant_bee:9
moves,6146,1,ambulance_firetruck:1
movie,6147,10,acousticguitar_violin:10
movil,6148,4,ambulance_firetruck:4
moving,6149,98,acousticguitar_violin:2|ambulance_firetruck:65|ant_bee:31
mozart,6150,18,acousticguitar_violin:18
mozzarella,6151,2,cucumber_zucchini:2
mr-f,6152,4,acousticguitar_violin:4
mt-105,6153,4,ambulance_firetruck:4
mu,6154,1,ambulance_firetruck:1
mud,6155,3,ant_bee:3
mud-covered,6156,1,ant_bee:1
mud-walled,6157,2,ant_bee:2
muddy,6158,67,ambulance_firetruck:28|ant_bee:39
mug,6159,56,hotpot_vase:56
mugs,6160,11,hotpot_vase:11
mugs-cream,6161,1,hotpot_vase:1
mulch,6162,150,ant_bee:2|cucumber_zucchini:148
mulched,6163,27,ant_bee:1|cucumber_zucchini:26
muleshoe,6164,11,ambulance_firetruck:11
multi-angle,6165,4,acousticguitar_violin:4
multi-colored,6166,1,ant_bee:1
multi-cooker,6167,3,hotpot_vase:3
multi-faced,6168,1,hotpot_vase:1
multi-headed,6169,14,hotpot_vase:14
multi-lane,6170,2,ambulance_firetruck:2
multi-story,6171,4,ambulance_firetruck:4
multi-tiered,6172,1,hotpot_vase:1
multi-toned,6173,3,ant_bee:1|hotpot_vase:2
multicolor,6174,3,hotpot_vase:3
multicolored,6175,6,ant_bee:1|hotpot_vase:5
multiple,6176,174,acousticguitar_violin:132|ambulance_firetruck:24|ant_bee:6|hotpot_vase:12
munches,6177,1,cucumber_zucchini:1
municipal,6178,6,ambulance_firetruck:6
municipalidad,6179,1,ambulance_firetruck:1
mural,6180,120,acousticguitar_violin:32|ambulance_firetruck:88
mural-adorned,6181,1,ambulance_firetruck:1
mural-covered,6182,8,ambulance_firetruck:8
mural-decorated,6183,3,ambulance_firetruck:3
murky,6184,8,ant_bee:8
museum,6185,205,acousticguitar_violin:64|ambulance_firetruck:69|ant_bee:1|hotpot_vase:71
mushroom,6186,143,ant_bee:37|cucumber_zucchini:4|hotpot_vase:102
mushroom-patterned,6187,2,hotpot_vase:2
mushroom-rich,6188,5,hotpot_vase:5
mushrooms,6189,1554,ant_bee:1|cucumber_zucchini:174|hotpot_vase:1379
music,6190,2281,acousticguitar_violin:2278|hotpot_vase:3
music-filled,6191,9,acousticguitar_violin:9
music-one,6192,2,acousticguitar_violin:2
musica,6193,10,acousticguitar_violin:10
musical,6194,380,acousticguitar_violin:360|ant_bee:3|hotpot_vase:17
musician,6195,2238,acousticguitar_violin:2229|ambulance_firetruck:9
musician's,6196,4,acousticguitar_violin:4
musicians,6197,1217,acousticguitar_violin:1217
musicianship,6198,1,acousticguitar_violin:1
musing,6199,1,acousticguitar_violin:1
mussels,6200,24,cucumber_zucchini:8|hotpot_vase:16
mustache,6201,24,acousticguitar_violin:8|ambulance_firetruck:2|cucumber_zucchini:13|hotpot_vase:1
mustard,6202,43,acousticguitar_violin:2|cucumber_zucchini:29|hotpot_vase:12
mustard-yellow,6203,1,acousticguitar_violin:1
mute,6204,1,acousticguitar_violin:1
muted,6205,8,acousticguitar_violin:1|ant_bee:1|hotpot_vase:6
mutton,6206,1,hotpot_vase:1
mutualistic,6207,8,ant_bee:8
myrmecia,6208,5,ant_bee:5
myrtle,6209,1,ant_bee:1
mysterious,6210,13,acousticguitar_violin:12|hotpot_vase:1
mystery,6211,7,ant_bee:7
mystic,6212,2,acousticguitar_violin:1|hotpot_vase:1
mystical,6213,19,acousticguitar_violin:4|hotpot_vase:15
mythic,6214,1,hotpot_vase:1
mythical,6215,6,hotpot_vase:6
mythological,6216,132,hotpot_vase:132
mythology,6217,7,hotpot_vase:7
m·f·d,6218,17,ambulance_firetruck:17
música,6219,1,acousticguitar_violin:1
n,6220,1,ambulance_firetruck:1
n.h,6221,2,ambulance_firetruck:2
n.j,6222,4,ambulance_firetruck:4
na,6223,1,ambulance_firetruck:1
naan,6224,9,hotpot_vase:9
nacional,6225,7,ambulance_firetruck:7
nail,6226,2,ambulance_firetruck:1|cucumber_zucchini:1
nailed,6227,3,hotpot_vase:3
nails,6228,6,ambulance_firetruck:3|cucumber_zucchini:3
naked,6229,26,acousticguitar_violin:26
name,6230,28,acousticguitar_violin:16|ambulance_firetruck:2|hotpot_vase:10
named,6231,8,acousticguitar_violin:1|ambulance_firetruck:7
nameplate,6232,3,ambulance_firetruck:3
names,6233,33,acousticguitar_violin:17|ambulance_firetruck:7|cucumber_zucchini:9
namozine,6234,6,ambulance_firetruck:6
naomi,6235,10,acousticguitar_violin:10
nap,6236,1,cucumber_zucchini:1
napkin,6237,22,cucumber_zucchini:6|hotpot_vase:16
napkins,6238,10,hotpot_vase:10
napping,6239,8,acousticguitar_violin:4|cucumber_zucchini:4
naps,6240,7,acousticguitar_violin:6|cucumber_zucchini:1
narrative,6241,2,hotpot_vase:2
narrow,6242,256,ambulance_firetruck:145|ant_bee:15|hotpot_vase:96
nascar,6243,4,acousticguitar_violin:4
nascar-themed,6244,16,acousticguitar_violin:16
natale,6245,1,ambulance_firetruck:1
natick,6246,9,ambulance_firetruck:9
national,6247,9,ambulance_firetruck:6|ant_bee:3
nations,6248,1,ambulance_firetruck:1
native,6249,44,acousticguitar_violin:6|ant_bee:4|hotpot_vase:34
natural,6250,5709,acousticguitar_violin:5200|ant_bee:326|cucumber_zucchini:117|hotpot_vase:66
natural-finish,6251,1172,acousticguitar_violin:1172
natural-finished,6252,1,acousticguitar_violin:1
natural-textured,6253,1,hotpot_vase:1
naturally,6254,1,ant_bee:1
nature,6255,2168,acousticguitar_violin:78|ambulance_firetruck:3|ant_bee:2055|cucumber_zucchini:4|hotpot_vase:28
nature's,6256,115,acousticguitar_violin:1|ant_bee:114
nature-inspired,6257,6,hotpot_vase:6
nature-themed,6258,4,hotpot_vase:4
nautical,6259,2,hotpot_vase:2
naval,6260,1,hotpot_vase:1
navigate,6261,36,ambulance_firetruck:22|ant_bee:14
navigates,6262,41,ambulance_firetruck:39|ant_bee:2
navigating,6263,107,ambulance_firetruck:35|ant_bee:72
navy,6264,11,acousticguitar_violin:5|ambulance_firetruck:1|cucumber_zucchini:1|hotpot_vase:4
near,6265,6346,acousticguitar_violin:567|ambulance_firetruck:3120|ant_bee:2218|cucumber_zucchini:310|hotpot_vase:131
near-circle,6266,1,cucumber_zucchini:1
nearby,6267,2683,acousticguitar_violin:537|ambulance_firetruck:1324|ant_bee:320|cucumber_zucchini:365|hotpot_vase:137
nearly,6268,1,cucumber_zucchini:1
neat,6269,5,cucumber_zucchini:5
neatly,6270,293,acousticguitar_violin:31|cucumber_zucchini:249|hotpot_vase:13
neatly-packed,6271,1,cucumber_zucchini:1
neck,6272,957,acousticguitar_violin:571|ambulance_firetruck:2|hotpot_vase:384
neckerchief,6273,1,acousticguitar_violin:1
necklace,6274,7,acousticguitar_violin:6|hotpot_vase:1
necks,6275,28,acousticguitar_violin:11|hotpot_vase:17
necktie,6276,1,acousticguitar_violin:1
nectar,6277,3981,ant_bee:3981
nectar-rich,6278,2,ant_bee:2
needle,6279,3,ant_bee:3
needles,6280,100,ant_bee:94|cucumber_zucchini:6
neglect,6281,2,ant_bee:2
neglected,6282,1,ambulance_firetruck:1
negri,6283,15,ambulance_firetruck:15
neighbor,6284,1,ambulance_firetruck:1
neighborhood,6285,31,acousticguitar_violin:2|ambulance_firetruck:29
neil,6286,11,acousticguitar_violin:11
nemocnice,6287,1,ambulance_firetruck:1
neon,6288,28,acousticguitar_violin:10|ambulance_firetruck:18
neon-lit,6289,13,acousticguitar_violin:1|ambulance_firetruck:12
neonatal,6290,77,ambulance_firetruck:77
nepal,6291,7,ambulance_firetruck:7
nest,6292,727,ant_bee:727
nest-like,6293,1,ant_bee:1
nesting,6294,4,ant_bee:4
nestled,6295,501,acousticguitar_violin:121|ant_bee:58|cucumber_zucchini:313|hotpot_vase:9
nests,6296,1,ant_bee:1
net,6297,17,cucumber_zucchini:17
netted,6298,1,cucumber_zucchini:1
netting,6299,18,cucumber_zucchini:18
network,6300,2,ant_bee:2
neutral,6301,57,acousticguitar_violin:20|ant_bee:2|cucumber_zucchini:8|hotpot_vase:27
nevada,6302,2,ambulance_firetruck:2
new,6303,33,ambulance_firetruck:29|ant_bee:4
newborn,6304,4,cucumber_zucchini:4
newcastle,6305,5,cucumber_zucchini:5
newell,6306,1,acousticguitar_violin:1
newport,6307,2,ambulance_firetruck:2
news,6308,1,ambulance_firetruck:1
newspaper,6309,83,acousticguitar_violin:8|ambulance_firetruck:4|cucumber_zucchini:71
newspaper-covered,6310,3,acousticguitar_violin:1|cucumber_zucchini:2
newsprint,6311,1,cucumber_zucchini:1
newsstand,6312,1,acousticguitar_violin:1
next,6313,179,acousticguitar_violin:20|ambulance_firetruck:7|ant_bee:10|cucumber_zucchini:131|hotpot_vase:11
nh,6314,6,ambulance_firetruck:6
nhs,6315,307,ambulance_firetruck:307
nibble,6316,1,cucumber_zucchini:1
nibbles,6317,4,acousticguitar_violin:1|ant_bee:1|cucumber_zucchini:2
nibbling,6318,12,ant_bee:3|cucumber_zucchini:9
niche,6319,1,hotpot_vase:1
nico,6320,6,ambulance_firetruck:6
nieuw,6321,1,ambulance_firetruck:1
night,6322,2417,acousticguitar_violin:76|ambulance_firetruck:2292|ant_bee:26|cucumber_zucchini:19|hotpot_vase:4
night-time,6323,1,ambulance_firetruck:1
nightlife,6324,1,ambulance_firetruck:1
nighttime,6325,131,ambulance_firetruck:130|ant_bee:1
nih,6326,3,ambulance_firetruck:3
nine,6327,30,acousticguitar_violin:8|ambulance_firetruck:1|cucumber_zucchini:21
niu,6328,1,hotpot_vase:1
no,6329,88,acousticguitar_violin:1|ambulance_firetruck:87
no.1,6330,10,ambulance_firetruck:10
no.2,6331,1,ambulance_firetruck:1
noir,6332,1,acousticguitar_violin:1
noisemakers,6333,1,acousticguitar_violin:1
nolter,6334,1,acousticguitar_violin:1
non-stick,6335,4,cucumber_zucchini:4
noodle,6336,294,cucumber_zucchini:7|hotpot_vase:287
noodle-bowl,6337,5,hotpot_vase:5
noodle-soup,6338,12,hotpot_vase:12
noodles,6339,839,cucumber_zucchini:128|hotpot_vase:711
normal-sized,6340,1,ant_bee:1
north,6341,56,ambulance_firetruck:56
northville,6342,4,ambulance_firetruck:4
norway,6343,12,ambulance_firetruck:12
nose,6344,24,acousticguitar_violin:12|ambulance_firetruck:1|ant_bee:1|cucumber_zucchini:7|hotpot_vase:3
nostalgia,6345,12,acousticguitar_violin:12
nostalgic,6346,11,acousticguitar_violin:4|ambulance_firetruck:1|hotpot_vase:6
not,6347,14,acousticguitar_violin:4|ambulance_firetruck:10
notarzt,6348,32,ambulance_firetruck:32
notation,6349,1,ant_bee:1
note,6350,65,acousticguitar_violin:17|ambulance_firetruck:6|ant_bee:11|cucumber_zucchini:15|hotpot_vase:16
notebook,6351,3,acousticguitar_violin:3
notebooks,6352,4,acousticguitar_violin:4
notes,6353,55,acousticguitar_violin:42|ant_bee:2|hotpot_vase:11
notfall,6354,3,ambulance_firetruck:3
notfallkrankenwagen,6355,3,ambulance_firetruck:3
nothing,6356,1,acousticguitar_violin:1
noticeable,6357,1,ant_bee:1
notruf,6358,3,ambulance_firetruck:3
nottoway,6359,4,ambulance_firetruck:4
nourishing,6360,1,hotpot_vase:1
nouveau,6361,13,hotpot_vase:13
nouveau-style,6362,1,hotpot_vase:1
nov,6363,2,hotpot_vase:2
november,6364,1,hotpot_vase:1
now,6365,7,acousticguitar_violin:5|ambulance_firetruck:1|hotpot_vase:1
nozzle,6366,6,ambulance_firetruck:6
nozzles,6367,1,ambulance_firetruck:1
nsw,6368,2,ambulance_firetruck:2
nubs,6369,2,ant_bee:1|hotpot_vase:1
nuclei,6370,4,cucumber_zucchini:4
nude,6371,56,acousticguitar_violin:54|hotpot_vase:2
nudity,6372,1,acousticguitar_violin:1
nuggets,6373,2,ant_bee:2
number,6374,574,acousticguitar_violin:23|ambulance_firetruck:548|hotpot_vase:3
numbered,6375,37,acousticguitar_violin:11|ambulance_firetruck:18|hotpot_vase:8
numbers,6376,19,ambulance_firetruck:3|ant_bee:1|hotpot_vase:15
numeral,6377,1,ambulance_firetruck:1
numeric,6378,1,acousticguitar_violin:1
numerous,6379,17,acousticguitar_violin:2|ant_bee:12|cucumber_zucchini:2|hotpot_vase:1
nuptial,6380,1,ant_bee:1
nurse,6381,8,ambulance_firetruck:8
nursing,6382,3,ambulance_firetruck:3
nut,6383,4,acousticguitar_violin:2|ant_bee:1|cucumber_zucchini:1
nutmeg,6384,1,ant_bee:1
nutritious,6385,5,cucumber_zucchini:5
nuts,6386,71,cucumber_zucchini:50|hotpot_vase:21
nutty,6387,3,cucumber_zucchini:3
nuzzles,6388,1,acousticguitar_violin:1
nuzzling,6389,3,acousticguitar_violin:3
ny,6390,6,ambulance_firetruck:6
nyc,6391,13,ambulance_firetruck:13
nylon,6392,31,acousticguitar_violin:31
nymph,6393,1,ant_bee:1
nymphs,6394,1,ant_bee:1
n°1,6395,4,ambulance_firetruck:4
o,6396,11,hotpot_vase:11
o.c.f.d,6397,2,ambulance_firetruck:2
o.n.l.u.s,6398,5,ambulance_firetruck:5
oak,6399,3,acousticguitar_violin:1|ambulance_firetruck:1|ant_bee:1
oakland,6400,20,ambulance_firetruck:20
oakmont,6401,5,ambulance_firetruck:5
oat-infused,6402,2,cucumber_zucchini:2
oatmeal,6403,14,cucumber_zucchini:14
oats,6404,15,cucumber_zucchini:15
object,6405,322,acousticguitar_violin:7|ant_bee:279|cucumber_zucchini:19|hotpot_vase:17
objects,6406,19,ant_bee:16|hotpot_vase:3
obscure,6407,1,ambulance_firetruck:1
obscured,6408,8,acousticguitar_violin:2|ambulance_firetruck:3|ant_bee:1|cucumber_zucchini:1|hotpot_vase:1
obscuring,6409,3,ant_bee:1|hotpot_vase:2
observe,6410,2,ambulance_firetruck:2
observer,6411,5,acousticguitar_violin:1|ambulance_firetruck:4
observes,6412,15,acousticguitar_violin:6|ambulance_firetruck:4|ant_bee:5
observing,6413,31,acousticguitar_violin:10|ambulance_firetruck:13|ant_bee:7|cucumber_zucchini:1
ocean,6414,54,acousticguitar_violin:15|ambulance_firetruck:35|cucumber_zucchini:3|hotpot_vase:1
ocean-side,6415,1,acousticguitar_violin:1
ochre,6416,1,hotpot_vase:1
octagonal,6417,13,hotpot_vase:13
octopus,6418,68,acousticguitar_violin:10|hotpot_vase:58
octopus-covered,6419,2,hotpot_vase:2
octopus-decorated,6420,11,hotpot_vase:11
octopus-painted,6421,3,hotpot_vase:3
octopus-patterned,6422,8,hotpot_vase:8
octopus-themed,6423,1,hotpot_vase:1
odd-shaped,6424,35,cucumber_zucchini:35
oddly,6425,25,cucumber_zucchini:25
of,6426,6768,acousticguitar_violin:2936|ambulance_firetruck:600|ant_bee:1796|cucumber_zucchini:667|hotpot_vase:769
off,6427,35,acousticguitar_violin:5|ambulance_firetruck:16|ant_bee:13|cucumber_zucchini:1
off-road,6428,19,ambulance_firetruck:19
off-white,6429,6,ant_bee:2|cucumber_zucchini:1|hotpot_vase:3
offal,6430,1,hotpot_vase:1
offered,6431,1,ant_bee:1
offering,6432,1,ambulance_firetruck:1
offers,6433,1,acousticguitar_violin:1
office,6434,16,acousticguitar_violin:9|ambulance_firetruck:1|hotpot_vase:6
officer,6435,69,ambulance_firetruck:69
officers,6436,27,ambulance_firetruck:27
official,6437,12,acousticguitar_violin:1|ambulance_firetruck:11
officials,6438,19,acousticguitar_violin:5|ambulance_firetruck:14
ohio,6439,21,ambulance_firetruck:21
oii,6440,1,hotpot_vase:1
oil,6441,144,acousticguitar_violin:6|cucumber_zucchini:76|hotpot_vase:62
oils,6442,1,hotpot_vase:1
ok,6443,1,ant_bee:1
okra,6444,33,cucumber_zucchini:33
okurku,6445,1,cucumber_zucchini:1
okurky,6446,1,cucumber_zucchini:1
old,6447,683,acousticguitar_violin:422|ambulance_firetruck:185|ant_bee:4|cucumber_zucchini:30|hotpot_vase:42
old-fashioned,6448,2,ambulance_firetruck:2
old-time,6449,2,acousticguitar_violin:2
older,6450,15,acousticguitar_violin:14|ambulance_firetruck:1
olive,6451,65,acousticguitar_violin:3|ambulance_firetruck:29|cucumber_zucchini:24|hotpot_vase:9
olive-green,6452,28,ambulance_firetruck:11|cucumber_zucchini:1|hotpot_vase:16
olives,6453,99,cucumber_zucchini:57|hotpot_vase:42
ollin,6454,5,acousticguitar_violin:5
om,6455,5,acousticguitar_violin:5
ombre,6456,1,hotpot_vase:1
omegna,6457,1,ambulance_firetruck:1
omelet,6458,4,hotpot_vase:4
omge,6459,8,ambulance_firetruck:8
omni,6460,18,ambulance_firetruck:18
on,6461,86673,acousticguitar_violin:13705|ambulance_firetruck:12619|ant_bee:38053|cucumber_zucchini:15501|hotpot_vase:6795
on-road,6462,1,ambulance_firetruck:1
on-site,6463,1,ambulance_firetruck:1
onboard,6464,9,acousticguitar_violin:2|ambulance_firetruck:7
oncology,6465,8,ambulance_firetruck:8
one,6466,2172,acousticguitar_violin:750|ambulance_firetruck:52|ant_bee:347|cucumber_zucchini:606|hotpot_vase:417
one's,6467,1,ant_bee:1
one-dollar,6468,2,cucumber_zucchini:2
one-way,6469,3,ambulance_firetruck:3
ones,6470,36,acousticguitar_violin:2|ant_bee:2|cucumber_zucchini:32
onesie,6471,4,cucumber_zucchini:4
onion,6472,177,ant_bee:7|cucumber_zucchini:157|hotpot_vase:13
onion-topped,6473,2,cucumber_zucchini:2
onions,6474,1814,cucumber_zucchini:612|hotpot_vase:1202
onions-arranged,6475,2,cucumber_zucchini:2
onions-fresh,6476,1,cucumber_zucchini:1
online,6477,1,acousticguitar_violin:1
onlooker,6478,4,ambulance_firetruck:4
onlookers,6479,53,acousticguitar_violin:5|ambulance_firetruck:48
onlus,6480,4,ambulance_firetruck:4
only,6481,1,ambulance_firetruck:1
onstage,6482,8,acousticguitar_violin:8
onto,6483,44,ambulance_firetruck:36|cucumber_zucchini:5|hotpot_vase:3
opalescent,6484,1,hotpot_vase:1
open,6485,2397,acousticguitar_violin:918|ambulance_firetruck:1366|ant_bee:35|cucumber_zucchini:32|hotpot_vase:46
open-back,6486,1,ambulance_firetruck:1
open-door,6487,1,ambulance_firetruck:1
open-doors,6488,1,ambulance_firetruck:1
open-faced,6489,28,cucumber_zucchini:28
open-top,6490,2,ambulance_firetruck:2
opened,6491,2,ant_bee:2
opening,6492,20,ant_bee:1|hotpot_vase:19
openings,6493,3,acousticguitar_violin:1|hotpot_vase:2
opens,6494,12,acousticguitar_violin:10|ambulance_firetruck:1|ant_bee:1
openwork,6495,5,hotpot_vase:5
opera,6496,2,hotpot_vase:2
operates,6497,12,ambulance_firetruck:12
operating,6498,7,ambulance_firetruck:7
operation,6499,3,ambulance_firetruck:3
operational,6500,1,ambulance_firetruck:1
operator,6501,4,ambulance_firetruck:4
opposite,6502,2,ant_bee:2
options,6503,6,acousticguitar_violin:5|cucumber_zucchini:1
or,6504,118,acousticguitar_violin:14|ambulance_firetruck:11|ant_bee:54|cucumber_zucchini:22|hotpot_vase:17
orange,6505,7809,acousticguitar_violin:495|ambulance_firetruck:4227|ant_bee:2011|cucumber_zucchini:469|hotpot_vase:607
orange-and-beige,6506,8,ambulance_firetruck:8
orange-and-black,6507,29,ant_bee:29
orange-and-cream,6508,7,ambulance_firetruck:7
orange-and-white,6509,57,ambulance_firetruck:53|hotpot_vase:4
orange-banded,6510,1,ant_bee:1
orange-beige,6511,1,ambulance_firetruck:1
orange-bellied,6512,2,ant_bee:2
orange-black,6513,44,ant_bee:44
orange-bodied,6514,1,ant_bee:1
orange-brown,6515,14,acousticguitar_violin:5|ant_bee:8|hotpot_vase:1
orange-centered,6516,1,ant_bee:1
orange-clad,6517,8,ambulance_firetruck:8
orange-cushioned,6518,1,acousticguitar_violin:1
orange-displayed,6519,1,acousticguitar_violin:1
orange-furred,6520,1,ant_bee:1
orange-haired,6521,2,acousticguitar_violin:2
orange-handled,6522,1,cucumber_zucchini:1
orange-hanging,6523,1,acousticguitar_violin:1
orange-headed,6524,9,ant_bee:9
orange-hued,6525,1,acousticguitar_violin:1
orange-jacketed,6526,1,ambulance_firetruck:1
orange-legged,6527,1,ant_bee:1
orange-lit,6528,1,ant_bee:1
orange-pink,6529,3,ant_bee:3
orange-red,6530,36,acousticguitar_violin:1|ant_bee:29|hotpot_vase:6
orange-shirt,6531,1,cucumber_zucchini:1
orange-stripe,6532,3,ambulance_firetruck:3
orange-striped,6533,25,ambulance_firetruck:25
orange-suited,6534,2,ambulance_firetruck:2
orange-tailed,6535,1,ant_bee:1
orange-thorax,6536,1,ant_bee:1
orange-tinted,6537,2,ant_bee:2
orange-tipped,6538,10,ant_bee:10
orange-uniformed,6539,4,ambulance_firetruck:4
orange-white,6540,22,ambulance_firetruck:21|hotpot_vase:1
orange-yellow,6541,119,ambulance_firetruck:5|ant_bee:81|cucumber_zucchini:6|hotpot_vase:27
oranges,6542,70,cucumber_zucchini:46|hotpot_vase:24
oranges-fresh,6543,1,cucumber_zucchini:1
orb,6544,9,ant_bee:4|hotpot_vase:5
orbs,6545,1,hotpot_vase:1
orchestra,6546,327,acousticguitar_violin:327
orchestral,6547,9,acousticguitar_violin:9
orchid,6548,67,hotpot_vase:67
orchids,6549,149,hotpot_vase:149
order,6550,8,ambulance_firetruck:6|cucumber_zucchini:2
orderly,6551,1,acousticguitar_violin:1
oregano,6552,1,cucumber_zucchini:1
organic,6553,188,ant_bee:6|cucumber_zucchini:167|hotpot_vase:15
organisms,6554,5,ant_bee:5
organized,6555,14,acousticguitar_violin:2|ambulance_firetruck:2|cucumber_zucchini:9|hotpot_vase:1
oriental,6556,2,hotpot_vase:2
orientations,6557,1,acousticguitar_violin:1
oriented,6558,2,cucumber_zucchini:2
origami,6559,38,hotpot_vase:38
original,6560,1,ant_bee:1
originals,6561,2,cucumber_zucchini:2
orli,6562,4,acousticguitar_violin:4
orn,6563,2,hotpot_vase:2
ornament,6564,4,acousticguitar_violin:2|hotpot_vase:2
ornamental,6565,6,cucumber_zucchini:1|hotpot_vase:5
ornamented,6566,1,acousticguitar_violin:1
ornaments,6567,46,acousticguitar_violin:1|ambulance_firetruck:2|hotpot_vase:43
ornate,6568,2056,acousticguitar_violin:613|ambulance_firetruck:32|ant_bee:3|cucumber_zucchini:5|hotpot_vase:1403
ornately,6569,1,acousticguitar_violin:1
oshkosh,6570,15,ambulance_firetruck:15
oslo,6571,2,ambulance_firetruck:2
oslo-akershus,6572,11,ambulance_firetruck:11
ost,6573,7,ambulance_firetruck:7
other,6574,216,acousticguitar_violin:77|ambulance_firetruck:38|ant_bee:48|cucumber_zucchini:6|hotpot_vase:47
other's,6575,1,ant_bee:1
others,6576,162,acousticguitar_violin:78|ambulance_firetruck:14|ant_bee:38|cucumber_zucchini:17|hotpot_vase:15
ottawa,6577,50,ambulance_firetruck:50
ottoman,6578,19,acousticguitar_violin:3|cucumber_zucchini:16
ouo6,6579,1,ambulance_firetruck:1
our,6580,2,ambulance_firetruck:2
out,6581,71,acousticguitar_violin:19|ambulance_firetruck:22|ant_bee:9|cucumber_zucchini:19|hotpot_vase:2
outdoor,6582,662,acousticguitar_violin:125|ambulance_firetruck:329|ant_bee:10|cucumber_zucchini:139|hotpot_vase:59
outdoors,6583,4001,acousticguitar_violin:1249|ambulance_firetruck:2267|ant_bee:76|cucumber_zucchini:263|hotpot_vase:146
outdoors-guitarist,6584,1,acousticguitar_violin:1
outfit,6585,32,acousticguitar_violin:25|ambulance_firetruck:2|cucumber_zucchini:5
outfits,6586,2,acousticguitar_violin:2
outlet,6587,34,acousticguitar_violin:4|ambulance_firetruck:8|ant_bee:20|hotpot_vase:2
outlets,6588,3,acousticguitar_violin:2|hotpot_vase:1
outline,6589,6,acousticguitar_violin:3|hotpot_vase:3
outlined,6590,2,acousticguitar_violin:2
outlines,6591,10,acousticguitar_violin:1|hotpot_vase:9
outpatient,6592,13,ambulance_firetruck:13
output,6593,1,acousticguitar_violin:1
outreach,6594,11,ambulance_firetruck:11
outside,6595,3285,acousticguitar_violin:68|ambulance_firetruck:3207|cucumber_zucchini:3|hotpot_vase:7
outstretched,6596,15,ambulance_firetruck:8|ant_bee:6|cucumber_zucchini:1
outward,6597,1,ant_bee:1
oval,6598,47,acousticguitar_violin:3|ant_bee:12|cucumber_zucchini:17|hotpot_vase:15
oval-shaped,6599,10,ant_bee:6|hotpot_vase:4
ovary,6600,1,cucumber_zucchini:1
ovation,6601,26,acousticguitar_violin:26
oven,6602,81,cucumber_zucchini:10|hotpot_vase:71
over,6603,1360,acousticguitar_violin:318|ambulance_firetruck:105|ant_bee:559|cucumber_zucchini:152|hotpot_vase:226
overalls,6604,10,acousticguitar_violin:7|ambulance_firetruck:3
overcast,6605,101,ambulance_firetruck:96|ant_bee:5
overexposed,6606,1,acousticguitar_violin:1
overflow,6607,2,cucumber_zucchini:2
overflowing,6608,9,cucumber_zucchini:9
overgrown,6609,71,ambulance_firetruck:70|cucumber_zucchini:1
overhang,6610,8,ambulance_firetruck:8
overhead,6611,41,acousticguitar_violin:2|ambulance_firetruck:29|ant_bee:3|cucumber_zucchini:7
overlaid,6612,10,acousticguitar_violin:9|ambulance_firetruck:1
overlap,6613,1,acousticguitar_violin:1
overlapping,6614,42,acousticguitar_violin:31|ant_bee:4|cucumber_zucchini:7
overlay,6615,49,acousticguitar_violin:38|ambulance_firetruck:3|ant_bee:3|hotpot_vase:5
overlaying,6616,1,acousticguitar_violin:1
overlays,6617,9,acousticguitar_violin:9
overlook,6618,4,acousticguitar_violin:3|ambulance_firetruck:1
overlooking,6619,10,acousticguitar_violin:4|ambulance_firetruck:6
overpass,6620,50,ambulance_firetruck:50
overripe,6621,5,ant_bee:3|cucumber_zucchini:2
oversize,6622,7,ambulance_firetruck:7
oversized,6623,4,ambulance_firetruck:2|ant_bee:1|cucumber_zucchini:1
overtakes,6624,1,ambulance_firetruck:1
overturned,6625,130,ambulance_firetruck:130
overwhelmed,6626,1,ant_bee:1
ovules,6627,1,cucumber_zucchini:1
ow04,6628,1,ambulance_firetruck:1
owl,6629,10,hotpot_vase:10
owls,6630,10,hotpot_vase:10
owner,6631,2,ambulance_firetruck:2
owo4,6632,1,ambulance_firetruck:1
ox,6633,2,hotpot_vase:2
oxfordshire,6634,27,ambulance_firetruck:27
oxygen,6635,8,ambulance_firetruck:8
oyster,6636,1,hotpot_vase:1
oysters,6637,27,hotpot_vase:27
ozark,6638,1,ambulance_firetruck:1
ozarks,6639,5,ambulance_firetruck:5
p,6640,1,acousticguitar_violin:1
p.a,6641,8,ambulance_firetruck:8
p.a.s,6642,2,ambulance_firetruck:2
p.n.p.s.s,6643,3,ambulance_firetruck:3
p11,6644,1,ambulance_firetruck:1
p115,6645,2,ambulance_firetruck:2
p13,6646,7,ambulance_firetruck:7
p9,6647,8,ambulance_firetruck:8
p97-122,6648,1,hotpot_vase:1
p97-124,6649,1,hotpot_vase:1
pa,6650,15,ambulance_firetruck:15
pack,6651,86,acousticguitar_violin:69|cucumber_zucchini:1|hotpot_vase:16
package,6652,13,acousticguitar_violin:5|cucumber_zucchini:8
packaged,6653,6,cucumber_zucchini:6
packaging,6654,31,acousticguitar_violin:23|ant_bee:2|cucumber_zucchini:5|hotpot_vase:1
packed,6655,63,ant_bee:13|cucumber_zucchini:49|hotpot_vase:1
packet,6656,67,cucumber_zucchini:66|hotpot_vase:1
packets,6657,1,ant_bee:1
packs,6658,4,acousticguitar_violin:1|ant_bee:3
pad,6659,26,acousticguitar_violin:7|ambulance_firetruck:13|ant_bee:6
padded,6660,2,acousticguitar_violin:2
padding,6661,4,acousticguitar_violin:3|ambulance_firetruck:1
paddle,6662,1,hotpot_vase:1
paddles,6663,1,hotpot_vase:1
pads,6664,4,ant_bee:4
page,6665,21,acousticguitar_violin:12|ant_bee:9
pages,6666,18,acousticguitar_violin:18
pagoda,6667,2,hotpot_vase:2
pagodas,6668,1,hotpot_vase:1
paint,6669,86,acousticguitar_violin:13|ambulance_firetruck:28|ant_bee:26|cucumber_zucchini:2|hotpot_vase:17
painted,6670,544,acousticguitar_violin:59|ambulance_firetruck:5|ant_bee:6|cucumber_zucchini:12|hotpot_vase:462
painted陶壶,6671,1,hotpot_vase:1
painting,6672,260,acousticguitar_violin:44|ambulance_firetruck:7|cucumber_zucchini:6|hotpot_vase:203
paintings,6673,28,acousticguitar_violin:2|hotpot_vase:26
paints,6674,1,acousticguitar_violin:1
pair,6675,29,hotpot_vase:29
paired,6676,11,hotpot_vase:11
paisley,6677,11,acousticguitar_violin:11
pajamas,6678,1,acousticguitar_violin:1
pajero,6679,1,ambulance_firetruck:1
pak,6680,5,acousticguitar_violin:5
pala,6681,6,ambulance_firetruck:6
palace,6682,4,ambulance_firetruck:4
palatine,6683,5,ambulance_firetruck:5
palck,6684,9,ambulance_firetruck:9
pale,6685,777,acousticguitar_violin:1|ambulance_firetruck:1|ant_bee:449|cucumber_zucchini:253|hotpot_vase:73
pale-tipped,6686,1,cucumber_zucchini:1
palestinian,6687,6,ambulance_firetruck:6
pallet,6688,15,acousticguitar_violin:15
pallets,6689,5,ambulance_firetruck:5
palm,6690,268,acousticguitar_violin:7|ambulance_firetruck:215|ant_bee:31|hotpot_vase:15
palm-lined,6691,10,ambulance_firetruck:5|hotpot_vase:5
palma,6692,1,ambulance_firetruck:1
palmdale,6693,1,ambulance_firetruck:1
palms,6694,1,hotpot_vase:1
palos,6695,1,ambulance_firetruck:1
pami,6696,26,ambulance_firetruck:26
pan,6697,549,cucumber_zucchini:116|hotpot_vase:433
pan-cooked,6698,3,hotpot_vase:3
pan-fried,6699,3,cucumber_zucchini:3
pancakes,6700,19,cucumber_zucchini:19
panel,6701,117,acousticguitar_violin:10|ambulance_firetruck:87|ant_bee:3|hotpot_vase:17
paneling,6702,14,acousticguitar_violin:11|hotpot_vase:3
panels,6703,46,acousticguitar_violin:11|ambulance_firetruck:12|ant_bee:5|cucumber_zucchini:9|hotpot_vase:9
panes,6704,2,acousticguitar_violin:2
pannunzio,6705,1,ambulance_firetruck:1
pans,6706,4,hotpot_vase:4
pansy,6707,29,ant_bee:29
panther,6708,1,hotpot_vase:1
panthers,6709,1,hotpot_vase:1
pants,6710,25,acousticguitar_violin:21|ambulance_firetruck:2|cucumber_zucchini:2
papaya,6711,4,cucumber_zucchini:4
paper,6712,288,acousticguitar_violin:16|ant_bee:92|cucumber_zucchini:132|hotpot_vase:48
papers,6713,13,acousticguitar_violin:10|hotpot_vase:3
papery,6714,2,ant_bee:1|cucumber_zucchini:1
parade,6715,1491,ambulance_firetruck:1491
parade-style,6716,1,ambulance_firetruck:1
parades,6717,121,ambulance_firetruck:121
parading,6718,35,ambulance_firetruck:35
paradise,6719,10,hotpot_vase:10
parakeet,6720,44,cucumber_zucchini:44
parallel,6721,12,cucumber_zucchini:12
paramedic,6722,491,ambulance_firetruck:491
paramedics,6723,486,ambulance_firetruck:486
parasites,6724,1,ant_bee:1
parasitic,6725,9,ant_bee:9
parchment,6726,31,cucumber_zucchini:31
parent,6727,2,ambulance_firetruck:2
parents,6728,1,ambulance_firetruck:1
paris,6729,36,ambulance_firetruck:36
parisian,6730,9,ambulance_firetruck:9
park,6731,264,acousticguitar_violin:100|ambulance_firetruck:164
park-goers,6732,1,acousticguitar_violin:1
park-like,6733,2,ambulance_firetruck:2
parked,6734,17205,ambulance_firetruck:17201|ant_bee:4
parking,6735,132,acousticguitar_violin:2|ambulance_firetruck:130
parmesan,6736,25,cucumber_zucchini:25
parrot,6737,2,cucumber_zucchini:2
parsley,6738,98,cucumber_zucchini:45|hotpot_vase:53
parsnip,6739,2,cucumber_zucchini:2
part,6740,6,acousticguitar_violin:2|ant_bee:3|cucumber_zucchini:1
partial,6741,4,acousticguitar_violin:2|hotpot_vase:2
partially,6742,33,acousticguitar_violin:5|ambulance_firetruck:4|ant_bee:8|cucumber_zucchini:12|hotpot_vase:4
participants,6743,3,ambulance_firetruck:3
particle,6744,28,ant_bee:28
particles,6745,8,ant_bee:8
parties,6746,7,ambulance_firetruck:7
partition,6747,7,hotpot_vase:7
partly,6748,2,ambulance_firetruck:1|ant_bee:1
partner,6749,2,acousticguitar_violin:2
parts,6750,101,acousticguitar_violin:98|ambulance_firetruck:2|cucumber_zucchini:1
party,6751,37,acousticguitar_violin:16|ambulance_firetruck:18|hotpot_vase:3
pasadena,6752,7,ambulance_firetruck:7
pass,6753,13,acousticguitar_violin:6|ambulance_firetruck:7
passage,6754,1,ant_bee:1
passenger,6755,12,ambulance_firetruck:11|cucumber_zucchini:1
passengers,6756,98,ambulance_firetruck:98
passerby,6757,2,acousticguitar_violin:2
passersby,6758,6,acousticguitar_violin:6
passes,6759,7,ambulance_firetruck:7
passing,6760,25,ambulance_firetruck:25
passion,6761,64,acousticguitar_violin:64
passionate,6762,101,acousticguitar_violin:101
passionately,6763,428,acousticguitar_violin:428
passionflower,6764,151,ant_bee:151
passionflowers,6765,2,ant_bee:2
passport,6766,12,acousticguitar_violin:12
passport-style,6767,2,acousticguitar_violin:2
past,6768,165,acousticguitar_violin:1|ambulance_firetruck:164
pasta,6769,164,cucumber_zucchini:119|hotpot_vase:45
paste,6770,9,cucumber_zucchini:2|hotpot_vase:7
pastel,6771,12,acousticguitar_violin:1|ambulance_firetruck:4|ant_bee:1|hotpot_vase:6
pastoral,6772,1,hotpot_vase:1
patch,6773,45,acousticguitar_violin:20|ant_bee:17|cucumber_zucchini:7|hotpot_vase:1
patches,6774,39,acousticguitar_violin:4|ant_bee:28|cucumber_zucchini:2|hotpot_vase:5
patchy,6775,3,acousticguitar_violin:3
patent,6776,2,acousticguitar_violin:2
patented,6777,15,acousticguitar_violin:15
path,6778,146,acousticguitar_violin:7|ambulance_firetruck:55|ant_bee:60|cucumber_zucchini:24
pathway,6779,5,ambulance_firetruck:4|ant_bee:1
patient,6780,435,ambulance_firetruck:435
patients,6781,4,ambulance_firetruck:4
patina,6782,62,acousticguitar_violin:15|hotpot_vase:47
patina-covered,6783,1,hotpot_vase:1
patio,6784,105,acousticguitar_violin:52|ambulance_firetruck:1|ant_bee:1|cucumber_zucchini:25|hotpot_vase:26
patrick's,6785,5,ambulance_firetruck:5
patriot,6786,2,ambulance_firetruck:2
patriotic,6787,35,acousticguitar_violin:5|ambulance_firetruck:30
patrol,6788,20,ambulance_firetruck:20
patrons,6789,4,acousticguitar_violin:4
pattern,6790,784,acousticguitar_violin:29|ambulance_firetruck:77|ant_bee:29|cucumber_zucchini:59|hotpot_vase:590
patterned,6791,1189,acousticguitar_violin:508|ambulance_firetruck:5|ant_bee:25|cucumber_zucchini:193|hotpot_vase:458
patterns,6792,1732,acousticguitar_violin:27|ambulance_firetruck:8|ant_bee:17|cucumber_zucchini:9|hotpot_vase:1671
patties,6793,4,cucumber_zucchini:4
patty,6794,2,cucumber_zucchini:2
pattypan,6795,1,cucumber_zucchini:1
paul,6796,20,acousticguitar_violin:20
pause,6797,2,ambulance_firetruck:2
paved,6798,73,ambulance_firetruck:69|ant_bee:1|hotpot_vase:3
pavement,6799,588,acousticguitar_violin:37|ambulance_firetruck:229|ant_bee:270|cucumber_zucchini:51|hotpot_vase:1
pavers,6800,4,ant_bee:4
pavilion,6801,1,acousticguitar_violin:1
paw,6802,15,ambulance_firetruck:3|hotpot_vase:12
paws,6803,8,acousticguitar_violin:2|ant_bee:6
payless,6804,1,ambulance_firetruck:1
payload,6805,1,ant_bee:1
pb,6806,2,ambulance_firetruck:2
pb01aa,6807,2,ambulance_firetruck:2
pea,6808,30,cucumber_zucchini:27|hotpot_vase:3
peace,6809,32,acousticguitar_violin:31|hotpot_vase:1
peace-and-love,6810,1,acousticguitar_violin:1
peace-loving,6811,1,acousticguitar_violin:1
peace-themed,6812,4,acousticguitar_violin:4
peaceful,6813,9,acousticguitar_violin:8|ant_bee:1
peacefully,6814,3,cucumber_zucchini:3
peach,6815,36,acousticguitar_violin:2|ant_bee:28|hotpot_vase:6
peach-toned,6816,1,hotpot_vase:1
peaches,6817,75,acousticguitar_violin:1|cucumber_zucchini:73|hotpot_vase:1
peacock,6818,42,hotpot_vase:42
peacock-adorned,6819,2,hotpot_vase:2
peacock-decorated,6820,3,hotpot_vase:3
peacock-patterned,6821,4,hotpot_vase:4
peaks,6822,3,ambulance_firetruck:3
peanut,6823,10,cucumber_zucchini:9|hotpot_vase:1
peanuts,6824,56,cucumber_zucchini:42|hotpot_vase:14
pear,6825,11,ant_bee:2|cucumber_zucchini:9
pear-shaped,6826,8,acousticguitar_violin:3|hotpot_vase:5
pearl,6827,156,acousticguitar_violin:152|hotpot_vase:4
pearl-inlaid,6828,1,acousticguitar_violin:1
pearlescent,6829,1,acousticguitar_violin:1
pearls,6830,1,hotpot_vase:1
pears,6831,20,cucumber_zucchini:20
peas,6832,228,cucumber_zucchini:84|hotpot_vase:144
pebble,6833,1,hotpot_vase:1
pebble-like,6834,1,hotpot_vase:1
pebble-pattern,6835,1,hotpot_vase:1
pebbled,6836,19,acousticguitar_violin:1|ant_bee:16|cucumber_zucchini:2
pebbles,6837,88,acousticguitar_violin:9|ant_bee:38|hotpot_vase:41
pecan,6838,1,cucumber_zucchini:1
pecans,6839,17,cucumber_zucchini:17
peckville,6840,1,ambulance_firetruck:1
pedal,6841,14,acousticguitar_violin:14
pedals,6842,5,acousticguitar_violin:5
pedestal,6843,108,acousticguitar_violin:23|hotpot_vase:85
pedestals,6844,25,hotpot_vase:25
pedestrian,6845,76,ambulance_firetruck:76
pedestrians,6846,186,acousticguitar_violin:3|ambulance_firetruck:183
pediatric,6847,16,ambulance_firetruck:16
pediatrico,6848,1,ambulance_firetruck:1
peek,6849,1,ant_bee:1
peeking,6850,50,acousticguitar_violin:10|ambulance_firetruck:1|ant_bee:15|cucumber_zucchini:23|hotpot_vase:1
peeks,6851,15,ant_bee:2|cucumber_zucchini:8|hotpot_vase:5
peel,6852,117,ant_bee:101|cucumber_zucchini:16
peeled,6853,48,ant_bee:1|cucumber_zucchini:47
peeler,6854,176,cucumber_zucchini:176
peeling,6855,107,acousticguitar_violin:10|ambulance_firetruck:3|ant_bee:17|cucumber_zucchini:71|hotpot_vase:6
peelings,6856,2,cucumber_zucchini:2
peering,6857,2,ant_bee:2
peers,6858,38,acousticguitar_violin:24|ant_bee:7|cucumber_zucchini:4|hotpot_vase:3
peg,6859,3,acousticguitar_violin:3
pegaso,6860,12,ambulance_firetruck:12
pegasus,6861,1,hotpot_vase:1
pegboard,6862,18,acousticguitar_violin:18
pegbox,6863,10,acousticguitar_violin:10
pegs,6864,1115,acousticguitar_violin:1115
pellet,6865,1,ant_bee:1
pellets,6866,3,cucumber_zucchini:3
pen,6867,4,acousticguitar_violin:1|ant_bee:1|hotpot_vase:2
pencil,6868,12,hotpot_vase:12
pendant,6869,77,acousticguitar_violin:24|cucumber_zucchini:19|hotpot_vase:34
penguin,6870,38,acousticguitar_violin:18|hotpot_vase:20
penguin-shaped,6871,2,acousticguitar_violin:2
penne,6872,2,hotpot_vase:2
pennington,6873,15,ambulance_firetruck:15
pennsylvania,6874,1,ambulance_firetruck:1
pennsylvanicus,6875,3,ant_bee:3
penny,6876,48,acousticguitar_violin:12|ant_bee:36
pens,6877,3,hotpot_vase:3
pensacola,6878,10,ambulance_firetruck:10
pensive,6879,1,acousticguitar_violin:1
peonies,6880,62,hotpot_vase:62
peony,6881,146,ant_bee:142|hotpot_vase:4
people,6882,1285,acousticguitar_violin:119|ambulance_firetruck:984|ant_bee:7|cucumber_zucchini:39|hotpot_vase:136
pepper,6883,298,ambulance_firetruck:4|cucumber_zucchini:291|hotpot_vase:3
peppercorns,6884,15,cucumber_zucchini:7|hotpot_vase:8
pepperoni,6885,5,cucumber_zucchini:5
peppers,6886,1213,cucumber_zucchini:959|hotpot_vase:254
peppers-arranged,6887,1,cucumber_zucchini:1
peppers-in,6888,2,cucumber_zucchini:2
peppers-on,6889,3,cucumber_zucchini:3
pepsi,6890,3,hotpot_vase:3
per,6891,35,ambulance_firetruck:4|cucumber_zucchini:31
perast,6892,8,ambulance_firetruck:8
perch,6893,5,acousticguitar_violin:1|ant_bee:3|hotpot_vase:1
perched,6894,1627,acousticguitar_violin:3|ant_bee:1595|cucumber_zucchini:27|hotpot_vase:2
perches,6895,797,ant_bee:779|cucumber_zucchini:18
percussion,6896,9,acousticguitar_violin:9
perfection,6897,3,acousticguitar_violin:1|cucumber_zucchini:1|hotpot_vase:1
perfectly,6898,1,cucumber_zucchini:1
perforated,6899,17,acousticguitar_violin:3|cucumber_zucchini:1|hotpot_vase:13
perform,6900,349,acousticguitar_violin:349
performance,6901,415,acousticguitar_violin:413|ambulance_firetruck:2
performer,6902,63,acousticguitar_violin:62|ambulance_firetruck:1
performers,6903,12,acousticguitar_violin:12
performing,6904,628,acousticguitar_violin:613|ambulance_firetruck:15
performs,6905,225,acousticguitar_violin:218|ambulance_firetruck:7
perfume,6906,9,hotpot_vase:9
pergola,6907,5,ambulance_firetruck:5
period,6908,28,acousticguitar_violin:28
periodic,6909,1,acousticguitar_violin:1
perrier,6910,2,hotpot_vase:2
perry,6911,13,ambulance_firetruck:13
person,6912,1090,acousticguitar_violin:581|ambulance_firetruck:230|ant_bee:3|cucumber_zucchini:191|hotpot_vase:85
person's,6913,23,acousticguitar_violin:9|ant_bee:4|cucumber_zucchini:10
personal,6914,5,acousticguitar_violin:4|ant_bee:1
personalized,6915,44,acousticguitar_violin:18|ambulance_firetruck:1|cucumber_zucchini:4|hotpot_vase:21
personnel,6916,187,ambulance_firetruck:187
persontransport,6917,1,ambulance_firetruck:1
perspective,6918,1,acousticguitar_violin:1
perspectives,6919,1,acousticguitar_violin:1
peru,6920,13,ambulance_firetruck:13
pest,6921,2,ant_bee:2
pesto,6922,20,cucumber_zucchini:20
pests,6923,2,ant_bee:2
pet,6924,40,ambulance_firetruck:40
petal,6925,827,ant_bee:826|cucumber_zucchini:1
petal-like,6926,2,hotpot_vase:2
petals,6927,754,acousticguitar_violin:21|ant_bee:669|cucumber_zucchini:42|hotpot_vase:22
peter,6928,5,acousticguitar_violin:5
petersburg,6929,11,ambulance_firetruck:11
pews,6930,7,acousticguitar_violin:7
pflugerville,6931,21,acousticguitar_violin:8|ambulance_firetruck:13
phallic,6932,1,cucumber_zucchini:1
phallus,6933,1,cucumber_zucchini:1
pharmacy,6934,8,ambulance_firetruck:8
philadelphia,6935,17,ambulance_firetruck:17
phillips,6936,1,ant_bee:1
pho,6937,7,hotpot_vase:7
phoenix,6938,80,acousticguitar_violin:20|ambulance_firetruck:9|hotpot_vase:51
phoenixes,6939,6,hotpot_vase:6
phone,6940,21,ambulance_firetruck:9|cucumber_zucchini:1|hotpot_vase:11
photo,6941,316,acousticguitar_violin:190|ambulance_firetruck:57|ant_bee:51|cucumber_zucchini:10|hotpot_vase:8
photo-covered,6942,2,acousticguitar_violin:2
photograph,6943,6,acousticguitar_violin:1|ambulance_firetruck:3|hotpot_vase:2
photographed,6944,3,acousticguitar_violin:2|ant_bee:1
photographer,6945,3,ambulance_firetruck:3
photographing,6946,1,cucumber_zucchini:1
photographs,6947,4,ambulance_firetruck:1|cucumber_zucchini:3
photography,6948,28,acousticguitar_violin:21|ant_bee:2|cucumber_zucchini:5
photos,6949,72,acousticguitar_violin:46|ambulance_firetruck:5|ant_bee:1|cucumber_zucchini:6|hotpot_vase:14
physics,6950,14,acousticguitar_violin:14
"physics""-a",6951,1,acousticguitar_violin:1
physics-humorous,6952,1,acousticguitar_violin:1
pi15,6953,3,ambulance_firetruck:3
pianist,6954,108,acousticguitar_violin:108
pianists,6955,24,acousticguitar_violin:24
piano,6956,242,acousticguitar_violin:241|ambulance_firetruck:1
pianos,6957,1,acousticguitar_violin:1
pick,6958,83,acousticguitar_violin:83
picked,6959,2,cucumber_zucchini:2
pickering,6960,10,ambulance_firetruck:10
pickguard,6961,2975,acousticguitar_violin:2975
pickguards,6962,11,acousticguitar_violin:11
picking,6963,8,cucumber_zucchini:8
pickle,6964,38,cucumber_zucchini:38
pickled,6965,248,cucumber_zucchini:248
pickled瓜,6966,1,cucumber_zucchini:1
pickles,6967,186,cucumber_zucchini:183|hotpot_vase:3
pickling,6968,27,cucumber_zucchini:27
picks,6969,125,acousticguitar_violin:118|cucumber_zucchini:7
pickup,6970,232,acousticguitar_violin:150|ambulance_firetruck:82
pickups,6971,37,acousticguitar_violin:36|ambulance_firetruck:1
picnic,6972,32,acousticguitar_violin:22|ambulance_firetruck:8|cucumber_zucchini:1|hotpot_vase:1
picture,6973,2,acousticguitar_violin:1|hotpot_vase:1
pictured,6974,2,ambulance_firetruck:1|cucumber_zucchini:1
pie,6975,1,hotpot_vase:1
piece,6976,78,acousticguitar_violin:4|ant_bee:54|cucumber_zucchini:9|hotpot_vase:11
pieces,6977,217,ant_bee:58|cucumber_zucchini:126|hotpot_vase:33
pier,6978,7,ambulance_firetruck:7
pierce,6979,13,ambulance_firetruck:13
pierogi,6980,9,cucumber_zucchini:9
pierogies,6981,5,cucumber_zucchini:5
pig,6982,22,hotpot_vase:22
pig-shaped,6983,1,hotpot_vase:1
piggy,6984,1,hotpot_vase:1
pigs,6985,28,cucumber_zucchini:17|hotpot_vase:11
pii5,6986,1,ambulance_firetruck:1
pile,6987,50,ant_bee:9|cucumber_zucchini:41
piled,6988,2752,ambulance_firetruck:3|ant_bee:3|cucumber_zucchini:2746
piles,6989,9,ambulance_firetruck:6|cucumber_zucchini:3
pillar,6990,1,acousticguitar_violin:1
pillars,6991,1,hotpot_vase:1
pillow,6992,11,acousticguitar_violin:11
pillows,6993,17,acousticguitar_violin:7|hotpot_vase:10
pilosula,6994,5,ant_bee:5
pilot,6995,11,ambulance_firetruck:11
pin,6996,33,acousticguitar_violin:30|ant_bee:3
pin-up,6997,3,acousticguitar_violin:3
pincers,6998,4,ant_bee:4
pinchas,6999,5,acousticguitar_violin:5
pine,7000,157,acousticguitar_violin:3|ambulance_firetruck:21|ant_bee:94|cucumber_zucchini:8|hotpot_vase:31
pineapple,7001,52,ant_bee:20|cucumber_zucchini:6|hotpot_vase:26
pinecone,7002,59,ant_bee:22|hotpot_vase:37
pinecone-decorated,7003,1,hotpot_vase:1
pinecone-patterned,7004,1,hotpot_vase:1
pinecones,7005,32,ant_bee:1|cucumber_zucchini:10|hotpot_vase:21
pineville,7006,14,ambulance_firetruck:14
pink,7007,8524,acousticguitar_violin:641|ambulance_firetruck:170|ant_bee:5997|cucumber_zucchini:132|hotpot_vase:1584
pink-and-green,7008,7,ant_bee:7
pink-and-white,7009,17,ant_bee:13|cucumber_zucchini:3|hotpot_vase:1
pink-and-yellow,7010,2,ant_bee:2
pink-flowering,7011,1,hotpot_vase:1
pink-glazed,7012,2,hotpot_vase:2
pink-gold,7013,1,ant_bee:1
pink-green,7014,15,ant_bee:15
pink-haired,7015,5,acousticguitar_violin:5
pink-hued,7016,1,ant_bee:1
pink-in,7017,1,acousticguitar_violin:1
pink-lined,7018,5,acousticguitar_violin:1|cucumber_zucchini:2|hotpot_vase:2
pink-orange,7019,1,ant_bee:1
pink-polka-dot,7020,1,acousticguitar_violin:1
pink-polka-dotted,7021,2,acousticguitar_violin:2
pink-purple,7022,7,ant_bee:7
pink-rimmed,7023,3,cucumber_zucchini:2|hotpot_vase:1
pink-stemmed,7024,1,ant_bee:1
pink-streaked,7025,1,hotpot_vase:1
pink-striped,7026,4,hotpot_vase:4
pink-tiled,7027,1,acousticguitar_violin:1
pink-tinted,7028,3,ambulance_firetruck:1|ant_bee:2
pink-tipped,7029,2,ant_bee:2
pink-veined,7030,1,ant_bee:1
pink-white,7031,53,ant_bee:49|cucumber_zucchini:4
pink-yellow,7032,19,ant_bee:19
pink/purple,7033,1,hotpot_vase:1
pinkish,7034,27,ant_bee:24|cucumber_zucchini:2|hotpot_vase:1
pinkish-brown,7035,3,ant_bee:3
pinkish-red,7036,2,ant_bee:2
pinned,7037,67,acousticguitar_violin:1|ant_bee:66
pins,7038,44,acousticguitar_violin:44
pinto,7039,1,cucumber_zucchini:1
pipe,7040,57,ant_bee:53|cucumber_zucchini:4
pipes,7041,10,ambulance_firetruck:4|ant_bee:6
piping,7042,3,acousticguitar_violin:3
pirate,7043,1,acousticguitar_violin:1
pirate-style,7044,1,acousticguitar_violin:1
pistoia,7045,1,ambulance_firetruck:1
pita,7046,51,cucumber_zucchini:51
pitcher,7047,422,ant_bee:19|cucumber_zucchini:20|hotpot_vase:383
pitcher-plant,7048,1,ant_bee:1
pitchers,7049,7,hotpot_vase:7
pixelated,7050,47,acousticguitar_violin:14|ant_bee:15|hotpot_vase:18
pizza,7051,118,ambulance_firetruck:13|cucumber_zucchini:105
pizzeria,7052,13,ambulance_firetruck:13
place,7053,8,ant_bee:5|hotpot_vase:3
placed,7054,68,acousticguitar_violin:7|ant_bee:4|cucumber_zucchini:3|hotpot_vase:54
placeholder,7055,18,ant_bee:18
placemat,7056,20,cucumber_zucchini:9|hotpot_vase:11
places,7057,1,hotpot_vase:1
placing,7058,1,hotpot_vase:1
plaid,7059,151,acousticguitar_violin:115|ambulance_firetruck:6|cucumber_zucchini:20|hotpot_vase:10
plain,7060,75,acousticguitar_violin:40|ambulance_firetruck:2|ant_bee:2|cucumber_zucchini:23|hotpot_vase:8
plan,7061,15,ambulance_firetruck:15
plane,7062,33,ambulance_firetruck:33
plane's,7063,1,ambulance_firetruck:1
planet-patterned,7064,6,acousticguitar_violin:6
planets,7065,1,acousticguitar_violin:1
plank,7066,27,acousticguitar_violin:1|ant_bee:7|cucumber_zucchini:19
planks,7067,81,acousticguitar_violin:11|ant_bee:29|cucumber_zucchini:35|hotpot_vase:6
planning,7068,1,ambulance_firetruck:1
plant,7069,2608,acousticguitar_violin:59|ambulance_firetruck:2|ant_bee:1514|cucumber_zucchini:765|hotpot_vase:268
plant-design,7070,1,hotpot_vase:1
plant-filled,7071,3,acousticguitar_violin:3
planter,7072,83,acousticguitar_violin:1|cucumber_zucchini:58|hotpot_vase:24
planters,7073,30,hotpot_vase:30
plants,7074,345,acousticguitar_violin:14|ambulance_firetruck:3|ant_bee:38|cucumber_zucchini:174|hotpot_vase:116
plaque,7075,12,acousticguitar_violin:9|ambulance_firetruck:2|hotpot_vase:1
plaques,7076,4,acousticguitar_violin:1|hotpot_vase:3
plastic,7077,277,acousticguitar_violin:1|ambulance_firetruck:12|ant_bee:111|cucumber_zucchini:124|hotpot_vase:29
plastic-wrapped,7078,6,ambulance_firetruck:1|cucumber_zucchini:5
plate,7079,2233,acousticguitar_violin:4|ambulance_firetruck:136|ant_bee:29|cucumber_zucchini:1931|hotpot_vase:133
plated,7080,18,cucumber_zucchini:18
plates,7081,101,acousticguitar_violin:2|cucumber_zucchini:51|hotpot_vase:48
platform,7082,17,acousticguitar_violin:5|ambulance_firetruck:11|hotpot_vase:1
plating,7083,1,hotpot_vase:1
plattemouth,7084,2,ambulance_firetruck:2
platter,7085,123,acousticguitar_violin:1|cucumber_zucchini:110|hotpot_vase:12
plattsburgh,7086,10,ambulance_firetruck:10
plattsmouth,7087,18,ambulance_firetruck:18
play,7088,489,acousticguitar_violin:445|ambulance_firetruck:42|cucumber_zucchini:2
playback,7089,1,ant_bee:1
played,7090,12,acousticguitar_violin:12
player,7091,24,acousticguitar_violin:8|ambulance_firetruck:14|ant_bee:2
playerpac,7092,17,acousticguitar_violin:17
players,7093,15,acousticguitar_violin:4|ambulance_firetruck:11
playful,7094,85,acousticguitar_violin:18|ambulance_firetruck:1|ant_bee:2|cucumber_zucchini:59|hotpot_vase:5
playfully,7095,46,ambulance_firetruck:5|cucumber_zucchini:40|hotpot_vase:1
playground,7096,34,ambulance_firetruck:34
playhouse,7097,1,ambulance_firetruck:1
playing,7098,9412,acousticguitar_violin:9382|ambulance_firetruck:29|hotpot_vase:1
playmate,7099,6,acousticguitar_violin:6
playmobil,7100,17,ambulance_firetruck:17
playroom,7101,11,ambulance_firetruck:11
plays,7102,3206,acousticguitar_violin:3187|ambulance_firetruck:19
playset,7103,2,ambulance_firetruck:2
playtime,7104,3,acousticguitar_violin:1|ambulance_firetruck:2
plaza,7105,38,acousticguitar_violin:5|ambulance_firetruck:30|hotpot_vase:3
plectrums,7106,4,acousticguitar_violin:4
plentiful,7107,1,cucumber_zucchini:1
pliers,7108,5,ant_bee:5
pluck,7109,2,acousticguitar_violin:2
plucked,7110,1,acousticguitar_violin:1
plucking,7111,10,acousticguitar_violin:10
plucks,7112,3,acousticguitar_violin:3
plug,7113,4,hotpot_vase:4
plugged,7114,7,acousticguitar_violin:7
plum,7115,7,hotpot_vase:7
plume,7116,9,ambulance_firetruck:9
plump,7117,6,cucumber_zucchini:6
plums,7118,15,acousticguitar_violin:1|cucumber_zucchini:14
plush,7119,61,acousticguitar_violin:37|ambulance_firetruck:2|hotpot_vase:22
plush-lined,7120,4,acousticguitar_violin:4
plushie,7121,11,hotpot_vase:11
plymouth,7122,13,ambulance_firetruck:13
pmt,7123,20,ambulance_firetruck:20
pnp.s.s,7124,1,ambulance_firetruck:1
poached,7125,1,hotpot_vase:1
pockets,7126,1,ant_bee:1
poco,7127,11,acousticguitar_violin:11
pod,7128,36,ambulance_firetruck:1|ant_bee:25|cucumber_zucchini:9|hotpot_vase:1
pod-rest,7129,3,cucumber_zucchini:3
podium,7130,1,ambulance_firetruck:1
pods,7131,14,ant_bee:1|cucumber_zucchini:4|hotpot_vase:9
poetic,7132,9,hotpot_vase:9
poinsett,7133,12,cucumber_zucchini:12
poinsettia,7134,13,ant_bee:13
point,7135,1,ant_bee:1
pointed,7136,14,acousticguitar_violin:9|ant_bee:1|hotpot_vase:4
pointing,7137,19,acousticguitar_violin:6|ambulance_firetruck:2|ant_bee:1|cucumber_zucchini:10
points,7138,19,acousticguitar_violin:4|ant_bee:14|cucumber_zucchini:1
poise,7139,4,acousticguitar_violin:4
poised,7140,57,acousticguitar_violin:42|ant_bee:11|hotpot_vase:4
pole,7141,71,ambulance_firetruck:11|ant_bee:60
pole-urban,7142,1,ambulance_firetruck:1
poles,7143,11,ambulance_firetruck:5|cucumber_zucchini:6
police,7144,399,acousticguitar_violin:19|ambulance_firetruck:380
police-style,7145,1,ambulance_firetruck:1
police-themed,7146,1,ambulance_firetruck:1
polish,7147,1,cucumber_zucchini:1
polished,7148,2009,acousticguitar_violin:1903|ambulance_firetruck:7|cucumber_zucchini:5|hotpot_vase:94
political,7149,2,acousticguitar_violin:2
polizei,7150,1,acousticguitar_violin:1
polka,7151,41,acousticguitar_violin:8|hotpot_vase:33
polka-dot,7152,31,acousticguitar_violin:17|ambulance_firetruck:5|cucumber_zucchini:8|hotpot_vase:1
polka-dots,7153,1,acousticguitar_violin:1
polka-dotted,7154,10,acousticguitar_violin:5|cucumber_zucchini:3|hotpot_vase:2
pollen,7155,3033,ant_bee:3033
pollen-covered,7156,57,ant_bee:57
pollen-dusted,7157,11,ant_bee:11
pollen-laden,7158,26,ant_bee:26
pollen-loaded,7159,1,ant_bee:1
pollen-rich,7160,7,ant_bee:7
pollinate,7161,537,ant_bee:537
pollinated,7162,3,ant_bee:3
pollinates,7163,755,ant_bee:754|cucumber_zucchini:1
pollinating,7164,3613,ant_bee:3610|cucumber_zucchini:3
pollination,7165,470,ant_bee:470
polo,7166,2,acousticguitar_violin:2
polygonal,7167,4,hotpot_vase:4
polymer,7168,1,hotpot_vase:1
pom-pom,7169,19,hotpot_vase:19
pom-poms,7170,1,hotpot_vase:1
pomoć,7171,4,ambulance_firetruck:4
pompano,7172,14,ambulance_firetruck:14
pompiers,7173,9,ambulance_firetruck:9
pond,7174,5,acousticguitar_violin:2|ant_bee:2|hotpot_vase:1
ponderosa,7175,1,ambulance_firetruck:1
pong,7176,19,cucumber_zucchini:19
ponsacco,7177,7,ambulance_firetruck:7
ponytail,7178,6,acousticguitar_violin:4|cucumber_zucchini:2
pooh,7179,4,acousticguitar_violin:4
pool,7180,32,acousticguitar_violin:29|ant_bee:1|hotpot_vase:2
poolside,7181,11,acousticguitar_violin:11
poops,7182,1,hotpot_vase:1
pop-art,7183,1,hotpot_vase:1
popcorn,7184,20,ant_bee:20
poppies,7185,15,hotpot_vase:15
poppy,7186,106,ant_bee:99|cucumber_zucchini:6|hotpot_vase:1
poppy-seed,7187,5,cucumber_zucchini:5
por,7188,1,hotpot_vase:1
porcelain,7189,1330,hotpot_vase:1330
porch,7190,95,acousticguitar_violin:69|ambulance_firetruck:4|cucumber_zucchini:9|hotpot_vase:13
pores,7191,1,cucumber_zucchini:1
pork,7192,190,cucumber_zucchini:1|hotpot_vase:189
porous,7193,19,ant_bee:19
porridge,7194,5,hotpot_vase:5
port,7195,22,ambulance_firetruck:22
portable,7196,157,hotpot_vase:157
porte,7197,10,ambulance_firetruck:10
porter,7198,18,ambulance_firetruck:18
portion,7199,2,ant_bee:1|hotpot_vase:1
portland,7200,25,ambulance_firetruck:25
portrait,7201,140,acousticguitar_violin:133|hotpot_vase:7
portraits,7202,27,acousticguitar_violin:13|hotpot_vase:14
ports,7203,1,acousticguitar_violin:1
portsmouth,7204,2,ambulance_firetruck:2
pose,7205,315,acousticguitar_violin:75|ambulance_firetruck:239|hotpot_vase:1
posed,7206,12,acousticguitar_violin:7|ambulance_firetruck:4|ant_bee:1
poses,7207,121,acousticguitar_violin:29|ambulance_firetruck:84|cucumber_zucchini:2|hotpot_vase:6
posing,7208,182,acousticguitar_violin:28|ambulance_firetruck:138|cucumber_zucchini:7|hotpot_vase:9
position,7209,7,acousticguitar_violin:7
positioned,7210,2,acousticguitar_violin:2
positioning,7211,1,acousticguitar_violin:1
positions,7212,3,acousticguitar_violin:3
possibly,7213,28,acousticguitar_violin:2|ambulance_firetruck:3|ant_bee:17|cucumber_zucchini:3|hotpot_vase:3
post,7214,46,ant_bee:34|hotpot_vase:12
post-crash,7215,2,ambulance_firetruck:2
poster,7216,67,acousticguitar_violin:65|ambulance_firetruck:2
poster-covered,7217,2,acousticguitar_violin:2
posters,7218,47,acousticguitar_violin:47
posts,7219,4,acousticguitar_violin:2|ambulance_firetruck:2
posture,7220,2,ant_bee:2
pot,7221,470,acousticguitar_violin:9|ant_bee:10|cucumber_zucchini:161|hotpot_vase:290
potato,7222,163,cucumber_zucchini:8|hotpot_vase:155
potato-topped,7223,28,hotpot_vase:28
potatoes,7224,1219,cucumber_zucchini:159|hotpot_vase:1060
potatoes-in,7225,1,cucumber_zucchini:1
pothos,7226,2,hotpot_vase:2
potluck,7227,9,hotpot_vase:9
pots,7228,233,cucumber_zucchini:8|hotpot_vase:225
potted,7229,118,acousticguitar_violin:11|cucumber_zucchini:22|hotpot_vase:85
potter's,7230,1,hotpot_vase:1
pottery,7231,297,hotpot_vase:297
pound,7232,12,cucumber_zucchini:12
pounds,7233,8,cucumber_zucchini:8
poured,7234,5,hotpot_vase:5
pouring,7235,4,cucumber_zucchini:1|hotpot_vase:3
pours,7236,6,hotpot_vase:6
powder,7237,3,ant_bee:3
powdery,7238,2,ant_bee:1|cucumber_zucchini:1
power,7239,12,acousticguitar_violin:1|ambulance_firetruck:6|ant_bee:4|hotpot_vase:1
powerful,7240,4,ant_bee:4
pr*med,7241,17,ambulance_firetruck:17
practice,7242,13,acousticguitar_violin:13
practices,7243,1,acousticguitar_violin:1
practicing,7244,32,acousticguitar_violin:32
praga,7245,19,acousticguitar_violin:19
praniazione,7246,1,ambulance_firetruck:1
prato,7247,1,ambulance_firetruck:1
prawn,7248,3,hotpot_vase:3
prawns,7249,9,hotpot_vase:9
prayer,7250,1,hotpot_vase:1
praying,7251,14,ant_bee:14
preamp,7252,21,acousticguitar_violin:21
precision,7253,36,acousticguitar_violin:35|ant_bee:1
predation,7254,4,ant_bee:4
predator,7255,11,ant_bee:11
predator-prey,7256,3,ant_bee:3
predatory,7257,10,ant_bee:10
preferably,7258,1,ant_bee:1
premiato,7259,5,acousticguitar_violin:5
premium,7260,3,acousticguitar_violin:3
prep,7261,34,cucumber_zucchini:32|hotpot_vase:2
preparation,7262,9,cucumber_zucchini:7|hotpot_vase:2
prepare,7263,7,ambulance_firetruck:7
prepared,7264,10,ambulance_firetruck:1|cucumber_zucchini:8|hotpot_vase:1
prepares,7265,8,ambulance_firetruck:6|hotpot_vase:2
preparing,7266,66,acousticguitar_violin:5|ambulance_firetruck:38|ant_bee:2|cucumber_zucchini:9|hotpot_vase:12
prepped,7267,2,cucumber_zucchini:2
prepping,7268,1,ambulance_firetruck:1
presence,7269,2,ambulance_firetruck:2
present,7270,62,ambulance_firetruck:58|ant_bee:4
presentation,7271,19,acousticguitar_violin:4|ambulance_firetruck:1|cucumber_zucchini:8|hotpot_vase:6
presented,7272,4,ambulance_firetruck:2|cucumber_zucchini:1|hotpot_vase:1
presents,7273,11,acousticguitar_violin:8|hotpot_vase:3
preservation,7274,3,ant_bee:2|cucumber_zucchini:1
preserved,7275,42,ant_bee:38|cucumber_zucchini:4
preserves,7276,5,cucumber_zucchini:5
preserving,7277,1,cucumber_zucchini:1
presley,7278,21,acousticguitar_violin:21
presley-themed,7279,7,acousticguitar_violin:7
press,7280,2,acousticguitar_violin:2
pressed,7281,2,cucumber_zucchini:2
presses,7282,2,acousticguitar_violin:1|cucumber_zucchini:1
pressing,7283,38,acousticguitar_violin:36|cucumber_zucchini:2
pressure,7284,4,ambulance_firetruck:1|hotpot_vase:3
pretending,7285,1,ambulance_firetruck:1
prey,7286,291,ant_bee:291
preys,7287,6,ant_bee:6
price,7288,150,acousticguitar_violin:64|ambulance_firetruck:18|cucumber_zucchini:62|hotpot_vase:6
priced,7289,92,acousticguitar_violin:19|cucumber_zucchini:73
prices,7290,2,acousticguitar_violin:1|cucumber_zucchini:1
prickly,7291,1,cucumber_zucchini:1
pride,7292,6,ambulance_firetruck:6
prima,7293,4,acousticguitar_violin:2|ambulance_firetruck:2
primavera,7294,13,acousticguitar_violin:13
print,7295,11,acousticguitar_violin:2|cucumber_zucchini:1|hotpot_vase:8
printed,7296,9,acousticguitar_violin:4|ant_bee:5
printer,7297,7,acousticguitar_violin:6|hotpot_vase:1
prints,7298,23,acousticguitar_violin:1|ambulance_firetruck:3|hotpot_vase:19
priority,7299,11,ambulance_firetruck:11
prisco,7300,2,ambulance_firetruck:2
pristine,7301,2,ant_bee:2
pritchett,7302,4,acousticguitar_violin:4
pritchett's,7303,4,acousticguitar_violin:4
privado,7304,1,ambulance_firetruck:1
private,7305,32,ambulance_firetruck:32
prize,7306,2,cucumber_zucchini:2
prizes,7307,1,cucumber_zucchini:1
proboscis,7308,11,ant_bee:11
process,7309,8,hotpot_vase:8
processing,7310,2,cucumber_zucchini:2
procession,7311,26,ambulance_firetruck:19|ant_bee:2|hotpot_vase:5
processor,7312,17,cucumber_zucchini:17
prodigy,7313,16,acousticguitar_violin:16
produce,7314,821,cucumber_zucchini:819|hotpot_vase:2
produce-asperagus,7315,1,cucumber_zucchini:1
produced,7316,2,acousticguitar_violin:2
producer,7317,1,acousticguitar_violin:1
producing,7318,3,ambulance_firetruck:1|ant_bee:2
product,7319,4,hotpot_vase:4
production,7320,13,acousticguitar_violin:12|ant_bee:1
productions,7321,2,acousticguitar_violin:2
products,7322,1,hotpot_vase:1
professional,7323,4,acousticguitar_violin:3|ambulance_firetruck:1
profile,7324,36,acousticguitar_violin:32|ambulance_firetruck:1|ant_bee:2|hotpot_vase:1
progress,7325,32,acousticguitar_violin:9|ambulance_firetruck:7|hotpot_vase:16
projected,7326,15,acousticguitar_violin:14|cucumber_zucchini:1
projection,7327,16,acousticguitar_violin:11|cucumber_zucchini:4|hotpot_vase:1
projections,7328,2,cucumber_zucchini:2
prolific,7329,15,cucumber_zucchini:15
promedica,7330,3,ambulance_firetruck:3
prominent,7331,91,acousticguitar_violin:9|ambulance_firetruck:2|ant_bee:78|cucumber_zucchini:1|hotpot_vase:1
prominently,7332,5,acousticguitar_violin:2|ambulance_firetruck:1|ant_bee:2
promotes,7333,2,ambulance_firetruck:2
promoting,7334,15,acousticguitar_violin:1|ambulance_firetruck:14
promotion,7335,3,ambulance_firetruck:2|cucumber_zucchini:1
promotional,7336,1,acousticguitar_violin:1
prompt,7337,1,ambulance_firetruck:1
prongs,7338,1,hotpot_vase:1
prosciutto,7339,38,cucumber_zucchini:38
prosciutto-wrapped,7340,5,cucumber_zucchini:5
prospect,7341,8,ambulance_firetruck:8
prot,7342,2,ambulance_firetruck:2
protecting,7343,2,ant_bee:2
protection,7344,7,acousticguitar_violin:1|ambulance_firetruck:6
protective,7345,16,acousticguitar_violin:9|ambulance_firetruck:5|cucumber_zucchini:2
protects,7346,1,ant_bee:1
protein,7347,5,hotpot_vase:5
protest,7348,20,ambulance_firetruck:20
protester,7349,1,ambulance_firetruck:1
protezione,7350,15,ambulance_firetruck:15
protrusions,7351,4,cucumber_zucchini:1|hotpot_vase:3
proud,7352,7,ambulance_firetruck:4|cucumber_zucchini:3
proudly,7353,134,acousticguitar_violin:2|ambulance_firetruck:76|cucumber_zucchini:55|hotpot_vase:1
provided,7354,2,ambulance_firetruck:2
providing,7355,1,ambulance_firetruck:1
psu,7356,1,ant_bee:1
psychedelic,7357,4,acousticguitar_violin:4
pub,7358,15,acousticguitar_violin:15
pubblica,7359,16,ambulance_firetruck:16
public,7360,46,acousticguitar_violin:6|ambulance_firetruck:40
published,7361,1,acousticguitar_violin:1
pucallpa,7362,7,ambulance_firetruck:7
puddle,7363,27,ambulance_firetruck:13|ant_bee:14
puddles,7364,20,ambulance_firetruck:1|ant_bee:19
puente,7365,20,ambulance_firetruck:20
pug,7366,20,cucumber_zucchini:20
pula,7367,2,ambulance_firetruck:2
pulled,7368,3,hotpot_vase:3
pulling,7369,10,ambulance_firetruck:1|ant_bee:9
pulls,7370,7,ambulance_firetruck:4|ant_bee:3
pulp,7371,24,ant_bee:14|cucumber_zucchini:10
pump,7372,14,ambulance_firetruck:14
pumper,7373,14,ambulance_firetruck:14
pumpkin,7374,36,ant_bee:20|cucumber_zucchini:10|hotpot_vase:6
pumpkin-shaped,7375,3,hotpot_vase:3
pumpkins,7376,20,cucumber_zucchini:20
pumps,7377,9,ambulance_firetruck:9
punk,7378,17,acousticguitar_violin:17
punk-rock,7379,1,acousticguitar_violin:1
punk-stickered,7380,3,acousticguitar_violin:3
punk-styled,7381,1,acousticguitar_violin:1
punk-themed,7382,2,acousticguitar_violin:2
pupa,7383,4,ant_bee:4
pupae,7384,2,ant_bee:2
puppet,7385,2,ambulance_firetruck:2
puppy,7386,37,cucumber_zucchini:37
puree,7387,1,cucumber_zucchini:1
purfling,7388,5,acousticguitar_violin:5
purity,7389,1,acousticguitar_violin:1
purple,7390,8400,acousticguitar_violin:603|ambulance_firetruck:58|ant_bee:6837|cucumber_zucchini:110|hotpot_vase:792
purple-and-white,7391,18,ant_bee:18
purple-beaded,7392,1,hotpot_vase:1
purple-blue,7393,8,ant_bee:8
purple-flower,7394,1,ant_bee:1
purple-flowered,7395,1,ant_bee:1
purple-green,7396,9,acousticguitar_violin:8|ant_bee:1
purple-hang,7397,1,acousticguitar_violin:1
purple-hanged,7398,1,acousticguitar_violin:1
purple-hanging,7399,3,acousticguitar_violin:3
purple-hued,7400,1,acousticguitar_violin:1
purple-lined,7401,27,acousticguitar_violin:27
purple-lit,7402,1,acousticguitar_violin:1
purple-orange,7403,4,ambulance_firetruck:2|hotpot_vase:2
purple-pink,7404,15,acousticguitar_violin:11|ant_bee:4
purple-red,7405,6,acousticguitar_violin:2|ant_bee:3|hotpot_vase:1
purple-striped,7406,6,ant_bee:6
purple-thistle,7407,1,ant_bee:1
purple-tinged,7408,5,ant_bee:5
purple-tinted,7409,2,acousticguitar_violin:1|ambulance_firetruck:1
purple-tipped,7410,5,ant_bee:5
purple-toned,7411,3,acousticguitar_violin:3
purple-white,7412,31,ant_bee:31
purple-wound,7413,1,acousticguitar_violin:1
purple-yellow,7414,1,ant_bee:1
purplish,7415,1,acousticguitar_violin:1
purpose,7416,2,ant_bee:2
purposeful,7417,1,ant_bee:1
push,7418,1,ambulance_firetruck:1
pushed,7419,2,ambulance_firetruck:2
pushes,7420,7,ambulance_firetruck:4|cucumber_zucchini:3
pushing,7421,34,ambulance_firetruck:30|cucumber_zucchini:4
pyrex,7422,17,cucumber_zucchini:17
pâté,7423,1,cucumber_zucchini:1
qr,7424,20,cucumber_zucchini:20
quadrants,7425,7,cucumber_zucchini:7
quartered,7426,3,cucumber_zucchini:3
quarters,7427,1,cucumber_zucchini:1
quartet,7428,24,acousticguitar_violin:24
quattro,7429,19,ambulance_firetruck:19
quebec,7430,21,ambulance_firetruck:21
queen,7431,65,acousticguitar_violin:1|ambulance_firetruck:3|ant_bee:61
queens,7432,1,ant_bee:1
queensland,7433,16,ambulance_firetruck:16
quentin,7434,15,ambulance_firetruck:15
quiche,7435,24,cucumber_zucchini:24
quick,7436,12,ambulance_firetruck:12
quickly,7437,3,ambulance_firetruck:2|ant_bee:1
quiet,7438,27,acousticguitar_violin:7|ambulance_firetruck:19|ant_bee:1
quilt,7439,33,acousticguitar_violin:14|cucumber_zucchini:19
quilted,7440,1,acousticguitar_violin:1
quinoa,7441,43,cucumber_zucchini:20|hotpot_vase:23
quint,7442,2,ambulance_firetruck:2
quirky,7443,7,acousticguitar_violin:3|cucumber_zucchini:4
quote,7444,12,hotpot_vase:12
québec,7445,3,ambulance_firetruck:3
r,7446,1,hotpot_vase:1
r-13,7447,2,ant_bee:2
r-15,7448,4,ambulance_firetruck:4
r-7,7449,3,ambulance_firetruck:3
r.f.d,7450,2,ambulance_firetruck:2
r97-105,7451,4,hotpot_vase:4
r97-106,7452,4,hotpot_vase:4
r97-122,7453,1,hotpot_vase:1
r97-124,7454,1,hotpot_vase:1
rabbit,7455,5,cucumber_zucchini:2|hotpot_vase:3
rabob,7456,17,acousticguitar_violin:17
race,7457,29,acousticguitar_violin:3|ambulance_firetruck:23|cucumber_zucchini:3
racecar,7458,1,acousticguitar_violin:1
racers,7459,5,cucumber_zucchini:5
races,7460,5,ambulance_firetruck:5
racetrack,7461,3,ambulance_firetruck:3
raceway,7462,10,ambulance_firetruck:10
racing,7463,56,acousticguitar_violin:2|ambulance_firetruck:54
rack,7464,146,acousticguitar_violin:46|ambulance_firetruck:30|cucumber_zucchini:70
racks,7465,25,acousticguitar_violin:22|ambulance_firetruck:1|cucumber_zucchini:2
radial,7466,2,acousticguitar_violin:2
radiant,7467,5,acousticguitar_violin:4|ant_bee:1
radiate,7468,2,cucumber_zucchini:2
radiating,7469,6,acousticguitar_violin:1|ant_bee:5
radiator,7470,33,acousticguitar_violin:9|cucumber_zucchini:24
radicchio,7471,6,cucumber_zucchini:6
radio,7472,2,ambulance_firetruck:1|cucumber_zucchini:1
radiohead,7473,1,acousticguitar_violin:1
radish,7474,111,cucumber_zucchini:79|hotpot_vase:32
radish-in,7475,1,cucumber_zucchini:1
radishes,7476,199,cucumber_zucchini:199
radishes-in,7477,1,cucumber_zucchini:1
rady,7478,13,ambulance_firetruck:13
raft,7479,1,ant_bee:1
rafts,7480,2,ant_bee:2
rages,7481,2,ambulance_firetruck:2
raging,7482,3,ambulance_firetruck:3
rail,7483,4,acousticguitar_violin:1|ambulance_firetruck:3
railcar,7484,8,ambulance_firetruck:8
railing,7485,88,acousticguitar_violin:35|ambulance_firetruck:21|ant_bee:18|cucumber_zucchini:1|hotpot_vase:13
railings,7486,3,ambulance_firetruck:3
railroad,7487,3,ambulance_firetruck:3
rails,7488,14,ambulance_firetruck:13|ant_bee:1
railway,7489,1,ambulance_firetruck:1
rain,7490,24,acousticguitar_violin:1|ambulance_firetruck:20|hotpot_vase:3
rain-blurred,7491,2,ambulance_firetruck:2
rain-covered,7492,1,ambulance_firetruck:1
rain-drenched,7493,3,ant_bee:3
rain-kissed,7494,3,ant_bee:3
rain-slicked,7495,2,ambulance_firetruck:2
rain-soaked,7496,1,ambulance_firetruck:1
rain-spattered,7497,2,ambulance_firetruck:2
rain-splattered,7498,1,ambulance_firetruck:1
rain-streaked,7499,25,acousticguitar_violin:15|ambulance_firetruck:8|hotpot_vase:2
rainbow,7500,40,acousticguitar_violin:14|ambulance_firetruck:13|cucumber_zucchini:11|hotpot_vase:2
raindrop-covered,7501,1,ant_bee:1
raindrops,7502,10,ambulance_firetruck:1|ant_bee:8|hotpot_vase:1
rainy,7503,79,acousticguitar_violin:4|ambulance_firetruck:67|hotpot_vase:8
raised,7504,97,acousticguitar_violin:2|ambulance_firetruck:35|ant_bee:39|cucumber_zucchini:3|hotpot_vase:18
raises,7505,6,ambulance_firetruck:6
raisins,7506,3,cucumber_zucchini:1|hotpot_vase:2
raita,7507,1,cucumber_zucchini:1
raleigh,7508,11,ambulance_firetruck:11
rambutan,7509,7,cucumber_zucchini:7
rambutans,7510,4,cucumber_zucchini:4
ramekin,7511,4,cucumber_zucchini:2|hotpot_vase:2
ramen,7512,44,hotpot_vase:44
ramp,7513,56,ambulance_firetruck:56
rampages,7514,1,ant_bee:1
range,7515,33,ambulance_firetruck:32|hotpot_vase:1
ranger,7516,6,ambulance_firetruck:6
rapeseed,7517,1,ant_bee:1
rapid,7518,4,ambulance_firetruck:3|cucumber_zucchini:1
rapidly,7519,3,acousticguitar_violin:1|ant_bee:2
rapids,7520,3,ambulance_firetruck:3
rappe,7521,16,hotpot_vase:16
raspberries,7522,1,cucumber_zucchini:1
raspberry,7523,4,ant_bee:4
rates,7524,5,acousticguitar_violin:5
rattan,7525,1,hotpot_vase:1
raul,7526,3,acousticguitar_violin:3
rauðkross,7527,1,ambulance_firetruck:1
ravenna,7528,5,ambulance_firetruck:5
raw,7529,203,acousticguitar_violin:1|cucumber_zucchini:4|hotpot_vase:198
raúl,7530,6,acousticguitar_violin:6
rbs,7531,1,ambulance_firetruck:1
reach,7532,2,hotpot_vase:2
reaches,7533,12,acousticguitar_violin:2|ambulance_firetruck:4|ant_bee:1|cucumber_zucchini:5
reaching,7534,17,acousticguitar_violin:4|ambulance_firetruck:5|cucumber_zucchini:3|hotpot_vase:5
react,7535,7,acousticguitar_violin:7
reacting,7536,1,acousticguitar_violin:1
reacts,7537,1,cucumber_zucchini:1
readiness,7538,1,ambulance_firetruck:1
reading,7539,23,acousticguitar_violin:20|ant_bee:1|cucumber_zucchini:2
reads,7540,19,acousticguitar_violin:9|ambulance_firetruck:3|ant_bee:6|cucumber_zucchini:1
ready,7541,477,acousticguitar_violin:86|ambulance_firetruck:169|ant_bee:8|cucumber_zucchini:125|hotpot_vase:89
ready-to-cook,7542,1,cucumber_zucchini:1
real,7543,7,ant_bee:4|hotpot_vase:3
realism,7544,2,cucumber_zucchini:2
realistic,7545,23,acousticguitar_violin:9|ant_bee:10|cucumber_zucchini:4
reality,7546,19,cucumber_zucchini:19
realsamples,7547,1,acousticguitar_violin:1
rear,7548,829,acousticguitar_violin:1|ambulance_firetruck:820|ant_bee:8
rear-door-open,7549,1,ambulance_firetruck:1
rear-doors-open,7550,1,ambulance_firetruck:1
rear-view,7551,5,ambulance_firetruck:5
reasonable,7552,5,acousticguitar_violin:5
rebec,7553,17,acousticguitar_violin:17
rebranded,7554,1,ambulance_firetruck:1
reception,7555,1,acousticguitar_violin:1
recipe,7556,7,cucumber_zucchini:1|hotpot_vase:6
recital,7557,3,acousticguitar_violin:3
recliner,7558,2,acousticguitar_violin:2
reclines,7559,1,acousticguitar_violin:1
reclining,7560,1,acousticguitar_violin:1
record,7561,7,hotpot_vase:7
recorded,7562,2,acousticguitar_violin:2
recorder,7563,3,acousticguitar_violin:3
recording,7564,121,acousticguitar_violin:121
records,7565,23,acousticguitar_violin:22|ambulance_firetruck:1
recovered,7566,4,acousticguitar_violin:4
recovery,7567,3,acousticguitar_violin:2|ambulance_firetruck:1
rectangular,7568,47,hotpot_vase:47
red,7569,40739,acousticguitar_violin:4209|ambulance_firetruck:25689|ant_bee:5814|cucumber_zucchini:1131|hotpot_vase:3896
red-accented,7570,3,acousticguitar_violin:1|ambulance_firetruck:2
red-and-beige,7571,11,ambulance_firetruck:11
red-and-black,7572,54,ant_bee:51|hotpot_vase:3
red-and-blue,7573,1,ambulance_firetruck:1
red-and-cream,7574,17,ambulance_firetruck:17
red-and-gold,7575,1,hotpot_vase:1
red-and-gray,7576,3,ambulance_firetruck:1|ant_bee:2
red-and-green,7577,1,ant_bee:1
red-and-white,7578,314,ambulance_firetruck:249|ant_bee:2|cucumber_zucchini:17|hotpot_vase:46
red-and-yellow,7579,19,ambulance_firetruck:6|ant_bee:13
red-backed,7580,1,ant_bee:1
red-banded,7581,2,ant_bee:2
red-bellied,7582,5,ant_bee:5
red-black,7583,56,acousticguitar_violin:6|ant_bee:49|hotpot_vase:1
red-blue,7584,73,ambulance_firetruck:71|hotpot_vase:2
red-bow,7585,2,hotpot_vase:2
red-brick,7586,3,ambulance_firetruck:1|ant_bee:2
red-brown,7587,48,acousticguitar_violin:12|ant_bee:22|hotpot_vase:14
red-budded,7588,1,hotpot_vase:1
red-burst,7589,1,acousticguitar_violin:1
red-carpeted,7590,14,acousticguitar_violin:14
red-checkered,7591,10,cucumber_zucchini:7|hotpot_vase:3
red-chili,7592,1,hotpot_vase:1
red-clad,7593,3,ambulance_firetruck:3
red-clothed,7594,1,acousticguitar_violin:1
red-cross,7595,20,ambulance_firetruck:20
red-cross-painted,7596,1,ambulance_firetruck:1
red-curtained,7597,1,acousticguitar_violin:1
red-dotted,7598,1,hotpot_vase:1
red-edged,7599,1,ant_bee:1
red-figure,7600,163,hotpot_vase:163
red-figured,7601,5,hotpot_vase:5
red-flowered,7602,4,hotpot_vase:4
red-flowering,7603,2,hotpot_vase:2
red-fruit,7604,1,cucumber_zucchini:1
red-furred,7605,3,ant_bee:3
red-glazed,7606,3,hotpot_vase:3
red-gold,7607,2,ant_bee:2
red-gold-silver,7608,1,hotpot_vase:1
red-green,7609,23,acousticguitar_violin:1|ambulance_firetruck:6|ant_bee:13|hotpot_vase:3
red-haired,7610,76,acousticguitar_violin:69|ant_bee:7
red-handled,7611,2,cucumber_zucchini:1|hotpot_vase:1
red-hatted,7612,12,acousticguitar_violin:12
red-headed,7613,198,ant_bee:198
red-hot,7614,1,hotpot_vase:1
red-hued,7615,1,hotpot_vase:1
red-laced,7616,1,hotpot_vase:1
red-light,7617,3,ambulance_firetruck:3
red-lined,7618,71,acousticguitar_violin:64|ambulance_firetruck:4|hotpot_vase:3
red-lit,7619,61,acousticguitar_violin:33|ambulance_firetruck:9|ant_bee:3|hotpot_vase:16
red-marbled,7620,3,hotpot_vase:3
red-orange,7621,95,acousticguitar_violin:25|ambulance_firetruck:8|ant_bee:50|hotpot_vase:12
red-painted,7622,4,acousticguitar_violin:1|ant_bee:3
red-patterned,7623,4,ant_bee:1|hotpot_vase:3
red-pink,7624,1,cucumber_zucchini:1
red-purple,7625,5,hotpot_vase:5
red-ribboned,7626,2,hotpot_vase:2
red-rimmed,7627,18,cucumber_zucchini:17|hotpot_vase:1
red-roofed,7628,3,ambulance_firetruck:3
red-roomed,7629,1,acousticguitar_violin:1
red-speckled,7630,2,cucumber_zucchini:1|hotpot_vase:1
red-striped,7631,65,ambulance_firetruck:50|ant_bee:1|cucumber_zucchini:2|hotpot_vase:12
red-suited,7632,2,ambulance_firetruck:2
red-tabled,7633,2,acousticguitar_violin:2
red-themed,7634,2,hotpot_vase:2
red-thorax,7635,2,ant_bee:2
red-thoraxed,7636,4,ant_bee:4
red-tinged,7637,3,ant_bee:3
red-tinted,7638,2,ambulance_firetruck:2
red-tipped,7639,24,ant_bee:18|hotpot_vase:6
red-to-black,7640,12,acousticguitar_violin:12
red-to-green,7641,3,hotpot_vase:3
red-to-yellow,7642,1,ant_bee:1
red-toned,7643,2,acousticguitar_violin:1|ambulance_firetruck:1
red-uniformed,7644,3,ambulance_firetruck:3
red-veined,7645,2,cucumber_zucchini:1|hotpot_vase:1
red-walled,7646,1,acousticguitar_violin:1
red-white,7647,94,ambulance_firetruck:89|ant_bee:1|cucumber_zucchini:2|hotpot_vase:2
red-white-blue,7648,3,ambulance_firetruck:3
red-white-green,7649,1,ambulance_firetruck:1
red-white-yellow,7650,2,ambulance_firetruck:2
red-winged,7651,7,ant_bee:7
red-yellow,7652,129,ambulance_firetruck:67|ant_bee:57|hotpot_vase:5
red-yellow-green,7653,3,ant_bee:3
red-yellow-white,7654,1,ambulance_firetruck:1
red/amber,7655,1,ambulance_firetruck:1
red/blue,7656,1,ambulance_firetruck:1
red/gold,7657,1,hotpot_vase:1
red/yellow,7658,2,ambulance_firetruck:2
reddish,7659,171,acousticguitar_violin:4|ambulance_firetruck:1|ant_bee:161|cucumber_zucchini:1|hotpot_vase:4
reddish-b,7660,1,ant_bee:1
reddish-brown,7661,254,acousticguitar_violin:23|ant_bee:219|hotpot_vase:12
reddish-orange,7662,1,ant_bee:1
reddish-pink,7663,4,ant_bee:3|cucumber_zucchini:1
reddish-purple,7664,1,hotpot_vase:1
reddish-yellow,7665,1,ant_bee:1
reddito,7666,4,ambulance_firetruck:4
redhead,7667,14,acousticguitar_violin:14
redheaded,7668,1,acousticguitar_violin:1
reds,7669,12,acousticguitar_violin:7|cucumber_zucchini:2|hotpot_vase:3
reed,7670,4,ant_bee:1|hotpot_vase:3
reed-like,7671,4,hotpot_vase:4
reeds,7672,13,ant_bee:1|hotpot_vase:12
reel,7673,2,ambulance_firetruck:2
reels,7674,3,ambulance_firetruck:3
reeves,7675,4,acousticguitar_violin:4
reference,7676,2,ant_bee:2
reflect,7677,5,ambulance_firetruck:1|ant_bee:4
reflected,7678,80,acousticguitar_violin:44|ambulance_firetruck:18|ant_bee:6|hotpot_vase:12
reflecting,7679,71,acousticguitar_violin:18|ambulance_firetruck:18|ant_bee:11|cucumber_zucchini:10|hotpot_vase:14
reflection,7680,152,acousticguitar_violin:72|ambulance_firetruck:20|ant_bee:42|cucumber_zucchini:7|hotpot_vase:11
reflections,7681,63,acousticguitar_violin:21|ambulance_firetruck:4|ant_bee:14|cucumber_zucchini:3|hotpot_vase:21
reflective,7682,314,acousticguitar_violin:59|ambulance_firetruck:37|ant_bee:84|cucumber_zucchini:15|hotpot_vase:119
reflects,7683,6,acousticguitar_violin:2|ambulance_firetruck:1|ant_bee:2|hotpot_vase:1
refreshing,7684,10,cucumber_zucchini:5|hotpot_vase:5
refried,7685,6,cucumber_zucchini:6
refrigerator,7686,43,cucumber_zucchini:43
regalo,7687,3,ambulance_firetruck:3
region,7688,30,ambulance_firetruck:30
regional,7689,8,ambulance_firetruck:8
registration,7690,1,ambulance_firetruck:1
rehab,7691,5,ambulance_firetruck:5
rehabilitation,7692,1,ambulance_firetruck:1
rehearsal,7693,22,acousticguitar_violin:22
rehearse,7694,6,acousticguitar_violin:6
rehearsing,7695,12,acousticguitar_violin:12
rehoboth,7696,10,ambulance_firetruck:10
relationship,7697,5,ant_bee:5
relax,7698,5,acousticguitar_violin:2|ambulance_firetruck:3
relaxation,7699,12,acousticguitar_violin:10|cucumber_zucchini:2
relaxed,7700,35,acousticguitar_violin:32|ambulance_firetruck:1|cucumber_zucchini:2
relaxes,7701,13,acousticguitar_violin:10|cucumber_zucchini:3
relaxing,7702,13,acousticguitar_violin:3|ambulance_firetruck:9|cucumber_zucchini:1
relief,7703,234,ambulance_firetruck:4|hotpot_vase:230
reliefs,7704,5,hotpot_vase:5
religious,7705,30,acousticguitar_violin:5|hotpot_vase:25
relish,7706,7,cucumber_zucchini:7
remains,7707,13,ambulance_firetruck:1|ant_bee:12
remnants,7708,8,cucumber_zucchini:3|hotpot_vase:5
remote,7709,2,cucumber_zucchini:2
remove,7710,2,cucumber_zucchini:2
removed,7711,4,cucumber_zucchini:4
renault,7712,6,ambulance_firetruck:6
render,7713,4,ant_bee:4
rendered,7714,7,acousticguitar_violin:1|ant_bee:5|hotpot_vase:1
rendering,7715,5,acousticguitar_violin:1|ant_bee:4
rental,7716,10,ambulance_firetruck:10
repainted,7717,1,ambulance_firetruck:1
repair,7718,23,acousticguitar_violin:11|ambulance_firetruck:9|hotpot_vase:3
repaired,7719,11,acousticguitar_violin:8|hotpot_vase:3
repairing,7720,15,acousticguitar_violin:15
repairs,7721,5,acousticguitar_violin:1|ambulance_firetruck:1|hotpot_vase:3
repeating,7722,9,acousticguitar_violin:2|ant_bee:1|hotpot_vase:6
repetitive,7723,1,acousticguitar_violin:1
replete,7724,1,ant_bee:1
replica,7725,1,ambulance_firetruck:1
reporter,7726,1,ambulance_firetruck:1
republic,7727,1,ambulance_firetruck:1
repurposed,7728,35,ambulance_firetruck:27|hotpot_vase:8
request,7729,22,acousticguitar_violin:7|ant_bee:3|cucumber_zucchini:9|hotpot_vase:3
requested,7730,16,acousticguitar_violin:3|ambulance_firetruck:1|ant_bee:1|cucumber_zucchini:3|hotpot_vase:8
rescue,7731,824,ambulance_firetruck:821|ant_bee:3
rescue999,7732,1,ambulance_firetruck:1
rescuer,7733,3,ambulance_firetruck:3
rescuers,7734,4,ambulance_firetruck:4
rescuing,7735,6,ant_bee:6
resemble,7736,1,cucumber_zucchini:1
resembles,7737,1,ant_bee:1
resembling,7738,21,ambulance_firetruck:1|ant_bee:5|cucumber_zucchini:11|hotpot_vase:4
resgate,7739,1,ambulance_firetruck:1
residence,7740,7,ambulance_firetruck:7
residential,7741,331,ambulance_firetruck:331
residents,7742,1,ambulance_firetruck:1
residue,7743,16,ant_bee:15|cucumber_zucchini:1
resin,7744,78,ant_bee:59|cucumber_zucchini:19
resin-coated,7745,5,ant_bee:5
resin-covered,7746,1,ant_bee:1
resonance,7747,1,acousticguitar_violin:1
resonant,7748,1,acousticguitar_violin:1
resonator,7749,28,acousticguitar_violin:28
respond,7750,59,ambulance_firetruck:59
responder,7751,6,ambulance_firetruck:6
responders,7752,179,ambulance_firetruck:179
responding,7753,30,ambulance_firetruck:30
responds,7754,7,ambulance_firetruck:7
response,7755,313,ambulance_firetruck:312|hotpot_vase:1
rest,7756,618,acousticguitar_violin:296|ant_bee:13|cucumber_zucchini:309
restaurant,7757,198,acousticguitar_violin:13|ambulance_firetruck:10|cucumber_zucchini:1|hotpot_vase:174
restaurants,7758,3,ambulance_firetruck:3
resting,7759,3750,acousticguitar_violin:2387|ambulance_firetruck:8|ant_bee:643|cucumber_zucchini:573|hotpot_vase:139
restoration,7760,11,acousticguitar_violin:10|ambulance_firetruck:1
restored,7761,8,acousticguitar_violin:5|ambulance_firetruck:3
restoring,7762,2,acousticguitar_violin:2
restrained,7763,3,ambulance_firetruck:3
rests,7764,2222,acousticguitar_violin:1292|ambulance_firetruck:1|ant_bee:520|cucumber_zucchini:399|hotpot_vase:10
retail,7765,3,ambulance_firetruck:3
retrieval,7766,1,ambulance_firetruck:1
retro,7767,13,acousticguitar_violin:4|ambulance_firetruck:9
rette,7768,1,ambulance_firetruck:1
rettung,7769,7,ambulance_firetruck:7
rettungsdienst,7770,52,ambulance_firetruck:52
rettungswag,7771,1,ambulance_firetruck:1
rettungswagen,7772,17,ambulance_firetruck:17
reusable,7773,4,cucumber_zucchini:3|hotpot_vase:1
reveal,7774,19,ambulance_firetruck:5|ant_bee:1|cucumber_zucchini:9|hotpot_vase:4
revealed,7775,1,ant_bee:1
revealing,7776,139,acousticguitar_violin:3|ambulance_firetruck:79|ant_bee:3|cucumber_zucchini:50|hotpot_vase:4
reveals,7777,9,ant_bee:4|cucumber_zucchini:4|hotpot_vase:1
revelers,7778,1,ambulance_firetruck:1
reverse,7779,5,ambulance_firetruck:5
reversed,7780,66,ambulance_firetruck:66
reviews,7781,1,acousticguitar_violin:1
rf,7782,1,acousticguitar_violin:1
rhinestone,7783,1,acousticguitar_violin:1
rhododendron,7784,92,ant_bee:92
rhododendrons,7785,2,ant_bee:2
rhythm,7786,1,acousticguitar_violin:1
rianimazione,7787,25,ambulance_firetruck:25
ribbed,7788,248,ant_bee:2|cucumber_zucchini:8|hotpot_vase:238
ribbing,7789,2,hotpot_vase:2
ribbon,7790,248,acousticguitar_violin:1|ambulance_firetruck:57|hotpot_vase:190
ribbon-cutting,7791,11,ambulance_firetruck:11
ribbon-decorated,7792,4,hotpot_vase:4
ribbon-like,7793,1,hotpot_vase:1
ribbon-tied,7794,1,hotpot_vase:1
ribbon-wrapped,7795,2,hotpot_vase:2
ribbons,7796,116,acousticguitar_violin:4|ambulance_firetruck:13|cucumber_zucchini:52|hotpot_vase:47
ribeira,7797,2,ambulance_firetruck:2
ribs,7798,31,cucumber_zucchini:5|hotpot_vase:26
rice,7799,908,ant_bee:37|cucumber_zucchini:261|hotpot_vase:610
rice-bowl,7800,1,cucumber_zucchini:1
rich,7801,4177,acousticguitar_violin:1617|ant_bee:11|cucumber_zucchini:57|hotpot_vase:2492
rich-toned,7802,5,acousticguitar_violin:5
richly,7803,559,acousticguitar_violin:534|cucumber_zucchini:8|hotpot_vase:17
richly-figured,7804,1,acousticguitar_violin:1
richly-hued,7805,1,acousticguitar_violin:1
richmond,7806,13,ambulance_firetruck:13
ride,7807,36,ambulance_firetruck:36
ride-holds,7808,1,ambulance_firetruck:1
rider,7809,4,ambulance_firetruck:2|hotpot_vase:2
riders,7810,19,ambulance_firetruck:19
rides,7811,10,ambulance_firetruck:7|ant_bee:3
ridge,7812,10,ambulance_firetruck:5|cucumber_zucchini:5
ridged,7813,67,ant_bee:1|cucumber_zucchini:45|hotpot_vase:21
ridgefield,7814,13,ambulance_firetruck:13
ridges,7815,104,ant_bee:11|cucumber_zucchini:7|hotpot_vase:86
riding,7816,105,ambulance_firetruck:96|ant_bee:9
right,7817,33,acousticguitar_violin:18|ambulance_firetruck:1|ant_bee:6|cucumber_zucchini:1|hotpot_vase:7
rigs,7818,1,ambulance_firetruck:1
rim,7819,611,acousticguitar_violin:2|ant_bee:33|cucumber_zucchini:23|hotpot_vase:553
rims,7820,22,hotpot_vase:22
rind,7821,148,ant_bee:18|cucumber_zucchini:130
rinds,7822,15,cucumber_zucchini:15
ring,7823,88,acousticguitar_violin:46|ambulance_firetruck:1|ant_bee:27|cucumber_zucchini:3|hotpot_vase:11
ring-shaped,7824,10,ant_bee:5|cucumber_zucchini:5
ringed,7825,1,hotpot_vase:1
ringing,7826,1,ambulance_firetruck:1
rings,7827,56,acousticguitar_violin:18|ambulance_firetruck:3|cucumber_zucchini:14|hotpot_vase:21
rinsed,7828,3,cucumber_zucchini:3
rinsing,7829,2,cucumber_zucchini:2
rip,7830,1,hotpot_vase:1
ripe,7831,343,ant_bee:18|cucumber_zucchini:325
ripeness,7832,1,cucumber_zucchini:1
ripening,7833,17,ant_bee:6|cucumber_zucchini:11
rise,7834,1,ambulance_firetruck:1
rises,7835,18,ambulance_firetruck:6|hotpot_vase:12
rising,7836,89,acousticguitar_violin:1|ambulance_firetruck:34|cucumber_zucchini:1|hotpot_vase:53
rising-traditional,7837,1,hotpot_vase:1
ritual,7838,2,hotpot_vase:2
ritualistic,7839,1,hotpot_vase:1
river,7840,65,acousticguitar_violin:2|ambulance_firetruck:61|hotpot_vase:2
riverbank,7841,1,ambulance_firetruck:1
riverside,7842,11,ambulance_firetruck:11
rm,7843,1,cucumber_zucchini:1
road,7844,2228,acousticguitar_violin:10|ambulance_firetruck:2206|ant_bee:12
roadblock,7845,2,ambulance_firetruck:2
roads,7846,1,ambulance_firetruck:1
roadside,7847,116,ambulance_firetruck:105|cucumber_zucchini:11
roadway,7848,3,ambulance_firetruck:3
roadwork,7849,2,ambulance_firetruck:2
roanoke,7850,15,ambulance_firetruck:15
roar,7851,1,ambulance_firetruck:1
roaring,7852,1,ambulance_firetruck:1
roast,7853,9,cucumber_zucchini:1|hotpot_vase:8
roasted,7854,192,cucumber_zucchini:58|hotpot_vase:134
roasting,7855,5,cucumber_zucchini:5
robbia,7856,12,hotpot_vase:12
robes,7857,8,acousticguitar_violin:8
robot,7858,37,acousticguitar_violin:5|cucumber_zucchini:12|hotpot_vase:20
robotic,7859,15,ant_bee:15
robots,7860,15,acousticguitar_violin:15
robust,7861,4,ambulance_firetruck:4
rochon,7862,1,cucumber_zucchini:1
rock,7863,557,acousticguitar_violin:101|ambulance_firetruck:9|ant_bee:442|hotpot_vase:5
rockers,7864,5,acousticguitar_violin:5
rocket,7865,2,ambulance_firetruck:2
rocket-car,7866,1,ambulance_firetruck:1
rocket-shaped,7867,10,ambulance_firetruck:10
rockin,7868,1,acousticguitar_violin:1
rocking,7869,16,acousticguitar_violin:16
rocks,7870,133,acousticguitar_violin:1|ambulance_firetruck:6|ant_bee:106|cucumber_zucchini:14|hotpot_vase:6
rockstar,7871,1,acousticguitar_violin:1
rockwood,7872,16,ambulance_firetruck:16
rocky,7873,592,acousticguitar_violin:10|ambulance_firetruck:33|ant_bee:540|cucumber_zucchini:9
rod,7874,3,acousticguitar_violin:2|ant_bee:1
rod-shaped,7875,5,ant_bee:5
rodent,7876,17,ant_bee:17
rodent's,7877,2,ant_bee:2
rodney,7878,2,acousticguitar_violin:2
rods,7879,2,ant_bee:2
rogers,7880,1,hotpot_vase:1
roja,7881,11,ambulance_firetruck:11
roles,7882,1,hotpot_vase:1
roll,7883,27,cucumber_zucchini:12|hotpot_vase:15
roll-up,7884,1,ambulance_firetruck:1
rolled,7885,5,acousticguitar_violin:1|cucumber_zucchini:1|hotpot_vase:3
rolling,7886,1,hotpot_vase:1
rolls,7887,49,cucumber_zucchini:27|hotpot_vase:22
roman,7888,2,ambulance_firetruck:2
romance,7889,29,acousticguitar_violin:28|hotpot_vase:1
romane,7890,2,cucumber_zucchini:2
romantic,7891,18,acousticguitar_violin:8|hotpot_vase:10
rome,7892,3,ambulance_firetruck:3
romy,7893,14,acousticguitar_violin:14
ron,7894,6,ambulance_firetruck:6
roof,7895,243,acousticguitar_violin:3|ambulance_firetruck:209|cucumber_zucchini:29|hotpot_vase:2
roof-mounted,7896,2,ambulance_firetruck:2
rooftop,7897,21,acousticguitar_violin:1|ambulance_firetruck:16|ant_bee:3|cucumber_zucchini:1
rooftops,7898,5,ambulance_firetruck:5
room,7899,726,acousticguitar_violin:658|ambulance_firetruck:6|cucumber_zucchini:14|hotpot_vase:48
roosevelt,7900,13,ambulance_firetruck:13
rooster,7901,40,hotpot_vase:40
roosters,7902,4,hotpot_vase:4
root,7903,31,cucumber_zucchini:6|hotpot_vase:25
rooted,7904,1,hotpot_vase:1
roots,7905,24,ant_bee:2|cucumber_zucchini:6|hotpot_vase:16
rope,7906,275,ant_bee:241|hotpot_vase:34
rope-handled,7907,3,hotpot_vase:3
rope-like,7908,10,hotpot_vase:10
rope-wrapped,7909,1,hotpot_vase:1
roped,7910,7,ambulance_firetruck:7
ropes,7911,17,ambulance_firetruck:2|ant_bee:7|hotpot_vase:8
rosalia,7912,15,ambulance_firetruck:15
rosarito,7913,2,ambulance_firetruck:2
rose,7914,771,acousticguitar_violin:170|ant_bee:335|cucumber_zucchini:31|hotpot_vase:235
rose's,7915,1,ant_bee:1
rose-covered,7916,1,hotpot_vase:1
rose-filled,7917,3,hotpot_vase:3
rose-like,7918,1,cucumber_zucchini:1
rose-patterned,7919,9,hotpot_vase:9
rosebud,7920,32,acousticguitar_violin:1|ant_bee:31
rosemary,7921,87,ant_bee:44|cucumber_zucchini:38|hotpot_vase:5
roses,7922,770,acousticguitar_violin:31|ant_bee:16|hotpot_vase:723
rosette,7923,737,acousticguitar_violin:737
rosettes,7924,1,acousticguitar_violin:1
roseville,7925,1,ambulance_firetruck:1
rosewood,7926,178,acousticguitar_violin:178
rosewood/mahogany,7927,1,acousticguitar_violin:1
rosin,7928,20,acousticguitar_violin:20
rossa,7929,13,ambulance_firetruck:13
rotaliana,7930,9,ambulance_firetruck:9
rotary,7931,14,ambulance_firetruck:14
rotating,7932,2,hotpot_vase:2
rotes,7933,26,ambulance_firetruck:26
rotor,7934,9,ambulance_firetruck:9
rotors,7935,1,ambulance_firetruck:1
rotten,7936,27,ant_bee:21|cucumber_zucchini:6
rotterdam,7937,9,ambulance_firetruck:9
rotting,7938,42,ant_bee:34|cucumber_zucchini:8
rough,7939,985,ant_bee:971|cucumber_zucchini:11|hotpot_vase:3
rough-textured,7940,1,ant_bee:1
round,7941,228,acousticguitar_violin:71|ambulance_firetruck:22|ant_bee:17|cucumber_zucchini:63|hotpot_vase:55
round-based,7942,1,hotpot_vase:1
round-on,7943,1,cucumber_zucchini:1
round-rest,7944,1,cucumber_zucchini:1
rounded,7945,180,ant_bee:7|cucumber_zucchini:2|hotpot_vase:171
rounds,7946,94,cucumber_zucchini:94
route,7947,7,ambulance_firetruck:7
routine,7948,1,cucumber_zucchini:1
rover,7949,163,ambulance_firetruck:163
row,7950,299,acousticguitar_violin:153|ambulance_firetruck:106|ant_bee:8|cucumber_zucchini:21|hotpot_vase:11
rows,7951,83,acousticguitar_violin:32|ambulance_firetruck:14|cucumber_zucchini:32|hotpot_vase:5
royal,7952,14,acousticguitar_violin:2|ambulance_firetruck:5|hotpot_vase:7
rubble,7953,12,ambulance_firetruck:12
rubble-strewn,7954,1,ambulance_firetruck:1
ruffled,7955,55,ant_bee:1|hotpot_vase:54
rufino,7956,6,ambulance_firetruck:6
rug,7957,365,acousticguitar_violin:298|cucumber_zucchini:21|hotpot_vase:46
rugged,7958,74,acousticguitar_violin:3|ambulance_firetruck:40|ant_bee:31
rugs,7959,3,acousticguitar_violin:3
ruin,7960,1,acousticguitar_violin:1
ruined,7961,1,ambulance_firetruck:1
ruins,7962,5,ambulance_firetruck:5
ruler,7963,288,ant_bee:15|cucumber_zucchini:248|hotpot_vase:25
rumpled,7964,13,acousticguitar_violin:13
runner,7965,1,hotpot_vase:1
runners,7966,7,hotpot_vase:7
runnin,7967,6,ambulance_firetruck:6
running,7968,28,cucumber_zucchini:10|hotpot_vase:18
runs,7969,3,acousticguitar_violin:1|ambulance_firetruck:2
runway,7970,50,ambulance_firetruck:50
rural,7971,213,ambulance_firetruck:213
rural/metro,7972,3,ambulance_firetruck:3
rush,7973,10,ambulance_firetruck:1|cucumber_zucchini:9
rushes,7974,20,ambulance_firetruck:20
rushing,7975,4,ambulance_firetruck:4
russian,7976,5,ambulance_firetruck:5
rust,7977,31,ambulance_firetruck:18|ant_bee:3|hotpot_vase:10
rust-colored,7978,1,ant_bee:1
rust-red,7979,1,hotpot_vase:1
rust-stained,7980,6,ant_bee:6
rust-toned,7981,1,hotpot_vase:1
rusted,7982,109,acousticguitar_violin:2|ambulance_firetruck:23|ant_bee:75|hotpot_vase:9
rustic,7983,1400,acousticguitar_violin:203|ambulance_firetruck:23|ant_bee:2|cucumber_zucchini:146|hotpot_vase:1026
rustic-themed,7984,1,hotpot_vase:1
rusting,7985,1,ambulance_firetruck:1
rusty,7986,464,acousticguitar_violin:1|ambulance_firetruck:357|ant_bee:53|cucumber_zucchini:3|hotpot_vase:50
rusty-brown,7987,1,ant_bee:1
rutledge,7988,10,ambulance_firetruck:10
rv,7989,10,ambulance_firetruck:10
rvs,7990,1,ambulance_firetruck:1
ryan,7991,1,acousticguitar_violin:1
s,7992,12,acousticguitar_violin:12
s-1,7993,4,ambulance_firetruck:4
s-shaped,7994,2,hotpot_vase:2
s.a.p.u,7995,7,ambulance_firetruck:7
sa,7996,6,ambulance_firetruck:6
saanich,7997,6,ambulance_firetruck:6
sabrina,7998,5,hotpot_vase:5
sac,7999,19,ant_bee:19
sack,8000,18,cucumber_zucchini:18
sacks,8001,1,cucumber_zucchini:1
sacred,8002,1,acousticguitar_violin:1
sacs,8003,60,ant_bee:60
sadam,8004,3,ambulance_firetruck:3
saddle,8005,1,acousticguitar_violin:1
saddles,8006,7,acousticguitar_violin:7
safari,8007,12,hotpot_vase:12
safari-patterned,8008,1,hotpot_vase:1
safari-themed,8009,13,hotpot_vase:13
safer,8010,2,ambulance_firetruck:2
safety,8011,47,ambulance_firetruck:45|cucumber_zucchini:2
sage,8012,71,ant_bee:67|cucumber_zucchini:4
sailboat,8013,3,hotpot_vase:3
saint,8014,7,hotpot_vase:7
saints,8015,10,hotpot_vase:10
salad,8016,1331,cucumber_zucchini:1315|hotpot_vase:16
salad-prep,8017,2,cucumber_zucchini:2
salads,8018,14,cucumber_zucchini:13|hotpot_vase:1
sale,8019,170,acousticguitar_violin:45|ambulance_firetruck:37|cucumber_zucchini:78|hotpot_vase:10
salem,8020,13,ambulance_firetruck:13
salisbury,8021,15,ambulance_firetruck:15
salmon,8022,84,cucumber_zucchini:61|hotpot_vase:23
salon,8023,1,ambulance_firetruck:1
salsa,8024,11,cucumber_zucchini:11
salt,8025,56,ambulance_firetruck:16|cucumber_zucchini:40
salt/pepper,8026,2,hotpot_vase:2
salted,8027,5,cucumber_zucchini:5
salud,8028,16,ambulance_firetruck:16
saluting,8029,2,ambulance_firetruck:2
saluzzo,8030,4,ambulance_firetruck:4
salvia,8031,7,ant_bee:7
salzgitter,8032,1,ambulance_firetruck:1
sam,8033,2,ambulance_firetruck:2
samanog,8034,2,acousticguitar_violin:2
sambal,8035,6,cucumber_zucchini:6
sambar,8036,1,hotpot_vase:1
same,8037,6,acousticguitar_violin:1|ambulance_firetruck:5
samgye,8038,1,hotpot_vase:1
sampierdarena,8039,1,ambulance_firetruck:1
samur,8040,15,ambulance_firetruck:15
san,8041,341,ambulance_firetruck:331|ant_bee:9|hotpot_vase:1
sand,8042,499,ambulance_firetruck:10|ant_bee:469|hotpot_vase:20
sand-blue,8043,1,hotpot_vase:1
sand-dwelling,8044,3,ant_bee:3
sand-walking,8045,2,ant_bee:2
sandal,8046,9,cucumber_zucchini:9
sandal-clad,8047,1,cucumber_zucchini:1
sandals,8048,13,ant_bee:1|cucumber_zucchini:12
sandbags,8049,1,ambulance_firetruck:1
sands,8050,5,ambulance_firetruck:5
sandstone,8051,12,ambulance_firetruck:11|ant_bee:1
sandwich,8052,134,cucumber_zucchini:134
sandwich-prep,8053,3,cucumber_zucchini:3
sandwiches,8054,11,cucumber_zucchini:11
sandy,8055,1300,acousticguitar_violin:3|ambulance_firetruck:20|ant_bee:1270|cucumber_zucchini:7
sanidad-policia,8056,3,ambulance_firetruck:3
sanidad-policía,8057,4,ambulance_firetruck:4
sanitaria,8058,4,ambulance_firetruck:4
sanitrans,8059,2,ambulance_firetruck:2
sanremo,8060,15,ambulance_firetruck:15
sanrio,8061,1,acousticguitar_violin:1
santa,8062,126,acousticguitar_violin:6|ambulance_firetruck:110|hotpot_vase:10
santa-faced,8063,2,hotpot_vase:2
santa-hatted,8064,2,acousticguitar_violin:2
santa-themed,8065,8,hotpot_vase:8
santiago,8066,1,ambulance_firetruck:1
santé,8067,2,ambulance_firetruck:2
sap,8068,41,ant_bee:41
sapeurs,8069,9,ambulance_firetruck:9
sarah,8070,1,acousticguitar_violin:1
saranag,8071,1,acousticguitar_violin:1
saranog,8072,10,acousticguitar_violin:10
sardinia,8073,1,ambulance_firetruck:1
sardinian,8074,3,ambulance_firetruck:3
sashimi,8075,4,cucumber_zucchini:3|hotpot_vase:1
sasso,8076,15,ambulance_firetruck:15
satay,8077,5,cucumber_zucchini:5
satellite,8078,16,ambulance_firetruck:16
satin,8079,35,acousticguitar_violin:13|hotpot_vase:22
sauce,8080,809,ambulance_firetruck:18|cucumber_zucchini:281|hotpot_vase:510
sauce-colorful,8081,2,hotpot_vase:2
sauce-covered,8082,1,cucumber_zucchini:1
sauced,8083,11,cucumber_zucchini:9|hotpot_vase:2
saucepan,8084,3,cucumber_zucchini:2|hotpot_vase:1
saucer,8085,7,hotpot_vase:7
sauces,8086,122,ambulance_firetruck:2|cucumber_zucchini:6|hotpot_vase:114
saucy,8087,22,cucumber_zucchini:3|hotpot_vase:19
saudi,8088,1,ambulance_firetruck:1
sauerkraut,8089,15,hotpot_vase:15
sausage,8090,127,cucumber_zucchini:60|hotpot_vase:67
sausages,8091,37,cucumber_zucchini:2|hotpot_vase:35
sauté,8092,1,hotpot_vase:1
sautéed,8093,220,cucumber_zucchini:189|hotpot_vase:31
sautéing,8094,60,cucumber_zucchini:39|hotpot_vase:21
sautés,8095,2,cucumber_zucchini:2
savanna,8096,7,hotpot_vase:7
savanna-themed,8097,1,hotpot_vase:1
savannah-themed,8098,2,hotpot_vase:2
save,8099,13,ambulance_firetruck:12|cucumber_zucchini:1
savings,8100,1,cucumber_zucchini:1
savory,8101,1802,cucumber_zucchini:90|hotpot_vase:1712
sax,8102,7,acousticguitar_violin:7
saxophone,8103,19,acousticguitar_violin:19
saxophones,8104,2,acousticguitar_violin:2
saxophonist,8105,14,acousticguitar_violin:14
says,8106,8,acousticguitar_violin:7|cucumber_zucchini:1
scaffolded,8107,3,ambulance_firetruck:3
scaffolding,8108,6,ambulance_firetruck:6
scale,8109,207,acousticguitar_violin:4|ant_bee:83|cucumber_zucchini:119|hotpot_vase:1
scales,8110,3,acousticguitar_violin:1|cucumber_zucchini:1|hotpot_vase:1
scaling,8111,5,ant_bee:5
scallions,8112,41,cucumber_zucchini:16|hotpot_vase:25
scalloped,8113,61,hotpot_vase:61
scalloped-edged,8114,1,cucumber_zucchini:1
scallops,8115,22,hotpot_vase:22
scanano,8116,3,ambulance_firetruck:3
scania,8117,59,ambulance_firetruck:59
scanning,8118,1,ant_bee:1
scanno,8119,1,ambulance_firetruck:1
scared,8120,2,hotpot_vase:2
scarf,8121,25,acousticguitar_violin:24|hotpot_vase:1
scars,8122,1,cucumber_zucchini:1
scarves,8123,1,acousticguitar_violin:1
scary,8124,1,acousticguitar_violin:1
scatter,8125,1,ant_bee:1
scattered,8126,314,acousticguitar_violin:63|ambulance_firetruck:24|ant_bee:169|cucumber_zucchini:40|hotpot_vase:18
scavenge,8127,2,ant_bee:2
scavenging,8128,37,ant_bee:37
scene,8129,1319,acousticguitar_violin:26|ambulance_firetruck:862|ant_bee:132|cucumber_zucchini:47|hotpot_vase:252
scenery,8130,4,ant_bee:2|hotpot_vase:2
scenes,8131,124,ant_bee:1|hotpot_vase:123
scenic,8132,23,acousticguitar_violin:5|ambulance_firetruck:4|hotpot_vase:14
schaaf,8133,5,acousticguitar_violin:5
schecter,8134,12,acousticguitar_violin:12
scheme,8135,1,ambulance_firetruck:1
schick,8136,16,ambulance_firetruck:16
school,8137,118,acousticguitar_violin:55|ambulance_firetruck:60|hotpot_vase:3
schoolgirls,8138,1,acousticguitar_violin:1
science,8139,1,acousticguitar_violin:1
scientific,8140,10,ant_bee:3|cucumber_zucchini:7
scissors,8141,40,ant_bee:7|cucumber_zucchini:21|hotpot_vase:12
scoop,8142,2,cucumber_zucchini:1|hotpot_vase:1
scooped,8143,1,hotpot_vase:1
scooping,8144,11,hotpot_vase:11
scoops,8145,2,hotpot_vase:2
scooter,8146,17,ambulance_firetruck:17
score,8147,4,acousticguitar_violin:4
scorpion,8148,1,ant_bee:1
scotland,8149,8,acousticguitar_violin:2|ambulance_firetruck:6
scottish,8150,24,ambulance_firetruck:24
scrambled,8151,5,cucumber_zucchini:5
scrap,8152,1,ant_bee:1
scraps,8153,8,ant_bee:3|cucumber_zucchini:5
scratch,8154,1,acousticguitar_violin:1
scratched,8155,2,ant_bee:1|hotpot_vase:1
screaming,8156,5,acousticguitar_violin:1|cucumber_zucchini:3|hotpot_vase:1
screams,8157,1,cucumber_zucchini:1
screen,8158,25,acousticguitar_violin:11|ant_bee:7|cucumber_zucchini:4|hotpot_vase:3
screened,8159,3,acousticguitar_violin:3
screens,8160,4,ambulance_firetruck:4
screenshot,8161,1,ambulance_firetruck:1
screw,8162,40,ant_bee:40
script,8163,36,acousticguitar_violin:17|ambulance_firetruck:7|hotpot_vase:12
scripted,8164,2,acousticguitar_violin:2
scripture,8165,18,hotpot_vase:18
scroll,8166,650,acousticguitar_violin:627|hotpot_vase:23
scroll-rich,8167,4,acousticguitar_violin:4
scroll-shaped,8168,1,acousticguitar_violin:1
scrolled,8169,4,acousticguitar_violin:1|hotpot_vase:3
scrolls,8170,4,hotpot_vase:4
scrollwork,8171,35,acousticguitar_violin:5|hotpot_vase:30
scrub,8172,1,cucumber_zucchini:1
sculpt,8173,1,hotpot_vase:1
sculpted,8174,57,hotpot_vase:57
sculptural,8175,57,hotpot_vase:57
sculpture,8176,343,acousticguitar_violin:50|ambulance_firetruck:8|ant_bee:134|cucumber_zucchini:20|hotpot_vase:131
sculptures,8177,27,ant_bee:13|cucumber_zucchini:8|hotpot_vase:6
scurries,8178,2,ant_bee:2
scurry,8179,12,ant_bee:12
scurrying,8180,7,ant_bee:7
sea,8181,64,acousticguitar_violin:9|ambulance_firetruck:27|cucumber_zucchini:7|hotpot_vase:21
sea-themed,8182,2,hotpot_vase:2
seafood,8183,408,cucumber_zucchini:1|hotpot_vase:407
seafood-stew,8184,1,hotpot_vase:1
seagrave,8185,14,ambulance_firetruck:14
seal,8186,10,hotpot_vase:10
sealed,8187,9,cucumber_zucchini:9
seals,8188,1,acousticguitar_violin:1
seam,8189,20,acousticguitar_violin:7|ant_bee:13
seamlessly,8190,1,acousticguitar_violin:1
seams,8191,2,acousticguitar_violin:1|hotpot_vase:1
sean,8192,3,acousticguitar_violin:2|ant_bee:1
search,8193,13,ambulance_firetruck:13
seared,8194,17,cucumber_zucchini:16|hotpot_vase:1
seashell,8195,3,hotpot_vase:3
seashell-adorned,8196,1,hotpot_vase:1
seashell-covered,8197,3,hotpot_vase:3
seashell-encrusted,8198,3,hotpot_vase:3
seaside,8199,23,acousticguitar_violin:3|ambulance_firetruck:14|cucumber_zucchini:6
season,8200,1,ant_bee:1
seasoned,8201,58,cucumber_zucchini:56|hotpot_vase:2
seasoning,8202,34,cucumber_zucchini:29|hotpot_vase:5
seasonings,8203,3,cucumber_zucchini:2|hotpot_vase:1
seat,8204,47,acousticguitar_violin:1|ambulance_firetruck:27|cucumber_zucchini:19
seatbelt,8205,37,cucumber_zucchini:37
seated,8206,239,acousticguitar_violin:203|ambulance_firetruck:28|cucumber_zucchini:1|hotpot_vase:7
seating,8207,12,ambulance_firetruck:11|hotpot_vase:1
seats,8208,144,acousticguitar_violin:18|ambulance_firetruck:126
seattle,8209,61,ambulance_firetruck:61
seaweed,8210,51,cucumber_zucchini:31|hotpot_vase:20
second,8211,2,ambulance_firetruck:2
secretion,8212,8,ant_bee:8
secretions,8213,2,ant_bee:2
section,8214,16,ant_bee:1|cucumber_zucchini:15
sections,8215,25,cucumber_zucchini:2|hotpot_vase:23
secure,8216,1,acousticguitar_violin:1
secured,8217,25,acousticguitar_violin:2|ambulance_firetruck:1|cucumber_zucchini:22
securely,8218,1,acousticguitar_violin:1
securing,8219,9,ambulance_firetruck:9
security,8220,1,acousticguitar_violin:1
sedan,8221,7,ambulance_firetruck:7
sedimentary,8222,1,ant_bee:1
see,8223,13,ambulance_firetruck:13
seed,8224,144,ant_bee:61|cucumber_zucchini:79|hotpot_vase:4
seed-filled,8225,2,cucumber_zucchini:2
seeded,8226,6,cucumber_zucchini:6
seeds,8227,917,ant_bee:51|cucumber_zucchini:826|hotpot_vase:40
seedy,8228,1,cucumber_zucchini:1
seemingly,8229,3,ant_bee:3
seen,8230,29,acousticguitar_violin:1|ambulance_firetruck:25|ant_bee:3
segmented,8231,78,ant_bee:54|cucumber_zucchini:18|hotpot_vase:6
segments,8232,16,ant_bee:9|cucumber_zucchini:5|hotpot_vase:2
selecting,8233,18,cucumber_zucchini:18
selection,8234,3,acousticguitar_violin:3
selective,8235,28,acousticguitar_violin:9|ambulance_firetruck:3|ant_bee:16
selective-color,8236,1,acousticguitar_violin:1
selects,8237,4,cucumber_zucchini:4
self-portrait,8238,2,acousticguitar_violin:2
self-service,8239,1,hotpot_vase:1
self-similar,8240,1,ant_bee:1
self-timing,8241,1,acousticguitar_violin:1
selfie,8242,10,acousticguitar_violin:10
sell,8243,1,cucumber_zucchini:1
selling,8244,92,cucumber_zucchini:92
sells,8245,6,cucumber_zucchini:6
seltzer,8246,12,cucumber_zucchini:12
semi-hollow,8247,27,acousticguitar_violin:27
semi-truck,8248,1,ambulance_firetruck:1
senago,8249,2,ambulance_firetruck:2
sendai,8250,15,ambulance_firetruck:15
sensual,8251,4,acousticguitar_violin:4
sepals,8252,5,ant_bee:5
separate,8253,2,acousticguitar_violin:1|cucumber_zucchini:1
separated,8254,3,ant_bee:1|hotpot_vase:2
separator,8255,6,hotpot_vase:6
sepia,8256,260,acousticguitar_violin:241|ambulance_firetruck:5|ant_bee:11|hotpot_vase:3
sepia-toned,8257,254,acousticguitar_violin:236|ambulance_firetruck:2|ant_bee:16
september,8258,7,acousticguitar_violin:1|ambulance_firetruck:6
sequence,8259,4,ant_bee:4
sequential,8260,2,acousticguitar_violin:1|ant_bee:1
sequined,8261,16,acousticguitar_violin:16
serbari,8262,2,ambulance_firetruck:2
serene,8263,173,acousticguitar_violin:109|hotpot_vase:64
serengeti,8264,4,hotpot_vase:4
serenity,8265,2,acousticguitar_violin:2
serious,8266,15,acousticguitar_violin:14|ambulance_firetruck:1
serpent,8267,20,hotpot_vase:20
serpentine,8268,1,hotpot_vase:1
serpents,8269,2,hotpot_vase:2
serrated,8270,16,ant_bee:16
serve,8271,11,cucumber_zucchini:2|hotpot_vase:9
served,8272,782,cucumber_zucchini:98|hotpot_vase:684
server,8273,1,hotpot_vase:1
service,8274,328,ambulance_firetruck:327|hotpot_vase:1
services,8275,104,ambulance_firetruck:104
serving,8276,55,ambulance_firetruck:11|cucumber_zucchini:4|hotpot_vase:40
servizio,8277,8,ambulance_firetruck:8
sesame,8278,170,cucumber_zucchini:121|hotpot_vase:49
sesame-coated,8279,1,cucumber_zucchini:1
sesame-garnished,8280,1,cucumber_zucchini:1
sesame-topped,8281,1,cucumber_zucchini:1
session,8282,23,acousticguitar_violin:23
set,8283,399,acousticguitar_violin:194|ambulance_firetruck:3|ant_bee:15|cucumber_zucchini:11|hotpot_vase:176
setting,8284,611,acousticguitar_violin:256|ambulance_firetruck:134|ant_bee:117|cucumber_zucchini:31|hotpot_vase:73
settings,8285,4,cucumber_zucchini:2|hotpot_vase:2
setup,8286,136,acousticguitar_violin:50|ambulance_firetruck:4|hotpot_vase:82
seven,8287,96,acousticguitar_violin:23|ambulance_firetruck:14|ant_bee:10|cucumber_zucchini:32|hotpot_vase:17
several,8288,28,acousticguitar_violin:11|ambulance_firetruck:3|ant_bee:7|cucumber_zucchini:7
severed,8289,1,ant_bee:1
severely,8290,3,ambulance_firetruck:3
sew,8291,9,ambulance_firetruck:9
sex,8292,1,acousticguitar_violin:1
shabu-shabu,8293,8,hotpot_vase:8
shade,8294,32,ambulance_firetruck:3|cucumber_zucchini:29
shaded,8295,8,ambulance_firetruck:5|cucumber_zucchini:3
shades,8296,7,acousticguitar_violin:3|cucumber_zucchini:1|hotpot_vase:3
shadow,8297,356,acousticguitar_violin:201|ambulance_firetruck:2|ant_bee:114|cucumber_zucchini:3|hotpot_vase:36
shadowed,8298,54,acousticguitar_violin:40|ant_bee:8|cucumber_zucchini:1|hotpot_vase:5
shadows,8299,132,acousticguitar_violin:54|ambulance_firetruck:8|ant_bee:17|cucumber_zucchini:8|hotpot_vase:45
shadowy,8300,5,acousticguitar_violin:5
shaggy,8301,2,acousticguitar_violin:2
shaham,8302,12,acousticguitar_violin:12
shahan,8303,1,acousticguitar_violin:1
shakers,8304,1,hotpot_vase:1
shakes,8305,6,ambulance_firetruck:6
shaking,8306,4,ambulance_firetruck:4
shallots,8307,5,cucumber_zucchini:1|hotpot_vase:4
shallow,8308,48,acousticguitar_violin:24|ambulance_firetruck:7|ant_bee:15|cucumber_zucchini:2
shamrock,8309,10,hotpot_vase:10
shamrocks,8310,13,ambulance_firetruck:13
shape,8311,215,acousticguitar_violin:25|ant_bee:16|cucumber_zucchini:103|hotpot_vase:71
shaped,8312,70,acousticguitar_violin:1|cucumber_zucchini:44|hotpot_vase:25
shapes,8313,90,acousticguitar_violin:9|ant_bee:3|cucumber_zucchini:20|hotpot_vase:58
shaping,8314,5,acousticguitar_violin:5
shard,8315,1,hotpot_vase:1
shards,8316,14,hotpot_vase:14
share,8317,10,acousticguitar_violin:5|cucumber_zucchini:2|hotpot_vase:3
shared,8318,203,cucumber_zucchini:1|hotpot_vase:202
shares,8319,1,hotpot_vase:1
sharing,8320,135,acousticguitar_violin:1|ant_bee:4|cucumber_zucchini:7|hotpot_vase:123
sharp,8321,136,acousticguitar_violin:17|ant_bee:101|cucumber_zucchini:18
sharpesburg,8322,1,ambulance_firetruck:1
sharply,8323,3,ant_bee:3
sharpsburg,8324,4,ambulance_firetruck:4
shattered,8325,12,ambulance_firetruck:5|cucumber_zucchini:6|hotpot_vase:1
shattered-gold,8326,2,hotpot_vase:2
shaved,8327,15,cucumber_zucchini:15
shavings,8328,8,ant_bee:1|cucumber_zucchini:7
she,8329,1,acousticguitar_violin:1
shears,8330,1,cucumber_zucchini:1
shed,8331,31,ambulance_firetruck:29|ant_bee:2
sheds,8332,2,ambulance_firetruck:2
sheen,8333,22,acousticguitar_violin:1|ant_bee:7|cucumber_zucchini:7|hotpot_vase:7
sheep,8334,1,hotpot_vase:1
sheet,8335,917,acousticguitar_violin:911|cucumber_zucchini:6
sheets,8336,15,acousticguitar_violin:15
sheffield,8337,1,ambulance_firetruck:1
shelf,8338,223,acousticguitar_violin:37|cucumber_zucchini:32|hotpot_vase:154
shell,8339,42,acousticguitar_violin:2|ambulance_firetruck:14|ant_bee:24|cucumber_zucchini:1|hotpot_vase:1
shell-adorned,8340,4,hotpot_vase:4
shell-covered,8341,20,hotpot_vase:20
shell-embellished,8342,1,hotpot_vase:1
shell-encrusted,8343,4,hotpot_vase:4
shellfish,8344,1,cucumber_zucchini:1
shells,8345,21,hotpot_vase:21
shelter,8346,180,ambulance_firetruck:172|ant_bee:7|cucumber_zucchini:1
sheltered,8347,3,ambulance_firetruck:3
shelved,8348,2,acousticguitar_violin:2
shelves,8349,166,acousticguitar_violin:85|ambulance_firetruck:19|cucumber_zucchini:28|hotpot_vase:34
shelving,8350,4,acousticguitar_violin:4
shepherd,8351,1,hotpot_vase:1
shettleston,8352,1,ambulance_firetruck:1
shield,8353,37,ambulance_firetruck:16|hotpot_vase:21
shields,8354,2,hotpot_vase:2
shiitake,8355,1,hotpot_vase:1
shimmer,8356,1,acousticguitar_violin:1
shimmering,8357,32,acousticguitar_violin:6|ant_bee:22|hotpot_vase:4
shine,8358,7,ambulance_firetruck:1|ant_bee:5|cucumber_zucchini:1
shingle,8359,1,acousticguitar_violin:1
shingled,8360,8,acousticguitar_violin:8
shingles,8361,11,acousticguitar_violin:11
shining,8362,19,acousticguitar_violin:1|ambulance_firetruck:4|ant_bee:7|cucumber_zucchini:7
shiny,8363,1648,acousticguitar_violin:186|ambulance_firetruck:91|ant_bee:1123|cucumber_zucchini:102|hotpot_vase:146
shiny-eyed,8364,1,ant_bee:1
ship,8365,68,acousticguitar_violin:12|ambulance_firetruck:20|hotpot_vase:36
ship's,8366,5,hotpot_vase:5
ship-themed,8367,1,hotpot_vase:1
shirt,8368,530,acousticguitar_violin:400|ambulance_firetruck:23|cucumber_zucchini:92|hotpot_vase:15
shirtless,8369,58,acousticguitar_violin:39|ambulance_firetruck:1|cucumber_zucchini:18
shirts,8370,57,acousticguitar_violin:22|ambulance_firetruck:35
shock,8371,9,acousticguitar_violin:6|ambulance_firetruck:1|cucumber_zucchini:1|hotpot_vase:1
shocked,8372,11,cucumber_zucchini:10|hotpot_vase:1
shoe,8373,84,acousticguitar_violin:4|ambulance_firetruck:23|ant_bee:19|cucumber_zucchini:38
shoes,8374,41,acousticguitar_violin:17|ant_bee:8|cucumber_zucchini:16
shogun,8375,2,ambulance_firetruck:2
shoot,8376,5,hotpot_vase:5
shooting,8377,9,ambulance_firetruck:9
shoots,8378,38,ambulance_firetruck:6|ant_bee:19|hotpot_vase:13
shop,8379,143,acousticguitar_violin:84|ambulance_firetruck:41|hotpot_vase:18
shopper,8380,2,cucumber_zucchini:2
shoppers,8381,2,cucumber_zucchini:2
shopping,8382,23,ambulance_firetruck:15|cucumber_zucchini:6|hotpot_vase:2
shops,8383,79,ambulance_firetruck:79
shore,8384,1,ambulance_firetruck:1
shoreline,8385,1,ambulance_firetruck:1
shorewood,8386,11,ambulance_firetruck:11
short,8387,45,acousticguitar_violin:24|cucumber_zucchini:4|hotpot_vase:17
shorter,8388,7,hotpot_vase:7
shorts,8389,21,acousticguitar_violin:15|ambulance_firetruck:6
shot,8390,752,acousticguitar_violin:63|ambulance_firetruck:5|ant_bee:658|cucumber_zucchini:25|hotpot_vase:1
shots,8391,11,acousticguitar_violin:1|ant_bee:7|cucumber_zucchini:3
shoulder,8392,23,acousticguitar_violin:23
shouting,8393,7,cucumber_zucchini:7
shouts,8394,4,cucumber_zucchini:4
show,8395,119,acousticguitar_violin:17|ambulance_firetruck:83|ant_bee:4|cucumber_zucchini:14|hotpot_vase:1
showcase,8396,9,acousticguitar_violin:2|ambulance_firetruck:7
showcased,8397,38,acousticguitar_violin:36|cucumber_zucchini:2
showcasing,8398,481,acousticguitar_violin:230|ambulance_firetruck:9|ant_bee:106|cucumber_zucchini:124|hotpot_vase:12
shower,8399,9,acousticguitar_violin:9
showing,8400,412,acousticguitar_violin:64|ambulance_firetruck:123|ant_bee:102|cucumber_zucchini:109|hotpot_vase:14
shown,8401,181,acousticguitar_violin:136|ambulance_firetruck:6|ant_bee:15|cucumber_zucchini:10|hotpot_vase:14
showroom,8402,13,ambulance_firetruck:13
shows,8403,40,acousticguitar_violin:4|ambulance_firetruck:9|ant_bee:20|cucumber_zucchini:6|hotpot_vase:1
shredded,8404,80,ant_bee:4|cucumber_zucchini:51|hotpot_vase:25
shreveport,8405,7,ambulance_firetruck:7
shrimp,8406,520,ant_bee:20|cucumber_zucchini:84|hotpot_vase:416
shrine,8407,12,ambulance_firetruck:12
shrub,8408,4,ant_bee:3|hotpot_vase:1
shrubs,8409,2,ambulance_firetruck:2
shuttered,8410,2,acousticguitar_violin:1|ambulance_firetruck:1
shutters,8411,5,acousticguitar_violin:3|ambulance_firetruck:1|hotpot_vase:1
shuttle,8412,3,ambulance_firetruck:3
shuàn,8413,1,hotpot_vase:1
siamese,8414,1,acousticguitar_violin:1
sibling,8415,1,acousticguitar_violin:1
sichuan,8416,26,hotpot_vase:26
sichuan-style,8417,1,hotpot_vase:1
side,8418,2356,acousticguitar_violin:640|ambulance_firetruck:942|ant_bee:25|cucumber_zucchini:235|hotpot_vase:514
side-by-side,8419,169,acousticguitar_violin:103|ambulance_firetruck:46|ant_bee:4|cucumber_zucchini:3|hotpot_vase:13
side-mounted,8420,3,acousticguitar_violin:3
side-on,8421,1,ant_bee:1
side-profile,8422,1,ant_bee:1
side-view,8423,6,acousticguitar_violin:3|ant_bee:3
sideboard,8424,1,hotpot_vase:1
sides,8425,414,acousticguitar_violin:225|ambulance_firetruck:30|ant_bee:1|cucumber_zucchini:16|hotpot_vase:142
sidewalk,8426,165,acousticguitar_violin:39|ambulance_firetruck:92|ant_bee:33|hotpot_vase:1
sidewalks,8427,11,ambulance_firetruck:11
sidi,8428,5,cucumber_zucchini:5
siding,8429,19,ant_bee:18|cucumber_zucchini:1
sies107,8430,24,ambulance_firetruck:24
sieve,8431,2,hotpot_vase:2
sigma,8432,3,acousticguitar_violin:3
sign,8433,378,acousticguitar_violin:24|ambulance_firetruck:252|ant_bee:14|cucumber_zucchini:61|hotpot_vase:27
signage,8434,53,ambulance_firetruck:51|hotpot_vase:2
signal,8435,5,ambulance_firetruck:5
signals,8436,1,ambulance_firetruck:1
signature,8437,47,acousticguitar_violin:42|hotpot_vase:5
signatures,8438,7,acousticguitar_violin:7
signed,8439,149,acousticguitar_violin:131|hotpot_vase:18
signing,8440,13,ambulance_firetruck:13
signs,8441,99,acousticguitar_violin:3|ambulance_firetruck:66|cucumber_zucchini:29|hotpot_vase:1
silence,8442,1,acousticguitar_violin:1
silenzia,8443,6,acousticguitar_violin:6
silhouette,8444,216,acousticguitar_violin:84|ant_bee:97|hotpot_vase:35
silhouetted,8445,227,acousticguitar_violin:86|ant_bee:112|hotpot_vase:29
silhouettes,8446,34,acousticguitar_violin:5|ant_bee:13|hotpot_vase:16
silk,8447,90,acousticguitar_violin:52|ant_bee:13|cucumber_zucchini:9|hotpot_vase:16
silken,8448,1,ant_bee:1
sill,8449,18,ant_bee:10|hotpot_vase:8
silver,8450,782,acousticguitar_violin:235|ambulance_firetruck:139|ant_bee:14|cucumber_zucchini:10|hotpot_vase:384
silver-toned,8451,1,hotpot_vase:1
silvered,8452,1,acousticguitar_violin:1
silverware,8453,5,hotpot_vase:5
silvery,8454,1,ant_bee:1
similar,8455,4,ambulance_firetruck:4
simmer,8456,7,hotpot_vase:7
simmered,8457,1,hotpot_vase:1
simmering,8458,1834,cucumber_zucchini:30|hotpot_vase:1804
simmers,8459,456,cucumber_zucchini:4|hotpot_vase:452
simple,8460,74,acousticguitar_violin:27|cucumber_zucchini:4|hotpot_vase:43
simplicity,8461,1,hotpot_vase:1
simply,8462,1,cucumber_zucchini:1
since,8463,10,acousticguitar_violin:1|ambulance_firetruck:2|ant_bee:1|cucumber_zucchini:3|hotpot_vase:3
sing,8464,7,acousticguitar_violin:7
singer,8465,86,acousticguitar_violin:86
singing,8466,159,acousticguitar_violin:159
single,8467,167,acousticguitar_violin:99|ant_bee:2|cucumber_zucchini:3|hotpot_vase:63
single-coil,8468,1,acousticguitar_violin:1
sings,8469,152,acousticguitar_violin:152
sink,8470,127,cucumber_zucchini:118|hotpot_vase:9
sipping,8471,102,ant_bee:81|cucumber_zucchini:21
sippy,8472,7,cucumber_zucchini:7
sips,8473,11,ant_bee:7|cucumber_zucchini:4
siren,8474,53,ambulance_firetruck:53
sirens,8475,18,ambulance_firetruck:18
sister,8476,10,acousticguitar_violin:10
sit,8477,74,acousticguitar_violin:7|ambulance_firetruck:6|cucumber_zucchini:10|hotpot_vase:51
site,8478,53,ambulance_firetruck:53
sits,8479,215,acousticguitar_violin:77|ambulance_firetruck:47|ant_bee:7|cucumber_zucchini:21|hotpot_vase:63
sitting,8480,118,acousticguitar_violin:74|ambulance_firetruck:24|cucumber_zucchini:3|hotpot_vase:17
situation,8481,1,ambulance_firetruck:1
six,8482,1527,acousticguitar_violin:1323|ambulance_firetruck:33|ant_bee:68|cucumber_zucchini:61|hotpot_vase:42
six-legged,8483,1,ant_bee:1
six-panel,8484,1,ant_bee:1
six-string,8485,26,acousticguitar_violin:26
six-stringed,8486,4,acousticguitar_violin:4
size,8487,157,acousticguitar_violin:24|ambulance_firetruck:1|ant_bee:12|cucumber_zucchini:106|hotpot_vase:14
sizes,8488,255,acousticguitar_violin:57|cucumber_zucchini:133|hotpot_vase:65
sizzle,8489,12,cucumber_zucchini:5|hotpot_vase:7
sizzles,8490,7,hotpot_vase:7
sizzling,8491,400,cucumber_zucchini:28|hotpot_vase:372
skate,8492,2,hotpot_vase:2
skateboard,8493,20,acousticguitar_violin:20
skeleton,8494,8,acousticguitar_violin:8
skeleton-faced,8495,10,acousticguitar_violin:10
sketch,8496,4,acousticguitar_violin:4
sketch-laden,8497,2,acousticguitar_violin:2
sketches,8498,9,acousticguitar_violin:8|hotpot_vase:1
sketchpad,8499,1,acousticguitar_violin:1
skewer,8500,7,hotpot_vase:7
skewered,8501,11,hotpot_vase:11
skewers,8502,42,cucumber_zucchini:1|hotpot_vase:41
ski,8503,1,ambulance_firetruck:1
skies,8504,24,ambulance_firetruck:18|ant_bee:2|cucumber_zucchini:1|hotpot_vase:3
skill,8505,3,acousticguitar_violin:3
skilled,8506,2,acousticguitar_violin:2
skillet,8507,112,cucumber_zucchini:23|hotpot_vase:89
skillet-dinner,8508,2,hotpot_vase:2
skillet-dish,8509,3,hotpot_vase:3
skillet-meal,8510,1,hotpot_vase:1
skillfully,8511,4,acousticguitar_violin:4
skin,8512,929,acousticguitar_violin:1|ant_bee:243|cucumber_zucchini:683|hotpot_vase:2
skin-care,8513,1,cucumber_zucchini:1
skincare,8514,2,cucumber_zucchini:2
skins,8515,102,cucumber_zucchini:102
skirt,8516,7,acousticguitar_violin:7
skull,8517,59,acousticguitar_violin:58|ant_bee:1
skull-painted,8518,6,acousticguitar_violin:6
sky,8519,1877,acousticguitar_violin:148|ambulance_firetruck:1144|ant_bee:517|cucumber_zucchini:27|hotpot_vase:41
skylift,8520,3,ambulance_firetruck:3
skylight,8521,2,acousticguitar_violin:2
skylights,8522,1,ambulance_firetruck:1
skyline,8523,43,acousticguitar_violin:9|ambulance_firetruck:34
skyscraper,8524,3,ambulance_firetruck:3
skyscrapers,8525,6,ambulance_firetruck:6
skyward,8526,9,acousticguitar_violin:2|ambulance_firetruck:6|cucumber_zucchini:1
slab,8527,1,cucumber_zucchini:1
slabs,8528,5,ant_bee:5
slat,8529,2,acousticguitar_violin:2
slats,8530,36,acousticguitar_violin:7|ant_bee:1|cucumber_zucchini:27|hotpot_vase:1
slatted,8531,13,acousticguitar_violin:7|ant_bee:1|cucumber_zucchini:5
sleek,8532,111,acousticguitar_violin:39|hotpot_vase:72
sleeping,8533,26,acousticguitar_violin:10|cucumber_zucchini:16
sleeps,8534,6,cucumber_zucchini:6
sleepy,8535,1,acousticguitar_violin:1
sleeve,8536,3,acousticguitar_violin:2|hotpot_vase:1
sleeves,8537,14,acousticguitar_violin:1|cucumber_zucchini:13
slender,8538,70,ant_bee:51|hotpot_vase:19
slice,8539,646,ant_bee:44|cucumber_zucchini:589|hotpot_vase:13
sliced,8540,4194,ant_bee:8|cucumber_zucchini:4118|hotpot_vase:68
slices,8541,1298,ant_bee:5|cucumber_zucchini:1230|hotpot_vase:63
slicing,8542,182,cucumber_zucchini:182
slide,8543,21,acousticguitar_violin:1|ambulance_firetruck:20
slight,8544,28,ant_bee:1|cucumber_zucchini:27
slightly,8545,60,acousticguitar_violin:2|ambulance_firetruck:1|ant_bee:17|cucumber_zucchini:37|hotpot_vase:3
slim,8546,1,ant_bee:1
slits,8547,2,ant_bee:2
slivers,8548,1,hotpot_vase:1
slogan,8549,8,ambulance_firetruck:8
slogans,8550,1,acousticguitar_violin:1
slots,8551,2,ant_bee:2
slotted,8552,15,cucumber_zucchini:4|hotpot_vase:11
slow,8553,244,hotpot_vase:244
slow-cooked,8554,7,hotpot_vase:7
slow-cooker,8555,3,hotpot_vase:3
slow-cooking,8556,1,hotpot_vase:1
slows,8557,1,ambulance_firetruck:1
slung,8558,1,acousticguitar_violin:1
slurping,8559,1,hotpot_vase:1
služba,8560,6,ambulance_firetruck:6
small,8561,1678,acousticguitar_violin:156|ambulance_firetruck:34|ant_bee:986|cucumber_zucchini:400|hotpot_vase:102
small-showcasing,8562,1,ant_bee:1
small-town,8563,2,ambulance_firetruck:2
smaller,8564,89,acousticguitar_violin:24|ambulance_firetruck:1|ant_bee:27|cucumber_zucchini:26|hotpot_vase:11
smart,8565,1,hotpot_vase:1
smashed,8566,2,cucumber_zucchini:2
smear,8567,7,cucumber_zucchini:7
smh,8568,17,ambulance_firetruck:17
smile,8569,123,acousticguitar_violin:77|ambulance_firetruck:15|cucumber_zucchini:26|hotpot_vase:5
smiles,8570,162,acousticguitar_violin:80|ambulance_firetruck:21|cucumber_zucchini:25|hotpot_vase:36
smiley,8571,33,cucumber_zucchini:32|hotpot_vase:1
smiley-faced,8572,1,cucumber_zucchini:1
smiling,8573,1501,acousticguitar_violin:825|ambulance_firetruck:176|ant_bee:1|cucumber_zucchini:388|hotpot_vase:111
smirking,8574,2,acousticguitar_violin:2
smith,8575,1,acousticguitar_violin:1
smoke,8576,303,acousticguitar_violin:1|ambulance_firetruck:302
smoke-filled,8577,26,ambulance_firetruck:26
smoked,8578,1,hotpot_vase:1
smoking,8579,3,acousticguitar_violin:1|ambulance_firetruck:2
smoky,8580,29,acousticguitar_violin:1|ambulance_firetruck:27|hotpot_vase:1
smooth,8581,273,acousticguitar_violin:20|ant_bee:36|cucumber_zucchini:120|hotpot_vase:97
smooth-skinned,8582,2,cucumber_zucchini:2
smudge,8583,1,ant_bee:1
smur,8584,2,ambulance_firetruck:2
smyrna,8585,1,ambulance_firetruck:1
snack,8586,5,acousticguitar_violin:1|ant_bee:3|cucumber_zucchini:1
snacks,8587,40,cucumber_zucchini:24|hotpot_vase:16
snail,8588,25,ant_bee:21|cucumber_zucchini:4
snake,8589,44,ant_bee:19|cucumber_zucchini:10|hotpot_vase:15
snake's,8590,1,ant_bee:1
snake-haired,8591,1,hotpot_vase:1
snake-like,8592,2,hotpot_vase:2
snake-skin-like,8593,1,hotpot_vase:1
snakes,8594,5,ambulance_firetruck:1|hotpot_vase:4
snaking,8595,3,ambulance_firetruck:3
snap,8596,44,cucumber_zucchini:42|hotpot_vase:2
snapdragons,8597,7,ant_bee:7
snapped,8598,4,acousticguitar_violin:4
snatching,8599,1,cucumber_zucchini:1
snc,8600,1,ambulance_firetruck:1
sneaker,8601,52,acousticguitar_violin:21|ant_bee:9|cucumber_zucchini:22
sneakers,8602,36,acousticguitar_violin:10|ant_bee:4|cucumber_zucchini:2|hotpot_vase:20
sniffing,8603,22,acousticguitar_violin:11|cucumber_zucchini:6|hotpot_vase:5
sniffs,8604,44,acousticguitar_violin:8|cucumber_zucchini:28|hotpot_vase:8
snohomish,8605,7,ambulance_firetruck:7
snout,8606,2,ant_bee:2
snout-like,8607,1,ant_bee:1
snow,8608,307,acousticguitar_violin:3|ambulance_firetruck:281|cucumber_zucchini:19|hotpot_vase:4
snow-capped,8609,4,ambulance_firetruck:4
snow-covered,8610,69,ambulance_firetruck:69
snow-dusted,8611,4,ambulance_firetruck:4
snowfall,8612,2,ambulance_firetruck:2
snowflake,8613,11,hotpot_vase:11
snowflakes,8614,13,hotpot_vase:13
snowplow,8615,17,ambulance_firetruck:17
snowy,8616,535,acousticguitar_violin:26|ambulance_firetruck:505|hotpot_vase:4
snuggling,8617,6,acousticguitar_violin:2|cucumber_zucchini:4
so,8618,15,acousticguitar_violin:2|ant_bee:1|cucumber_zucchini:5|hotpot_vase:7
soak,8619,8,cucumber_zucchini:8
soaked,8620,11,ambulance_firetruck:1|cucumber_zucchini:1|hotpot_vase:9
soaking,8621,42,cucumber_zucchini:31|hotpot_vase:11
soap,8622,44,cucumber_zucchini:44
soaps,8623,2,cucumber_zucchini:2
soapy,8624,19,cucumber_zucchini:19
soaring,8625,2,acousticguitar_violin:1|ambulance_firetruck:1
soars,8626,1,acousticguitar_violin:1
soba,8627,3,hotpot_vase:3
soccer,8628,7,ambulance_firetruck:7
soccorso,8629,63,ambulance_firetruck:63
social,8630,22,acousticguitar_violin:2|ambulance_firetruck:12|ant_bee:1|hotpot_vase:7
sociale,8631,8,ambulance_firetruck:8
socializing,8632,2,ambulance_firetruck:1|hotpot_vase:1
sock,8633,4,hotpot_vase:4
socks,8634,4,cucumber_zucchini:4
soda,8635,47,cucumber_zucchini:35|hotpot_vase:12
sofa,8636,136,acousticguitar_violin:130|hotpot_vase:6
sofas,8637,1,acousticguitar_violin:1
soft,8638,1052,acousticguitar_violin:336|ambulance_firetruck:2|ant_bee:510|cucumber_zucchini:64|hotpot_vase:140
soft-boiled,8639,2,hotpot_vase:2
soft-focus,8640,19,acousticguitar_violin:3|ant_bee:16
soft-focused,8641,1,ant_bee:1
soft-lit,8642,3,acousticguitar_violin:1|ant_bee:2
softly,8643,121,acousticguitar_violin:83|ant_bee:10|cucumber_zucchini:6|hotpot_vase:22
software,8644,14,acousticguitar_violin:14
soil,8645,2577,ant_bee:1456|cucumber_zucchini:1121
soil-speckled,8646,1,ant_bee:1
soil-two,8647,4,ant_bee:4
sold,8648,5,acousticguitar_violin:4|cucumber_zucchini:1
soldier,8649,102,ambulance_firetruck:102
soldier's,8650,1,ambulance_firetruck:1
soldiers,8651,28,ambulance_firetruck:27|ant_bee:1
soleil,8652,7,acousticguitar_violin:7
solid,8653,34,acousticguitar_violin:9|ant_bee:9|cucumber_zucchini:14|hotpot_vase:2
solid-body,8654,4,acousticguitar_violin:4
solidarity,8655,2,acousticguitar_violin:1|ambulance_firetruck:1
solitary,8656,5,acousticguitar_violin:2|ant_bee:2|hotpot_vase:1
solitude,8657,7,acousticguitar_violin:6|ambulance_firetruck:1
solo,8658,3,acousticguitar_violin:2|ant_bee:1
solution,8659,1,cucumber_zucchini:1
sombreros,8660,1,acousticguitar_violin:1
some,8661,204,ambulance_firetruck:7|ant_bee:79|cucumber_zucchini:118
someone,8662,1,hotpot_vase:1
son,8663,8,acousticguitar_violin:7|ambulance_firetruck:1
sonata,8664,5,acousticguitar_violin:5
sonatas,8665,14,acousticguitar_violin:14
songs,8666,1,acousticguitar_violin:1
sonic,8667,12,acousticguitar_violin:12
soon,8668,6,hotpot_vase:6
sooty,8669,1,ant_bee:1
sophia,8670,6,ambulance_firetruck:6
sorrow,8671,1,acousticguitar_violin:1
sorting,8672,15,cucumber_zucchini:15
sorts,8673,1,cucumber_zucchini:1
sos,8674,30,ambulance_firetruck:30
sostitutiva,8675,1,ambulance_firetruck:1
soulful,8676,3,acousticguitar_violin:3
soulfully,8677,1,acousticguitar_violin:1
sound,8678,156,acousticguitar_violin:156
soundboard,8679,19,acousticguitar_violin:19
soundhole,8680,2607,acousticguitar_violin:2607
soundholes,8681,36,acousticguitar_violin:36
soundpost,8682,1,acousticguitar_violin:1
soundproofing,8683,3,acousticguitar_violin:3
soup,8684,3308,cucumber_zucchini:86|hotpot_vase:3222
soup-bowl,8685,2,hotpot_vase:2
soups,8686,27,hotpot_vase:27
sour,8687,27,cucumber_zucchini:6|hotpot_vase:21
source,8688,5,ambulance_firetruck:1|ant_bee:4
south,8689,57,ambulance_firetruck:49|ant_bee:4|hotpot_vase:4
southeast,8690,5,cucumber_zucchini:5
southern,8691,1,hotpot_vase:1
southwest,8692,9,ambulance_firetruck:9
southwestern,8693,1,hotpot_vase:1
souvenirs,8694,19,hotpot_vase:19
soviet,8695,10,ambulance_firetruck:10
soviet-era,8696,5,ambulance_firetruck:5
soy,8697,23,cucumber_zucchini:19|hotpot_vase:4
soy-marinated,8698,1,hotpot_vase:1
sp6a055,8699,4,hotpot_vase:4
space,8700,18,acousticguitar_violin:10|ambulance_firetruck:5|hotpot_vase:3
space-patterned,8701,2,acousticguitar_violin:2
space-themed,8702,6,acousticguitar_violin:6
spacemaster,8703,11,cucumber_zucchini:11
spacious,8704,10,ambulance_firetruck:8|hotpot_vase:2
spadix,8705,7,ant_bee:7
spaghetti,8706,71,cucumber_zucchini:71
spain,8707,1,ambulance_firetruck:1
spanish,8708,30,ambulance_firetruck:14|hotpot_vase:16
spanish-style,8709,6,ambulance_firetruck:6
spans,8710,4,cucumber_zucchini:4
spare,8711,10,ambulance_firetruck:10
sparkle,8712,11,acousticguitar_violin:6|ant_bee:5
sparkled,8713,1,acousticguitar_violin:1
sparkles,8714,3,acousticguitar_violin:1|ant_bee:2
sparkling,8715,29,acousticguitar_violin:1|ant_bee:14|hotpot_vase:14
sparkly,8716,14,acousticguitar_violin:8|ant_bee:1|hotpot_vase:5
sparse,8717,15,ant_bee:13|cucumber_zucchini:2
spathe,8718,1,ant_bee:1
spatula,8719,2,cucumber_zucchini:2
speak,8720,2,ambulance_firetruck:2
speaker,8721,73,acousticguitar_violin:54|ambulance_firetruck:19
speakers,8722,35,acousticguitar_violin:34|ambulance_firetruck:1
speaking,8723,6,ambulance_firetruck:6
speaks,8724,10,ambulance_firetruck:10
spear,8725,5,cucumber_zucchini:1|hotpot_vase:4
spears,8726,5,cucumber_zucchini:1|hotpot_vase:4
specifications,8727,12,acousticguitar_violin:12
specimen,8728,3,ant_bee:3
specimens,8729,9,ant_bee:9
speck,8730,1,ant_bee:1
speckled,8731,857,acousticguitar_violin:21|ant_bee:105|cucumber_zucchini:521|hotpot_vase:210
speckled-orange,8732,1,hotpot_vase:1
speckles,8733,167,ant_bee:21|cucumber_zucchini:118|hotpot_vase:28
specks,8734,53,ant_bee:44|cucumber_zucchini:7|hotpot_vase:2
specs,8735,32,acousticguitar_violin:31|hotpot_vase:1
spectator,8736,1,ambulance_firetruck:1
spectators,8737,149,ambulance_firetruck:149
speech,8738,10,ambulance_firetruck:10
speed,8739,21,ambulance_firetruck:21
speeding,8740,364,ambulance_firetruck:364
speeds,8741,31,ambulance_firetruck:31
spelling,8742,4,hotpot_vase:4
spencer,8743,2,ambulance_firetruck:2
spende,8744,1,ambulance_firetruck:1
spfd,8745,5,ambulance_firetruck:5
sphere,8746,30,ant_bee:6|hotpot_vase:24
spheres,8747,3,ant_bee:3
spherical,8748,10,ant_bee:3|hotpot_vase:7
spice,8749,12,ambulance_firetruck:4|cucumber_zucchini:6|hotpot_vase:2
spiced,8750,6,cucumber_zucchini:1|hotpot_vase:5
spices,8751,155,ambulance_firetruck:1|cucumber_zucchini:77|hotpot_vase:77
spicy,8752,3855,cucumber_zucchini:104|hotpot_vase:3751
"spicy,丰盛",8753,1,cucumber_zucchini:1
"spicy,涮锅",8754,1,hotpot_vase:1
spicy-sweet,8755,2,hotpot_vase:2
spider,8756,596,acousticguitar_violin:2|ant_bee:586|hotpot_vase:8
spider's,8757,3,ant_bee:3
spider-decorated,8758,1,ant_bee:1
spider-like,8759,2,ant_bee:2
spider-shaped,8760,1,ant_bee:1
spiderlings,8761,3,ant_bee:3
spiders,8762,72,ant_bee:72
spiderweb,8763,24,ant_bee:24
spidey,8764,1,ant_bee:1
spike,8765,10,ant_bee:10
spikes,8766,15,ant_bee:8|cucumber_zucchini:7
spiky,8767,355,ant_bee:249|cucumber_zucchini:106
spill,8768,18,cucumber_zucchini:16|hotpot_vase:2
spilled,8769,2,ant_bee:1|cucumber_zucchini:1
spilling,8770,18,cucumber_zucchini:14|hotpot_vase:4
spinach,8771,90,cucumber_zucchini:35|hotpot_vase:55
spinal,8772,20,cucumber_zucchini:20
spine,8773,2,ant_bee:2
spines,8774,91,ant_bee:28|cucumber_zucchini:63
spinning,8775,8,ambulance_firetruck:8
spiny,8776,25,ant_bee:23|cucumber_zucchini:2
spiral,8777,206,acousticguitar_violin:7|ant_bee:31|cucumber_zucchini:28|hotpot_vase:140
spiral-cut,8778,10,cucumber_zucchini:10
spiral-lidded,8779,1,hotpot_vase:1
spiral-patterned,8780,1,cucumber_zucchini:1
spiral-shaped,8781,3,ant_bee:1|cucumber_zucchini:2
spiral-sliced,8782,3,cucumber_zucchini:3
spiraled,8783,3,ant_bee:1|cucumber_zucchini:1|hotpot_vase:1
spiraling,8784,3,ant_bee:3
spiralized,8785,6,cucumber_zucchini:6
spirals,8786,7,ant_bee:1|cucumber_zucchini:2|hotpot_vase:4
spires,8787,9,ambulance_firetruck:9
spiritual,8788,14,acousticguitar_violin:6|hotpot_vase:8
splash,8789,4,cucumber_zucchini:4
splashes,8790,7,ambulance_firetruck:7
splashing,8791,12,ambulance_firetruck:9|cucumber_zucchini:3
splatter,8792,4,ant_bee:2|hotpot_vase:2
splattered,8793,1,hotpot_vase:1
splatters,8794,1,ant_bee:1
splayed,8795,12,ant_bee:12
splintered,8796,1,ant_bee:1
split,8797,404,acousticguitar_violin:22|ant_bee:11|cucumber_zucchini:1|hotpot_vase:370
split-boil,8798,1,hotpot_vase:1
split-broth,8799,3,hotpot_vase:3
split火锅,8800,3,hotpot_vase:3
splotches,8801,1,hotpot_vase:1
spoked,8802,5,ambulance_firetruck:5
sponge,8803,16,ant_bee:3|cucumber_zucchini:13
sponge-like,8804,2,ant_bee:2
sponges,8805,1,cucumber_zucchini:1
spongy,8806,2,ant_bee:2
sponsor,8807,8,ambulance_firetruck:6|hotpot_vase:2
sponsors,8808,6,ambulance_firetruck:6
sponsorship,8809,3,ambulance_firetruck:3
spooky,8810,2,hotpot_vase:2
spoon,8811,754,ant_bee:34|cucumber_zucchini:136|hotpot_vase:584
spoon-filled,8812,1,hotpot_vase:1
spoonful,8813,10,hotpot_vase:10
spoonfuls,8814,1,hotpot_vase:1
spoons,8815,37,hotpot_vase:37
spore,8816,7,ant_bee:7
spore-filled,8817,1,ant_bee:1
spores,8818,9,ant_bee:9
sporing,8819,1,cucumber_zucchini:1
sporophytes,8820,1,ant_bee:1
sport,8821,9,ambulance_firetruck:9
sports,8822,10,hotpot_vase:10
sports-themed,8823,2,hotpot_vase:2
spot,8824,16,ambulance_firetruck:7|ant_bee:1|cucumber_zucchini:6|hotpot_vase:2
spotlight,8825,188,acousticguitar_violin:183|ant_bee:3|cucumber_zucchini:2
spotlighted,8826,36,acousticguitar_violin:36
spotlights,8827,4,acousticguitar_violin:4
spots,8828,170,ant_bee:108|cucumber_zucchini:39|hotpot_vase:23
spotted,8829,112,ant_bee:72|cucumber_zucchini:28|hotpot_vase:12
spout,8830,14,ant_bee:1|hotpot_vase:13
spouts,8831,20,hotpot_vase:20
sprawl,8832,2,acousticguitar_violin:2
spray,8833,39,ambulance_firetruck:20|cucumber_zucchini:19
spraying,8834,185,ambulance_firetruck:185
sprays,8835,55,ambulance_firetruck:55
spread,8836,442,ant_bee:372|cucumber_zucchini:42|hotpot_vase:28
spreading,8837,1,cucumber_zucchini:1
sprig,8838,24,cucumber_zucchini:5|hotpot_vase:19
sprigs,8839,5,cucumber_zucchini:1|hotpot_vase:4
spring,8840,104,acousticguitar_violin:4|ambulance_firetruck:12|ant_bee:74|cucumber_zucchini:3|hotpot_vase:11
springdale,8841,3,ambulance_firetruck:3
springfield,8842,12,ambulance_firetruck:12
springs,8843,26,ambulance_firetruck:26
springtime,8844,19,ant_bee:19
sprinkled,8845,8,ant_bee:1|cucumber_zucchini:7
sprinkles,8846,14,ant_bee:7|cucumber_zucchini:7
sprinter,8847,1,ambulance_firetruck:1
sprout,8848,27,ant_bee:8|cucumber_zucchini:4|hotpot_vase:15
sprouting,8849,1,cucumber_zucchini:1
sprouts,8850,94,ant_bee:48|cucumber_zucchini:28|hotpot_vase:18
spruce,8851,23,acousticguitar_violin:23
squad,8852,69,ambulance_firetruck:69
square,8853,241,acousticguitar_violin:7|ambulance_firetruck:144|cucumber_zucchini:4|hotpot_vase:86
square-shaped,8854,2,hotpot_vase:2
squash,8855,2066,ant_bee:6|cucumber_zucchini:2030|hotpot_vase:30
squash-green,8856,2,cucumber_zucchini:2
squash-two,8857,5,cucumber_zucchini:5
squashes,8858,22,cucumber_zucchini:22
squid,8859,5,hotpot_vase:5
squier,8860,50,acousticguitar_violin:50
squiggles,8861,4,ant_bee:4
squiggly,8862,1,ant_bee:1
squirt,8863,3,ambulance_firetruck:3
st,8864,141,ambulance_firetruck:141
stabilize,8865,2,ambulance_firetruck:2
stack,8866,4,acousticguitar_violin:1|cucumber_zucchini:1|hotpot_vase:2
stacked,8867,747,acousticguitar_violin:68|ambulance_firetruck:5|cucumber_zucchini:614|hotpot_vase:60
stadium,8868,37,acousticguitar_violin:13|ambulance_firetruck:24
staff,8869,115,ambulance_firetruck:113|hotpot_vase:2
stage,8870,2104,acousticguitar_violin:2104
stage-performance,8871,1,acousticguitar_violin:1
stage-ready,8872,2,acousticguitar_violin:2
stages,8873,11,acousticguitar_violin:2|cucumber_zucchini:2|hotpot_vase:7
stain,8874,2,ant_bee:2
stained,8875,28,acousticguitar_violin:25|ant_bee:2|hotpot_vase:1
stained-glass,8876,11,acousticguitar_violin:11
stainless,8877,279,ant_bee:2|cucumber_zucchini:48|hotpot_vase:229
stainless-steel,8878,1,hotpot_vase:1
stains,8879,8,ant_bee:7|hotpot_vase:1
staircase,8880,11,acousticguitar_violin:9|ambulance_firetruck:2
staircases,8881,1,ambulance_firetruck:1
stairs,8882,39,acousticguitar_violin:31|ambulance_firetruck:8
stake,8883,27,cucumber_zucchini:27
stakes,8884,19,cucumber_zucchini:19
stalk,8885,32,ant_bee:32
stalks,8886,26,ant_bee:12|cucumber_zucchini:2|hotpot_vase:12
stall,8887,430,acousticguitar_violin:5|cucumber_zucchini:420|hotpot_vase:5
stalled,8888,1,ambulance_firetruck:1
stalls,8889,7,ambulance_firetruck:7
stamen,8890,81,ant_bee:80|cucumber_zucchini:1
stamens,8891,389,ant_bee:388|cucumber_zucchini:1
stamp,8892,2,acousticguitar_violin:1|ambulance_firetruck:1
stamped,8893,6,acousticguitar_violin:1|ambulance_firetruck:5
stamps,8894,19,acousticguitar_violin:19
stance,8895,3,acousticguitar_violin:2|ambulance_firetruck:1
stand,8896,2158,acousticguitar_violin:1565|ambulance_firetruck:173|ant_bee:6|cucumber_zucchini:151|hotpot_vase:263
stand-mounted,8897,1,acousticguitar_violin:1
stand-supported,8898,1,acousticguitar_violin:1
standing,8899,563,acousticguitar_violin:264|ambulance_firetruck:249|ant_bee:3|cucumber_zucchini:7|hotpot_vase:40
stands,8900,685,acousticguitar_violin:387|ambulance_firetruck:174|cucumber_zucchini:35|hotpot_vase:89
stanley,8901,10,ambulance_firetruck:8|cucumber_zucchini:2
star,8902,576,acousticguitar_violin:121|ambulance_firetruck:424|cucumber_zucchini:12|hotpot_vase:19
star-adorned,8903,3,hotpot_vase:3
star-beaded,8904,2,hotpot_vase:2
star-cut,8905,1,cucumber_zucchini:1
star-shaped,8906,58,acousticguitar_violin:1|ant_bee:15|cucumber_zucchini:38|hotpot_vase:4
star-topped,8907,1,hotpot_vase:1
starbucks,8908,16,ambulance_firetruck:16
starburst,8909,27,acousticguitar_violin:1|ambulance_firetruck:3|cucumber_zucchini:2|hotpot_vase:21
stare,8910,1,cucumber_zucchini:1
stares,8911,7,ambulance_firetruck:2|ant_bee:1|cucumber_zucchini:3|hotpot_vase:1
starfish,8912,15,hotpot_vase:15
staring,8913,4,ant_bee:1|hotpot_vase:3
stark,8914,10,acousticguitar_violin:3|ant_bee:3|hotpot_vase:4
starkly,8915,1,acousticguitar_violin:1
starlightfish,8916,1,ant_bee:1
starlit,8917,1,ambulance_firetruck:1
starry,8918,44,acousticguitar_violin:20|ambulance_firetruck:8|hotpot_vase:16
stars,8919,198,acousticguitar_violin:55|ambulance_firetruck:97|cucumber_zucchini:6|hotpot_vase:40
starter,8920,18,acousticguitar_violin:18
startled,8921,2,hotpot_vase:2
state,8922,10,ambulance_firetruck:10
states,8923,2,ant_bee:2
statice,8924,5,hotpot_vase:5
station,8925,1713,acousticguitar_violin:9|ambulance_firetruck:1689|ant_bee:13|hotpot_vase:2
station's,8926,1,ambulance_firetruck:1
stationary,8927,1,ambulance_firetruck:1
stationery,8928,3,hotpot_vase:3
stations,8929,1,ant_bee:1
statue,8930,38,acousticguitar_violin:4|ambulance_firetruck:32|hotpot_vase:2
statues,8931,6,hotpot_vase:6
staub,8932,1,hotpot_vase:1
stc,8933,5,hotpot_vase:5
steak,8934,49,cucumber_zucchini:41|hotpot_vase:8
steam,8935,258,ambulance_firetruck:35|hotpot_vase:223
steam-filled,8936,1,ambulance_firetruck:1
steam-powered,8937,2,ambulance_firetruck:2
steamed,8938,38,cucumber_zucchini:18|hotpot_vase:20
steamer,8939,20,hotpot_vase:20
steaming,8940,3932,ambulance_firetruck:1|cucumber_zucchini:4|hotpot_vase:3927
"steaming,火锅",8941,1,hotpot_vase:1
steamy,8942,595,ambulance_firetruck:4|hotpot_vase:591
steel,8943,289,acousticguitar_violin:12|ambulance_firetruck:7|ant_bee:2|cucumber_zucchini:47|hotpot_vase:221
steel-string,8944,1,acousticguitar_violin:1
steep,8945,7,ant_bee:7
steering,8946,2,ambulance_firetruck:2
steinway,8947,1,acousticguitar_violin:1
stella,8948,12,acousticguitar_violin:12
stem,8949,1778,ant_bee:1440|cucumber_zucchini:250|hotpot_vase:88
stem-end,8950,1,cucumber_zucchini:1
stems,8951,743,ant_bee:232|cucumber_zucchini:367|hotpot_vase:144
stentor,8952,16,acousticguitar_violin:16
step,8953,18,acousticguitar_violin:2|ambulance_firetruck:11|cucumber_zucchini:5
step-by-step,8954,3,acousticguitar_violin:3
stepping,8955,6,ambulance_firetruck:6
steps,8956,50,acousticguitar_violin:27|ambulance_firetruck:17|cucumber_zucchini:1|hotpot_vase:5
steve,8957,1,ant_bee:1
stew,8958,7310,cucumber_zucchini:10|hotpot_vase:7300
stew-like,8959,1,hotpot_vase:1
stewed,8960,250,hotpot_vase:250
stewing,8961,49,hotpot_vase:49
stewpot,8962,1,hotpot_vase:1
stews,8963,14,hotpot_vase:14
stick,8964,139,acousticguitar_violin:1|ant_bee:127|cucumber_zucchini:7|hotpot_vase:4
stick-like,8965,1,ant_bee:1
sticker,8966,91,acousticguitar_violin:54|ambulance_firetruck:2|ant_bee:2|cucumber_zucchini:18|hotpot_vase:15
sticker-covered,8967,33,acousticguitar_violin:33
stickers,8968,57,acousticguitar_violin:44|ambulance_firetruck:1|cucumber_zucchini:12
sticks,8969,81,acousticguitar_violin:1|ant_bee:13|cucumber_zucchini:37|hotpot_vase:30
sticky,8970,44,ant_bee:35|hotpot_vase:9
stigma,8971,1,ant_bee:1
still,8972,114,acousticguitar_violin:29|ant_bee:4|cucumber_zucchini:30|hotpot_vase:51
still-life,8973,38,acousticguitar_violin:3|cucumber_zucchini:12|hotpot_vase:23
stillness,8974,28,acousticguitar_violin:15|hotpot_vase:13
stilts,8975,1,cucumber_zucchini:1
stinger,8976,1,ant_bee:1
stinging,8977,19,ant_bee:19
stings,8978,7,ant_bee:7
stir,8979,1,hotpot_vase:1
stir-fried,8980,365,cucumber_zucchini:78|hotpot_vase:287
stir-fries,8981,3,cucumber_zucchini:3
stir-fry,8982,416,cucumber_zucchini:121|hotpot_vase:295
stir-frying,8983,3,hotpot_vase:3
stirred,8984,37,cucumber_zucchini:2|hotpot_vase:35
stirring,8985,119,cucumber_zucchini:7|hotpot_vase:112
stirs,8986,9,hotpot_vase:9
stitched,8987,1,hotpot_vase:1
stitching,8988,5,acousticguitar_violin:4|ant_bee:1
stocked,8989,5,ambulance_firetruck:5
stocking,8990,1,hotpot_vase:1
stockings,8991,3,acousticguitar_violin:3
stone,8992,1710,acousticguitar_violin:197|ambulance_firetruck:220|ant_bee:486|cucumber_zucchini:205|hotpot_vase:602
stone-bowl,8993,3,hotpot_vase:3
stone-like,8994,1,hotpot_vase:1
stone-walled,8995,3,acousticguitar_violin:2|ant_bee:1
stones,8996,60,acousticguitar_violin:1|ambulance_firetruck:1|ant_bee:25|cucumber_zucchini:8|hotpot_vase:25
stonetop,8997,1,hotpot_vase:1
stoneware,8998,17,hotpot_vase:17
stony,8999,10,ambulance_firetruck:10
stool,9000,32,acousticguitar_violin:31|ambulance_firetruck:1
stop,9001,31,ambulance_firetruck:31
stoplight,9002,1,ambulance_firetruck:1
stopped,9003,9,ambulance_firetruck:9
stopper,9004,18,hotpot_vase:18
stoppers,9005,1,hotpot_vase:1
stops,9006,3,ambulance_firetruck:3
storage,9007,74,acousticguitar_violin:34|ambulance_firetruck:36|cucumber_zucchini:1|hotpot_vase:3
store,9008,431,acousticguitar_violin:230|ambulance_firetruck:141|ant_bee:12|cucumber_zucchini:38|hotpot_vase:10
stored,9009,9,acousticguitar_violin:8|ambulance_firetruck:1
storefront,9010,36,acousticguitar_violin:7|ambulance_firetruck:26|ant_bee:2|hotpot_vase:1
storefronts,9011,34,ambulance_firetruck:34
stores,9012,6,ambulance_firetruck:6
storm,9013,9,ambulance_firetruck:9
storm-damaged,9014,5,ambulance_firetruck:5
storm-ravaged,9015,1,ambulance_firetruck:1
stormy,9016,46,acousticguitar_violin:3|ambulance_firetruck:42|ant_bee:1
stove,9017,670,acousticguitar_violin:6|ant_bee:8|cucumber_zucchini:37|hotpot_vase:619
stoves,9018,4,hotpot_vase:4
stovetop,9019,196,ant_bee:3|cucumber_zucchini:35|hotpot_vase:158
stradivari,9020,6,acousticguitar_violin:6
stradivarius,9021,3,acousticguitar_violin:3
straight,9022,23,acousticguitar_violin:1|cucumber_zucchini:22
strained,9023,1,hotpot_vase:1
strainer,9024,20,cucumber_zucchini:3|hotpot_vase:17
strainers,9025,3,hotpot_vase:3
straining,9026,19,hotpot_vase:19
strand,9027,3,ant_bee:3
strands,9028,4,ant_bee:4
strange,9029,1,cucumber_zucchini:1
strange-shaped,9030,2,cucumber_zucchini:2
strap,9031,384,acousticguitar_violin:384
strapped,9032,6,cucumber_zucchini:6
straps,9033,5,acousticguitar_violin:5
strat-style,9034,5,acousticguitar_violin:5
stratford,9035,13,ambulance_firetruck:13
stratocaster,9036,3,acousticguitar_violin:3
stratton,9037,1,acousticguitar_violin:1
straw,9038,182,acousticguitar_violin:9|ant_bee:32|cucumber_zucchini:139|hotpot_vase:2
straw-covered,9039,2,cucumber_zucchini:2
strawberries,9040,82,cucumber_zucchini:76|hotpot_vase:6
strawberry,9041,32,ant_bee:1|cucumber_zucchini:25|hotpot_vase:6
strawberry-patterned,9042,1,ant_bee:1
strawberry-shaped,9043,1,ant_bee:1
straws,9044,1,cucumber_zucchini:1
straz,9045,1,ambulance_firetruck:1
streak,9046,7,acousticguitar_violin:3|ambulance_firetruck:1|ant_bee:1|cucumber_zucchini:2
streaked,9047,1,ambulance_firetruck:1
streaking,9048,9,ambulance_firetruck:9
streaks,9049,40,ambulance_firetruck:7|ant_bee:14|cucumber_zucchini:2|hotpot_vase:17
stream,9050,7,ambulance_firetruck:4|ant_bee:1|cucumber_zucchini:2
streamers,9051,1,acousticguitar_violin:1
streaming,9052,13,acousticguitar_violin:6|ambulance_firetruck:1|cucumber_zucchini:1|hotpot_vase:5
street,9053,9411,acousticguitar_violin:683|ambulance_firetruck:8647|ant_bee:1|cucumber_zucchini:76|hotpot_vase:4
"street,澳门",9054,1,ambulance_firetruck:1
street-musician,9055,1,acousticguitar_violin:1
street-performance,9056,3,acousticguitar_violin:3
streetlamp,9057,3,ambulance_firetruck:3
streetlight,9058,1,ambulance_firetruck:1
streetlights,9059,9,ambulance_firetruck:9
streets,9060,39,ambulance_firetruck:39
strength,9061,3,ant_bee:3
stretcher,9062,811,ambulance_firetruck:811
stretchers,9063,35,ambulance_firetruck:35
stretching,9064,18,ambulance_firetruck:18
strictly,9065,4,acousticguitar_violin:1|cucumber_zucchini:2|hotpot_vase:1
strikes,9066,3,acousticguitar_violin:3
striking,9067,21,acousticguitar_violin:10|ant_bee:10|hotpot_vase:1
string,9068,441,acousticguitar_violin:432|ant_bee:1|cucumber_zucchini:3|hotpot_vase:5
string-wrapped,9069,1,hotpot_vase:1
stringed,9070,224,acousticguitar_violin:224
stringed-instrument,9071,1,acousticguitar_violin:1
stringing,9072,1,acousticguitar_violin:1
strings,9073,7895,acousticguitar_violin:7890|cucumber_zucchini:5
strip,9074,12,ambulance_firetruck:1|ant_bee:11
stripe,9075,2262,ambulance_firetruck:2235|ant_bee:3|cucumber_zucchini:4|hotpot_vase:20
striped,9076,1181,acousticguitar_violin:202|ambulance_firetruck:43|ant_bee:177|cucumber_zucchini:472|hotpot_vase:287
striped-rest,9077,1,cucumber_zucchini:1
stripes,9078,3723,acousticguitar_violin:5|ambulance_firetruck:3343|ant_bee:159|cucumber_zucchini:64|hotpot_vase:152
striping,9079,1,ambulance_firetruck:1
stripped,9080,1,hotpot_vase:1
stripper,9081,2,ambulance_firetruck:2
strips,9082,56,cucumber_zucchini:55|hotpot_vase:1
stroll,9083,2,acousticguitar_violin:2
stroller,9084,17,ambulance_firetruck:17
structure,9085,157,acousticguitar_violin:2|ambulance_firetruck:36|ant_bee:83|cucumber_zucchini:30|hotpot_vase:6
structures,9086,22,acousticguitar_violin:2|ant_bee:14|cucumber_zucchini:6
struggle,9087,13,ant_bee:13
struggles,9088,1,ant_bee:1
struggling,9089,11,ant_bee:11
strum,9090,1,acousticguitar_violin:1
strummed,9091,1,acousticguitar_violin:1
strumming,9092,206,acousticguitar_violin:206
strums,9093,24,acousticguitar_violin:24
stráz,9094,1,ambulance_firetruck:1
strąż,9095,1,ambulance_firetruck:1
stucco,9096,1,cucumber_zucchini:1
stuck,9097,4,ambulance_firetruck:1|ant_bee:1|cucumber_zucchini:2
student,9098,18,acousticguitar_violin:16|hotpot_vase:2
students,9099,54,acousticguitar_violin:54
studio,9100,286,acousticguitar_violin:262|ambulance_firetruck:5|hotpot_vase:19
study,9101,8,ant_bee:8
studying,9102,16,acousticguitar_violin:16
stuffed,9103,305,acousticguitar_violin:7|ambulance_firetruck:4|cucumber_zucchini:285|hotpot_vase:9
stuffing,9104,26,cucumber_zucchini:26
stump,9105,18,ant_bee:18
stunning,9106,2,hotpot_vase:2
stunt,9107,33,ambulance_firetruck:33
sturdy,9108,3,acousticguitar_violin:2|hotpot_vase:1
style,9109,66,acousticguitar_violin:40|ambulance_firetruck:9|ant_bee:1|cucumber_zucchini:1|hotpot_vase:15
styled,9110,7,ambulance_firetruck:6|hotpot_vase:1
styles,9111,64,acousticguitar_violin:55|hotpot_vase:9
styling,9112,3,ambulance_firetruck:3
stylish,9113,10,acousticguitar_violin:6|hotpot_vase:4
stylized,9114,61,acousticguitar_violin:35|ant_bee:3|hotpot_vase:23
suave,9115,1,acousticguitar_violin:1
sub,9116,1,ambulance_firetruck:1
subdued,9117,1,ant_bee:1
submerged,9118,22,acousticguitar_violin:2|ant_bee:9|cucumber_zucchini:8|hotpot_vase:3
substance,9119,50,ant_bee:50
substrate,9120,17,ant_bee:17
subtle,9121,16,ant_bee:1|cucumber_zucchini:2|hotpot_vase:13
suburban,9122,135,ambulance_firetruck:128|ant_bee:3|cucumber_zucchini:4
subway,9123,45,acousticguitar_violin:37|hotpot_vase:8
succulent,9124,34,ant_bee:32|hotpot_vase:2
succulents,9125,6,ant_bee:6
sucking,9126,1,cucumber_zucchini:1
sugar,9127,51,ant_bee:45|cucumber_zucchini:4|hotpot_vase:2
sugary,9128,20,ant_bee:20
suggest,9129,2,acousticguitar_violin:2
suggestive,9130,3,cucumber_zucchini:3
suit,9131,186,acousticguitar_violin:175|ambulance_firetruck:11
suitcase,9132,6,acousticguitar_violin:6
suited,9133,2,acousticguitar_violin:2
suits,9134,19,acousticguitar_violin:3|ambulance_firetruck:16
sukiyaki,9135,2,hotpot_vase:2
sullivan,9136,3,ambulance_firetruck:3
sum,9137,2,hotpot_vase:2
sumanog,9138,1,acousticguitar_violin:1
summary,9139,6,acousticguitar_violin:1|ambulance_firetruck:2|ant_bee:1|hotpot_vase:2
summer,9140,3,cucumber_zucchini:3
summerville,9141,12,ambulance_firetruck:12
sumner,9142,1,ambulance_firetruck:1
sun,9143,29,acousticguitar_violin:3|ambulance_firetruck:9|ant_bee:7|cucumber_zucchini:2|hotpot_vase:8
sun-dappled,9144,3,acousticguitar_violin:1|ambulance_firetruck:2
sun-dried,9145,7,cucumber_zucchini:7
sunbeams,9146,8,ant_bee:8
sunburst,9147,2069,acousticguitar_violin:2067|cucumber_zucchini:2
sunflower,9148,780,ambulance_firetruck:13|ant_bee:721|cucumber_zucchini:14|hotpot_vase:32
sunflower's,9149,1,ant_bee:1
sunflower-painted,9150,9,hotpot_vase:9
sunflowers,9151,320,ant_bee:6|cucumber_zucchini:7|hotpot_vase:307
sunglasses,9152,204,acousticguitar_violin:155|ambulance_firetruck:12|cucumber_zucchini:37
sunglasses-wearing,9153,2,acousticguitar_violin:2
sunlight,9154,1117,acousticguitar_violin:189|ambulance_firetruck:32|ant_bee:654|cucumber_zucchini:139|hotpot_vase:103
sunlight-filled,9155,1,acousticguitar_violin:1
sunlit,9156,848,acousticguitar_violin:313|ambulance_firetruck:10|ant_bee:286|cucumber_zucchini:92|hotpot_vase:147
sunny,9157,988,acousticguitar_violin:40|ambulance_firetruck:591|ant_bee:264|cucumber_zucchini:89|hotpot_vase:4
sunrise,9158,4,ambulance_firetruck:4
suns,9159,1,hotpot_vase:1
sunset,9160,173,acousticguitar_violin:49|ambulance_firetruck:62|ant_bee:22|hotpot_vase:40
sunset-colored,9161,2,acousticguitar_violin:2
sunshine,9162,12,acousticguitar_violin:3|ambulance_firetruck:1|ant_bee:8
superior,9163,5,ambulance_firetruck:5
supermarket,9164,18,ambulance_firetruck:3|cucumber_zucchini:15
supervises,9165,3,ambulance_firetruck:3
supervising,9166,4,ambulance_firetruck:4
supervision,9167,1,ambulance_firetruck:1
supplies,9168,93,acousticguitar_violin:9|ambulance_firetruck:69|hotpot_vase:15
support,9169,76,ambulance_firetruck:48|cucumber_zucchini:28
supported,9170,92,cucumber_zucchini:91|hotpot_vase:1
supporting,9171,2,ambulance_firetruck:1|cucumber_zucchini:1
supports,9172,5,acousticguitar_violin:2|cucumber_zucchini:3
surface,9173,10627,acousticguitar_violin:818|ambulance_firetruck:27|ant_bee:6279|cucumber_zucchini:2607|hotpot_vase:896
surface-large,9174,1,ant_bee:1
surfaces,9175,50,ambulance_firetruck:4|ant_bee:19|cucumber_zucchini:13|hotpot_vase:14
surfboard,9176,9,acousticguitar_violin:8|ambulance_firetruck:1
surprise,9177,10,cucumber_zucchini:8|hotpot_vase:2
surprised,9178,76,acousticguitar_violin:2|cucumber_zucchini:66|hotpot_vase:8
surreal,9179,19,ant_bee:2|cucumber_zucchini:1|hotpot_vase:16
surrey,9180,44,ambulance_firetruck:44
surround,9181,90,ambulance_firetruck:3|ant_bee:62|cucumber_zucchini:17|hotpot_vase:8
surrounded,9182,1519,acousticguitar_violin:265|ambulance_firetruck:214|ant_bee:430|cucumber_zucchini:348|hotpot_vase:262
surrounding,9183,127,acousticguitar_violin:1|ambulance_firetruck:9|ant_bee:102|cucumber_zucchini:12|hotpot_vase:3
surroundings,9184,11,acousticguitar_violin:2|ambulance_firetruck:5|ant_bee:1|hotpot_vase:3
surrounds,9185,19,acousticguitar_violin:1|ambulance_firetruck:17|ant_bee:1
survival,9186,1,ant_bee:1
survive,9187,1,ant_bee:1
susan,9188,3,ant_bee:3
sushi,9189,117,cucumber_zucchini:74|hotpot_vase:43
sushi-prep,9190,1,cucumber_zucchini:1
suspended,9191,27,acousticguitar_violin:9|ambulance_firetruck:6|ant_bee:4|hotpot_vase:8
sussex,9192,26,ambulance_firetruck:26
suv,9193,99,ambulance_firetruck:99
suvs,9194,10,ambulance_firetruck:10
sv36,9195,1,hotpot_vase:1
sv37,9196,1,hotpot_vase:1
sv548,9197,12,hotpot_vase:12
sv549,9198,12,hotpot_vase:12
swan,9199,40,acousticguitar_violin:9|hotpot_vase:31
swan-like,9200,1,acousticguitar_violin:1
swan-shaped,9201,16,acousticguitar_violin:7|hotpot_vase:9
swans,9202,3,acousticguitar_violin:1|hotpot_vase:2
swarm,9203,629,ant_bee:629
swarmed,9204,4,ant_bee:4
swarming,9205,662,ant_bee:662
sway,9206,5,ant_bee:5
swaying,9207,3,ant_bee:2|cucumber_zucchini:1
sweater,9208,69,acousticguitar_violin:54|ambulance_firetruck:1|cucumber_zucchini:10|hotpot_vase:4
sweatshirt,9209,1,acousticguitar_violin:1
sweet,9210,56,acousticguitar_violin:2|ant_bee:23|cucumber_zucchini:9|hotpot_vase:22
sweetpeas,9211,20,hotpot_vase:20
sweets,9212,2,hotpot_vase:2
swiftly,9213,2,ant_bee:2
swimming,9214,11,acousticguitar_violin:1|ant_bee:10
swimsuit,9215,1,cucumber_zucchini:1
swindon,9216,2,ambulance_firetruck:2
swing,9217,9,acousticguitar_violin:9
swirl,9218,102,acousticguitar_violin:33|ant_bee:8|hotpot_vase:61
swirl-patterned,9219,1,hotpot_vase:1
swirled,9220,37,hotpot_vase:37
swirling,9221,252,acousticguitar_violin:14|ant_bee:12|cucumber_zucchini:2|hotpot_vase:224
swirls,9222,221,acousticguitar_violin:10|ant_bee:1|hotpot_vase:210
swiss,9223,1,ambulance_firetruck:1
switch,9224,9,acousticguitar_violin:4|hotpot_vase:5
switches,9225,1,ambulance_firetruck:1
swollen,9226,7,ant_bee:6|cucumber_zucchini:1
sword,9227,1,hotpot_vase:1
sydney,9228,18,ambulance_firetruck:18
symbiosis,9229,48,ant_bee:48
symbiotic,9230,3,ant_bee:3
symbol,9231,172,acousticguitar_violin:33|ambulance_firetruck:132|hotpot_vase:7
symbolic,9232,5,acousticguitar_violin:3|hotpot_vase:2
symbolizing,9233,9,acousticguitar_violin:7|ambulance_firetruck:1|hotpot_vase:1
symbols,9234,206,acousticguitar_violin:10|ambulance_firetruck:182|ant_bee:1|hotpot_vase:13
symmetrical,9235,20,acousticguitar_violin:1|ant_bee:1|hotpot_vase:18
symmetry,9236,5,acousticguitar_violin:1|hotpot_vase:4
synchronized,9237,1,acousticguitar_violin:1
synergy,9238,1,acousticguitar_violin:1
syrphid,9239,1,ant_bee:1
syrup,9240,2,ant_bee:2
system,9241,11,acousticguitar_violin:11
szechuan,9242,3,hotpot_vase:3
t-1,9243,11,ambulance_firetruck:11
t-2,9244,1,ambulance_firetruck:1
t-74,9245,1,ambulance_firetruck:1
t-95,9246,17,ambulance_firetruck:17
t-shirt,9247,8,acousticguitar_violin:7|cucumber_zucchini:1
t-shirts,9248,3,ambulance_firetruck:3
t.s,9249,4,hotpot_vase:4
t9,9250,9,ambulance_firetruck:9
tabby,9251,34,acousticguitar_violin:12|cucumber_zucchini:19|hotpot_vase:3
table,9252,3349,acousticguitar_violin:266|ambulance_firetruck:3|ant_bee:5|cucumber_zucchini:930|hotpot_vase:2145
tablecloth,9253,268,acousticguitar_violin:10|cucumber_zucchini:142|hotpot_vase:116
tablecloths,9254,1,cucumber_zucchini:1
tables,9255,5,ambulance_firetruck:2|cucumber_zucchini:1|hotpot_vase:2
tableside,9256,1,hotpot_vase:1
tabletop,9257,91,hotpot_vase:91
tableware,9258,7,hotpot_vase:7
tacos,9259,6,cucumber_zucchini:6
tactical,9260,21,ambulance_firetruck:21
tacticalmedics,9261,2,ambulance_firetruck:2
tag,9262,133,acousticguitar_violin:76|cucumber_zucchini:24|hotpot_vase:33
tagged,9263,3,acousticguitar_violin:2|cucumber_zucchini:1
tagine,9264,3,hotpot_vase:3
tagline,9265,2,acousticguitar_violin:2
tags,9266,100,acousticguitar_violin:52|cucumber_zucchini:29|hotpot_vase:19
tahn-moo-wha,9267,1,hotpot_vase:1
tahn-moo-whe,9268,3,hotpot_vase:3
tahoe,9269,3,ambulance_firetruck:3
tail,9270,42,ant_bee:39|cucumber_zucchini:3
tailpiece,9271,59,acousticguitar_violin:59
tainan,9272,3,hotpot_vase:3
taiwan,9273,17,hotpot_vase:17
takamine,9274,14,acousticguitar_violin:14
takes,9275,9,acousticguitar_violin:4|cucumber_zucchini:5
taking,9276,18,acousticguitar_violin:16|ambulance_firetruck:2
takstar,9277,1,acousticguitar_violin:1
talking,9278,2,acousticguitar_violin:2
tall,9279,717,acousticguitar_violin:7|ambulance_firetruck:69|ant_bee:9|cucumber_zucchini:20|hotpot_vase:612
tampa,9280,15,ambulance_firetruck:15
tan,9281,208,acousticguitar_violin:177|ambulance_firetruck:6|ant_bee:11|cucumber_zucchini:1|hotpot_vase:13
tandem,9282,1,ant_bee:1
tandoor,9283,1,hotpot_vase:1
tandoor-style,9284,2,hotpot_vase:2
tandoori,9285,2,hotpot_vase:2
tandoori-style,9286,3,hotpot_vase:3
tang,9287,1,hotpot_vase:1
tangled,9288,23,acousticguitar_violin:11|ant_bee:12
tani,9289,15,ambulance_firetruck:15
tank,9290,56,acousticguitar_violin:13|ambulance_firetruck:29|ant_bee:2|cucumber_zucchini:12
tanker,9291,51,ambulance_firetruck:51
tansy,9292,7,ant_bee:7
tap,9293,23,cucumber_zucchini:23
tape,9294,166,acousticguitar_violin:5|ambulance_firetruck:23|ant_bee:15|cucumber_zucchini:114|hotpot_vase:9
tapered,9295,20,cucumber_zucchini:4|hotpot_vase:16
tapes,9296,1,ambulance_firetruck:1
tapestry,9297,8,acousticguitar_violin:5|hotpot_vase:3
taping,9298,4,ambulance_firetruck:4
tapping,9299,1,acousticguitar_violin:1
tarmac,9300,160,ambulance_firetruck:160
tarnished,9301,2,ant_bee:1|hotpot_vase:1
taro,9302,1,cucumber_zucchini:1
tarp,9303,39,ambulance_firetruck:14|ant_bee:20|cucumber_zucchini:5
tarps,9304,2,ambulance_firetruck:2
tars,9305,1,ambulance_firetruck:1
tart,9306,19,cucumber_zucchini:19
tassel,9307,1,hotpot_vase:1
tassels,9308,5,hotpot_vase:5
tasting,9309,5,ant_bee:3|hotpot_vase:2
tasty,9310,7,cucumber_zucchini:6|hotpot_vase:1
tattoo,9311,25,acousticguitar_violin:25
tattooed,9312,15,acousticguitar_violin:15
tattoos,9313,9,acousticguitar_violin:9
taut,9314,159,acousticguitar_violin:159
tavern,9315,3,acousticguitar_violin:3
tawa-style,9316,1,hotpot_vase:1
taxi,9317,39,ambulance_firetruck:38|cucumber_zucchini:1
taxis,9318,34,ambulance_firetruck:34
tayler,9319,1,acousticguitar_violin:1
taylor,9320,123,acousticguitar_violin:123
tea,9321,56,ant_bee:1|cucumber_zucchini:2|hotpot_vase:53
teacher,9322,46,acousticguitar_violin:46
teacher's,9323,5,acousticguitar_violin:5
teaches,9324,30,acousticguitar_violin:23|ambulance_firetruck:7
teaching,9325,17,acousticguitar_violin:16|ambulance_firetruck:1
teal,9326,303,acousticguitar_violin:76|ambulance_firetruck:32|ant_bee:83|cucumber_zucchini:23|hotpot_vase:89
teal-colored,9327,2,ant_bee:2
teal-handled,9328,2,cucumber_zucchini:2
teal-lined,9329,2,acousticguitar_violin:2
team,9330,183,ambulance_firetruck:183
teamwork,9331,183,ambulance_firetruck:11|ant_bee:170|cucumber_zucchini:2
"teamwork,搬运",9332,1,ant_bee:1
teapot,9333,42,cucumber_zucchini:5|hotpot_vase:37
tear-shaped,9334,1,hotpot_vase:1
teardrop,9335,14,acousticguitar_violin:6|hotpot_vase:8
teardrop-shaped,9336,5,ant_bee:1|hotpot_vase:4
teaspoon,9337,3,ant_bee:3
tech,9338,9,acousticguitar_violin:2|ambulance_firetruck:5|hotpot_vase:2
technics,9339,4,cucumber_zucchini:4
technique,9340,3,acousticguitar_violin:3
technology,9341,3,acousticguitar_violin:3
teddy,9342,55,acousticguitar_violin:3|ambulance_firetruck:26|hotpot_vase:26
tee,9343,2,hotpot_vase:2
teeming,9344,2,ant_bee:2
teen,9345,113,acousticguitar_violin:100|cucumber_zucchini:11|hotpot_vase:2
teenage,9346,4,acousticguitar_violin:4
teenager,9347,6,acousticguitar_violin:6
teenagers,9348,3,acousticguitar_violin:3
teens,9349,24,acousticguitar_violin:19|ambulance_firetruck:5
tempe,9350,20,ambulance_firetruck:20
tempeh,9351,1,cucumber_zucchini:1
temple,9352,1,hotpot_vase:1
temporary,9353,1,ambulance_firetruck:1
ten,9354,11,acousticguitar_violin:3|ambulance_firetruck:7|cucumber_zucchini:1
tend,9355,1,ant_bee:1
tender,9356,189,ant_bee:1|cucumber_zucchini:1|hotpot_vase:187
tenderly,9357,1,acousticguitar_violin:1
tending,9358,1004,ambulance_firetruck:3|ant_bee:1000|hotpot_vase:1
tendril,9359,17,ant_bee:16|cucumber_zucchini:1
tendrils,9360,48,cucumber_zucchini:48
tends,9361,5,ant_bee:5
tent,9362,82,acousticguitar_violin:19|ambulance_firetruck:40|cucumber_zucchini:23
tent-guitarist,9363,1,acousticguitar_violin:1
tentacles,9364,2,hotpot_vase:2
tented,9365,3,acousticguitar_violin:1|ambulance_firetruck:2
tents,9366,41,acousticguitar_violin:2|ambulance_firetruck:37|cucumber_zucchini:2
terminal,9367,21,ambulance_firetruck:9|ant_bee:12
termite,9368,23,ant_bee:23
termites,9369,20,ant_bee:20
terra-cotta,9370,1,ant_bee:1
terrace,9371,1,hotpot_vase:1
terracotta,9372,374,ant_bee:21|cucumber_zucchini:39|hotpot_vase:314
terrain,9373,72,ambulance_firetruck:21|ant_bee:51
terrarium,9374,3,ant_bee:3
terrified,9375,2,hotpot_vase:2
terro,9376,10,ant_bee:10
terrorizes,9377,6,ant_bee:6
test,9378,2,ant_bee:2
texas,9379,8,ambulance_firetruck:8
text,9380,769,acousticguitar_violin:87|ambulance_firetruck:559|ant_bee:73|cucumber_zucchini:8|hotpot_vase:42
text-covered,9381,2,ant_bee:2
textiles,9382,2,hotpot_vase:2
texture,9383,544,acousticguitar_violin:35|ant_bee:157|cucumber_zucchini:213|hotpot_vase:139
textured,9384,4021,acousticguitar_violin:300|ambulance_firetruck:10|ant_bee:2451|cucumber_zucchini:286|hotpot_vase:974
textures,9385,73,ant_bee:34|cucumber_zucchini:32|hotpot_vase:7
tgi,9386,3,acousticguitar_violin:3
thai,9387,28,ambulance_firetruck:9|hotpot_vase:19
thai-inspired,9388,6,hotpot_vase:6
thai-style,9389,9,cucumber_zucchini:1|hotpot_vase:8
than,9390,12,ant_bee:8|hotpot_vase:4
thank,9391,4,cucumber_zucchini:4
thank-you,9392,3,ambulance_firetruck:3
thanking,9393,2,ambulance_firetruck:2
thanks,9394,1,ambulance_firetruck:1
thanksgiving,9395,1,hotpot_vase:1
thatch,9396,1,cucumber_zucchini:1
thatched,9397,10,cucumber_zucchini:10
the,9398,370,acousticguitar_violin:137|ambulance_firetruck:47|ant_bee:41|cucumber_zucchini:44|hotpot_vase:101
theater,9399,15,acousticguitar_violin:9|ambulance_firetruck:6
theatre,9400,4,ambulance_firetruck:4
theatrical,9401,2,acousticguitar_violin:2
their,9402,32,acousticguitar_violin:3|ambulance_firetruck:2|ant_bee:17|cucumber_zucchini:10
them,9403,33,acousticguitar_violin:8|ant_bee:14|cucumber_zucchini:11
theme,9404,21,acousticguitar_violin:1|ambulance_firetruck:13|hotpot_vase:7
themed,9405,1,acousticguitar_violin:1
themes,9406,14,acousticguitar_violin:1|ambulance_firetruck:7|hotpot_vase:6
thermal,9407,6,hotpot_vase:6
thermos,9408,4,hotpot_vase:4
these,9409,1,ant_bee:1
they,9410,1,ant_bee:1
they're,9411,1,ant_bee:1
thick,9412,99,ambulance_firetruck:26|ant_bee:48|cucumber_zucchini:11|hotpot_vase:14
thickly,9413,1,ant_bee:1
thiedke,9414,10,ambulance_firetruck:10
thin,9415,19,ant_bee:3|cucumber_zucchini:15|hotpot_vase:1
thing,9416,1,ambulance_firetruck:1
things,9417,9,ambulance_firetruck:9
thinly,9418,63,cucumber_zucchini:29|hotpot_vase:34
third,9419,1,acousticguitar_violin:1
this,9420,19,ant_bee:2|cucumber_zucchini:17
thistle,9421,1057,ant_bee:1037|hotpot_vase:20
thistles,9422,11,ant_bee:11
thompson,9423,11,acousticguitar_violin:11
thor,9424,15,acousticguitar_violin:15
thorax,9425,71,ant_bee:71
thorns,9426,5,ant_bee:5
thorny,9427,67,ant_bee:57|hotpot_vase:10
though,9428,1,acousticguitar_violin:1
thought,9429,2,ambulance_firetruck:2
thoughtful,9430,6,acousticguitar_violin:6
thoughtfully,9431,14,acousticguitar_violin:10|cucumber_zucchini:4
thousands,9432,13,ant_bee:13
thread,9433,5,ant_bee:1|hotpot_vase:4
threads,9434,4,ant_bee:4
threatens,9435,1,cucumber_zucchini:1
three,9436,3773,acousticguitar_violin:938|ambulance_firetruck:410|ant_bee:371|cucumber_zucchini:1120|hotpot_vase:934
three-bull,9437,1,hotpot_vase:1
three-flavored,9438,1,hotpot_vase:1
three-footed,9439,1,hotpot_vase:1
three-legged,9440,2,hotpot_vase:2
three-neck,9441,1,acousticguitar_violin:1
three-necked,9442,1,acousticguitar_violin:1
three-section,9443,14,hotpot_vase:14
three-tiered,9444,3,hotpot_vase:3
three-word,9445,89,acousticguitar_violin:11|ambulance_firetruck:11|ant_bee:11|cucumber_zucchini:20|hotpot_vase:36
thrive,9446,4,cucumber_zucchini:1|hotpot_vase:3
thrives,9447,1,ant_bee:1
thriving,9448,34,ant_bee:1|cucumber_zucchini:32|hotpot_vase:1
throats,9449,6,ant_bee:6
through,9450,697,acousticguitar_violin:67|ambulance_firetruck:450|ant_bee:131|cucumber_zucchini:33|hotpot_vase:16
thrown,9451,1,hotpot_vase:1
thumb,9452,23,acousticguitar_violin:1|ant_bee:16|cucumber_zucchini:6
thumbs,9453,8,ambulance_firetruck:6|cucumber_zucchini:2
thumbs-up,9454,42,acousticguitar_violin:16|ambulance_firetruck:14|cucumber_zucchini:12
thunder,9455,1,hotpot_vase:1
thyme,9456,3,cucumber_zucchini:2|hotpot_vase:1
tie,9457,20,acousticguitar_violin:18|cucumber_zucchini:2
tie-dye,9458,16,acousticguitar_violin:16
tied,9459,32,acousticguitar_violin:3|cucumber_zucchini:11|hotpot_vase:18
tier-ambulanz,9460,2,ambulance_firetruck:2
tiered,9461,11,hotpot_vase:11
tierrettung,9462,3,ambulance_firetruck:3
tiers,9463,3,hotpot_vase:3
ties,9464,11,ambulance_firetruck:6|ant_bee:5
tiger,9465,25,acousticguitar_violin:4|ant_bee:1|hotpot_vase:20
tiger-decorated,9466,1,acousticguitar_violin:1
tiger-painted,9467,8,acousticguitar_violin:8
tightly,9468,108,ant_bee:27|cucumber_zucchini:81
tightrope,9469,20,acousticguitar_violin:20
tigrouise,9470,2,ambulance_firetruck:2
tijuana,9471,5,ambulance_firetruck:5
tiki,9472,10,hotpot_vase:10
tiki-style,9473,1,hotpot_vase:1
tile,9474,130,acousticguitar_violin:11|ambulance_firetruck:2|ant_bee:46|cucumber_zucchini:48|hotpot_vase:23
tiled,9475,407,acousticguitar_violin:86|ambulance_firetruck:14|ant_bee:83|cucumber_zucchini:118|hotpot_vase:106
tiles,9476,177,acousticguitar_violin:15|ambulance_firetruck:1|ant_bee:61|cucumber_zucchini:44|hotpot_vase:56
tilt,9477,1,ambulance_firetruck:1
tilted,9478,24,ambulance_firetruck:21|hotpot_vase:3
tilting,9479,1,ant_bee:1
time,9480,3,ant_bee:1|cucumber_zucchini:1|hotpot_vase:1
timeless,9481,12,acousticguitar_violin:12
timer,9482,7,hotpot_vase:7
times,9483,1,acousticguitar_violin:1
timestamped,9484,1,hotpot_vase:1
tin,9485,6,cucumber_zucchini:6
tinge,9486,5,ant_bee:4|cucumber_zucchini:1
tins,9487,23,hotpot_vase:23
tinsel,9488,5,ambulance_firetruck:5
tint,9489,5,acousticguitar_violin:1|ambulance_firetruck:1|hotpot_vase:3
tinted,9490,4,ambulance_firetruck:2|ant_bee:1|hotpot_vase:1
tints,9491,3,ant_bee:3
tiny,9492,2045,acousticguitar_violin:52|ambulance_firetruck:1|ant_bee:1789|cucumber_zucchini:184|hotpot_vase:19
tip,9493,31,acousticguitar_violin:1|ant_bee:22|cucumber_zucchini:8
tipped,9494,5,ambulance_firetruck:1|cucumber_zucchini:2|hotpot_vase:2
tips,9495,38,acousticguitar_violin:22|ant_bee:8|cucumber_zucchini:6|hotpot_vase:2
tire,9496,25,ambulance_firetruck:25
tires,9497,56,ambulance_firetruck:56
tissue,9498,12,ant_bee:1|cucumber_zucchini:6|hotpot_vase:5
title,9499,7,acousticguitar_violin:4|cucumber_zucchini:1|hotpot_vase:2
titled,9500,39,acousticguitar_violin:34|ant_bee:5
titles,9501,1,acousticguitar_violin:1
tlalpan,9502,2,acousticguitar_violin:2
to,9503,1600,acousticguitar_violin:148|ambulance_firetruck:159|ant_bee:863|cucumber_zucchini:281|hotpot_vase:149
toast,9504,76,acousticguitar_violin:4|cucumber_zucchini:71|hotpot_vase:1
toasted,9505,34,ant_bee:5|cucumber_zucchini:28|hotpot_vase:1
toaster,9506,7,cucumber_zucchini:7
toasts,9507,9,cucumber_zucchini:9
toddler,9508,104,acousticguitar_violin:18|ambulance_firetruck:15|ant_bee:4|cucumber_zucchini:67
toes,9509,1,acousticguitar_violin:1
tofu,9510,2131,cucumber_zucchini:56|hotpot_vase:2075
tofu-hibachi,9511,1,hotpot_vase:1
tofu-laden,9512,1,hotpot_vase:1
tofu-rich,9513,2,hotpot_vase:2
tofu-soup,9514,2,hotpot_vase:2
together,9515,3114,acousticguitar_violin:432|ambulance_firetruck:33|ant_bee:175|cucumber_zucchini:2251|hotpot_vase:223
togetherness,9516,9,acousticguitar_violin:2|ambulance_firetruck:1|hotpot_vase:6
toilet,9517,20,cucumber_zucchini:20
toilet-shaped,9518,19,hotpot_vase:19
tokens,9519,1,hotpot_vase:1
tokyo,9520,10,ambulance_firetruck:10
tom,9521,3,ambulance_firetruck:1|hotpot_vase:2
tomato,9522,927,ant_bee:14|cucumber_zucchini:644|hotpot_vase:269
tomato-based,9523,100,hotpot_vase:100
tomato-corn,9524,2,hotpot_vase:2
tomato-sauced,9525,1,hotpot_vase:1
tomatoes,9526,2476,cucumber_zucchini:2230|hotpot_vase:246
tomatoes-on,9527,2,cucumber_zucchini:2
tomatoes-rest,9528,2,cucumber_zucchini:2
tombstone,9529,8,hotpot_vase:8
tone,9530,321,acousticguitar_violin:300|ambulance_firetruck:4|ant_bee:7|cucumber_zucchini:1|hotpot_vase:9
toned,9531,10,acousticguitar_violin:10
tones,9532,812,acousticguitar_violin:714|ambulance_firetruck:1|ant_bee:3|cucumber_zucchini:5|hotpot_vase:89
tongs,9533,70,cucumber_zucchini:23|hotpot_vase:47
tongue,9534,12,ant_bee:7|cucumber_zucchini:5
toning-free,9535,12,acousticguitar_violin:12
tony,9536,2,acousticguitar_violin:2
tool,9537,18,acousticguitar_violin:2|ambulance_firetruck:4|cucumber_zucchini:11|hotpot_vase:1
tools,9538,261,acousticguitar_violin:114|ambulance_firetruck:57|ant_bee:15|cucumber_zucchini:47|hotpot_vase:28
toothbrush,9539,20,ant_bee:20
top,9540,571,acousticguitar_violin:258|ambulance_firetruck:116|ant_bee:9|cucumber_zucchini:35|hotpot_vase:153
top-class,9541,9,acousticguitar_violin:9
top-hatted,9542,1,cucumber_zucchini:1
topped,9543,212,acousticguitar_violin:3|cucumber_zucchini:123|hotpot_vase:86
toppers,9544,3,acousticguitar_violin:2|hotpot_vase:1
topping,9545,59,ant_bee:3|cucumber_zucchini:36|hotpot_vase:20
toppings,9546,51,cucumber_zucchini:12|hotpot_vase:39
tops,9547,64,acousticguitar_violin:4|cucumber_zucchini:7|hotpot_vase:53
torch,9548,5,ant_bee:5
torino,9549,15,ambulance_firetruck:15
torn,9550,1,ant_bee:1
toronto,9551,168,ambulance_firetruck:168
torrance,9552,30,ambulance_firetruck:30
torso,9553,34,acousticguitar_violin:30|cucumber_zucchini:1|hotpot_vase:3
torsos,9554,11,hotpot_vase:11
tortellini,9555,18,cucumber_zucchini:7|hotpot_vase:11
tortilla,9556,1,hotpot_vase:1
tortillas,9557,1,cucumber_zucchini:1
tortoise,9558,11,acousticguitar_violin:11
tortoiseshell,9559,125,acousticguitar_violin:125
toru,9560,10,ambulance_firetruck:10
tossed,9561,1,cucumber_zucchini:1
totem,9562,1,hotpot_vase:1
touch,9563,1,acousticguitar_violin:1
touches,9564,38,acousticguitar_violin:7|cucumber_zucchini:30|hotpot_vase:1
touching,9565,71,acousticguitar_violin:5|ambulance_firetruck:2|ant_bee:32|cucumber_zucchini:32
tour,9566,5,acousticguitar_violin:1|ambulance_firetruck:4
tourists,9567,20,acousticguitar_violin:20
tours,9568,3,ambulance_firetruck:3
tousled,9569,1,acousticguitar_violin:1
tow,9570,87,ambulance_firetruck:87
toward,9571,88,acousticguitar_violin:4|ambulance_firetruck:36|ant_bee:47|cucumber_zucchini:1
towel,9572,218,acousticguitar_violin:2|cucumber_zucchini:201|hotpot_vase:15
towels,9573,26,acousticguitar_violin:1|cucumber_zucchini:20|hotpot_vase:5
tower,9574,199,acousticguitar_violin:36|ambulance_firetruck:149|hotpot_vase:14
towering,9575,1,hotpot_vase:1
towing,9576,31,ambulance_firetruck:31
town,9577,116,ambulance_firetruck:116
townhouses,9578,4,ambulance_firetruck:4
township,9579,35,ambulance_firetruck:35
townships,9580,5,ambulance_firetruck:5
townspeople,9581,1,ambulance_firetruck:1
tows,9582,1,ambulance_firetruck:1
toy,9583,266,acousticguitar_violin:44|ambulance_firetruck:198|ant_bee:6|cucumber_zucchini:11|hotpot_vase:7
toyota,9584,9,acousticguitar_violin:7|ambulance_firetruck:2
toys,9585,46,acousticguitar_violin:27|hotpot_vase:19
tpw,9586,7,ambulance_firetruck:7
track,9587,24,ambulance_firetruck:24
tracklist,9588,1,acousticguitar_violin:1
tracks,9589,70,acousticguitar_violin:2|ambulance_firetruck:68
tractor,9590,13,ambulance_firetruck:13
trade,9591,21,acousticguitar_violin:9|ambulance_firetruck:12
tradition,9592,6,acousticguitar_violin:5|hotpot_vase:1
traditional,9593,200,acousticguitar_violin:81|cucumber_zucchini:25|hotpot_vase:94
traffic,9594,231,ambulance_firetruck:231
tragedy,9595,1,ambulance_firetruck:1
trail,9596,30,ambulance_firetruck:7|ant_bee:23
trailer,9597,117,acousticguitar_violin:1|ambulance_firetruck:114|cucumber_zucchini:2
trailers,9598,3,ambulance_firetruck:3
trailing,9599,3,cucumber_zucchini:1|hotpot_vase:2
trails,9600,26,ambulance_firetruck:1|ant_bee:9|hotpot_vase:16
train,9601,38,ambulance_firetruck:38
training,9602,111,ambulance_firetruck:111
tram,9603,74,ambulance_firetruck:74
trams,9604,9,ambulance_firetruck:9
tramway,9605,1,ambulance_firetruck:1
tranquil,9606,1,hotpot_vase:1
tranquility,9607,2,acousticguitar_violin:1|hotpot_vase:1
transfer,9608,33,ambulance_firetruck:33
transfers,9609,1,ambulance_firetruck:1
transforms,9610,2,hotpot_vase:2
transit,9611,24,ambulance_firetruck:24
translation,9612,1,hotpot_vase:1
translucent,9613,451,ant_bee:400|cucumber_zucchini:46|hotpot_vase:5
translucent-antennae,9614,1,ant_bee:1
transparent,9615,342,acousticguitar_violin:45|ant_bee:204|cucumber_zucchini:7|hotpot_vase:86
transparent-winged,9616,1,ant_bee:1
transport,9617,117,acousticguitar_violin:2|ambulance_firetruck:112|ant_bee:3
transported,9618,3,ambulance_firetruck:3
transporting,9619,12,ambulance_firetruck:11|ant_bee:1
transports,9620,7,ambulance_firetruck:7
trap,9621,75,ant_bee:75
trapeze,9622,4,acousticguitar_violin:4
trapped,9623,151,ant_bee:151
trapping,9624,1,ant_bee:1
traps,9625,25,ant_bee:25
trash,9626,30,acousticguitar_violin:14|ambulance_firetruck:5|ant_bee:11
trash-littered,9627,2,ant_bee:2
trash-strewn,9628,1,ant_bee:1
travel,9629,1,acousticguitar_violin:1
traveler,9630,1,ant_bee:1
travelers,9631,1,ant_bee:1
travels,9632,1,ambulance_firetruck:1
traverses,9633,1,ant_bee:1
tray,9634,493,acousticguitar_violin:3|ant_bee:2|cucumber_zucchini:383|hotpot_vase:105
trays,9635,11,cucumber_zucchini:8|hotpot_vase:3
treasure,9636,1,hotpot_vase:1
treat,9637,6,ambulance_firetruck:6
treating,9638,5,ambulance_firetruck:5
treats,9639,1,ambulance_firetruck:1
tree,9640,987,acousticguitar_violin:208|ambulance_firetruck:110|ant_bee:599|cucumber_zucchini:3|hotpot_vase:67
tree-bark,9641,1,ant_bee:1
tree-filled,9642,1,ambulance_firetruck:1
tree-lined,9643,228,ambulance_firetruck:228
tree-patterned,9644,1,hotpot_vase:1
tree-shaded,9645,2,ambulance_firetruck:2
trees,9646,1459,acousticguitar_violin:33|ambulance_firetruck:1372|ant_bee:24|hotpot_vase:30
trellis,9647,246,cucumber_zucchini:246
trellis-supported,9648,1,cucumber_zucchini:1
trellised,9649,3,cucumber_zucchini:3
trellises,9650,1,cucumber_zucchini:1
tremolo,9651,7,acousticguitar_violin:7
triangle,9652,4,acousticguitar_violin:1|ambulance_firetruck:3
triangular,9653,9,acousticguitar_violin:8|hotpot_vase:1
tribal,9654,44,acousticguitar_violin:22|hotpot_vase:22
tribal-themed,9655,1,hotpot_vase:1
tribute,9656,16,acousticguitar_violin:7|ambulance_firetruck:9
tributes,9657,1,acousticguitar_violin:1
tricolor,9658,1,ambulance_firetruck:1
trim,9659,535,acousticguitar_violin:371|ambulance_firetruck:48|cucumber_zucchini:9|hotpot_vase:107
trinkets,9660,10,acousticguitar_violin:5|hotpot_vase:5
trio,9661,4,acousticguitar_violin:3|cucumber_zucchini:1
triolo,9662,4,ambulance_firetruck:4
triple,9663,1,acousticguitar_violin:1
triple-section,9664,1,hotpot_vase:1
tripod,9665,14,acousticguitar_violin:12|hotpot_vase:2
triptych,9666,5,acousticguitar_violin:4|ant_bee:1
triumphantly,9667,3,cucumber_zucchini:3
trolley,9668,1,ambulance_firetruck:1
tronto,9669,5,ambulance_firetruck:5
troops,9670,2,ambulance_firetruck:2
trophies,9671,5,acousticguitar_violin:5
tropical,9672,29,acousticguitar_violin:2|ambulance_firetruck:8|ant_bee:4|cucumber_zucchini:7|hotpot_vase:8
trotter,9673,12,hotpot_vase:12
truck,9674,994,acousticguitar_violin:8|ambulance_firetruck:975|cucumber_zucchini:11
trucks,9675,51,ambulance_firetruck:51
truly,9676,1,acousticguitar_violin:1
truman,9677,1,hotpot_vase:1
trump,9678,16,ambulance_firetruck:16
trumpet,9679,42,acousticguitar_violin:17|ant_bee:25
trumpet-shaped,9680,9,ant_bee:9
trunk,9681,159,acousticguitar_violin:40|ambulance_firetruck:13|ant_bee:105|hotpot_vase:1
truss,9682,2,acousticguitar_violin:2
trust,9683,10,ambulance_firetruck:10
tub,9684,3,cucumber_zucchini:3
tube,9685,55,acousticguitar_violin:1|ant_bee:54
tube50,9686,1,acousticguitar_violin:1
tubers,9687,1,cucumber_zucchini:1
tubes,9688,1,ant_bee:1
tubular,9689,7,ant_bee:7
tugging,9690,1,ant_bee:1
tugs,9691,2,ant_bee:2
tulip,9692,24,ant_bee:1|hotpot_vase:23
tulip-like,9693,2,hotpot_vase:2
tulips,9694,206,hotpot_vase:206
tumbler,9695,29,hotpot_vase:29
tumblers,9696,1,hotpot_vase:1
tuna,9697,74,cucumber_zucchini:74
tuned,9698,8,acousticguitar_violin:8
tuner,9699,107,acousticguitar_violin:107
tuners,9700,70,acousticguitar_violin:70
tunes,9701,1,acousticguitar_violin:1
tuning,9702,1096,acousticguitar_violin:1096
tunis,9703,5,acousticguitar_violin:5
tunisian,9704,1,acousticguitar_violin:1
tunnel,9705,59,ambulance_firetruck:29|ant_bee:30
tunneling,9706,5,ant_bee:5
tunnels,9707,51,ant_bee:51
turkey,9708,15,cucumber_zucchini:1|hotpot_vase:14
turned,9709,7,acousticguitar_violin:2|hotpot_vase:5
turner,9710,2,acousticguitar_violin:2
turning,9711,14,ambulance_firetruck:12|cucumber_zucchini:1|hotpot_vase:1
turnip,9712,11,cucumber_zucchini:11
turnips,9713,17,cucumber_zucchini:17
turns,9714,36,ambulance_firetruck:36
turntable,9715,5,hotpot_vase:5
turquoise,9716,289,acousticguitar_violin:19|ant_bee:13|cucumber_zucchini:13|hotpot_vase:244
turquoise-colored,9717,1,ant_bee:1
turquoise-glazed,9718,1,hotpot_vase:1
turtleneck,9719,14,acousticguitar_violin:14
tutorial,9720,2,acousticguitar_violin:2
tutti,9721,4,ambulance_firetruck:4
tux,9722,18,acousticguitar_violin:18
tuxedo,9723,50,acousticguitar_violin:50
tv,9724,7,hotpot_vase:7
tw,9725,1,ambulance_firetruck:1
tweety,9726,20,ambulance_firetruck:20
twelve,9727,128,acousticguitar_violin:113|hotpot_vase:15
twelve-string,9728,235,acousticguitar_violin:235
twenty-six,9729,3,hotpot_vase:3
twig,9730,275,ant_bee:266|hotpot_vase:9
twigs,9731,223,ant_bee:185|hotpot_vase:38
twig枝条,9732,1,hotpot_vase:1
twilight,9733,9,acousticguitar_violin:1|ambulance_firetruck:6|ant_bee:2
twin,9734,35,ambulance_firetruck:2|ant_bee:1|hotpot_vase:32
twine,9735,18,cucumber_zucchini:9|hotpot_vase:9
twisted,9736,95,ant_bee:5|cucumber_zucchini:36|hotpot_vase:54
twisting,9737,1,hotpot_vase:1
two,9738,8523,acousticguitar_violin:2446|ambulance_firetruck:1121|ant_bee:1796|cucumber_zucchini:1398|hotpot_vase:1762
two-broth,9739,3,hotpot_vase:3
two-faced,9740,1,hotpot_vase:1
two-flavor,9741,8,hotpot_vase:8
two-flavored,9742,2,hotpot_vase:2
two-handled,9743,14,hotpot_vase:14
two-pronged,9744,2,cucumber_zucchini:2
two-sided,9745,1,hotpot_vase:1
two-sides,9746,1,hotpot_vase:1
two-tone,9747,55,acousticguitar_violin:1|ambulance_firetruck:1|hotpot_vase:53
two-toned,9748,8,hotpot_vase:8
twp,9749,11,ambulance_firetruck:11
tying,9750,3,ambulance_firetruck:3
type,9751,1,cucumber_zucchini:1
types,9752,39,acousticguitar_violin:2|cucumber_zucchini:2|hotpot_vase:35
tyrquoise,9753,1,ambulance_firetruck:1
tyrroucise,9754,2,ambulance_firetruck:2
u,9755,8,hotpot_vase:8
u.c.f.d,9756,1,ambulance_firetruck:1
u.s,9757,6,ambulance_firetruck:5|ant_bee:1
u.s.a,9758,2,ambulance_firetruck:2
u.s.l,9759,1,ambulance_firetruck:1
u.t.c,9760,2,ambulance_firetruck:2
u.t.i,9761,4,ambulance_firetruck:4
uc,9762,13,ambulance_firetruck:13
udon,9763,8,cucumber_zucchini:8
ufa,9764,5,ambulance_firetruck:5
uk,9765,2,acousticguitar_violin:1|ambulance_firetruck:1
uke,9766,4,ambulance_firetruck:4
ukulele,9767,108,acousticguitar_violin:108
ukuleles,9768,30,acousticguitar_violin:30
umbrella,9769,4,acousticguitar_violin:2|ambulance_firetruck:2
umbrellas,9770,14,acousticguitar_violin:4|ambulance_firetruck:9|cucumber_zucchini:1
un,9771,35,acousticguitar_violin:11|ambulance_firetruck:24
un'ambulanza,9772,1,ambulance_firetruck:1
unavailable,9773,40,ant_bee:40
uncle,9774,2,ambulance_firetruck:2
uncoiling,9775,5,ambulance_firetruck:5
uncovered,9776,1,hotpot_vase:1
undecorated,9777,1,hotpot_vase:1
under,9778,3455,acousticguitar_violin:1062|ambulance_firetruck:1692|ant_bee:451|cucumber_zucchini:203|hotpot_vase:47
undergoing,9779,2,ambulance_firetruck:2
underground,9780,4,acousticguitar_violin:1|ambulance_firetruck:1|ant_bee:2
underlayer,9781,1,ant_bee:1
underneath,9782,4,hotpot_vase:4
underwater,9783,10,ant_bee:10
underway,9784,20,ambulance_firetruck:20
underwear,9785,1,cucumber_zucchini:1
uneven,9786,9,ant_bee:1|hotpot_vase:8
unfinished,9787,65,acousticguitar_violin:43|hotpot_vase:22
unfired,9788,27,hotpot_vase:27
unfolds,9789,1,ant_bee:1
unfurling,9790,2,ant_bee:2
unicef,9791,20,ambulance_firetruck:20
uniform,9792,69,acousticguitar_violin:9|ambulance_firetruck:60
uniformed,9793,48,ambulance_firetruck:48
uniforms,9794,92,acousticguitar_violin:19|ambulance_firetruck:73
union,9795,1,ambulance_firetruck:1
unique,9796,62,acousticguitar_violin:50|cucumber_zucchini:4|hotpot_vase:8
uniquely,9797,22,acousticguitar_violin:9|cucumber_zucchini:5|hotpot_vase:8
unit,9798,101,acousticguitar_violin:4|ambulance_firetruck:95|hotpot_vase:2
united,9799,1,ambulance_firetruck:1
units,9800,3,ambulance_firetruck:1|hotpot_vase:2
unity,9801,4,acousticguitar_violin:2|ambulance_firetruck:2
unità,9802,39,ambulance_firetruck:39
universal,9803,1,ambulance_firetruck:1
university,9804,14,ambulance_firetruck:14
unload,9805,1,ambulance_firetruck:1
unloads,9806,1,ambulance_firetruck:1
unopened,9807,1,ant_bee:1
unpolished,9808,2,hotpot_vase:2
untreated,9809,1,acousticguitar_violin:1
unusual,9810,4,acousticguitar_violin:1|cucumber_zucchini:3
unusual-shaped,9811,1,cucumber_zucchini:1
unusually,9812,1,cucumber_zucchini:1
unvarnished,9813,4,acousticguitar_violin:4
unveiled,9814,1,ambulance_firetruck:1
unveiling,9815,4,ambulance_firetruck:4
unwins,9816,12,cucumber_zucchini:12
up,9817,578,acousticguitar_violin:162|ambulance_firetruck:208|ant_bee:112|cucumber_zucchini:90|hotpot_vase:6
upcoming,9818,2,hotpot_vase:2
upholstery,9819,3,acousticguitar_violin:3
uplifted,9820,1,acousticguitar_violin:1
upper,9821,8,ambulance_firetruck:7|hotpot_vase:1
upright,9822,422,acousticguitar_violin:402|ant_bee:1|cucumber_zucchini:17|hotpot_vase:2
upside,9823,19,acousticguitar_violin:3|ambulance_firetruck:1|ant_bee:11|hotpot_vase:4
upside-down,9824,37,acousticguitar_violin:3|ambulance_firetruck:1|ant_bee:32|hotpot_vase:1
upward,9825,43,acousticguitar_violin:25|ambulance_firetruck:13|ant_bee:2|cucumber_zucchini:3
urban,9826,615,acousticguitar_violin:13|ambulance_firetruck:581|ant_bee:5|cucumber_zucchini:10|hotpot_vase:6
urgences,9827,2,ambulance_firetruck:2
urgencia,9828,1,ambulance_firetruck:1
urgency,9829,14,ambulance_firetruck:14
urgent,9830,5,ambulance_firetruck:5
urging,9831,2,ambulance_firetruck:2
us,9832,3,ambulance_firetruck:2|ant_bee:1
usa,9833,1,ambulance_firetruck:1
usc-vfd,9834,1,ambulance_firetruck:1
usda,9835,2,cucumber_zucchini:2
use,9836,14,acousticguitar_violin:1|cucumber_zucchini:2|hotpot_vase:11
used,9837,2,hotpot_vase:2
user,9838,29,acousticguitar_violin:5|ambulance_firetruck:5|ant_bee:1|cucumber_zucchini:5|hotpot_vase:13
uses,9839,14,hotpot_vase:14
using,9840,44,cucumber_zucchini:13|hotpot_vase:31
usl,9841,4,ambulance_firetruck:4
utensil,9842,1,cucumber_zucchini:1
utensils,9843,90,cucumber_zucchini:19|hotpot_vase:71
utica,9844,6,ambulance_firetruck:6
utility,9845,69,ambulance_firetruck:59|ant_bee:10
uv,9846,20,hotpot_vase:20
v,9847,1,ambulance_firetruck:1
v.f.d,9848,11,ambulance_firetruck:11
v8,9849,9,ambulance_firetruck:9
va,9850,11,ambulance_firetruck:11
vacuoles,9851,3,cucumber_zucchini:3
vacuum,9852,4,cucumber_zucchini:4
vacuum-packed,9853,2,cucumber_zucchini:2
vacuum-sealed,9854,13,cucumber_zucchini:13
vader,9855,20,acousticguitar_violin:20
val,9856,1,ambulance_firetruck:1
valleramosa,9857,1,ambulance_firetruck:1
vallermosa,9858,1,ambulance_firetruck:1
valleromosa,9859,1,ambulance_firetruck:1
valley,9860,24,ambulance_firetruck:8|cucumber_zucchini:11|hotpot_vase:5
valuable,9861,1,acousticguitar_violin:1
value,9862,12,acousticguitar_violin:12
valves,9863,25,ambulance_firetruck:25
vampire,9864,1,acousticguitar_violin:1
van,9865,1855,ambulance_firetruck:1855
vancouver,9866,19,ambulance_firetruck:19
vanity,9867,7,cucumber_zucchini:2|hotpot_vase:5
vans,9868,64,ambulance_firetruck:64
varied,9869,181,acousticguitar_violin:111|ant_bee:4|cucumber_zucchini:40|hotpot_vase:26
variegated,9870,10,ant_bee:8|hotpot_vase:2
varieties,9871,13,cucumber_zucchini:13
varieties-rest,9872,2,cucumber_zucchini:2
variety,9873,46,acousticguitar_violin:4|cucumber_zucchini:36|hotpot_vase:6
various,9874,268,acousticguitar_violin:75|ant_bee:1|cucumber_zucchini:17|hotpot_vase:175
varnish,9875,56,acousticguitar_violin:56
varnished,9876,113,acousticguitar_violin:113
varnishing,9877,1,acousticguitar_violin:1
vary,9878,2,acousticguitar_violin:2
varying,9879,384,acousticguitar_violin:68|cucumber_zucchini:204|hotpot_vase:112
vase,9880,41,acousticguitar_violin:6|ant_bee:1|cucumber_zucchini:34
vason,9881,1,ambulance_firetruck:1
vastly,9882,1,cucumber_zucchini:1
vauxhall,9883,1,ambulance_firetruck:1
vegan,9884,2,cucumber_zucchini:1|hotpot_vase:1
vegas,9885,5,ambulance_firetruck:5
vegetable,9886,1294,cucumber_zucchini:452|hotpot_vase:842
vegetable-bowl,9887,1,cucumber_zucchini:1
vegetable-filled,9888,7,hotpot_vase:7
vegetable-laden,9889,1,hotpot_vase:1
vegetable-loaded,9890,6,cucumber_zucchini:5|hotpot_vase:1
vegetable-rich,9891,56,cucumber_zucchini:1|hotpot_vase:55
vegetable-salad,9892,1,hotpot_vase:1
vegetable-stew,9893,3,hotpot_vase:3
vegetable-topped,9894,7,cucumber_zucchini:7
vegetables,9895,7023,cucumber_zucchini:3373|hotpot_vase:3650
vegetables-broccoli,9896,1,cucumber_zucchini:1
vegetables-carrot,9897,1,cucumber_zucchini:1
vegetables-carrots,9898,4,cucumber_zucchini:4
vegetables-peppers,9899,1,cucumber_zucchini:1
vegetables-potatoes,9900,1,cucumber_zucchini:1
vegetables-red,9901,1,cucumber_zucchini:1
vegetables-tomato,9902,1,cucumber_zucchini:1
vegetables-tomatoes,9903,3,cucumber_zucchini:3
vegetables-zucchini,9904,2,cucumber_zucchini:2
vegetables-zucchinis,9905,3,cucumber_zucchini:3
vegetarian,9906,1,hotpot_vase:1
vegetation,9907,30,ambulance_firetruck:17|ant_bee:13
veggie,9908,52,cucumber_zucchini:50|hotpot_vase:2
veggie-art,9909,1,cucumber_zucchini:1
veggie-bagel,9910,1,cucumber_zucchini:1
veggie-loaded,9911,5,cucumber_zucchini:5
veggie-packed,9912,1,cucumber_zucchini:1
veggies,9913,459,cucumber_zucchini:296|hotpot_vase:163
vehicle,9914,565,ambulance_firetruck:565
vehicle-loading,9915,1,ambulance_firetruck:1
vehicles,9916,298,acousticguitar_violin:2|ambulance_firetruck:290|ant_bee:2|cucumber_zucchini:4
vein,9917,26,ant_bee:23|hotpot_vase:3
veined,9918,7,ant_bee:4|hotpot_vase:3
veining,9919,17,ant_bee:2|hotpot_vase:15
veins,9920,114,ant_bee:110|cucumber_zucchini:1|hotpot_vase:3
velvet,9921,154,acousticguitar_violin:135|ant_bee:16|hotpot_vase:3
velvet-lined,9922,2,acousticguitar_violin:2
vending,9923,3,acousticguitar_violin:1|ambulance_firetruck:2
vendor,9924,87,ambulance_firetruck:3|cucumber_zucchini:84
vendor's,9925,2,cucumber_zucchini:2
vendors,9926,14,cucumber_zucchini:14
veneers,9927,1,hotpot_vase:1
venetian,9928,5,ambulance_firetruck:5
vengerov,9929,8,acousticguitar_violin:8
venice,9930,15,ambulance_firetruck:15
vent,9931,10,acousticguitar_violin:2|ant_bee:7|cucumber_zucchini:1
vented,9932,6,ant_bee:6
ventilated,9933,1,hotpot_vase:1
ventilation,9934,1,ant_bee:1
vents,9935,1,ant_bee:1
ventura,9936,12,ambulance_firetruck:12
venue,9937,12,acousticguitar_violin:12
verd,9938,1,cucumber_zucchini:1
verdant,9939,1,hotpot_vase:1
verde,9940,31,ambulance_firetruck:30|cucumber_zucchini:1
verdigris,9941,2,hotpot_vase:2
verge,9942,4,ambulance_firetruck:4
vernon,9943,3,ambulance_firetruck:3
versatile,9944,1,acousticguitar_violin:1
versatility,9945,12,acousticguitar_violin:12
verse,9946,13,hotpot_vase:13
versions,9947,1,hotpot_vase:1
vertical,9948,122,acousticguitar_violin:5|ant_bee:26|cucumber_zucchini:1|hotpot_vase:90
vertically,9949,57,acousticguitar_violin:22|ant_bee:7|cucumber_zucchini:28
vessel,9950,2,hotpot_vase:2
vessels,9951,3,ant_bee:3
vest,9952,53,acousticguitar_violin:39|ambulance_firetruck:14
vester,9953,1,acousticguitar_violin:1
vests,9954,29,acousticguitar_violin:17|ambulance_firetruck:12
vet,9955,6,ambulance_firetruck:6
veterinary,9956,29,ambulance_firetruck:29
vfd,9957,7,ambulance_firetruck:7
vi,9958,3,acousticguitar_violin:3
via,9959,1,acousticguitar_violin:1
vial,9960,7,ant_bee:4|hotpot_vase:3
vials,9961,2,hotpot_vase:2
viareggio,9962,6,ambulance_firetruck:6
vibe,9963,8,acousticguitar_violin:8
vibes,9964,1,acousticguitar_violin:1
vibrant,9965,16222,acousticguitar_violin:518|ambulance_firetruck:58|ant_bee:10241|cucumber_zucchini:4349|hotpot_vase:1056
vibrantly,9966,11,acousticguitar_violin:2|ant_bee:1|cucumber_zucchini:3|hotpot_vase:5
vibrating,9967,3,acousticguitar_violin:3
vibrato,9968,1,acousticguitar_violin:1
vicenza,9969,1,ambulance_firetruck:1
victim,9970,2,ambulance_firetruck:2
victoria,9971,17,ambulance_firetruck:17
victorian,9972,4,ambulance_firetruck:4
victorian-style,9973,1,ambulance_firetruck:1
video,9974,20,acousticguitar_violin:8|ambulance_firetruck:1|ant_bee:11
vienna,9975,1,ambulance_firetruck:1
vietnamese,9976,16,cucumber_zucchini:3|hotpot_vase:13
view,9977,1898,acousticguitar_violin:532|ambulance_firetruck:491|ant_bee:784|cucumber_zucchini:77|hotpot_vase:14
view-on,9978,1,acousticguitar_violin:1
viewed,9979,132,acousticguitar_violin:29|ambulance_firetruck:77|ant_bee:26
viewer,9980,1,acousticguitar_violin:1
views,9981,419,acousticguitar_violin:389|ambulance_firetruck:4|ant_bee:7|hotpot_vase:19
viewsonic,9982,9,hotpot_vase:9
vigili,9983,1,ambulance_firetruck:1
vignole,9984,3,ambulance_firetruck:3
vigorously,9985,3,hotpot_vase:3
villa,9986,25,ambulance_firetruck:25
village,9987,55,ambulance_firetruck:23|ant_bee:10|hotpot_vase:22
villagers,9988,1,ambulance_firetruck:1
villalago,9989,4,ambulance_firetruck:4
villar,9990,3,ambulance_firetruck:3
ville,9991,4,ambulance_firetruck:4
vincent's,9992,6,ambulance_firetruck:6
vinci,9993,2,acousticguitar_violin:2
vindborg,9994,3,ambulance_firetruck:3
vinding,9995,1,ambulance_firetruck:1
vine,9996,2676,ant_bee:39|cucumber_zucchini:2621|hotpot_vase:16
vine-attached,9997,1,cucumber_zucchini:1
vine-covered,9998,1,cucumber_zucchini:1
vine-draped,9999,1,acousticguitar_violin:1
vine-growing,10000,10,cucumber_zucchini:10
vine-grown,10001,35,cucumber_zucchini:35
vine-ripened,10002,4,cucumber_zucchini:4
vinegar,10003,1,cucumber_zucchini:1
vines,10004,902,acousticguitar_violin:3|ant_bee:1|cucumber_zucchini:885|hotpot_vase:13
vining,10005,26,cucumber_zucchini:26
vino,10006,9,hotpot_vase:9
vintage,10007,9535,acousticguitar_violin:1418|ambulance_firetruck:7605|ant_bee:3|cucumber_zucchini:15|hotpot_vase:494
vintage-decorated,10008,1,hotpot_vase:1
vintage-style,10009,49,acousticguitar_violin:43|ambulance_firetruck:2|hotpot_vase:4
vinyl,10010,9,acousticguitar_violin:2|hotpot_vase:7
viola,10011,17,acousticguitar_violin:17
viola's,10012,2,acousticguitar_violin:2
violet,10013,7,acousticguitar_violin:1|ant_bee:6
violin,10014,20,acousticguitar_violin:20
violin's,10015,1,acousticguitar_violin:1
violinist,10016,1362,acousticguitar_violin:1362
violinist's,10017,19,acousticguitar_violin:19
violinists,10018,200,acousticguitar_violin:200
virgin,10019,22,ambulance_firetruck:22
virgin-branded,10020,1,ambulance_firetruck:1
virginia,10021,20,ambulance_firetruck:20
virtual,10022,15,acousticguitar_violin:15
virtuoso,10023,3,acousticguitar_violin:3
visage,10024,1,hotpot_vase:1
visible,10025,1687,acousticguitar_violin:626|ambulance_firetruck:434|ant_bee:278|cucumber_zucchini:307|hotpot_vase:42
visiting,10026,70,ambulance_firetruck:1|ant_bee:67|cucumber_zucchini:2
visitor,10027,3,ambulance_firetruck:1|ant_bee:1|hotpot_vase:1
visitors,10028,11,acousticguitar_violin:1|ambulance_firetruck:8|hotpot_vase:2
visits,10029,18,acousticguitar_violin:12|ant_bee:6
vison,10030,1,ambulance_firetruck:1
vista,10031,10,acousticguitar_violin:1|ambulance_firetruck:9
viva,10032,1,acousticguitar_violin:1
vivid,10033,61,acousticguitar_violin:5|ambulance_firetruck:12|ant_bee:37|hotpot_vase:7
vividly,10034,3,ant_bee:1|hotpot_vase:2
vocals,10035,8,acousticguitar_violin:8
voice,10036,1,acousticguitar_violin:1
voids,10037,1,cucumber_zucchini:1
vol,10038,50,acousticguitar_violin:1|ambulance_firetruck:49
vol.1,10039,2,acousticguitar_violin:2
volkswagen,10040,46,ambulance_firetruck:41|ant_bee:5
volontari,10041,17,ambulance_firetruck:17
volontaria,10042,2,ambulance_firetruck:2
volume,10043,6,acousticguitar_violin:6
volunteer,10044,287,ambulance_firetruck:287
volunteers,10045,30,ambulance_firetruck:30
voluntários,10046,4,ambulance_firetruck:4
volvo,10047,3,ambulance_firetruck:3
von-thai,10048,1,cucumber_zucchini:1
von-tho,10049,2,cucumber_zucchini:2
von-thompson,10050,2,cucumber_zucchini:2
von-thy,10051,3,cucumber_zucchini:3
vons,10052,15,ambulance_firetruck:15
voorrang,10053,7,ambulance_firetruck:7
vortex,10054,1,ant_bee:1
votive,10055,2,hotpot_vase:2
vs,10056,4,ant_bee:1|cucumber_zucchini:1|hotpot_vase:2
vt,10057,4,ambulance_firetruck:4
vuitton,10058,8,ambulance_firetruck:8
vw,10059,13,ambulance_firetruck:7|ant_bee:6
vx56,10060,7,ambulance_firetruck:7
w.r.h,10061,4,ambulance_firetruck:4
w10,10062,10,ambulance_firetruck:10
wa51,10063,3,ambulance_firetruck:3
wading,10064,2,ambulance_firetruck:2
wagon,10065,39,ambulance_firetruck:39
wait,10066,1,ambulance_firetruck:1
waiting,10067,14,acousticguitar_violin:2|ambulance_firetruck:11|ant_bee:1
waits,10068,3,acousticguitar_violin:2|ambulance_firetruck:1
waldoboro,10069,2,ambulance_firetruck:2
wales,10070,12,ambulance_firetruck:12
walgreens,10071,20,ambulance_firetruck:20
walk,10072,18,acousticguitar_violin:7|ambulance_firetruck:11
walker,10073,2,acousticguitar_violin:1|ambulance_firetruck:1
walking,10074,175,acousticguitar_violin:4|ambulance_firetruck:143|ant_bee:27|cucumber_zucchini:1
walks,10075,26,acousticguitar_violin:11|ambulance_firetruck:15
walkway,10076,4,ambulance_firetruck:2|ant_bee:1|cucumber_zucchini:1
walkways,10077,1,ant_bee:1
wall,10078,2560,acousticguitar_violin:1971|ambulance_firetruck:119|ant_bee:232|cucumber_zucchini:87|hotpot_vase:151
wall's,10079,1,ant_bee:1
wall-acoustic,10080,6,acousticguitar_violin:6
wall-displayed,10081,2,acousticguitar_violin:2
wall-hung,10082,6,acousticguitar_violin:6
wall-mounted,10083,33,acousticguitar_violin:25|hotpot_vase:8
wall-red,10084,1,acousticguitar_violin:1
wall-two,10085,1,acousticguitar_violin:1
wallpaper,10086,38,acousticguitar_violin:10|ant_bee:10|hotpot_vase:18
walls,10087,67,acousticguitar_violin:44|ambulance_firetruck:8|ant_bee:8|cucumber_zucchini:1|hotpot_vase:6
walnuts,10088,2,cucumber_zucchini:2
waltham,10089,4,ambulance_firetruck:4
wanna,10090,13,ambulance_firetruck:13
war-torn,10091,5,ambulance_firetruck:5
ward,10092,9,ambulance_firetruck:9
ware,10093,5,ambulance_firetruck:5
warehouse,10094,60,acousticguitar_violin:42|ambulance_firetruck:17|hotpot_vase:1
warehouse-like,10095,1,acousticguitar_violin:1
warm,10096,3786,acousticguitar_violin:3421|ambulance_firetruck:3|ant_bee:85|cucumber_zucchini:24|hotpot_vase:253
warm-light,10097,1,acousticguitar_violin:1
warm-lit,10098,9,acousticguitar_violin:9
warm-toned,10099,438,acousticguitar_violin:423|ambulance_firetruck:3|ant_bee:1|cucumber_zucchini:1|hotpot_vase:10
warm-wood,10100,1,acousticguitar_violin:1
warmly,10101,219,acousticguitar_violin:194|ant_bee:3|hotpot_vase:22
warmth,10102,29,acousticguitar_violin:18|ambulance_firetruck:1|hotpot_vase:10
warn,10103,1,ambulance_firetruck:1
warning,10104,42,ambulance_firetruck:42
warrior,10105,75,hotpot_vase:75
warrior-depicted,10106,1,hotpot_vase:1
warriors,10107,72,hotpot_vase:72
warwick,10108,11,ambulance_firetruck:11
was,10109,22,acousticguitar_violin:2|ambulance_firetruck:12|ant_bee:2|cucumber_zucchini:5|hotpot_vase:1
wash,10110,7,acousticguitar_violin:3|ambulance_firetruck:4
washburn,10111,46,acousticguitar_violin:46
washed,10112,2,cucumber_zucchini:2
washes,10113,1,cucumber_zucchini:1
washing,10114,31,ambulance_firetruck:13|cucumber_zucchini:18
washington,10115,55,ambulance_firetruck:55
wasp,10116,788,ant_bee:788
wasp's,10117,1,ant_bee:1
wasp-like,10118,22,ant_bee:22
wasps,10119,82,ant_bee:82
watch,10120,105,acousticguitar_violin:18|ambulance_firetruck:72|ant_bee:15
watched,10121,3,ambulance_firetruck:3
watches,10122,134,acousticguitar_violin:60|ambulance_firetruck:68|ant_bee:1|cucumber_zucchini:2|hotpot_vase:3
watching,10123,217,acousticguitar_violin:31|ambulance_firetruck:174|ant_bee:3|cucumber_zucchini:9
water,10124,1365,acousticguitar_violin:35|ambulance_firetruck:442|ant_bee:360|cucumber_zucchini:396|hotpot_vase:132
water's,10125,6,acousticguitar_violin:3|ant_bee:3
water-filled,10126,2,hotpot_vase:2
watercolor,10127,58,acousticguitar_violin:20|cucumber_zucchini:15|hotpot_vase:23
waterdrop,10128,1,ant_bee:1
waterfall,10129,3,hotpot_vase:3
waterford,10130,7,ambulance_firetruck:7
waterfront,10131,53,ambulance_firetruck:53
watering,10132,1,cucumber_zucchini:1
waterlily,10133,3,ant_bee:3
watermark,10134,72,acousticguitar_violin:60|ambulance_firetruck:3|ant_bee:8|hotpot_vase:1
watermarked,10135,12,acousticguitar_violin:12
watermarks,10136,2,acousticguitar_violin:2
watermelon,10137,94,ant_bee:38|cucumber_zucchini:56
watermelons,10138,28,cucumber_zucchini:28
waters,10139,3,ambulance_firetruck:3
waterside,10140,2,acousticguitar_violin:1|ambulance_firetruck:1
waterway,10141,3,ambulance_firetruck:3
watery,10142,1,cucumber_zucchini:1
wave,10143,45,acousticguitar_violin:14|ambulance_firetruck:7|hotpot_vase:24
wave-like,10144,1,hotpot_vase:1
waveform,10145,2,acousticguitar_violin:2
waves,10146,57,acousticguitar_violin:2|ambulance_firetruck:28|hotpot_vase:27
waving,10147,149,acousticguitar_violin:1|ambulance_firetruck:148
wavy,10148,153,cucumber_zucchini:1|hotpot_vase:152
wavy-patterned,10149,1,hotpot_vase:1
wax,10150,8,ant_bee:7|cucumber_zucchini:1
wax-like,10151,1,ant_bee:1
waxy,10152,4,ant_bee:4
way,10153,20,acousticguitar_violin:2|ambulance_firetruck:18
wayne,10154,14,ambulance_firetruck:14
wc-02,10155,15,acousticguitar_violin:15
wc-54,10156,5,ambulance_firetruck:5
wealth,10157,1,hotpot_vase:1
wear,10158,40,acousticguitar_violin:28|ambulance_firetruck:10|hotpot_vase:2
wearing,10159,406,acousticguitar_violin:295|ambulance_firetruck:24|ant_bee:4|cucumber_zucchini:81|hotpot_vase:2
wears,10160,13,acousticguitar_violin:7|cucumber_zucchini:6
weather,10161,5,ambulance_firetruck:5
weathered,10162,1271,acousticguitar_violin:159|ambulance_firetruck:46|ant_bee:827|cucumber_zucchini:121|hotpot_vase:118
weave,10163,6,hotpot_vase:6
weaving,10164,4,ant_bee:4
web,10165,72,ant_bee:72
web-covered,10166,2,ant_bee:2
web-like,10167,2,ant_bee:2
webbed,10168,5,ant_bee:5
webbing,10169,13,ant_bee:13
website,10170,20,acousticguitar_violin:12|ambulance_firetruck:2|ant_bee:3|hotpot_vase:3
wedding,10171,39,acousticguitar_violin:21|ambulance_firetruck:17|hotpot_vase:1
wedge,10172,18,cucumber_zucchini:18
wedges,10173,27,cucumber_zucchini:13|hotpot_vase:14
weeds,10174,36,ambulance_firetruck:20|cucumber_zucchini:16
weighing,10175,2,cucumber_zucchini:2
weighs,10176,10,cucumber_zucchini:9|hotpot_vase:1
weight,10177,8,cucumber_zucchini:8
welfare,10178,1,ambulance_firetruck:1
well-equipped,10179,2,ambulance_firetruck:2
well-lit,10180,48,acousticguitar_violin:4|ambulance_firetruck:44
well-loved,10181,1,acousticguitar_violin:1
well-maintained,10182,1,ambulance_firetruck:1
well-used,10183,1,acousticguitar_violin:1
well-worn,10184,1,acousticguitar_violin:1
wells,10185,2,ambulance_firetruck:2
wellsboro,10186,1,ambulance_firetruck:1
wellsveille,10187,1,ambulance_firetruck:1
wellsville,10188,4,ambulance_firetruck:4
welsh,10189,4,ambulance_firetruck:4
west,10190,17,acousticguitar_violin:2|ambulance_firetruck:15
western,10191,2,acousticguitar_violin:2
western-themed,10192,19,acousticguitar_violin:19
westmont,10193,5,ambulance_firetruck:5
wet,10194,939,ambulance_firetruck:774|ant_bee:121|cucumber_zucchini:44
wet-parking,10195,1,ambulance_firetruck:1
weyers,10196,10,ambulance_firetruck:10
whale,10197,3,acousticguitar_violin:3
wheat,10198,9,ant_bee:1|cucumber_zucchini:2|hotpot_vase:6
wheatgrass,10199,1,hotpot_vase:1
wheel,10200,104,ambulance_firetruck:46|hotpot_vase:58
wheel-thrown,10201,1,hotpot_vase:1
wheelbarrow,10202,27,acousticguitar_violin:1|cucumber_zucchini:26
wheelchair,10203,27,ambulance_firetruck:27
wheelie,10204,7,ambulance_firetruck:7
wheels,10205,53,ambulance_firetruck:50|cucumber_zucchini:2|hotpot_vase:1
when,10206,1,ambulance_firetruck:1
while,10207,257,acousticguitar_violin:194|ambulance_firetruck:12|ant_bee:5|cucumber_zucchini:35|hotpot_vase:11
whimsical,10208,86,acousticguitar_violin:7|cucumber_zucchini:12|hotpot_vase:67
whimsy,10209,1,acousticguitar_violin:1
whisked,10210,5,cucumber_zucchini:5
whistle,10211,2,acousticguitar_violin:2
white,10212,34090,acousticguitar_violin:3398|ambulance_firetruck:15905|ant_bee:6555|cucumber_zucchini:3431|hotpot_vase:4801
white-and-black,10213,2,ambulance_firetruck:1|ant_bee:1
white-and-brown,10214,1,ant_bee:1
white-and-green,10215,1,ambulance_firetruck:1
white-and-orange,10216,1,ambulance_firetruck:1
white-and-purple,10217,2,ant_bee:2
white-and-red,10218,5,ambulance_firetruck:4|ant_bee:1
white-background,10219,1,ant_bee:1
white-blue,10220,3,ambulance_firetruck:3
white-brown,10221,1,ambulance_firetruck:1
white-covered,10222,2,acousticguitar_violin:1|ant_bee:1
white-flowered,10223,2,ant_bee:2
white-green,10224,4,ambulance_firetruck:3|cucumber_zucchini:1
white-orange,10225,34,ambulance_firetruck:34
white-orange-yellow,10226,1,ambulance_firetruck:1
white-petaled,10227,11,ant_bee:11
white-pink,10228,3,ant_bee:3
white-purple,10229,3,ant_bee:3
white-red,10230,17,ambulance_firetruck:13|ant_bee:4
white-red-yellow,10231,1,ambulance_firetruck:1
white-tipped,10232,1,cucumber_zucchini:1
white-winged,10233,2,ant_bee:2
white-yellow,10234,14,ambulance_firetruck:3|ant_bee:11
whiteboard,10235,18,acousticguitar_violin:18
whites,10236,1,hotpot_vase:1
white蚜虫,10237,1,ant_bee:1
whitish-tipped,10238,1,cucumber_zucchini:1
whittier,10239,4,ambulance_firetruck:4
whole,10240,643,cucumber_zucchini:637|hotpot_vase:6
wholesome,10241,20,cucumber_zucchini:19|hotpot_vase:1
wicker,10242,219,acousticguitar_violin:59|cucumber_zucchini:120|hotpot_vase:40
wickton,10243,1,ambulance_firetruck:1
wicktonville,10244,6,ambulance_firetruck:6
wide,10245,113,acousticguitar_violin:9|ant_bee:5|cucumber_zucchini:42|hotpot_vase:57
wide-bodied,10246,1,hotpot_vase:1
wide-eyed,10247,19,cucumber_zucchini:8|hotpot_vase:11
wide-open,10248,1,ant_bee:1
wields,10249,3,ambulance_firetruck:3
wig,10250,6,acousticguitar_violin:6
wight,10251,5,ambulance_firetruck:5
wikigta,10252,4,ambulance_firetruck:4
wild,10253,56,acousticguitar_violin:2|ambulance_firetruck:8|ant_bee:14|cucumber_zucchini:6|hotpot_vase:26
wildfire,10254,18,ambulance_firetruck:18
wildflower,10255,9,ant_bee:9
wildflowers,10256,131,acousticguitar_violin:1|ambulance_firetruck:1|ant_bee:68|cucumber_zucchini:1|hotpot_vase:60
wildland,10257,1,ambulance_firetruck:1
wildlife,10258,2,ant_bee:1|hotpot_vase:1
wildly,10259,7,cucumber_zucchini:7
will,10260,1,acousticguitar_violin:1
william,10261,1,ant_bee:1
willow,10262,64,ant_bee:58|hotpot_vase:6
wilted,10263,33,acousticguitar_violin:10|ant_bee:5|cucumber_zucchini:11|hotpot_vase:7
wilting,10264,26,acousticguitar_violin:4|ant_bee:14|cucumber_zucchini:8
win,10265,9,ambulance_firetruck:9
winch,10266,2,ambulance_firetruck:2
wind,10267,6,acousticguitar_violin:6
winders,10268,1,acousticguitar_violin:1
winding,10269,32,acousticguitar_violin:13|ambulance_firetruck:15|ant_bee:4
windings,10270,7,acousticguitar_violin:7
window,10271,853,acousticguitar_violin:441|ambulance_firetruck:69|ant_bee:46|cucumber_zucchini:31|hotpot_vase:266
window-sill,10272,1,ant_bee:1
windowlight,10273,5,acousticguitar_violin:3|hotpot_vase:2
windows,10274,75,acousticguitar_violin:17|ambulance_firetruck:51|ant_bee:1|hotpot_vase:6
windowsill,10275,84,ant_bee:13|hotpot_vase:71
windshield,10276,19,ambulance_firetruck:19
wine,10277,151,cucumber_zucchini:65|hotpot_vase:86
wine-glasses,10278,1,hotpot_vase:1
wine-lined,10279,1,acousticguitar_violin:1
wine-themed,10280,6,hotpot_vase:6
wing,10281,19,acousticguitar_violin:1|ambulance_firetruck:9|ant_bee:9
winged,10282,463,acousticguitar_violin:1|ant_bee:438|hotpot_vase:24
wingless,10283,2,ant_bee:2
wings,10284,1441,acousticguitar_violin:21|ant_bee:1412|hotpot_vase:8
wings-camponotus,10285,1,ant_bee:1
winnepegosis,10286,1,ambulance_firetruck:1
winnie,10287,4,acousticguitar_violin:4
winning,10288,1,cucumber_zucchini:1
winnipegois,10289,6,ambulance_firetruck:6
winnipegosis,10290,3,ambulance_firetruck:3
winslow,10291,3,ambulance_firetruck:3
winter,10292,68,acousticguitar_violin:3|ambulance_firetruck:46|cucumber_zucchini:2|hotpot_vase:17
wipers,10293,1,ambulance_firetruck:1
wire,10294,168,acousticguitar_violin:3|ant_bee:91|cucumber_zucchini:44|hotpot_vase:30
wire-caged,10295,9,hotpot_vase:9
wire-wrapped,10296,4,hotpot_vase:4
wired,10297,2,acousticguitar_violin:2
wires,10298,26,acousticguitar_violin:21|ambulance_firetruck:4|ant_bee:1
wiring,10299,1,acousticguitar_violin:1
wispy,10300,2,hotpot_vase:2
wisteria,10301,31,ant_bee:31
witchcraft,10302,1,hotpot_vase:1
with,10303,88863,acousticguitar_violin:22437|ambulance_firetruck:19328|ant_bee:8087|cucumber_zucchini:10889|hotpot_vase:28122
withered,10304,3,ant_bee:3
within,10305,9,ant_bee:2|cucumber_zucchini:1|hotpot_vase:6
without,10306,3,acousticguitar_violin:2|hotpot_vase:1
with一朵花,10307,1,cucumber_zucchini:1
with蚜虫,10308,1,ant_bee:1
wok,10309,209,hotpot_vase:209
wok-braised,10310,1,hotpot_vase:1
wok-soup,10311,2,hotpot_vase:2
wolf,10312,23,acousticguitar_violin:5|hotpot_vase:18
wolf's,10313,1,hotpot_vase:1
wolfeboro,10314,8,ambulance_firetruck:8
woman,10315,3236,acousticguitar_violin:2199|ambulance_firetruck:197|ant_bee:20|cucumber_zucchini:500|hotpot_vase:320
woman's,10316,4,cucumber_zucchini:2|hotpot_vase:2
women,10317,257,acousticguitar_violin:191|ambulance_firetruck:18|cucumber_zucchini:3|hotpot_vase:45
women's,10318,11,ambulance_firetruck:11
won,10319,1,cucumber_zucchini:1
wonder,10320,4,ambulance_firetruck:1|cucumber_zucchini:3
wonders,10321,2,ant_bee:2
wonton,10322,20,hotpot_vase:20
wontons,10323,3,hotpot_vase:3
wood,10324,11593,acousticguitar_violin:8826|ant_bee:1669|cucumber_zucchini:861|hotpot_vase:237
wood-finished,10325,2,acousticguitar_violin:2
wood-fired,10326,10,hotpot_vase:10
wood-floored,10327,2,acousticguitar_violin:2
wood-grain,10328,13,acousticguitar_violin:3|hotpot_vase:10
wood-grained,10329,3,acousticguitar_violin:3
wood-handled,10330,1,cucumber_zucchini:1
wood-like,10331,12,hotpot_vase:12
wood-paneled,10332,5,acousticguitar_violin:5
wood-patterned,10333,1,acousticguitar_violin:1
wood-toned,10334,1,acousticguitar_violin:1
wood-turned,10335,5,hotpot_vase:5
wood-with,10336,1,acousticguitar_violin:1
woodcraft,10337,1,acousticguitar_violin:1
wooded,10338,46,acousticguitar_violin:6|ambulance_firetruck:40
wooden,10339,14846,acousticguitar_violin:8067|ambulance_firetruck:101|ant_bee:1131|cucumber_zucchini:3217|hotpot_vase:2330
wooden-base,10340,1,hotpot_vase:1
wooden-board,10341,1,cucumber_zucchini:1
wooden-handled,10342,14,cucumber_zucchini:4|hotpot_vase:10
wooden-hive,10343,1,ant_bee:1
wooden-textured,10344,1,hotpot_vase:1
woodgrain,10345,4,acousticguitar_violin:3|hotpot_vase:1
woodland,10346,5,acousticguitar_violin:1|ant_bee:4
woods,10347,41,acousticguitar_violin:8|ambulance_firetruck:30|ant_bee:1|hotpot_vase:2
woodshop,10348,1,acousticguitar_violin:1
woodwind,10349,9,acousticguitar_violin:9
woodwinds,10350,1,acousticguitar_violin:1
woodwork,10351,11,acousticguitar_violin:11
woodworking,10352,2,acousticguitar_violin:2
woody,10353,4,ant_bee:4
woolly,10354,5,ant_bee:5
word,10355,2,acousticguitar_violin:1|ambulance_firetruck:1
words,10356,128,acousticguitar_violin:26|ambulance_firetruck:12|ant_bee:16|cucumber_zucchini:25|hotpot_vase:49
work,10357,27,acousticguitar_violin:4|ambulance_firetruck:6|ant_bee:13|cucumber_zucchini:2|hotpot_vase:2
work-in-progress,10358,2,acousticguitar_violin:1|hotpot_vase:1
workbench,10359,26,acousticguitar_violin:9|hotpot_vase:17
worker,10360,96,ambulance_firetruck:25|ant_bee:71
worker-interacting,10361,1,ant_bee:1
workers,10362,67,ambulance_firetruck:45|ant_bee:22
working,10363,47,acousticguitar_violin:3|ambulance_firetruck:13|ant_bee:31
works,10364,16,acousticguitar_violin:15|ambulance_firetruck:1
workshop,10365,386,acousticguitar_violin:287|ambulance_firetruck:41|hotpot_vase:58
workspace,10366,5,acousticguitar_violin:3|hotpot_vase:2
worktable,10367,6,hotpot_vase:6
world,10368,15,acousticguitar_violin:7|ambulance_firetruck:6|ant_bee:2
world's,10369,1,acousticguitar_violin:1
worm,10370,3,ant_bee:2|cucumber_zucchini:1
worn,10371,227,acousticguitar_violin:191|ambulance_firetruck:7|ant_bee:14|cucumber_zucchini:3|hotpot_vase:12
worn-out,10372,2,hotpot_vase:2
woudenber,10373,1,ambulance_firetruck:1
woudenberg,10374,2,ambulance_firetruck:2
wound,10375,3,acousticguitar_violin:3
woven,10376,1046,acousticguitar_violin:24|ant_bee:10|cucumber_zucchini:696|hotpot_vase:316
woven-rim,10377,1,hotpot_vase:1
woven-top,10378,4,hotpot_vase:4
wrap,10379,28,ambulance_firetruck:1|ant_bee:1|cucumber_zucchini:18|hotpot_vase:8
wrapped,10380,82,acousticguitar_violin:7|ambulance_firetruck:10|ant_bee:2|cucumber_zucchini:49|hotpot_vase:14
wrapping,10381,4,hotpot_vase:4
wraps,10382,5,acousticguitar_violin:1|ant_bee:1|cucumber_zucchini:3
wreath,10383,12,ambulance_firetruck:12
wreaths,10384,2,ambulance_firetruck:2
wreck,10385,3,ambulance_firetruck:3
wreckage,10386,30,ambulance_firetruck:30
wrecked,10387,10,ambulance_firetruck:10
wrestler,10388,1,acousticguitar_violin:1
wrfd,10389,4,ambulance_firetruck:4
wright,10390,1,hotpot_vase:1
wrinkled,10391,31,acousticguitar_violin:9|ant_bee:1|cucumber_zucchini:21
wrist,10392,10,acousticguitar_violin:1|ant_bee:9
wristband,10393,5,acousticguitar_violin:3|ant_bee:1|cucumber_zucchini:1
wristbands,10394,2,acousticguitar_violin:2
wristwatch,10395,5,ant_bee:5
writing,10396,7,acousticguitar_violin:3|ambulance_firetruck:4
written,10397,113,acousticguitar_violin:3|ambulance_firetruck:110
wrocław,10398,1,ambulance_firetruck:1
wrought,10399,1,acousticguitar_violin:1
wrought-iron,10400,1,ambulance_firetruck:1
wt-61,10401,12,ambulance_firetruck:12
wwii,10402,3,ambulance_firetruck:3
wwii-era,10403,3,ambulance_firetruck:3
wynne,10404,6,acousticguitar_violin:6
x,10405,1,acousticguitar_violin:1
y.m.c.a,10406,2,ambulance_firetruck:2
y267,10407,5,ambulance_firetruck:5
yamaha,10408,204,acousticguitar_violin:204
yard,10409,64,acousticguitar_violin:7|ambulance_firetruck:50|ant_bee:1|cucumber_zucchini:5|hotpot_vase:1
yb,10410,1,ambulance_firetruck:1
year,10411,2,acousticguitar_violin:2
years,10412,2,ant_bee:2
yelling,10413,2,cucumber_zucchini:2
yellow,10414,20115,acousticguitar_violin:452|ambulance_firetruck:4652|ant_bee:8726|cucumber_zucchini:5047|hotpot_vase:1238
yellow-and-black,10415,121,ambulance_firetruck:2|ant_bee:119
yellow-and-blue,10416,1,cucumber_zucchini:1
yellow-and-brown,10417,1,ant_bee:1
yellow-and-green,10418,9,ambulance_firetruck:9
yellow-and-orange,10419,1,ambulance_firetruck:1
yellow-and-red,10420,2,ambulance_firetruck:2
yellow-and-white,10421,4,ambulance_firetruck:4
yellow-banded,10422,10,ant_bee:10
yellow-black,10423,104,ant_bee:104
yellow-blue,10424,1,cucumber_zucchini:1
yellow-brown,10425,7,ant_bee:7
yellow-centered,10426,5,ant_bee:5
yellow-dotted,10427,1,ant_bee:1
yellow-flower,10428,1,ant_bee:1
yellow-flowered,10429,2,cucumber_zucchini:2
yellow-furred,10430,2,ant_bee:2
yellow-green,10431,205,ambulance_firetruck:119|ant_bee:36|cucumber_zucchini:49|hotpot_vase:1
yellow-handled,10432,4,cucumber_zucchini:4
yellow-headed,10433,1,ant_bee:1
yellow-hoodie,10434,1,cucumber_zucchini:1
yellow-legged,10435,1,ant_bee:1
yellow-lined,10436,2,ambulance_firetruck:1|cucumber_zucchini:1
yellow-lit,10437,1,acousticguitar_violin:1
yellow-marked,10438,2,ant_bee:2
yellow-orange,10439,180,ambulance_firetruck:12|ant_bee:131|cucumber_zucchini:31|hotpot_vase:6
yellow-pink,10440,4,ant_bee:4
yellow-pollen,10441,1,ant_bee:1
yellow-pollened,10442,3,ant_bee:3
yellow-red,10443,25,ambulance_firetruck:18|ant_bee:7
yellow-rest,10444,13,cucumber_zucchini:13
yellow-striped,10445,5,ambulance_firetruck:2|ant_bee:3
yellow-tipped,10446,3,ant_bee:2|cucumber_zucchini:1
yellow-white,10447,4,ambulance_firetruck:1|ant_bee:3
yellowcard,10448,9,acousticguitar_violin:9
yellowed,10449,1,cucumber_zucchini:1
yellowing,10450,26,cucumber_zucchini:26
yellowish,10451,27,acousticguitar_violin:1|ant_bee:19|cucumber_zucchini:7
yellowish-green,10452,1,cucumber_zucchini:1
yellows,10453,5,acousticguitar_violin:2|hotpot_vase:3
yellow陶罐,10454,1,hotpot_vase:1
yesterday,10455,11,acousticguitar_violin:11
yesteryear,10456,9,ambulance_firetruck:9
yield,10457,2,ambulance_firetruck:2
yin-yang,10458,89,acousticguitar_violin:20|cucumber_zucchini:20|hotpot_vase:49
yj03,10459,1,ambulance_firetruck:1
yk51,10460,2,ambulance_firetruck:2
yk5i,10461,2,ambulance_firetruck:2
ymca,10462,8,ambulance_firetruck:8
yogi,10463,20,ambulance_firetruck:20
yogurt,10464,64,cucumber_zucchini:64
yolk,10465,11,ant_bee:10|hotpot_vase:1
york,10466,42,ambulance_firetruck:42
yorkshire,10467,19,ambulance_firetruck:19
you,10468,17,ambulance_firetruck:10|ant_bee:1|cucumber_zucchini:5|hotpot_vase:1
young,10469,2280,acousticguitar_violin:1977|ambulance_firetruck:17|ant_bee:6|cucumber_zucchini:274|hotpot_vase:6
younger,10470,2,acousticguitar_violin:2
your,10471,9,ambulance_firetruck:9
yourself,10472,4,ant_bee:4
youth,10473,54,acousticguitar_violin:49|ambulance_firetruck:5
youthful,10474,9,acousticguitar_violin:9
yum,10475,2,hotpot_vase:2
yunnan,10476,1,ambulance_firetruck:1
ywca,10477,3,ambulance_firetruck:3
z,10478,2,cucumber_zucchini:2
zachranna,10479,1,ambulance_firetruck:1
zack,10480,4,cucumber_zucchini:4
zanesville,10481,18,ambulance_firetruck:18
zebra,10482,45,acousticguitar_violin:1|ambulance_firetruck:20|cucumber_zucchini:20|hotpot_vase:4
zebra-patterned,10483,5,hotpot_vase:5
zebra-print,10484,6,hotpot_vase:6
zebra-striped,10485,8,hotpot_vase:8
zebras,10486,11,hotpot_vase:11
zeeman,10487,1,acousticguitar_violin:1
zentral,10488,1,ambulance_firetruck:1
zentralkrankenhaus,10489,4,ambulance_firetruck:4
zephyr,10490,14,cucumber_zucchini:14
zermona,10491,1,acousticguitar_violin:1
zest,10492,1,hotpot_vase:1
zesting,10493,1,cucumber_zucchini:1
zesty,10494,5,cucumber_zucchini:5
zh-3352,10495,1,ambulance_firetruck:1
zigzag,10496,33,acousticguitar_violin:3|hotpot_vase:30
zigzag-patterned,10497,1,hotpot_vase:1
zinnia,10498,29,ant_bee:29
zinnias,10499,12,hotpot_vase:12
zither,10500,2,acousticguitar_violin:2
zonal,10501,5,ambulance_firetruck:5
zone,10502,16,ambulance_firetruck:16
zoo,10503,9,ant_bee:9
zoomed,10504,6,ant_bee:6
zoomed-in,10505,1,ant_bee:1
zucchero,10506,6,cucumber_zucchini:6
zucchine,10507,2,cucumber_zucchini:2
zucchini,10508,1109,cucumber_zucchini:1027|hotpot_vase:82
zucchini-character,10509,1,cucumber_zucchini:1
zucchini-glistening,10510,1,cucumber_zucchini:1
zucchini-spiralizing,10511,1,cucumber_zucchini:1
zucchinis,10512,739,cucumber_zucchini:739
zuckerman,10513,2,acousticguitar_violin:2
zukerman,10514,7,acousticguitar_violin:7
zun,10515,1,hotpot_vase:1
zzshmp,10516,1,ambulance_firetruck:1
záchranná,10517,5,ambulance_firetruck:5
~10,10518,2,hotpot_vase:2
£1.50,10519,6,cucumber_zucchini:6
£1.50/kg,10520,5,cucumber_zucchini:5
©,10521,1,ant_bee:1
íslands,10522,1,ambulance_firetruck:1
μ,10523,6,hotpot_vase:6
кержак,10524,1,ambulance_firetruck:1
медицинская,10525,6,ambulance_firetruck:6
помощь,10526,7,ambulance_firetruck:7
скорая,10527,7,ambulance_firetruck:7
الإسعاف,10528,1,ambulance_firetruck:1
വിയോളിൻ,10529,3,acousticguitar_violin:3
€1.50,10530,1,cucumber_zucchini:1
€1.50/kg,10531,2,cucumber_zucchini:2
三牛尊,10532,1,hotpot_vase:1
"丰盛中式宴席,红桌布上摆满菜肴、饮料与餐具,众人共享美食。",10533,1,hotpot_vase:1
人参鸡汤,10534,1,hotpot_vase:1
什錦湯麵,10535,1,hotpot_vase:1
囍,10536,3,hotpot_vase:3
子,10537,2,hotpot_vase:2
密集、黑色、蚂蚁群,10538,1,ant_bee:1
"密集聚集的蜜蜂,展示其棕色身体与透明翅膀。",10539,1,ant_bee:1
"密集蜂群,翅翼闪动。",10540,1,ant_bee:1
"密集蜂群,黄黑相间。",10541,1,ant_bee:1
"密集蜂群紧密聚集,金棕身体透明翅膀,动态繁忙。",10542,1,ant_bee:1
"密集蜜蜂群,翅影交叠,金褐相间。",10543,1,ant_bee:1
"密集蜜蜂群,透明翅膀,棕黑相间。",10544,1,ant_bee:1
"密集蜜蜂群聚,黄黑相间,翅膀透明,堆叠成团。",10545,1,ant_bee:1
巨型,10546,1,cucumber_zucchini:1
巨型弯曲西葫芦堆叠厨房台面。,10547,1,cucumber_zucchini:1
"巨型西葫芦展示,奖牌与标签点缀。",10548,1,cucumber_zucchini:1
"巨型西葫芦展示,标牌注明""最大""。",10549,1,cucumber_zucchini:1
平安富贵,10550,4,hotpot_vase:4
急诊,10551,1,ambulance_firetruck:1
搬运,10552,2,ant_bee:2
江西与四川人民心连心,10553,1,ambulance_firetruck:1
沙地,10554,1,ant_bee:1
畸形黄瓜手握中,10555,1,cucumber_zucchini:1
知足,10556,1,hotpot_vase:1
粒,10557,1,ant_bee:1
西葫芦,10558,1,cucumber_zucchini:1
豐盛中式餐聚桌景,10559,1,hotpot_vase:1
"豐盛餐桌,共享美食時刻。",10560,1,hotpot_vase:1
"豐盛餐桌,紅布滿餐,多人共享美味佳餚。",10561,1,hotpot_vase:1
黑色,10562,1,cucumber_zucchini:1
