image,stem,wnid,class,pair,has_caption,has_bbox,title,tags,n_tags,description
n02701002_1.JPEG,n02701002_1,n02701002,ambulance,ambulance_firetruck,1,0,San Diego Ambulance,san diego|ambulance|paramedic|fire|ford|econoline|sdmse,7,Ford ambulance at a brush fire in San Diego.
n02701002_10.JPEG,n02701002_10,n02701002,ambulance,ambulance_firetruck,0,0,,,0,
n02701002_10004.JPEG,n02701002_10004,n02701002,ambulance,ambulance_firetruck,0,1,,,0,
n02701002_1003.JPEG,n02701002_1003,n02701002,ambulance,ambulance_firetruck,0,0,,,0,
n02701002_10046.JPEG,n02701002_10046,n02701002,ambulance,ambulance_firetruck,0,0,,,0,
n02701002_10068.JPEG,n02701002_10068,n02701002,ambulance,ambulance_firetruck,0,1,,,0,
n02701002_1007.JPEG,n02701002_1007,n02701002,ambulance,ambulance_firetruck,0,0,,,0,
n02701002_10073.JPEG,n02701002_10073,n02701002,ambulance,ambulance_firetruck,0,0,,,0,
n02701002_10091.JPEG,n02701002_10091,n02701002,ambulance,ambulance_firetruck,0,0,,,0,
n02701002_10092.JPEG,n02701002_10092,n02701002,ambulance,ambulance_firetruck,0,1,,,0,
n02701002_101.JPEG,n02701002_101,n02701002,ambulance,ambulance_firetruck,1,0,Washington County ambulance,nc|north carolina|carolina|plymouth|washington|forest|forestry|wood|lumber|tree|festival|fair|show|parade|procession|ambulance,16,"NC Forest Festival, Plymouth"
n02701002_10156.JPEG,n02701002_10156,n02701002,ambulance,ambulance_firetruck,0,1,,,0,
n02701002_1020.JPEG,n02701002_1020,n02701002,ambulance,ambulance_firetruck,0,1,,,0,
n02701002_10200.JPEG,n02701002_10200,n02701002,ambulance,ambulance_firetruck,0,1,,,0,
n02701002_1023.JPEG,n02701002_1023,n02701002,ambulance,ambulance_firetruck,0,1,,,0,
n02701002_10251.JPEG,n02701002_10251,n02701002,ambulance,ambulance_firetruck,0,0,,,0,
n02701002_10253.JPEG,n02701002_10253,n02701002,ambulance,ambulance_firetruck,0,1,,,0,
n02701002_10279.JPEG,n02701002_10279,n02701002,ambulance,ambulance_firetruck,0,1,,,0,
n02701002_1029.JPEG,n02701002_1029,n02701002,ambulance,ambulance_firetruck,1,0,San Diego Ambulance,ambulance|paramedic|emt|ems|ford|econoline|sdfd|sandiego|sdmse,9,Ford ambulance of San Diego Fire Rescue Dept.
n02701002_10324.JPEG,n02701002_10324,n02701002,ambulance,ambulance_firetruck,0,1,,,0,
n02701002_10333.JPEG,n02701002_10333,n02701002,ambulance,ambulance_firetruck,0,0,,,0,
n02701002_1035.JPEG,n02701002_1035,n02701002,ambulance,ambulance_firetruck,0,1,,,0,
n02701002_10365.JPEG,n02701002_10365,n02701002,ambulance,ambulance_firetruck,0,1,,,0,
n02701002_1038.JPEG,n02701002_1038,n02701002,ambulance,ambulance_firetruck,0,0,,,0,
n02701002_10391.JPEG,n02701002_10391,n02701002,ambulance,ambulance_firetruck,0,0,,,0,
n02701002_1040.JPEG,n02701002_1040,n02701002,ambulance,ambulance_firetruck,0,1,,,0,
n02701002_1041.JPEG,n02701002_1041,n02701002,ambulance,ambulance_firetruck,0,0,,,0,
n02701002_10422.JPEG,n02701002_10422,n02701002,ambulance,ambulance_firetruck,0,0,,,0,
n02701002_1044.JPEG,n02701002_1044,n02701002,ambulance,ambulance_firetruck,1,1,Waterloo Region Ambulance,Waterloo|Ontario|2007|Ambulance|King Street|Pentax|K10D|16-45,8,
n02701002_10444.JPEG,n02701002_10444,n02701002,ambulance,ambulance_firetruck,0,0,,,0,
n02701002_10452.JPEG,n02701002_10452,n02701002,ambulance,ambulance_firetruck,0,0,,,0,
n02701002_10497.JPEG,n02701002_10497,n02701002,ambulance,ambulance_firetruck,0,0,,,0,
n02701002_1051.JPEG,n02701002_1051,n02701002,ambulance,ambulance_firetruck,1,0,The Ambulance in hot pursuit (just in case),Hanging Rock|Hanging|Rock|Races|Horse|Racing|Racetrack|Ambulance“Australia|Day”|Australia|Day,11,
n02701002_10558.JPEG,n02701002_10558,n02701002,ambulance,ambulance_firetruck,0,1,,,0,
n02701002_1056.JPEG,n02701002_1056,n02701002,ambulance,ambulance_firetruck,0,1,,,0,
n02701002_1059.JPEG,n02701002_1059,n02701002,ambulance,ambulance_firetruck,0,0,,,0,
n02701002_10624.JPEG,n02701002_10624,n02701002,ambulance,ambulance_firetruck,0,0,,,0,
n02701002_10625.JPEG,n02701002_10625,n02701002,ambulance,ambulance_firetruck,0,0,,,0,
n02701002_1063.JPEG,n02701002_1063,n02701002,ambulance,ambulance_firetruck,1,1,Air Ambulance #1,helicopter|ambulance|emergency|twyning|village|Eurocopter EC135 T2|G-HWAA,7,"Emergency at Twyning, landed on the village green just before dark. Eurocopter EC135 T2 with Turbomeca ARRIUS 2B2 power plant"
n02701002_10648.JPEG,n02701002_10648,n02701002,ambulance,ambulance_firetruck,0,1,,,0,
n02701002_10678.JPEG,n02701002_10678,n02701002,ambulance,ambulance_firetruck,0,0,,,0,
n02701002_107.JPEG,n02701002_107,n02701002,ambulance,ambulance_firetruck,0,0,,,0,
n02701002_1070.JPEG,n02701002_1070,n02701002,ambulance,ambulance_firetruck,0,1,,,0,
n02701002_10707.JPEG,n02701002_10707,n02701002,ambulance,ambulance_firetruck,0,0,,,0,
n02701002_1073.JPEG,n02701002_1073,n02701002,ambulance,ambulance_firetruck,0,0,,,0,
n02701002_10736.JPEG,n02701002_10736,n02701002,ambulance,ambulance_firetruck,0,0,,,0,
n02701002_10745.JPEG,n02701002_10745,n02701002,ambulance,ambulance_firetruck,0,0,,,0,
n02701002_1076.JPEG,n02701002_1076,n02701002,ambulance,ambulance_firetruck,0,1,,,0,
n02701002_10767.JPEG,n02701002_10767,n02701002,ambulance,ambulance_firetruck,0,0,,,0,
n02701002_1078.JPEG,n02701002_1078,n02701002,ambulance,ambulance_firetruck,0,0,,,0,
n02701002_108.JPEG,n02701002_108,n02701002,ambulance,ambulance_firetruck,0,1,,,0,
n02701002_10847.JPEG,n02701002_10847,n02701002,ambulance,ambulance_firetruck,0,1,,,0,
n02701002_1086.JPEG,n02701002_1086,n02701002,ambulance,ambulance_firetruck,1,1,Italian Ambulance,Italian|Ambulance|Florence|Italy|EMS|medical|star of life|hospital|transport|Emergency medical services|Mr. G's Travels,11,"Private Hospital to Hospital Ambulance in Florence, Italy"
n02701002_1087.JPEG,n02701002_1087,n02701002,ambulance,ambulance_firetruck,0,0,,,0,
n02701002_10888.JPEG,n02701002_10888,n02701002,ambulance,ambulance_firetruck,0,0,,,0,
n02701002_10894.JPEG,n02701002_10894,n02701002,ambulance,ambulance_firetruck,0,1,,,0,
n02701002_1091.JPEG,n02701002_1091,n02701002,ambulance,ambulance_firetruck,0,0,,,0,
n02701002_1092.JPEG,n02701002_1092,n02701002,ambulance,ambulance_firetruck,0,0,,,0,
n02701002_10922.JPEG,n02701002_10922,n02701002,ambulance,ambulance_firetruck,0,0,,,0,
n02701002_10926.JPEG,n02701002_10926,n02701002,ambulance,ambulance_firetruck,1,0,"Ambulance van,Dublin Crumlin Hospital",Ambulance|Van|robokubo|robert|kubica|pics|picture|obrazky|fota|fotky|fotka|fotografie|fotografia|photo|photographia|kartinka|obrazek,17,
n02701002_10937.JPEG,n02701002_10937,n02701002,ambulance,ambulance_firetruck,0,0,,,0,
n02701002_1094.JPEG,n02701002_1094,n02701002,ambulance,ambulance_firetruck,0,1,,,0,
n02701002_10956.JPEG,n02701002_10956,n02701002,ambulance,ambulance_firetruck,0,0,,,0,
n02701002_1096.JPEG,n02701002_1096,n02701002,ambulance,ambulance_firetruck,1,1,Ambulance,riyadh|ambulance|camry|red|crescent|iPhoto Original,6,Alte Ambulance in dunkel rot. 250PS Diesel. Da geht es nach vorne. 
n02701002_11014.JPEG,n02701002_11014,n02701002,ambulance,ambulance_firetruck,1,0,Ambulance on the ramp,GOBI|AMBULANE|MONGOL|RALLY|MERCY|CORPS|FARLEIGH|HOSPICE|LAUREN|PAGE|ST|JOHN|AMBULANCE|2008|TRANSIT|MATHEW|RUSSELL|STUART|MARK,19,"SUPPORT THE GOBI AMBULANCE CHARITY RALLY FROM LONDON TO MONGOLIA <a href=""http://www.gobi-ambulance.org.uk"" rel=""noreferrer nofollow"">www.gobi-ambulance.org.uk</a>  TEXT GOBI to 82010 "
n02701002_11017.JPEG,n02701002_11017,n02701002,ambulance,ambulance_firetruck,0,0,,,0,
n02701002_11033.JPEG,n02701002_11033,n02701002,ambulance,ambulance_firetruck,0,1,,,0,
n02701002_11048.JPEG,n02701002_11048,n02701002,ambulance,ambulance_firetruck,0,0,,,0,
n02701002_1107.JPEG,n02701002_1107,n02701002,ambulance,ambulance_firetruck,0,0,,,0,
n02701002_11083.JPEG,n02701002_11083,n02701002,ambulance,ambulance_firetruck,0,0,,,0,
n02701002_11109.JPEG,n02701002_11109,n02701002,ambulance,ambulance_firetruck,0,0,,,0,
n02701002_1112.JPEG,n02701002_1112,n02701002,ambulance,ambulance_firetruck,0,1,,,0,
n02701002_1117.JPEG,n02701002_1117,n02701002,ambulance,ambulance_firetruck,0,0,,,0,
n02701002_11206.JPEG,n02701002_11206,n02701002,ambulance,ambulance_firetruck,0,1,,,0,
n02701002_11209.JPEG,n02701002_11209,n02701002,ambulance,ambulance_firetruck,0,0,,,0,
n02701002_1126.JPEG,n02701002_1126,n02701002,ambulance,ambulance_firetruck,0,0,,,0,
n02701002_11283.JPEG,n02701002_11283,n02701002,ambulance,ambulance_firetruck,0,1,,,0,
n02701002_11320.JPEG,n02701002_11320,n02701002,ambulance,ambulance_firetruck,0,0,,,0,
n02701002_11363.JPEG,n02701002_11363,n02701002,ambulance,ambulance_firetruck,0,0,,,0,
n02701002_11393.JPEG,n02701002_11393,n02701002,ambulance,ambulance_firetruck,0,0,,,0,
n02701002_114.JPEG,n02701002_114,n02701002,ambulance,ambulance_firetruck,0,1,,,0,
n02701002_11426.JPEG,n02701002_11426,n02701002,ambulance,ambulance_firetruck,0,0,,,0,
n02701002_11433.JPEG,n02701002_11433,n02701002,ambulance,ambulance_firetruck,0,0,,,0,
n02701002_1144.JPEG,n02701002_1144,n02701002,ambulance,ambulance_firetruck,0,0,,,0,
n02701002_1146.JPEG,n02701002_1146,n02701002,ambulance,ambulance_firetruck,1,0,Blurry Ambulance on Commercial - Roland in Vancouver (150),cameraphone|n91|nokia|nokiabloggerrelations|rolandtanglaophoto|thankyouandyabramson|thankyounokiaforthetrialphone|vancouver|ShoZu|blurry|ambulance|commercial,12,"- Taken at 12:19 AM on July 25, 2006; cameraphone upload by ShoZu"
n02701002_11489.JPEG,n02701002_11489,n02701002,ambulance,ambulance_firetruck,0,0,,,0,
n02701002_11492.JPEG,n02701002_11492,n02701002,ambulance,ambulance_firetruck,0,1,,,0,
n02701002_115.JPEG,n02701002_115,n02701002,ambulance,ambulance_firetruck,0,0,,,0,
n02701002_1151.JPEG,n02701002_1151,n02701002,ambulance,ambulance_firetruck,0,1,,,0,
n02701002_11574.JPEG,n02701002_11574,n02701002,ambulance,ambulance_firetruck,0,0,,,0,
n02701002_1159.JPEG,n02701002_1159,n02701002,ambulance,ambulance_firetruck,1,1,69 Pontiac Bonneville Ambulance,vancouver|ambulance|secretsofthecity,3,
n02701002_11595.JPEG,n02701002_11595,n02701002,ambulance,ambulance_firetruck,0,0,,,0,
n02701002_11610.JPEG,n02701002_11610,n02701002,ambulance,ambulance_firetruck,0,0,,,0,
n02701002_11614.JPEG,n02701002_11614,n02701002,ambulance,ambulance_firetruck,0,0,,,0,
n02701002_11621.JPEG,n02701002_11621,n02701002,ambulance,ambulance_firetruck,0,0,,,0,
n02701002_11647.JPEG,n02701002_11647,n02701002,ambulance,ambulance_firetruck,0,0,,,0,
n02701002_11668.JPEG,n02701002_11668,n02701002,ambulance,ambulance_firetruck,0,0,,,0,
n02701002_11677.JPEG,n02701002_11677,n02701002,ambulance,ambulance_firetruck,0,0,,,0,
n02701002_11725.JPEG,n02701002_11725,n02701002,ambulance,ambulance_firetruck,0,0,,,0,
n02701002_11738.JPEG,n02701002_11738,n02701002,ambulance,ambulance_firetruck,0,1,,,0,
n02701002_1175.JPEG,n02701002_1175,n02701002,ambulance,ambulance_firetruck,0,1,,,0,
n02701002_11756.JPEG,n02701002_11756,n02701002,ambulance,ambulance_firetruck,0,0,,,0,
n02701002_1177.JPEG,n02701002_1177,n02701002,ambulance,ambulance_firetruck,0,1,,,0,
n02701002_11773.JPEG,n02701002_11773,n02701002,ambulance,ambulance_firetruck,0,0,,,0,
n02701002_11786.JPEG,n02701002_11786,n02701002,ambulance,ambulance_firetruck,0,0,,,0,
n02701002_11790.JPEG,n02701002_11790,n02701002,ambulance,ambulance_firetruck,1,1,egv - fire department ambulance,Elk Grove Village|Illinois|Emergency|911|Ambulance|Fire Department,6,
n02701002_11802.JPEG,n02701002_11802,n02701002,ambulance,ambulance_firetruck,0,1,,,0,
n02701002_1182.JPEG,n02701002_1182,n02701002,ambulance,ambulance_firetruck,1,1,Ambulances and Rapid Response vehicles 02/06/2008,Ambulance|Paramedic,2,Selection of Fiat and Mercedes Ambulances and Vauxhall Rapid Response vehicle or Fast Response vehicle parked in an Ambulance Station
n02701002_1183.JPEG,n02701002_1183,n02701002,ambulance,ambulance_firetruck,0,0,,,0,
n02701002_11841.JPEG,n02701002_11841,n02701002,ambulance,ambulance_firetruck,0,0,,,0,
n02701002_11874.JPEG,n02701002_11874,n02701002,ambulance,ambulance_firetruck,0,1,,,0,
n02701002_11882.JPEG,n02701002_11882,n02701002,ambulance,ambulance_firetruck,0,0,,,0,
n02701002_11890.JPEG,n02701002_11890,n02701002,ambulance,ambulance_firetruck,0,0,,,0,
n02701002_11912.JPEG,n02701002_11912,n02701002,ambulance,ambulance_firetruck,0,0,,,0,
n02701002_11927.JPEG,n02701002_11927,n02701002,ambulance,ambulance_firetruck,0,0,,,0,
n02701002_1195.JPEG,n02701002_1195,n02701002,ambulance,ambulance_firetruck,1,1,HSE-MW Ambulance 002,Mercedes-Benz|Wilker|Ambulance|Paramedic|EMT|EMS|Irish Ambulance Service|Ambulance Service|Ireland,9,"Mercedes/Wilker voyager CEN Ambulance, 2005 model year"
n02701002_11954.JPEG,n02701002_11954,n02701002,ambulance,ambulance_firetruck,0,0,,,0,
n02701002_11976.JPEG,n02701002_11976,n02701002,ambulance,ambulance_firetruck,0,1,,,0,
n02701002_1201.JPEG,n02701002_1201,n02701002,ambulance,ambulance_firetruck,0,1,,,0,
n02701002_12025.JPEG,n02701002_12025,n02701002,ambulance,ambulance_firetruck,0,0,,,0,
n02701002_1204.JPEG,n02701002_1204,n02701002,ambulance,ambulance_firetruck,0,0,,,0,
n02701002_1207.JPEG,n02701002_1207,n02701002,ambulance,ambulance_firetruck,0,0,,,0,
n02701002_12098.JPEG,n02701002_12098,n02701002,ambulance,ambulance_firetruck,0,0,,,0,
n02701002_121.JPEG,n02701002_121,n02701002,ambulance,ambulance_firetruck,0,0,,,0,
n02701002_1213.JPEG,n02701002_1213,n02701002,ambulance,ambulance_firetruck,0,0,,,0,
n02701002_12136.JPEG,n02701002_12136,n02701002,ambulance,ambulance_firetruck,0,0,,,0,
n02701002_1215.JPEG,n02701002_1215,n02701002,ambulance,ambulance_firetruck,0,0,,,0,
n02701002_12156.JPEG,n02701002_12156,n02701002,ambulance,ambulance_firetruck,0,0,,,0,
n02701002_1216.JPEG,n02701002_1216,n02701002,ambulance,ambulance_firetruck,0,0,,,0,
n02701002_12204.JPEG,n02701002_12204,n02701002,ambulance,ambulance_firetruck,0,0,,,0,
n02701002_12242.JPEG,n02701002_12242,n02701002,ambulance,ambulance_firetruck,0,0,,,0,
n02701002_12262.JPEG,n02701002_12262,n02701002,ambulance,ambulance_firetruck,0,0,,,0,
n02701002_12264.JPEG,n02701002_12264,n02701002,ambulance,ambulance_firetruck,0,0,,,0,
n02701002_12277.JPEG,n02701002_12277,n02701002,ambulance,ambulance_firetruck,0,0,,,0,
n02701002_12278.JPEG,n02701002_12278,n02701002,ambulance,ambulance_firetruck,0,0,,,0,
n02701002_1228.JPEG,n02701002_1228,n02701002,ambulance,ambulance_firetruck,0,0,,,0,
n02701002_12301.JPEG,n02701002_12301,n02701002,ambulance,ambulance_firetruck,0,0,,,0,
n02701002_12310.JPEG,n02701002_12310,n02701002,ambulance,ambulance_firetruck,0,0,,,0,
n02701002_12331.JPEG,n02701002_12331,n02701002,ambulance,ambulance_firetruck,0,0,,,0,
n02701002_1234.JPEG,n02701002_1234,n02701002,ambulance,ambulance_firetruck,0,0,,,0,
n02701002_124.JPEG,n02701002_124,n02701002,ambulance,ambulance_firetruck,0,1,,,0,
n02701002_12415.JPEG,n02701002_12415,n02701002,ambulance,ambulance_firetruck,0,0,,,0,
n02701002_1242.JPEG,n02701002_1242,n02701002,ambulance,ambulance_firetruck,0,1,,,0,
n02701002_12421.JPEG,n02701002_12421,n02701002,ambulance,ambulance_firetruck,0,1,,,0,
n02701002_12429.JPEG,n02701002_12429,n02701002,ambulance,ambulance_firetruck,0,0,,,0,
n02701002_12456.JPEG,n02701002_12456,n02701002,ambulance,ambulance_firetruck,0,1,,,0,
n02701002_1247.JPEG,n02701002_1247,n02701002,ambulance,ambulance_firetruck,0,0,,,0,
n02701002_1249.JPEG,n02701002_1249,n02701002,ambulance,ambulance_firetruck,0,0,,,0,
n02701002_12497.JPEG,n02701002_12497,n02701002,ambulance,ambulance_firetruck,0,0,,,0,
n02701002_12513.JPEG,n02701002_12513,n02701002,ambulance,ambulance_firetruck,0,0,,,0,
n02701002_12514.JPEG,n02701002_12514,n02701002,ambulance,ambulance_firetruck,0,0,,,0,
n02701002_1252.JPEG,n02701002_1252,n02701002,ambulance,ambulance_firetruck,1,1,Steyr-Puch 712M Pinzgauer Military Ambulance,Military|Ambulance|Truck|Pinzgauer|Steyr-Puch,5,"This was originally titled as being a Unimog, Schliesser put me right."
n02701002_1253.JPEG,n02701002_1253,n02701002,ambulance,ambulance_firetruck,0,1,,,0,
n02701002_12543.JPEG,n02701002_12543,n02701002,ambulance,ambulance_firetruck,0,0,,,0,
n02701002_12561.JPEG,n02701002_12561,n02701002,ambulance,ambulance_firetruck,0,0,,,0,
n02701002_12570.JPEG,n02701002_12570,n02701002,ambulance,ambulance_firetruck,0,0,,,0,
n02701002_12587.JPEG,n02701002_12587,n02701002,ambulance,ambulance_firetruck,0,0,,,0,
n02701002_12601.JPEG,n02701002_12601,n02701002,ambulance,ambulance_firetruck,0,0,,,0,
n02701002_12622.JPEG,n02701002_12622,n02701002,ambulance,ambulance_firetruck,0,0,,,0,
n02701002_12630.JPEG,n02701002_12630,n02701002,ambulance,ambulance_firetruck,0,0,,,0,
n02701002_1264.JPEG,n02701002_1264,n02701002,ambulance,ambulance_firetruck,0,0,,,0,
n02701002_1269.JPEG,n02701002_1269,n02701002,ambulance,ambulance_firetruck,0,1,,,0,
n02701002_1270.JPEG,n02701002_1270,n02701002,ambulance,ambulance_firetruck,0,0,,,0,
n02701002_12714.JPEG,n02701002_12714,n02701002,ambulance,ambulance_firetruck,0,0,,,0,
n02701002_1272.JPEG,n02701002_1272,n02701002,ambulance,ambulance_firetruck,0,0,,,0,
n02701002_1274.JPEG,n02701002_1274,n02701002,ambulance,ambulance_firetruck,0,0,,,0,
n02701002_12757.JPEG,n02701002_12757,n02701002,ambulance,ambulance_firetruck,0,0,,,0,
n02701002_12762.JPEG,n02701002_12762,n02701002,ambulance,ambulance_firetruck,0,0,,,0,
n02701002_1279.JPEG,n02701002_1279,n02701002,ambulance,ambulance_firetruck,0,0,,,0,
n02701002_12796.JPEG,n02701002_12796,n02701002,ambulance,ambulance_firetruck,0,0,,,0,
n02701002_128.JPEG,n02701002_128,n02701002,ambulance,ambulance_firetruck,0,1,,,0,
n02701002_1286.JPEG,n02701002_1286,n02701002,ambulance,ambulance_firetruck,0,0,,,0,
n02701002_12867.JPEG,n02701002_12867,n02701002,ambulance,ambulance_firetruck,0,0,,,0,
n02701002_1287.JPEG,n02701002_1287,n02701002,ambulance,ambulance_firetruck,0,0,,,0,
n02701002_12876.JPEG,n02701002_12876,n02701002,ambulance,ambulance_firetruck,0,1,,,0,
n02701002_12944.JPEG,n02701002_12944,n02701002,ambulance,ambulance_firetruck,0,0,,,0,
n02701002_12953.JPEG,n02701002_12953,n02701002,ambulance,ambulance_firetruck,0,0,,,0,
n02701002_12954.JPEG,n02701002_12954,n02701002,ambulance,ambulance_firetruck,0,0,,,0,
n02701002_12964.JPEG,n02701002_12964,n02701002,ambulance,ambulance_firetruck,0,0,,,0,
n02701002_12971.JPEG,n02701002_12971,n02701002,ambulance,ambulance_firetruck,0,0,,,0,
n02701002_12991.JPEG,n02701002_12991,n02701002,ambulance,ambulance_firetruck,1,0,Ambulance,Zurich|City|Urban|Ambulance|Emergency|Ambulanz|RTW|Paramedic|Schutz und Rettung Zürich,9,I'm doing an exposure about drugscene and needed some infos an pictures and I thought I could share some of the pictures here.
n02701002_13027.JPEG,n02701002_13027,n02701002,ambulance,ambulance_firetruck,0,0,,,0,
n02701002_1303.JPEG,n02701002_1303,n02701002,ambulance,ambulance_firetruck,1,1,Air Ambulance C-GIMA,New Tecumseth|Ontario|Canada|news46|Canon|40D|Canon 40D|dslr|helicopter|chopper|helo|rotorcraft|aviation|aircarft|100-400|Ambulance|medivac|medcomm|799|799A|medic|medics|ems|moh|Ministry|Health|Sikorsky|S-76A|S76|76|MkII|C-GIMA|20080312_120237-0053|This image may not be used in any way without prior permission.|© All rights reserved|© 2006-2008|ornge,37,"New Tecumseth, Ontario, Canada  An air ambulance landed on Hwy 27 north of Hwy 9 at a serious motor vehicle collision.  Ontario Ministry of Health Sikorsky S-76A MkII  C-GIMA   20080312_120237-0053  This image may not be used in any way without prior permission © All rights reserved 2006-2008"
n02701002_13052.JPEG,n02701002_13052,n02701002,ambulance,ambulance_firetruck,0,0,,,0,
n02701002_13054.JPEG,n02701002_13054,n02701002,ambulance,ambulance_firetruck,0,0,,,0,
n02701002_1315.JPEG,n02701002_1315,n02701002,ambulance,ambulance_firetruck,0,0,,,0,
n02701002_13156.JPEG,n02701002_13156,n02701002,ambulance,ambulance_firetruck,0,0,,,0,
n02701002_1316.JPEG,n02701002_1316,n02701002,ambulance,ambulance_firetruck,0,0,,,0,
n02701002_13169.JPEG,n02701002_13169,n02701002,ambulance,ambulance_firetruck,0,0,,,0,
n02701002_1318.JPEG,n02701002_1318,n02701002,ambulance,ambulance_firetruck,1,1,London Ambulance,London Ambulance Service|6336|DAF|Tufnel Park|London|Moonlight Cafe,6,
n02701002_13213.JPEG,n02701002_13213,n02701002,ambulance,ambulance_firetruck,0,0,,,0,
n02701002_1325.JPEG,n02701002_1325,n02701002,ambulance,ambulance_firetruck,1,1,Two Stationary Ambulances,brough|east yorkshire|ambulance|ambulance station|nhs|road markings|no parking|vehicle,8,"The new(ish) ambulance station in Brough presents the casual photographer with an unexpected opportunity to experiment with the compositional value of painted road markings. <a href=""http://dung-cart.com/2008/04/10/two-stationary-ambulances/"" rel=""noreferrer nofollow"">[Blogged]</a>"
n02701002_13255.JPEG,n02701002_13255,n02701002,ambulance,ambulance_firetruck,0,0,,,0,
n02701002_13263.JPEG,n02701002_13263,n02701002,ambulance,ambulance_firetruck,0,1,,,0,
n02701002_13277.JPEG,n02701002_13277,n02701002,ambulance,ambulance_firetruck,0,0,,,0,
n02701002_1330.JPEG,n02701002_1330,n02701002,ambulance,ambulance_firetruck,0,1,,,0,
n02701002_1332.JPEG,n02701002_1332,n02701002,ambulance,ambulance_firetruck,0,0,,,0,
n02701002_13345.JPEG,n02701002_13345,n02701002,ambulance,ambulance_firetruck,0,0,,,0,
n02701002_13370.JPEG,n02701002_13370,n02701002,ambulance,ambulance_firetruck,0,0,,,0,
n02701002_1341.JPEG,n02701002_1341,n02701002,ambulance,ambulance_firetruck,0,0,,,0,
n02701002_1343.JPEG,n02701002_1343,n02701002,ambulance,ambulance_firetruck,1,1,FDNY Ambulance,NYC|New York City|NY|FDNY|Ambulance|New York|FV1|FV1C|500V,9,500V
n02701002_1347.JPEG,n02701002_1347,n02701002,ambulance,ambulance_firetruck,0,1,,,0,
n02701002_13494.JPEG,n02701002_13494,n02701002,ambulance,ambulance_firetruck,0,0,,,0,
n02701002_13507.JPEG,n02701002_13507,n02701002,ambulance,ambulance_firetruck,0,0,,,0,
n02701002_13509.JPEG,n02701002_13509,n02701002,ambulance,ambulance_firetruck,0,0,,,0,
n02701002_13560.JPEG,n02701002_13560,n02701002,ambulance,ambulance_firetruck,0,0,,,0,
n02701002_13564.JPEG,n02701002_13564,n02701002,ambulance,ambulance_firetruck,0,0,,,0,
n02701002_1358.JPEG,n02701002_1358,n02701002,ambulance,ambulance_firetruck,0,1,,,0,
n02701002_13584.JPEG,n02701002_13584,n02701002,ambulance,ambulance_firetruck,1,1,Fiat Ambulance,buenosaires|argentina|fiat|ducato|ambulance|ambulancia|paramedic|EMT|van,9,"Fiat Ducato ambulance in Buenos Aires, Argentina."
n02701002_13594.JPEG,n02701002_13594,n02701002,ambulance,ambulance_firetruck,0,0,,,0,
n02701002_13599.JPEG,n02701002_13599,n02701002,ambulance,ambulance_firetruck,0,0,,,0,
n02701002_1361.JPEG,n02701002_1361,n02701002,ambulance,ambulance_firetruck,0,0,,,0,
n02701002_13613.JPEG,n02701002_13613,n02701002,ambulance,ambulance_firetruck,0,0,,,0,
n02701002_1364.JPEG,n02701002_1364,n02701002,ambulance,ambulance_firetruck,1,0,Emergency ambulance t'other,HvK|2006|winter|December|joulukuu|United Kingdom|UK|Great Britain|GB|Britain|Manchester|bbcmanchesterblog|05122006|Emergency|ambulance|Palatine Road|Balbrook Avenue|t'other|West Didsbury|Didsbury|Emergency ambulance t'other|exif:Focal_Length=4.5 mm|exif:ISO_Speed=80|exif:Flash=No Flash|camera:Make=Nokia|meta:exif=1380269571|exif:Orientation=Horizontal (normal)|exif:Exposure=1/45|camera:Model=N70-1|exif:Aperture=3.2|cameraphone|hugovk|Nokia|Nokia N70-1|N70-1|talvi,36,05/12/2006
n02701002_13667.JPEG,n02701002_13667,n02701002,ambulance,ambulance_firetruck,0,1,,,0,
n02701002_13688.JPEG,n02701002_13688,n02701002,ambulance,ambulance_firetruck,0,0,,,0,
n02701002_13690.JPEG,n02701002_13690,n02701002,ambulance,ambulance_firetruck,0,0,,,0,
n02701002_13698.JPEG,n02701002_13698,n02701002,ambulance,ambulance_firetruck,0,0,,,0,
n02701002_1371.JPEG,n02701002_1371,n02701002,ambulance,ambulance_firetruck,1,1,Hong Kong (香港) - Cheung Chau Island (長洲) - Non-Emergency Ambulance,Hong Kong|hong|kong|hiking|Cheung Chau|Cheung|Chau|ambulance|長洲|香港|Michael Hansen|michael|hansen|Hansen's Hikes,14,"The non-urgency ambulance of Cheung Chau's St. John Hospital. Cheung Chau is a densely populated island just 50 minutes from Central Hong Kong. The island has no roads only narrow concrete paths and lanes.  More pictures and information on opportunities to explore Hong Kong's other side on my website at <a href=""http://www.hansens-hikes.com/Gallery.html"" rel=""noreferrer nofollow"">www.hansens-hikes.com/Gallery.html</a>. "
n02701002_13733.JPEG,n02701002_13733,n02701002,ambulance,ambulance_firetruck,0,0,,,0,
n02701002_13751.JPEG,n02701002_13751,n02701002,ambulance,ambulance_firetruck,0,0,,,0,
n02701002_13780.JPEG,n02701002_13780,n02701002,ambulance,ambulance_firetruck,0,0,,,0,
n02701002_13781.JPEG,n02701002_13781,n02701002,ambulance,ambulance_firetruck,0,1,,,0,
n02701002_13793.JPEG,n02701002_13793,n02701002,ambulance,ambulance_firetruck,0,0,,,0,
n02701002_13808.JPEG,n02701002_13808,n02701002,ambulance,ambulance_firetruck,0,1,,,0,
n02701002_1382.JPEG,n02701002_1382,n02701002,ambulance,ambulance_firetruck,0,0,,,0,
n02701002_13820.JPEG,n02701002_13820,n02701002,ambulance,ambulance_firetruck,0,0,,,0,
n02701002_13824.JPEG,n02701002_13824,n02701002,ambulance,ambulance_firetruck,0,0,,,0,
n02701002_1384.JPEG,n02701002_1384,n02701002,ambulance,ambulance_firetruck,0,0,,,0,
n02701002_1386.JPEG,n02701002_1386,n02701002,ambulance,ambulance_firetruck,0,0,,,0,
n02701002_13900.JPEG,n02701002_13900,n02701002,ambulance,ambulance_firetruck,0,0,,,0,
n02701002_1393.JPEG,n02701002_1393,n02701002,ambulance,ambulance_firetruck,0,1,,,0,
n02701002_13949.JPEG,n02701002_13949,n02701002,ambulance,ambulance_firetruck,0,1,,,0,
n02701002_13980.JPEG,n02701002_13980,n02701002,ambulance,ambulance_firetruck,0,0,,,0,
n02701002_1400.JPEG,n02701002_1400,n02701002,ambulance,ambulance_firetruck,0,0,,,0,
n02701002_1401.JPEG,n02701002_1401,n02701002,ambulance,ambulance_firetruck,1,1,Ambulance,montreal|city|street|cars|ambulance|emergency|911|canon|30d|50mm,10,
n02701002_14013.JPEG,n02701002_14013,n02701002,ambulance,ambulance_firetruck,0,0,,,0,
n02701002_14031.JPEG,n02701002_14031,n02701002,ambulance,ambulance_firetruck,0,0,,,0,
n02701002_14032.JPEG,n02701002_14032,n02701002,ambulance,ambulance_firetruck,0,0,,,0,
n02701002_1404.JPEG,n02701002_1404,n02701002,ambulance,ambulance_firetruck,1,1,Ambulance @ Tan Tock Seng Hospital,A&E|Ambulance|Tan Tock Seng Hospital|Singapore|Fujifilm|Finepix|F11,7,
n02701002_14050.JPEG,n02701002_14050,n02701002,ambulance,ambulance_firetruck,0,0,,,0,
n02701002_14080.JPEG,n02701002_14080,n02701002,ambulance,ambulance_firetruck,0,0,,,0,
n02701002_14122.JPEG,n02701002_14122,n02701002,ambulance,ambulance_firetruck,0,1,,,0,
n02701002_1414.JPEG,n02701002_1414,n02701002,ambulance,ambulance_firetruck,0,0,,,0,
n02701002_1415.JPEG,n02701002_1415,n02701002,ambulance,ambulance_firetruck,0,0,,,0,
n02701002_14159.JPEG,n02701002_14159,n02701002,ambulance,ambulance_firetruck,0,0,,,0,
n02701002_14200.JPEG,n02701002_14200,n02701002,ambulance,ambulance_firetruck,0,0,,,0,
n02701002_14209.JPEG,n02701002_14209,n02701002,ambulance,ambulance_firetruck,0,0,,,0,
n02701002_14217.JPEG,n02701002_14217,n02701002,ambulance,ambulance_firetruck,0,0,,,0,
n02701002_14226.JPEG,n02701002_14226,n02701002,ambulance,ambulance_firetruck,0,0,,,0,
n02701002_14241.JPEG,n02701002_14241,n02701002,ambulance,ambulance_firetruck,0,0,,,0,
n02701002_14275.JPEG,n02701002_14275,n02701002,ambulance,ambulance_firetruck,0,0,,,0,
n02701002_1428.JPEG,n02701002_1428,n02701002,ambulance,ambulance_firetruck,1,0,"Ambulance in the Grand Canal, Venice, Italy",Venice|italy|ambulance,3,
n02701002_14308.JPEG,n02701002_14308,n02701002,ambulance,ambulance_firetruck,0,0,,,0,
n02701002_14327.JPEG,n02701002_14327,n02701002,ambulance,ambulance_firetruck,0,0,,,0,
n02701002_14383.JPEG,n02701002_14383,n02701002,ambulance,ambulance_firetruck,0,0,,,0,
n02701002_14392.JPEG,n02701002_14392,n02701002,ambulance,ambulance_firetruck,0,1,,,0,
n02701002_1440.JPEG,n02701002_1440,n02701002,ambulance,ambulance_firetruck,0,1,,,0,
n02701002_1441.JPEG,n02701002_1441,n02701002,ambulance,ambulance_firetruck,0,0,,,0,
n02701002_14440.JPEG,n02701002_14440,n02701002,ambulance,ambulance_firetruck,0,0,,,0,
n02701002_14446.JPEG,n02701002_14446,n02701002,ambulance,ambulance_firetruck,1,1,AELTC Ambulance,Wimbledon|England|London|ambulance|golf cart,5,The wife went to Wimbledon and brought me back this picture of their golf cart based ambulance.  A Bradshaw Electric Ambulance.  I believe St. John in London also use something similar.
n02701002_14450.JPEG,n02701002_14450,n02701002,ambulance,ambulance_firetruck,0,0,,,0,
n02701002_1447.JPEG,n02701002_1447,n02701002,ambulance,ambulance_firetruck,0,1,,,0,
n02701002_1448.JPEG,n02701002_1448,n02701002,ambulance,ambulance_firetruck,1,1,Old emergency ambulance van. Dublin,Ambulance|emergency|van|Ford Transit|robokubo|robert|kubica|pics|picture|obrazky|fota|fotky|fotka|fotografie|fotografia|photo|photographia|kartinka|obrazek,19,
n02701002_14502.JPEG,n02701002_14502,n02701002,ambulance,ambulance_firetruck,0,1,,,0,
n02701002_1451.JPEG,n02701002_1451,n02701002,ambulance,ambulance_firetruck,0,0,,,0,
n02701002_14514.JPEG,n02701002_14514,n02701002,ambulance,ambulance_firetruck,0,0,,,0,
n02701002_14530.JPEG,n02701002_14530,n02701002,ambulance,ambulance_firetruck,1,1,Ambulance,ambulance,1,
n02701002_1454.JPEG,n02701002_1454,n02701002,ambulance,ambulance_firetruck,0,0,,,0,
n02701002_14541.JPEG,n02701002_14541,n02701002,ambulance,ambulance_firetruck,0,0,,,0,
n02701002_1455.JPEG,n02701002_1455,n02701002,ambulance,ambulance_firetruck,0,1,,,0,
n02701002_14576.JPEG,n02701002_14576,n02701002,ambulance,ambulance_firetruck,0,0,,,0,
n02701002_14582.JPEG,n02701002_14582,n02701002,ambulance,ambulance_firetruck,0,0,,,0,
n02701002_1459.JPEG,n02701002_1459,n02701002,ambulance,ambulance_firetruck,0,0,,,0,
n02701002_14591.JPEG,n02701002_14591,n02701002,ambulance,ambulance_firetruck,0,1,,,0,
n02701002_1460.JPEG,n02701002_1460,n02701002,ambulance,ambulance_firetruck,0,1,,,0,
n02701002_1463.JPEG,n02701002_1463,n02701002,ambulance,ambulance_firetruck,0,1,,,0,
n02701002_1468.JPEG,n02701002_1468,n02701002,ambulance,ambulance_firetruck,1,0,St John Ambulance Renault,st john ambulance|St Johns Ambulance|Ambulance|blue light|blue|light|renault|crusader 900|kent|county|show|detling|showground|ground|emergancy|service|services|HX51FOH|MC101,19,St John Ambulance Renault Kent County Show Detling 2007
n02701002_14690.JPEG,n02701002_14690,n02701002,ambulance,ambulance_firetruck,0,1,,,0,
n02701002_1470.JPEG,n02701002_1470,n02701002,ambulance,ambulance_firetruck,0,1,,,0,
n02701002_1471.JPEG,n02701002_1471,n02701002,ambulance,ambulance_firetruck,0,0,,,0,
n02701002_14816.JPEG,n02701002_14816,n02701002,ambulance,ambulance_firetruck,0,0,,,0,
n02701002_1482.JPEG,n02701002_1482,n02701002,ambulance,ambulance_firetruck,1,0,HQ Holden ambulance,ambulance|ambulance historical society|Victoria|Holden|HQ|Premier|Dr. Keats|Chris Keating|Flickr,9,Another nice one - based on a HQ Holden Premier.
n02701002_14861.JPEG,n02701002_14861,n02701002,ambulance,ambulance_firetruck,0,1,,,0,
n02701002_1487.JPEG,n02701002_1487,n02701002,ambulance,ambulance_firetruck,1,0,Country Ambulance,ambulance|Queensland|Jericho,3,Queensland Country Ambulance in Jericho main street.  Four-Wheel-Drive is necessary to allow access to remoter areas such as cattle stations
n02701002_14871.JPEG,n02701002_14871,n02701002,ambulance,ambulance_firetruck,0,0,,,0,
n02701002_14887.JPEG,n02701002_14887,n02701002,ambulance,ambulance_firetruck,0,1,,,0,
n02701002_1489.JPEG,n02701002_1489,n02701002,ambulance,ambulance_firetruck,1,1,NHS Ambulance leaving ferry at Mull,bigpicture2008|Sutton_Coldfield_Photographic_Society|westmidlands|Scotland|Mull|ferry|Argyll|ambulance|geotagged|geo:lat=56.47096190627591|geo:long=-5.7073974609375,11,This photograph of an NHS Ambulance was taken as it left the ferry at Craignure harbour on the island of Mull when on holiday in May.
n02701002_1490.JPEG,n02701002_1490,n02701002,ambulance,ambulance_firetruck,0,1,,,0,
n02701002_14926.JPEG,n02701002_14926,n02701002,ambulance,ambulance_firetruck,0,0,,,0,
n02701002_1493.JPEG,n02701002_1493,n02701002,ambulance,ambulance_firetruck,0,0,,,0,
n02701002_14965.JPEG,n02701002_14965,n02701002,ambulance,ambulance_firetruck,0,0,,,0,
n02701002_1497.JPEG,n02701002_1497,n02701002,ambulance,ambulance_firetruck,0,1,,,0,
n02701002_1499.JPEG,n02701002_1499,n02701002,ambulance,ambulance_firetruck,0,0,,,0,
n02701002_15045.JPEG,n02701002_15045,n02701002,ambulance,ambulance_firetruck,0,0,,,0,
n02701002_1506.JPEG,n02701002_1506,n02701002,ambulance,ambulance_firetruck,0,1,,,0,
n02701002_15073.JPEG,n02701002_15073,n02701002,ambulance,ambulance_firetruck,0,0,,,0,
n02701002_1508.JPEG,n02701002_1508,n02701002,ambulance,ambulance_firetruck,0,1,,,0,
n02701002_15080.JPEG,n02701002_15080,n02701002,ambulance,ambulance_firetruck,0,0,,,0,
n02701002_1509.JPEG,n02701002_1509,n02701002,ambulance,ambulance_firetruck,1,1,"Bogota, NJ Volunteer Ambulance Corps",Bogota|Volunteer|Ambulance|Corps|Ford|Econoline|E550,7,Ford Econoline  E550 Ambulance 2
n02701002_1511.JPEG,n02701002_1511,n02701002,ambulance,ambulance_firetruck,0,0,,,0,
n02701002_1515.JPEG,n02701002_1515,n02701002,ambulance,ambulance_firetruck,0,0,,,0,
n02701002_15167.JPEG,n02701002_15167,n02701002,ambulance,ambulance_firetruck,0,0,,,0,
n02701002_15182.JPEG,n02701002_15182,n02701002,ambulance,ambulance_firetruck,0,0,,,0,
n02701002_15197.JPEG,n02701002_15197,n02701002,ambulance,ambulance_firetruck,0,0,,,0,
n02701002_1526.JPEG,n02701002_1526,n02701002,ambulance,ambulance_firetruck,0,0,,,0,
n02701002_15279.JPEG,n02701002_15279,n02701002,ambulance,ambulance_firetruck,0,0,,,0,
n02701002_1528.JPEG,n02701002_1528,n02701002,ambulance,ambulance_firetruck,0,0,,,0,
n02701002_15289.JPEG,n02701002_15289,n02701002,ambulance,ambulance_firetruck,0,0,,,0,
n02701002_1533.JPEG,n02701002_1533,n02701002,ambulance,ambulance_firetruck,1,1,Animedic Vetinary Ambulance HD54BWU,renualt kangoo|van|plymouth|reg54|vetinary ambulance|renault,6," RENAULT KANGOO SL17 DCI 70+  PANEL VAN 1461cc (26/11/2004) DIESEL MANUAL                                                               "
n02701002_1535.JPEG,n02701002_1535,n02701002,ambulance,ambulance_firetruck,0,0,,,0,
n02701002_1537.JPEG,n02701002_1537,n02701002,ambulance,ambulance_firetruck,0,0,,,0,
n02701002_15383.JPEG,n02701002_15383,n02701002,ambulance,ambulance_firetruck,0,0,,,0,
n02701002_15392.JPEG,n02701002_15392,n02701002,ambulance,ambulance_firetruck,0,0,,,0,
n02701002_154.JPEG,n02701002_154,n02701002,ambulance,ambulance_firetruck,0,1,,,0,
n02701002_1540.JPEG,n02701002_1540,n02701002,ambulance,ambulance_firetruck,0,0,,,0,
n02701002_1541.JPEG,n02701002_1541,n02701002,ambulance,ambulance_firetruck,0,1,,,0,
n02701002_15411.JPEG,n02701002_15411,n02701002,ambulance,ambulance_firetruck,0,0,,,0,
n02701002_15417.JPEG,n02701002_15417,n02701002,ambulance,ambulance_firetruck,0,0,,,0,
n02701002_1542.JPEG,n02701002_1542,n02701002,ambulance,ambulance_firetruck,0,0,,,0,
n02701002_15420.JPEG,n02701002_15420,n02701002,ambulance,ambulance_firetruck,0,0,,,0,
n02701002_15423.JPEG,n02701002_15423,n02701002,ambulance,ambulance_firetruck,0,0,,,0,
n02701002_15428.JPEG,n02701002_15428,n02701002,ambulance,ambulance_firetruck,0,0,,,0,
n02701002_1547.JPEG,n02701002_1547,n02701002,ambulance,ambulance_firetruck,0,0,,,0,
n02701002_15523.JPEG,n02701002_15523,n02701002,ambulance,ambulance_firetruck,0,0,,,0,
n02701002_1553.JPEG,n02701002_1553,n02701002,ambulance,ambulance_firetruck,0,0,,,0,
n02701002_1555.JPEG,n02701002_1555,n02701002,ambulance,ambulance_firetruck,0,0,,,0,
n02701002_15550.JPEG,n02701002_15550,n02701002,ambulance,ambulance_firetruck,0,0,,,0,
n02701002_1557.JPEG,n02701002_1557,n02701002,ambulance,ambulance_firetruck,0,0,,,0,
n02701002_15583.JPEG,n02701002_15583,n02701002,ambulance,ambulance_firetruck,0,0,,,0,
n02701002_15609.JPEG,n02701002_15609,n02701002,ambulance,ambulance_firetruck,0,0,,,0,
n02701002_1562.JPEG,n02701002_1562,n02701002,ambulance,ambulance_firetruck,1,1,shoe ambulance,birmingham|alabama|funny|sign|shoe hospital|ambulance,6,Just what kind of shoe emergency would you have that you'd need to call the shoe ambulance?
n02701002_15638.JPEG,n02701002_15638,n02701002,ambulance,ambulance_firetruck,0,0,,,0,
n02701002_15645.JPEG,n02701002_15645,n02701002,ambulance,ambulance_firetruck,0,0,,,0,
n02701002_1565.JPEG,n02701002_1565,n02701002,ambulance,ambulance_firetruck,0,0,,,0,
n02701002_15668.JPEG,n02701002_15668,n02701002,ambulance,ambulance_firetruck,0,0,,,0,
n02701002_15727.JPEG,n02701002_15727,n02701002,ambulance,ambulance_firetruck,0,0,,,0,
n02701002_15748.JPEG,n02701002_15748,n02701002,ambulance,ambulance_firetruck,0,0,,,0,
n02701002_1576.JPEG,n02701002_1576,n02701002,ambulance,ambulance_firetruck,0,0,,,0,
n02701002_15774.JPEG,n02701002_15774,n02701002,ambulance,ambulance_firetruck,0,1,,,0,
n02701002_1578.JPEG,n02701002_1578,n02701002,ambulance,ambulance_firetruck,0,0,,,0,
n02701002_15837.JPEG,n02701002_15837,n02701002,ambulance,ambulance_firetruck,0,0,,,0,
n02701002_15843.JPEG,n02701002_15843,n02701002,ambulance,ambulance_firetruck,0,0,,,0,
n02701002_15859.JPEG,n02701002_15859,n02701002,ambulance,ambulance_firetruck,0,1,,,0,
n02701002_1588.JPEG,n02701002_1588,n02701002,ambulance,ambulance_firetruck,0,0,,,0,
n02701002_15883.JPEG,n02701002_15883,n02701002,ambulance,ambulance_firetruck,0,1,,,0,
n02701002_15898.JPEG,n02701002_15898,n02701002,ambulance,ambulance_firetruck,0,1,,,0,
n02701002_15919.JPEG,n02701002_15919,n02701002,ambulance,ambulance_firetruck,0,1,,,0,
n02701002_1592.JPEG,n02701002_1592,n02701002,ambulance,ambulance_firetruck,0,0,,,0,
n02701002_15923.JPEG,n02701002_15923,n02701002,ambulance,ambulance_firetruck,0,1,,,0,
n02701002_15924.JPEG,n02701002_15924,n02701002,ambulance,ambulance_firetruck,0,0,,,0,
n02701002_1594.JPEG,n02701002_1594,n02701002,ambulance,ambulance_firetruck,1,1,Local Fire Station,Chicago Fire Department|CFD|Ambulance|fire|paramedic|fire department|emergency|vehicle|red|white|black|silver|lights|fire station,14,One of the 50 or so ambulances that serve the city of Chicago. It really seems like there should be more for a city this size. They run nonstop!
n02701002_1595.JPEG,n02701002_1595,n02701002,ambulance,ambulance_firetruck,0,1,,,0,
n02701002_1596.JPEG,n02701002_1596,n02701002,ambulance,ambulance_firetruck,1,1,An Ottawa Police Service Ford Crown Victoria Police Interceptor and an ambulance...,Ottawa|Ontario|Canada|city|ville|downtown|centre-ville|Centretown|Mackenzie King Bridge|Rideau Centre|Rideau Center|Centre Rideau|pedestrians|pietons|panorama|skyline|オタワ|オンタリオ|カナダ|Ottawa Police Service|Ford Crown Victoria|Ford|Crown Vic|police car|police cruiser|patrol car|Police Interceptor|policeman|policewoman|police officer|people|person|man|woman|candid|unsuspecting|ambulance|Ford E-450|E-Series|geotagged|car|automobile|auto|voiture|2624|OC Transpo|bus|autobus|articulated bus|New Flyer D60LF|skyscrapers|gratte-ciel|Ottawa City Hall|Place Bell Canada|traffic lights|feux de circulation|6046|フォード・クラウン・ビクトリア|Ottawa photographer|Ottawa photography|安大略|加拿大|渥太华|オタワ・ポリス・サービス|渥太華,65,"...at some kind of accident scene on the Mackenzie King Bridge road outside the Rideau Centre.  You can see some policemen questioning a witness."
n02701002_15965.JPEG,n02701002_15965,n02701002,ambulance,ambulance_firetruck,0,0,,,0,
n02701002_1599.JPEG,n02701002_1599,n02701002,ambulance,ambulance_firetruck,0,1,,,0,
n02701002_15993.JPEG,n02701002_15993,n02701002,ambulance,ambulance_firetruck,0,0,,,0,
n02701002_16004.JPEG,n02701002_16004,n02701002,ambulance,ambulance_firetruck,1,1,Ambience,art car|ambience|ambulance|public art|san francisco|vehicle|art,7,"The Mission District, San Francisco."
n02701002_16027.JPEG,n02701002_16027,n02701002,ambulance,ambulance_firetruck,0,1,,,0,
n02701002_1605.JPEG,n02701002_1605,n02701002,ambulance,ambulance_firetruck,1,0,Animal ambulance,amsterdam|car|animal|ambulance|street,5,
n02701002_16062.JPEG,n02701002_16062,n02701002,ambulance,ambulance_firetruck,0,0,,,0,
n02701002_16090.JPEG,n02701002_16090,n02701002,ambulance,ambulance_firetruck,0,1,,,0,
n02701002_16116.JPEG,n02701002_16116,n02701002,ambulance,ambulance_firetruck,0,0,,,0,
n02701002_16125.JPEG,n02701002_16125,n02701002,ambulance,ambulance_firetruck,0,1,,,0,
n02701002_1614.JPEG,n02701002_1614,n02701002,ambulance,ambulance_firetruck,0,1,,,0,
n02701002_16149.JPEG,n02701002_16149,n02701002,ambulance,ambulance_firetruck,0,0,,,0,
n02701002_1615.JPEG,n02701002_1615,n02701002,ambulance,ambulance_firetruck,0,1,,,0,
n02701002_1617.JPEG,n02701002_1617,n02701002,ambulance,ambulance_firetruck,0,0,,,0,
n02701002_16183.JPEG,n02701002_16183,n02701002,ambulance,ambulance_firetruck,0,0,,,0,
n02701002_1619.JPEG,n02701002_1619,n02701002,ambulance,ambulance_firetruck,0,0,,,0,
n02701002_16208.JPEG,n02701002_16208,n02701002,ambulance,ambulance_firetruck,0,0,,,0,
n02701002_1622.JPEG,n02701002_1622,n02701002,ambulance,ambulance_firetruck,1,1,New Children's Hospital Ambulance,ambulance|sheffield|may|2008|sheffieldchildrenshospital|middlewood ambulance station,6,"New ambulance staying at our station for now.   Usually based at the hospital but I think it's too big for the garage there!  Taken at Middlewood Ambulance Station Sheffield.  I work for Yorkshire Ambulance Service on the RRVs in and around the city of Sheffield in South Yorkshire. It’s a great job and I feel very honoured to be able to help people at their point of need.  Check out the website for all sorts of info re YAS and the work we do. <a href=""http://www.yas.nhs.uk/OurServices/accidentandemergency.html"" rel=""noreferrer nofollow"">www.yas.nhs.uk/OurServices/accidentandemergency.html</a> "
n02701002_1623.JPEG,n02701002_1623,n02701002,ambulance,ambulance_firetruck,0,0,,,0,
n02701002_1625.JPEG,n02701002_1625,n02701002,ambulance,ambulance_firetruck,0,0,,,0,
n02701002_16281.JPEG,n02701002_16281,n02701002,ambulance,ambulance_firetruck,0,0,,,0,
n02701002_1630.JPEG,n02701002_1630,n02701002,ambulance,ambulance_firetruck,0,0,,,0,
n02701002_1631.JPEG,n02701002_1631,n02701002,ambulance,ambulance_firetruck,0,0,,,0,
n02701002_1632.JPEG,n02701002_1632,n02701002,ambulance,ambulance_firetruck,1,1,Freelander RRV outside Balfron Ambulance Station,Balfron|Stirlingshire|Land Rover Freelander|Land|Freelander|ambulance|RRV|Rapid response Vehicle|Scottish|Service|Scotland,11,
n02701002_16347.JPEG,n02701002_16347,n02701002,ambulance,ambulance_firetruck,0,1,,,0,
n02701002_16357.JPEG,n02701002_16357,n02701002,ambulance,ambulance_firetruck,0,1,,,0,
n02701002_16377.JPEG,n02701002_16377,n02701002,ambulance,ambulance_firetruck,0,1,,,0,
n02701002_16407.JPEG,n02701002_16407,n02701002,ambulance,ambulance_firetruck,0,0,,,0,
n02701002_16435.JPEG,n02701002_16435,n02701002,ambulance,ambulance_firetruck,0,1,,,0,
n02701002_16488.JPEG,n02701002_16488,n02701002,ambulance,ambulance_firetruck,0,0,,,0,
n02701002_1649.JPEG,n02701002_1649,n02701002,ambulance,ambulance_firetruck,0,0,,,0,
n02701002_165.JPEG,n02701002_165,n02701002,ambulance,ambulance_firetruck,1,1,Czech Ambulance,Prague|Ambulance,2,
n02701002_16507.JPEG,n02701002_16507,n02701002,ambulance,ambulance_firetruck,0,0,,,0,
n02701002_1658.JPEG,n02701002_1658,n02701002,ambulance,ambulance_firetruck,0,1,,,0,
n02701002_16592.JPEG,n02701002_16592,n02701002,ambulance,ambulance_firetruck,0,0,,,0,
n02701002_1660.JPEG,n02701002_1660,n02701002,ambulance,ambulance_firetruck,1,1,"Garry, Cody, Mary, Doug @ Schaefer Ambulance",Schaefer|Ambulance|La Mesa|California|medical|hospital|EMT|paramedic|San Diego|county,10,
n02701002_16611.JPEG,n02701002_16611,n02701002,ambulance,ambulance_firetruck,0,0,,,0,
n02701002_16612.JPEG,n02701002_16612,n02701002,ambulance,ambulance_firetruck,0,0,,,0,
n02701002_1662.JPEG,n02701002_1662,n02701002,ambulance,ambulance_firetruck,0,0,,,0,
n02701002_1663.JPEG,n02701002_1663,n02701002,ambulance,ambulance_firetruck,0,0,,,0,
n02701002_1667.JPEG,n02701002_1667,n02701002,ambulance,ambulance_firetruck,0,0,,,0,
n02701002_16688.JPEG,n02701002_16688,n02701002,ambulance,ambulance_firetruck,0,0,,,0,
n02701002_16707.JPEG,n02701002_16707,n02701002,ambulance,ambulance_firetruck,0,0,,,0,
n02701002_16708.JPEG,n02701002_16708,n02701002,ambulance,ambulance_firetruck,1,1,South Western Ambulance WA51LCZ,swas|999|ambulance|renault|van|reg51|nhs|photologged,8,Crownhill Plymouth 8 April 2008
n02701002_1671.JPEG,n02701002_1671,n02701002,ambulance,ambulance_firetruck,1,1,Reflections Of Amsterd@m - Puddle Ambulance (Not On Strike),"AmsterSam|Amsterdam|Holland|Netherlands|Europe|Winter/Spring|2008|Beautiful|Life is good|Carpe Diem|Check out my Website, www.amstersam.com|Amsterdam - The best City in the World|S700i Sony Ericsson Mobile Phone Cam|Reflections of Amsterd@m|Ambulance|S700i|S700i Sony Ericsson|Mobile Phone Cam|Reflection|Water|Water Reflection|Water Surface Reflection|Natural|Wet|No Photoshop|No Tricks|Wet Reflection|Puddle|Puddle Reflection|Water Puddle|Rain|Puddle Pictures|Wicked|Water on the ground|Pure Wickedness|AmsterS@m the wicked Reflectah|The wicked Reflectah|Reflectah|Wicked Reflections|Water Reflections",40,"Puddle reflection of an Ambulance, luckily these good people are not on strike, pheeew! Unfortunately, in the last years it has become somewhat of a national sport to mess with Ambulance drivers when they come to assist hurt people, there were many incidents where they got <a href=""http://www.google.nl/search?hl=en&amp;client=firefox-a&amp;rls=org.mozilla:en-GB:official&amp;q=ambulance+attacked+netherlands&amp;btnG=Search"" rel=""noreferrer nofollow"">beat up and threatened</a>, I can't even begin to imagine what makes people do something like that (and it almost makes me wish that they would not show up at all when one of those Dickheads crashes his car into some lamp post and cries for them to come and rescue him!), these Guys are such heroes and deserve our full support!! You go Guys, you're the BEST  :))"
n02701002_16750.JPEG,n02701002_16750,n02701002,ambulance,ambulance_firetruck,0,0,,,0,
n02701002_1678.JPEG,n02701002_1678,n02701002,ambulance,ambulance_firetruck,0,0,,,0,
n02701002_16803.JPEG,n02701002_16803,n02701002,ambulance,ambulance_firetruck,1,1,El móvil en base,EMERGENCIA|EMERGENCY|EMERGENCIAS|EMERGENCIES|EMERGENCIAS MÉDICAS|MEDICAL EMERGENCIES|EMS|SEM|AMBULANCIA|AMBULANCE|RENAULT|107|MASTER|SANTA FE|SANTA FE SALUD|ARGENTINA|ARROYO SECO|AMBULANS|AMBULANSE|AMBULANZA,20,"Unidad Renault Master perteneciente a la Dirección de emergencias sanitarias de la Provincia de Santa Fe, Argentina, con base en el efector público de salud de la localidad de Arroyo Seco, en cercanías de la ciudad de Rosario."
n02701002_1681.JPEG,n02701002_1681,n02701002,ambulance,ambulance_firetruck,1,0,St John Ambulance,"st john|st Johns|St john ambulance, st Johns Anbulance, Nissan Patrol, Nissan ambulance, nissan, ambulance, blue light|blue|light|4x4|OY02LXG|MC903",8,St John Ambulance Nissan 4x4 unit in the shade at the Truck Fest SE  Kent County Show ground 2006
n02701002_16871.JPEG,n02701002_16871,n02701002,ambulance,ambulance_firetruck,0,0,,,0,
n02701002_1689.JPEG,n02701002_1689,n02701002,ambulance,ambulance_firetruck,0,0,,,0,
n02701002_1691.JPEG,n02701002_1691,n02701002,ambulance,ambulance_firetruck,1,0,HELI AMBULANCE,netherlands|plain|helicopter|ambulance|accident|Akbar Simonse|den haag|holland|200.000.000 stage lovers|The Hague,10,"It's a strange feeling when suddenly, just around the corner of your street a heli ambulance lands on a crossing."
n02701002_16927.JPEG,n02701002_16927,n02701002,ambulance,ambulance_firetruck,0,1,,,0,
n02701002_1693.JPEG,n02701002_1693,n02701002,ambulance,ambulance_firetruck,1,1,Old Ford Ambulance 1980's,ambulance|paramedic|oldYAS|(Sheffieldambulance.SYAS.SYMAS)|fordtransit|symas|1980's|scan|641|lincoln,10,Plus Trevor... South Yorkshire Metropolitan Ambulance Service. This is at a place near Lincoln - I can't remember it's name.. Sort of rehab place for folks who had lost limbs.
n02701002_16932.JPEG,n02701002_16932,n02701002,ambulance,ambulance_firetruck,0,0,,,0,
n02701002_1695.JPEG,n02701002_1695,n02701002,ambulance,ambulance_firetruck,1,1,CSV First Aid Day with Derbyshire  St. John Ambulance,CSV|First|Aid|Awarness|Day|with|Derbyshire|St.|John|Ambulance|BBC|Bus,12,
n02701002_17025.JPEG,n02701002_17025,n02701002,ambulance,ambulance_firetruck,0,0,,,0,
n02701002_17030.JPEG,n02701002_17030,n02701002,ambulance,ambulance_firetruck,0,0,,,0,
n02701002_17039.JPEG,n02701002_17039,n02701002,ambulance,ambulance_firetruck,0,0,,,0,
n02701002_17067.JPEG,n02701002_17067,n02701002,ambulance,ambulance_firetruck,0,0,,,0,
n02701002_17070.JPEG,n02701002_17070,n02701002,ambulance,ambulance_firetruck,0,0,,,0,
n02701002_1709.JPEG,n02701002_1709,n02701002,ambulance,ambulance_firetruck,0,1,,,0,
n02701002_17113.JPEG,n02701002_17113,n02701002,ambulance,ambulance_firetruck,0,0,,,0,
n02701002_17119.JPEG,n02701002_17119,n02701002,ambulance,ambulance_firetruck,1,1,Taglio del nastro,festival della salute|viareggio|ambulanza|coroce verde|fondazione galli|milziade caprili|anpas|fausto casini|giovanni galli|inaugurazione,10,
n02701002_1713.JPEG,n02701002_1713,n02701002,ambulance,ambulance_firetruck,0,0,,,0,
n02701002_1714.JPEG,n02701002_1714,n02701002,ambulance,ambulance_firetruck,1,1,Kia Ambulance,kia|besta|ambulance|paramedic|emt|santiago|chile,7,"Kia Besta ambulance in Santiago, Chile."
n02701002_17140.JPEG,n02701002_17140,n02701002,ambulance,ambulance_firetruck,0,0,,,0,
n02701002_17149.JPEG,n02701002_17149,n02701002,ambulance,ambulance_firetruck,0,1,,,0,
n02701002_1715.JPEG,n02701002_1715,n02701002,ambulance,ambulance_firetruck,0,0,,,0,
n02701002_17150.JPEG,n02701002_17150,n02701002,ambulance,ambulance_firetruck,0,0,,,0,
n02701002_17168.JPEG,n02701002_17168,n02701002,ambulance,ambulance_firetruck,1,0,Ambulanza a San Felice del Benaco,,0,Ambulanza a San Felice del Benaco
n02701002_17209.JPEG,n02701002_17209,n02701002,ambulance,ambulance_firetruck,1,0,Ambulanza,Ambulanza|Emergency|Ambulance|911|118|Misericordia|Emergenza,7,Emergency
n02701002_1724.JPEG,n02701002_1724,n02701002,ambulance,ambulance_firetruck,0,0,,,0,
n02701002_1732.JPEG,n02701002_1732,n02701002,ambulance,ambulance_firetruck,0,0,,,0,
n02701002_1733.JPEG,n02701002_1733,n02701002,ambulance,ambulance_firetruck,1,0,Ford Ambulance,Ford|Transit|ambulance|Córdoba|Spain|EMT|paramedic|van|ambulancia,9,"Ford Transit ambulance in Córdoba, Spain."
n02701002_1735.JPEG,n02701002_1735,n02701002,ambulance,ambulance_firetruck,0,0,,,0,
n02701002_1736.JPEG,n02701002_1736,n02701002,ambulance,ambulance_firetruck,0,0,,,0,
n02701002_1737.JPEG,n02701002_1737,n02701002,ambulance,ambulance_firetruck,0,0,,,0,
n02701002_17385.JPEG,n02701002_17385,n02701002,ambulance,ambulance_firetruck,0,0,,,0,
n02701002_17416.JPEG,n02701002_17416,n02701002,ambulance,ambulance_firetruck,0,0,,,0,
n02701002_1746.JPEG,n02701002_1746,n02701002,ambulance,ambulance_firetruck,0,0,,,0,
n02701002_1748.JPEG,n02701002_1748,n02701002,ambulance,ambulance_firetruck,0,0,,,0,
n02701002_17485.JPEG,n02701002_17485,n02701002,ambulance,ambulance_firetruck,0,1,,,0,
n02701002_17491.JPEG,n02701002_17491,n02701002,ambulance,ambulance_firetruck,1,1,Pampeana soy,EMERGENCIAS|EMERGENCIA|EMERGENCIES|EMERGENCY|EMERGENCIAS MÉDICAS|EMS|SEM|AMBULANCIA|AMBULANCE|AMBULANS|AMBULANSE|SANTA ROSA|LA PAMPA|ARGENTINA|AMBULANZA,15,"Unidad móvil de un servicio privado de emergencias médicas de la ciudad de Santa Rosa, capital de la provincia de La Pampa, república Argentina."
n02701002_17492.JPEG,n02701002_17492,n02701002,ambulance,ambulance_firetruck,0,0,,,0,
n02701002_175.JPEG,n02701002_175,n02701002,ambulance,ambulance_firetruck,0,1,,,0,
n02701002_17500.JPEG,n02701002_17500,n02701002,ambulance,ambulance_firetruck,0,0,,,0,
n02701002_1753.JPEG,n02701002_1753,n02701002,ambulance,ambulance_firetruck,0,0,,,0,
n02701002_17576.JPEG,n02701002_17576,n02701002,ambulance,ambulance_firetruck,1,1,661 Salute & Sport 2008 CRI Alghero,CRI|croce rossa italiana|italia|sardegna|flumene|alghero CRI|estate|ambulanza|soccorso|carabinieri|forze armate|forze dell'ordine|luglio|manifestazione|beneficienza CRI,15,
n02701002_1760.JPEG,n02701002_1760,n02701002,ambulance,ambulance_firetruck,0,0,,,0,
n02701002_17620.JPEG,n02701002_17620,n02701002,ambulance,ambulance_firetruck,1,0,Marca distintiva,EMERGENCIAS|EMERGENCY|EMERGENCIES|EMERGENCIAS MÉDICAS|MEDICAL EMERGENCY|EMS|MEDICAL EMERGENCIES|AMBULANCIA|AMBULANCE|AMBULANS|AMBULANSE|SIES|ROSARIO|ARGENTINA|URI|107|AMBULANZA,17,"El SIES es el servicio público de emergencias médicas de la ciudad de Rosario, República Argentina. Uno de sus móviles lleva una marca distintiva: Unidad de Respuesta Inmediata (URI). La misión de esta unidad es intervenir con máxima prontitud en la zona microcéntrica de la ciudad."
n02701002_1767.JPEG,n02701002_1767,n02701002,ambulance,ambulance_firetruck,0,0,,,0,
n02701002_17717.JPEG,n02701002_17717,n02701002,ambulance,ambulance_firetruck,1,1,Servicio 139,EMERGENCIAS|EMERGENCIA|EMERGENCIES|EMERGENCY|EMERGENCIAS MÉDICAS|EMS|SEM|AMBULANCIA|AMBULANCE|AMBULANS|AMBULANSE|139|PAMI|MERCEDES BENZ|SPRINTER|ARGENTINA|AMBULANZA,17,"Ambulancia del Servicio de Emergencia 139 perteneciente a PAMI, la institución que brinda cobertura asistencial a jubilados y pensionados en la república Argentina."
n02701002_1774.JPEG,n02701002_1774,n02701002,ambulance,ambulance_firetruck,0,0,,,0,
n02701002_1775.JPEG,n02701002_1775,n02701002,ambulance,ambulance_firetruck,0,0,,,0,
n02701002_1776.JPEG,n02701002_1776,n02701002,ambulance,ambulance_firetruck,1,0,Old Military 101 Ambulance 06,Old|Military|101|Ambulance,4,Old Military 101 Landrover Ambulance at Steam Rally
n02701002_1777.JPEG,n02701002_1777,n02701002,ambulance,ambulance_firetruck,0,0,,,0,
n02701002_17786.JPEG,n02701002_17786,n02701002,ambulance,ambulance_firetruck,1,1,Fiat Ducato ambulanza 2000,,0,
n02701002_1780.JPEG,n02701002_1780,n02701002,ambulance,ambulance_firetruck,1,0,Ottawa Police car and ambulance with the late afternoon sun peeking through the clouds.,Ottawa|Ontario|Canada|city|ville|OC Transpo|Hurdman|Transitway|stop|station|terminus|bus|autobus|winter|hiver|snow|neige|Ottawa Police|Ford Crown Victoria|Ford|Crown Vic|police car|police cruiser|patrol car|Police Interceptor|policeman|policewoman|police officer|people|person|man|woman|candid|unsuspecting|ambulance|Ford E-450|E-Series|geotagged|Novabus|apartment buildings|car|automobile|auto|voiture|Daimler-Chrysler|Orion V|Orion VI|2819|フォード・クラウン・ビクトリア|安大略|加拿大|渥太华|オタワ・ポリス・サービス|Ottawa Police Service|渥太華,55,"An Ottawa Police Ford Crown Victoria Police Interceptor and an Ottawa Paramedic Services Ford E-450 ambulance responding to some kind of medical incident at the OC Transpo Hurdman Transitway stop.  The two buses you can see the rears of to the left of the ambulance are both Daimler-Chrysler Orion V buses, while, just for completion's sake, the one in the distance at the right of the photo is a more recent Orion VI."
n02701002_17823.JPEG,n02701002_17823,n02701002,ambulance,ambulance_firetruck,0,1,,,0,
n02701002_1785.JPEG,n02701002_1785,n02701002,ambulance,ambulance_firetruck,0,0,,,0,
n02701002_1789.JPEG,n02701002_1789,n02701002,ambulance,ambulance_firetruck,1,0,Old Military 101 Ambulance 01,Old|Military|101|Ambulance,4,Old Military 101 Landrover Ambulance at Steam Rally
n02701002_1792.JPEG,n02701002_1792,n02701002,ambulance,ambulance_firetruck,0,0,,,0,
n02701002_1793.JPEG,n02701002_1793,n02701002,ambulance,ambulance_firetruck,0,1,,,0,
n02701002_17933.JPEG,n02701002_17933,n02701002,ambulance,ambulance_firetruck,0,0,,,0,
n02701002_17951.JPEG,n02701002_17951,n02701002,ambulance,ambulance_firetruck,0,0,,,0,
n02701002_17954.JPEG,n02701002_17954,n02701002,ambulance,ambulance_firetruck,1,1,Fait ducato nuovo ambulanza_small,,0,
n02701002_1797.JPEG,n02701002_1797,n02701002,ambulance,ambulance_firetruck,1,1,Abbott Ambulance,abbott|ems|paramedic|ambulance|stlouis|missouri|hospital|medic,8,
n02701002_1802.JPEG,n02701002_1802,n02701002,ambulance,ambulance_firetruck,0,1,,,0,
n02701002_18046.JPEG,n02701002_18046,n02701002,ambulance,ambulance_firetruck,0,1,,,0,
n02701002_18064.JPEG,n02701002_18064,n02701002,ambulance,ambulance_firetruck,1,0,Sin intervenciones por ahora,EMERGENCIAS|EMERGENCIES|EMERGENCIA|EMERGENCY|EMERGENCIAS MÉDICAS|MEDICAL EMERGENCIES|EMS|SEM|AMBULANCIA|AMBULANCE|AMBULANS|AMBULANSE|SIES|ROSARIO|MERCEDES BENZ|SPRINTER|ARGENTINA|AMBULANZA,18,"Una unidad Mercedes Benz Sprinter del SIES, el servicio público de emergencias médicas de la ciudad de Rosario, Argentina, reposa en espera de alguna intervención."
n02701002_1811.JPEG,n02701002_1811,n02701002,ambulance,ambulance_firetruck,0,1,,,0,
n02701002_18112.JPEG,n02701002_18112,n02701002,ambulance,ambulance_firetruck,1,1,AMBULANZA,,0,Innaugurazione ambulanza formigine
n02701002_1814.JPEG,n02701002_1814,n02701002,ambulance,ambulance_firetruck,1,1,London Ambulance from late 1970s...,work|ambulance|LAS|paramedic|2007|MLM922L|F2222|2222|HLM922C|londonambulanceservice|bedford,11,"I used to drive these around London's streets!! This is a short wheelbase one - we also had longer wheelbase ones too..  I work for Yorkshire Ambulance Service on the RRVs in and around the city of Sheffield in South Yorkshire. It’s a great job and I feel very honoured to be able to help people at their point of need.  Check out the website for all sorts of info re YAS and the work we do. <a href=""http://www.yas.nhs.uk/OurServices/accidentandemergency.html"" rel=""noreferrer nofollow"">www.yas.nhs.uk/OurServices/accidentandemergency.html</a>"
n02701002_18146.JPEG,n02701002_18146,n02701002,ambulance,ambulance_firetruck,0,0,,,0,
n02701002_1816.JPEG,n02701002_1816,n02701002,ambulance,ambulance_firetruck,0,0,,,0,
n02701002_18162.JPEG,n02701002_18162,n02701002,ambulance,ambulance_firetruck,0,1,,,0,
n02701002_1818.JPEG,n02701002_1818,n02701002,ambulance,ambulance_firetruck,0,0,,,0,
n02701002_1819.JPEG,n02701002_1819,n02701002,ambulance,ambulance_firetruck,0,0,,,0,
n02701002_1820.JPEG,n02701002_1820,n02701002,ambulance,ambulance_firetruck,0,0,,,0,
n02701002_18232.JPEG,n02701002_18232,n02701002,ambulance,ambulance_firetruck,0,1,,,0,
n02701002_18242.JPEG,n02701002_18242,n02701002,ambulance,ambulance_firetruck,1,1,En los pagos nevados,EMERGENCIAS MÉDICAS|MEDICAL EMERGENCIES|EMERGENCIA|EMERGENCY|EMERGENCIA MÉDICA|MEDICAL EMERGENCY|107|AMBULANCIA|AMBULANCE|AMBULANS|AMBULANSE|TOLHUIN|TIERRA DEL FUEGO|PATAGONIA|ARGENTINA|ARGENTINE|ARGENTINIEN|MERCEDES BENZ|MB|SPRINTER|AMBULANZA|NIEVE|SNOW,23,"Unidad móvil de alta complejidad del servicio 107 de la localidad de Tolhuin, provincia de Tierra del Fuego, extremo sur de la República Argentina."
n02701002_1830.JPEG,n02701002_1830,n02701002,ambulance,ambulance_firetruck,0,0,,,0,
n02701002_1832.JPEG,n02701002_1832,n02701002,ambulance,ambulance_firetruck,0,0,,,0,
n02701002_18342.JPEG,n02701002_18342,n02701002,ambulance,ambulance_firetruck,0,1,,,0,
n02701002_18366.JPEG,n02701002_18366,n02701002,ambulance,ambulance_firetruck,1,0,fiat ducato ambulanza,vigili del fuoco|polizia|ps|carabinieri|prato|firenze|toscana|tuscan|emergenza|mezzi|soccorso|pompieri|protagonisti della sicurezza|santa barbara,14,Croce d'oro Prato
n02701002_1837.JPEG,n02701002_1837,n02701002,ambulance,ambulance_firetruck,1,0,Ambulance,Ambulance|London|England|UK|Europe|Mercedes,6,Really colourful ambulance on streets of London. Oh look its a Mercedes
n02701002_18372.JPEG,n02701002_18372,n02701002,ambulance,ambulance_firetruck,0,1,,,0,
n02701002_1839.JPEG,n02701002_1839,n02701002,ambulance,ambulance_firetruck,0,0,,,0,
n02701002_18480.JPEG,n02701002_18480,n02701002,ambulance,ambulance_firetruck,0,1,,,0,
n02701002_18490.JPEG,n02701002_18490,n02701002,ambulance,ambulance_firetruck,0,0,,,0,
n02701002_18507.JPEG,n02701002_18507,n02701002,ambulance,ambulance_firetruck,0,0,,,0,
n02701002_18508.JPEG,n02701002_18508,n02701002,ambulance,ambulance_firetruck,0,0,,,0,
n02701002_18572.JPEG,n02701002_18572,n02701002,ambulance,ambulance_firetruck,0,0,,,0,
n02701002_18600.JPEG,n02701002_18600,n02701002,ambulance,ambulance_firetruck,1,1,659 Salute & Sport 2008 CRI Alghero,CRI|croce rossa italiana|italia|sardegna|flumene|alghero CRI|estate|ambulanza|soccorso|carabinieri|forze armate|forze dell'ordine|luglio|manifestazione|beneficienza CRI,15,
n02701002_18607.JPEG,n02701002_18607,n02701002,ambulance,ambulance_firetruck,1,1,45,volontariato|emergenza|ambulanza|protezione civile|intervol|soccorritori|sirene|volontari,8,
n02701002_1864.JPEG,n02701002_1864,n02701002,ambulance,ambulance_firetruck,0,0,,,0,
n02701002_18685.JPEG,n02701002_18685,n02701002,ambulance,ambulance_firetruck,0,0,,,0,
n02701002_18691.JPEG,n02701002_18691,n02701002,ambulance,ambulance_firetruck,1,1,Breve Sosta,C2|misericordia catania|ambulanza,3,"Breve sosta in servizio, rientrando verso la sede con la C2"
n02701002_18725.JPEG,n02701002_18725,n02701002,ambulance,ambulance_firetruck,0,0,,,0,
n02701002_1886.JPEG,n02701002_1886,n02701002,ambulance,ambulance_firetruck,0,0,,,0,
n02701002_1895.JPEG,n02701002_1895,n02701002,ambulance,ambulance_firetruck,0,1,,,0,
n02701002_1904.JPEG,n02701002_1904,n02701002,ambulance,ambulance_firetruck,0,0,,,0,
n02701002_1911.JPEG,n02701002_1911,n02701002,ambulance,ambulance_firetruck,0,0,,,0,
n02701002_1914.JPEG,n02701002_1914,n02701002,ambulance,ambulance_firetruck,1,1,W.A.S ambulance.,ambulance|emergency|emt|paramedic|life|112|paramedics|ireland|999|ems|service|bluelight|rescue,13,This is the new emergency ambulance from the German company W.A.S . These units are now the Health Service Executives frontline ambulance for the National Ambulance Service. This is the first one to arrive in ireland (it came off the ferry that morning &amp; drove down to the conference to be shown) The training dept are now writting a manual for its  delivery so every crew member around the country will receive the same training in its use. There is to be approx 50 units for delivery before the end of year &amp; another 50 in the new year.
n02701002_1927.JPEG,n02701002_1927,n02701002,ambulance,ambulance_firetruck,0,0,,,0,
n02701002_1928.JPEG,n02701002_1928,n02701002,ambulance,ambulance_firetruck,1,0,Ford Ambulances,ford|transit|ambulance|EMT|paramedic|ambulancia|van|rescue|spain|barcelona|catalonia,11,"Ford Transit ambulances in Barcelona, Spain."
n02701002_1939.JPEG,n02701002_1939,n02701002,ambulance,ambulance_firetruck,0,1,,,0,
n02701002_1943.JPEG,n02701002_1943,n02701002,ambulance,ambulance_firetruck,0,0,,,0,
n02701002_1955.JPEG,n02701002_1955,n02701002,ambulance,ambulance_firetruck,0,1,,,0,
n02701002_196.JPEG,n02701002_196,n02701002,ambulance,ambulance_firetruck,0,0,,,0,
n02701002_1966.JPEG,n02701002_1966,n02701002,ambulance,ambulance_firetruck,0,0,,,0,
n02701002_197.JPEG,n02701002_197,n02701002,ambulance,ambulance_firetruck,0,0,,,0,
n02701002_1971.JPEG,n02701002_1971,n02701002,ambulance,ambulance_firetruck,0,1,,,0,
n02701002_198.JPEG,n02701002_198,n02701002,ambulance,ambulance_firetruck,0,1,,,0,
n02701002_1987.JPEG,n02701002_1987,n02701002,ambulance,ambulance_firetruck,0,0,,,0,
n02701002_199.JPEG,n02701002_199,n02701002,ambulance,ambulance_firetruck,0,1,,,0,
n02701002_1992.JPEG,n02701002_1992,n02701002,ambulance,ambulance_firetruck,0,1,,,0,
n02701002_1995.JPEG,n02701002_1995,n02701002,ambulance,ambulance_firetruck,0,1,,,0,
n02701002_20.JPEG,n02701002_20,n02701002,ambulance,ambulance_firetruck,0,1,,,0,
n02701002_2001.JPEG,n02701002_2001,n02701002,ambulance,ambulance_firetruck,1,0,Old West Yorkshire ambulance,longservicemedal|sheffield|2007|paramedic|ambulance|YAS|land rover|defender,8,"All now part of Yorkshire Ambulance Service!  I work for Yorkshire Ambulance Service on the RRVs in and around the city of Sheffield in South Yorkshire. It’s a great job and I feel very honoured to be able to help people at their point of need.  Check out the website for all sorts of info re YAS and the work we do. <a href=""http://www.yas.nhs.uk/OurServices/accidentandemergency.html"" rel=""noreferrer nofollow"">www.yas.nhs.uk/OurServices/accidentandemergency.html</a> "
n02701002_2006.JPEG,n02701002_2006,n02701002,ambulance,ambulance_firetruck,0,1,,,0,
n02701002_2011.JPEG,n02701002_2011,n02701002,ambulance,ambulance_firetruck,0,1,,,0,
n02701002_2012.JPEG,n02701002_2012,n02701002,ambulance,ambulance_firetruck,0,0,,,0,
n02701002_2019.JPEG,n02701002_2019,n02701002,ambulance,ambulance_firetruck,0,0,,,0,
n02701002_2021.JPEG,n02701002_2021,n02701002,ambulance,ambulance_firetruck,0,0,,,0,
n02701002_2024.JPEG,n02701002_2024,n02701002,ambulance,ambulance_firetruck,0,0,,,0,
n02701002_2043.JPEG,n02701002_2043,n02701002,ambulance,ambulance_firetruck,0,0,,,0,
n02701002_2056.JPEG,n02701002_2056,n02701002,ambulance,ambulance_firetruck,0,0,,,0,
n02701002_2064.JPEG,n02701002_2064,n02701002,ambulance,ambulance_firetruck,0,0,,,0,
n02701002_2078.JPEG,n02701002_2078,n02701002,ambulance,ambulance_firetruck,1,1,Ambulance,ambulance|auto|car|friesland|fryslan,5,
n02701002_2090.JPEG,n02701002_2090,n02701002,ambulance,ambulance_firetruck,0,1,,,0,
n02701002_2091.JPEG,n02701002_2091,n02701002,ambulance,ambulance_firetruck,0,1,,,0,
n02701002_2097.JPEG,n02701002_2097,n02701002,ambulance,ambulance_firetruck,0,0,,,0,
n02701002_2118.JPEG,n02701002_2118,n02701002,ambulance,ambulance_firetruck,0,0,,,0,
n02701002_212.JPEG,n02701002_212,n02701002,ambulance,ambulance_firetruck,0,0,,,0,
n02701002_2122.JPEG,n02701002_2122,n02701002,ambulance,ambulance_firetruck,1,0,iced ambulance,ambulance|iced|Eis|Vereist|NEF|ELW|Einsatzleitfahrzeug|Rettungsdienst|Notruf|Eiszapfen|Winter,11,&quot;ELW on the rocks&quot;
n02701002_2131.JPEG,n02701002_2131,n02701002,ambulance,ambulance_firetruck,0,0,,,0,
n02701002_2134.JPEG,n02701002_2134,n02701002,ambulance,ambulance_firetruck,1,1,Ambulances on Bedford Ave.,ambulances|fdny|williamsburg,3,
n02701002_2139.JPEG,n02701002_2139,n02701002,ambulance,ambulance_firetruck,0,0,,,0,
n02701002_2140.JPEG,n02701002_2140,n02701002,ambulance,ambulance_firetruck,1,1,Ghost buster Ambulance,Ambulance|mywinners,2,Local version of an old style ambulance out at the Saanich Fair
n02701002_2154.JPEG,n02701002_2154,n02701002,ambulance,ambulance_firetruck,1,1,Ambulance on Hough Lane_03072008 (1),Ambulance|Paramedic|Car|Road|Cars|Parking|Emergency|Medical|Paramedics|Patient|Tameside|Hyde|Cheshire.,13,
n02701002_2157.JPEG,n02701002_2157,n02701002,ambulance,ambulance_firetruck,1,0,Ford Ambulance,valparaiso|chile|Ford|Econoline|ambulance|van|paramedic|eseries|E350,9,"Ford Econoline ambulance in Valparaiso, Chile."
n02701002_2164.JPEG,n02701002_2164,n02701002,ambulance,ambulance_firetruck,0,1,,,0,
n02701002_2166.JPEG,n02701002_2166,n02701002,ambulance,ambulance_firetruck,1,1,Car spotting: Mercedes-Benz 316 CDI Ambulance,car|auto|voiture|fahrzeug|Mercedes|ambulance|mercedes-benz|316 CDI|van|ziekenwagen|ziekenauto|busje,12,"Another shot of this one: <a href=""http://www.flickr.com/photos/govert1970/1544760051"">www.flickr.com/photos/govert1970/1544760051</a>"
n02701002_2177.JPEG,n02701002_2177,n02701002,ambulance,ambulance_firetruck,0,1,,,0,
n02701002_2187.JPEG,n02701002_2187,n02701002,ambulance,ambulance_firetruck,0,1,,,0,
n02701002_2188.JPEG,n02701002_2188,n02701002,ambulance,ambulance_firetruck,0,0,,,0,
n02701002_2194.JPEG,n02701002_2194,n02701002,ambulance,ambulance_firetruck,0,0,,,0,
n02701002_2201.JPEG,n02701002_2201,n02701002,ambulance,ambulance_firetruck,0,0,,,0,
n02701002_2216.JPEG,n02701002_2216,n02701002,ambulance,ambulance_firetruck,0,0,,,0,
n02701002_2218.JPEG,n02701002_2218,n02701002,ambulance,ambulance_firetruck,0,0,,,0,
n02701002_2220.JPEG,n02701002_2220,n02701002,ambulance,ambulance_firetruck,1,1,Bata Ambulance Service - Nash,IWM|Duxford|aviation|museum|aircraft|Bata|ambulance|Nash|East Tilbury,9,
n02701002_2221.JPEG,n02701002_2221,n02701002,ambulance,ambulance_firetruck,1,1,Westcountry Ambulance WA51LFO,wa51|renault|master|ambulance|was|westcountry-ambulance|set382|van,8,  Westcountry Ambulance WA51LFD                                                        
n02701002_2224.JPEG,n02701002_2224,n02701002,ambulance,ambulance_firetruck,0,0,,,0,
n02701002_2225.JPEG,n02701002_2225,n02701002,ambulance,ambulance_firetruck,1,0,57 Chevy Ambulance,vancouver|ambulance|secretsofthecity|57chevy,4,"One of only six 57 chevy ambulances in the world, built by National. Or were there seven...?"
n02701002_2227.JPEG,n02701002_2227,n02701002,ambulance,ambulance_firetruck,0,0,,,0,
n02701002_2229.JPEG,n02701002_2229,n02701002,ambulance,ambulance_firetruck,0,0,,,0,
n02701002_224.JPEG,n02701002_224,n02701002,ambulance,ambulance_firetruck,0,0,,,0,
n02701002_2241.JPEG,n02701002_2241,n02701002,ambulance,ambulance_firetruck,0,0,,,0,
n02701002_2252.JPEG,n02701002_2252,n02701002,ambulance,ambulance_firetruck,0,0,,,0,
n02701002_2256.JPEG,n02701002_2256,n02701002,ambulance,ambulance_firetruck,0,0,,,0,
n02701002_2259.JPEG,n02701002_2259,n02701002,ambulance,ambulance_firetruck,0,0,,,0,
n02701002_2275.JPEG,n02701002_2275,n02701002,ambulance,ambulance_firetruck,0,0,,,0,
n02701002_2280.JPEG,n02701002_2280,n02701002,ambulance,ambulance_firetruck,0,0,,,0,
n02701002_2288.JPEG,n02701002_2288,n02701002,ambulance,ambulance_firetruck,0,0,,,0,
n02701002_2297.JPEG,n02701002_2297,n02701002,ambulance,ambulance_firetruck,0,0,,,0,
n02701002_2299.JPEG,n02701002_2299,n02701002,ambulance,ambulance_firetruck,0,0,,,0,
n02701002_2306.JPEG,n02701002_2306,n02701002,ambulance,ambulance_firetruck,0,0,,,0,
n02701002_2307.JPEG,n02701002_2307,n02701002,ambulance,ambulance_firetruck,1,1,"First World War field ambulance, Wellington, New Zealand, September 2007",ambulance|cbd|wellington|newzealand|2007,5,
n02701002_2311.JPEG,n02701002_2311,n02701002,ambulance,ambulance_firetruck,0,1,,,0,
n02701002_2327.JPEG,n02701002_2327,n02701002,ambulance,ambulance_firetruck,0,0,,,0,
n02701002_2338.JPEG,n02701002_2338,n02701002,ambulance,ambulance_firetruck,0,0,,,0,
n02701002_2343.JPEG,n02701002_2343,n02701002,ambulance,ambulance_firetruck,0,0,,,0,
n02701002_2358.JPEG,n02701002_2358,n02701002,ambulance,ambulance_firetruck,0,0,,,0,
n02701002_2361.JPEG,n02701002_2361,n02701002,ambulance,ambulance_firetruck,0,0,,,0,
n02701002_2381.JPEG,n02701002_2381,n02701002,ambulance,ambulance_firetruck,0,1,,,0,
n02701002_2397.JPEG,n02701002_2397,n02701002,ambulance,ambulance_firetruck,1,1,East of England Ambulance Service AY06JUH,east of england ambulance service|peterborough|ambulance|hpulling|howard pulling|AY06JUH,6,03/05/08. Peterborough.
n02701002_2405.JPEG,n02701002_2405,n02701002,ambulance,ambulance_firetruck,0,0,,,0,
n02701002_2408.JPEG,n02701002_2408,n02701002,ambulance,ambulance_firetruck,0,1,,,0,
n02701002_2413.JPEG,n02701002_2413,n02701002,ambulance,ambulance_firetruck,0,1,,,0,
n02701002_2418.JPEG,n02701002_2418,n02701002,ambulance,ambulance_firetruck,0,0,,,0,
n02701002_2422.JPEG,n02701002_2422,n02701002,ambulance,ambulance_firetruck,0,0,,,0,
n02701002_2425.JPEG,n02701002_2425,n02701002,ambulance,ambulance_firetruck,0,1,,,0,
n02701002_2426.JPEG,n02701002_2426,n02701002,ambulance,ambulance_firetruck,1,0,Rudolph ambulance,ambulance|ebisu,2,The ambulance we saw careening past had a single flashing red nose.
n02701002_2435.JPEG,n02701002_2435,n02701002,ambulance,ambulance_firetruck,0,0,,,0,
n02701002_244.JPEG,n02701002_244,n02701002,ambulance,ambulance_firetruck,0,0,,,0,
n02701002_2447.JPEG,n02701002_2447,n02701002,ambulance,ambulance_firetruck,1,1,Foyle's War Ambulance,1940's Ambulance|Foyle's War|filming|filming Foyle's War,4,Call me an ambulance
n02701002_2449.JPEG,n02701002_2449,n02701002,ambulance,ambulance_firetruck,0,0,,,0,
n02701002_2454.JPEG,n02701002_2454,n02701002,ambulance,ambulance_firetruck,1,1,Ambulance in BANGKOK,BANGKOK|曼谷|泰国|バンコク|タイ|ambulance|救急車|泰國義德善堂,8,
n02701002_246.JPEG,n02701002_246,n02701002,ambulance,ambulance_firetruck,1,0,ambulance praque,ambulance|emergency|ireland|paramedic|emt|medic|rescue|life|ems|paramedics|112,11,"private operator, outside a clinic."
n02701002_2464.JPEG,n02701002_2464,n02701002,ambulance,ambulance_firetruck,0,0,,,0,
n02701002_2470.JPEG,n02701002_2470,n02701002,ambulance,ambulance_firetruck,0,0,,,0,
n02701002_2478.JPEG,n02701002_2478,n02701002,ambulance,ambulance_firetruck,0,0,,,0,
n02701002_248.JPEG,n02701002_248,n02701002,ambulance,ambulance_firetruck,0,0,,,0,
n02701002_2488.JPEG,n02701002_2488,n02701002,ambulance,ambulance_firetruck,0,0,,,0,
n02701002_249.JPEG,n02701002_249,n02701002,ambulance,ambulance_firetruck,0,1,,,0,
n02701002_2492.JPEG,n02701002_2492,n02701002,ambulance,ambulance_firetruck,1,1,Sprinter Ambulance until '07,ambulance|st john|western australia,3,Current last batch of Mercedes Sprinter Ambulances used all around Western Australia before the new Sprinter is delivered.
n02701002_2493.JPEG,n02701002_2493,n02701002,ambulance,ambulance_firetruck,1,0,1979 Chevrolet Van 30 Ambulance,1979|Chevrolet|Van|Ambulance|old van|junkyard|salvage|salvage yard|auto|automobile,10,
n02701002_2503.JPEG,n02701002_2503,n02701002,ambulance,ambulance_firetruck,0,0,,,0,
n02701002_2511.JPEG,n02701002_2511,n02701002,ambulance,ambulance_firetruck,0,0,,,0,
n02701002_255.JPEG,n02701002_255,n02701002,ambulance,ambulance_firetruck,0,0,,,0,
n02701002_2553.JPEG,n02701002_2553,n02701002,ambulance,ambulance_firetruck,0,1,,,0,
n02701002_2565.JPEG,n02701002_2565,n02701002,ambulance,ambulance_firetruck,0,1,,,0,
n02701002_2590.JPEG,n02701002_2590,n02701002,ambulance,ambulance_firetruck,0,0,,,0,
n02701002_2593.JPEG,n02701002_2593,n02701002,ambulance,ambulance_firetruck,0,0,,,0,
n02701002_2616.JPEG,n02701002_2616,n02701002,ambulance,ambulance_firetruck,0,1,,,0,
n02701002_2624.JPEG,n02701002_2624,n02701002,ambulance,ambulance_firetruck,0,0,,,0,
n02701002_2625.JPEG,n02701002_2625,n02701002,ambulance,ambulance_firetruck,0,0,,,0,
n02701002_2628.JPEG,n02701002_2628,n02701002,ambulance,ambulance_firetruck,0,0,,,0,
n02701002_2636.JPEG,n02701002_2636,n02701002,ambulance,ambulance_firetruck,0,1,,,0,
n02701002_2638.JPEG,n02701002_2638,n02701002,ambulance,ambulance_firetruck,0,1,,,0,
n02701002_2639.JPEG,n02701002_2639,n02701002,ambulance,ambulance_firetruck,0,0,,,0,
n02701002_2651.JPEG,n02701002_2651,n02701002,ambulance,ambulance_firetruck,0,1,,,0,
n02701002_2664.JPEG,n02701002_2664,n02701002,ambulance,ambulance_firetruck,0,0,,,0,
n02701002_2683.JPEG,n02701002_2683,n02701002,ambulance,ambulance_firetruck,0,0,,,0,
n02701002_2693.JPEG,n02701002_2693,n02701002,ambulance,ambulance_firetruck,1,0,GMC Ambulance 4500 Diesel,ambulance|mission|gmc|gmfyi|Murrieta|California.,6,Mission Bariatric ambulance. MAV Medical Attack Vehicle.
n02701002_2728.JPEG,n02701002_2728,n02701002,ambulance,ambulance_firetruck,1,1,Ambulance,ambulance|paramedic|ford|econoline|van|emergency|midwood|newyork|nyc|coneyisland|eseries|E350,12,
n02701002_2732.JPEG,n02701002_2732,n02701002,ambulance,ambulance_firetruck,1,1,"Ambulance, Santiago",santiago|chile|Hyundai|military|ambulance|paramedic|EMT|van,8,"A Hyundai military ambulance in Santiago, Chile."
n02701002_274.JPEG,n02701002_274,n02701002,ambulance,ambulance_firetruck,0,0,,,0,
n02701002_2740.JPEG,n02701002_2740,n02701002,ambulance,ambulance_firetruck,0,0,,,0,
n02701002_2741.JPEG,n02701002_2741,n02701002,ambulance,ambulance_firetruck,0,0,,,0,
n02701002_2757.JPEG,n02701002_2757,n02701002,ambulance,ambulance_firetruck,0,0,,,0,
n02701002_2758.JPEG,n02701002_2758,n02701002,ambulance,ambulance_firetruck,0,0,,,0,
n02701002_276.JPEG,n02701002_276,n02701002,ambulance,ambulance_firetruck,1,1,Land Rover Ambulance...,doncaster aeroventure|doncaster|aeroventure|august07|2007|yorkshire|land rover|ambulance,8,Vehicle registration 93 AA 13... Doncaster Aeroventure
n02701002_278.JPEG,n02701002_278,n02701002,ambulance,ambulance_firetruck,0,0,,,0,
n02701002_2780.JPEG,n02701002_2780,n02701002,ambulance,ambulance_firetruck,0,0,,,0,
n02701002_2785.JPEG,n02701002_2785,n02701002,ambulance,ambulance_firetruck,1,1,St John Ambulance Transit 23 July 2005,Ford|Transit|Ambulance|Van|StJohnAmbulance|SJA|NetleyMarsh|White|B133WYE,9,"A very nicely-kept Ford Transit of St John Ambulance, Hampshire.  This vehicle serves as a Contol/Comms unit, and is seen here in that role at the Netley Marsh Steam Fair on 23rd July 2005."
n02701002_2805.JPEG,n02701002_2805,n02701002,ambulance,ambulance_firetruck,0,0,,,0,
n02701002_281.JPEG,n02701002_281,n02701002,ambulance,ambulance_firetruck,1,0,South Western Ambulance WA51LCZ,999|ambulance|reg51|renault|swas|van|nhs|photologged,8,3rd April 2008 Crownhill Plymouth RENAULT MASTER LM39D P/V AMBULANCE 2499cc (2001-10-02) CNG
n02701002_2821.JPEG,n02701002_2821,n02701002,ambulance,ambulance_firetruck,0,1,,,0,
n02701002_2825.JPEG,n02701002_2825,n02701002,ambulance,ambulance_firetruck,0,0,,,0,
n02701002_2832.JPEG,n02701002_2832,n02701002,ambulance,ambulance_firetruck,1,1,ambulance,scavenger hunt 101|sh 46|paramedic|ambulance|amr|american medical response|emergency|medical|services|san mateo|luckykatt,11,sh #46 ambulance
n02701002_2837.JPEG,n02701002_2837,n02701002,ambulance,ambulance_firetruck,0,0,,,0,
n02701002_285.JPEG,n02701002_285,n02701002,ambulance,ambulance_firetruck,0,0,,,0,
n02701002_2863.JPEG,n02701002_2863,n02701002,ambulance,ambulance_firetruck,1,1,Ambulance med kvindelig redder,Ryolf|Falck|ambulance|Lis,4,Vogn 3156 - Lis. Fotograferet fra bussen.
n02701002_2868.JPEG,n02701002_2868,n02701002,ambulance,ambulance_firetruck,0,0,,,0,
n02701002_287.JPEG,n02701002_287,n02701002,ambulance,ambulance_firetruck,0,0,,,0,
n02701002_2872.JPEG,n02701002_2872,n02701002,ambulance,ambulance_firetruck,0,0,,,0,
n02701002_288.JPEG,n02701002_288,n02701002,ambulance,ambulance_firetruck,0,0,,,0,
n02701002_2883.JPEG,n02701002_2883,n02701002,ambulance,ambulance_firetruck,0,0,,,0,
n02701002_2889.JPEG,n02701002_2889,n02701002,ambulance,ambulance_firetruck,1,1,Ford Ambulance,ambulance|medicaltransport|emt|ems|paramedic|rady|childrenshospital|sandiego|ford|eseries|econoline,11,Transport ambulance of Children's Hospital in San Diego.
n02701002_2894.JPEG,n02701002_2894,n02701002,ambulance,ambulance_firetruck,0,0,,,0,
n02701002_290.JPEG,n02701002_290,n02701002,ambulance,ambulance_firetruck,1,1,Ambulance ved Skejby 23/3,Ryolf|ambulance|Falck,3,
n02701002_2907.JPEG,n02701002_2907,n02701002,ambulance,ambulance_firetruck,0,0,,,0,
n02701002_2915.JPEG,n02701002_2915,n02701002,ambulance,ambulance_firetruck,0,0,,,0,
n02701002_2928.JPEG,n02701002_2928,n02701002,ambulance,ambulance_firetruck,1,1,Ambulance Van,emergency|ambulance|sanitka|van|ford|transit|pics|picture|obrazky|fota|fotky|fotka|fotografie|fotografia|photo|photographia|kartinka|obrazek,18,
n02701002_2935.JPEG,n02701002_2935,n02701002,ambulance,ambulance_firetruck,1,0,Amber The Ambulance,ambulance|van|ford|camper|street|towing,6,"Amber the Ambulance. 1989 Ford Econoline E-350, 7.3 Liter engine with ambulance customization package. Purchased with intent to build into camper extroidinaire, to tow Splat's diner, and to run on veggie oil."
n02701002_2936.JPEG,n02701002_2936,n02701002,ambulance,ambulance_firetruck,0,0,,,0,
n02701002_2937.JPEG,n02701002_2937,n02701002,ambulance,ambulance_firetruck,1,1,"GN55VNL E-Zec Renault PTS ambulance - St Mary's, Portsmouth",Ambulance|Portsmouth|Hospital|Van|E-Zec|PTS|Renault|Renault Master,8,"Renault Master patient transport ambulance at St Mary's Hospital, Portsmouth.  This vehicle is operated by E-Zec, a private contractor who operates most of the patient transport vehicles for the NHS in the Portsmouth area"
n02701002_2940.JPEG,n02701002_2940,n02701002,ambulance,ambulance_firetruck,0,0,,,0,
n02701002_2945.JPEG,n02701002_2945,n02701002,ambulance,ambulance_firetruck,1,0,Antique Military Ambulance,wittywd40|2007|anchorage|alaska|july|4th|parade|antique|military|ambulance|vehicle,11,"<a href=""http://www.copyrightauthority.com/copyright-symbol"" rel=""noreferrer nofollow"">Copyright</a>2007  Thomas Leach - All Rights Reserved"
n02701002_2962.JPEG,n02701002_2962,n02701002,ambulance,ambulance_firetruck,0,0,,,0,
n02701002_2968.JPEG,n02701002_2968,n02701002,ambulance,ambulance_firetruck,0,1,,,0,
n02701002_2972.JPEG,n02701002_2972,n02701002,ambulance,ambulance_firetruck,0,0,,,0,
n02701002_2980.JPEG,n02701002_2980,n02701002,ambulance,ambulance_firetruck,1,1,Ambulance Flyby,ambulance|route 108|fast|speed|round home|maine|peru|road|sirens|lights|Creative Commons|medcare|In It for LIFE,13,We get a lot of ambulances going by since there is a nursing home on our road.
n02701002_2982.JPEG,n02701002_2982,n02701002,ambulance,ambulance_firetruck,0,0,,,0,
n02701002_2992.JPEG,n02701002_2992,n02701002,ambulance,ambulance_firetruck,0,0,,,0,
n02701002_3003.JPEG,n02701002_3003,n02701002,ambulance,ambulance_firetruck,1,1,Ambulance,Ambulance|Astwood bank|cancer research,3,"At Relay For Life, for Cancer Research, Astwood Bank"
n02701002_3008.JPEG,n02701002_3008,n02701002,ambulance,ambulance_firetruck,0,1,,,0,
n02701002_3010.JPEG,n02701002_3010,n02701002,ambulance,ambulance_firetruck,0,0,,,0,
n02701002_3016.JPEG,n02701002_3016,n02701002,ambulance,ambulance_firetruck,0,0,,,0,
n02701002_302.JPEG,n02701002_302,n02701002,ambulance,ambulance_firetruck,0,0,,,0,
n02701002_3024.JPEG,n02701002_3024,n02701002,ambulance,ambulance_firetruck,1,0,Plattsmouth Ambulance,Plattsmouth|Ambulance,2,
n02701002_3025.JPEG,n02701002_3025,n02701002,ambulance,ambulance_firetruck,0,1,,,0,
n02701002_3029.JPEG,n02701002_3029,n02701002,ambulance,ambulance_firetruck,1,1,ambulance prague,ambulance|emergency|ireland|paramedic|emt|medic|rescue|life|ems|paramedics|112,11,prague city unit.
n02701002_3031.JPEG,n02701002_3031,n02701002,ambulance,ambulance_firetruck,1,0,Ambulance,Zurich|City|Urban|Ambulance|Emergency|Ambulanz|RTW|Paramedic,8,I'm doing an exposure about drugscene and needed some infos an pictures and I thought I could share some of the pictures here. 
n02701002_3032.JPEG,n02701002_3032,n02701002,ambulance,ambulance_firetruck,0,0,,,0,
n02701002_3040.JPEG,n02701002_3040,n02701002,ambulance,ambulance_firetruck,0,0,,,0,
n02701002_3049.JPEG,n02701002_3049,n02701002,ambulance,ambulance_firetruck,0,0,,,0,
n02701002_3051.JPEG,n02701002_3051,n02701002,ambulance,ambulance_firetruck,0,0,,,0,
n02701002_3053.JPEG,n02701002_3053,n02701002,ambulance,ambulance_firetruck,0,0,,,0,
n02701002_3066.JPEG,n02701002_3066,n02701002,ambulance,ambulance_firetruck,0,0,,,0,
n02701002_3068.JPEG,n02701002_3068,n02701002,ambulance,ambulance_firetruck,0,0,,,0,
n02701002_3082.JPEG,n02701002_3082,n02701002,ambulance,ambulance_firetruck,0,1,,,0,
n02701002_3086.JPEG,n02701002_3086,n02701002,ambulance,ambulance_firetruck,0,0,,,0,
n02701002_3087.JPEG,n02701002_3087,n02701002,ambulance,ambulance_firetruck,0,0,,,0,
n02701002_3094.JPEG,n02701002_3094,n02701002,ambulance,ambulance_firetruck,0,1,,,0,
n02701002_3102.JPEG,n02701002_3102,n02701002,ambulance,ambulance_firetruck,1,0,Ambulance Ford E50 Super Duty,ambulance|mission|ford|Murrieta|California.,5,Mission ambulance. Crusader by Wheeled Coach.
n02701002_3107.JPEG,n02701002_3107,n02701002,ambulance,ambulance_firetruck,0,1,,,0,
n02701002_3112.JPEG,n02701002_3112,n02701002,ambulance,ambulance_firetruck,0,0,,,0,
n02701002_3113.JPEG,n02701002_3113,n02701002,ambulance,ambulance_firetruck,0,0,,,0,
n02701002_3115.JPEG,n02701002_3115,n02701002,ambulance,ambulance_firetruck,0,1,,,0,
n02701002_3118.JPEG,n02701002_3118,n02701002,ambulance,ambulance_firetruck,0,0,,,0,
n02701002_3132.JPEG,n02701002_3132,n02701002,ambulance,ambulance_firetruck,0,0,,,0,
n02701002_3136.JPEG,n02701002_3136,n02701002,ambulance,ambulance_firetruck,0,0,,,0,
n02701002_3138.JPEG,n02701002_3138,n02701002,ambulance,ambulance_firetruck,0,0,,,0,
n02701002_3154.JPEG,n02701002_3154,n02701002,ambulance,ambulance_firetruck,0,0,,,0,
n02701002_3155.JPEG,n02701002_3155,n02701002,ambulance,ambulance_firetruck,0,0,,,0,
n02701002_3156.JPEG,n02701002_3156,n02701002,ambulance,ambulance_firetruck,1,1,DS Ambulance_01,Citroen|DS|Ambulance|Citrorama,4,Citroen DS Ambulance
n02701002_3158.JPEG,n02701002_3158,n02701002,ambulance,ambulance_firetruck,0,1,,,0,
n02701002_316.JPEG,n02701002_316,n02701002,ambulance,ambulance_firetruck,0,0,,,0,
n02701002_3161.JPEG,n02701002_3161,n02701002,ambulance,ambulance_firetruck,1,1,1957 Ford Mainline ambulance,ambulance|ambulance historical society|Victoria|Ford|Mainline|1957|wagon|Customline|Dr. Keats|Chris Keating|Flickr,11,"As you can see, it's not strictly a Mainline at all - it's based on the Customline station wagon body...  OK - for those who are being morons: this vehicle was built in Australia. The Australian model year did not correspond to the US model year. This is the 1957 Australian model. Clear enough?"
n02701002_3165.JPEG,n02701002_3165,n02701002,ambulance,ambulance_firetruck,0,0,,,0,
n02701002_3167.JPEG,n02701002_3167,n02701002,ambulance,ambulance_firetruck,0,0,,,0,
n02701002_3173.JPEG,n02701002_3173,n02701002,ambulance,ambulance_firetruck,1,0,Ambulance Van,emergency|ambulance|sanitka|van|ford|transit|pics|picture|obrazky|fota|fotky|fotka|fotografie|fotografia|photo|photographia|kartinka|obrazek,18,
n02701002_3177.JPEG,n02701002_3177,n02701002,ambulance,ambulance_firetruck,0,0,,,0,
n02701002_3183.JPEG,n02701002_3183,n02701002,ambulance,ambulance_firetruck,0,0,,,0,
n02701002_3185.JPEG,n02701002_3185,n02701002,ambulance,ambulance_firetruck,0,0,,,0,
n02701002_3189.JPEG,n02701002_3189,n02701002,ambulance,ambulance_firetruck,0,1,,,0,
n02701002_3190.JPEG,n02701002_3190,n02701002,ambulance,ambulance_firetruck,1,1,HSE-MW Ambulance 001,Dodge|Angloco|Fire Brigade|Fire Service|Fire Engine|Rescue|EMS|Paramedic|EMT|Irish Ambulance Service|Ambulance Service|Ireland,12,"Dodge-Angloco Rescue Tender, ex-Fire Service, now used by the Ambulance Service Special Incident Unit."
n02701002_3200.JPEG,n02701002_3200,n02701002,ambulance,ambulance_firetruck,0,0,,,0,
n02701002_3201.JPEG,n02701002_3201,n02701002,ambulance,ambulance_firetruck,1,1,South East Coast Ambulance Service,ambulance|surrey|hospital|emergency|nhs,5,"The South East Coast Ambulance Service (SECAmb) is the NHS Ambulance Services Trust for south-eastern England, covering Kent (including Medway), Surrey, West Sussex and East Sussex (including Brighton and Hove). It also covers a part of north-eastern Hampshire around Aldershot.  "
n02701002_3208.JPEG,n02701002_3208,n02701002,ambulance,ambulance_firetruck,0,0,,,0,
n02701002_3209.JPEG,n02701002_3209,n02701002,ambulance,ambulance_firetruck,1,1,Ambulance,Nottingham|Notts|Nottinghamshire|Nottm|ambulance|All Rights Reserved (c) Christine Preedy/melodysparks,6,
n02701002_3210.JPEG,n02701002_3210,n02701002,ambulance,ambulance_firetruck,0,0,,,0,
n02701002_3212.JPEG,n02701002_3212,n02701002,ambulance,ambulance_firetruck,1,1,TCH Ambulance,Texas|Texas Children's Hospital|Houston|June 2008|Kangaroo|Kangaroo Crew|ambulance,7,Even TCH's ambulances were whimsical.
n02701002_3217.JPEG,n02701002_3217,n02701002,ambulance,ambulance_firetruck,1,0,Old Military 101 Ambulance 05,Old|Military|101|Ambulance,4,Old Military 101 Landrover Ambulance at Steam Rally
n02701002_3219.JPEG,n02701002_3219,n02701002,ambulance,ambulance_firetruck,0,0,,,0,
n02701002_322.JPEG,n02701002_322,n02701002,ambulance,ambulance_firetruck,0,0,,,0,
n02701002_3221.JPEG,n02701002_3221,n02701002,ambulance,ambulance_firetruck,0,0,,,0,
n02701002_3223.JPEG,n02701002_3223,n02701002,ambulance,ambulance_firetruck,0,1,,,0,
n02701002_3225.JPEG,n02701002_3225,n02701002,ambulance,ambulance_firetruck,0,0,,,0,
n02701002_3227.JPEG,n02701002_3227,n02701002,ambulance,ambulance_firetruck,0,0,,,0,
n02701002_3231.JPEG,n02701002_3231,n02701002,ambulance,ambulance_firetruck,0,0,,,0,
n02701002_3236.JPEG,n02701002_3236,n02701002,ambulance,ambulance_firetruck,0,0,,,0,
n02701002_3243.JPEG,n02701002_3243,n02701002,ambulance,ambulance_firetruck,1,1,Ford Ambulance Type 3?,Health Central|Ambulance|Florida|America|USA|EMS|Emergency Medical Service|Orlando,8,Health Central Ambulance on stand by.  
n02701002_3251.JPEG,n02701002_3251,n02701002,ambulance,ambulance_firetruck,0,0,,,0,
n02701002_3252.JPEG,n02701002_3252,n02701002,ambulance,ambulance_firetruck,0,0,,,0,
n02701002_3254.JPEG,n02701002_3254,n02701002,ambulance,ambulance_firetruck,0,0,,,0,
n02701002_3255.JPEG,n02701002_3255,n02701002,ambulance,ambulance_firetruck,0,0,,,0,
n02701002_3263.JPEG,n02701002_3263,n02701002,ambulance,ambulance_firetruck,1,0,Fiat Ambulance,fiat|ducato|ambulance|paramedic|EMT|van|redcross|cruzroja|barcelona|spain|catalonia|catalunya|creuroja|ambulancia,14,New Fiat Ducato ambulance of the Spanish Red Cross.
n02701002_3265.JPEG,n02701002_3265,n02701002,ambulance,ambulance_firetruck,0,1,,,0,
n02701002_3266.JPEG,n02701002_3266,n02701002,ambulance,ambulance_firetruck,0,1,,,0,
n02701002_3268.JPEG,n02701002_3268,n02701002,ambulance,ambulance_firetruck,0,1,,,0,
n02701002_3269.JPEG,n02701002_3269,n02701002,ambulance,ambulance_firetruck,0,0,,,0,
n02701002_3276.JPEG,n02701002_3276,n02701002,ambulance,ambulance_firetruck,1,1,"Ambulance / RTW ""Delfis""",innsbruck|notfall|notfallmedizin|medizin|kongress|rettungsdienst|rettung|notfallsymposium|Anästhesie|Intensivmedizin|MUI|rettungswagen|ambulance|rtw|delfis,15,"<a href=""http://www.ambulanzmobile.de/html/rtw-delfis1.html"" rel=""noreferrer nofollow"">Website of the Delfis</a>. Very futuristic, but more design than functionality."
n02701002_3279.JPEG,n02701002_3279,n02701002,ambulance,ambulance_firetruck,0,0,,,0,
n02701002_328.JPEG,n02701002_328,n02701002,ambulance,ambulance_firetruck,0,0,,,0,
n02701002_3292.JPEG,n02701002_3292,n02701002,ambulance,ambulance_firetruck,0,1,,,0,
n02701002_3302.JPEG,n02701002_3302,n02701002,ambulance,ambulance_firetruck,0,0,,,0,
n02701002_3305.JPEG,n02701002_3305,n02701002,ambulance,ambulance_firetruck,0,0,,,0,
n02701002_3310.JPEG,n02701002_3310,n02701002,ambulance,ambulance_firetruck,1,1,Ambulance,sweden|ambulance|mercedes|stockholm|car,5,What did they do to the Mercedes?
n02701002_3315.JPEG,n02701002_3315,n02701002,ambulance,ambulance_firetruck,1,1,Ambulance USA3,Ambulance|RTW|Rettung|Rettungsauto|Schabi|Opawalburger,6,
n02701002_3318.JPEG,n02701002_3318,n02701002,ambulance,ambulance_firetruck,0,0,,,0,
n02701002_3324.JPEG,n02701002_3324,n02701002,ambulance,ambulance_firetruck,0,0,,,0,
n02701002_3326.JPEG,n02701002_3326,n02701002,ambulance,ambulance_firetruck,0,1,,,0,
n02701002_333.JPEG,n02701002_333,n02701002,ambulance,ambulance_firetruck,0,1,,,0,
n02701002_3335.JPEG,n02701002_3335,n02701002,ambulance,ambulance_firetruck,0,1,,,0,
n02701002_3340.JPEG,n02701002_3340,n02701002,ambulance,ambulance_firetruck,0,1,,,0,
n02701002_3346.JPEG,n02701002_3346,n02701002,ambulance,ambulance_firetruck,1,0,Peugeot Ambulance,france|nice|peugeot|ambulance|paramedic,5,"Peugeot ambulance on Rue de Cronstadt in Nice, right around the corner from our hotel."
n02701002_3348.JPEG,n02701002_3348,n02701002,ambulance,ambulance_firetruck,0,0,,,0,
n02701002_3349.JPEG,n02701002_3349,n02701002,ambulance,ambulance_firetruck,0,0,,,0,
n02701002_336.JPEG,n02701002_336,n02701002,ambulance,ambulance_firetruck,0,0,,,0,
n02701002_3361.JPEG,n02701002_3361,n02701002,ambulance,ambulance_firetruck,0,1,,,0,
n02701002_3372.JPEG,n02701002_3372,n02701002,ambulance,ambulance_firetruck,0,1,,,0,
n02701002_3379.JPEG,n02701002_3379,n02701002,ambulance,ambulance_firetruck,0,0,,,0,
n02701002_3381.JPEG,n02701002_3381,n02701002,ambulance,ambulance_firetruck,0,1,,,0,
n02701002_3387.JPEG,n02701002_3387,n02701002,ambulance,ambulance_firetruck,0,0,,,0,
n02701002_3389.JPEG,n02701002_3389,n02701002,ambulance,ambulance_firetruck,0,0,,,0,
n02701002_3391.JPEG,n02701002_3391,n02701002,ambulance,ambulance_firetruck,0,0,,,0,
n02701002_3397.JPEG,n02701002_3397,n02701002,ambulance,ambulance_firetruck,0,0,,,0,
n02701002_340.JPEG,n02701002_340,n02701002,ambulance,ambulance_firetruck,0,0,,,0,
n02701002_3402.JPEG,n02701002_3402,n02701002,ambulance,ambulance_firetruck,1,0,Free Ambulance,Ambulance|Automobile|Free,3,The paramedics abandoned it in the street while looking for somebody to save.
n02701002_3405.JPEG,n02701002_3405,n02701002,ambulance,ambulance_firetruck,0,0,,,0,
n02701002_3406.JPEG,n02701002_3406,n02701002,ambulance,ambulance_firetruck,0,1,,,0,
n02701002_3409.JPEG,n02701002_3409,n02701002,ambulance,ambulance_firetruck,0,1,,,0,
n02701002_3420.JPEG,n02701002_3420,n02701002,ambulance,ambulance_firetruck,0,1,,,0,
n02701002_3423.JPEG,n02701002_3423,n02701002,ambulance,ambulance_firetruck,0,0,,,0,
n02701002_3428.JPEG,n02701002_3428,n02701002,ambulance,ambulance_firetruck,0,0,,,0,
n02701002_3434.JPEG,n02701002_3434,n02701002,ambulance,ambulance_firetruck,0,0,,,0,
n02701002_3436.JPEG,n02701002_3436,n02701002,ambulance,ambulance_firetruck,0,0,,,0,
n02701002_3441.JPEG,n02701002_3441,n02701002,ambulance,ambulance_firetruck,1,1,"tram, bus, ambulance",tram|bus|ambulance|traffic|day|roof|building|Novi Zagreb|Zagreb|city|Croatia,11,
n02701002_3457.JPEG,n02701002_3457,n02701002,ambulance,ambulance_firetruck,0,0,,,0,
n02701002_3461.JPEG,n02701002_3461,n02701002,ambulance,ambulance_firetruck,0,0,,,0,
n02701002_3463.JPEG,n02701002_3463,n02701002,ambulance,ambulance_firetruck,0,0,,,0,
n02701002_3466.JPEG,n02701002_3466,n02701002,ambulance,ambulance_firetruck,1,0,Queensland ambulance F series,Queensland|ambulance|Ford|F350|paramedic|australia,6,Ambulance modular body on a Ford F350 chassis. 7.3 litre turbo diesel. There's an error with the signwriting above the side window-says AMBULANCE QUEENSLAND SERVICE instead of QUEENSLAND AMBULANCE SERVICE-oops!
n02701002_3469.JPEG,n02701002_3469,n02701002,ambulance,ambulance_firetruck,0,0,,,0,
n02701002_3479.JPEG,n02701002_3479,n02701002,ambulance,ambulance_firetruck,1,0,1953 USAF DODGE-AMBULANCE,ambulance|doge|ems|usaf|old ambulance|rettung|opawalburger|schabi,8,
n02701002_3480.JPEG,n02701002_3480,n02701002,ambulance,ambulance_firetruck,0,0,,,0,
n02701002_3481.JPEG,n02701002_3481,n02701002,ambulance,ambulance_firetruck,0,0,,,0,
n02701002_3486.JPEG,n02701002_3486,n02701002,ambulance,ambulance_firetruck,0,0,,,0,
n02701002_3500.JPEG,n02701002_3500,n02701002,ambulance,ambulance_firetruck,1,1,Ambulance,fire department|ambulance|newport News,3,"I posted a photo of a passing ambulance a few weeks back - and Mad Mummy told me how it compared to ones in the town she lived in in England.  So today (3/23/06) I walked over to the Fire Depart ment and asked If I could have a photo of there ambulance.  They not only said yes, but they pulled it out so I could get better photos and parked it next to the Capt. SUV for size comparision (in another shot)."
n02701002_3508.JPEG,n02701002_3508,n02701002,ambulance,ambulance_firetruck,0,0,,,0,
n02701002_351.JPEG,n02701002_351,n02701002,ambulance,ambulance_firetruck,0,0,,,0,
n02701002_3514.JPEG,n02701002_3514,n02701002,ambulance,ambulance_firetruck,0,0,,,0,
n02701002_3517.JPEG,n02701002_3517,n02701002,ambulance,ambulance_firetruck,1,1,NTS Ambulance,NTS Ambulance,1,
n02701002_3522.JPEG,n02701002_3522,n02701002,ambulance,ambulance_firetruck,0,0,,,0,
n02701002_3528.JPEG,n02701002_3528,n02701002,ambulance,ambulance_firetruck,1,1,ambulance_HDR_1,hdr|ems|pafford|ambulance|paramedic|emt,6,
n02701002_353.JPEG,n02701002_353,n02701002,ambulance,ambulance_firetruck,0,0,,,0,
n02701002_3530.JPEG,n02701002_3530,n02701002,ambulance,ambulance_firetruck,0,0,,,0,
n02701002_3533.JPEG,n02701002_3533,n02701002,ambulance,ambulance_firetruck,0,0,,,0,
n02701002_354.JPEG,n02701002_354,n02701002,ambulance,ambulance_firetruck,0,0,,,0,
n02701002_3542.JPEG,n02701002_3542,n02701002,ambulance,ambulance_firetruck,1,0,St. John Ambulance at London Pride 05/07/2008,St. John Ambulance|SJA|London Pride,3,"St. John Ambulance, Crusader Ambulance with black and whote balloons ready to set off on the London Pride Parade"
n02701002_3543.JPEG,n02701002_3543,n02701002,ambulance,ambulance_firetruck,0,1,,,0,
n02701002_3549.JPEG,n02701002_3549,n02701002,ambulance,ambulance_firetruck,0,1,,,0,
n02701002_3553.JPEG,n02701002_3553,n02701002,ambulance,ambulance_firetruck,0,1,,,0,
n02701002_3559.JPEG,n02701002_3559,n02701002,ambulance,ambulance_firetruck,1,0,1942 Chevrolet ambulance,ambulance|ambulance historical society|Victoria|1942|Dr. Keats|Chris Keating|Flickr,7,Victoria's ambulance services also used the occasional Chev; this '42 is one of the earlier examples.
n02701002_356.JPEG,n02701002_356,n02701002,ambulance,ambulance_firetruck,0,0,,,0,
n02701002_3561.JPEG,n02701002_3561,n02701002,ambulance,ambulance_firetruck,0,1,,,0,
n02701002_3563.JPEG,n02701002_3563,n02701002,ambulance,ambulance_firetruck,1,1,Stockholm Ambulance,ambulance|paramedic|EMT|wolkswagen|transporter|stockholm|sweden|scandinavia,8,
n02701002_3564.JPEG,n02701002_3564,n02701002,ambulance,ambulance_firetruck,0,0,,,0,
n02701002_3572.JPEG,n02701002_3572,n02701002,ambulance,ambulance_firetruck,0,0,,,0,
n02701002_3573.JPEG,n02701002_3573,n02701002,ambulance,ambulance_firetruck,0,0,,,0,
n02701002_3579.JPEG,n02701002_3579,n02701002,ambulance,ambulance_firetruck,0,0,,,0,
n02701002_3584.JPEG,n02701002_3584,n02701002,ambulance,ambulance_firetruck,0,0,,,0,
n02701002_3592.JPEG,n02701002_3592,n02701002,ambulance,ambulance_firetruck,0,0,,,0,
n02701002_3598.JPEG,n02701002_3598,n02701002,ambulance,ambulance_firetruck,0,0,,,0,
n02701002_3599.JPEG,n02701002_3599,n02701002,ambulance,ambulance_firetruck,1,0,VW Transporter Ambulance,madrid|spain|ambulance|EMT|paramedic|ambulancia|van|vw|volkswagen|transporter|caravelle,11,
n02701002_3601.JPEG,n02701002_3601,n02701002,ambulance,ambulance_firetruck,0,1,,,0,
n02701002_3608.JPEG,n02701002_3608,n02701002,ambulance,ambulance_firetruck,0,0,,,0,
n02701002_3612.JPEG,n02701002_3612,n02701002,ambulance,ambulance_firetruck,1,1,Emergency,ambulance|emergency|emergency vehicle|first aid,4,
n02701002_3615.JPEG,n02701002_3615,n02701002,ambulance,ambulance_firetruck,0,0,,,0,
n02701002_3616.JPEG,n02701002_3616,n02701002,ambulance,ambulance_firetruck,0,0,,,0,
n02701002_3629.JPEG,n02701002_3629,n02701002,ambulance,ambulance_firetruck,1,0,Cairns Ambulance ~ <,cairns|queensland|australia|vehicle|ambulance|emergency|transport|psv|passenger|All types of transport,10,
n02701002_3632.JPEG,n02701002_3632,n02701002,ambulance,ambulance_firetruck,0,1,,,0,
n02701002_3633.JPEG,n02701002_3633,n02701002,ambulance,ambulance_firetruck,0,0,,,0,
n02701002_3639.JPEG,n02701002_3639,n02701002,ambulance,ambulance_firetruck,0,0,,,0,
n02701002_3644.JPEG,n02701002_3644,n02701002,ambulance,ambulance_firetruck,1,1,Yorkshire Ambulance Service YS51FYE,ambulance|doncaster|yorkshire|renault|hpulling|howard pulling,6,13/02/08. Doncaster town centre.
n02701002_3646.JPEG,n02701002_3646,n02701002,ambulance,ambulance_firetruck,0,1,,,0,
n02701002_3660.JPEG,n02701002_3660,n02701002,ambulance,ambulance_firetruck,0,0,,,0,
n02701002_3664.JPEG,n02701002_3664,n02701002,ambulance,ambulance_firetruck,0,0,,,0,
n02701002_3665.JPEG,n02701002_3665,n02701002,ambulance,ambulance_firetruck,0,0,,,0,
n02701002_3668.JPEG,n02701002_3668,n02701002,ambulance,ambulance_firetruck,1,1,69 Pontiac Bonneville Ambulance,vancouver|ambulance|secretsofthecity,3,
n02701002_3669.JPEG,n02701002_3669,n02701002,ambulance,ambulance_firetruck,0,0,,,0,
n02701002_3672.JPEG,n02701002_3672,n02701002,ambulance,ambulance_firetruck,0,0,,,0,
n02701002_3673.JPEG,n02701002_3673,n02701002,ambulance,ambulance_firetruck,1,1,Mercedes Ambulance,Ambulance|Canon|400|digital|Rebel,5,
n02701002_3674.JPEG,n02701002_3674,n02701002,ambulance,ambulance_firetruck,1,0,nablus - ambulance,palestine|ambulance,2,ambulance seen at al-huwwara checkpoint south of the westbank city of nablus.  please note that it is not allowed to take your rifle inside...
n02701002_368.JPEG,n02701002_368,n02701002,ambulance,ambulance_firetruck,0,0,,,0,
n02701002_3680.JPEG,n02701002_3680,n02701002,ambulance,ambulance_firetruck,0,0,,,0,
n02701002_3682.JPEG,n02701002_3682,n02701002,ambulance,ambulance_firetruck,1,1,Old Ambulance,Toronto|Canada|old|ambulance|car|parade,6,"Old ambulances looked kinda like hearses, not very optimistic"
n02701002_369.JPEG,n02701002_369,n02701002,ambulance,ambulance_firetruck,0,0,,,0,
n02701002_3690.JPEG,n02701002_3690,n02701002,ambulance,ambulance_firetruck,0,0,,,0,
n02701002_3694.JPEG,n02701002_3694,n02701002,ambulance,ambulance_firetruck,0,0,,,0,
n02701002_3698.JPEG,n02701002_3698,n02701002,ambulance,ambulance_firetruck,0,0,,,0,
n02701002_37.JPEG,n02701002_37,n02701002,ambulance,ambulance_firetruck,0,1,,,0,
n02701002_3700.JPEG,n02701002_3700,n02701002,ambulance,ambulance_firetruck,0,0,,,0,
n02701002_3705.JPEG,n02701002_3705,n02701002,ambulance,ambulance_firetruck,1,0,Ford Ambulance,ford|transit|ambulance|paramedic|EMT|van|barcelona|spain|catalonia|catalunya,10,"New Ford Transit ambulance in Barcelona, Spain."
n02701002_3713.JPEG,n02701002_3713,n02701002,ambulance,ambulance_firetruck,0,0,,,0,
n02701002_3717.JPEG,n02701002_3717,n02701002,ambulance,ambulance_firetruck,0,0,,,0,
n02701002_3719.JPEG,n02701002_3719,n02701002,ambulance,ambulance_firetruck,0,0,,,0,
n02701002_3729.JPEG,n02701002_3729,n02701002,ambulance,ambulance_firetruck,0,0,,,0,
n02701002_373.JPEG,n02701002_373,n02701002,ambulance,ambulance_firetruck,0,0,,,0,
n02701002_3735.JPEG,n02701002_3735,n02701002,ambulance,ambulance_firetruck,0,1,,,0,
n02701002_3744.JPEG,n02701002_3744,n02701002,ambulance,ambulance_firetruck,0,0,,,0,
n02701002_3755.JPEG,n02701002_3755,n02701002,ambulance,ambulance_firetruck,0,1,,,0,
n02701002_3759.JPEG,n02701002_3759,n02701002,ambulance,ambulance_firetruck,0,0,,,0,
n02701002_3762.JPEG,n02701002_3762,n02701002,ambulance,ambulance_firetruck,0,0,,,0,
n02701002_3768.JPEG,n02701002_3768,n02701002,ambulance,ambulance_firetruck,0,1,,,0,
n02701002_3776.JPEG,n02701002_3776,n02701002,ambulance,ambulance_firetruck,0,1,,,0,
n02701002_3783.JPEG,n02701002_3783,n02701002,ambulance,ambulance_firetruck,1,1,Yorkshire Ambulance,malton|north|yorkshire|ambulance|service|nhs|trust|emergency|british|united|kingdom|great|britain|england|ems|medical|national|health,18,"Finally a photo of an ambulance promised long ago to ambulance observers Jay911 and MikeJillJessicaTomLee! More to come... hehe  After Castle Howard, I was in no rush to get back to York right away, and decided to explore Malton a little. Then I came across this Yorkshire ambulance."
n02701002_3789.JPEG,n02701002_3789,n02701002,ambulance,ambulance_firetruck,0,0,,,0,
n02701002_3798.JPEG,n02701002_3798,n02701002,ambulance,ambulance_firetruck,1,1,Dublin airport fire service ambulance.,ambulance|emergency|emt|paramedic|life|112|paramedics|ireland|999|ems|service|bluelight,12,"aer rainta (airport authority)  ambulance."
n02701002_3801.JPEG,n02701002_3801,n02701002,ambulance,ambulance_firetruck,0,0,,,0,
n02701002_3806.JPEG,n02701002_3806,n02701002,ambulance,ambulance_firetruck,1,1,Dodge Ambulance,France|Loiret|45|Saran|Car|Automobile|Vehicle|Voiture|Véhicule|American Car|Classic Car|Military|Ambulance|Dodge|WC-54|Historical|Centre|Région Centre,18,I think it's a Dodge WC-54 ambulance
n02701002_381.JPEG,n02701002_381,n02701002,ambulance,ambulance_firetruck,0,0,,,0,
n02701002_3827.JPEG,n02701002_3827,n02701002,ambulance,ambulance_firetruck,0,0,,,0,
n02701002_383.JPEG,n02701002_383,n02701002,ambulance,ambulance_firetruck,0,0,,,0,
n02701002_3830.JPEG,n02701002_3830,n02701002,ambulance,ambulance_firetruck,1,1,Pillow Fight Fight playing in an ambulance,HighJinx|ambulance|band|show|impromptu|surprise|open|music|punk|outside|pillowfightfight,11,"ambulance band HighJinx. More: <a href=""http://www.flickr.com/photos/zombie37/1480563444/"">www.flickr.com/photos/zombie37/1480563444/</a>"
n02701002_3833.JPEG,n02701002_3833,n02701002,ambulance,ambulance_firetruck,0,1,,,0,
n02701002_3846.JPEG,n02701002_3846,n02701002,ambulance,ambulance_firetruck,0,1,,,0,
n02701002_3850.JPEG,n02701002_3850,n02701002,ambulance,ambulance_firetruck,0,1,,,0,
n02701002_3855.JPEG,n02701002_3855,n02701002,ambulance,ambulance_firetruck,0,0,,,0,
n02701002_3857.JPEG,n02701002_3857,n02701002,ambulance,ambulance_firetruck,0,0,,,0,
n02701002_3858.JPEG,n02701002_3858,n02701002,ambulance,ambulance_firetruck,0,0,,,0,
n02701002_3862.JPEG,n02701002_3862,n02701002,ambulance,ambulance_firetruck,0,0,,,0,
n02701002_3863.JPEG,n02701002_3863,n02701002,ambulance,ambulance_firetruck,0,0,,,0,
n02701002_3866.JPEG,n02701002_3866,n02701002,ambulance,ambulance_firetruck,0,0,,,0,
n02701002_3869.JPEG,n02701002_3869,n02701002,ambulance,ambulance_firetruck,0,0,,,0,
n02701002_3872.JPEG,n02701002_3872,n02701002,ambulance,ambulance_firetruck,0,0,,,0,
n02701002_3874.JPEG,n02701002_3874,n02701002,ambulance,ambulance_firetruck,0,0,,,0,
n02701002_3884.JPEG,n02701002_3884,n02701002,ambulance,ambulance_firetruck,0,0,,,0,
n02701002_3895.JPEG,n02701002_3895,n02701002,ambulance,ambulance_firetruck,0,0,,,0,
n02701002_3897.JPEG,n02701002_3897,n02701002,ambulance,ambulance_firetruck,0,0,,,0,
n02701002_3898.JPEG,n02701002_3898,n02701002,ambulance,ambulance_firetruck,0,0,,,0,
n02701002_390.JPEG,n02701002_390,n02701002,ambulance,ambulance_firetruck,0,1,,,0,
n02701002_3902.JPEG,n02701002_3902,n02701002,ambulance,ambulance_firetruck,0,0,,,0,
n02701002_3904.JPEG,n02701002_3904,n02701002,ambulance,ambulance_firetruck,0,0,,,0,
n02701002_3906.JPEG,n02701002_3906,n02701002,ambulance,ambulance_firetruck,0,1,,,0,
n02701002_3907.JPEG,n02701002_3907,n02701002,ambulance,ambulance_firetruck,0,0,,,0,
n02701002_3912.JPEG,n02701002_3912,n02701002,ambulance,ambulance_firetruck,0,0,,,0,
n02701002_3925.JPEG,n02701002_3925,n02701002,ambulance,ambulance_firetruck,0,1,,,0,
n02701002_3927.JPEG,n02701002_3927,n02701002,ambulance,ambulance_firetruck,0,0,,,0,
n02701002_3932.JPEG,n02701002_3932,n02701002,ambulance,ambulance_firetruck,0,0,,,0,
n02701002_3934.JPEG,n02701002_3934,n02701002,ambulance,ambulance_firetruck,0,0,,,0,
n02701002_3940.JPEG,n02701002_3940,n02701002,ambulance,ambulance_firetruck,1,1,Ambulance 001,ambulance,1,A visit by the ambulance during safety week when I taught preschool.
n02701002_3941.JPEG,n02701002_3941,n02701002,ambulance,ambulance_firetruck,0,0,,,0,
n02701002_3943.JPEG,n02701002_3943,n02701002,ambulance,ambulance_firetruck,0,1,,,0,
n02701002_3950.JPEG,n02701002_3950,n02701002,ambulance,ambulance_firetruck,1,0,Air Ambulance-4,Air Ambulance|Helicopter|ornge medical transport|Toronto|London|Sigma 70-300 f4-56 APO|Sigma|Pentax|pentax K100D|Pentax K10D|photo|photos|image|images,14,While inspecting the roof of a 30 story condo both the air medical transport and air ambulance went overhead. Having the camera with the 70-300 and the 2x converter allowed what I think are reasonable shots of the helicopters. 
n02701002_3952.JPEG,n02701002_3952,n02701002,ambulance,ambulance_firetruck,0,0,,,0,
n02701002_3953.JPEG,n02701002_3953,n02701002,ambulance,ambulance_firetruck,0,1,,,0,
n02701002_3955.JPEG,n02701002_3955,n02701002,ambulance,ambulance_firetruck,0,0,,,0,
n02701002_396.JPEG,n02701002_396,n02701002,ambulance,ambulance_firetruck,0,0,,,0,
n02701002_3966.JPEG,n02701002_3966,n02701002,ambulance,ambulance_firetruck,0,0,,,0,
n02701002_3975.JPEG,n02701002_3975,n02701002,ambulance,ambulance_firetruck,0,1,,,0,
n02701002_3978.JPEG,n02701002_3978,n02701002,ambulance,ambulance_firetruck,0,0,,,0,
n02701002_3979.JPEG,n02701002_3979,n02701002,ambulance,ambulance_firetruck,0,0,,,0,
n02701002_3985.JPEG,n02701002_3985,n02701002,ambulance,ambulance_firetruck,0,0,,,0,
n02701002_3987.JPEG,n02701002_3987,n02701002,ambulance,ambulance_firetruck,0,0,,,0,
n02701002_3989.JPEG,n02701002_3989,n02701002,ambulance,ambulance_firetruck,0,0,,,0,
n02701002_3993.JPEG,n02701002_3993,n02701002,ambulance,ambulance_firetruck,1,1,Ambulance Leavenworth Washington,Ambulance|Paramedic|Emergency|Vehicle|911|Medic|Firstaid,7,
n02701002_3996.JPEG,n02701002_3996,n02701002,ambulance,ambulance_firetruck,0,1,,,0,
n02701002_3999.JPEG,n02701002_3999,n02701002,ambulance,ambulance_firetruck,0,0,,,0,
n02701002_4009.JPEG,n02701002_4009,n02701002,ambulance,ambulance_firetruck,0,0,,,0,
n02701002_4010.JPEG,n02701002_4010,n02701002,ambulance,ambulance_firetruck,1,0,South Western Ambulance WX06UVA,ambulance|mercedes|wx06|swas|plymouth|van|reg06|nhs|999|photologged,10,MERCEDES SPRINTER 416 CDI C/C AMBULANCE 2686cc (07/06/2006) DIESEL  New ambulances operated by South Western Ambulance Service Plymouth
n02701002_4016.JPEG,n02701002_4016,n02701002,ambulance,ambulance_firetruck,0,0,,,0,
n02701002_4024.JPEG,n02701002_4024,n02701002,ambulance,ambulance_firetruck,1,1,Monmouth Junction First Aid Squad - Ambulance - A53,ambulance|mjfas|monmouth|junction|first|aid|squad|monmouth junction first aid squad|monmouthjunction|firstaid|south|brunswick|southbrunswick|dayton|freightliner,15,
n02701002_4027.JPEG,n02701002_4027,n02701002,ambulance,ambulance_firetruck,1,1,Antique Ambulance,alaska|palmer|2007|wittywd40|ambulance|antique|auto,7,
n02701002_4030.JPEG,n02701002_4030,n02701002,ambulance,ambulance_firetruck,0,0,,,0,
n02701002_4031.JPEG,n02701002_4031,n02701002,ambulance,ambulance_firetruck,0,0,,,0,
n02701002_4032.JPEG,n02701002_4032,n02701002,ambulance,ambulance_firetruck,0,0,,,0,
n02701002_4033.JPEG,n02701002_4033,n02701002,ambulance,ambulance_firetruck,0,1,,,0,
n02701002_4038.JPEG,n02701002_4038,n02701002,ambulance,ambulance_firetruck,0,0,,,0,
n02701002_4045.JPEG,n02701002_4045,n02701002,ambulance,ambulance_firetruck,0,0,,,0,
n02701002_4047.JPEG,n02701002_4047,n02701002,ambulance,ambulance_firetruck,0,1,,,0,
n02701002_4048.JPEG,n02701002_4048,n02701002,ambulance,ambulance_firetruck,0,0,,,0,
n02701002_4062.JPEG,n02701002_4062,n02701002,ambulance,ambulance_firetruck,0,0,,,0,
n02701002_4063.JPEG,n02701002_4063,n02701002,ambulance,ambulance_firetruck,0,0,,,0,
n02701002_4065.JPEG,n02701002_4065,n02701002,ambulance,ambulance_firetruck,0,0,,,0,
n02701002_4071.JPEG,n02701002_4071,n02701002,ambulance,ambulance_firetruck,0,0,,,0,
n02701002_4073.JPEG,n02701002_4073,n02701002,ambulance,ambulance_firetruck,0,0,,,0,
n02701002_4074.JPEG,n02701002_4074,n02701002,ambulance,ambulance_firetruck,0,0,,,0,
n02701002_4092.JPEG,n02701002_4092,n02701002,ambulance,ambulance_firetruck,1,1,Ambulance Needs an Ambulance,san diego|ambulance|tow|repair|garage,5,San Diego.
n02701002_4095.JPEG,n02701002_4095,n02701002,ambulance,ambulance_firetruck,0,1,,,0,
n02701002_4108.JPEG,n02701002_4108,n02701002,ambulance,ambulance_firetruck,0,1,,,0,
n02701002_4112.JPEG,n02701002_4112,n02701002,ambulance,ambulance_firetruck,1,1,FDNY Ambulance,FDNY|Ambulance|New|York|America,5,FDNY Ambulance Parked in  New York Feb 07 taken with Picture Phone
n02701002_4121.JPEG,n02701002_4121,n02701002,ambulance,ambulance_firetruck,1,1,1973 Oldsmobile 98 - Ambulance,Didsbury Show & Shine|show and shine|Oldsmobile|automobile|ambulance|emergency|looking up|carshow|chrome|wheels|classic|rescue|1973|car,14,(Didsbury Show &amp; Shine)
n02701002_4125.JPEG,n02701002_4125,n02701002,ambulance,ambulance_firetruck,0,1,,,0,
n02701002_4127.JPEG,n02701002_4127,n02701002,ambulance,ambulance_firetruck,0,1,,,0,
n02701002_4128.JPEG,n02701002_4128,n02701002,ambulance,ambulance_firetruck,0,1,,,0,
n02701002_4129.JPEG,n02701002_4129,n02701002,ambulance,ambulance_firetruck,0,1,,,0,
n02701002_4139.JPEG,n02701002_4139,n02701002,ambulance,ambulance_firetruck,0,1,,,0,
n02701002_4148.JPEG,n02701002_4148,n02701002,ambulance,ambulance_firetruck,0,0,,,0,
n02701002_4150.JPEG,n02701002_4150,n02701002,ambulance,ambulance_firetruck,0,0,,,0,
n02701002_4152.JPEG,n02701002_4152,n02701002,ambulance,ambulance_firetruck,0,0,,,0,
n02701002_4155.JPEG,n02701002_4155,n02701002,ambulance,ambulance_firetruck,0,0,,,0,
n02701002_4158.JPEG,n02701002_4158,n02701002,ambulance,ambulance_firetruck,0,0,,,0,
n02701002_4171.JPEG,n02701002_4171,n02701002,ambulance,ambulance_firetruck,0,1,,,0,
n02701002_4174.JPEG,n02701002_4174,n02701002,ambulance,ambulance_firetruck,0,1,,,0,
n02701002_4178.JPEG,n02701002_4178,n02701002,ambulance,ambulance_firetruck,1,0,Ambulance please...,edinburgh|ambulance|road|traffic|castle|holga|lomo|120|colour|fuji|400 ISO|push-processed|Alexis Peace Hall|Photo|Photography|alexis hall|Travel|Tourism,18,
n02701002_4186.JPEG,n02701002_4186,n02701002,ambulance,ambulance_firetruck,0,0,,,0,
n02701002_4194.JPEG,n02701002_4194,n02701002,ambulance,ambulance_firetruck,0,1,,,0,
n02701002_4198.JPEG,n02701002_4198,n02701002,ambulance,ambulance_firetruck,0,0,,,0,
n02701002_4203.JPEG,n02701002_4203,n02701002,ambulance,ambulance_firetruck,0,0,,,0,
n02701002_421.JPEG,n02701002_421,n02701002,ambulance,ambulance_firetruck,0,0,,,0,
n02701002_4212.JPEG,n02701002_4212,n02701002,ambulance,ambulance_firetruck,0,0,,,0,
n02701002_4219.JPEG,n02701002_4219,n02701002,ambulance,ambulance_firetruck,0,0,,,0,
n02701002_4221.JPEG,n02701002_4221,n02701002,ambulance,ambulance_firetruck,0,0,,,0,
n02701002_4223.JPEG,n02701002_4223,n02701002,ambulance,ambulance_firetruck,0,0,,,0,
n02701002_4229.JPEG,n02701002_4229,n02701002,ambulance,ambulance_firetruck,0,1,,,0,
n02701002_4231.JPEG,n02701002_4231,n02701002,ambulance,ambulance_firetruck,1,1,Citroen Ambulance,madrid|spain|ambulance|EMT|paramedic|ambulancia|van|citroen|jumper|Citroën Jumper pelo Mundo,10,
n02701002_4234.JPEG,n02701002_4234,n02701002,ambulance,ambulance_firetruck,1,1,"2008 Ambulance, I Mean 1973!",999|Ambulance,2,<i>Photoshoot for Ambulance service</i>
n02701002_4241.JPEG,n02701002_4241,n02701002,ambulance,ambulance_firetruck,0,0,,,0,
n02701002_4252.JPEG,n02701002_4252,n02701002,ambulance,ambulance_firetruck,0,0,,,0,
n02701002_4262.JPEG,n02701002_4262,n02701002,ambulance,ambulance_firetruck,0,0,,,0,
n02701002_4264.JPEG,n02701002_4264,n02701002,ambulance,ambulance_firetruck,0,0,,,0,
n02701002_4266.JPEG,n02701002_4266,n02701002,ambulance,ambulance_firetruck,0,1,,,0,
n02701002_4274.JPEG,n02701002_4274,n02701002,ambulance,ambulance_firetruck,0,0,,,0,
n02701002_4276.JPEG,n02701002_4276,n02701002,ambulance,ambulance_firetruck,1,0,W.A.S ambulance.,ambulance|emergency|emt|paramedic|life|112|paramedics|ireland|999|ems|service|bluelight|rescue,13,This is the new emergency ambulance from the German company W.A.S . These units are now the Health Service Executives frontline ambulance for the National Ambulance Service. This is the first one to arrive in ireland (it came off the ferry that morning &amp; drove down to the conference to be shown) The training dept are now writting a manual for its  delivery so every crew member around the country will receive the same training in its use. There is to be approx 50 units for delivery before the end of year &amp; another 50 in the new year.
n02701002_4279.JPEG,n02701002_4279,n02701002,ambulance,ambulance_firetruck,0,1,,,0,
n02701002_4286.JPEG,n02701002_4286,n02701002,ambulance,ambulance_firetruck,0,0,,,0,
n02701002_4287.JPEG,n02701002_4287,n02701002,ambulance,ambulance_firetruck,0,0,,,0,
n02701002_4289.JPEG,n02701002_4289,n02701002,ambulance,ambulance_firetruck,0,0,,,0,
n02701002_4296.JPEG,n02701002_4296,n02701002,ambulance,ambulance_firetruck,0,0,,,0,
n02701002_4299.JPEG,n02701002_4299,n02701002,ambulance,ambulance_firetruck,0,0,,,0,
n02701002_4302.JPEG,n02701002_4302,n02701002,ambulance,ambulance_firetruck,0,0,,,0,
n02701002_4311.JPEG,n02701002_4311,n02701002,ambulance,ambulance_firetruck,0,1,,,0,
n02701002_4312.JPEG,n02701002_4312,n02701002,ambulance,ambulance_firetruck,0,0,,,0,
n02701002_4314.JPEG,n02701002_4314,n02701002,ambulance,ambulance_firetruck,0,0,,,0,
n02701002_4317.JPEG,n02701002_4317,n02701002,ambulance,ambulance_firetruck,0,0,,,0,
n02701002_4340.JPEG,n02701002_4340,n02701002,ambulance,ambulance_firetruck,0,0,,,0,
n02701002_4341.JPEG,n02701002_4341,n02701002,ambulance,ambulance_firetruck,0,1,,,0,
n02701002_4347.JPEG,n02701002_4347,n02701002,ambulance,ambulance_firetruck,0,0,,,0,
n02701002_4349.JPEG,n02701002_4349,n02701002,ambulance,ambulance_firetruck,0,0,,,0,
n02701002_4351.JPEG,n02701002_4351,n02701002,ambulance,ambulance_firetruck,0,0,,,0,
n02701002_4353.JPEG,n02701002_4353,n02701002,ambulance,ambulance_firetruck,0,0,,,0,
n02701002_436.JPEG,n02701002_436,n02701002,ambulance,ambulance_firetruck,0,0,,,0,
n02701002_4360.JPEG,n02701002_4360,n02701002,ambulance,ambulance_firetruck,0,0,,,0,
n02701002_4363.JPEG,n02701002_4363,n02701002,ambulance,ambulance_firetruck,0,0,,,0,
n02701002_4364.JPEG,n02701002_4364,n02701002,ambulance,ambulance_firetruck,0,1,,,0,
n02701002_4371.JPEG,n02701002_4371,n02701002,ambulance,ambulance_firetruck,0,1,,,0,
n02701002_4379.JPEG,n02701002_4379,n02701002,ambulance,ambulance_firetruck,0,1,,,0,
n02701002_4386.JPEG,n02701002_4386,n02701002,ambulance,ambulance_firetruck,0,0,,,0,
n02701002_4391.JPEG,n02701002_4391,n02701002,ambulance,ambulance_firetruck,0,0,,,0,
n02701002_4392.JPEG,n02701002_4392,n02701002,ambulance,ambulance_firetruck,0,0,,,0,
n02701002_4397.JPEG,n02701002_4397,n02701002,ambulance,ambulance_firetruck,0,1,,,0,
n02701002_4401.JPEG,n02701002_4401,n02701002,ambulance,ambulance_firetruck,0,0,,,0,
n02701002_4403.JPEG,n02701002_4403,n02701002,ambulance,ambulance_firetruck,0,0,,,0,
n02701002_4404.JPEG,n02701002_4404,n02701002,ambulance,ambulance_firetruck,0,0,,,0,
n02701002_4414.JPEG,n02701002_4414,n02701002,ambulance,ambulance_firetruck,0,0,,,0,
n02701002_4419.JPEG,n02701002_4419,n02701002,ambulance,ambulance_firetruck,1,1,Peugeot Boxer ambulance,Playa de Las Americas|Tenerife|ambulance|private ambulance,4,"Now I know why we are using battenburg acroos the whole of the UK, but it does make for a boring uniform colour scheme.  Can't actually imagine one of these running around our streets."
n02701002_4425.JPEG,n02701002_4425,n02701002,ambulance,ambulance_firetruck,0,1,,,0,
n02701002_4426.JPEG,n02701002_4426,n02701002,ambulance,ambulance_firetruck,0,1,,,0,
n02701002_4431.JPEG,n02701002_4431,n02701002,ambulance,ambulance_firetruck,1,1,Health Board Ambulance,Ambulance|Emergency|999|911|112|HSE,6,
n02701002_4433.JPEG,n02701002_4433,n02701002,ambulance,ambulance_firetruck,0,0,,,0,
n02701002_4434.JPEG,n02701002_4434,n02701002,ambulance,ambulance_firetruck,0,1,,,0,
n02701002_4436.JPEG,n02701002_4436,n02701002,ambulance,ambulance_firetruck,0,0,,,0,
n02701002_4438.JPEG,n02701002_4438,n02701002,ambulance,ambulance_firetruck,0,0,,,0,
n02701002_4439.JPEG,n02701002_4439,n02701002,ambulance,ambulance_firetruck,0,1,,,0,
n02701002_4449.JPEG,n02701002_4449,n02701002,ambulance,ambulance_firetruck,0,0,,,0,
n02701002_4468.JPEG,n02701002_4468,n02701002,ambulance,ambulance_firetruck,0,1,,,0,
n02701002_4474.JPEG,n02701002_4474,n02701002,ambulance,ambulance_firetruck,0,1,,,0,
n02701002_4482.JPEG,n02701002_4482,n02701002,ambulance,ambulance_firetruck,0,0,,,0,
n02701002_4496.JPEG,n02701002_4496,n02701002,ambulance,ambulance_firetruck,1,1,NTS Ambulance,NTS Ambulance|Ambulance|Neonatal Ambulance|Neonatal|UVModular|Sussex NTS|Baby emergency Transfer Service|NHS|Sussex Ambulance Service|South East Coast Ambulance Service,10,"this is the vehicle pre pre delivery and QC checks. they are almost, but not quite complete"
n02701002_4500.JPEG,n02701002_4500,n02701002,ambulance,ambulance_firetruck,0,1,,,0,
n02701002_4504.JPEG,n02701002_4504,n02701002,ambulance,ambulance_firetruck,0,0,,,0,
n02701002_4507.JPEG,n02701002_4507,n02701002,ambulance,ambulance_firetruck,0,0,,,0,
n02701002_4512.JPEG,n02701002_4512,n02701002,ambulance,ambulance_firetruck,0,0,,,0,
n02701002_4522.JPEG,n02701002_4522,n02701002,ambulance,ambulance_firetruck,1,1,Hatzalah Ambulance,"New York|New York City|Manhattan|NY|NYC|USA|Chevra Hatzalah Volunteer Ambulance Corps, Inc.|Hatzalah Ambulance|Hatzalah Volunteer Ambulance|Ambulance|Rettungswagen",11,"Rettungswagen der Chevra Hatzalah Volunteer Ambulance Corps, Inc.  Ambulance of Chevra Hatzalah Volunteer Ambulance Corps, Inc."
n02701002_4528.JPEG,n02701002_4528,n02701002,ambulance,ambulance_firetruck,0,0,,,0,
n02701002_4533.JPEG,n02701002_4533,n02701002,ambulance,ambulance_firetruck,0,1,,,0,
n02701002_4538.JPEG,n02701002_4538,n02701002,ambulance,ambulance_firetruck,0,1,,,0,
n02701002_4540.JPEG,n02701002_4540,n02701002,ambulance,ambulance_firetruck,1,1,Ron's '75 Superior ambulance,ambulance|cadillac|superior,3,after the Carnation Festival
n02701002_4547.JPEG,n02701002_4547,n02701002,ambulance,ambulance_firetruck,0,0,,,0,
n02701002_4558.JPEG,n02701002_4558,n02701002,ambulance,ambulance_firetruck,0,0,,,0,
n02701002_4562.JPEG,n02701002_4562,n02701002,ambulance,ambulance_firetruck,0,0,,,0,
n02701002_4566.JPEG,n02701002_4566,n02701002,ambulance,ambulance_firetruck,1,0,London - Ambulance,London|ambulance|LJ54KJF|7082,4,
n02701002_4568.JPEG,n02701002_4568,n02701002,ambulance,ambulance_firetruck,0,1,,,0,
n02701002_4572.JPEG,n02701002_4572,n02701002,ambulance,ambulance_firetruck,0,1,,,0,
n02701002_4577.JPEG,n02701002_4577,n02701002,ambulance,ambulance_firetruck,0,0,,,0,
n02701002_4581.JPEG,n02701002_4581,n02701002,ambulance,ambulance_firetruck,0,1,,,0,
n02701002_4598.JPEG,n02701002_4598,n02701002,ambulance,ambulance_firetruck,1,0,The ambulance arrives,Starfire|Jen Simpson|Sarah Richardson|Ambulance,4,the ambulance turning up was completely an accident! We didn't plan this bit at all!
n02701002_46.JPEG,n02701002_46,n02701002,ambulance,ambulance_firetruck,1,1,St. Vincent's Ambulance,NYC|newyorkcity|manhattan|vehicle|ambulance|paramedic|EMT|EMS|ford|econoline|hospital|stvincents|midtown,13,
n02701002_4600.JPEG,n02701002_4600,n02701002,ambulance,ambulance_firetruck,0,0,,,0,
n02701002_4603.JPEG,n02701002_4603,n02701002,ambulance,ambulance_firetruck,0,0,,,0,
n02701002_4604.JPEG,n02701002_4604,n02701002,ambulance,ambulance_firetruck,0,1,,,0,
n02701002_4607.JPEG,n02701002_4607,n02701002,ambulance,ambulance_firetruck,0,0,,,0,
n02701002_4611.JPEG,n02701002_4611,n02701002,ambulance,ambulance_firetruck,0,1,,,0,
n02701002_4615.JPEG,n02701002_4615,n02701002,ambulance,ambulance_firetruck,1,0,Ford Ambulance,sandiego|ambulance|paramedic|EMT|EMS|ford|econoline|eseries|E350|van,10,
n02701002_4616.JPEG,n02701002_4616,n02701002,ambulance,ambulance_firetruck,0,0,,,0,
n02701002_4624.JPEG,n02701002_4624,n02701002,ambulance,ambulance_firetruck,0,0,,,0,
n02701002_4628.JPEG,n02701002_4628,n02701002,ambulance,ambulance_firetruck,0,0,,,0,
n02701002_4635.JPEG,n02701002_4635,n02701002,ambulance,ambulance_firetruck,0,0,,,0,
n02701002_4637.JPEG,n02701002_4637,n02701002,ambulance,ambulance_firetruck,0,0,,,0,
n02701002_4644.JPEG,n02701002_4644,n02701002,ambulance,ambulance_firetruck,0,0,,,0,
n02701002_4646.JPEG,n02701002_4646,n02701002,ambulance,ambulance_firetruck,0,1,,,0,
n02701002_4662.JPEG,n02701002_4662,n02701002,ambulance,ambulance_firetruck,0,0,,,0,
n02701002_4664.JPEG,n02701002_4664,n02701002,ambulance,ambulance_firetruck,0,0,,,0,
n02701002_4666.JPEG,n02701002_4666,n02701002,ambulance,ambulance_firetruck,0,0,,,0,
n02701002_467.JPEG,n02701002_467,n02701002,ambulance,ambulance_firetruck,0,0,,,0,
n02701002_4675.JPEG,n02701002_4675,n02701002,ambulance,ambulance_firetruck,0,0,,,0,
n02701002_4678.JPEG,n02701002_4678,n02701002,ambulance,ambulance_firetruck,1,1,English Ambulance,London|England|UK|ambulance,4,This one's for all my friends at the hospital and AMR~~  
n02701002_468.JPEG,n02701002_468,n02701002,ambulance,ambulance_firetruck,0,1,,,0,
n02701002_4700.JPEG,n02701002_4700,n02701002,ambulance,ambulance_firetruck,1,0,ambulance,leiden|ambulance,2,
n02701002_4701.JPEG,n02701002_4701,n02701002,ambulance,ambulance_firetruck,0,0,,,0,
n02701002_4714.JPEG,n02701002_4714,n02701002,ambulance,ambulance_firetruck,0,0,,,0,
n02701002_4717.JPEG,n02701002_4717,n02701002,ambulance,ambulance_firetruck,0,0,,,0,
n02701002_4735.JPEG,n02701002_4735,n02701002,ambulance,ambulance_firetruck,0,0,,,0,
n02701002_4737.JPEG,n02701002_4737,n02701002,ambulance,ambulance_firetruck,0,0,,,0,
n02701002_4740.JPEG,n02701002_4740,n02701002,ambulance,ambulance_firetruck,1,0,Prague Mercedes Ambulance,mercedes|sprinter|prague|praha|czech|ambulance|paramedic,7,A Mercedes Sprinter was the basis of this ambulance in Prague.
n02701002_4752.JPEG,n02701002_4752,n02701002,ambulance,ambulance_firetruck,0,0,,,0,
n02701002_4754.JPEG,n02701002_4754,n02701002,ambulance,ambulance_firetruck,1,0,Beautiful Side View Of Ambulance #14,Ambulances,1,10/25/2004
n02701002_4756.JPEG,n02701002_4756,n02701002,ambulance,ambulance_firetruck,0,1,,,0,
n02701002_4771.JPEG,n02701002_4771,n02701002,ambulance,ambulance_firetruck,1,1,The world's only Seals Ambulance,Lenie 't Hart|zeehond|seal|SRRC|zeehondencreche|zeehondencentrum|Pieterburen|Groningen|Holland|Netherlands|ziekenauto|ambulance|van|Ford|yellow|June|2008,17,"The world's only Seal's Ambulance can be found at the Dutch village of Pieterburen, right on the Wadden Sea."
n02701002_4781.JPEG,n02701002_4781,n02701002,ambulance,ambulance_firetruck,0,0,,,0,
n02701002_4785.JPEG,n02701002_4785,n02701002,ambulance,ambulance_firetruck,0,1,,,0,
n02701002_4793.JPEG,n02701002_4793,n02701002,ambulance,ambulance_firetruck,0,0,,,0,
n02701002_4796.JPEG,n02701002_4796,n02701002,ambulance,ambulance_firetruck,0,0,,,0,
n02701002_4797.JPEG,n02701002_4797,n02701002,ambulance,ambulance_firetruck,1,1,Westcountry Ambulance X434BFJ,westcountry ambulance|was|ambulance|nhs|plymouth|set382|renault|van,8,2 October 2002
n02701002_4806.JPEG,n02701002_4806,n02701002,ambulance,ambulance_firetruck,1,1,Ex Surrey Ambulance ISU,Ambulance|Eastbourne|Emergency Service,3,"This Iveco van was originally owned by the Surrey Ambulance Service and operated as an Incident Support Unit for CBRN incidents, but since the Surrey has been merged with it's surrounding ambulance services it has been with Sussex."
n02701002_4818.JPEG,n02701002_4818,n02701002,ambulance,ambulance_firetruck,0,0,,,0,
n02701002_4820.JPEG,n02701002_4820,n02701002,ambulance,ambulance_firetruck,0,0,,,0,
n02701002_4827.JPEG,n02701002_4827,n02701002,ambulance,ambulance_firetruck,0,0,,,0,
n02701002_4830.JPEG,n02701002_4830,n02701002,ambulance,ambulance_firetruck,0,0,,,0,
n02701002_4842.JPEG,n02701002_4842,n02701002,ambulance,ambulance_firetruck,0,1,,,0,
n02701002_4863.JPEG,n02701002_4863,n02701002,ambulance,ambulance_firetruck,0,0,,,0,
n02701002_4864.JPEG,n02701002_4864,n02701002,ambulance,ambulance_firetruck,0,1,,,0,
n02701002_4866.JPEG,n02701002_4866,n02701002,ambulance,ambulance_firetruck,0,0,,,0,
n02701002_4867.JPEG,n02701002_4867,n02701002,ambulance,ambulance_firetruck,0,1,,,0,
n02701002_4873.JPEG,n02701002_4873,n02701002,ambulance,ambulance_firetruck,1,0,Dodge Ambulance,Puerto|Escondido|Oaxaca|Mexico|100_2059|Dodge|ambulance|ambulancia,8,"This is around when I lost my wallet. Black velcro, containing about 2,000 pesos. Luckily, my ID was not in it."
n02701002_4876.JPEG,n02701002_4876,n02701002,ambulance,ambulance_firetruck,1,1,"Ford Ambulance, Tijuana",tijuana|mexico|baja|bajacalifornia|ambulance|paramedic|emt|ford|econoline|redcross|cruzroja|eseries|E350|van,14,"Ford Econoline ambulance of the Mexican Red Cross (Cruz Roja Mexicana) in Tijuana, BC."
n02701002_4886.JPEG,n02701002_4886,n02701002,ambulance,ambulance_firetruck,0,0,,,0,
n02701002_4891.JPEG,n02701002_4891,n02701002,ambulance,ambulance_firetruck,0,1,,,0,
n02701002_4894.JPEG,n02701002_4894,n02701002,ambulance,ambulance_firetruck,0,0,,,0,
n02701002_4896.JPEG,n02701002_4896,n02701002,ambulance,ambulance_firetruck,0,0,,,0,
n02701002_4897.JPEG,n02701002_4897,n02701002,ambulance,ambulance_firetruck,0,0,,,0,
n02701002_4902.JPEG,n02701002_4902,n02701002,ambulance,ambulance_firetruck,1,1,ambulance meets our plane,travel|airplane|belgrade|ambulance,4,
n02701002_4903.JPEG,n02701002_4903,n02701002,ambulance,ambulance_firetruck,0,1,,,0,
n02701002_4909.JPEG,n02701002_4909,n02701002,ambulance,ambulance_firetruck,1,0,Ambulance / Rettungswagen,Sheffield|EMS|ambulance|Rettungsdienst|paramedic|Yorkshire,6,Yorkshire Ambulance Service in Sheffield
n02701002_4910.JPEG,n02701002_4910,n02701002,ambulance,ambulance_firetruck,1,1,Ex Surrey Ambulance ISU,Ambulance|Eastbourne|Emergency Service|Open Day,4,"This Iveco van was originally owned by the Surrey Ambulance Service and operated as an Incident Support Unit for CBRN incidents, but since the Surrey has been merged with it's surrounding ambulance services it has been with Sussex."
n02701002_4913.JPEG,n02701002_4913,n02701002,ambulance,ambulance_firetruck,0,0,,,0,
n02701002_4915.JPEG,n02701002_4915,n02701002,ambulance,ambulance_firetruck,0,0,,,0,
n02701002_4917.JPEG,n02701002_4917,n02701002,ambulance,ambulance_firetruck,0,0,,,0,
n02701002_4922.JPEG,n02701002_4922,n02701002,ambulance,ambulance_firetruck,1,1,Ambulance,peewee|football|eastman|raiders|ambulance|winnipeg|st vital|manitoba|Brandon|sports|motor|vehicle|transportation|ems,14,"Not a great way to end the season. Three players required ambulance assistance during this peewee playoff game. My nephew rode in this one. (Thankfully, he'll be okay.)"
n02701002_4924.JPEG,n02701002_4924,n02701002,ambulance,ambulance_firetruck,1,0,Montreal Ambulance,montreal|quebec|canada|ambulance|paramedic|EMT,6,
n02701002_4930.JPEG,n02701002_4930,n02701002,ambulance,ambulance_firetruck,0,0,,,0,
n02701002_4937.JPEG,n02701002_4937,n02701002,ambulance,ambulance_firetruck,0,0,,,0,
n02701002_4944.JPEG,n02701002_4944,n02701002,ambulance,ambulance_firetruck,0,1,,,0,
n02701002_4948.JPEG,n02701002_4948,n02701002,ambulance,ambulance_firetruck,0,0,,,0,
n02701002_4951.JPEG,n02701002_4951,n02701002,ambulance,ambulance_firetruck,0,0,,,0,
n02701002_4953.JPEG,n02701002_4953,n02701002,ambulance,ambulance_firetruck,0,0,,,0,
n02701002_4955.JPEG,n02701002_4955,n02701002,ambulance,ambulance_firetruck,1,1,New ambulance open door,ambulance,1,
n02701002_4956.JPEG,n02701002_4956,n02701002,ambulance,ambulance_firetruck,1,1,Ambulance,film|120|medium format|color|ambulance|modified Holga,6,Shot with modified Holga
n02701002_496.JPEG,n02701002_496,n02701002,ambulance,ambulance_firetruck,0,0,,,0,
n02701002_497.JPEG,n02701002_497,n02701002,ambulance,ambulance_firetruck,0,0,,,0,
n02701002_4984.JPEG,n02701002_4984,n02701002,ambulance,ambulance_firetruck,0,0,,,0,
n02701002_4987.JPEG,n02701002_4987,n02701002,ambulance,ambulance_firetruck,0,0,,,0,
n02701002_4990.JPEG,n02701002_4990,n02701002,ambulance,ambulance_firetruck,0,0,,,0,
n02701002_4992.JPEG,n02701002_4992,n02701002,ambulance,ambulance_firetruck,0,0,,,0,
n02701002_4996.JPEG,n02701002_4996,n02701002,ambulance,ambulance_firetruck,0,0,,,0,
n02701002_5013.JPEG,n02701002_5013,n02701002,ambulance,ambulance_firetruck,0,0,,,0,
n02701002_5014.JPEG,n02701002_5014,n02701002,ambulance,ambulance_firetruck,0,0,,,0,
n02701002_5016.JPEG,n02701002_5016,n02701002,ambulance,ambulance_firetruck,1,0,Open doored old ambulance,ambulance,1,
n02701002_5017.JPEG,n02701002_5017,n02701002,ambulance,ambulance_firetruck,1,1,Lost ambulance,panning|ambulance|lights|night|cityscape|market st|Canon EF 24-105mm f/4L IS USM|Canon EOS 5D|california|emergency|san francisco,11,Made two U-turns in ten minutes... Hope it made it on time.
n02701002_502.JPEG,n02701002_502,n02701002,ambulance,ambulance_firetruck,0,0,,,0,
n02701002_5021.JPEG,n02701002_5021,n02701002,ambulance,ambulance_firetruck,0,1,,,0,
n02701002_5023.JPEG,n02701002_5023,n02701002,ambulance,ambulance_firetruck,0,0,,,0,
n02701002_5028.JPEG,n02701002_5028,n02701002,ambulance,ambulance_firetruck,0,1,,,0,
n02701002_5032.JPEG,n02701002_5032,n02701002,ambulance,ambulance_firetruck,0,0,,,0,
n02701002_5041.JPEG,n02701002_5041,n02701002,ambulance,ambulance_firetruck,0,0,,,0,
n02701002_5043.JPEG,n02701002_5043,n02701002,ambulance,ambulance_firetruck,1,1,"AMR Ambulance in Temecula, CA",ambulance|temecula|riverside|amr|emergency|911|paramedic,7,EMS services in the city  and throughout Riverside County are provided by  AMR (American Medical Response). Vehicle is parked at a shared fire response facility with CDF - California Department of Forestry. Note the mops. Nothing like a clean firehouse.
n02701002_5055.JPEG,n02701002_5055,n02701002,ambulance,ambulance_firetruck,1,0,"Ridgefield, NJ Volunteer Ambulance Corps",Ridgefield|Volunteer|Ambulance|Corps|Ford|Econoline|E550,7,Ford Econoline E550 Ambulance 2
n02701002_506.JPEG,n02701002_506,n02701002,ambulance,ambulance_firetruck,0,0,,,0,
n02701002_5084.JPEG,n02701002_5084,n02701002,ambulance,ambulance_firetruck,0,0,,,0,
n02701002_5096.JPEG,n02701002_5096,n02701002,ambulance,ambulance_firetruck,0,0,,,0,
n02701002_5103.JPEG,n02701002_5103,n02701002,ambulance,ambulance_firetruck,0,1,,,0,
n02701002_5104.JPEG,n02701002_5104,n02701002,ambulance,ambulance_firetruck,0,0,,,0,
n02701002_5105.JPEG,n02701002_5105,n02701002,ambulance,ambulance_firetruck,1,0,HSE-MW Ambulance 004,Mercedes-Benz|Ambulance|EMS|Paramedic|EMT|Irish Ambulance Service|Ambulance Service|Wilker|Parfit|Ireland,10,Limerick City Ambulances
n02701002_5110.JPEG,n02701002_5110,n02701002,ambulance,ambulance_firetruck,0,0,,,0,
n02701002_512.JPEG,n02701002_512,n02701002,ambulance,ambulance_firetruck,0,0,,,0,
n02701002_5121.JPEG,n02701002_5121,n02701002,ambulance,ambulance_firetruck,0,0,,,0,
n02701002_5126.JPEG,n02701002_5126,n02701002,ambulance,ambulance_firetruck,0,0,,,0,
n02701002_5138.JPEG,n02701002_5138,n02701002,ambulance,ambulance_firetruck,0,1,,,0,
n02701002_5142.JPEG,n02701002_5142,n02701002,ambulance,ambulance_firetruck,1,1,Pet Ambulance,Vancouver|pet ambulance|van|guesswherevancouver|GWV|guessed|Fraser Street|point kungp0w,8,Guess where in Vancouver....  Pet ambulance at Fraser &amp; East 33rd Ave.
n02701002_5143.JPEG,n02701002_5143,n02701002,ambulance,ambulance_firetruck,1,0,Cadillac Ambulance by Superior,Cadillac|ambulance,2,"A Cadillac ambulance on North Market in Shreveport, Louisiana, that has been used to advertize a transmission shop for years."
n02701002_5155.JPEG,n02701002_5155,n02701002,ambulance,ambulance_firetruck,0,1,,,0,
n02701002_5158.JPEG,n02701002_5158,n02701002,ambulance,ambulance_firetruck,0,1,,,0,
n02701002_5162.JPEG,n02701002_5162,n02701002,ambulance,ambulance_firetruck,0,0,,,0,
n02701002_5165.JPEG,n02701002_5165,n02701002,ambulance,ambulance_firetruck,0,1,,,0,
n02701002_5174.JPEG,n02701002_5174,n02701002,ambulance,ambulance_firetruck,0,0,,,0,
n02701002_5177.JPEG,n02701002_5177,n02701002,ambulance,ambulance_firetruck,0,0,,,0,
n02701002_5180.JPEG,n02701002_5180,n02701002,ambulance,ambulance_firetruck,0,0,,,0,
n02701002_5188.JPEG,n02701002_5188,n02701002,ambulance,ambulance_firetruck,0,1,,,0,
n02701002_5190.JPEG,n02701002_5190,n02701002,ambulance,ambulance_firetruck,0,1,,,0,
n02701002_5191.JPEG,n02701002_5191,n02701002,ambulance,ambulance_firetruck,0,1,,,0,
n02701002_5198.JPEG,n02701002_5198,n02701002,ambulance,ambulance_firetruck,0,0,,,0,
n02701002_5206.JPEG,n02701002_5206,n02701002,ambulance,ambulance_firetruck,0,1,,,0,
n02701002_521.JPEG,n02701002_521,n02701002,ambulance,ambulance_firetruck,1,1,Mt Ida mine site ambulance,Ambulance,1,"ex-Siberia mine ambulance, kitted out with oxy-viva, etc."
n02701002_5215.JPEG,n02701002_5215,n02701002,ambulance,ambulance_firetruck,0,1,,,0,
n02701002_5217.JPEG,n02701002_5217,n02701002,ambulance,ambulance_firetruck,0,1,,,0,
n02701002_5223.JPEG,n02701002_5223,n02701002,ambulance,ambulance_firetruck,1,0,Back of an Ambulance,ambulance|stretcher|night,3,
n02701002_5224.JPEG,n02701002_5224,n02701002,ambulance,ambulance_firetruck,0,0,,,0,
n02701002_5238.JPEG,n02701002_5238,n02701002,ambulance,ambulance_firetruck,1,0,"Toronto Police Cars and Ambulances, Old and New",Scenes|Life|Police|EMS|Cars|Automobiles|policecars|policecar|ambulance|Toronto|Ontario|Canada,12,Remember the gaudy yellow Metropolitan Toronto police cars. At least I'm not so old I remember the ambulance in the foreground. What a contrast to the modern ones in the far distance!
n02701002_5241.JPEG,n02701002_5241,n02701002,ambulance,ambulance_firetruck,0,1,,,0,
n02701002_5247.JPEG,n02701002_5247,n02701002,ambulance,ambulance_firetruck,1,1,ambulance,lomo|lomography|ambulance|middletonwi|nikon|nikon d70s|d70|nikkor|nikkor lens not a canon camera canon users are evil,9,
n02701002_5258.JPEG,n02701002_5258,n02701002,ambulance,ambulance_firetruck,0,0,,,0,
n02701002_5271.JPEG,n02701002_5271,n02701002,ambulance,ambulance_firetruck,0,0,,,0,
n02701002_5279.JPEG,n02701002_5279,n02701002,ambulance,ambulance_firetruck,0,0,,,0,
n02701002_5284.JPEG,n02701002_5284,n02701002,ambulance,ambulance_firetruck,0,1,,,0,
n02701002_5288.JPEG,n02701002_5288,n02701002,ambulance,ambulance_firetruck,0,1,,,0,
n02701002_5292.JPEG,n02701002_5292,n02701002,ambulance,ambulance_firetruck,0,0,,,0,
n02701002_5302.JPEG,n02701002_5302,n02701002,ambulance,ambulance_firetruck,1,1,Ambulance,mercedes|mercedes-benz|ambulance|ziekenwagen|sprinter|opel|O-car|16119|2003|316|CDI|Emergency,12,"1997 Opel Astra ASTRA X 1.6 XEL on the left, 2003 Mercedes-Benz 316 CDI Emergency Sprinter Ambulance on the right."
n02701002_5322.JPEG,n02701002_5322,n02701002,ambulance,ambulance_firetruck,0,0,,,0,
n02701002_5349.JPEG,n02701002_5349,n02701002,ambulance,ambulance_firetruck,1,1,Mercedes Ambulance,mercedes|mercedesbenz|munich|ambulance|emt|paramedic|münchen|germany|deutscheland|sprinter,10,
n02701002_535.JPEG,n02701002_535,n02701002,ambulance,ambulance_firetruck,0,1,,,0,
n02701002_5360.JPEG,n02701002_5360,n02701002,ambulance,ambulance_firetruck,0,0,,,0,
n02701002_5376.JPEG,n02701002_5376,n02701002,ambulance,ambulance_firetruck,0,0,,,0,
n02701002_538.JPEG,n02701002_538,n02701002,ambulance,ambulance_firetruck,0,0,,,0,
n02701002_5382.JPEG,n02701002_5382,n02701002,ambulance,ambulance_firetruck,0,0,,,0,
n02701002_539.JPEG,n02701002_539,n02701002,ambulance,ambulance_firetruck,0,0,,,0,
n02701002_5390.JPEG,n02701002_5390,n02701002,ambulance,ambulance_firetruck,0,0,,,0,
n02701002_5405.JPEG,n02701002_5405,n02701002,ambulance,ambulance_firetruck,0,0,,,0,
n02701002_5406.JPEG,n02701002_5406,n02701002,ambulance,ambulance_firetruck,0,0,,,0,
n02701002_5409.JPEG,n02701002_5409,n02701002,ambulance,ambulance_firetruck,0,1,,,0,
n02701002_5419.JPEG,n02701002_5419,n02701002,ambulance,ambulance_firetruck,0,0,,,0,
n02701002_5429.JPEG,n02701002_5429,n02701002,ambulance,ambulance_firetruck,1,0,Ambulance Innerds,Madison County|Ambulance|Frankton|Indiana|Heritage Days|2007,6,"As seen at the 2007 Frankton, IN Heritage Days."
n02701002_5432.JPEG,n02701002_5432,n02701002,ambulance,ambulance_firetruck,0,0,,,0,
n02701002_5433.JPEG,n02701002_5433,n02701002,ambulance,ambulance_firetruck,1,1,"Ridgewood, NJ Ambulance 10",Ridgewwod|NJ|Ambulance|Ford|E-Series,5,Ford E-Series Ambulance
n02701002_5435.JPEG,n02701002_5435,n02701002,ambulance,ambulance_firetruck,0,0,,,0,
n02701002_5439.JPEG,n02701002_5439,n02701002,ambulance,ambulance_firetruck,0,0,,,0,
n02701002_5455.JPEG,n02701002_5455,n02701002,ambulance,ambulance_firetruck,0,0,,,0,
n02701002_5457.JPEG,n02701002_5457,n02701002,ambulance,ambulance_firetruck,0,0,,,0,
n02701002_5458.JPEG,n02701002_5458,n02701002,ambulance,ambulance_firetruck,0,1,,,0,
n02701002_5483.JPEG,n02701002_5483,n02701002,ambulance,ambulance_firetruck,0,0,,,0,
n02701002_5486.JPEG,n02701002_5486,n02701002,ambulance,ambulance_firetruck,1,0,"HX54DYG Renault Master Ambulance - St Mary's, Portsmouth",Ambulance|Portsmouth|Hospital|Van|Renault|Renault Master,6,"Renault Master Specialist Transfer vehicle of Hampshire Ambulance Service, at St Mary's Hospital, Portsmouth.  Unusual choice for Hampshire AS; the vast majority of the A&amp;E fleet are standardised on the Merc 416."
n02701002_5496.JPEG,n02701002_5496,n02701002,ambulance,ambulance_firetruck,0,1,,,0,
n02701002_550.JPEG,n02701002_550,n02701002,ambulance,ambulance_firetruck,0,0,,,0,
n02701002_5501.JPEG,n02701002_5501,n02701002,ambulance,ambulance_firetruck,0,0,,,0,
n02701002_5502.JPEG,n02701002_5502,n02701002,ambulance,ambulance_firetruck,0,1,,,0,
n02701002_5513.JPEG,n02701002_5513,n02701002,ambulance,ambulance_firetruck,0,1,,,0,
n02701002_5514.JPEG,n02701002_5514,n02701002,ambulance,ambulance_firetruck,0,0,,,0,
n02701002_5523.JPEG,n02701002_5523,n02701002,ambulance,ambulance_firetruck,0,0,,,0,
n02701002_5524.JPEG,n02701002_5524,n02701002,ambulance,ambulance_firetruck,1,0,HSE-MW Ambulance 005,Mercedes-Benz|Ambulance|Parfit|EMT|Paramedic|Neo Natal|Irish Ambulance Service|Ambulance Service|Ireland,9,Old ambulance used as a Neo-Natal Tranfer Unit now
n02701002_5530.JPEG,n02701002_5530,n02701002,ambulance,ambulance_firetruck,1,0,NTS Ambulance,NTS Ambulance|Ambulance|Neonatal Ambulance|Neonatal|UVModular|Sussex NTS|Baby emergency Transfer Service|NHS|Sussex Ambulance Service|South East Coast Ambulance Service,10,"this is the vehicle pre pre delivery and QC checks. they are almost, but not quite complete"
n02701002_5538.JPEG,n02701002_5538,n02701002,ambulance,ambulance_firetruck,0,0,,,0,
n02701002_5541.JPEG,n02701002_5541,n02701002,ambulance,ambulance_firetruck,0,0,,,0,
n02701002_5549.JPEG,n02701002_5549,n02701002,ambulance,ambulance_firetruck,0,0,,,0,
n02701002_5552.JPEG,n02701002_5552,n02701002,ambulance,ambulance_firetruck,0,0,,,0,
n02701002_5554.JPEG,n02701002_5554,n02701002,ambulance,ambulance_firetruck,0,0,,,0,
n02701002_5555.JPEG,n02701002_5555,n02701002,ambulance,ambulance_firetruck,0,0,,,0,
n02701002_5560.JPEG,n02701002_5560,n02701002,ambulance,ambulance_firetruck,0,0,,,0,
n02701002_5562.JPEG,n02701002_5562,n02701002,ambulance,ambulance_firetruck,0,1,,,0,
n02701002_5564.JPEG,n02701002_5564,n02701002,ambulance,ambulance_firetruck,0,1,,,0,
n02701002_5578.JPEG,n02701002_5578,n02701002,ambulance,ambulance_firetruck,1,1,RENAULT MASTER AMBULANCE (1),RENAULT|MASTER|AMBULANCE,3,
n02701002_5586.JPEG,n02701002_5586,n02701002,ambulance,ambulance_firetruck,1,1,FDNY - Ford F-350,FDNY|ambulance|nyc|fire|department|EMS|manhattan|ford|f-350|superduty|new york|new york city|rescue,13,Ford F-350 Ambulance of the Fire Department New York in Manhattan.
n02701002_5594.JPEG,n02701002_5594,n02701002,ambulance,ambulance_firetruck,1,1,South Western Ambulance WA51LCZ,reg51|renault|van|ambulance|swas|was|nhs|999|photologged,9, WA51LCZ RENAULT MASTER D LWB  AMBULANCE 2499cc (01/10/2001) HYBRID ELECTRIC                                                              
n02701002_5598.JPEG,n02701002_5598,n02701002,ambulance,ambulance_firetruck,0,0,,,0,
n02701002_560.JPEG,n02701002_560,n02701002,ambulance,ambulance_firetruck,0,0,,,0,
n02701002_5609.JPEG,n02701002_5609,n02701002,ambulance,ambulance_firetruck,1,1,Mowag ambulance,Mowag|Swiss|samsung|d600|mobilephone|military|ambulance|army|militaryvehicle|macspite|UK|United Kingdom|England,13,"Seen at Detling from about 200 yards, I ran straight over, delighted to see another Swiss vehicle (I own an FBW AX40). After his initial surprise the owner of the Mowag was equally happy to meet someone who had recognised his vehicle"
n02701002_5610.JPEG,n02701002_5610,n02701002,ambulance,ambulance_firetruck,0,1,,,0,
n02701002_5615.JPEG,n02701002_5615,n02701002,ambulance,ambulance_firetruck,1,0,"Hoboken, NJ - Ambulance 134",hoboken|ambulance|134|new jersey|nj|hudson county|volunteer ambulance corp,7,Hoboken Volunteer Ambulance Corp.
n02701002_5616.JPEG,n02701002_5616,n02701002,ambulance,ambulance_firetruck,0,0,,,0,
n02701002_5618.JPEG,n02701002_5618,n02701002,ambulance,ambulance_firetruck,0,0,,,0,
n02701002_5619.JPEG,n02701002_5619,n02701002,ambulance,ambulance_firetruck,0,0,,,0,
n02701002_5639.JPEG,n02701002_5639,n02701002,ambulance,ambulance_firetruck,0,0,,,0,
n02701002_564.JPEG,n02701002_564,n02701002,ambulance,ambulance_firetruck,1,0,Ambulance,fire department|ambulance|newport News,3,"I posted a photo of a passing ambulance a few weeks back - and Mad Mummy told me how it compared to ones in the town she lived in in England.  So today (3/23/06) I walked over to the Fire Depart ment and asked If I could have a photo of there ambulance.  They not only said yes, but they pulled it out so I could get better photos and parked it next to the Capt. SUV for size comparision (in another shot)."
n02701002_5640.JPEG,n02701002_5640,n02701002,ambulance,ambulance_firetruck,1,0,Ambulance,Germany|Machinery|Vehicles|Ambulance,4,A Mercedes Rescue Car. No more comments
n02701002_5643.JPEG,n02701002_5643,n02701002,ambulance,ambulance_firetruck,0,0,,,0,
n02701002_5645.JPEG,n02701002_5645,n02701002,ambulance,ambulance_firetruck,0,0,,,0,
n02701002_5648.JPEG,n02701002_5648,n02701002,ambulance,ambulance_firetruck,0,0,,,0,
n02701002_5654.JPEG,n02701002_5654,n02701002,ambulance,ambulance_firetruck,0,0,,,0,
n02701002_5659.JPEG,n02701002_5659,n02701002,ambulance,ambulance_firetruck,0,0,,,0,
n02701002_5671.JPEG,n02701002_5671,n02701002,ambulance,ambulance_firetruck,1,1,ambulance,green|vintage|old|car|ambulance|river|utah,7,"An old ambulance, parked at the fire station in Green River, Utah."
n02701002_5676.JPEG,n02701002_5676,n02701002,ambulance,ambulance_firetruck,0,1,,,0,
n02701002_5685.JPEG,n02701002_5685,n02701002,ambulance,ambulance_firetruck,1,0,Ambulance,Ambulance|east midlands|leicester,3,Looks washed out because I took it through a net curtain
n02701002_5690.JPEG,n02701002_5690,n02701002,ambulance,ambulance_firetruck,1,1,Ambulance,Seattle|museumofflight|ambulance|oliver,4,He loved this ambulance.  He climbed into it three times and didn't seem to want to leave.  This was at a &quot;Tribute to Heroes&quot; or something at the Museum of Flight in Seattle.
n02701002_570.JPEG,n02701002_570,n02701002,ambulance,ambulance_firetruck,1,1,Ambulance,ambulance|rettungsdienst|ems|austria|rotes kreuz,5,BLS and ALS Ambulance from Austria
n02701002_571.JPEG,n02701002_571,n02701002,ambulance,ambulance_firetruck,0,0,,,0,
n02701002_5711.JPEG,n02701002_5711,n02701002,ambulance,ambulance_firetruck,0,0,,,0,
n02701002_5722.JPEG,n02701002_5722,n02701002,ambulance,ambulance_firetruck,0,0,,,0,
n02701002_5727.JPEG,n02701002_5727,n02701002,ambulance,ambulance_firetruck,0,0,,,0,
n02701002_5742.JPEG,n02701002_5742,n02701002,ambulance,ambulance_firetruck,0,0,,,0,
n02701002_5747.JPEG,n02701002_5747,n02701002,ambulance,ambulance_firetruck,1,1,"Hatzolah Volunteer Ambulance Vans, Upper East Side, Manhattan NYC",New York|NY|NYC|City|Manhattan|Upper|East|Side|Hatzolah|Ambulance|Volunteer|Van|Truck|Division|Corps|EMS|Emergency|Medical|Service|Emergency Medical Service|Vehicle|Transportation|Automobile|Car|Y2008|jag9889|2008,27,"Lexington Avenue at East 85th Street, New York City"
n02701002_5748.JPEG,n02701002_5748,n02701002,ambulance,ambulance_firetruck,1,0,Hong Kong Fire Services: Mercedes-Benz Ambulance,hong|kong|fire|services|ambulance|mercedes-benz|A141|Wan|Chai|Road|traffic-light|Market,12,"Photos taken from my trip to Hong Kong in 2002.  Here is a photo for MikeJillJessicaTomLee, Jay911 and other ambulance fans.  Does anyone know if this is a version of Mercedes-Benz Sprinter ambulance??  Also note that Hong Kong's traffice-light system looks exactly like London's, another subtle aspect of Hong Kong that resembles London!  I don't have a scanner, so I simply took photos of my printed photos. "
n02701002_5763.JPEG,n02701002_5763,n02701002,ambulance,ambulance_firetruck,0,0,,,0,
n02701002_5770.JPEG,n02701002_5770,n02701002,ambulance,ambulance_firetruck,0,0,,,0,
n02701002_5773.JPEG,n02701002_5773,n02701002,ambulance,ambulance_firetruck,0,0,,,0,
n02701002_5784.JPEG,n02701002_5784,n02701002,ambulance,ambulance_firetruck,1,1,Dan's '59 Superior ambulance,ambulance|cadillac|superior,3,During the Carnation Festival Fire Muster
n02701002_5788.JPEG,n02701002_5788,n02701002,ambulance,ambulance_firetruck,0,0,,,0,
n02701002_58.JPEG,n02701002_58,n02701002,ambulance,ambulance_firetruck,0,0,,,0,
n02701002_5800.JPEG,n02701002_5800,n02701002,ambulance,ambulance_firetruck,1,0,Ambulance on Hough Lane_03072008 (2),Ambulance|Paramedic|Car|Road|Cars|Parking|Emergency|Medical|Paramedics|Patient|Tameside|Hyde|Cheshire.,13,
n02701002_5807.JPEG,n02701002_5807,n02701002,ambulance,ambulance_firetruck,1,1,Ambulance on the Danforth,toronto|ems|ambulance|canada|danforth|avenue,6,"Toronto ambulance responding to an emrgency. Alas, the day is bright shutter didn't open long enough to capture the flashing lights."
n02701002_5829.JPEG,n02701002_5829,n02701002,ambulance,ambulance_firetruck,0,0,,,0,
n02701002_5836.JPEG,n02701002_5836,n02701002,ambulance,ambulance_firetruck,0,0,,,0,
n02701002_584.JPEG,n02701002_584,n02701002,ambulance,ambulance_firetruck,0,0,,,0,
n02701002_5841.JPEG,n02701002_5841,n02701002,ambulance,ambulance_firetruck,0,0,,,0,
n02701002_5857.JPEG,n02701002_5857,n02701002,ambulance,ambulance_firetruck,1,1,1967 Morris Ambulance EJO978E +,lancashire|england|bcvm|commercialvehiclemuseum|historic|vehicle|transport|morris|ambulance|EJO978E,10,"Seen at the British Commercial Vehicle Museum, Leyland on 19th July 2007."
n02701002_5898.JPEG,n02701002_5898,n02701002,ambulance,ambulance_firetruck,0,1,,,0,
n02701002_5904.JPEG,n02701002_5904,n02701002,ambulance,ambulance_firetruck,0,1,,,0,
n02701002_5906.JPEG,n02701002_5906,n02701002,ambulance,ambulance_firetruck,0,0,,,0,
n02701002_5930.JPEG,n02701002_5930,n02701002,ambulance,ambulance_firetruck,0,0,,,0,
n02701002_5934.JPEG,n02701002_5934,n02701002,ambulance,ambulance_firetruck,0,1,,,0,
n02701002_5945.JPEG,n02701002_5945,n02701002,ambulance,ambulance_firetruck,0,0,,,0,
n02701002_5946.JPEG,n02701002_5946,n02701002,ambulance,ambulance_firetruck,0,0,,,0,
n02701002_5965.JPEG,n02701002_5965,n02701002,ambulance,ambulance_firetruck,0,0,,,0,
n02701002_5982.JPEG,n02701002_5982,n02701002,ambulance,ambulance_firetruck,0,0,,,0,
n02701002_5985.JPEG,n02701002_5985,n02701002,ambulance,ambulance_firetruck,0,0,,,0,
n02701002_5989.JPEG,n02701002_5989,n02701002,ambulance,ambulance_firetruck,1,1,Speeding Ambulance,london|ambulance|uk|england,4,London Eye in the Background
n02701002_5993.JPEG,n02701002_5993,n02701002,ambulance,ambulance_firetruck,1,0,Ambulance,Ambulance|light|streak|polaroid,4,
n02701002_5997.JPEG,n02701002_5997,n02701002,ambulance,ambulance_firetruck,0,0,,,0,
n02701002_6025.JPEG,n02701002_6025,n02701002,ambulance,ambulance_firetruck,1,1,South Western Ambulance X434BFJ,swas|ambulance|nhs|renault master|fleetdata|renault|van|999|photologged,9, 24 July 2007 Plymouth X434BFJ RENAULT MASTER TD LWB  AMBULANCE 2799cc (20/09/2000) DIESEL                                                               
n02701002_6028.JPEG,n02701002_6028,n02701002,ambulance,ambulance_firetruck,0,0,,,0,
n02701002_6044.JPEG,n02701002_6044,n02701002,ambulance,ambulance_firetruck,0,0,,,0,
n02701002_6046.JPEG,n02701002_6046,n02701002,ambulance,ambulance_firetruck,0,0,,,0,
n02701002_6048.JPEG,n02701002_6048,n02701002,ambulance,ambulance_firetruck,0,0,,,0,
n02701002_6054.JPEG,n02701002_6054,n02701002,ambulance,ambulance_firetruck,0,0,,,0,
n02701002_6060.JPEG,n02701002_6060,n02701002,ambulance,ambulance_firetruck,1,1,Ambulance,Rescue 999|Malaysia Civil Defence|Jabatan Pertahanan Awam|JPA3|Penang|檳城|馬來西亞|民防局|救護車|Ambulance,10,"Malaysia Civil Defence ( Rescue 999), Penang Branch"
n02701002_6074.JPEG,n02701002_6074,n02701002,ambulance,ambulance_firetruck,0,0,,,0,
n02701002_6090.JPEG,n02701002_6090,n02701002,ambulance,ambulance_firetruck,1,1,Dodge WC-54 3/4- Ton Ambulance,Dodge|WC-54 3/4- Ton|Ambulance|WWII|USArmy|Truck|Vehicle|Chamblee|Georgia,9,"PDK - Chamblee, GA  <a href=""http://home.att.net/~dodgewc54/dodge_wc.htm"" rel=""noreferrer nofollow"">home.att.net/~dodgewc54/dodge_wc.htm</a>"
n02701002_6092.JPEG,n02701002_6092,n02701002,ambulance,ambulance_firetruck,0,1,,,0,
n02701002_6117.JPEG,n02701002_6117,n02701002,ambulance,ambulance_firetruck,1,1,Warwickshire and Northamptonshire Air Ambulance,air ambulance|helicopter|chopper|helo|EMS|soccer|football|sport|action|England|Milton Keynes,11,"WNAA attending an injury at a football match in Stony Straford, Milton Keynes, England.  <i>This image is copyright © - absolutely no commercial use of any kind is permitted without prior consent.</i>"
n02701002_6119.JPEG,n02701002_6119,n02701002,ambulance,ambulance_firetruck,0,0,,,0,
n02701002_6139.JPEG,n02701002_6139,n02701002,ambulance,ambulance_firetruck,0,0,,,0,
n02701002_6166.JPEG,n02701002_6166,n02701002,ambulance,ambulance_firetruck,0,0,,,0,
n02701002_6167.JPEG,n02701002_6167,n02701002,ambulance,ambulance_firetruck,0,0,,,0,
n02701002_6177.JPEG,n02701002_6177,n02701002,ambulance,ambulance_firetruck,0,0,,,0,
n02701002_6179.JPEG,n02701002_6179,n02701002,ambulance,ambulance_firetruck,0,0,,,0,
n02701002_6184.JPEG,n02701002_6184,n02701002,ambulance,ambulance_firetruck,1,0,High-End Ambulance,jamaica|negril|ambulance|emergency|emergency vehicle|mercedes|van|help,8,"I can only imagine the smooth ride that the patient must be getting on that Mercedes suspension. The roads even the paved highway is quite bumpy. I know from how hard it was to keep the camera steady in the taxi. I wonder if it has heated seats?   _________________________ all rights reserved @opywrite 2008 - e. graves,ii photog@gcorpinnovation.com"
n02701002_6192.JPEG,n02701002_6192,n02701002,ambulance,ambulance_firetruck,0,0,,,0,
n02701002_6198.JPEG,n02701002_6198,n02701002,ambulance,ambulance_firetruck,0,0,,,0,
n02701002_62.JPEG,n02701002_62,n02701002,ambulance,ambulance_firetruck,0,0,,,0,
n02701002_6201.JPEG,n02701002_6201,n02701002,ambulance,ambulance_firetruck,0,0,,,0,
n02701002_6204.JPEG,n02701002_6204,n02701002,ambulance,ambulance_firetruck,1,1,Pet Ambulance,Honda|Element|Ambulance|Pet|emergency,5,
n02701002_6211.JPEG,n02701002_6211,n02701002,ambulance,ambulance_firetruck,0,1,,,0,
n02701002_623.JPEG,n02701002_623,n02701002,ambulance,ambulance_firetruck,0,0,,,0,
n02701002_6241.JPEG,n02701002_6241,n02701002,ambulance,ambulance_firetruck,0,1,,,0,
n02701002_6253.JPEG,n02701002_6253,n02701002,ambulance,ambulance_firetruck,0,0,,,0,
n02701002_6270.JPEG,n02701002_6270,n02701002,ambulance,ambulance_firetruck,1,1,Ambulances for urgent and non-urgent matters,Morocco|Imlil|ambulance|donkey|Atlas mountains|Atlas|Berber,7,"Saw these during a visit to Imlil, a Berber village in the the Atlas mountains."
n02701002_6271.JPEG,n02701002_6271,n02701002,ambulance,ambulance_firetruck,0,0,,,0,
n02701002_6287.JPEG,n02701002_6287,n02701002,ambulance,ambulance_firetruck,1,1,London Air Ambulance,Air|Ambulance|Air Ambulance|helicopter|london,5,London Air Ambulance
n02701002_6288.JPEG,n02701002_6288,n02701002,ambulance,ambulance_firetruck,1,1,Air Ambulance Banff,emergency vehicles ambulance helicopter medical evacuation medic paramedics hospital battery green  coastguard house|Air Ambulance|Banff|scottish ambulance service|banffshire,5,Scottish Ambulance Service chopper as it comes into land at Banff.
n02701002_6289.JPEG,n02701002_6289,n02701002,ambulance,ambulance_firetruck,1,1,Ambulance,London|Ambulance|LJ55WZK|7194,4,"Just before i took this picture it was in front of us normally, then the siren went on!"
n02701002_630.JPEG,n02701002_630,n02701002,ambulance,ambulance_firetruck,0,0,,,0,
n02701002_6302.JPEG,n02701002_6302,n02701002,ambulance,ambulance_firetruck,0,0,,,0,
n02701002_6303.JPEG,n02701002_6303,n02701002,ambulance,ambulance_firetruck,0,0,,,0,
n02701002_6313.JPEG,n02701002_6313,n02701002,ambulance,ambulance_firetruck,0,0,,,0,
n02701002_6323.JPEG,n02701002_6323,n02701002,ambulance,ambulance_firetruck,0,0,,,0,
n02701002_6325.JPEG,n02701002_6325,n02701002,ambulance,ambulance_firetruck,1,0,London Ambulance Service FRU Crash,RTA|Ambulance|FRU|Danny|Stretch,5,Ambulance Fast Response Unit that had an argument with another car. Driver was ok.
n02701002_6335.JPEG,n02701002_6335,n02701002,ambulance,ambulance_firetruck,0,0,,,0,
n02701002_6340.JPEG,n02701002_6340,n02701002,ambulance,ambulance_firetruck,0,0,,,0,
n02701002_6343.JPEG,n02701002_6343,n02701002,ambulance,ambulance_firetruck,0,0,,,0,
n02701002_6344.JPEG,n02701002_6344,n02701002,ambulance,ambulance_firetruck,0,1,,,0,
n02701002_635.JPEG,n02701002_635,n02701002,ambulance,ambulance_firetruck,0,1,,,0,
n02701002_6357.JPEG,n02701002_6357,n02701002,ambulance,ambulance_firetruck,0,0,,,0,
n02701002_6369.JPEG,n02701002_6369,n02701002,ambulance,ambulance_firetruck,1,1,Snow covered Ambulance,Nokia|N80|ambulance|snow|snowy|mercedes|winter|scotland|scottish|ECNALUBMA|response|service|dunoon,13,"This photo was featured on the front cover of the 2009/10 winter issue of the Scottish Ambulance Service staff magazine, 'Response'.  Didn't even give me a picture credit though :O(  Never mind, it's nice to see your pictures used in a publication anyway!  Taken with a Nokia N80 mobile phone"
n02701002_6377.JPEG,n02701002_6377,n02701002,ambulance,ambulance_firetruck,0,0,,,0,
n02701002_638.JPEG,n02701002_638,n02701002,ambulance,ambulance_firetruck,0,0,,,0,
n02701002_6393.JPEG,n02701002_6393,n02701002,ambulance,ambulance_firetruck,0,0,,,0,
n02701002_6396.JPEG,n02701002_6396,n02701002,ambulance,ambulance_firetruck,0,0,,,0,
n02701002_6402.JPEG,n02701002_6402,n02701002,ambulance,ambulance_firetruck,0,0,,,0,
n02701002_6405.JPEG,n02701002_6405,n02701002,ambulance,ambulance_firetruck,0,0,,,0,
n02701002_6416.JPEG,n02701002_6416,n02701002,ambulance,ambulance_firetruck,0,0,,,0,
n02701002_6422.JPEG,n02701002_6422,n02701002,ambulance,ambulance_firetruck,0,1,,,0,
n02701002_6437.JPEG,n02701002_6437,n02701002,ambulance,ambulance_firetruck,0,1,,,0,
n02701002_6452.JPEG,n02701002_6452,n02701002,ambulance,ambulance_firetruck,0,0,,,0,
n02701002_646.JPEG,n02701002_646,n02701002,ambulance,ambulance_firetruck,1,1,Private AMBULANCE,BIRMINGHAM UK|ERDINGTON|AMBULANCE|PRIVATE AMBULANCE|FUNERAL|BIRMINGHAM|HIGH ST,7,
n02701002_6477.JPEG,n02701002_6477,n02701002,ambulance,ambulance_firetruck,0,0,,,0,
n02701002_648.JPEG,n02701002_648,n02701002,ambulance,ambulance_firetruck,0,1,,,0,
n02701002_649.JPEG,n02701002_649,n02701002,ambulance,ambulance_firetruck,0,1,,,0,
n02701002_6492.JPEG,n02701002_6492,n02701002,ambulance,ambulance_firetruck,0,1,,,0,
n02701002_6501.JPEG,n02701002_6501,n02701002,ambulance,ambulance_firetruck,0,0,,,0,
n02701002_6503.JPEG,n02701002_6503,n02701002,ambulance,ambulance_firetruck,0,0,,,0,
n02701002_6505.JPEG,n02701002_6505,n02701002,ambulance,ambulance_firetruck,1,1,AMBULANCE,stlouis|missouri|mo|saintlouis|april|2006|ambulance|xplane|dgray_xplane|dgray|davegray|photos,12,
n02701002_6509.JPEG,n02701002_6509,n02701002,ambulance,ambulance_firetruck,0,0,,,0,
n02701002_6513.JPEG,n02701002_6513,n02701002,ambulance,ambulance_firetruck,1,1,Ambulance,ambulance|tbilisi|georgia,3,"Location: Tbilisi, Georgia"
n02701002_6514.JPEG,n02701002_6514,n02701002,ambulance,ambulance_firetruck,0,0,,,0,
n02701002_652.JPEG,n02701002_652,n02701002,ambulance,ambulance_firetruck,0,1,,,0,
n02701002_6521.JPEG,n02701002_6521,n02701002,ambulance,ambulance_firetruck,1,0,London Ambulance Service,ambulance|hospital|emergency|london|7231|London Ambulance Service NHS Trust|LAS,7,"The London Ambulance Service NHS Trust (LAS) is the largest &quot;free at the point of contact&quot; ambulance service in the world that does not directly charge its patients for its services. It responds to medical emergencies in Greater London, UK with the 400 ambulances [1] at its disposal.  It is one of 12 Ambulance Trusts providing England with Emergency medical services, and is part of the National Health Service, receiving direct government funding for its role. There is no charge to patients for use of the service, and under the Patient's charter, every person in the United Kingdom has the right to the attendance of an ambulance in an emergency.  The LAS employs over 4,000 staff [1] and responds to over 1 million calls for assistance a year [1]. All requests from the public are answered at the Emergency Operations Centre (EOC) in Waterloo, Lambeth, which then dispatches the appropriate resources. To assist, the command and control system is linked electronically with the equivalent system for the Metropolitan Police.  Source: <a href=""http://www.wikipedia.org"" rel=""noreferrer nofollow"">www.wikipedia.org</a>"
n02701002_6526.JPEG,n02701002_6526,n02701002,ambulance,ambulance_firetruck,0,0,,,0,
n02701002_6529.JPEG,n02701002_6529,n02701002,ambulance,ambulance_firetruck,0,0,,,0,
n02701002_6532.JPEG,n02701002_6532,n02701002,ambulance,ambulance_firetruck,0,1,,,0,
n02701002_6534.JPEG,n02701002_6534,n02701002,ambulance,ambulance_firetruck,0,0,,,0,
n02701002_6548.JPEG,n02701002_6548,n02701002,ambulance,ambulance_firetruck,0,0,,,0,
n02701002_655.JPEG,n02701002_655,n02701002,ambulance,ambulance_firetruck,0,1,,,0,
n02701002_6572.JPEG,n02701002_6572,n02701002,ambulance,ambulance_firetruck,0,0,,,0,
n02701002_6591.JPEG,n02701002_6591,n02701002,ambulance,ambulance_firetruck,0,0,,,0,
n02701002_6596.JPEG,n02701002_6596,n02701002,ambulance,ambulance_firetruck,0,0,,,0,
n02701002_6604.JPEG,n02701002_6604,n02701002,ambulance,ambulance_firetruck,0,0,,,0,
n02701002_6619.JPEG,n02701002_6619,n02701002,ambulance,ambulance_firetruck,0,0,,,0,
n02701002_6623.JPEG,n02701002_6623,n02701002,ambulance,ambulance_firetruck,0,0,,,0,
n02701002_6625.JPEG,n02701002_6625,n02701002,ambulance,ambulance_firetruck,1,1,Dodge Ambulance,guanajuato|mexico|ambulance|paramedic|EMT|ambulancia|dodge|ram|van|sanmiguel|sanmigueldeallende|hospital|hospitaldelafe,13,"Dodge Ram ambulance of Hospital de la Fe in San Miguel de Allende, Guanajuato."
n02701002_6630.JPEG,n02701002_6630,n02701002,ambulance,ambulance_firetruck,0,0,,,0,
n02701002_6638.JPEG,n02701002_6638,n02701002,ambulance,ambulance_firetruck,1,0,Ambulancia/ Ambulance,ambulancia|ambulance|er|emergencia|medico|medical|Montreal|Canada,8,
n02701002_6647.JPEG,n02701002_6647,n02701002,ambulance,ambulance_firetruck,1,1,Emi Econoline 350 Ambulance,Econoline 350|ambulance|emi|grupoemi,4,
n02701002_6650.JPEG,n02701002_6650,n02701002,ambulance,ambulance_firetruck,0,0,,,0,
n02701002_6662.JPEG,n02701002_6662,n02701002,ambulance,ambulance_firetruck,0,0,,,0,
n02701002_6667.JPEG,n02701002_6667,n02701002,ambulance,ambulance_firetruck,0,1,,,0,
n02701002_6713.JPEG,n02701002_6713,n02701002,ambulance,ambulance_firetruck,1,0,North West Ambulance Service MX54NFE,ford|mondeo|ambulance|estate|ambulancecar|bolton|northwestambulance|hpulling|howard pulling,9,08/03/08. Bolton. A Ford Mondeo estate.
n02701002_6720.JPEG,n02701002_6720,n02701002,ambulance,ambulance_firetruck,0,1,,,0,
n02701002_6721.JPEG,n02701002_6721,n02701002,ambulance,ambulance_firetruck,0,0,,,0,
n02701002_673.JPEG,n02701002_673,n02701002,ambulance,ambulance_firetruck,1,0,Ambulance,car|ambulance|warsaw|warszawa|polska|poland|bartheq|canon70200f4l|canonef70200mmf4lusm|lens:maker=canon|lens:focal_min=70|lens:focal_max=200|lens:aperture=4,13,
n02701002_6733.JPEG,n02701002_6733,n02701002,ambulance,ambulance_firetruck,0,1,,,0,
n02701002_6740.JPEG,n02701002_6740,n02701002,ambulance,ambulance_firetruck,0,0,,,0,
n02701002_6757.JPEG,n02701002_6757,n02701002,ambulance,ambulance_firetruck,0,1,,,0,
n02701002_6758.JPEG,n02701002_6758,n02701002,ambulance,ambulance_firetruck,0,0,,,0,
n02701002_676.JPEG,n02701002_676,n02701002,ambulance,ambulance_firetruck,0,0,,,0,
n02701002_6762.JPEG,n02701002_6762,n02701002,ambulance,ambulance_firetruck,0,0,,,0,
n02701002_6775.JPEG,n02701002_6775,n02701002,ambulance,ambulance_firetruck,0,0,,,0,
n02701002_6779.JPEG,n02701002_6779,n02701002,ambulance,ambulance_firetruck,0,0,,,0,
n02701002_6789.JPEG,n02701002_6789,n02701002,ambulance,ambulance_firetruck,0,0,,,0,
n02701002_681.JPEG,n02701002_681,n02701002,ambulance,ambulance_firetruck,1,0,Water Ambulance,Venice|Venezia|Italy|Italia|Tourist|Europe|European|Vacation|European Vacation|Water|Ambulance,11,
n02701002_6810.JPEG,n02701002_6810,n02701002,ambulance,ambulance_firetruck,0,0,,,0,
n02701002_682.JPEG,n02701002_682,n02701002,ambulance,ambulance_firetruck,0,1,,,0,
n02701002_683.JPEG,n02701002_683,n02701002,ambulance,ambulance_firetruck,0,1,,,0,
n02701002_6835.JPEG,n02701002_6835,n02701002,ambulance,ambulance_firetruck,0,0,,,0,
n02701002_6844.JPEG,n02701002_6844,n02701002,ambulance,ambulance_firetruck,0,0,,,0,
n02701002_686.JPEG,n02701002_686,n02701002,ambulance,ambulance_firetruck,0,0,,,0,
n02701002_688.JPEG,n02701002_688,n02701002,ambulance,ambulance_firetruck,0,0,,,0,
n02701002_6883.JPEG,n02701002_6883,n02701002,ambulance,ambulance_firetruck,1,0,Hampshire Ambulance RRV Gosport 26 Sept 2007,Ambulance|paramedic|Volvo|RRV|emergency|Gosport|Hampshire|South Central Ambulance|Hampshire Ambulance,9,A Volvo rrv which has recently appeared at Gosport ambulance station (South Central Ambulance); it appears to be back-up for the existing Volvo rrv rather than a replacement.
n02701002_6890.JPEG,n02701002_6890,n02701002,ambulance,ambulance_firetruck,0,0,,,0,
n02701002_6891.JPEG,n02701002_6891,n02701002,ambulance,ambulance_firetruck,0,0,,,0,
n02701002_6901.JPEG,n02701002_6901,n02701002,ambulance,ambulance_firetruck,0,0,,,0,
n02701002_6917.JPEG,n02701002_6917,n02701002,ambulance,ambulance_firetruck,0,0,,,0,
n02701002_693.JPEG,n02701002_693,n02701002,ambulance,ambulance_firetruck,1,1,Ambulance on ice! Sunday 06/04/2008,Mercedes-Benz Ambulance|Paramedic|Ambulance|Snow,4,Mercedes-Benz Ambulance taking shelter having just returned from jobs in the snow
n02701002_6933.JPEG,n02701002_6933,n02701002,ambulance,ambulance_firetruck,0,0,,,0,
n02701002_694.JPEG,n02701002_694,n02701002,ambulance,ambulance_firetruck,0,0,,,0,
n02701002_6954.JPEG,n02701002_6954,n02701002,ambulance,ambulance_firetruck,0,0,,,0,
n02701002_6955.JPEG,n02701002_6955,n02701002,ambulance,ambulance_firetruck,0,1,,,0,
n02701002_6960.JPEG,n02701002_6960,n02701002,ambulance,ambulance_firetruck,1,1,day 14: ambulances,day 14|montana|dawson county|glendive|fire department|fire station|ambulance|ambulance garage|easternmontana|road trip 2005,10,
n02701002_6982.JPEG,n02701002_6982,n02701002,ambulance,ambulance_firetruck,0,0,,,0,
n02701002_6996.JPEG,n02701002_6996,n02701002,ambulance,ambulance_firetruck,0,1,,,0,
n02701002_7012.JPEG,n02701002_7012,n02701002,ambulance,ambulance_firetruck,1,1,Mercedes Ambulance,mercedes|ambulance|emt|paramedic|scandinavia|sweden|stockholm,7,
n02701002_703.JPEG,n02701002_703,n02701002,ambulance,ambulance_firetruck,0,0,,,0,
n02701002_7031.JPEG,n02701002_7031,n02701002,ambulance,ambulance_firetruck,0,0,,,0,
n02701002_7038.JPEG,n02701002_7038,n02701002,ambulance,ambulance_firetruck,0,0,,,0,
n02701002_7039.JPEG,n02701002_7039,n02701002,ambulance,ambulance_firetruck,1,1,MAST Ambulance,ambulance|paramedic|911|mast|transportation,5,
n02701002_7046.JPEG,n02701002_7046,n02701002,ambulance,ambulance_firetruck,1,0,Scottish Ambulance Service at Inverness,Ambulance|Inverness|Scottish|EMS|Scotland,5,"At the ambulance station, ready to go!"
n02701002_7057.JPEG,n02701002_7057,n02701002,ambulance,ambulance_firetruck,0,1,,,0,
n02701002_7065.JPEG,n02701002_7065,n02701002,ambulance,ambulance_firetruck,1,1,Alstead NH Ambulance,EMS|Ambulance,2,Alstead Ambulance
n02701002_7071.JPEG,n02701002_7071,n02701002,ambulance,ambulance_firetruck,0,0,,,0,
n02701002_7081.JPEG,n02701002_7081,n02701002,ambulance,ambulance_firetruck,1,1,Cadillac Ambulance - 1950,cadillac|ambulance|1950|vintage|rust|old|superior,7,"By Superior Coach. Cruisin' Grand, Escondido, California 2008."
n02701002_7103.JPEG,n02701002_7103,n02701002,ambulance,ambulance_firetruck,0,1,,,0,
n02701002_7104.JPEG,n02701002_7104,n02701002,ambulance,ambulance_firetruck,0,0,,,0,
n02701002_7117.JPEG,n02701002_7117,n02701002,ambulance,ambulance_firetruck,0,0,,,0,
n02701002_7126.JPEG,n02701002_7126,n02701002,ambulance,ambulance_firetruck,1,0,Ambulance,Ambulance|Montreal,2,(taken in Montreal)
n02701002_7131.JPEG,n02701002_7131,n02701002,ambulance,ambulance_firetruck,0,1,,,0,
n02701002_714.JPEG,n02701002_714,n02701002,ambulance,ambulance_firetruck,0,0,,,0,
n02701002_7156.JPEG,n02701002_7156,n02701002,ambulance,ambulance_firetruck,0,0,,,0,
n02701002_7164.JPEG,n02701002_7164,n02701002,ambulance,ambulance_firetruck,0,0,,,0,
n02701002_7182.JPEG,n02701002_7182,n02701002,ambulance,ambulance_firetruck,0,0,,,0,
n02701002_7207.JPEG,n02701002_7207,n02701002,ambulance,ambulance_firetruck,0,0,,,0,
n02701002_724.JPEG,n02701002_724,n02701002,ambulance,ambulance_firetruck,0,0,,,0,
n02701002_7259.JPEG,n02701002_7259,n02701002,ambulance,ambulance_firetruck,0,0,,,0,
n02701002_727.JPEG,n02701002_727,n02701002,ambulance,ambulance_firetruck,0,0,,,0,
n02701002_728.JPEG,n02701002_728,n02701002,ambulance,ambulance_firetruck,0,1,,,0,
n02701002_7326.JPEG,n02701002_7326,n02701002,ambulance,ambulance_firetruck,0,0,,,0,
n02701002_7345.JPEG,n02701002_7345,n02701002,ambulance,ambulance_firetruck,0,0,,,0,
n02701002_7380.JPEG,n02701002_7380,n02701002,ambulance,ambulance_firetruck,0,0,,,0,
n02701002_7425.JPEG,n02701002_7425,n02701002,ambulance,ambulance_firetruck,0,0,,,0,
n02701002_7439.JPEG,n02701002_7439,n02701002,ambulance,ambulance_firetruck,0,1,,,0,
n02701002_744.JPEG,n02701002_744,n02701002,ambulance,ambulance_firetruck,0,1,,,0,
n02701002_7445.JPEG,n02701002_7445,n02701002,ambulance,ambulance_firetruck,0,1,,,0,
n02701002_7479.JPEG,n02701002_7479,n02701002,ambulance,ambulance_firetruck,0,0,,,0,
n02701002_751.JPEG,n02701002_751,n02701002,ambulance,ambulance_firetruck,0,0,,,0,
n02701002_752.JPEG,n02701002_752,n02701002,ambulance,ambulance_firetruck,1,0,Ambulance & Police SUV's,dark knight|batman|gotham|chicago|funeral|rory's first kiss|rfk|gotham city|police|gpd|ambulance|tdk|heath|ledger|heath ledger|dark|knight|city|august|2007,20,"Filming has wrapped for the night, but the emergency vehicles remain behind"
n02701002_753.JPEG,n02701002_753,n02701002,ambulance,ambulance_firetruck,0,1,,,0,
n02701002_7569.JPEG,n02701002_7569,n02701002,ambulance,ambulance_firetruck,0,0,,,0,
n02701002_7573.JPEG,n02701002_7573,n02701002,ambulance,ambulance_firetruck,0,0,,,0,
n02701002_7676.JPEG,n02701002_7676,n02701002,ambulance,ambulance_firetruck,0,0,,,0,
n02701002_7695.JPEG,n02701002_7695,n02701002,ambulance,ambulance_firetruck,0,0,,,0,
n02701002_773.JPEG,n02701002_773,n02701002,ambulance,ambulance_firetruck,0,0,,,0,
n02701002_7734.JPEG,n02701002_7734,n02701002,ambulance,ambulance_firetruck,0,0,,,0,
n02701002_7742.JPEG,n02701002_7742,n02701002,ambulance,ambulance_firetruck,0,0,,,0,
n02701002_7757.JPEG,n02701002_7757,n02701002,ambulance,ambulance_firetruck,0,0,,,0,
n02701002_7776.JPEG,n02701002_7776,n02701002,ambulance,ambulance_firetruck,0,0,,,0,
n02701002_779.JPEG,n02701002_779,n02701002,ambulance,ambulance_firetruck,0,0,,,0,
n02701002_782.JPEG,n02701002_782,n02701002,ambulance,ambulance_firetruck,1,0,Dublin Emergency Ambulance Van,Dublin|emergency|ambulance|van|robokubo|robert|kubica|pics|picture|obrazky|fota|fotky|fotka|fotografie|fotografia|photo|photographia|kartinka|obrazek,19,
n02701002_784.JPEG,n02701002_784,n02701002,ambulance,ambulance_firetruck,0,0,,,0,
n02701002_785.JPEG,n02701002_785,n02701002,ambulance,ambulance_firetruck,0,1,,,0,
n02701002_787.JPEG,n02701002_787,n02701002,ambulance,ambulance_firetruck,0,1,,,0,
n02701002_7874.JPEG,n02701002_7874,n02701002,ambulance,ambulance_firetruck,0,0,,,0,
n02701002_788.JPEG,n02701002_788,n02701002,ambulance,ambulance_firetruck,0,1,,,0,
n02701002_7886.JPEG,n02701002_7886,n02701002,ambulance,ambulance_firetruck,0,0,,,0,
n02701002_789.JPEG,n02701002_789,n02701002,ambulance,ambulance_firetruck,0,0,,,0,
n02701002_7894.JPEG,n02701002_7894,n02701002,ambulance,ambulance_firetruck,0,0,,,0,
n02701002_7898.JPEG,n02701002_7898,n02701002,ambulance,ambulance_firetruck,0,0,,,0,
n02701002_7908.JPEG,n02701002_7908,n02701002,ambulance,ambulance_firetruck,0,0,,,0,
n02701002_791.JPEG,n02701002_791,n02701002,ambulance,ambulance_firetruck,0,0,,,0,
n02701002_7941.JPEG,n02701002_7941,n02701002,ambulance,ambulance_firetruck,0,0,,,0,
n02701002_8.JPEG,n02701002_8,n02701002,ambulance,ambulance_firetruck,0,1,,,0,
n02701002_8004.JPEG,n02701002_8004,n02701002,ambulance,ambulance_firetruck,0,0,,,0,
n02701002_8018.JPEG,n02701002_8018,n02701002,ambulance,ambulance_firetruck,0,0,,,0,
n02701002_802.JPEG,n02701002_802,n02701002,ambulance,ambulance_firetruck,0,0,,,0,
n02701002_803.JPEG,n02701002_803,n02701002,ambulance,ambulance_firetruck,1,0,Hitching a Ambulance,Hitchhiking|Ambulance,2,Me hitching a ambulance in Romania
n02701002_804.JPEG,n02701002_804,n02701002,ambulance,ambulance_firetruck,0,0,,,0,
n02701002_805.JPEG,n02701002_805,n02701002,ambulance,ambulance_firetruck,0,1,,,0,
n02701002_807.JPEG,n02701002_807,n02701002,ambulance,ambulance_firetruck,0,0,,,0,
n02701002_809.JPEG,n02701002_809,n02701002,ambulance,ambulance_firetruck,0,0,,,0,
n02701002_8126.JPEG,n02701002_8126,n02701002,ambulance,ambulance_firetruck,0,0,,,0,
n02701002_8194.JPEG,n02701002_8194,n02701002,ambulance,ambulance_firetruck,0,0,,,0,
n02701002_82.JPEG,n02701002_82,n02701002,ambulance,ambulance_firetruck,0,0,,,0,
n02701002_8210.JPEG,n02701002_8210,n02701002,ambulance,ambulance_firetruck,0,0,,,0,
n02701002_8232.JPEG,n02701002_8232,n02701002,ambulance,ambulance_firetruck,0,0,,,0,
n02701002_825.JPEG,n02701002_825,n02701002,ambulance,ambulance_firetruck,0,0,,,0,
n02701002_8302.JPEG,n02701002_8302,n02701002,ambulance,ambulance_firetruck,0,0,,,0,
n02701002_836.JPEG,n02701002_836,n02701002,ambulance,ambulance_firetruck,0,1,,,0,
n02701002_839.JPEG,n02701002_839,n02701002,ambulance,ambulance_firetruck,0,1,,,0,
n02701002_840.JPEG,n02701002_840,n02701002,ambulance,ambulance_firetruck,0,0,,,0,
n02701002_841.JPEG,n02701002_841,n02701002,ambulance,ambulance_firetruck,0,0,,,0,
n02701002_845.JPEG,n02701002_845,n02701002,ambulance,ambulance_firetruck,0,0,,,0,
n02701002_847.JPEG,n02701002_847,n02701002,ambulance,ambulance_firetruck,0,0,,,0,
n02701002_848.JPEG,n02701002_848,n02701002,ambulance,ambulance_firetruck,0,1,,,0,
n02701002_8504.JPEG,n02701002_8504,n02701002,ambulance,ambulance_firetruck,0,0,,,0,
n02701002_8512.JPEG,n02701002_8512,n02701002,ambulance,ambulance_firetruck,0,1,,,0,
n02701002_857.JPEG,n02701002_857,n02701002,ambulance,ambulance_firetruck,0,0,,,0,
n02701002_8586.JPEG,n02701002_8586,n02701002,ambulance,ambulance_firetruck,0,0,,,0,
n02701002_86.JPEG,n02701002_86,n02701002,ambulance,ambulance_firetruck,0,0,,,0,
n02701002_861.JPEG,n02701002_861,n02701002,ambulance,ambulance_firetruck,0,1,,,0,
n02701002_8614.JPEG,n02701002_8614,n02701002,ambulance,ambulance_firetruck,0,0,,,0,
n02701002_8616.JPEG,n02701002_8616,n02701002,ambulance,ambulance_firetruck,0,0,,,0,
n02701002_864.JPEG,n02701002_864,n02701002,ambulance,ambulance_firetruck,0,0,,,0,
n02701002_873.JPEG,n02701002_873,n02701002,ambulance,ambulance_firetruck,0,0,,,0,
n02701002_877.JPEG,n02701002_877,n02701002,ambulance,ambulance_firetruck,1,1,Pakistan: IRC-Donated Ambulance in Danna,irc|international rescue committee|humanitarian blog|refugees|humanitarian aid|refugee|pakistan|afghanistan|health|ambulance|earthquake|danna,12,"Photo: Ronnie Saha/The IRC  You can see a Google Map of Ronnie's Apr/May 2007 trip to Pakistan and Afghanistan at:  <a href=""http://www.ircblog.org/archives/1930_1321467639/231253"" rel=""noreferrer nofollow"">www.ircblog.org/archives/1930_1321467639/231253</a>"
n02701002_8775.JPEG,n02701002_8775,n02701002,ambulance,ambulance_firetruck,0,0,,,0,
n02701002_8833.JPEG,n02701002_8833,n02701002,ambulance,ambulance_firetruck,0,0,,,0,
n02701002_8841.JPEG,n02701002_8841,n02701002,ambulance,ambulance_firetruck,0,0,,,0,
n02701002_8892.JPEG,n02701002_8892,n02701002,ambulance,ambulance_firetruck,0,0,,,0,
n02701002_89.JPEG,n02701002_89,n02701002,ambulance,ambulance_firetruck,0,0,,,0,
n02701002_890.JPEG,n02701002_890,n02701002,ambulance,ambulance_firetruck,0,1,,,0,
n02701002_891.JPEG,n02701002_891,n02701002,ambulance,ambulance_firetruck,1,0,ambulance responding,ambulance|christopdesoto|chris belanger,3,an amulance in new york up
n02701002_8912.JPEG,n02701002_8912,n02701002,ambulance,ambulance_firetruck,0,0,,,0,
n02701002_894.JPEG,n02701002_894,n02701002,ambulance,ambulance_firetruck,0,0,,,0,
n02701002_9022.JPEG,n02701002_9022,n02701002,ambulance,ambulance_firetruck,0,0,,,0,
n02701002_903.JPEG,n02701002_903,n02701002,ambulance,ambulance_firetruck,1,1,Another shot of the Ottawa Paramedic Services Ford E-450 Ambulance...,Ottawa|Ontario|Canada|city|ville|OC Transpo|Hurdman|Transitway|stop|station|terminus|bus|autobus|winter|hiver|snow|neige|geotagged|bus stop|Ford|E-series|Ford E-450|ambulance|paramedics|paramedicals|medical technicians|emergency|urgence|EMS|candid|unsuspecting|Ottawa Paramedic Service|911|安大略|加拿大|渥太华,36,"...at the OC Transpo Hurdman Transitway stop.  I posted one earlier with the ambulance driver coming out of the side door, but I also like this shot because the sun came out briefly, shining on the ambulance cab."
n02701002_9054.JPEG,n02701002_9054,n02701002,ambulance,ambulance_firetruck,0,0,,,0,
n02701002_9069.JPEG,n02701002_9069,n02701002,ambulance,ambulance_firetruck,0,0,,,0,
n02701002_9074.JPEG,n02701002_9074,n02701002,ambulance,ambulance_firetruck,0,0,,,0,
n02701002_908.JPEG,n02701002_908,n02701002,ambulance,ambulance_firetruck,1,1,Jet Ambulance,jet cars under the stars|drag racing|Jet|Ambulance,4,
n02701002_9088.JPEG,n02701002_9088,n02701002,ambulance,ambulance_firetruck,0,0,,,0,
n02701002_9107.JPEG,n02701002_9107,n02701002,ambulance,ambulance_firetruck,0,0,,,0,
n02701002_9118.JPEG,n02701002_9118,n02701002,ambulance,ambulance_firetruck,0,1,,,0,
n02701002_913.JPEG,n02701002_913,n02701002,ambulance,ambulance_firetruck,0,1,,,0,
n02701002_916.JPEG,n02701002_916,n02701002,ambulance,ambulance_firetruck,0,0,,,0,
n02701002_919.JPEG,n02701002_919,n02701002,ambulance,ambulance_firetruck,0,0,,,0,
n02701002_9212.JPEG,n02701002_9212,n02701002,ambulance,ambulance_firetruck,0,0,,,0,
n02701002_9221.JPEG,n02701002_9221,n02701002,ambulance,ambulance_firetruck,0,0,,,0,
n02701002_925.JPEG,n02701002_925,n02701002,ambulance,ambulance_firetruck,0,0,,,0,
n02701002_9250.JPEG,n02701002_9250,n02701002,ambulance,ambulance_firetruck,0,0,,,0,
n02701002_926.JPEG,n02701002_926,n02701002,ambulance,ambulance_firetruck,1,1,Ambulance?,Berlin|Germany|Ambulance,3,"If you look closely, it has zebra print seats"
n02701002_9268.JPEG,n02701002_9268,n02701002,ambulance,ambulance_firetruck,0,0,,,0,
n02701002_9281.JPEG,n02701002_9281,n02701002,ambulance,ambulance_firetruck,0,0,,,0,
n02701002_9285.JPEG,n02701002_9285,n02701002,ambulance,ambulance_firetruck,0,0,,,0,
n02701002_932.JPEG,n02701002_932,n02701002,ambulance,ambulance_firetruck,0,0,,,0,
n02701002_936.JPEG,n02701002_936,n02701002,ambulance,ambulance_firetruck,0,0,,,0,
n02701002_9369.JPEG,n02701002_9369,n02701002,ambulance,ambulance_firetruck,0,0,,,0,
n02701002_937.JPEG,n02701002_937,n02701002,ambulance,ambulance_firetruck,0,1,,,0,
n02701002_938.JPEG,n02701002_938,n02701002,ambulance,ambulance_firetruck,0,0,,,0,
n02701002_939.JPEG,n02701002_939,n02701002,ambulance,ambulance_firetruck,0,0,,,0,
n02701002_941.JPEG,n02701002_941,n02701002,ambulance,ambulance_firetruck,0,1,,,0,
n02701002_9426.JPEG,n02701002_9426,n02701002,ambulance,ambulance_firetruck,0,0,,,0,
n02701002_944.JPEG,n02701002_944,n02701002,ambulance,ambulance_firetruck,1,1,Westcountry Ambulance WA51LCZ,westcountry ambulance|was|ambulance|nhs|plymouth|set382|renault|van,8,"RENAULT MASTER D LWB  AMBULANCE 2499cc (01/10/2001) HYBRID ELECTRIC westcountry ambulance August 2004  As featured on <a href=""http://sites.google.com/a/plymothiantransit.com/register/Home"" rel=""noreferrer nofollow"">Plymothian Transit Register</a>"
n02701002_953.JPEG,n02701002_953,n02701002,ambulance,ambulance_firetruck,1,1,Wellington Free Ambulance,Johnsonville|Xmas Parade|Christmas Parade|Wellington|Ambulance,5,
n02701002_9556.JPEG,n02701002_9556,n02701002,ambulance,ambulance_firetruck,0,0,,,0,
n02701002_96.JPEG,n02701002_96,n02701002,ambulance,ambulance_firetruck,0,0,,,0,
n02701002_9659.JPEG,n02701002_9659,n02701002,ambulance,ambulance_firetruck,0,0,,,0,
n02701002_9662.JPEG,n02701002_9662,n02701002,ambulance,ambulance_firetruck,0,0,,,0,
n02701002_9663.JPEG,n02701002_9663,n02701002,ambulance,ambulance_firetruck,0,1,,,0,
n02701002_9705.JPEG,n02701002_9705,n02701002,ambulance,ambulance_firetruck,0,0,,,0,
n02701002_9706.JPEG,n02701002_9706,n02701002,ambulance,ambulance_firetruck,0,0,,,0,
n02701002_9722.JPEG,n02701002_9722,n02701002,ambulance,ambulance_firetruck,0,1,,,0,
n02701002_9738.JPEG,n02701002_9738,n02701002,ambulance,ambulance_firetruck,0,0,,,0,
n02701002_976.JPEG,n02701002_976,n02701002,ambulance,ambulance_firetruck,0,0,,,0,
n02701002_9770.JPEG,n02701002_9770,n02701002,ambulance,ambulance_firetruck,0,0,,,0,
n02701002_9796.JPEG,n02701002_9796,n02701002,ambulance,ambulance_firetruck,0,0,,,0,
n02701002_984.JPEG,n02701002_984,n02701002,ambulance,ambulance_firetruck,0,0,,,0,
n02701002_9847.JPEG,n02701002_9847,n02701002,ambulance,ambulance_firetruck,0,0,,,0,
n02701002_988.JPEG,n02701002_988,n02701002,ambulance,ambulance_firetruck,0,0,,,0,
n02701002_9899.JPEG,n02701002_9899,n02701002,ambulance,ambulance_firetruck,0,0,,,0,
n02701002_9900.JPEG,n02701002_9900,n02701002,ambulance,ambulance_firetruck,0,0,,,0,
n02701002_9918.JPEG,n02701002_9918,n02701002,ambulance,ambulance_firetruck,0,0,,,0,
n02701002_9928.JPEG,n02701002_9928,n02701002,ambulance,ambulance_firetruck,0,0,,,0,
n02701002_9931.JPEG,n02701002_9931,n02701002,ambulance,ambulance_firetruck,0,1,,,0,
n02701002_9949.JPEG,n02701002_9949,n02701002,ambulance,ambulance_firetruck,0,1,,,0,
n02701002_995.JPEG,n02701002_995,n02701002,ambulance,ambulance_firetruck,0,0,,,0,
n02701002_9988.JPEG,n02701002_9988,n02701002,ambulance,ambulance_firetruck,0,0,,,0,
n02701002_9995.JPEG,n02701002_9995,n02701002,ambulance,ambulance_firetruck,0,0,,,0,
