image,stem,wnid,class,pair,has_caption,has_bbox,title,tags,n_tags,description
n02219486_10008.JPEG,n02219486_10008,n02219486,ant,ant_bee,1,0,morerandompics 098,wood|ants|insects|ant|insect|bug|fireants,7,
n02219486_10047.JPEG,n02219486_10047,n02219486,ant,ant_bee,0,0,,,0,
n02219486_1018.JPEG,n02219486_1018,n02219486,ant,ant_bee,1,1,Carpenter Ant,Ants|CarpenterAnts|Dandelions|Insects,4,I think this is a Queen Carpenter Ant because it flew just after I snapped the picture
n02219486_10213.JPEG,n02219486_10213,n02219486,ant,ant_bee,0,0,,,0,
n02219486_10354.JPEG,n02219486_10354,n02219486,ant,ant_bee,0,0,,,0,
n02219486_10375.JPEG,n02219486_10375,n02219486,ant,ant_bee,1,0,"""Ant Party""",Ants|Lunch|Bread|Colony|Hey guys this is heaven|Exited Ants|Plate|Butter|Elizabeth_ jE.,9,"Like this s,B? ROF!! LOL  Aww i couldn't disterb them thay looked like they where haveing a wonderfull time.. and thay even brought a queen looking ant, tho I'm sure it wasn't her tho was huge compared to them.   "
n02219486_10391.JPEG,n02219486_10391,n02219486,ant,ant_bee,0,1,,,0,
n02219486_10468.JPEG,n02219486_10468,n02219486,ant,ant_bee,1,1,Leaf cutter ant,macro|close|up|leaf|cutter|ant|nature|insect|DiamondClassPhotographer|flickrdiamond|BuzzNBugz,11,Larger version available
n02219486_10500.JPEG,n02219486_10500,n02219486,ant,ant_bee,0,0,,,0,
n02219486_10515.JPEG,n02219486_10515,n02219486,ant,ant_bee,1,0,ant party.. everyone's invited!!,ant|queen|worker|male|colony|insect|macro|konica|minolta|kd-310z,10,"everybody's going to the party, have a real good time... Queen ants, male ants, major and minor workers .. "
n02219486_10849.JPEG,n02219486_10849,n02219486,ant,ant_bee,0,1,,,0,
n02219486_10855.JPEG,n02219486_10855,n02219486,ant,ant_bee,0,0,,,0,
n02219486_10922.JPEG,n02219486_10922,n02219486,ant,ant_bee,0,1,,,0,
n02219486_10972.JPEG,n02219486_10972,n02219486,ant,ant_bee,1,0,ants_640x480,newspaper|Japanese|ants|wrinkled|crumpled|badge|bitter rivalry,7,"I can only assume that these ants are poised to do battle on the field of combat.  The Me and Koji Inugay of ants."
n02219486_10975.JPEG,n02219486_10975,n02219486,ant,ant_bee,1,0,Ant-guiding-aphid-2006-06-28-121,Ants|Aphids|Symbiotic|Relationship,4,Ant herding an aphid
n02219486_11030.JPEG,n02219486_11030,n02219486,ant,ant_bee,0,0,,,0,
n02219486_11075.JPEG,n02219486_11075,n02219486,ant,ant_bee,0,0,,,0,
n02219486_11110.JPEG,n02219486_11110,n02219486,ant,ant_bee,0,0,,,0,
n02219486_11111.JPEG,n02219486_11111,n02219486,ant,ant_bee,0,0,,,0,
n02219486_11161.JPEG,n02219486_11161,n02219486,ant,ant_bee,0,0,,,0,
n02219486_11237.JPEG,n02219486_11237,n02219486,ant,ant_bee,1,1,Ant treck,Ant|slate|macro|insect|garden|wildlife,6,
n02219486_11326.JPEG,n02219486_11326,n02219486,ant,ant_bee,0,0,,,0,
n02219486_11332.JPEG,n02219486_11332,n02219486,ant,ant_bee,1,1,Hungry Ants,hungry|ants,2,On my way to the shop for milk I saw these ants bringing home their breakfast.
n02219486_11448.JPEG,n02219486_11448,n02219486,ant,ant_bee,0,1,,,0,
n02219486_11462.JPEG,n02219486_11462,n02219486,ant,ant_bee,0,1,,,0,
n02219486_11540.JPEG,n02219486_11540,n02219486,ant,ant_bee,0,1,,,0,
n02219486_11546.JPEG,n02219486_11546,n02219486,ant,ant_bee,0,0,,,0,
n02219486_11549.JPEG,n02219486_11549,n02219486,ant,ant_bee,0,0,,,0,
n02219486_11580.JPEG,n02219486_11580,n02219486,ant,ant_bee,1,1,Insect,malta|pentax|insect|flying|ant|maximus|difermo,7,"Spotted this insect, set to macro and... click!"
n02219486_11594.JPEG,n02219486_11594,n02219486,ant,ant_bee,0,0,,,0,
n02219486_11686.JPEG,n02219486_11686,n02219486,ant,ant_bee,1,1,Ant,insects|japan|summer|ants|flower|morningglory,6,
n02219486_11726.JPEG,n02219486_11726,n02219486,ant,ant_bee,1,1,Camponotus punctualtus insect ant,Camponotus|punctulaus|ant/insect,3,
n02219486_11798.JPEG,n02219486_11798,n02219486,ant,ant_bee,1,0,Ants,ant,1,Two ants eating our food!
n02219486_1181.JPEG,n02219486_1181,n02219486,ant,ant_bee,0,1,,,0,
n02219486_11990.JPEG,n02219486_11990,n02219486,ant,ant_bee,1,1,Ant Petal,nature|natural|ant|bug|insect|creepy crawly|beauty|delicate|strong|strength|worker|macro,12,An OK Macro of one of the most facinating and organised creatures on this planet; the humble <b>Ant</b>.
n02219486_12052.JPEG,n02219486_12052,n02219486,ant,ant_bee,0,0,,,0,
n02219486_12105.JPEG,n02219486_12105,n02219486,ant,ant_bee,0,0,,,0,
n02219486_12241.JPEG,n02219486_12241,n02219486,ant,ant_bee,0,0,,,0,
n02219486_12270.JPEG,n02219486_12270,n02219486,ant,ant_bee,0,1,,,0,
n02219486_12275.JPEG,n02219486_12275,n02219486,ant,ant_bee,0,0,,,0,
n02219486_12293.JPEG,n02219486_12293,n02219486,ant,ant_bee,0,0,,,0,
n02219486_12308.JPEG,n02219486_12308,n02219486,ant,ant_bee,0,0,,,0,
n02219486_12350.JPEG,n02219486_12350,n02219486,ant,ant_bee,0,0,,,0,
n02219486_12412.JPEG,n02219486_12412,n02219486,ant,ant_bee,0,0,,,0,
n02219486_12513.JPEG,n02219486_12513,n02219486,ant,ant_bee,0,0,,,0,
n02219486_1252.JPEG,n02219486_1252,n02219486,ant,ant_bee,0,0,,,0,
n02219486_12561.JPEG,n02219486_12561,n02219486,ant,ant_bee,0,0,,,0,
n02219486_12628.JPEG,n02219486_12628,n02219486,ant,ant_bee,0,0,,,0,
n02219486_12873.JPEG,n02219486_12873,n02219486,ant,ant_bee,0,0,,,0,
n02219486_12983.JPEG,n02219486_12983,n02219486,ant,ant_bee,0,0,,,0,
n02219486_12993.JPEG,n02219486_12993,n02219486,ant,ant_bee,0,0,,,0,
n02219486_13116.JPEG,n02219486_13116,n02219486,ant,ant_bee,1,1,Ant outside the laundry room,big|bend|national|park|texas|chihuahuan|desert|chisos|mountains|basin|ant|long|legs|pebbles,14,One of Scott's stunning photos. Long legs keep this ant slightly higher off the hot ground.
n02219486_13178.JPEG,n02219486_13178,n02219486,ant,ant_bee,0,1,,,0,
n02219486_13358.JPEG,n02219486_13358,n02219486,ant,ant_bee,0,0,,,0,
n02219486_13486.JPEG,n02219486_13486,n02219486,ant,ant_bee,1,1,Ant,nikon|d50|sigma105|norway|trøndelag|orkdal|svorkmo|ant|macro|insect,10,"Ant climbing in my field of focus  <a href=""http://bighugelabs.com/flickr/onblack.php?id=566122752&amp;size=Large"" rel=""noreferrer nofollow"">On Black</a>"
n02219486_1353.JPEG,n02219486_1353,n02219486,ant,ant_bee,0,0,,,0,
n02219486_13553.JPEG,n02219486_13553,n02219486,ant,ant_bee,0,0,,,0,
n02219486_13595.JPEG,n02219486_13595,n02219486,ant,ant_bee,1,1,David and Goliath,animals|insects|spider|ant|dead|macro|close-up,7,"Belongs to the Misc Set. It is not as dramatic as it looks. The ant had already won and was dragging this dead spider back home for food. I had to take like ten photos before I got this one, and I'm still not 100% satisfied with it. My camera seems to focus at random sometimes and I hate it. Note to self: Get a better camera."
n02219486_13700.JPEG,n02219486_13700,n02219486,ant,ant_bee,0,0,,,0,
n02219486_13834.JPEG,n02219486_13834,n02219486,ant,ant_bee,0,0,,,0,
n02219486_13862.JPEG,n02219486_13862,n02219486,ant,ant_bee,1,0,Formica ant with aphids,Formica|ant|aphid|insect|behavior|mutualism|Michigan|esgr,8,A <i>Formica sp.</i> ant tending aphids.  Observed in southeastern Michigan. 
n02219486_13889.JPEG,n02219486_13889,n02219486,ant,ant_bee,1,0,Ant Pinky,flower|flowers|garden|gardening|ant|ants|flickrdiamond|DiamondClassPhotographer|UltimateShot|WowieKazowie,10,There an ant in those azaleas! 
n02219486_13980.JPEG,n02219486_13980,n02219486,ant,ant_bee,0,1,,,0,
n02219486_14007.JPEG,n02219486_14007,n02219486,ant,ant_bee,0,0,,,0,
n02219486_14013.JPEG,n02219486_14013,n02219486,ant,ant_bee,0,0,,,0,
n02219486_14046.JPEG,n02219486_14046,n02219486,ant,ant_bee,0,1,,,0,
n02219486_14135.JPEG,n02219486_14135,n02219486,ant,ant_bee,0,0,,,0,
n02219486_14222.JPEG,n02219486_14222,n02219486,ant,ant_bee,0,0,,,0,
n02219486_14281.JPEG,n02219486_14281,n02219486,ant,ant_bee,0,0,,,0,
n02219486_14312.JPEG,n02219486_14312,n02219486,ant,ant_bee,0,0,,,0,
n02219486_14396.JPEG,n02219486_14396,n02219486,ant,ant_bee,1,0,Hot901,ant|insect|barbed wire|macro|Panasonic|Lumix|fz20|hotpiccies|Thailand,9,
n02219486_14455.JPEG,n02219486_14455,n02219486,ant,ant_bee,0,1,,,0,
n02219486_14486.JPEG,n02219486_14486,n02219486,ant,ant_bee,0,0,,,0,
n02219486_14495.JPEG,n02219486_14495,n02219486,ant,ant_bee,0,0,,,0,
n02219486_14529.JPEG,n02219486_14529,n02219486,ant,ant_bee,0,1,,,0,
n02219486_14545.JPEG,n02219486_14545,n02219486,ant,ant_bee,0,0,,,0,
n02219486_14585.JPEG,n02219486_14585,n02219486,ant,ant_bee,1,0,red ants,san marcos foothills|santa barbara|red ants,3,I rarely see these guys at any time other than summer. It's summer now and they're busy as ever. So much prettier than the angentinian ants we see everywhere.
n02219486_14649.JPEG,n02219486_14649,n02219486,ant,ant_bee,0,0,,,0,
n02219486_1466.JPEG,n02219486_1466,n02219486,ant,ant_bee,1,0,Ant,formiga|ant|bug|inseto|macro|canon|a510|canona510|GuGaa,9,Aproveitando o q há no pc...  Olha os dentinhos dela!
n02219486_14662.JPEG,n02219486_14662,n02219486,ant,ant_bee,0,1,,,0,
n02219486_14764.JPEG,n02219486_14764,n02219486,ant,ant_bee,0,0,,,0,
n02219486_1487.JPEG,n02219486_1487,n02219486,ant,ant_bee,0,0,,,0,
n02219486_14900.JPEG,n02219486_14900,n02219486,ant,ant_bee,1,1,Spider And The Ant,Jumping Spider|Citronella Ant|Acanthomyops interjectus|Yellow Ant|180mm|macro|Canon|40D|Swan Park Metropark|September|2007|IMG_1183|WoW,13,The ant lost!!  Best viewed large.
n02219486_14940.JPEG,n02219486_14940,n02219486,ant,ant_bee,0,1,,,0,
n02219486_14980.JPEG,n02219486_14980,n02219486,ant,ant_bee,1,0,Ants,animals|ants|insects,3,
n02219486_14982.JPEG,n02219486_14982,n02219486,ant,ant_bee,1,0,Aerial view of ants,ants|kitchen|pests|bugs|condo,5,Argentinian ants will no longer cohabitate with me.
n02219486_15025.JPEG,n02219486_15025,n02219486,ant,ant_bee,1,1,Ant cleaning the nest (I suppose),ant|insect|macro|ilovenature|bug|nature|tiny|tamron90mm|tussenring36mm,9,And here only the head is not thát clear as I want... Stay tuned! One more to come!
n02219486_15042.JPEG,n02219486_15042,n02219486,ant,ant_bee,0,0,,,0,
n02219486_15215.JPEG,n02219486_15215,n02219486,ant,ant_bee,1,0,Close up of worker ants in the garden,insects|ants|garden|bugs|creepy crawlies,5,
n02219486_15238.JPEG,n02219486_15238,n02219486,ant,ant_bee,0,0,,,0,
n02219486_15347.JPEG,n02219486_15347,n02219486,ant,ant_bee,0,0,,,0,
n02219486_15388.JPEG,n02219486_15388,n02219486,ant,ant_bee,0,1,,,0,
n02219486_15548.JPEG,n02219486_15548,n02219486,ant,ant_bee,0,0,,,0,
n02219486_15690.JPEG,n02219486_15690,n02219486,ant,ant_bee,0,0,,,0,
n02219486_15734.JPEG,n02219486_15734,n02219486,ant,ant_bee,0,0,,,0,
n02219486_15757.JPEG,n02219486_15757,n02219486,ant,ant_bee,0,1,,,0,
n02219486_15793.JPEG,n02219486_15793,n02219486,ant,ant_bee,0,0,,,0,
n02219486_15865.JPEG,n02219486_15865,n02219486,ant,ant_bee,0,0,,,0,
n02219486_15867.JPEG,n02219486_15867,n02219486,ant,ant_bee,0,0,,,0,
n02219486_15889.JPEG,n02219486_15889,n02219486,ant,ant_bee,0,0,,,0,
n02219486_15976.JPEG,n02219486_15976,n02219486,ant,ant_bee,0,1,,,0,
n02219486_15985.JPEG,n02219486_15985,n02219486,ant,ant_bee,1,1,Ants at three times life size series 6-2,macro|nature|insect|ant|Canon|Xti|400D|100mm|Dalantech|John Kimbler|ish@Flickr,11,"Amazing what you can do with a little sugar water on a tree... :)  All Canon gear: Xti (manual mode F16, 1/200, ISO 200) + 62mm of extension tubes + 100mm macro lens + 500D diopter. MR-14EX ring flash set to a 4:1 ratio and 0 FEC."
n02219486_16046.JPEG,n02219486_16046,n02219486,ant,ant_bee,1,1,Red Hot Poker plant,nature|flowers|insect|ant|red hot pokers|plant|nectar,7,...these pods from this plant (flower) must have some type of nectar that attracts the little black ants!!
n02219486_1608.JPEG,n02219486_1608,n02219486,ant,ant_bee,0,0,,,0,
n02219486_16086.JPEG,n02219486_16086,n02219486,ant,ant_bee,0,0,,,0,
n02219486_1610.JPEG,n02219486_1610,n02219486,ant,ant_bee,0,0,,,0,
n02219486_16174.JPEG,n02219486_16174,n02219486,ant,ant_bee,1,1,Pencil Cholla Blossom and Ant 2,nature|flowers|cactus|insects|ants|New Mexico|NM|southwest|macro|close-up,10,
n02219486_16196.JPEG,n02219486_16196,n02219486,ant,ant_bee,1,1,Ant,insect|ant|hangya,3,
n02219486_16415.JPEG,n02219486_16415,n02219486,ant,ant_bee,1,1,Ant,ant|bug|closeup|flower|insect|macro|national park|nature|pink|plant|pollen|prairie|wild,13,"Badlands National Park, South Dakota."
n02219486_16457.JPEG,n02219486_16457,n02219486,ant,ant_bee,1,1,A citric ant,australia|ant,2,Ant with citric acid in it's body to repel attackers.
n02219486_16472.JPEG,n02219486_16472,n02219486,ant,ant_bee,1,1,Ant,Canon Powershot A620|ant|leaf|green|macro|lines|COTC:personalfavorite|i500|interestingness427,9,
n02219486_16481.JPEG,n02219486_16481,n02219486,ant,ant_bee,1,0,ant heart,philadelphia|april|2005|ant|swarm|insect|sidewalk|heart,8,
n02219486_16577.JPEG,n02219486_16577,n02219486,ant,ant_bee,1,1,ant ser2 photos (7),ant|brass|handmade|geoffrey haberman|insect|metal|Sony|f717|sculpture|metal sculpture|praying mantis metal sculpure|insect sculpture|insect metal sculpture|Sony DSC f717|Alliston,15,Tried to get better shots using daylight and a lighter backround
n02219486_16581.JPEG,n02219486_16581,n02219486,ant,ant_bee,0,0,,,0,
n02219486_16596.JPEG,n02219486_16596,n02219486,ant,ant_bee,0,1,,,0,
n02219486_16606.JPEG,n02219486_16606,n02219486,ant,ant_bee,1,1,aNt!!!,insect|ant|nature|aLice,4,green aNt!!! exactly dont know the real name!! but looked so gooooood....
n02219486_16619.JPEG,n02219486_16619,n02219486,ant,ant_bee,1,1,ant_2,macro|bug|insect|ant,4,"Ah, I like the light and focus, just not the comp."
n02219486_16655.JPEG,n02219486_16655,n02219486,ant,ant_bee,0,0,,,0,
n02219486_1677.JPEG,n02219486_1677,n02219486,ant,ant_bee,1,1,Flower Cave,flower|flor|color|cor|yellow|amarelo|purple|roxo|violet|violeta|insect|bug|inseto|ant|formiga|macro,16,The little ant found a place to rest in!  A formiguinha encontrou um lugar pra descansar!  =]
n02219486_16774.JPEG,n02219486_16774,n02219486,ant,ant_bee,0,0,,,0,
n02219486_16860.JPEG,n02219486_16860,n02219486,ant,ant_bee,1,1,Panning de Formiga / Ant Panning,Formiga|ant|panning|leaf|bolivar|brasil|Duetos|challenge you winner|Bolivar Trindade © All Rights Reserved,9,"Panning de formiga em uma árvore, sem manipulação, somente recorte e assinatura. Canon SD300, without manipulation."
n02219486_17047.JPEG,n02219486_17047,n02219486,ant,ant_bee,0,0,,,0,
n02219486_17104.JPEG,n02219486_17104,n02219486,ant,ant_bee,0,0,,,0,
n02219486_17158.JPEG,n02219486_17158,n02219486,ant,ant_bee,1,1,Ant eats nectar,ant|flower|insect,3,
n02219486_17219.JPEG,n02219486_17219,n02219486,ant,ant_bee,0,1,,,0,
n02219486_17247.JPEG,n02219486_17247,n02219486,ant,ant_bee,0,1,,,0,
n02219486_17290.JPEG,n02219486_17290,n02219486,ant,ant_bee,0,0,,,0,
n02219486_17317.JPEG,n02219486_17317,n02219486,ant,ant_bee,0,1,,,0,
n02219486_17334.JPEG,n02219486_17334,n02219486,ant,ant_bee,1,1,Cambodian red ant,insects|insectos|cambodia|macro|hormiga|ant,6,A red ant in Cambodia chillin'...
n02219486_17374.JPEG,n02219486_17374,n02219486,ant,ant_bee,0,1,,,0,
n02219486_17409.JPEG,n02219486_17409,n02219486,ant,ant_bee,1,1,Ant's-Eye View,ant|leaf|summer|green|Kirkland|Washington|Seattle|insect|v50,9,"June 4, 2006 Kirkland, WA"
n02219486_17534.JPEG,n02219486_17534,n02219486,ant,ant_bee,0,0,,,0,
n02219486_17535.JPEG,n02219486_17535,n02219486,ant,ant_bee,1,0,Ants,Bali|indonesia|ant|ants|wasp|wasps|prey|insect|insects|hymenoptera,10,Ants with some prey in Bali. Looks like a wasp they have for prey. 
n02219486_17589.JPEG,n02219486_17589,n02219486,ant,ant_bee,1,1,Carpenter Ant,ant|Ameise|Ontario|Canada|Kanada|Niagara Falls|Camponotus anthrax|Camponotus|carpenter ant|Holzameise|Rossameise,11,"<a href=""http://pick4.pick.uga.edu/mp/20q?act=x_ant&amp;path=Insecta/Hymenoptera/Formicidae/Camponotus/anthrax&amp;name=Camponotus anthrax&amp;xml=Ants&amp;authority=Wheeler"" rel=""noreferrer nofollow"">Camponotus anthrax</a>?  Seen at Niagara Falls on the wall to the gorge."
n02219486_17682.JPEG,n02219486_17682,n02219486,ant,ant_bee,1,1,Agapanthus with ant,Pflanze|plant|Insekt|insect|ant|Ameise|flower|Blüte|Agapanthus|Schmucklilie,10,
n02219486_17706.JPEG,n02219486_17706,n02219486,ant,ant_bee,1,1,Ants And A Tail,lizard|tail|ants|meal|food|ick|gross|cool|macro,9,Some ants are feasting on a fallen-off lizard tail.
n02219486_17713.JPEG,n02219486_17713,n02219486,ant,ant_bee,1,1,Moss Rose Flowers and Ant,digital|color|canon|eos|20d|lenstagged|EF 200mm/2.8 L|Kenko 12mm DG Extension Tube|Kenko 20mm DG Extension Tube|Kenko 36mm DG Extension Tube|plant|flower|moss rose|insect|ant|2007,16,"day 7. slept most of the day to recover from hiking through hidden springs state forest yesterday. that trip was unproductive; hidden springs is visually boring. no energy to go anywhere, so i fulfilled today's shooting requirement in the backyard."
n02219486_17829.JPEG,n02219486_17829,n02219486,ant,ant_bee,1,1,Ant on the brick,Canon EOS 400D|Garden|Nifty Fifty|Canon EF 50mm f/1.8 II|Close Up|Close Up Filter +10|Ant|Insect|Rome|Italy,10,"Playing with my new +10 close up filter and I spotted this ant, however it wouldn't stay still!"
n02219486_17847.JPEG,n02219486_17847,n02219486,ant,ant_bee,0,0,,,0,
n02219486_17907.JPEG,n02219486_17907,n02219486,ant,ant_bee,1,1,Shots from the archives #84 Ants and aphids,macro|bug|insect|ant|aphid,5,I think these ants are transferring honey dew between them
n02219486_17953.JPEG,n02219486_17953,n02219486,ant,ant_bee,0,0,,,0,
n02219486_17963.JPEG,n02219486_17963,n02219486,ant,ant_bee,0,0,,,0,
n02219486_18132.JPEG,n02219486_18132,n02219486,ant,ant_bee,0,0,,,0,
n02219486_18312.JPEG,n02219486_18312,n02219486,ant,ant_bee,1,1,"Cutler Park, ant closeup",cutler park|bug|insect|ant,4,IMG_1013w
n02219486_18346.JPEG,n02219486_18346,n02219486,ant,ant_bee,0,1,,,0,
n02219486_18348.JPEG,n02219486_18348,n02219486,ant,ant_bee,1,0,Yellow Meadow Ant (lasius flavus) and eggs,ant|insect|macro|closeup|bug|yellow meadow ant|SpecAnimal|jon law|improvedimage,9," Yellow Meadow Ant (lasius flavus) and eggs  <a href=""http://www.flickr.com/photo_zoom.gne?id=219244051&amp;size=o"">Best Viewed Original</a>"
n02219486_18412.JPEG,n02219486_18412,n02219486,ant,ant_bee,0,0,,,0,
n02219486_18594.JPEG,n02219486_18594,n02219486,ant,ant_bee,1,0,Ant - Delivery Food!,insects|dragonfly|ant|robber fly|macro|tamron90mm|90mm|tamron|tamronsp90|closeup|taman rimba|ttdi|malaysia|taman tun,14,Pizza Hut Style Perhaps?
n02219486_18596.JPEG,n02219486_18596,n02219486,ant,ant_bee,1,1,Ant & prey,"ant|wood ant|formica rufa|macro|Beaulieu Heath|New Forest|national park|Hampshire|Hawkhill|Hawkhill Inclosure|Opalescent paint job|insect|Look out Geophysicists, they're coming to get you|Jim|Champion|JimChampion|treehouse1977",17,"I'm guessing a wood ant (<a href=""http://en.wikipedia.org/wiki/Formica_rufa"" rel=""noreferrer nofollow"">Formica rufa</a>). Seen on the roof of my car in the Hawkhill car park, just minutes after arriving there. Its got something in its jaws that kept it occupied while I found 'supermacro' mode on my camera."
n02219486_18622.JPEG,n02219486_18622,n02219486,ant,ant_bee,0,0,,,0,
n02219486_18663.JPEG,n02219486_18663,n02219486,ant,ant_bee,1,0,Ant covered plant,Ants|swarm|plant|green|insect|ant|forest,7,Found this at Conestee Nature Park.  
n02219486_18718.JPEG,n02219486_18718,n02219486,ant,ant_bee,0,1,,,0,
n02219486_18735.JPEG,n02219486_18735,n02219486,ant,ant_bee,0,0,,,0,
n02219486_18856.JPEG,n02219486_18856,n02219486,ant,ant_bee,0,1,,,0,
n02219486_18870.JPEG,n02219486_18870,n02219486,ant,ant_bee,0,1,,,0,
n02219486_18919.JPEG,n02219486_18919,n02219486,ant,ant_bee,1,1,Ant- armed and dangerous,ant|nature|macro|singaporebotanicalgardens|nikon60mmmicrof28d|nikond80|NaturesFinest|mywinners,8,"an ant having a jolly good time on a petal of this lil pink flower at the park.  i think he was holding a small, minute twig in its mouth, but i might be wrong:P  i was caught red handed by the lil bugger as he stared daggers at me. "
n02219486_18997.JPEG,n02219486_18997,n02219486,ant,ant_bee,1,1,Acrobat Ant,outside|ants|ant|biting|bite|line|house|heart|shaped|abdomen|air|acrobatic|wood|stumps|boards|tees|funny|looking,18,"These ants may invade the home for food (sweets and meat). They feed on sweet juices such as honeydew of aphids, nectar, plant sap, etc. Workers are recognized by a heart-shaped abdomen,  When disturbed, they elevate their abdomens, directing them forward in an acrobatic manner and bite fiercely. They nest under wood, such as stumps, under boards, in hollow trees, under trash, rocks, in windows and door frames.  "
n02219486_19074.JPEG,n02219486_19074,n02219486,ant,ant_bee,0,0,,,0,
n02219486_19166.JPEG,n02219486_19166,n02219486,ant,ant_bee,0,0,,,0,
n02219486_19182.JPEG,n02219486_19182,n02219486,ant,ant_bee,0,0,,,0,
n02219486_19217.JPEG,n02219486_19217,n02219486,ant,ant_bee,1,0,sparring-ants,ants|warring|battle|sparring|fighting|insects,6,"Humans are violent, but sometimes ants have wars too."
n02219486_19258.JPEG,n02219486_19258,n02219486,ant,ant_bee,0,0,,,0,
n02219486_19415.JPEG,n02219486_19415,n02219486,ant,ant_bee,1,1,Ant and aphids,ant|aphid|milkweed|Tom|Biegalski|Tom Biegalski|TTBphoto,7,Ant tending aphids on a milkweed plant
n02219486_19501.JPEG,n02219486_19501,n02219486,ant,ant_bee,1,1,Ant on sweet cicely,hymenoptera|ants|white|nature|minibeasts|macro|lincolnshire|insects|garden|flowers|flora|feeding|fauna|april|2007|a640|canonpowershot,17,"The sweet cicely (<i>Myrrhis odorata</i>) has just started to flower in the garden. The tiny flowers seem to attract a lot of ants.  Handheld, natural light."
n02219486_1951.JPEG,n02219486_1951,n02219486,ant,ant_bee,1,1,Ant,canberraoct07|ant,2,"I saw this medium-sized ant on a tree, so I took a picture of it."
n02219486_19698.JPEG,n02219486_19698,n02219486,ant,ant_bee,1,0,Flying ants,ants|insects|flying ants|macro|contrast|grain|noise,7,
n02219486_19709.JPEG,n02219486_19709,n02219486,ant,ant_bee,1,0,The ants go marching four by four,spatial_mongrel|ants|ant|insects|green|red|brown|wood|march|anthill|animal|animals|busy,13,
n02219486_19795.JPEG,n02219486_19795,n02219486,ant,ant_bee,0,0,,,0,
n02219486_19855.JPEG,n02219486_19855,n02219486,ant,ant_bee,1,0,"Ants dismembering a yellow-jacket wasp, Ocala National Forest, Florida",USA|Florida|insects|macro|nature|ants|Hymenoptera|yellow-jacket|wasp|Vespidae|Formicidae,11,
n02219486_19906.JPEG,n02219486_19906,n02219486,ant,ant_bee,1,0,"Ants, brainstorming",ants|ant|antfarm|agar|antworks|trump|apprentice,7,"My new ants, who seemed to separate into a working group that was actively tunneling, and this bunch, which is having some sort of meeting.  This suggests to me that while I don't have an Ant Queen, I might have an Ant Trump, and this is the Antprentice team full of college-educated ants that only rise to the level of recognizing leadership within their group long enough to step on it as quickly as possible."
n02219486_20091.JPEG,n02219486_20091,n02219486,ant,ant_bee,0,0,,,0,
n02219486_20105.JPEG,n02219486_20105,n02219486,ant,ant_bee,0,0,,,0,
n02219486_20132.JPEG,n02219486_20132,n02219486,ant,ant_bee,1,1,An ant with a grain of sugar.,nature|insects|ant|macro|MacroMarvels,5,
n02219486_20163.JPEG,n02219486_20163,n02219486,ant,ant_bee,0,0,,,0,
n02219486_20233.JPEG,n02219486_20233,n02219486,ant,ant_bee,0,0,,,0,
n02219486_20459.JPEG,n02219486_20459,n02219486,ant,ant_bee,0,1,,,0,
n02219486_20537.JPEG,n02219486_20537,n02219486,ant,ant_bee,0,0,,,0,
n02219486_20550.JPEG,n02219486_20550,n02219486,ant,ant_bee,0,1,,,0,
n02219486_20555.JPEG,n02219486_20555,n02219486,ant,ant_bee,1,0,ants & flowers,white|green|plants|flowers|ants|insects|lovely|nature,8,I was in a little shock that so many black ants on this white lovley flower!!!! XD
n02219486_20580.JPEG,n02219486_20580,n02219486,ant,ant_bee,0,0,,,0,
n02219486_20584.JPEG,n02219486_20584,n02219486,ant,ant_bee,0,1,,,0,
n02219486_20588.JPEG,n02219486_20588,n02219486,ant,ant_bee,0,0,,,0,
n02219486_20598.JPEG,n02219486_20598,n02219486,ant,ant_bee,0,0,,,0,
n02219486_20622.JPEG,n02219486_20622,n02219486,ant,ant_bee,1,1,Jaws,Ants|Ant|Flying Ants|Winged Ants|Insect|Insects|Invertibrates|Flying Ant|Winged Ant|Macro|Queen|Worker|Drone|Social Insects|jaws|Pincers|Bite|Insect Bites,18,My what big jaws.
n02219486_20665.JPEG,n02219486_20665,n02219486,ant,ant_bee,1,1,Ant looking for a Home,ant|bullant|insect,3,This one-inch bullant was checking out the house for a new nest.
n02219486_20694.JPEG,n02219486_20694,n02219486,ant,ant_bee,0,1,,,0,
n02219486_20709.JPEG,n02219486_20709,n02219486,ant,ant_bee,0,0,,,0,
n02219486_20711.JPEG,n02219486_20711,n02219486,ant,ant_bee,0,0,,,0,
n02219486_20712.JPEG,n02219486_20712,n02219486,ant,ant_bee,0,1,,,0,
n02219486_20730.JPEG,n02219486_20730,n02219486,ant,ant_bee,1,1,Ant-Treehopper Mutualism 5,Ant|Treehopper|Macro|Bug|Insect|Nikon|D70|60mmF28dmicro|SB600,9,"There were 5-6 of these Ants tending these tree hoppers of different stages of development. The Treehoppers eat the Phloem from the plant and produce Honeydew, which the Ants eat. The Ants protect the Treehoppers, and keep them together, leading to higher survival rates for the Treehoppers. In this relationship sometimes even the plant benefits, as the Ants attack herbivores which would otherwise damage the plant.   This shot was taken at 2.4:1, only cropped in the vertical direction. Ant body length ~ 9mm. Best viewed large."
n02219486_20784.JPEG,n02219486_20784,n02219486,ant,ant_bee,1,1,Ants at three times life size series 6-5,macro|nature|insect|ant|Canon|Xti|400D|100mm|Dalantech|John Kimbler,10,"Amazing what you can do with a little sugar water on a tree... :)  All Canon gear: Xti (manual mode F16, 1/200, ISO 200) + 62mm of extension tubes + 100mm macro lens + 500D diopter. MR-14EX ring flash set to a 4:1 ratio and 0 FEC. Minimal post processing and, like all of my images, no cropping."
n02219486_20829.JPEG,n02219486_20829,n02219486,ant,ant_bee,1,0,The ants go marching two by two,ants|beam|wood|rail|insects|bugs,6,
n02219486_20900.JPEG,n02219486_20900,n02219486,ant,ant_bee,0,0,,,0,
n02219486_20938.JPEG,n02219486_20938,n02219486,ant,ant_bee,0,0,,,0,
n02219486_20946.JPEG,n02219486_20946,n02219486,ant,ant_bee,1,0,Ant-Treehopper Mutualism 3,Ant|Macro|Bug|Insect|Nikon|D70|60mmF28dmicro|SB600,8,"There were 5-6 of these Ants tending these tree hoppers of different stages of development. The Treehoppers eat the Phloem from the plant and produce Honeydew, which the Ants eat. The Ants protect the Treehoppers, and keep them together, leading to higher survival rates for the Treehoppers. In this relationship sometimes even the plant benefits, as the Ants attack herbivores which would otherwise damage the plant.   This shot was taken at ~2:1, very slightly cropped. Ant body length ~ 9mm. Best viewed large."
n02219486_20960.JPEG,n02219486_20960,n02219486,ant,ant_bee,0,0,,,0,
n02219486_20999.JPEG,n02219486_20999,n02219486,ant,ant_bee,1,0,Ant,Ant|Azzu|doubeDOT|Maldies|Insect|Macro|F.A.B.|Excellent Photographer Awards|BlueRibbonWinner|mywinners,10,
n02219486_21003.JPEG,n02219486_21003,n02219486,ant,ant_bee,1,1,Touch me if you can,mmos|macro maniacs of singapore|100mm|macro|insects|close-up|singei buloh|sbwr|WS1shot|ant|mostinteresting|johnpanelo_nature|gettyimagessingaporeq2,13,
n02219486_21029.JPEG,n02219486_21029,n02219486,ant,ant_bee,1,0,Riding the Giant Ant,ant|ride|sculpture|giant ant|giant|funny|insect,7,
n02219486_21032.JPEG,n02219486_21032,n02219486,ant,ant_bee,1,0,"Ants ""Milking"" Plant-louses",ants|nature|leaf|leaves|ant|macro|Holley|Michigan|plantlouses|breed|louse|plantlouse|lice|lices|insects|bugs|msoller,17,"Taken from the underside of the leaf; encountered during a walk through Holley State Recreation area, Michigan.  Thanks to e3000 for this explanation: Plant-louses live from the sap of plants and they secrete a sort of sweet juice. Ants adore that and they lick the juice without harming the plant-louses. There are species of ants that really &quot;breed&quot; plantlouses like farmers breed their cattle. "
n02219486_21041.JPEG,n02219486_21041,n02219486,ant,ant_bee,0,0,,,0,
n02219486_21049.JPEG,n02219486_21049,n02219486,ant,ant_bee,0,0,,,0,
n02219486_2106.JPEG,n02219486_2106,n02219486,ant,ant_bee,1,1,Ant tending grub,Malaysia|Perhentian|2007|Fujifilm|Finepix|9600|macro|bug|insect|ant|grub,11,"Right near our chalet on Fauna beach, Perhentian island, I found a bush that was a veritable zoo. Not only were small, smart-looking butterflies landing on it but there was a colony of medium sized red ants, looking after dozens of small grubs. I suppose they were milking them for their delicious, sticky excretions. There were also larger black ants, continually trying their luck at stealing the goo, but easily chased away by the red shepherds."
n02219486_21072.JPEG,n02219486_21072,n02219486,ant,ant_bee,0,0,,,0,
n02219486_21115.JPEG,n02219486_21115,n02219486,ant,ant_bee,1,1,The Green Ant,ant|green|macro|outside|nature|insect,6,
n02219486_21154.JPEG,n02219486_21154,n02219486,ant,ant_bee,0,0,,,0,
n02219486_21181.JPEG,n02219486_21181,n02219486,ant,ant_bee,0,0,,,0,
n02219486_21190.JPEG,n02219486_21190,n02219486,ant,ant_bee,0,0,,,0,
n02219486_21238.JPEG,n02219486_21238,n02219486,ant,ant_bee,1,1,Bull ant with beetle,Bull ant|Hymenoptera|Coleoptera|Mt White|NSW|Australia,6,A Black Bull Ant making it's way along a dish drain with a beetle meal.
n02219486_21257.JPEG,n02219486_21257,n02219486,ant,ant_bee,1,0,Ants,ant|flower|macro|insect|closeup,5,
n02219486_21275.JPEG,n02219486_21275,n02219486,ant,ant_bee,0,0,,,0,
n02219486_21286.JPEG,n02219486_21286,n02219486,ant,ant_bee,0,0,,,0,
n02219486_21315.JPEG,n02219486_21315,n02219486,ant,ant_bee,0,0,,,0,
n02219486_21331.JPEG,n02219486_21331,n02219486,ant,ant_bee,1,0,Ant with sugar drop,ant|aphid|bug|insect|macro,5,Finally got a shot of an ant with a sugar drop just removed from an aphid. Shot at 2:1. You may recognise the plant branch from previous shots)
n02219486_21336.JPEG,n02219486_21336,n02219486,ant,ant_bee,1,0,Weaver ant queen (Oecophylla smaragdina),Ant|Hymenoptera|insect|weaver ant queen|Baroda|India|macro|close-up|Ysplix|MacroMarvels|platinumphoto|GoldStarAward|mywinners,13,"This weaver ant queen is guarding her eggs and just-hatched larvae. She's founding a new colony. The present brood will grow into workers that will help raise the next brood, and use the larvae from the second brood to stitch together leaves into a nest. The larvae produce silk and are used by the adults like needles to sew leaves together"
n02219486_21352.JPEG,n02219486_21352,n02219486,ant,ant_bee,0,0,,,0,
n02219486_21377.JPEG,n02219486_21377,n02219486,ant,ant_bee,1,1,Darwin Green Ant - ma mA MACRO test,green|ant|insect|nature|macro|animal|tiny|joanne|mcintyre,9,100mm Macro lens test. I don't think this is the best this lens is capable off. The user has to get better at understanding it :)
n02219486_21382.JPEG,n02219486_21382,n02219486,ant,ant_bee,1,0,"the ants go marching millions by millions, hurrah, hurrah...",ants|Ghana|traveling,3,"I had never seen so many ants.  It was cool, in a creepy sort of way"
n02219486_21400.JPEG,n02219486_21400,n02219486,ant,ant_bee,0,0,,,0,
n02219486_21485.JPEG,n02219486_21485,n02219486,ant,ant_bee,0,0,,,0,
n02219486_21502.JPEG,n02219486_21502,n02219486,ant,ant_bee,1,1,Long Shanks Ant,2007|australia|canon|eos30d|ant|noid|insect|insects,8,
n02219486_21517.JPEG,n02219486_21517,n02219486,ant,ant_bee,0,0,,,0,
n02219486_21555.JPEG,n02219486_21555,n02219486,ant,ant_bee,0,0,,,0,
n02219486_21563.JPEG,n02219486_21563,n02219486,ant,ant_bee,1,0,Ants galore,ants|unity|task,3,Hundreds of ants in one place
n02219486_21569.JPEG,n02219486_21569,n02219486,ant,ant_bee,1,1,Ant-cent-logo-rs,ant|insect|macro|penny,4,
n02219486_21574.JPEG,n02219486_21574,n02219486,ant,ant_bee,1,1,Ant 3,Digital macro|ant|peony|bud|flower|insect,6,Digital macro of an ant on a peony bud.  Straight from the camera- no edits.
n02219486_21597.JPEG,n02219486_21597,n02219486,ant,ant_bee,1,0,Ants!,ants|anthill|bugs|nature|macro,5,There is a crack in my driveway that these huge ants call home. 
n02219486_21603.JPEG,n02219486_21603,n02219486,ant,ant_bee,1,0,Ant farm,antfarm|gel|blue|ant|macro,5,Antworks ant farm
n02219486_21605.JPEG,n02219486_21605,n02219486,ant,ant_bee,0,1,,,0,
n02219486_21633.JPEG,n02219486_21633,n02219486,ant,ant_bee,1,1,Black ant Lasius niger series #1,macro|bug|insect|ant,4,
n02219486_21685.JPEG,n02219486_21685,n02219486,ant,ant_bee,0,1,,,0,
n02219486_21686.JPEG,n02219486_21686,n02219486,ant,ant_bee,0,0,,,0,
n02219486_21712.JPEG,n02219486_21712,n02219486,ant,ant_bee,1,1,Ant on Leaves,ant|nature|animal|plant|leaf,5,"Edison, NJ: An ant wanders across a set of leaves warmed by the summer sun"
n02219486_21735.JPEG,n02219486_21735,n02219486,ant,ant_bee,1,0,Colorful ant world,ant|flower|macro,3,Ant in a flower
n02219486_21747.JPEG,n02219486_21747,n02219486,ant,ant_bee,0,0,,,0,
n02219486_2176.JPEG,n02219486_2176,n02219486,ant,ant_bee,1,0,Ant Graveyard,ant|ants|ant farm,3,Did you know that ants bring their dead to the surface and bury them?  This helps prevent disease in the farm.
n02219486_21760.JPEG,n02219486_21760,n02219486,ant,ant_bee,0,0,,,0,
n02219486_21774.JPEG,n02219486_21774,n02219486,ant,ant_bee,0,0,,,0,
n02219486_21847.JPEG,n02219486_21847,n02219486,ant,ant_bee,1,1,Harvester Ant,insects|ant|Canon Digital Rebel|Central Oregon|Redmond,5,"This Formica pogonomyrmex was busy clearing a small hole with several other workers when I found them.  They are quick bugs making it difficult to get a good image of them.  If and when I get a better lens for close in photography, I'll try and post a better image.  Photo taken Mar. 30, 2007 along the Dry Canyon Trail in Redmond, Oregon."
n02219486_21849.JPEG,n02219486_21849,n02219486,ant,ant_bee,0,0,,,0,
n02219486_21879.JPEG,n02219486_21879,n02219486,ant,ant_bee,1,0,Thatching Ants - Formica obscuripes,North Seatac Park|Seatac|King County|WA|Washington|United States|North America|taxonomy:kingdom=Animalia|Animalia|Animal|Invertebrate|taxonomy:phylum=Arthropoda|Arthropoda|taxonomy:class=Insecta|Insecta|Insect|Pterygota|taxonomy:order=Hymenoptera|Hymenoptera|taxonomy:superfamily=Vespoidea|Vespoidea|taxonomy:family=Formicinae|Formicinae|taxonomy:genus=Formica|Formica|Thatching Ant|large|red head|swarming|biting|under conifer tree|June|2007|Arthropod|black|taxonomy:species=obscuripes|taxonomy:binomial=Formica obscuripes|Formica obscuripes,38,"6/16/07 North Seatac Park, Seatac, Washington, U.S.A. <i>Formica obscuripes</i> Found under a conifer tree in the park. Kingdom: Animalia (Animals) Phylum: Arthropoda (Arthropods) Superclass: Hexapoda (Hexapods) Class: Insecta (Insects) Subclass: Pterygota (Winged Insects) Order: Hymenoptera (Ants, Bees, Wasps &amp; Sawflies) Superfamily: Vespoidea Family: Formicidae (Ants) Subfamily: Formicinae Genus: <i>Formica</i> (<i>rufa</i> group)  Species: <i>obscuripes</i> (<i>Formica obscuripes</i>) "
n02219486_21889.JPEG,n02219486_21889,n02219486,ant,ant_bee,0,0,,,0,
n02219486_21904.JPEG,n02219486_21904,n02219486,ant,ant_bee,0,1,,,0,
n02219486_21914.JPEG,n02219486_21914,n02219486,ant,ant_bee,1,0,Dad never could read a map_0811,ants|canon|canonsd600|sd600|green|black|Free Nature|plant|insect|Photos to Smile About|A Big Fave|Super Photos|Life's a RIOT!,13,"LARGE will excite your view of the top of this small cheflera tree. Which path does one take to accomplish today's goals, when there is much confusion before even starting up the mode of travel? EXPLORE #328 on Wednesday, October 17, 2007 for 10-16"
n02219486_21916.JPEG,n02219486_21916,n02219486,ant,ant_bee,1,1,Antie,macro|makro|insect|bug|ant|canon|400d|m42|industar,9,m42: vivitar teleconverter x2 + 2 extension tubes + industar 50mm f/3.5 scale 2:1
n02219486_21932.JPEG,n02219486_21932,n02219486,ant,ant_bee,0,0,,,0,
n02219486_21933.JPEG,n02219486_21933,n02219486,ant,ant_bee,0,1,,,0,
n02219486_21934.JPEG,n02219486_21934,n02219486,ant,ant_bee,1,0,Ants,abigfave|eric begin|Macro|insecte|insect|macrophotographie|macrophotography|close-up|zuiko 35mm|ant|foumi|fourmis|ants,13,
n02219486_21947.JPEG,n02219486_21947,n02219486,ant,ant_bee,1,0,Ants Part 2,ants|ant,2,More ants
n02219486_21959.JPEG,n02219486_21959,n02219486,ant,ant_bee,1,0,Ants,August 2007|Sedona|Ants,3,There were lots of ant hills near Wet Beaver Creek.
n02219486_21962.JPEG,n02219486_21962,n02219486,ant,ant_bee,1,0,flower ants 2,insect|insects|ants|flower|purple|green,6,
n02219486_21998.JPEG,n02219486_21998,n02219486,ant,ant_bee,0,0,,,0,
n02219486_21999.JPEG,n02219486_21999,n02219486,ant,ant_bee,0,1,,,0,
n02219486_22003.JPEG,n02219486_22003,n02219486,ant,ant_bee,1,0,Soldier leaf-cutter ants and workers,DoctorFergy|photos|nature|wildlife|animals|fauna|insects|ants|soldiers|Leaf-cutter Ants,10,
n02219486_22008.JPEG,n02219486_22008,n02219486,ant,ant_bee,0,0,,,0,
n02219486_22025.JPEG,n02219486_22025,n02219486,ant,ant_bee,0,0,,,0,
n02219486_22050.JPEG,n02219486_22050,n02219486,ant,ant_bee,0,0,,,0,
n02219486_22053.JPEG,n02219486_22053,n02219486,ant,ant_bee,1,0,Ko Samet ants - B&W,Ants|Insects|nature|convoy|bw|blackandwhite,6,
n02219486_22098.JPEG,n02219486_22098,n02219486,ant,ant_bee,1,0,An Ant - I Know I Can!,learn|macro|supermacro|lens|bug|insect|nature|close-up|ant,9,"I got a new lens! Um...I forget the whole fancy name for it, but I can do SO much more! But. Being that I'm the learning stages, some of my pictures don't quite come out in focus...but I'm uploading them anyways!   (Look at the WHOLE set, some pictures are really good ;) )"
n02219486_22123.JPEG,n02219486_22123,n02219486,ant,ant_bee,0,0,,,0,
n02219486_22130.JPEG,n02219486_22130,n02219486,ant,ant_bee,0,0,,,0,
n02219486_22136.JPEG,n02219486_22136,n02219486,ant,ant_bee,1,0,False Honey ants on pumpkin - Prenolepis impari,False Honey ant|Prenolepis impari|Prenolepis|pumpkin|macro|Nikon|D50|Nikkor|60mm|ants,10,I really like these and Acrobat ants. This is a good shot of the abdomen.
n02219486_22145.JPEG,n02219486_22145,n02219486,ant,ant_bee,0,0,,,0,
n02219486_22175.JPEG,n02219486_22175,n02219486,ant,ant_bee,1,0,Ant Pyramid,ant|macro|teamwork|nature,4,Cheerleaders of the ant world.
n02219486_22181.JPEG,n02219486_22181,n02219486,ant,ant_bee,0,0,,,0,
n02219486_22202.JPEG,n02219486_22202,n02219486,ant,ant_bee,0,0,,,0,
n02219486_22209.JPEG,n02219486_22209,n02219486,ant,ant_bee,0,1,,,0,
n02219486_22217.JPEG,n02219486_22217,n02219486,ant,ant_bee,0,0,,,0,
n02219486_22224.JPEG,n02219486_22224,n02219486,ant,ant_bee,1,0,Ant trail 2,ant|insect|Melaka|Malacca|Malaysia|Asia|Panasonic|Lumix|fz20|2007,10,"Trail of ants in the Ayer Keroh Forest, Melaka, Malaysia. See previous pic for a more expanded view."
n02219486_22235.JPEG,n02219486_22235,n02219486,ant,ant_bee,1,0,Ants,ants|antfarm,2,"my $5 ant farm and my $5 ants that i got in the mail. I was not allowed to buy more and link them together, the bee likes the ant farm but wants no more..."
n02219486_22244.JPEG,n02219486_22244,n02219486,ant,ant_bee,0,1,,,0,
n02219486_22251.JPEG,n02219486_22251,n02219486,ant,ant_bee,0,0,,,0,
n02219486_22262.JPEG,n02219486_22262,n02219486,ant,ant_bee,0,0,,,0,
n02219486_22266.JPEG,n02219486_22266,n02219486,ant,ant_bee,1,0,Ants in morning glory,flower|wildflower|lx2|Korea|nature|insect|ant|morning|glory|macro|SOE,11,
n02219486_22269.JPEG,n02219486_22269,n02219486,ant,ant_bee,1,0,Ants,ants|antfarm,2,my $5 ant  my $5 ant farm and my $5 ants that i got in the mail
n02219486_22285.JPEG,n02219486_22285,n02219486,ant,ant_bee,0,0,,,0,
n02219486_22314.JPEG,n02219486_22314,n02219486,ant,ant_bee,0,0,,,0,
n02219486_22315.JPEG,n02219486_22315,n02219486,ant,ant_bee,0,0,,,0,
n02219486_22321.JPEG,n02219486_22321,n02219486,ant,ant_bee,0,1,,,0,
n02219486_22333.JPEG,n02219486_22333,n02219486,ant,ant_bee,0,0,,,0,
n02219486_22347.JPEG,n02219486_22347,n02219486,ant,ant_bee,1,0,ant,victoria|australia|2007|ant|insect|apricot|flower|pink|blossum|hepburn|springs|winter|Photographer LJ Gervasoni|macro|abcopen:project=upclose|LJ Gervasoni|Hepburn Springs,17,ant on the apricot blossum
n02219486_22359.JPEG,n02219486_22359,n02219486,ant,ant_bee,0,0,,,0,
n02219486_22385.JPEG,n02219486_22385,n02219486,ant,ant_bee,0,0,,,0,
n02219486_22397.JPEG,n02219486_22397,n02219486,ant,ant_bee,1,1,Ants not on a mirror #3,macro|bug|insect|ant|redant,5,Ants not on a mirror. Decided to try a diffusing surface to put some honey on (piece of plastic milk bottle) - gives a much kinder light than a mirror
n02219486_22452.JPEG,n02219486_22452,n02219486,ant,ant_bee,1,0,The Ant,Ant|Macro,2,
n02219486_22459.JPEG,n02219486_22459,n02219486,ant,ant_bee,1,0,soldier ant (5),brass|soldier ant|handmade|insects|geoffrey haberman|Sony|f717|sculpture|metal sculpture|praying mantis metal sculpure|insect sculpture|insect metal sculpture|Sony DSC f717|Alliston,14,"Finally finished, it took about 80 hrs to completion"
n02219486_22464.JPEG,n02219486_22464,n02219486,ant,ant_bee,0,0,,,0,
n02219486_22517.JPEG,n02219486_22517,n02219486,ant,ant_bee,1,0,Hungry Ant,ant|cheese|crisps|macro|minolta|dimage|Z2|rendlesham,8,Having a rest up at Rendlesham Forest and I saw this ant dragging a crisp crumb. Should last him a while I'd have thought.
n02219486_22567.JPEG,n02219486_22567,n02219486,ant,ant_bee,1,0,Hormiga voladora / Flying ant,rosario|argentina|hormiga|alada|alas|voladora|insecto|verano|reproducción|ant|winged|wings|flying|insect|summer|mating|reproduction,17,"Hormiga con alas (probablemente un macho). En la mayoría de las especies de hormigas, sólo las hembras fértiles (reinas en potencia) y los machos desarrollan alas. Ambos sexos se aparean mientras vuelan fuera de su nido (&quot;vuelo nupcial&quot;). Las hembras tratan de escapar, para seleccionar a los machos más resistentes. Una vez fertilizadas, aterrizan, se arrancan las alas y empiezan a poner huevos y armar un nido. Los machos mueren al poco tiempo.  Winged ant (probably a male). In many species of ant, only fertile females (potential queens) and males (drones) develop wings. Both sexes mate while flying outside the nest (&quot;nuptial flight&quot;). Females try to escape, in order to select the most resistent males. Once fertilized, they land, tear off their wings, and start laying eggs and making a nest. The males die shortly afterwards."
n02219486_22627.JPEG,n02219486_22627,n02219486,ant,ant_bee,0,0,,,0,
n02219486_22631.JPEG,n02219486_22631,n02219486,ant,ant_bee,1,0,Fiery ants,Nature|Insects|Ants|Flower|Food|Colorful|Macro|Red,8,Red ants on red buds
n02219486_22665.JPEG,n02219486_22665,n02219486,ant,ant_bee,0,0,,,0,
n02219486_22697.JPEG,n02219486_22697,n02219486,ant,ant_bee,0,0,,,0,
n02219486_22717.JPEG,n02219486_22717,n02219486,ant,ant_bee,1,0,Ant Actions,Hong Kong|insect|macro|ant|Weaver Ant|Oecophylla smaragdina|geo:lat=22.43182|geo:lon=114.18411|geotagged|kclama|Red Tree Ant,11,
n02219486_22741.JPEG,n02219486_22741,n02219486,ant,ant_bee,1,0,Ant with wings,Ants|Insects|Hymenoptera|Formicidae|Nature|Wildlife|F|Northern Ireland|United Kingdom|UK|Macro|Closeup|WesDigital,13,Can't decide if these are Myrmica ruginodis or Myrmica rubra. Can you help with ID?
n02219486_22763.JPEG,n02219486_22763,n02219486,ant,ant_bee,0,0,,,0,
n02219486_22772.JPEG,n02219486_22772,n02219486,ant,ant_bee,1,1,Red Carpenter Ant,Ant|Insects,2,
n02219486_22840.JPEG,n02219486_22840,n02219486,ant,ant_bee,1,1,Ant Fight!,dellis|macro|tamron|insect|ant|ants|fighting|contest|brutal|epic|brawl|mandibles|headlock|leaf|close up|formica|formic,17,"Could not tell whether these two were locked in mortal combat or whether it was some elaborate mating show of strength, but they wrested for well over two hours, from leaf to leaf, plant to plant.   It was epic and brutal, and if it was part of a mating ritual, <i>ant-sexy</i>."
n02219486_22842.JPEG,n02219486_22842,n02219486,ant,ant_bee,0,0,,,0,
n02219486_22843.JPEG,n02219486_22843,n02219486,ant,ant_bee,0,0,,,0,
n02219486_22849.JPEG,n02219486_22849,n02219486,ant,ant_bee,0,0,,,0,
n02219486_22869.JPEG,n02219486_22869,n02219486,ant,ant_bee,0,1,,,0,
n02219486_2290.JPEG,n02219486_2290,n02219486,ant,ant_bee,0,1,,,0,
n02219486_22921.JPEG,n02219486_22921,n02219486,ant,ant_bee,0,0,,,0,
n02219486_22929.JPEG,n02219486_22929,n02219486,ant,ant_bee,0,0,,,0,
n02219486_22937.JPEG,n02219486_22937,n02219486,ant,ant_bee,0,0,,,0,
n02219486_22938.JPEG,n02219486_22938,n02219486,ant,ant_bee,0,0,,,0,
n02219486_22949.JPEG,n02219486_22949,n02219486,ant,ant_bee,0,0,,,0,
n02219486_22960.JPEG,n02219486_22960,n02219486,ant,ant_bee,1,0,,formiga|inseto|ant|bug|insect|dof|macro|close|green|verde,10,brincando com dof
n02219486_22964.JPEG,n02219486_22964,n02219486,ant,ant_bee,1,1,Gallardia Bloom With Ant,Plant|Gallardia|Insect|Ant|Flower|Bug|Ring Flash|San Jose|California|USA,10,
n02219486_22982.JPEG,n02219486_22982,n02219486,ant,ant_bee,0,0,,,0,
n02219486_22993.JPEG,n02219486_22993,n02219486,ant,ant_bee,0,0,,,0,
n02219486_22996.JPEG,n02219486_22996,n02219486,ant,ant_bee,0,0,,,0,
n02219486_23005.JPEG,n02219486_23005,n02219486,ant,ant_bee,0,0,,,0,
n02219486_23009.JPEG,n02219486_23009,n02219486,ant,ant_bee,0,0,,,0,
n02219486_23014.JPEG,n02219486_23014,n02219486,ant,ant_bee,1,0,Ants journey,ants|raindrops|insects,3,
n02219486_23033.JPEG,n02219486_23033,n02219486,ant,ant_bee,0,0,,,0,
n02219486_23049.JPEG,n02219486_23049,n02219486,ant,ant_bee,1,0,Ghost ants,flower|ants|macro|bug,4,"Look carefully- some of the ants are disappearing :) Just a focus stack of 3 shots on non- stationary ants :)"
n02219486_23057.JPEG,n02219486_23057,n02219486,ant,ant_bee,0,0,,,0,
n02219486_23059.JPEG,n02219486_23059,n02219486,ant,ant_bee,1,1,Formica Queen,Haentjens|Raphaël|Macropixels|macro|macrophotographie|macrophotography|macrographie|macrography|close up|Canon|EOS|Eukaryota|eukaryotes|Animalia|animal|Bilateria|bilaterians|Protostomia|protostomes|Ecdysozoa|ecdysozoans|Panarthropoda|Arthropoda|arthropods|arthropode|Hexapoda|hexapode|Insecta|insects|insecte|Dicondylia|Pterygota|Neoptera|Eumetabola|Holometabola|Holometabole|Hymenoptera|hyménoptères|ant|ants|fourmi|fourmis|formica|www.photo-macro.be|wallonie|belgique|belgium|insect|Mandibulata|Atelocerata|Panhexapoda|Metapterygota|Насекомое|природа|макро|昆虫の自然マクロ|昆蟲的性質，宏觀調控|昆虫的性质，宏观调控|الحشرات|ذات|الطابع|الكلي|昆虫|Insekt|昆蟲|hyönteinen|insectos|insetto|έντομο|कीट|Owad|insectă|hmyz,73,©2007 Canon EOS 40D 
n02219486_23082.JPEG,n02219486_23082,n02219486,ant,ant_bee,1,1,the.ant,red ant|ants|insects|bug|macro,5,
n02219486_23099.JPEG,n02219486_23099,n02219486,ant,ant_bee,0,0,,,0,
n02219486_23121.JPEG,n02219486_23121,n02219486,ant,ant_bee,0,0,,,0,
n02219486_23133.JPEG,n02219486_23133,n02219486,ant,ant_bee,0,0,,,0,
n02219486_23174.JPEG,n02219486_23174,n02219486,ant,ant_bee,1,0,Ant Panic Macro: Evacuating the Larvae,ant|ants|bug|bugs|insect|insects|justpentax|larva|larvae|macro|nest|pentaxK10d|workers|cpjsm|f/18|1/180 sec|ISO200|A Series Lens|craigjewellphotography,19,"While moving a large treestump in our yard, I stripped off some bark to find a small ant nest underneath.  There were several thousand ants all looking after a couple of hundred larvae.  As soon as I lifted the bark, they started to evacuate the larvae into several holes in the tree stump. It only took a few minutes for them to get all the larvae into the safety of the trunk, but I managed to get a few shots with my VIvitar Series 1 105mm macro lens."
n02219486_23191.JPEG,n02219486_23191,n02219486,ant,ant_bee,0,0,,,0,
n02219486_23232.JPEG,n02219486_23232,n02219486,ant,ant_bee,0,0,,,0,
n02219486_23277.JPEG,n02219486_23277,n02219486,ant,ant_bee,1,0,Southern Wood Ant (Formica rufa) #10,insect|macro|ant|Southern Wood Ant|Formica rufa,5,A busy day in ant city.
n02219486_23285.JPEG,n02219486_23285,n02219486,ant,ant_bee,1,0,"Ant, Texas Leafcutter",Robertson|ANRA|Amistad National Recreational Area|Val Verde County|TX|Texas|Del Rio|insect|Leafcutter Ant|leafcutter|ant,11,These guys were busy stripping the leaves from a tree at the first campsite in San Pedro Campground.  They work at night and I tried to follow their trail to the mound but lost it in the thick brush after about 30 yards. 
n02219486_23294.JPEG,n02219486_23294,n02219486,ant,ant_bee,1,1,An ant at work,leafcutter|ant|amazon,3,"Leafcutter ant in the Amazon, busily carrying something rivalling its own weight."
n02219486_23348.JPEG,n02219486_23348,n02219486,ant,ant_bee,0,0,,,0,
n02219486_23363.JPEG,n02219486_23363,n02219486,ant,ant_bee,1,1,Ant with nice mandibles... DSC_6044c,flower|floral|insect|ant|peony|blossom|white|pink|sunlight|macro|blossoms|blooms|InsectInFlower|flowers|bloom|plant|backlit|DiamondClassPhotographer|flickrdiamond|award|platinumphoto|Nature Watcher|NaturesFinest|ImpressedBeauty|orange|mandibles|mandible|petal|petals|AwesomeBug|Ish@Flickr|GoldDragon|SuperAwesomeBug|TLC-photography|TLC|challenge you winner|wanna|NotYourNormalBug|fizzix,39,Ant crawling on a sunlit peony blossom - nice mandibles - and the ant has to be there for the flower to open so it's a great relationship. Sort of Beauty and the beast...
n02219486_23386.JPEG,n02219486_23386,n02219486,ant,ant_bee,0,1,,,0,
n02219486_23391.JPEG,n02219486_23391,n02219486,ant,ant_bee,0,0,,,0,
n02219486_23413.JPEG,n02219486_23413,n02219486,ant,ant_bee,1,1,Ant eating cheese,macro|insects|ant|ants|photo|photography|ngari|images|ngari.norway|panasonic|lumix|fz50|Raynox 250,13,
n02219486_23447.JPEG,n02219486_23447,n02219486,ant,ant_bee,0,1,,,0,
n02219486_23482.JPEG,n02219486_23482,n02219486,ant,ant_bee,0,1,,,0,
n02219486_23550.JPEG,n02219486_23550,n02219486,ant,ant_bee,0,0,,,0,
n02219486_23567.JPEG,n02219486_23567,n02219486,ant,ant_bee,0,1,,,0,
n02219486_23630.JPEG,n02219486_23630,n02219486,ant,ant_bee,0,0,,,0,
n02219486_23635.JPEG,n02219486_23635,n02219486,ant,ant_bee,0,0,,,0,
n02219486_23638.JPEG,n02219486_23638,n02219486,ant,ant_bee,1,1,ant and rice,soryo|shobara|hiroshima|japan|bug|insect|ant|rice|蟻|総領町,10,"Oct 8, 2007 at 10:47 JST, Soryo/Hiroshim"
n02219486_23645.JPEG,n02219486_23645,n02219486,ant,ant_bee,0,0,,,0,
n02219486_23652.JPEG,n02219486_23652,n02219486,ant,ant_bee,1,0,ant heaven,"peony|bud|ants|nature|garden|insects|closeup|macro|mimbrava|set: plants, leaves, roots, buds, trees, fruit, mushrooms",10,<b>© All rights reserved. No usage allowed in any form without the written consent of Mim Eisenberg.</b>
n02219486_23660.JPEG,n02219486_23660,n02219486,ant,ant_bee,0,0,,,0,
n02219486_23685.JPEG,n02219486_23685,n02219486,ant,ant_bee,0,0,,,0,
n02219486_23704.JPEG,n02219486_23704,n02219486,ant,ant_bee,0,1,,,0,
n02219486_23708.JPEG,n02219486_23708,n02219486,ant,ant_bee,0,1,,,0,
n02219486_23711.JPEG,n02219486_23711,n02219486,ant,ant_bee,0,0,,,0,
n02219486_23712.JPEG,n02219486_23712,n02219486,ant,ant_bee,1,0,ants and aphids,bugs|insects|creepy crawlies|caterpillars|ants|aphids|macro|macrophotography|canon 40D|aoomm macro,10,
n02219486_23714.JPEG,n02219486_23714,n02219486,ant,ant_bee,0,1,,,0,
n02219486_23718.JPEG,n02219486_23718,n02219486,ant,ant_bee,1,1,Ant farm,ants|antworks,2,"Daddy won an Ant Farm at the Homeschool Conference from <a href=""http://www.timberdoodle.com/index.asp?PageAction=VIEWPROD&amp;ProdID=1268"" rel=""noreferrer nofollow"">Timberdoodle</a>. After looking aound online they really do have the lowest price I could find. $24 for the ant farm and illuminated base together."
n02219486_23719.JPEG,n02219486_23719,n02219486,ant,ant_bee,0,0,,,0,
n02219486_23720.JPEG,n02219486_23720,n02219486,ant,ant_bee,0,0,,,0,
n02219486_23747.JPEG,n02219486_23747,n02219486,ant,ant_bee,0,0,,,0,
n02219486_23757.JPEG,n02219486_23757,n02219486,ant,ant_bee,0,0,,,0,
n02219486_23758.JPEG,n02219486_23758,n02219486,ant,ant_bee,1,1,Yellow Meadow Ants (lasius flavus) an(4),ant|insect|macro|closeup|lasius flavus|yellow meadow|jon law|improvedimage,8,Caught these moving their eggs around.  Yellow Meadow Ants (lasius flavus)
n02219486_23760.JPEG,n02219486_23760,n02219486,ant,ant_bee,0,0,,,0,
n02219486_23761.JPEG,n02219486_23761,n02219486,ant,ant_bee,0,1,,,0,
n02219486_23770.JPEG,n02219486_23770,n02219486,ant,ant_bee,1,0,Crematogastor ants tending aphids,aphids|ants|insects,3,
n02219486_23775.JPEG,n02219486_23775,n02219486,ant,ant_bee,0,1,,,0,
n02219486_23782.JPEG,n02219486_23782,n02219486,ant,ant_bee,1,1,Original_IMGP0822,spider|ant|dinner|insect,4,The spider has caught the ant with a line of silk
n02219486_23785.JPEG,n02219486_23785,n02219486,ant,ant_bee,1,0,Ants feasting on dead insect,tiputini|ecuador|ant|pheidole,4,"Pheidole xanthogaster, Tiputini, Ecuador A. Mertl 2004"
n02219486_23790.JPEG,n02219486_23790,n02219486,ant,ant_bee,1,0,Tree_Ant_01,ant|canon|30D|insect|Oecophylla smaragdina|Green Ants,6,Tree ants make soccer-ball sized nests of leaves stuck together with silk. It is labour-intensive work pulling all the leaves in place. :) 
n02219486_23803.JPEG,n02219486_23803,n02219486,ant,ant_bee,1,1,ants,ants,1,ants
n02219486_23808.JPEG,n02219486_23808,n02219486,ant,ant_bee,1,0,Ants Carrying Dead Spider,ants|spider|insects|wildlife|nature,5,This was so gross!  A bunch of ants carried this dead spider for ages - I never saw where they took him to coz they took too long.   Greece - September 2006
n02219486_23817.JPEG,n02219486_23817,n02219486,ant,ant_bee,0,0,,,0,
n02219486_23823.JPEG,n02219486_23823,n02219486,ant,ant_bee,1,1,"An Ant, Wading",ants|ant|antfarm|agar|antworks,5,"As difficult as it can be to photograph something so small that the clear wall between us is thicker than the subject, one is occasionally rewarded with a lucky bit of refraction: A wee ant wades knee-deep into a puddle of light."
n02219486_23829.JPEG,n02219486_23829,n02219486,ant,ant_bee,1,1,Dead Ant Crack,Ants|dead|black|bugs|danger|group|insects|texas,8,
n02219486_23835.JPEG,n02219486_23835,n02219486,ant,ant_bee,1,0,0609 ANT SPIDER,guam|ant|spider|bug|insect|critter,6,This spider actually looks like an ant. I didnt realize it til I saw the many eyes.
n02219486_23840.JPEG,n02219486_23840,n02219486,ant,ant_bee,1,0,Ant / Hormiga,Ant|Hormiga|Insect|Insecto,4,Close up of an ant crawling around a leaf of ivy.
n02219486_23841.JPEG,n02219486_23841,n02219486,ant,ant_bee,0,1,,,0,
n02219486_23852.JPEG,n02219486_23852,n02219486,ant,ant_bee,0,1,,,0,
n02219486_23862.JPEG,n02219486_23862,n02219486,ant,ant_bee,1,0,Ants,atlantic city|new jersey|nj|ant|ants|atlantic|city|new|jersey,9,Ants are like people. They don't like to stay inside (underground) all day. Somtimes they like to take a break. That's what these ants here are doing. 
n02219486_23878.JPEG,n02219486_23878,n02219486,ant,ant_bee,1,0,Ants,ant|macro,2,"The ants were busy as ever, while i was trying to get out of boredom."
n02219486_23883.JPEG,n02219486_23883,n02219486,ant,ant_bee,1,0,,karınca|ant|nature|macro|makro|insect,6,
n02219486_23893.JPEG,n02219486_23893,n02219486,ant,ant_bee,1,1,Ant in the morning glories,morning glories|ant|flowers|insects,4,I was doing macros of brilliantly coloured morning glories and spied a little ant out for a walk.
n02219486_23894.JPEG,n02219486_23894,n02219486,ant,ant_bee,1,1,Tending The Flock,bug|bugs|insect|insects|ant|ants|aphid|aphids|bud|infest|infested|infestation|Rose of Sharon|DSCF0760,14,"In general I don't like to see an aphid infestation like this, but it does make good macro subject matter, everything going on. I think there's even some kind of little green larva right in the middle of the bud. All kinds of bugs were attracted to the scene by the aphids and their by-product; ants and flies, eating their honeydew, and then the predators - syrphid larvae, ladybug larvae and lacewing larvae preying on the aphids, as well as spiders preying on the flies attracted to the honeydew. The Rose of Sharon becomes quite the little ecosystem when it goes into bloom.  This ant, by the way, was quite large at 7/16ths of an inch."
n02219486_23906.JPEG,n02219486_23906,n02219486,ant,ant_bee,1,0,Ant Attack,ant|macro|flower|bud|spring,5,Ants crawled all of these flower buds
n02219486_23912.JPEG,n02219486_23912,n02219486,ant,ant_bee,0,0,,,0,
n02219486_23916.JPEG,n02219486_23916,n02219486,ant,ant_bee,0,0,,,0,
n02219486_23931.JPEG,n02219486_23931,n02219486,ant,ant_bee,0,0,,,0,
n02219486_23936.JPEG,n02219486_23936,n02219486,ant,ant_bee,0,0,,,0,
n02219486_23942.JPEG,n02219486_23942,n02219486,ant,ant_bee,0,0,,,0,
n02219486_23961.JPEG,n02219486_23961,n02219486,ant,ant_bee,0,0,,,0,
n02219486_23967.JPEG,n02219486_23967,n02219486,ant,ant_bee,0,0,,,0,
n02219486_23970.JPEG,n02219486_23970,n02219486,ant,ant_bee,1,1,talking to ant,ant|language|animal|thailand,4,all-time-fave:  talking to the ant... some time i will learn their dialect
n02219486_23971.JPEG,n02219486_23971,n02219486,ant,ant_bee,1,0,Ant,Ant|Insect|Fibromyalgia,3,
n02219486_23975.JPEG,n02219486_23975,n02219486,ant,ant_bee,0,0,,,0,
n02219486_23981.JPEG,n02219486_23981,n02219486,ant,ant_bee,0,1,,,0,
n02219486_23982.JPEG,n02219486_23982,n02219486,ant,ant_bee,1,0,morerandompics 096,wood|ants|insects|ant|insect|bug|fireants,7,
n02219486_23987.JPEG,n02219486_23987,n02219486,ant,ant_bee,1,0,Queen Ant,bugs|ant|queen,3,"Going through and clearing out trash from the backyard. Here, a queen ant (or so I presume, from the size of the thing) scurries for cover when the enormous tub from a blue atlas sapling is flipped over after three or four years in one spot."
n02219486_23993.JPEG,n02219486_23993,n02219486,ant,ant_bee,1,0,ants and rumors II,ants|macro|EFS 60mm|EOS350D|chat|rumor|rumours|i500|interestingness94|green|Leader Inside Emotions|1to10,12,"psst, have you heard that......... _________________________________________ Highest position: 94 on Thursday, November 9, 2006"
n02219486_23998.JPEG,n02219486_23998,n02219486,ant,ant_bee,0,1,,,0,
n02219486_24001.JPEG,n02219486_24001,n02219486,ant,ant_bee,0,0,,,0,
n02219486_24003.JPEG,n02219486_24003,n02219486,ant,ant_bee,0,0,,,0,
n02219486_24007.JPEG,n02219486_24007,n02219486,ant,ant_bee,1,1,IMG_1108.jpg,Eslöv|Insects|Ant,3,Go Ant!
n02219486_24012.JPEG,n02219486_24012,n02219486,ant,ant_bee,0,0,,,0,
n02219486_24024.JPEG,n02219486_24024,n02219486,ant,ant_bee,0,0,,,0,
n02219486_24027.JPEG,n02219486_24027,n02219486,ant,ant_bee,0,0,,,0,
n02219486_24050.JPEG,n02219486_24050,n02219486,ant,ant_bee,0,1,,,0,
n02219486_24056.JPEG,n02219486_24056,n02219486,ant,ant_bee,0,1,,,0,
n02219486_24071.JPEG,n02219486_24071,n02219486,ant,ant_bee,0,1,,,0,
n02219486_24084.JPEG,n02219486_24084,n02219486,ant,ant_bee,1,0,"Long time, no see!",Ant| Garden|Entitled|Nature|Insect|Insects|Insects & Spiders|Macro|Flowers With Insects|Rose of Sharon|Macro!Macro!!Macro!!!|Yard|TOPIC|Views: 100|Vision 100,15,"&quot;Good to see ya Fred! How's Ethel and the kids?&quot;  (Minolta-Konica DiMAGE Z3, Super macro setting)"
n02219486_24085.JPEG,n02219486_24085,n02219486,ant,ant_bee,0,0,,,0,
n02219486_24091.JPEG,n02219486_24091,n02219486,ant,ant_bee,1,0,face to face....,ant|insect|macro|Greece|Sony H9|kasmil,6,
n02219486_24094.JPEG,n02219486_24094,n02219486,ant,ant_bee,0,0,,,0,
n02219486_24096.JPEG,n02219486_24096,n02219486,ant,ant_bee,0,0,,,0,
n02219486_241.JPEG,n02219486_241,n02219486,ant,ant_bee,0,0,,,0,
n02219486_24105.JPEG,n02219486_24105,n02219486,ant,ant_bee,0,0,,,0,
n02219486_24122.JPEG,n02219486_24122,n02219486,ant,ant_bee,0,0,,,0,
n02219486_24123.JPEG,n02219486_24123,n02219486,ant,ant_bee,0,1,,,0,
n02219486_24129.JPEG,n02219486_24129,n02219486,ant,ant_bee,0,0,,,0,
n02219486_24135.JPEG,n02219486_24135,n02219486,ant,ant_bee,1,0,Ant Party,Ants Feast,1,Ant's partying on a Sunday
n02219486_24137.JPEG,n02219486_24137,n02219486,ant,ant_bee,1,0,Food Glorious Food 3,bugs|bichos|insecto|insectos|insects|animals|bug|lizard|dead|death|lagartijo|hormigas|ants|hormiga|ant|food|dinner|eating|Ratjada|Rajada|Cala Ratjada|Cala Rajada|Mallorca|Majorca|Capdepera|Spain|España|Baleares|Balears|Illes|Islas Baleares|Balearic|nature|natural|naturaleza,35,"Cala Ratjada, Mallorca, Spain  Best viewed <a href=""http://www.flickr.com/photo_zoom.gne?id=381207141&amp;context=photostream&amp;size=o"">large</a>. :)  If you enjoy my nature photos, particularly this one, you can buy a print  <a href=""http://francoesteve.imagekind.com/"" rel=""noreferrer nofollow"">here</a> or get my book, <a href=""http://www.amazon.com/gp/product/132005546X/ref=as_li_tl?ie=UTF8&amp;camp=1789&amp;creative=390957&amp;creativeASIN=132005546X&amp;linkCode=as2&amp;tag=bnowhere-20&amp;linkId=5CK2YAVECK7G233P"" rel=""noreferrer nofollow"">Natural Raw</a> in its huge 12X12 size and premium quality paper <a href=""http://www.amazon.com/gp/product/132005546X/ref=as_li_tl?ie=UTF8&amp;camp=1789&amp;creative=390957&amp;creativeASIN=132005546X&amp;linkCode=as2&amp;tag=bnowhere-20&amp;linkId=5CK2YAVECK7G233P"" rel=""noreferrer nofollow"">here</a>. It's also available on the iTunes iBooks Store as an ebook <a href=""https://itunes.apple.com/us/book/natural-raw/id894690665?mt=11"" rel=""noreferrer nofollow"">here</a>."
n02219486_24138.JPEG,n02219486_24138,n02219486,ant,ant_bee,0,0,,,0,
n02219486_24146.JPEG,n02219486_24146,n02219486,ant,ant_bee,0,0,,,0,
n02219486_24155.JPEG,n02219486_24155,n02219486,ant,ant_bee,0,1,,,0,
n02219486_24174.JPEG,n02219486_24174,n02219486,ant,ant_bee,0,1,,,0,
n02219486_24180.JPEG,n02219486_24180,n02219486,ant,ant_bee,1,1,day 9 ant at sesfontein fort,sesfontein|fort|namibia|ant|insect,5,
n02219486_24182.JPEG,n02219486_24182,n02219486,ant,ant_bee,0,0,,,0,
n02219486_24188.JPEG,n02219486_24188,n02219486,ant,ant_bee,0,0,,,0,
n02219486_24189.JPEG,n02219486_24189,n02219486,ant,ant_bee,1,1,Ant!,Insect|Ant|Nature|Life|Tokyo|Japan,6,I found him near my house when I started to school. 
n02219486_24195.JPEG,n02219486_24195,n02219486,ant,ant_bee,0,0,,,0,
n02219486_24211.JPEG,n02219486_24211,n02219486,ant,ant_bee,1,0,Sawdust,ant|insect|teamwork|macro,4,A pair of carpenter ants bringing the inside of the log outside one piece at a time.
n02219486_24216.JPEG,n02219486_24216,n02219486,ant,ant_bee,0,0,,,0,
n02219486_24239.JPEG,n02219486_24239,n02219486,ant,ant_bee,0,0,,,0,
n02219486_24244.JPEG,n02219486_24244,n02219486,ant,ant_bee,1,1,CPenn_LincNE_2_04-09-06,insect|ant|nature|macro|animal,5,"The only ant species I have done work on, Camponotus pennsylvanicus, is a really cool carpenter ant. Also, the endosybiotic bacteria that they carry are even cooler!"
n02219486_24250.JPEG,n02219486_24250,n02219486,ant,ant_bee,0,0,,,0,
n02219486_24257.JPEG,n02219486_24257,n02219486,ant,ant_bee,0,0,,,0,
n02219486_24277.JPEG,n02219486_24277,n02219486,ant,ant_bee,0,0,,,0,
n02219486_24282.JPEG,n02219486_24282,n02219486,ant,ant_bee,1,0,Ant,Chisinau|Moldova|ant|ants|insect|insects,6,
n02219486_24284.JPEG,n02219486_24284,n02219486,ant,ant_bee,0,0,,,0,
n02219486_24293.JPEG,n02219486_24293,n02219486,ant,ant_bee,0,0,,,0,
n02219486_24297.JPEG,n02219486_24297,n02219486,ant,ant_bee,1,0,Army Ant,army ant|cow ant|velvet ant|fuzzy red ant,4,"I'm not really sure what these things are we have always  called them an Army Ant , I heard them called Cow Ant. I think they are pretty for an ant. so fuzzy!"
n02219486_24301.JPEG,n02219486_24301,n02219486,ant,ant_bee,1,0,Ant on Flower,Nature;|Flower;|Ant|macro|geotagged,5,Ant on Flower; Nature
n02219486_24302.JPEG,n02219486_24302,n02219486,ant,ant_bee,0,0,,,0,
n02219486_24304.JPEG,n02219486_24304,n02219486,ant,ant_bee,0,0,,,0,
n02219486_24318.JPEG,n02219486_24318,n02219486,ant,ant_bee,0,1,,,0,
n02219486_24323.JPEG,n02219486_24323,n02219486,ant,ant_bee,0,1,,,0,
n02219486_24324.JPEG,n02219486_24324,n02219486,ant,ant_bee,1,0,My ant problem,ants|kitchen|pests|bugs|condo,5,"Some ants in my kitchen are unsuspectingly slurping up the poison bait I have left for them.  Bwahahaha!  The good (and amazing) news is that in about 18 hours, there were no ants in sight.  Maybe they just packed up and moved on after my display of ill-will towards them.  Surely they couldn't all be dead, could they?"
n02219486_24325.JPEG,n02219486_24325,n02219486,ant,ant_bee,1,0,Ant lunch,ant|cockroach,2,Live cockroach for ant lunch
n02219486_24331.JPEG,n02219486_24331,n02219486,ant,ant_bee,0,0,,,0,
n02219486_24339.JPEG,n02219486_24339,n02219486,ant,ant_bee,1,1,Ant 5,Ants|Insects,2,
n02219486_24342.JPEG,n02219486_24342,n02219486,ant,ant_bee,1,0,Antz,insects|insect|bug|little creatures|macro|tiny|ant|black|white|shadow|minimalistic|minimal|FlickrChallengeWinner,13,
n02219486_24348.JPEG,n02219486_24348,n02219486,ant,ant_bee,0,0,,,0,
n02219486_24367.JPEG,n02219486_24367,n02219486,ant,ant_bee,1,1,Black Ant,ant,1,"I hope the ant doesn't get too close to the <a href=""http://www.flickr.com/photos/boxercab/501553933"">spider</a>!"
n02219486_24371.JPEG,n02219486_24371,n02219486,ant,ant_bee,1,1,Cannibal Ant,ants|insects|nature|carnage,4,"This large (1 cm+) ant is carrying a smaller winged ant, maybe a fire ant, hard to tell. After some research, I've decided it's most likely a carpenter ant,   <a href=""http://farm2.static.flickr.com/1071/751649788_78dd7d16ce_b.jpg"" rel=""noreferrer nofollow"">Large</a> <a href=""http://farm2.static.flickr.com/1071/751649788_65d869fc27_o.jpg"" rel=""noreferrer nofollow"">Original</a>"
n02219486_24388.JPEG,n02219486_24388,n02219486,ant,ant_bee,1,1,Ant,eric begin|Macro|insecte|insect|macrophotographie|macrophotography|close-up|zuiko 35mm|ant|foumi|fourmis|ants,12,
n02219486_24393.JPEG,n02219486_24393,n02219486,ant,ant_bee,1,0,Green ants bridge,green|ants|nature|insects|wildlife|australia|kasi|bridge|busy|green ant|sky|leaf|close up|cooperation|insect behavior|northern territory|insect cooperation|australian insect,18,"taken on 105 macro lens in the Northern Territory, Australia. Shot on KODAK slide and flextight scanned."
n02219486_24395.JPEG,n02219486_24395,n02219486,ant,ant_bee,1,0,Ant on a Lead,dead sea|yehuda desert|israel|ant|plant|green|leaf|insect|macro,9,"I have done better macros in my life, but it's still kinda cool in my humble opinion."
n02219486_24408.JPEG,n02219486_24408,n02219486,ant,ant_bee,0,0,,,0,
n02219486_24415.JPEG,n02219486_24415,n02219486,ant,ant_bee,0,0,,,0,
n02219486_24417.JPEG,n02219486_24417,n02219486,ant,ant_bee,0,0,,,0,
n02219486_24424.JPEG,n02219486_24424,n02219486,ant,ant_bee,0,0,,,0,
n02219486_24441.JPEG,n02219486_24441,n02219486,ant,ant_bee,1,0,Ant Panic Macro: Evacuating the Larvae,ant|ants|bug|bugs|insect|insects|justpentax|larva|larvae|macro|nest|pentaxK10d|workers|cpjsm|f/18|1/180 sec|ISO200|A Series Lens|craigjewellphotography,19,"While moving a large treestump in our yard, I stripped off some bark to find a small ant nest underneath.  There were several thousand ants all looking after a couple of hundred larvae.  As soon as I lifted the bark, they started to evacuate the larvae into several holes in the tree stump. It only took a few minutes for them to get all the larvae into the safety of the trunk, but I managed to get a few shots with my VIvitar Series 1 105mm macro lens."
n02219486_24448.JPEG,n02219486_24448,n02219486,ant,ant_bee,0,0,,,0,
n02219486_24456.JPEG,n02219486_24456,n02219486,ant,ant_bee,1,1,Ant two,ant|insects,2,
n02219486_24457.JPEG,n02219486_24457,n02219486,ant,ant_bee,0,0,,,0,
n02219486_24470.JPEG,n02219486_24470,n02219486,ant,ant_bee,0,0,,,0,
n02219486_24479.JPEG,n02219486_24479,n02219486,ant,ant_bee,0,0,,,0,
n02219486_24481.JPEG,n02219486_24481,n02219486,ant,ant_bee,0,0,,,0,
n02219486_24483.JPEG,n02219486_24483,n02219486,ant,ant_bee,0,0,,,0,
n02219486_24489.JPEG,n02219486_24489,n02219486,ant,ant_bee,0,0,,,0,
n02219486_24494.JPEG,n02219486_24494,n02219486,ant,ant_bee,0,1,,,0,
n02219486_24497.JPEG,n02219486_24497,n02219486,ant,ant_bee,0,0,,,0,
n02219486_24501.JPEG,n02219486_24501,n02219486,ant,ant_bee,0,1,,,0,
n02219486_24504.JPEG,n02219486_24504,n02219486,ant,ant_bee,0,0,,,0,
n02219486_24508.JPEG,n02219486_24508,n02219486,ant,ant_bee,1,0,ants,insects|ants|box|elder|bugs,5,"I was at my daughters house sitting and I notice this black patch on the ground, so I looked and it was an absolute MOB of tiny little ants so I went back in and grabbed my camera, it was fairly dark when I took these, it seems like these ants have a totally crummy union! They were congregated by a fallen hollyhock and seemed to be takeing something from the leaves. I noticed that the leaves were pretty much gone the next day and some ants died carrying out this great work for their hill."
n02219486_24510.JPEG,n02219486_24510,n02219486,ant,ant_bee,1,0,ANT 1,ant|macro|glass|lens|bug|nature,6,maybe not the best shot but I like  the composition of the ant and the reflex of the camera lens on the glass 
n02219486_24515.JPEG,n02219486_24515,n02219486,ant,ant_bee,1,0,Citronella Ant Swarm,Citronella Ant|Acanthomyops interjectus|Yellow Ant|180mm|macro|Canon|40D|Oak Openings Metropark|September|2007|IMG_1320,11,The following images will be close up shots of these guys.  This was a huge swarm of Citronalla ants.  Swarmers (or the reproductives) emerge in the Spring and Fall each year when conditions are perfect.  The reproductives will then go out and start up new colonies.  This swarm stretched for about 10 feet (3M) and contained thousands of workers and swarmers.
n02219486_24520.JPEG,n02219486_24520,n02219486,ant,ant_bee,0,0,,,0,
n02219486_24538.JPEG,n02219486_24538,n02219486,ant,ant_bee,0,0,,,0,
n02219486_24558.JPEG,n02219486_24558,n02219486,ant,ant_bee,0,0,,,0,
n02219486_24563.JPEG,n02219486_24563,n02219486,ant,ant_bee,1,0,Carpenter Ant - Camponotus modoc,Seattle|King County|WA|Washington|United States|North America|taxonomy:kingdom=Animalia|Animalia|Animal|Invertebrate|taxonomy:phylum=Arthropoda|Arthropoda|taxonomy:class=Insecta|Insecta|Insect|Pterygota|taxonomy:order=Hymenoptera|Hymenoptera|taxonomy:suborder=Apocrita|Apocrita|taxonomy:superfamily=Formicoidea|Formicoidea|Ant|taxonomy:family=Formicidae|Formicidae|taxonomy:subfamily=Formicinae|Formicinae|taxonomy:genus=Camponotus|Camponotus|Carpenter Ant|large|reddish legs|on wall|May|2007|Arthropod|black|Boulevard Park|taxonomy:subgenus=Camponotus|taxonomy:species=modoc|taxonomy:binomial=Camponotus modoc|Camponotus modoc,42,"5/28/07 Boulevard Park, Seattle, Washington, U.S.A. <i>Camponotus modoc</i> Found wandering around on the foundation of my (brick) house. Kingdom: Animalia (Animals) Phylum: Arthropoda (Arthropods) Superclass: Hexapoda (Hexapods) Class: Insecta (Insects) Subclass: Pterygota (Winged Insects) Order: Hymenoptera (Ants, Bees, Wasps &amp; Sawflies) Suborder: Apocrita (Ants, Bees &amp; Wasps) Superfamily: Formicoidea (Ants) Family: Formicidae (Ants) Subfamily: Formicinae Genus: <i>Camponotus</i> (Carpenter Ants) (Subgenus <i>Camponotus</i>)  Species: <i>modoc</i>  (<i>Camponotus modoc</i>) "
n02219486_24587.JPEG,n02219486_24587,n02219486,ant,ant_bee,1,1,Red ant,ant|insect,2,
n02219486_24589.JPEG,n02219486_24589,n02219486,ant,ant_bee,0,0,,,0,
n02219486_24590.JPEG,n02219486_24590,n02219486,ant,ant_bee,0,0,,,0,
n02219486_24592.JPEG,n02219486_24592,n02219486,ant,ant_bee,0,0,,,0,
n02219486_24598.JPEG,n02219486_24598,n02219486,ant,ant_bee,1,0,Ant and his shadow 8390,ant|chain|rust|shadow|sacramento|insect|Placer County|Rocklin|Roseville|macro|sun|familygetty|canon|20d|photo|photograph,16,I went to a nature habitat to get some photos and nothing nada was around (I did see a lizard). So instead of thinking big I put on the macro and found a tiny ant on a piece of rusty chain..... Well I guess it is a wildlife shot????
n02219486_24618.JPEG,n02219486_24618,n02219486,ant,ant_bee,0,1,,,0,
n02219486_24619.JPEG,n02219486_24619,n02219486,ant,ant_bee,0,0,,,0,
n02219486_24626.JPEG,n02219486_24626,n02219486,ant,ant_bee,0,0,,,0,
n02219486_24633.JPEG,n02219486_24633,n02219486,ant,ant_bee,0,0,,,0,
n02219486_24639.JPEG,n02219486_24639,n02219486,ant,ant_bee,0,0,,,0,
n02219486_24650.JPEG,n02219486_24650,n02219486,ant,ant_bee,1,0,Adam the ant,butterfly|yellow|black|white|flower|water|unique|beautiful|black and white|monarch|insect|pollenation|spring|ant|climb|carry|load|rope,18,
n02219486_24652.JPEG,n02219486_24652,n02219486,ant,ant_bee,0,1,,,0,
n02219486_24653.JPEG,n02219486_24653,n02219486,ant,ant_bee,0,0,,,0,
n02219486_24654.JPEG,n02219486_24654,n02219486,ant,ant_bee,0,0,,,0,
n02219486_24657.JPEG,n02219486_24657,n02219486,ant,ant_bee,0,0,,,0,
n02219486_24663.JPEG,n02219486_24663,n02219486,ant,ant_bee,1,0,soldier ant,brass|soldier ant|handmade|insects|geoffrey haberman|Sony|f717|sculpture|metal sculpture|praying mantis metal sculpure|insect sculpture|insect metal sculpture|Sony DSC f717|Alliston,14,"Finally finished, it took about 80 hrs to completion"
n02219486_24673.JPEG,n02219486_24673,n02219486,ant,ant_bee,1,1,Ant with it's food,sigma105|redant|nikon|nature|macro|insect|d50|bug|105mm|ant|naturesfinest|chyenn,12,"This little guy was working so hard, incredible."
n02219486_24675.JPEG,n02219486_24675,n02219486,ant,ant_bee,0,0,,,0,
n02219486_24676.JPEG,n02219486_24676,n02219486,ant,ant_bee,1,1,Weird ant - 1,nature|enviroment|ant,3,"Well, no description from me for this Weird Ant..."
n02219486_24680.JPEG,n02219486_24680,n02219486,ant,ant_bee,1,1,Ant dragging a wasp,macro|wasp|ant,3,"Two ants were dragging this dead wasp across my backyard.  One was doing the pulling, the other was helping by getting the wasp unstuck from obstacles."
n02219486_24683.JPEG,n02219486_24683,n02219486,ant,ant_bee,1,0,Ameise / Ant,Ameise|Ant|Insekten|Insect|Insekt|Rammersweier|Offenburg|Germany|Deutschland|Schützenhaus|Haliplus|April|2007|Ortenau,14,(C) Haliplus 2007
n02219486_24689.JPEG,n02219486_24689,n02219486,ant,ant_bee,0,0,,,0,
n02219486_24690.JPEG,n02219486_24690,n02219486,ant,ant_bee,0,0,,,0,
n02219486_24695.JPEG,n02219486_24695,n02219486,ant,ant_bee,1,0,Ants,ants|ants love popcorn|astros popcorn bucket|downtown houston|litter|darkhairedgirl,6,*cue the jangly ants music from the horror flicks* 
n02219486_24701.JPEG,n02219486_24701,n02219486,ant,ant_bee,0,0,,,0,
n02219486_24709.JPEG,n02219486_24709,n02219486,ant,ant_bee,1,0,Ant Panic Macro: Evacuating the Larvae,ant|ants|bug|bugs|insect|insects|justpentax|larva|larvae|macro|nest|pentaxK10d|workers|cpjsm|f/18|1/180 sec|ISO200|A Series Lens|craigjewellphotography,19,"While moving a large treestump in our yard, I stripped off some bark to find a small ant nest underneath.  There were several thousand ants all looking after a couple of hundred larvae.  As soon as I lifted the bark, they started to evacuate the larvae into several holes in the tree stump. It only took a few minutes for them to get all the larvae into the safety of the trunk, but I managed to get a few shots with my VIvitar Series 1 105mm macro lens."
n02219486_24715.JPEG,n02219486_24715,n02219486,ant,ant_bee,1,0,anT,ant|macro|close-up|imkhan|sepia|canon|powershot|a610|SuperShot|FlickrWildlife|ExCapture|DiamondClassPhotographer|pakistaniphotographer|islamabadiphotographer|canonpowershota610|pakistan|PPA winner,17,<b>E x p l o r e d</b>
n02219486_24721.JPEG,n02219486_24721,n02219486,ant,ant_bee,0,0,,,0,
n02219486_24725.JPEG,n02219486_24725,n02219486,ant,ant_bee,0,0,,,0,
n02219486_24729.JPEG,n02219486_24729,n02219486,ant,ant_bee,0,0,,,0,
n02219486_24730.JPEG,n02219486_24730,n02219486,ant,ant_bee,0,0,,,0,
n02219486_24740.JPEG,n02219486_24740,n02219486,ant,ant_bee,1,1,Ant,Chisinau|Moldova|ant|ants|insect|insects,6,
n02219486_24742.JPEG,n02219486_24742,n02219486,ant,ant_bee,0,0,,,0,
n02219486_24744.JPEG,n02219486_24744,n02219486,ant,ant_bee,1,1,Ant Panic Macro: Evacuating the Larvae,ant|ants|bug|bugs|insect|insects|justpentax|larva|larvae|macro|nest|pentaxK10d|workers|cpjsm|f/18|1/180 sec|ISO200|A Series Lens|craigjewellphotography,19,"While moving a large treestump in our yard, I stripped off some bark to find a small ant nest underneath.  There were several thousand ants all looking after a couple of hundred larvae.  As soon as I lifted the bark, they started to evacuate the larvae into several holes in the tree stump. It only took a few minutes for them to get all the larvae into the safety of the trunk, but I managed to get a few shots with my VIvitar Series 1 105mm macro lens."
n02219486_24749.JPEG,n02219486_24749,n02219486,ant,ant_bee,1,0,Ant,flower|Kagoshima|Japan|red|black|ant|summer|macro|nature|insect|サルビア,11,"＠Ishibashi-Kinen-Koen @Ishibashi Mwmorial Park Kagoshima,Japan 2007 summer  <a href=""http://www.seika-spc.co.jp/ishi/index.html"" rel=""noreferrer nofollow"">www.seika-spc.co.jp/ishi/index.html</a>  鹿児島市石橋記念公園にて "
n02219486_24752.JPEG,n02219486_24752,n02219486,ant,ant_bee,0,0,,,0,
n02219486_24756.JPEG,n02219486_24756,n02219486,ant,ant_bee,0,0,,,0,
n02219486_24758.JPEG,n02219486_24758,n02219486,ant,ant_bee,1,0,Yellow ants on the move,2007|September|MA|insects|ants,5,
n02219486_24760.JPEG,n02219486_24760,n02219486,ant,ant_bee,1,1,ant,350d|2005|may2005|105mm|macro|ant|insect,7,
n02219486_24762.JPEG,n02219486_24762,n02219486,ant,ant_bee,0,0,,,0,
n02219486_24780.JPEG,n02219486_24780,n02219486,ant,ant_bee,0,0,,,0,
n02219486_24796.JPEG,n02219486_24796,n02219486,ant,ant_bee,0,0,,,0,
n02219486_24805.JPEG,n02219486_24805,n02219486,ant,ant_bee,0,0,,,0,
n02219486_24816.JPEG,n02219486_24816,n02219486,ant,ant_bee,0,0,,,0,
n02219486_24820.JPEG,n02219486_24820,n02219486,ant,ant_bee,0,0,,,0,
n02219486_24824.JPEG,n02219486_24824,n02219486,ant,ant_bee,0,0,,,0,
n02219486_24825.JPEG,n02219486_24825,n02219486,ant,ant_bee,0,0,,,0,
n02219486_24830.JPEG,n02219486_24830,n02219486,ant,ant_bee,0,0,,,0,
n02219486_24833.JPEG,n02219486_24833,n02219486,ant,ant_bee,0,0,,,0,
n02219486_24834.JPEG,n02219486_24834,n02219486,ant,ant_bee,0,0,,,0,
n02219486_24844.JPEG,n02219486_24844,n02219486,ant,ant_bee,0,0,,,0,
n02219486_24849.JPEG,n02219486_24849,n02219486,ant,ant_bee,1,1,Small black ant probably (Lasius Niger)1,nature|animals|insects|ant|ants|macro|bug|closeup,8,Technically not a good shot!  But I like it!!! Kings of the Wild Frontier   Adam &amp; the Ants
n02219486_24852.JPEG,n02219486_24852,n02219486,ant,ant_bee,1,0,Ants at work,ants|green|flowers|nature,4,the 2 ants at the centre are real while the rest are clones ;)
n02219486_24856.JPEG,n02219486_24856,n02219486,ant,ant_bee,0,0,,,0,
n02219486_24858.JPEG,n02219486_24858,n02219486,ant,ant_bee,0,0,,,0,
n02219486_24859.JPEG,n02219486_24859,n02219486,ant,ant_bee,1,1,ants dragging dead spider,ant|spider|insect|macro|macrophotography|D50|sigma|nikon|nature|animal|close,11,
n02219486_24862.JPEG,n02219486_24862,n02219486,ant,ant_bee,0,0,,,0,
n02219486_24864.JPEG,n02219486_24864,n02219486,ant,ant_bee,0,0,,,0,
n02219486_24871.JPEG,n02219486_24871,n02219486,ant,ant_bee,0,1,,,0,
n02219486_24872.JPEG,n02219486_24872,n02219486,ant,ant_bee,1,1,Ant Mimicking Spider...Ant-Like Crab Spider(Amyciaea lineatipes)-India,Spider|SpiderIndia|Nature|Ant Mimicking Spider|Macro|Arachnida|Ant|Mimicry|Mimicking|Hunter|India|Hyderabad|Maneesh Kaul|Pentax|Flickr,15,"To the top on the LHS is the snap of the ant species this spider mimics. The abdomen imitates the head of the familiar &quot;Kerengga&quot; ant (Oecophylla smaragdina) with the two dark dots simulating the ant's eyes.The first two pairs of legs are often jerkily held up and down while the spider moves about in an advance-and-halt fashion.  It feeds on Kerengga ants at night. On seeing an ant, it pounces on the ant. While holding the ant in its jaws and anchoring itself with a safety line of silk, it falls with the ant. The silken safety line allows the spider to remain suspended in mid-air where the ant has no chance to mount a counter-attack. The ant soon ceases its futile struggle when the venom takes effect.  Copied and pasted the info about this lil guy from this link below  <a href=""http://habitatnews.nus.edu.sg/guidebooks/spiders/text/Amyciaea_lineatipes.htm"" rel=""noreferrer nofollow"">habitatnews.nus.edu.sg/guidebooks/spiders/text/Amyciaea_l...</a>  Location: HCU, Hyderabad, INDIA"
n02219486_24879.JPEG,n02219486_24879,n02219486,ant,ant_bee,1,0,Ant,insect|ant|Formica incerta|flower|whitehall state park|massachusetts|Tamron SP AF 90mm f/2.8 Di Macro|Formica,8,"BugGuide says <i>Formica pallidefulva</i> group, possibly <i>F. incerta</i>."
n02219486_24892.JPEG,n02219486_24892,n02219486,ant,ant_bee,1,1,Blue Flowers & Ant,Flowers|wild-flowers|blue|ant|extreme-macro,5,Focus was a problem but the ant looks reasonably sharp.
n02219486_24898.JPEG,n02219486_24898,n02219486,ant,ant_bee,0,0,,,0,
n02219486_24899.JPEG,n02219486_24899,n02219486,ant,ant_bee,0,0,,,0,
n02219486_24902.JPEG,n02219486_24902,n02219486,ant,ant_bee,0,0,,,0,
n02219486_24905.JPEG,n02219486_24905,n02219486,ant,ant_bee,0,0,,,0,
n02219486_24909.JPEG,n02219486_24909,n02219486,ant,ant_bee,0,0,,,0,
n02219486_24911.JPEG,n02219486_24911,n02219486,ant,ant_bee,1,1,Ants at twice life size series 2-1,macro|nature|insect|ant|Xti|400D|100mm|Canon|Dalantech|John Kimbler,10,"All canon gear: Xti (manual mode F11, 1/200, ISO 100) + 1.4 teleconverter + 25mm extension tube + 100mm macro lens. MR-14EX set to a 4:1 ratio and -1/3 FEC. Minimal post processing.  I've posted more details about this series <a href=""http://nocroppingzone.blogspot.com/2007/04/studio-macro.html"" rel=""noreferrer nofollow"">in my blog</a>"
n02219486_24914.JPEG,n02219486_24914,n02219486,ant,ant_bee,0,0,,,0,
n02219486_24920.JPEG,n02219486_24920,n02219486,ant,ant_bee,0,1,,,0,
n02219486_24921.JPEG,n02219486_24921,n02219486,ant,ant_bee,0,0,,,0,
n02219486_24924.JPEG,n02219486_24924,n02219486,ant,ant_bee,1,0,what ants eat sundays,rat|dead|adam and the ants|pfötchen|i hope you're not too shocked but as you know me - i love to shock here and there,5,"well, i think it's about time to show you something really gross since my last 50 shots were so nice;)...okay, except of the clowns ,hehe.. "
n02219486_24927.JPEG,n02219486_24927,n02219486,ant,ant_bee,0,0,,,0,
n02219486_24939.JPEG,n02219486_24939,n02219486,ant,ant_bee,0,0,,,0,
n02219486_24946.JPEG,n02219486_24946,n02219486,ant,ant_bee,1,0,Ants...,garden|ants|2006,3,Working ants...
n02219486_24958.JPEG,n02219486_24958,n02219486,ant,ant_bee,1,1,Ant Queen Bodyguard :),Ant|kuwait Voluntary Work Center|مركز العمل التطوعي,3,
n02219486_24977.JPEG,n02219486_24977,n02219486,ant,ant_bee,0,1,,,0,
n02219486_24980.JPEG,n02219486_24980,n02219486,ant,ant_bee,0,0,,,0,
n02219486_24985.JPEG,n02219486_24985,n02219486,ant,ant_bee,0,0,,,0,
n02219486_24991.JPEG,n02219486_24991,n02219486,ant,ant_bee,0,0,,,0,
n02219486_24999.JPEG,n02219486_24999,n02219486,ant,ant_bee,0,0,,,0,
n02219486_25002.JPEG,n02219486_25002,n02219486,ant,ant_bee,0,0,,,0,
n02219486_25004.JPEG,n02219486_25004,n02219486,ant,ant_bee,1,0,ants tending aphids,flower|ants|aphids|insects|close-up,5,some ants tending aphids on a flower by loop 336 in Conroe
n02219486_25026.JPEG,n02219486_25026,n02219486,ant,ant_bee,0,1,,,0,
n02219486_25033.JPEG,n02219486_25033,n02219486,ant,ant_bee,0,0,,,0,
n02219486_25046.JPEG,n02219486_25046,n02219486,ant,ant_bee,0,0,,,0,
n02219486_25057.JPEG,n02219486_25057,n02219486,ant,ant_bee,0,1,,,0,
n02219486_25072.JPEG,n02219486_25072,n02219486,ant,ant_bee,1,1,Fire ant,fire|ant|insect|nature,4,
n02219486_25075.JPEG,n02219486_25075,n02219486,ant,ant_bee,0,0,,,0,
n02219486_25089.JPEG,n02219486_25089,n02219486,ant,ant_bee,0,0,,,0,
n02219486_25092.JPEG,n02219486_25092,n02219486,ant,ant_bee,1,0,ANTS,ant|ants|insect|insects|swarm|swarms|swarming|colony|antcolony|antcolonies|bug|bugs,12,
n02219486_25094.JPEG,n02219486_25094,n02219486,ant,ant_bee,1,0,Where to mate ?,ant|insect|macro|close-up|Amir.S.|Powershot S3 IS|Canon|red|black|white|APlusPhoto|MiRea's Realm,12,
n02219486_25095.JPEG,n02219486_25095,n02219486,ant,ant_bee,1,0,Giant Ant Crossing,Thailand|Chiang Mai|Mae Hong San|trek|trekking|day 2|wilderness|nature|animal|insect|bug|ant,12,
n02219486_25103.JPEG,n02219486_25103,n02219486,ant,ant_bee,1,0,If Insects Could Scream,ant|backyard|insect,3,"It would be an endless cacophony outside. My daughter and I were watching this ant climb a tree, when he did a double take seeing one of those spiny guys, and decided to partake of a snack."
n02219486_25105.JPEG,n02219486_25105,n02219486,ant,ant_bee,0,1,,,0,
n02219486_25112.JPEG,n02219486_25112,n02219486,ant,ant_bee,0,1,,,0,
n02219486_25119.JPEG,n02219486_25119,n02219486,ant,ant_bee,1,1,Ant on Orange,flowers|flora|spring|foliage|color|beauty|nature|insects|ant|bug|orange,11,
n02219486_25123.JPEG,n02219486_25123,n02219486,ant,ant_bee,1,0,Insect  CLOSE UP ANTS  dec 2006,iNSECT|BUG|BACKYARD|AUSTRALIA|SCHILLING|ANT|ANTS|COLONY,8,
n02219486_25126.JPEG,n02219486_25126,n02219486,ant,ant_bee,1,0,"When you are down, everyone wants a piece of you.",Ants|insects|maco|100mm|canon 5d|bugs,6,"The ant attack.  When a fellow member carry a dead body of another fellow member along the path, all the others turn hostile and tear up the dead body.  This is ecology of the insect work, nothing is put to waste. This shot was taken with my 5D mounted with 100mm f2.8 macro lens with 580EX II with homemade defuser."
n02219486_25129.JPEG,n02219486_25129,n02219486,ant,ant_bee,0,0,,,0,
n02219486_25131.JPEG,n02219486_25131,n02219486,ant,ant_bee,0,0,,,0,
n02219486_25134.JPEG,n02219486_25134,n02219486,ant,ant_bee,0,0,,,0,
n02219486_25136.JPEG,n02219486_25136,n02219486,ant,ant_bee,0,0,,,0,
n02219486_25137.JPEG,n02219486_25137,n02219486,ant,ant_bee,0,0,,,0,
n02219486_25145.JPEG,n02219486_25145,n02219486,ant,ant_bee,1,1,Giant Jumper Ant,ant|bitey|hurty|giant jumper ant|jumper ant|Myrmecia sp|Myrmeciinae,7,"I swear this guy was constantly sizing me up to see if he could carry me back to the nest. I was just glad to get my shot and leave :) It was at least an inch long, probably closer to an inch and a half.  <a href=""http://www.brisbaneinsects.com/brisbane_ants/GiantJumperAnt.htm"" rel=""noreferrer nofollow"">Giant Jumper Ant Fact Sheet</a>"
n02219486_25147.JPEG,n02219486_25147,n02219486,ant,ant_bee,0,0,,,0,
n02219486_25151.JPEG,n02219486_25151,n02219486,ant,ant_bee,0,0,,,0,
n02219486_25154.JPEG,n02219486_25154,n02219486,ant,ant_bee,0,0,,,0,
n02219486_25156.JPEG,n02219486_25156,n02219486,ant,ant_bee,0,0,,,0,
n02219486_25167.JPEG,n02219486_25167,n02219486,ant,ant_bee,1,0,IMG_0677,Garden|Dragonfly|Canon MP-E65|Nature|Insect|Macro|Canon|Ant|Malaysia,9,
n02219486_25168.JPEG,n02219486_25168,n02219486,ant,ant_bee,0,0,,,0,
n02219486_25175.JPEG,n02219486_25175,n02219486,ant,ant_bee,0,0,,,0,
n02219486_25181.JPEG,n02219486_25181,n02219486,ant,ant_bee,1,0,A Little Help from My Friend,ant|insect|peony|bud|red|ilovenature,6,"When I first saw this ant stranded all alone on a peony bud, aggressively defending the bud from all comers be they 1,000 times its size, I thought, &quot;This ant is insane.&quot; It turns out, though, that the ant and the peony have a symbiotic relationship. The bud is covered with a sweet waxy substance that is very hard. What the ant does is eat the coating, allowing the peony to bloom."
n02219486_25192.JPEG,n02219486_25192,n02219486,ant,ant_bee,0,0,,,0,
n02219486_25208.JPEG,n02219486_25208,n02219486,ant,ant_bee,0,0,,,0,
n02219486_25216.JPEG,n02219486_25216,n02219486,ant,ant_bee,1,0,Weaver ants (Oecophylla smaragdina) with larvae,ant|singapore|nature|wildlife|wildsingapore|sungei buloh|oecophylla|smaragdina|insecta,9,"For a high res version of this photo, please review the details on <a href=""http://www.wildsingapore.com/photo.htm"" rel=""noreferrer nofollow"">about using my photos</a>. When making the request, please include this reference: 030910sbwrad0088 "
n02219486_25218.JPEG,n02219486_25218,n02219486,ant,ant_bee,0,0,,,0,
n02219486_25222.JPEG,n02219486_25222,n02219486,ant,ant_bee,0,0,,,0,
n02219486_25229.JPEG,n02219486_25229,n02219486,ant,ant_bee,1,0,ants!,ants|tree|bark|macro|fish creek park|alberta|insects|yuck|calgary|black ants|nature|black|bodies|legs|canon|copyright|ktelqueen|photography|point and shoot|maria|amateur|maria powell photography,22,hit all sizes for [eww] a closer look..
n02219486_25237.JPEG,n02219486_25237,n02219486,ant,ant_bee,0,0,,,0,
n02219486_25238.JPEG,n02219486_25238,n02219486,ant,ant_bee,0,0,,,0,
n02219486_25241.JPEG,n02219486_25241,n02219486,ant,ant_bee,0,0,,,0,
n02219486_25242.JPEG,n02219486_25242,n02219486,ant,ant_bee,0,0,,,0,
n02219486_25245.JPEG,n02219486_25245,n02219486,ant,ant_bee,1,0,Giant ants on the moon!,ants|giant ants|creepy|eerie|sony|dsc|h9,7,Saw this shot of some giant ants on a lamp post in Indonesia. A bit eerie!
n02219486_25249.JPEG,n02219486_25249,n02219486,ant,ant_bee,0,0,,,0,
n02219486_25250.JPEG,n02219486_25250,n02219486,ant,ant_bee,0,0,,,0,
n02219486_25251.JPEG,n02219486_25251,n02219486,ant,ant_bee,1,0,Ant world events,Scotland|Flying Ants|best viewed embiggened,3,"I don't know how the ants all decide, but they synchronise their hatching, the big ones with wings... they fly on warm afternoons, and I think they mate on the wing... are the big ones queens in the making? I have no idea. Is the temperature the crucial condition? Today was warmer than any other day for a while... or is the moon's phase a trigger, I wonder. This is our garden path, but there were ants around here and there, all the way from home to the Botanic Gardens.. and possibly all over the city, for all I know, or farther afield. <a href=""http://news.bbc.co.uk/1/hi/scotland/3934591.stm"" rel=""noreferrer nofollow"">news.bbc.co.uk/1/hi/scotland/3934591.stm</a>"
n02219486_25253.JPEG,n02219486_25253,n02219486,ant,ant_bee,0,0,,,0,
n02219486_25257.JPEG,n02219486_25257,n02219486,ant,ant_bee,1,0,Ant,insect|ant|tag 20070731b|massachusetts|wachusett mountain,5,
n02219486_25259.JPEG,n02219486_25259,n02219486,ant,ant_bee,1,0,Ant Highway,peten|guatemala|ants|leaf|highway|trail|decay|carry,8,"The trails followed by leaf-cutter ants are at times hundreds of yards long, teeming the whole way with ants at work."
n02219486_25261.JPEG,n02219486_25261,n02219486,ant,ant_bee,1,0,Ant,Ottawa|Ontario|Canada|Insect|Ant|Ants|Insects|Creepy|Crawly,9,
n02219486_25262.JPEG,n02219486_25262,n02219486,ant,ant_bee,1,0,Ants,ants|twizzlers|red|macro,4,Twizzlers are my favorite movie food!  I guess the ants like it too.
n02219486_25265.JPEG,n02219486_25265,n02219486,ant,ant_bee,0,0,,,0,
n02219486_25273.JPEG,n02219486_25273,n02219486,ant,ant_bee,1,1,Bee on rue,Insects|ant|bee|flower|rue|leaves|green|yellow|pollen|bloom|blossom,11,
n02219486_25277.JPEG,n02219486_25277,n02219486,ant,ant_bee,0,0,,,0,
n02219486_25279.JPEG,n02219486_25279,n02219486,ant,ant_bee,0,0,,,0,
n02219486_25283.JPEG,n02219486_25283,n02219486,ant,ant_bee,0,0,,,0,
n02219486_25294.JPEG,n02219486_25294,n02219486,ant,ant_bee,0,0,,,0,
n02219486_25311.JPEG,n02219486_25311,n02219486,ant,ant_bee,0,0,,,0,
n02219486_25316.JPEG,n02219486_25316,n02219486,ant,ant_bee,0,0,,,0,
n02219486_25325.JPEG,n02219486_25325,n02219486,ant,ant_bee,1,0,Myrmecophobia- Fear of ants,apple|apples|ant|ants|decay|invasion|invasion of the ants,7,Invasion of the ants # 1
n02219486_25345.JPEG,n02219486_25345,n02219486,ant,ant_bee,1,0,Last Ant Standing,ant|insect|nature|macro,4,...indeed!
n02219486_25346.JPEG,n02219486_25346,n02219486,ant,ant_bee,0,1,,,0,
n02219486_25353.JPEG,n02219486_25353,n02219486,ant,ant_bee,1,1,Red ant on cornflower bud #1,macro|bug|insect|red|ant,5,"Not sure what the fascination is, but every morning the cornflower flower buds have red ants on them slowly moving around. Doesn't appear to be any secretions or aphid activity on them"
n02219486_25363.JPEG,n02219486_25363,n02219486,ant,ant_bee,0,0,,,0,
n02219486_25368.JPEG,n02219486_25368,n02219486,ant,ant_bee,0,0,,,0,
n02219486_25399.JPEG,n02219486_25399,n02219486,ant,ant_bee,1,0,Ant         © T.Rundle. 18-7-2007,Super-Macro|Nature|Insects|Ant,4,was smaller then he looks. the camera was right on top of him. only 5mm tall
n02219486_25401.JPEG,n02219486_25401,n02219486,ant,ant_bee,0,0,,,0,
n02219486_25403.JPEG,n02219486_25403,n02219486,ant,ant_bee,1,0,Black ant,macro|bug|insect|Lasius|niger|ant|NaturesFinest,7,"I admit it- I baited it with a drop of honey :) see <a href=""http://www.flickr.com/photos/lordv/405821895/"">www.flickr.com/photos/lordv/405821895/</a> for a crop from this shot"
n02219486_25412.JPEG,n02219486_25412,n02219486,ant,ant_bee,0,0,,,0,
n02219486_25417.JPEG,n02219486_25417,n02219486,ant,ant_bee,0,0,,,0,
n02219486_25427.JPEG,n02219486_25427,n02219486,ant,ant_bee,1,0,Antics #4,macro|bug|insect|ant|blackant,5,Yummy. Ant on a camelia bloom. Seems to be a bit dented.
n02219486_25450.JPEG,n02219486_25450,n02219486,ant,ant_bee,0,0,,,0,
n02219486_25461.JPEG,n02219486_25461,n02219486,ant,ant_bee,1,0,Ant,Ant|Insect|Leaf|Green|Nature|MaldivianAmateurPhotographers,6,My first shot of an animal. Next task :Search for a snail
n02219486_25466.JPEG,n02219486_25466,n02219486,ant,ant_bee,1,1,Hanging Ant,ant|flower|nature|macro|insect|garden|bug|Washington|PNW|park,10,I pretty sure it really WAS hanging...These flowers always have the leaopard-print on top...
n02219486_25472.JPEG,n02219486_25472,n02219486,ant,ant_bee,1,0,Ants,flies|insects|ants|butterflies,4,
n02219486_25482.JPEG,n02219486_25482,n02219486,ant,ant_bee,1,1,ant,ant|macro|20d,3,Notice the head's a little soft? Me too. I'm quickly learning how hard this macro photography thing is. Focusing was never this critical in the newspaper world. Ants are unforgiving.
n02219486_25502.JPEG,n02219486_25502,n02219486,ant,ant_bee,0,0,,,0,
n02219486_25510.JPEG,n02219486_25510,n02219486,ant,ant_bee,0,0,,,0,
n02219486_25513.JPEG,n02219486_25513,n02219486,ant,ant_bee,1,0,Ant Warfare,Sugar Ants|Ants|Insects|Invertibrates|Ants in the kitchen|We have an ant problem|Chopping|board|macro,9,
n02219486_25531.JPEG,n02219486_25531,n02219486,ant,ant_bee,0,0,,,0,
n02219486_25540.JPEG,n02219486_25540,n02219486,ant,ant_bee,1,0,Day 13 - Long trail of ants on the road to Dogola,bilsa|ecuador|insect|ant,4,"Heading out to Dologa we found this apparently neverending stream of ants. We got to spend a few minutes just resting and watching them. An amazing sight, really."
n02219486_25547.JPEG,n02219486_25547,n02219486,ant,ant_bee,0,0,,,0,
n02219486_25553.JPEG,n02219486_25553,n02219486,ant,ant_bee,0,0,,,0,
n02219486_25573.JPEG,n02219486_25573,n02219486,ant,ant_bee,1,0,Ant 2559,ant,1,One of the ants displaced by the ice storm.
n02219486_25576.JPEG,n02219486_25576,n02219486,ant,ant_bee,0,1,,,0,
n02219486_25579.JPEG,n02219486_25579,n02219486,ant,ant_bee,1,0,Life Finds a Way,pdx|portland|oregon|ants|insects|northeast portland,6,Ants aboard the good ship Gummyworm.
n02219486_25588.JPEG,n02219486_25588,n02219486,ant,ant_bee,1,0,"Army ants (Eciton cf burchelli), Panama",army|ants|Panama|rainforest|nature|macro|Hymenoptera,7,
n02219486_25589.JPEG,n02219486_25589,n02219486,ant,ant_bee,0,0,,,0,
n02219486_25597.JPEG,n02219486_25597,n02219486,ant,ant_bee,0,0,,,0,
n02219486_25604.JPEG,n02219486_25604,n02219486,ant,ant_bee,0,0,,,0,
n02219486_25612.JPEG,n02219486_25612,n02219486,ant,ant_bee,1,0,Fire Ant on Wood,insect|ant|macro,3,
n02219486_25614.JPEG,n02219486_25614,n02219486,ant,ant_bee,0,0,,,0,
n02219486_25623.JPEG,n02219486_25623,n02219486,ant,ant_bee,1,1,This ant didn't like my T-Shirt ! Morocco,Morocco|macro|nature|insects|desert|ant|Hymenoptera|Formicidae|soldier|Cataglyphis,10,Cataglyphis bombycinus
n02219486_25631.JPEG,n02219486_25631,n02219486,ant,ant_bee,1,0,Ant fight,India|ant|macro|close-up|fight,5,
n02219486_25643.JPEG,n02219486_25643,n02219486,ant,ant_bee,0,0,,,0,
n02219486_25650.JPEG,n02219486_25650,n02219486,ant,ant_bee,0,0,,,0,
n02219486_25654.JPEG,n02219486_25654,n02219486,ant,ant_bee,0,0,,,0,
n02219486_25658.JPEG,n02219486_25658,n02219486,ant,ant_bee,1,0,Farming Ants,insect|ge|green|ants|P70118271,5,These ants tend and herd aphids.  They &quot;milk&quot; the aphids for a sweet fluid.  Smart ants.
n02219486_2567.JPEG,n02219486_2567,n02219486,ant,ant_bee,1,1,Climbing the wall.,shrikrishnapundoor|ant|insect|b&w|macro|macroshots|tamron28-75|d50,8,
n02219486_25673.JPEG,n02219486_25673,n02219486,ant,ant_bee,1,0,Moth and ants,moth|ants|concrete|insects,4,a dead moth and some ants
n02219486_25689.JPEG,n02219486_25689,n02219486,ant,ant_bee,0,1,,,0,
n02219486_25694.JPEG,n02219486_25694,n02219486,ant,ant_bee,1,0,Ants! Ants!,bugs|animals|ants|insects,4,
n02219486_25701.JPEG,n02219486_25701,n02219486,ant,ant_bee,1,1,Ant,Bug|Insect|Ant,3,Ant on my driveway. That stick is actually 2 meters long!
n02219486_25702.JPEG,n02219486_25702,n02219486,ant,ant_bee,0,0,,,0,
n02219486_25706.JPEG,n02219486_25706,n02219486,ant,ant_bee,1,0,Black ant Lasius niger series2 #3,macro|bug|insect|ant,4,Just thought this was the best shot although I was worried about the slightly odd blurring on the face until I realised it is the OOF antenna doing it.
n02219486_25714.JPEG,n02219486_25714,n02219486,ant,ant_bee,0,0,,,0,
n02219486_25717.JPEG,n02219486_25717,n02219486,ant,ant_bee,0,0,,,0,
n02219486_25724.JPEG,n02219486_25724,n02219486,ant,ant_bee,1,0,Ants,Insects|Nature|Wildlife|Ecuador|Ant|Ants,6,"Loreto Road, Ecuador"
n02219486_25731.JPEG,n02219486_25731,n02219486,ant,ant_bee,0,1,,,0,
n02219486_25732.JPEG,n02219486_25732,n02219486,ant,ant_bee,0,0,,,0,
n02219486_25739.JPEG,n02219486_25739,n02219486,ant,ant_bee,0,1,,,0,
n02219486_25746.JPEG,n02219486_25746,n02219486,ant,ant_bee,0,0,,,0,
n02219486_25749.JPEG,n02219486_25749,n02219486,ant,ant_bee,1,0,Ant 8939,macro|insect|ant,3,
n02219486_25750.JPEG,n02219486_25750,n02219486,ant,ant_bee,1,0,White Grub and Ant,white|grub|june|bug|black|ant|nature|insect|animals|flickr|wild|diversity|tiniest|creatures|garden|muskoka,16,"It may be a bit difficult to see the ant, but there is one approaching this white grub.  I will not post the bloodbath that followed.  Oh, Ladies and Gentlemen....the humanity of it all...."
n02219486_25756.JPEG,n02219486_25756,n02219486,ant,ant_bee,0,1,,,0,
n02219486_25757.JPEG,n02219486_25757,n02219486,ant,ant_bee,0,0,,,0,
n02219486_25775.JPEG,n02219486_25775,n02219486,ant,ant_bee,1,0,"Same green ant on a pandanus, few steps apart",0807|ant|Crayfish|beach Hook|island|ile|green ant|green tree ant|tree ant|vert|green|verde|weaver ant|6legs|insect|Oecophylla smaragdina|Oecophylla|tree|arbre|pandanus|shadow|ombre|Whitsundays|Whitsunday|QLD|Queensland|Australia|pacific|ocean|beach|Hook island|I love nature!|Natures Finest|fourmi|f/v10|hormiga|formiga|Formicinae|smaragdina|O. smaragdina|animalia|arthropoda|insecta|hymenoptera|formicidae|bush tucker|macro|closeup,48,"<a href=""http://www.krazydad.com/gustavog/FlickRandom.pl?user=28442702@N00"" rel=""noreferrer nofollow"">Random</a> visit (2 pics taken 4 seconds apart, crop and assembled)  Our tents were very close to this <a href=""http://en.wikipedia.org/wiki/Pandanus"" rel=""noreferrer nofollow"">pandanus</a>  (tree)....meet the neighbours: some <a href=""http://australian-animals.net/ant.htm"" rel=""noreferrer nofollow"">green tree ants (weaver ants)</a> (interesting link!). To learn a lot about ants: <a href=""http://www.ento.csiro.au/science/ants/terms.htm"" rel=""noreferrer nofollow"">CSIRO</a> <a href=""http://www.ento.csiro.au/science/ants/formicinae/oecophylla/oecophylla.htm"" rel=""noreferrer nofollow"">Intimate with O. smaragdina</a>   <a href=""http://www.epa.qld.gov.au/projects/park/index.cgi?parkid=11"" rel=""noreferrer nofollow"">Whitsunday Islands National Park</a><a rel=""noreferrer nofollow""></a>"
n02219486_25777.JPEG,n02219486_25777,n02219486,ant,ant_bee,1,0,Ants,ants|flower|pink|lorain|ohio|sony|dslr|peony|foliage|midwest|great lakes|nature|flora|nature scenes|close up|bloom|blossom,17,My sister-in-law told me that these flowers won't bloom unless the ants eat the sugar coating that is on the outside. She says you shouldn't plant them next to your house...
n02219486_25800.JPEG,n02219486_25800,n02219486,ant,ant_bee,1,1,Ant,ant|bug|insect|black|wood,5,
n02219486_25803.JPEG,n02219486_25803,n02219486,ant,ant_bee,1,0,Sap slurping ant,tree|ant|wood|imbibe|drink|consume|DoF|insect|Marco,9,"A beaver had recentlly cut down this tree, and there were several ants enjoying the sap running from the newly injured tree.  It was still standing at the time, but I doubt that is the case now.  "
n02219486_25805.JPEG,n02219486_25805,n02219486,ant,ant_bee,0,0,,,0,
n02219486_25813.JPEG,n02219486_25813,n02219486,ant,ant_bee,0,0,,,0,
n02219486_25816.JPEG,n02219486_25816,n02219486,ant,ant_bee,0,0,,,0,
n02219486_25817.JPEG,n02219486_25817,n02219486,ant,ant_bee,0,0,,,0,
n02219486_25823.JPEG,n02219486_25823,n02219486,ant,ant_bee,0,0,,,0,
n02219486_25827.JPEG,n02219486_25827,n02219486,ant,ant_bee,0,0,,,0,
n02219486_25832.JPEG,n02219486_25832,n02219486,ant,ant_bee,0,0,,,0,
n02219486_25833.JPEG,n02219486_25833,n02219486,ant,ant_bee,0,0,,,0,
n02219486_25838.JPEG,n02219486_25838,n02219486,ant,ant_bee,1,0,Ant Lions,antlions|bugs|larvae|insect|pinchers|morph,6,These are the craziest bugs. They dig little holes with a high wall around the edge and when ants come in they throw dirt at them and pull 'em in. I guess this is the baby stage. :0) They go under ground for a little bit and change into a flying bug. They're pretty cool.
n02219486_25863.JPEG,n02219486_25863,n02219486,ant,ant_bee,1,1,Ant,Ant|animal|insect|NaturesFinest|ABigFave|Coolest,6,
n02219486_25870.JPEG,n02219486_25870,n02219486,ant,ant_bee,0,0,,,0,
n02219486_25875.JPEG,n02219486_25875,n02219486,ant,ant_bee,0,0,,,0,
n02219486_25897.JPEG,n02219486_25897,n02219486,ant,ant_bee,0,0,,,0,
n02219486_25899.JPEG,n02219486_25899,n02219486,ant,ant_bee,0,0,,,0,
n02219486_25901.JPEG,n02219486_25901,n02219486,ant,ant_bee,0,1,,,0,
n02219486_25909.JPEG,n02219486_25909,n02219486,ant,ant_bee,0,1,,,0,
n02219486_25917.JPEG,n02219486_25917,n02219486,ant,ant_bee,0,0,,,0,
n02219486_25931.JPEG,n02219486_25931,n02219486,ant,ant_bee,1,0,Army Ants,ants|insect|insects|macro,4,carry leaf bits over their heads...
n02219486_25937.JPEG,n02219486_25937,n02219486,ant,ant_bee,1,0,Flying Ant (Hormiga Voladora),Hormiga|Ant|Ants|Hormigas|Wildlife|Nature|Naturaleza|Insects|Insectos|Insecto|Puerto|Rico|Puerto Rico,13,
n02219486_25941.JPEG,n02219486_25941,n02219486,ant,ant_bee,0,0,,,0,
n02219486_25946.JPEG,n02219486_25946,n02219486,ant,ant_bee,0,0,,,0,
n02219486_25947.JPEG,n02219486_25947,n02219486,ant,ant_bee,1,0,Ants at Work,ants|working|Italy|Tivoli|Hadrian's|Villa|photo|unfound|Travel|Nikon D200,10,"Ants moving a leaf at Hadrian's Villa, Tivoli, Italy."
n02219486_25954.JPEG,n02219486_25954,n02219486,ant,ant_bee,0,0,,,0,
n02219486_25957.JPEG,n02219486_25957,n02219486,ant,ant_bee,1,0,Carpenter Ant,naples|macro|florida|fl|colliercounty|ant|panasonic lumix dmc-fz50|Raynox DCR-250|Rick Shackleton|Rick|Shackleton,11,Carpenter Ant on Poinsettia leaf
n02219486_25962.JPEG,n02219486_25962,n02219486,ant,ant_bee,1,0,Ant on leaf,ant|insect|macro|bug|bugs|green|leaf,7,Lit with diffused flash
n02219486_25987.JPEG,n02219486_25987,n02219486,ant,ant_bee,0,0,,,0,
n02219486_26014.JPEG,n02219486_26014,n02219486,ant,ant_bee,1,1,Ant,ant|drinking|insects|macro|australia,5,
n02219486_26028.JPEG,n02219486_26028,n02219486,ant,ant_bee,0,0,,,0,
n02219486_26033.JPEG,n02219486_26033,n02219486,ant,ant_bee,0,0,,,0,
n02219486_26041.JPEG,n02219486_26041,n02219486,ant,ant_bee,1,0,symbiosis - ants and aphids,symbiosis|ants|aphids|ant|aphid|insect|green|garden|dmai|isawyoufirst,10,
n02219486_26053.JPEG,n02219486_26053,n02219486,ant,ant_bee,0,0,,,0,
n02219486_26060.JPEG,n02219486_26060,n02219486,ant,ant_bee,0,0,,,0,
n02219486_26082.JPEG,n02219486_26082,n02219486,ant,ant_bee,1,0,Black ant erosion,Black|ant|erosion,3,
n02219486_26087.JPEG,n02219486_26087,n02219486,ant,ant_bee,1,0,Party time...,ant|ants|nikon|macro|close up|rice|animals|insect|insects|fauna,10,Ants on a grain of rice.
n02219486_26107.JPEG,n02219486_26107,n02219486,ant,ant_bee,1,0,Ant perspecitive,ant|insect|perspective|animal|soil|closeup|macro|makro,8,
n02219486_26115.JPEG,n02219486_26115,n02219486,ant,ant_bee,0,0,,,0,
n02219486_26117.JPEG,n02219486_26117,n02219486,ant,ant_bee,0,0,,,0,
n02219486_26131.JPEG,n02219486_26131,n02219486,ant,ant_bee,0,0,,,0,
n02219486_26134.JPEG,n02219486_26134,n02219486,ant,ant_bee,1,1,Ant4,Macro|Philippines|Ant|Insect,4,"Macro shot of a Ant taken on Palawan Island, Philippines "
n02219486_26142.JPEG,n02219486_26142,n02219486,ant,ant_bee,1,1,Ant,Ant| Insect| Apple|Eddie|Lawrance|Wolfsystems|Canon| 400d|Macro|Eddie Lawrance|www.eddie-lawrance.co.uk,11,
n02219486_26154.JPEG,n02219486_26154,n02219486,ant,ant_bee,1,0,overhead ant,ants|ant|invading|house|dead|macro|extension|tubes|flash|wireless|chris brookes|flickr|cbrookes75|oswestry|shropshire|scoopt|UK|Chris|Brookes|Photography|http://www.chrisbrookesphotography.co.uk,21,"these nasty little buggers invaded my living room, i went to move the playstation and ants dropped out of it, i looked behind the tv and there was a thobbing mass of blackness ants everywhere ewwww i am still itchy and scratchy itchy itchy itchy "
n02219486_26159.JPEG,n02219486_26159,n02219486,ant,ant_bee,1,0,Army Ants,ants|insect|insects|macro,4,carry leaf bits over their heads...
n02219486_26160.JPEG,n02219486_26160,n02219486,ant,ant_bee,0,0,,,0,
n02219486_26164.JPEG,n02219486_26164,n02219486,ant,ant_bee,0,0,,,0,
n02219486_26173.JPEG,n02219486_26173,n02219486,ant,ant_bee,1,0,Southern Wood Ant (Formica rufa) #4,insect|macro|ant|Southern Wood Ant|Formica rufa,5,A busy day in ant city.
n02219486_26182.JPEG,n02219486_26182,n02219486,ant,ant_bee,1,1,Ant 2561,ant,1,"One of the ants displaced by the ice storm. Such a close look at the wings leaves no doubt as to why there are called <a href=""http://www.answers.com/topic/hymenoptera-1?initiator=1"" rel=""noreferrer nofollow"">Hymenoptera</a>."
n02219486_26184.JPEG,n02219486_26184,n02219486,ant,ant_bee,1,0,Ants,Solvang|Darrell|ThenAndAgain|road trip|garden shop|ants|rusty metal|rust|metal,9,
n02219486_26190.JPEG,n02219486_26190,n02219486,ant,ant_bee,0,0,,,0,
n02219486_26195.JPEG,n02219486_26195,n02219486,ant,ant_bee,0,0,,,0,
n02219486_26196.JPEG,n02219486_26196,n02219486,ant,ant_bee,0,0,,,0,
n02219486_26200.JPEG,n02219486_26200,n02219486,ant,ant_bee,0,0,,,0,
n02219486_26206.JPEG,n02219486_26206,n02219486,ant,ant_bee,0,0,,,0,
n02219486_26207.JPEG,n02219486_26207,n02219486,ant,ant_bee,1,0,Small World,tree|bark|ant|home|griest|2006|fauna|insect|small|Photo Hunt|Koelreuteria paniculata|Koelreuteria|paniculata|golden rain tree|golden rain|invertebrate,16,An ant on the tree in front of my house.
n02219486_26214.JPEG,n02219486_26214,n02219486,ant,ant_bee,0,1,,,0,
n02219486_26215.JPEG,n02219486_26215,n02219486,ant,ant_bee,1,0,ant,insect|ant|dandilion,3,
n02219486_26224.JPEG,n02219486_26224,n02219486,ant,ant_bee,1,1,Black ant enjoying some honey,macro|bug|insect|ant|lasius|niger|SpecInsect,7,Lasius niger
n02219486_26229.JPEG,n02219486_26229,n02219486,ant,ant_bee,1,1,ant,ant|macro|strobist,3,An ant crawls on some flower in my front yard. This is my first time with a macro. I was gentle to myself.
n02219486_26230.JPEG,n02219486_26230,n02219486,ant,ant_bee,0,0,,,0,
n02219486_26234.JPEG,n02219486_26234,n02219486,ant,ant_bee,1,0,Invasion Ant,ant|ants|insect|insects|bug|bugs|macro|aussie|australian|aussie photographer,10,Ants in my bathroom
n02219486_26236.JPEG,n02219486_26236,n02219486,ant,ant_bee,0,0,,,0,
n02219486_26238.JPEG,n02219486_26238,n02219486,ant,ant_bee,0,1,,,0,
n02219486_26244.JPEG,n02219486_26244,n02219486,ant,ant_bee,1,0,Ants on Bread,ants|bread|insects|macro|macromode,5,I found these guys muching on this piece of stale bread outside of Grinter Hall.
n02219486_26265.JPEG,n02219486_26265,n02219486,ant,ant_bee,1,0,mieren - ants,mier|ant|spring|lente|insects|nature,6,De eerste warmte heeft de bosmieren wakker gemaakt.  See large.
n02219486_26268.JPEG,n02219486_26268,n02219486,ant,ant_bee,0,0,,,0,
n02219486_26276.JPEG,n02219486_26276,n02219486,ant,ant_bee,0,0,,,0,
n02219486_26279.JPEG,n02219486_26279,n02219486,ant,ant_bee,1,1,The way we were...,ant|macro|insect|aphid,4,"<a href=""http://farm2.static.flickr.com/1138/668634880_2487240cb5_o.jpg"" rel=""noreferrer nofollow"">Large</a> :: <a href=""http://www.morninglife.co.uk/index.php?showimage=83"" rel=""noreferrer nofollow"">On Black</a>  Ant traps are remarkable things.  It's a little plastic container that you put somewhere near the ants and after a short time they become attracted to it.  The little ants then carry the poison back to their home where it ruthlessly kills the entire nest.  It's been three days since I bated the tree, and tonight there's not an ant in sight.  In a way it's quite sad that this is the last pic, but the good news is that the ladybird population has exploded!!  Hurrah!"
n02219486_26281.JPEG,n02219486_26281,n02219486,ant,ant_bee,1,1,Ant,Macro|ant|closeup|insect,4,Taken by Canon G3 + front lens element
n02219486_26290.JPEG,n02219486_26290,n02219486,ant,ant_bee,0,0,,,0,
n02219486_26312.JPEG,n02219486_26312,n02219486,ant,ant_bee,1,0,7 Ants and the Mysterious Froth,canong6|2005|vandigicam|vandigicam050609|vancouver|coalharbour|ants|insects|flower|flowers,10,
n02219486_26324.JPEG,n02219486_26324,n02219486,ant,ant_bee,0,0,,,0,
n02219486_26325.JPEG,n02219486_26325,n02219486,ant,ant_bee,0,0,,,0,
n02219486_26334.JPEG,n02219486_26334,n02219486,ant,ant_bee,0,0,,,0,
n02219486_26335.JPEG,n02219486_26335,n02219486,ant,ant_bee,0,1,,,0,
n02219486_26345.JPEG,n02219486_26345,n02219486,ant,ant_bee,1,0,Dragons are afraid of ants,dragonfly|ants,2,"Whenever an ant passed, this dragonfly would fly and hover until the threat was gone."
n02219486_26351.JPEG,n02219486_26351,n02219486,ant,ant_bee,0,0,,,0,
n02219486_26354.JPEG,n02219486_26354,n02219486,ant,ant_bee,0,0,,,0,
n02219486_26358.JPEG,n02219486_26358,n02219486,ant,ant_bee,0,0,,,0,
n02219486_26368.JPEG,n02219486_26368,n02219486,ant,ant_bee,1,0,These ones decided to go by coach,macro|bug|insect|mite|ant,5,Just managed to catch this ant also covered in mites. Wonder why they are all so anxious to leave my compost heap ?
n02219486_26378.JPEG,n02219486_26378,n02219486,ant,ant_bee,1,0,Ant puzzle :-),ant|insect|macro|ilovenature|2006,5,"Two ants fighting?  See <a href=""http://www.flickr.com/photo_zoom.gne?id=148651506&amp;size=o"">large </a> for more details"
n02219486_26380.JPEG,n02219486_26380,n02219486,ant,ant_bee,0,0,,,0,
n02219486_26381.JPEG,n02219486_26381,n02219486,ant,ant_bee,0,0,,,0,
n02219486_26387.JPEG,n02219486_26387,n02219486,ant,ant_bee,1,0,Climbing Ant,insect|bug|creature|nature|ant,5,
n02219486_26389.JPEG,n02219486_26389,n02219486,ant,ant_bee,0,0,,,0,
n02219486_26390.JPEG,n02219486_26390,n02219486,ant,ant_bee,1,1,Ants-aphids-2006-06-29-001,Ants|Aphids|Symbiotic|Relationship,4,Ant herding an aphid along
n02219486_26402.JPEG,n02219486_26402,n02219486,ant,ant_bee,0,0,,,0,
n02219486_26407.JPEG,n02219486_26407,n02219486,ant,ant_bee,1,1,Tiny ant,ant|insect,2,"This tiny drone is actually shorter in length, including his antennas, than the width of my pencil."
n02219486_26408.JPEG,n02219486_26408,n02219486,ant,ant_bee,0,0,,,0,
n02219486_26410.JPEG,n02219486_26410,n02219486,ant,ant_bee,0,0,,,0,
n02219486_26413.JPEG,n02219486_26413,n02219486,ant,ant_bee,1,0,ant tention!!,insect|passyflora|nature|art|purple|petal|bug|insects|flower|bud|bloom|specnature,12,While I was taking a close up shot of my passy parts this ant had the cheek to walk right into my shot! 
n02219486_26434.JPEG,n02219486_26434,n02219486,ant,ant_bee,0,0,,,0,
n02219486_26436.JPEG,n02219486_26436,n02219486,ant,ant_bee,0,0,,,0,
n02219486_26438.JPEG,n02219486_26438,n02219486,ant,ant_bee,0,0,,,0,
n02219486_26439.JPEG,n02219486_26439,n02219486,ant,ant_bee,0,0,,,0,
n02219486_26441.JPEG,n02219486_26441,n02219486,ant,ant_bee,1,1,Ants at three times life size series 1-1,macro|nature|insect|ant|Xti|400D|100mm|Canon|Dalantech|John Kimbler,10,"I set up <a href=""http://nocroppingzone.blogspot.com/2007/04/studio-macro.html"" rel=""noreferrer nofollow"">the studio</a> for another try at shooting ants.  Camera and lens: Canon Xti (manual mode f8, 1/200. ISO 100) + Tamron 2x teleconverter + extension tubes (25mm and 37mm) + Canon 100mm macro lens. Magnification is between 2.8 and 3.3 times life size.  Lighting: MR-14 EX set to a 4:1 ratio and -1/3 FEC. I set the MR-14's ratio control for a third channel and setup a 430EX flash with a Lumiquest Pocket Bouncer that had a gold reflector insert (to make the light &quot;warm&quot;). I set the 430EX to -2/3 FEC via the MR-14 and positioned it so that the bouncer was directly over the &quot;studio&quot;. "
n02219486_26447.JPEG,n02219486_26447,n02219486,ant,ant_bee,0,0,,,0,
n02219486_26449.JPEG,n02219486_26449,n02219486,ant,ant_bee,1,1,White flower w/ ant,los|gatos|high|school|ant|white|flower,7,There was a monster ant on this flower....
n02219486_26459.JPEG,n02219486_26459,n02219486,ant,ant_bee,0,1,,,0,
n02219486_26461.JPEG,n02219486_26461,n02219486,ant,ant_bee,1,0,Yellow Meadow Ants (lasius flavus) an(1),ant|insect|macro|closeup|bug|yellow meadow ant|jon law|improvedimage,8, Yellow Meadow Ants (lasius flavus) and eggs
n02219486_26462.JPEG,n02219486_26462,n02219486,ant,ant_bee,0,0,,,0,
n02219486_26465.JPEG,n02219486_26465,n02219486,ant,ant_bee,0,0,,,0,
n02219486_26472.JPEG,n02219486_26472,n02219486,ant,ant_bee,0,0,,,0,
n02219486_26474.JPEG,n02219486_26474,n02219486,ant,ant_bee,1,0,Bulldog Ant,Ant|insect|nature|Australia|bulldog|canon|macro|Gold Coast|jaws|mandibles|NaturesFinest,11,"I came across this ferocious looking fella in a park in the Gold Coast hinterland. Didn't want me getting so close.  If you view him <a href=""http://www.bighugelabs.com/flickr/onblack.php?id=489779429&amp;size=large"" rel=""noreferrer nofollow"">Large</a> you'll see so much more detail (check out those nippers!)"
n02219486_26481.JPEG,n02219486_26481,n02219486,ant,ant_bee,0,0,,,0,
n02219486_26483.JPEG,n02219486_26483,n02219486,ant,ant_bee,1,1,ant,ant|bug|insect|dew,4,
n02219486_26487.JPEG,n02219486_26487,n02219486,ant,ant_bee,0,0,,,0,
n02219486_26501.JPEG,n02219486_26501,n02219486,ant,ant_bee,0,0,,,0,
n02219486_26503.JPEG,n02219486_26503,n02219486,ant,ant_bee,0,0,,,0,
n02219486_26506.JPEG,n02219486_26506,n02219486,ant,ant_bee,0,0,,,0,
n02219486_26514.JPEG,n02219486_26514,n02219486,ant,ant_bee,1,0,Ant at dinner :-),ant|animal|insect|macro|2005|I love nature,6,PLEASE VIEW LARGE. This version is bad...due to compression by Flickr?
n02219486_26519.JPEG,n02219486_26519,n02219486,ant,ant_bee,0,0,,,0,
n02219486_2652.JPEG,n02219486_2652,n02219486,ant,ant_bee,0,1,,,0,
n02219486_26522.JPEG,n02219486_26522,n02219486,ant,ant_bee,0,0,,,0,
n02219486_26524.JPEG,n02219486_26524,n02219486,ant,ant_bee,1,0,Leafcutter Ants,London Zoo|london|zoo|ants|leafcutter ants,5,"These were leafcutter ants, which cut up bits of leaf and then carry the bits back to their nest. These bits of rope were not protected by anything - you could actually touch it if you wanted to, although it wasn't advised.  This was a good chance to use good old macro mode. Works quite well here, I think."
n02219486_26528.JPEG,n02219486_26528,n02219486,ant,ant_bee,0,0,,,0,
n02219486_26532.JPEG,n02219486_26532,n02219486,ant,ant_bee,0,0,,,0,
n02219486_26534.JPEG,n02219486_26534,n02219486,ant,ant_bee,1,0,Garden090207_14,garden|vegetables|autumn|fall|colors|color|bugs|macro|water|light|flowers|abstract|wallkill|gardens|life|nature|animals|insects|critters|earth|soil|foliage|mom|home|microscopic|nature photography|macro flowers|ant|ants|delviscio|jeff delviscio|jeffery delviscio|jeffrey delviscio|canon|rebel|rebel xti|canon rebel xti|twinxamot,38,
n02219486_26537.JPEG,n02219486_26537,n02219486,ant,ant_bee,1,0,Ant Bully,Ant|Macro|plam|skyCanon PowerShot Pro S3 IS|Canon|PowerShot|Maldives|Abllo|Ameer|Dhivehi|UM|Uniquemaldives|Fingerprint|flickrdiamond|DiamondClassPhotographer|Maldivies,16,"THIS ANT (KANDAA) WAS NOT HARMED IN ANY WAY BEFORE, DURING AND AFTER THE CAPTURE OF THIS PHOTO(S) . location maafushi"
n02219486_26539.JPEG,n02219486_26539,n02219486,ant,ant_bee,0,0,,,0,
n02219486_26548.JPEG,n02219486_26548,n02219486,ant,ant_bee,0,0,,,0,
n02219486_26549.JPEG,n02219486_26549,n02219486,ant,ant_bee,0,0,,,0,
n02219486_26558.JPEG,n02219486_26558,n02219486,ant,ant_bee,1,1,*roar*,insects|ants|red|roar!|yellow|singapore botanic gardens|outdoor,7,"well i think they roar, just that we can't hear them. =p  i don't usually like ants. in fact i really hate them for climbing all around the house and just grossing me out. but i've got to admit they look quite cute in photographs &gt;&lt;&quot;  <a href=""http://bighugelabs.com/flickr/onblack.php?id=2061573253"" rel=""noreferrer nofollow"">View On Black</a>"
n02219486_26563.JPEG,n02219486_26563,n02219486,ant,ant_bee,0,0,,,0,
n02219486_26565.JPEG,n02219486_26565,n02219486,ant,ant_bee,0,0,,,0,
n02219486_26567.JPEG,n02219486_26567,n02219486,ant,ant_bee,0,0,,,0,
n02219486_26572.JPEG,n02219486_26572,n02219486,ant,ant_bee,1,0,Ants,Ants|macro|Z3|insects|spoon|mieren|blue|icecream,8,Not too sure about this one...  So please comment!
n02219486_26574.JPEG,n02219486_26574,n02219486,ant,ant_bee,1,1,ant_on_corner,nikon|d50|ant|insect|macro,5,"nowhere to go, again."
n02219486_26584.JPEG,n02219486_26584,n02219486,ant,ant_bee,0,0,,,0,
n02219486_26591.JPEG,n02219486_26591,n02219486,ant,ant_bee,1,1,ANTS,ants|marching|insects|colony,4,Noticed that they are all carrying a small lump of clay each
n02219486_26598.JPEG,n02219486_26598,n02219486,ant,ant_bee,1,0,"Wood ants, Scotland",Abernethy|nature reserve|Cairngorm|national park|Wildlife|nature|Loch Mallachie|Scotland|UK|Britain|ants|ant hill,12,"On Ant Hill in Loch Garten Nature Reserve, Scotland"
n02219486_26610.JPEG,n02219486_26610,n02219486,ant,ant_bee,1,0,Ants fighting a caterpillar,Chisinau|Moldova|insect|insects|ant|ants|caterpillar|caterpillars|fight|fighting,10,
n02219486_26626.JPEG,n02219486_26626,n02219486,ant,ant_bee,1,0,Antz!,insect|macro|ants|ScoreMe41,4,Argentine ants
n02219486_26629.JPEG,n02219486_26629,n02219486,ant,ant_bee,0,0,,,0,
n02219486_26631.JPEG,n02219486_26631,n02219486,ant,ant_bee,1,0,Red Velvet Ant,tiger|swallowtail|butterfly|bee|red|velvet|ant,7,"If I recall correctly, this is actually a wingless wasp but looks enough like an ant it was misnamed."
n02219486_26638.JPEG,n02219486_26638,n02219486,ant,ant_bee,1,0,Ant photo for Sarah,insects|camp|cowants|leafcutters|ants,5,
n02219486_26640.JPEG,n02219486_26640,n02219486,ant,ant_bee,0,0,,,0,
n02219486_26646.JPEG,n02219486_26646,n02219486,ant,ant_bee,0,0,,,0,
n02219486_26660.JPEG,n02219486_26660,n02219486,ant,ant_bee,1,0,Camponotus punctualtus insect ant,Camponotus|punctulaus|ant/insect,3,
n02219486_26661.JPEG,n02219486_26661,n02219486,ant,ant_bee,1,0,Ants,ants|blossoms|insects|macro|explore,5,Ameisen
n02219486_26663.JPEG,n02219486_26663,n02219486,ant,ant_bee,1,1,Red Ant Attacks,ant| red| warrior| insect,4,"Compare the size to the fingers. I ain't sayin' it's gigantic, but certainly bigger and more aggressive than any ant I've seen around in my country."
n02219486_26666.JPEG,n02219486_26666,n02219486,ant,ant_bee,0,0,,,0,
n02219486_26670.JPEG,n02219486_26670,n02219486,ant,ant_bee,0,0,,,0,
n02219486_26675.JPEG,n02219486_26675,n02219486,ant,ant_bee,0,0,,,0,
n02219486_26678.JPEG,n02219486_26678,n02219486,ant,ant_bee,0,0,,,0,
n02219486_26690.JPEG,n02219486_26690,n02219486,ant,ant_bee,0,0,,,0,
n02219486_26697.JPEG,n02219486_26697,n02219486,ant,ant_bee,1,1,Big Ant Picnik,Insects|Insect|Ants|Ant|Nature|Ontario|Canada|Picnik|Olympus Camedia C-765,9,"Big ant photo made with Vignette effect in Picnik  <a href=""http://www.flickr.com/photos/chrisser/535474477/"">Original Photo</a>"
n02219486_26700.JPEG,n02219486_26700,n02219486,ant,ant_bee,0,0,,,0,
n02219486_26705.JPEG,n02219486_26705,n02219486,ant,ant_bee,0,0,,,0,
n02219486_26707.JPEG,n02219486_26707,n02219486,ant,ant_bee,0,0,,,0,
n02219486_26710.JPEG,n02219486_26710,n02219486,ant,ant_bee,0,0,,,0,
n02219486_26712.JPEG,n02219486_26712,n02219486,ant,ant_bee,1,0,Fast-Moving Ant,vermont|lake|st.|catherine|insect|bug|ant,7,
n02219486_26734.JPEG,n02219486_26734,n02219486,ant,ant_bee,0,0,,,0,
n02219486_26735.JPEG,n02219486_26735,n02219486,ant,ant_bee,0,0,,,0,
n02219486_26737.JPEG,n02219486_26737,n02219486,ant,ant_bee,0,0,,,0,
n02219486_26744.JPEG,n02219486_26744,n02219486,ant,ant_bee,1,0,New Mexico Red Ants,Ants|Southeast|New Mexico|NM|Hobbs,5,"These guys are about 1/4 inch in length. If you happen to be be &quot;bit&quot; by one, it'll leave a pretty painful welp on you. However, they're not too agressive. Nothing like fire ants."
n02219486_26746.JPEG,n02219486_26746,n02219486,ant,ant_bee,1,1,Go Ant Go!,Honduras Trip 2005|Ant|Insect|Pull,4,
n02219486_26755.JPEG,n02219486_26755,n02219486,ant,ant_bee,0,1,,,0,
n02219486_26760.JPEG,n02219486_26760,n02219486,ant,ant_bee,0,0,,,0,
n02219486_26761.JPEG,n02219486_26761,n02219486,ant,ant_bee,0,0,,,0,
n02219486_26762.JPEG,n02219486_26762,n02219486,ant,ant_bee,1,0,`a yellow MNM...,ants|insects|v1nz|DSC-H5|PAKISTAN|©`v.r.mphotography,6,my 4 yr old cousin had left this bunty on my bedsheet and the ants raided it in a blink! :D it was an interesting scene tho! *haha*
n02219486_26763.JPEG,n02219486_26763,n02219486,ant,ant_bee,0,0,,,0,
n02219486_26766.JPEG,n02219486_26766,n02219486,ant,ant_bee,0,1,,,0,
n02219486_26772.JPEG,n02219486_26772,n02219486,ant,ant_bee,0,0,,,0,
n02219486_26774.JPEG,n02219486_26774,n02219486,ant,ant_bee,0,1,,,0,
n02219486_26776.JPEG,n02219486_26776,n02219486,ant,ant_bee,0,0,,,0,
n02219486_26777.JPEG,n02219486_26777,n02219486,ant,ant_bee,0,1,,,0,
n02219486_26780.JPEG,n02219486_26780,n02219486,ant,ant_bee,0,0,,,0,
n02219486_26789.JPEG,n02219486_26789,n02219486,ant,ant_bee,1,1,Ants at 2.6x life size series 1-4,macro|nature|insect|ant|Canon|Xti|400D|100mm|naturesfinest|Dalantech|John Kimbler,11,"Another set at <a href=""http://nocroppingzone.blogspot.com/2007/04/studio-macro.html"" rel=""noreferrer nofollow"">the studio</a>. No messing around at different magnifications this time -I wanted to get better at the lighting.  All Canon gear: Xti (manual mode F11, 1/200, ISO 200) + 50mm of extension tube + 100mm macro lens + 500D diopter. MR-14EX set to a 4:1 ratio and -1 FEC controlling a 430EX flash set to -1 FEC and with a Lumiquest Pocket Bouncer attached with a gold reflector insert. "
n02219486_26792.JPEG,n02219486_26792,n02219486,ant,ant_bee,1,0,Mighty ant jaws,Macro|raynox 250|DCR 250|close up|nature|panasonic|FZ50|lumix|sunpak|flash|383|DIY Diffuser|ant|insect|bug|jaws|NaturesFinest|PDP(NW)|top20macro,19,"ants have mighty jaws. took with a raynox 250 and a panasonic FZ50"
n02219486_26794.JPEG,n02219486_26794,n02219486,ant,ant_bee,1,0,Southern Wood Ant (Formica rufa) #6,insect|macro|ant|Southern Wood Ant|Formica rufa,5,A busy day in ant city.
n02219486_26796.JPEG,n02219486_26796,n02219486,ant,ant_bee,1,1,Ant 1...Inchworm 0,ant|insect|bug|inch|worm|inchworm|nature|flickr|outdoors|patty|o'hearn|kickham|memotions|guelph|ontario|canada,16,
n02219486_26801.JPEG,n02219486_26801,n02219486,ant,ant_bee,0,0,,,0,
n02219486_26803.JPEG,n02219486_26803,n02219486,ant,ant_bee,1,1,Ant likes sticky milkweed,2005|July|ant|insect|bichos|milkweed|leaf,7,one of the many species of ant in my yard.
n02219486_26809.JPEG,n02219486_26809,n02219486,ant,ant_bee,1,0,ants farming the aphids,ants|aphids|garden|plants|strawberry,5,aphids secrete hondeydew from their bodies and the ants eat the honeydew in exchange for protecting the aphids from predators.  while allowing the aphids to destroy the poor strawberries.
n02219486_26821.JPEG,n02219486_26821,n02219486,ant,ant_bee,0,0,,,0,
n02219486_26827.JPEG,n02219486_26827,n02219486,ant,ant_bee,1,0,Ant Mimic Spider Face,ant|mimic|jumping|spider|arachnid|eyes|eye|close|macro|macrophotography|bellows|Pentax|*ist|DL|DSLR|50mm|asahi|smc|f/1.7|reversed|prime|opo|terser|opoterser,24,"3-4mm. Not the same ant mimic spider, but same species and size. uses it's front legs to mimic the antennae of ants. Walks just like an ant as well."
n02219486_26834.JPEG,n02219486_26834,n02219486,ant,ant_bee,0,0,,,0,
n02219486_26837.JPEG,n02219486_26837,n02219486,ant,ant_bee,1,1,2jun07  an ant inside of a fuchsia......,ant|flower|garden|Almelo|BlueRibbonWinner|Fuchsia|APlusPhoto|SuperA++++|ColorPhotoAward,9,een mier in een fuchsia...see it LARGE !
n02219486_26848.JPEG,n02219486_26848,n02219486,ant,ant_bee,1,1,Southern Wood Ant (Formica rufa) #8,insect|macro|ant|Southern Wood Ant|Formica rufa,5,A busy day in ant city.
n02219486_26856.JPEG,n02219486_26856,n02219486,ant,ant_bee,0,0,,,0,
n02219486_26857.JPEG,n02219486_26857,n02219486,ant,ant_bee,0,0,,,0,
n02219486_26861.JPEG,n02219486_26861,n02219486,ant,ant_bee,0,0,,,0,
n02219486_26870.JPEG,n02219486_26870,n02219486,ant,ant_bee,0,0,,,0,
n02219486_26873.JPEG,n02219486_26873,n02219486,ant,ant_bee,1,0,"Harvester ants (Pogonomyrmex sp ?), Merzouga dunes, Morocco",Morocco|desert|ants|insects|Hymenoptera|harvester|ant|Merzouga|macro|nature,10,
n02219486_26883.JPEG,n02219486_26883,n02219486,ant,ant_bee,0,0,,,0,
n02219486_26885.JPEG,n02219486_26885,n02219486,ant,ant_bee,1,0,The Ant,nature|ant,2,This ant was about as huge in real life as it looks in the picture. =)
n02219486_26887.JPEG,n02219486_26887,n02219486,ant,ant_bee,0,0,,,0,
n02219486_26889.JPEG,n02219486_26889,n02219486,ant,ant_bee,0,0,,,0,
n02219486_26890.JPEG,n02219486_26890,n02219486,ant,ant_bee,1,1,Yummy,Insects|ants|macros|WOW,4,I witnessed this savagery and then being the savage I am - killed the ant!
n02219486_26893.JPEG,n02219486_26893,n02219486,ant,ant_bee,0,0,,,0,
n02219486_26905.JPEG,n02219486_26905,n02219486,ant,ant_bee,0,0,,,0,
n02219486_26913.JPEG,n02219486_26913,n02219486,ant,ant_bee,0,0,,,0,
n02219486_26914.JPEG,n02219486_26914,n02219486,ant,ant_bee,1,1,ant and everlasting,ant| flower| insect| nature| bug| australia,6,
n02219486_26918.JPEG,n02219486_26918,n02219486,ant,ant_bee,0,0,,,0,
n02219486_26919.JPEG,n02219486_26919,n02219486,ant,ant_bee,0,0,,,0,
n02219486_26923.JPEG,n02219486_26923,n02219486,ant,ant_bee,1,0,Ant line,ants|insect Hyderabad Andhra Pradesh India,2,
n02219486_26924.JPEG,n02219486_26924,n02219486,ant,ant_bee,1,1,The ant.,ant|macro|insects|nature|weston bend state park|missouri,6,
n02219486_26942.JPEG,n02219486_26942,n02219486,ant,ant_bee,0,0,,,0,
n02219486_26944.JPEG,n02219486_26944,n02219486,ant,ant_bee,0,0,,,0,
n02219486_26947.JPEG,n02219486_26947,n02219486,ant,ant_bee,1,0,Ant between the tiles,ant|insect|macro|ilovenature|2006,5,Mieren zijn zo'n uitdaging om te fotograferen... Ik heb een kleine serie gemaakt met de macrolens en een externe flitser los van de camera. De foto's zijn wel gecropt.  Ants are such a challenge to shoot... I made a little series with the macro lens and a offshoe flash. The photos are crops.
n02219486_26961.JPEG,n02219486_26961,n02219486,ant,ant_bee,0,0,,,0,
n02219486_26964.JPEG,n02219486_26964,n02219486,ant,ant_bee,0,0,,,0,
n02219486_26971.JPEG,n02219486_26971,n02219486,ant,ant_bee,0,0,,,0,
n02219486_26973.JPEG,n02219486_26973,n02219486,ant,ant_bee,1,0,ANTS,Cambodia|temple|ants|insects,4,
n02219486_26980.JPEG,n02219486_26980,n02219486,ant,ant_bee,1,1,The First Flower,macro|flower|ant|insect|pomegranate|orange|India|drops|water|rain-drops|soft|texture|flickrdiamond|beautiful!|AnAwesomeShot|ImpressedBeauty|F.A.B|Nature Watcher|DiamondClassPhotographer|mywinners,20,I was delighted when I spotted this first flower of the pomegranate plant in our garden.I took a macro of the small flower at once. This ant seemed to be much more delighted to scout round the flower! :-)
n02219486_26987.JPEG,n02219486_26987,n02219486,ant,ant_bee,0,0,,,0,
n02219486_26998.JPEG,n02219486_26998,n02219486,ant,ant_bee,0,0,,,0,
n02219486_27003.JPEG,n02219486_27003,n02219486,ant,ant_bee,0,0,,,0,
n02219486_27005.JPEG,n02219486_27005,n02219486,ant,ant_bee,1,0,Ants On Skull,mississippi|thanksgiving|2007|farm|family|insects|ants|nature,8,
n02219486_27007.JPEG,n02219486_27007,n02219486,ant,ant_bee,1,0,ants,insects|ants|fauna,3,a lonely ant on a roll of toilet paper...
n02219486_27009.JPEG,n02219486_27009,n02219486,ant,ant_bee,1,1,pop corn insect talking with an ant,costa| mar| coconut trees| ants| pop corn| insecto maiz pira| hormigas,7,could be aphids
n02219486_27011.JPEG,n02219486_27011,n02219486,ant,ant_bee,0,0,,,0,
n02219486_27013.JPEG,n02219486_27013,n02219486,ant,ant_bee,1,1,Ant 4,Macro|MP-E 65m|Canon 30D|MT-24EX|ant|insect,6,"1st shots on my new Canon MP-E 65mm macro lens with MT-24EX Macro twin lite flash gun. Taken between 1-2x, 125sec around F6.0. Cropped in Photoshop."
n02219486_27031.JPEG,n02219486_27031,n02219486,ant,ant_bee,0,0,,,0,
n02219486_27034.JPEG,n02219486_27034,n02219486,ant,ant_bee,0,0,,,0,
n02219486_27043.JPEG,n02219486_27043,n02219486,ant,ant_bee,0,0,,,0,
n02219486_27047.JPEG,n02219486_27047,n02219486,ant,ant_bee,1,1,Ant & Flower,insects|ants|macro|Canon Powershot S2 IS,4,Several ants would gather on a flower of a ginger plant. Singapore Botanic Gardens: Ginger Park Tripod Mounted
n02219486_27049.JPEG,n02219486_27049,n02219486,ant,ant_bee,0,1,,,0,
n02219486_27050.JPEG,n02219486_27050,n02219486,ant,ant_bee,0,0,,,0,
n02219486_27054.JPEG,n02219486_27054,n02219486,ant,ant_bee,1,0,Meal fit for an Ant,ant|rightplacerighttime,2,
n02219486_27057.JPEG,n02219486_27057,n02219486,ant,ant_bee,1,0,thats a big bull ant,bull ant|ant|insect|bug|melbourne|redhill,6,
n02219486_27058.JPEG,n02219486_27058,n02219486,ant,ant_bee,0,0,,,0,
n02219486_27062.JPEG,n02219486_27062,n02219486,ant,ant_bee,0,0,,,0,
n02219486_27070.JPEG,n02219486_27070,n02219486,ant,ant_bee,0,1,,,0,
n02219486_27074.JPEG,n02219486_27074,n02219486,ant,ant_bee,0,0,,,0,
n02219486_27077.JPEG,n02219486_27077,n02219486,ant,ant_bee,0,0,,,0,
n02219486_27084.JPEG,n02219486_27084,n02219486,ant,ant_bee,0,1,,,0,
n02219486_27097.JPEG,n02219486_27097,n02219486,ant,ant_bee,0,0,,,0,
n02219486_27099.JPEG,n02219486_27099,n02219486,ant,ant_bee,1,1,Down at the Purple Thistle Aphid Ranch,aphids|insect|ants|macro|flower|TopPhoto,6,"The entire thistle plant was covered in aphids, being carefully attended by the ants who farm them. Here, one of the ants can be seen carrying an aphid."
n02219486_27108.JPEG,n02219486_27108,n02219486,ant,ant_bee,0,0,,,0,
n02219486_27113.JPEG,n02219486_27113,n02219486,ant,ant_bee,0,0,,,0,
n02219486_27120.JPEG,n02219486_27120,n02219486,ant,ant_bee,0,1,,,0,
n02219486_27125.JPEG,n02219486_27125,n02219486,ant,ant_bee,0,0,,,0,
n02219486_27131.JPEG,n02219486_27131,n02219486,ant,ant_bee,0,0,,,0,
n02219486_27144.JPEG,n02219486_27144,n02219486,ant,ant_bee,1,0,a drop of ants,ants|insects|drop,3,one drop off a watermelon is all it takes for red ants. just a minute later and we have a party! 
n02219486_27157.JPEG,n02219486_27157,n02219486,ant,ant_bee,0,0,,,0,
n02219486_27158.JPEG,n02219486_27158,n02219486,ant,ant_bee,1,0,Pencil Cholla Blossom and Ant 1,nature|flowers|cactus|insects|ants|New Mexico|NM|southwest|macro|close-up,10,
n02219486_27159.JPEG,n02219486_27159,n02219486,ant,ant_bee,1,0,Red Ants,SIN|Singapore|Ants|Bee|Leaves|Tampines|Park,7,"Tampines Park, Singapore"
n02219486_27169.JPEG,n02219486_27169,n02219486,ant,ant_bee,0,0,,,0,
n02219486_27174.JPEG,n02219486_27174,n02219486,ant,ant_bee,0,1,,,0,
n02219486_27185.JPEG,n02219486_27185,n02219486,ant,ant_bee,1,1,Ant going over to the dark-side,macro|bug|insect|ant,4,
n02219486_27190.JPEG,n02219486_27190,n02219486,ant,ant_bee,0,0,,,0,
n02219486_27196.JPEG,n02219486_27196,n02219486,ant,ant_bee,0,0,,,0,
n02219486_27200.JPEG,n02219486_27200,n02219486,ant,ant_bee,0,0,,,0,
n02219486_27203.JPEG,n02219486_27203,n02219486,ant,ant_bee,0,0,,,0,
n02219486_27206.JPEG,n02219486_27206,n02219486,ant,ant_bee,1,1,ant,ant|bug|insect|flower|clover|plant|nikond50|nikon|d50|traceeegirl|red|bugs|insects|flowers|green|tuscaloosa,16,
n02219486_27208.JPEG,n02219486_27208,n02219486,ant,ant_bee,1,0,Jaws Of A Bullet Ant,bullet ant|Paraponera clavata|insect|Sacha Lodge|Ecuador|Amazon|South America|Canon|40D|180mm|macro|February|2008|IMG_3340|AnAwesomeShot,15,"Of all the critters in the tropical forest this is the one I have the most respect for.  I have no problems with snakes, spiders, or any other insect but this one I keep my distance.  At least 1.5 feet (min, focus on the macro), anyway :)  The bullet ant has been described as having the most painful non lethal sting of any insect."
n02219486_27213.JPEG,n02219486_27213,n02219486,ant,ant_bee,0,0,,,0,
n02219486_27214.JPEG,n02219486_27214,n02219486,ant,ant_bee,0,0,,,0,
n02219486_27217.JPEG,n02219486_27217,n02219486,ant,ant_bee,1,0,Red ants in my pro mouse,Nature|Insects|Ants|Flower|Food|Colorful|Digital Imaging|Photoshop|Montage,9,Digitized image of earlier shot on my pro mouse
n02219486_27234.JPEG,n02219486_27234,n02219486,ant,ant_bee,0,0,,,0,
n02219486_27255.JPEG,n02219486_27255,n02219486,ant,ant_bee,0,1,,,0,
n02219486_27257.JPEG,n02219486_27257,n02219486,ant,ant_bee,0,0,,,0,
n02219486_27260.JPEG,n02219486_27260,n02219486,ant,ant_bee,0,0,,,0,
n02219486_27267.JPEG,n02219486_27267,n02219486,ant,ant_bee,1,1,Ant On Leaf,Mississippi|Delta|Nature|Insects|ant,5,
n02219486_27269.JPEG,n02219486_27269,n02219486,ant,ant_bee,0,0,,,0,
n02219486_27274.JPEG,n02219486_27274,n02219486,ant,ant_bee,1,0,The Ant Bully pt.2,ants,1,still bullying the smaller ants huh?
n02219486_27278.JPEG,n02219486_27278,n02219486,ant,ant_bee,0,0,,,0,
n02219486_27286.JPEG,n02219486_27286,n02219486,ant,ant_bee,0,0,,,0,
n02219486_27290.JPEG,n02219486_27290,n02219486,ant,ant_bee,1,1,Ant Mimicking Spider- Spear Jawed Jumping Spider-(Myrmarachne maxillosa)-India,Spider|SpiderIndia|Mimic|Ant|JumpingSpider|Nature|India|Ant Mimicking Spider|Maneesh Kaul|Pentax|Flickr,11,"This snap is dedicated to my first friend on flickr Farhan &quot;Myrmician&quot;   The Spear Jawed Jumping Spider-(Myrmarachne Plataleoides) looks just like an ant....which species...humm I dont know.Have to ask Farhan about that...you can tell its a spider bcoz it has 8 legs not 6. To make the disguise more realistic it even waves its front legs like antennae....and also it moves real fast just like ants...guess they do this for protection from predators....  More info can be found at this link    <a href=""http://habitatnews.nus.edu.sg/guidebooks/spiders/text/Myrmarachne.htm"" rel=""noreferrer nofollow"">habitatnews.nus.edu.sg/guidebooks/spiders/text/Myrmarachn...</a>  Location: HCU, Hyderabad, INDIA"
n02219486_273.JPEG,n02219486_273,n02219486,ant,ant_bee,1,0,Ant on forsythia,2006|April|insect|ant|macro|yellow,6,pollen on ant...
n02219486_27304.JPEG,n02219486_27304,n02219486,ant,ant_bee,1,0,Ant,ant|ilovenature|nature|macro|insects|bugs|2006,7,
n02219486_27305.JPEG,n02219486_27305,n02219486,ant,ant_bee,1,0,Ants,ants|horned lizard,2,Harvester Ants that the Horned Lizard eats.
n02219486_27313.JPEG,n02219486_27313,n02219486,ant,ant_bee,0,0,,,0,
n02219486_27315.JPEG,n02219486_27315,n02219486,ant,ant_bee,1,0,ant - long legged 1,bug|insect|ant|Hymenoptera|Formicidae|Anoplolepis|waimanao|hawaii|Bauhinia|Fabales|Fabaceae,11,"Longlegged ant, Anoplolepis longipes (Jerdon), on a Hong Kong orchid tree, Bauhinia blakeana, in Waimanalo, Hawaii."
n02219486_27324.JPEG,n02219486_27324,n02219486,ant,ant_bee,0,0,,,0,
n02219486_27333.JPEG,n02219486_27333,n02219486,ant,ant_bee,1,0,"Ant, Head-On 2",ant|nature|macro|insect|FlickrsBest|Vivid,6,this one was checking out his reflection.
n02219486_27335.JPEG,n02219486_27335,n02219486,ant,ant_bee,0,0,,,0,
n02219486_27340.JPEG,n02219486_27340,n02219486,ant,ant_bee,0,0,,,0,
n02219486_27357.JPEG,n02219486_27357,n02219486,ant,ant_bee,0,1,,,0,
n02219486_27358.JPEG,n02219486_27358,n02219486,ant,ant_bee,1,0,Ant Lapping on Irish Moss Flower,insect|ant|Irish Moss|Challenge You Winner,4,The tiny flowers on the Irish Moss seem to be irresistible to these black ants.
n02219486_27374.JPEG,n02219486_27374,n02219486,ant,ant_bee,0,0,,,0,
n02219486_27378.JPEG,n02219486_27378,n02219486,ant,ant_bee,1,0,Pencil Cholla Blossom and Ant 4,flowers|wildflowers|nature|cactus|insects|ants|New Mexico|NM|southwest|macro|close-up,11,
n02219486_27381.JPEG,n02219486_27381,n02219486,ant,ant_bee,0,0,,,0,
n02219486_27384.JPEG,n02219486_27384,n02219486,ant,ant_bee,0,0,,,0,
n02219486_27396.JPEG,n02219486_27396,n02219486,ant,ant_bee,1,0,Ants,wood|nature|macro|lens00025|insects|insect|eos350d|closeup|canon|bug|animal|ant|ants|campanotus,14,"These ants are &quot;camponotus vagus&quot;. They are one of the biggest european ants. They live, as you can see, in dead wood. Better in big size !"
n02219486_27401.JPEG,n02219486_27401,n02219486,ant,ant_bee,0,0,,,0,
n02219486_27411.JPEG,n02219486_27411,n02219486,ant,ant_bee,1,1,Ant Decoy,Crataegus|Crataegus coccinea|Hawthorn|Camponotus pennsylvanicus|Camponotus|Carpenter ant|bracteoles|bract,8,"Camponotus pennsylvanicus (carpenter ant) on putative extrafloral nectaries of Crataegus coccinea (hawthorn). Taken from my thesis, where I hypothesize what the ant is doing there.  "
n02219486_27418.JPEG,n02219486_27418,n02219486,ant,ant_bee,0,0,,,0,
n02219486_27420.JPEG,n02219486_27420,n02219486,ant,ant_bee,0,0,,,0,
n02219486_27437.JPEG,n02219486_27437,n02219486,ant,ant_bee,0,0,,,0,
n02219486_27441.JPEG,n02219486_27441,n02219486,ant,ant_bee,1,1,The ant and the banana tree,nature|pirey|green|ant|insect,5,
n02219486_27452.JPEG,n02219486_27452,n02219486,ant,ant_bee,0,0,,,0,
n02219486_27458.JPEG,n02219486_27458,n02219486,ant,ant_bee,0,0,,,0,
n02219486_27459.JPEG,n02219486_27459,n02219486,ant,ant_bee,1,1,ant & cactus,ant|cactus|macro|pear|BRAVO|Cacti-Succulents-Bulb plants|interestingness,7,Little ant on a cactus pear
n02219486_27461.JPEG,n02219486_27461,n02219486,ant,ant_bee,0,0,,,0,
n02219486_27465.JPEG,n02219486_27465,n02219486,ant,ant_bee,1,0,Marching Ants,bamboo|insect|ants|bug|bugs|outdoors|scenic,7,
n02219486_27468.JPEG,n02219486_27468,n02219486,ant,ant_bee,0,0,,,0,
n02219486_27475.JPEG,n02219486_27475,n02219486,ant,ant_bee,1,0,ant on flower,yellow|flower|nature|ant|catchy|colors|insect|canon|powershot|g2|Canon Powershot G2,11,
n02219486_27492.JPEG,n02219486_27492,n02219486,ant,ant_bee,0,0,,,0,
n02219486_27501.JPEG,n02219486_27501,n02219486,ant,ant_bee,0,0,,,0,
n02219486_27508.JPEG,n02219486_27508,n02219486,ant,ant_bee,0,1,,,0,
n02219486_27515.JPEG,n02219486_27515,n02219486,ant,ant_bee,0,0,,,0,
n02219486_27518.JPEG,n02219486_27518,n02219486,ant,ant_bee,1,0,Red ant Portrait,macro|bug|insect|redant|ant,5,"Uncropped, focus stacked from 3 pics- taken at about 4:1"
n02219486_27524.JPEG,n02219486_27524,n02219486,ant,ant_bee,1,0,Ant queen,canon|powershot|A640|macro|ant|ant queen|messor|barbarus|handheld|ToniVC,10,This is a Messor barbarus ant queen. The ant was alive inside a dirty glass tube. 
n02219486_27535.JPEG,n02219486_27535,n02219486,ant,ant_bee,0,1,,,0,
n02219486_27536.JPEG,n02219486_27536,n02219486,ant,ant_bee,0,0,,,0,
n02219486_27548.JPEG,n02219486_27548,n02219486,ant,ant_bee,0,0,,,0,
n02219486_27561.JPEG,n02219486_27561,n02219486,ant,ant_bee,1,1,First black ant of the year #1,macro|bug|insect|ant|blackant,5,Found my first black ant (Lasius niger) yesterday on the look out for a snack - I provided it with some drops of honey
n02219486_27567.JPEG,n02219486_27567,n02219486,ant,ant_bee,0,1,,,0,
n02219486_27568.JPEG,n02219486_27568,n02219486,ant,ant_bee,1,0,Ants everywhere!,300d|macro|ant|insect|small|tiny|fast|90mmtamron|68mmtussenringen,9,"When the weather was so good here, my whole garden was 1 big ant nest :-(  You should have seen me..... looking and trying to catch the ants with my camera :-)))))  <b>I'm 285 views away from 100.000 views of my stream! Thanks everybody!! :-)</b>  <b><i>Update: 260 views to go!</i></b>"
n02219486_27585.JPEG,n02219486_27585,n02219486,ant,ant_bee,1,1,ants on a wire,ants,1,Looks like Ansie has an ant problem.  The ants are crawling up a telephone line and into the apartment.
n02219486_27586.JPEG,n02219486_27586,n02219486,ant,ant_bee,0,0,,,0,
n02219486_27602.JPEG,n02219486_27602,n02219486,ant,ant_bee,0,0,,,0,
n02219486_27604.JPEG,n02219486_27604,n02219486,ant,ant_bee,1,0,Ant,ant|nature|macro|green|bug|leaf|insect|cebu|philippines|garden|critter|cebu-sugbo,12,
n02219486_27614.JPEG,n02219486_27614,n02219486,ant,ant_bee,0,0,,,0,
n02219486_27623.JPEG,n02219486_27623,n02219486,ant,ant_bee,0,0,,,0,
n02219486_27640.JPEG,n02219486_27640,n02219486,ant,ant_bee,0,0,,,0,
n02219486_27657.JPEG,n02219486_27657,n02219486,ant,ant_bee,1,1,ant on cotton seed,ant|macro|cotton|seed|ABigFave|SuperbMasterpiece|nature|insect,8,Our cotton trees are spreading their seeds...our allergies are soo bad right now..it looks like snow drifting everywhere! I caught this little ant while trying to get a macro of the seed! Best viewed large.
n02219486_27670.JPEG,n02219486_27670,n02219486,ant,ant_bee,0,0,,,0,
n02219486_27676.JPEG,n02219486_27676,n02219486,ant,ant_bee,0,0,,,0,
n02219486_27697.JPEG,n02219486_27697,n02219486,ant,ant_bee,1,0,Killer Ant. :O,ant|insect|big|bug|black|nature|interesting|macro|closeup,9,eeeek 0__o
n02219486_27699.JPEG,n02219486_27699,n02219486,ant,ant_bee,0,0,,,0,
n02219486_27713.JPEG,n02219486_27713,n02219486,ant,ant_bee,0,0,,,0,
n02219486_27717.JPEG,n02219486_27717,n02219486,ant,ant_bee,1,0,A Second Ant for Objecthoags ...,Backyard Photography|Brisbane|South East Queensland|bug|bokeh|ant|macro|Natures Gallery|AusElite|AnAwesomeShot,10,"Some weeks ago I was telling <a href=""http://www.flickr.com/photos/objecthoags/"">Objecthoags</a> about my intention of putting a macro filter on the front of the macro lens. He wondered what the effect would be ... so here it is :) b.t.w for some scale, the ant is actually 3mm long and is crawling around in a pink grass. <i>Equipment used: Canon 30D; Sigma 70mm macro lens: Tamron 1.4x teleconverter; Hoya 4x macro filter, tripod and fill-flash.</i>"
n02219486_27734.JPEG,n02219486_27734,n02219486,ant,ant_bee,0,0,,,0,
n02219486_27735.JPEG,n02219486_27735,n02219486,ant,ant_bee,1,0,A Dead Frog Being Eaten by Ants,Dead|Frog|Ants|Bugs|Insects|Reptiles|Consume|South|Korea|HanZhong|University|Easy|I|English|Summer|Camp|Donghae|Kids|Students|Life,20,"Ants, too, need to eat at Easy I Camp."
n02219486_27738.JPEG,n02219486_27738,n02219486,ant,ant_bee,1,0,Mighty Ants,Nature|Ants|Insects|Flower|Tiny|Teamwork|Team,7,Where's the queen?
n02219486_27742.JPEG,n02219486_27742,n02219486,ant,ant_bee,0,0,,,0,
n02219486_27747.JPEG,n02219486_27747,n02219486,ant,ant_bee,0,0,,,0,
n02219486_27754.JPEG,n02219486_27754,n02219486,ant,ant_bee,0,0,,,0,
n02219486_27759.JPEG,n02219486_27759,n02219486,ant,ant_bee,0,0,,,0,
n02219486_27760.JPEG,n02219486_27760,n02219486,ant,ant_bee,1,0,the ants go marching,thailand|ants|insects,3,(-tom) 
n02219486_27761.JPEG,n02219486_27761,n02219486,ant,ant_bee,0,0,,,0,
n02219486_27764.JPEG,n02219486_27764,n02219486,ant,ant_bee,0,1,,,0,
n02219486_27795.JPEG,n02219486_27795,n02219486,ant,ant_bee,0,0,,,0,
n02219486_27798.JPEG,n02219486_27798,n02219486,ant,ant_bee,0,0,,,0,
n02219486_27800.JPEG,n02219486_27800,n02219486,ant,ant_bee,0,0,,,0,
n02219486_27805.JPEG,n02219486_27805,n02219486,ant,ant_bee,1,0,Ants In a Rotting Banana,Ants|Rotting|Banana|Insects,4,
n02219486_27815.JPEG,n02219486_27815,n02219486,ant,ant_bee,0,1,,,0,
n02219486_27819.JPEG,n02219486_27819,n02219486,ant,ant_bee,0,0,,,0,
n02219486_27825.JPEG,n02219486_27825,n02219486,ant,ant_bee,1,1,"Ant, Panama",Panama|Hymenoptera|insects|ants|trap-jaw|ant|macro|nature|rainforest|Formicidae,10,"very common trap-jaw-type ant, forgot the name"
n02219486_27826.JPEG,n02219486_27826,n02219486,ant,ant_bee,0,0,,,0,
n02219486_27830.JPEG,n02219486_27830,n02219486,ant,ant_bee,0,0,,,0,
n02219486_27831.JPEG,n02219486_27831,n02219486,ant,ant_bee,1,0,Ant-mimicking bug nymph from Peru,Peru|Amazon|nature|macro|insects|rainforest|Hemiptera|ant|mimic|bugs|bug,11,
n02219486_27836.JPEG,n02219486_27836,n02219486,ant,ant_bee,0,0,,,0,
n02219486_27837.JPEG,n02219486_27837,n02219486,ant,ant_bee,0,0,,,0,
n02219486_27839.JPEG,n02219486_27839,n02219486,ant,ant_bee,0,1,,,0,
n02219486_27845.JPEG,n02219486_27845,n02219486,ant,ant_bee,0,0,,,0,
n02219486_27861.JPEG,n02219486_27861,n02219486,ant,ant_bee,0,0,,,0,
n02219486_27863.JPEG,n02219486_27863,n02219486,ant,ant_bee,1,0,Invasion of the Ants,ants|classroom|BES|invasion|Georgia|USA|south Georgia,7,There is a line of ants crawling from one window to the next window.
n02219486_27866.JPEG,n02219486_27866,n02219486,ant,ant_bee,0,0,,,0,
n02219486_27867.JPEG,n02219486_27867,n02219486,ant,ant_bee,0,0,,,0,
n02219486_27869.JPEG,n02219486_27869,n02219486,ant,ant_bee,0,0,,,0,
n02219486_27873.JPEG,n02219486_27873,n02219486,ant,ant_bee,0,0,,,0,
n02219486_27889.JPEG,n02219486_27889,n02219486,ant,ant_bee,0,0,,,0,
n02219486_27892.JPEG,n02219486_27892,n02219486,ant,ant_bee,1,0,Crawling,g5|yard|nature|ant|insect|photoshopped,6,Ant crawling on a leaf.
n02219486_27896.JPEG,n02219486_27896,n02219486,ant,ant_bee,0,0,,,0,
n02219486_27897.JPEG,n02219486_27897,n02219486,ant,ant_bee,1,1,Leaf cutter ant (Atta cephalotes),butterfly & wildlife park|long sutton|lincs|lincolnshire|leaf cutter ant|ant|Atta cephalotes|uk|united kingdom|AnimalKingdomElite|fauna|insect|nature|leafcutter|Hymenoptera Formicidae|flora|top-v111|top-v_aa|COTC:mostinteresting|111v1f|100v+10f|my100,22,"Leaf cutter ant taken in the <a href=""http://www.butterflyandwildlifepark.co.uk/"" rel=""noreferrer nofollow"">Butterfly &amp; Wildlife Park</a>, Long Sutton, Lincs. This photo is not faked.  <i>It has had treatment though. Crop, saturation, levels</i>  <i>See <a href=""http://www.bristolzoo.org.uk/learning/animals/invertebrates/ant"" rel=""noreferrer nofollow"">REF:</a> (e.g.)...Size for size, their bodies are amazingly powerful, able to carry pieces of leaf that weigh at least 20 times their own body weight - that's the same as a human carrying a one ton load...</i>"
n02219486_27905.JPEG,n02219486_27905,n02219486,ant,ant_bee,0,0,,,0,
n02219486_27915.JPEG,n02219486_27915,n02219486,ant,ant_bee,0,0,,,0,
n02219486_27917.JPEG,n02219486_27917,n02219486,ant,ant_bee,1,0,Ant,Chisinau|Moldova|ant|ants|insect|insects,6,
n02219486_27925.JPEG,n02219486_27925,n02219486,ant,ant_bee,0,0,,,0,
n02219486_27927.JPEG,n02219486_27927,n02219486,ant,ant_bee,0,0,,,0,
n02219486_27930.JPEG,n02219486_27930,n02219486,ant,ant_bee,0,1,,,0,
n02219486_27932.JPEG,n02219486_27932,n02219486,ant,ant_bee,1,1,Ant & The Flower,yellow flower|flower|bloom|nature|Florida|Delray Beach|insect|bug|ant,9,"Yellow flowers on our walk in the park:  Delray Beach, Florida:  October 28, 2007"
n02219486_27946.JPEG,n02219486_27946,n02219486,ant,ant_bee,1,1,Ant on the floor turns around.,Ant|Ant on the floor|Tiles|Olympus|FE240|X795,6,"I found an ant wandering around on the floor the other day and decided to take its pictures.  She's going either for that white thing on the floor or the hair.  Picture taken on September 21, 2007.  Olympus FE-240."
n02219486_27949.JPEG,n02219486_27949,n02219486,ant,ant_bee,1,0,Ants in your pants...,24th|Birthday|2005|Liverpool|World|Museum|leaf|cutter|ants,9,"... ehm ... I mean, on a rope.  I remember when Kev stood staring at a bunch of ants when we were kids visiting the butterfly palace... He must have stood there for at least an hour... crazy! ... they make me feel itchy just looking at them."
n02219486_27956.JPEG,n02219486_27956,n02219486,ant,ant_bee,1,0,Angry Ant,insect|bug|ant|rainforest|peru|amazon,6,Check out the jaws on this guy. Amazon lowlands - Peru
n02219486_27957.JPEG,n02219486_27957,n02219486,ant,ant_bee,0,0,,,0,
n02219486_27959.JPEG,n02219486_27959,n02219486,ant,ant_bee,1,0,Victim of the Flying Ant Wars,clevedon|ants|insects|garden,4,
n02219486_27960.JPEG,n02219486_27960,n02219486,ant,ant_bee,0,0,,,0,
n02219486_27966.JPEG,n02219486_27966,n02219486,ant,ant_bee,0,0,,,0,
n02219486_27969.JPEG,n02219486_27969,n02219486,ant,ant_bee,1,0,,ants|insects|water|macro|closeup|top-v111,6,"Big struggle in a flower pot full of water in a cemetery, Colma, CA."
n02219486_27971.JPEG,n02219486_27971,n02219486,ant,ant_bee,0,0,,,0,
n02219486_27973.JPEG,n02219486_27973,n02219486,ant,ant_bee,1,0,Ants,Ants|Black|Many,3,The biggest group of ants ever. We saw them on the way to the train.
n02219486_27991.JPEG,n02219486_27991,n02219486,ant,ant_bee,0,0,,,0,
n02219486_27996.JPEG,n02219486_27996,n02219486,ant,ant_bee,0,0,,,0,
n02219486_27999.JPEG,n02219486_27999,n02219486,ant,ant_bee,1,0,WORKING ANTS,paranavai|pr|brasil|brazil|FORMIGA|ANT|INSECT|INSETO,8,
n02219486_28003.JPEG,n02219486_28003,n02219486,ant,ant_bee,1,1,ANT,ant|insect|macro|jaws,4,
n02219486_28013.JPEG,n02219486_28013,n02219486,ant,ant_bee,0,0,,,0,
n02219486_28020.JPEG,n02219486_28020,n02219486,ant,ant_bee,1,1,Ant,Macro|Natural|Ant|Canon|Canon Rebel XT|Canon EFS 60mm f/2.8 Macro USM,6,"Ant helping to build the commune... bunch of hippies! My complete photo archive is <a href=""http://macproductive.com/iweb/photos.html"" rel=""noreferrer nofollow"">available here.</a>"
n02219486_28031.JPEG,n02219486_28031,n02219486,ant,ant_bee,0,0,,,0,
n02219486_28032.JPEG,n02219486_28032,n02219486,ant,ant_bee,1,0,Flower Ants,flower|white|IMGP3498_c_l_u|wildflower|ants|bug|insect|pink|toothwort,9,
n02219486_28041.JPEG,n02219486_28041,n02219486,ant,ant_bee,0,0,,,0,
n02219486_28049.JPEG,n02219486_28049,n02219486,ant,ant_bee,0,0,,,0,
n02219486_28053.JPEG,n02219486_28053,n02219486,ant,ant_bee,0,0,,,0,
n02219486_28054.JPEG,n02219486_28054,n02219486,ant,ant_bee,0,0,,,0,
n02219486_28057.JPEG,n02219486_28057,n02219486,ant,ant_bee,1,1,leaf cuter ant by moonlight,leaf|cuter|ant|by|moonlight|NaturesFinest,6,leaf cuter ant by moonlight
n02219486_28059.JPEG,n02219486_28059,n02219486,ant,ant_bee,1,1,Citronella Ant Workers,Citronella Ant|Acanthomyops interjectus|Yellow Ant|180mm|macro|Canon|40D|Oak Openings Metropark|September|2007|IMG_1379,11,A tight crop showing the worker ants.
n02219486_28069.JPEG,n02219486_28069,n02219486,ant,ant_bee,0,0,,,0,
n02219486_28078.JPEG,n02219486_28078,n02219486,ant,ant_bee,0,0,,,0,
n02219486_28084.JPEG,n02219486_28084,n02219486,ant,ant_bee,0,1,,,0,
n02219486_28085.JPEG,n02219486_28085,n02219486,ant,ant_bee,0,1,,,0,
n02219486_28086.JPEG,n02219486_28086,n02219486,ant,ant_bee,1,1,Ant Trap #2,ant|ants|infestation|trap|ant trap|bait|pest|kitchen|extermination|fink|fink angel|sony|mavica|mvc-cd500|exterminate|geo|geotagged|geotargetted|geotarget|geotag|on map|gps|location|gps location|yahoo maps,25,"...I almost feel sorry for them...but I can't have ants all over my smoothie ingredients... ;)  This stuff is irresistable to the tiny creatures, they take it back to base and it sets off a chain reaction fungus that destroys the entire nest in 1-3 weeks...I'll let you know how it goes, but for now, we have to put up with them...you can see this fellow here tucking into a bit of the fluid that spilt when I opened up the trap..."
n02219486_28098.JPEG,n02219486_28098,n02219486,ant,ant_bee,0,0,,,0,
n02219486_28099.JPEG,n02219486_28099,n02219486,ant,ant_bee,1,1,ant ser2 photos (1),ant|brass|handmade|geoffrey haberman|insect|metal|Sony|f717|sculpture|metal sculpture|praying mantis metal sculpure|insect sculpture|insect metal sculpture|Sony DSC f717|Alliston,15,Tried to get better shots using daylight and a lighter backround
n02219486_28101.JPEG,n02219486_28101,n02219486,ant,ant_bee,0,0,,,0,
n02219486_28102.JPEG,n02219486_28102,n02219486,ant,ant_bee,0,0,,,0,
n02219486_28104.JPEG,n02219486_28104,n02219486,ant,ant_bee,0,0,,,0,
n02219486_28106.JPEG,n02219486_28106,n02219486,ant,ant_bee,0,0,,,0,
n02219486_28108.JPEG,n02219486_28108,n02219486,ant,ant_bee,1,0,Ants,wildlife|nature|macro|fauna|bugs|atthebottomofthegarden|ants,7,Black ant on Sycamore
n02219486_28113.JPEG,n02219486_28113,n02219486,ant,ant_bee,1,0,Ants and the Flower,insect|animal|orange|flower|ant|yellow,6,
n02219486_28115.JPEG,n02219486_28115,n02219486,ant,ant_bee,0,0,,,0,
n02219486_28118.JPEG,n02219486_28118,n02219486,ant,ant_bee,0,1,,,0,
n02219486_28120.JPEG,n02219486_28120,n02219486,ant,ant_bee,1,0,Bull Ant,insect|Wilsons Creek NSW|ant|Australian native,4,25 mm. . . . . . . photo MR
n02219486_28121.JPEG,n02219486_28121,n02219486,ant,ant_bee,0,0,,,0,
n02219486_28127.JPEG,n02219486_28127,n02219486,ant,ant_bee,1,1,Ant,bugs|flowers|insect|ant,4,On a salvia
n02219486_28132.JPEG,n02219486_28132,n02219486,ant,ant_bee,1,0,An Ants Life,Ant|Marigold|Flower|red|orange|Green Macro|Canon Powershot SD1000|Saskatchewan garden.|saskgarden,9,"My dogs favorite flower was marigolds, I was taking a picture in her memory and caught this ant climbing around!"
n02219486_28136.JPEG,n02219486_28136,n02219486,ant,ant_bee,0,0,,,0,
n02219486_28138.JPEG,n02219486_28138,n02219486,ant,ant_bee,0,0,,,0,
n02219486_2814.JPEG,n02219486_2814,n02219486,ant,ant_bee,1,0,An Ant's Life,flower|ant|macro|flopper|NaturesFinest|interestingness30|FantasticFlower|interestingness22|Journey|Journey Of An Ant|QContest,11,I was happy to find the ant when l  looked at the photo. so I was lucky .
n02219486_28144.JPEG,n02219486_28144,n02219486,ant,ant_bee,0,0,,,0,
n02219486_28150.JPEG,n02219486_28150,n02219486,ant,ant_bee,0,0,,,0,
n02219486_28154.JPEG,n02219486_28154,n02219486,ant,ant_bee,0,0,,,0,
n02219486_28158.JPEG,n02219486_28158,n02219486,ant,ant_bee,1,0,Ants!,ant|ants|insects|winged ants|England|Summer|2007|Oxford,8,Time to clear the not-yet-assembled greenhouse to one side to make way for the garden party. Naturally the soggy cardboard it is wrapped in had been repurposed as an ant colony.
n02219486_28161.JPEG,n02219486_28161,n02219486,ant,ant_bee,0,0,,,0,
n02219486_28164.JPEG,n02219486_28164,n02219486,ant,ant_bee,1,0,An ant on a banana leave,nature|pirey|green|ant|insect,5,
n02219486_28171.JPEG,n02219486_28171,n02219486,ant,ant_bee,0,0,,,0,
n02219486_28187.JPEG,n02219486_28187,n02219486,ant,ant_bee,1,0,March of the ants,Ants|insects|crawl|wall|Johannesburg|South Africa|wild life|Khyronsdf|PVV|Olympus|SA,11,Just a few of the many that seem to have moved in.
n02219486_28190.JPEG,n02219486_28190,n02219486,ant,ant_bee,1,1,moss & ant,moss|ant|tiny|groveland|sierras|macro|tuolumnecounty,7,"this is NOT a good photo, I hate the green blob in the lower right foreground -- but I was aiming at these strange fruiting bodies on the <a href=""http://www.flickr.com/photos/lawatt/87403131"">moss</a>, when a tiny ant climbed into my photo -- so I just had to oblige him &amp; take the shot..."
n02219486_28195.JPEG,n02219486_28195,n02219486,ant,ant_bee,1,0,Ant,ant|insect|macro,3,
n02219486_28198.JPEG,n02219486_28198,n02219486,ant,ant_bee,0,0,,,0,
n02219486_28199.JPEG,n02219486_28199,n02219486,ant,ant_bee,1,0,Ant #2,ant,1,Lol ant.
n02219486_28201.JPEG,n02219486_28201,n02219486,ant,ant_bee,0,0,,,0,
n02219486_28203.JPEG,n02219486_28203,n02219486,ant,ant_bee,1,0,Ants,ants|colony|pest|insect,4,Ant colony outside the house on the sidewalk.  There is no food or anything for them there yet they have been mobbing around the same square foot area for about a week.
n02219486_28205.JPEG,n02219486_28205,n02219486,ant,ant_bee,0,0,,,0,
n02219486_28208.JPEG,n02219486_28208,n02219486,ant,ant_bee,0,0,,,0,
n02219486_28210.JPEG,n02219486_28210,n02219486,ant,ant_bee,1,0,ant058s,nature|insects|ant|ants|black ant|army ant|black,7,with manual micro-nikkor 55mm 2.8
n02219486_28212.JPEG,n02219486_28212,n02219486,ant,ant_bee,0,0,,,0,
n02219486_28217.JPEG,n02219486_28217,n02219486,ant,ant_bee,0,0,,,0,
n02219486_28218.JPEG,n02219486_28218,n02219486,ant,ant_bee,1,1,Ant's morning stroll,ant|leaf|mountain ash|closeup|nature|green|talkingplant,7,A small ant on a mountain ash leaf.
n02219486_28219.JPEG,n02219486_28219,n02219486,ant,ant_bee,1,1,Feeding ant,dublin|river|the dodder|flowers|ants|yellow|cazh,7,i didnt even notice the ant in the middle of the flower till i got home and put the pics on the comp
n02219486_28223.JPEG,n02219486_28223,n02219486,ant,ant_bee,1,1,uvsc-ant-hat,ant|insect|bug,3,
n02219486_28230.JPEG,n02219486_28230,n02219486,ant,ant_bee,1,0,bug of the day,Framingham MA|Garden in the Woods|GITW|NEWFS|bug of the day|insect|ant|ants|Hymenoptera|farming|Framingham|USA,12,"Where do these ants get off, doing their cool ant thing way up in a tree (about 7 feet high), with the sun pointing in exactly the wrong direction for me to get a decent shot? Hmph. Anyway, please excuse the prodigious use of Fill Light here.  These ants were completeley oblivious to my digicam's presence, very into the fungus. Surprising to me, since this was a highly visible spot directly adjacent to a trail. Ants were about 1cm long (though the big one on the left was a few mm bigger).  Hmm...on second thought, I think these ants are tending scale insects, not farming fungi."
n02219486_28231.JPEG,n02219486_28231,n02219486,ant,ant_bee,1,1,Ants!,Green|ants,2,An army of green ants. Trying to make good use of our new camera's aperture settings.
n02219486_28275.JPEG,n02219486_28275,n02219486,ant,ant_bee,1,0,Ants go marching two by two.....,ants,1,some people would eat the green part of these ants.... said it tasted like serbert.... i wouldn't know
n02219486_28277.JPEG,n02219486_28277,n02219486,ant,ant_bee,0,1,,,0,
n02219486_28295.JPEG,n02219486_28295,n02219486,ant,ant_bee,1,0,Ant Tending Treehopper Larvae 1,Ant|Aphid|Treehopper|Macro|Nikon|D70|60mmf28dmicro|SB600,8,"At first I was puzzled when I found a bunch of these largish red ants herding these treehopper nymphs around. It turns out that the nymphs create honeydew which the ants feed on. The ants herd them together so they can use the honeydew. This is a form of mutualism, as the ants protect the nymphs from predators. Best viewed large. "
n02219486_28304.JPEG,n02219486_28304,n02219486,ant,ant_bee,1,0,Ants,Building|F717|dalaka|china|Suzhou|Ants|ant,7,Ants beside street
n02219486_28306.JPEG,n02219486_28306,n02219486,ant,ant_bee,1,1,Ants Fighting -II,San Rafael Swell|Insect|Eastern Reef|Utah|Ant,5,
n02219486_28312.JPEG,n02219486_28312,n02219486,ant,ant_bee,1,0,palomar_ant_01,Palomar|Mountain|Ant macro close up,3,Leaves and an Ant
n02219486_28366.JPEG,n02219486_28366,n02219486,ant,ant_bee,0,0,,,0,
n02219486_2838.JPEG,n02219486_2838,n02219486,ant,ant_bee,0,1,,,0,
n02219486_28393.JPEG,n02219486_28393,n02219486,ant,ant_bee,0,0,,,0,
n02219486_28395.JPEG,n02219486_28395,n02219486,ant,ant_bee,1,1,Ants at twice life size series 1-3,macro|nature|insect|ant|BlueRibbonWinner|Xti|400D|100mm|Canon|Dalantech|John Kimbler,11,"All canon gear: Xti (manual mode F11, 1/200, ISO 100) + 1.4 teleconverter + 25mm extension tube + 100mm macro lens. MR-14EX set to a 4:1 ratio and -1/3 FEC. Minimal post processing.  I've posted more details about this series <a href=""http://nocroppingzone.blogspot.com/2007/04/studio-macro.html"" rel=""noreferrer nofollow"">in my blog</a>"
n02219486_28397.JPEG,n02219486_28397,n02219486,ant,ant_bee,1,0,Mr. ant,Ant|Orange|Close-up|macro|stone|hole|insect,7,
n02219486_28399.JPEG,n02219486_28399,n02219486,ant,ant_bee,0,0,,,0,
n02219486_28424.JPEG,n02219486_28424,n02219486,ant,ant_bee,0,1,,,0,
n02219486_28433.JPEG,n02219486_28433,n02219486,ant,ant_bee,0,1,,,0,
n02219486_28440.JPEG,n02219486_28440,n02219486,ant,ant_bee,1,1,Ant,ant|bug|insect,3,
n02219486_28451.JPEG,n02219486_28451,n02219486,ant,ant_bee,1,0,Mr. Ant,ant|nature|bug|insect|closeup|macro,6,
n02219486_28456.JPEG,n02219486_28456,n02219486,ant,ant_bee,1,0,Wegameise (Lasius niger),Insekten|Insects|Ameise|Ant|Blume|Flower|Aegopodium podagraria|Makro|Macro|Lasius niger|Olympus E-1|Gewöhnlicher Geißfuß,12,
n02219486_28535.JPEG,n02219486_28535,n02219486,ant,ant_bee,0,1,,,0,
n02219486_28555.JPEG,n02219486_28555,n02219486,ant,ant_bee,1,0,Ant Panic Macro: Evacuating the Larvae,ant|ants|bug|bugs|insect|insects|justpentax|larva|larvae|macro|nest|pentaxK10d|workers|cpjsm|f/18|1/180 sec|ISO200|A Series Lens|craigjewellphotography,19,"While moving a large treestump in our yard, I stripped off some bark to find a small ant nest underneath.  There were several thousand ants all looking after a couple of hundred larvae.  As soon as I lifted the bark, they started to evacuate the larvae into several holes in the tree stump. It only took a few minutes for them to get all the larvae into the safety of the trunk, but I managed to get a few shots with my VIvitar Series 1 105mm macro lens.  Larger Size <a href=""http://farm4.static.flickr.com/3123/2307906816_48e29d80d0_b.jpg"" rel=""noreferrer nofollow"">here</a>"
n02219486_28557.JPEG,n02219486_28557,n02219486,ant,ant_bee,1,1,"Ant Taxi - Leaf Cutting Ants - Butterfly Centre - London, England - Sunday September 9th 2007",Insects|Ants|Bugs|Strong|Ant Taxi|Leaf Cutting Ants|London Butterfly House|London|England,9,
n02219486_28565.JPEG,n02219486_28565,n02219486,ant,ant_bee,1,1,Ant & Sugar Cube 3,ant|sugarcube|modelling|macro,4,"Planned to capture ant in frame, but all in vain. Her speed  for macro was high. What could ve been better than a sugar cube... she couldn't resist :).... there she is...trying to take complete cube with her.. and i got the chance, i wanted :) !!!"
n02219486_28573.JPEG,n02219486_28573,n02219486,ant,ant_bee,0,0,,,0,
n02219486_28574.JPEG,n02219486_28574,n02219486,ant,ant_bee,1,0,Ant / Hormiga,Ant|Hormiga|Insect|Insecto,4,Close up of an ant crawling around a leaf of ivy.
n02219486_28584.JPEG,n02219486_28584,n02219486,ant,ant_bee,1,1,Ant On A Peony Bud,ants|insects|flowers|gardens|nature|macro|close-up|sonydsch5|NaturesFinest,9,
n02219486_28617.JPEG,n02219486_28617,n02219486,ant,ant_bee,0,0,,,0,
n02219486_28620.JPEG,n02219486_28620,n02219486,ant,ant_bee,0,0,,,0,
n02219486_28622.JPEG,n02219486_28622,n02219486,ant,ant_bee,1,0,Solitary Ant,ant|macro|insect|dof|rust|fence,6,Ant crawling on rusty chain-link fence on a hot Friday morning
n02219486_28648.JPEG,n02219486_28648,n02219486,ant,ant_bee,0,0,,,0,
n02219486_28651.JPEG,n02219486_28651,n02219486,ant,ant_bee,1,0,Ants Dairy 2,Flowers|ants|Taco|me|Aphids,5,"Closer look at the farm. They don't make cheese, these ants, but they do cultivate their prosperous licegarden with care."
n02219486_28666.JPEG,n02219486_28666,n02219486,ant,ant_bee,1,1,ANT,paranavai|pr|brasil|brazil|formiga|ant|insect|inseto,8,
n02219486_28680.JPEG,n02219486_28680,n02219486,ant,ant_bee,0,0,,,0,
n02219486_28693.JPEG,n02219486_28693,n02219486,ant,ant_bee,1,0,ants,ant|insect|breadcrumb|nature|macro,5,ants
n02219486_28699.JPEG,n02219486_28699,n02219486,ant,ant_bee,0,0,,,0,
n02219486_2870.JPEG,n02219486_2870,n02219486,ant,ant_bee,0,0,,,0,
n02219486_28703.JPEG,n02219486_28703,n02219486,ant,ant_bee,0,0,,,0,
n02219486_28711.JPEG,n02219486_28711,n02219486,ant,ant_bee,0,0,,,0,
n02219486_28728.JPEG,n02219486_28728,n02219486,ant,ant_bee,1,0,Ant,ant|insect|Canopy Walk|Sacha Lodge|Ecuador|Amazon|South America|Canon|40D|180mm|macro|February|2008|IMG_3760,14,"Well, I made it back down from the platform and was back to taking pics of insects.  I found this ant down by the base of the Canopy Walk.  This ant was cleaning itself and unfortunately the antennae aren't in the best of positions."
n02219486_28749.JPEG,n02219486_28749,n02219486,ant,ant_bee,0,0,,,0,
n02219486_28759.JPEG,n02219486_28759,n02219486,ant,ant_bee,0,0,,,0,
n02219486_28768.JPEG,n02219486_28768,n02219486,ant,ant_bee,1,0,Ant,Chisinau|Moldova|ant|ants|insect|insects,6,
n02219486_28778.JPEG,n02219486_28778,n02219486,ant,ant_bee,0,0,,,0,
n02219486_28782.JPEG,n02219486_28782,n02219486,ant,ant_bee,0,0,,,0,
n02219486_28816.JPEG,n02219486_28816,n02219486,ant,ant_bee,0,0,,,0,
n02219486_28824.JPEG,n02219486_28824,n02219486,ant,ant_bee,0,1,,,0,
n02219486_28834.JPEG,n02219486_28834,n02219486,ant,ant_bee,0,0,,,0,
n02219486_28851.JPEG,n02219486_28851,n02219486,ant,ant_bee,1,0,Antastic ants!!!(1),ant|egg|insect|macro|closuep|bug|jon law|improvedimage,8,"Opened up my potato bin and the ants had made a nest in it, so when disturbed they panicked grabbed all the eggs and ran off biting me and the Daughter on their way!!!!"
n02219486_28853.JPEG,n02219486_28853,n02219486,ant,ant_bee,1,1,Ant Mimicry,nature|macro|singaporebotanicalgardens|nikon60mmmicrof28d|nikond80|DiamondClassPhotographer|WS1discussionpic|ant mimic spider,8,"I chased this fella from the high perches of a leaf, to the ground. Running, squatting, chasing and proning to the ground. Just then, he stopped and pondered about his life, and that was when i got shot.  ---  Ants are particularly good animals to mimic, firstly because they are very numerous and secondly because many animals find them distasteful or dangerous to eat. By looking like an ant, the spider mimic is less likely to be noticed or eaten.  A few spiders not only look like ants but smell like them as well. These spiders are such good mimics that they trick not only animals that eat ants but they trick the ants as well. By smelling like the ants, the spider is able to enter the ant nest unchallenged and steal their young. "
n02219486_28865.JPEG,n02219486_28865,n02219486,ant,ant_bee,0,0,,,0,
n02219486_28869.JPEG,n02219486_28869,n02219486,ant,ant_bee,0,0,,,0,
n02219486_28879.JPEG,n02219486_28879,n02219486,ant,ant_bee,0,0,,,0,
n02219486_28886.JPEG,n02219486_28886,n02219486,ant,ant_bee,0,0,,,0,
n02219486_28897.JPEG,n02219486_28897,n02219486,ant,ant_bee,1,0,ant on planet peony,20060502|bud|ant|green|purple|macro|insects|flowers|Paeonia|dailyfeed|neighborhood|westasheville,12,
n02219486_28910.JPEG,n02219486_28910,n02219486,ant,ant_bee,1,0,Myrmecomorph (ant-mimicking) bug,myrmecomorph|bug|Hemiptera|Heteroptera|ant|mimicry|insects|nature|macro|Panama|rainforest|Alydidae,12,"thanks Ceuthophilus for ID .. Alydids have a number of ant mimics, so it may well be an alydid bug"
n02219486_28918.JPEG,n02219486_28918,n02219486,ant,ant_bee,1,1,Hormigas,Insectos|Insects|Hmyz|hormigas|mravenec|ant|ants|hormiga,8,
n02219486_28923.JPEG,n02219486_28923,n02219486,ant,ant_bee,0,0,,,0,
n02219486_28929.JPEG,n02219486_28929,n02219486,ant,ant_bee,1,1,Fourmis charpentière / Black ant,fourmis|ant|insect|insecte|nature|macro|quebec|canada|feluniel,9,
n02219486_28943.JPEG,n02219486_28943,n02219486,ant,ant_bee,1,0,ants,Bangalore|ants|India,3,Light brown ants in the botnical garden in Bangalore.
n02219486_28950.JPEG,n02219486_28950,n02219486,ant,ant_bee,1,1,Not an easy task !,Ecuador|Hymenoptera|ants|ant|Formicidae|insects|rainforest|nature|macro,9,"photo taken in the rainforest of Ecuador the smaller one may be Crematogaster sp, the larger Camponotus "
n02219486_28963.JPEG,n02219486_28963,n02219486,ant,ant_bee,0,0,,,0,
n02219486_28965.JPEG,n02219486_28965,n02219486,ant,ant_bee,1,1,climbing ant,ants|insects|macro|closeup|climbing|wood|bark,7,
n02219486_28983.JPEG,n02219486_28983,n02219486,ant,ant_bee,1,1,Red ant #2,ant|bug|insect|macro,4,"ant about 4mm long Second series of leaf litter macros"
n02219486_28987.JPEG,n02219486_28987,n02219486,ant,ant_bee,1,0,Egg Totin Ant,Ants|Insects,2,"In case you can't see it, it is in the right corner.  I couldn't believe how many of these ants I saw carrying all these white things.  Then my husband told me they were eggs. EWWWWW!"
n02219486_28996.JPEG,n02219486_28996,n02219486,ant,ant_bee,0,1,,,0,
n02219486_28997.JPEG,n02219486_28997,n02219486,ant,ant_bee,0,0,,,0,
n02219486_29001.JPEG,n02219486_29001,n02219486,ant,ant_bee,1,0,ant,green|garden|ant|hymenoptera|insect|insecta,6,an ant on a plant
n02219486_29003.JPEG,n02219486_29003,n02219486,ant,ant_bee,0,0,,,0,
n02219486_29045.JPEG,n02219486_29045,n02219486,ant,ant_bee,0,1,,,0,
n02219486_29058.JPEG,n02219486_29058,n02219486,ant,ant_bee,1,1,Ant is at work,plum|spring|white|ant,4,
n02219486_29076.JPEG,n02219486_29076,n02219486,ant,ant_bee,0,0,,,0,
n02219486_29091.JPEG,n02219486_29091,n02219486,ant,ant_bee,1,0,Black ant flying day #4,macro|bug|insect|ant,4,"Not a good pic but shows the relative sizes of the worker, male (smaller flying ant) and the female flying ant"
n02219486_29094.JPEG,n02219486_29094,n02219486,ant,ant_bee,1,0,Ants,Ants|Macro|Insects,3,
n02219486_29103.JPEG,n02219486_29103,n02219486,ant,ant_bee,0,1,,,0,
n02219486_29106.JPEG,n02219486_29106,n02219486,ant,ant_bee,1,0,To the victor the spoils,macro|bug|insect|ant,4,I always thought the red ants were the vicious ones. This black ant seems to have vanquished one though.
n02219486_29118.JPEG,n02219486_29118,n02219486,ant,ant_bee,1,0,Ant climbing :),ant|macro|kenko|extension|tubes|canon|closeup|nature,8,"another shot with Kenko tubes, 2:1 and some crop... there was some small pine tree flooded by ants...nice for shooting :)"
n02219486_29133.JPEG,n02219486_29133,n02219486,ant,ant_bee,1,0,Ant_DSC1890,Flower|Yucca|Insect|Ant|Macro|Wildlife,6,
n02219486_29137.JPEG,n02219486_29137,n02219486,ant,ant_bee,1,0,The ant,hormiga|ant|insecto|insect|macro|hormiga roja|flower|spain|españa|murcia|Macro Photos (NO LIMITS)|ƒiore arancione|canon powershot a460,13,
n02219486_29143.JPEG,n02219486_29143,n02219486,ant,ant_bee,0,0,,,0,
n02219486_29150.JPEG,n02219486_29150,n02219486,ant,ant_bee,0,0,,,0,
n02219486_29161.JPEG,n02219486_29161,n02219486,ant,ant_bee,0,0,,,0,
n02219486_29168.JPEG,n02219486_29168,n02219486,ant,ant_bee,0,0,,,0,
n02219486_29187.JPEG,n02219486_29187,n02219486,ant,ant_bee,1,1,Ant,Ant,1,Just a common ant on a <i>heliconia</i> leaf. So thought I'd shoot it.
n02219486_29188.JPEG,n02219486_29188,n02219486,ant,ant_bee,0,0,,,0,
n02219486_29194.JPEG,n02219486_29194,n02219486,ant,ant_bee,0,0,,,0,
n02219486_29197.JPEG,n02219486_29197,n02219486,ant,ant_bee,1,0,Exiting,Macro|Ants|Insects|T33,4,
n02219486_29202.JPEG,n02219486_29202,n02219486,ant,ant_bee,1,0,Ant On Lily,etein73|ant|colours|yellow|nature|macro|lily|flower|outdoors,9,Saw this ant crawling on the lily and followed its comings and goings for a while.  Kept me occupied for some time.
n02219486_29207.JPEG,n02219486_29207,n02219486,ant,ant_bee,1,0,My Ant World,Another glimpse of an Ant's View of life|They live in a world of glorious color|No Biege walls for them|I never have seen them eat anything|But they have limitless energy|I never saw a lazy ant|Only a few lazy uncles|Yer allowed to groan outload|CCRRFD|Shield Of Excellence|Specinsect|NaturesFinest|SOE,13,
n02219486_29229.JPEG,n02219486_29229,n02219486,ant,ant_bee,1,0,Ants Marching,ants|anthole|macro|australia|insects|ground|dirt|mowling|Shannon Mowling,9,
n02219486_29241.JPEG,n02219486_29241,n02219486,ant,ant_bee,1,0,fire ants,wildlife|outdoors|nature|macro|insect|closeup|bug|animal|ant,9,
n02219486_29258.JPEG,n02219486_29258,n02219486,ant,ant_bee,0,0,,,0,
n02219486_29265.JPEG,n02219486_29265,n02219486,ant,ant_bee,0,0,,,0,
n02219486_29304.JPEG,n02219486_29304,n02219486,ant,ant_bee,1,0,ants on onionring,kamikadse|ants|insects|insekten|ameisen|gelb|yellow|sand|sardinien|sardegna|sardinia|AtoZ|geotagged|O|animal|life,16,that onionring was lying on the ground for about ten minutes. these little freaks are so quick. amazing!
n02219486_29314.JPEG,n02219486_29314,n02219486,ant,ant_bee,0,0,,,0,
n02219486_29317.JPEG,n02219486_29317,n02219486,ant,ant_bee,1,0,Ants on a cordial bottle,ants|animals|insects|cordial|eating|groups,6,
n02219486_29339.JPEG,n02219486_29339,n02219486,ant,ant_bee,1,0,Giant Ants Invade Atlanta Airport,airport|Atlanta|ants|baggageclaim|art?|scary|sci-fi|cool,8,"Giant ants, over 12 inches long are seen on the ceiling in the baggage claim area of the Atlanta airport.  Note airport camera on ceiling above ants. Taxpayer paid &quot;art&quot;.   "
n02219486_29341.JPEG,n02219486_29341,n02219486,ant,ant_bee,0,0,,,0,
n02219486_29344.JPEG,n02219486_29344,n02219486,ant,ant_bee,1,0,Ant Panic Macro: Evacuating the Larvae,ant|ants|bug|bugs|insect|insects|justpentax|larva|larvae|macro|nest|pentaxK10d|workers|cpjsm|f/18|1/180 sec|ISO200|A Series Lens|craigjewellphotography,19,"While moving a large treestump in our yard, I stripped off some bark to find a small ant nest underneath.  There were several thousand ants all looking after a couple of hundred larvae.  As soon as I lifted the bark, they started to evacuate the larvae into several holes in the tree stump. It only took a few minutes for them to get all the larvae into the safety of the trunk, but I managed to get a few shots with my VIvitar Series 1 105mm macro lens."
n02219486_29353.JPEG,n02219486_29353,n02219486,ant,ant_bee,0,0,,,0,
n02219486_29370.JPEG,n02219486_29370,n02219486,ant,ant_bee,1,0,Ant & Aphids #1,Ant|aphid|macro|bug|insect,5,Taken at 3.24:1 with my 105mm macro lens 31mm of extension ring and a reversed 50mm lens. Yes even ants are hairy!
n02219486_29373.JPEG,n02219486_29373,n02219486,ant,ant_bee,0,0,,,0,
n02219486_29381.JPEG,n02219486_29381,n02219486,ant,ant_bee,1,0,Ant Attack,ant|bw|indonesia|insects|attack,5,Taken on Lombok island Indonesia 06
n02219486_29385.JPEG,n02219486_29385,n02219486,ant,ant_bee,0,0,,,0,
n02219486_29389.JPEG,n02219486_29389,n02219486,ant,ant_bee,1,1,Agapanthus and ant,garden|blue|flower|Agapanthus|insect|ant,6,photo MR
n02219486_2939.JPEG,n02219486_2939,n02219486,ant,ant_bee,1,1,Giant Ant!,Thailand|Chiang Mai|Mae Hong San|trek|trekking|day 2|wilderness|nature|animal|insect|bug|ant,12,"Our morning nature walk led us to all sorts of interesting things, including this rather large ant!  Eek!"
n02219486_29412.JPEG,n02219486_29412,n02219486,ant,ant_bee,0,0,,,0,
n02219486_29422.JPEG,n02219486_29422,n02219486,ant,ant_bee,0,1,,,0,
n02219486_29424.JPEG,n02219486_29424,n02219486,ant,ant_bee,1,0,Ants do not have lungs nor a heart,ANT|Elzey|Around the House|Flowers|rocks|Lake Lanier|Forsyth County,7,"If a man could run as fast for his size as an ant can, he could run as fast as a racehorse. Ants can lift 20 times their own body weight. An ant brain has about 250 000 brain cells. A human brain has 10,000 million so a colony of 40,000 ants has collectively the same size brain as a human.   The average life expectancy of an ant is 45-60 days  Ants are eusocial insects that belong to the same order as wasps and bees. They are of particular interest because of their highly organized colonies or nests which sometimes consist of millions of individuals. Individuals are divided into infertile female workers and fertile males (drones) and females (queens). Colonies can occupy and use a wide area of land to support them. Ant colonies are sometimes described as superorganisms because the colony appears to operate as a single entity.  Ants have colonized almost every landmass on Earth. The only places lacking indigenous ant species are Antarctica, Greenland, Iceland, and the Hawaiian Islands.  Ants do not have lungs. Oxygen passes through tiny pores, the spiracles, in their exoskeleton - the same holes through which carbon dioxide leaves their body. Nor do they have a heart; a colorless blood, the hemolymph, runs from their head to rear and back again along a long tube. Their nervous system is much like a human spinal cord in that it is a continuous cord, the ventral nerve cord, from head to rear with branches into each extremity  "
n02219486_29426.JPEG,n02219486_29426,n02219486,ant,ant_bee,0,0,,,0,
n02219486_29440.JPEG,n02219486_29440,n02219486,ant,ant_bee,1,0,ants and aphids,bugs|ants|aphids|symbiosis,4,ants herding aphids.  
n02219486_29452.JPEG,n02219486_29452,n02219486,ant,ant_bee,1,0,ants,ant|formicinae|prenolepisimparis|evanston|illinois|beasts|insect|whm,8,
n02219486_29472.JPEG,n02219486_29472,n02219486,ant,ant_bee,0,0,,,0,
n02219486_29478.JPEG,n02219486_29478,n02219486,ant,ant_bee,0,0,,,0,
n02219486_29485.JPEG,n02219486_29485,n02219486,ant,ant_bee,0,0,,,0,
n02219486_29486.JPEG,n02219486_29486,n02219486,ant,ant_bee,0,0,,,0,
n02219486_29491.JPEG,n02219486_29491,n02219486,ant,ant_bee,0,0,,,0,
n02219486_29492.JPEG,n02219486_29492,n02219486,ant,ant_bee,0,0,,,0,
n02219486_29494.JPEG,n02219486_29494,n02219486,ant,ant_bee,1,0,ant-bloom,d80|SharingExposures|Ants|Flowers|Nikkor|18-55|Nikkor 18-55,7,A bloom of ants.  Sharing Exposures July 2007 Theme - Outdoor Critters
n02219486_29501.JPEG,n02219486_29501,n02219486,ant,ant_bee,0,0,,,0,
n02219486_29509.JPEG,n02219486_29509,n02219486,ant,ant_bee,1,0,Ant farm,farms|almonds|california|ants,4,"Ants farming aphids on a plant.  The ants provide protection for the aphids, the aphids provide sugar water for the ants."
n02219486_29513.JPEG,n02219486_29513,n02219486,ant,ant_bee,0,0,,,0,
n02219486_29522.JPEG,n02219486_29522,n02219486,ant,ant_bee,0,0,,,0,
n02219486_29523.JPEG,n02219486_29523,n02219486,ant,ant_bee,0,0,,,0,
n02219486_29527.JPEG,n02219486_29527,n02219486,ant,ant_bee,0,0,,,0,
n02219486_29530.JPEG,n02219486_29530,n02219486,ant,ant_bee,0,0,,,0,
n02219486_29535.JPEG,n02219486_29535,n02219486,ant,ant_bee,1,1,"Stinging nettle, stinging ant",tillwe|2007-05|germany|freiburg|günterstal|nature|macro|stinging nettle|nettle|ant|green|pink|leaf|animal|insect,15,
n02219486_29536.JPEG,n02219486_29536,n02219486,ant,ant_bee,0,0,,,0,
n02219486_29552.JPEG,n02219486_29552,n02219486,ant,ant_bee,0,1,,,0,
n02219486_29559.JPEG,n02219486_29559,n02219486,ant,ant_bee,1,1,The Ant & The Rose,Flower|Yellow|Pink|Bangalore|Translucent|Ant|Drops|Macro,8,"Translucent rose, dew drops and an ant"
n02219486_29560.JPEG,n02219486_29560,n02219486,ant,ant_bee,0,0,,,0,
n02219486_29561.JPEG,n02219486_29561,n02219486,ant,ant_bee,1,1,Ant & plant,2007|ant|day 6|december|gavan watson|hymenoptera|insect|peru|protecting the plant|south america|vacation|ant behaviour|myrmicidae|extrafloral nectaries|nectary,15,"Some interesting ant behaviour that I observed here--this ant hung out over the small, circular plant (and this is where my plant anatomy fails me) structure.   My guess is that this is some structure that provided the Ant with food, and it was feeding from it. However, being more of an amateur entomologist rather than amateur botanist, I would be happy to learn more.  Kenko.?"
n02219486_29564.JPEG,n02219486_29564,n02219486,ant,ant_bee,0,0,,,0,
n02219486_29565.JPEG,n02219486_29565,n02219486,ant,ant_bee,1,0,Ants,ants|large|big|insects|exoskeletons|black|bugs|bark|grass|park,10,They are rather large and those ones creep me out.
n02219486_29566.JPEG,n02219486_29566,n02219486,ant,ant_bee,1,1,macro ant,This|is|one|three|photos|that|recentley|took|while|outside|back|patio.|camera|has|pretty|decent|macro|feature|it|was|able|get|some|nice|shots.|Please|check|all|out.|ant|shiny|watery|water|hymenopthera|hymennoptera|insect|bug|bugg|antenna|antena,40,This is one of three photos that I recentley took while outside on my back patio.  My camera has a pretty decent macro feature on it and I was able to get some nice shots.  Please check all three out.  The area where the ant is standing is actually a piece of wood I found on the side of the road.  I took the log and coated it with &quot;polyethelyn&quot; to protect it from weather.  It serves as a perfect little table for outside.  I would have to say I probally put about 8 coats on this log to make it very very smooth.  CAMERA: Sony DSCM-1
n02219486_29579.JPEG,n02219486_29579,n02219486,ant,ant_bee,0,0,,,0,
n02219486_29580.JPEG,n02219486_29580,n02219486,ant,ant_bee,0,0,,,0,
n02219486_29587.JPEG,n02219486_29587,n02219486,ant,ant_bee,1,0,big ants!,Tikal|Guatemala|sun|holiday|ants|nature|creatures|insects|EF|IS|USM|canonef28-135/3.5-5.6|Canon,13,
n02219486_29588.JPEG,n02219486_29588,n02219486,ant,ant_bee,0,0,,,0,
n02219486_29596.JPEG,n02219486_29596,n02219486,ant,ant_bee,1,0,ant_0414_macro,acapulco|mexico|a620|canon|macro|basil|bee|ant,8,3mm ant
n02219486_29606.JPEG,n02219486_29606,n02219486,ant,ant_bee,0,0,,,0,
n02219486_29607.JPEG,n02219486_29607,n02219486,ant,ant_bee,0,0,,,0,
n02219486_29608.JPEG,n02219486_29608,n02219486,ant,ant_bee,0,0,,,0,
n02219486_29614.JPEG,n02219486_29614,n02219486,ant,ant_bee,1,1,Ant on Matchbook,"black and white', B&W, macro, insect, ant, match, matches, match|book",2,
n02219486_29624.JPEG,n02219486_29624,n02219486,ant,ant_bee,1,0,Bull ant,ant|bull ant|insect|Australia,4,"Believe it or not but this is a Bull ant that I found in the kitchen at home....at first I was rather frightened of it, but after a while I realized that it was more scared of me! Mind you- it looks pretty confronting in the picture... "
n02219486_29625.JPEG,n02219486_29625,n02219486,ant,ant_bee,0,1,,,0,
n02219486_29630.JPEG,n02219486_29630,n02219486,ant,ant_bee,1,0,Ant Actions,Hong Kong|insect|macro|ant|Weaver Ant|Oecophylla smaragdina|1-5-fav|top-v111|geo:lat=22.43182|geo:lon=114.18411|geotagged|kclama|Red Tree Ant,13,
n02219486_29631.JPEG,n02219486_29631,n02219486,ant,ant_bee,0,0,,,0,
n02219486_29635.JPEG,n02219486_29635,n02219486,ant,ant_bee,0,0,,,0,
n02219486_29638.JPEG,n02219486_29638,n02219486,ant,ant_bee,0,0,,,0,
n02219486_29640.JPEG,n02219486_29640,n02219486,ant,ant_bee,0,0,,,0,
n02219486_29644.JPEG,n02219486_29644,n02219486,ant,ant_bee,1,0,Foraging ant on Montjuic,barcelona|2006|ant|insect|macro,5,
n02219486_29651.JPEG,n02219486_29651,n02219486,ant,ant_bee,1,0,Ants in Profile,ants|insects|closeup|macro|urbannature|backyard|nature,7,Ants feeding at the tip of a hummingbird feeder....preparing to invade the house.   The luck aspect is the fact that the house is blurred in the background...not intentional..but it ended up giving the shot an &quot;eerie&quot; feeling....
n02219486_29662.JPEG,n02219486_29662,n02219486,ant,ant_bee,1,1,Ant,Macro|Natural|Insects|Ant|Canon|Canon Rebel XT|Canon EFS 60mm f/2.8 Macro USM,7,"Ant. My complete photo archive is <a href=""http://macproductive.com/iweb/photos.html"" rel=""noreferrer nofollow"">available here.</a>"
n02219486_29679.JPEG,n02219486_29679,n02219486,ant,ant_bee,1,0,Ants,Ants|Weird,2,I like this image because although it is pretty weird it's also quite effective and visually interesting. I took this photograph on a college trip when I saw it among some earth. The detail of the ants came out really well.
n02219486_29680.JPEG,n02219486_29680,n02219486,ant,ant_bee,0,0,,,0,
n02219486_29686.JPEG,n02219486_29686,n02219486,ant,ant_bee,1,0,Ants love peonies!,ants|peonies|flowers|insects|droplets|NaturesFinest|AnAwesomeShot|ABigFave,8,
n02219486_29688.JPEG,n02219486_29688,n02219486,ant,ant_bee,0,0,,,0,
n02219486_29691.JPEG,n02219486_29691,n02219486,ant,ant_bee,0,0,,,0,
n02219486_29697.JPEG,n02219486_29697,n02219486,ant,ant_bee,0,0,,,0,
n02219486_29711.JPEG,n02219486_29711,n02219486,ant,ant_bee,0,0,,,0,
n02219486_29720.JPEG,n02219486_29720,n02219486,ant,ant_bee,0,0,,,0,
n02219486_29728.JPEG,n02219486_29728,n02219486,ant,ant_bee,0,0,,,0,
n02219486_29729.JPEG,n02219486_29729,n02219486,ant,ant_bee,1,1,Angry ant,ant|angry|animal|nature|ground|macro|insect|tidbinbilla|canberra|wildlife|Angry Anterson,11,"This ant and I crossed paths - we were both just going about our business, but it was ready to go me every time I moved! Here it is 1 cm from my lens. I also got some shots where it was actually trying to bite the lens, but they're too blurry."
n02219486_29733.JPEG,n02219486_29733,n02219486,ant,ant_bee,0,0,,,0,
n02219486_29734.JPEG,n02219486_29734,n02219486,ant,ant_bee,0,0,,,0,
n02219486_29739.JPEG,n02219486_29739,n02219486,ant,ant_bee,1,0,Ants not yet in Pants,ants,1,Ants
n02219486_29744.JPEG,n02219486_29744,n02219486,ant,ant_bee,0,0,,,0,
n02219486_29748.JPEG,n02219486_29748,n02219486,ant,ant_bee,1,0,Ant Eggs,eggs|ants|insects|nature|colony|work,6,
n02219486_29751.JPEG,n02219486_29751,n02219486,ant,ant_bee,0,0,,,0,
n02219486_29755.JPEG,n02219486_29755,n02219486,ant,ant_bee,0,0,,,0,
n02219486_29756.JPEG,n02219486_29756,n02219486,ant,ant_bee,0,0,,,0,
n02219486_29764.JPEG,n02219486_29764,n02219486,ant,ant_bee,1,0,Wild Ants,red|ants,2,"the Hotel had a nice garden on top of the hill. upon exploring i found those hard working ants. So i decided to take some shoots. Strange enough, its as if they felt my presence and the ants started to have a change in attitude and work Rhythm. All of a sudden i found my self trying to defend my self from marching soldier ants.  "
n02219486_29767.JPEG,n02219486_29767,n02219486,ant,ant_bee,0,0,,,0,
n02219486_29769.JPEG,n02219486_29769,n02219486,ant,ant_bee,0,0,,,0,
n02219486_29773.JPEG,n02219486_29773,n02219486,ant,ant_bee,0,0,,,0,
n02219486_29786.JPEG,n02219486_29786,n02219486,ant,ant_bee,1,0,Ant on metamorphosed banded chert,Shuksan|Mt Baker Snoqualmie National Forest|BDgroup|metamorphosed|banded|chert|ant|Lake Ann|Geology,9,"<a href=""http://www2.nature.nps.gov/Geology/usgsnps/noca/nocastO.html"" rel=""noreferrer nofollow"">www2.nature.nps.gov/Geology/usgsnps/noca/nocastO.html</a>  i081206 107"
n02219486_29788.JPEG,n02219486_29788,n02219486,ant,ant_bee,1,1,ant,ant|arunsoman,2,this ant never saw a cam before 
n02219486_29797.JPEG,n02219486_29797,n02219486,ant,ant_bee,0,0,,,0,
n02219486_29800.JPEG,n02219486_29800,n02219486,ant,ant_bee,1,1,Ant Macro,Ant|Macro,2,Nikkor 105mm and view LARGE
n02219486_29805.JPEG,n02219486_29805,n02219486,ant,ant_bee,1,0,Ant on a Leaf,dead sea|yehuda desert|israel|ant|plant|leaf|insect|macro,8,
n02219486_29807.JPEG,n02219486_29807,n02219486,ant,ant_bee,0,0,,,0,
n02219486_29810.JPEG,n02219486_29810,n02219486,ant,ant_bee,0,0,,,0,
n02219486_29814.JPEG,n02219486_29814,n02219486,ant,ant_bee,1,1,Ant doing a tortoise impression #1,macro|bug|insect|ant|dewdrop,5,"Just need to get this drop in the right place see <a href=""http://www.flickr.com/photos/lordv/455561978/"">www.flickr.com/photos/lordv/455561978/</a> for next in sequence"
n02219486_29816.JPEG,n02219486_29816,n02219486,ant,ant_bee,0,0,,,0,
n02219486_29817.JPEG,n02219486_29817,n02219486,ant,ant_bee,1,0,Ants_01 - Ants Marching,bugs|ants|macro|Jesters|flowers|Beatrice|Nebraska|buds|leaves|dof,10,"Ants on buds - Beatrice, Nebraska."
n02219486_29822.JPEG,n02219486_29822,n02219486,ant,ant_bee,1,0,crazy ants,crazy|ants,2,A big group of ants really gone crazy!
n02219486_29826.JPEG,n02219486_29826,n02219486,ant,ant_bee,1,0,Ants,"cheekwood|gardens|nashville|ants|ant|insect|exif:aperture=f/5.5|exif:exposure=0.017 sec (1/60)|exif:exposure_bias=0/3 EV|exif:flash=Flash fired, auto mode, red-eye reduction|exif:focal_length=23.2 mm|camera:make=Canon|camera:model=Canon PowerShot A520|meta:exif=1248382948",14,Camponotus schaefferi?
n02219486_29834.JPEG,n02219486_29834,n02219486,ant,ant_bee,0,0,,,0,
n02219486_29837.JPEG,n02219486_29837,n02219486,ant,ant_bee,1,0,ants,ant|formicinae|prenolepisimparis|evanston|illinois|beasts|insect|whm,8,
n02219486_29846.JPEG,n02219486_29846,n02219486,ant,ant_bee,0,0,,,0,
n02219486_29850.JPEG,n02219486_29850,n02219486,ant,ant_bee,0,0,,,0,
n02219486_29851.JPEG,n02219486_29851,n02219486,ant,ant_bee,1,0,Leafcutter Ants,mexico|palenque|insect|macro|leafcutter|ant,6,"They don't eat the leaves themselves, rather <a href=""http://en.wikipedia.org/wiki/Leafcutter_ants"" rel=""noreferrer nofollow"">they feed them to the fungus they farm</a>."
n02219486_29853.JPEG,n02219486_29853,n02219486,ant,ant_bee,1,0,ant jungle gym,macro|ant|insect,3,trying out some vintage extension tubes I got on ebay...
n02219486_29862.JPEG,n02219486_29862,n02219486,ant,ant_bee,1,0,Ants,ants| macro| insects| flowers,4,"Testing out a flash extender out at dusk, I spotted these ants travelling about the rose of sharon bush."
n02219486_29863.JPEG,n02219486_29863,n02219486,ant,ant_bee,0,0,,,0,
n02219486_29870.JPEG,n02219486_29870,n02219486,ant,ant_bee,0,0,,,0,
n02219486_29874.JPEG,n02219486_29874,n02219486,ant,ant_bee,0,0,,,0,
n02219486_29881.JPEG,n02219486_29881,n02219486,ant,ant_bee,1,1,Running Ant,ant|macro|motion|insect|banyulssurmer,5,Shot on holdiday in France. Macro mode with my old Olympus C4000Zoom.
n02219486_29883.JPEG,n02219486_29883,n02219486,ant,ant_bee,1,0,A winged ant,Scotland|camping|holiday|insect|ant|macro|animal,7,
n02219486_29890.JPEG,n02219486_29890,n02219486,ant,ant_bee,1,0,I wanted to be an ant when I grow up,SBWR|outing#4|spider|APlusPhoto|ant mimic crab spider,5,And now I eat ants! 
n02219486_29911.JPEG,n02219486_29911,n02219486,ant,ant_bee,1,0,Ant on protea / Hormiga sobre protea,protea|proteaceae|leucospermum|flower|macro|ant|insect|flor|insecto|hormiga|beautybeholder,11,
n02219486_29916.JPEG,n02219486_29916,n02219486,ant,ant_bee,1,0,Ant on Heart,bleedingheart|ant|insect|spring|flora|A430|Not to Be used without my permission,7,
n02219486_29922.JPEG,n02219486_29922,n02219486,ant,ant_bee,0,0,,,0,
n02219486_29926.JPEG,n02219486_29926,n02219486,ant,ant_bee,0,0,,,0,
n02219486_29935.JPEG,n02219486_29935,n02219486,ant,ant_bee,1,0,Ants,ants,1,Ants feeding on a drop of &quot;shreekhand&quot; which fell on marble floor.
n02219486_29937.JPEG,n02219486_29937,n02219486,ant,ant_bee,0,0,,,0,
n02219486_29938.JPEG,n02219486_29938,n02219486,ant,ant_bee,0,0,,,0,
n02219486_29939.JPEG,n02219486_29939,n02219486,ant,ant_bee,1,0,Aphid Farm,macro|ants|insects|aphids|symbiosis|BSB-Food|strobist,7,"Ants and aphids have a symbiotic relationship. Aphids feed on plant sap from the phloem. They secrete honeydew which is rich in carbohydrates. The ants feed on this honeydew. Ants are known to protect aphids in their &quot;farms&quot;.  More ant close-ups here: <a href=""http://www.flickr.com/photos/binux/535461334/"">www.flickr.com/photos/binux/535461334/</a> <a href=""http://www.flickr.com/photos/binux/535522953/"">www.flickr.com/photos/binux/535522953/</a> <a href=""http://www.flickr.com/photos/binux/532976077/"">www.flickr.com/photos/binux/532976077/</a>  Shoot details: Shot with a Tamron 90mm 1:1 macro. F/16 for depth of field. 1/200s. Hand held. Lighting: Vivitar 285 through a plastic container on left top."
n02219486_29955.JPEG,n02219486_29955,n02219486,ant,ant_bee,0,0,,,0,
n02219486_29959.JPEG,n02219486_29959,n02219486,ant,ant_bee,0,0,,,0,
n02219486_29962.JPEG,n02219486_29962,n02219486,ant,ant_bee,1,0,Ant Rosey,Roses|insects|ant|pink|Flowers|stamen,6,
n02219486_29974.JPEG,n02219486_29974,n02219486,ant,ant_bee,0,0,,,0,
n02219486_29977.JPEG,n02219486_29977,n02219486,ant,ant_bee,1,1,Ant - 2,ant|macro|macros|insect,4,
n02219486_29983.JPEG,n02219486_29983,n02219486,ant,ant_bee,1,1,Ant,ant|walking|design|blessed|creation|creeping things,6,I was walking along getting some pictures (that tacks some skills!) and saw this ant walking up the side of the sidewalk. I thought about its design and then about how blessed this creation is. It can lift much more then we can at the same level! But seeing that creeping things do not have the breath of life I do not think I would like to be an ant. 
n02219486_29985.JPEG,n02219486_29985,n02219486,ant,ant_bee,0,0,,,0,
n02219486_29986.JPEG,n02219486_29986,n02219486,ant,ant_bee,0,0,,,0,
n02219486_29987.JPEG,n02219486_29987,n02219486,ant,ant_bee,1,0,Ant,tanakawho|nature|ant|miracle fruit|flower|small|bokeh|green|yellow|black|animal|insect|macro|1on1bokeh/dof|DiamondClassPhotographer,15,
n02219486_30021.JPEG,n02219486_30021,n02219486,ant,ant_bee,0,1,,,0,
n02219486_30038.JPEG,n02219486_30038,n02219486,ant,ant_bee,0,1,,,0,
n02219486_30047.JPEG,n02219486_30047,n02219486,ant,ant_bee,0,0,,,0,
n02219486_30056.JPEG,n02219486_30056,n02219486,ant,ant_bee,0,0,,,0,
n02219486_30059.JPEG,n02219486_30059,n02219486,ant,ant_bee,1,0,Ant Attack 01,Nikon|DSLR|D40x|Animals|Ants,5,"I was playing around with a macro lens attachment and took this shot of ants crawling in and out of a hole leading into their nest. Date taken is September 20, 2007."
n02219486_30060.JPEG,n02219486_30060,n02219486,ant,ant_bee,1,0,Red Ant power,Ant|macro|flower|jungle|forest|ibu|ibrahimmohd|ibumohd|Maldives|digitalimage|olympus|FE230/X790|OlympusFE230|TRIBE SANDHYA|Poetry and Pictures International|SuperbMasterpiece|SuperShot|ibuphotos.com|ibumohdphotos.com|ibuworks.com|Geotagging|Intrustingness|Unique Maldives|Maldiven|Travel|Tourism|ibuworks|Digital|photos|Adventure|ibu'sAdventure|Maldives ibu's Adventure|ibu's blog|ibusdiary|maldive|Geotagged|Maldives Holiday Destination|Holiday in Maldives Travel|Leisure|ibuphotography.com|shutter|ibrahim|ibphotography.com|Maldives photography|Maldives photographer|Maldivian Photography|Maldivian Photographer,47,"Wrinkled folds of elephant skin were painted golden yellow,  ivory tusks were encircled with ornate black,  sturdy teak wood seat was strapped to its body,  large fringe of hair grew on slender tail,  the elongated trunk had several corrugations,  scalp was abraded by uprooting tall tree structures,  the pachyderm marched through the wilderness,  crushing an armoury of shrub, dismantling bird house with caressing trunk,  bellowed exuberantly as the sky turned crimson,  added leaps to its stride with torrential rain,  carried passengers at towering heights from the ground,  there was a fleet of ants residing in cocoons of soil,  bustling with feverish activity,  transporting milligram amounts of food grain,  for relishing meals all throughout the day. the African beast trampled their den,  disrupting the harmony of their united network,  killing them in colossal numbers, sped haughtily for a good nights sleep. the ants wanted to teach him a lesson,  caught up with him, clung to his tail, foot,  occupied vantage points on his body,  finally inserting their venom stings on the hard skinned mammal,  causing him to collapse in a heap, displaying the supreme might of RED ANT POWER."
n02219486_30061.JPEG,n02219486_30061,n02219486,ant,ant_bee,1,0,Ant Attack,ant|bull-ant|dirt|ground|wood|garden|bug|insect|creepy-crawly|creepy|leaves|green|plant|bolt|gravel,15,"This one isn't quite focused right - it's on the dirt, not the ant, but he was moving so fast! I love the change in textures so I put it up."
n02219486_30063.JPEG,n02219486_30063,n02219486,ant,ant_bee,0,0,,,0,
n02219486_30070.JPEG,n02219486_30070,n02219486,ant,ant_bee,1,0,Ant wars #7,macro|bug|insect|ant|wars,5,Witnessed a battle between some red ants straying into black ant territory. Part of a series of 9 shots
n02219486_30071.JPEG,n02219486_30071,n02219486,ant,ant_bee,0,0,,,0,
n02219486_30078.JPEG,n02219486_30078,n02219486,ant,ant_bee,0,1,,,0,
n02219486_30081.JPEG,n02219486_30081,n02219486,ant,ant_bee,1,1,hey ant come back here,flower|bloem|bloom|fleur|white|rose|insect|ant|afinemes|creativephotographers|beautifulearth|fun,12,"didn't spot the little guy when I took the shot, he likely didn't spot me either"
n02219486_30083.JPEG,n02219486_30083,n02219486,ant,ant_bee,0,0,,,0,
n02219486_30086.JPEG,n02219486_30086,n02219486,ant,ant_bee,1,0,"Army ant soldier (Eciton sp), Panama",Panama|macro|nature|rainforest|insects|Hymenoptera|Formicidae|ants|army|ant|social|soldier,12,with impressive mandibles
n02219486_30088.JPEG,n02219486_30088,n02219486,ant,ant_bee,0,0,,,0,
n02219486_30099.JPEG,n02219486_30099,n02219486,ant,ant_bee,0,0,,,0,
n02219486_30101.JPEG,n02219486_30101,n02219486,ant,ant_bee,1,0,Ant,nature|ant|insects|AnAwesomeShot,4,"This ant was very large  -- for an ant, anyway,"
n02219486_30106.JPEG,n02219486_30106,n02219486,ant,ant_bee,0,0,,,0,
n02219486_30122.JPEG,n02219486_30122,n02219486,ant,ant_bee,1,0,breakfast time,orange|ants|insect|berkeley,4,ants eating a discarded orange
n02219486_30151.JPEG,n02219486_30151,n02219486,ant,ant_bee,0,0,,,0,
n02219486_30166.JPEG,n02219486_30166,n02219486,ant,ant_bee,0,0,,,0,
n02219486_30167.JPEG,n02219486_30167,n02219486,ant,ant_bee,1,1,Red ant black aphid series #5,macro|bug|insect|ant|aphid,5,"First time I've noticed red ants doing this (tending the flock of aphids) Instead of just swallowing it it seemed to signal to two other ants and shared it with them."
n02219486_30168.JPEG,n02219486_30168,n02219486,ant,ant_bee,0,0,,,0,
n02219486_30169.JPEG,n02219486_30169,n02219486,ant,ant_bee,0,0,,,0,
n02219486_30172.JPEG,n02219486_30172,n02219486,ant,ant_bee,1,0,Ants: Down the Long Stalk,nature|backyard|insects|ant|ants|plant|vine|macro,8,
n02219486_30176.JPEG,n02219486_30176,n02219486,ant,ant_bee,1,0,Ant wars #8,macro|bug|insect|ant|wars,5,There's two red ants pinned down here.
n02219486_30180.JPEG,n02219486_30180,n02219486,ant,ant_bee,1,0,Safari Ants - Roll Call!,africa|entebbe|botanical gardens|safari ants,4,"We came across several lines of safari ants in the botanical gardens, but luckily, they're easy to see against the clay.  The shoe is to give size perspective (they're pretty small)"
n02219486_30185.JPEG,n02219486_30185,n02219486,ant,ant_bee,0,0,,,0,
n02219486_30186.JPEG,n02219486_30186,n02219486,ant,ant_bee,0,0,,,0,
n02219486_30187.JPEG,n02219486_30187,n02219486,ant,ant_bee,1,0,Lunch time,Ant|Ants|OP's Photos|Animals|Bokeh|Bugs|Garden|Greenery|Green|Insects|Macro|Nature|nikonstunninggallery,13,"Its lunch time for the ant, its feeding on the little pests on the budding leaves of this plant.  Used a +10 close-up filter with my FujiFilm Finepix S7000 and shot from a distance of 1 inch at 210mm focal length (35mm equivalent). Shot the picture in RAW and did the post processing in Adobe Photoshop CS2."
n02219486_30190.JPEG,n02219486_30190,n02219486,ant,ant_bee,0,0,,,0,
n02219486_30200.JPEG,n02219486_30200,n02219486,ant,ant_bee,0,0,,,0,
n02219486_30209.JPEG,n02219486_30209,n02219486,ant,ant_bee,0,0,,,0,
n02219486_30211.JPEG,n02219486_30211,n02219486,ant,ant_bee,0,1,,,0,
n02219486_30212.JPEG,n02219486_30212,n02219486,ant,ant_bee,0,0,,,0,
n02219486_30217.JPEG,n02219486_30217,n02219486,ant,ant_bee,0,1,,,0,
n02219486_30226.JPEG,n02219486_30226,n02219486,ant,ant_bee,1,0,Ant liquefying a leaf,macro|insects|Insekten|ants|Ameisen|ZD,6,
n02219486_30243.JPEG,n02219486_30243,n02219486,ant,ant_bee,0,0,,,0,
n02219486_30247.JPEG,n02219486_30247,n02219486,ant,ant_bee,0,0,,,0,
n02219486_30252.JPEG,n02219486_30252,n02219486,ant,ant_bee,0,0,,,0,
n02219486_30260.JPEG,n02219486_30260,n02219486,ant,ant_bee,1,0,Ant Battle 5,Ants|Battle|june|1|2005|Columbus|Ohio|USA,8,Ever seen a mass of swarming ants?  Turns out it's an ant battle.  Stop and watch.  It's nature at work.
n02219486_30268.JPEG,n02219486_30268,n02219486,ant,ant_bee,0,0,,,0,
n02219486_30270.JPEG,n02219486_30270,n02219486,ant,ant_bee,0,0,,,0,
n02219486_30272.JPEG,n02219486_30272,n02219486,ant,ant_bee,0,0,,,0,
n02219486_30276.JPEG,n02219486_30276,n02219486,ant,ant_bee,1,1,White calla lily,flowers|garden|insects|ants|calla lily|calla|ginjersinterestingness|2005|June|2005-06,10,I loved the little ant on the tip of this one.  
n02219486_30280.JPEG,n02219486_30280,n02219486,ant,ant_bee,1,0,Ant antics - don't miss the details - zoom in,ant|animal|insect|SnapR|Canon|Digital Rebel XT|EOS 350D|EOS Kiss Digital N|kuwait|snap,10,An ant (against some specs of sugar at the left bottom corner)  <i>Shot with a Tamron SP AF 90mm F/2.8 Di lens.</i>
n02219486_30284.JPEG,n02219486_30284,n02219486,ant,ant_bee,0,0,,,0,
n02219486_30285.JPEG,n02219486_30285,n02219486,ant,ant_bee,0,1,,,0,
n02219486_30286.JPEG,n02219486_30286,n02219486,ant,ant_bee,1,0,All the little ants go marching,Nyack|NY|United States of America|ants|insects|bugs|fighting|bug|macro|insect|davidjschloss,11,"These guys were really going at it for a long time, sometimes rolled in a little fighting ball, sometimes whacking at each other. This was one of the calmer pincer-to-pincer moments. "
n02219486_30289.JPEG,n02219486_30289,n02219486,ant,ant_bee,1,0,"Hello, Mr. Ant",memorialday|macro|ant|finger|bug|insect,6,This little fellow seemed to be asleep...but it didn't take long to get him stirred up.
n02219486_3029.JPEG,n02219486_3029,n02219486,ant,ant_bee,0,0,,,0,
n02219486_30294.JPEG,n02219486_30294,n02219486,ant,ant_bee,1,0,ant @ mococa,ant|mococa|saúva|formiga rainha|bunda dourada,5,the journey of the queen.
n02219486_30295.JPEG,n02219486_30295,n02219486,ant,ant_bee,0,0,,,0,
n02219486_30307.JPEG,n02219486_30307,n02219486,ant,ant_bee,0,0,,,0,
n02219486_30313.JPEG,n02219486_30313,n02219486,ant,ant_bee,0,0,,,0,
n02219486_30338.JPEG,n02219486_30338,n02219486,ant,ant_bee,0,0,,,0,
n02219486_30347.JPEG,n02219486_30347,n02219486,ant,ant_bee,0,0,,,0,
n02219486_30348.JPEG,n02219486_30348,n02219486,ant,ant_bee,0,0,,,0,
n02219486_30350.JPEG,n02219486_30350,n02219486,ant,ant_bee,0,0,,,0,
n02219486_30351.JPEG,n02219486_30351,n02219486,ant,ant_bee,0,0,,,0,
n02219486_30352.JPEG,n02219486_30352,n02219486,ant,ant_bee,0,0,,,0,
n02219486_30362.JPEG,n02219486_30362,n02219486,ant,ant_bee,0,0,,,0,
n02219486_30365.JPEG,n02219486_30365,n02219486,ant,ant_bee,0,0,,,0,
n02219486_30368.JPEG,n02219486_30368,n02219486,ant,ant_bee,1,0,Ant Panic Macro: Evacuating the Larvae,ant|ants|bug|bugs|insect|insects|justpentax|larva|larvae|macro|nest|pentaxK10d|workers|cpjsm|f/18|1/180 sec|ISO200|A Series Lens|craigjewellphotography,19,"While moving a large treestump in our yard, I stripped off some bark to find a small ant nest underneath.  There were several thousand ants all looking after a couple of hundred larvae.  As soon as I lifted the bark, they started to evacuate the larvae into several holes in the tree stump. It only took a few minutes for them to get all the larvae into the safety of the trunk, but I managed to get a few shots with my VIvitar Series 1 105mm macro lens."
n02219486_30369.JPEG,n02219486_30369,n02219486,ant,ant_bee,1,0,Ants with French Fry,ants|french fries|insects|macro|macro mode,5,I found these guys lunching on a french fry on my way to the car.
n02219486_30378.JPEG,n02219486_30378,n02219486,ant,ant_bee,1,1,Ant approaching an Aphid farm,ant|black|aphids|sweetypoo|edge|leaf|giant bird of paradise plant|Macro Photo (No Limits),8,"The ladybug in the surrounding photos was most interested in the aphids. But so was the ant, who was harvesting the sweetness surrounding them. The ants didn't like the ladybug."
n02219486_30380.JPEG,n02219486_30380,n02219486,ant,ant_bee,1,1,Ant-Treehopper Mutualism 4,Ant|Treehopper|Macro|Bug|Insect|Nikon|D70|60mmF28dmicro|SB600|Bokeh,10,"There were 5-6 of these Ants tending these tree hoppers of different stages of development. The Treehoppers eat the Phloem from the plant and produce Honeydew, which the Ants eat. The Ants protect the Treehoppers, and keep them together, leading to higher survival rates for the Treehoppers. In this relationship sometimes even the plant benefits, as the Ants attack herbivores which would otherwise damage the plant.   This shot was taken at 2.4:1, only cropped in the horizontal direction. Ant body length ~ 9mm. Best viewed large."
n02219486_30390.JPEG,n02219486_30390,n02219486,ant,ant_bee,0,0,,,0,
n02219486_30392.JPEG,n02219486_30392,n02219486,ant,ant_bee,0,0,,,0,
n02219486_30393.JPEG,n02219486_30393,n02219486,ant,ant_bee,0,1,,,0,
n02219486_30396.JPEG,n02219486_30396,n02219486,ant,ant_bee,0,0,,,0,
n02219486_30402.JPEG,n02219486_30402,n02219486,ant,ant_bee,0,1,,,0,
n02219486_30403.JPEG,n02219486_30403,n02219486,ant,ant_bee,0,0,,,0,
n02219486_30405.JPEG,n02219486_30405,n02219486,ant,ant_bee,1,0,Marching Ants,Laos|Lao|PDR|Tad Se|Waterfall|Ants|Bamboo,7,There were lots of angry red ants marching along the numerous bamboo railings that guide the walkway across the Tad Se (a waterfall).  Couldn't resist sticking my camera up close. :P
n02219486_30406.JPEG,n02219486_30406,n02219486,ant,ant_bee,1,0,Feast Fit For An Ant,ants|caterpillar|food|dinner|hairy,5,Ants hard at work to put dinner on the &quot;table&quot;.
n02219486_30412.JPEG,n02219486_30412,n02219486,ant,ant_bee,1,1,1001 RED... ANTS,guam|ants|vibrant|work|red|green|flower|BOKEHSONICE!-OCTOBER|BOKEHSONICE!-OCTOBER2,9,"don't know the flower they're on but the ants are always on it. used extension tube to get this close, and the usual cropping.  VIEW LARGE:  <a href=""http://static.flickr.com/122/258432430_2fc36e04d5_o.jpg"" rel=""noreferrer nofollow"">RED ANTS</a>"
n02219486_30413.JPEG,n02219486_30413,n02219486,ant,ant_bee,0,1,,,0,
n02219486_30417.JPEG,n02219486_30417,n02219486,ant,ant_bee,0,1,,,0,
n02219486_30419.JPEG,n02219486_30419,n02219486,ant,ant_bee,0,0,,,0,
n02219486_30427.JPEG,n02219486_30427,n02219486,ant,ant_bee,0,0,,,0,
n02219486_30429.JPEG,n02219486_30429,n02219486,ant,ant_bee,0,0,,,0,
n02219486_30434.JPEG,n02219486_30434,n02219486,ant,ant_bee,0,0,,,0,
n02219486_30438.JPEG,n02219486_30438,n02219486,ant,ant_bee,0,0,,,0,
n02219486_30440.JPEG,n02219486_30440,n02219486,ant,ant_bee,1,1,Giant ant,ant|asia|indonesia|muara bungo|se asia|sumatra,6,"It's hard to determine its relative size from this photo, but this was the largest ant I'd ever seen until the following day when a thumb-sized ant showed up."
n02219486_30442.JPEG,n02219486_30442,n02219486,ant,ant_bee,1,0,Ant 0214,macro|insect|ant,3,
n02219486_30449.JPEG,n02219486_30449,n02219486,ant,ant_bee,0,0,,,0,
n02219486_30459.JPEG,n02219486_30459,n02219486,ant,ant_bee,1,0,Ants carrying a fly,ants|fly|Bogor|Indonesia|West Java,5,"I woke up in the middle of the night to use the bathroom, and found this group of ants carrying a fly up the wall."
n02219486_30462.JPEG,n02219486_30462,n02219486,ant,ant_bee,0,0,,,0,
n02219486_30466.JPEG,n02219486_30466,n02219486,ant,ant_bee,1,0,Overhead Ant Trail,ants|trail|bugs|insect|clothes line,5,There was a trail of ants on our clothes line.
n02219486_30468.JPEG,n02219486_30468,n02219486,ant,ant_bee,0,0,,,0,
n02219486_30472.JPEG,n02219486_30472,n02219486,ant,ant_bee,0,1,,,0,
n02219486_30477.JPEG,n02219486_30477,n02219486,ant,ant_bee,0,0,,,0,
n02219486_30481.JPEG,n02219486_30481,n02219486,ant,ant_bee,0,0,,,0,
n02219486_30483.JPEG,n02219486_30483,n02219486,ant,ant_bee,0,0,,,0,
n02219486_30487.JPEG,n02219486_30487,n02219486,ant,ant_bee,1,0,Mutant Ants!,nikon|d80|nikkor|ants|flowers|micro|macro|60mm f/2.8 Micro|60mmf2.8,9,Tiny flowers or giant ants?
n02219486_30488.JPEG,n02219486_30488,n02219486,ant,ant_bee,1,0,"Ants, goldbricking",ants|ant|antfarm|agar|antworks|keyboard,6,"Ants have, as it turns out, fairly weak keyboarding skills, as well as poor comprehension of basic computer usage.  Operating on instinct alone, though, they can do my job long enough to make me look pretty good to management."
n02219486_30492.JPEG,n02219486_30492,n02219486,ant,ant_bee,1,0,ant,insecte|insect|nature|animal|ant|bug|stone,7,
n02219486_30494.JPEG,n02219486_30494,n02219486,ant,ant_bee,0,0,,,0,
n02219486_30500.JPEG,n02219486_30500,n02219486,ant,ant_bee,1,1,ant_1,macro|bug|insect|ant,4,This is the shot I wanted comp wise-ants are also very fast-and 4:1 might have been a little aggressive.
n02219486_30502.JPEG,n02219486_30502,n02219486,ant,ant_bee,0,0,,,0,
n02219486_30507.JPEG,n02219486_30507,n02219486,ant,ant_bee,1,0,"Lantana Camara Flower, Ants and Caterpillar",Flora|Nature|Lydd|Flower|Flowers|Lantana|Pink|Worm|Green|Ants|Caterpillar|Plants|Lantana Camara|iloveit|Shrub Verbena|bfv-10|Trophy|MyWinners|Explore_20Oct06|Interestingness#116|Excellence|i500|ImpressedBeauty,23,"From now on, it won't be just edible shots  = )  _____________________________  This is taken in front of the church in Cheras (Malaysia) ...  now i know how small is a lantana plant ...  Among the 3, let me know which photo you like most ...  Have A Great Weekend !  __________________________________   Lantana is a genus of about 150 species of perennial flowering plants, native to tropical regions of the Americas and Africa. The species include both herbaceous plants and shrubs growing to 0.5-2 m tall.  Lantana's aromatic flower clusters are a mix of red and orange florets. Other colors exist as new varieties are being selected. Lantana camara flowers undergo colour change subsequent to anthesis. In the colour variant selected for the present study, pink buds, yellow newly-opened flowers and ageing orange, scarlet and magenta flowers are found in the same inflorescence. The flower pigments were chemically analysed and identified as delphinidin monoglucoside and ß-carotene.   Lantana berries are poisonous. Lantana flowers and berries are attractive to insects and birds.  They are widely cultivated for their flowers in tropical and subtropical environments and (as an annual plant) in temperate climates. In the tropics lantana is a non-stop bloomer. Some species are invasive, and are considered to be noxious weeds in southern Asia, southern Africa, and Australia, with there being specialised services that you can call in to remove the plants. In the United States, some Lantana species are now naturalized in the southeast, especially coastal regions of the Carolinas, Georgia, Florida, and the Gulf Coast where it is often known as &quot;ham and eggs&quot;. Lantana species are used as food plants by the larvae of hepialid moths of the genera Aenetus, including A. ligniveren and A. scotti, and Endoclita, including E. malabaricus. Other Lepidoptera whose larvae feed on Lantana include Hypercompe orsa and Setaceous Hebrew Character.  Most of the plants sold as lantana are either Lantana camara, Lantana montevidensis, or hybrids between the two. L. camara (syn. L. aculeata or L. armata) is the most common species in cultivation. Numerous cultivars of this species exist, including 'Irene', 'Christine' and 'Dallas Red' (all tall-growing cultivars) and several recently introduced shorter ones. The shorter cultivars may flower more prolifically than the taller ones. Lantana montevidensis is known as Trailing Lantana. The species gives blue (or white) flowers all year round. Its foliage is dark green and has a typical odor.  from : <a href=""http://en.wikipedia.org/wiki/Lantana"" rel=""noreferrer nofollow"">en.wikipedia.org/wiki/Lantana</a>  For more info on Lantana :  <a href=""http://www.sbs.utexas.edu/mbierner/bio406d/images/pics/vrb/lantana_camara.htm"" rel=""noreferrer nofollow"">www.sbs.utexas.edu/mbierner/bio406d/images/pics/vrb/lanta...</a> <a href=""http://www.issg.org/database/species/ecology.asp?si=56&amp;fr=1&amp;sts="" rel=""noreferrer nofollow"">www.issg.org/database/species/ecology.asp?si=56&amp;fr=1&amp;...</a> <a href=""http://www.floridata.com/ref/l/lant_c.cfm"" rel=""noreferrer nofollow"">www.floridata.com/ref/l/lant_c.cfm</a> <a href=""http://jxb.oxfordjournals.org/cgi/content/abstract/35/11/1656"" rel=""noreferrer nofollow"">jxb.oxfordjournals.org/cgi/content/abstract/35/11/1656</a>"
n02219486_30514.JPEG,n02219486_30514,n02219486,ant,ant_bee,1,0,Male Winged Ant (Polyrhachis sp.),tekai|camp|bug|idenburg|papua|west papua|irian jaya|nocturnal|Hymenoptera|ant|Polyrhachis,11,"Male Winged Ant (Polyrhachis sp.) at Tekai, Papua province, Indonesia"
n02219486_30515.JPEG,n02219486_30515,n02219486,ant,ant_bee,1,0,Red Ant Battle,hillcountry|texas|austin|canon5D|ants|redant,6,Two ants appear to be fighting outside their nest. 
n02219486_30518.JPEG,n02219486_30518,n02219486,ant,ant_bee,0,0,,,0,
n02219486_30520.JPEG,n02219486_30520,n02219486,ant,ant_bee,1,1,Intruder Alert!,snail|poinsettia|leaf|bug|nature|plant|ant|spider|BlueRibbonWinner|AnAwesomeShot|color|green|brown|insect|detail|macro|veins|red|spiral|intruder,20,"I was doing a photo shoot of this little snail on a poinsettia leaf, and this insect (ant? spider?) kept crawling back and forth all over my set! Sure enough, he was captured in one of the frames (he was moving so fast -- my camera setting couldn't get a focus on his head)."
n02219486_30521.JPEG,n02219486_30521,n02219486,ant,ant_bee,0,0,,,0,
n02219486_30532.JPEG,n02219486_30532,n02219486,ant,ant_bee,0,0,,,0,
n02219486_30536.JPEG,n02219486_30536,n02219486,ant,ant_bee,1,0,the ant's garbage pile,backyard|Wisconsin|nature|bugs|shell|wings|ant|june,8,Ants had collected June Bugs for food. The remains of the uneaten parts had been placed in a neat little pile on a niche of our Oak tree. I went back the next day and the pile was gone. Best viewed large.
n02219486_30545.JPEG,n02219486_30545,n02219486,ant,ant_bee,1,1,Ants at three times life size series 2-6,macro|nature|insect|ant|xti|100mm|400d|FlickrsBest|Canon|Dalantech|John Kimbler,11,"I set up <a href=""http://nocroppingzone.blogspot.com/2007/04/studio-macro.html"" rel=""noreferrer nofollow"">the studio</a> for another try at shooting ants.  Camera and lens: Canon Xti (manual mode f8, 1/200. ISO 100) + Tamron 2x teleconverter + extension tubes (25mm and 37mm) + Canon 100mm macro lens. Magnification is between 2.8 and 3.3 times life size.  Lighting: MR-14 EX set to a 4:1 ratio and -1/3 FEC. I set the MR-14's ratio control for a third channel and setup a 430EX flash with a Lumiquest Pocket Bouncer that had a gold reflector insert (to make the light &quot;warm&quot;). I set the 430EX to -2/3 FEC via the MR-14 and positioned it so that the bouncer was directly over the &quot;studio&quot;. "
n02219486_30546.JPEG,n02219486_30546,n02219486,ant,ant_bee,1,0,Ant,sungei buloh|red|ant|shadow,4,Red ant and its shadow
n02219486_30550.JPEG,n02219486_30550,n02219486,ant,ant_bee,0,0,,,0,
n02219486_30551.JPEG,n02219486_30551,n02219486,ant,ant_bee,0,0,,,0,
n02219486_30553.JPEG,n02219486_30553,n02219486,ant,ant_bee,0,0,,,0,
n02219486_30555.JPEG,n02219486_30555,n02219486,ant,ant_bee,0,0,,,0,
n02219486_30557.JPEG,n02219486_30557,n02219486,ant,ant_bee,0,0,,,0,
n02219486_30566.JPEG,n02219486_30566,n02219486,ant,ant_bee,0,0,,,0,
n02219486_30569.JPEG,n02219486_30569,n02219486,ant,ant_bee,0,0,,,0,
n02219486_30570.JPEG,n02219486_30570,n02219486,ant,ant_bee,1,1,Ant,insect|insects|bugs|bug|macro|ant|ants|nature|macros|SouthernBelladonna|Kim Murrell,11,These ants live on some of my rose bushes.  They have quite a bite!
n02219486_30571.JPEG,n02219486_30571,n02219486,ant,ant_bee,0,0,,,0,
n02219486_30577.JPEG,n02219486_30577,n02219486,ant,ant_bee,0,0,,,0,
n02219486_30583.JPEG,n02219486_30583,n02219486,ant,ant_bee,1,0,Red ant,red ant,1,I found him getting ripped at by a few mini black ants
n02219486_30609.JPEG,n02219486_30609,n02219486,ant,ant_bee,0,0,,,0,
n02219486_30613.JPEG,n02219486_30613,n02219486,ant,ant_bee,0,0,,,0,
n02219486_30614.JPEG,n02219486_30614,n02219486,ant,ant_bee,1,1,Ant,7d|minolta|macro|bug|ant|insect,6,
n02219486_30616.JPEG,n02219486_30616,n02219486,ant,ant_bee,0,0,,,0,
n02219486_30625.JPEG,n02219486_30625,n02219486,ant,ant_bee,0,0,,,0,
n02219486_30632.JPEG,n02219486_30632,n02219486,ant,ant_bee,0,0,,,0,
n02219486_30634.JPEG,n02219486_30634,n02219486,ant,ant_bee,0,1,,,0,
n02219486_30636.JPEG,n02219486_30636,n02219486,ant,ant_bee,1,0,Black ant,S5|IS|S5IS|Canon|flower|macro|ant|nature|*nature* outpost|ImpressedBeauty|The Perfect Photographer|NaturesFinest,12,
n02219486_30637.JPEG,n02219486_30637,n02219486,ant,ant_bee,1,0,Ants again,ants|insects|flower|yellow|colour|sky|blue,7,
n02219486_30638.JPEG,n02219486_30638,n02219486,ant,ant_bee,0,0,,,0,
n02219486_30642.JPEG,n02219486_30642,n02219486,ant,ant_bee,0,1,,,0,
n02219486_30647.JPEG,n02219486_30647,n02219486,ant,ant_bee,0,0,,,0,
n02219486_30653.JPEG,n02219486_30653,n02219486,ant,ant_bee,1,1,ant carrying myxomycete,ant|slime.mold|myxomycota|myxomycete|myxomycetes|arcyria|hemitrichia|hemitrichia.calyculata,8,just happened to catch this ant carrying a piece of Arcyria slime mold.  the patch of Arcyria was just to the left of the frame. the yellow myxomycetes near the ant are Hemitrichia calyculata. 
n02219486_30669.JPEG,n02219486_30669,n02219486,ant,ant_bee,1,0,giant furry ant,ant|giant ant|giant furry ant|ants of illinois|insect,5,"what is it?????  Giant ant (?), about an inch long, Southern Illinois, September 23, 2007."
n02219486_30675.JPEG,n02219486_30675,n02219486,ant,ant_bee,0,0,,,0,
n02219486_30676.JPEG,n02219486_30676,n02219486,ant,ant_bee,1,1,Green Ants,Green Ants|macro|Darwin|project 365|January|2008|ants|insects|Australia,9,Little green ants have the same amount of vitamin C as 20 oranges. You Need to lick their Bums to get the vit C!!!  They are everywhere in Darwin.  They love to Bite me!  Day 3 of Project 365 Day was a wet and rainy Darwin day. In the late afternoon we finally got a dry patch so i took my son down to the playground so he could burn off all that 17 month old energy he has in abundance . I only had the point and shoot for the first part of the adventure Grant had nicked the SLR for the afternoon. We saw some fantastic frilled neck lizards as we walked into the park. Unfortunately the point and shoot had reset itself and was on the lowest possible setting grrrrr . Ive been trying to get a shot of the lizards for yonks but something always happens lol. Anyways later grant arrived with the SLR i went back to find the lizards but they had all disappeared :(  I got this shot of the ants tho. i took 64 photos and this was the only one of them that turned out... they move so quick!
n02219486_30677.JPEG,n02219486_30677,n02219486,ant,ant_bee,0,0,,,0,
n02219486_30681.JPEG,n02219486_30681,n02219486,ant,ant_bee,1,0,lomo ant,OLYMPUS|e500|insect|macro|nikkon|vivitar|ant|vivid|your macro world|Macro Photos (NO LIMITS)​,10,E500 + vivitar macro 1:2.8 55mm nikkon mount + 30mm. tube
n02219486_30685.JPEG,n02219486_30685,n02219486,ant,ant_bee,0,0,,,0,
n02219486_30693.JPEG,n02219486_30693,n02219486,ant,ant_bee,1,0,Ant,ant|close|up|Stephen|Kole,5,Ant Close up
n02219486_30701.JPEG,n02219486_30701,n02219486,ant,ant_bee,1,0,Ants,Sierra Nevada|Yosemite National Park|ant|insect|macro|California|national park,7,"If you look at the <a href=""http://flickr.com/photo_zoom.gne?id=28847243&amp;size=o"">original size</a> you can see the ant in the middle looks like he's about to bite the other ant in half. Of course, that guy is already missing his bottom half."
n02219486_30703.JPEG,n02219486_30703,n02219486,ant,ant_bee,0,0,,,0,
n02219486_30704.JPEG,n02219486_30704,n02219486,ant,ant_bee,1,0,Peony c ants,Garden O7|peony|ant|ants,4,My understanding is the ants actually help the peony buds open  somehow by eating away the sap or whatever keeps them closed. 
n02219486_30705.JPEG,n02219486_30705,n02219486,ant,ant_bee,0,0,,,0,
n02219486_30706.JPEG,n02219486_30706,n02219486,ant,ant_bee,0,0,,,0,
n02219486_30709.JPEG,n02219486_30709,n02219486,ant,ant_bee,1,0,Luminescent Ants,canon|A610|canvey|essex|up|purple|insect|ant|macro,9,
n02219486_30719.JPEG,n02219486_30719,n02219486,ant,ant_bee,1,0,Thatching Ants - Formica obscuripes,North Seatac Park|Seatac|King County|WA|Washington|United States|North America|taxonomy:kingdom=Animalia|Animalia|Animal|Invertebrate|taxonomy:phylum=Arthropoda|Arthropoda|taxonomy:class=Insecta|Insecta|Insect|Pterygota|taxonomy:order=Hymenoptera|Hymenoptera|taxonomy:superfamily=Vespoidea|Vespoidea|taxonomy:family=Formicinae|Formicinae|taxonomy:genus=Formica|Formica|Thatching Ant|large|red head|swarming|biting|under conifer tree|June|2007|Arthropod|black|taxonomy:species=obscuripes|taxonomy:binomial=Formica obscuripes|Formica obscuripes,38,"6/16/07 North Seatac Park, Seatac, Washington, U.S.A. <i>Formica obscuripes</i> Found under a conifer tree in the park. Kingdom: Animalia (Animals) Phylum: Arthropoda (Arthropods) Superclass: Hexapoda (Hexapods) Class: Insecta (Insects) Subclass: Pterygota (Winged Insects) Order: Hymenoptera (Ants, Bees, Wasps &amp; Sawflies) Superfamily: Vespoidea Family: Formicidae (Ants) Subfamily: Formicinae Genus: <i>Formica</i> (<i>rufa</i> group) Species: <i>obscuripes</i> (<i>Formica obscuripes</i>)"
n02219486_30732.JPEG,n02219486_30732,n02219486,ant,ant_bee,0,1,,,0,
n02219486_30741.JPEG,n02219486_30741,n02219486,ant,ant_bee,1,0,2nd series of red ant black aphid shots #3,macro|bug|insect|ant|aphid,5,One of the ants has a honeydew drop
n02219486_30742.JPEG,n02219486_30742,n02219486,ant,ant_bee,0,0,,,0,
n02219486_30743.JPEG,n02219486_30743,n02219486,ant,ant_bee,1,0,Velvet Ant #2,Wasp|Velvet|Ant|red|macro|insect|bug,7,
n02219486_30745.JPEG,n02219486_30745,n02219486,ant,ant_bee,1,0,Ant,flower|ant|insect|bokeh|bokehwhores|catchycolors|17-55mm f/2.8G,7,
n02219486_30746.JPEG,n02219486_30746,n02219486,ant,ant_bee,1,0,Lots O' Ants,ant|ants|insects|bugs|group|ground|sidewalk|plant,8,"April 13th, 2007."
n02219486_30750.JPEG,n02219486_30750,n02219486,ant,ant_bee,0,0,,,0,
n02219486_30757.JPEG,n02219486_30757,n02219486,ant,ant_bee,1,1,An Exploration of Hibiscus,blossom|wet|drop|water|macro|flower|ant|insect,8,Camera shy ant.
n02219486_30761.JPEG,n02219486_30761,n02219486,ant,ant_bee,1,1,ANT,ant,1,this ant lives inside that thorn
n02219486_30763.JPEG,n02219486_30763,n02219486,ant,ant_bee,1,1,Ant I ain't I want to be a Bee,Daisy|Ant|Bee|Poem|September|Toronto|Canada|Rural|Ontario|Tomitheos|Flickr|Today|Daily|Now|2007|Poems Poetry Lyrics|Photograph with a Poem|Songs to Pics|Stock Photography|Griffin Poetry Prize|Φωτογραφία|Wonderful world of flowers,22,"  I live in the ground cracks,    I call it my place.    But if you let me in..    I will roam through your space;    Trying not to be seen    ..for too long,   Even though I am very very strong.    If some food comes about..   I will save it for winter    -before it dries out!   The truth is I just want to fly and be free..   Having no fears,    Being full of glee.   ..My secret?   I just want to be a yellow striped Honey-Bee!   <b>Fun Facts:</b>  An ant can lift 50 times its own weight.  There are 1 million ants for every person in the world.  ."
n02219486_30768.JPEG,n02219486_30768,n02219486,ant,ant_bee,0,0,,,0,
n02219486_30770.JPEG,n02219486_30770,n02219486,ant,ant_bee,0,0,,,0,
n02219486_30773.JPEG,n02219486_30773,n02219486,ant,ant_bee,0,0,,,0,
n02219486_30774.JPEG,n02219486_30774,n02219486,ant,ant_bee,0,0,,,0,
n02219486_30777.JPEG,n02219486_30777,n02219486,ant,ant_bee,1,0,"An Ant, Among Bathers",ants|ant|antfarm|agar|antworks,5,"The ants have been incredibly inactive lately, gathering atop the agar more or less around the clock.  They seem to be cleaning each other; an ant will move its mouth along each leg of another ant.  Hard to see what, if anything, they're removing, but it's probably instinctive cleaning off of fungus that ants sometimes get.  The agar's supposed to treat them for that, and there are no signs of mold in there."
n02219486_30778.JPEG,n02219486_30778,n02219486,ant,ant_bee,0,0,,,0,
n02219486_30779.JPEG,n02219486_30779,n02219486,ant,ant_bee,0,0,,,0,
n02219486_30780.JPEG,n02219486_30780,n02219486,ant,ant_bee,0,0,,,0,
n02219486_30785.JPEG,n02219486_30785,n02219486,ant,ant_bee,0,0,,,0,
n02219486_30790.JPEG,n02219486_30790,n02219486,ant,ant_bee,0,0,,,0,
n02219486_30804.JPEG,n02219486_30804,n02219486,ant,ant_bee,1,0,Ants on peonie flower bud in the GLL yard,pink|garden|ants|insects|peonies|flower|buds|house|Edmonton|favourite,10,"The ants have an instrumental process in making removing the sap from the flower bud, as I found out. But it looks to me like they've landed on the &quot;Little Prince&quot; planet!"
n02219486_30805.JPEG,n02219486_30805,n02219486,ant,ant_bee,0,0,,,0,
n02219486_30806.JPEG,n02219486_30806,n02219486,ant,ant_bee,0,0,,,0,
n02219486_30814.JPEG,n02219486_30814,n02219486,ant,ant_bee,1,0,Longan Flower w Ants,longan|ants|dimocarpus|pollination,4,I was trying to learn how to artificially pollinate my garden's longan (Dimocarpus longan) when I noticed ants crawling around the flowers. Really hope they are getting the job done. 
n02219486_30815.JPEG,n02219486_30815,n02219486,ant,ant_bee,0,0,,,0,
n02219486_30818.JPEG,n02219486_30818,n02219486,ant,ant_bee,1,0,lonely ant,leaf|green|insect|ant|coveman,5,
n02219486_30819.JPEG,n02219486_30819,n02219486,ant,ant_bee,0,1,,,0,
n02219486_30820.JPEG,n02219486_30820,n02219486,ant,ant_bee,0,0,,,0,
n02219486_30822.JPEG,n02219486_30822,n02219486,ant,ant_bee,1,1,Flower Ant,Flower|Ant|Insect|Macro|Pink,5,This flower has ants in its pants
n02219486_30824.JPEG,n02219486_30824,n02219486,ant,ant_bee,1,0,ant,ant|macro|olympus C5050Z,3,I am amazed that I got most of this ant in focus ... even if it was its bottom!!!
n02219486_30825.JPEG,n02219486_30825,n02219486,ant,ant_bee,1,0,Giant Ant,mexico|curenavaca|ant|insect|bugs|mexico city,6,Compare the ant to the size of the grout line.  This thing was a monster!
n02219486_30846.JPEG,n02219486_30846,n02219486,ant,ant_bee,0,0,,,0,
n02219486_30849.JPEG,n02219486_30849,n02219486,ant,ant_bee,0,0,,,0,
n02219486_30850.JPEG,n02219486_30850,n02219486,ant,ant_bee,0,0,,,0,
n02219486_30852.JPEG,n02219486_30852,n02219486,ant,ant_bee,0,0,,,0,
n02219486_30856.JPEG,n02219486_30856,n02219486,ant,ant_bee,1,0,Ant Guard!,macro|ants|insects|ilovenature|leaves,5,Flank Security for Marching Column
n02219486_30857.JPEG,n02219486_30857,n02219486,ant,ant_bee,0,0,,,0,
n02219486_30858.JPEG,n02219486_30858,n02219486,ant,ant_bee,1,0,Ant,insect|bug|ant|tiny|macro,5,
n02219486_30860.JPEG,n02219486_30860,n02219486,ant,ant_bee,1,0,Ant,"Flower|Ant|Rosemont|circular polarizer|nikonstunninggallery|yellow|yellowtata|ALbany, NY|IS-SA",9,"An ant on a flower by the side of my house. Ok, so the picture really is about the flower, but the little bug is just so lonely in there. Plus, I take *lots* of flower pictures! :) I like the shadow in the flower, and the lack of glare. Thank *you* circular polarizer!"
n02219486_30867.JPEG,n02219486_30867,n02219486,ant,ant_bee,1,1,Ant,holte|denmark|macro|ant|tree|nature|forest,7,
n02219486_30869.JPEG,n02219486_30869,n02219486,ant,ant_bee,0,1,,,0,
n02219486_3087.JPEG,n02219486_3087,n02219486,ant,ant_bee,0,0,,,0,
n02219486_30874.JPEG,n02219486_30874,n02219486,ant,ant_bee,0,0,,,0,
n02219486_30875.JPEG,n02219486_30875,n02219486,ant,ant_bee,1,0,Ant on a Flower,macro|ant|kenko|extension|tube|insect|canon|rebel xt|50mm|Strelitzia Reginae|Bird of Paradise,11,Taken with Kenko extension tubes and Canon 50mm f/1.8
n02219486_30876.JPEG,n02219486_30876,n02219486,ant,ant_bee,0,0,,,0,
n02219486_30879.JPEG,n02219486_30879,n02219486,ant,ant_bee,0,1,,,0,
n02219486_30882.JPEG,n02219486_30882,n02219486,ant,ant_bee,0,0,,,0,
n02219486_30891.JPEG,n02219486_30891,n02219486,ant,ant_bee,0,0,,,0,
n02219486_30894.JPEG,n02219486_30894,n02219486,ant,ant_bee,1,1,Travelling Ants,ants|travelling|insect|nature|insects|macro|s5is|canon|s5|raynox|dcr250|dcr|250|park|green|grass|garden|Malaysia|Kuala|Lumpur|Selayang|small|black|leaf,24,
n02219486_30895.JPEG,n02219486_30895,n02219486,ant,ant_bee,1,0,Holiday Visitors At Home,Washington DC|flora|fall|autumn|cool weather|US National Arboretum|National Arboretum|color|colors|November|2007|insects|holiday guests|we've got company|visiting for a spell|petals|flower|pink|yellow|ants|and more ants|vivid,22,"How many houseguest ants can you find???  Place: US National Arboretum  Location: Washington, DC, US"
n02219486_3097.JPEG,n02219486_3097,n02219486,ant,ant_bee,0,0,,,0,
n02219486_3194.JPEG,n02219486_3194,n02219486,ant,ant_bee,0,0,,,0,
n02219486_3286.JPEG,n02219486_3286,n02219486,ant,ant_bee,1,0,Ant,boston|bug|ant|macro|insect|winner|thumbsupwinner|ThumbsUp,8,
n02219486_3300.JPEG,n02219486_3300,n02219486,ant,ant_bee,0,0,,,0,
n02219486_3312.JPEG,n02219486_3312,n02219486,ant,ant_bee,0,1,,,0,
n02219486_3351.JPEG,n02219486_3351,n02219486,ant,ant_bee,0,0,,,0,
n02219486_3355.JPEG,n02219486_3355,n02219486,ant,ant_bee,0,0,,,0,
n02219486_3396.JPEG,n02219486_3396,n02219486,ant,ant_bee,0,1,,,0,
n02219486_342.JPEG,n02219486_342,n02219486,ant,ant_bee,0,0,,,0,
n02219486_3432.JPEG,n02219486_3432,n02219486,ant,ant_bee,1,0,Ants came in the mail today,ants|hands|amber|vial,4,They weren't frozen like the manual said they might be. These harvester ants came from Rock-N-Reptile in Nevada.
n02219486_3506.JPEG,n02219486_3506,n02219486,ant,ant_bee,0,0,,,0,
n02219486_3572.JPEG,n02219486_3572,n02219486,ant,ant_bee,1,0,Leafcutters at work,wales|wales holiday|insects|ants|leafcutter,5,"The little ants riding the leaves are actually riding shotgun! I'm told that they defend the ants against other predatory insects.  Taken at the Felinwynt Rain Forest Centre"
n02219486_3581.JPEG,n02219486_3581,n02219486,ant,ant_bee,0,0,,,0,
n02219486_3723.JPEG,n02219486_3723,n02219486,ant,ant_bee,0,0,,,0,
n02219486_3873.JPEG,n02219486_3873,n02219486,ant,ant_bee,0,0,,,0,
n02219486_3901.JPEG,n02219486_3901,n02219486,ant,ant_bee,1,0,Ants were on many of the purple loosestrife,2006|June|insects|ants|macro|wetland|purple loosestrife|Lythrum salicaria,8,-is that an aphid near the top ant?
n02219486_3909.JPEG,n02219486_3909,n02219486,ant,ant_bee,0,0,,,0,
n02219486_3929.JPEG,n02219486_3929,n02219486,ant,ant_bee,0,0,,,0,
n02219486_3932.JPEG,n02219486_3932,n02219486,ant,ant_bee,1,0,Ant,williams road|briar hill|melbourne|victoria|australia|morning walk|ant|insect,8,"Unlike, <a href=""http://www.flickr.com/photos/johncarney/100710248"">Mantis</a>, I don't know of any folkloric tales regarding this guy. I'm sure the Australian Aborigines have plenty - I just don't know them.  This guy was about 3cm (1.5&quot;) long and really difficult to capture - he just wouldn't stand still."
n02219486_397.JPEG,n02219486_397,n02219486,ant,ant_bee,1,0,Busy Ants,insect|bug|ant|Camponotus|carpenter ant|macro|BuzzNBugz,7,Took this photo last Friday.  These rather large ants (estimate 1 to 1.3 cm) were attending to these brown patches on the broad leaves of a plant.  Anyone know if this is some type of Camponotus?  
n02219486_3984.JPEG,n02219486_3984,n02219486,ant,ant_bee,0,0,,,0,
n02219486_4053.JPEG,n02219486_4053,n02219486,ant,ant_bee,0,0,,,0,
n02219486_4108.JPEG,n02219486_4108,n02219486,ant,ant_bee,0,0,,,0,
n02219486_4272.JPEG,n02219486_4272,n02219486,ant,ant_bee,1,1,Ant Panic Macro: Evacuating the Larvae,ant|ants|bug|bugs|insect|insects|justpentax|larva|larvae|macro|nest|pentaxK10d|workers|cpjsm|f/18|1/180 sec|ISO200|A Series Lens|craigjewellphotography,19,"While moving a large treestump in our yard, I stripped off some bark to find a small ant nest underneath.  There were several thousand ants all looking after a couple of hundred larvae.  As soon as I lifted the bark, they started to evacuate the larvae into several holes in the tree stump. It only took a few minutes for them to get all the larvae into the safety of the trunk, but I managed to get a few shots with my VIvitar Series 1 105mm macro lens."
n02219486_4331.JPEG,n02219486_4331,n02219486,ant,ant_bee,1,1,Ant on the floor's facing me.,Ant|Ant on the floor|Tiles|Olympus|FE240|X795,6,"I found an ant wandering around on the floor the other day and decided to take its pictures.  After the camera flashed several times, the ant faced me, and I took another picture.  Picture taken on September 21, 2007.  Olympus FE-240."
n02219486_438.JPEG,n02219486_438,n02219486,ant,ant_bee,0,0,,,0,
n02219486_4380.JPEG,n02219486_4380,n02219486,ant,ant_bee,0,1,,,0,
n02219486_4421.JPEG,n02219486_4421,n02219486,ant,ant_bee,0,0,,,0,
n02219486_4437.JPEG,n02219486_4437,n02219486,ant,ant_bee,1,1,Ant IMG_0082,Black|Ant|Flowers,3,Black ant walking on flowers.
n02219486_4494.JPEG,n02219486_4494,n02219486,ant,ant_bee,0,0,,,0,
n02219486_4515.JPEG,n02219486_4515,n02219486,ant,ant_bee,1,1,Ant,Ant|Nikon|D70s|Reverse Lens Canon FD 24mm 1:2.8 S.S.C|BR2A|SB600|Tung Chung|Lantau Island|Hong Kong|Kenko Ext Tube 36mm|MegaShot|BRAVO|AnimalKingdomElite|SpecInsect|MacroMarvels,15,"4.1X Lifesize. Reverse Lens Canon FD 24 mm 1:2.8 S.S.C  + Step Down Ring 55-52 + Br2A + Ext Tube 36mm + Nikon D70s, handheld. ISO 400. F/16, SB600 Wireless Mode + Home made diffuser, Headlamp for focusing <a href=""http://www.bighugelabs.com/flickr/onblack.php?id=1348382137&amp;size=large"" rel=""noreferrer nofollow"">View Large On Black</a>"
n02219486_4596.JPEG,n02219486_4596,n02219486,ant,ant_bee,1,0,Southern Wood Ant (Formica rufa) #7,insect|macro|ant|Southern Wood Ant|Formica rufa|DiamondClassPhotographer|flickrdiamond|BuzzNBugz|That'sBostin,9,A busy day in ant city.
n02219486_470.JPEG,n02219486_470,n02219486,ant,ant_bee,0,1,,,0,
n02219486_4730.JPEG,n02219486_4730,n02219486,ant,ant_bee,0,0,,,0,
n02219486_4739.JPEG,n02219486_4739,n02219486,ant,ant_bee,1,1,An Ant for Objecthoags ...,Backyard Photography|Brisbane|South East Queensland|bug|bokeh|ant|macro|abigfave|FlickrElite,9,"Some weeks ago I was telling <a href=""http://www.flickr.com/photos/objecthoags/"">Objecthoags</a> about my intention of putting a macro filter on the front of the macro lens. He wondered what the effect would be ... so here it is :) b.t.w for some scale, the ant is actually 3mm long and is attempting to herd some sort of aphid type bug. <i>Equipment used: Canon 30D; Sigma 70mm macro lens: Tamron 1.4x teleconverter; Hoya 4x macro filter, tripod and fill-flash.</i>"
n02219486_4773.JPEG,n02219486_4773,n02219486,ant,ant_bee,1,1,ANT FIGHT!,ixus|macro|insect|ant|fight,5,
n02219486_4780.JPEG,n02219486_4780,n02219486,ant,ant_bee,1,0,Busy Ants,insects|ants|bangkok|thailand|travel,5,
n02219486_4842.JPEG,n02219486_4842,n02219486,ant,ant_bee,1,1,Ants at three times life size series 2-1,macro|nature|insect|ant|xti|100mm|400d|Canon|Outstanding|Shots|APlusPhoto|Dalantech|John Kimbler,13,"I set up <a href=""http://nocroppingzone.blogspot.com/2007/04/studio-macro.html"" rel=""noreferrer nofollow"">the studio</a> for another try at shooting ants.  Camera and lens: Canon Xti (manual mode f8, 1/200. ISO 100) + Tamron 2x teleconverter + extension tubes (25mm and 37mm) + Canon 100mm macro lens. Magnification is between 2.8 and 3.3 times life size.  Lighting: MR-14 EX set to a 4:1 ratio and -1/3 FEC. I set the MR-14's ratio control for a third channel and setup a 430EX flash with a Lumiquest Pocket Bouncer that had a gold reflector insert (to make the light &quot;warm&quot;). I set the 430EX to -2/3 FEC via the MR-14 and positioned it so that the bouncer was directly over the &quot;studio&quot;. "
n02219486_486.JPEG,n02219486_486,n02219486,ant,ant_bee,1,0,upside down ant,ixus|macro|ant|insect,4,
n02219486_4870.JPEG,n02219486_4870,n02219486,ant,ant_bee,0,0,,,0,
n02219486_4943.JPEG,n02219486_4943,n02219486,ant,ant_bee,0,0,,,0,
n02219486_4970.JPEG,n02219486_4970,n02219486,ant,ant_bee,1,1,Ant milking a scale,insects|Insekten|Ameise|ant|Schildlaus|scale|ZD,7,
n02219486_5034.JPEG,n02219486_5034,n02219486,ant,ant_bee,0,0,,,0,
n02219486_5044.JPEG,n02219486_5044,n02219486,ant,ant_bee,1,0,Ant cabaret performer,Betolandia|Hormiga|Cabaret|Ant|ants|fourmi|formiche|l love my pic|BuzzNBugz|SusanaGrimaldiSheridan|copyright|Did you know that it is illegal to steal pictures?|ROBAR-fotos-es|ilegal,14,Hormiga bailarina 
n02219486_5109.JPEG,n02219486_5109,n02219486,ant,ant_bee,1,1,Black Ant in Tucson,black ant|ant|entomology|macro|Tucson|Arizona,6,"This is a typical black ant found in Tucson, Arizona."
n02219486_5169.JPEG,n02219486_5169,n02219486,ant,ant_bee,0,0,,,0,
n02219486_5182.JPEG,n02219486_5182,n02219486,ant,ant_bee,0,0,,,0,
n02219486_520.JPEG,n02219486_520,n02219486,ant,ant_bee,1,1,Ants,Insect|Ants,2,
n02219486_526.JPEG,n02219486_526,n02219486,ant,ant_bee,1,1,Ant & Sugar Cube 1,ant|sugarcube|modelling|macro,4,"Planned to capture ant in frame, but all in vain. Her speed  for macro was high. What could ve been better than a sugar cube... she couldn't resist :).... there she is...trying to take complete cube with her.. and i got the chance, i wanted :) !!!"
n02219486_5337.JPEG,n02219486_5337,n02219486,ant,ant_bee,1,1,Fireant with Aphids,insects|macro|weird|bug|ant|aphid,6,These guys look like old men with wrinkled heads! 
n02219486_5359.JPEG,n02219486_5359,n02219486,ant,ant_bee,1,1,Aunt... I mean Ant,insect|ant,2,
n02219486_5360.JPEG,n02219486_5360,n02219486,ant,ant_bee,0,1,,,0,
n02219486_5364.JPEG,n02219486_5364,n02219486,ant,ant_bee,0,0,,,0,
n02219486_5373.JPEG,n02219486_5373,n02219486,ant,ant_bee,0,0,,,0,
n02219486_5453.JPEG,n02219486_5453,n02219486,ant,ant_bee,0,0,,,0,
n02219486_5494.JPEG,n02219486_5494,n02219486,ant,ant_bee,1,1,Ant,Formica|ant|closeup|macro|meal|aphid|riandreu,7,The meal of ant !
n02219486_5542.JPEG,n02219486_5542,n02219486,ant,ant_bee,1,1,Lonely Ant,Nature|Outdoors|Flower|Ant,4,What's up Mr. Ant?!
n02219486_5549.JPEG,n02219486_5549,n02219486,ant,ant_bee,1,1,Ant Ant,ant|macro|omaha,3,Ant a two
n02219486_5568.JPEG,n02219486_5568,n02219486,ant,ant_bee,0,0,,,0,
n02219486_5704.JPEG,n02219486_5704,n02219486,ant,ant_bee,0,0,,,0,
n02219486_5780.JPEG,n02219486_5780,n02219486,ant,ant_bee,0,0,,,0,
n02219486_5933.JPEG,n02219486_5933,n02219486,ant,ant_bee,1,0,Ants,Panguana|Peru|Amazon|ants|aphids|mutualism,6,"These are some big ants that tended some aphids that lived on these big rock-hard fruits. The big, winged aphids (if that's what they were) looked exactly like ant abdomens!    Freaky! I thought they were disembodied ant butts at first.  Must be ant butt mimics!"
n02219486_5969.JPEG,n02219486_5969,n02219486,ant,ant_bee,0,0,,,0,
n02219486_6024.JPEG,n02219486_6024,n02219486,ant,ant_bee,1,1,Ants on a bamboo stalk,macro|ants|nature|fleur|fleurs|flower|flowers|insecte|insect|animal|Unlimited Photos|Axel Buhrmann|buhrmann|Bührmann|10millionphotos|tenmillionphotos|Axel Bührmann,17,"OK, so I'm fascinated by these little ants."
n02219486_616.JPEG,n02219486_616,n02219486,ant,ant_bee,1,1,golden ant,Tree|bark|wood|insect|ant|nature|brown|golden|wooden|sydney|pentax|istdl|Macro|penrith|Bug|bugs|flickr|black|native|bush|land|national|park|NSW|new|south|wales|animal,28,
n02219486_6171.JPEG,n02219486_6171,n02219486,ant,ant_bee,0,0,,,0,
n02219486_6216.JPEG,n02219486_6216,n02219486,ant,ant_bee,0,0,,,0,
n02219486_6222.JPEG,n02219486_6222,n02219486,ant,ant_bee,1,1,Centaurea montana 'Mountain Bluet',My Yard|Calgary|Alberta|Canada|Centaurea montana|Centaurea|Mountain Bluet|'flower|bud red|Ant|insect|Asteraceae,12,"Flower bud and Red Ant, Composite Family , Asteraceae, P8252983bib"
n02219486_6299.JPEG,n02219486_6299,n02219486,ant,ant_bee,1,0,peony-attracts-ants,botanical garden|flower|macro|peony|ant|insect,6,"Several of the peonies had attracted all sorts of ants. There's an old wives' tale that the peony needs the ants to open, but apparently that's not true. They do secrete a substance that attracts ants while opening, but nobody knows why."
n02219486_6347.JPEG,n02219486_6347,n02219486,ant,ant_bee,1,0,ant (13),ant|insect,2,
n02219486_6475.JPEG,n02219486_6475,n02219486,ant,ant_bee,1,1,SecretLifeOfAnts,Digital Rebel|Canon 60mm macro|ant|ants|bugs|insects|macro|Canon EOS 300D,8,
n02219486_6505.JPEG,n02219486_6505,n02219486,ant,ant_bee,0,0,,,0,
n02219486_665.JPEG,n02219486_665,n02219486,ant,ant_bee,1,1,Ant_On_Sajesh_Head,Ant|sajesh|Pandavan|para|kerala|ashok|nikond40x|d40x|18-55mm|chengannur|18-55 WOW,11,Thala kee mukalil oru cap unde athu mention cheyan vittu poyee...  Sorry jaya sorry!!!
n02219486_6723.JPEG,n02219486_6723,n02219486,ant,ant_bee,1,0,Fire Ant???,ant,1,"I hope this isn't a fire ant!  He spotted me, and immediately reared up into the attack position. I was tempted to squish him, but I don't find that pleasurable anymore these days.  Seen on the Cotters Lake path (Wilsons Promontory)  Oh, and you can make out my reflection on his butt :-)"
n02219486_6750.JPEG,n02219486_6750,n02219486,ant,ant_bee,1,0,Ants Versus Banana,ants|versus|banana,3,Holy craps. Ants devouring a dang banana. Yeah!
n02219486_677.JPEG,n02219486_677,n02219486,ant,ant_bee,1,1,Sugar Ant on leaf,Ants|sugar ant|insects,3,Just chillin'
n02219486_6826.JPEG,n02219486_6826,n02219486,ant,ant_bee,1,1,Small black ant probably (Lasius Niger)2,nature|animals|insects|ant|ants|macro|bug|closeup,8,Technically not a good shot!  But I like it!!!
n02219486_6844.JPEG,n02219486_6844,n02219486,ant,ant_bee,0,1,,,0,
n02219486_6905.JPEG,n02219486_6905,n02219486,ant,ant_bee,0,1,,,0,
n02219486_7061.JPEG,n02219486_7061,n02219486,ant,ant_bee,1,1,bull ant,"bull ant|insect|Wilsons Creek, NSW|Hymenoptera|Formicidae",5,photo MR
n02219486_7100.JPEG,n02219486_7100,n02219486,ant,ant_bee,0,1,,,0,
n02219486_715.JPEG,n02219486_715,n02219486,ant,ant_bee,1,1,Camponotus blandus inesct ant,Camponotus|blandus|ant/insect,3,
n02219486_7162.JPEG,n02219486_7162,n02219486,ant,ant_bee,0,0,,,0,
n02219486_7185.JPEG,n02219486_7185,n02219486,ant,ant_bee,1,1,La Dulce Vita,Formiga|Doce|Blue|Ant|Macro|Insect,6,Formiga muito pequenina junto a grãos de açucar!!
n02219486_7337.JPEG,n02219486_7337,n02219486,ant,ant_bee,1,0,Ant & Aphids #2,Ant|aphid|macro|bug|insect,5,Taken at 3.24:1 with my 105mm macro lens 31mm of extension ring and a reversed 50mm lens
n02219486_7339.JPEG,n02219486_7339,n02219486,ant,ant_bee,0,0,,,0,
n02219486_7347.JPEG,n02219486_7347,n02219486,ant,ant_bee,1,0,Ant,Chisinau|Moldova|ant|ants|insect|insects,6,
n02219486_7365.JPEG,n02219486_7365,n02219486,ant,ant_bee,0,0,,,0,
n02219486_7443.JPEG,n02219486_7443,n02219486,ant,ant_bee,1,1,"If NZ Ants are Armadilloes, Japanese Ants are Elephants",ant|macro,2,"Yeah, they are about eight or nine times bigger than a New Zealand ant.   Turns out my new camera has a half decent macro function - you can expect more shots of insects and repellant, strangely abstract vistas that are ultimately revealed to be an ingrown fingernail."
n02219486_7462.JPEG,n02219486_7462,n02219486,ant,ant_bee,1,0,RepugnANT,orange|fruit|food|insect|ant|nature|bugs|explore|i500|abigfave|interestingness76|NaturesFinest|PhotoFaceOffWinner|PhotoFaceOffPlatinum|msh1107|msh1107-13|PFOGold,17,"Two days after  <a href=""http://www.flickr.com/photos/plecojan/490264148/ "">  this photo</a> was taken, the orange has become a popular insectile eatery.  <a href=""http://www.flickr.com/photos/plecojan/503841007/"">THIS</a> was the outcome."
n02219486_7573.JPEG,n02219486_7573,n02219486,ant,ant_bee,0,0,,,0,
n02219486_774.JPEG,n02219486_774,n02219486,ant,ant_bee,0,0,,,0,
n02219486_7780.JPEG,n02219486_7780,n02219486,ant,ant_bee,0,0,,,0,
n02219486_7782.JPEG,n02219486_7782,n02219486,ant,ant_bee,0,0,,,0,
n02219486_7875.JPEG,n02219486_7875,n02219486,ant,ant_bee,0,0,,,0,
n02219486_7887.JPEG,n02219486_7887,n02219486,ant,ant_bee,1,0,"Ants are Farming on the Corn, Too",macro|ants|eggs|indiancorn|experiment|corn|anca,7,"What are these eggs?  More ants, or aphids?  I'm going to try to see them hatch."
n02219486_7905.JPEG,n02219486_7905,n02219486,ant,ant_bee,0,0,,,0,
n02219486_7949.JPEG,n02219486_7949,n02219486,ant,ant_bee,0,1,,,0,
n02219486_8067.JPEG,n02219486_8067,n02219486,ant,ant_bee,0,0,,,0,
n02219486_8081.JPEG,n02219486_8081,n02219486,ant,ant_bee,1,0,ants go marching,northcarolina|lakesummit|summer|confused|ants|blur,6,"the ants discovered the hummingbird feeder and invaded so we moved it but they kept looking . . . and looking"
n02219486_8103.JPEG,n02219486_8103,n02219486,ant,ant_bee,0,1,,,0,
n02219486_8176.JPEG,n02219486_8176,n02219486,ant,ant_bee,0,1,,,0,
n02219486_8215.JPEG,n02219486_8215,n02219486,ant,ant_bee,0,0,,,0,
n02219486_8228.JPEG,n02219486_8228,n02219486,ant,ant_bee,0,0,,,0,
n02219486_8235.JPEG,n02219486_8235,n02219486,ant,ant_bee,0,1,,,0,
n02219486_8253.JPEG,n02219486_8253,n02219486,ant,ant_bee,0,0,,,0,
n02219486_8352.JPEG,n02219486_8352,n02219486,ant,ant_bee,0,0,,,0,
n02219486_8361.JPEG,n02219486_8361,n02219486,ant,ant_bee,1,0,Ladybird & Ants,ant|ladybird|wildlife|macro,4,Do not know what the Ants were up to but the Ladybird did not seem to mind. Shot in my back garden
n02219486_8410.JPEG,n02219486_8410,n02219486,ant,ant_bee,1,0,Ant Taken,ant|eaten,2,An animal holding a dead ant. Backyard.
n02219486_8461.JPEG,n02219486_8461,n02219486,ant,ant_bee,0,0,,,0,
n02219486_8612.JPEG,n02219486_8612,n02219486,ant,ant_bee,1,1,Mungalaa...(Ant in Marathi),Ant|Insect|DOF|Macro,4,...Tu mungalaa....mein gudh ki dali.... 
n02219486_8874.JPEG,n02219486_8874,n02219486,ant,ant_bee,1,0,"Big Ant, Little Ant",camping|queensland|national|park|girraween|ants|big|little,8,"it's an ant eat ant world, and the little ones are winning..."
n02219486_8913.JPEG,n02219486_8913,n02219486,ant,ant_bee,1,1,flying ant on palm,ant|flying ant|insect|dead|mimbrava|tallerthanitswide|set: insects and spiders,7,<b>© All rights reserved. No usage allowed in any form without the written consent of Mim Eisenberg.</b>
n02219486_8914.JPEG,n02219486_8914,n02219486,ant,ant_bee,0,0,,,0,
n02219486_8917.JPEG,n02219486_8917,n02219486,ant,ant_bee,0,0,,,0,
n02219486_8918.JPEG,n02219486_8918,n02219486,ant,ant_bee,0,0,,,0,
n02219486_9115.JPEG,n02219486_9115,n02219486,ant,ant_bee,1,1,"Ant-mimicking fly (Micropezidae), Darien, Panama",Panama|insects|Diptera|Micropezidae|ant|mimicry|fly|flies|macro|nature|rainforest,11,
n02219486_9129.JPEG,n02219486_9129,n02219486,ant,ant_bee,0,0,,,0,
n02219486_913.JPEG,n02219486_913,n02219486,ant,ant_bee,1,0,Ants drinking water,ants|insects,2,
n02219486_9155.JPEG,n02219486_9155,n02219486,ant,ant_bee,1,1,ant on bluebell,bluebells|insect|ant|macro|bokeh|flowers|iloveit|Excellence.,8,
n02219486_9214.JPEG,n02219486_9214,n02219486,ant,ant_bee,1,1,Ants at three times life size series 6-1,macro|nature|insect|ant|Canon|Xti|400D|100mm|Dalantech|John Kimbler,10,"Amazing what you can do with a little sugar water on a tree... :)  All Canon gear: Xti (manual mode F16, 1/200, ISO 200) + 62mm of extension tubes + 100mm macro lens + 500D diopter. MR-14EX ring flash set to a 4:1 ratio and 0 FEC. Minimal post processing and, like all of my images, no cropping."
n02219486_923.JPEG,n02219486_923,n02219486,ant,ant_bee,0,0,,,0,
n02219486_9347.JPEG,n02219486_9347,n02219486,ant,ant_bee,0,0,,,0,
n02219486_9384.JPEG,n02219486_9384,n02219486,ant,ant_bee,1,0,The winged thing must have been the main course for these ants and other little insects...,jodymcg|crazy ants on the big tree|bugs|Mostly taken by Rob with my camera on digital macro,4,Not sure what was eating what here!
n02219486_9437.JPEG,n02219486_9437,n02219486,ant,ant_bee,0,1,,,0,
n02219486_9443.JPEG,n02219486_9443,n02219486,ant,ant_bee,0,0,,,0,
n02219486_9465.JPEG,n02219486_9465,n02219486,ant,ant_bee,1,1,An ant,grampians|camping|insects|ants|Australia|Victoria|Travel,7,The ants there were getting bigger and bigger.
n02219486_9485.JPEG,n02219486_9485,n02219486,ant,ant_bee,0,0,,,0,
n02219486_9489.JPEG,n02219486_9489,n02219486,ant,ant_bee,0,1,,,0,
n02219486_9515.JPEG,n02219486_9515,n02219486,ant,ant_bee,0,0,,,0,
n02219486_9545.JPEG,n02219486_9545,n02219486,ant,ant_bee,0,0,,,0,
n02219486_9596.JPEG,n02219486_9596,n02219486,ant,ant_bee,0,0,,,0,
n02219486_9684.JPEG,n02219486_9684,n02219486,ant,ant_bee,1,0,One Small Step for an Ant,nature|insect|ant,3,"As they say on Cute Overload, &quot;Ehn, ehn, ehn!&quot;"
n02219486_9685.JPEG,n02219486_9685,n02219486,ant,ant_bee,1,1,Black ant Lasius niger series #5,macro|bug|insect|ant,4,still seemed to prefer licking something else though
n02219486_9739.JPEG,n02219486_9739,n02219486,ant,ant_bee,0,1,,,0,
n02219486_9820.JPEG,n02219486_9820,n02219486,ant,ant_bee,0,1,,,0,
n02219486_9823.JPEG,n02219486_9823,n02219486,ant,ant_bee,1,1,Ants,macro|insects|nature|wildlife|bugs|creepy crawlies|ants|black ants,8,Lasius niger - the common black garden ant on red maple. 
n02219486_9826.JPEG,n02219486_9826,n02219486,ant,ant_bee,1,1,Big ant in the Amazon,Peru|jungle|rainforest|ant|insect|leave|America del Sur|Latinoamerica|America Latina|South America|Latin America,11,
n02219486_9894.JPEG,n02219486_9894,n02219486,ant,ant_bee,0,1,,,0,
n02219486_9914.JPEG,n02219486_9914,n02219486,ant,ant_bee,0,1,,,0,
n02219486_9965.JPEG,n02219486_9965,n02219486,ant,ant_bee,0,1,,,0,
n02219486_9976.JPEG,n02219486_9976,n02219486,ant,ant_bee,1,1,ant on white,ant|insect|flower|white|ant on flower|malaysia|penang|soft|canon|powershot s80|PhotoFaceOffWinner|maria ismawi|PFOSilver,13,an old picture that i retouched to get a softer kind of shot..
