image,stem,wnid,class,pair,has_caption,has_bbox,title,tags,n_tags,description
n07718472_1000.JPEG,n07718472_1000,n07718472,cucumber,cucumber_zucchini,1,0,Half sour dill pickles,pickles|cucumbers|vegetables|cooking,4,
n07718472_1001.JPEG,n07718472_1001,n07718472,cucumber,cucumber_zucchini,1,0,prawn salad,food styling|melina hammer|prop styling|summer|salad|fun|bright|pastel|pink|green|yellow|white|crisp|juicy|crunchy|from the garden|alive|fresh|prawns|shrimp|plump|vegetables|dill|radishes|cucumber|lemon|viniagrette,27,"back from my travels, here is the first from the work created while away. more to come soon!  EXPLORE ~ 12 July 2008"
n07718472_1002.JPEG,n07718472_1002,n07718472,cucumber,cucumber_zucchini,0,0,,,0,
n07718472_10050.JPEG,n07718472_10050,n07718472,cucumber,cucumber_zucchini,0,0,,,0,
n07718472_1006.JPEG,n07718472_1006,n07718472,cucumber,cucumber_zucchini,1,1,"8/6/08: Another Cuke, More Tomatoes 100_0167",cucumber|tomato|heirloom|vegetable|garden|balcony|brooklyn|new|york|city|organic|local|produce,13,"The cucumbers are ripening fast and furious now, and a whole bunch more flowers have started to bloom...soon it might be time for a cucumber salad! "
n07718472_10107.JPEG,n07718472_10107,n07718472,cucumber,cucumber_zucchini,1,1,Turn that Frown Sideways,garden|green|vegetables|escondido|california|san diego|planters|cucumbers,8,
n07718472_10155.JPEG,n07718472_10155,n07718472,cucumber,cucumber_zucchini,0,0,,,0,
n07718472_10198.JPEG,n07718472_10198,n07718472,cucumber,cucumber_zucchini,0,0,,,0,
n07718472_1022.JPEG,n07718472_1022,n07718472,cucumber,cucumber_zucchini,0,1,,,0,
n07718472_10238.JPEG,n07718472_10238,n07718472,cucumber,cucumber_zucchini,1,0,after,fabricaimago|boondock photography|nikon d70s|12-24mm|from the vegetable garden|cucumbers|tomatoes|green|yellow,9,"armenian cucumber (snake melon) cream sausage tomato  The sungolds didn't make it to the plate, 11 year old son ate them."
n07718472_1027.JPEG,n07718472_1027,n07718472,cucumber,cucumber_zucchini,1,0,Downtown Market (5),Downtown|Tampa|Market|Farmer's|Lykes|Gaslight|Square|Vender|Festival|Flowers|Fruits|Food|Veg|Vegetables|cucumbers|tomatoes|peppers,17,
n07718472_10298.JPEG,n07718472_10298,n07718472,cucumber,cucumber_zucchini,0,0,,,0,
n07718472_103.JPEG,n07718472_103,n07718472,cucumber,cucumber_zucchini,0,1,,,0,
n07718472_10305.JPEG,n07718472_10305,n07718472,cucumber,cucumber_zucchini,1,1,Cucumber 2,food|vegetables,2,
n07718472_10316.JPEG,n07718472_10316,n07718472,cucumber,cucumber_zucchini,1,1,Peaches and a cucumber,peach|pfirsich|cucumber|gurke|fruit|obst|vegetable|gemüse|food|essen,10,
n07718472_10327.JPEG,n07718472_10327,n07718472,cucumber,cucumber_zucchini,1,0,Angry Face,cucumber| face| vegetable| salad,4,I love the face this cucumber made at me 
n07718472_10341.JPEG,n07718472_10341,n07718472,cucumber,cucumber_zucchini,0,0,,,0,
n07718472_10358.JPEG,n07718472_10358,n07718472,cucumber,cucumber_zucchini,1,1,Cucumber,Macro|Nature|Vegetables|Green,4,
n07718472_1037.JPEG,n07718472_1037,n07718472,cucumber,cucumber_zucchini,1,1,Nice haul at the market,Minneapolis|downtown|farmers market|vegetables|local|fresh|sweet corn|green beans|bell peppers|basil|flour tortillas|potatoes|melon|canteloupe|cucumbers|heirloom|tomatoes,17,
n07718472_10380.JPEG,n07718472_10380,n07718472,cucumber,cucumber_zucchini,0,0,,,0,
n07718472_10383.JPEG,n07718472_10383,n07718472,cucumber,cucumber_zucchini,1,0,kirby cucumbers,kirby|cucumbers|vegetables|market|green,5,
n07718472_10427.JPEG,n07718472_10427,n07718472,cucumber,cucumber_zucchini,0,0,,,0,
n07718472_1043.JPEG,n07718472_1043,n07718472,cucumber,cucumber_zucchini,0,1,,,0,
n07718472_1045.JPEG,n07718472_1045,n07718472,cucumber,cucumber_zucchini,1,1,garden 003,garden|vegetables|vegetable garden|roses|daisy|daisies|flowers|tomatoes|eggplant|cucumbers|peppers|watermelon,12,
n07718472_10468.JPEG,n07718472_10468,n07718472,cucumber,cucumber_zucchini,1,1,Sept 10th - Cucumber,cucumber|vegetables|garden 07,3,The mystery cucumber that nobody remembers planting
n07718472_10474.JPEG,n07718472_10474,n07718472,cucumber,cucumber_zucchini,0,0,,,0,
n07718472_10483.JPEG,n07718472_10483,n07718472,cucumber,cucumber_zucchini,1,0,denver airport munchies.,march|moving|trips|airplanes|sunshine|redemption|new beginnings|fresh start|hope|joy|hummus|lunch|denver airport food|veggies|vegetables|soy milk|vegetarian|pita|traveling|orange juice|nourishment|munchies|snack|nutritious|silk soy|nantucket nectars|lactose free|food to go|carrots|pickles|olives|cucumbers|garbanzo|food,34,most amazing lemon hummus.
n07718472_1049.JPEG,n07718472_1049,n07718472,cucumber,cucumber_zucchini,0,0,,,0,
n07718472_10496.JPEG,n07718472_10496,n07718472,cucumber,cucumber_zucchini,0,0,,,0,
n07718472_10507.JPEG,n07718472_10507,n07718472,cucumber,cucumber_zucchini,1,0,Culinary Art,Fruits|Vegetables|Monkey|Cutlery Skills|Hawaiian Cruise|Fruit Art|2005|njchow82|lemon|grapes|cucumbers|strawberries|food|colorful,14,This cute monkey really shows off the cutlery skills and imaginations of the chefs on board the ship. 
n07718472_1054.JPEG,n07718472_1054,n07718472,cucumber,cucumber_zucchini,0,0,,,0,
n07718472_10542.JPEG,n07718472_10542,n07718472,cucumber,cucumber_zucchini,0,0,,,0,
n07718472_10599.JPEG,n07718472_10599,n07718472,cucumber,cucumber_zucchini,0,0,,,0,
n07718472_10657.JPEG,n07718472_10657,n07718472,cucumber,cucumber_zucchini,1,0,CSA box: September 11,CSA|community supported agriculture|Harmony Valley Farm|vegetable|food|celeriac|Adirondack red potato|baby bok choy|salad|green savoy cabbage|raspberry|tomato|cucumber|edamame|green bean|garlic|yellow onion|red onion|French orange melon|sweet pepper|green bell pepper|yellow summer squash,22,"Our CSA box this week contained celeriac, Adirondack red potatoes, baby bok choy, salad mix, green savoy cabbage, 2 boxes of raspberries, small and large tomatoes, cucumbers, edamame, green beans, yellow squash, garlic, yellow onions, red onions, a French orange melon, mini sweet peppers and a green bell pepper."
n07718472_10666.JPEG,n07718472_10666,n07718472,cucumber,cucumber_zucchini,0,1,,,0,
n07718472_10671.JPEG,n07718472_10671,n07718472,cucumber,cucumber_zucchini,0,1,,,0,
n07718472_10704.JPEG,n07718472_10704,n07718472,cucumber,cucumber_zucchini,0,0,,,0,
n07718472_10709.JPEG,n07718472_10709,n07718472,cucumber,cucumber_zucchini,0,0,,,0,
n07718472_1071.JPEG,n07718472_1071,n07718472,cucumber,cucumber_zucchini,1,0,2007JUN131341,bootload|2007|2007JUN|2007JUN13|2007JUN131340|lunch|veges|vegetable|carrot|redpepper|lebanese|lebanesecucumber|cucumber|fennel|rye|ryebread|eat,17,"Lunch. Now I'm planning shopping.   <b>next <a href=""http://flickr.com/photos/bootload/543460411/"">&gt;&gt;&gt;</a></b>"
n07718472_10718.JPEG,n07718472_10718,n07718472,cucumber,cucumber_zucchini,1,0,Tastings,2008|20080823|FallsChurch|farmersmarket|Wheatland-Vegetable-Farms|Wheatland,6,"Trying out cucumbers, peppers, and sweet onions.  From <a href=""http://www.eightacresfarm.com/home/"" rel=""noreferrer nofollow"">Wheatland Vegetable Farms</a> in Loudoun County, VA."
n07718472_10729.JPEG,n07718472_10729,n07718472,cucumber,cucumber_zucchini,1,0,License to Dill,new york|green|pickle|pickles|dr. pickle|cucumber|cucumbers|vegetables|pickled|street fair|upper west side|SR111|half sour,13,
n07718472_10736.JPEG,n07718472_10736,n07718472,cucumber,cucumber_zucchini,1,0,first cukes,cucumbers|zucchini,2,"The first cucumbers of the season, along with some zucchini."
n07718472_10742.JPEG,n07718472_10742,n07718472,cucumber,cucumber_zucchini,0,0,,,0,
n07718472_10768.JPEG,n07718472_10768,n07718472,cucumber,cucumber_zucchini,0,0,,,0,
n07718472_10797.JPEG,n07718472_10797,n07718472,cucumber,cucumber_zucchini,0,0,,,0,
n07718472_10799.JPEG,n07718472_10799,n07718472,cucumber,cucumber_zucchini,0,1,,,0,
n07718472_1080.JPEG,n07718472_1080,n07718472,cucumber,cucumber_zucchini,1,1,early harvest,garden|vegetable|salad|cucumber|scallion|tomato|dining,7,
n07718472_10800.JPEG,n07718472_10800,n07718472,cucumber,cucumber_zucchini,1,1,CSA 2008 - Week 15,csa|vegetables|eggs|cucumber|tomato|chard|pepper|squash|fennel|beans|basil|parsley|eatlocal,13,
n07718472_10804.JPEG,n07718472_10804,n07718472,cucumber,cucumber_zucchini,0,0,,,0,
n07718472_10816.JPEG,n07718472_10816,n07718472,cucumber,cucumber_zucchini,0,0,,,0,
n07718472_10820.JPEG,n07718472_10820,n07718472,cucumber,cucumber_zucchini,0,0,,,0,
n07718472_10822.JPEG,n07718472_10822,n07718472,cucumber,cucumber_zucchini,1,0,"first cucumber, eated",cucumber|vegetable|garden|organic|murfreesboro|tennessee,6,that first cucumber I showed you early tasted good.
n07718472_10828.JPEG,n07718472_10828,n07718472,cucumber,cucumber_zucchini,1,1,"From the Garden, July 4",cucumber|squash|pepper|garden|food|vegetables,6,"Picked this out of the garden today, July 4th - Cucumber, Squash, Pepper"
n07718472_1083.JPEG,n07718472_1083,n07718472,cucumber,cucumber_zucchini,0,1,,,0,
n07718472_10835.JPEG,n07718472_10835,n07718472,cucumber,cucumber_zucchini,0,0,,,0,
n07718472_10837.JPEG,n07718472_10837,n07718472,cucumber,cucumber_zucchini,0,0,,,0,
n07718472_1085.JPEG,n07718472_1085,n07718472,cucumber,cucumber_zucchini,1,1,First cucumber,cucumber|vegetable|garden|organic|murfreesboro|tennessee,6,Our garden's first cucumber was made into a light snack a few minutes ago. This is one is actually one of those pictured on the vine a couple of days ago. It grew so fast! It was nice a crisp. It got Vince and I thinking more and more about pickling them.
n07718472_10869.JPEG,n07718472_10869,n07718472,cucumber,cucumber_zucchini,1,1,cucumber-wakame salad,cucumber|japanese|cooking|wakame|sea-vegetable|chirimen|food|salad|salat|miichan,10,
n07718472_10874.JPEG,n07718472_10874,n07718472,cucumber,cucumber_zucchini,1,0,Smoked Salmon Salad,Smoked|Salmon|Salad|display|tray|nouveau|fresh|garden|vegetables|fish|seafood|gathering|party|avocado|tomato|roma|cucumber|english|sauteed|onion|eat|food|main|course|appetizer|healthy|dine|dinner|serve|service|nourish|color|colorful|art|personal|chef|wine|pairing,38,
n07718472_10881.JPEG,n07718472_10881,n07718472,cucumber,cucumber_zucchini,0,0,,,0,
n07718472_10894.JPEG,n07718472_10894,n07718472,cucumber,cucumber_zucchini,1,1,garden 014,garden|vegetables|vegetable garden|cucumbers,4,
n07718472_10898.JPEG,n07718472_10898,n07718472,cucumber,cucumber_zucchini,0,0,,,0,
n07718472_10905.JPEG,n07718472_10905,n07718472,cucumber,cucumber_zucchini,1,1,Yellow old cucumbers,"Vegetable|Market|Little India, Singapore|Liyin|http://www.flickr.com/people/liyin|Design|Liyin Photography|Liyin Design|Liyin Illustration|Liyin Cartoon & Caricature|Liyin Creative Professional|Liyin Designer|Liyin Graphic Design Malaysia|Liyin Traveler|Creative|Studio|“Liyin”|Yeo”|“Lukisholic”|“liyincreative.com”|LiyinCreative|www.liyincreative.com|Designer in Malaysia|liyincreative.com|http://liyindesign.wordpress.com",25,"@Little India, Singapore"
n07718472_1091.JPEG,n07718472_1091,n07718472,cucumber,cucumber_zucchini,1,1,monster cucumber,July|2008|cucumber|vegetable|allotment|green|plant|organic,8,I grew this!
n07718472_10924.JPEG,n07718472_10924,n07718472,cucumber,cucumber_zucchini,1,0,Chilled Tan-Tan Noodles,recipe|food|cooking|noodles|chinese|japanese|salad|vegetables|cucumber|tomato,10,"<a href=""http://www.opensourcefood.com/people/yongfook/recipes/chilled-tan-tan-noodles/"" rel=""noreferrer nofollow"">www.opensourcefood.com/people/yongfook/recipes/chilled-ta...</a>"
n07718472_10925.JPEG,n07718472_10925,n07718472,cucumber,cucumber_zucchini,0,0,,,0,
n07718472_1094.JPEG,n07718472_1094,n07718472,cucumber,cucumber_zucchini,0,1,,,0,
n07718472_10948.JPEG,n07718472_10948,n07718472,cucumber,cucumber_zucchini,1,0,Cucumber,chiflickr|chiflickr042306|cucumber|vegetable|maxwell street|nikonD50,6,"En espanol-pepino. Pepino din sa Tagalog "
n07718472_10977.JPEG,n07718472_10977,n07718472,cucumber,cucumber_zucchini,0,0,,,0,
n07718472_1100.JPEG,n07718472_1100,n07718472,cucumber,cucumber_zucchini,1,1,Cucumber,garden|vegetable|cucumber|home_grown,4,From the garden
n07718472_11000.JPEG,n07718472_11000,n07718472,cucumber,cucumber_zucchini,0,0,,,0,
n07718472_11003.JPEG,n07718472_11003,n07718472,cucumber,cucumber_zucchini,0,0,,,0,
n07718472_11013.JPEG,n07718472_11013,n07718472,cucumber,cucumber_zucchini,1,0,bitter cucumber,vegetable,1,
n07718472_11022.JPEG,n07718472_11022,n07718472,cucumber,cucumber_zucchini,0,1,,,0,
n07718472_11024.JPEG,n07718472_11024,n07718472,cucumber,cucumber_zucchini,1,1,Boothby's Blonde,garden|Missouri|cucumber|heirloom|organic|vegetable|yellow|flower|Boothby's Blonde cucumber,9,flower and fruit
n07718472_1103.JPEG,n07718472_1103,n07718472,cucumber,cucumber_zucchini,1,0,04122008112,vegetables|tomatoes|cucumber,3,
n07718472_11049.JPEG,n07718472_11049,n07718472,cucumber,cucumber_zucchini,1,1,Cuke,vegan|food|vegetable|cucumber|green,5,
n07718472_11057.JPEG,n07718472_11057,n07718472,cucumber,cucumber_zucchini,1,1,Cucumber,vegetable|cucumber|macro,3,In this photo i tried macro with my new lens  of 100mm :)   Is it good or bad ??
n07718472_11066.JPEG,n07718472_11066,n07718472,cucumber,cucumber_zucchini,0,1,,,0,
n07718472_11068.JPEG,n07718472_11068,n07718472,cucumber,cucumber_zucchini,0,0,,,0,
n07718472_1107.JPEG,n07718472_1107,n07718472,cucumber,cucumber_zucchini,0,0,,,0,
n07718472_11076.JPEG,n07718472_11076,n07718472,cucumber,cucumber_zucchini,0,0,,,0,
n07718472_11080.JPEG,n07718472_11080,n07718472,cucumber,cucumber_zucchini,0,0,,,0,
n07718472_11091.JPEG,n07718472_11091,n07718472,cucumber,cucumber_zucchini,1,1,cucumbers.,garden|fresh|veggies|ouhouse|our house|montclair|nj|july|2008|vegetable_garden|organic gardening|summer garden|vegetables|flowers|summer,15,"garden, july 2008. "
n07718472_11093.JPEG,n07718472_11093,n07718472,cucumber,cucumber_zucchini,1,1,if it werent for this project I would never have this pic... I wish I didn't... I am proud of this giant cucumber tho,cucumber|garden|me|self|home grown|veggie|vegetable,7,
n07718472_1112.JPEG,n07718472_1112,n07718472,cucumber,cucumber_zucchini,1,1,Cucumber,nankai|restaurant|suzhou|china,4,"Chinese people don't seem to like eating raw vegetables - but cold-sliced cucumbers seem to be ubiquitous and highly favored.  So do small cherry or grape tomatoes - eaten whole, uncut."
n07718472_11138.JPEG,n07718472_11138,n07718472,cucumber,cucumber_zucchini,0,0,,,0,
n07718472_1114.JPEG,n07718472_1114,n07718472,cucumber,cucumber_zucchini,0,1,,,0,
n07718472_11144.JPEG,n07718472_11144,n07718472,cucumber,cucumber_zucchini,1,1,Obscenely large cucumber...,garden|cucumber|vegetables|intimidating,4,which was also very very tasty.
n07718472_11147.JPEG,n07718472_11147,n07718472,cucumber,cucumber_zucchini,0,0,,,0,
n07718472_11150.JPEG,n07718472_11150,n07718472,cucumber,cucumber_zucchini,1,1,Aug08 057,pickle|cucumber|container|vegetable|garden,5,
n07718472_1120.JPEG,n07718472_1120,n07718472,cucumber,cucumber_zucchini,1,1,Cucumber,vegetable,1,
n07718472_11220.JPEG,n07718472_11220,n07718472,cucumber,cucumber_zucchini,0,0,,,0,
n07718472_11244.JPEG,n07718472_11244,n07718472,cucumber,cucumber_zucchini,0,0,,,0,
n07718472_11247.JPEG,n07718472_11247,n07718472,cucumber,cucumber_zucchini,1,0,"poor, abused cuke",laguna bean|aimee's party,2,
n07718472_1125.JPEG,n07718472_1125,n07718472,cucumber,cucumber_zucchini,0,1,,,0,
n07718472_11252.JPEG,n07718472_11252,n07718472,cucumber,cucumber_zucchini,0,0,,,0,
n07718472_11255.JPEG,n07718472_11255,n07718472,cucumber,cucumber_zucchini,0,0,,,0,
n07718472_11256.JPEG,n07718472_11256,n07718472,cucumber,cucumber_zucchini,0,0,,,0,
n07718472_11261.JPEG,n07718472_11261,n07718472,cucumber,cucumber_zucchini,1,1,"8/09: More Tomatoes, Another Cuke   100_0198",cucumber|heirloom|garden|vegetable|balcony|brooklyn|new|york|city|organic|local|produce,12,These are turning out to be the powerhouse crops of the season...at least until the hot peppers come in. That's going to be huge...
n07718472_11278.JPEG,n07718472_11278,n07718472,cucumber,cucumber_zucchini,1,0,Cool as a Cucumber,food|cucumber|slice|green|fridayfoodfiesta|cool|salad|vegetable|refreshing|utata_food,10,[DSC_8871]
n07718472_11279.JPEG,n07718472_11279,n07718472,cucumber,cucumber_zucchini,0,0,,,0,
n07718472_1129.JPEG,n07718472_1129,n07718472,cucumber,cucumber_zucchini,1,1,Aww,garden|green|vegetables|escondido|california|san diego|planters|cucumbers,8,"This cucumber had its end caught in the planter fencing, which resulted in it growing into this weird shape."
n07718472_1130.JPEG,n07718472_1130,n07718472,cucumber,cucumber_zucchini,1,0,Every Day Bounty,garden|nature|summer|veggies|vegetables|green|SD500|yum|beans|cucumber|cherry tomato,11,I am not quite sure how those cukes grow that fast.  Every day I take a bucket down and pick random produce.  It is nice to munch on the fresh stuff.  Soon I should have carrots too. 
n07718472_11310.JPEG,n07718472_11310,n07718472,cucumber,cucumber_zucchini,0,0,,,0,
n07718472_11321.JPEG,n07718472_11321,n07718472,cucumber,cucumber_zucchini,1,0,Vegetables for the week of 2005-09-06,vegetables|organic|produce|csa,4,"Details <a href=""http://flickr.com/photos/gnuf/18098159/"">here</a>."
n07718472_1137.JPEG,n07718472_1137,n07718472,cucumber,cucumber_zucchini,1,1,Veggie,tomato|cucumber|lunch|cut|vegetable,5,I did not arrange that in any way :)
n07718472_11393.JPEG,n07718472_11393,n07718472,cucumber,cucumber_zucchini,0,0,,,0,
n07718472_11396.JPEG,n07718472_11396,n07718472,cucumber,cucumber_zucchini,1,0,Summer Vegetable Harvest,summer|vegetables|squash|cucumber|pepper|garlic|cherry tomatoe|basket|Canon|Canon 40D|2008|August,12,"A healthy basket of summer vegetables.  DO NOT USE THIS PHOTO WITHOUT MY PERMISSION!   Visit my website at <a href=""http://www.patkilkennyretouching.com"" rel=""noreferrer nofollow"">www.patkilkennyretouching.com</a>"
n07718472_1140.JPEG,n07718472_1140,n07718472,cucumber,cucumber_zucchini,1,1,Anti-Oxidants,Vegetable|Bitter-Grout|Cucumber|Carrot|Tele|Zoom|Close-Up|Charliebrown8989,8,This was taken @ the Dalian Convention center  exhibition. Low lighting condition.
n07718472_11437.JPEG,n07718472_11437,n07718472,cucumber,cucumber_zucchini,0,0,,,0,
n07718472_11440.JPEG,n07718472_11440,n07718472,cucumber,cucumber_zucchini,0,0,,,0,
n07718472_11449.JPEG,n07718472_11449,n07718472,cucumber,cucumber_zucchini,1,0,Carrots and Cucumbers Waiting to Dry,vegetables|dehydrator|veganmofo|vegan,4,I was bored so I chopped up some vegetables and threw them in the dehydrator. I brushed half with olive oil and sprinkled on some sea salt and left half plain. It'll be interesting to see if there's a difference.
n07718472_11493.JPEG,n07718472_11493,n07718472,cucumber,cucumber_zucchini,0,0,,,0,
n07718472_11508.JPEG,n07718472_11508,n07718472,cucumber,cucumber_zucchini,0,0,,,0,
n07718472_11536.JPEG,n07718472_11536,n07718472,cucumber,cucumber_zucchini,1,0,Me & My Pickle,pickle|picklefest,2,
n07718472_11567.JPEG,n07718472_11567,n07718472,cucumber,cucumber_zucchini,1,1,Cucumbers,townsville|australia|garden|vegetables|tomatoes|cucumber|plants,7,
n07718472_11569.JPEG,n07718472_11569,n07718472,cucumber,cucumber_zucchini,1,0,Noodles,,0,"With cucumbers, 2 kinds of soybeans, radishes, pickely vegetables, and a porky beany sauce."
n07718472_11617.JPEG,n07718472_11617,n07718472,cucumber,cucumber_zucchini,1,0,Farmers' Market - IMG_2630a,Farmers'|Market|farmersmarket|farmer|mercado|Los Angeles|Atwater Village|Atwater|fruit|vegetable|cucumber|pepino|cucumi|sativus,14,"Farmers' Market. USA, California, Los Angeles (Atwater Village). 1 June 2008. Cucumber, pepino (Cucumis sativus)."
n07718472_11623.JPEG,n07718472_11623,n07718472,cucumber,cucumber_zucchini,1,0,Vegetables Seller,vegetables|tomatoes|cucumbers|capsicums|cuba|cuban|market|poor|santiago|black|man|red|green|mercado|agropecuario|vegetales|frutas,17,"A cuban is selling tomatoes, capsicums and cucumbers in the Santiago De Cuba mercado agropecuario."
n07718472_11655.JPEG,n07718472_11655,n07718472,cucumber,cucumber_zucchini,0,1,,,0,
n07718472_11656.JPEG,n07718472_11656,n07718472,cucumber,cucumber_zucchini,1,0,"Ichiban eggplant, cucumbers and cherry tomatoes",Briarwood|cherry tomatoes|cucumbers|garden|ichiban eggplant|summer|vegetables|New Paltz|New York|USA,10,Harvest.
n07718472_11677.JPEG,n07718472_11677,n07718472,cucumber,cucumber_zucchini,1,1,"8/18: First Romas, More Usual Suspects   100_0289",cucumber|roma|cherry|tomato|heirloom|garden|vegetable|balcony|brooklyn|new|york|city|organic|local|produce,15,"First Roma tomatoes of the season...not enough to make sauce yet, but there are a couple more that will be ripe in the next few days. Happily, the cucumbers and cherry tomatoes just keep coming."
n07718472_11678.JPEG,n07718472_11678,n07718472,cucumber,cucumber_zucchini,0,0,,,0,
n07718472_11680.JPEG,n07718472_11680,n07718472,cucumber,cucumber_zucchini,0,0,,,0,
n07718472_11681.JPEG,n07718472_11681,n07718472,cucumber,cucumber_zucchini,1,0,Vegetables at Pulau Tikus Market,Colourful|vegetables|Capsicum|Chillies|Cucumber,5,"Colourful array of vegetables eg red chillies, capsicum, cucumber and others are offered to customers at the Pulau Tikus Market."
n07718472_11692.JPEG,n07718472_11692,n07718472,cucumber,cucumber_zucchini,0,1,,,0,
n07718472_11696.JPEG,n07718472_11696,n07718472,cucumber,cucumber_zucchini,0,0,,,0,
n07718472_11702.JPEG,n07718472_11702,n07718472,cucumber,cucumber_zucchini,1,0,stairway to dip,cuke|cucumber|water|vegetable|food|dof|green|layer|step|stairs,10,
n07718472_11706.JPEG,n07718472_11706,n07718472,cucumber,cucumber_zucchini,1,1,pepino,pepino|cucumber|brazil|vegetable,4,
n07718472_1172.JPEG,n07718472_1172,n07718472,cucumber,cucumber_zucchini,0,0,,,0,
n07718472_11721.JPEG,n07718472_11721,n07718472,cucumber,cucumber_zucchini,0,0,,,0,
n07718472_1177.JPEG,n07718472_1177,n07718472,cucumber,cucumber_zucchini,1,1,CSA 6 (173/366),CSA|Community Supported Agriculture|Groundwork Organics|Eugene Oregon|Eugene|Eugene OR|Vegetables|Carrots|Bok Choy|Radishes|Onion|Red Onion|Spinich|Strawberries|Cucumber|Fava Beans|Red Leaf Lettuce|groundwork|farm|farm fresh|fruit|bounty|food|cooking|farmer,25,Week 6 of our CSA [Community Supported Agriculture] 
n07718472_11775.JPEG,n07718472_11775,n07718472,cucumber,cucumber_zucchini,0,0,,,0,
n07718472_11787.JPEG,n07718472_11787,n07718472,cucumber,cucumber_zucchini,1,0,Goutelettes d'eau du concombre / Cucumber's droplets,légume|vegetable|macro|waterDropsMacros|quebec|canada|feluniel,7,
n07718472_11793.JPEG,n07718472_11793,n07718472,cucumber,cucumber_zucchini,1,1,harvest sunday,garden|vegetables|harvest|cucumbers|tomatoes,5,
n07718472_11802.JPEG,n07718472_11802,n07718472,cucumber,cucumber_zucchini,1,0,cucumber sadness,container garden|vegetable garden,2,"My cucumber plant is giving me a ton of cucumbers.  Unfortunately, they are bitter and inedible.  :(  I think I have to pull the plant, but it's killing me.  Look at those beauties!"
n07718472_11810.JPEG,n07718472_11810,n07718472,cucumber,cucumber_zucchini,0,0,,,0,
n07718472_1182.JPEG,n07718472_1182,n07718472,cucumber,cucumber_zucchini,0,0,,,0,
n07718472_11865.JPEG,n07718472_11865,n07718472,cucumber,cucumber_zucchini,1,1,Our first cucumber of 2006!,cucumbers|vegetables|gardening|2006,4,"This lovely cucumber was the first thing we've harvested out of our garden this year. It made a delightful tomato and cucumber salad, though the tomato was store-bought. We have lots of green tomatoes on the vines, but none ripe yet. Soon though! "
n07718472_1187.JPEG,n07718472_1187,n07718472,cucumber,cucumber_zucchini,1,1,Ratmammy's bento #2 tray 1,bento|ratmammy,2,"Left side - pink kamaboko, gyoza, japanese cucumbers; right side - oden, grapes, kiwi, pickled vegetables"
n07718472_11878.JPEG,n07718472_11878,n07718472,cucumber,cucumber_zucchini,1,0,Victimized.,veggie|vegetable|salad|cucumber|assault|attack|maiming|victim|punishment|food,10,"<b>No one will love you  ever again, Cucumber! You hear? No one but ME! </b>  ...Yeah. I briefly convinced myself I could produce an attractive, scored patten on my cuke skin if I used this mini shredder/grater/slicer thing. I was swiftly disabused of the notion. Convinced the cucumber was then mocking me with its silent curvaceousness, I took my frustrations out in its lovely green skin."
n07718472_119.JPEG,n07718472_119,n07718472,cucumber,cucumber_zucchini,0,0,,,0,
n07718472_11936.JPEG,n07718472_11936,n07718472,cucumber,cucumber_zucchini,1,0,Pickled Seasonal Vegetables,momofuku noodle bar|2008|new york|david chang|carrot|celery|fennel|kimchi|radish|cucumber|black mushroom|asian pear|pickled|pickle|vegetable,15,"<b>Pickled Season Vegetables</b> Carrots, celery, fennel, kimchi, cucumber, radish, black mushrooms, and Asian pear. ($10)  <b>Notes:</b>"
n07718472_1198.JPEG,n07718472_1198,n07718472,cucumber,cucumber_zucchini,1,0,Sunshine Garden,sunshine|garden|jinwon|vegetable|plant|seoul|korea|southkorea|latt|children's|theatre|lattchildren'stheatre|cucumber,13,
n07718472_11984.JPEG,n07718472_11984,n07718472,cucumber,cucumber_zucchini,0,0,,,0,
n07718472_12002.JPEG,n07718472_12002,n07718472,cucumber,cucumber_zucchini,1,0,Market Vegetables,vegetables|green|peppers|cucumber|squash|broccoli|lettuce|asparagus,8,
n07718472_12014.JPEG,n07718472_12014,n07718472,cucumber,cucumber_zucchini,0,1,,,0,
n07718472_1205.JPEG,n07718472_1205,n07718472,cucumber,cucumber_zucchini,0,1,,,0,
n07718472_12057.JPEG,n07718472_12057,n07718472,cucumber,cucumber_zucchini,0,0,,,0,
n07718472_1208.JPEG,n07718472_1208,n07718472,cucumber,cucumber_zucchini,0,1,,,0,
n07718472_12086.JPEG,n07718472_12086,n07718472,cucumber,cucumber_zucchini,1,0,Vegetable tray,food|vegetable|platter|tray|peppers|cucumbers|hummus|tomatoes|vegan,9,vegetables with roasted red pepper hummus
n07718472_12100.JPEG,n07718472_12100,n07718472,cucumber,cucumber_zucchini,0,1,,,0,
n07718472_12118.JPEG,n07718472_12118,n07718472,cucumber,cucumber_zucchini,1,0,Fruits and Veggies,vegetables|veggies|fruit|watermelon|peaches|tomatoes|potatoes|cucumbers|onion|strawberries|market|eating local '|healthy,13,
n07718472_12132.JPEG,n07718472_12132,n07718472,cucumber,cucumber_zucchini,1,1,The cucumber!,cucumber|plants|vegetables|cetriolo,4,"It is apparently cucumber season. Philip and Kirsten have a vegetable garden. As a consequence, Philip and Kirsten are now drowning in cucumbers. So Philip went around the party solemnly distributing one huge cucumber per guest. This is mine.  Yes, there were jokes."
n07718472_12144.JPEG,n07718472_12144,n07718472,cucumber,cucumber_zucchini,0,0,,,0,
n07718472_12197.JPEG,n07718472_12197,n07718472,cucumber,cucumber_zucchini,0,1,,,0,
n07718472_12212.JPEG,n07718472_12212,n07718472,cucumber,cucumber_zucchini,0,0,,,0,
n07718472_12228.JPEG,n07718472_12228,n07718472,cucumber,cucumber_zucchini,1,1,Prickly,edible|vegetables|cucumber|green|garden|balcony|plants|flora|balcony garden,9,My lone cucumber.
n07718472_12251.JPEG,n07718472_12251,n07718472,cucumber,cucumber_zucchini,1,1,IMGP0059,BEA|tomato|cucumber|grünes|zentrum|vegetables,6,"<a href=""http://www.beapferd.ch"" rel=""noreferrer nofollow"">www.beapferd.ch</a>  already when i was a children, in the &quot;grünes zentrum&quot; means green center, was always this kind of figures with vegis and fruits."
n07718472_12270.JPEG,n07718472_12270,n07718472,cucumber,cucumber_zucchini,1,0,Cucumber Pickles,traditional foods|fermentation|fermented|nourishing traditions|pickles|lactofermentation|cooking|vegetables,8,"Third batch, we love these pickles so much we are doing a half gallon at a time now.  Same recipe from Wild Fermentation - check out the website, has lots of great info. <a href=""http://www.wildfermentation.com"" rel=""noreferrer nofollow"">www.wildfermentation.com</a>"
n07718472_12278.JPEG,n07718472_12278,n07718472,cucumber,cucumber_zucchini,1,0,Salmon Skin Roll with Cucumber and Sweet Sauce,salmon skin|sushi|roll|food|Japanese|cucumber|sweet sauce,7,"Check out the recipe here: <a href=""http://www.weareneverfull.com/sushi-rolls-a-pictorial-and-sweet-omelette-a-recipe/"" rel=""noreferrer nofollow"">www.weareneverfull.com/sushi-rolls-a-pictorial-and-sweet-...</a>"
n07718472_12300.JPEG,n07718472_12300,n07718472,cucumber,cucumber_zucchini,1,0,only with vegetable garden,vegetable|cucumber,2,cucumber
n07718472_12323.JPEG,n07718472_12323,n07718472,cucumber,cucumber_zucchini,0,0,,,0,
n07718472_1233.JPEG,n07718472_1233,n07718472,cucumber,cucumber_zucchini,1,1,CSA Box 06,July07|Community Supported Agriculture|CSA|Erehwon Farm|Eat Local|fresh|vegetables|lettuce|cabbage|cucumbers|potatoes|summer squash|garlic|herbs|Box06|Local is Beautiful,16,"Lettuces, cabbage (swapped for broccoli), cucumbers!, potatoes!, summer squash, garlic, herbs."
n07718472_12361.JPEG,n07718472_12361,n07718472,cucumber,cucumber_zucchini,0,0,,,0,
n07718472_12363.JPEG,n07718472_12363,n07718472,cucumber,cucumber_zucchini,0,0,,,0,
n07718472_12391.JPEG,n07718472_12391,n07718472,cucumber,cucumber_zucchini,1,0,Ljubljana market stall,fruit|vegetables|pear|pepper|peach|cucumber|colour|color|market|stall|Ljubljana|Slovenia|trip|travel|backpacking|food,16,"Once I can figure out a way to move to Slovenia's wonderful capital, I reckon I'll live exclusively on fruit and vegetables from the market."
n07718472_12396.JPEG,n07718472_12396,n07718472,cucumber,cucumber_zucchini,1,0,garden 002,garden|vegetables|vegetable garden|roses|daisy|daisies|flowers|tomatoes|eggplant|cucumbers|peppers|watermelon,12,
n07718472_12399.JPEG,n07718472_12399,n07718472,cucumber,cucumber_zucchini,1,1,"Salad with cucumber, onion, and wocun",food|cooking|chinese|chinese food|salad|vegetables|cucumber|wocun|onion|lettuce|tomato|carrot|China|中国|Beijing|北京|Alexandra Moss|Ali Moss,18,
n07718472_12405.JPEG,n07718472_12405,n07718472,cucumber,cucumber_zucchini,1,1,IMGP7204,japanese cucumber|vegetable|James' garden,3,
n07718472_12416.JPEG,n07718472_12416,n07718472,cucumber,cucumber_zucchini,0,1,,,0,
n07718472_12439.JPEG,n07718472_12439,n07718472,cucumber,cucumber_zucchini,1,1,korean cucumber salad,korean|food|salad|cucumber,4,"My recipe for this: <a href=""http://www.opensourcefood.com/people/Larph/recipes/korean-cucumber/"" rel=""noreferrer nofollow"">www.opensourcefood.com/people/Larph/recipes/korean-cucumber/</a>"
n07718472_12441.JPEG,n07718472_12441,n07718472,cucumber,cucumber_zucchini,1,1,Cucumber,Vegetables|Garden|2006,3,
n07718472_12447.JPEG,n07718472_12447,n07718472,cucumber,cucumber_zucchini,0,0,,,0,
n07718472_12449.JPEG,n07718472_12449,n07718472,cucumber,cucumber_zucchini,0,1,,,0,
n07718472_12453.JPEG,n07718472_12453,n07718472,cucumber,cucumber_zucchini,0,1,,,0,
n07718472_12458.JPEG,n07718472_12458,n07718472,cucumber,cucumber_zucchini,1,0,cuke,squaredcircle|food|vegetable|pbutton,4,
n07718472_12477.JPEG,n07718472_12477,n07718472,cucumber,cucumber_zucchini,1,1,Bigger Cuke,garden|green|vegetables|escondido|california|san diego|planters|cucumbers,8,"Some of the newer cucumbers have grown considerably bigger than this size, but I have yet to take photos of them.  Anyhow, they are pretty tasty."
n07718472_1248.JPEG,n07718472_1248,n07718472,cucumber,cucumber_zucchini,1,1,cucumber,cucumber|vegetable,2,黄瓜 呵呵
n07718472_12509.JPEG,n07718472_12509,n07718472,cucumber,cucumber_zucchini,0,1,,,0,
n07718472_12529.JPEG,n07718472_12529,n07718472,cucumber,cucumber_zucchini,0,0,,,0,
n07718472_12535.JPEG,n07718472_12535,n07718472,cucumber,cucumber_zucchini,0,0,,,0,
n07718472_12554.JPEG,n07718472_12554,n07718472,cucumber,cucumber_zucchini,0,0,,,0,
n07718472_12571.JPEG,n07718472_12571,n07718472,cucumber,cucumber_zucchini,1,0,Vegetables at Mon Repos market,Guyana|2005|Mon Repos|market|vegetables|cucumber|bean|pepper|tomato|mercado|vegetales|frutas,12,
n07718472_12575.JPEG,n07718472_12575,n07718472,cucumber,cucumber_zucchini,0,0,,,0,
n07718472_1258.JPEG,n07718472_1258,n07718472,cucumber,cucumber_zucchini,0,0,,,0,
n07718472_12601.JPEG,n07718472_12601,n07718472,cucumber,cucumber_zucchini,0,0,,,0,
n07718472_12620.JPEG,n07718472_12620,n07718472,cucumber,cucumber_zucchini,0,0,,,0,
n07718472_12624.JPEG,n07718472_12624,n07718472,cucumber,cucumber_zucchini,0,1,,,0,
n07718472_12647.JPEG,n07718472_12647,n07718472,cucumber,cucumber_zucchini,0,0,,,0,
n07718472_12673.JPEG,n07718472_12673,n07718472,cucumber,cucumber_zucchini,1,0,Stacked cucumbers,cucumbers|vegetables|greens|Wegmans|shopping|USA|groceries|grocery|store,9,
n07718472_12683.JPEG,n07718472_12683,n07718472,cucumber,cucumber_zucchini,1,0,Greek Salad,Corfu|food|greeksalad|cucumber|tomato|feta|vegetable|vegetables|salad|olives|Greece|Paleokastritsa|geo:lat=39.67271|geo:lon=19.714451|geotagged|recipe|ionian,17,"eaten at the Akron beach bar - Paleokastritsa, Corfu.  Recipe:  cucumber, tomato, onion, olives, green peppers, feta cheese, origano (sunscreen and beer are optional extras). Cut, mix and enjoy!   <a href=""http://maps.google.com?q=39.67270975292604,19.71445083618164&amp;t=h"" rel=""noreferrer nofollow"">See where this picture was taken.</a> <a href=""http://www.flickr.com/groups/geotagging/discuss/72157594165549916/"">[?]</a>"
n07718472_1270.JPEG,n07718472_1270,n07718472,cucumber,cucumber_zucchini,0,0,,,0,
n07718472_12705.JPEG,n07718472_12705,n07718472,cucumber,cucumber_zucchini,1,0,"cucumbers, broccoli",cucumbers|broccoli|florets|cukes|CSA|community supported agriculture|vegetables|farm fresh vegetables|veggies|buy local|buffalo locavore|locavore|2008,13,from Sean's brother Mike's garden
n07718472_12706.JPEG,n07718472_12706,n07718472,cucumber,cucumber_zucchini,1,0,cucumbers,cucumbers|food|green|dinner|new|jersey|salad,7,
n07718472_12766.JPEG,n07718472_12766,n07718472,cucumber,cucumber_zucchini,0,0,,,0,
n07718472_12777.JPEG,n07718472_12777,n07718472,cucumber,cucumber_zucchini,0,0,,,0,
n07718472_12796.JPEG,n07718472_12796,n07718472,cucumber,cucumber_zucchini,1,1,Cornichon avec fleur ...,pbev|summer|pea patch|garden|baby|pickels|yellow|flower|flora|nature|vegetable|green|cornichon|jardin|macro|sunny|cucumber|plant,18,... dan le jardin. 
n07718472_12812.JPEG,n07718472_12812,n07718472,cucumber,cucumber_zucchini,0,0,,,0,
n07718472_12814.JPEG,n07718472_12814,n07718472,cucumber,cucumber_zucchini,1,0,pickling cucumbers,alaska;|farmers|market;|anchorage;|food;|vegetables,6,"Visit the South Anchorage Farmers' Market for recipes, vegetable processing information, and market schedules!  <a href=""http://www.SouthAnchorageFarmersMarket.com"" rel=""noreferrer nofollow"">www.SouthAnchorageFarmersMarket.com</a>"
n07718472_12819.JPEG,n07718472_12819,n07718472,cucumber,cucumber_zucchini,0,0,,,0,
n07718472_12851.JPEG,n07718472_12851,n07718472,cucumber,cucumber_zucchini,0,0,,,0,
n07718472_12855.JPEG,n07718472_12855,n07718472,cucumber,cucumber_zucchini,1,0,Vendeur de légumes,nguyendai|liège|La Batte|vendor|vendeur|marché|market|DSC_3465|DoF|concombre|cucumber|vert|légumes|vegetable|wallonie|belgique,16,"View <a href=""http://vnoss.net/photo/2935172739/o"" rel=""noreferrer nofollow"">original size</a> on black."
n07718472_12893.JPEG,n07718472_12893,n07718472,cucumber,cucumber_zucchini,0,0,,,0,
n07718472_12902.JPEG,n07718472_12902,n07718472,cucumber,cucumber_zucchini,0,0,,,0,
n07718472_12905.JPEG,n07718472_12905,n07718472,cucumber,cucumber_zucchini,0,0,,,0,
n07718472_12919.JPEG,n07718472_12919,n07718472,cucumber,cucumber_zucchini,1,0,Cucumbers for kimchi,food|side dish|Korean pickle|Korean cucumber salad|cucumber|kimchi|hangul|오이소박이|vegetable|oi sobaegi|tkt10072011,11,"Quartered almost all the way through and packed with coarse sea salt  find the recipe on my food blog here:  <a href=""http://thekitchentourist.com/2011/10/07/cucumber-kimchi/"" rel=""noreferrer nofollow"">thekitchentourist.com/2011/10/07/cucumber-kimchi/</a>"
n07718472_12983.JPEG,n07718472_12983,n07718472,cucumber,cucumber_zucchini,1,1,Assortment,lasagna gardening|edible gardening|vegetable gardening|raised bed gardening|garden|gardening|vegetables|localvore|local food|still life|tomato|Sweet Million|Mountain Pride|Early Girl|Lemon Boy|Opalka|eggplant|Fairy Tale|Ichiban|pepper|California Wonder|bell pepper|Sweet Banana|banana pepper|cucumber|burpless variety|playing with my food|our kitchen|kitchen|organic|victory garden|organic victory garden,32,Some of our harvest in the first days of July.
n07718472_12997.JPEG,n07718472_12997,n07718472,cucumber,cucumber_zucchini,1,1,garden bounty,vegetable|garden|family,3,Bossy's husband suffers from <b><i>Cuke Envy.</i></b>
n07718472_13060.JPEG,n07718472_13060,n07718472,cucumber,cucumber_zucchini,0,0,,,0,
n07718472_1308.JPEG,n07718472_1308,n07718472,cucumber,cucumber_zucchini,0,0,,,0,
n07718472_13096.JPEG,n07718472_13096,n07718472,cucumber,cucumber_zucchini,0,0,,,0,
n07718472_13104.JPEG,n07718472_13104,n07718472,cucumber,cucumber_zucchini,1,0,pilson veggies,chicago|illinois|pilsen|vegetables|cucumbers|produce|farm,7,
n07718472_13105.JPEG,n07718472_13105,n07718472,cucumber,cucumber_zucchini,1,0,DSC00176,vegetables|peppers|cucumber|eggplant|okra|grocery|food,7,
n07718472_13111.JPEG,n07718472_13111,n07718472,cucumber,cucumber_zucchini,0,0,,,0,
n07718472_13124.JPEG,n07718472_13124,n07718472,cucumber,cucumber_zucchini,1,0,cucumber,garden|vegetables,2,
n07718472_13127.JPEG,n07718472_13127,n07718472,cucumber,cucumber_zucchini,0,0,,,0,
n07718472_1315.JPEG,n07718472_1315,n07718472,cucumber,cucumber_zucchini,0,0,,,0,
n07718472_13156.JPEG,n07718472_13156,n07718472,cucumber,cucumber_zucchini,0,1,,,0,
n07718472_13163.JPEG,n07718472_13163,n07718472,cucumber,cucumber_zucchini,0,0,,,0,
n07718472_13176.JPEG,n07718472_13176,n07718472,cucumber,cucumber_zucchini,0,0,,,0,
n07718472_1318.JPEG,n07718472_1318,n07718472,cucumber,cucumber_zucchini,1,0,Susan at the supermarket,supermarket|vegetables|plastic|bag|rainbow|savage|minnesota|kodak|moment|taken|with|canon|groceries|bags|cucumbers|denim|jacket|tc068,18,The smile and eyes are the best.
n07718472_13190.JPEG,n07718472_13190,n07718472,cucumber,cucumber_zucchini,0,0,,,0,
n07718472_13227.JPEG,n07718472_13227,n07718472,cucumber,cucumber_zucchini,1,0,Cucumbers,NY|Farmer's|market|Union|Square|Fruits|Vegetable|Grown|Produce|onions|cherries|tomatoes,12,
n07718472_13250.JPEG,n07718472_13250,n07718472,cucumber,cucumber_zucchini,0,1,,,0,
n07718472_13252.JPEG,n07718472_13252,n07718472,cucumber,cucumber_zucchini,1,0,Mid-August Harvest,harvest|allotment|vegetables|carrots|pepper|cucumbers|tomatoes|spinach|lettuce|home-grown,10,
n07718472_13254.JPEG,n07718472_13254,n07718472,cucumber,cucumber_zucchini,1,0,mini cucumber with blossom,backyard|2008|food|flowers|vegetable garden,5,P8180166v2
n07718472_13255.JPEG,n07718472_13255,n07718472,cucumber,cucumber_zucchini,1,0,garden success,green|cucumbers|metal|collander|vegetables,5,a load of  cukes ready for the pickling process not a great shot - wrong camera.
n07718472_1327.JPEG,n07718472_1327,n07718472,cucumber,cucumber_zucchini,0,0,,,0,
n07718472_13274.JPEG,n07718472_13274,n07718472,cucumber,cucumber_zucchini,1,0,Cucumber-Tomato Salad,Salad|Cucumber|Tomato|Knife|Bowl|Vegetables|Green|Red|Orange|2007,10,After the tomato and cucumber I added mozzarella.
n07718472_13317.JPEG,n07718472_13317,n07718472,cucumber,cucumber_zucchini,0,1,,,0,
n07718472_13378.JPEG,n07718472_13378,n07718472,cucumber,cucumber_zucchini,0,1,,,0,
n07718472_1338.JPEG,n07718472_1338,n07718472,cucumber,cucumber_zucchini,0,0,,,0,
n07718472_13384.JPEG,n07718472_13384,n07718472,cucumber,cucumber_zucchini,0,0,,,0,
n07718472_13399.JPEG,n07718472_13399,n07718472,cucumber,cucumber_zucchini,0,0,,,0,
n07718472_13429.JPEG,n07718472_13429,n07718472,cucumber,cucumber_zucchini,1,1,Cucumber,Vegetable|Plant|Cucumber,3,
n07718472_13447.JPEG,n07718472_13447,n07718472,cucumber,cucumber_zucchini,1,1,Double crunch,cucumber|vegetable|garden|ilovenature,4,The first 2-in-1 cucumber picked from my little garden
n07718472_13451.JPEG,n07718472_13451,n07718472,cucumber,cucumber_zucchini,1,1,Mix Fruit Salad Penang Style,Food and Drinks|Food|Cucumber|Pineapple|Water|Water Apple|Apple|Squid|Sweet|Sweet Turnip|Green Mangoes|Mangoes|Dressing|Rojak|Penang|Horizontal|Frame|Fruit|Vegetable|Mix Fruit|Salad,21,"Consists of cucumber, pineapple, water apple, squid, sweet turnip and green mangoes that will later be stirred together with the Rojak Dressing to make up the complete Penang Rojak."
n07718472_13465.JPEG,n07718472_13465,n07718472,cucumber,cucumber_zucchini,1,1,Still Life - With Flash,food|fruit|vegetables|farmersmarket|blueberries|organic|cornonthecob|pears|potatoes|cucumber,10,Kinda HDRish.
n07718472_13483.JPEG,n07718472_13483,n07718472,cucumber,cucumber_zucchini,1,1,baby cucumbers,cucumber|garden|vegetables|organic|murfreesboro|tennessee,6,more cucumbers hiding under the leaves. Grandma would pick these before they matured and pickle them.
n07718472_1349.JPEG,n07718472_1349,n07718472,cucumber,cucumber_zucchini,1,0,cucumbers,sagada|market|vegetables|philippines|2008,5,
n07718472_13575.JPEG,n07718472_13575,n07718472,cucumber,cucumber_zucchini,0,1,,,0,
n07718472_136.JPEG,n07718472_136,n07718472,cucumber,cucumber_zucchini,1,1,basket o veggies,vegetables|garden|mac,3,"Just picked vegetables: red onion, cucumber, lemon cucumber, tomato, snow peas, purple beens"
n07718472_1360.JPEG,n07718472_1360,n07718472,cucumber,cucumber_zucchini,1,0,cucumber #4,vegetables,1,
n07718472_13608.JPEG,n07718472_13608,n07718472,cucumber,cucumber_zucchini,1,0,The Necklace,cucumber|green|necklace|brasil|brazil|cool|vegetable|BlueRibbonWinner|interesting|nature,10,Only a jewel... ;-p
n07718472_13635.JPEG,n07718472_13635,n07718472,cucumber,cucumber_zucchini,1,0,Big cucumbers,li|river|china|yangshuo|סין|cucumber|מלפפון,7,
n07718472_13649.JPEG,n07718472_13649,n07718472,cucumber,cucumber_zucchini,1,0,Fresh,cucumber|green|fruit|vegetable|fresh|singapore,6,small cucumbers
n07718472_13657.JPEG,n07718472_13657,n07718472,cucumber,cucumber_zucchini,1,1,IMG_1616.JPG,Garden|08,2,"Samantha holding the first vegetable from our garden, a cucumber!"
n07718472_13668.JPEG,n07718472_13668,n07718472,cucumber,cucumber_zucchini,0,0,,,0,
n07718472_13678.JPEG,n07718472_13678,n07718472,cucumber,cucumber_zucchini,1,1,Baby Cucumber,momsbackyard|macro|garden|cucumber|vegetable,5,
n07718472_13685.JPEG,n07718472_13685,n07718472,cucumber,cucumber_zucchini,1,0,prize winning cucumbers!,state fair|north carolina|cucumbers,3,for some reason i was obsessed with getting photos of all the award winning vegetables. it just amazes me that people win prizes for their abnormal size and shape. 
n07718472_13735.JPEG,n07718472_13735,n07718472,cucumber,cucumber_zucchini,1,0,Cucumber,cucumber|vegetables,2,A cucumber growing in my greenhouse
n07718472_13770.JPEG,n07718472_13770,n07718472,cucumber,cucumber_zucchini,0,0,,,0,
n07718472_1378.JPEG,n07718472_1378,n07718472,cucumber,cucumber_zucchini,0,1,,,0,
n07718472_13808.JPEG,n07718472_13808,n07718472,cucumber,cucumber_zucchini,1,0,100_0458,our|garden|veggies|vegetables|eat|good|for|you|flowers|fruits|plants|cucumbers|zuccini|sun|fun,15,
n07718472_13809.JPEG,n07718472_13809,n07718472,cucumber,cucumber_zucchini,1,0,Cu Cu Cucumber,farmers|market|columbus|NJ|colors|vegetables|green,7,
n07718472_1384.JPEG,n07718472_1384,n07718472,cucumber,cucumber_zucchini,1,0,Veggies,amelia|colorful|veggies|vegetables|marketplace|cucumbers|turnips|eggplants|lifestyle,9,
n07718472_13844.JPEG,n07718472_13844,n07718472,cucumber,cucumber_zucchini,1,1,cucumber #5,vegetables,1,
n07718472_13900.JPEG,n07718472_13900,n07718472,cucumber,cucumber_zucchini,1,0,Delicious fresh veggies,vegetables|food|cucumbers|red peppers,4,
n07718472_1392.JPEG,n07718472_1392,n07718472,cucumber,cucumber_zucchini,1,1,Baby cuke,gardening|square foot gardening|community garden|vegetables|herbs|flowers,6,This one is growing on a pole!
n07718472_1394.JPEG,n07718472_1394,n07718472,cucumber,cucumber_zucchini,0,0,,,0,
n07718472_13942.JPEG,n07718472_13942,n07718472,cucumber,cucumber_zucchini,0,0,,,0,
n07718472_13944.JPEG,n07718472_13944,n07718472,cucumber,cucumber_zucchini,0,0,,,0,
n07718472_13950.JPEG,n07718472_13950,n07718472,cucumber,cucumber_zucchini,0,0,,,0,
n07718472_13958.JPEG,n07718472_13958,n07718472,cucumber,cucumber_zucchini,0,0,,,0,
n07718472_13974.JPEG,n07718472_13974,n07718472,cucumber,cucumber_zucchini,0,0,,,0,
n07718472_13980.JPEG,n07718472_13980,n07718472,cucumber,cucumber_zucchini,1,0,Milwaukee,Milwaukee|WI|2007|travel|distance|vegetables|market|people|sunflowers|candid|capture|cucumbers|open air market,13,
n07718472_14043.JPEG,n07718472_14043,n07718472,cucumber,cucumber_zucchini,0,0,,,0,
n07718472_14045.JPEG,n07718472_14045,n07718472,cucumber,cucumber_zucchini,1,0,Salad Makings1,Food|Salad|Greens|Cucumbers|Vegetables|Kitchen,6,
n07718472_1407.JPEG,n07718472_1407,n07718472,cucumber,cucumber_zucchini,1,0,Day 47: Fresh from the Farms,project 365|fresh produce|fresh vegetables|fresh fruit|delaware produce|farm fresh|apricots|zucchini|summer squash|cucumbers|corn|sweet corn|to:tumblr,13,"47/365 July 20, 2008  Farms in Delaware, to be exact. Thanks Mom &amp; Dad! :D"
n07718472_14082.JPEG,n07718472_14082,n07718472,cucumber,cucumber_zucchini,0,0,,,0,
n07718472_14117.JPEG,n07718472_14117,n07718472,cucumber,cucumber_zucchini,1,0,STACE FACE,girl|happy|smile|laughing|teeth|cucumbers|vegetables|silly|blonde|salad|food|canon|rebel|xti,14,&amp; some cucumbers
n07718472_14118.JPEG,n07718472_14118,n07718472,cucumber,cucumber_zucchini,1,0,cucumber,hatake|food|japan|hamamatsu|vegetable|cucumber,6,胡瓜
n07718472_14135.JPEG,n07718472_14135,n07718472,cucumber,cucumber_zucchini,1,0,Clagett Farm CSA 2008 Week 11,clagett|farm|csa|clagett farm|community supported agriculture|organic|vegetables|fruit|share|the bitten word|thebittenword.com|peppers|corn|garlic|cucumbers|tomatoes|squash,17,cucumbers
n07718472_14152.JPEG,n07718472_14152,n07718472,cucumber,cucumber_zucchini,1,0,armenian stripe cucumber,kthread|chicago|armenian|stripe|cucumber|farmers'|market|green|city|local|food|vegetable,12,
n07718472_14159.JPEG,n07718472_14159,n07718472,cucumber,cucumber_zucchini,0,0,,,0,
n07718472_1416.JPEG,n07718472_1416,n07718472,cucumber,cucumber_zucchini,1,0,Blue plate reflected,food|plate|schnitzel|vegetables|paprika|cucumber|mashed,7,
n07718472_1417.JPEG,n07718472_1417,n07718472,cucumber,cucumber_zucchini,1,1,Plain greek-style yogurt and 1/2 cucumber,carrot soup|cooking|recipes|cucumbers|yogurt|raita|indian spices|chickpeas|tomatoes|wine|BostonOrganics|organic|vegetables|pantrycooking,14,
n07718472_14174.JPEG,n07718472_14174,n07718472,cucumber,cucumber_zucchini,1,0,Vegetable basket 30 July,CSA|vegetables|sustainable farming,3,"The haul for July 30th. You won't be seeing any food pictures involving the peaches, plums or apricots, because those disappeared in approximately fourteen seconds. (I even ate one on the way back from the pickup, which I had beatifically avoided doing, even with the cherries.)  I remembered to trim the stems off the basil before putting it in a glass of water in the fridge, and so it's still perky, three days later. The corn was a big hit among the visiting Frenchies; I used it as a PSA on why you should never buy the sad vacuum-packed corn that they sometimes sell in French supermarkets.  Anyone have any ideas on what to do with two pounds of spinach? "
n07718472_14185.JPEG,n07718472_14185,n07718472,cucumber,cucumber_zucchini,1,0,Cucumbers,Cucumbers|Food|Foodista,3,"Visit us at <a href=""http://www.foodista.com"" rel=""noreferrer nofollow"">www.foodista.com</a>"
n07718472_14186.JPEG,n07718472_14186,n07718472,cucumber,cucumber_zucchini,0,0,,,0,
n07718472_14202.JPEG,n07718472_14202,n07718472,cucumber,cucumber_zucchini,0,0,,,0,
n07718472_14217.JPEG,n07718472_14217,n07718472,cucumber,cucumber_zucchini,0,0,,,0,
n07718472_14225.JPEG,n07718472_14225,n07718472,cucumber,cucumber_zucchini,0,0,,,0,
n07718472_14244.JPEG,n07718472_14244,n07718472,cucumber,cucumber_zucchini,1,0,Kirbies,food|vegetable|cucumber|kirby|kirby cucumber|green|Pakatakan Farmer's Market|Halcottsville|Delaware County|Catskills|New York|July 12 '08|D80|Sigma 18-50mm f/2.8,14,At the Pakatakan Farmer's Market.
n07718472_14248.JPEG,n07718472_14248,n07718472,cucumber,cucumber_zucchini,0,0,,,0,
n07718472_1425.JPEG,n07718472_1425,n07718472,cucumber,cucumber_zucchini,1,0,Finnish Salad and small delicious cucumber,Product|Vegetables,2,Salad as sold in Helsinki supermarkets. To me it feels like killing salad!
n07718472_1428.JPEG,n07718472_1428,n07718472,cucumber,cucumber_zucchini,0,0,,,0,
n07718472_1429.JPEG,n07718472_1429,n07718472,cucumber,cucumber_zucchini,0,0,,,0,
n07718472_1433.JPEG,n07718472_1433,n07718472,cucumber,cucumber_zucchini,1,0,garden0608b16,vegetables|veggies|squash|zuchinni|pepper|garden|cucumber|tulsa|oklahoma,9,One day's picking.  What a beautiful bounty.
n07718472_14333.JPEG,n07718472_14333,n07718472,cucumber,cucumber_zucchini,1,1,organic veggies,carrots|tomatoes|cherry tomatoes|rhubarb|green peppers|chili peppers|broccoli|cucumbers|onions|radishes|red potatoes|leeks|organic vegetables|organic|garden,15,"I visited my uncle in Chelsea this afternoon. This is what I came home with. Who's eating <i>potage</i> all week? In the photo: tomatoes, green peppers, radishes, broccoli, carrots, rhubarb, red potatoes, cherry tomatoes, cucumbers, leeks, onions and chili peppers. All organically grown. Yum."
n07718472_14341.JPEG,n07718472_14341,n07718472,cucumber,cucumber_zucchini,0,1,,,0,
n07718472_14343.JPEG,n07718472_14343,n07718472,cucumber,cucumber_zucchini,0,0,,,0,
n07718472_14346.JPEG,n07718472_14346,n07718472,cucumber,cucumber_zucchini,1,0,Pickles To Be,food|vegetable|cucumber|cucumbers|pickles|green|multiples|green market|farmer's market|Union Square|New York City|New York,12,At the Union Square Farmer's Market          
n07718472_1435.JPEG,n07718472_1435,n07718472,cucumber,cucumber_zucchini,1,0,The fate of a lemon cucumber,lemon cucumber|vegetable|salad|organic|food,5,"I've never had them before this year, but they're quite nice...a salad was the end result here."
n07718472_14352.JPEG,n07718472_14352,n07718472,cucumber,cucumber_zucchini,0,0,,,0,
n07718472_14353.JPEG,n07718472_14353,n07718472,cucumber,cucumber_zucchini,0,1,,,0,
n07718472_14355.JPEG,n07718472_14355,n07718472,cucumber,cucumber_zucchini,1,0,kirby cucumbers,nyc|brooklyn|farmer's market|prospect park|grand army plaza|cucumber|vegetable,7,"<a href=""http://www.eattoblog.com/market-watch-kirby-cucumbers/"" rel=""noreferrer nofollow"">Eat to Blog</a> @ farmer's market"
n07718472_14364.JPEG,n07718472_14364,n07718472,cucumber,cucumber_zucchini,0,0,,,0,
n07718472_14365.JPEG,n07718472_14365,n07718472,cucumber,cucumber_zucchini,0,0,,,0,
n07718472_14370.JPEG,n07718472_14370,n07718472,cucumber,cucumber_zucchini,0,0,,,0,
n07718472_1438.JPEG,n07718472_1438,n07718472,cucumber,cucumber_zucchini,1,1,Vegetables,carrots|cucumbers,2,Vegetables
n07718472_14442.JPEG,n07718472_14442,n07718472,cucumber,cucumber_zucchini,1,0,"Finding and Buying the Cucumbers for Pickling. Kent, WA Sept. 1, 2008",pickles|Pickling|cucumbers|homemade|WA|Washington|experiencewa|United States of America|USA|jars|garlic|Kent|canning|All Rights Reserved|copyright|purplewon2000|buy|perchase|grow|pick,20,This is where we bought the cucumbers for pickling last weekend.
n07718472_14484.JPEG,n07718472_14484,n07718472,cucumber,cucumber_zucchini,1,0,Pickles,Maynard MA Farmers' Market Mill vegetables food summer produce farm pickling cucumbers|big,2,Really big pickling cukes.
n07718472_14488.JPEG,n07718472_14488,n07718472,cucumber,cucumber_zucchini,1,0,gazpacho step one,green|vegetable|cucumber|answerme|fotophoto,5,"<a href=""http://beckyhaycox.com/hamblog/?p=502"" rel=""noreferrer nofollow"">Read the hamblog</a> to get the recipe!  So, <a href="""" rel=""noreferrer nofollow"">Åsta</a> asked me to ANSWER HER regarding my favorite vegetable. This was really hard. Artichoke? Edamame? Carrot? (Oh, carrot, I eat you almost daily but I can't say I love you -- it's a utilitarian relationship). There just simply isn't a <i>single</i> veggie I can't live without.  This puzzle, and the hot day, inspired me to go grocery shopping. I brought home THREE top-fave contenders -- beets, white corn, and cucumbers. The corn pictures were blurry. I couldn't bring myself to roast the beets. So, cuke, you are the WINNER! To your cool, crunchy deliciousness! Gazpacho wouldn't be the same without you."
n07718472_14494.JPEG,n07718472_14494,n07718472,cucumber,cucumber_zucchini,0,0,,,0,
n07718472_14550.JPEG,n07718472_14550,n07718472,cucumber,cucumber_zucchini,0,0,,,0,
n07718472_14559.JPEG,n07718472_14559,n07718472,cucumber,cucumber_zucchini,1,1,Cucumbers,Cucumbers|vegetables,2,Veggie pickings 6-24-2007
n07718472_14576.JPEG,n07718472_14576,n07718472,cucumber,cucumber_zucchini,1,0,garden cucumbers,cucumbers|harvest|green|garden|fence|vegetables|fresh|salad,8,"Awaiting the salad, these cucs are the day's harvest. "
n07718472_14590.JPEG,n07718472_14590,n07718472,cucumber,cucumber_zucchini,0,0,,,0,
n07718472_14640.JPEG,n07718472_14640,n07718472,cucumber,cucumber_zucchini,0,0,,,0,
n07718472_1465.JPEG,n07718472_1465,n07718472,cucumber,cucumber_zucchini,1,1,Boothby's Blonde,garden|Missouri|cucumber|heirloom|organic|vegetable|Boothby's Blonde cucumber,7,getting there...  very spiney at this stage!
n07718472_14662.JPEG,n07718472_14662,n07718472,cucumber,cucumber_zucchini,0,0,,,0,
n07718472_14676.JPEG,n07718472_14676,n07718472,cucumber,cucumber_zucchini,0,1,,,0,
n07718472_14693.JPEG,n07718472_14693,n07718472,cucumber,cucumber_zucchini,1,0,Untitled,green|peppers|beans|cucumber|veggies|vegetables|market,7,
n07718472_14697.JPEG,n07718472_14697,n07718472,cucumber,cucumber_zucchini,0,0,,,0,
n07718472_14699.JPEG,n07718472_14699,n07718472,cucumber,cucumber_zucchini,1,1,We Grew That!,cucumber|fruit|vegetable|atthesametime|food|fromthegarden|kitchen|home|sanjose|california|starred|United States of America,12,"We could have sworn we had a zucchini plant... but it turned out it was a cucumber plant instead.  This was the first cucumber we &quot;harvested.&quot;  It was actually a complete surprise, having hidden itself under some of the largish leaves.  We were paying more attention to a smaller sibling that was more exposed, waiting until it got large enough to pluck...  I was surprised at how &quot;thorny&quot; the plant and cucumber were.  There were raised white spots all over it that made it actually hurt a bit to retrieve.  It made me realize this must have been the first truly fresh cucumber I ever had."
n07718472_14735.JPEG,n07718472_14735,n07718472,cucumber,cucumber_zucchini,1,1,Garden Veggies- cucumber,garden|vegetable,2,"This is a japanese variety I think (my squash is taking over the entire garden and all the squash got really mixed up, so I have a very vague idea as to what flowers produce what squash-y thing.)"
n07718472_14736.JPEG,n07718472_14736,n07718472,cucumber,cucumber_zucchini,0,0,,,0,
n07718472_14741.JPEG,n07718472_14741,n07718472,cucumber,cucumber_zucchini,1,0,Garden Haul,vegetable|garden,2,What I pulled out of my vegetable garden after being away for 2 days on a business trip
n07718472_14743.JPEG,n07718472_14743,n07718472,cucumber,cucumber_zucchini,1,1,Goodness,tomatoes|cucumbers|broccoli|square foot gardening|garden|summer|vegetables|back yard,8,"Oh man, some days are just mouth watering when you garden, aren’t they? Gosh, I knew I needed to do some harvesting today, but I really didn’t expect to fill up the bowl. Is 9am too early for a salad???  My broccoli started coming in a week or so ago. Thankfully it’s taking its time and spreading itself out. We are getting about one head every 4-5 days… perfect pace for enjoying it. 3 out of 6 plants have now been cut.  The tomatoes are all starting to ready themselves now. Right now they are coming in at a eating-fresh pace, but in another 10 days or so I’ll be looking at preserving them. Definite salsa plans on the horizon. Perhaps some sauce… we shall see just what I have to deal with.  The cukes are coming to an end. I already canned 8 pints of dills last week. These are the last 2 larger ones… the ones still on the plant are the irregulars, but still yummy and growing. Once they are done in another week, I’ll be removing the plants and doing some fall goodies.  My neighbors are so jealous! I should probably share ;)"
n07718472_1482.JPEG,n07718472_1482,n07718472,cucumber,cucumber_zucchini,0,0,,,0,
n07718472_14840.JPEG,n07718472_14840,n07718472,cucumber,cucumber_zucchini,1,1,Cucumbers,cucumbers|vegetables|garden|green|greenhouse|california|escondido|san diego,8,Here's a pair of the cucumbers from the huge cucumber plant in the greenhouse.  These things are growing at an amazing pace.  I think that I'll have to start harvesting them pretty soon.
n07718472_14851.JPEG,n07718472_14851,n07718472,cucumber,cucumber_zucchini,0,0,,,0,
n07718472_14878.JPEG,n07718472_14878,n07718472,cucumber,cucumber_zucchini,0,1,,,0,
n07718472_14910.JPEG,n07718472_14910,n07718472,cucumber,cucumber_zucchini,0,1,,,0,
n07718472_14924.JPEG,n07718472_14924,n07718472,cucumber,cucumber_zucchini,1,0,2nd harvest of cucumbers,cucumber|vegetables|organic|garden|murfreeboro|tennessee,6,"The cucumbers vines are really producing a lot. This is the second harvest. We ate a couple with dinner, and Vince is taking a couple over to his mom's house."
n07718472_14957.JPEG,n07718472_14957,n07718472,cucumber,cucumber_zucchini,1,0,Step Seven - cooking the pickle,cucumber|pickle|harvest|glut,4,"Once the syrup has come to the boil, you have to put in the cucumbers and onions. Then you bring the mixture back to the boil (takes about 4 minutes) and boil it for just one minute to ensure that the vegetables retain some crispness."
n07718472_14959.JPEG,n07718472_14959,n07718472,cucumber,cucumber_zucchini,1,0,Fruits and vegetables on sale at the Bazaar area,Kuching|12-04|Malaysia|Loofahs|bittergourds|cucumber|chilli|padi|luffa|Sarawak|Bazaar|Borneo|Brinjals|aubergines|long|beans|rambutans|market|shokoshoki,19,"Brinjals (aubergines), long beans, rambutans, Loofahs, bittergourds, cucumber, chilli, chilli padi"
n07718472_14970.JPEG,n07718472_14970,n07718472,cucumber,cucumber_zucchini,1,1,crazy cucumber lady!,cucumber|green|veggie|vegetable|me|myself|girl|female|woman|kris|krissie|krissie p|of me|that girl she her it was are lady face 10-25-06 today me|today this|is|what|look|like|today self|portrait|self,22,
n07718472_14989.JPEG,n07718472_14989,n07718472,cucumber,cucumber_zucchini,1,1,"sad, sad cukes",garden|DIY|vegetables|veggies|cucumber,5,I don't think these poor little guys got enough water and love in the summer. 
n07718472_15045.JPEG,n07718472_15045,n07718472,cucumber,cucumber_zucchini,1,0,cucumber,vegetables kobiz|cucumber soft studio|Kobiz7|israel|icqipq|kobiz|jakov,7,cucumber 
n07718472_151.JPEG,n07718472_151,n07718472,cucumber,cucumber_zucchini,0,1,,,0,
n07718472_1510.JPEG,n07718472_1510,n07718472,cucumber,cucumber_zucchini,0,1,,,0,
n07718472_1512.JPEG,n07718472_1512,n07718472,cucumber,cucumber_zucchini,0,0,,,0,
n07718472_1515.JPEG,n07718472_1515,n07718472,cucumber,cucumber_zucchini,1,1,the ripening,garden|vegetables|food,3,just a couple items taken from the garden today: 100% kind organic pesticide (though not pest) free
n07718472_15219.JPEG,n07718472_15219,n07718472,cucumber,cucumber_zucchini,0,0,,,0,
n07718472_15225.JPEG,n07718472_15225,n07718472,cucumber,cucumber_zucchini,1,0,"Eggplant, Cucumber, Tomato",eggplant|cucumber|tomato|vegetables|farmersmarket,5,"Manhattan Beach Farmer's Market, 2 September"
n07718472_15229.JPEG,n07718472_15229,n07718472,cucumber,cucumber_zucchini,0,1,,,0,
n07718472_15235.JPEG,n07718472_15235,n07718472,cucumber,cucumber_zucchini,1,1,Cucumber,cucumber|studio|object|color|2006|green|healthy|fresh|vegetable|fruit|food|still object,12,
n07718472_15247.JPEG,n07718472_15247,n07718472,cucumber,cucumber_zucchini,0,0,,,0,
n07718472_15286.JPEG,n07718472_15286,n07718472,cucumber,cucumber_zucchini,0,1,,,0,
n07718472_15291.JPEG,n07718472_15291,n07718472,cucumber,cucumber_zucchini,1,0,"Pamfou Orchards - France - 06, Sep - 07",altuwa|France|Pamfou|orchard|picking|September|2006|cucumber|photoshopping|vegetable,10,"&quot;<a href=""http://www.gadflyonline.com/11-26-01/film-snatchers.html"" rel=""noreferrer nofollow"">Invasion of the Tiny Body Snatchers</a>&quot;."
n07718472_15297.JPEG,n07718472_15297,n07718472,cucumber,cucumber_zucchini,1,0,So I grew this cucumber,Eye-Fi|cucumbers|oscar|dogs|garden 2008,5,"And I tried to hold it out so I could take a picture of it, but Oscar said he wanted to eat it.  It was a big cucumber!   I washed off the Oscar bits and ate the rest, and fed the gnawed-on bits to both dogs. It turns out they like vegetables."
n07718472_15302.JPEG,n07718472_15302,n07718472,cucumber,cucumber_zucchini,1,0,small dish in summer,vegetable|cucumber|green,3,"organic cucumbers pickled in a spicy sauce with some condiments.   It is very simple, however, in Japan's hot and humid summer, it is really tasty and goes well with rice too!"
n07718472_1535.JPEG,n07718472_1535,n07718472,cucumber,cucumber_zucchini,1,0,seeds,cucumber|seeds|vegetable|food|macro,5,
n07718472_1536.JPEG,n07718472_1536,n07718472,cucumber,cucumber_zucchini,1,1,V is for Vitamins in Vegan food,August Alphabet Set|vitamins|tomato|banana|potatoe|carrot|kiwi|apple|nectarine|cucumber|leek|Gemüse|Obst|vegetable|fruit,15,"this is for the <a href=""http://www.flickr.com/groups/797262@N20/"">August Alphabet Set</a>"
n07718472_15374.JPEG,n07718472_15374,n07718472,cucumber,cucumber_zucchini,0,0,,,0,
n07718472_15382.JPEG,n07718472_15382,n07718472,cucumber,cucumber_zucchini,0,0,,,0,
n07718472_15410.JPEG,n07718472_15410,n07718472,cucumber,cucumber_zucchini,0,0,,,0,
n07718472_15416.JPEG,n07718472_15416,n07718472,cucumber,cucumber_zucchini,1,0,Persian cucumbers and tomatoes,falls church|virginia|farmers market|cucumbers|tomatoes|green|red,7,
n07718472_15417.JPEG,n07718472_15417,n07718472,cucumber,cucumber_zucchini,1,1,future pickle,garden|backyard|vegetables|cucumber|vine,5,
n07718472_15447.JPEG,n07718472_15447,n07718472,cucumber,cucumber_zucchini,1,1,cucumber,berkeley|california|garden|landscape architecture|vegetable|gardening|organic|permaculture|backyard gardening,9,
n07718472_15454.JPEG,n07718472_15454,n07718472,cucumber,cucumber_zucchini,1,0,cucumbers,cucumbers|yuno farms|green|greenmarket|spring|vegetables|food|market|yuno's farm,9,from yuno farms @ abingdon square market. very thin skinned and sweet.
n07718472_15483.JPEG,n07718472_15483,n07718472,cucumber,cucumber_zucchini,0,0,,,0,
n07718472_15485.JPEG,n07718472_15485,n07718472,cucumber,cucumber_zucchini,1,0,Cool as a cucumber... and then some.,green|seed|cucumber|pickle|vegetable|macro|food|salad|greeksalad|yummy|my winners,11,"fresh sliced cucumber, or later if you find yourself in a pickle"
n07718472_1550.JPEG,n07718472_1550,n07718472,cucumber,cucumber_zucchini,1,1,IMG_6339,seattle|queen anne|racha noodles|racha|racha noodles & thai cuisine|thai|food|dinner|thai fried rice|fried rice|rice|tomatoes|onions|chicken|chinese broccoli|broccoli|vegetables|lime|cucumbers,19,"Thai Fried Rice with chicken, Chinese broccoli, tomatoes, &amp; onions  Racha Noodles &amp; Thai Cuisine 23 Mercer St Seattle, WA 98109 (206) 281-8883"
n07718472_1553.JPEG,n07718472_1553,n07718472,cucumber,cucumber_zucchini,1,0,lebanese cucumber,march 2006|kingston|ontario|canada|produce town|produce|fruit|veg|fruit and veg|vegetables|fresh|food|shopping|olympus sp-310|cucumber|lebanese cucumber|edible|canadian|julep67,19,...shopping at produce town
n07718472_15558.JPEG,n07718472_15558,n07718472,cucumber,cucumber_zucchini,1,1,"We'll be having cucumber, tomato salad for supper!",vegetables|garden|summer 07,3,100_8966
n07718472_15596.JPEG,n07718472_15596,n07718472,cucumber,cucumber_zucchini,1,0,All in a Row,gardening|garden|fresh|vegetables|squash|zucchini|cucumbers,7,From my brother and sister-in-law's garden yesterday.
n07718472_15602.JPEG,n07718472_15602,n07718472,cucumber,cucumber_zucchini,1,0,Big Daddy,garden|green|escondido|san diego|california|cucumbers|vegetables|planters,8,"This is the largest cucumber from this season's harvest.  Unfortunately, it's way late in the season, so the color is a bit off.  It still tasted good... plus, it was huge!"
n07718472_1562.JPEG,n07718472_1562,n07718472,cucumber,cucumber_zucchini,1,1,豚丼弁当 (Buta-don bento) with veggies,弁当|お弁当|梅干|bento|rice|japanese food|雑穀米|にんじん|きゅうり|サラダ|salad|carrot|cucumber|vegetables|pumpkin|apple sauce|豚丼|buta|pork|pork bowl,20,"Mine's the little-er one! &quot;Buta-don&quot; (Pork slivers stir-fried with onions, and ito-konnyaku, sugar, sake, soy sauce.) DH loves the buta-don from Matsuya (a beef/pork bowl restaurant like Yoshinoya), so I made a homemade version. Side dishes are: Homemade apple sauce, roasted pumpkin, salted cucumbers with sesame oil, and carrots tossed with mayo and black pepper. Multi-grain rice, our favorite!"
n07718472_1563.JPEG,n07718472_1563,n07718472,cucumber,cucumber_zucchini,0,0,,,0,
n07718472_15651.JPEG,n07718472_15651,n07718472,cucumber,cucumber_zucchini,1,0,"Tomato, cuke & avocado",raw|food|vegan|fun|healthy|fruit|veg|veggies|vegetables,9,
n07718472_15697.JPEG,n07718472_15697,n07718472,cucumber,cucumber_zucchini,0,0,,,0,
n07718472_15699.JPEG,n07718472_15699,n07718472,cucumber,cucumber_zucchini,0,0,,,0,
n07718472_15704.JPEG,n07718472_15704,n07718472,cucumber,cucumber_zucchini,1,1,CSAveggies,CSA|vegetables|tomatoes|zucchini|beets|rainbow chard|cherries|green beans|cucumbers|onions|romaine|potatoes,12,"tomatoes, zucchini, beets, rainbow chard, cherries, green beans, cucumbers, onions, romaine, potatoes"
n07718472_15724.JPEG,n07718472_15724,n07718472,cucumber,cucumber_zucchini,0,0,,,0,
n07718472_15743.JPEG,n07718472_15743,n07718472,cucumber,cucumber_zucchini,0,0,,,0,
n07718472_15753.JPEG,n07718472_15753,n07718472,cucumber,cucumber_zucchini,0,0,,,0,
n07718472_15767.JPEG,n07718472_15767,n07718472,cucumber,cucumber_zucchini,0,0,,,0,
n07718472_15769.JPEG,n07718472_15769,n07718472,cucumber,cucumber_zucchini,0,1,,,0,
n07718472_15786.JPEG,n07718472_15786,n07718472,cucumber,cucumber_zucchini,0,0,,,0,
n07718472_15812.JPEG,n07718472_15812,n07718472,cucumber,cucumber_zucchini,0,0,,,0,
n07718472_15865.JPEG,n07718472_15865,n07718472,cucumber,cucumber_zucchini,1,1,cucumber,cucumber|food|fruit|vegetable|landscape|mdmd2decor|decordulch2|nhx,8,
n07718472_15880.JPEG,n07718472_15880,n07718472,cucumber,cucumber_zucchini,0,0,,,0,
n07718472_15936.JPEG,n07718472_15936,n07718472,cucumber,cucumber_zucchini,1,0,sliced cukes,,0,
n07718472_1601.JPEG,n07718472_1601,n07718472,cucumber,cucumber_zucchini,0,0,,,0,
n07718472_16022.JPEG,n07718472_16022,n07718472,cucumber,cucumber_zucchini,1,1,Cucumber,green|vegetables|cucumber,3,
n07718472_16043.JPEG,n07718472_16043,n07718472,cucumber,cucumber_zucchini,1,1,day189,365|366|1717|vegetables|cucumber|tomatoes,6,"Vegetables from the 1717 garden, ok  the carrots aren't ready yet..."
n07718472_16091.JPEG,n07718472_16091,n07718472,cucumber,cucumber_zucchini,0,0,,,0,
n07718472_16092.JPEG,n07718472_16092,n07718472,cucumber,cucumber_zucchini,1,0,GREEN ACRES LOGGING COMPANY,CUCUMBERS|GREEN|VEGETABLES|VEGGIE|items|objects|colors|stacked|piles|groups|clusters,11,
n07718472_16104.JPEG,n07718472_16104,n07718472,cucumber,cucumber_zucchini,0,0,,,0,
n07718472_1612.JPEG,n07718472_1612,n07718472,cucumber,cucumber_zucchini,1,1,More Anti-Oxidants,Fruits|Vegetable|Cucumber|Orange|Mango|pear|Grapes|Close-Up|Mandarin|charliebrown8989|CharlieBrown8989's Macro|Interestingness|Picasa|flickr|yahoo|best|explore|corel|Paintshop Pro X,19,"This is the fruits that my friend Moo a retired congressman of Middle East served to me, after the lunch at his home.  When I saw these arrangement. I just have the picture of the old day's painting that I painted in my primary school arts painting class.  I am very please with the ambient; color; lighting; mood of this project!!"
n07718472_16183.JPEG,n07718472_16183,n07718472,cucumber,cucumber_zucchini,1,0,Nasi lemak,Nasi Lemak|food|Tunk Abdul Rahman Park|Park|TAR|Sabah|Borneo|Malaysia|SouthEast Asia|island|island hop|travel|wantet|BLUELIST|adventure,15,"<b>Nasi lemak</b> has been called the unofficial national dish of Malaysia. It's name is a Malay word that literally means <i>'rice in fat'</i>. The name is derived from the cooking process whereby rice is soaked in rich coconut cream and then the mixture steamed. Sometimes knotted screwpine (pandan) leaves are thrown into the rice while steaming to give it more fragrance. Occasionally, other herbs such as ginger and lemon grass may also be added for additional fragrance.  Traditionally, this comes as a platter with cucumber slices, small dried anchovies (ikan bilis), roasted peanuts, stir fried water convolvulus (kangkong), hard boiled egg, pickled vegetables (achar) and hot spicy sauce (sambal). Nasi lemak can also come with any other accompaniments such as chicken, cuttlefish, cockle, beef curry (beef stewed in coconut milk and spices) or paru (beef lungs). Traditionally most of these accompaniments are spicy in nature.  Nasi lemak is traditionally a breakfast dish, and it is sold early in the morning at roadside stalls in Malaysia, where it is often sold packed in newspaper, brown paper or banana leaf. However, there are restaurants which serve it on a plate as noon or evening meals, making it possible for the dish to be treated as a delicacy.  Source: <a href=""http://en.wikipedia.org/wiki/Nasi_lemak"" rel=""noreferrer nofollow"">Wikipedia</a>  Manukan Island Tunku Abdul Rahman Park Sabah, Borneo, East Malaysia"
n07718472_16211.JPEG,n07718472_16211,n07718472,cucumber,cucumber_zucchini,0,0,,,0,
n07718472_16227.JPEG,n07718472_16227,n07718472,cucumber,cucumber_zucchini,1,0,Green Flower,Green|Flower|Brazil|Brasil|Cool|Vegetable|petal|BlueRibbonWinner|Close up|Macro|Cucumber|ABigFave|interesting|i500|explore|interestingness104|interestingness91|interestingness86|interestingness81|searchthebest|cocumber|pepino,22,"A cucumber... explored!  To contact me / Para me contactar: <b>lmsmartinsx@yahoo.com.br</b>  Me adicione no Instagran: leonardomartinsbr <a href=""https://www.instagram.com/leonardomartinsbr/?hl=pt-br"" rel=""noreferrer nofollow"">www.instagram.com/leonardomartinsbr/?hl=pt-br</a>  Me adcione no Facebook: <a href=""https://www.facebook.com/leonardo.martins.520900"" rel=""noreferrer nofollow"">www.facebook.com/leonardo.martins.520900</a> ______________  Add me on Instagran: leonardomartinsbr <a href=""https://www.instagram.com/leonardomartinsbr/?hl=pt-br"" rel=""noreferrer nofollow"">www.instagram.com/leonardomartinsbr/?hl=pt-br</a>  Add me on Facebook: <a href=""https://www.facebook.com/leonardo.martins.520900"" rel=""noreferrer nofollow"">www.facebook.com/leonardo.martins.520900</a>"
n07718472_16234.JPEG,n07718472_16234,n07718472,cucumber,cucumber_zucchini,1,0,Cucumber,allotment|bristol|vegetable|saint|werburghs|ashley|hill|cucumber,8,
n07718472_16246.JPEG,n07718472_16246,n07718472,cucumber,cucumber_zucchini,1,1,giant cucumber that was hidin behind a leaf,cucumber|garden|green|vegetable,4,
n07718472_16248.JPEG,n07718472_16248,n07718472,cucumber,cucumber_zucchini,1,1,Cucumber,garden|vegetables,2,
n07718472_1625.JPEG,n07718472_1625,n07718472,cucumber,cucumber_zucchini,0,0,,,0,
n07718472_16258.JPEG,n07718472_16258,n07718472,cucumber,cucumber_zucchini,1,0,Salad Makings2,Food|Salad|Greens|Cucumbers|Vegetables|Kitchen,6,
n07718472_1629.JPEG,n07718472_1629,n07718472,cucumber,cucumber_zucchini,1,1,baby cucumber,cucumber|garden|vegetables|organic|murfreesboro|tennessee,6,The cucumbers are growing in our garden.
n07718472_16325.JPEG,n07718472_16325,n07718472,cucumber,cucumber_zucchini,0,0,,,0,
n07718472_16329.JPEG,n07718472_16329,n07718472,cucumber,cucumber_zucchini,1,0,First Cucumber,Growing|Allotment|Greenhouse|Cucumber|Vegetables,5,"Currently the size of a large gherkin, but you wait…"
n07718472_16336.JPEG,n07718472_16336,n07718472,cucumber,cucumber_zucchini,0,0,,,0,
n07718472_16339.JPEG,n07718472_16339,n07718472,cucumber,cucumber_zucchini,1,0,Vegetable Crop,warrington|cheshire|new|routes|project|community|garden|victoria|park|vegetable|crop|polytunnel|tomato|cucumber|aubergine|catchycolors,16,"New Routes Community Garden Project, Victoria Park, Warrington"
n07718472_16369.JPEG,n07718472_16369,n07718472,cucumber,cucumber_zucchini,1,0,"La Batte, les couleurs",nguyendai|liège|La Batte|marché|market|IMG_3230|Green & Red|Vert & Rouge|color|contrast|contraste|belgique|belgium|wallonie|concombre|cucumber|légume|vegetable|parasol,19,"View <a href=""http://vnoss.net/photo/2561403270/o"" rel=""noreferrer nofollow"">original size</a> on black."
n07718472_16415.JPEG,n07718472_16415,n07718472,cucumber,cucumber_zucchini,0,0,,,0,
n07718472_1643.JPEG,n07718472_1643,n07718472,cucumber,cucumber_zucchini,0,0,,,0,
n07718472_1645.JPEG,n07718472_1645,n07718472,cucumber,cucumber_zucchini,0,1,,,0,
n07718472_16461.JPEG,n07718472_16461,n07718472,cucumber,cucumber_zucchini,0,0,,,0,
n07718472_16478.JPEG,n07718472_16478,n07718472,cucumber,cucumber_zucchini,1,0,fresh from the garden,garden|vegetables|squash|tomatoes|zucchini|peppers|cucumbers,7,picked from my grandmas garden one afternoon
n07718472_1649.JPEG,n07718472_1649,n07718472,cucumber,cucumber_zucchini,0,0,,,0,
n07718472_16501.JPEG,n07718472_16501,n07718472,cucumber,cucumber_zucchini,1,1,Aug08 056,pickle|cucumber|container|vegetable|garden,5,
n07718472_16502.JPEG,n07718472_16502,n07718472,cucumber,cucumber_zucchini,1,0,Bento April 22 2007,bento|lunch|salad|frozen|fruit|apple|peach|blueberry|strawberry|raspberry|peanut butter|jam|egg,13,"Today's lunch!  On this fine day, it's about 85 degrees out, very sunny, no clouds.  After we packed the lunch this morning, did our errands, we got back and took a bike ride into town to the little park and had a nice lunch.  Several cars almost drove right onto the gazebo area while staring at us rather than watching the street.  I think one may have run the stop sign too.  We saw three other bikers as well.  Quite proud of myself today, managed the entire trip without needing to stop between our two destination points to rest.  I was using the wrong gear settings, oops.  Biking is so much easier now with the right ones!!  <b>Top Bowl:</b> Peanut Butter and Jam on 9-Grain Whole Wheat It wasn't easy fitting it into that bowl.  It's cut into fourths, then one of the pieces was cut in half again to cram down the sides hehe  <b>Middle Bowl:</b> Frozen berries mix (Raspberries, Blueberries, Strawberries) Frozen Peaches Apple Slices w/ Lemon juice this time  <b>Bottom Bowl:</b> This salad was in the photo for April 21 lunch, pre-made. Same salad as usual, tomatoes, spinach, cucumber, carrots We also tossed in some boiled egg that I made just before we headed out for our bike ride.  Warm boiled egg is not very good on a salad eewww.  The fruit is back in the fridge, it was still frozen when we reached the park.  Ah well, it'll be great later tonight once the  juice from the berries seeps up into the apple slices.  It's not only tasty, but very pretty to look at as well.  <b>Rats' Bento:</b> They were already eating on it when I took the photo, I forgot and gave it to them early oops.  They had the usual vegetable mix and apple chunks today!  Tonight they'll probably have some rosemary chicken if that's what I fix for dinner."
n07718472_16515.JPEG,n07718472_16515,n07718472,cucumber,cucumber_zucchini,0,0,,,0,
n07718472_1655.JPEG,n07718472_1655,n07718472,cucumber,cucumber_zucchini,1,0,CRW_0389Cf,Thailand|Narathiwat|travel|tourism|tourists|adventure|Asia|city|SE Asia|vegetables|market|carrots|cucumbers|kohlrabi|ginger|girl|vendor|street|sprouts|peas,20,"Fresh vegetables for sale at the market in Narathiwat, Thailand."
n07718472_16592.JPEG,n07718472_16592,n07718472,cucumber,cucumber_zucchini,1,1,veggies,vegetables|organic|farm|cook college|rutgers|tomato|chard|peppers|tomatillos|onions|eggplant|squash|zucchini|cucumber|garlic|sage|marjoram|okra,18,This week's bounty from the farm share. Recipe ideas are welcome!
n07718472_16593.JPEG,n07718472_16593,n07718472,cucumber,cucumber_zucchini,1,0,Cucumber Slices,Cucumbers|Easter|vegetable|mmmm|wade from oklahoma|Wade Harris,6,From our appetizer tray at Easter dinner.
n07718472_1660.JPEG,n07718472_1660,n07718472,cucumber,cucumber_zucchini,0,0,,,0,
n07718472_16642.JPEG,n07718472_16642,n07718472,cucumber,cucumber_zucchini,0,1,,,0,
n07718472_16656.JPEG,n07718472_16656,n07718472,cucumber,cucumber_zucchini,1,0,tossed salad,salad|vegetable|green plate|radish|cucumber|lettuce|couscous,7,"My friend, Laura, shared this recipe with me last month at a church potluck. I've made it at least three times since then. It is so simple and tasty to make!    Dressing: 1/4 cup Olive Oil Juice of Two Lemons Salt &amp; Pepper Chopped mint (8-12 leaves)  Salad: Lettuce Sliced Radishes Sliced Cucumbers Feta Cheese Cous Cous (about 1 cup)  Mix the dressing and then toss it with the salad. "
n07718472_16687.JPEG,n07718472_16687,n07718472,cucumber,cucumber_zucchini,0,0,,,0,
n07718472_1670.JPEG,n07718472_1670,n07718472,cucumber,cucumber_zucchini,1,1,16.365 -  Lachanophobia,365days|lachanophobia|phobia|vegetable|cucumber|flickr group roulette,6,"For <a href=""http://www.flickr.com/groups/365days/"">365 Days</a>, <a href=""http://www.flickr.com/groups/gameon/"">Flickr Group Roulette</a>, and today's FGR theme, <a href=""http://www.flickr.com/groups/64517496@N00/"">phobia</a>.  Lachanophobia is a fear of vegetables.  I don't really have a <i>fear </i>of vegetables, per se. But Trish will attest to the fact that before I met her, vegetables were not a part of my diet. Sure, my mom would give it the old college try and fix us a salad with dinner some nights, but even then she had to douse it in ranch dressing to get me to eat it. Since meeting Trish, I've gotten a lot better about eating vegetables. Although I must admit that they're still a bit of an afterthought to me."
n07718472_16704.JPEG,n07718472_16704,n07718472,cucumber,cucumber_zucchini,0,0,,,0,
n07718472_16719.JPEG,n07718472_16719,n07718472,cucumber,cucumber_zucchini,0,0,,,0,
n07718472_16726.JPEG,n07718472_16726,n07718472,cucumber,cucumber_zucchini,1,1,"Fruit and vegetables for sale, Main bazaar",Kuching|12-04|Cucumbers|Malaysia|Sarawak|Borneo|bazaar,7,"Cucumbers, beans, can't identify much"
n07718472_16761.JPEG,n07718472_16761,n07718472,cucumber,cucumber_zucchini,1,1,Vegetable Plate with Tatzikki,Istanbul|Turkey|cucumber|tomato|tatzikki,5,
n07718472_16832.JPEG,n07718472_16832,n07718472,cucumber,cucumber_zucchini,0,0,,,0,
n07718472_16845.JPEG,n07718472_16845,n07718472,cucumber,cucumber_zucchini,1,1,lemon cucumber,lemon cucumber vegetables|garden|mac,3,
n07718472_16877.JPEG,n07718472_16877,n07718472,cucumber,cucumber_zucchini,1,0,Greens at the Udaipur market,greens|cucumbers|vegetables|market|Udaipur|Rajasthan|India|2007,8,
n07718472_16894.JPEG,n07718472_16894,n07718472,cucumber,cucumber_zucchini,1,1,Lunch,food|salad|dinner|vegetable|pecan|lunch|cucumber|lettuce,8,
n07718472_16926.JPEG,n07718472_16926,n07718472,cucumber,cucumber_zucchini,1,0,Cucumbers,markets|zambia|africa|fruit|vegetables|merketeers|sellers|barter|people|spices|nuts|fish|maize|mercado|vegetales|frutas,16,
n07718472_16934.JPEG,n07718472_16934,n07718472,cucumber,cucumber_zucchini,1,1,Baby Cuke,cucumber|vegetable|garden|green|vine,5,This little guy never grew up.  How sad.
n07718472_16953.JPEG,n07718472_16953,n07718472,cucumber,cucumber_zucchini,1,0,מלפפון ענק,huge cucumber|vegetables|green|nature huge cucumber,4,"זה מה שצמח לנו בגינה, וזה די טעים האמת... "
n07718472_16954.JPEG,n07718472_16954,n07718472,cucumber,cucumber_zucchini,0,0,,,0,
n07718472_17002.JPEG,n07718472_17002,n07718472,cucumber,cucumber_zucchini,0,0,,,0,
n07718472_17005.JPEG,n07718472_17005,n07718472,cucumber,cucumber_zucchini,0,0,,,0,
n07718472_17030.JPEG,n07718472_17030,n07718472,cucumber,cucumber_zucchini,0,0,,,0,
n07718472_17032.JPEG,n07718472_17032,n07718472,cucumber,cucumber_zucchini,0,1,,,0,
n07718472_17040.JPEG,n07718472_17040,n07718472,cucumber,cucumber_zucchini,0,1,,,0,
n07718472_17045.JPEG,n07718472_17045,n07718472,cucumber,cucumber_zucchini,0,0,,,0,
n07718472_17065.JPEG,n07718472_17065,n07718472,cucumber,cucumber_zucchini,1,0,Healthy Snacks #2,sandwich|food|healthy|cucumber|radish|snacks|vegetables|healthy food|macro|veggies|geotagged,11,"Rye crispbread + garlic mayonnaise + sliced radish/ cucumber. the idea is totally stolen from my guru La tartine gourmande. The pictures that inspired me are right here: <a href=""http://flickr.com/photos/28757974@N00/446300709/in/set-72057594083512693/"">Wednesday Lunch</a> i'm not actually a fan of healthy food, but these are worth to try;)  Please also take a look at <a href=""http://flickr.com/photos/tereza/476624853/"">Healthy Snacks #1</a> <a href=""http://flickr.com/photos/tereza/476624863/"">Healthy Snacks #3</a> <a href=""http://flickr.com/photos/tereza/476624865/"">Healthy Snacks #4</a>"
n07718472_17076.JPEG,n07718472_17076,n07718472,cucumber,cucumber_zucchini,1,0,Clagett Farm CSA Week 7,community|supported|agriculture|maryland|dc|clagett|farm|csa|fruit|vegetables|food|cooking|carrots|cucumbers|squash|broccoli,16,cucumbers!
n07718472_17081.JPEG,n07718472_17081,n07718472,cucumber,cucumber_zucchini,0,0,,,0,
n07718472_17087.JPEG,n07718472_17087,n07718472,cucumber,cucumber_zucchini,1,0,Adobo Rubbed Ahi Tuna W/Avocado Salsa & Cucumber Salad,Adobo|Rubbed|Ahi|Tuna|Avocado|Salsa|Cucumber|Salad|authentic|ethnic|african|spice|mix|buttery|fish|red|seared|rare|tomatoes|vegetables|marinated|nouveau|fusion|professional|chef|personal|cook|eat|food|main|course|dine|dinner|wine|pairing|yakima|seattle|washington,38,
n07718472_17100.JPEG,n07718472_17100,n07718472,cucumber,cucumber_zucchini,0,1,,,0,
n07718472_17103.JPEG,n07718472_17103,n07718472,cucumber,cucumber_zucchini,0,1,,,0,
n07718472_1711.JPEG,n07718472_1711,n07718472,cucumber,cucumber_zucchini,1,0,salad,tomatoes|cucumbers|salad|vegetables|food|dinner|albuquerque|new mexico,8,Sliced cucumbers and halved cherry tomatoes -- an appealing accompaniment to any meal. Topped here with just salt and ground pepper.
n07718472_17181.JPEG,n07718472_17181,n07718472,cucumber,cucumber_zucchini,1,0,IMG_3153.JPG,latvia|latvija|riga,3,one nice thing about latvian gardens is that they often include vegetables.  here are cucumbers growing in zane's garden.
n07718472_1719.JPEG,n07718472_1719,n07718472,cucumber,cucumber_zucchini,0,0,,,0,
n07718472_17191.JPEG,n07718472_17191,n07718472,cucumber,cucumber_zucchini,1,0,Cucumis sativus cultivars,Cucumis sativus|Cucurbitaceae|Fruit|Yellow|Cucumis|Cucumis sativus 'Lemon'|Food|Lemon Cucumber|Vegetable|San Francisco|California,11,Left Vegetable Common name: Lemon Cucumber  Right Vegetable Common name: Cucumber  Photographed at the Civic Center Farmer's Market
n07718472_1720.JPEG,n07718472_1720,n07718472,cucumber,cucumber_zucchini,1,1,cucumber,vegetable|vegetable-garden,2,
n07718472_17217.JPEG,n07718472_17217,n07718472,cucumber,cucumber_zucchini,1,1,Frozen Cucumber,frozen|cucumber|translucent|seeds|peeled|vegetable|wooden|cutting board,8,Our fridge is a little cold sometimes. This cuke was translucent when I cut into it. 
n07718472_17228.JPEG,n07718472_17228,n07718472,cucumber,cucumber_zucchini,0,0,,,0,
n07718472_1726.JPEG,n07718472_1726,n07718472,cucumber,cucumber_zucchini,1,0,Cucumbers,food|uk|england|greater|manchester|cucumber|salad,7,Cucumbers
n07718472_17272.JPEG,n07718472_17272,n07718472,cucumber,cucumber_zucchini,1,0,cucumbers,cucumber|food|fruit|grocery|groceries|market|green|color|colour,9,
n07718472_17353.JPEG,n07718472_17353,n07718472,cucumber,cucumber_zucchini,1,0,Thai Vegetables,Thailand|Thai|Bangkok|Food|Chatuchack|Veggies|Vegetables|Green|Fresh,9,Veggies for sale at the food market (aaw taaw gaaw) at Bangkok's famous weekend market. Labeled too!
n07718472_17366.JPEG,n07718472_17366,n07718472,cucumber,cucumber_zucchini,0,0,,,0,
n07718472_17398.JPEG,n07718472_17398,n07718472,cucumber,cucumber_zucchini,0,0,,,0,
n07718472_17407.JPEG,n07718472_17407,n07718472,cucumber,cucumber_zucchini,1,0,Cucumber vendor - Beijing,people|Chinese|food|vendors|vegetables|produce|market|markiets|cucumbers|green|China|中国|Beijing|北京|Alexandra Moss|Ali Moss,16,
n07718472_17415.JPEG,n07718472_17415,n07718472,cucumber,cucumber_zucchini,1,0,DSC01511,Virginia|Springtime|Farmersmarket|produce|Tamron 90mm f2.8|Sony DSLR-A700|cucumber|vegetable,8,
n07718472_17416.JPEG,n07718472_17416,n07718472,cucumber,cucumber_zucchini,0,1,,,0,
n07718472_17436.JPEG,n07718472_17436,n07718472,cucumber,cucumber_zucchini,0,1,,,0,
n07718472_17440.JPEG,n07718472_17440,n07718472,cucumber,cucumber_zucchini,1,1,IMGP7201,japanese cucumber|vegetable|James' garden,3,
n07718472_1751.JPEG,n07718472_1751,n07718472,cucumber,cucumber_zucchini,0,0,,,0,
n07718472_17518.JPEG,n07718472_17518,n07718472,cucumber,cucumber_zucchini,1,0,Making Pickles,cucumber|pickles|bread and butter pickles|onion|canning|preserving|home canning|home cooking|local food|localvore|our kitchen|vegetable,12,"The mix of cucumbers, onions, vinegar, and spices is brewing up in the pot on the stove. In another pot, we are boiling water to sterilize the cans and jars for the bread-and-butter pickles."
n07718472_17571.JPEG,n07718472_17571,n07718472,cucumber,cucumber_zucchini,0,1,,,0,
n07718472_17646.JPEG,n07718472_17646,n07718472,cucumber,cucumber_zucchini,0,0,,,0,
n07718472_17665.JPEG,n07718472_17665,n07718472,cucumber,cucumber_zucchini,1,0,Shaved Cucumber,vegan|tea|sandwiches|cucumber|cream cheese|tofutti,6,"<a href=""http://www.veganyumyum.com"" rel=""noreferrer nofollow"">www.veganyumyum.com</a>"
n07718472_17672.JPEG,n07718472_17672,n07718472,cucumber,cucumber_zucchini,0,0,,,0,
n07718472_17788.JPEG,n07718472_17788,n07718472,cucumber,cucumber_zucchini,0,1,,,0,
n07718472_17881.JPEG,n07718472_17881,n07718472,cucumber,cucumber_zucchini,0,0,,,0,
n07718472_17915.JPEG,n07718472_17915,n07718472,cucumber,cucumber_zucchini,1,0,Entwined,Isleworth|Middlesex|London|conservatory|the Great Conservatory|green|cucumber|vegetable|cucumbers|Syon Park|Syon House|faved|1-5-fav|geotagged|tommyajohansson,15,
n07718472_1793.JPEG,n07718472_1793,n07718472,cucumber,cucumber_zucchini,0,1,,,0,
n07718472_17947.JPEG,n07718472_17947,n07718472,cucumber,cucumber_zucchini,1,1,Vegetables for the week of 2005-08-02,organic|produce|pattypan|goldbug|vegetables|csa,6,
n07718472_17970.JPEG,n07718472_17970,n07718472,cucumber,cucumber_zucchini,0,0,,,0,
n07718472_1803.JPEG,n07718472_1803,n07718472,cucumber,cucumber_zucchini,0,1,,,0,
n07718472_18058.JPEG,n07718472_18058,n07718472,cucumber,cucumber_zucchini,0,0,,,0,
n07718472_1806.JPEG,n07718472_1806,n07718472,cucumber,cucumber_zucchini,0,0,,,0,
n07718472_18099.JPEG,n07718472_18099,n07718472,cucumber,cucumber_zucchini,1,0,Cucumber,vegetables|protrait,2,
n07718472_18116.JPEG,n07718472_18116,n07718472,cucumber,cucumber_zucchini,0,0,,,0,
n07718472_1813.JPEG,n07718472_1813,n07718472,cucumber,cucumber_zucchini,1,1,cukes on the board,,0,
n07718472_18145.JPEG,n07718472_18145,n07718472,cucumber,cucumber_zucchini,0,0,,,0,
n07718472_18197.JPEG,n07718472_18197,n07718472,cucumber,cucumber_zucchini,0,0,,,0,
n07718472_18201.JPEG,n07718472_18201,n07718472,cucumber,cucumber_zucchini,0,0,,,0,
n07718472_1821.JPEG,n07718472_1821,n07718472,cucumber,cucumber_zucchini,0,0,,,0,
n07718472_18210.JPEG,n07718472_18210,n07718472,cucumber,cucumber_zucchini,1,0,cucumbers,cucumbers|cooking|kitchen|food|vegetables,5,
n07718472_18211.JPEG,n07718472_18211,n07718472,cucumber,cucumber_zucchini,1,0,Greek Salad,Culinary Fool|Spring|Easter|Dinner|Vegetable|Olive|Cucumber|Cuke|tomato|Onion|Bowl|Spoon|Green|Red|blue|Yellow,16,"<a href=""http://culinaryfool.spaces.live.com/blog/cns!A7D1373D92F448FA!2721.entry"" rel=""noreferrer nofollow"">Easter Dinner</a>"
n07718472_18244.JPEG,n07718472_18244,n07718472,cucumber,cucumber_zucchini,1,0,Shrimp and Zucchini Stirfry with Crispy Basil,shrimp|zucchini|chili|basil|asian|cooking|food|photography|recipe,9,"recipe at <a href=""http://www.steamykitchen.com"" rel=""noreferrer nofollow"">www.steamykitchen.com</a>"
n07718472_18266.JPEG,n07718472_18266,n07718472,cucumber,cucumber_zucchini,0,0,,,0,
n07718472_18277.JPEG,n07718472_18277,n07718472,cucumber,cucumber_zucchini,1,1,Squash and Cucumber,vegetables|squash|cucumber,3,Veggie pickings 6-21-2007
n07718472_1829.JPEG,n07718472_1829,n07718472,cucumber,cucumber_zucchini,1,0,Mediterranean bounty,vegetable|tomato|zucchini|bean|carrot|cabbage|cucumber|market|stall|venice|venezia|italy|canon t70|35mm film|kodak gold|FD50 f/1.8|campello dell'anconeta|colour|red|green|green and red|purple|geo:lat=45.443923|geo:lon=12.328924|geotagged|world heritage site,26,"Fresh vegetable stall, Campello dell'Anconeta, Venice. <a href=""http://whc.unesco.org/en/list/394"" rel=""noreferrer nofollow"">UNESCO World Heritage Site</a>.  <a href=""http://maps.google.com?q=45.44392265367865,12.32892394065857(Mediterranean bounty)&amp;t=h"" rel=""noreferrer nofollow"">See where this picture was taken.</a> <a href=""http://www.flickr.com/groups/geotagging/discuss/72157594165549916/"">[?]</a>"
n07718472_18296.JPEG,n07718472_18296,n07718472,cucumber,cucumber_zucchini,0,0,,,0,
n07718472_18309.JPEG,n07718472_18309,n07718472,cucumber,cucumber_zucchini,0,0,,,0,
n07718472_18317.JPEG,n07718472_18317,n07718472,cucumber,cucumber_zucchini,0,0,,,0,
n07718472_1833.JPEG,n07718472_1833,n07718472,cucumber,cucumber_zucchini,0,0,,,0,
n07718472_18351.JPEG,n07718472_18351,n07718472,cucumber,cucumber_zucchini,1,0,Gazpacho makings from the garden,cucumber|tomato|parsley|hot pepper|green pepper|gaspacho|vegetables|garden|yum|healthy|tasty,11,
n07718472_18354.JPEG,n07718472_18354,n07718472,cucumber,cucumber_zucchini,1,0,Most expensive cucumber in the world???,Cumcumber|Vegetable,2,"Seen in West Store, Stanley, Falkland - yet alcohol is same prize as UK - the world is mad! <a href=""http://www.fihplc.com/operatingcompanies/index.php?section=2&amp;sub=1"" rel=""noreferrer nofollow"">www.fihplc.com/operatingcompanies/index.php?section=2&amp;amp...</a>"
n07718472_18379.JPEG,n07718472_18379,n07718472,cucumber,cucumber_zucchini,1,0,P5250051,plants|garden|vegetables|cucumbers|crops,5,
n07718472_18390.JPEG,n07718472_18390,n07718472,cucumber,cucumber_zucchini,1,0,Veggie Tray,August|2008|onion|tomatoes|cucumber|peppers|herbs|red|yellow|green|Michigan|food|vegetables,13,Bob is a master at presentation.
n07718472_18396.JPEG,n07718472_18396,n07718472,cucumber,cucumber_zucchini,1,0,garden born,2007|north carolina|vegetables|cucumbers,4,"For some reason, this picture is kind of not looking right to me, now."
n07718472_18464.JPEG,n07718472_18464,n07718472,cucumber,cucumber_zucchini,0,0,,,0,
n07718472_18465.JPEG,n07718472_18465,n07718472,cucumber,cucumber_zucchini,1,0,Hills in India,b|c|d|e|f|g|h|j|k|l|m|n|o|p|q|r|s|t|u|v|w|x|y|z|desi|india|punjab|himachal|shimla|manali|horseface|itunes8|tc50|photocampleeds|donauinselfest|slcc08|wereldhavendagen|setembre|ilotulitus|dallyinthealley|stgilesfair|spring2009|sndvegas|iknit|altc2008|tiff2008|alekskrotoski|laprincesse|tourofbritain|tropicalstormhanna|1080p action adventure american history animation anime art baby best cancelled tv shows bible biography blu-ray book business camera canon catholic children childrens books christian christianity christmas classic classic rock comedy comics cookbook cook,51,"Dosakai is a yellow cucumber available in parts of India. These vegetables are generally round in shape. It is commonly added in Sambar/Soup, Daal and also in making Dosa-Aavakaaya(Indian Pickle) and Chutney"
n07718472_18494.JPEG,n07718472_18494,n07718472,cucumber,cucumber_zucchini,0,1,,,0,
n07718472_185.JPEG,n07718472_185,n07718472,cucumber,cucumber_zucchini,0,1,,,0,
n07718472_18566.JPEG,n07718472_18566,n07718472,cucumber,cucumber_zucchini,1,0,Vegetables for the week of 2005-07-19,organic|produce|vegetables|csa,4,"Details <a href=""http://flickr.com/photos/gnuf/18098159/"">here</a>."
n07718472_18583.JPEG,n07718472_18583,n07718472,cucumber,cucumber_zucchini,1,0,cucumber!,cucumber|garden|2008|vegetable,4,
n07718472_18592.JPEG,n07718472_18592,n07718472,cucumber,cucumber_zucchini,1,0,Schnitzel with mashed potatoes and carrots,food|schnitzel|plate|paprika|vegetables|cucumber|mashed,7,Karen handcreated it all!  Ook wel schnitzel met pekesstoemp genoemd.
n07718472_18615.JPEG,n07718472_18615,n07718472,cucumber,cucumber_zucchini,0,0,,,0,
n07718472_18641.JPEG,n07718472_18641,n07718472,cucumber,cucumber_zucchini,1,1,Veggies from the Pearl Alley Farmers Market,columbus|columbusoh|farmersmarket|vegetables|market|food|squash|squashes|tomato|tomatoes|cucumber|cucumbers|veggies|slideshow,14,$5.50 for all of it.  The tomatoes and cucumbers are organic.
n07718472_18642.JPEG,n07718472_18642,n07718472,cucumber,cucumber_zucchini,0,0,,,0,
n07718472_18675.JPEG,n07718472_18675,n07718472,cucumber,cucumber_zucchini,1,1,Aug08 060,pickle|cucumber|container|vegetable|garden,5,
n07718472_18676.JPEG,n07718472_18676,n07718472,cucumber,cucumber_zucchini,1,0,Garden Salad,papa gino's|windsor locks|ct|hartford|food|squared circle|lettuce|onions|tomatoes|cucumber|croutons|salad|vegetables,13,"Papa Gino's 2 National Dr Windsor Locks, CT 06096"
n07718472_18682.JPEG,n07718472_18682,n07718472,cucumber,cucumber_zucchini,1,1,Market Day 6-28-08,vegetables|corn|apples|peaches|eggplant|potatoes|cucumber,7,"Produce from the Phoenix Downtown Market: corn, apples, peaches, white eggplant, potatoes, 4 kinds of cucumber: lemon, Armenian, English, and American"
n07718472_18725.JPEG,n07718472_18725,n07718472,cucumber,cucumber_zucchini,0,0,,,0,
n07718472_18766.JPEG,n07718472_18766,n07718472,cucumber,cucumber_zucchini,1,1,The first cuke,gardening|square foot gardening|vegetables|community garden,4,"I picked it today!  These are pickling (rather than slicing) cucumbers, so they are pretty short and compact.  Loads of little ones on the vine now, so it won't be long before I'll be having cucumber salad and maybe even making some pickles.  "
n07718472_1877.JPEG,n07718472_1877,n07718472,cucumber,cucumber_zucchini,0,1,,,0,
n07718472_18803.JPEG,n07718472_18803,n07718472,cucumber,cucumber_zucchini,0,0,,,0,
n07718472_18832.JPEG,n07718472_18832,n07718472,cucumber,cucumber_zucchini,1,0,Ulam,kuching|sarawak|malaysia|ulam|herbs|vegetables|dinner|Liyin|Food|Makan|Eat|http://www.flickr.com/people/liyin|Design|Liyin Photography|Liyin Design|Liyin Illustration|Liyin Cartoon & Caricature|Liyin Creative Professional|Liyin Designer|Liyin Graphic Design Malaysia|Liyin Traveler|Coolpix|Nikon Coolpix SQ|Creative|Studio|“Liyin”|Yeo”|“Lukisholic”|“liyincreative.com”|LiyinCreative|www.liyincreative.com|Designer in Malaysia|liyincreative.com|http://liyindesign.wordpress.com,34,"&quot;Ulam&quot; is a name given to a group of herbs and vegetables that are eaten raw or blached (quickly dip in hot water) that are eaten with rice. It can also normally eaten with some side seasoning like budu (grinded dried anchovies @ ikan billis or dried prawn @ udang bari), cencaluk (a spicy sauce made from tiny baby prawns, cillis and other seasoning) or sambal belacan (chilli paste made from dried fish or prawn paste); eaten with rice. Ulam is famous as daily fare for the Malay community in villages. Ulam is taken from many different portions of a plant. This includes the shoots, leaves, umbut (someone help me with this translation please, thanks), seed, fruit, root and sometimes the flower. Common vegetables such as cucumber, lettuce and eggplant is also used to make an Ulam dish. Traditional medicinal herbs are also used.  -----------------------------------------------------------------------------------------------------------------  &quot;Ulam&quot; is analogous to the Western practice of eating raw vegetables and fruits - whatever is in hand - in salads. The condiments differ, instead of salad dressings, various types of &quot;Sambal&quot;, typically &quot;Sambal Belacan&quot;( <a href=""http://www.flickr.com/photos/liyin/13767761/"">www.flickr.com/photos/liyin/13767761/</a>  ) is consumed."
n07718472_18837.JPEG,n07718472_18837,n07718472,cucumber,cucumber_zucchini,0,0,,,0,
n07718472_18839.JPEG,n07718472_18839,n07718472,cucumber,cucumber_zucchini,0,0,,,0,
n07718472_18840.JPEG,n07718472_18840,n07718472,cucumber,cucumber_zucchini,0,0,,,0,
n07718472_18855.JPEG,n07718472_18855,n07718472,cucumber,cucumber_zucchini,1,0,מלפפון ענק,huge cucumber|vegetables|green|nature huge cucumber,4,"זה מה שצמח לנו בגינה, וזה די טעים האמת...  "
n07718472_18871.JPEG,n07718472_18871,n07718472,cucumber,cucumber_zucchini,0,0,,,0,
n07718472_18880.JPEG,n07718472_18880,n07718472,cucumber,cucumber_zucchini,0,0,,,0,
n07718472_18885.JPEG,n07718472_18885,n07718472,cucumber,cucumber_zucchini,1,0,Cucumbers #1,vegetables|garden|vegetable garden|macro|produce|green and yellow|harvest|harvesting|crops|cucumbers|michigan|nature|bejitaburu|grønsager|groente|vihannes|légume|zöldségféle|pianta|grønsak|vegetal|verduras|Gemüse|Garten|have|hof|puutarha|jardin|kert|giardino|niwa|hage|jardim|садовый|jardín,35,
n07718472_18926.JPEG,n07718472_18926,n07718472,cucumber,cucumber_zucchini,1,0,Mmm... Coins?,cucmber|green|vegetable|cool|brasil|brazil|macro|close up|GreatFoodMacros,9,No... a cucumber.
n07718472_18934.JPEG,n07718472_18934,n07718472,cucumber,cucumber_zucchini,0,0,,,0,
n07718472_18937.JPEG,n07718472_18937,n07718472,cucumber,cucumber_zucchini,1,0,healfy fudie,odd|crazy|food|haircut|dessert|cake|vegetables|tomatoe|fish|bread|cucumber|yellow-pepper|moon-eclispe|desktop,14,
n07718472_18942.JPEG,n07718472_18942,n07718472,cucumber,cucumber_zucchini,0,1,,,0,
n07718472_1898.JPEG,n07718472_1898,n07718472,cucumber,cucumber_zucchini,1,0,Relaxed.,liz|relax|cucumber|sliced|vegetable|uk|england|family|daughter|girl,10,
n07718472_19001.JPEG,n07718472_19001,n07718472,cucumber,cucumber_zucchini,0,0,,,0,
n07718472_19009.JPEG,n07718472_19009,n07718472,cucumber,cucumber_zucchini,1,0,CSA - Week 8,csa|vegetables|egg|cucumber|potato|pepper|squash|zucchini|basil|zinnia|tomato|onion|flower|organic,14,"<a href=""http://mamaurchin.wordpress.com"" rel=""noreferrer nofollow"">mamaurchin.wordpress.com</a>"
n07718472_19051.JPEG,n07718472_19051,n07718472,cucumber,cucumber_zucchini,0,0,,,0,
n07718472_19069.JPEG,n07718472_19069,n07718472,cucumber,cucumber_zucchini,0,0,,,0,
n07718472_19100.JPEG,n07718472_19100,n07718472,cucumber,cucumber_zucchini,1,0,Juicy Cucumber,cucumber,1,This was SUCH a juicy cucumber. It was just leaking water all over the place. That's what made it so tasty.
n07718472_19104.JPEG,n07718472_19104,n07718472,cucumber,cucumber_zucchini,0,0,,,0,
n07718472_19114.JPEG,n07718472_19114,n07718472,cucumber,cucumber_zucchini,1,0,Cukes,food|plant|plants|garden|vegetable|cucumbers|green,7,
n07718472_19121.JPEG,n07718472_19121,n07718472,cucumber,cucumber_zucchini,1,1,veggin',cuke|cucumber|water|vegetable|food|dof|green|drop|glisten|sweat|droplet,11,
n07718472_19129.JPEG,n07718472_19129,n07718472,cucumber,cucumber_zucchini,1,1,Little Cucumber,earthbox|garden|tomato|pepper|squash|zucchini|cucumber|bell pepper|Earthbox Garden|vegetables|organic|home grown|garden7508,13,
n07718472_19135.JPEG,n07718472_19135,n07718472,cucumber,cucumber_zucchini,0,0,,,0,
n07718472_19159.JPEG,n07718472_19159,n07718472,cucumber,cucumber_zucchini,1,1,Cucumbers,cucumber|vegetable|garden|vegetable garden|Bahamas|San Salvador,6,
n07718472_19164.JPEG,n07718472_19164,n07718472,cucumber,cucumber_zucchini,1,0,garden #3248,harvest|cucumber|tomato|zucchini|carrot|beet|Burlington|Vermont|VT|05401|garden,11,"We pulled: 8 small carrots, 6 &quot;supersweet 100&quot; cherry tomatoes, 4 respectably-sized zucchinis, 7 beets about 1-2&quot; in diameter, and 10 freakin' huge cucumbers."
n07718472_19194.JPEG,n07718472_19194,n07718472,cucumber,cucumber_zucchini,1,0,Tzatziki Step 1,Condiment|Tzatziki|cucumber|dips|food|food photography|greek|sauces|vegetable|yogurt|www.fromthegalley.blogspot.com|Recipes,12,"De-seed cucumber (for tzatziki).   <a href=""http://fromthegalley.blogspot.com/2008/09/greek-gyro.html"" rel=""noreferrer nofollow"">Get the recipe at From the Galley.</a>"
n07718472_19202.JPEG,n07718472_19202,n07718472,cucumber,cucumber_zucchini,1,0,"pre swim snack : bread and mushroom pate, salad",vegetables|food diary|food journal|photo food journal|photo food diary|meal snapshots|cucumber|lettuce|seeds|yeast paste|bread,11,"See my food diary as a timeline at <a href=""http://www.made-accessible.com/foodjournal/foodjournal.php?username=vege"" rel=""noreferrer nofollow"">www.made-accessible.com/foodjournal/foodjournal.php?usern...</a> foodie&amp;range=week&amp;provider=flickr and try it out for yourself "
n07718472_19254.JPEG,n07718472_19254,n07718472,cucumber,cucumber_zucchini,1,0,Artistic,Green|Vegetables|Avocado|Asparagus|Lime|Cucumbers|Pullman,7,Inside a Pullman home.
n07718472_19329.JPEG,n07718472_19329,n07718472,cucumber,cucumber_zucchini,1,0,"My first harvest, freshly scrubbed.",home|garden|veggies|vegetable garden|flowers|yard|broccoli|cucumber|carrots,9,"Next year we'll make sure the soil is looser for the carrots next year...they were tasty, but stubby and oddly shaped.  Both Artie and Katie enjoy eating them out of the garden!"
n07718472_19346.JPEG,n07718472_19346,n07718472,cucumber,cucumber_zucchini,0,0,,,0,
n07718472_19428.JPEG,n07718472_19428,n07718472,cucumber,cucumber_zucchini,1,0,garden born,2007|north carolina|vegetables|cucumbers,4,
n07718472_19436.JPEG,n07718472_19436,n07718472,cucumber,cucumber_zucchini,1,1,Aug 25th - Cucumber,cucmber|garden 07|plot|flora|gardening|vegetable,6,The biggest of the bunch so far.  Approx 5&quot; long.
n07718472_1945.JPEG,n07718472_1945,n07718472,cucumber,cucumber_zucchini,1,1,Cukes,townsville|australia|garden|vegetables|tomatoes|cucumber|plants,7,
n07718472_19500.JPEG,n07718472_19500,n07718472,cucumber,cucumber_zucchini,0,0,,,0,
n07718472_1952.JPEG,n07718472_1952,n07718472,cucumber,cucumber_zucchini,0,1,,,0,
n07718472_19586.JPEG,n07718472_19586,n07718472,cucumber,cucumber_zucchini,0,0,,,0,
n07718472_1960.JPEG,n07718472_1960,n07718472,cucumber,cucumber_zucchini,1,1,Cucumber sticks,cucumber|food|vegetable,3,
n07718472_19614.JPEG,n07718472_19614,n07718472,cucumber,cucumber_zucchini,0,0,,,0,
n07718472_19619.JPEG,n07718472_19619,n07718472,cucumber,cucumber_zucchini,0,1,,,0,
n07718472_19637.JPEG,n07718472_19637,n07718472,cucumber,cucumber_zucchini,1,0,Frech Sliced Cucumbers from the Garden at the Farm,Produce|Veggies|Vegetables|Fresh|Garden|Summer|Summertime|Homegrown,8,
n07718472_19645.JPEG,n07718472_19645,n07718472,cucumber,cucumber_zucchini,1,0,Ready to Pickle,square foot gardening|canning|garden|back yard|summer|vegetables|ball jars|mason|canned|pickles|pickling|cucumbers,12,My cukes all washed and scrubbed up. We will see how they turn out in a few weeks after brining.  They are not officially &quot;pickling cucumbers&quot; so they may not be super crisp.   Grown in my square foot garden.
n07718472_19646.JPEG,n07718472_19646,n07718472,cucumber,cucumber_zucchini,1,0,your moment of zen,sassyradish|cooking|vegetables|cucumbers,4,"not as punchy as jon stewart's, but hey, i just cook, i don't read the news!"
n07718472_19652.JPEG,n07718472_19652,n07718472,cucumber,cucumber_zucchini,0,0,,,0,
n07718472_19662.JPEG,n07718472_19662,n07718472,cucumber,cucumber_zucchini,0,0,,,0,
n07718472_19675.JPEG,n07718472_19675,n07718472,cucumber,cucumber_zucchini,0,0,,,0,
n07718472_19691.JPEG,n07718472_19691,n07718472,cucumber,cucumber_zucchini,1,0,Cucumbers,Cucumbers|Pickles|Vegetables,3,
n07718472_19736.JPEG,n07718472_19736,n07718472,cucumber,cucumber_zucchini,0,0,,,0,
n07718472_19819.JPEG,n07718472_19819,n07718472,cucumber,cucumber_zucchini,1,1,7/29: First Cuke 100_0132,homegrown|vegetables|balcony|garden|brooklyn|new|york|local|organic|produce,10,"First cucumber of the season! This variety supposedly is best for container gardening because it doesn't grow all over the place...so far that's been true, but the plants are starting to get jungley. "
n07718472_19875.JPEG,n07718472_19875,n07718472,cucumber,cucumber_zucchini,0,0,,,0,
n07718472_19889.JPEG,n07718472_19889,n07718472,cucumber,cucumber_zucchini,0,0,,,0,
n07718472_1994.JPEG,n07718472_1994,n07718472,cucumber,cucumber_zucchini,0,0,,,0,
n07718472_19952.JPEG,n07718472_19952,n07718472,cucumber,cucumber_zucchini,0,1,,,0,
n07718472_20012.JPEG,n07718472_20012,n07718472,cucumber,cucumber_zucchini,1,0,cucumbers,food|vegetables|cucumber|lettuce|green|farmers market|vegan,7,From the Old Strathcona Farmers Market.
n07718472_20022.JPEG,n07718472_20022,n07718472,cucumber,cucumber_zucchini,0,0,,,0,
n07718472_20027.JPEG,n07718472_20027,n07718472,cucumber,cucumber_zucchini,0,0,,,0,
n07718472_20035.JPEG,n07718472_20035,n07718472,cucumber,cucumber_zucchini,1,0,big basket of cukes,cucumbers|gardening,2,We were just gone for three nights...
n07718472_20063.JPEG,n07718472_20063,n07718472,cucumber,cucumber_zucchini,1,0,"Market at Funchal, Madeira",Funchal|Market|mercado|markt|Madeira|fruit|vegetables|fish|garlic|cucumbers|sweetcorn|beans|potato|carrots|potatoes|apples,16,
n07718472_2009.JPEG,n07718472_2009,n07718472,cucumber,cucumber_zucchini,0,0,,,0,
n07718472_20092.JPEG,n07718472_20092,n07718472,cucumber,cucumber_zucchini,0,0,,,0,
n07718472_20116.JPEG,n07718472_20116,n07718472,cucumber,cucumber_zucchini,0,0,,,0,
n07718472_20134.JPEG,n07718472_20134,n07718472,cucumber,cucumber_zucchini,0,0,,,0,
n07718472_20198.JPEG,n07718472_20198,n07718472,cucumber,cucumber_zucchini,0,0,,,0,
n07718472_20201.JPEG,n07718472_20201,n07718472,cucumber,cucumber_zucchini,1,0,Just Picked,Maldives|Kashidhoo|Karaa|Cucumber|Fresh Vegetables,5,
n07718472_20234.JPEG,n07718472_20234,n07718472,cucumber,cucumber_zucchini,0,0,,,0,
n07718472_20288.JPEG,n07718472_20288,n07718472,cucumber,cucumber_zucchini,0,0,,,0,
n07718472_20423.JPEG,n07718472_20423,n07718472,cucumber,cucumber_zucchini,0,0,,,0,
n07718472_20450.JPEG,n07718472_20450,n07718472,cucumber,cucumber_zucchini,0,0,,,0,
n07718472_20508.JPEG,n07718472_20508,n07718472,cucumber,cucumber_zucchini,0,0,,,0,
n07718472_2052.JPEG,n07718472_2052,n07718472,cucumber,cucumber_zucchini,1,0,Harvest from our own garden,tomato|cucumber|vegetable|garden,4,
n07718472_20531.JPEG,n07718472_20531,n07718472,cucumber,cucumber_zucchini,1,0,garden harvest today,garden|vegetables|harvest|cucumbers|tomatoes,5,
n07718472_20591.JPEG,n07718472_20591,n07718472,cucumber,cucumber_zucchini,1,0,Spiny cucumbers,food|vegetables|fresh|produce|spiny|cucumbers,6,
n07718472_20595.JPEG,n07718472_20595,n07718472,cucumber,cucumber_zucchini,1,0,cucumbers,farmer's market|union square|gothamist|boat shoes|sebago|organic|produce|vegetables|farming|urban foodshed,10,
n07718472_2060.JPEG,n07718472_2060,n07718472,cucumber,cucumber_zucchini,1,1,SANY0832.jpg,vegetable|cucumber|potato|tomato|green soybean|26/08/2006|green pepper,7,
n07718472_20626.JPEG,n07718472_20626,n07718472,cucumber,cucumber_zucchini,1,1,Slice,cucumber|slice|vegetable|green|crisp|cold|cool as a cucumber|thomas robertson|nikon|d40|50mm Nikkor 1:1.8D,11,Cucumber 
n07718472_20639.JPEG,n07718472_20639,n07718472,cucumber,cucumber_zucchini,1,0,P1080360,farmers-market|green|cucumbers|corn|cabbage|vegetables,6,
n07718472_20647.JPEG,n07718472_20647,n07718472,cucumber,cucumber_zucchini,1,0,Runner beans and mini-cucumber,runner|beans|cucumber,3,Runner beans and mini-cucumber just picked
n07718472_20654.JPEG,n07718472_20654,n07718472,cucumber,cucumber_zucchini,1,0,Day 8 - Cucumbers,cucumbers|grocery|vegetable|project365,4,
n07718472_20689.JPEG,n07718472_20689,n07718472,cucumber,cucumber_zucchini,1,0,cucumbers,cucumbers|vegetable,2,at marin county farmer's market
n07718472_20751.JPEG,n07718472_20751,n07718472,cucumber,cucumber_zucchini,1,1,"Cheesy Pasta, Meatballs & Salad",Cheesy|Pasta|Meatballs|Salad|tomato|cucumber|lettuce|meat|cheese|italian|dinner|meal|food|cooking|lunch|eat|eating|plate|Mediterranean|Vegetable|Cannelloni,21,
n07718472_20761.JPEG,n07718472_20761,n07718472,cucumber,cucumber_zucchini,0,1,,,0,
n07718472_20774.JPEG,n07718472_20774,n07718472,cucumber,cucumber_zucchini,0,0,,,0,
n07718472_20855.JPEG,n07718472_20855,n07718472,cucumber,cucumber_zucchini,1,0,Aug 07 227,color|garden|reflection|vegetables|cucumber|tomatoes,6,
n07718472_20908.JPEG,n07718472_20908,n07718472,cucumber,cucumber_zucchini,1,0,Prize Veggies,garrett|county|fair|agriculture|agricultural|mchenry|md|maryland|garrett county fair|vegetables|veggies|cucumber|cucumbers|squash|cabbage|gourd|gourds|carrot|carrots|prize|ribbon|ribbons,22,
n07718472_2093.JPEG,n07718472_2093,n07718472,cucumber,cucumber_zucchini,1,0,cucumbers,kent|ohio|farmer's|market|vegetables|farmer's market,6,Cucumbers / Kent Farmer's Market 7/21/07
n07718472_20946.JPEG,n07718472_20946,n07718472,cucumber,cucumber_zucchini,1,0,Greens,food|cooking|vegetables|tomatoes|spinach|cucumbers,6,
n07718472_20953.JPEG,n07718472_20953,n07718472,cucumber,cucumber_zucchini,1,1,Lunch 25 July 2008,healthy lunch|diet lunch|work lunch|packed lunch|healthy packed lunch|healthy packed lunches|healthy work lunches|healthy|lunch|packed|diet|frugal|cheap|economic,14,
n07718472_20996.JPEG,n07718472_20996,n07718472,cucumber,cucumber_zucchini,1,0,Cucumbers,cucumbers|vegetables,2,First veggies of the season - June 20.
n07718472_210.JPEG,n07718472_210,n07718472,cucumber,cucumber_zucchini,0,0,,,0,
n07718472_21000.JPEG,n07718472_21000,n07718472,cucumber,cucumber_zucchini,0,0,,,0,
n07718472_21014.JPEG,n07718472_21014,n07718472,cucumber,cucumber_zucchini,0,0,,,0,
n07718472_2107.JPEG,n07718472_2107,n07718472,cucumber,cucumber_zucchini,0,1,,,0,
n07718472_21089.JPEG,n07718472_21089,n07718472,cucumber,cucumber_zucchini,1,0,produce,india|dharamshalla|carrot|banana|cucumber|tomato|vegetables,7,
n07718472_2110.JPEG,n07718472_2110,n07718472,cucumber,cucumber_zucchini,1,1,20080724 harvest1 small,peppers|cucumbers|tomatoes|strawberries|chicago|rooftop|container|vegetable|garden,9,picking a few veggies every other day or so.  
n07718472_21111.JPEG,n07718472_21111,n07718472,cucumber,cucumber_zucchini,1,0,"Crispy salad, cucumbers & carrots stage",salad|vegetables|carrots|cucumbers|almonds|crispy|cooking|food|green|orange|d40x,11,
n07718472_2113.JPEG,n07718472_2113,n07718472,cucumber,cucumber_zucchini,1,0,future pickles,cucumbers|produce|vegetables|st paul farmers' market,4,
n07718472_21149.JPEG,n07718472_21149,n07718472,cucumber,cucumber_zucchini,1,0,Cutting Cucumber,homemade|selfmade|diy|sushi|maki|rolls|salmon|surimi|avocado|cucumber|home,11,Ummm yeah
n07718472_21156.JPEG,n07718472_21156,n07718472,cucumber,cucumber_zucchini,1,0,Salad Veg,2star|bell|board|Canada|Chalet|cherry|chop|chopped|chopping|cottage|country|cucumber|cut|cutting|delicious|disk|fresh|health|healthy|healty|holiday|houses|indoors|interior|juicy|kitchen|knife|life|light|natural|nutritious|peaceful|pepper|preparing|preperation|pretty|property|province|Quebec|quiet|red|relaxed|rent|renting|rural|rustic|salad|sliced|Tadoussac|taste|tasty|tomatos|traditional|tranquil|utensiles|variety|Vegetable|Vegetables|vegetarian|vitamin|wooden|work|yellow,63,"Chopping board with vegetables for salad. Chalet Cottage, Tadoussac, Quebec Province, Canada."
n07718472_21157.JPEG,n07718472_21157,n07718472,cucumber,cucumber_zucchini,0,0,,,0,
n07718472_21222.JPEG,n07718472_21222,n07718472,cucumber,cucumber_zucchini,1,0,Cucumbers,cucumbers|concombres|Marché Jean-Talon|Jean-Talon Market|légumes|vegetables|market|marché|Zouloukistan|Nikon|D80,11,Concombres au marché Jean-Talon. Ils sont meilleurs encore qu'ils ne paraissent :D
n07718472_21300.JPEG,n07718472_21300,n07718472,cucumber,cucumber_zucchini,1,0,PICT4133,Hungary|Budapest|Vámház Körút|Nagy Vásárcsarnok|Central Market Hall|Fruit|Vegetables|Tomatoes|Cucumbers|Uborka|Peppers|Paprika,12,
n07718472_21305.JPEG,n07718472_21305,n07718472,cucumber,cucumber_zucchini,1,0,pickling cucumbers,salad|vegetable|food|produce,4,
n07718472_21335.JPEG,n07718472_21335,n07718472,cucumber,cucumber_zucchini,1,0,1 Big Japanese cucumber!,japanese cucumber|vegetables|garden,3,DH is checking out his first cucumber from his Birthday plants. We're having a cucumber salad tonight!
n07718472_2134.JPEG,n07718472_2134,n07718472,cucumber,cucumber_zucchini,1,1,,vegetables|scallion|pepper|cucumber|macaroni salad|onion|green bean|asparagus|4.7mm|wide angle,10,
n07718472_21365.JPEG,n07718472_21365,n07718472,cucumber,cucumber_zucchini,0,0,,,0,
n07718472_21386.JPEG,n07718472_21386,n07718472,cucumber,cucumber_zucchini,0,1,,,0,
n07718472_21406.JPEG,n07718472_21406,n07718472,cucumber,cucumber_zucchini,0,1,,,0,
n07718472_21427.JPEG,n07718472_21427,n07718472,cucumber,cucumber_zucchini,1,1,June 23 020,garden|vegetables|cucumbers,3,Found another cucumber
n07718472_2147.JPEG,n07718472_2147,n07718472,cucumber,cucumber_zucchini,0,0,,,0,
n07718472_21556.JPEG,n07718472_21556,n07718472,cucumber,cucumber_zucchini,1,0,Veggies,film|slide|transparency|positive|fuji|velvia|rvp100|minolta|autocord|tlr|twin lens reflex|medium format|square|minolta autocord|vintage|raleigh|triangle|trianglefilm20080720|farmers market|vegetables|eggplant|cucumbers|squash|purple|green|produce|local|food|crates|xmlns:lld=http://lalitree.com|lld:subj=all|lld:subj=plantsanimals|lld:subj=4portfolio,33,Minolta Autocord | Fuji Velvia 100
n07718472_2156.JPEG,n07718472_2156,n07718472,cucumber,cucumber_zucchini,1,1,Cukes,vegetable|cucumber|garden|green,4,
n07718472_21567.JPEG,n07718472_21567,n07718472,cucumber,cucumber_zucchini,1,1,Cucumber,allotment|garden|vegetables|greenhouse|cucumber,5,Cucumber in greenhouse at allotment
n07718472_21568.JPEG,n07718472_21568,n07718472,cucumber,cucumber_zucchini,0,0,,,0,
n07718472_2157.JPEG,n07718472_2157,n07718472,cucumber,cucumber_zucchini,1,0,Cukes,Culinary Fool|Farmers' Market|University District|Seattle|Produce|Vegetable|Cucumber|FM,8,
n07718472_21578.JPEG,n07718472_21578,n07718472,cucumber,cucumber_zucchini,0,0,,,0,
n07718472_2158.JPEG,n07718472_2158,n07718472,cucumber,cucumber_zucchini,1,0,DSC02051,Vegetable|platter|cucumber|red pepper|celery|food,6,
n07718472_21591.JPEG,n07718472_21591,n07718472,cucumber,cucumber_zucchini,0,0,,,0,
n07718472_21629.JPEG,n07718472_21629,n07718472,cucumber,cucumber_zucchini,1,0,Veggies,Cucumbers|Celery|Carrots|Vegetable|Veggies,5,Veggie Plate
n07718472_21631.JPEG,n07718472_21631,n07718472,cucumber,cucumber_zucchini,0,1,,,0,
n07718472_21662.JPEG,n07718472_21662,n07718472,cucumber,cucumber_zucchini,0,0,,,0,
n07718472_21669.JPEG,n07718472_21669,n07718472,cucumber,cucumber_zucchini,0,0,,,0,
n07718472_21699.JPEG,n07718472_21699,n07718472,cucumber,cucumber_zucchini,1,0,Fruits of the Soil,farmer's market Tulsa Oklahoma Cherry Street Cherry Street Farmer's Market vegetables market flowers llama Saturday morning shop fresh veggies fresh vegetables|cucumbers|squash,3," Saturday morning Farmers Market on Cherry Street, Tulsa, Oklahoma."
n07718472_217.JPEG,n07718472_217,n07718472,cucumber,cucumber_zucchini,1,0,Street Fresh,India|Delhi|busy|streets|soaking|cucumbers|vegetable|salesman|street,9,Vegetable street salesman soaks his cucumbers.
n07718472_21726.JPEG,n07718472_21726,n07718472,cucumber,cucumber_zucchini,1,0,Salad,CSA|Hellgate CSA|cucumber|food|lettuce|onion|salad|vegetable,8,Salad with our CSA lettuce.
n07718472_21735.JPEG,n07718472_21735,n07718472,cucumber,cucumber_zucchini,1,1,First Cucumber,garden|plants|vegetables,3,Almost 14 inches!
n07718472_21762.JPEG,n07718472_21762,n07718472,cucumber,cucumber_zucchini,1,0,Lots of Pickles,Maynard|MA|Farmers' Market|Mill|vegetables|food|summer|produce|farm|pickling|cucumbers,11,
n07718472_21795.JPEG,n07718472_21795,n07718472,cucumber,cucumber_zucchini,0,0,,,0,
n07718472_21826.JPEG,n07718472_21826,n07718472,cucumber,cucumber_zucchini,1,0,Clagett Farm CSA Week 5,food|clagett|farm|csa|community|supported|agriculture|fresh|herbs|vegetables|fruit,11,"cucumber, sage, peas, radishes and lettuce"
n07718472_21827.JPEG,n07718472_21827,n07718472,cucumber,cucumber_zucchini,0,0,,,0,
n07718472_2184.JPEG,n07718472_2184,n07718472,cucumber,cucumber_zucchini,0,1,,,0,
n07718472_21929.JPEG,n07718472_21929,n07718472,cucumber,cucumber_zucchini,1,0,vegetable,iFlickr|Garlic|Cucumber|Celery|Vegetable|Basket|food|Table|Radish|Green|delecioss,11,
n07718472_21939.JPEG,n07718472_21939,n07718472,cucumber,cucumber_zucchini,0,0,,,0,
n07718472_21946.JPEG,n07718472_21946,n07718472,cucumber,cucumber_zucchini,1,0,Diana's salad with lovely red onion,salad|tomatoes|cucumber|red onion|maize|corn|vegetable|yummy|food,9,
n07718472_21964.JPEG,n07718472_21964,n07718472,cucumber,cucumber_zucchini,0,0,,,0,
n07718472_21994.JPEG,n07718472_21994,n07718472,cucumber,cucumber_zucchini,0,1,,,0,
n07718472_22043.JPEG,n07718472_22043,n07718472,cucumber,cucumber_zucchini,0,0,,,0,
n07718472_22059.JPEG,n07718472_22059,n07718472,cucumber,cucumber_zucchini,0,0,,,0,
n07718472_22082.JPEG,n07718472_22082,n07718472,cucumber,cucumber_zucchini,0,1,,,0,
n07718472_22091.JPEG,n07718472_22091,n07718472,cucumber,cucumber_zucchini,1,0,07/19/08,vegetables|market|radish|cauliflower|purple|brokkoli|cucumber|yellow bell pepper|lettuce|parsley|healthy|fresh,12,"fresh vegetables from the farmers' market! yum!  there's this one stand that offers the most &quot;attractive&quot; vegetables - people would always line up there - just as mauti and me do every week. it's worth it! things are amazing there. today I reached the magic ammount limit or something - I got parsley for free. so cute, hm? I'm deeply in love with the farmers' market. and with how friendly people are there. and with the breakfasts mauti and me share afterwards. he often buys cool cheese there. today we got 1 1/2 year old emmentaler! and some other things. and rucola-parmecano-baguette. heaven!"
n07718472_22111.JPEG,n07718472_22111,n07718472,cucumber,cucumber_zucchini,0,0,,,0,
n07718472_22138.JPEG,n07718472_22138,n07718472,cucumber,cucumber_zucchini,1,0,Edible Art,carrots|eggplant|cucumber|beans|vegetables|China|Chinese|grocery|shopping|market|food|vendors|Kunming|Yunnan|superhearts|Explore,16,"Taken at a market in Kunming, Yunnan, China"
n07718472_22141.JPEG,n07718472_22141,n07718472,cucumber,cucumber_zucchini,0,0,,,0,
n07718472_22159.JPEG,n07718472_22159,n07718472,cucumber,cucumber_zucchini,1,0,Feed da Baby Bump,food|supper|salad|fish|vegetables|carrots|tomatoes|lettuce|cucumbers|zucchini,10,"Supper I made - August 14, 2008 "
n07718472_22186.JPEG,n07718472_22186,n07718472,cucumber,cucumber_zucchini,1,1,Gurke,Garten|garden,2,"Im garten meiner Eltern gibt es viel Gemüse, hier sehen wir zum Beispiel Gurken.  In my parents garden there are many vegetables, here for example cucumber.  I mina föräldrars trädgård, här t.ex. gurkor."
n07718472_22207.JPEG,n07718472_22207,n07718472,cucumber,cucumber_zucchini,0,0,,,0,
n07718472_22208.JPEG,n07718472_22208,n07718472,cucumber,cucumber_zucchini,0,0,,,0,
n07718472_22214.JPEG,n07718472_22214,n07718472,cucumber,cucumber_zucchini,0,0,,,0,
n07718472_22218.JPEG,n07718472_22218,n07718472,cucumber,cucumber_zucchini,1,1,June 2005 Cucumber,georgia|flowers|gardening|vegetables,4,"Half formed Cucumber. We've already had the pleasure of eating several cukes off the vine, and boy are they delicious!"
n07718472_22222.JPEG,n07718472_22222,n07718472,cucumber,cucumber_zucchini,1,0,Cool n' Crunchy,salad|cucumber|vegetables|peppers|carrots|red|orange|green|Canon Digital Rebel XTi|Canon,10,Beats &quot;Good n' Plenty&quot; any day!
n07718472_2224.JPEG,n07718472_2224,n07718472,cucumber,cucumber_zucchini,1,0,"Fruit and vegetables for sale, Main bazaar",Kuching|12-04|Malaysia|Sarawak|Borneo|Chilli|bazaar|padi|cucumbers|tomatoes,10,"Chilli, chilli padi, cucumbers, tomatoes"
n07718472_22318.JPEG,n07718472_22318,n07718472,cucumber,cucumber_zucchini,0,0,,,0,
n07718472_2232.JPEG,n07718472_2232,n07718472,cucumber,cucumber_zucchini,0,0,,,0,
n07718472_22323.JPEG,n07718472_22323,n07718472,cucumber,cucumber_zucchini,0,0,,,0,
n07718472_22327.JPEG,n07718472_22327,n07718472,cucumber,cucumber_zucchini,1,0,Vegetable Platter,vegetable|platter|dip|tomatoes|celery|cucumbers|carrots|food,8,
n07718472_22346.JPEG,n07718472_22346,n07718472,cucumber,cucumber_zucchini,1,0,Saturday harvest,tomato|cucumber|cubanelle|garden|organic|victory garden|vegetables|Murfreesboro|Tennessee,9,"tomatoes, cucumbers, and cubanelles from the garden just minutes ago"
n07718472_22350.JPEG,n07718472_22350,n07718472,cucumber,cucumber_zucchini,1,0,this cucumber wants to be a pickle,garden|home grown|veggie|vegetable|edible|cucumber|hand|me,8,
n07718472_22364.JPEG,n07718472_22364,n07718472,cucumber,cucumber_zucchini,1,0,"lychee, cucumbers, El Salvador",fruit|vegetables|El Salvador,3,
n07718472_22372.JPEG,n07718472_22372,n07718472,cucumber,cucumber_zucchini,0,0,,,0,
n07718472_2238.JPEG,n07718472_2238,n07718472,cucumber,cucumber_zucchini,1,1,Caught in Action!,"cucumber|vegetable|garden|vegetable garden|summer|labrador|retriever|labrador retriever, lab, black lab, black labrador retriever, stealing, garden thief|theif|chew|harvest",11,"Mesa was caught stealing one of the cucumbers off of the vine, even WITH the fence up!  Both of our labradors love to chew on these vegetables!"
n07718472_22390.JPEG,n07718472_22390,n07718472,cucumber,cucumber_zucchini,0,0,,,0,
n07718472_224.JPEG,n07718472_224,n07718472,cucumber,cucumber_zucchini,0,1,,,0,
n07718472_22416.JPEG,n07718472_22416,n07718472,cucumber,cucumber_zucchini,1,0,Garden's Bounty,Cucumbers|chives|tomatoes|vegetable garden|bounty|stringbeans,6,"Despite its ugliness, our garden has been very productive this summer. Lots of delicious, fresh cucumbers and cherry tomatoes! Plus a few stringbeans and lots of chives from the plants Maureen and Logan gave me for Mothers' Day. We're going to try to tarp them if we get any early frosts. In the meantime - Yummy, Yummy!"
n07718472_22428.JPEG,n07718472_22428,n07718472,cucumber,cucumber_zucchini,0,0,,,0,
n07718472_22475.JPEG,n07718472_22475,n07718472,cucumber,cucumber_zucchini,1,0,Veggie Souk Dubai,beans|broccoli|cucumbers|Dubai|eggplant|frutas|market|mercado|middle east|souk|tomatos|UAE|vegetables|vegetales|Evan Lawrence Bench,15,The veggie souk in dubai
n07718472_22500.JPEG,n07718472_22500,n07718472,cucumber,cucumber_zucchini,1,0,Aspragus and Cucumber salad,food|salad|vegetables|syttendemai|17mai|norwegianfood|scandinavianfood,7,at Syttende Mai celebrated at Sand and Phil's
n07718472_22508.JPEG,n07718472_22508,n07718472,cucumber,cucumber_zucchini,0,0,,,0,
n07718472_22526.JPEG,n07718472_22526,n07718472,cucumber,cucumber_zucchini,1,0,Cucumbers,USA|Georgia|Barney|vegetable|dilojun05|cucumber,6,"June 21, 2005 - Day in the Life Of Group Pool: Summer Solstice in south Georgia, USA."
n07718472_22531.JPEG,n07718472_22531,n07718472,cucumber,cucumber_zucchini,0,0,,,0,
n07718472_22533.JPEG,n07718472_22533,n07718472,cucumber,cucumber_zucchini,0,0,,,0,
n07718472_22558.JPEG,n07718472_22558,n07718472,cucumber,cucumber_zucchini,0,0,,,0,
n07718472_22563.JPEG,n07718472_22563,n07718472,cucumber,cucumber_zucchini,1,0,"Sundog CSA, Week of August 17",peaches|apples|cucumbers|okra|tomatoes|garlic|vegetables|csa,8,"Lots more apples and peaches. I think there will be some cobblers going in the freezer.  More cucumber and tomato salads (we've been eating them pretty much nightly, and so far I still like them)."
n07718472_22570.JPEG,n07718472_22570,n07718472,cucumber,cucumber_zucchini,0,0,,,0,
n07718472_22586.JPEG,n07718472_22586,n07718472,cucumber,cucumber_zucchini,1,0,Vegetable stall,Mumbai|India|Vegetables|onion|corn|cucumber|aubergine|man|newspaper,9,
n07718472_22636.JPEG,n07718472_22636,n07718472,cucumber,cucumber_zucchini,1,0,Lunch 24 July 2008,healthy lunch|diet lunch|work lunch|packed lunch|healthy packed lunch|healthy packed lunches|healthy work lunches|healthy|lunch|packed|diet|frugal|cheap|economic,14,
n07718472_22641.JPEG,n07718472_22641,n07718472,cucumber,cucumber_zucchini,0,0,,,0,
n07718472_22646.JPEG,n07718472_22646,n07718472,cucumber,cucumber_zucchini,0,0,,,0,
n07718472_22658.JPEG,n07718472_22658,n07718472,cucumber,cucumber_zucchini,1,0,Bento - 7th July 2006 -,bento|japan|food|lunch|box|弁当|ランチ|お昼　ご飯　ごはん　おひるごはん|yum yum kitchen,9,"Fried chicken brest, cucumber from kitchen garden and seasonal vegetable Chinese taste......<a href=""http://www.1101.com/taro_money/whats_taro_day.html"" rel=""noreferrer nofollow"">Happy TARO DAY!</a>"
n07718472_22668.JPEG,n07718472_22668,n07718472,cucumber,cucumber_zucchini,0,0,,,0,
n07718472_2280.JPEG,n07718472_2280,n07718472,cucumber,cucumber_zucchini,0,0,,,0,
n07718472_2286.JPEG,n07718472_2286,n07718472,cucumber,cucumber_zucchini,0,0,,,0,
n07718472_2296.JPEG,n07718472_2296,n07718472,cucumber,cucumber_zucchini,0,1,,,0,
n07718472_2298.JPEG,n07718472_2298,n07718472,cucumber,cucumber_zucchini,0,0,,,0,
n07718472_2304.JPEG,n07718472_2304,n07718472,cucumber,cucumber_zucchini,0,1,,,0,
n07718472_2309.JPEG,n07718472_2309,n07718472,cucumber,cucumber_zucchini,1,1,Cucumbers again ?,Capsicum|Vegetables,2,"These are cocoumbers or gherkins, not so sure."
n07718472_2325.JPEG,n07718472_2325,n07718472,cucumber,cucumber_zucchini,0,1,,,0,
n07718472_233.JPEG,n07718472_233,n07718472,cucumber,cucumber_zucchini,1,0,dinner - beef with cucumbers & zucchini,low carb|beef|dinner|meal|food|cucumbers|zucchini|vegetables|veggies|healthy|10 Million Photos,11,"March 22, 2008 - I had to have seconds it was so good. Brad gave me the leaner cuts of beef. Notice I don't have a starch side dish."
n07718472_2352.JPEG,n07718472_2352,n07718472,cucumber,cucumber_zucchini,0,0,,,0,
n07718472_2399.JPEG,n07718472_2399,n07718472,cucumber,cucumber_zucchini,0,0,,,0,
n07718472_2412.JPEG,n07718472_2412,n07718472,cucumber,cucumber_zucchini,0,0,,,0,
n07718472_2431.JPEG,n07718472_2431,n07718472,cucumber,cucumber_zucchini,0,1,,,0,
n07718472_2500.JPEG,n07718472_2500,n07718472,cucumber,cucumber_zucchini,1,0,,cucumber|flower|green|vegetables|kitchen,5,Playing with a cucumber. 
n07718472_2507.JPEG,n07718472_2507,n07718472,cucumber,cucumber_zucchini,0,0,,,0,
n07718472_2509.JPEG,n07718472_2509,n07718472,cucumber,cucumber_zucchini,1,0,Cucumbers,David Kozlowski|Dallas Photoworks|Southlake|Texas|Dallas Photographer|Fort Worth Photographer|Distinctive|Unique|Beautiful|Photographer|Award-Winning|green|cucumbers|©David|Kozlowski|dallasphotoworks.com|all|rights|reserved,19,"<a href=""http://www.flickr.com/photos/traveller2020/sets/72157600451557774/"">Fruit &amp; Vegetables set</a>"
n07718472_2525.JPEG,n07718472_2525,n07718472,cucumber,cucumber_zucchini,1,0,Yummy Veggie Salad!,vegetarian|vegan|food|raw|yummy|delicious|tasty|veggies|vegetables|carrots|broccoli|peppers|cucumber|healthy|salad|lettuce|spinach,17,"Iceburg lettuce, spinach, broccoli, carrots, red peppers, and cucumbers."
n07718472_2555.JPEG,n07718472_2555,n07718472,cucumber,cucumber_zucchini,0,1,,,0,
n07718472_2565.JPEG,n07718472_2565,n07718472,cucumber,cucumber_zucchini,1,1,two cukes,,0,
n07718472_2578.JPEG,n07718472_2578,n07718472,cucumber,cucumber_zucchini,0,0,,,0,
n07718472_2581.JPEG,n07718472_2581,n07718472,cucumber,cucumber_zucchini,1,0,veggies.,food|vegetables|veggies|carrots|cucumber|tomato|ginger,7,"there are ginger, tomatoes, cucumber, and carrots. choose yours. :D"
n07718472_2598.JPEG,n07718472_2598,n07718472,cucumber,cucumber_zucchini,0,0,,,0,
n07718472_2609.JPEG,n07718472_2609,n07718472,cucumber,cucumber_zucchini,1,1,Cucumber,Cucumber|Tiles|White|Contrast|Shadow|Lighting|Unusual|Everyday|Urban,9,"[Colour in the Everyday]  For this series, an attempt has been made to provoke the viewer of the images to ask questions...  Questions such as “Why?”  All of the images in the series include a green fruit or vegetable. Each of the photographs was compiled in a very specific way, with attention given to complimentary colours, contrasts / harmonies and framing. The images have been designed to work well together as a series, and also to work well when looked at individually."
n07718472_262.JPEG,n07718472_262,n07718472,cucumber,cucumber_zucchini,0,0,,,0,
n07718472_2621.JPEG,n07718472_2621,n07718472,cucumber,cucumber_zucchini,0,0,,,0,
n07718472_2648.JPEG,n07718472_2648,n07718472,cucumber,cucumber_zucchini,1,1,Dew Drops,Vegetable|Fruit|Cucumber|dew|water|drops|white|food,8,"Dew drops on a cucumber. This is not water, but sap from the fruit itself."
n07718472_2655.JPEG,n07718472_2655,n07718472,cucumber,cucumber_zucchini,1,0,Cucumbers,food|cucumber|salad|d50|vegetable,5,
n07718472_2663.JPEG,n07718472_2663,n07718472,cucumber,cucumber_zucchini,0,0,,,0,
n07718472_2685.JPEG,n07718472_2685,n07718472,cucumber,cucumber_zucchini,1,1,Italian tomato & cucumber,vegetable|Italian tomato|cucmber|optio a40,4,
n07718472_27.JPEG,n07718472_27,n07718472,cucumber,cucumber_zucchini,0,1,,,0,
n07718472_2718.JPEG,n07718472_2718,n07718472,cucumber,cucumber_zucchini,1,1,The cucumber gift basket,Full Circle Farm|Sunnyvale|Community Farm|produce|vegetable|upcoming:event=1014042|Sunnyvale California|SunnyvaleRocks|siliconvalley,9,
n07718472_2723.JPEG,n07718472_2723,n07718472,cucumber,cucumber_zucchini,1,0,Veggie Travel Bento For One,bento|bread|broccoli|carrots|cucumber|food|food diary|no knead|scramble|tofu|tomatoes|vegetables|vegetarian|yogurt,14,"Tofu scramble, whole wheat no knead bread, carrots, broccoli, tomatoes, cucumber, avocado, yogurt, clementines."
n07718472_2777.JPEG,n07718472_2777,n07718472,cucumber,cucumber_zucchini,0,0,,,0,
n07718472_2781.JPEG,n07718472_2781,n07718472,cucumber,cucumber_zucchini,1,0,Vegetables,vegetable|vegetables|veggies|red pepper|mushroom|cucumber|carrot|tomato|celery|food|snacks,11,Vegetables all cut up by Orpheus for our snacks at the bbq.
n07718472_280.JPEG,n07718472_280,n07718472,cucumber,cucumber_zucchini,0,1,,,0,
n07718472_284.JPEG,n07718472_284,n07718472,cucumber,cucumber_zucchini,1,0,IMG_1670,food|vegan|vegetarian|sunflowerseeds|cucumber|tomatoe|vegetables|green|red,9,Red and green tossed together
n07718472_2841.JPEG,n07718472_2841,n07718472,cucumber,cucumber_zucchini,0,0,,,0,
n07718472_2854.JPEG,n07718472_2854,n07718472,cucumber,cucumber_zucchini,0,1,,,0,
n07718472_2857.JPEG,n07718472_2857,n07718472,cucumber,cucumber_zucchini,0,1,,,0,
n07718472_2861.JPEG,n07718472_2861,n07718472,cucumber,cucumber_zucchini,0,0,,,0,
n07718472_2870.JPEG,n07718472_2870,n07718472,cucumber,cucumber_zucchini,0,0,,,0,
n07718472_2876.JPEG,n07718472_2876,n07718472,cucumber,cucumber_zucchini,1,1,cucumber  July 11th 2006,cucumber|green|garden|vegetable,4,Japanese cucumber- yoshinari  Cucumis（ククミス）は、ラテン語の        「cucuma（壷形の容器）」が語源。
n07718472_2878.JPEG,n07718472_2878,n07718472,cucumber,cucumber_zucchini,0,0,,,0,
n07718472_288.JPEG,n07718472_288,n07718472,cucumber,cucumber_zucchini,1,0,Cucumbers,cucumber|green|vegetable|japan|japanese|marinated|d70|sanfrancisco,8,
n07718472_2882.JPEG,n07718472_2882,n07718472,cucumber,cucumber_zucchini,1,1,garden 008,garden|vegetables|vegetable garden|roses|daisy|daisies|flowers|tomatoes|eggplant|cucumbers|peppers|watermelon,12,
n07718472_289.JPEG,n07718472_289,n07718472,cucumber,cucumber_zucchini,0,0,,,0,
n07718472_2890.JPEG,n07718472_2890,n07718472,cucumber,cucumber_zucchini,0,0,,,0,
n07718472_2892.JPEG,n07718472_2892,n07718472,cucumber,cucumber_zucchini,1,1,9/5: Colorful Harvest   100_0069,heirloom|garden|vegetable|balcony|brooklyn|new|york|city|organic|local|produce|kensington|cucumber|cayenne|tomato,15,"More cayennes, cherry tomatoes, and a whale-shaped cucumber, along with the first of only three tomatoes to come from our strangely crippled little Patio Heirloom plant (which is still less than 2' high and, until August, had oddly gnarled little leaves). "
n07718472_2907.JPEG,n07718472_2907,n07718472,cucumber,cucumber_zucchini,0,0,,,0,
n07718472_291.JPEG,n07718472_291,n07718472,cucumber,cucumber_zucchini,0,0,,,0,
n07718472_2924.JPEG,n07718472_2924,n07718472,cucumber,cucumber_zucchini,0,0,,,0,
n07718472_2938.JPEG,n07718472_2938,n07718472,cucumber,cucumber_zucchini,1,0,Vegetarian goodness,wet market|clementi|central|vegetables|vegetarian|goodness|vitamins|nutrients|nutritious|eggplant|lettuce|cabbage|cucumber|bittergourd|onion|garlic|ginger|colourful|colours|pleasant|aesthetic|pleasing to the eye|tomatoes|potatoes|capsicum|pumpkin|lady's finger|baskets,28,
n07718472_2954.JPEG,n07718472_2954,n07718472,cucumber,cucumber_zucchini,0,0,,,0,
n07718472_2964.JPEG,n07718472_2964,n07718472,cucumber,cucumber_zucchini,1,0,Cucumbers 2,Cucumber|Vegetable|Green,3,
n07718472_2965.JPEG,n07718472_2965,n07718472,cucumber,cucumber_zucchini,1,0,Bitter Melon,food|vegetable|cucumber|shopping|grocery|green|bitter|melon|bitter melon|chinese|asian|cancer fighting|greens|healthy,14,
n07718472_2969.JPEG,n07718472_2969,n07718472,cucumber,cucumber_zucchini,1,0,Day 21: Watson's Peaches 3,Colorado|CO|Color|Colorful|Watson|Orchard|Palisade|Vegetable|Veggie|Red|Green|Yellow|Tomato|Cucumber|Zucchini|project|365|project365,18,
n07718472_3017.JPEG,n07718472_3017,n07718472,cucumber,cucumber_zucchini,1,0,Fall Harvest!,vegetables|tomatoes|beans|cucumbers|mint|chillies|peppers,7,
n07718472_3025.JPEG,n07718472_3025,n07718472,cucumber,cucumber_zucchini,0,1,,,0,
n07718472_3027.JPEG,n07718472_3027,n07718472,cucumber,cucumber_zucchini,1,0,the salad bar !,judyb|France|market|salad|lettuce|cucumbers|radishes|carrots|paris|Mouffetard|marche|fruit|veg|vegetable|greens|lettuces|lasalade|salade|lemons|female Photographer|female photographers|canadian|seeing,23,"wonderfully fresh offerings &quot;pour la salade&quot;.  A little dressing .... ahhhh  French markets can be jewel-like in morning like ... and few markets capture it all quite like Paris' Mouffetard market, in the 5th.    Rue Mouffetard is one of Paris' liveliest market streets. On this charming, ancient street (complete with remnant of the city's Roman walls), you can find dozens of artisan bakeries, cheese &amp; pastry shops, plus some of the city's best fruit &amp; veg stands - all without the burden of cars.  Jet lag often has me wandering Paris streets early ... the happy result is typically scenes like this ... before the crowds.    <a href=""http://fiveprime.org/blackmagic"" rel=""noreferrer nofollow"">better view</a>"
n07718472_3030.JPEG,n07718472_3030,n07718472,cucumber,cucumber_zucchini,1,0,Jack Likes Veggies Too!,companion|animal|cat|jack|feline|fur|coat|tongue|lick|eat|funny|silly|adorable|vegetables|veggies|baby|bok|choy|green onion|cucumber|green|healthy|food|vegetarian|vegan|organic|planet organic,27,"Jack seems to really like bok choy! I bought some baby bok choy, green onions and a cucumber from Planet Organic and I had them on the floor for a second as I was going throught stuff in another bag and then I notice Jack trying to get at my bok choy! I put it up on the table, and he tried to get it again!"
n07718472_3034.JPEG,n07718472_3034,n07718472,cucumber,cucumber_zucchini,1,1,cucumber,garden|flower|vegetable|kitchen garden|yard|dogs|food,7,
n07718472_3036.JPEG,n07718472_3036,n07718472,cucumber,cucumber_zucchini,1,1,20080726 daily harvest,chicago|rooftop|container|vegetable|garden|strawberries|cucumber,7,"Strawberries are great.  There are two types of ever bearing strawberries mixed here, and a cucumber that I gave to my neighbors.  "
n07718472_3044.JPEG,n07718472_3044,n07718472,cucumber,cucumber_zucchini,1,1,DSC03598 - first cucumber,vegetable|cucumber|garden|brisbane|rainworth|pc4065|queensland|qld,8,first cucumber of the season almost ready for picking
n07718472_3058.JPEG,n07718472_3058,n07718472,cucumber,cucumber_zucchini,0,0,,,0,
n07718472_3070.JPEG,n07718472_3070,n07718472,cucumber,cucumber_zucchini,1,0,Japanese vegetable goodness,asparagus|japan|japanesefood|miso|sauce|walnut|cucumber|greens|d70|macro|sanfrancisco|garnish|hyperlinked|burdock,14,This was the yummy contribution from Catherine...
n07718472_3077.JPEG,n07718472_3077,n07718472,cucumber,cucumber_zucchini,0,0,,,0,
n07718472_3082.JPEG,n07718472_3082,n07718472,cucumber,cucumber_zucchini,0,1,,,0,
n07718472_3094.JPEG,n07718472_3094,n07718472,cucumber,cucumber_zucchini,0,0,,,0,
n07718472_3108.JPEG,n07718472_3108,n07718472,cucumber,cucumber_zucchini,0,0,,,0,
n07718472_3111.JPEG,n07718472_3111,n07718472,cucumber,cucumber_zucchini,0,0,,,0,
n07718472_3133.JPEG,n07718472_3133,n07718472,cucumber,cucumber_zucchini,1,1,Squash and Cucumber,vegetables|squash|cucumber,3,Veggie pickings 6-21-2007
n07718472_3136.JPEG,n07718472_3136,n07718472,cucumber,cucumber_zucchini,0,0,,,0,
n07718472_3141.JPEG,n07718472_3141,n07718472,cucumber,cucumber_zucchini,1,1,baby cucumber,garden|nj|cucumber|vegetable|mygarden,5,a 2 inch baby cucumber
n07718472_3144.JPEG,n07718472_3144,n07718472,cucumber,cucumber_zucchini,0,1,,,0,
n07718472_3152.JPEG,n07718472_3152,n07718472,cucumber,cucumber_zucchini,0,0,,,0,
n07718472_3154.JPEG,n07718472_3154,n07718472,cucumber,cucumber_zucchini,0,0,,,0,
n07718472_3170.JPEG,n07718472_3170,n07718472,cucumber,cucumber_zucchini,1,0,,cucumber|flower|green|vegetable|kitchen garden,5,
n07718472_3172.JPEG,n07718472_3172,n07718472,cucumber,cucumber_zucchini,1,1,"""C"" Cucumber",cucumber|stilllife|vegetable|whimsy,4,Cucumber from the backyard...
n07718472_3178.JPEG,n07718472_3178,n07718472,cucumber,cucumber_zucchini,1,1,Tomato & Pepper,High Dynamic Range|Vegetables|Tomato|Yellow Pepper|Ortonized|HDR|Pepper|Cucumber|Beans|Veges|Vegan Food|Tone Mapped|Photomatix|Explore,14,"Close up of raw veggies revealing more of its rich textures.  Ambient lighting showered this shot from upper left of the frame downward.  For larger view, click here:  <a href=""http://flickr.com/photo_zoom.gne?id=474812148&amp;size=o"">flickr.com/photo_zoom.gne?id=474812148&amp;size=o</a>  Nikon D70s DSLR / Some time in August 2006.  Seen in Explore, 27 April 2007 – #400."
n07718472_3204.JPEG,n07718472_3204,n07718472,cucumber,cucumber_zucchini,1,1,Cucumber,Garden|Vegetables,2,
n07718472_3219.JPEG,n07718472_3219,n07718472,cucumber,cucumber_zucchini,0,0,,,0,
n07718472_3222.JPEG,n07718472_3222,n07718472,cucumber,cucumber_zucchini,1,0,brunch,rice|brunch|food|bread|meal|eggs|cucumber|tomato|vegetable,9,"Egg, cucumber, tomato, bread, rice."
n07718472_3244.JPEG,n07718472_3244,n07718472,cucumber,cucumber_zucchini,1,0,Taste your cucumbers here,cucumbers|veggies|vegetables|produce|fresh|sample|samples|green|colorful|tables|taste|tasters|Canon EF 50mm f/1.8|DC|Washington DC|market|Eastern market|Capitol Hill|Saturday|June|2008|summer|Canon|Rebel|XSi|EOS|450D|farmers market|DCist,29,I can't get over how sharp this lens can be! This is at f/2 under a shady tent... worth every penny of the $80 price tag. :)  Canon Rebel XSi with EF 50mm f/1.8
n07718472_3252.JPEG,n07718472_3252,n07718472,cucumber,cucumber_zucchini,1,1,Baby cucumber,vegetable garden|veggies|garden|urban homestead|homesteading|permaculture,6,Ge digital camera
n07718472_3259.JPEG,n07718472_3259,n07718472,cucumber,cucumber_zucchini,0,0,,,0,
n07718472_3270.JPEG,n07718472_3270,n07718472,cucumber,cucumber_zucchini,1,1,01.09.08 D,Bento,1,"Shepherd's Pie dinner leftovers  Vegetables: celery, carrots, cucumbers, peppers, Laughing Cow wedge"
n07718472_3272.JPEG,n07718472_3272,n07718472,cucumber,cucumber_zucchini,1,0,きゅうり　cucumber,cucumber|vegetable|green|キュウリ,4,
n07718472_3278.JPEG,n07718472_3278,n07718472,cucumber,cucumber_zucchini,1,0,cucumber stack,Shanghai|China2008|cucumber|food|vegetables|Chinese food|huanggua|pickled cucumber|凯远大酒店,9,
n07718472_3280.JPEG,n07718472_3280,n07718472,cucumber,cucumber_zucchini,1,0,v: vegetables,vegetables|cucumbers|farmer's market|charlotte|nc|food,6,
n07718472_3301.JPEG,n07718472_3301,n07718472,cucumber,cucumber_zucchini,1,0,cold selection,China|Beijing|chinese|food|restaurant|vegetables|celery|papaya|pawpaw|yam|cucumber|mushroom,12,"shredded celery and papaya, sliced yam, cucumber and ear mushroom in a sparkling new restaurant on  Jiugulou Dajie, Dongcheng District, Beijing, with Tang and Alice."
n07718472_3305.JPEG,n07718472_3305,n07718472,cucumber,cucumber_zucchini,1,0,Getting Sour,square foot gardening|canning|garden|back yard|summer|vegetables|ball jars|mason|canned|pickles|pickling|cucumbers,12,"8 widemouth pint jars of dill pickles, all put up for enjoying.  Grown in my square foot garden."
n07718472_3309.JPEG,n07718472_3309,n07718472,cucumber,cucumber_zucchini,1,0,cut cuke,cucumber|vegetable|fruit|seed|seeds|ghostvision,6,"sent to <a href=""http://ghostvision.blogspot.com"" rel=""noreferrer nofollow"">ghostvision</a>  Blogged by the <a href=""http://blogs.smithsonianmag.com/food/2010/08/five-ways-to-eat-cucumbers/"" rel=""noreferrer nofollow"">Smithsonian Mag</a>"
n07718472_3310.JPEG,n07718472_3310,n07718472,cucumber,cucumber_zucchini,1,0,dinner 070722a,indonesian|pecel|salad|peanut|sauce,5,"<b>Pecel</b>: East Java style salad with spicy peanut sauce. Most common used vegetables: long bean, cabbage, bean sprouts, kangkoeng (on choy), cayote, fried tofu/tempeh. I just use whatever I happen to have in the fridge. The vegetables are boiled/steamed, except cucumber. "
n07718472_3314.JPEG,n07718472_3314,n07718472,cucumber,cucumber_zucchini,1,0,Cucumber and zucchini pickles,pickles|can|canning|zucchini|cucumber|garlic|onion|homemade|garden,9,"I had a lot of ripe vegetables in the garden after our trip, so I made pickles. The zucchini pickles have red onions in them, which made them a pretty blush color.   You have to let them pickle for 2 weeks, so I don't know how they taste yet."
n07718472_3326.JPEG,n07718472_3326,n07718472,cucumber,cucumber_zucchini,0,1,,,0,
n07718472_3329.JPEG,n07718472_3329,n07718472,cucumber,cucumber_zucchini,0,0,,,0,
n07718472_3330.JPEG,n07718472_3330,n07718472,cucumber,cucumber_zucchini,0,0,,,0,
n07718472_3339.JPEG,n07718472_3339,n07718472,cucumber,cucumber_zucchini,1,0,Spicy pickled vegetables at the Korean barbecue trailer - Shangzhi,China|Heilongjiang|Shangzhi|中国|黑龙江|尚志|spicy|food|pickled|vegetables|radish|cucumber|parsley|korean|chinese|Alexandra Moss|Ali Moss,17,
n07718472_334.JPEG,n07718472_334,n07718472,cucumber,cucumber_zucchini,0,1,,,0,
n07718472_3346.JPEG,n07718472_3346,n07718472,cucumber,cucumber_zucchini,0,1,,,0,
n07718472_3348.JPEG,n07718472_3348,n07718472,cucumber,cucumber_zucchini,0,0,,,0,
n07718472_3353.JPEG,n07718472_3353,n07718472,cucumber,cucumber_zucchini,0,1,,,0,
n07718472_3371.JPEG,n07718472_3371,n07718472,cucumber,cucumber_zucchini,1,0,Crudites,organic|vegetables|snack|raw|summer|food|local,7,"It's kind of amazing how delicious organic, small farm vegetables are. They need nothing on them, they're just bursting with flavor. This is my favorite snack. Hierloom tomatoes, baby carrots, lemon cucumbers, all grown locally from the farmer's market and radishes from my garden."
n07718472_3378.JPEG,n07718472_3378,n07718472,cucumber,cucumber_zucchini,0,0,,,0,
n07718472_339.JPEG,n07718472_339,n07718472,cucumber,cucumber_zucchini,1,1,20080719 harvested items small,chicago|rooftop|vegetable|garden|container|bucket|cucumber|oregano|banana|pepper|strawberry|green|onion,13,"daily pickings for this day.  I have not been taking pictures of each little harvest as I go along, as I usually just take out what I am going to use at that time.  I should start documenting everything to see how productive the garden is overall.  The biggest change I am contemplating thus far is an automatic irrigation system for next year and a more organized structure.  Irrigation is relaxing, but it is a time consuming daily chore.  "
n07718472_340.JPEG,n07718472_340,n07718472,cucumber,cucumber_zucchini,0,0,,,0,
n07718472_3400.JPEG,n07718472_3400,n07718472,cucumber,cucumber_zucchini,1,0,Tower Grove Farmer's Market DSC_0070,KDHX Harvest Sessions|Farmers Market|produce|vegetables|organic|photos by sara anne finke|summer|saintlouis|towergroveparkfarmersmarketandbazaar|locally produced|cucumbers|Cucumis sativus|tower grove park|Missouri|copyright © 2007 Sara Anne Finke,15,Tower Grove Park Farmers Market and Bazaar
n07718472_3403.JPEG,n07718472_3403,n07718472,cucumber,cucumber_zucchini,0,0,,,0,
n07718472_3422.JPEG,n07718472_3422,n07718472,cucumber,cucumber_zucchini,1,0,"Today,I had those vegetable",vegetable|vegetable-garden,2,"eggplant,cucumber,cabbage,tomato, corn,kuusinsai,ooba,blueberry"
n07718472_3424.JPEG,n07718472_3424,n07718472,cucumber,cucumber_zucchini,0,0,,,0,
n07718472_3427.JPEG,n07718472_3427,n07718472,cucumber,cucumber_zucchini,0,0,,,0,
n07718472_3429.JPEG,n07718472_3429,n07718472,cucumber,cucumber_zucchini,0,0,,,0,
n07718472_3445.JPEG,n07718472_3445,n07718472,cucumber,cucumber_zucchini,0,0,,,0,
n07718472_3458.JPEG,n07718472_3458,n07718472,cucumber,cucumber_zucchini,1,1,Cucumber death,cucumber|death|vegetable|fun,4,The vegetable peeler fell in the poor fellas mouth.
n07718472_3481.JPEG,n07718472_3481,n07718472,cucumber,cucumber_zucchini,0,1,,,0,
n07718472_351.JPEG,n07718472_351,n07718472,cucumber,cucumber_zucchini,1,1,Like pearls....,food|vegetable|macro|cucumber|pearls|droplets|close-up|green|The Perfect Photographer|soft|delicate,11,
n07718472_3516.JPEG,n07718472_3516,n07718472,cucumber,cucumber_zucchini,1,0,Giant Cucumbers!,Garden|Sister|PEI|Vegetables|Pamela Detlor|Fall,6,
n07718472_3519.JPEG,n07718472_3519,n07718472,cucumber,cucumber_zucchini,1,0,Cuke Prep,,0,
n07718472_352.JPEG,n07718472_352,n07718472,cucumber,cucumber_zucchini,0,0,,,0,
n07718472_3521.JPEG,n07718472_3521,n07718472,cucumber,cucumber_zucchini,0,1,,,0,
n07718472_3522.JPEG,n07718472_3522,n07718472,cucumber,cucumber_zucchini,1,0,Cucumber,MacroMonday|green|vegetables|cucumber,4,
n07718472_3525.JPEG,n07718472_3525,n07718472,cucumber,cucumber_zucchini,0,0,,,0,
n07718472_3534.JPEG,n07718472_3534,n07718472,cucumber,cucumber_zucchini,0,1,,,0,
n07718472_3535.JPEG,n07718472_3535,n07718472,cucumber,cucumber_zucchini,0,1,,,0,
n07718472_3537.JPEG,n07718472_3537,n07718472,cucumber,cucumber_zucchini,0,0,,,0,
n07718472_3561.JPEG,n07718472_3561,n07718472,cucumber,cucumber_zucchini,1,1,Fresh Salad Addings,CSA|community supported agriculture|vegetables|cooking|food|radish|cucumber|mushrooms|pink and green|pink!|cutting board composition,11,Particularly nice radishes this year-- Pink Beauty variety.
n07718472_3565.JPEG,n07718472_3565,n07718472,cucumber,cucumber_zucchini,0,0,,,0,
n07718472_3577.JPEG,n07718472_3577,n07718472,cucumber,cucumber_zucchini,0,1,,,0,
n07718472_3584.JPEG,n07718472_3584,n07718472,cucumber,cucumber_zucchini,1,0,Cucumber,cucumber|Vegetable|Food|Green|Still Life,5,
n07718472_3618.JPEG,n07718472_3618,n07718472,cucumber,cucumber_zucchini,1,0,carrot flowers and cucumber leaves,course|museum|chinese vegetable sculpting|museum of far east antiquities|stockholm|sweden|2006|vegetables|sculpting,9,Chinese vegetable sculpting at the Museum of far East Antiquities.
n07718472_3625.JPEG,n07718472_3625,n07718472,cucumber,cucumber_zucchini,1,0,Tonight's dinner,"vegetable|dinner|domestic|hummus|beans|cucumber|tortellini|carrots|circle|plate|down on the farm|august 9, 2007|free association",13,"String beans and lemon cucumber from the garden; carrots, hummus, and tortellini not from the garden."
n07718472_3628.JPEG,n07718472_3628,n07718472,cucumber,cucumber_zucchini,0,1,,,0,
n07718472_3630.JPEG,n07718472_3630,n07718472,cucumber,cucumber_zucchini,0,0,,,0,
n07718472_3632.JPEG,n07718472_3632,n07718472,cucumber,cucumber_zucchini,0,0,,,0,
n07718472_3642.JPEG,n07718472_3642,n07718472,cucumber,cucumber_zucchini,0,1,,,0,
n07718472_3643.JPEG,n07718472_3643,n07718472,cucumber,cucumber_zucchini,1,1,Camden Market,cucumber|fruit|vegetable,3,
n07718472_3659.JPEG,n07718472_3659,n07718472,cucumber,cucumber_zucchini,0,1,,,0,
n07718472_3660.JPEG,n07718472_3660,n07718472,cucumber,cucumber_zucchini,1,1,Pickled Slaw,vegetable|cabbage|carrot|cucumber|pickle,5,
n07718472_3664.JPEG,n07718472_3664,n07718472,cucumber,cucumber_zucchini,1,1,Javanese cuisine,Yogyakarta|Historic|Java,3,"This is a typical Javanese food of grilled deer meat (sate) spicy grilled chicken, village salad with sambal and fresh village vegetables that include basil, cucumber and tomatoes."
n07718472_3671.JPEG,n07718472_3671,n07718472,cucumber,cucumber_zucchini,0,0,,,0,
n07718472_3672.JPEG,n07718472_3672,n07718472,cucumber,cucumber_zucchini,0,0,,,0,
n07718472_3673.JPEG,n07718472_3673,n07718472,cucumber,cucumber_zucchini,0,1,,,0,
n07718472_3707.JPEG,n07718472_3707,n07718472,cucumber,cucumber_zucchini,1,1,last csa share in july,phone|csa|vegetable|food|peach|beet|tomato|cucumber|broccoli|farm share|PHCSA,11,
n07718472_373.JPEG,n07718472_373,n07718472,cucumber,cucumber_zucchini,1,1,Summer Vegetable Extravaganza,laptop|lunchbox|lunch|laptop lunch,4,The gardens are overflowing and my lunch had to absorb it .. yipee!!
n07718472_3746.JPEG,n07718472_3746,n07718472,cucumber,cucumber_zucchini,1,1,Our barbell cuke,cucumber|veggy|Japan|green|きゅうり|vegetable,6,
n07718472_3752.JPEG,n07718472_3752,n07718472,cucumber,cucumber_zucchini,1,1,Cucumber Beast,2008|haha|cucumber|animal|vegetable|green,6,This appeared spontaneously in an empty display place next to the floristry exhibits.
n07718472_3775.JPEG,n07718472_3775,n07718472,cucumber,cucumber_zucchini,1,0,genius early-summer salad.,summer|salad,2,"...if I do say so myself - and I did -   tiny cucumber, rough yellow-tomater, vegetable-peeled radish (needs a thicker slice on a mandoline), copious chiffonade de mint, fine bits of lemongrass, dressed in lemon-juice-brown-rice-vinegar-don's-spicy-olive-oil-garlic-and-coriander.   so bloody good."
n07718472_379.JPEG,n07718472_379,n07718472,cucumber,cucumber_zucchini,0,0,,,0,
n07718472_3792.JPEG,n07718472_3792,n07718472,cucumber,cucumber_zucchini,1,1,Organic salad with Goji Berries,salad|vegetables|goji|berries|fresh|meal|lunch|food|fruit|garlic|onion|cucumber|green|pepper,14,"A fresh organic salad should be eaten daily.  I like to make fresh smoothies with Blackberries or Rasberries and other fruits, aloe vera juice, soy protein, soy milk, plain organic yogurt, banana, and add some flax oil and bee pollen.  It is incredibly nutrious and delicious. "
n07718472_381.JPEG,n07718472_381,n07718472,cucumber,cucumber_zucchini,1,0,veggies,Chinatown|downtown|vancouver|bc|canada|vegetables|green|purple|food|market|cucumber|eggplant,12,"Chinatown, Vancouver."
n07718472_3843.JPEG,n07718472_3843,n07718472,cucumber,cucumber_zucchini,0,0,,,0,
n07718472_3872.JPEG,n07718472_3872,n07718472,cucumber,cucumber_zucchini,0,0,,,0,
n07718472_3891.JPEG,n07718472_3891,n07718472,cucumber,cucumber_zucchini,1,0,cucumber,Manchester|Vegetable,2,
n07718472_3892.JPEG,n07718472_3892,n07718472,cucumber,cucumber_zucchini,1,1,cucumber #2,vegetables,1,
n07718472_3910.JPEG,n07718472_3910,n07718472,cucumber,cucumber_zucchini,1,0,Thursday Mishmash,bella|bento|lunch|laptop|lunchbox|kindergarten,6,"LUNCH #12: Brown Rice Onigiri with Chicken &amp; Vegetables Sliced Homemade Lime Pickles Mini-Skewers of Canadian Bacon, Chicken, &amp; Homemade Goat's Milk Mozzarella Sliced Carrots &amp; English Cucumbers Mini Chocolate Chip Cookies &amp; Peanut Butter Sandwich Crackers Milk  SNACK: Black Table Grapes &amp; Homemade Mozz"
n07718472_3914.JPEG,n07718472_3914,n07718472,cucumber,cucumber_zucchini,0,0,,,0,
n07718472_3915.JPEG,n07718472_3915,n07718472,cucumber,cucumber_zucchini,0,0,,,0,
n07718472_3929.JPEG,n07718472_3929,n07718472,cucumber,cucumber_zucchini,0,0,,,0,
n07718472_3953.JPEG,n07718472_3953,n07718472,cucumber,cucumber_zucchini,0,0,,,0,
n07718472_3966.JPEG,n07718472_3966,n07718472,cucumber,cucumber_zucchini,1,0,Salad!,vegetarian|vegan|food|yummy|tasty|delicious|healthy|salad|lettuce|tomatoes|cucumber|peppers|carrots|celery|vegetables|fruit|bowl,17,"Delicious salad made with green leaf lettuce, tomatoes, cucumbers, red peppers, carrots, and celery."
n07718472_3983.JPEG,n07718472_3983,n07718472,cucumber,cucumber_zucchini,1,0,Cucumbers,green|vegetables|350D|Canon|EOS|Sigma 18-50 f2.8|kevinv033™|Kevin Vertucio,8,
n07718472_3984.JPEG,n07718472_3984,n07718472,cucumber,cucumber_zucchini,1,0,Big Squash or Cucumbers,food|farmersmarket|manchester|vegetables|farm|NH|market|local,8,"Manchester Farmer's Market, summer 2006"
n07718472_3987.JPEG,n07718472_3987,n07718472,cucumber,cucumber_zucchini,1,0,fruits & veggie - 07.jpg,cebu-sugbo|vegetable|veggie|fruits|utan|prutas|busay|contrast|cucumber|cebu|marlvin|lao|photography|photographer|canon,15,
n07718472_3990.JPEG,n07718472_3990,n07718472,cucumber,cucumber_zucchini,1,1,garden aug 28 5,garden|vegetables|kitchen|victory|zucchini|squash|tomatoes|cucumber|carrots,9,"<a href=""http://pennycarnival.typepad.com/penny_carnival/2008/08/squash-galore-zebra-prints-and-a-bird-mobile-tutorial.html"" rel=""noreferrer nofollow"">pennycarnival.typepad.com/penny_carnival/2008/08/squash-g...</a>  "
n07718472_4024.JPEG,n07718472_4024,n07718472,cucumber,cucumber_zucchini,0,0,,,0,
n07718472_4031.JPEG,n07718472_4031,n07718472,cucumber,cucumber_zucchini,0,1,,,0,
n07718472_4041.JPEG,n07718472_4041,n07718472,cucumber,cucumber_zucchini,1,0,one big cucumber,Vegetable|Garden,2,
n07718472_4055.JPEG,n07718472_4055,n07718472,cucumber,cucumber_zucchini,1,1,Giant Cucumber,cucumber|vegetables|garden|harvest,4,
n07718472_4079.JPEG,n07718472_4079,n07718472,cucumber,cucumber_zucchini,1,0,Shopper's choice,food|retail|vegetables|Cabramatta|Sydney|Australia|Asia|society|shops|tomatoes|cucumbers|signs|Vietnam,13,Vegetables in Cabramatta shop.
n07718472_4099.JPEG,n07718472_4099,n07718472,cucumber,cucumber_zucchini,1,0,,vegetables|farmers market|corn|cucumbers|carrots|tomatoes|onion|red potatoes|serrano peppers,9,This weeks pickup from the Round Rock Farmers Market.
n07718472_4136.JPEG,n07718472_4136,n07718472,cucumber,cucumber_zucchini,1,0,vegetablewala,mumbai|vegetable|carrot|cucumber|vendor|nightphoto|india|market|street|vendors|shop|dukan|bombay,13,Parle market
n07718472_4138.JPEG,n07718472_4138,n07718472,cucumber,cucumber_zucchini,0,0,,,0,
n07718472_4150.JPEG,n07718472_4150,n07718472,cucumber,cucumber_zucchini,1,0,Simple salads in Oman,Golden|Feast|Indian|restaurant|food|Muscat|Al|Ghubra|cucumber|vegetable|tomato|carrot|onion|lime|cabbage|salad|Oman,17,"Golden Feast: complimentary salad of freshly cut cucumber, tomato, carrot and onion slices, topped with half a lime and resting on a bed of sliced cabbage."
n07718472_4152.JPEG,n07718472_4152,n07718472,cucumber,cucumber_zucchini,0,0,,,0,
n07718472_4164.JPEG,n07718472_4164,n07718472,cucumber,cucumber_zucchini,0,1,,,0,
n07718472_4176.JPEG,n07718472_4176,n07718472,cucumber,cucumber_zucchini,0,0,,,0,
n07718472_418.JPEG,n07718472_418,n07718472,cucumber,cucumber_zucchini,1,0,two types of cucumber,vegetables|cucumber,2,"pale yellow lemon cucumbers, and young Persian cucumbers, both from my local farmers' market (Tompkins Square Park greenmarket, NYC)"
n07718472_4196.JPEG,n07718472_4196,n07718472,cucumber,cucumber_zucchini,0,0,,,0,
n07718472_4200.JPEG,n07718472_4200,n07718472,cucumber,cucumber_zucchini,0,1,,,0,
n07718472_4215.JPEG,n07718472_4215,n07718472,cucumber,cucumber_zucchini,0,0,,,0,
n07718472_4217.JPEG,n07718472_4217,n07718472,cucumber,cucumber_zucchini,1,1,cucumber,food|vegetable garden|backyard|2008,4,P8180268v2
n07718472_4233.JPEG,n07718472_4233,n07718472,cucumber,cucumber_zucchini,0,0,,,0,
n07718472_4234.JPEG,n07718472_4234,n07718472,cucumber,cucumber_zucchini,1,0,Chicken Sandwich,'Culinary|Fool Barrel|House|Wine|Bar|Yakima|Washington|Lunch|Sandwich|Bread|Cucumber|Vegetable|Tomato|Bleu Cheese|Blue Cheese,15,
n07718472_4241.JPEG,n07718472_4241,n07718472,cucumber,cucumber_zucchini,1,0,concombre,france|paris|cucumber|vegetables,4,
n07718472_4244.JPEG,n07718472_4244,n07718472,cucumber,cucumber_zucchini,1,0,cucsalad,cucumber|salad|garden|vegies|sustainable_lifestyle|tomatoes|peppers|food|vegetable|fruit|recipe|foodies|i_grow|grow your own,14,"more garden pleasures. a cucumber salad with extra's!   <a href=""https://www.flickr.com/groups/association/"">Tenuous Link</a>:  Food Dressing"
n07718472_4255.JPEG,n07718472_4255,n07718472,cucumber,cucumber_zucchini,0,0,,,0,
n07718472_4265.JPEG,n07718472_4265,n07718472,cucumber,cucumber_zucchini,1,1,Chiang Mai,Chiang Mai|Thailand|Huen Phen|Restaurant|Northen Thai|Thai food|relish|nam prik|chilli|spicy|vegetable|cucumber,12,
n07718472_4272.JPEG,n07718472_4272,n07718472,cucumber,cucumber_zucchini,0,0,,,0,
n07718472_4281.JPEG,n07718472_4281,n07718472,cucumber,cucumber_zucchini,0,0,,,0,
n07718472_4290.JPEG,n07718472_4290,n07718472,cucumber,cucumber_zucchini,1,0,après sunday hollywood farmers' market,hollywood|los angeles|august|vegetables|farmers' market,5,"finally in town for the market, after three weeks away. dinners this week ...  § penne with basil, zucchini, eggplant § potato zucchini omelettes (best eggs i've ever eaten, rocky canyon produce, atascadero) § lightly fried sole (panko/egg coating) with heirloom tomatoes § vegetable soup, of the moment, with rice and carrot tops. § bread salad - basil, cucumber, tomato, purslane, oil &amp; vinegar  viva california! "
n07718472_4293.JPEG,n07718472_4293,n07718472,cucumber,cucumber_zucchini,0,0,,,0,
n07718472_4299.JPEG,n07718472_4299,n07718472,cucumber,cucumber_zucchini,0,1,,,0,
n07718472_4320.JPEG,n07718472_4320,n07718472,cucumber,cucumber_zucchini,1,1,Shiny,pbev|georgia|atlanta|cucumber|nature|edible|i grew this|I ate this|shiny|green|pea patch|vegetable|garden,13,
n07718472_4322.JPEG,n07718472_4322,n07718472,cucumber,cucumber_zucchini,1,0,P1190012,vietnam|bike|bike trip|motorcycle|khau vai|hagiang|minsk|hanoi|food|village|homestay|hilltribe|rice wine,13,"Vietnam Motorcycle Tour 2008 Day 2: Dinner is served by the host family. Of course, rice wine too!"
n07718472_4346.JPEG,n07718472_4346,n07718472,cucumber,cucumber_zucchini,0,0,,,0,
n07718472_4372.JPEG,n07718472_4372,n07718472,cucumber,cucumber_zucchini,1,0,Cucumbers #2,vegetables|garden|vegetable garden|macro|produce|green and yellow|harvest|harvesting|crops|cucumbers|michigan|nature|bejitaburu|grønsager|groente|vihannes|légume|zöldségféle|pianta|grønsak|vegetal|verduras|Gemüse|Garten|have|hof|puutarha|jardin|kert|giardino|niwa|hage|jardim|садовый|jardín,35,
n07718472_4385.JPEG,n07718472_4385,n07718472,cucumber,cucumber_zucchini,0,0,,,0,
n07718472_4390.JPEG,n07718472_4390,n07718472,cucumber,cucumber_zucchini,0,1,,,0,
n07718472_4393.JPEG,n07718472_4393,n07718472,cucumber,cucumber_zucchini,0,0,,,0,
n07718472_4406.JPEG,n07718472_4406,n07718472,cucumber,cucumber_zucchini,0,1,,,0,
n07718472_4411.JPEG,n07718472_4411,n07718472,cucumber,cucumber_zucchini,1,1,Nom!,Laura|pacman|food|playing with food|cucumber|tomato|Girls' Night Out,7,The girls (Karey and Laura) came over for dinner before we went out. Laura decided to play pacman instead of eating her vegetables ;)   Haha I of course encouraged it by a) not cutting the cucumber properly and b) asking her to wait while I grabbed the camera. 
n07718472_4413.JPEG,n07718472_4413,n07718472,cucumber,cucumber_zucchini,0,1,,,0,
n07718472_4414.JPEG,n07718472_4414,n07718472,cucumber,cucumber_zucchini,1,0,Moo Moo Meal,Russia|Summer|2006|travel|moo moo|My My|food|liver|soup|tort|cucumbers|vegetables|cheap|good,14,"A meal at Moo Moo in Moscow. Not a bad feed for about 250 Roubles / 12 AUD  I had gone up to Kuznetsky Most to investigate an Indian restaurant there. Having arrived I thought it was silly to eat Indian in Russia so I ducked into the <a href=""http://www.flickr.com/photos/phdstudent/247395349/in/photostream/"">Moo Moo</a> and tried to order the most Russian meal I could.  In the Moo Moo there is a large U shaped counter area around the seating where you take a tray and slide it along the counter in front of a series of stations where the food is sitting out in stone pots for the soups or a bain marie for mains or a chilled cabinet for the desserts. You slide your tray along and you can point at what you want if your Russian isn't up to the task (mine wasn't but I tried).  The cucumbers and soup were new menu items which the staff were enthusiastic about. The soup had a bit of an alcoholic after taste to it, a bit like salted rice wine.  I had difficulty pronouncing the russian for the liver fritters. I wanted to order it because it seemed weird. I knew I had got it right when the guy in line next to me (a Russian) screwed up his face and shook his head. The staff behind the counter also seemed a bit surprised while pointing at the dish. I insisted.  The roasted veges were a concession to vitamins that I had probably been missing out on in much of my diet there. The sour cherry Tort because it was a classic Russian finish to the meal. The Kvas because it is the quintessential russian drink, and full of vitamin C!  The meal was very tasty. The liver fritters were very good, a slight paté taste. Great value for money. My only regret was not ordering a larger Kvas."
n07718472_4415.JPEG,n07718472_4415,n07718472,cucumber,cucumber_zucchini,0,0,,,0,
n07718472_442.JPEG,n07718472_442,n07718472,cucumber,cucumber_zucchini,0,0,,,0,
n07718472_4426.JPEG,n07718472_4426,n07718472,cucumber,cucumber_zucchini,1,0,A Garden Goodie,Cucumber|garden|vegetable,3,Cucumbers anyone?
n07718472_4427.JPEG,n07718472_4427,n07718472,cucumber,cucumber_zucchini,1,1,IMGP7202,japanese cucumber|vegetable|James' garden,3,
n07718472_4430.JPEG,n07718472_4430,n07718472,cucumber,cucumber_zucchini,1,0,@ the Farmers' Market,2008|Farmers' Market|vegetables|squash|beans|cucumbers|potatos|peppers|20080522_010zP-R.jpg|downtown|Raleigh|fresh|photoshop|North Carolina|Wake County,15,[20080522_010zP-R.jpg]
n07718472_4432.JPEG,n07718472_4432,n07718472,cucumber,cucumber_zucchini,0,0,,,0,
n07718472_4447.JPEG,n07718472_4447,n07718472,cucumber,cucumber_zucchini,1,1,Israeli Salad,tomato|cucumber|scallion|salad|vegetable|food|watercolors|painting|illustration|still life,10,
n07718472_446.JPEG,n07718472_446,n07718472,cucumber,cucumber_zucchini,1,1,Japanese Cucumber,japanese cucumber|vegetable|garden|plants,4,This cucumber must double it's size every day! I think we'll be able to sample it soon!
n07718472_4487.JPEG,n07718472_4487,n07718472,cucumber,cucumber_zucchini,0,0,,,0,
n07718472_4494.JPEG,n07718472_4494,n07718472,cucumber,cucumber_zucchini,1,0,Overflow Bench,vegetables|garden|vegetable garden|macro|produce|green and yellow|harvest|harvesting|crops|bench|squash|cucumbers|michigan|nature,14,"The Overflow Bench sets at the end of the garden, close to the street.  All of the neighbors know that anything on the bench is fresh and is free.  A short time after this photo was taken, the bench was empty."
n07718472_4498.JPEG,n07718472_4498,n07718472,cucumber,cucumber_zucchini,0,0,,,0,
n07718472_4502.JPEG,n07718472_4502,n07718472,cucumber,cucumber_zucchini,0,0,,,0,
n07718472_4511.JPEG,n07718472_4511,n07718472,cucumber,cucumber_zucchini,1,1,No Comment*,shereena bday|cucumber|tomato|veggies|vegetable|fun|friends|funny|katy weaver|happy|silly|good times|me|cc,14,that thing was HUGE! :)
n07718472_4516.JPEG,n07718472_4516,n07718472,cucumber,cucumber_zucchini,1,0,Shades of Green,green|peppers|cucumber|veggies|vegetable|market,6,
n07718472_452.JPEG,n07718472_452,n07718472,cucumber,cucumber_zucchini,0,1,,,0,
n07718472_4521.JPEG,n07718472_4521,n07718472,cucumber,cucumber_zucchini,1,0,cucumber,experimental|2005|july|cucumbers|cucumber|raw|vegetables|green|yellow|Kodak|food|saladbar|thesaladbar|faveme|taste|fresh|sliced|chopped|washed|bestof|favme|faved01|tag1|S@Z|tag2|tag3|taggedout|100+views|200+views|faved02|europe,31,"@ BBQ in Gildehaus, Germany."
n07718472_4525.JPEG,n07718472_4525,n07718472,cucumber,cucumber_zucchini,0,1,,,0,
n07718472_4549.JPEG,n07718472_4549,n07718472,cucumber,cucumber_zucchini,0,0,,,0,
n07718472_4558.JPEG,n07718472_4558,n07718472,cucumber,cucumber_zucchini,0,0,,,0,
n07718472_457.JPEG,n07718472_457,n07718472,cucumber,cucumber_zucchini,1,0,Hrithik Cucumber,Baku|Azerbaijan|Cucumber|Food|Vegetables,5,
n07718472_458.JPEG,n07718472_458,n07718472,cucumber,cucumber_zucchini,1,1,Japanese Cucumbers,cucumbers|japanese cucumbers|farmers' market|Kailua|vegetables|veggies,6,I like these way better than regular cucumbers.  From Kailua Farmers' Market.
n07718472_4619.JPEG,n07718472_4619,n07718472,cucumber,cucumber_zucchini,1,0,Ubud,,0,"Raw dips and vegetable plate - Jicama, cucumber and dried tomato with guacamole and a raw cashew dip, Bali Buddah"
n07718472_4628.JPEG,n07718472_4628,n07718472,cucumber,cucumber_zucchini,1,0,Cucumbers,food|vegetable|cucumber|shopping|grocery,5,
n07718472_4630.JPEG,n07718472_4630,n07718472,cucumber,cucumber_zucchini,1,1,first cucumber of the season,garden|vegetable|food|backyard|Florida|vegetables|green|cucumber|©Peggy Hughes|peggy.|©All Rights Reserved,11,and it was delicious :)
n07718472_464.JPEG,n07718472_464,n07718472,cucumber,cucumber_zucchini,0,0,,,0,
n07718472_4654.JPEG,n07718472_4654,n07718472,cucumber,cucumber_zucchini,0,0,,,0,
n07718472_4663.JPEG,n07718472_4663,n07718472,cucumber,cucumber_zucchini,1,0,Cucumbers / Melfafonim / מלפפונים,israel|fruit|vegetables|nuts|israel fruit|shuk|machaneh yehuda|jerusalem|color|colour|colors|colours|fruit n veg|veg,14,"Photo Name/Desciption is in English / Transliterated Hebrew / Hebrew Picture taken at Machaneh Yehudah Shuk (Market) in Jerusalem."
n07718472_4685.JPEG,n07718472_4685,n07718472,cucumber,cucumber_zucchini,0,0,,,0,
n07718472_4699.JPEG,n07718472_4699,n07718472,cucumber,cucumber_zucchini,1,1,8/07: First Eggplant!   100_0168,rosa|blanca|eggplant|cucumber|heirloom|garden|vegetable|balcony|brooklyn|new|york|city|organic|local|produce,15,"Another cuke along with the first eggplant of the season, a Rosa Blanca heirloom about the size of a softball. I cooked it up a couple nights later--cut it into slices, sweated the slices, then dipped them in bread crumbs and herbs and pan-fried in olive oil. Also made marinara from scratch, and had the whole thing over angel hair pasta! "
n07718472_4707.JPEG,n07718472_4707,n07718472,cucumber,cucumber_zucchini,0,1,,,0,
n07718472_4718.JPEG,n07718472_4718,n07718472,cucumber,cucumber_zucchini,0,0,,,0,
n07718472_4736.JPEG,n07718472_4736,n07718472,cucumber,cucumber_zucchini,1,1,Cucumber,auto-upload|garden|vegetables|outdoors,4,A resting cuke
n07718472_4758.JPEG,n07718472_4758,n07718472,cucumber,cucumber_zucchini,0,0,,,0,
n07718472_4759.JPEG,n07718472_4759,n07718472,cucumber,cucumber_zucchini,0,0,,,0,
n07718472_4819.JPEG,n07718472_4819,n07718472,cucumber,cucumber_zucchini,0,1,,,0,
n07718472_4832.JPEG,n07718472_4832,n07718472,cucumber,cucumber_zucchini,1,0,It's cucumber time,cucumber|recolta|green|yellow|vegetable,5,
n07718472_4835.JPEG,n07718472_4835,n07718472,cucumber,cucumber_zucchini,0,0,,,0,
n07718472_4843.JPEG,n07718472_4843,n07718472,cucumber,cucumber_zucchini,1,1,Cucumber Sunrise,Cucumber|Vegetable|Sunrise,3,"One day, this idea just came to me. So I put the cucumber on my dining table and took this macro. The blue is my wall and the tinge of brown is the table. But I love how it all works together. Everyone who has seen this has told me they love it, so I'm glad I took it."
n07718472_486.JPEG,n07718472_486,n07718472,cucumber,cucumber_zucchini,1,0,Fresh Beauty,summer|fun|produce|vegetables|veggies|tomatoes|peppers|cucumber|potatoes|basket|goodies|yum|remember|recap|love|home|wife|husband|happy|good times|2006,21,I LOVE summer produce! It makes a vegetarian feel alive. Summer 2006. 
n07718472_4876.JPEG,n07718472_4876,n07718472,cucumber,cucumber_zucchini,0,1,,,0,
n07718472_4878.JPEG,n07718472_4878,n07718472,cucumber,cucumber_zucchini,0,1,,,0,
n07718472_4880.JPEG,n07718472_4880,n07718472,cucumber,cucumber_zucchini,0,0,,,0,
n07718472_4914.JPEG,n07718472_4914,n07718472,cucumber,cucumber_zucchini,0,0,,,0,
n07718472_4926.JPEG,n07718472_4926,n07718472,cucumber,cucumber_zucchini,0,0,,,0,
n07718472_493.JPEG,n07718472_493,n07718472,cucumber,cucumber_zucchini,1,1,CSA Box - 8/02/06,vegetables|fruit|fullcirclefarm|csa,4,"It's been a while since I've posted a pic of the veggie box, but not because of the slight disgruntlement from the last posted photo. The CSA took care of that issue and all subsequent boxes have been lovely. I've just been lazy :)   But here's this week's box. The little lemon cucumbers are adorable.   I split open the watermelon to find it's yellow inside - there seems to be a theme going on this week :) "
n07718472_494.JPEG,n07718472_494,n07718472,cucumber,cucumber_zucchini,0,0,,,0,
n07718472_4945.JPEG,n07718472_4945,n07718472,cucumber,cucumber_zucchini,1,1,CSA Box 11,CSA|Community Supported Agriculture|Eat Local|Local is Beautiful|vegetables|summer|farm fresh|tomatoes|squash|corn|herbs|cucumbers|lettuce|Box11,14,
n07718472_4994.JPEG,n07718472_4994,n07718472,cucumber,cucumber_zucchini,0,0,,,0,
n07718472_501.JPEG,n07718472_501,n07718472,cucumber,cucumber_zucchini,1,0,Cucumber and cleaver,food|salad|vegetables|cucumber|cleaver|knife,6,"<a href=""http://blog.amber.org/2008/06/08/salad-daze/"" rel=""noreferrer nofollow"">blog.amber.org/2008/06/08/salad-daze/</a>"
n07718472_502.JPEG,n07718472_502,n07718472,cucumber,cucumber_zucchini,1,0,Cucumber like a spine,cucumber|vegetable|seeds,3,
n07718472_5107.JPEG,n07718472_5107,n07718472,cucumber,cucumber_zucchini,0,0,,,0,
n07718472_512.JPEG,n07718472_512,n07718472,cucumber,cucumber_zucchini,1,0,Stir-fried Japanese Cucumbers,FoodTrails|homecooked|homemade|homestyle|homecooking|sweet peas|Japanese cucumbers|golden mushrooms|vegetables,9,
n07718472_5155.JPEG,n07718472_5155,n07718472,cucumber,cucumber_zucchini,1,0,"Havarti, Tofurkey, Cuke",sandwich,1,
n07718472_5157.JPEG,n07718472_5157,n07718472,cucumber,cucumber_zucchini,0,0,,,0,
n07718472_517.JPEG,n07718472_517,n07718472,cucumber,cucumber_zucchini,1,0,IMG_1239,summer2008|food|cucumber|vegetable,4,cukes before they became pickles
n07718472_5175.JPEG,n07718472_5175,n07718472,cucumber,cucumber_zucchini,0,0,,,0,
n07718472_519.JPEG,n07718472_519,n07718472,cucumber,cucumber_zucchini,0,0,,,0,
n07718472_5219.JPEG,n07718472_5219,n07718472,cucumber,cucumber_zucchini,0,0,,,0,
n07718472_5247.JPEG,n07718472_5247,n07718472,cucumber,cucumber_zucchini,1,1,tomatoes and cucumber.,garden|veggies|flowers|ourhouse|montclair|nj|july|2008|summer|vegetables|organic gardening|garden summer 2008,12,picked for dinner salad.
n07718472_5286.JPEG,n07718472_5286,n07718472,cucumber,cucumber_zucchini,1,0,Pepino cucumber P1010034,fruit|vegetables|GL|GeneralLuna|SiargaoIsland|Mindanao|Philippines,7,
n07718472_5304.JPEG,n07718472_5304,n07718472,cucumber,cucumber_zucchini,1,0,Cucumber,vegetable|cucumber|green|T189Project365|July,5,28/7/08  99/365
n07718472_5321.JPEG,n07718472_5321,n07718472,cucumber,cucumber_zucchini,0,0,,,0,
n07718472_5324.JPEG,n07718472_5324,n07718472,cucumber,cucumber_zucchini,1,1,dont come any closer,birthday|cucumber|green|drinking|club|velvetunderground|food|vegetable|rod|rodja|rodney|people,12,dont come any closer or else!
n07718472_5341.JPEG,n07718472_5341,n07718472,cucumber,cucumber_zucchini,0,0,,,0,
n07718472_5377.JPEG,n07718472_5377,n07718472,cucumber,cucumber_zucchini,1,0,Yum!!!,tomato|cucumber|vegetable|snack,4,Before the pepper and salt....
n07718472_5391.JPEG,n07718472_5391,n07718472,cucumber,cucumber_zucchini,1,0,Cucumbers,cucumbers|vegetables,2,Veggie pickings 6-26-2007
n07718472_546.JPEG,n07718472_546,n07718472,cucumber,cucumber_zucchini,0,0,,,0,
n07718472_5464.JPEG,n07718472_5464,n07718472,cucumber,cucumber_zucchini,0,0,,,0,
n07718472_5483.JPEG,n07718472_5483,n07718472,cucumber,cucumber_zucchini,0,0,,,0,
n07718472_5485.JPEG,n07718472_5485,n07718472,cucumber,cucumber_zucchini,0,0,,,0,
n07718472_5495.JPEG,n07718472_5495,n07718472,cucumber,cucumber_zucchini,1,1,Nature's Bounty,cucumber|potatoes|white|tomatoes|garlic|beets|fennel|peaches|fredericksburg|sunset valley|austin|texas|basil|leaves|serranos|peppers|corn|cob|vegetables|local|farmers|market,22,All from the Sunset Valley Farmers Market.
n07718472_5507.JPEG,n07718472_5507,n07718472,cucumber,cucumber_zucchini,0,1,,,0,
n07718472_5522.JPEG,n07718472_5522,n07718472,cucumber,cucumber_zucchini,0,0,,,0,
n07718472_5571.JPEG,n07718472_5571,n07718472,cucumber,cucumber_zucchini,0,0,,,0,
n07718472_558.JPEG,n07718472_558,n07718472,cucumber,cucumber_zucchini,0,0,,,0,
n07718472_5583.JPEG,n07718472_5583,n07718472,cucumber,cucumber_zucchini,1,1,Cukes & Beans,food|gardening|vegetables|tomato|eggplant|cucumber|beans,7,
n07718472_559.JPEG,n07718472_559,n07718472,cucumber,cucumber_zucchini,1,0,Tomate und Gurke,Tomate|Tomaten|Tomato|Tomatoes|Gurke|Gurken|Gewürzgurke|Gewürzgurken|Cucumber|Gherkin|Pickled Gherkin|Gemüse|Vegetable|Vegetables|Veggie|Paradeiser|Pomodoro|Cetriolo|El Pepino|Concombre|Légumes|La hortaliza|Ortaggio|Verdura|番茄|腌黄瓜,26,
n07718472_5594.JPEG,n07718472_5594,n07718472,cucumber,cucumber_zucchini,0,1,,,0,
n07718472_5597.JPEG,n07718472_5597,n07718472,cucumber,cucumber_zucchini,1,0,light snack,melbourne|victoria|australia|vegetable|cucumber|carrot|capsicum|pepper|sliced|back lit,10,light on the snack on the floor. kristen cuts the cucumber fine so the light can get through.
n07718472_5601.JPEG,n07718472_5601,n07718472,cucumber,cucumber_zucchini,0,0,,,0,
n07718472_5662.JPEG,n07718472_5662,n07718472,cucumber,cucumber_zucchini,0,0,,,0,
n07718472_567.JPEG,n07718472_567,n07718472,cucumber,cucumber_zucchini,0,0,,,0,
n07718472_5670.JPEG,n07718472_5670,n07718472,cucumber,cucumber_zucchini,1,0,"御新香 (高菜, きゅうり, 大根)",Tokyo|Japan|東京|日本|Tōkyō|Japanese food|pickled vegetables|御新香|高菜|きゅうり|大根|cucumber|Japanese radish|風来房,14,"Homemade pickled vegetables from <a href=""http://www.yoyogi-ichiban.com/shop/66.shtml"" rel=""noreferrer nofollow"">風来房</a>, 渋谷区代々木1-41-3 1F, 03-3374-1051"
n07718472_5676.JPEG,n07718472_5676,n07718472,cucumber,cucumber_zucchini,1,1,Culinary Class 13040706,Canon PowerShot S230|Canon|PowerShot|Kirkland|Washington|USA|Culinary Class|April in Paris|Sur La Table|Cooking Class|cucumber|soup|cilantro|dill|knife|cutting|chopping|sharp|Colorful World|hands|TCF|I Spy,22,my sister diving into the Cucumber soup prep  &quot;April in Paris&quot; culinary class I attended last night at <b>Sur La Table in Kirkland</b>.    MENU: Chilled Cucumber Soup - Spring Greens with Hazelnut Crusted Goat Cheese Fritters - Halibut and Shrimp in Parchment with Garlic Herb Butter - Fruited Couscous with Roasted Vegetables - White Chocolate Strawberry Tart 
n07718472_5694.JPEG,n07718472_5694,n07718472,cucumber,cucumber_zucchini,1,0,IMG_5610,cucumber|vegetable|Ollie Hawkins,3,
n07718472_570.JPEG,n07718472_570,n07718472,cucumber,cucumber_zucchini,1,0,Nutrition,red pepper|paprika|cucumber|corn|nutrition|food|vegetables,7,"try it! or buy it: <a href=""http://www.istockphoto.com/file_closeup/food/salads/pasta_salad/1913498_salad.php?id=1913498"" rel=""noreferrer nofollow"">www.istockphoto.com/file_closeup/food/salads/pasta_salad/...</a>"
n07718472_5706.JPEG,n07718472_5706,n07718472,cucumber,cucumber_zucchini,1,1,CSA 2007 - Week 5,vegetables|flowers|swiss chard|garlic|cucumber|onion|basil|rosemary|fennel|eggplant|kohlrabi|egg|queen anne's lace|zinnia,14,"blogged: <a href=""http://mamaurchin.com"" rel=""noreferrer nofollow"">mama urchin</a>"
n07718472_5717.JPEG,n07718472_5717,n07718472,cucumber,cucumber_zucchini,0,0,,,0,
n07718472_5720.JPEG,n07718472_5720,n07718472,cucumber,cucumber_zucchini,1,0,,cucumber|vege|vegetables|green,4,
n07718472_5751.JPEG,n07718472_5751,n07718472,cucumber,cucumber_zucchini,0,0,,,0,
n07718472_58.JPEG,n07718472_58,n07718472,cucumber,cucumber_zucchini,0,0,,,0,
n07718472_580.JPEG,n07718472_580,n07718472,cucumber,cucumber_zucchini,1,0,Vegetable Salad @ CoCoICHIBANYA,esplanade|cocoichibanya|salad|vegetable|cucumber,5,
n07718472_5817.JPEG,n07718472_5817,n07718472,cucumber,cucumber_zucchini,1,0,Stir-fried Japanese Cucumbers,FoodTrails|homecooked|homemade|homestyle|homecooking|sweet peas|Japanese cucumbers|golden mushrooms|vegetables|blogging,10,"Never have I had a combination of vegetables like this before.  This was the result of a visit to the supermarket on a Monday evening when the fresh vegetables are limited in choice.  Hmm…not bad in tasty at all ~  I am still looking for a head of long cabbage to go with my Udon, sad to say; those on sale are not good.  For this season, so many tiny black spots are on the leaves!  Finally I had decided to use Beijing cabbage in my stir-fried Japanese noodles, Udon.  It turned out to be just as delectable :) "
n07718472_583.JPEG,n07718472_583,n07718472,cucumber,cucumber_zucchini,0,0,,,0,
n07718472_5833.JPEG,n07718472_5833,n07718472,cucumber,cucumber_zucchini,0,0,,,0,
n07718472_5838.JPEG,n07718472_5838,n07718472,cucumber,cucumber_zucchini,1,1,0003,san|francisco|sanfrancisco|okoze|sushi|chef|journalism|photojournalism|sfsu|jason rosete|www.jasonrosete.com|photographer|famous|canon|40d|50mm,16,Peeling a cucumber with an Usuba (vegetable knife)
n07718472_5863.JPEG,n07718472_5863,n07718472,cucumber,cucumber_zucchini,1,1,Cucumber!,cucumber|homegrown|garden|vegetable|veg,5,This grew in our very own tiny back garden!
n07718472_5896.JPEG,n07718472_5896,n07718472,cucumber,cucumber_zucchini,1,0,2008OCT231532,bootload|2008|2008OCT|2008OCT23|food|eat|yum|vegetables|carrot|cucumber|lettuce|tomato,12,"<b>next <a href=""http://www.flickr.com/photos/bootload/2965537383/"">&gt;&gt;&gt;</a></b>"
n07718472_591.JPEG,n07718472_591,n07718472,cucumber,cucumber_zucchini,0,0,,,0,
n07718472_6008.JPEG,n07718472_6008,n07718472,cucumber,cucumber_zucchini,0,1,,,0,
n07718472_6009.JPEG,n07718472_6009,n07718472,cucumber,cucumber_zucchini,0,0,,,0,
n07718472_6011.JPEG,n07718472_6011,n07718472,cucumber,cucumber_zucchini,1,1,"Cool Cucumber, Desaru Fruit Farm",Desaru|Fruit|Farm|cucumber|vegetable|BabiesWithoutBorders,6,
n07718472_6016.JPEG,n07718472_6016,n07718472,cucumber,cucumber_zucchini,0,0,,,0,
n07718472_6027.JPEG,n07718472_6027,n07718472,cucumber,cucumber_zucchini,1,1,Can't wait to make a salad!,Japan|cukes|cucumber|きゅうり|green|vegetable|veggy,7,We have three cucumbers in the works on our porch. 
n07718472_6034.JPEG,n07718472_6034,n07718472,cucumber,cucumber_zucchini,1,1,Vegetanimals,tokyo|japan|eggplant|cucumber|vegetable frankenteins,5,untitled
n07718472_6048.JPEG,n07718472_6048,n07718472,cucumber,cucumber_zucchini,0,0,,,0,
n07718472_6076.JPEG,n07718472_6076,n07718472,cucumber,cucumber_zucchini,0,1,,,0,
n07718472_6097.JPEG,n07718472_6097,n07718472,cucumber,cucumber_zucchini,0,1,,,0,
n07718472_611.JPEG,n07718472_611,n07718472,cucumber,cucumber_zucchini,1,0,X1788,washington dc|eastern market|food|vegetables|cucumbers|green,6,
n07718472_6110.JPEG,n07718472_6110,n07718472,cucumber,cucumber_zucchini,1,1,Cuc,Cucumber|Vegetable,2,
n07718472_6122.JPEG,n07718472_6122,n07718472,cucumber,cucumber_zucchini,0,0,,,0,
n07718472_6127.JPEG,n07718472_6127,n07718472,cucumber,cucumber_zucchini,0,1,,,0,
n07718472_614.JPEG,n07718472_614,n07718472,cucumber,cucumber_zucchini,1,0,Vegetables for the week of 2005-07-26,organic|vegetables|produce|csa,4,"Details <a href=""http://flickr.com/photos/gnuf/18098159/"">here</a>."
n07718472_6140.JPEG,n07718472_6140,n07718472,cucumber,cucumber_zucchini,0,1,,,0,
n07718472_6181.JPEG,n07718472_6181,n07718472,cucumber,cucumber_zucchini,0,1,,,0,
n07718472_6200.JPEG,n07718472_6200,n07718472,cucumber,cucumber_zucchini,0,1,,,0,
n07718472_6201.JPEG,n07718472_6201,n07718472,cucumber,cucumber_zucchini,1,0,Cucumber,food|vegetables|fruits|red|yellow|green|orange,7,
n07718472_6215.JPEG,n07718472_6215,n07718472,cucumber,cucumber_zucchini,1,0,"scalloppini squash, lemon cucumber ..",garden|vegetable|humble|cucumber|lemon|scallopinni|squash,7,"scalloppini squash, lemon cucumber, green cuke and one lonely snow pea"
n07718472_6217.JPEG,n07718472_6217,n07718472,cucumber,cucumber_zucchini,0,0,,,0,
n07718472_623.JPEG,n07718472_623,n07718472,cucumber,cucumber_zucchini,0,0,,,0,
n07718472_626.JPEG,n07718472_626,n07718472,cucumber,cucumber_zucchini,1,1,Alternate Entrée,entrée|food|meal|cucumber|cucumbers|vegetables|egg|eggs|cheese|tomato|tomatoes|pepper|peppers|lettuce|russia|cruise|russia trip 2008|vacation|goritsy|kirillov|россия|круйз|горитсий|кириллов,24,This is the entrée I chose.
n07718472_6277.JPEG,n07718472_6277,n07718472,cucumber,cucumber_zucchini,0,0,,,0,
n07718472_628.JPEG,n07718472_628,n07718472,cucumber,cucumber_zucchini,1,1,Fruits of our labor,Cucumbers|Vegetable|Garden,3,
n07718472_6281.JPEG,n07718472_6281,n07718472,cucumber,cucumber_zucchini,0,0,,,0,
n07718472_6294.JPEG,n07718472_6294,n07718472,cucumber,cucumber_zucchini,1,0,the cucumber,The　vegetable,1,
n07718472_6300.JPEG,n07718472_6300,n07718472,cucumber,cucumber_zucchini,1,0,Vegetables in Kuching,travel|kuching|sarawak|malaysia|market|vegetable|food|green|cucumber|lettuce|cabbage|bidin|midin|jungle fern|gourd|parsley|oiseauxbleu,17,
n07718472_6331.JPEG,n07718472_6331,n07718472,cucumber,cucumber_zucchini,0,1,,,0,
n07718472_6334.JPEG,n07718472_6334,n07718472,cucumber,cucumber_zucchini,0,1,,,0,
n07718472_6346.JPEG,n07718472_6346,n07718472,cucumber,cucumber_zucchini,1,1,"csa bounty, week 2",csa|community supported agriculture|vegetables|cherry tomatoes|leeks|cucumbers|red onion|banana peppers|long beets|gong garden|eat local|golden beet|cucumber,13,"<a href=""http://www.gonggarden.com/"" rel=""noreferrer nofollow"">www.gonggarden.com/</a>"
n07718472_6351.JPEG,n07718472_6351,n07718472,cucumber,cucumber_zucchini,1,0,Pickler Cucumbers,cuke|cucumbers|farmers' market Lawrence Farmers' Market downtown local vegetable Kansas|Downtown Lawrence Farmers' Market|farmers' market|Kansas|Lawrence|Lawrence Farmers' Market,8,These are a variety especially suited to picking-a great way to eat local all year long.
n07718472_640.JPEG,n07718472_640,n07718472,cucumber,cucumber_zucchini,1,1,Cucumber Plant,plants|vegetables|garden|cucumber,4,My first ever cucumber growing in my garden
n07718472_6405.JPEG,n07718472_6405,n07718472,cucumber,cucumber_zucchini,1,0,CSA Week 7,csa|vegetables|egg|potato|cucumber|onion|eggplant|rainbow chard|organic,9,"<a href=""http://mamaurchin.wordpress.com"" rel=""noreferrer nofollow"">mamaurchin.wordpress.com</a>"
n07718472_6410.JPEG,n07718472_6410,n07718472,cucumber,cucumber_zucchini,1,0,"Apples, Green Peppers, Cucumbers, and  Oranges",fruit|vegetables|apples|green peppers|cucumbers|oranges|food|Walmart|store|grocery store|pepper|orange|green|red|rod|crate|balls|round|pickle|bell pepper|Better Than Good|50 views|100 views,23,The green peppers kind of looks like it is made of wax.
n07718472_6434.JPEG,n07718472_6434,n07718472,cucumber,cucumber_zucchini,1,0,garden salad at azabu sabo,food|noshowerfamily|dinner|salad|grape|grapes|cucumber|fruit|fruits|vegetables|healthy|azabu sabo|麻布茶房|pitaya|dragon fruit|火龍果|taiwan|台灣,18,"dinner for sept. 24, 2006"
n07718472_644.JPEG,n07718472_644,n07718472,cucumber,cucumber_zucchini,1,0,"Cucumber, Carrot, Tomato and Cilantro Salad",carrots|cucumber|dinner|food|food diary|salad|tomato|vegetables|vegetarian,9,
n07718472_6446.JPEG,n07718472_6446,n07718472,cucumber,cucumber_zucchini,1,1,Огурчик,Овощи|Vegetables|Cucumber|Огурец,4,
n07718472_6463.JPEG,n07718472_6463,n07718472,cucumber,cucumber_zucchini,0,0,,,0,
n07718472_6487.JPEG,n07718472_6487,n07718472,cucumber,cucumber_zucchini,0,1,,,0,
n07718472_650.JPEG,n07718472_650,n07718472,cucumber,cucumber_zucchini,1,1,Garden Cucumber,cucumber|vegetables,2,
n07718472_651.JPEG,n07718472_651,n07718472,cucumber,cucumber_zucchini,1,1,"Talk to me, please",vegetables|cucumber|tomato|spring onion|kitchen table|APlusPhoto,6,"Suddenly, when preparing lunch things got out of control ..."
n07718472_6517.JPEG,n07718472_6517,n07718472,cucumber,cucumber_zucchini,1,0,"Market in Medgidia, Romania",Medgidia|Roemenië|Romania|market|fruit|vegetables|red pepper|plums|green tomatoes|eggplant|cucumbers|markt,12,
n07718472_653.JPEG,n07718472_653,n07718472,cucumber,cucumber_zucchini,0,1,,,0,
n07718472_6532.JPEG,n07718472_6532,n07718472,cucumber,cucumber_zucchini,0,0,,,0,
n07718472_6538.JPEG,n07718472_6538,n07718472,cucumber,cucumber_zucchini,0,0,,,0,
n07718472_6548.JPEG,n07718472_6548,n07718472,cucumber,cucumber_zucchini,0,0,,,0,
n07718472_655.JPEG,n07718472_655,n07718472,cucumber,cucumber_zucchini,1,0,Vegetable garden bounty,eggplants|cucumbers,2,
n07718472_6555.JPEG,n07718472_6555,n07718472,cucumber,cucumber_zucchini,0,0,,,0,
n07718472_6566.JPEG,n07718472_6566,n07718472,cucumber,cucumber_zucchini,1,0,Kimchi vegetables salted and waiting,kimchi|culiblog.org|debra_solomon|recipe|korean_cuisine|food,6,"After the vegetables are salted and have sat for some hours, you will need to rinse the salt off. Some recipes call for 3 rinsings, I say, use your own judgement and taste the vegetable in question. Don't let the vegetables sit in water.  Cucumbers need very little time salting.  Chard and tougher greens need lots of time and salting."
n07718472_6590.JPEG,n07718472_6590,n07718472,cucumber,cucumber_zucchini,0,0,,,0,
n07718472_6594.JPEG,n07718472_6594,n07718472,cucumber,cucumber_zucchini,1,0,fresh cucumber slices,produce|cucumbers|farm share|vegetables,4,
n07718472_662.JPEG,n07718472_662,n07718472,cucumber,cucumber_zucchini,1,0,Vendor's Tray,everyday|vegetables,2,"A vegetable vendor's tray, Fairchild Street, Bridgetown. The vendor is an old lady, probably in her 60s or 70s;  she was away from the tray at the time I took this shot.  Looks like she has breadfruit, bananas, squash, pumpkin, eddoes, chives and other seasonings, tomatoes, cucumber, carrots, peas, mangoes and cabbage. I'm pretty certain that all of that would be locally grown.  I keep telling myself that I must make an effort to buy fewer vegetables from the supermarket and more from the market and the organic growers' association.  "
n07718472_6622.JPEG,n07718472_6622,n07718472,cucumber,cucumber_zucchini,1,0,Produce,Carrots|Cucumbers|Produce|Orange|Green|Vegetables,6,
n07718472_6629.JPEG,n07718472_6629,n07718472,cucumber,cucumber_zucchini,0,0,,,0,
n07718472_6636.JPEG,n07718472_6636,n07718472,cucumber,cucumber_zucchini,0,1,,,0,
n07718472_6652.JPEG,n07718472_6652,n07718472,cucumber,cucumber_zucchini,1,0,cucumber growing,Manchester|Vegetable,2,
n07718472_6787.JPEG,n07718472_6787,n07718472,cucumber,cucumber_zucchini,1,1,Lotus @ Phuket Laguna,Phuket|Phuket Laguna|Lotus Restaurant|Thailand|Thai food|food|Thai|pork salad|accompaniments|cabbage|cucumber|beans|vegetables|green,14,"accompaniments for the pork neck salad, cabbage, snake beans and cucumber"
n07718472_679.JPEG,n07718472_679,n07718472,cucumber,cucumber_zucchini,1,0,Cucumbers!!!,bangalore|on the road|vegetables|cucumbers,4,A roadside cucumber sale. Love the colors on that thing.
n07718472_6799.JPEG,n07718472_6799,n07718472,cucumber,cucumber_zucchini,1,1,Love at first sight,garden|cucumber|http://yourneighborhoodlibrarian.blogspot.com/,3,"Ok, that was raunchy... but I was so excited when I saw this, the first cucumber from our garden! Cucumber Summer Dance from Pinetree Garden Seeds, sowed directly into vegetable garden in early May. Picked in mid-July. Eaten about a minute later on whole wheat bread with salt."
n07718472_6821.JPEG,n07718472_6821,n07718472,cucumber,cucumber_zucchini,0,0,,,0,
n07718472_6850.JPEG,n07718472_6850,n07718472,cucumber,cucumber_zucchini,0,0,,,0,
n07718472_6851.JPEG,n07718472_6851,n07718472,cucumber,cucumber_zucchini,0,0,,,0,
n07718472_6853.JPEG,n07718472_6853,n07718472,cucumber,cucumber_zucchini,1,0,"Is it a bird, is it a plane, no it's supercucumber",Groups and causes|greenmoleforum|Art|sculpture|Things|vegetables|People|boy|Food|cucumber|capelgoesgreen|Events|capelgreenfair,13,"See more about green, eco, conservation and other events and information in the Mole Valley at <a href=""http://www.greenmoleforum.org/"" rel=""noreferrer nofollow"">www.greenmoleforum.org/</a>"
n07718472_6879.JPEG,n07718472_6879,n07718472,cucumber,cucumber_zucchini,0,0,,,0,
n07718472_688.JPEG,n07718472_688,n07718472,cucumber,cucumber_zucchini,0,0,,,0,
n07718472_6889.JPEG,n07718472_6889,n07718472,cucumber,cucumber_zucchini,0,0,,,0,
n07718472_6895.JPEG,n07718472_6895,n07718472,cucumber,cucumber_zucchini,0,0,,,0,
n07718472_6907.JPEG,n07718472_6907,n07718472,cucumber,cucumber_zucchini,0,0,,,0,
n07718472_6918.JPEG,n07718472_6918,n07718472,cucumber,cucumber_zucchini,0,1,,,0,
n07718472_6919.JPEG,n07718472_6919,n07718472,cucumber,cucumber_zucchini,0,0,,,0,
n07718472_6932.JPEG,n07718472_6932,n07718472,cucumber,cucumber_zucchini,1,0,IMG_0032,Devon England UK countryside outdoors nature|Millie|Charlie|vegetables|organic|cucumber|lettuce|salad|farm|garden|children|two people|brother|sister,14,
n07718472_6961.JPEG,n07718472_6961,n07718472,cucumber,cucumber_zucchini,0,0,,,0,
n07718472_6981.JPEG,n07718472_6981,n07718472,cucumber,cucumber_zucchini,1,1,"Ichiban eggplant, cucumbers and cherry tomatoes",Briarwood|cherry tomatoes|cucumbers|garden|ichiban eggplant|summer|vegetables|New Paltz|New York|USA,10,
n07718472_6982.JPEG,n07718472_6982,n07718472,cucumber,cucumber_zucchini,0,0,,,0,
n07718472_6987.JPEG,n07718472_6987,n07718472,cucumber,cucumber_zucchini,1,0,Pickled Cucumber,OOTOYA|Japanese restaurant|Japanese cuisine|vegetables|side dish|food|yummy|delicious|Tainan|Taiwan|fun|cucumber|PICKLED,13,清淡爽口
n07718472_7035.JPEG,n07718472_7035,n07718472,cucumber,cucumber_zucchini,0,0,,,0,
n07718472_7043.JPEG,n07718472_7043,n07718472,cucumber,cucumber_zucchini,1,0,Local Bounty,vegetables|tomato|tomatoes|snappeas|sugarsnappeas|cucumber|strawberry|strawberries|flowers|hydrangea|blue|yellow|kitchen,13,"Yesterday's farmers market in downtown Albion, CA (pop: 398) was the best this season.  That massive hydrangea bouquet in the background? Five bucks. "
n07718472_7047.JPEG,n07718472_7047,n07718472,cucumber,cucumber_zucchini,1,0,Garden Bounty,garden|tomatoes|tomato|cucumber|cucumbers|vegetable|vegetables|fruit|summer|august,10,Picked from my garden today.  It has been nice and sunny here since last week and the tomatoes and cucumbers are liking it....(&amp; I am too).
n07718472_7052.JPEG,n07718472_7052,n07718472,cucumber,cucumber_zucchini,1,0,Vegetables5,food|vegetables|shallots|cucumbers|radishes|garlic|brussel|sprouts|tomatos|avocado|Set|2,12,Shot of vegetables with shallow focus for stock request.
n07718472_7066.JPEG,n07718472_7066,n07718472,cucumber,cucumber_zucchini,0,0,,,0,
n07718472_7074.JPEG,n07718472_7074,n07718472,cucumber,cucumber_zucchini,1,0,Cucumbers,cucumber|vegetable|garden|vegetable garden|Bahamas|San Salvador,6,
n07718472_7076.JPEG,n07718472_7076,n07718472,cucumber,cucumber_zucchini,1,0,LIC CSA,lic|csa|eggplant|carrots|cucumber|cabbage|green|pepper|red|potatoes|onion|garden|vegetables|summer,14,"Didn't even bother taking the bag of lettuce this time since we haven't finished it the last two weeks. But check out the purple carrots, starchy potatoes, glossy green pepper and monster eggplant."
n07718472_7125.JPEG,n07718472_7125,n07718472,cucumber,cucumber_zucchini,0,0,,,0,
n07718472_7145.JPEG,n07718472_7145,n07718472,cucumber,cucumber_zucchini,0,0,,,0,
n07718472_7172.JPEG,n07718472_7172,n07718472,cucumber,cucumber_zucchini,0,0,,,0,
n07718472_7182.JPEG,n07718472_7182,n07718472,cucumber,cucumber_zucchini,1,1,Crepcumber Myrtle,Cucumber|Crepe Myrtle|Crape Myrtle|Vegetable|Flower|Tree|Plant|Plants|Garden|Hybrid Freak Of Nature We Are All Doomed!,10,"Jack planted a cucumber vine next to one of the crepe myrtles.  The vine grew up into the tree, so now with have a crepe myrtle with cucmbers hanging from it!  By the way, does any one know?  Is it crepe or crape?  Or does it not matter?"
n07718472_7203.JPEG,n07718472_7203,n07718472,cucumber,cucumber_zucchini,1,0,Cucumber and Tomato,tomato|cucumber|vegetable|snack,4,With salt and pepper.
n07718472_7224.JPEG,n07718472_7224,n07718472,cucumber,cucumber_zucchini,0,0,,,0,
n07718472_723.JPEG,n07718472_723,n07718472,cucumber,cucumber_zucchini,0,1,,,0,
n07718472_7244.JPEG,n07718472_7244,n07718472,cucumber,cucumber_zucchini,1,0,Simply the Freshest ...,vegetables|foods|cabbage|brinjals|cucumber|beans|tomatoes|potatoes|Negombo|Sri Lanka|Ashan de Silva|Sony Ericsson K810i,12,Vegetable Market of Negombo; Sri Lanka.
n07718472_7255.JPEG,n07718472_7255,n07718472,cucumber,cucumber_zucchini,1,0,Garden grown cucumbers,garden|vegetables,2,
n07718472_7266.JPEG,n07718472_7266,n07718472,cucumber,cucumber_zucchini,0,0,,,0,
n07718472_7275.JPEG,n07718472_7275,n07718472,cucumber,cucumber_zucchini,1,0,Eat Your Vegetables!,zucchini|yellowsquash|lettuce|cucumbers|tomatoes|onions|market|outdoor|sunlight|color|Pennsylvania,11,People choosing vegetables at the  Farmers' Market.
n07718472_7292.JPEG,n07718472_7292,n07718472,cucumber,cucumber_zucchini,0,0,,,0,
n07718472_7386.JPEG,n07718472_7386,n07718472,cucumber,cucumber_zucchini,0,0,,,0,
n07718472_7403.JPEG,n07718472_7403,n07718472,cucumber,cucumber_zucchini,0,1,,,0,
n07718472_7415.JPEG,n07718472_7415,n07718472,cucumber,cucumber_zucchini,0,1,,,0,
n07718472_742.JPEG,n07718472_742,n07718472,cucumber,cucumber_zucchini,0,0,,,0,
n07718472_7442.JPEG,n07718472_7442,n07718472,cucumber,cucumber_zucchini,0,0,,,0,
n07718472_7466.JPEG,n07718472_7466,n07718472,cucumber,cucumber_zucchini,0,0,,,0,
n07718472_7470.JPEG,n07718472_7470,n07718472,cucumber,cucumber_zucchini,0,0,,,0,
n07718472_7510.JPEG,n07718472_7510,n07718472,cucumber,cucumber_zucchini,1,0,Cool as a Cucumber!,cucumber|cuke|seeds|vegetables|whatIate|food|foodforthought|goodtaste|yummy|Joanne|through Joanne's eye|Manthei|Canen|photographer,14,"I sliced this and ate it for my dinner last night, fresh from my garden"
n07718472_7513.JPEG,n07718472_7513,n07718472,cucumber,cucumber_zucchini,0,0,,,0,
n07718472_7518.JPEG,n07718472_7518,n07718472,cucumber,cucumber_zucchini,0,0,,,0,
n07718472_7560.JPEG,n07718472_7560,n07718472,cucumber,cucumber_zucchini,0,0,,,0,
n07718472_7561.JPEG,n07718472_7561,n07718472,cucumber,cucumber_zucchini,1,0,Gemüseplatte,Gartengemüse|Gurken|Zucchini|Paprika|Tomaten|Zwiebeln|Cucumbers|Tomatoes|Onions|vegetable,10,Alles frisch aus dem Garten
n07718472_7565.JPEG,n07718472_7565,n07718472,cucumber,cucumber_zucchini,0,0,,,0,
n07718472_757.JPEG,n07718472_757,n07718472,cucumber,cucumber_zucchini,1,1,Fresh from the farm,vegetables|cucumbers|sonone,3,"Son #1 and I stopped at a farm on our morning excursion.  We were pretty well stocked for produce, so all we got was this cucumber."
n07718472_758.JPEG,n07718472_758,n07718472,cucumber,cucumber_zucchini,0,1,,,0,
n07718472_760.JPEG,n07718472_760,n07718472,cucumber,cucumber_zucchini,0,1,,,0,
n07718472_7662.JPEG,n07718472_7662,n07718472,cucumber,cucumber_zucchini,0,0,,,0,
n07718472_7671.JPEG,n07718472_7671,n07718472,cucumber,cucumber_zucchini,1,1,Clagett Farm CSA 2008 Week 6,clagett|farm|csa|clagett farm|community supported agriculture|organic|vegetables|fruit|share|carrots|garlic|cabbage|cucumber|lettuce|garlic scapes,15,Cucumber
n07718472_7675.JPEG,n07718472_7675,n07718472,cucumber,cucumber_zucchini,0,0,,,0,
n07718472_7681.JPEG,n07718472_7681,n07718472,cucumber,cucumber_zucchini,0,0,,,0,
n07718472_7691.JPEG,n07718472_7691,n07718472,cucumber,cucumber_zucchini,0,0,,,0,
n07718472_7705.JPEG,n07718472_7705,n07718472,cucumber,cucumber_zucchini,0,0,,,0,
n07718472_771.JPEG,n07718472_771,n07718472,cucumber,cucumber_zucchini,1,0,,Japanese|cooking|sushi|DIY|ingredients|bowl|wooden|cucumber|crab|avocado|egg|tamago|salmon|food|vegetables|seafood,16,
n07718472_7746.JPEG,n07718472_7746,n07718472,cucumber,cucumber_zucchini,0,0,,,0,
n07718472_7755.JPEG,n07718472_7755,n07718472,cucumber,cucumber_zucchini,1,0,today's harvest,cucumber|yellow squash|garden|tomato|zucchini|vegetables|BorderFX|50mm f/1.4 AF|potatoes,9,
n07718472_7756.JPEG,n07718472_7756,n07718472,cucumber,cucumber_zucchini,1,0,Pepinos / Cucumbers,byn|b&w|pepinos|cucumber|verdura|israfel67|NYC|New York|Nueva York|comida|food|vegetables|supermarket|supermercado|fresh|fresco|organic|orgánico,18,
n07718472_777.JPEG,n07718472_777,n07718472,cucumber,cucumber_zucchini,0,1,,,0,
n07718472_7823.JPEG,n07718472_7823,n07718472,cucumber,cucumber_zucchini,0,1,,,0,
n07718472_7830.JPEG,n07718472_7830,n07718472,cucumber,cucumber_zucchini,0,0,,,0,
n07718472_7849.JPEG,n07718472_7849,n07718472,cucumber,cucumber_zucchini,0,0,,,0,
n07718472_7857.JPEG,n07718472_7857,n07718472,cucumber,cucumber_zucchini,0,1,,,0,
n07718472_787.JPEG,n07718472_787,n07718472,cucumber,cucumber_zucchini,1,1,Cucumber Round,7 Days of Shooting|Macro & Close up Monday|Round|Cucumber|Vegetable|Green|Week #40|Theme Round Things,8,Taken for 7 Days of Shooting Theme : Round Things Day : Macro and Close up Monday Week No. #40
n07718472_788.JPEG,n07718472_788,n07718472,cucumber,cucumber_zucchini,0,0,,,0,
n07718472_789.JPEG,n07718472_789,n07718472,cucumber,cucumber_zucchini,1,0,Vegetable Tagine with Couscous and Cucumber Salad,carrots|cauliflower|couscous|cucumber|dinner|food|food diary|parsnip|roast|squash|tagine|vegan|vegetables|vegetarian,14,
n07718472_7898.JPEG,n07718472_7898,n07718472,cucumber,cucumber_zucchini,1,0,HFW First Harvest,holistic forge works|tacoma|garden|vegetables|cartoonist|carrots|onions|cucumber|science|DIY|victory-garden,11,victory garden experiments 
n07718472_7899.JPEG,n07718472_7899,n07718472,cucumber,cucumber_zucchini,0,0,,,0,
n07718472_7916.JPEG,n07718472_7916,n07718472,cucumber,cucumber_zucchini,0,0,,,0,
n07718472_7939.JPEG,n07718472_7939,n07718472,cucumber,cucumber_zucchini,0,1,,,0,
n07718472_7952.JPEG,n07718472_7952,n07718472,cucumber,cucumber_zucchini,1,0,Cheese salad with hummus dressing and pitta crisps / Salada de queijo coalho com molho de homus e torradinhas de pão pita,salad|vegetables|hummus|cucumbers|tomatoes|yogurt|pitta bread|cheese,8,"Recipe <a href=""http://technicolorkitcheninenglish.blogspot.com/2008/09/cheese-salad-with-hummus-dressing-and.html"" rel=""noreferrer nofollow"">on my blog</a>  Receita em português <a href=""http://technicolorkitchen.blogspot.com/2008/09/salada-de-queijo-coalho-com-molho-de.html"" rel=""noreferrer nofollow"">aqui</a>"
n07718472_7958.JPEG,n07718472_7958,n07718472,cucumber,cucumber_zucchini,1,0,Cucumbers,vegetables|green|cucumber|DoF,4,
n07718472_7968.JPEG,n07718472_7968,n07718472,cucumber,cucumber_zucchini,0,0,,,0,
n07718472_7989.JPEG,n07718472_7989,n07718472,cucumber,cucumber_zucchini,0,0,,,0,
n07718472_7993.JPEG,n07718472_7993,n07718472,cucumber,cucumber_zucchini,0,0,,,0,
n07718472_7996.JPEG,n07718472_7996,n07718472,cucumber,cucumber_zucchini,0,0,,,0,
n07718472_8002.JPEG,n07718472_8002,n07718472,cucumber,cucumber_zucchini,0,1,,,0,
n07718472_802.JPEG,n07718472_802,n07718472,cucumber,cucumber_zucchini,0,0,,,0,
n07718472_8065.JPEG,n07718472_8065,n07718472,cucumber,cucumber_zucchini,1,0,Dasher Cucumber,garden|permaculture|urban homestead|homesteading|homestead|vegetable garden|vegetables,7,Ge digital camera
n07718472_807.JPEG,n07718472_807,n07718472,cucumber,cucumber_zucchini,0,1,,,0,
n07718472_8074.JPEG,n07718472_8074,n07718472,cucumber,cucumber_zucchini,0,0,,,0,
n07718472_808.JPEG,n07718472_808,n07718472,cucumber,cucumber_zucchini,0,1,,,0,
n07718472_8086.JPEG,n07718472_8086,n07718472,cucumber,cucumber_zucchini,1,0,vegetables,"vegetables|farmers_market|food|awynhaus|All images are protected under the United States and International Copyright laws and may not be downloaded, reproduced, copied, transmitted or manipulated without written permission.",5,my haul of cucumbers and tomatoes.  From a local farm.
n07718472_8091.JPEG,n07718472_8091,n07718472,cucumber,cucumber_zucchini,0,1,,,0,
n07718472_8107.JPEG,n07718472_8107,n07718472,cucumber,cucumber_zucchini,0,1,,,0,
n07718472_8108.JPEG,n07718472_8108,n07718472,cucumber,cucumber_zucchini,0,1,,,0,
n07718472_8118.JPEG,n07718472_8118,n07718472,cucumber,cucumber_zucchini,0,1,,,0,
n07718472_8120.JPEG,n07718472_8120,n07718472,cucumber,cucumber_zucchini,0,0,,,0,
n07718472_8124.JPEG,n07718472_8124,n07718472,cucumber,cucumber_zucchini,0,1,,,0,
n07718472_8126.JPEG,n07718472_8126,n07718472,cucumber,cucumber_zucchini,1,1,DSC00174,vegetables|peppers|cucumber|eggplant|okra|grocery|food,7,
n07718472_8144.JPEG,n07718472_8144,n07718472,cucumber,cucumber_zucchini,0,0,,,0,
n07718472_8156.JPEG,n07718472_8156,n07718472,cucumber,cucumber_zucchini,1,1,Size doesn't matter,Brunei|seria|cucumber|vegetable|macro,5,Does it?
n07718472_8159.JPEG,n07718472_8159,n07718472,cucumber,cucumber_zucchini,1,0,bounty for today,tomoato|cucumber|garden|vegetables|baltimore|city,6,a rainbow! 
n07718472_8172.JPEG,n07718472_8172,n07718472,cucumber,cucumber_zucchini,0,0,,,0,
n07718472_8177.JPEG,n07718472_8177,n07718472,cucumber,cucumber_zucchini,1,1,Baby Cucumber,vegetable garden|veggies|garden|urban homestead|homesteading|permaculture,6,Ge digital camera
n07718472_8182.JPEG,n07718472_8182,n07718472,cucumber,cucumber_zucchini,1,0,きゅうり　Cucumber,壱岐|島|風景|自然|胡瓜|cucumber,6,実家の畑で無農薬栽培しているきゅうりです。 ちょっとおもしろい形でしょ？  [tags] unique shape  vegetable cucumber nature agriculture interesting
n07718472_8203.JPEG,n07718472_8203,n07718472,cucumber,cucumber_zucchini,1,0,glasraí,zuchinni|cucumber|lemon cucumber|marrow|onion|shallot|corgette|glasraí|vegetables|organic|cure farm|foclóir,12,
n07718472_823.JPEG,n07718472_823,n07718472,cucumber,cucumber_zucchini,1,0,concombre,vegetable|cucumber|macro|project365|TheBigOne,5,"June 14, 2007: crunchy and refreshing veggie."
n07718472_8230.JPEG,n07718472_8230,n07718472,cucumber,cucumber_zucchini,0,1,,,0,
n07718472_8231.JPEG,n07718472_8231,n07718472,cucumber,cucumber_zucchini,0,0,,,0,
n07718472_8237.JPEG,n07718472_8237,n07718472,cucumber,cucumber_zucchini,1,0,Cucumber,cucumber|vegetable|garden|vegetable garden|Bahamas|San Salvador,6,
n07718472_8261.JPEG,n07718472_8261,n07718472,cucumber,cucumber_zucchini,0,0,,,0,
n07718472_8284.JPEG,n07718472_8284,n07718472,cucumber,cucumber_zucchini,0,0,,,0,
n07718472_8287.JPEG,n07718472_8287,n07718472,cucumber,cucumber_zucchini,1,0,Achar,Lunar New Year|achar|pickled|vegetables|cucumber|sweet|sour|appetizer|food|nonya,10,My mum made this for CNY reunion dinner : )
n07718472_8298.JPEG,n07718472_8298,n07718472,cucumber,cucumber_zucchini,0,0,,,0,
n07718472_8303.JPEG,n07718472_8303,n07718472,cucumber,cucumber_zucchini,1,1,chop chop,vegetable|tomato|cucumber|knife,4,I cut these bad boys up.
n07718472_8309.JPEG,n07718472_8309,n07718472,cucumber,cucumber_zucchini,1,0,Mid Autumn Moon Festival (24),China|Mid-Autumn Festival|Moon Festival|September 2007|XO Jiang Qing Gua Hua Zhi Pian|XO sauce|chanping|cucumber|squid|vegetables,10,"<a href=""http://kimberlinewyork.blogspot.com/2007/09/mid-autumn-moon-festival-celebration.html"" rel=""noreferrer nofollow"">blog entry</a> September 25, 2007 Changping, China Yan Shui Chai Xin Restaurant  "
n07718472_831.JPEG,n07718472_831,n07718472,cucumber,cucumber_zucchini,0,1,,,0,
n07718472_8319.JPEG,n07718472_8319,n07718472,cucumber,cucumber_zucchini,0,1,,,0,
n07718472_8323.JPEG,n07718472_8323,n07718472,cucumber,cucumber_zucchini,1,0,the salad after the scan,vegetable|salad|cucumber|pepper|tomato,5,"This contains some of the veggies I used in my scanner photos yesterday - cucumber, parsley, red onion, and juice from the limes.  "
n07718472_8333.JPEG,n07718472_8333,n07718472,cucumber,cucumber_zucchini,0,0,,,0,
n07718472_8338.JPEG,n07718472_8338,n07718472,cucumber,cucumber_zucchini,0,1,,,0,
n07718472_8343.JPEG,n07718472_8343,n07718472,cucumber,cucumber_zucchini,0,0,,,0,
n07718472_8350.JPEG,n07718472_8350,n07718472,cucumber,cucumber_zucchini,0,0,,,0,
n07718472_8353.JPEG,n07718472_8353,n07718472,cucumber,cucumber_zucchini,1,1,P5250058,garden|bug|insect|plant|crop|bee|dragonfly|squash|okra|cucumber|eggplant|vegetable|farm|agriculture,14,
n07718472_8367.JPEG,n07718472_8367,n07718472,cucumber,cucumber_zucchini,0,1,,,0,
n07718472_8376.JPEG,n07718472_8376,n07718472,cucumber,cucumber_zucchini,0,0,,,0,
n07718472_8381.JPEG,n07718472_8381,n07718472,cucumber,cucumber_zucchini,0,0,,,0,
n07718472_8386.JPEG,n07718472_8386,n07718472,cucumber,cucumber_zucchini,1,0,cucumber flower,community|garden|cambridge|cucumber|flower|yellow|green|vegetable|plant,9,"sacramento street community garden, cambridge MA"
n07718472_8392.JPEG,n07718472_8392,n07718472,cucumber,cucumber_zucchini,0,0,,,0,
n07718472_8403.JPEG,n07718472_8403,n07718472,cucumber,cucumber_zucchini,0,0,,,0,
n07718472_842.JPEG,n07718472_842,n07718472,cucumber,cucumber_zucchini,1,1,DSC_0066_2800,,0,
n07718472_8422.JPEG,n07718472_8422,n07718472,cucumber,cucumber_zucchini,1,0,So much produce.,garden|vegetables|tomatoes|greenbeans|squash|cucumbers,6,It just figures that the year we move is the year the garden does remarkably well.
n07718472_8434.JPEG,n07718472_8434,n07718472,cucumber,cucumber_zucchini,1,0,Have To Make Sure My Wife Eats Her Vegetables,Bug|Dinner|Vegetables|Salmon|Rice|Uncle|Ben's|Cucumber|Tomato|Paprika|Carrots|Beans|Sauce|Ipod|Gas|Bottle|Mess|Treats|Truscott|Drive|Dishes|Food,22,"It's Uncle Ben's Chicken Rice with Salmon, Carrots &amp; Peas in Sauce and some Raw Vegetables. Had to make it a little bit creative!! No idea what kind of Bug it's suppose to represent....let me know what you think! "
n07718472_8435.JPEG,n07718472_8435,n07718472,cucumber,cucumber_zucchini,0,0,,,0,
n07718472_844.JPEG,n07718472_844,n07718472,cucumber,cucumber_zucchini,1,1,Cucumber,garden|permaculture|urban homestead|homesteading|homestead|vegetable garden|vegetables,7,Ge digital camera
n07718472_8448.JPEG,n07718472_8448,n07718472,cucumber,cucumber_zucchini,0,0,,,0,
n07718472_8455.JPEG,n07718472_8455,n07718472,cucumber,cucumber_zucchini,0,0,,,0,
n07718472_8457.JPEG,n07718472_8457,n07718472,cucumber,cucumber_zucchini,1,0,Which pile is bigger?,color|india|market|bangalore|cucumber|bazaar|seller|piles|vegetables|streetside,10,
n07718472_847.JPEG,n07718472_847,n07718472,cucumber,cucumber_zucchini,1,0,Cheval's vegetarian salad,france|paris|au petit fer a cheval|restaurant|food|eating|cheese|avocado|lettuce|tomato|cucumber|endive|vegetables|salad,14,"The veggie salad at Au Petit Fer A Cheval, with goat's cheese, blue cheese, mixed lettuce, tomato, endive, cucumber, and avocado.  Au Petit Fer A Cheval 28, Rue Vieille du Temple 75004 Paris, France +33 9 62 09 23 38 "
n07718472_8473.JPEG,n07718472_8473,n07718472,cucumber,cucumber_zucchini,0,0,,,0,
n07718472_848.JPEG,n07718472_848,n07718472,cucumber,cucumber_zucchini,0,0,,,0,
n07718472_8481.JPEG,n07718472_8481,n07718472,cucumber,cucumber_zucchini,1,1,Vegetables,fruit|vegetables|veggies|food|kitchen|cucumber|tomato|tomatoes|healthy|vitamins,10,
n07718472_8490.JPEG,n07718472_8490,n07718472,cucumber,cucumber_zucchini,1,1,Summer harvest...,pbev|summer|georgia|atlanta|vegetables|harvest|cherry|tomatoes|leeks|cucumbers|banana|peppers|basil|rosemary|roma|fresh|july|blue bowl special|nature|garden|pea patch|veggies|i grew this|i ate this,24,... from my pea patch. 
n07718472_8501.JPEG,n07718472_8501,n07718472,cucumber,cucumber_zucchini,0,0,,,0,
n07718472_8508.JPEG,n07718472_8508,n07718472,cucumber,cucumber_zucchini,0,0,,,0,
n07718472_8512.JPEG,n07718472_8512,n07718472,cucumber,cucumber_zucchini,0,0,,,0,
n07718472_8552.JPEG,n07718472_8552,n07718472,cucumber,cucumber_zucchini,0,0,,,0,
n07718472_8555.JPEG,n07718472_8555,n07718472,cucumber,cucumber_zucchini,0,0,,,0,
n07718472_8562.JPEG,n07718472_8562,n07718472,cucumber,cucumber_zucchini,1,0,green snakes,2005|wiesbaden|gurken|cucumber|green|vegetables|gemuese|food|essen|snake,10,"Wiesbaden, Wellritzstrasse"
n07718472_8575.JPEG,n07718472_8575,n07718472,cucumber,cucumber_zucchini,0,0,,,0,
n07718472_8598.JPEG,n07718472_8598,n07718472,cucumber,cucumber_zucchini,1,1,Cucumber on radiator 2,Jeremy|Webb|jeremywebb|green|cucumber|fruit|vegetable|radiator|domestic,9,
n07718472_8624.JPEG,n07718472_8624,n07718472,cucumber,cucumber_zucchini,1,0,sign for cucumber?,plant|green|flower|cucumber|yellow|vegetable,6,i hope it will really turn into cucumber
n07718472_8627.JPEG,n07718472_8627,n07718472,cucumber,cucumber_zucchini,1,0,Cucumber Wheels,veggie Tray|vegetables|howto|cucumber,4,"Then when I slice it, it makes little flower wheel things."
n07718472_8633.JPEG,n07718472_8633,n07718472,cucumber,cucumber_zucchini,1,1,vegetables from our garden,garden|vegetables|cucumber|zucchini|carrot|anaheim chile|bell peppers,7,"cucumber, zucchini, carrot, anaheim chile, bell peppers"
n07718472_8638.JPEG,n07718472_8638,n07718472,cucumber,cucumber_zucchini,1,1,CSA Week 11,vegetables|eggs|cucumber|potato|tomato|cherry tomato|pepper|eggplant|thai basil|celery,10,
n07718472_8643.JPEG,n07718472_8643,n07718472,cucumber,cucumber_zucchini,1,0,garden vegetables,visiting|parents|garden|tomatoes|chili|peppers|cucumbers|red|green|17533|canon,11,
n07718472_8653.JPEG,n07718472_8653,n07718472,cucumber,cucumber_zucchini,1,0,Veggies!,food|vegetables|cucumbers|radishes|raw,5,
n07718472_8672.JPEG,n07718472_8672,n07718472,cucumber,cucumber_zucchini,0,0,,,0,
n07718472_8674.JPEG,n07718472_8674,n07718472,cucumber,cucumber_zucchini,0,0,,,0,
n07718472_8677.JPEG,n07718472_8677,n07718472,cucumber,cucumber_zucchini,1,0,LiamBirthday-2008-05-17-030,food|carrot|pepper|cucumber|tomato|dip|vegetable,7,Veggie dip
n07718472_8686.JPEG,n07718472_8686,n07718472,cucumber,cucumber_zucchini,1,1,Bento -23th June 2006 -,bento|food|japan|lunch|box|弁当|ランチ|お昼　ご飯　ごはん　おひるごはん|yum yum kitchen,9,"Chicken hamburger with teri-yaki and ginger sauce,vinegared cucumber and vegetables"
n07718472_870.JPEG,n07718472_870,n07718472,cucumber,cucumber_zucchini,0,0,,,0,
n07718472_8702.JPEG,n07718472_8702,n07718472,cucumber,cucumber_zucchini,0,0,,,0,
n07718472_8719.JPEG,n07718472_8719,n07718472,cucumber,cucumber_zucchini,0,0,,,0,
n07718472_8727.JPEG,n07718472_8727,n07718472,cucumber,cucumber_zucchini,0,1,,,0,
n07718472_873.JPEG,n07718472_873,n07718472,cucumber,cucumber_zucchini,0,1,,,0,
n07718472_8736.JPEG,n07718472_8736,n07718472,cucumber,cucumber_zucchini,0,0,,,0,
n07718472_8740.JPEG,n07718472_8740,n07718472,cucumber,cucumber_zucchini,0,0,,,0,
n07718472_8742.JPEG,n07718472_8742,n07718472,cucumber,cucumber_zucchini,1,0,Vegetable Stand,Seattle|Fruit|Vegetables|Pike's Place Market|Color|Vegetable Stand|Green|Red|Yellow|Cucumber|Pepper|Peppers|Cucumbers|I love food,14,
n07718472_8743.JPEG,n07718472_8743,n07718472,cucumber,cucumber_zucchini,0,0,,,0,
n07718472_8770.JPEG,n07718472_8770,n07718472,cucumber,cucumber_zucchini,0,0,,,0,
n07718472_8772.JPEG,n07718472_8772,n07718472,cucumber,cucumber_zucchini,1,0,Odd Shaped Cucumber,Gurke|cucumber|green|bended|shaped|odd|u-shaped|soil|earth|ground|bottom|floor|long|large|huge|lines|vegetable|nature|fruit|plant|400d|Canon EF 50mm F/1.4 USM|bigstockphoto|strange|food|reflector|istockphoto,27,"I needed some pictures for <a href=""http://www.bigstockphoto.com/?refid=Ea7lyNvBkx"" rel=""noreferrer nofollow""> Big Stock Photo</a> and had the idea to photograph the strange looking cucumber that was lying around in our kitchen. You can buy this picture at <a href=""http://www.istockphoto.com/file_closeup.php?id=7149786"" rel=""noreferrer nofollow"">iStockPhoto</a> as well."
n07718472_8781.JPEG,n07718472_8781,n07718472,cucumber,cucumber_zucchini,0,0,,,0,
n07718472_8788.JPEG,n07718472_8788,n07718472,cucumber,cucumber_zucchini,1,1,Picked today,heirloom vegetables|tomatoes|green beans|cucumbers|dill|basil|garden|produce|picked,9,"My mom is out of town still and so I got to be the lucky girl to go and pick at her house.  I wish I had my camera, she has zuchinni plants that are 5 feet tall. Her garden is just thriving, while mine is pretty sad. I left 2 containers this size full of veggies at her house and took this one home.  I can't wait to try some of the heirloom varieties."
n07718472_8806.JPEG,n07718472_8806,n07718472,cucumber,cucumber_zucchini,1,0,Mixed reality Pong,pong|games|isea|interface|vegetables|screen|play|game|vegetable|augmented reality|mixed reality|cucumber|pepper|design|interaction design,15,
n07718472_8824.JPEG,n07718472_8824,n07718472,cucumber,cucumber_zucchini,0,1,,,0,
n07718472_8850.JPEG,n07718472_8850,n07718472,cucumber,cucumber_zucchini,0,0,,,0,
n07718472_8855.JPEG,n07718472_8855,n07718472,cucumber,cucumber_zucchini,1,0,F1020020,traffic|green|vegetable|peel|cucumber|refreshment,6,"the amazing refreshment of fresh cucumber in the middle of the day, just from the cart."
n07718472_886.JPEG,n07718472_886,n07718472,cucumber,cucumber_zucchini,1,0,A7 Cucumber Snack,Chandigarh|highway|cucumber,3,"But among the many summer vegetables, it is the cucumber that is a blessing on the road. Sliced and masala-ed, this is a most welcome coolant.    Punjab is a big producer of vegetables - the major ones are potatoes, tapioca, sweet potatoes and onions. "
n07718472_8862.JPEG,n07718472_8862,n07718472,cucumber,cucumber_zucchini,1,0,My Cucumbers,Vegetables|Gardens,2,A great crop this year ! I can taste the Bread and Butter Pickels Now !
n07718472_8863.JPEG,n07718472_8863,n07718472,cucumber,cucumber_zucchini,0,1,,,0,
n07718472_8869.JPEG,n07718472_8869,n07718472,cucumber,cucumber_zucchini,0,0,,,0,
n07718472_8875.JPEG,n07718472_8875,n07718472,cucumber,cucumber_zucchini,1,0,Italian tomato & cucumber,vegetable|Italian tomato|cucmber|optio a40|DiamondClassPhotographer|flickrDiamond,6,
n07718472_8880.JPEG,n07718472_8880,n07718472,cucumber,cucumber_zucchini,1,0,Armenian Cucs,Fagoose|Green|Vegetables|Cucumbers|Spain,5,
n07718472_8946.JPEG,n07718472_8946,n07718472,cucumber,cucumber_zucchini,0,0,,,0,
n07718472_8982.JPEG,n07718472_8982,n07718472,cucumber,cucumber_zucchini,1,0,Cucumbers,cucumber|vegetable|farm|market|starlight|indiana|orchard|winery|autumn|fall|season,11,"I really don't like cucumbers, but I liked this shot."
n07718472_9017.JPEG,n07718472_9017,n07718472,cucumber,cucumber_zucchini,0,0,,,0,
n07718472_9031.JPEG,n07718472_9031,n07718472,cucumber,cucumber_zucchini,1,1,dragan,birthday|cucumber|green|drinking|club|velvetunderground|food|vegetable|dragan|people,10,I find girls respond to this in the bar!
n07718472_904.JPEG,n07718472_904,n07718472,cucumber,cucumber_zucchini,0,1,,,0,
n07718472_9058.JPEG,n07718472_9058,n07718472,cucumber,cucumber_zucchini,0,1,,,0,
n07718472_907.JPEG,n07718472_907,n07718472,cucumber,cucumber_zucchini,0,0,,,0,
n07718472_9078.JPEG,n07718472_9078,n07718472,cucumber,cucumber_zucchini,0,0,,,0,
n07718472_9082.JPEG,n07718472_9082,n07718472,cucumber,cucumber_zucchini,1,0,Cool as a cucumber,Vegetables|Food,2,
n07718472_9088.JPEG,n07718472_9088,n07718472,cucumber,cucumber_zucchini,0,0,,,0,
n07718472_9112.JPEG,n07718472_9112,n07718472,cucumber,cucumber_zucchini,0,0,,,0,
n07718472_9123.JPEG,n07718472_9123,n07718472,cucumber,cucumber_zucchini,1,0,Cucumber,vegetables|gardens|garden|vegetable|green thumb|gardener|gardening|produce|michigan|nature|bejitaburu|grønsager|groente|vihannes|légume|zöldségféle|pianta|grønsak|vegetal|verduras|Gemüse|Garten|have|hof|puutarha|jardin|kert|giardino|niwa|hage|jardim|садовый|jardín,33,
n07718472_914.JPEG,n07718472_914,n07718472,cucumber,cucumber_zucchini,1,1,Growing,garden|Missouri|cucumber|heirloom|organic|vegetable|Boothby's Blonde cucumber,7,Never noticed those little glands on other varieties before (see it big)
n07718472_9212.JPEG,n07718472_9212,n07718472,cucumber,cucumber_zucchini,1,1,"Salad with Lemon Oil, Ume Plum Vinegar and Cilantro",carrots|cucumber|dinner|raw food|salad|vegan|vegetables|vegetarian,8,"<a href=""http://smarterfitter.com/blog/2008/11/08/friday-food-diary-drunken-tofu-for-two/"" rel=""noreferrer nofollow"">Friday Food Diary: Drunken Tofu for Two</a>"
n07718472_922.JPEG,n07718472_922,n07718472,cucumber,cucumber_zucchini,0,1,,,0,
n07718472_9225.JPEG,n07718472_9225,n07718472,cucumber,cucumber_zucchini,1,0,Today's Harvest,cucumber|mini tomato|harvest|vegetable|garden|field|closertoearth|tomato,8,
n07718472_9292.JPEG,n07718472_9292,n07718472,cucumber,cucumber_zucchini,1,1,Sweaty,cucumber|vegetable|food|food & drink,4,
n07718472_9305.JPEG,n07718472_9305,n07718472,cucumber,cucumber_zucchini,0,0,,,0,
n07718472_933.JPEG,n07718472_933,n07718472,cucumber,cucumber_zucchini,0,0,,,0,
n07718472_935.JPEG,n07718472_935,n07718472,cucumber,cucumber_zucchini,1,0,Vegetable Stir-fry and Veggie-Chicken,vegetarian|vegan|food|healthy|yummy|tasty|delicious|eat|veggie|chicken|soy|meat|alternative|stir-fry|vegetables|veggies|broccoli|greens|asparaguse|onions|peppers|cucumbers|plate|dinner|supper,25,"Veggie-chicken, stir-fried veggies in szechuan sauce, and sliced cucumbers."
n07718472_9380.JPEG,n07718472_9380,n07718472,cucumber,cucumber_zucchini,1,1,the tears of a cuke,cuke|cucumber|water|vegetable|food|dof|green|drop|glisten|sweat|droplet,11,
n07718472_9419.JPEG,n07718472_9419,n07718472,cucumber,cucumber_zucchini,1,0,Stripes on a cucumber,cucumber|stripes|green|vegetable,4,
n07718472_9471.JPEG,n07718472_9471,n07718472,cucumber,cucumber_zucchini,1,1,Cucumber!!!,garden|lakewood|urban gardening|square foot gardening|raised beds|vegetables|fruit,7,
n07718472_9477.JPEG,n07718472_9477,n07718472,cucumber,cucumber_zucchini,1,0,cucumbers,food|cucumbers|garden|vegetables|michigan|holter|plants|green|eat,9,
n07718472_951.JPEG,n07718472_951,n07718472,cucumber,cucumber_zucchini,0,0,,,0,
n07718472_9548.JPEG,n07718472_9548,n07718472,cucumber,cucumber_zucchini,1,0,First tomato and cucumber of the season,tomato|cucumber|organic vegetable growing,3,
n07718472_9594.JPEG,n07718472_9594,n07718472,cucumber,cucumber_zucchini,0,0,,,0,
n07718472_961.JPEG,n07718472_961,n07718472,cucumber,cucumber_zucchini,0,0,,,0,
n07718472_9633.JPEG,n07718472_9633,n07718472,cucumber,cucumber_zucchini,1,1,cuke.,july|2008|summer|garden|flowers|vegetables|our house|organic gardening|garden summer 2008|montclair|nj,11,07.19.08.
n07718472_9675.JPEG,n07718472_9675,n07718472,cucumber,cucumber_zucchini,1,1,cukes and beans,cucumbers|cukes|greenbeans|beans|veggies|vegetables|jebbias|colorful|color|delicious|produce,11,
n07718472_970.JPEG,n07718472_970,n07718472,cucumber,cucumber_zucchini,0,1,,,0,
n07718472_9754.JPEG,n07718472_9754,n07718472,cucumber,cucumber_zucchini,0,0,,,0,
n07718472_9762.JPEG,n07718472_9762,n07718472,cucumber,cucumber_zucchini,1,1,Cucumber Shark,raw|vegan|vegetables|garnish,4,In his natural habitat: a quinoa ocean.  Made with instructions from <i>How to Garnish</i> by Chef Harvey.
n07718472_977.JPEG,n07718472_977,n07718472,cucumber,cucumber_zucchini,0,0,,,0,
n07718472_9778.JPEG,n07718472_9778,n07718472,cucumber,cucumber_zucchini,0,0,,,0,
n07718472_9788.JPEG,n07718472_9788,n07718472,cucumber,cucumber_zucchini,0,0,,,0,
n07718472_9797.JPEG,n07718472_9797,n07718472,cucumber,cucumber_zucchini,0,0,,,0,
n07718472_9804.JPEG,n07718472_9804,n07718472,cucumber,cucumber_zucchini,1,1,pickle!!!!!,garden|growing|vegetables|cucumbers,4,"Ok, so five days ago, this pickle WAS NOT THERE. I repeat - it did not exist. How on earth this little guy just appeared - we don't know. We look to the sky and call it our little miracle - ha! And he has a little friend growing next to him, almost the same size!"
n07718472_9824.JPEG,n07718472_9824,n07718472,cucumber,cucumber_zucchini,1,0,Cucumbers,cucumbers|korea,2,These are the cucumbers in our garden. I sliced them into cucumber cookies; they were sooo refreshing dipped in hot sauce!
n07718472_9852.JPEG,n07718472_9852,n07718472,cucumber,cucumber_zucchini,1,0,Cucumbers,Albany|Oregon|Cucumbers|Farmer's|Market,5,Some of the many fruits and vegetables that you can buy at the farmer's market in Albany. The farmers market is held on Saturday mornings (until noon) from April through October (I believe).
n07718472_9874.JPEG,n07718472_9874,n07718472,cucumber,cucumber_zucchini,1,0,Turn Up the Meat,carrot|cucumber|eat|food|meatwave|red pepper|vegetable,7,
n07718472_9881.JPEG,n07718472_9881,n07718472,cucumber,cucumber_zucchini,0,0,,,0,
