image,stem,wnid,class,pair,has_caption,has_bbox,title,tags,n_tags,description
n07590611_1.JPEG,n07590611_1,n07590611,hotpot,hotpot_vase,0,1,,,0,
n07590611_10019.JPEG,n07590611_10019,n07590611,hotpot,hotpot_vase,0,1,,,0,
n07590611_10068.JPEG,n07590611_10068,n07590611,hotpot,hotpot_vase,0,0,,,0,
n07590611_10109.JPEG,n07590611_10109,n07590611,hotpot,hotpot_vase,0,0,,,0,
n07590611_1011.JPEG,n07590611_1011,n07590611,hotpot,hotpot_vase,0,0,,,0,
n07590611_10126.JPEG,n07590611_10126,n07590611,hotpot,hotpot_vase,0,0,,,0,
n07590611_10139.JPEG,n07590611_10139,n07590611,hotpot,hotpot_vase,0,0,,,0,
n07590611_1014.JPEG,n07590611_1014,n07590611,hotpot,hotpot_vase,0,0,,,0,
n07590611_10158.JPEG,n07590611_10158,n07590611,hotpot,hotpot_vase,0,0,,,0,
n07590611_1016.JPEG,n07590611_1016,n07590611,hotpot,hotpot_vase,0,1,,,0,
n07590611_10194.JPEG,n07590611_10194,n07590611,hotpot,hotpot_vase,0,0,,,0,
n07590611_10233.JPEG,n07590611_10233,n07590611,hotpot,hotpot_vase,1,1,Korean Food,food|hot pot|korean food|soup|spicy,5,"Last meal in Tianjin,yum yum"
n07590611_10262.JPEG,n07590611_10262,n07590611,hotpot,hotpot_vase,0,1,,,0,
n07590611_10268.JPEG,n07590611_10268,n07590611,hotpot,hotpot_vase,1,1,hot pot 3,hot|pot,2,
n07590611_10299.JPEG,n07590611_10299,n07590611,hotpot,hotpot_vase,0,0,,,0,
n07590611_1031.JPEG,n07590611_1031,n07590611,hotpot,hotpot_vase,1,1,hotpot at table,hotpot|steamboat|winter foods|communal eating|1hotpot,5,
n07590611_10312.JPEG,n07590611_10312,n07590611,hotpot,hotpot_vase,0,1,,,0,
n07590611_10336.JPEG,n07590611_10336,n07590611,hotpot,hotpot_vase,0,0,,,0,
n07590611_10340.JPEG,n07590611_10340,n07590611,hotpot,hotpot_vase,0,1,,,0,
n07590611_10341.JPEG,n07590611_10341,n07590611,hotpot,hotpot_vase,1,1,Hotpot,,0,"It is this spicy boiling oil, you drop food into to cook"
n07590611_1038.JPEG,n07590611_1038,n07590611,hotpot,hotpot_vase,0,1,,,0,
n07590611_1042.JPEG,n07590611_1042,n07590611,hotpot,hotpot_vase,0,1,,,0,
n07590611_10453.JPEG,n07590611_10453,n07590611,hotpot,hotpot_vase,0,0,,,0,
n07590611_10455.JPEG,n07590611_10455,n07590611,hotpot,hotpot_vase,0,1,,,0,
n07590611_10471.JPEG,n07590611_10471,n07590611,hotpot,hotpot_vase,1,1,The hot pot,hot pot|dinner,2,A simmering pot of amazing sea food and veggies.
n07590611_10504.JPEG,n07590611_10504,n07590611,hotpot,hotpot_vase,0,0,,,0,
n07590611_10516.JPEG,n07590611_10516,n07590611,hotpot,hotpot_vase,1,1,Chigenabe,food|dinner|nabe|hotpot|chige|chigenabe|japanesefood,7,"Chigenabe, a Korean style hotpot. Explained here: <a href=""http://blue_moon.typepad.com/blue_lotus/2006/01/today_was_the_d.html"" rel=""noreferrer nofollow"">Blue Lotus</a>"
n07590611_10531.JPEG,n07590611_10531,n07590611,hotpot,hotpot_vase,0,1,,,0,
n07590611_1055.JPEG,n07590611_1055,n07590611,hotpot,hotpot_vase,1,1,Lamb hotpot,Maze|Maze Restaurant|Restaurant|Food|Jason Atherton|Gordon Ramsey|Lamb|Gourmet|Cameraphone|Hotpot|Carrot|Onion|Geotagged|Digital|Colour|10-13 Grosvenor Square|Grosvenor Square|London|W1K|W1K 6JP,20,"<strong>Location</strong>: Maze Restaurant, 10-13 Grosvenor Square, London W1K 6JP  This one was the best."
n07590611_10558.JPEG,n07590611_10558,n07590611,hotpot,hotpot_vase,0,1,,,0,
n07590611_10571.JPEG,n07590611_10571,n07590611,hotpot,hotpot_vase,1,1,The Spread,fellowship|dinner|hot|pot|fpcla,5,Fellowship Dinner. Hot Pot Night.
n07590611_10580.JPEG,n07590611_10580,n07590611,hotpot,hotpot_vase,1,1,hotpot7,britishcolumbia|canada|deanara|food|chef|chef dean|asian|hot pot|basement,9,Chinese hot pot
n07590611_1061.JPEG,n07590611_1061,n07590611,hotpot,hotpot_vase,0,0,,,0,
n07590611_10633.JPEG,n07590611_10633,n07590611,hotpot,hotpot_vase,0,0,,,0,
n07590611_1064.JPEG,n07590611_1064,n07590611,hotpot,hotpot_vase,1,1,一品花雕雞  花雕咕骨雞完工 Special Chicken Hotpot,花雕雞|一品花雕雞|美食|food|火鍋|hotpot,6,
n07590611_10657.JPEG,n07590611_10657,n07590611,hotpot,hotpot_vase,0,0,,,0,
n07590611_10669.JPEG,n07590611_10669,n07590611,hotpot,hotpot_vase,0,0,,,0,
n07590611_1067.JPEG,n07590611_1067,n07590611,hotpot,hotpot_vase,1,1,Double hotpot,tripod king|Double hotpot|鼎王|鴛鴦,4,鼎王鴛鴦
n07590611_10679.JPEG,n07590611_10679,n07590611,hotpot,hotpot_vase,1,1,Hotpot,Shanghai|China|food|hotpot|meat|beef|flickrskin=shanghaieats,7,"Our soup was chock full of good stuff. We ordered a broth with veggies, corn, carrots, mushrooms and jujubes. It was a lovely base in which to toss tender little fishballs and delicate slices of beef...  <a href=""http://www.flickr.com/photos/annamatic3000/sets/72157617739031621/"">Shanghai 2009</a> "
n07590611_10684.JPEG,n07590611_10684,n07590611,hotpot,hotpot_vase,0,1,,,0,
n07590611_10697.JPEG,n07590611_10697,n07590611,hotpot,hotpot_vase,0,0,,,0,
n07590611_10705.JPEG,n07590611_10705,n07590611,hotpot,hotpot_vase,0,0,,,0,
n07590611_10713.JPEG,n07590611_10713,n07590611,hotpot,hotpot_vase,0,1,,,0,
n07590611_10731.JPEG,n07590611_10731,n07590611,hotpot,hotpot_vase,0,1,,,0,
n07590611_10763.JPEG,n07590611_10763,n07590611,hotpot,hotpot_vase,0,1,,,0,
n07590611_10765.JPEG,n07590611_10765,n07590611,hotpot,hotpot_vase,1,1,Hot Pot,Montreal|Quebec|Little Sheep Hot Pot,3,
n07590611_10775.JPEG,n07590611_10775,n07590611,hotpot,hotpot_vase,0,0,,,0,
n07590611_10786.JPEG,n07590611_10786,n07590611,hotpot,hotpot_vase,0,1,,,0,
n07590611_10787.JPEG,n07590611_10787,n07590611,hotpot,hotpot_vase,0,0,,,0,
n07590611_10813.JPEG,n07590611_10813,n07590611,hotpot,hotpot_vase,1,1,Herbal Lamb Hotpot incl Angelica and Goji Berries - Vegie Valley,Vegie Valley Vegetarian Restaurant|vegetarian|Chinese|food|hotpot|lamb|当归|杞子angelica|gojiberry,9,"Herbal Lamb Hotpot incl Angelica and Goji Berries - Vegie Valley AUD15.90  A surprisingly good dish of herbs, including 当归 angelica and 杞子 gojiberry. The texture of the &quot;lamb&quot; was very good. I think it was baked gluten nuggets. --- Another visit on a busy Friday night in Glen Waverley. The food is good, but the car parking situation outside is less than satisfactory! I think I'll try to avoid Friday night dinners in the area.  Vegie Valley Vegetarian Restaurant 193 Coleman Pde Glen Waverley 3150 (03) 9560 9868  Photos: - <a href=""/photos/avlxyz/2597704326/"" rel=""noreferrer nofollow"">Assam Fish</a> - <a href=""/photos/avlxyz/2596874643/"" rel=""noreferrer nofollow"">Hakka Pork Hotpot with Taro and Preserved Mustard Greens</a> - <a href=""/photos/avlxyz/2597707210/"" rel=""noreferrer nofollow"">Herbal Lamb Hotpot with Angelica and Goji Berries</a> - <a href=""/photos/avlxyz/2597705568/"" rel=""noreferrer nofollow"">Seafood and Beancurd Hotpot</a> - <a href=""/photos/avlxyz/2597706562/"" rel=""noreferrer nofollow"">Stir-fried Mixed Vegies</a> - <a href=""/photos/avlxyz/2596872969/"" rel=""noreferrer nofollow"">Sweet and Sour Chicken</a> - <a href=""/photos/avlxyz/2596871957/"" rel=""noreferrer nofollow"">Taro Basket with Stir-Fried Combination</a> "
n07590611_1083.JPEG,n07590611_1083,n07590611,hotpot,hotpot_vase,0,0,,,0,
n07590611_10848.JPEG,n07590611_10848,n07590611,hotpot,hotpot_vase,0,1,,,0,
n07590611_10901.JPEG,n07590611_10901,n07590611,hotpot,hotpot_vase,1,1,IMG_1998.jpg,Hotpot|2007|Chinese food|Pacific Eatery & Catering|Columbus|Ohio|Upper Arlington|50mm 1.8|EF 50mm f/1.8,9,"8 Treasures Tofu hot pot, Pacific Eatery &amp; Catering"
n07590611_10960.JPEG,n07590611_10960,n07590611,hotpot,hotpot_vase,0,0,,,0,
n07590611_10987.JPEG,n07590611_10987,n07590611,hotpot,hotpot_vase,1,1,Lunch at Mon Land Hot Pot City,California|Chinese Cuisine|Chinese Hot Pot|Mon Land Hot Pot City|Northern Chinese Cuisine|restaurant|San Gabriel|soup|USA,9,"Close-up of mild broth, which actually had a curry taste to it."
n07590611_11016.JPEG,n07590611_11016,n07590611,hotpot,hotpot_vase,0,1,,,0,
n07590611_1105.JPEG,n07590611_1105,n07590611,hotpot,hotpot_vase,0,1,,,0,
n07590611_11071.JPEG,n07590611_11071,n07590611,hotpot,hotpot_vase,0,0,,,0,
n07590611_11089.JPEG,n07590611_11089,n07590611,hotpot,hotpot_vase,0,0,,,0,
n07590611_11092.JPEG,n07590611_11092,n07590611,hotpot,hotpot_vase,1,1,Hotpot IMG_0063,Chongqing|China|Yangtze|River|city|Hotpot|Spicy|Food,8,
n07590611_11102.JPEG,n07590611_11102,n07590611,hotpot,hotpot_vase,0,1,,,0,
n07590611_11106.JPEG,n07590611_11106,n07590611,hotpot,hotpot_vase,0,0,,,0,
n07590611_11108.JPEG,n07590611_11108,n07590611,hotpot,hotpot_vase,0,1,,,0,
n07590611_11113.JPEG,n07590611_11113,n07590611,hotpot,hotpot_vase,0,1,,,0,
n07590611_11129.JPEG,n07590611_11129,n07590611,hotpot,hotpot_vase,0,0,,,0,
n07590611_11131.JPEG,n07590611_11131,n07590611,hotpot,hotpot_vase,0,0,,,0,
n07590611_11132.JPEG,n07590611_11132,n07590611,hotpot,hotpot_vase,1,0,DER HOTPOT™,Chinaabend|Hotpot|Wii,3,"Das ist er. Er roch so originalgetreu und lecker. Aber wenn die CH eine Schärfeskala für Inlandesswaren hätte, wäre dieser Hotpot schon lange nicht mehr drauf.  Wir sind eben alles Käseweicheier."
n07590611_11137.JPEG,n07590611_11137,n07590611,hotpot,hotpot_vase,0,0,,,0,
n07590611_1116.JPEG,n07590611_1116,n07590611,hotpot,hotpot_vase,0,0,,,0,
n07590611_11208.JPEG,n07590611_11208,n07590611,hotpot,hotpot_vase,0,0,,,0,
n07590611_1121.JPEG,n07590611_1121,n07590611,hotpot,hotpot_vase,0,1,,,0,
n07590611_1124.JPEG,n07590611_1124,n07590611,hotpot,hotpot_vase,1,0,Fried fish head with bittermelon served in hotpot,Chinese Food|Bittermelon|Hotpot|Food,4,涼瓜魚頭煲
n07590611_11242.JPEG,n07590611_11242,n07590611,hotpot,hotpot_vase,0,1,,,0,
n07590611_11245.JPEG,n07590611_11245,n07590611,hotpot,hotpot_vase,1,1,DSC04213,hot pot|chinese|food|retro|old|fun|eat|soup|asian|cuisine,10,our old school hot pot... 
n07590611_11249.JPEG,n07590611_11249,n07590611,hotpot,hotpot_vase,0,0,,,0,
n07590611_11251.JPEG,n07590611_11251,n07590611,hotpot,hotpot_vase,1,1,Nabeyaki Egg Noodles / Egg Noodles in (Hot) Pot,Nabeyaki Egg Noodles|noodles|food|yummy|Tainan|Taiwan|pot,7,加點辣椒粉更夠味~
n07590611_11258.JPEG,n07590611_11258,n07590611,hotpot,hotpot_vase,1,0,My Youngest Aunt's Husband's Cu Lao (Vietnamese Hot Pot) 1,Cu|Lao|Lau|Vietnamese|Hot|Pot|Seafood|Heart|Squid|Pork|Skin|Crab|Shrimp|Balls|Cabbage|Shiitake|Mushrooms|Wandering Chopsticks,18,"<a href=""http://wanderingchopsticks.blogspot.com/2009/11/ask-wandering-chopsticks-3.html"" rel=""noreferrer nofollow"">wanderingchopsticks.blogspot.com/2009/11/ask-wandering-ch...</a>"
n07590611_11275.JPEG,n07590611_11275,n07590611,hotpot,hotpot_vase,0,1,,,0,
n07590611_11289.JPEG,n07590611_11289,n07590611,hotpot,hotpot_vase,1,1,Hotpot Japanese style,Hot|pot,2,Miso base hot pot
n07590611_11292.JPEG,n07590611_11292,n07590611,hotpot,hotpot_vase,0,0,,,0,
n07590611_11331.JPEG,n07590611_11331,n07590611,hotpot,hotpot_vase,0,1,,,0,
n07590611_11344.JPEG,n07590611_11344,n07590611,hotpot,hotpot_vase,0,0,,,0,
n07590611_11345.JPEG,n07590611_11345,n07590611,hotpot,hotpot_vase,0,1,,,0,
n07590611_11356.JPEG,n07590611_11356,n07590611,hotpot,hotpot_vase,0,0,,,0,
n07590611_11363.JPEG,n07590611_11363,n07590611,hotpot,hotpot_vase,1,1,Tom Khlong Hot Pot with crab - Ying Thai Richmond,Ying Thai|Thai|hotpot|crab|food,5,"Tom Khlong Hot Pot with crab - Ying Thai Richmond AUD15.90  Wonderful balance of hot, sour, sweet, but a bit on the salty side.  --- Ying Thai Richmond (03) 9419 1225 235 Victoria St Abbotsford VIC 3067"
n07590611_11374.JPEG,n07590611_11374,n07590611,hotpot,hotpot_vase,0,1,,,0,
n07590611_11384.JPEG,n07590611_11384,n07590611,hotpot,hotpot_vase,0,0,,,0,
n07590611_11416.JPEG,n07590611_11416,n07590611,hotpot,hotpot_vase,1,1,Hot pot,China|Chengdu|hot pot,3,This was the best hot pot I have ever had.
n07590611_11441.JPEG,n07590611_11441,n07590611,hotpot,hotpot_vase,0,1,,,0,
n07590611_11446.JPEG,n07590611_11446,n07590611,hotpot,hotpot_vase,1,1,hot pot mmm,hot pot|delicious|beef|tofu,4,
n07590611_11459.JPEG,n07590611_11459,n07590611,hotpot,hotpot_vase,0,0,,,0,
n07590611_11465.JPEG,n07590611_11465,n07590611,hotpot,hotpot_vase,1,1,Spicy Hot Pot @ Lu Gi Restaurant,,0,麻辣火鍋 Chinese Spicy Hot Pot (US$3.50/person for Soup Base)
n07590611_11501.JPEG,n07590611_11501,n07590611,hotpot,hotpot_vase,0,0,,,0,
n07590611_11504.JPEG,n07590611_11504,n07590611,hotpot,hotpot_vase,0,1,,,0,
n07590611_11506.JPEG,n07590611_11506,n07590611,hotpot,hotpot_vase,0,1,,,0,
n07590611_11531.JPEG,n07590611_11531,n07590611,hotpot,hotpot_vase,0,1,,,0,
n07590611_11542.JPEG,n07590611_11542,n07590611,hotpot,hotpot_vase,0,1,,,0,
n07590611_11549.JPEG,n07590611_11549,n07590611,hotpot,hotpot_vase,1,1,Shanghai Litte Sheep Hot Pot with Irene Simkin,China|Shanghai|Little Sheep|Restaurant|Hot Pot|Irene Simkin|Jones Yan,7,
n07590611_11550.JPEG,n07590611_11550,n07590611,hotpot,hotpot_vase,0,1,,,0,
n07590611_11561.JPEG,n07590611_11561,n07590611,hotpot,hotpot_vase,0,1,,,0,
n07590611_11597.JPEG,n07590611_11597,n07590611,hotpot,hotpot_vase,1,1,Chinese hot pot,cooking|recipes|food|Chinese|hot pot|world foodie guide,6,"<a href=""http://www.worldfoodieguide.com"" rel=""noreferrer nofollow"">www.worldfoodieguide.com</a>"
n07590611_11607.JPEG,n07590611_11607,n07590611,hotpot,hotpot_vase,0,1,,,0,
n07590611_11613.JPEG,n07590611_11613,n07590611,hotpot,hotpot_vase,1,1,Hot Pot!,Food|Chinese Food|Hot Pot,3,
n07590611_11637.JPEG,n07590611_11637,n07590611,hotpot,hotpot_vase,1,0,Hot Pot,Chinese New Year|Fire Wok|Hot Pot,3,
n07590611_11639.JPEG,n07590611_11639,n07590611,hotpot,hotpot_vase,0,1,,,0,
n07590611_11672.JPEG,n07590611_11672,n07590611,hotpot,hotpot_vase,1,1,Beef Hot Pot - Modern Toilet Restaurant Taipei (2),Modern|Toilet|Restaurant|便所主题餐厅|XimenDing|Taipei|Taiwan|hot|pot|beef,10,"Taken at Modern Toilet Restaurant (便所主题餐厅) - XimenDing Branch Taipei ADD: 2F., No.7, Lane 50, Sining S. Rd., Wanhua District, Taipei City  Modern Toilet Beef Hot Pot..the broth very tasty and with generous slices of beef."
n07590611_11680.JPEG,n07590611_11680,n07590611,hotpot,hotpot_vase,1,1,Shanghai Litte Sheep Hot Pot with Irene Simkin,China|Shanghai|Little Sheep|Restaurant|Hot Pot|Irene Simkin|Jones Yan,7,
n07590611_11704.JPEG,n07590611_11704,n07590611,hotpot,hotpot_vase,0,0,,,0,
n07590611_11748.JPEG,n07590611_11748,n07590611,hotpot,hotpot_vase,0,1,,,0,
n07590611_11764.JPEG,n07590611_11764,n07590611,hotpot,hotpot_vase,1,1,Chicken hot pot,Japan|Kyoto|Fushimi|kura|Iatethis|chickenhotpot|nabe|yakitori|Japanesecuisine|Japanesefood|sweets,11,"Japanese love to cook hot pot ( nabe )in cold season.  We can eat a variety of different foods with only one hot pot. I really enjoyed this chicken hot pot even though I don't like chicken hot pot very much. This is smashing nabe,I will visit here again,definitely."
n07590611_11790.JPEG,n07590611_11790,n07590611,hotpot,hotpot_vase,0,1,,,0,
n07590611_11792.JPEG,n07590611_11792,n07590611,hotpot,hotpot_vase,0,1,,,0,
n07590611_11798.JPEG,n07590611_11798,n07590611,hotpot,hotpot_vase,0,1,,,0,
n07590611_11804.JPEG,n07590611_11804,n07590611,hotpot,hotpot_vase,1,1,Anyone Hungry?,stew|campfire|pot holder|fire|hot|carrots|onions|meat|two|lid|canon|rebel|canon rebel|family reunion|dinner|r_naomi,16,
n07590611_11808.JPEG,n07590611_11808,n07590611,hotpot,hotpot_vase,0,0,,,0,
n07590611_11818.JPEG,n07590611_11818,n07590611,hotpot,hotpot_vase,0,1,,,0,
n07590611_11826.JPEG,n07590611_11826,n07590611,hotpot,hotpot_vase,0,0,,,0,
n07590611_11827.JPEG,n07590611_11827,n07590611,hotpot,hotpot_vase,1,1,Little Sheep Mongolian Hot Pot,,0,Half and Half - spicy and original
n07590611_11831.JPEG,n07590611_11831,n07590611,hotpot,hotpot_vase,0,0,,,0,
n07590611_11842.JPEG,n07590611_11842,n07590611,hotpot,hotpot_vase,0,1,,,0,
n07590611_11867.JPEG,n07590611_11867,n07590611,hotpot,hotpot_vase,0,0,,,0,
n07590611_1188.JPEG,n07590611_1188,n07590611,hotpot,hotpot_vase,0,0,,,0,
n07590611_11883.JPEG,n07590611_11883,n07590611,hotpot,hotpot_vase,0,1,,,0,
n07590611_11891.JPEG,n07590611_11891,n07590611,hotpot,hotpot_vase,0,1,,,0,
n07590611_11892.JPEG,n07590611_11892,n07590611,hotpot,hotpot_vase,1,1,Hong Kong: hot pot,Hong Kong|hot pot,2,"A feast of a dinner at the popular &quot;Little Sheep&quot; chain -- two kinds of boiling broth and a parade of cookables, including beef, mongolian lamb and prawns."
n07590611_1190.JPEG,n07590611_1190,n07590611,hotpot,hotpot_vase,0,0,,,0,
n07590611_11900.JPEG,n07590611_11900,n07590611,hotpot,hotpot_vase,1,1,吃辣桌的火鍋,HOTPOT,1,跟我們這桌的比起來，果然鮮紅很多..
n07590611_11905.JPEG,n07590611_11905,n07590611,hotpot,hotpot_vase,0,0,,,0,
n07590611_11912.JPEG,n07590611_11912,n07590611,hotpot,hotpot_vase,0,1,,,0,
n07590611_11918.JPEG,n07590611_11918,n07590611,hotpot,hotpot_vase,0,1,,,0,
n07590611_11944.JPEG,n07590611_11944,n07590611,hotpot,hotpot_vase,0,1,,,0,
n07590611_11957.JPEG,n07590611_11957,n07590611,hotpot,hotpot_vase,0,1,,,0,
n07590611_11968.JPEG,n07590611_11968,n07590611,hotpot,hotpot_vase,1,1,Hot Pot,food|hot pot,2,
n07590611_11999.JPEG,n07590611_11999,n07590611,hotpot,hotpot_vase,1,1,"Beef Hot pot, Curry Flavor.",Toffee's Apartment|restaurant|hot pot|curry|food|yummy|hot|delicious|warm|beef|personal set|Tainan|Taiwan|fun|Sony DSC P200,15,Personal  set. 很普通的牛肉咖哩小火鍋.
n07590611_12022.JPEG,n07590611_12022,n07590611,hotpot,hotpot_vase,1,1,Lamb Hot Pot Dinner,,0,"We ordered veggies, sheep/lamb meat, cilantro, ginger, mushrooms, bean sproats and noodles. Throw into the hot pot of chicken broth."
n07590611_12044.JPEG,n07590611_12044,n07590611,hotpot,hotpot_vase,1,1,Hot Pot fun,BAR SHU|Hot Pot|bubbling|food|Chinese|Frith St.|London|England|UK|geotagged|geo:lon=-0.130858691916|geo:lat=51.512821283641,12,
n07590611_12055.JPEG,n07590611_12055,n07590611,hotpot,hotpot_vase,0,1,,,0,
n07590611_12088.JPEG,n07590611_12088,n07590611,hotpot,hotpot_vase,0,1,,,0,
n07590611_12104.JPEG,n07590611_12104,n07590611,hotpot,hotpot_vase,0,1,,,0,
n07590611_12110.JPEG,n07590611_12110,n07590611,hotpot,hotpot_vase,0,1,,,0,
n07590611_12151.JPEG,n07590611_12151,n07590611,hotpot,hotpot_vase,0,0,,,0,
n07590611_12157.JPEG,n07590611_12157,n07590611,hotpot,hotpot_vase,1,1,An AuthenticThai lunch,Tom Yam Gung|soup|hot pot|lunch|spicy|Thai food|yummy|delicious|sedap|food,10,Spicy Tom Yam Gung soup in hot pot. This is the clear soup type.
n07590611_1216.JPEG,n07590611_1216,n07590611,hotpot,hotpot_vase,1,1,HotPot,cameraphone|nokian73|n73|hotpot|mrmr|mistermister,6,From my Nokia n73 cameraphone.
n07590611_12177.JPEG,n07590611_12177,n07590611,hotpot,hotpot_vase,0,0,,,0,
n07590611_12185.JPEG,n07590611_12185,n07590611,hotpot,hotpot_vase,0,0,,,0,
n07590611_12203.JPEG,n07590611_12203,n07590611,hotpot,hotpot_vase,0,0,,,0,
n07590611_12209.JPEG,n07590611_12209,n07590611,hotpot,hotpot_vase,0,1,,,0,
n07590611_12232.JPEG,n07590611_12232,n07590611,hotpot,hotpot_vase,1,1,Duck Blood,Old Sichuan|老四川|hot pot|spicy|food|Kaohsiung|Taiwan|ma la|Sigma 30mm f/1.4|Nikon D80|Nikon|D80|Sigma|30mm,14,"It sounds disgusting but it's so, soooo good. Especially in ma la hot pots. I don't get to eat this stuff often but when I do, I definitely get my money's worth."
n07590611_12237.JPEG,n07590611_12237,n07590611,hotpot,hotpot_vase,1,1,20061001027,beef|stew|cooking|recipe|guinness,5,"The recipe for a nice Beef Stew: - 3 Medium Potatoes, peeled and chopped. - 3 Carrots, chopped. - 1/2 Kg of Beef, cubed. - 3 cloves of garlic, chopped or crushed. - 2 large onions, chopped. - 1/2 pint of Guinness (or more). - 2 tbsp of Flour. - 1/2 pint of Beef Stock - Salt &amp; Pepper to taste.  Stick a bit of olive oil in the bottom of a large stewing pot, heat it up until it's nice and hot and then put in the beef and then shortly afterwards the onions. Leave this to cook for a few minutes before adding the garlic and then the flour.  Now add the Guinness and stock along with the Potatoes and Carrots, salt and pepper to taste. Give it a good mix then leave it to cook on a medium heat. It'll take at least an hour before the &quot;stewey magic&quot; takes place. "
n07590611_12242.JPEG,n07590611_12242,n07590611,hotpot,hotpot_vase,0,0,,,0,
n07590611_12249.JPEG,n07590611_12249,n07590611,hotpot,hotpot_vase,0,1,,,0,
n07590611_12293.JPEG,n07590611_12293,n07590611,hotpot,hotpot_vase,0,0,,,0,
n07590611_12315.JPEG,n07590611_12315,n07590611,hotpot,hotpot_vase,0,0,,,0,
n07590611_12349.JPEG,n07590611_12349,n07590611,hotpot,hotpot_vase,1,1,Yuan yang steamboat or hot pot featuring two soup flavours,food|Singapore|Magic of Chongqing Hot Pot|Tanglin Shopping Centre|steamboat|lunch,6,
n07590611_12379.JPEG,n07590611_12379,n07590611,hotpot,hotpot_vase,0,0,,,0,
n07590611_1238.JPEG,n07590611_1238,n07590611,hotpot,hotpot_vase,0,0,,,0,
n07590611_12394.JPEG,n07590611_12394,n07590611,hotpot,hotpot_vase,0,0,,,0,
n07590611_12466.JPEG,n07590611_12466,n07590611,hotpot,hotpot_vase,0,1,,,0,
n07590611_12475.JPEG,n07590611_12475,n07590611,hotpot,hotpot_vase,1,0,Korean hot pot,food,1,
n07590611_12493.JPEG,n07590611_12493,n07590611,hotpot,hotpot_vase,1,1,090326 Shanghai Zhongshan Park_07-HotPot-Essen mit Effie,Shanghai|HotPot|Carrefour|Zhongshan,4,HotPot-Essen mit Effie im 7. Stock der Mall &quot;Cloud Nine&quot; (Nähe Zhongshan Park)
n07590611_12494.JPEG,n07590611_12494,n07590611,hotpot,hotpot_vase,0,0,,,0,
n07590611_12514.JPEG,n07590611_12514,n07590611,hotpot,hotpot_vase,0,0,,,0,
n07590611_12516.JPEG,n07590611_12516,n07590611,hotpot,hotpot_vase,0,0,,,0,
n07590611_12522.JPEG,n07590611_12522,n07590611,hotpot,hotpot_vase,0,1,,,0,
n07590611_12535.JPEG,n07590611_12535,n07590611,hotpot,hotpot_vase,1,1,五更腸旺 (鴨血+豆腐+肥腸) from 得記港式麻辣,Taiwan|Taipei Restaurants|Gongguan Night Market|hot pot|台灣|台北|五更腸旺|鴨血|豆腐|肥腸|得記港式麻辣|公館夜市|spicy|Taipei|geotagged|geo:lat=25.014447|geo:lon=121.533691,17,"A spicy hot pot loaded with coagulated duck's blood, diced intestines, green onions and spiced tofu from a little restaurant in <a href=""http://loc.alize.us/#/flickr:43491809"" rel=""noreferrer nofollow"">the Gongguan Night Market area of Taipei</a>."
n07590611_1255.JPEG,n07590611_1255,n07590611,hotpot,hotpot_vase,1,0,hot plate,plate|hotpot|zingdo|beef|face|expression,6,"deliciously burnt on a hotpot. those beef moustache looks yummy. cucumbers are good for eyesight and a carrot, for the sense of smell."
n07590611_12596.JPEG,n07590611_12596,n07590611,hotpot,hotpot_vase,1,1,42/52 wc 9/11 veggie hotpot,p52|veggie|vegetarian|sausage|hotpot|potato|cheese|vegtables|winter warmer,9,"Veggie hotpot. Based roughly on <a href=""http://allrecipes.co.uk/recipe/2633/turkey-sausage-and-bean-hotpot.aspx"" rel=""noreferrer nofollow""> this recipe.</a> but with Quorn sausages. The kidney beans I bought turned out to be in a mild chili tomato sauce so that went in too. No parsnips so I threw in turnips and carrots.   Oh my! Fab. Made it about three times since.   Score: 5/5."
n07590611_12609.JPEG,n07590611_12609,n07590611,hotpot,hotpot_vase,1,1,The Sichuan Hot Hot Pot!,Hot Pot|Sichuan|Chengdu|d70s|spicy|food  China D70s,6,
n07590611_1261.JPEG,n07590611_1261,n07590611,hotpot,hotpot_vase,0,0,,,0,
n07590611_12621.JPEG,n07590611_12621,n07590611,hotpot,hotpot_vase,0,1,,,0,
n07590611_12626.JPEG,n07590611_12626,n07590611,hotpot,hotpot_vase,0,0,,,0,
n07590611_12633.JPEG,n07590611_12633,n07590611,hotpot,hotpot_vase,1,1,yu ke jang,yu ke jang|soup|korean|food|seoul hot pot|beef|spicy|egg,8,This was delicious. Seoul Hot Pot is now officially in the rotation. But never on Saturday nights. People were waiting in line for tables.
n07590611_12660.JPEG,n07590611_12660,n07590611,hotpot,hotpot_vase,0,1,,,0,
n07590611_12697.JPEG,n07590611_12697,n07590611,hotpot,hotpot_vase,0,0,,,0,
n07590611_12707.JPEG,n07590611_12707,n07590611,hotpot,hotpot_vase,0,1,,,0,
n07590611_12732.JPEG,n07590611_12732,n07590611,hotpot,hotpot_vase,0,1,,,0,
n07590611_12740.JPEG,n07590611_12740,n07590611,hotpot,hotpot_vase,0,1,,,0,
n07590611_12787.JPEG,n07590611_12787,n07590611,hotpot,hotpot_vase,0,0,,,0,
n07590611_12800.JPEG,n07590611_12800,n07590611,hotpot,hotpot_vase,0,1,,,0,
n07590611_1282.JPEG,n07590611_1282,n07590611,hotpot,hotpot_vase,1,0,5207 Style Hotpot,Hotpot,1,
n07590611_12821.JPEG,n07590611_12821,n07590611,hotpot,hotpot_vase,0,0,,,0,
n07590611_12825.JPEG,n07590611_12825,n07590611,hotpot,hotpot_vase,0,0,,,0,
n07590611_12852.JPEG,n07590611_12852,n07590611,hotpot,hotpot_vase,0,1,,,0,
n07590611_12857.JPEG,n07590611_12857,n07590611,hotpot,hotpot_vase,1,1,Yes,hotpot,1,
n07590611_12871.JPEG,n07590611_12871,n07590611,hotpot,hotpot_vase,0,1,,,0,
n07590611_12888.JPEG,n07590611_12888,n07590611,hotpot,hotpot_vase,1,1,Pig Intestine w/ Vermicelli in Hot Pot @ Happiness Restaurant,,0,肥腸粉絲煲 Pig Intestine w/ Vermicelli in Hot Pot ($8.95)
n07590611_12913.JPEG,n07590611_12913,n07590611,hotpot,hotpot_vase,0,0,,,0,
n07590611_12918.JPEG,n07590611_12918,n07590611,hotpot,hotpot_vase,1,1,Steamboat / Sichuan Hotpot,food|sichuanrestaurant|acton|london|steamboat|hotpot|chili|coriander|cilantro|red|rouge,11,I accidentally bit into one of those chilis. Pain!  At the Sichuan Restaurant in Acton.
n07590611_12949.JPEG,n07590611_12949,n07590611,hotpot,hotpot_vase,0,1,,,0,
n07590611_12962.JPEG,n07590611_12962,n07590611,hotpot,hotpot_vase,1,1,Tom Yum Hot Pot,Tom Yum|soup|laotian|food|restaurant|mushrooms|hot pot,7,"Delicious laotian restaurant in Madison, WI."
n07590611_12993.JPEG,n07590611_12993,n07590611,hotpot,hotpot_vase,0,0,,,0,
n07590611_12995.JPEG,n07590611_12995,n07590611,hotpot,hotpot_vase,0,1,,,0,
n07590611_13.JPEG,n07590611_13,n07590611,hotpot,hotpot_vase,0,0,,,0,
n07590611_13013.JPEG,n07590611_13013,n07590611,hotpot,hotpot_vase,0,0,,,0,
n07590611_13043.JPEG,n07590611_13043,n07590611,hotpot,hotpot_vase,0,1,,,0,
n07590611_13057.JPEG,n07590611_13057,n07590611,hotpot,hotpot_vase,1,1,hot_pot_02,hot pot|suki yaki,2,
n07590611_13061.JPEG,n07590611_13061,n07590611,hotpot,hotpot_vase,1,1,mongolian hot pot 3,mongolian hot pot|san gabriel,2,
n07590611_13066.JPEG,n07590611_13066,n07590611,hotpot,hotpot_vase,0,0,,,0,
n07590611_13078.JPEG,n07590611_13078,n07590611,hotpot,hotpot_vase,0,1,,,0,
n07590611_13080.JPEG,n07590611_13080,n07590611,hotpot,hotpot_vase,1,1,"Dried Shrimp, Conpoy and Ginger & Papaya, Fungus, and Fish Head Broths",hong kong|chinese|hot pot,3,Some more unusual broths for hot pot. A particularly good combination is tofu puffs cooked in the latter broth. 
n07590611_13083.JPEG,n07590611_13083,n07590611,hotpot,hotpot_vase,1,1,"DSC_2403, The Hot Pot",Tainan,1,The traditional styple of hot pot in Taiwan.
n07590611_13089.JPEG,n07590611_13089,n07590611,hotpot,hotpot_vase,0,0,,,0,
n07590611_13108.JPEG,n07590611_13108,n07590611,hotpot,hotpot_vase,1,1,Sichuan Hotpot,Canon 100mm f2.8 USM Macro|Sichuan Hotpot|A Fuschia Dunlop Recipe,3,© V.Ng - 2010. All rights reserved.
n07590611_13127.JPEG,n07590611_13127,n07590611,hotpot,hotpot_vase,1,1,麻辣鍋,麻辣鍋|台中|台灣|hot pot|taiwan|taizhong,6,There are two types of hot pot - sour and hot. This restaurant also gave you as much fish balls and blood cakes as you want. It was quite delicious. =)
n07590611_13196.JPEG,n07590611_13196,n07590611,hotpot,hotpot_vase,1,1,Hotpot lunch Kyoto,kyoto|food|japan|olympuse520|e520|restaurant|lunch|hotpot,8,
n07590611_13212.JPEG,n07590611_13212,n07590611,hotpot,hotpot_vase,1,1,20090301_0125_4 {52/9},chia shiang|chinese|cuisine|dumplings|food|hot pot|shanghai|52 1/2 of 2009|52½ of 2009|52.5 weeks of 2009|Week # 9,11,"Shanghai-style combination hotpot at Chia Shiang, Ann Arbor, MI.  Egg dumplings with fabulous ginger-pork filling, tofu-skin dumpling, black mushrooms, fish cakes, mussels, duck, chicken, pork, napa, weird soft sea-things (but tasty!), glass noodles... All this for 19.95. Feeds four easily.  52.5 weeks of 2009 Week 9 Theme: food"
n07590611_1322.JPEG,n07590611_1322,n07590611,hotpot,hotpot_vase,0,1,,,0,
n07590611_13234.JPEG,n07590611_13234,n07590611,hotpot,hotpot_vase,0,1,,,0,
n07590611_13236.JPEG,n07590611_13236,n07590611,hotpot,hotpot_vase,0,0,,,0,
n07590611_13243.JPEG,n07590611_13243,n07590611,hotpot,hotpot_vase,1,1,HOT POT spread - a taiwanese thanksgiving!,hot pot,1,-- jenn. (via palm pre)
n07590611_1329.JPEG,n07590611_1329,n07590611,hotpot,hotpot_vase,1,1,鴛鴦鍋湯底 (中間)@小肥羊火鍋Little Sheep Hot Pot,food|richmond|dinner|little sheep|hotpot|小肥羊|canada|british columbia|鴛鴦鍋|various|soup|no.3|lansdown,13,"everybody was eating nonstop and laughing nonstop (fun time!) 冬天吃火鍋最棒   <b>Little Sheep Hot Pot</b> #405-5300 No.3 Road Richmond, BC Canada (604) 231-8966  <a href=""http://www.littlesheephotpot.com/"" rel=""noreferrer nofollow"">www.littlesheephotpot.com/</a>"
n07590611_13292.JPEG,n07590611_13292,n07590611,hotpot,hotpot_vase,0,1,,,0,
n07590611_133.JPEG,n07590611_133,n07590611,hotpot,hotpot_vase,0,0,,,0,
n07590611_13302.JPEG,n07590611_13302,n07590611,hotpot,hotpot_vase,0,0,,,0,
n07590611_13320.JPEG,n07590611_13320,n07590611,hotpot,hotpot_vase,1,1,Grand Buffet:  Hot Pot,,0,
n07590611_13339.JPEG,n07590611_13339,n07590611,hotpot,hotpot_vase,0,0,,,0,
n07590611_13348.JPEG,n07590611_13348,n07590611,hotpot,hotpot_vase,0,1,,,0,
n07590611_13354.JPEG,n07590611_13354,n07590611,hotpot,hotpot_vase,0,0,,,0,
n07590611_13358.JPEG,n07590611_13358,n07590611,hotpot,hotpot_vase,0,0,,,0,
n07590611_13435.JPEG,n07590611_13435,n07590611,hotpot,hotpot_vase,0,0,,,0,
n07590611_13442.JPEG,n07590611_13442,n07590611,hotpot,hotpot_vase,0,0,,,0,
n07590611_13450.JPEG,n07590611_13450,n07590611,hotpot,hotpot_vase,1,0,Spicy hot pot,China| Beijing| food| dinner| hot pot| street| night| restaurant,8,
n07590611_13467.JPEG,n07590611_13467,n07590611,hotpot,hotpot_vase,0,1,,,0,
n07590611_13475.JPEG,n07590611_13475,n07590611,hotpot,hotpot_vase,1,1,Lamb Hot Pot Dinner,,0,"We ordered veggies, sheep/lamb meat, cilantro, ginger, mushrooms, bean sproats and noodles. Throw into the hot pot of chicken broth."
n07590611_13514.JPEG,n07590611_13514,n07590611,hotpot,hotpot_vase,0,0,,,0,
n07590611_13522.JPEG,n07590611_13522,n07590611,hotpot,hotpot_vase,0,0,,,0,
n07590611_13529.JPEG,n07590611_13529,n07590611,hotpot,hotpot_vase,0,0,,,0,
n07590611_13531.JPEG,n07590611_13531,n07590611,hotpot,hotpot_vase,1,1,Dinner: Szechuan Hot Pot,dinner|vegetarian|vegan|winter,4,"Spicy Szechuan hotpot with veggies.  Perfect for warming you up when it's freezing outside.  <a href=""http://www.runawaysquirrels.com/2008/12/szechuan-hot-pot-at-home/"" rel=""noreferrer nofollow"">www.runawaysquirrels.com/2008/12/szechuan-hot-pot-at-home/</a>"
n07590611_13547.JPEG,n07590611_13547,n07590611,hotpot,hotpot_vase,0,0,,,0,
n07590611_13558.JPEG,n07590611_13558,n07590611,hotpot,hotpot_vase,0,1,,,0,
n07590611_13579.JPEG,n07590611_13579,n07590611,hotpot,hotpot_vase,0,1,,,0,
n07590611_13589.JPEG,n07590611_13589,n07590611,hotpot,hotpot_vase,0,0,,,0,
n07590611_13595.JPEG,n07590611_13595,n07590611,hotpot,hotpot_vase,1,0,IMG_1326,Hotpot,1,
n07590611_13647.JPEG,n07590611_13647,n07590611,hotpot,hotpot_vase,0,1,,,0,
n07590611_13650.JPEG,n07590611_13650,n07590611,hotpot,hotpot_vase,1,1,niurou hotpot,shanghai|vacation|food,3,"a beef hotpot with assorted vegetables, hot peppers, and bean thread noodles."
n07590611_13678.JPEG,n07590611_13678,n07590611,hotpot,hotpot_vase,0,1,,,0,
n07590611_13681.JPEG,n07590611_13681,n07590611,hotpot,hotpot_vase,1,1,Vegetable hot pot,vegetable-hot-pot,1,"Bring vegetable stock and apple juice to boil. Add diced apples, sage and cayenne."
n07590611_13718.JPEG,n07590611_13718,n07590611,hotpot,hotpot_vase,0,0,,,0,
n07590611_13722.JPEG,n07590611_13722,n07590611,hotpot,hotpot_vase,0,0,,,0,
n07590611_13732.JPEG,n07590611_13732,n07590611,hotpot,hotpot_vase,1,1,seafood hot pot,seafood|hot pot|soup|noodle|tofu|fish|korean|food|korea house,9,
n07590611_1374.JPEG,n07590611_1374,n07590611,hotpot,hotpot_vase,1,1,Korean Hotpot Dinner,Pyongyang|Korea|DPRK|North Korea,4,"You get a hotpot with boiling stock, and a plate of ingredients. First you add the minced beef to the pot.   Let the meat boil (with the lid closed) for several minutes.  After the meat and vegetables have boiled for a while, add the vegetables and egg. Boil for a few minutes.  Finally, add the tofu, noodles and kimchee.   Pyongyang, North Korea."
n07590611_13741.JPEG,n07590611_13741,n07590611,hotpot,hotpot_vase,1,1,Instant Korean Hot Pot & Fried Noodles,shin ramyun|kimchi|korean food|hot pot|noodles|food photography,6,"<a href=""http://mochachocolatarita.blogspot.com"" rel=""noreferrer nofollow"">mochachocolatarita.blogspot.com</a>"
n07590611_1376.JPEG,n07590611_1376,n07590611,hotpot,hotpot_vase,0,1,,,0,
n07590611_13761.JPEG,n07590611_13761,n07590611,hotpot,hotpot_vase,1,1,Kimchi Hot Pot,dinner|party|food|hot pot|集集|restaurant|yummy|delicious|fun|Tainan|Taiwan,11,泡菜火鍋
n07590611_1377.JPEG,n07590611_1377,n07590611,hotpot,hotpot_vase,1,1,R0018922,火窩|HOME|Hotpot,3,Hotpot @ Home
n07590611_13775.JPEG,n07590611_13775,n07590611,hotpot,hotpot_vase,1,1,Bulgogi Hot Stone Bibimbap @ Sobahn Express Korean Cuisine,,0,Bulgogi Hot Stone Bibimbap ($6.99)
n07590611_13780.JPEG,n07590611_13780,n07590611,hotpot,hotpot_vase,0,1,,,0,
n07590611_13805.JPEG,n07590611_13805,n07590611,hotpot,hotpot_vase,0,0,,,0,
n07590611_13827.JPEG,n07590611_13827,n07590611,hotpot,hotpot_vase,0,1,,,0,
n07590611_1383.JPEG,n07590611_1383,n07590611,hotpot,hotpot_vase,0,1,,,0,
n07590611_13840.JPEG,n07590611_13840,n07590611,hotpot,hotpot_vase,0,0,,,0,
n07590611_13847.JPEG,n07590611_13847,n07590611,hotpot,hotpot_vase,0,0,,,0,
n07590611_13886.JPEG,n07590611_13886,n07590611,hotpot,hotpot_vase,0,0,,,0,
n07590611_13889.JPEG,n07590611_13889,n07590611,hotpot,hotpot_vase,1,1,Korean hot pot,London|lunar new year|golden pig|London china town|trafalgar square,5,Yummy beef hot pot. 新年也有圍爐到！
n07590611_13903.JPEG,n07590611_13903,n07590611,hotpot,hotpot_vase,0,1,,,0,
n07590611_13916.JPEG,n07590611_13916,n07590611,hotpot,hotpot_vase,0,1,,,0,
n07590611_13922.JPEG,n07590611_13922,n07590611,hotpot,hotpot_vase,0,0,,,0,
n07590611_13927.JPEG,n07590611_13927,n07590611,hotpot,hotpot_vase,0,1,,,0,
n07590611_13928.JPEG,n07590611_13928,n07590611,hotpot,hotpot_vase,0,0,,,0,
n07590611_1394.JPEG,n07590611_1394,n07590611,hotpot,hotpot_vase,0,1,,,0,
n07590611_13940.JPEG,n07590611_13940,n07590611,hotpot,hotpot_vase,1,1,Nabe/Hotpot,Food,1,Some nabe/hotpot dish... 
n07590611_1399.JPEG,n07590611_1399,n07590611,hotpot,hotpot_vase,1,1,Macau Pork Bone Hot Pot,food|hot pot|chinese,3,"<a href=""http://mochachocolatarita.blogspot.com"" rel=""noreferrer nofollow"">mochachocolatarita.blogspot.com</a>"
n07590611_13991.JPEG,n07590611_13991,n07590611,hotpot,hotpot_vase,1,1,meatballs w/ cabbage & rice noodles hot pot,hot pot,1,good
n07590611_14028.JPEG,n07590611_14028,n07590611,hotpot,hotpot_vase,0,0,,,0,
n07590611_14031.JPEG,n07590611_14031,n07590611,hotpot,hotpot_vase,0,0,,,0,
n07590611_1407.JPEG,n07590611_1407,n07590611,hotpot,hotpot_vase,0,0,,,0,
n07590611_14073.JPEG,n07590611_14073,n07590611,hotpot,hotpot_vase,0,1,,,0,
n07590611_14107.JPEG,n07590611_14107,n07590611,hotpot,hotpot_vase,0,1,,,0,
n07590611_14150.JPEG,n07590611_14150,n07590611,hotpot,hotpot_vase,1,1,Dinner: Hot Pot,Nov/Dec 2006|Regina|Shanghai|hot pot,4,"There is nothing like having family members surround the table eating hot pot dinner in a cold winter day. Since I won't be going back to Malaysia for Chinese New Year family gathering, this was my reunion dinner with most of them."
n07590611_14229.JPEG,n07590611_14229,n07590611,hotpot,hotpot_vase,0,0,,,0,
n07590611_14248.JPEG,n07590611_14248,n07590611,hotpot,hotpot_vase,0,0,,,0,
n07590611_14255.JPEG,n07590611_14255,n07590611,hotpot,hotpot_vase,0,0,,,0,
n07590611_14322.JPEG,n07590611_14322,n07590611,hotpot,hotpot_vase,0,0,,,0,
n07590611_14369.JPEG,n07590611_14369,n07590611,hotpot,hotpot_vase,0,0,,,0,
n07590611_14370.JPEG,n07590611_14370,n07590611,hotpot,hotpot_vase,0,0,,,0,
n07590611_14392.JPEG,n07590611_14392,n07590611,hotpot,hotpot_vase,0,0,,,0,
n07590611_14396.JPEG,n07590611_14396,n07590611,hotpot,hotpot_vase,0,0,,,0,
n07590611_1443.JPEG,n07590611_1443,n07590611,hotpot,hotpot_vase,0,1,,,0,
n07590611_14436.JPEG,n07590611_14436,n07590611,hotpot,hotpot_vase,0,0,,,0,
n07590611_14465.JPEG,n07590611_14465,n07590611,hotpot,hotpot_vase,0,0,,,0,
n07590611_14493.JPEG,n07590611_14493,n07590611,hotpot,hotpot_vase,0,0,,,0,
n07590611_14508.JPEG,n07590611_14508,n07590611,hotpot,hotpot_vase,0,0,,,0,
n07590611_14527.JPEG,n07590611_14527,n07590611,hotpot,hotpot_vase,0,0,,,0,
n07590611_14533.JPEG,n07590611_14533,n07590611,hotpot,hotpot_vase,0,0,,,0,
n07590611_1459.JPEG,n07590611_1459,n07590611,hotpot,hotpot_vase,0,1,,,0,
n07590611_14604.JPEG,n07590611_14604,n07590611,hotpot,hotpot_vase,0,0,,,0,
n07590611_14606.JPEG,n07590611_14606,n07590611,hotpot,hotpot_vase,0,0,,,0,
n07590611_14617.JPEG,n07590611_14617,n07590611,hotpot,hotpot_vase,0,0,,,0,
n07590611_14624.JPEG,n07590611_14624,n07590611,hotpot,hotpot_vase,0,0,,,0,
n07590611_14628.JPEG,n07590611_14628,n07590611,hotpot,hotpot_vase,0,0,,,0,
n07590611_14651.JPEG,n07590611_14651,n07590611,hotpot,hotpot_vase,0,0,,,0,
n07590611_14652.JPEG,n07590611_14652,n07590611,hotpot,hotpot_vase,0,0,,,0,
n07590611_1466.JPEG,n07590611_1466,n07590611,hotpot,hotpot_vase,0,0,,,0,
n07590611_14675.JPEG,n07590611_14675,n07590611,hotpot,hotpot_vase,0,0,,,0,
n07590611_14731.JPEG,n07590611_14731,n07590611,hotpot,hotpot_vase,0,0,,,0,
n07590611_14736.JPEG,n07590611_14736,n07590611,hotpot,hotpot_vase,0,0,,,0,
n07590611_14760.JPEG,n07590611_14760,n07590611,hotpot,hotpot_vase,0,0,,,0,
n07590611_14775.JPEG,n07590611_14775,n07590611,hotpot,hotpot_vase,0,0,,,0,
n07590611_14788.JPEG,n07590611_14788,n07590611,hotpot,hotpot_vase,0,0,,,0,
n07590611_14808.JPEG,n07590611_14808,n07590611,hotpot,hotpot_vase,0,0,,,0,
n07590611_14828.JPEG,n07590611_14828,n07590611,hotpot,hotpot_vase,0,0,,,0,
n07590611_1483.JPEG,n07590611_1483,n07590611,hotpot,hotpot_vase,1,1,IMG_3661,food|cooking|family|hot pot,4,Hot pot!
n07590611_1486.JPEG,n07590611_1486,n07590611,hotpot,hotpot_vase,0,1,,,0,
n07590611_14860.JPEG,n07590611_14860,n07590611,hotpot,hotpot_vase,0,0,,,0,
n07590611_14862.JPEG,n07590611_14862,n07590611,hotpot,hotpot_vase,0,0,,,0,
n07590611_14871.JPEG,n07590611_14871,n07590611,hotpot,hotpot_vase,0,0,,,0,
n07590611_14906.JPEG,n07590611_14906,n07590611,hotpot,hotpot_vase,0,0,,,0,
n07590611_1494.JPEG,n07590611_1494,n07590611,hotpot,hotpot_vase,1,1,Japanese Hot Pot cooking,vancouver|bc|canada|hot|pot|posh|broadway,7,"Posh in Vancouver, Sukiyaki  Japanese Hot Pot"
n07590611_1495.JPEG,n07590611_1495,n07590611,hotpot,hotpot_vase,0,0,,,0,
n07590611_1496.JPEG,n07590611_1496,n07590611,hotpot,hotpot_vase,0,0,,,0,
n07590611_14981.JPEG,n07590611_14981,n07590611,hotpot,hotpot_vase,0,0,,,0,
n07590611_1500.JPEG,n07590611_1500,n07590611,hotpot,hotpot_vase,0,0,,,0,
n07590611_15040.JPEG,n07590611_15040,n07590611,hotpot,hotpot_vase,0,0,,,0,
n07590611_1505.JPEG,n07590611_1505,n07590611,hotpot,hotpot_vase,0,1,,,0,
n07590611_1506.JPEG,n07590611_1506,n07590611,hotpot,hotpot_vase,0,0,,,0,
n07590611_15090.JPEG,n07590611_15090,n07590611,hotpot,hotpot_vase,0,0,,,0,
n07590611_151.JPEG,n07590611_151,n07590611,hotpot,hotpot_vase,0,0,,,0,
n07590611_15113.JPEG,n07590611_15113,n07590611,hotpot,hotpot_vase,0,0,,,0,
n07590611_15135.JPEG,n07590611_15135,n07590611,hotpot,hotpot_vase,0,0,,,0,
n07590611_1516.JPEG,n07590611_1516,n07590611,hotpot,hotpot_vase,1,1,Hotpot,china|chine|hotpot|dunhuang,4,
n07590611_1517.JPEG,n07590611_1517,n07590611,hotpot,hotpot_vase,0,1,,,0,
n07590611_15226.JPEG,n07590611_15226,n07590611,hotpot,hotpot_vase,0,0,,,0,
n07590611_1524.JPEG,n07590611_1524,n07590611,hotpot,hotpot_vase,0,0,,,0,
n07590611_15243.JPEG,n07590611_15243,n07590611,hotpot,hotpot_vase,0,0,,,0,
n07590611_15254.JPEG,n07590611_15254,n07590611,hotpot,hotpot_vase,0,0,,,0,
n07590611_15269.JPEG,n07590611_15269,n07590611,hotpot,hotpot_vase,0,0,,,0,
n07590611_15305.JPEG,n07590611_15305,n07590611,hotpot,hotpot_vase,0,0,,,0,
n07590611_15321.JPEG,n07590611_15321,n07590611,hotpot,hotpot_vase,0,0,,,0,
n07590611_1536.JPEG,n07590611_1536,n07590611,hotpot,hotpot_vase,1,1,Huo Guo,huoguo|hotpot|soup|pot|warm|food|eat|travel|neihu|taipei|taiwan|nikon|d200,13,"Photographed at my grandparents' home Neihu District, Taipei, Taiwan February 9, 2008 <a href=""http://www.penelopesloom.com/?p=1178"" rel=""noreferrer nofollow"">on black at my site</a>  <a href=""http://en.wikipedia.org/wiki/Hot_pot"" rel=""noreferrer nofollow"">Hot pots</a> serve as comfort food during winters.  I think they're most often done with boiling water there at the table into which you add your own raw ingredients.  My grandparents serve it more like soup that is kept hot on the table (on a portable burner).  All the ingredients are already cooked and as people eat, they bring out more ingredients and soup to add to it, keeping the pot permanently full.  On cold days, this was one of the only things that would warm me up.  We had a hot pot almost every night of the two weeks I was visiting in addition to the rest of our meal."
n07590611_1537.JPEG,n07590611_1537,n07590611,hotpot,hotpot_vase,1,1,Anthony hotpot cafe,Anthony|hotpot|cafe,3,
n07590611_15396.JPEG,n07590611_15396,n07590611,hotpot,hotpot_vase,0,0,,,0,
n07590611_15432.JPEG,n07590611_15432,n07590611,hotpot,hotpot_vase,0,0,,,0,
n07590611_15480.JPEG,n07590611_15480,n07590611,hotpot,hotpot_vase,0,0,,,0,
n07590611_15492.JPEG,n07590611_15492,n07590611,hotpot,hotpot_vase,0,0,,,0,
n07590611_15508.JPEG,n07590611_15508,n07590611,hotpot,hotpot_vase,0,0,,,0,
n07590611_15529.JPEG,n07590611_15529,n07590611,hotpot,hotpot_vase,0,0,,,0,
n07590611_15534.JPEG,n07590611_15534,n07590611,hotpot,hotpot_vase,0,0,,,0,
n07590611_15738.JPEG,n07590611_15738,n07590611,hotpot,hotpot_vase,0,0,,,0,
n07590611_15757.JPEG,n07590611_15757,n07590611,hotpot,hotpot_vase,0,0,,,0,
n07590611_1576.JPEG,n07590611_1576,n07590611,hotpot,hotpot_vase,0,1,,,0,
n07590611_158.JPEG,n07590611_158,n07590611,hotpot,hotpot_vase,0,1,,,0,
n07590611_15804.JPEG,n07590611_15804,n07590611,hotpot,hotpot_vase,0,0,,,0,
n07590611_15812.JPEG,n07590611_15812,n07590611,hotpot,hotpot_vase,0,0,,,0,
n07590611_15858.JPEG,n07590611_15858,n07590611,hotpot,hotpot_vase,0,0,,,0,
n07590611_15873.JPEG,n07590611_15873,n07590611,hotpot,hotpot_vase,0,0,,,0,
n07590611_1596.JPEG,n07590611_1596,n07590611,hotpot,hotpot_vase,0,0,,,0,
n07590611_15985.JPEG,n07590611_15985,n07590611,hotpot,hotpot_vase,0,0,,,0,
n07590611_16009.JPEG,n07590611_16009,n07590611,hotpot,hotpot_vase,0,0,,,0,
n07590611_1602.JPEG,n07590611_1602,n07590611,hotpot,hotpot_vase,1,1,Valentine's Dinner at Hing Loon,Hing Loon|Dining|Seattle|Valentine's Day|Eggplant|Spicy|Hotpot,7,Eggplant and preserved vegetable hotpot.
n07590611_16034.JPEG,n07590611_16034,n07590611,hotpot,hotpot_vase,0,0,,,0,
n07590611_16054.JPEG,n07590611_16054,n07590611,hotpot,hotpot_vase,0,0,,,0,
n07590611_16059.JPEG,n07590611_16059,n07590611,hotpot,hotpot_vase,0,0,,,0,
n07590611_16083.JPEG,n07590611_16083,n07590611,hotpot,hotpot_vase,0,0,,,0,
n07590611_16089.JPEG,n07590611_16089,n07590611,hotpot,hotpot_vase,0,0,,,0,
n07590611_16095.JPEG,n07590611_16095,n07590611,hotpot,hotpot_vase,0,0,,,0,
n07590611_16157.JPEG,n07590611_16157,n07590611,hotpot,hotpot_vase,0,0,,,0,
n07590611_16159.JPEG,n07590611_16159,n07590611,hotpot,hotpot_vase,0,0,,,0,
n07590611_16216.JPEG,n07590611_16216,n07590611,hotpot,hotpot_vase,0,0,,,0,
n07590611_16336.JPEG,n07590611_16336,n07590611,hotpot,hotpot_vase,0,0,,,0,
n07590611_16338.JPEG,n07590611_16338,n07590611,hotpot,hotpot_vase,0,0,,,0,
n07590611_16398.JPEG,n07590611_16398,n07590611,hotpot,hotpot_vase,0,0,,,0,
n07590611_16404.JPEG,n07590611_16404,n07590611,hotpot,hotpot_vase,0,0,,,0,
n07590611_16410.JPEG,n07590611_16410,n07590611,hotpot,hotpot_vase,0,0,,,0,
n07590611_16422.JPEG,n07590611_16422,n07590611,hotpot,hotpot_vase,0,0,,,0,
n07590611_16429.JPEG,n07590611_16429,n07590611,hotpot,hotpot_vase,0,0,,,0,
n07590611_16457.JPEG,n07590611_16457,n07590611,hotpot,hotpot_vase,0,0,,,0,
n07590611_1648.JPEG,n07590611_1648,n07590611,hotpot,hotpot_vase,0,0,,,0,
n07590611_16510.JPEG,n07590611_16510,n07590611,hotpot,hotpot_vase,0,0,,,0,
n07590611_1655.JPEG,n07590611_1655,n07590611,hotpot,hotpot_vase,0,0,,,0,
n07590611_16607.JPEG,n07590611_16607,n07590611,hotpot,hotpot_vase,0,0,,,0,
n07590611_16706.JPEG,n07590611_16706,n07590611,hotpot,hotpot_vase,0,0,,,0,
n07590611_16707.JPEG,n07590611_16707,n07590611,hotpot,hotpot_vase,0,0,,,0,
n07590611_16718.JPEG,n07590611_16718,n07590611,hotpot,hotpot_vase,0,0,,,0,
n07590611_1672.JPEG,n07590611_1672,n07590611,hotpot,hotpot_vase,0,0,,,0,
n07590611_16742.JPEG,n07590611_16742,n07590611,hotpot,hotpot_vase,0,0,,,0,
n07590611_16771.JPEG,n07590611_16771,n07590611,hotpot,hotpot_vase,0,0,,,0,
n07590611_16792.JPEG,n07590611_16792,n07590611,hotpot,hotpot_vase,0,0,,,0,
n07590611_16813.JPEG,n07590611_16813,n07590611,hotpot,hotpot_vase,0,0,,,0,
n07590611_16820.JPEG,n07590611_16820,n07590611,hotpot,hotpot_vase,0,0,,,0,
n07590611_16884.JPEG,n07590611_16884,n07590611,hotpot,hotpot_vase,0,0,,,0,
n07590611_16979.JPEG,n07590611_16979,n07590611,hotpot,hotpot_vase,0,0,,,0,
n07590611_17003.JPEG,n07590611_17003,n07590611,hotpot,hotpot_vase,0,0,,,0,
n07590611_17044.JPEG,n07590611_17044,n07590611,hotpot,hotpot_vase,0,0,,,0,
n07590611_1705.JPEG,n07590611_1705,n07590611,hotpot,hotpot_vase,0,0,,,0,
n07590611_17087.JPEG,n07590611_17087,n07590611,hotpot,hotpot_vase,0,0,,,0,
n07590611_17194.JPEG,n07590611_17194,n07590611,hotpot,hotpot_vase,0,0,,,0,
n07590611_17198.JPEG,n07590611_17198,n07590611,hotpot,hotpot_vase,0,0,,,0,
n07590611_17199.JPEG,n07590611_17199,n07590611,hotpot,hotpot_vase,0,0,,,0,
n07590611_17257.JPEG,n07590611_17257,n07590611,hotpot,hotpot_vase,0,0,,,0,
n07590611_17361.JPEG,n07590611_17361,n07590611,hotpot,hotpot_vase,0,0,,,0,
n07590611_17364.JPEG,n07590611_17364,n07590611,hotpot,hotpot_vase,0,0,,,0,
n07590611_17389.JPEG,n07590611_17389,n07590611,hotpot,hotpot_vase,0,0,,,0,
n07590611_17411.JPEG,n07590611_17411,n07590611,hotpot,hotpot_vase,0,0,,,0,
n07590611_17422.JPEG,n07590611_17422,n07590611,hotpot,hotpot_vase,0,0,,,0,
n07590611_17485.JPEG,n07590611_17485,n07590611,hotpot,hotpot_vase,0,0,,,0,
n07590611_1750.JPEG,n07590611_1750,n07590611,hotpot,hotpot_vase,0,0,,,0,
n07590611_17507.JPEG,n07590611_17507,n07590611,hotpot,hotpot_vase,0,0,,,0,
n07590611_17540.JPEG,n07590611_17540,n07590611,hotpot,hotpot_vase,0,0,,,0,
n07590611_17557.JPEG,n07590611_17557,n07590611,hotpot,hotpot_vase,0,0,,,0,
n07590611_17560.JPEG,n07590611_17560,n07590611,hotpot,hotpot_vase,0,0,,,0,
n07590611_17634.JPEG,n07590611_17634,n07590611,hotpot,hotpot_vase,0,0,,,0,
n07590611_17675.JPEG,n07590611_17675,n07590611,hotpot,hotpot_vase,0,0,,,0,
n07590611_17763.JPEG,n07590611_17763,n07590611,hotpot,hotpot_vase,0,0,,,0,
n07590611_17807.JPEG,n07590611_17807,n07590611,hotpot,hotpot_vase,0,0,,,0,
n07590611_1785.JPEG,n07590611_1785,n07590611,hotpot,hotpot_vase,0,0,,,0,
n07590611_17866.JPEG,n07590611_17866,n07590611,hotpot,hotpot_vase,0,0,,,0,
n07590611_1789.JPEG,n07590611_1789,n07590611,hotpot,hotpot_vase,0,0,,,0,
n07590611_17894.JPEG,n07590611_17894,n07590611,hotpot,hotpot_vase,0,0,,,0,
n07590611_17896.JPEG,n07590611_17896,n07590611,hotpot,hotpot_vase,0,0,,,0,
n07590611_17912.JPEG,n07590611_17912,n07590611,hotpot,hotpot_vase,0,0,,,0,
n07590611_17948.JPEG,n07590611_17948,n07590611,hotpot,hotpot_vase,0,0,,,0,
n07590611_17949.JPEG,n07590611_17949,n07590611,hotpot,hotpot_vase,0,0,,,0,
n07590611_17959.JPEG,n07590611_17959,n07590611,hotpot,hotpot_vase,0,0,,,0,
n07590611_18022.JPEG,n07590611_18022,n07590611,hotpot,hotpot_vase,0,0,,,0,
n07590611_18060.JPEG,n07590611_18060,n07590611,hotpot,hotpot_vase,0,0,,,0,
n07590611_18076.JPEG,n07590611_18076,n07590611,hotpot,hotpot_vase,0,0,,,0,
n07590611_18083.JPEG,n07590611_18083,n07590611,hotpot,hotpot_vase,0,0,,,0,
n07590611_1809.JPEG,n07590611_1809,n07590611,hotpot,hotpot_vase,0,1,,,0,
n07590611_18149.JPEG,n07590611_18149,n07590611,hotpot,hotpot_vase,0,0,,,0,
n07590611_18151.JPEG,n07590611_18151,n07590611,hotpot,hotpot_vase,0,0,,,0,
n07590611_18177.JPEG,n07590611_18177,n07590611,hotpot,hotpot_vase,0,0,,,0,
n07590611_18195.JPEG,n07590611_18195,n07590611,hotpot,hotpot_vase,0,0,,,0,
n07590611_182.JPEG,n07590611_182,n07590611,hotpot,hotpot_vase,1,1,,food|chinese|congeevillage|rice|vermicelli|hotpot,6,some kind of rice vermicelli and bitter squash thing hotpot
n07590611_18225.JPEG,n07590611_18225,n07590611,hotpot,hotpot_vase,0,0,,,0,
n07590611_18238.JPEG,n07590611_18238,n07590611,hotpot,hotpot_vase,0,0,,,0,
n07590611_183.JPEG,n07590611_183,n07590611,hotpot,hotpot_vase,0,0,,,0,
n07590611_18309.JPEG,n07590611_18309,n07590611,hotpot,hotpot_vase,0,0,,,0,
n07590611_18312.JPEG,n07590611_18312,n07590611,hotpot,hotpot_vase,0,0,,,0,
n07590611_18342.JPEG,n07590611_18342,n07590611,hotpot,hotpot_vase,0,0,,,0,
n07590611_1835.JPEG,n07590611_1835,n07590611,hotpot,hotpot_vase,1,1,Little Sheep Hot Pot,200804 China|Beijing|China|Dongcheng|Food,5,"The best meal I had in Beijing... hot pot! It's on Dongzhimennei Dajie, near Beixinqiao subway stop."
n07590611_1837.JPEG,n07590611_1837,n07590611,hotpot,hotpot_vase,0,0,,,0,
n07590611_18436.JPEG,n07590611_18436,n07590611,hotpot,hotpot_vase,0,0,,,0,
n07590611_18450.JPEG,n07590611_18450,n07590611,hotpot,hotpot_vase,0,0,,,0,
n07590611_1852.JPEG,n07590611_1852,n07590611,hotpot,hotpot_vase,0,1,,,0,
n07590611_18552.JPEG,n07590611_18552,n07590611,hotpot,hotpot_vase,0,0,,,0,
n07590611_18740.JPEG,n07590611_18740,n07590611,hotpot,hotpot_vase,0,0,,,0,
n07590611_18741.JPEG,n07590611_18741,n07590611,hotpot,hotpot_vase,0,0,,,0,
n07590611_18757.JPEG,n07590611_18757,n07590611,hotpot,hotpot_vase,0,0,,,0,
n07590611_18823.JPEG,n07590611_18823,n07590611,hotpot,hotpot_vase,0,0,,,0,
n07590611_18855.JPEG,n07590611_18855,n07590611,hotpot,hotpot_vase,0,0,,,0,
n07590611_1888.JPEG,n07590611_1888,n07590611,hotpot,hotpot_vase,0,0,,,0,
n07590611_1890.JPEG,n07590611_1890,n07590611,hotpot,hotpot_vase,0,0,,,0,
n07590611_18920.JPEG,n07590611_18920,n07590611,hotpot,hotpot_vase,0,0,,,0,
n07590611_18951.JPEG,n07590611_18951,n07590611,hotpot,hotpot_vase,0,0,,,0,
n07590611_19052.JPEG,n07590611_19052,n07590611,hotpot,hotpot_vase,0,0,,,0,
n07590611_19063.JPEG,n07590611_19063,n07590611,hotpot,hotpot_vase,0,0,,,0,
n07590611_19068.JPEG,n07590611_19068,n07590611,hotpot,hotpot_vase,0,0,,,0,
n07590611_19069.JPEG,n07590611_19069,n07590611,hotpot,hotpot_vase,0,0,,,0,
n07590611_19100.JPEG,n07590611_19100,n07590611,hotpot,hotpot_vase,0,0,,,0,
n07590611_19144.JPEG,n07590611_19144,n07590611,hotpot,hotpot_vase,0,0,,,0,
n07590611_19166.JPEG,n07590611_19166,n07590611,hotpot,hotpot_vase,0,0,,,0,
n07590611_1919.JPEG,n07590611_1919,n07590611,hotpot,hotpot_vase,0,0,,,0,
n07590611_19196.JPEG,n07590611_19196,n07590611,hotpot,hotpot_vase,0,0,,,0,
n07590611_19226.JPEG,n07590611_19226,n07590611,hotpot,hotpot_vase,0,0,,,0,
n07590611_19244.JPEG,n07590611_19244,n07590611,hotpot,hotpot_vase,0,0,,,0,
n07590611_1935.JPEG,n07590611_1935,n07590611,hotpot,hotpot_vase,1,1,"Dinner: Pickled Veggie Hot Pot, Wishful House, Taichung (台中), Taiwan, June 22, 2007",hot pot|vegetables|seafood|stew|soup|light|hot|台灣|台中|新竹|eating out,11,Wishful House 台中市自治街79號 ０４－２３７２８９９
n07590611_19363.JPEG,n07590611_19363,n07590611,hotpot,hotpot_vase,0,0,,,0,
n07590611_19407.JPEG,n07590611_19407,n07590611,hotpot,hotpot_vase,0,0,,,0,
n07590611_19425.JPEG,n07590611_19425,n07590611,hotpot,hotpot_vase,0,0,,,0,
n07590611_19427.JPEG,n07590611_19427,n07590611,hotpot,hotpot_vase,0,0,,,0,
n07590611_19455.JPEG,n07590611_19455,n07590611,hotpot,hotpot_vase,0,0,,,0,
n07590611_19468.JPEG,n07590611_19468,n07590611,hotpot,hotpot_vase,0,0,,,0,
n07590611_1949.JPEG,n07590611_1949,n07590611,hotpot,hotpot_vase,1,1,IMG_0972,renton|chinese|restaurants|food|dinner|mandarin palace|eight jewels tofu hot pot|hot pot|tofu|pork|seafood|mushrooms|chicken|shrimp|squid,15,"Eight Jewels Tofu Hot Pot Mandarin Palace 1306 Union Ave NE Renton, WA 98059 (425) 255-3612"
n07590611_19541.JPEG,n07590611_19541,n07590611,hotpot,hotpot_vase,0,0,,,0,
n07590611_19551.JPEG,n07590611_19551,n07590611,hotpot,hotpot_vase,0,0,,,0,
n07590611_19556.JPEG,n07590611_19556,n07590611,hotpot,hotpot_vase,0,0,,,0,
n07590611_19565.JPEG,n07590611_19565,n07590611,hotpot,hotpot_vase,0,0,,,0,
n07590611_1963.JPEG,n07590611_1963,n07590611,hotpot,hotpot_vase,0,0,,,0,
n07590611_19639.JPEG,n07590611_19639,n07590611,hotpot,hotpot_vase,0,0,,,0,
n07590611_19663.JPEG,n07590611_19663,n07590611,hotpot,hotpot_vase,0,0,,,0,
n07590611_1973.JPEG,n07590611_1973,n07590611,hotpot,hotpot_vase,0,0,,,0,
n07590611_19771.JPEG,n07590611_19771,n07590611,hotpot,hotpot_vase,0,0,,,0,
n07590611_19809.JPEG,n07590611_19809,n07590611,hotpot,hotpot_vase,0,0,,,0,
n07590611_19893.JPEG,n07590611_19893,n07590611,hotpot,hotpot_vase,0,0,,,0,
n07590611_19940.JPEG,n07590611_19940,n07590611,hotpot,hotpot_vase,0,0,,,0,
n07590611_19947.JPEG,n07590611_19947,n07590611,hotpot,hotpot_vase,0,0,,,0,
n07590611_19963.JPEG,n07590611_19963,n07590611,hotpot,hotpot_vase,0,0,,,0,
n07590611_19980.JPEG,n07590611_19980,n07590611,hotpot,hotpot_vase,0,0,,,0,
n07590611_20012.JPEG,n07590611_20012,n07590611,hotpot,hotpot_vase,0,0,,,0,
n07590611_20102.JPEG,n07590611_20102,n07590611,hotpot,hotpot_vase,0,0,,,0,
n07590611_20152.JPEG,n07590611_20152,n07590611,hotpot,hotpot_vase,0,0,,,0,
n07590611_20166.JPEG,n07590611_20166,n07590611,hotpot,hotpot_vase,0,0,,,0,
n07590611_20173.JPEG,n07590611_20173,n07590611,hotpot,hotpot_vase,0,0,,,0,
n07590611_20180.JPEG,n07590611_20180,n07590611,hotpot,hotpot_vase,0,0,,,0,
n07590611_20257.JPEG,n07590611_20257,n07590611,hotpot,hotpot_vase,0,0,,,0,
n07590611_20297.JPEG,n07590611_20297,n07590611,hotpot,hotpot_vase,0,0,,,0,
n07590611_20299.JPEG,n07590611_20299,n07590611,hotpot,hotpot_vase,0,0,,,0,
n07590611_20318.JPEG,n07590611_20318,n07590611,hotpot,hotpot_vase,0,0,,,0,
n07590611_20349.JPEG,n07590611_20349,n07590611,hotpot,hotpot_vase,0,0,,,0,
n07590611_20364.JPEG,n07590611_20364,n07590611,hotpot,hotpot_vase,0,0,,,0,
n07590611_20369.JPEG,n07590611_20369,n07590611,hotpot,hotpot_vase,0,0,,,0,
n07590611_20371.JPEG,n07590611_20371,n07590611,hotpot,hotpot_vase,0,0,,,0,
n07590611_20454.JPEG,n07590611_20454,n07590611,hotpot,hotpot_vase,0,0,,,0,
n07590611_20477.JPEG,n07590611_20477,n07590611,hotpot,hotpot_vase,0,0,,,0,
n07590611_20483.JPEG,n07590611_20483,n07590611,hotpot,hotpot_vase,0,0,,,0,
n07590611_20547.JPEG,n07590611_20547,n07590611,hotpot,hotpot_vase,0,0,,,0,
n07590611_20596.JPEG,n07590611_20596,n07590611,hotpot,hotpot_vase,0,0,,,0,
n07590611_20602.JPEG,n07590611_20602,n07590611,hotpot,hotpot_vase,0,0,,,0,
n07590611_20659.JPEG,n07590611_20659,n07590611,hotpot,hotpot_vase,0,0,,,0,
n07590611_2066.JPEG,n07590611_2066,n07590611,hotpot,hotpot_vase,0,1,,,0,
n07590611_20688.JPEG,n07590611_20688,n07590611,hotpot,hotpot_vase,0,0,,,0,
n07590611_20705.JPEG,n07590611_20705,n07590611,hotpot,hotpot_vase,0,0,,,0,
n07590611_20758.JPEG,n07590611_20758,n07590611,hotpot,hotpot_vase,0,0,,,0,
n07590611_20764.JPEG,n07590611_20764,n07590611,hotpot,hotpot_vase,0,0,,,0,
n07590611_20766.JPEG,n07590611_20766,n07590611,hotpot,hotpot_vase,0,0,,,0,
n07590611_20784.JPEG,n07590611_20784,n07590611,hotpot,hotpot_vase,0,0,,,0,
n07590611_20793.JPEG,n07590611_20793,n07590611,hotpot,hotpot_vase,0,0,,,0,
n07590611_2084.JPEG,n07590611_2084,n07590611,hotpot,hotpot_vase,1,1,Very spicy seafood hot pot,hot|pot|shabu-shabu|spicy|seafood|chili|delicious,7,"Blogged: <a href=""http://chowmeinandpasta.blogspot.com/2008/02/spicy-seafood-hotpot-ouch-its-really.html"" rel=""noreferrer nofollow"">Spicy Seafood Hotpot (Ouch! It's really hot!)</a>"
n07590611_20842.JPEG,n07590611_20842,n07590611,hotpot,hotpot_vase,0,0,,,0,
n07590611_20876.JPEG,n07590611_20876,n07590611,hotpot,hotpot_vase,0,0,,,0,
n07590611_20881.JPEG,n07590611_20881,n07590611,hotpot,hotpot_vase,0,0,,,0,
n07590611_20901.JPEG,n07590611_20901,n07590611,hotpot,hotpot_vase,0,0,,,0,
n07590611_20905.JPEG,n07590611_20905,n07590611,hotpot,hotpot_vase,0,0,,,0,
n07590611_20911.JPEG,n07590611_20911,n07590611,hotpot,hotpot_vase,0,0,,,0,
n07590611_20969.JPEG,n07590611_20969,n07590611,hotpot,hotpot_vase,0,0,,,0,
n07590611_21016.JPEG,n07590611_21016,n07590611,hotpot,hotpot_vase,0,0,,,0,
n07590611_21035.JPEG,n07590611_21035,n07590611,hotpot,hotpot_vase,0,0,,,0,
n07590611_21085.JPEG,n07590611_21085,n07590611,hotpot,hotpot_vase,0,0,,,0,
n07590611_21091.JPEG,n07590611_21091,n07590611,hotpot,hotpot_vase,0,0,,,0,
n07590611_21112.JPEG,n07590611_21112,n07590611,hotpot,hotpot_vase,0,0,,,0,
n07590611_21282.JPEG,n07590611_21282,n07590611,hotpot,hotpot_vase,0,0,,,0,
n07590611_21305.JPEG,n07590611_21305,n07590611,hotpot,hotpot_vase,0,0,,,0,
n07590611_21339.JPEG,n07590611_21339,n07590611,hotpot,hotpot_vase,0,0,,,0,
n07590611_21352.JPEG,n07590611_21352,n07590611,hotpot,hotpot_vase,0,0,,,0,
n07590611_21463.JPEG,n07590611_21463,n07590611,hotpot,hotpot_vase,0,0,,,0,
n07590611_2151.JPEG,n07590611_2151,n07590611,hotpot,hotpot_vase,0,0,,,0,
n07590611_21517.JPEG,n07590611_21517,n07590611,hotpot,hotpot_vase,0,0,,,0,
n07590611_21542.JPEG,n07590611_21542,n07590611,hotpot,hotpot_vase,0,0,,,0,
n07590611_21544.JPEG,n07590611_21544,n07590611,hotpot,hotpot_vase,0,0,,,0,
n07590611_21570.JPEG,n07590611_21570,n07590611,hotpot,hotpot_vase,0,0,,,0,
n07590611_21595.JPEG,n07590611_21595,n07590611,hotpot,hotpot_vase,0,0,,,0,
n07590611_21596.JPEG,n07590611_21596,n07590611,hotpot,hotpot_vase,0,0,,,0,
n07590611_21649.JPEG,n07590611_21649,n07590611,hotpot,hotpot_vase,0,0,,,0,
n07590611_21666.JPEG,n07590611_21666,n07590611,hotpot,hotpot_vase,0,0,,,0,
n07590611_21690.JPEG,n07590611_21690,n07590611,hotpot,hotpot_vase,0,0,,,0,
n07590611_2175.JPEG,n07590611_2175,n07590611,hotpot,hotpot_vase,0,0,,,0,
n07590611_21810.JPEG,n07590611_21810,n07590611,hotpot,hotpot_vase,0,0,,,0,
n07590611_21878.JPEG,n07590611_21878,n07590611,hotpot,hotpot_vase,0,0,,,0,
n07590611_21895.JPEG,n07590611_21895,n07590611,hotpot,hotpot_vase,0,0,,,0,
n07590611_219.JPEG,n07590611_219,n07590611,hotpot,hotpot_vase,0,1,,,0,
n07590611_21914.JPEG,n07590611_21914,n07590611,hotpot,hotpot_vase,0,0,,,0,
n07590611_21950.JPEG,n07590611_21950,n07590611,hotpot,hotpot_vase,0,0,,,0,
n07590611_21963.JPEG,n07590611_21963,n07590611,hotpot,hotpot_vase,0,0,,,0,
n07590611_21968.JPEG,n07590611_21968,n07590611,hotpot,hotpot_vase,0,0,,,0,
n07590611_22034.JPEG,n07590611_22034,n07590611,hotpot,hotpot_vase,0,0,,,0,
n07590611_22056.JPEG,n07590611_22056,n07590611,hotpot,hotpot_vase,0,0,,,0,
n07590611_22080.JPEG,n07590611_22080,n07590611,hotpot,hotpot_vase,0,0,,,0,
n07590611_22119.JPEG,n07590611_22119,n07590611,hotpot,hotpot_vase,0,0,,,0,
n07590611_22144.JPEG,n07590611_22144,n07590611,hotpot,hotpot_vase,0,0,,,0,
n07590611_2223.JPEG,n07590611_2223,n07590611,hotpot,hotpot_vase,0,1,,,0,
n07590611_22269.JPEG,n07590611_22269,n07590611,hotpot,hotpot_vase,0,0,,,0,
n07590611_2228.JPEG,n07590611_2228,n07590611,hotpot,hotpot_vase,1,1,Hot Pot in Chengdu,chengdu|hot|pot|hot pot|huo guo,5,
n07590611_22306.JPEG,n07590611_22306,n07590611,hotpot,hotpot_vase,0,0,,,0,
n07590611_22331.JPEG,n07590611_22331,n07590611,hotpot,hotpot_vase,0,0,,,0,
n07590611_2238.JPEG,n07590611_2238,n07590611,hotpot,hotpot_vase,1,1,Put some soup as hotpot base,Home|Hotpot|weekend|cooking|UK|Food|2009|September,8,放莲藕排骨墨鱼汤作为汤底
n07590611_22416.JPEG,n07590611_22416,n07590611,hotpot,hotpot_vase,0,0,,,0,
n07590611_22556.JPEG,n07590611_22556,n07590611,hotpot,hotpot_vase,0,0,,,0,
n07590611_22564.JPEG,n07590611_22564,n07590611,hotpot,hotpot_vase,0,0,,,0,
n07590611_2257.JPEG,n07590611_2257,n07590611,hotpot,hotpot_vase,0,1,,,0,
n07590611_2274.JPEG,n07590611_2274,n07590611,hotpot,hotpot_vase,0,0,,,0,
n07590611_22790.JPEG,n07590611_22790,n07590611,hotpot,hotpot_vase,0,0,,,0,
n07590611_22804.JPEG,n07590611_22804,n07590611,hotpot,hotpot_vase,0,0,,,0,
n07590611_22813.JPEG,n07590611_22813,n07590611,hotpot,hotpot_vase,0,0,,,0,
n07590611_22841.JPEG,n07590611_22841,n07590611,hotpot,hotpot_vase,0,0,,,0,
n07590611_22912.JPEG,n07590611_22912,n07590611,hotpot,hotpot_vase,0,0,,,0,
n07590611_22939.JPEG,n07590611_22939,n07590611,hotpot,hotpot_vase,0,0,,,0,
n07590611_23013.JPEG,n07590611_23013,n07590611,hotpot,hotpot_vase,0,0,,,0,
n07590611_23058.JPEG,n07590611_23058,n07590611,hotpot,hotpot_vase,0,0,,,0,
n07590611_23060.JPEG,n07590611_23060,n07590611,hotpot,hotpot_vase,0,0,,,0,
n07590611_23084.JPEG,n07590611_23084,n07590611,hotpot,hotpot_vase,0,0,,,0,
n07590611_23121.JPEG,n07590611_23121,n07590611,hotpot,hotpot_vase,0,0,,,0,
n07590611_23159.JPEG,n07590611_23159,n07590611,hotpot,hotpot_vase,0,0,,,0,
n07590611_23264.JPEG,n07590611_23264,n07590611,hotpot,hotpot_vase,0,0,,,0,
n07590611_23267.JPEG,n07590611_23267,n07590611,hotpot,hotpot_vase,0,0,,,0,
n07590611_2328.JPEG,n07590611_2328,n07590611,hotpot,hotpot_vase,0,0,,,0,
n07590611_23287.JPEG,n07590611_23287,n07590611,hotpot,hotpot_vase,0,0,,,0,
n07590611_23293.JPEG,n07590611_23293,n07590611,hotpot,hotpot_vase,0,0,,,0,
n07590611_23328.JPEG,n07590611_23328,n07590611,hotpot,hotpot_vase,0,0,,,0,
n07590611_23331.JPEG,n07590611_23331,n07590611,hotpot,hotpot_vase,0,0,,,0,
n07590611_2337.JPEG,n07590611_2337,n07590611,hotpot,hotpot_vase,0,0,,,0,
n07590611_23394.JPEG,n07590611_23394,n07590611,hotpot,hotpot_vase,0,0,,,0,
n07590611_23429.JPEG,n07590611_23429,n07590611,hotpot,hotpot_vase,0,0,,,0,
n07590611_23453.JPEG,n07590611_23453,n07590611,hotpot,hotpot_vase,0,0,,,0,
n07590611_23486.JPEG,n07590611_23486,n07590611,hotpot,hotpot_vase,0,0,,,0,
n07590611_2351.JPEG,n07590611_2351,n07590611,hotpot,hotpot_vase,0,1,,,0,
n07590611_23593.JPEG,n07590611_23593,n07590611,hotpot,hotpot_vase,0,0,,,0,
n07590611_23645.JPEG,n07590611_23645,n07590611,hotpot,hotpot_vase,0,0,,,0,
n07590611_23660.JPEG,n07590611_23660,n07590611,hotpot,hotpot_vase,0,0,,,0,
n07590611_23743.JPEG,n07590611_23743,n07590611,hotpot,hotpot_vase,0,0,,,0,
n07590611_23761.JPEG,n07590611_23761,n07590611,hotpot,hotpot_vase,0,0,,,0,
n07590611_23833.JPEG,n07590611_23833,n07590611,hotpot,hotpot_vase,0,0,,,0,
n07590611_23880.JPEG,n07590611_23880,n07590611,hotpot,hotpot_vase,0,0,,,0,
n07590611_23931.JPEG,n07590611_23931,n07590611,hotpot,hotpot_vase,0,0,,,0,
n07590611_23942.JPEG,n07590611_23942,n07590611,hotpot,hotpot_vase,0,0,,,0,
n07590611_23967.JPEG,n07590611_23967,n07590611,hotpot,hotpot_vase,0,0,,,0,
n07590611_24028.JPEG,n07590611_24028,n07590611,hotpot,hotpot_vase,0,0,,,0,
n07590611_24040.JPEG,n07590611_24040,n07590611,hotpot,hotpot_vase,0,0,,,0,
n07590611_24041.JPEG,n07590611_24041,n07590611,hotpot,hotpot_vase,0,0,,,0,
n07590611_24110.JPEG,n07590611_24110,n07590611,hotpot,hotpot_vase,0,0,,,0,
n07590611_2422.JPEG,n07590611_2422,n07590611,hotpot,hotpot_vase,0,1,,,0,
n07590611_24255.JPEG,n07590611_24255,n07590611,hotpot,hotpot_vase,0,0,,,0,
n07590611_2436.JPEG,n07590611_2436,n07590611,hotpot,hotpot_vase,0,0,,,0,
n07590611_24414.JPEG,n07590611_24414,n07590611,hotpot,hotpot_vase,0,0,,,0,
n07590611_24553.JPEG,n07590611_24553,n07590611,hotpot,hotpot_vase,0,0,,,0,
n07590611_24573.JPEG,n07590611_24573,n07590611,hotpot,hotpot_vase,0,0,,,0,
n07590611_24587.JPEG,n07590611_24587,n07590611,hotpot,hotpot_vase,0,0,,,0,
n07590611_24628.JPEG,n07590611_24628,n07590611,hotpot,hotpot_vase,0,0,,,0,
n07590611_24635.JPEG,n07590611_24635,n07590611,hotpot,hotpot_vase,0,0,,,0,
n07590611_2465.JPEG,n07590611_2465,n07590611,hotpot,hotpot_vase,0,0,,,0,
n07590611_24676.JPEG,n07590611_24676,n07590611,hotpot,hotpot_vase,0,0,,,0,
n07590611_24735.JPEG,n07590611_24735,n07590611,hotpot,hotpot_vase,0,0,,,0,
n07590611_24747.JPEG,n07590611_24747,n07590611,hotpot,hotpot_vase,0,0,,,0,
n07590611_24748.JPEG,n07590611_24748,n07590611,hotpot,hotpot_vase,0,0,,,0,
n07590611_24749.JPEG,n07590611_24749,n07590611,hotpot,hotpot_vase,0,0,,,0,
n07590611_24752.JPEG,n07590611_24752,n07590611,hotpot,hotpot_vase,0,0,,,0,
n07590611_24775.JPEG,n07590611_24775,n07590611,hotpot,hotpot_vase,0,0,,,0,
n07590611_24822.JPEG,n07590611_24822,n07590611,hotpot,hotpot_vase,0,0,,,0,
n07590611_2491.JPEG,n07590611_2491,n07590611,hotpot,hotpot_vase,1,1,"Chinese hot pot, Xian style",Food|Restaurants|Hotpot,3,Spicy and rich
n07590611_2498.JPEG,n07590611_2498,n07590611,hotpot,hotpot_vase,0,1,,,0,
n07590611_2504.JPEG,n07590611_2504,n07590611,hotpot,hotpot_vase,1,1,Hotpot & KTV Party,2007|hotpot|party|chicago|winter,5,
n07590611_2517.JPEG,n07590611_2517,n07590611,hotpot,hotpot_vase,1,1,chicken stew,korean|food|seoul hot pot|chicken|stew|potato|onion|carrot|닭도리탕,9,The food at Seoul Hot Pot always has a home made appeal.
n07590611_2524.JPEG,n07590611_2524,n07590611,hotpot,hotpot_vase,0,1,,,0,
n07590611_2547.JPEG,n07590611_2547,n07590611,hotpot,hotpot_vase,0,1,,,0,
n07590611_2549.JPEG,n07590611_2549,n07590611,hotpot,hotpot_vase,1,1,Sichuan hotpot,Chengdu|Hot Pot,2,
n07590611_2551.JPEG,n07590611_2551,n07590611,hotpot,hotpot_vase,1,1,hotpot,hotpot|food,2,
n07590611_2558.JPEG,n07590611_2558,n07590611,hotpot,hotpot_vase,0,0,,,0,
n07590611_2572.JPEG,n07590611_2572,n07590611,hotpot,hotpot_vase,1,1,06-11-03,food|spicy|dried hotpot|guizhou|cuisine:|gan guo ju|干锅居|上海|贵州菜肴|shanghai daily photo,10,gan guo-hotpot
n07590611_2581.JPEG,n07590611_2581,n07590611,hotpot,hotpot_vase,0,0,,,0,
n07590611_2594.JPEG,n07590611_2594,n07590611,hotpot,hotpot_vase,1,1,Shabu Shabu - Pot,Mongolian Hot Pot|Hot Pot|Minni's Shabu Shabu|Shabu Shabu|Beef|Clams|Vegetables|Veggies,8,"Went to Minni's Shabu Shabu in Flushing, NY  - The hot pot itself"
n07590611_2630.JPEG,n07590611_2630,n07590611,hotpot,hotpot_vase,0,0,,,0,
n07590611_2657.JPEG,n07590611_2657,n07590611,hotpot,hotpot_vase,0,1,,,0,
n07590611_2786.JPEG,n07590611_2786,n07590611,hotpot,hotpot_vase,1,1,Unagi Yanagawa,Rakuzen|japanese|restaurant|food|delicious|yummy|fresh|unagi|eel|yanagawa|hotpot|egg|big|onion|soup|shallot|hot|spoon,18,
n07590611_2796.JPEG,n07590611_2796,n07590611,hotpot,hotpot_vase,0,0,,,0,
n07590611_2830.JPEG,n07590611_2830,n07590611,hotpot,hotpot_vase,0,1,,,0,
n07590611_2839.JPEG,n07590611_2839,n07590611,hotpot,hotpot_vase,0,1,,,0,
n07590611_2843.JPEG,n07590611_2843,n07590611,hotpot,hotpot_vase,0,1,,,0,
n07590611_2849.JPEG,n07590611_2849,n07590611,hotpot,hotpot_vase,0,1,,,0,
n07590611_2856.JPEG,n07590611_2856,n07590611,hotpot,hotpot_vase,0,0,,,0,
n07590611_2860.JPEG,n07590611_2860,n07590611,hotpot,hotpot_vase,0,1,,,0,
n07590611_2867.JPEG,n07590611_2867,n07590611,hotpot,hotpot_vase,1,1,Yummy hot pot,HotPot,1,
n07590611_2871.JPEG,n07590611_2871,n07590611,hotpot,hotpot_vase,0,0,,,0,
n07590611_2886.JPEG,n07590611_2886,n07590611,hotpot,hotpot_vase,1,0,Turkey Run 2008,GDS|Turkey Run|Claude Moore Colonial Farm|Pot|Stew|Soup|Hot|Cast Iron,8,
n07590611_2904.JPEG,n07590611_2904,n07590611,hotpot,hotpot_vase,1,1,IMG_6457.JPG,Kenka Japanese Restaurant|foodpics,2,"Fish stew (similar to hotpot) with miso base. Salmon, bean sprouts, napa cabbage, and tofu at Kenka (an izakaya on St. Marks)"
n07590611_2917.JPEG,n07590611_2917,n07590611,hotpot,hotpot_vase,1,1,鸳鸯火锅 : 东炎，鸡肉汤 Tom yam and Chicken broth Hot Pot,food|tomyam|hotpot,3,"If you ask any foreigners who have ever visited Thailand about their favourite Thai food, their answers, almost without exception, will be tom yam kung. Tom yam kung, or spicy shrimp soup, is the number one of the top ten Thai dishes loved by foreigners, according to a recent investigation. And in fact, it is one of the most favourite dishes for Thai people as well. It is simply because it is so delicious for its unique sour and spicy taste that you will certainly need it more and more if you try it just once. "
n07590611_2926.JPEG,n07590611_2926,n07590611,hotpot,hotpot_vase,0,0,,,0,
n07590611_2932.JPEG,n07590611_2932,n07590611,hotpot,hotpot_vase,0,1,,,0,
n07590611_2963.JPEG,n07590611_2963,n07590611,hotpot,hotpot_vase,0,0,,,0,
n07590611_2965.JPEG,n07590611_2965,n07590611,hotpot,hotpot_vase,1,1,Birria De Chivo - Goat Stew,Birria|Birria De Chivo|Goat Stew|Goat|Mexican Cuisine,5,"<a href=""http://masaassassin.blogspot.com"" rel=""noreferrer nofollow"">masaassassin.blogspot.com</a>"
n07590611_3001.JPEG,n07590611_3001,n07590611,hotpot,hotpot_vase,0,1,,,0,
n07590611_3018.JPEG,n07590611_3018,n07590611,hotpot,hotpot_vase,1,1,Authentic Sichuan Hotpot,china|sichuan|food,3,"Not hotpot like at all, we don't use the broth to cook anything.  They basically presented this thick broth full of essentially garlic, green onions, and these little bony fish.  We couldn't eat it..."
n07590611_3026.JPEG,n07590611_3026,n07590611,hotpot,hotpot_vase,0,1,,,0,
n07590611_3028.JPEG,n07590611_3028,n07590611,hotpot,hotpot_vase,0,1,,,0,
n07590611_3038.JPEG,n07590611_3038,n07590611,hotpot,hotpot_vase,0,0,,,0,
n07590611_3061.JPEG,n07590611_3061,n07590611,hotpot,hotpot_vase,0,1,,,0,
n07590611_3072.JPEG,n07590611_3072,n07590611,hotpot,hotpot_vase,1,1,Hot Pot Lily,San|Diego|Zoo|etc|animals|Christmas|2008|Hot|Pot|Self|Lily|LaJolla|Pier|digital,14,
n07590611_3082.JPEG,n07590611_3082,n07590611,hotpot,hotpot_vase,0,1,,,0,
n07590611_3126.JPEG,n07590611_3126,n07590611,hotpot,hotpot_vase,1,1,Hotpot Soup,Minnesota|Minneapolis|Hotpot|New Year's Feast|Friends|Olympus|E510|Straight from camera,8,"It is chicken broth with tofu, Chinese cabbage, lotus roots, etc."
n07590611_3129.JPEG,n07590611_3129,n07590611,hotpot,hotpot_vase,0,1,,,0,
n07590611_3135.JPEG,n07590611_3135,n07590611,hotpot,hotpot_vase,0,1,,,0,
n07590611_3155.JPEG,n07590611_3155,n07590611,hotpot,hotpot_vase,0,0,,,0,
n07590611_3158.JPEG,n07590611_3158,n07590611,hotpot,hotpot_vase,1,0,MKV Hotpot,MKV|Waterloo|chinese|food|hotpot|residence|university,7,didn't defrost the beef and they were still sticked together.. screw it.. just dump them all in..
n07590611_3179.JPEG,n07590611_3179,n07590611,hotpot,hotpot_vase,0,0,,,0,
n07590611_3195.JPEG,n07590611_3195,n07590611,hotpot,hotpot_vase,1,1,鸳鸯锅,Taipei|Taiwan|台北|台灣|Taipei Restaurants|hot pot|Taihodien|太和殿麻辣|鸳鸯锅|meatballs|green onions|bowl|geo:lat=25.033295|geo:lon=121.556023|鴛鴦鍋|Yuānyang Guō|geotagged,17,"Divided hot pot from <a href=""http://www.taihodien.com.tw/"" rel=""noreferrer nofollow"">Taihodien Restaurant</a> (太和殿麻辣) <a href=""http://loc.alize.us/#/flickr:3359875611"" rel=""noreferrer nofollow"">along Xinyi Road in Taipei</a>"
n07590611_322.JPEG,n07590611_322,n07590611,hotpot,hotpot_vase,0,1,,,0,
n07590611_3222.JPEG,n07590611_3222,n07590611,hotpot,hotpot_vase,0,0,,,0,
n07590611_3262.JPEG,n07590611_3262,n07590611,hotpot,hotpot_vase,0,0,,,0,
n07590611_3270.JPEG,n07590611_3270,n07590611,hotpot,hotpot_vase,0,1,,,0,
n07590611_3297.JPEG,n07590611_3297,n07590611,hotpot,hotpot_vase,1,1,朝州式鱼头锅 Teochew Fish Hotpot - Yum Cha Inn,Yum Cha Inn|粗茶馆|Glen Waverley|Chinese|Malaysian|food|Teochew|fish|hotpot|soup,10,"朝州式鱼头锅 Teochew Fish Hotpot - Yum Cha Inn AUD28.80  --- Mum wanted to try this relatively new Malaysian Chinese restaurant, Yum Cha Inn. OUr first impressions of the menu was that it was indeed Chinese food with a Malaysian slant, including Thai-style dishes and dishes with belacan.  The 泰式鸡 Thai-Style Chicken had a good Thai-style salad topping with crushed lemongrass, Kaffir Lime Leaves, and I think some Daun Kesom/Vietnamese Mint to give it a Malaysian twist. Given the option, I would have preferred the milder red onions and maybe some bean sprouts for extra crunch. The 朝州式鱼头锅 Teochew Fish Hotpot was a bit of a waste of a good fish soup. You might expect to find a little hint of chilli to pep up a fish soup, but we fished out 3 or 4 whole chillies that made the soup red hot despite the lack of any signs!  The food overall was good, but not fantastic, but I'd probably go back to try their hawker fare, like KL Hokkien Noodles or Fried Kway Teow. We bumped into Chen Chen and Boon Chew a while back after their lunch there one day, and they said they just had yumcha there and wasn't impressed. The food was nothing special and a tad pricey.  And yes, the food, especially the specials are a bit on the high side.  粗茶馆 Yum Cha Inn 269 Springvale Rd Glen Waverley 3150 (03) 9803 5632  Photos: - <a href=""/photos/avlxyz/2194145333/"" rel=""noreferrer nofollow"">Shop front</a> - <a href=""/photos/avlxyz/2930503214/"" rel=""noreferrer nofollow"">Mum, Aunt Lee Geok, Alpha, Julia, Julia's Dad</a> - <a href=""/photos/avlxyz/2930500778/"" rel=""noreferrer nofollow"">龙须豆腐 Dragon Beard Homemade Tofu</a>  - AUD18.80 - <a href=""/photos/avlxyz/2930504008/"" rel=""noreferrer nofollow"">马拉盏双豆 French Beans and Okra with Belacan</a> - AUD15.80 - <a href=""/photos/avlxyz/2930501596/"" rel=""noreferrer nofollow"">泰式鸡 Thai-Style Chicken</a> - AUD15.80 - <a href=""/photos/avlxyz/2929645779/"" rel=""noreferrer nofollow"">朝州式鱼头锅 Teochew Fish Hotpot</a> - AUD28.80 - <a href=""/photos/avlxyz/2930502156/"" rel=""noreferrer nofollow"">椰汁糕 Coconut Pudding</a> - complimentary "
n07590611_3321.JPEG,n07590611_3321,n07590611,hotpot,hotpot_vase,1,1,Dungeness Crab with Kabocha Hot Pot,Kirin|Richmond BC|Crab|Hot Pot,4,
n07590611_3343.JPEG,n07590611_3343,n07590611,hotpot,hotpot_vase,1,1,Chicken hot pot..._1038983,the stove|stove|claypot|chicken|pot|soup|food|Chicken Hot Pot|Novena Square 2|10 sinaran Drive|Novena Square|Restaurant|Asian|Chinese|Shanghainese,15,
n07590611_3352.JPEG,n07590611_3352,n07590611,hotpot,hotpot_vase,1,1,"365 days of dinner, day 45: hotpot soup",christmasweekend|christmas|food|chinesefood|hotpot|huoguo|soup,7,"The finale of my family's Christmas tradition, Mongolian hotpot."
n07590611_3357.JPEG,n07590611_3357,n07590611,hotpot,hotpot_vase,1,1,Hot Pot King,china,1,Hot Pot King
n07590611_3359.JPEG,n07590611_3359,n07590611,hotpot,hotpot_vase,1,1,Hotpot IMG_0062,Chongqing|China|Yangtze|River|city|Hotpot|Spicy|Food,8,
n07590611_3385.JPEG,n07590611_3385,n07590611,hotpot,hotpot_vase,0,0,,,0,
n07590611_3398.JPEG,n07590611_3398,n07590611,hotpot,hotpot_vase,0,0,,,0,
n07590611_3439.JPEG,n07590611_3439,n07590611,hotpot,hotpot_vase,1,0,lancashire hotpot,food|70's|table,3,
n07590611_3469.JPEG,n07590611_3469,n07590611,hotpot,hotpot_vase,1,1,台湾石鍋料理専門店 石鍋料理 健 ＨＥＰナビオ店 Taiwan Hot Pot,台湾鍋|Taiwan|Hot|Pot|台湾|鍋|100V-MAY|100V,8,100V&gt;MY
n07590611_3470.JPEG,n07590611_3470,n07590611,hotpot,hotpot_vase,0,1,,,0,
n07590611_3485.JPEG,n07590611_3485,n07590611,hotpot,hotpot_vase,0,0,,,0,
n07590611_3510.JPEG,n07590611_3510,n07590611,hotpot,hotpot_vase,0,0,,,0,
n07590611_3521.JPEG,n07590611_3521,n07590611,hotpot,hotpot_vase,1,1,hAWt pAWt,beijing|work|hot pot|lunch,4,"Hot pot in beijing.  I got beef, fish balls, spinach and noodles.  I was stuffed."
n07590611_3535.JPEG,n07590611_3535,n07590611,hotpot,hotpot_vase,0,1,,,0,
n07590611_3565.JPEG,n07590611_3565,n07590611,hotpot,hotpot_vase,1,1,Hot Pot,Macau|China|Nikon|Nebulous1|Hot Pot|Cook it yourself|restaurant,7,Very interesting!!!!
n07590611_3575.JPEG,n07590611_3575,n07590611,hotpot,hotpot_vase,0,0,,,0,
n07590611_3582.JPEG,n07590611_3582,n07590611,hotpot,hotpot_vase,0,0,,,0,
n07590611_3587.JPEG,n07590611_3587,n07590611,hotpot,hotpot_vase,1,1,hotpot,hot pot|chinese|spicy food,3,"home-made hotpot.  more pictures and recipes were posted in <a href=""http://www.mealmax.com/icook/2005"" rel=""noreferrer nofollow"">www.mealmax.com/icook/2005</a>"
n07590611_3594.JPEG,n07590611_3594,n07590611,hotpot,hotpot_vase,1,1,Odori: fish roe hotpot,fish roe|chigae|korean hotpot,3,Mmmmm....
n07590611_3603.JPEG,n07590611_3603,n07590611,hotpot,hotpot_vase,1,1,Little Sheep Mongolian Hot Pot,palm|pre,2,"        Palm Pre photo, <a href=""http://posterous.com"" rel=""noreferrer nofollow"">posted via email</a>   from <a href=""http://post.jauderho.com/little-sheep-mongolian-hot-pot"" rel=""noreferrer nofollow"">Jauder Ho's Palm Pre moblog</a> (more details)    "
n07590611_3616.JPEG,n07590611_3616,n07590611,hotpot,hotpot_vase,0,0,,,0,
n07590611_3629.JPEG,n07590611_3629,n07590611,hotpot,hotpot_vase,0,0,,,0,
n07590611_365.JPEG,n07590611_365,n07590611,hotpot,hotpot_vase,0,1,,,0,
n07590611_3666.JPEG,n07590611_3666,n07590611,hotpot,hotpot_vase,1,1,Twin-Side Hot Pot,twin-side hot pot|hot|soup|delicious|yummy|food|dinner|fun|playful|daily|Tainan|Taiwan|SONY DSC P200,13,"台南吃到飽系列的平價麻辣火鍋店就目前來說, &quot;饗宴&quot; 是最好吃的. (天天生意很好還要限制時間不能吃太久) "
n07590611_3673.JPEG,n07590611_3673,n07590611,hotpot,hotpot_vase,0,1,,,0,
n07590611_3677.JPEG,n07590611_3677,n07590611,hotpot,hotpot_vase,0,1,,,0,
n07590611_371.JPEG,n07590611_371,n07590611,hotpot,hotpot_vase,1,1,Budae Jjigae (Korean Army Base Stew) 2,Wandering Chopsticks|Korean|Base|Camp|Stew|Budae|Chigae|Jjigae|Noodles|Ramen|Soup|SPAM,12,"<a href=""http://wanderingchopsticks.blogspot.com/2008/11/budae-jjigae-korean-army-base-stew.html"" rel=""noreferrer nofollow"">wanderingchopsticks.blogspot.com/2008/11/budae-jjigae-kor...</a>"
n07590611_3714.JPEG,n07590611_3714,n07590611,hotpot,hotpot_vase,1,0,Hot Pot,Chinese|New|Year|Hotpot|fish|canon,6,Our Daughter in law is from Taiwan and so we were all invited to Ottawa to celebrate Chinese New Year (Monday.)  Lucky for us the food started at noon and stayed on the table for as long as we were there!  Thanks Peter and Stacy it was great.
n07590611_3724.JPEG,n07590611_3724,n07590611,hotpot,hotpot_vase,0,0,,,0,
n07590611_3745.JPEG,n07590611_3745,n07590611,hotpot,hotpot_vase,1,1,麻辣鴨血,Taiwan|Taipei Restaurants|Gongguan Night Market|hot pot|台灣|台北|麻辣鴨血|得記港式麻辣|公館夜市|spicy|Taipei|geo:lat=25.014463|geo:lon=121.533701|geotagged,14,"Coagulated duck blood soup ready for ladling into a spicy hot pot at 得記港式麻辣, a little restaurant in <a href=""http://loc.alize.us/#/flickr:43491811"" rel=""noreferrer nofollow"">the Gongguan Night Market area of Taipei</a>."
n07590611_3746.JPEG,n07590611_3746,n07590611,hotpot,hotpot_vase,0,0,,,0,
n07590611_3747.JPEG,n07590611_3747,n07590611,hotpot,hotpot_vase,0,1,,,0,
n07590611_3764.JPEG,n07590611_3764,n07590611,hotpot,hotpot_vase,0,0,,,0,
n07590611_3775.JPEG,n07590611_3775,n07590611,hotpot,hotpot_vase,0,0,,,0,
n07590611_3788.JPEG,n07590611_3788,n07590611,hotpot,hotpot_vase,1,1,xmas hotpot,coriya|hotpot|viv|bbq|xmas,5,"we usually have another big family party on xmas, but this year we were treated to hotpot/bbq at coriya. all you can eat!"
n07590611_3812.JPEG,n07590611_3812,n07590611,hotpot,hotpot_vase,0,1,,,0,
n07590611_3814.JPEG,n07590611_3814,n07590611,hotpot,hotpot_vase,1,1,Hot Pot @ Little Sheep,california|san|mateo|lamb|mealball|enoki|hot|pot,8,late night hot pot at Little Sheep Hotpot in San Mateo
n07590611_3841.JPEG,n07590611_3841,n07590611,hotpot,hotpot_vase,0,0,,,0,
n07590611_3874.JPEG,n07590611_3874,n07590611,hotpot,hotpot_vase,0,1,,,0,
n07590611_3893.JPEG,n07590611_3893,n07590611,hotpot,hotpot_vase,0,1,,,0,
n07590611_3898.JPEG,n07590611_3898,n07590611,hotpot,hotpot_vase,0,0,,,0,
n07590611_390.JPEG,n07590611_390,n07590611,hotpot,hotpot_vase,0,0,,,0,
n07590611_3900.JPEG,n07590611_3900,n07590611,hotpot,hotpot_vase,0,1,,,0,
n07590611_3917.JPEG,n07590611_3917,n07590611,hotpot,hotpot_vase,1,1,dirrrty hotpot,hot pot|shabu|japanese|shabuway,4,
n07590611_3962.JPEG,n07590611_3962,n07590611,hotpot,hotpot_vase,0,0,,,0,
n07590611_3994.JPEG,n07590611_3994,n07590611,hotpot,hotpot_vase,0,1,,,0,
n07590611_3999.JPEG,n07590611_3999,n07590611,hotpot,hotpot_vase,1,1,20070518_HotPot_10,Hot Pot|Food|colleague,3,香辣蟹鍋，一鍋二吃。先把炒得香香辣辣的螃蟹嗑完，再請服務生加湯，就是一鍋香香的火鍋嘍~
n07590611_4010.JPEG,n07590611_4010,n07590611,hotpot,hotpot_vase,0,0,,,0,
n07590611_4057.JPEG,n07590611_4057,n07590611,hotpot,hotpot_vase,0,0,,,0,
n07590611_4066.JPEG,n07590611_4066,n07590611,hotpot,hotpot_vase,0,1,,,0,
n07590611_4095.JPEG,n07590611_4095,n07590611,hotpot,hotpot_vase,0,0,,,0,
n07590611_4104.JPEG,n07590611_4104,n07590611,hotpot,hotpot_vase,0,1,,,0,
n07590611_4143.JPEG,n07590611_4143,n07590611,hotpot,hotpot_vase,1,1,"yin-yang hot pot, tripod king",food|traveling|taipei|taiwan|tripod king|hotpot|yin yang pot,7,"half spicy (ma la-- spicy soup, with tofu &amp;pork blood) and half sour (sour soup, sour cabbage &amp; pork).  this is a common enough type of hot pot in taiwan, but I think this store does the sour side especially well.    in case you're wondering, no, I've never been able to get myself to really like the pork blood, and we usually ask them to leave it out.  guess I'm too american for that.  :)  this was originally a taichung chain, that opened up in taipei fairly recently.  when we lived in taichung, it was our favorite &quot;more upscale&quot; place to eat, and we called it &quot;nice hot pot&quot;.  imagine my joy when I found out that they had opened up a taipei branch.  (thanks, <a href=""http://www.flickr.com/people/yusheng/"">yusheng</a>!)  <a href=""http://www.tripodking.com.tw/"" rel=""noreferrer nofollow"">www.tripodking.com.tw/</a> "
n07590611_4158.JPEG,n07590611_4158,n07590611,hotpot,hotpot_vase,0,0,,,0,
n07590611_4170.JPEG,n07590611_4170,n07590611,hotpot,hotpot_vase,0,0,,,0,
n07590611_4215.JPEG,n07590611_4215,n07590611,hotpot,hotpot_vase,1,0,Que Huong - Catfish Hot Pot,,0,The best part is the pork belly on the bottom!
n07590611_4272.JPEG,n07590611_4272,n07590611,hotpot,hotpot_vase,0,1,,,0,
n07590611_4292.JPEG,n07590611_4292,n07590611,hotpot,hotpot_vase,1,1,hotpot beef,hangzhou|beef|hotpot|cny|2008,5,at 一茶一坐
n07590611_4302.JPEG,n07590611_4302,n07590611,hotpot,hotpot_vase,0,0,,,0,
n07590611_4341.JPEG,n07590611_4341,n07590611,hotpot,hotpot_vase,0,0,,,0,
n07590611_4379.JPEG,n07590611_4379,n07590611,hotpot,hotpot_vase,0,1,,,0,
n07590611_4404.JPEG,n07590611_4404,n07590611,hotpot,hotpot_vase,0,1,,,0,
n07590611_4429.JPEG,n07590611_4429,n07590611,hotpot,hotpot_vase,1,1,Thai Style Hot Pot,taiwan|hukou|thai|hotpot|food|friends|Friends/Shao-hui|Food/local cuisine|Taiwan/Hukou,9,Friends gather for a Thai style hot pot next door to Shao-hui's place.
n07590611_4440.JPEG,n07590611_4440,n07590611,hotpot,hotpot_vase,0,0,,,0,
n07590611_45.JPEG,n07590611_45,n07590611,hotpot,hotpot_vase,0,1,,,0,
n07590611_4524.JPEG,n07590611_4524,n07590611,hotpot,hotpot_vase,0,0,,,0,
n07590611_4537.JPEG,n07590611_4537,n07590611,hotpot,hotpot_vase,1,1,"Carrot, potato and bay leaves beef stew-1-6000 copy",,0,"Beef stewed with carrot, potato, onion and bay leaves, seasoned with tomato ketchup, crushed black pepper corn, garlic (whole cloves), Worcestershire sauce, sea salt and organic cane sugar. Stewed all ingredients in hotpot for 2 hours. Tasted delicious with the meat tenderly soft and sweet. "
n07590611_4547.JPEG,n07590611_4547,n07590611,hotpot,hotpot_vase,0,0,,,0,
n07590611_4549.JPEG,n07590611_4549,n07590611,hotpot,hotpot_vase,1,0,Cook & Hotpot 029,Cook & Hotpot,1,
n07590611_4550.JPEG,n07590611_4550,n07590611,hotpot,hotpot_vase,0,1,,,0,
n07590611_4574.JPEG,n07590611_4574,n07590611,hotpot,hotpot_vase,0,0,,,0,
n07590611_4592.JPEG,n07590611_4592,n07590611,hotpot,hotpot_vase,0,1,,,0,
n07590611_4605.JPEG,n07590611_4605,n07590611,hotpot,hotpot_vase,0,0,,,0,
n07590611_4641.JPEG,n07590611_4641,n07590611,hotpot,hotpot_vase,0,1,,,0,
n07590611_4657.JPEG,n07590611_4657,n07590611,hotpot,hotpot_vase,1,1,June 28 2009 part 1,,0,"Each Sunday night, Alex makes the main course, and I make dessert.  We are enjoying the challenge of trying new recipes.  This beef &amp; beer hotpot was quite nice, but other stews he has made were a bit nicer."
n07590611_4672.JPEG,n07590611_4672,n07590611,hotpot,hotpot_vase,0,0,,,0,
n07590611_4680.JPEG,n07590611_4680,n07590611,hotpot,hotpot_vase,1,1,Hot Pot 2,pot|chicken|pilau|rice,4,We made a Chicken Pilau - the cookware is organic but the food isn't.
n07590611_4700.JPEG,n07590611_4700,n07590611,hotpot,hotpot_vase,0,1,,,0,
n07590611_4714.JPEG,n07590611_4714,n07590611,hotpot,hotpot_vase,1,1,Sausage Hotpot,d80|nikond80|sausagehotpot|hotpot|cooking,5,yummy!
n07590611_4738.JPEG,n07590611_4738,n07590611,hotpot,hotpot_vase,1,1,Brazilian Black Bean Stew,,0,Add mango to the pot and simmer for another 1 minute.
n07590611_4749.JPEG,n07590611_4749,n07590611,hotpot,hotpot_vase,0,0,,,0,
n07590611_4848.JPEG,n07590611_4848,n07590611,hotpot,hotpot_vase,0,1,,,0,
n07590611_4860.JPEG,n07590611_4860,n07590611,hotpot,hotpot_vase,1,1,"Spicy and Non-spicy Soup Hotpot - Little Lamb Mongolian Hotpot, Box Hill",food|casio|exilim|z850|hotpot|steamboat,6,"Little Lamb Mongolian Hot Pot Whitehorse Road, Box Hill  AUD20 All-You-Can-Eat including entree/appetizers, hotpot and desserts.  Julia and I were amused that they used dried whole longans in the soup, presumably to add some sweetness! After cooking, we peeled a few to eat the sweet flesh inside! :)  - <a href=""http://www.flickr.com/photos/avlxyz/540135813/"">Lamb Skewers</a> - <a href=""/photos/avlxyz/540023234/"" rel=""noreferrer nofollow"">Condiments</a> - <a href=""/photos/avlxyz/540024394/"" rel=""noreferrer nofollow"">Spicy and Non-spicy Soup Hotpot</a> - <a href=""/photos/avlxyz/540024840/"" rel=""noreferrer nofollow"">Pancakes with Red Bean and Taro Paste and Sweet Glutinuous Rice Flour Dumplings with Peanut and Sesame Paste</a> - <a href=""/photos/avlxyz/540134771/"" rel=""noreferrer nofollow"">Decor</a> - <a href=""/photos/avlxyz/473450963/"" rel=""noreferrer nofollow"">Opening Specials</a> - <a href=""/photos/avlxyz/453896796/"" rel=""noreferrer nofollow"">Little Lamb Mongolian Hotpot shopfront</a>"
n07590611_4863.JPEG,n07590611_4863,n07590611,hotpot,hotpot_vase,0,1,,,0,
n07590611_4893.JPEG,n07590611_4893,n07590611,hotpot,hotpot_vase,1,1,"Little Tokyo, Los Angeles",Little|Tokyo|Los|Angeles|los angeles|la|california|sushi|bar|go|55|sushi go 55|go 55|japanese|authentic|Matsutake|mushroom|hot|pot|soup|shrimp|white|fish|food|comida|stew|steamed|kettle|dobin|Yamato|Dobinmushi|mitsuba|leaf|Little Tokyo Shopping Center|lime|limon|slice|rebanada|citrus|citrico|gamba,41,Matsutake mushroom hot pot soup
n07590611_4896.JPEG,n07590611_4896,n07590611,hotpot,hotpot_vase,1,0,Hot Pot,hot|pot|Chongqing|China|fondue|food|culinary,7,Chongqing's famous dish. Sort of  Chinese fondue: you dip raw ingredients in spicy boiling pot of  oil or water
n07590611_4915.JPEG,n07590611_4915,n07590611,hotpot,hotpot_vase,1,1,Amrose Restaurant,,0,小肥羊鴛鴦鍋 All You Can Eat Hot Pot ($12.96/person)
n07590611_4922.JPEG,n07590611_4922,n07590611,hotpot,hotpot_vase,0,1,,,0,
n07590611_4931.JPEG,n07590611_4931,n07590611,hotpot,hotpot_vase,1,0,Picture 031,Hong Kong|Hot Pot,2,Hot Pot eating!
n07590611_4938.JPEG,n07590611_4938,n07590611,hotpot,hotpot_vase,0,0,,,0,
n07590611_4966.JPEG,n07590611_4966,n07590611,hotpot,hotpot_vase,0,0,,,0,
n07590611_4992.JPEG,n07590611_4992,n07590611,hotpot,hotpot_vase,0,0,,,0,
n07590611_5001.JPEG,n07590611_5001,n07590611,hotpot,hotpot_vase,1,1,Lamb Hot Pot,Co Po Lo|Houston|Texas|lamb|lamb hot pot|hot pot|Shanghai Chinese Restaurant|cilantro|food|Houston restaurants|InternationalFood|geo:lat=29.706524|geo:lon=-95.544024|geotagged,14,"Shanghai Chinese Restaurant (formerly Co Po Lo)  <a href=""http://loc.alize.us/#/flickr:3067342"" rel=""noreferrer nofollow"">9116 Bellaire Boulevard</a>, Open 7 Days a Week  Houston, Texas"
n07590611_5010.JPEG,n07590611_5010,n07590611,hotpot,hotpot_vase,0,1,,,0,
n07590611_5011.JPEG,n07590611_5011,n07590611,hotpot,hotpot_vase,1,1,hot pot,food|hot pot,2,
n07590611_5040.JPEG,n07590611_5040,n07590611,hotpot,hotpot_vase,0,1,,,0,
n07590611_5060.JPEG,n07590611_5060,n07590611,hotpot,hotpot_vase,0,0,,,0,
n07590611_5084.JPEG,n07590611_5084,n07590611,hotpot,hotpot_vase,0,0,,,0,
n07590611_5089.JPEG,n07590611_5089,n07590611,hotpot,hotpot_vase,1,1,Our Hot Pot ^_^,Koinonia|fellowship|hot pot|Seattle Chinese Alliance Church|food|fun|delicious,7,
n07590611_5092.JPEG,n07590611_5092,n07590611,hotpot,hotpot_vase,0,0,,,0,
n07590611_5093.JPEG,n07590611_5093,n07590611,hotpot,hotpot_vase,0,0,,,0,
n07590611_5126.JPEG,n07590611_5126,n07590611,hotpot,hotpot_vase,1,1,Hot Pot Bugis XD~,,0,We had hot pot after I passed the exam XD~ One of the most famous things in Bugis :* Love this ^^~
n07590611_5139.JPEG,n07590611_5139,n07590611,hotpot,hotpot_vase,1,1,Japanese Hot Pot with lots of vegetables,vancouver|bc|canada|hot|pot|posh|broadway,7,"Posh in Vancouver, Sukiyaki  Japanese Hot Pot"
n07590611_5149.JPEG,n07590611_5149,n07590611,hotpot,hotpot_vase,0,1,,,0,
n07590611_5171.JPEG,n07590611_5171,n07590611,hotpot,hotpot_vase,0,0,,,0,
n07590611_5181.JPEG,n07590611_5181,n07590611,hotpot,hotpot_vase,0,0,,,0,
n07590611_5192.JPEG,n07590611_5192,n07590611,hotpot,hotpot_vase,0,0,,,0,
n07590611_5253.JPEG,n07590611_5253,n07590611,hotpot,hotpot_vase,1,1,Hot Pot,Hong Kong|2007,2,"There's beef, corn on the cob, fish, fish balls, etc. in this hot pot. "
n07590611_5262.JPEG,n07590611_5262,n07590611,hotpot,hotpot_vase,0,1,,,0,
n07590611_5275.JPEG,n07590611_5275,n07590611,hotpot,hotpot_vase,1,1,Seafood Hot Pot,Vietnam,1,"Her er en af vietnamesernes yndlingsretter. Det er en gryde, en saakaldt hot pot, der staar og koger paa bordet og hvor man saa selv tilsaetter diverse fisk og skalddyr plus urter, groentsager og nudler. Vi har vaennet os til det og efterhaanden smager det faktisk godt, men i starten var det meget maerkeligt. Det var selvfoelgelig ogsaa en del af menuen til Daos foedselsdagsmiddag."
n07590611_5277.JPEG,n07590611_5277,n07590611,hotpot,hotpot_vase,1,0,Hot Pot 4,"hot pot, fire pot|Cam|Grandma|Michelle",4,
n07590611_528.JPEG,n07590611_528,n07590611,hotpot,hotpot_vase,0,1,,,0,
n07590611_5309.JPEG,n07590611_5309,n07590611,hotpot,hotpot_vase,1,1,pork and greens hot pot,nabe|hot pot|Japanese,3,
n07590611_5310.JPEG,n07590611_5310,n07590611,hotpot,hotpot_vase,1,1,SFX Choir Hot Pot 2007 009,SFX|Hot|Pot,3,
n07590611_5329.JPEG,n07590611_5329,n07590611,hotpot,hotpot_vase,0,0,,,0,
n07590611_5335.JPEG,n07590611_5335,n07590611,hotpot,hotpot_vase,0,1,,,0,
n07590611_535.JPEG,n07590611_535,n07590611,hotpot,hotpot_vase,0,1,,,0,
n07590611_5364.JPEG,n07590611_5364,n07590611,hotpot,hotpot_vase,1,1,Soon Doo Boo - Han Guuk Guan Korean,Han Guuk Guan|Korean|food|Melbourne|Soon doo boo|beancurd|tofu|hotpot|sundubu|jjigae|Sundubu jjigae|stew,12,"Soon Doo Boo - Han Guuk Guan Korean AUD13 --- Hong had been raving about this good value Korean place at the top of Exhibition Street, so Mei, Peter, Julia and I decided to check it out one Friday evening.  Everything seemed rather Korean, down to a waiter who spoke halting English, but we managed to order anyway. Only after we'd ordered did we realise that he was trying to describe that the bulgogi we ordered was cooked in the kitchen. If we wanted to grill it ourselves, we had to moved upstairs. No matter, we didn't feel like lifting a finger anyway ;)  Interestingly, the other waiter spoke very good English! Go figure.  The food was quite good, and the serves were huge! And the price was slightly higher as well.  I think I still prefer the home-style Let's Bap for Korean :)  Han Guuk Guan 13A Victoria St, Melbourne near the corner of Exhibition St Tel:03-9639-1747  Blog entries: - <a href=""http://sweetnov86.blogspot.com/2008/01/happy-22nd-birthday-khy-lynn.html"" rel=""noreferrer nofollow"">Happy 22nd Birthday, Khy Lynn! - Sweet Like Chocolate 2008.01.03</a> - <a href=""http://willwen.blogspot.com/2007/10/han-guk-guan.html"" rel=""noreferrer nofollow"">Han Guk Guan - Married for life (in Melbourne West) 2007.10.19</a> - <a href=""http://tororrie.blog61.fc2.com/blog-date-20060930.html"" rel=""noreferrer nofollow"">Han Guuk Guan - Tororrie 2006.09.30</a>  Photos: - <a href=""http://www.flickr.com/photos/avlxyz/2271422454/"">Soon Doo Boo</a> - <a href=""http://www.flickr.com/photos/avlxyz/2270628017/"">Sweet and Spicy Chicken</a> - <a href=""http://www.flickr.com/photos/avlxyz/2270627141/"">Banchan</a> - <a href=""http://www.flickr.com/photos/avlxyz/2270626453/"">Mandoo</a> - <a href=""http://www.flickr.com/photos/avlxyz/2271419218/"">Han Guuk Guan shop front</a> - <a href=""http://www.flickr.com/photos/avlxyz/2271418568/"">Beef Bulgogi</a>  "
n07590611_5369.JPEG,n07590611_5369,n07590611,hotpot,hotpot_vase,1,1,PT's Hot Pot,BCEC|Hot Pot,2,
n07590611_5382.JPEG,n07590611_5382,n07590611,hotpot,hotpot_vase,1,1,rice ball hot pot,food|cooking|japanese|hot pot|soup,5,
n07590611_5387.JPEG,n07590611_5387,n07590611,hotpot,hotpot_vase,1,1,MMM Hot Pot,,0,Aya enjoying the blowfish hot pot.
n07590611_5395.JPEG,n07590611_5395,n07590611,hotpot,hotpot_vase,0,0,,,0,
n07590611_5396.JPEG,n07590611_5396,n07590611,hotpot,hotpot_vase,1,1,Hot pot,life,1,hot pot
n07590611_5411.JPEG,n07590611_5411,n07590611,hotpot,hotpot_vase,0,0,,,0,
n07590611_5421.JPEG,n07590611_5421,n07590611,hotpot,hotpot_vase,0,1,,,0,
n07590611_5429.JPEG,n07590611_5429,n07590611,hotpot,hotpot_vase,0,1,,,0,
n07590611_5441.JPEG,n07590611_5441,n07590611,hotpot,hotpot_vase,0,1,,,0,
n07590611_5442.JPEG,n07590611_5442,n07590611,hotpot,hotpot_vase,0,0,,,0,
n07590611_5462.JPEG,n07590611_5462,n07590611,hotpot,hotpot_vase,0,1,,,0,
n07590611_548.JPEG,n07590611_548,n07590611,hotpot,hotpot_vase,0,0,,,0,
n07590611_5480.JPEG,n07590611_5480,n07590611,hotpot,hotpot_vase,1,1,Rice Vermicelli & Beef with Satay Sauce in Hot Pot @ S.W. Seafood & BBQ Restaurant,,0,沙茶肥牛粉絲煲 Rice Vermicelli &amp; Beef with Satay Sauce in Hot Pot ($11.95)
n07590611_5483.JPEG,n07590611_5483,n07590611,hotpot,hotpot_vase,1,1,kimchi hot pot,london|food|korean|assa|kimchi hotpot|hotpot,6,"warming and delicious, with a kick. we ordered the kimchi hot pot with marinated beef, and it also comes with various ingredients - tofu, mushrooms, radish, courgette, cabbage, and vermicelli noodles.  <a href=""http://tastytreats.wordpress.com/2007/07/30/assa-korean-cafe/"" rel=""noreferrer nofollow"">tastytreats.wordpress.com/2007/07/30/assa-korean-cafe/</a>"
n07590611_5497.JPEG,n07590611_5497,n07590611,hotpot,hotpot_vase,1,1,Shanghai Litte Sheep Hot Pot with Irene Simkin,China|Shanghai|Little Sheep|Restaurant|Hot Pot|Irene Simkin|Jones Yan,7,
n07590611_5508.JPEG,n07590611_5508,n07590611,hotpot,hotpot_vase,1,1,dinner @ hot pot city,christmas|eve|hot|pot|city,5,
n07590611_5523.JPEG,n07590611_5523,n07590611,hotpot,hotpot_vase,1,1,hot pot,hot|pot|city|food,4,
n07590611_5524.JPEG,n07590611_5524,n07590611,hotpot,hotpot_vase,1,1,Bloody Hot Pot,china|chengdu|j:chengdu,3,"Look at that chilli. Luckily for us they could see that we were of the foreign kind, so they gave us a not so hot pot aswell."
n07590611_5532.JPEG,n07590611_5532,n07590611,hotpot,hotpot_vase,0,1,,,0,
n07590611_5581.JPEG,n07590611_5581,n07590611,hotpot,hotpot_vase,0,1,,,0,
n07590611_5614.JPEG,n07590611_5614,n07590611,hotpot,hotpot_vase,0,1,,,0,
n07590611_5637.JPEG,n07590611_5637,n07590611,hotpot,hotpot_vase,1,1,hotpot,hotpot|food,2,two different broths!
n07590611_5671.JPEG,n07590611_5671,n07590611,hotpot,hotpot_vase,1,1,Hot pot,hot pot|pot|dinner|supper|evening meal|meal,6,
n07590611_5681.JPEG,n07590611_5681,n07590611,hotpot,hotpot_vase,1,1,Hot Pot,Mailified,1,Yummy hot pot in the Seattle I.D.
n07590611_569.JPEG,n07590611_569,n07590611,hotpot,hotpot_vase,0,1,,,0,
n07590611_573.JPEG,n07590611_573,n07590611,hotpot,hotpot_vase,0,0,,,0,
n07590611_5743.JPEG,n07590611_5743,n07590611,hotpot,hotpot_vase,0,0,,,0,
n07590611_5754.JPEG,n07590611_5754,n07590611,hotpot,hotpot_vase,0,1,,,0,
n07590611_5757.JPEG,n07590611_5757,n07590611,hotpot,hotpot_vase,0,1,,,0,
n07590611_5761.JPEG,n07590611_5761,n07590611,hotpot,hotpot_vase,1,1,Hot Pot!,Hot Pot|chinese|food|lamb|delicious|sichuan,6,
n07590611_5762.JPEG,n07590611_5762,n07590611,hotpot,hotpot_vase,0,1,,,0,
n07590611_5768.JPEG,n07590611_5768,n07590611,hotpot,hotpot_vase,1,1,Yummy Hot Pot Dinner,hot pot|king|food|china|delicacies|weird|strange|unusual,8,
n07590611_5771.JPEG,n07590611_5771,n07590611,hotpot,hotpot_vase,0,1,,,0,
n07590611_5774.JPEG,n07590611_5774,n07590611,hotpot,hotpot_vase,0,0,,,0,
n07590611_5776.JPEG,n07590611_5776,n07590611,hotpot,hotpot_vase,1,1,Shanghai Litte Sheep Hot Pot with Irene Simkin,China|Shanghai|Little Sheep|Restaurant|Hot Pot|Irene Simkin|Jones Yan,7,
n07590611_5778.JPEG,n07590611_5778,n07590611,hotpot,hotpot_vase,0,0,,,0,
n07590611_5785.JPEG,n07590611_5785,n07590611,hotpot,hotpot_vase,0,0,,,0,
n07590611_5813.JPEG,n07590611_5813,n07590611,hotpot,hotpot_vase,1,1,chicken hot pot with flame,chicken|hot|pot|food,4,
n07590611_5824.JPEG,n07590611_5824,n07590611,hotpot,hotpot_vase,1,1,milk and veg hot pot,hot pot|milk|vegetable|寬心園|Easy house|vegetarian,6,
n07590611_5843.JPEG,n07590611_5843,n07590611,hotpot,hotpot_vase,0,1,,,0,
n07590611_5844.JPEG,n07590611_5844,n07590611,hotpot,hotpot_vase,0,0,,,0,
n07590611_5849.JPEG,n07590611_5849,n07590611,hotpot,hotpot_vase,1,1,hot pot of delight!,mobile|hot pot|Buford Hwy|BBQ Corner II,4,"w/ seafood, pork and tofu"
n07590611_585.JPEG,n07590611_585,n07590611,hotpot,hotpot_vase,0,0,,,0,
n07590611_5856.JPEG,n07590611_5856,n07590611,hotpot,hotpot_vase,0,1,,,0,
n07590611_5863.JPEG,n07590611_5863,n07590611,hotpot,hotpot_vase,1,1,Frog Hot Pot!,frog|hot|pot|China|food,5,
n07590611_5869.JPEG,n07590611_5869,n07590611,hotpot,hotpot_vase,1,1,Hot pot!,hot pot|guloudajie|beijing|china,4,At a restaurant near Guloudajie.
n07590611_5874.JPEG,n07590611_5874,n07590611,hotpot,hotpot_vase,0,0,,,0,
n07590611_5890.JPEG,n07590611_5890,n07590611,hotpot,hotpot_vase,1,1,The Chicken pot stirred fried - IMG_2319,the stove|stove|claypot|chicken|pot|food|Chicken Hot Pot|Shenton way|Temasek Tower|8 Shenton Way|Restaurant|Asian|chinese|Shanghainese|Canon|Canon IXUS 80 IS|IXUS 80 IS|Point and Shoot|IXUS 80,19,
n07590611_590.JPEG,n07590611_590,n07590611,hotpot,hotpot_vase,1,1,stewy goodness,vegetable|stew|food|yum,4,"Vegetable Stew  1/3 of a medium turnip 4 middling sized carrots 4 stalks celery 2 large red potatoes 1 small acorn squash 1/4 of a large vidalia onion Cut up and throw into a dutch oven with peas green beans corn  Make veg broth with 1 TB &quot;better than bullion&quot; and 3 cups hot water, pour into pot Season with salt, pepper, Bell's, rosemary &amp; garlic Cover and put into 350 degree oven When carrots are softish take out 1 cup of broth, add 2 TB flour and 2 TB butter. Mix until smooth and add back into the pot. Stir until combined with the rest of the liquid, don't over stir or you will have veg mush. Turn off oven and put pot back in for another 1/2 hour or so until the broth has thickened.  EAT!"
n07590611_5904.JPEG,n07590611_5904,n07590611,hotpot,hotpot_vase,1,1,Hotpot Dinner,food|hotpot|Hotpot City|Milpitas|California,5,"Hotpot City Milpitas, CA"
n07590611_5909.JPEG,n07590611_5909,n07590611,hotpot,hotpot_vase,1,1,Sichuan hot pot 2,Sichuan hot pot|Chinese|food|cooking|recipes|World Foodie Guide,6,"<a href=""http://www.worldfoodieguide.com"" rel=""noreferrer nofollow"">www.worldfoodieguide.com</a>"
n07590611_5914.JPEG,n07590611_5914,n07590611,hotpot,hotpot_vase,0,1,,,0,
n07590611_5920.JPEG,n07590611_5920,n07590611,hotpot,hotpot_vase,0,1,,,0,
n07590611_5923.JPEG,n07590611_5923,n07590611,hotpot,hotpot_vase,1,1,Lunch at Mon Land Hot Pot City,California|Chinese Cuisine|Chinese Hot Pot|Mon Land Hot Pot City|Northern Chinese Cuisine|restaurant|San Gabriel|soup|USA,9,Adding the chrysanthemum leaves.
n07590611_595.JPEG,n07590611_595,n07590611,hotpot,hotpot_vase,1,1,Hot Pot,,0,Japanese stew and noodles
n07590611_5969.JPEG,n07590611_5969,n07590611,hotpot,hotpot_vase,1,1,Hot pot,,0,Nothing says Thanksgiving with Asians like hot pot.
n07590611_597.JPEG,n07590611_597,n07590611,hotpot,hotpot_vase,0,1,,,0,
n07590611_5972.JPEG,n07590611_5972,n07590611,hotpot,hotpot_vase,1,1,Zhen at hot pot restaurant in Toronto,,0,"9:33 PM Friday, June 30, 2006 Zhen at hot pot restaurant in Toronto"
n07590611_5989.JPEG,n07590611_5989,n07590611,hotpot,hotpot_vase,0,0,,,0,
n07590611_5993.JPEG,n07590611_5993,n07590611,hotpot,hotpot_vase,0,1,,,0,
n07590611_60.JPEG,n07590611_60,n07590611,hotpot,hotpot_vase,0,0,,,0,
n07590611_6005.JPEG,n07590611_6005,n07590611,hotpot,hotpot_vase,1,1,IMG_0080,beijing|china|hotpot|food|sauce|北京|中国,7,"Eating Hotpot - Beijing, China"
n07590611_6014.JPEG,n07590611_6014,n07590611,hotpot,hotpot_vase,1,1,[42/365] Hot Pot!,Canon EF 50mm f/1.8 II|project365,2,"One of the best ways to get to know people is to serve with them.  Definitely very appreciative of Wendy and the rest of the juniors for organizing this event, letting us come over and serve the seniors in a massive night of hot pot, fried rice and dumplings.  It was a lot of cooking, cleaning and telling seniors they're not allowed to help, but in the end our hope was to show some love to those who have spent so much of their time leading us, teaching us or just hanging out.  Pulling together as the junior class was quite an experience also -- we haven't been able to hang out and such as a class in a while.  T'was a good sabbath.  Got to play some basketball aftewards, and it feels good to break a sweat and exercise.  Hopefully it's a good start to the rest of the week."
n07590611_6034.JPEG,n07590611_6034,n07590611,hotpot,hotpot_vase,1,1,The Colonel's Got Nothing on This.,taiwan|hot pot,2,"The. best. hot pot. ever. My cousin forewarned us that once we tasted this, we wouldn't ever crave other hot pots again. 26+ different herbs and spices were used in the soup on the left-hand side...whoo-whee! The best food (or anything for that matter) leaves you in a sweat and craving for more...this is it, folks!"
n07590611_6062.JPEG,n07590611_6062,n07590611,hotpot,hotpot_vase,1,1,P9040693,Kaohsiung|Ma|La|Hot|Pot,5,Hot Pot (Kaohsiung)
n07590611_6065.JPEG,n07590611_6065,n07590611,hotpot,hotpot_vase,1,1,our pot!,food|momo paradise|cs2005|美食|hot pot|Sukiyaki|壽喜燒|nccucs,8,
n07590611_6069.JPEG,n07590611_6069,n07590611,hotpot,hotpot_vase,0,1,,,0,
n07590611_6072.JPEG,n07590611_6072,n07590611,hotpot,hotpot_vase,0,1,,,0,
n07590611_6075.JPEG,n07590611_6075,n07590611,hotpot,hotpot_vase,0,1,,,0,
n07590611_6084.JPEG,n07590611_6084,n07590611,hotpot,hotpot_vase,1,1,dog meat hot pot,korea|seoul|2006|2007|holiday|trip|dog|meat|hot|pot,10,
n07590611_612.JPEG,n07590611_612,n07590611,hotpot,hotpot_vase,0,1,,,0,
n07590611_6136.JPEG,n07590611_6136,n07590611,hotpot,hotpot_vase,0,1,,,0,
n07590611_6137.JPEG,n07590611_6137,n07590611,hotpot,hotpot_vase,1,1,Wonton and Beef Stew Noodle Soup,Tasty Garden|Arcadia|Restaurant|California|Cafe|Cantonese|Hong Kong Style Cafe|Eat. Travel. Eat!,8,
n07590611_6139.JPEG,n07590611_6139,n07590611,hotpot,hotpot_vase,1,1,Chicken feet and beef tendon hot pot 018,hot pot|chicken feet|bef tendon|soup|chicken,5,Hot pot prep
n07590611_6146.JPEG,n07590611_6146,n07590611,hotpot,hotpot_vase,1,1,Spicy Hot Pot,food|spicy|hot pot|chinese|canon|sx100is,6,Planned to goto Canberra today.  Unfortunately it rained the whole day and the weather forecast said it will rain till Monday.  So we cancelled the trip and stayed at home.  In the afternoon we went out and got some soup base and ingredients with some nice beef for Sichuan Spicy Hotpot.  It tasted wonderful :D
n07590611_6148.JPEG,n07590611_6148,n07590611,hotpot,hotpot_vase,1,1,IMG_9740,Beijing 2008|Hot Pot|Huo Guo (火锅)|Turtle,4,"At an all-you-can-eat all-you-can-drink hot pot place in Beijing that was less than $8USD. However, my Canadian friend and I arrived there a little late and wasn't aware that that 10pm closing time means everyone is out the door and all lights turn off at 10pm exactly. Therefore, we had to scarf down as much as we could towards the end of the meal. This here is a picture of the complementary turtle that they dumped into the hot pot without asking. The turtle was not that bad, but nothing to rave about. "
n07590611_6154.JPEG,n07590611_6154,n07590611,hotpot,hotpot_vase,0,0,,,0,
n07590611_6165.JPEG,n07590611_6165,n07590611,hotpot,hotpot_vase,1,1,Grand Honour Hot Pot - Roland in Vancouver (136),cameraphone|n91|nokia|nokiabloggerrelations|rolandtanglaophoto|thankyouandyabramson|thankyounokiaforthetrialphone|vancouver|ShoZu|food|chinese|restaurant|hotpot|grandhonourhotpot|granville,15,"more info: <a href=""http://www.vaneats.com/reviews/restaurants/grand.honour.hot.pot"" rel=""noreferrer nofollow"">www.vaneats.com/reviews/restaurants/grand.honour.hot.pot</a> - Taken at 3:39 AM on July 22, 2006; cameraphone upload by ShoZu"
n07590611_6185.JPEG,n07590611_6185,n07590611,hotpot,hotpot_vase,0,0,,,0,
n07590611_6194.JPEG,n07590611_6194,n07590611,hotpot,hotpot_vase,0,0,,,0,
n07590611_6212.JPEG,n07590611_6212,n07590611,hotpot,hotpot_vase,0,0,,,0,
n07590611_6246.JPEG,n07590611_6246,n07590611,hotpot,hotpot_vase,0,1,,,0,
n07590611_6255.JPEG,n07590611_6255,n07590611,hotpot,hotpot_vase,0,0,,,0,
n07590611_6263.JPEG,n07590611_6263,n07590611,hotpot,hotpot_vase,0,0,,,0,
n07590611_6274.JPEG,n07590611_6274,n07590611,hotpot,hotpot_vase,0,0,,,0,
n07590611_6298.JPEG,n07590611_6298,n07590611,hotpot,hotpot_vase,0,1,,,0,
n07590611_6299.JPEG,n07590611_6299,n07590611,hotpot,hotpot_vase,1,1,Spicy Hot Ox tail pot,,0,"麻辣牛尾 HKD$88, AI=AAAa, Super spicy hot pot, it came really late, we already so full, once you start to have the first one, you can't really stop. 味濃夠辣下飯一流, 火候剛剛好, 可息太遲上菜, 未能盡吃 :)"
n07590611_630.JPEG,n07590611_630,n07590611,hotpot,hotpot_vase,0,0,,,0,
n07590611_6318.JPEG,n07590611_6318,n07590611,hotpot,hotpot_vase,0,0,,,0,
n07590611_6340.JPEG,n07590611_6340,n07590611,hotpot,hotpot_vase,1,1,Seafood with Celery in Hot Pot @ Sam Woo BBQ,,0,西芹海中寶 Seafood with Celery in Hot Pot ($9.95)
n07590611_6344.JPEG,n07590611_6344,n07590611,hotpot,hotpot_vase,0,0,,,0,
n07590611_6354.JPEG,n07590611_6354,n07590611,hotpot,hotpot_vase,0,0,,,0,
n07590611_6360.JPEG,n07590611_6360,n07590611,hotpot,hotpot_vase,1,1,Chong Qing Hot Pot @ Chong Qing Mei Wei Szechwan Restaurant,,0,重慶小火鍋 Chong Qing Hot Pot ($14.99)
n07590611_6363.JPEG,n07590611_6363,n07590611,hotpot,hotpot_vase,0,1,,,0,
n07590611_6371.JPEG,n07590611_6371,n07590611,hotpot,hotpot_vase,0,0,,,0,
n07590611_6423.JPEG,n07590611_6423,n07590611,hotpot,hotpot_vase,1,1,DSC08879,hotpot|karaoke|XE|berkeley|UCB|UC Berkeley,6,"Chi Epsilon Hotpot Dinner and Karaoke!  November 6, 2009."
n07590611_6429.JPEG,n07590611_6429,n07590611,hotpot,hotpot_vase,0,0,,,0,
n07590611_6438.JPEG,n07590611_6438,n07590611,hotpot,hotpot_vase,1,0,Szechuan hot pot,,0,"Szechuan &quot;má là&quot; (hot pot), Chengdu, China. fish-head on one side, spicy oil on the other."
n07590611_6447.JPEG,n07590611_6447,n07590611,hotpot,hotpot_vase,0,0,,,0,
n07590611_6458.JPEG,n07590611_6458,n07590611,hotpot,hotpot_vase,1,1,Lamb hot pot with dried tofu skin,Seattle|WA|Chinese Food|Food|Hot Pot,5,"Seattle, WA"
n07590611_6461.JPEG,n07590611_6461,n07590611,hotpot,hotpot_vase,1,1,Hot Pot,Hot Pot|Food|milkfree|lactosefree|G6,5,
n07590611_6495.JPEG,n07590611_6495,n07590611,hotpot,hotpot_vase,0,0,,,0,
n07590611_6530.JPEG,n07590611_6530,n07590611,hotpot,hotpot_vase,1,1,Mongolion Hot Pot - Lunch,food|hot|pot|hot pot|chinese|soup|tofu|union city,8,"<a href=""http://www.yelp.com/biz/PPwmpycJoI-tOQ3VOJyDsg"" rel=""noreferrer nofollow"">Little Sheep Mongolion Hot Pot</a>: Mmmm..mmm...good!"
n07590611_6533.JPEG,n07590611_6533,n07590611,hotpot,hotpot_vase,0,0,,,0,
n07590611_6555.JPEG,n07590611_6555,n07590611,hotpot,hotpot_vase,0,0,,,0,
n07590611_6559.JPEG,n07590611_6559,n07590611,hotpot,hotpot_vase,0,0,,,0,
n07590611_6563.JPEG,n07590611_6563,n07590611,hotpot,hotpot_vase,1,1,Hot Pot Spread,hot pot|EAN|food,3,Yum! So much fun!
n07590611_6577.JPEG,n07590611_6577,n07590611,hotpot,hotpot_vase,1,1,they serve hotpot really hot!,dfoupload|chinese|food|hapchan,4,"Uploaded through <a href=""http://code.google.com/p/dfo"" rel=""noreferrer nofollow"">Desktop Flickr Organizer</a>. hap chan's hotpot XD"
n07590611_6618.JPEG,n07590611_6618,n07590611,hotpot,hotpot_vase,0,1,,,0,
n07590611_6624.JPEG,n07590611_6624,n07590611,hotpot,hotpot_vase,0,0,,,0,
n07590611_6648.JPEG,n07590611_6648,n07590611,hotpot,hotpot_vase,1,1,Kimchi Hotpot - Let's Bap,Let's Bap|Korean|food|kimchi|hotpot|jiggae|김치찌개|kimchi jjigae|stew|thanks|Sundubu jjigae|Sundubu|jjigae|tofu,14,"Kimchi Hotpot - Let's Bap AUD8.50 --- A bubbling Kimchi Hotpot is just the thing to ward off the Winter chills! Our recent fav, although the <a href=""http://www.flickr.com/photos/avlxyz/2293016273/"">Soon Du Boo</a> is still a close second.  Today's Kimchi Hotpot came with little nuggets of pork and rice cake, firm beancurd (as opposed to the silken beancurd in Soon Du Boo) and of course, loads of kimchi! Very soothing :)  We also ordered a kimchi pancake as something small. It turned out to be more a fried pudding with a soft gooey inside but a crunchy crust, a bit like an okonomiyaki. Too bad it was a bit too greasy, but the kimchi was good.  We also ordered an extra side dish of kimchi for good spicy measure :P  Let's Bab Caffeteria 623 Warrigal Rd Chadstone 3148 (03) 9569 9183  Reviews: - <a href=""http://www.theage.com.au/news/epicure/kim-chi-friendslets-bab/2006/09/11/1157826845967.html"" rel=""noreferrer nofollow"">A little bit of Seoul - Matt Preston, reviewer - September 12, 2006</a>  Photos: - <a href=""http://www.flickr.com/photos/avlxyz/2449061372/"">Kimchi Hotpot</a> - <a href=""http://www.flickr.com/photos/avlxyz/2448238591/"">Kimchi Pancake</a> "
n07590611_6653.JPEG,n07590611_6653,n07590611,hotpot,hotpot_vase,0,1,,,0,
n07590611_6679.JPEG,n07590611_6679,n07590611,hotpot,hotpot_vase,0,0,,,0,
n07590611_6718.JPEG,n07590611_6718,n07590611,hotpot,hotpot_vase,0,0,,,0,
n07590611_6725.JPEG,n07590611_6725,n07590611,hotpot,hotpot_vase,1,1,Spicy Hot Pot,spicy| hot pot| huo guo,3,"Mr. Moc and I love eating spicy foods so last weekend we had taiwanese-style spicy hot pot (aka shabu shabu).   For those of you who don't know what hot pot (&quot;huo-guo&quot;) is ....basically you have a pot of broth simmering on a burner on the table. To the pot, you add thinly sliced meat (beef, pork, chicken, etc.), seafood, veggies, fish balls, dumplings, tofu and/or whatever else you like and let it cook. Once an ingredient is cooked, you scoop it out and dip it in a sauce and eat.   Since we like spicy, our broth was made of a very spicy paste that made our noses run! "
n07590611_6785.JPEG,n07590611_6785,n07590611,hotpot,hotpot_vase,0,1,,,0,
n07590611_6789.JPEG,n07590611_6789,n07590611,hotpot,hotpot_vase,1,1,Healthy hot pot,China| Beijing| food| dinner| hot pot| street| night| restaurant,8,
n07590611_6825.JPEG,n07590611_6825,n07590611,hotpot,hotpot_vase,0,1,,,0,
n07590611_6848.JPEG,n07590611_6848,n07590611,hotpot,hotpot_vase,0,0,,,0,
n07590611_6853.JPEG,n07590611_6853,n07590611,hotpot,hotpot_vase,1,1,"Boiled Chicken Soup with Ginseng, Chestnuts, Jujube, Gingko Nuts, and Rice",Renée dines out|Toronto|Korean|Onara Onara|soup|stew|stone pot|chicken|ginseng|chestnut|jujube|health|herbal|gingko nut|rice|green onion,16,"It was a chilly day and nothing beats a warm bowl of semi-herbal clear stew/soup.  The soup was thickened with lots of rice (think almost congee) and slightly sweetened with the jujubes.  The ginseng added a slight depth, while the chicken tasted as if it was an old boiling hen (so kind of dry tough meat).  Although I was a little underwhelmed with the chestnuts (they weren't mealy soft), I was satisfied with the gingko nuts and their texture.  A bowl of &quot;healthy&quot; rice (it's got black rice in it?) accompanied the stew, but I was only able to dig half way as there was probably a whole bowl of rice in my hot stone pot.  Fun fact: the pot boiled for a good minute after being set down in front of me.  :)  Onara Onara Restaurant 648 Bloor Street West Toronto, ON (416) 536-5908"
n07590611_6864.JPEG,n07590611_6864,n07590611,hotpot,hotpot_vase,0,0,,,0,
n07590611_6883.JPEG,n07590611_6883,n07590611,hotpot,hotpot_vase,0,1,,,0,
n07590611_6887.JPEG,n07590611_6887,n07590611,hotpot,hotpot_vase,0,0,,,0,
n07590611_6905.JPEG,n07590611_6905,n07590611,hotpot,hotpot_vase,1,0,Raw Hot Pot,nokia|nokia 6265i|camera phone|gogotea|maid cafe|Gogo Tea Cafe|Richmond|food|bubble tea,9,"Sour kimchi and pork hot pot, still raw.   At <a href=""http://www.gogotea.ca/"" rel=""noreferrer nofollow"">Gogo Tea</a> cosplay/maid cafe in Richmond, BC. "
n07590611_6930.JPEG,n07590611_6930,n07590611,hotpot,hotpot_vase,0,0,,,0,
n07590611_6939.JPEG,n07590611_6939,n07590611,hotpot,hotpot_vase,0,1,,,0,
n07590611_6975.JPEG,n07590611_6975,n07590611,hotpot,hotpot_vase,1,1,Hotpot,Canada|Ontario|UWCDC|geo:lat=43.82858862|geo:lon=-79.30149168|geotagged|hotpot|toronto|打邊爐|湯底|滑鐵盧大學中文辯論學會|火鍋,12,our soup base got so disgusting at the end..
n07590611_6985.JPEG,n07590611_6985,n07590611,hotpot,hotpot_vase,0,1,,,0,
n07590611_6987.JPEG,n07590611_6987,n07590611,hotpot,hotpot_vase,0,0,,,0,
n07590611_6991.JPEG,n07590611_6991,n07590611,hotpot,hotpot_vase,0,0,,,0,
n07590611_700.JPEG,n07590611_700,n07590611,hotpot,hotpot_vase,1,1,2009 01 16 Hotpot,food|hotpot,2,
n07590611_7004.JPEG,n07590611_7004,n07590611,hotpot,hotpot_vase,0,1,,,0,
n07590611_7021.JPEG,n07590611_7021,n07590611,hotpot,hotpot_vase,1,1,large spicy crab hot pot,ondal 2|Korean|crab hot pot|Los Angeles CA,4,Female crabs with lots of eggs! yummy!
n07590611_7022.JPEG,n07590611_7022,n07590611,hotpot,hotpot_vase,1,1,"Squid - Kimchi Hotpot dinner, Sealers Cove campsite",Wilsons Promontory National Park|Wilsons Promontory NP|Wilsons Promontory|Wilsons Prom|Victoria|Australia|national park|camping|kimchi|hotpot|dinner|cooking|food,13,
n07590611_7056.JPEG,n07590611_7056,n07590611,hotpot,hotpot_vase,0,0,,,0,
n07590611_706.JPEG,n07590611_706,n07590611,hotpot,hotpot_vase,0,0,,,0,
n07590611_7108.JPEG,n07590611_7108,n07590611,hotpot,hotpot_vase,0,0,,,0,
n07590611_7149.JPEG,n07590611_7149,n07590611,hotpot,hotpot_vase,0,0,,,0,
n07590611_7180.JPEG,n07590611_7180,n07590611,hotpot,hotpot_vase,0,0,,,0,
n07590611_7185.JPEG,n07590611_7185,n07590611,hotpot,hotpot_vase,0,0,,,0,
n07590611_7188.JPEG,n07590611_7188,n07590611,hotpot,hotpot_vase,0,0,,,0,
n07590611_7218.JPEG,n07590611_7218,n07590611,hotpot,hotpot_vase,0,1,,,0,
n07590611_7300.JPEG,n07590611_7300,n07590611,hotpot,hotpot_vase,0,1,,,0,
n07590611_7306.JPEG,n07590611_7306,n07590611,hotpot,hotpot_vase,1,1,Hot pot,mastermaq|friends|birthdays|parties|hot pot,5,
n07590611_7317.JPEG,n07590611_7317,n07590611,hotpot,hotpot_vase,0,0,,,0,
n07590611_7323.JPEG,n07590611_7323,n07590611,hotpot,hotpot_vase,1,1,Korean Hotpot Dinner-7,Pyongyang|Korea|DPRK|North Korea,4,"You get a hotpot with boiling stock, and a plate of ingredients. First you add the minced beef to the pot.   Let the meat boil (with the lid closed) for several minutes.  After the meat and vegetables have boiled for a while, add the vegetables and egg. Boil for a few minutes."
n07590611_7326.JPEG,n07590611_7326,n07590611,hotpot,hotpot_vase,1,1,Hot Pot,Football,1,We had 5 students over who wanted to cook us hot pot at our apt.  Lots of fun &amp; interesting food.
n07590611_7356.JPEG,n07590611_7356,n07590611,hotpot,hotpot_vase,0,0,,,0,
n07590611_7366.JPEG,n07590611_7366,n07590611,hotpot,hotpot_vase,1,1,iFlickr,iFlickr|hotpot,2,All you can eat mongolian hotpot
n07590611_7369.JPEG,n07590611_7369,n07590611,hotpot,hotpot_vase,1,1,Hot pot,san francisco|hot pot|chinese fondue|food,4,
n07590611_7374.JPEG,n07590611_7374,n07590611,hotpot,hotpot_vase,1,0,1578484285,Hotpot,1,
n07590611_7375.JPEG,n07590611_7375,n07590611,hotpot,hotpot_vase,0,0,,,0,
n07590611_739.JPEG,n07590611_739,n07590611,hotpot,hotpot_vase,1,1,Jones Yan at Shanghai Litte Sheep Hot Pot with Irene Simkin,China|Shanghai|Little Sheep|Restaurant|Hot Pot|Irene Simkin|Jones Yan,7,
n07590611_7395.JPEG,n07590611_7395,n07590611,hotpot,hotpot_vase,1,1,"Food Diary - Sun Jan 7, 2007",Hot pot|fish balls,2,Hot pot: fish balls
n07590611_7400.JPEG,n07590611_7400,n07590611,hotpot,hotpot_vase,0,0,,,0,
n07590611_7416.JPEG,n07590611_7416,n07590611,hotpot,hotpot_vase,1,1,Hotpot,momo paradise|food|hot pot|beef|taipei|restaurant,6,淺淺的湯汁，牛肉只要川燙一下到七八分熟就可以入口了。
n07590611_7435.JPEG,n07590611_7435,n07590611,hotpot,hotpot_vase,1,1,IMG_0396,Mongolia|Mongolian|hot pot|Mongolian hot pot|food,5,Mongolian hot pot.
n07590611_7464.JPEG,n07590611_7464,n07590611,hotpot,hotpot_vase,1,1,christian's becoming korean,korean food|homemade|soon dubu|soon tofu|hot pot|tofu stew|spicy,7,or at least working on it
n07590611_7479.JPEG,n07590611_7479,n07590611,hotpot,hotpot_vase,0,0,,,0,
n07590611_7485.JPEG,n07590611_7485,n07590611,hotpot,hotpot_vase,0,1,,,0,
n07590611_7489.JPEG,n07590611_7489,n07590611,hotpot,hotpot_vase,0,1,,,0,
n07590611_7509.JPEG,n07590611_7509,n07590611,hotpot,hotpot_vase,0,0,,,0,
n07590611_7510.JPEG,n07590611_7510,n07590611,hotpot,hotpot_vase,0,0,,,0,
n07590611_7511.JPEG,n07590611_7511,n07590611,hotpot,hotpot_vase,0,0,,,0,
n07590611_7529.JPEG,n07590611_7529,n07590611,hotpot,hotpot_vase,0,0,,,0,
n07590611_7537.JPEG,n07590611_7537,n07590611,hotpot,hotpot_vase,1,1,The Chicken pot stirred fried - IMG_2321,the stove|stove|claypot|chicken|pot|food|Chicken Hot Pot|Shenton way|Temasek Tower|8 Shenton Way|Restaurant|Asian|chinese|Shanghainese|Canon|Canon IXUS 80 IS|IXUS 80 IS|Point and Shoot|IXUS 80,19,
n07590611_755.JPEG,n07590611_755,n07590611,hotpot,hotpot_vase,1,1,Hot Pot,Harbin|China|Hot Pot,3,
n07590611_7553.JPEG,n07590611_7553,n07590611,hotpot,hotpot_vase,0,0,,,0,
n07590611_7566.JPEG,n07590611_7566,n07590611,hotpot,hotpot_vase,1,1,Hot pot close-up,,0,I had to go back to this hot pot place.
n07590611_7584.JPEG,n07590611_7584,n07590611,hotpot,hotpot_vase,1,1,Mmmmm...hot pot!,,0,"I must explain the greatness of hot pot. They place this pot in the table.  It's heated from below.  The red side, as you might guess, is spicy.  The other side is not.  They bring you platters of raw meat and you dip the meat into these pots to cook them.  They just soak up the flavor of everything tasty and good that's boiling in the pot.  Thus, hot pot!  "
n07590611_7587.JPEG,n07590611_7587,n07590611,hotpot,hotpot_vase,1,1,The Infamous Wu Geng Tripe,China Gourmet|Taiwanese Food in Houston|Houston|Texas|Wu Geng Tripe|hot pot|Taiwanese food|Bellaire Boulevard|Bellaire Blvd.|food|Houston restaurants,11,"China Gourmet 9600 Bellaire Blvd # 105 Houston, Texas 713-995-8919"
n07590611_7626.JPEG,n07590611_7626,n07590611,hotpot,hotpot_vase,1,1,【白鍋】Normal Hotpot,TS-E|移軸鏡頭|Canon TS-E 24mm f3.5 L II|TS-E 24mm f3.5 L II|dinner|晚餐|朋友家|火鍋|hotpot|麻辣鍋,10,2010.01.03 by Canon 5D + Canon TS-E 24mm f3.5 L II
n07590611_7634.JPEG,n07590611_7634,n07590611,hotpot,hotpot_vase,0,0,,,0,
n07590611_7651.JPEG,n07590611_7651,n07590611,hotpot,hotpot_vase,0,0,,,0,
n07590611_7667.JPEG,n07590611_7667,n07590611,hotpot,hotpot_vase,1,1,This is hotpot,hongkong|lokwahnorth|kwuntong|hotpot|food,5,
n07590611_7668.JPEG,n07590611_7668,n07590611,hotpot,hotpot_vase,0,1,,,0,
n07590611_7692.JPEG,n07590611_7692,n07590611,hotpot,hotpot_vase,1,1,mmmm... hotpot,CIEENanjing,1,
n07590611_7698.JPEG,n07590611_7698,n07590611,hotpot,hotpot_vase,0,0,,,0,
n07590611_77.JPEG,n07590611_77,n07590611,hotpot,hotpot_vase,0,0,,,0,
n07590611_771.JPEG,n07590611_771,n07590611,hotpot,hotpot_vase,1,1,black eyed bean veggie stew,stew|food|squaredcircle,3,"Recipe (for theSeuss)  Although I just made it up as I went along.  This was done in one of those slow cooker things:  1 large onion chopped and fried until nice and soft in olive oil first Then add 2 cloves of crushed garlic.  Chopped into chunks: 1 turnip or Swede 1 large potato 3 or 4 large carrots 1 green pepper  1 tin of chopped tomatoes 1 tin of black eyed beans 2 vegetable OXO stock cubes About a tablespoon of olive oil A cup of hot water  The whole lot put into a pot and stirred together.  Then leave to simmer gently on a low heat for 45 minutes to an hour or until the veggies are cooked through."
n07590611_7733.JPEG,n07590611_7733,n07590611,hotpot,hotpot_vase,0,0,,,0,
n07590611_7734.JPEG,n07590611_7734,n07590611,hotpot,hotpot_vase,1,1,Hot Pot again?,,0,Hot Pot again?
n07590611_7737.JPEG,n07590611_7737,n07590611,hotpot,hotpot_vase,1,1,Spicy Tofu Hot Pot with Seafood,panasonic|lumix|lx3|2009|may|seoul|south korea|restaurant|food|meal|lunch|garnish|relish|fish|soup|tofu|hot pot|chige|seafood,19,Seoul
n07590611_7738.JPEG,n07590611_7738,n07590611,hotpot,hotpot_vase,0,0,,,0,
n07590611_7741.JPEG,n07590611_7741,n07590611,hotpot,hotpot_vase,0,0,,,0,
n07590611_7782.JPEG,n07590611_7782,n07590611,hotpot,hotpot_vase,0,1,,,0,
n07590611_7823.JPEG,n07590611_7823,n07590611,hotpot,hotpot_vase,0,1,,,0,
n07590611_7829.JPEG,n07590611_7829,n07590611,hotpot,hotpot_vase,0,0,,,0,
n07590611_7850.JPEG,n07590611_7850,n07590611,hotpot,hotpot_vase,0,0,,,0,
n07590611_7873.JPEG,n07590611_7873,n07590611,hotpot,hotpot_vase,0,1,,,0,
n07590611_7881.JPEG,n07590611_7881,n07590611,hotpot,hotpot_vase,1,0,羊蝎子 Lamb Spine Hotpot,Alli Jiang|Alli|Lamb|Food|Asian|Asia|Chinese|Hotpot|Lamb Spine|Soup|Hot|Steam|China|Jinan|羊蝎子|济南,16,"You can't imagine how good it was.....&gt;.&lt; 2008 09 04 @ Jinan, China 千佛山下很有feel的一家小店"
n07590611_7893.JPEG,n07590611_7893,n07590611,hotpot,hotpot_vase,1,0,Hot Pot,food|china|Aaron's photos|hong kong|hotpot,5,spicy hot pot on Hong Kong Island
n07590611_7897.JPEG,n07590611_7897,n07590611,hotpot,hotpot_vase,1,0,Korean seafood hot pot,seoul house| korean cuisine|seafood| hotpot,4,
n07590611_7907.JPEG,n07590611_7907,n07590611,hotpot,hotpot_vase,0,0,,,0,
n07590611_791.JPEG,n07590611_791,n07590611,hotpot,hotpot_vase,0,1,,,0,
n07590611_7916.JPEG,n07590611_7916,n07590611,hotpot,hotpot_vase,1,0,Xian | Hot Pot,China|2006|Xian|Hot|Pot,5,
n07590611_7929.JPEG,n07590611_7929,n07590611,hotpot,hotpot_vase,0,1,,,0,
n07590611_7960.JPEG,n07590611_7960,n07590611,hotpot,hotpot_vase,0,0,,,0,
n07590611_7963.JPEG,n07590611_7963,n07590611,hotpot,hotpot_vase,0,0,,,0,
n07590611_7965.JPEG,n07590611_7965,n07590611,hotpot,hotpot_vase,1,1,Boiling,fellowship|dinner|hot|pot|fpcla,5,Fellowship Dinner. Hot Pot Night.
n07590611_7966.JPEG,n07590611_7966,n07590611,hotpot,hotpot_vase,1,0,"Mongolian Hotpot, Nihonbashi, Tokyo",Tokyo|Japan|Mongolian|Hotpot|Nihonbashi|天香回味,6,
n07590611_7980.JPEG,n07590611_7980,n07590611,hotpot,hotpot_vase,0,1,,,0,
n07590611_7988.JPEG,n07590611_7988,n07590611,hotpot,hotpot_vase,1,0,Seafood Combination Hot Pot @ Look You Fan Dim,,0,海鮮一品煲 Seafood Combination Hot Pot ($9.00)
n07590611_8038.JPEG,n07590611_8038,n07590611,hotpot,hotpot_vase,0,1,,,0,
n07590611_8055.JPEG,n07590611_8055,n07590611,hotpot,hotpot_vase,0,0,,,0,
n07590611_8060.JPEG,n07590611_8060,n07590611,hotpot,hotpot_vase,0,1,,,0,
n07590611_8085.JPEG,n07590611_8085,n07590611,hotpot,hotpot_vase,1,1,Hot Pot!,Hot Pot|chinese|food|lamb|delicious|sichuan,6,go for the double for twice the flavor!
n07590611_8091.JPEG,n07590611_8091,n07590611,hotpot,hotpot_vase,0,0,,,0,
n07590611_8095.JPEG,n07590611_8095,n07590611,hotpot,hotpot_vase,1,0,Budae Jjigae (Korean Army Base Stew) 1,Wandering Chopsticks|Korean|Base|Camp|Stew|Budae|Chigae|Jjigae|Noodles|Ramen|Soup|SPAM,12,"<a href=""http://wanderingchopsticks.blogspot.com/2008/11/budae-jjigae-korean-army-base-stew.html"" rel=""noreferrer nofollow"">wanderingchopsticks.blogspot.com/2008/11/budae-jjigae-kor...</a>"
n07590611_8100.JPEG,n07590611_8100,n07590611,hotpot,hotpot_vase,1,1,Lau Ca (Fish Hotpot),Hoang Phuoc|Thai Binh|Vietnam|Eat|Lunch|hotpot,6,
n07590611_813.JPEG,n07590611_813,n07590611,hotpot,hotpot_vase,1,1,Pig Organ stew.. see the coagulated pig's blood?,taipei|danshui|ximending|yehliu|麻辣火锅|九份|淡水|西门丁|台北|jiufen|mala_hotpot|Shilin|Night|Market|士林,15,
n07590611_8131.JPEG,n07590611_8131,n07590611,hotpot,hotpot_vase,1,1,Our hotpot,2006.05.20~5.21jERRY|CAME|TAICHUNG,3,one side was curry another was chilli hotpot.
n07590611_816.JPEG,n07590611_816,n07590611,hotpot,hotpot_vase,0,1,,,0,
n07590611_8160.JPEG,n07590611_8160,n07590611,hotpot,hotpot_vase,1,0,"'Hot pot with chicken,carrot,potato",,0,Sizzling hot pot.
n07590611_8161.JPEG,n07590611_8161,n07590611,hotpot,hotpot_vase,1,1,Hot hot pot,hot pot,1,
n07590611_8234.JPEG,n07590611_8234,n07590611,hotpot,hotpot_vase,1,1,"Hotpot restaurant, Zhongdian",Shangrila|Zhongdian|Yunnan|China|towns|restaurants|food|hotpot,8,
n07590611_8235.JPEG,n07590611_8235,n07590611,hotpot,hotpot_vase,0,1,,,0,
n07590611_8236.JPEG,n07590611_8236,n07590611,hotpot,hotpot_vase,0,0,,,0,
n07590611_8244.JPEG,n07590611_8244,n07590611,hotpot,hotpot_vase,0,0,,,0,
n07590611_8250.JPEG,n07590611_8250,n07590611,hotpot,hotpot_vase,1,1,spicy or not? pick you favor!,hongkong|小肥羊|hotpot|restaurant|350d|nikkor|24mm|canon|dslr|eos|digital|slr,12,<b>Little Sheep[小肥羊]</b>
n07590611_8253.JPEG,n07590611_8253,n07590611,hotpot,hotpot_vase,0,1,,,0,
n07590611_8276.JPEG,n07590611_8276,n07590611,hotpot,hotpot_vase,1,0,Grand Buffet:  Hot Pot,,0,
n07590611_8285.JPEG,n07590611_8285,n07590611,hotpot,hotpot_vase,0,0,,,0,
n07590611_8288.JPEG,n07590611_8288,n07590611,hotpot,hotpot_vase,0,0,,,0,
n07590611_830.JPEG,n07590611_830,n07590611,hotpot,hotpot_vase,1,1,Sichuan hotpot,china|sichuan|hotpot|chilli,4,"This is how you do spicy Sichuan hotpot. Pictured is a wok of boiling chilli oil - the idea is to put as much of it in you as possible before crying. The sticks have got various bits on, like quails eggs, bean curd and lettuce, but really, they're just media for more delectable pain. Makes me shift in my seat to think of it."
n07590611_8303.JPEG,n07590611_8303,n07590611,hotpot,hotpot_vase,0,0,,,0,
n07590611_8311.JPEG,n07590611_8311,n07590611,hotpot,hotpot_vase,1,1,Korean Hot Pot,korean|jang mo jib|korean hot pot|food,4,"from the menu: Traditional spicy pork back &amp; neck bone soup with onion, green vegetable and potato on Hot Pot"
n07590611_8312.JPEG,n07590611_8312,n07590611,hotpot,hotpot_vase,0,0,,,0,
n07590611_8313.JPEG,n07590611_8313,n07590611,hotpot,hotpot_vase,1,1,Hot Pot!,,0,"I love spicy hot pot, especially when it's all you can eat. Haha. Little Chubby Lamb, Montréal."
n07590611_8326.JPEG,n07590611_8326,n07590611,hotpot,hotpot_vase,0,0,,,0,
n07590611_8338.JPEG,n07590611_8338,n07590611,hotpot,hotpot_vase,1,1,IMG_0785,shanghai|chicken hotpot|dinner|winter|food,5,"chongqing chicken hotpot （重庆鸡公煲）  first you eat up the chicken (recommended: have a bowl of rice to go along) then you cook various vegetables/ meat in the spicy gravy, hotpot style. very satisfying, very local, very affordable and definitely great to have in winter. "
n07590611_8340.JPEG,n07590611_8340,n07590611,hotpot,hotpot_vase,1,1,Hotpot,CNY|food|Madison|friends,4,過年就是要吃火鍋的阿...雖然這鍋基本上都是豆腐=.=  *沒辦法，今年竟然遇到暴風雪...  Hotpot goes well with every special event especially in Wisconsin during the winters=D
n07590611_8361.JPEG,n07590611_8361,n07590611,hotpot,hotpot_vase,0,0,,,0,
n07590611_8366.JPEG,n07590611_8366,n07590611,hotpot,hotpot_vase,0,1,,,0,
n07590611_8380.JPEG,n07590611_8380,n07590611,hotpot,hotpot_vase,0,0,,,0,
n07590611_839.JPEG,n07590611_839,n07590611,hotpot,hotpot_vase,0,0,,,0,
n07590611_8399.JPEG,n07590611_8399,n07590611,hotpot,hotpot_vase,0,1,,,0,
n07590611_8404.JPEG,n07590611_8404,n07590611,hotpot,hotpot_vase,1,0,Chinese beef stew,,0,"Chinese beed stew on a wintry night. Recipe and story is <a href=""http://novice-baker.blogspot.com/2008/03/chinese-beef-stew-with-daikon.html"" rel=""noreferrer nofollow"">here</a>"
n07590611_8413.JPEG,n07590611_8413,n07590611,hotpot,hotpot_vase,0,0,,,0,
n07590611_8472.JPEG,n07590611_8472,n07590611,hotpot,hotpot_vase,0,0,,,0,
n07590611_8482.JPEG,n07590611_8482,n07590611,hotpot,hotpot_vase,0,0,,,0,
n07590611_8485.JPEG,n07590611_8485,n07590611,hotpot,hotpot_vase,0,0,,,0,
n07590611_8486.JPEG,n07590611_8486,n07590611,hotpot,hotpot_vase,0,0,,,0,
n07590611_8489.JPEG,n07590611_8489,n07590611,hotpot,hotpot_vase,0,0,,,0,
n07590611_8490.JPEG,n07590611_8490,n07590611,hotpot,hotpot_vase,1,0,Black Pork Belly with Bok Choi in Hot Pot @ Green Island Restaurant,,0,石燒黑豚肉大白菜 Black Pork Belly with Bok Choi in Hot Pot ($4.99)
n07590611_8512.JPEG,n07590611_8512,n07590611,hotpot,hotpot_vase,1,0,The Chicken pot stirred fried - IMG_2318,the stove|stove|claypot|chicken|pot|food|Chicken Hot Pot|Shenton way|Temasek Tower|8 Shenton Way|Restaurant|Asian|chinese|Shanghainese|Canon|Canon IXUS 80 IS|IXUS 80 IS|Point and Shoot|IXUS 80,19,
n07590611_8537.JPEG,n07590611_8537,n07590611,hotpot,hotpot_vase,0,0,,,0,
n07590611_8554.JPEG,n07590611_8554,n07590611,hotpot,hotpot_vase,0,1,,,0,
n07590611_8568.JPEG,n07590611_8568,n07590611,hotpot,hotpot_vase,0,1,,,0,
n07590611_8578.JPEG,n07590611_8578,n07590611,hotpot,hotpot_vase,0,0,,,0,
n07590611_8584.JPEG,n07590611_8584,n07590611,hotpot,hotpot_vase,0,0,,,0,
n07590611_8593.JPEG,n07590611_8593,n07590611,hotpot,hotpot_vase,1,1,Dinner: Szechuan Hot Pot,dinner|vegetarian|vegan|winter,4,"Spicy Szechuan hotpot with veggies.  Perfect for warming you up when it's freezing outside.  <a href=""http://www.runawaysquirrels.com/2008/12/szechuan-hot-pot-at-home/"" rel=""noreferrer nofollow"">www.runawaysquirrels.com/2008/12/szechuan-hot-pot-at-home/</a>"
n07590611_8597.JPEG,n07590611_8597,n07590611,hotpot,hotpot_vase,0,0,,,0,
n07590611_8621.JPEG,n07590611_8621,n07590611,hotpot,hotpot_vase,0,1,,,0,
n07590611_863.JPEG,n07590611_863,n07590611,hotpot,hotpot_vase,0,1,,,0,
n07590611_8639.JPEG,n07590611_8639,n07590611,hotpot,hotpot_vase,0,0,,,0,
n07590611_8662.JPEG,n07590611_8662,n07590611,hotpot,hotpot_vase,0,0,,,0,
n07590611_8663.JPEG,n07590611_8663,n07590611,hotpot,hotpot_vase,1,1,EEL HOTPOT,lau|hcmc|hotpot,3,"<a href=""http://gastronomyblog.com/2007/10/17/lau-ca-keo-mua-rung/"" rel=""noreferrer nofollow"">gastronomyblog.com/2007/10/17/lau-ca-keo-mua-rung/</a>"
n07590611_8688.JPEG,n07590611_8688,n07590611,hotpot,hotpot_vase,0,1,,,0,
n07590611_8691.JPEG,n07590611_8691,n07590611,hotpot,hotpot_vase,1,1,end result,taipei  taiwan| hotpot,2,"we went out for hotpot on saturday...we engourged ourselves, and this was all that was left when the carnage ended"
n07590611_87.JPEG,n07590611_87,n07590611,hotpot,hotpot_vase,0,1,,,0,
n07590611_8701.JPEG,n07590611_8701,n07590611,hotpot,hotpot_vase,0,0,,,0,
n07590611_8720.JPEG,n07590611_8720,n07590611,hotpot,hotpot_vase,0,1,,,0,
n07590611_8737.JPEG,n07590611_8737,n07590611,hotpot,hotpot_vase,0,1,,,0,
n07590611_8741.JPEG,n07590611_8741,n07590611,hotpot,hotpot_vase,0,1,,,0,
n07590611_8742.JPEG,n07590611_8742,n07590611,hotpot,hotpot_vase,0,0,,,0,
n07590611_8750.JPEG,n07590611_8750,n07590611,hotpot,hotpot_vase,0,1,,,0,
n07590611_8756.JPEG,n07590611_8756,n07590611,hotpot,hotpot_vase,1,1,Spicy Hot Pot 2,food|spicy|hot pot|chinese|canon|sx100is,6,
n07590611_8758.JPEG,n07590611_8758,n07590611,hotpot,hotpot_vase,0,1,,,0,
n07590611_877.JPEG,n07590611_877,n07590611,hotpot,hotpot_vase,1,1,tradtional stew,China|Yunnan|Kunming|food|chinese|restaurant|stew|hotpot|meat|mushrooms|vegetables|carrot|glass|noodles,14,"with meat, mushrooms, veg and glass noodle"
n07590611_8770.JPEG,n07590611_8770,n07590611,hotpot,hotpot_vase,1,1,酸辣豆腐鱼火锅,,0,
n07590611_8805.JPEG,n07590611_8805,n07590611,hotpot,hotpot_vase,1,1,Dinner at the Tofu House,Tofu House|Santa Clarita|Korean Food|iPhone|Hot Stone Pot,5,"Hot stone pot, traditional Korean goodness. Pot is super hot, continuing to cook the food. You burn your mouth on the last bite. (iPhone)"
n07590611_881.JPEG,n07590611_881,n07590611,hotpot,hotpot_vase,0,1,,,0,
n07590611_882.JPEG,n07590611_882,n07590611,hotpot,hotpot_vase,1,1,Vietnamese-Style Thai-flavored Hot Pot,hot|pot,2,We had this for Tet :)
n07590611_8854.JPEG,n07590611_8854,n07590611,hotpot,hotpot_vase,0,1,,,0,
n07590611_8868.JPEG,n07590611_8868,n07590611,hotpot,hotpot_vase,0,1,,,0,
n07590611_8874.JPEG,n07590611_8874,n07590611,hotpot,hotpot_vase,1,1,awesome dinner,korean food|homemade|soon dubu|soon tofu|hot pot|tofu stew|spicy,7,soon dubu at home! christian is the best!
n07590611_888.JPEG,n07590611_888,n07590611,hotpot,hotpot_vase,1,1,hotpot,china|cooking|hotpot|chongqing,4,mmm.. hotpot... a Chongqing specialty!  (Chinese:  huǒ guō)
n07590611_8898.JPEG,n07590611_8898,n07590611,hotpot,hotpot_vase,0,0,,,0,
n07590611_8924.JPEG,n07590611_8924,n07590611,hotpot,hotpot_vase,0,1,,,0,
n07590611_8927.JPEG,n07590611_8927,n07590611,hotpot,hotpot_vase,0,0,,,0,
n07590611_8937.JPEG,n07590611_8937,n07590611,hotpot,hotpot_vase,0,1,,,0,
n07590611_8941.JPEG,n07590611_8941,n07590611,hotpot,hotpot_vase,1,1,Kimchi Pot!,Taipei|Taiwan|台灣|台北|Life|365 Project|泡菜|火鍋|hot pot|food|dinner|kimchi,12,Yeah!! It tasted soooo delicious!!!  69/365
n07590611_8943.JPEG,n07590611_8943,n07590611,hotpot,hotpot_vase,1,1,Spicy Sliced Beef Hot Pot @ Coffee Break Cafe,,0,麻辣牛肉片小火鍋 Spicy Sliced Beef Hot Pot ($8.99)
n07590611_8959.JPEG,n07590611_8959,n07590611,hotpot,hotpot_vase,0,0,,,0,
n07590611_8974.JPEG,n07590611_8974,n07590611,hotpot,hotpot_vase,0,1,,,0,
n07590611_899.JPEG,n07590611_899,n07590611,hotpot,hotpot_vase,0,0,,,0,
n07590611_8995.JPEG,n07590611_8995,n07590611,hotpot,hotpot_vase,0,1,,,0,
n07590611_9009.JPEG,n07590611_9009,n07590611,hotpot,hotpot_vase,1,1,Korean Hot Pot,korean|restaurant|hot|pot|london|britain|england|europe,8,
n07590611_9027.JPEG,n07590611_9027,n07590611,hotpot,hotpot_vase,0,1,,,0,
n07590611_9040.JPEG,n07590611_9040,n07590611,hotpot,hotpot_vase,0,1,,,0,
n07590611_9055.JPEG,n07590611_9055,n07590611,hotpot,hotpot_vase,0,1,,,0,
n07590611_9056.JPEG,n07590611_9056,n07590611,hotpot,hotpot_vase,0,1,,,0,
n07590611_9066.JPEG,n07590611_9066,n07590611,hotpot,hotpot_vase,0,0,,,0,
n07590611_9099.JPEG,n07590611_9099,n07590611,hotpot,hotpot_vase,1,1,20070518_HotPot_09,Hot Pot|Food|colleague,3,紅蕃魚片鍋，川巴子的魚片很讚。
n07590611_9128.JPEG,n07590611_9128,n07590611,hotpot,hotpot_vase,1,1,Chongqing Hot Pot 重庆火锅,Chongqing|Hot|Pot|spicy|red|pepper|D40|50mm|1.4D|chopstick|hands|1.4|manual|bokeh|DOF|depth|field,17,It's not as spicy as it seems :)
n07590611_9143.JPEG,n07590611_9143,n07590611,hotpot,hotpot_vase,1,1,Ginger duck,taipei|台北|tianmu|天母|薑母鴨|food|chinese food|taiwanese food|hot pot|火鍋|鴨霸王,11,"I had never heard of this dish but late at night after the Yo La Tengo show, we ventured into this busy restaurant that featured it as its specialty. Apparently it is a type of Taiwanese hot pot where the duck, along with tons of ginger, rice wine and various Chinese medicinal herbs, comes cooked and ready to eat. Patrons can order more things to put in it and the soup is also drank afterwards (although not the whole thing when it's only two people dining!).  No idea what this restaurant is called as <a href=""http://www.ipeen.com.tw/"" rel=""noreferrer nofollow"">iPeen</a> sucks and <a href=""http://travel.openrice.com/taiwan/taipei/index.htm"" rel=""noreferrer nofollow"">OpenRice</a> hasn't established a significant presence in Taipei yet.  Nevermind, I actually figured out the name of the restaurant with the help of Google Street View."
n07590611_9144.JPEG,n07590611_9144,n07590611,hotpot,hotpot_vase,0,0,,,0,
n07590611_9166.JPEG,n07590611_9166,n07590611,hotpot,hotpot_vase,0,1,,,0,
n07590611_9186.JPEG,n07590611_9186,n07590611,hotpot,hotpot_vase,0,0,,,0,
n07590611_9198.JPEG,n07590611_9198,n07590611,hotpot,hotpot_vase,1,0,Beef Stew Curry,Tasty Garden|Arcadia|Restaurant|California|Cafe|Cantonese|Hong Kong Style Cafe|Eat. Travel. Eat!,8,
n07590611_921.JPEG,n07590611_921,n07590611,hotpot,hotpot_vase,1,1,the hotpot gets even better,Japan|pork|hotpot,3,
n07590611_9213.JPEG,n07590611_9213,n07590611,hotpot,hotpot_vase,0,0,,,0,
n07590611_9222.JPEG,n07590611_9222,n07590611,hotpot,hotpot_vase,0,1,,,0,
n07590611_9239.JPEG,n07590611_9239,n07590611,hotpot,hotpot_vase,0,0,,,0,
n07590611_9252.JPEG,n07590611_9252,n07590611,hotpot,hotpot_vase,0,0,,,0,
n07590611_9253.JPEG,n07590611_9253,n07590611,hotpot,hotpot_vase,1,0,Hotpot,China|Beijing|Hotpot,3,
n07590611_9256.JPEG,n07590611_9256,n07590611,hotpot,hotpot_vase,1,1,Chicken and tofu stew with preserved salted fish,lucky wok|chinese|restaurant,3,"This was a &quot;hot pot&quot; stew of soft tofu with the most tender morsels of chicken in a thick stew sauce infused with the heady &quot;stinky&quot; Chinese preserved salted fish.  Excellent - I'm always amazed at how tender the chicken is - you'd think you were eating scallops - except the flavor is different.   I *LOVE* Chinese salted preserved fish!  "
n07590611_9265.JPEG,n07590611_9265,n07590611,hotpot,hotpot_vase,1,1,my hotpot in nyc,,0,my ability to make decilious hotpot got great improved during my years in America
n07590611_927.JPEG,n07590611_927,n07590611,hotpot,hotpot_vase,0,1,,,0,
n07590611_9282.JPEG,n07590611_9282,n07590611,hotpot,hotpot_vase,0,1,,,0,
n07590611_9284.JPEG,n07590611_9284,n07590611,hotpot,hotpot_vase,0,1,,,0,
n07590611_9294.JPEG,n07590611_9294,n07590611,hotpot,hotpot_vase,0,0,,,0,
n07590611_9299.JPEG,n07590611_9299,n07590611,hotpot,hotpot_vase,0,1,,,0,
n07590611_9304.JPEG,n07590611_9304,n07590611,hotpot,hotpot_vase,1,0,HotPot,HotPot,1,Near my apartment
n07590611_9321.JPEG,n07590611_9321,n07590611,hotpot,hotpot_vase,0,1,,,0,
n07590611_9334.JPEG,n07590611_9334,n07590611,hotpot,hotpot_vase,0,0,,,0,
n07590611_9338.JPEG,n07590611_9338,n07590611,hotpot,hotpot_vase,0,0,,,0,
n07590611_9353.JPEG,n07590611_9353,n07590611,hotpot,hotpot_vase,0,0,,,0,
n07590611_9361.JPEG,n07590611_9361,n07590611,hotpot,hotpot_vase,0,1,,,0,
n07590611_9377.JPEG,n07590611_9377,n07590611,hotpot,hotpot_vase,1,1,Added the 'Taters!,fork|utensil|WroughtIron|pot|kettle|campfire|stew|potatoes|pork|PorkRoast|cooking|CoffeePot|hot|steam|handle|rack|sliced|red|CookingPot|Cantigny|Wheaton|Illinois,22,"I almost considered &quot;enlisting&quot; just to get a taste of this delicious-looking stew!  American Revolutionary War reenactment, Cantigny Park, Wheaton, Illinois"
n07590611_9382.JPEG,n07590611_9382,n07590611,hotpot,hotpot_vase,0,0,,,0,
n07590611_9415.JPEG,n07590611_9415,n07590611,hotpot,hotpot_vase,1,1,五更腸旺,Taiwan|台北|台灣|Taipei restaurants|小成都川菜館|五更腸旺|tripe|blood|soup|hot pot|geotagged|geo:lat=25.042424|geo:lon=121.504578|Taipei,14,"Blood cake and pork intestines hot pot from 小成都川菜館, <a href=""http://loc.alize.us/#/flickr:2400901028"" rel=""noreferrer nofollow"">台北市萬華區昆明街140號</a>, 02-2371-5014, 11 AM ~ 9 PM"
n07590611_9424.JPEG,n07590611_9424,n07590611,hotpot,hotpot_vase,0,0,,,0,
n07590611_9433.JPEG,n07590611_9433,n07590611,hotpot,hotpot_vase,0,0,,,0,
n07590611_9443.JPEG,n07590611_9443,n07590611,hotpot,hotpot_vase,1,1,Pork Stew in the Pot,,0,
n07590611_9445.JPEG,n07590611_9445,n07590611,hotpot,hotpot_vase,1,0,Lunch for Hotpot (Dec 19 2008),Hotpot,1,
n07590611_9453.JPEG,n07590611_9453,n07590611,hotpot,hotpot_vase,0,1,,,0,
n07590611_9454.JPEG,n07590611_9454,n07590611,hotpot,hotpot_vase,1,1,Hotpot!,sichuan|restaurant|dinner|meal|friends|food|chinese,7,"Half spicy/half not spicy. It was our first time having the non spicy - it had dried wolfberries, star anise, tomatoes, spring onions, and best of all, lots of fried garlic in there!  Dinner with friends yesterday at the Sichuan Restaurant in Acton.  <a href=""http://tamarindandthyme.wordpress.com/2008/12/08/a-sichuan-dinner-in-acton/"" rel=""noreferrer nofollow"">Blog post at Tamarind and Thyme.</a>"
n07590611_9464.JPEG,n07590611_9464,n07590611,hotpot,hotpot_vase,0,1,,,0,
n07590611_9480.JPEG,n07590611_9480,n07590611,hotpot,hotpot_vase,1,1,pot of food,new year's eve 2008|new year's eve|nye|chez cal|food|hot pot,6,
n07590611_95.JPEG,n07590611_95,n07590611,hotpot,hotpot_vase,1,1,nama tamago,tamago|egg|hotpot|watami|japanese|food|Picnik,7,
n07590611_950.JPEG,n07590611_950,n07590611,hotpot,hotpot_vase,0,0,,,0,
n07590611_9524.JPEG,n07590611_9524,n07590611,hotpot,hotpot_vase,1,1,Snake Hot Pot,,0,The broath for our hot pot was also snake. It was super tasty like turkey broath. 
n07590611_9526.JPEG,n07590611_9526,n07590611,hotpot,hotpot_vase,0,0,,,0,
n07590611_9548.JPEG,n07590611_9548,n07590611,hotpot,hotpot_vase,0,0,,,0,
n07590611_9550.JPEG,n07590611_9550,n07590611,hotpot,hotpot_vase,0,1,,,0,
n07590611_9556.JPEG,n07590611_9556,n07590611,hotpot,hotpot_vase,0,0,,,0,
n07590611_9576.JPEG,n07590611_9576,n07590611,hotpot,hotpot_vase,0,1,,,0,
n07590611_9612.JPEG,n07590611_9612,n07590611,hotpot,hotpot_vase,0,0,,,0,
n07590611_9613.JPEG,n07590611_9613,n07590611,hotpot,hotpot_vase,0,1,,,0,
n07590611_9631.JPEG,n07590611_9631,n07590611,hotpot,hotpot_vase,0,1,,,0,
n07590611_9660.JPEG,n07590611_9660,n07590611,hotpot,hotpot_vase,0,1,,,0,
n07590611_9661.JPEG,n07590611_9661,n07590611,hotpot,hotpot_vase,0,1,,,0,
n07590611_9668.JPEG,n07590611_9668,n07590611,hotpot,hotpot_vase,0,0,,,0,
n07590611_9702.JPEG,n07590611_9702,n07590611,hotpot,hotpot_vase,0,1,,,0,
n07590611_9714.JPEG,n07590611_9714,n07590611,hotpot,hotpot_vase,0,1,,,0,
n07590611_9721.JPEG,n07590611_9721,n07590611,hotpot,hotpot_vase,0,0,,,0,
n07590611_9754.JPEG,n07590611_9754,n07590611,hotpot,hotpot_vase,0,0,,,0,
n07590611_9760.JPEG,n07590611_9760,n07590611,hotpot,hotpot_vase,1,0,Thai Hot Pot,Koh|Samui|Thailand|December|2008|food|hot pot|Thai food|street food,9,
n07590611_9775.JPEG,n07590611_9775,n07590611,hotpot,hotpot_vase,1,1,Nabe mono (hot pot),nabe mono|hot pot|kaiseki|kaygetsu,4,"Kurobuta pork, bean sprouts, green onion, cabbage and carrots, cooked in miso sauce"
n07590611_9777.JPEG,n07590611_9777,n07590611,hotpot,hotpot_vase,1,0,One of my regular meals and a family favorite: Jean Food!,,0,"We call this Jean Food, as our family friend Jean taught me the recipe.  It's really easy (like foolproof easy).  Just sautee zucchini and italian sausage while a pot of penne is cooking.  Then add a can of stewed or diced tomatoes (my favorite brand for this particular recipe is Del Monte).  Let it all simmer together, add a sprinkle of parm, and you're good to go.    You can easily add onion, mushrooms, spinach, or fresh mozz as well--but the basic recipe is lovely and filling, and it's just as delicious both hot right off the stove as well as cold the next day for lunch."
n07590611_9795.JPEG,n07590611_9795,n07590611,hotpot,hotpot_vase,0,0,,,0,
n07590611_9823.JPEG,n07590611_9823,n07590611,hotpot,hotpot_vase,0,0,,,0,
n07590611_9845.JPEG,n07590611_9845,n07590611,hotpot,hotpot_vase,1,1,hot pot,sf|geary|richmond|food|hot pot|2006|cooking|unknown8bit|san francisco|liz,10,
n07590611_9852.JPEG,n07590611_9852,n07590611,hotpot,hotpot_vase,0,0,,,0,
n07590611_9866.JPEG,n07590611_9866,n07590611,hotpot,hotpot_vase,0,0,,,0,
n07590611_9882.JPEG,n07590611_9882,n07590611,hotpot,hotpot_vase,0,1,,,0,
n07590611_9908.JPEG,n07590611_9908,n07590611,hotpot,hotpot_vase,1,1,Hot Pot: The Sequel,Sydney|2007,2,The Mala hot pot side with loads of chili
n07590611_9947.JPEG,n07590611_9947,n07590611,hotpot,hotpot_vase,0,1,,,0,
n07590611_9952.JPEG,n07590611_9952,n07590611,hotpot,hotpot_vase,0,1,,,0,
n07590611_9957.JPEG,n07590611_9957,n07590611,hotpot,hotpot_vase,1,1,Steamboat,food|soup|steamboat|hotpot|pot,5,"A two sided pot - but one side was beefy and the other non-beefy.  Thank you, Andrew!"
n07590611_9991.JPEG,n07590611_9991,n07590611,hotpot,hotpot_vase,1,1,鍋もの,japan|tokyo|city|home|home-made|food|hotpot|nabe|cuisine|canon|eos|5D|DSLR|50mm|f1.4|iso800|zeiss|manual focus|ZF|50mmT*,20,hotpot
