image,stem,wnid,class,pair,has_caption,has_bbox,title,tags,n_tags,description
n04522168_1.JPEG,n04522168_1,n04522168,vase,hotpot_vase,0,0,,,0,
n04522168_100.JPEG,n04522168_100,n04522168,vase,hotpot_vase,0,1,,,0,
n04522168_10017.JPEG,n04522168_10017,n04522168,vase,hotpot_vase,0,1,,,0,
n04522168_10047.JPEG,n04522168_10047,n04522168,vase,hotpot_vase,1,1,Goguryeo Vase,vase|relic|goguryeo|seoul|korea|musuem|artifact|porcelain|I love my pic|GoldStarAward,10,A vase displayed at the National Museum of Korea.
n04522168_10058.JPEG,n04522168_10058,n04522168,vase,hotpot_vase,0,1,,,0,
n04522168_10087.JPEG,n04522168_10087,n04522168,vase,hotpot_vase,0,0,,,0,
n04522168_10104.JPEG,n04522168_10104,n04522168,vase,hotpot_vase,0,1,,,0,
n04522168_10113.JPEG,n04522168_10113,n04522168,vase,hotpot_vase,0,0,,,0,
n04522168_10115.JPEG,n04522168_10115,n04522168,vase,hotpot_vase,0,0,,,0,
n04522168_10128.JPEG,n04522168_10128,n04522168,vase,hotpot_vase,0,1,,,0,
n04522168_10131.JPEG,n04522168_10131,n04522168,vase,hotpot_vase,0,1,,,0,
n04522168_10200.JPEG,n04522168_10200,n04522168,vase,hotpot_vase,0,0,,,0,
n04522168_10215.JPEG,n04522168_10215,n04522168,vase,hotpot_vase,0,1,,,0,
n04522168_10222.JPEG,n04522168_10222,n04522168,vase,hotpot_vase,0,0,,,0,
n04522168_10248.JPEG,n04522168_10248,n04522168,vase,hotpot_vase,0,0,,,0,
n04522168_10260.JPEG,n04522168_10260,n04522168,vase,hotpot_vase,0,0,,,0,
n04522168_10268.JPEG,n04522168_10268,n04522168,vase,hotpot_vase,0,0,,,0,
n04522168_10278.JPEG,n04522168_10278,n04522168,vase,hotpot_vase,0,0,,,0,
n04522168_10287.JPEG,n04522168_10287,n04522168,vase,hotpot_vase,1,1,vase in heaven,cebu|photography|club|vase|light|macro|strobbing|flower|vine|grape|cpc|ceramic|jar|container,14,
n04522168_1029.JPEG,n04522168_1029,n04522168,vase,hotpot_vase,0,0,,,0,
n04522168_10310.JPEG,n04522168_10310,n04522168,vase,hotpot_vase,0,1,,,0,
n04522168_10343.JPEG,n04522168_10343,n04522168,vase,hotpot_vase,0,0,,,0,
n04522168_10356.JPEG,n04522168_10356,n04522168,vase,hotpot_vase,0,0,,,0,
n04522168_10392.JPEG,n04522168_10392,n04522168,vase,hotpot_vase,0,0,,,0,
n04522168_10415.JPEG,n04522168_10415,n04522168,vase,hotpot_vase,0,1,,,0,
n04522168_1044.JPEG,n04522168_1044,n04522168,vase,hotpot_vase,0,1,,,0,
n04522168_10478.JPEG,n04522168_10478,n04522168,vase,hotpot_vase,0,0,,,0,
n04522168_10509.JPEG,n04522168_10509,n04522168,vase,hotpot_vase,0,0,,,0,
n04522168_10539.JPEG,n04522168_10539,n04522168,vase,hotpot_vase,0,0,,,0,
n04522168_10548.JPEG,n04522168_10548,n04522168,vase,hotpot_vase,0,1,,,0,
n04522168_10592.JPEG,n04522168_10592,n04522168,vase,hotpot_vase,0,0,,,0,
n04522168_10595.JPEG,n04522168_10595,n04522168,vase,hotpot_vase,0,1,,,0,
n04522168_10597.JPEG,n04522168_10597,n04522168,vase,hotpot_vase,0,0,,,0,
n04522168_10603.JPEG,n04522168_10603,n04522168,vase,hotpot_vase,0,1,,,0,
n04522168_10628.JPEG,n04522168_10628,n04522168,vase,hotpot_vase,0,0,,,0,
n04522168_10639.JPEG,n04522168_10639,n04522168,vase,hotpot_vase,0,1,,,0,
n04522168_10660.JPEG,n04522168_10660,n04522168,vase,hotpot_vase,0,1,,,0,
n04522168_10683.JPEG,n04522168_10683,n04522168,vase,hotpot_vase,0,1,,,0,
n04522168_10712.JPEG,n04522168_10712,n04522168,vase,hotpot_vase,1,1,orchid in a jar,orchid|jar|pink|glass|on my kitchen table|old french milk bottle i use as a vase|ysplix,7,
n04522168_10718.JPEG,n04522168_10718,n04522168,vase,hotpot_vase,0,1,,,0,
n04522168_10729.JPEG,n04522168_10729,n04522168,vase,hotpot_vase,0,1,,,0,
n04522168_10750.JPEG,n04522168_10750,n04522168,vase,hotpot_vase,1,0,Ajax and Achilles Gaming,Ajax and Achilles gaming|Attic|Berlin Painter|Greece|Greek art|Metropolitan Museum of Art|New York City|Terracotta hydria: kalpis (water jar)|ca. 490 BC|red-figure|20090119-met-greek-IMG_7691,11,"Attic Greek Terracotta Water Jar, ca. 490 BC, Metropolitan Museum of Art.  Here are <a href=""http://www.tavliinfo.gr/tavlienglish/tavlihistory/achillesandajax/index.html"" rel=""noreferrer nofollow"">other depictions</a> of this famous match between the Greek heroes of the Trojan War.  <a href=""http://www.getty.edu/art/gettyguide/artObjectDetails?artobj=13800"" rel=""noreferrer nofollow"">Comment </a>on a similar piece by The Getty Museum:  &quot;This scene of Ajax and Achilles gaming was very popular in Athenian vase-painting of the late 500s B.C. and was a favorite of the painters in the Leagros Group. Many scholars believe that this mythological scene also served as a contemporary political parable on the value of staying alert, since the tyrant Peisistratos had been able to take control of the city of Athens while the army was distracted.&quot;  "
n04522168_10765.JPEG,n04522168_10765,n04522168,vase,hotpot_vase,0,0,,,0,
n04522168_10772.JPEG,n04522168_10772,n04522168,vase,hotpot_vase,0,0,,,0,
n04522168_10779.JPEG,n04522168_10779,n04522168,vase,hotpot_vase,0,1,,,0,
n04522168_10783.JPEG,n04522168_10783,n04522168,vase,hotpot_vase,0,1,,,0,
n04522168_10797.JPEG,n04522168_10797,n04522168,vase,hotpot_vase,0,0,,,0,
n04522168_10800.JPEG,n04522168_10800,n04522168,vase,hotpot_vase,0,1,,,0,
n04522168_10801.JPEG,n04522168_10801,n04522168,vase,hotpot_vase,0,1,,,0,
n04522168_1081.JPEG,n04522168_1081,n04522168,vase,hotpot_vase,0,0,,,0,
n04522168_10823.JPEG,n04522168_10823,n04522168,vase,hotpot_vase,0,0,,,0,
n04522168_10824.JPEG,n04522168_10824,n04522168,vase,hotpot_vase,0,1,,,0,
n04522168_10840.JPEG,n04522168_10840,n04522168,vase,hotpot_vase,1,1,Vase,pottery|vase,2,"This vase was made during filming of a Blue Collar episode in Season 1 (2004), where the guys went to Mudfire in Atlanta to learn to make pottery. I was there as a background person, just working in the studio. I ended up on camera, with this pot and myself being poked fun at by Larry the Cable Guy."
n04522168_10846.JPEG,n04522168_10846,n04522168,vase,hotpot_vase,0,1,,,0,
n04522168_10905.JPEG,n04522168_10905,n04522168,vase,hotpot_vase,0,1,,,0,
n04522168_10918.JPEG,n04522168_10918,n04522168,vase,hotpot_vase,0,1,,,0,
n04522168_10937.JPEG,n04522168_10937,n04522168,vase,hotpot_vase,0,0,,,0,
n04522168_10953.JPEG,n04522168_10953,n04522168,vase,hotpot_vase,0,1,,,0,
n04522168_10988.JPEG,n04522168_10988,n04522168,vase,hotpot_vase,1,1,Two Vases,vase|vases|bud vase|blue|gray|grey|black|purple|light|shadow|bright|water|glass|violet|ABigFave|top-v111,16,I liked the pattern of light shining through these bud vases.
n04522168_11033.JPEG,n04522168_11033,n04522168,vase,hotpot_vase,0,0,,,0,
n04522168_11078.JPEG,n04522168_11078,n04522168,vase,hotpot_vase,0,1,,,0,
n04522168_11086.JPEG,n04522168_11086,n04522168,vase,hotpot_vase,0,1,,,0,
n04522168_11135.JPEG,n04522168_11135,n04522168,vase,hotpot_vase,0,0,,,0,
n04522168_11144.JPEG,n04522168_11144,n04522168,vase,hotpot_vase,0,1,,,0,
n04522168_11146.JPEG,n04522168_11146,n04522168,vase,hotpot_vase,0,1,,,0,
n04522168_11157.JPEG,n04522168_11157,n04522168,vase,hotpot_vase,0,1,,,0,
n04522168_11159.JPEG,n04522168_11159,n04522168,vase,hotpot_vase,0,1,,,0,
n04522168_11209.JPEG,n04522168_11209,n04522168,vase,hotpot_vase,0,0,,,0,
n04522168_11216.JPEG,n04522168_11216,n04522168,vase,hotpot_vase,0,1,,,0,
n04522168_11250.JPEG,n04522168_11250,n04522168,vase,hotpot_vase,0,1,,,0,
n04522168_11267.JPEG,n04522168_11267,n04522168,vase,hotpot_vase,0,0,,,0,
n04522168_11283.JPEG,n04522168_11283,n04522168,vase,hotpot_vase,0,0,,,0,
n04522168_11284.JPEG,n04522168_11284,n04522168,vase,hotpot_vase,0,0,,,0,
n04522168_11329.JPEG,n04522168_11329,n04522168,vase,hotpot_vase,0,0,,,0,
n04522168_11339.JPEG,n04522168_11339,n04522168,vase,hotpot_vase,0,1,,,0,
n04522168_11383.JPEG,n04522168_11383,n04522168,vase,hotpot_vase,0,1,,,0,
n04522168_11391.JPEG,n04522168_11391,n04522168,vase,hotpot_vase,0,0,,,0,
n04522168_11451.JPEG,n04522168_11451,n04522168,vase,hotpot_vase,1,1,Vintage Porsgrund vase,Vintage|retro|60s|70s|Porsgrund|vase|gold|porcelain,8,"Vintage Porsgrund studio vase found supercheap at a garagesale in northern Norway. Love this pattern, and it is extra special to me since it is made in my birthtown."
n04522168_11459.JPEG,n04522168_11459,n04522168,vase,hotpot_vase,0,0,,,0,
n04522168_11470.JPEG,n04522168_11470,n04522168,vase,hotpot_vase,1,1,"Japanese vase, old wilting rose",lace|light|shadow|vase|rose|texture|topv111|topv333|top-v555,9,"This Japanese vase was bought by my grandmother in Burma before the war. A painted flower has rubbed off over the years, leaving only the elegant curve in black that you can see. I played with the viewing angle to get the most I could out of the shadows on the lace table cloth. I find it amazing that just light can bring out the difference in three textures: cloth, petal and glass."
n04522168_11507.JPEG,n04522168_11507,n04522168,vase,hotpot_vase,0,0,,,0,
n04522168_1152.JPEG,n04522168_1152,n04522168,vase,hotpot_vase,0,1,,,0,
n04522168_11522.JPEG,n04522168_11522,n04522168,vase,hotpot_vase,1,1,V is for vase.,vase|display|learn|english|learn English|alphabet,6,This vase was at the hairdressers.
n04522168_11530.JPEG,n04522168_11530,n04522168,vase,hotpot_vase,0,1,,,0,
n04522168_11533.JPEG,n04522168_11533,n04522168,vase,hotpot_vase,0,0,,,0,
n04522168_11540.JPEG,n04522168_11540,n04522168,vase,hotpot_vase,0,1,,,0,
n04522168_11545.JPEG,n04522168_11545,n04522168,vase,hotpot_vase,0,1,,,0,
n04522168_1155.JPEG,n04522168_1155,n04522168,vase,hotpot_vase,0,1,,,0,
n04522168_11608.JPEG,n04522168_11608,n04522168,vase,hotpot_vase,0,0,,,0,
n04522168_11643.JPEG,n04522168_11643,n04522168,vase,hotpot_vase,0,1,,,0,
n04522168_11650.JPEG,n04522168_11650,n04522168,vase,hotpot_vase,0,0,,,0,
n04522168_11670.JPEG,n04522168_11670,n04522168,vase,hotpot_vase,0,1,,,0,
n04522168_11685.JPEG,n04522168_11685,n04522168,vase,hotpot_vase,0,1,,,0,
n04522168_11760.JPEG,n04522168_11760,n04522168,vase,hotpot_vase,0,1,,,0,
n04522168_11763.JPEG,n04522168_11763,n04522168,vase,hotpot_vase,0,0,,,0,
n04522168_11787.JPEG,n04522168_11787,n04522168,vase,hotpot_vase,0,0,,,0,
n04522168_11788.JPEG,n04522168_11788,n04522168,vase,hotpot_vase,0,1,,,0,
n04522168_11791.JPEG,n04522168_11791,n04522168,vase,hotpot_vase,0,1,,,0,
n04522168_11809.JPEG,n04522168_11809,n04522168,vase,hotpot_vase,0,0,,,0,
n04522168_11832.JPEG,n04522168_11832,n04522168,vase,hotpot_vase,1,1,LH IIIC Stirrup Jar,mycenae|mycenaean|greece|greek|mikinai|mikines|museum|micene|museo|grecia|stirrup|jar|late|helladic|LH|IIIC|middle|granary|east|basement|pottery|ceramic|vase|bronze|age|LH IIIC|LHIIIC Middle|12th c. BCE|pleiades:findspot=570491,29,"Stirrup Jar Late Helladic (LH) IIIC Middle (1150-1100 BCE) East Basement, Granary, Mycenae  Mycenae Museum"
n04522168_11846.JPEG,n04522168_11846,n04522168,vase,hotpot_vase,0,0,,,0,
n04522168_1188.JPEG,n04522168_1188,n04522168,vase,hotpot_vase,0,1,,,0,
n04522168_11882.JPEG,n04522168_11882,n04522168,vase,hotpot_vase,1,0,vase collection,vases|colors|collection|cribsflickrstyle|giamarie|GiaHouck|Gia|Houck,8,"Part of our vase collection.  The small one on the left is a Native American wedding vessel.  Both you and your spouse drink out of it at the same time---I'm not posting the pics of that!  Yes, that is a smudge on the wall, not on the lens."
n04522168_11902.JPEG,n04522168_11902,n04522168,vase,hotpot_vase,0,0,,,0,
n04522168_11911.JPEG,n04522168_11911,n04522168,vase,hotpot_vase,0,0,,,0,
n04522168_11912.JPEG,n04522168_11912,n04522168,vase,hotpot_vase,0,1,,,0,
n04522168_11913.JPEG,n04522168_11913,n04522168,vase,hotpot_vase,0,0,,,0,
n04522168_11914.JPEG,n04522168_11914,n04522168,vase,hotpot_vase,0,0,,,0,
n04522168_1192.JPEG,n04522168_1192,n04522168,vase,hotpot_vase,1,1,Lily and Vase still life,fuji|finepix|s5600|Lily|vase|still life|side lit|beautiful|white,9,Still life of a Lily and Vase based on my other rose and vase photo. 
n04522168_11921.JPEG,n04522168_11921,n04522168,vase,hotpot_vase,0,0,,,0,
n04522168_11952.JPEG,n04522168_11952,n04522168,vase,hotpot_vase,0,1,,,0,
n04522168_12032.JPEG,n04522168_12032,n04522168,vase,hotpot_vase,0,0,,,0,
n04522168_12067.JPEG,n04522168_12067,n04522168,vase,hotpot_vase,0,1,,,0,
n04522168_12075.JPEG,n04522168_12075,n04522168,vase,hotpot_vase,0,0,,,0,
n04522168_12089.JPEG,n04522168_12089,n04522168,vase,hotpot_vase,0,0,,,0,
n04522168_1216.JPEG,n04522168_1216,n04522168,vase,hotpot_vase,0,1,,,0,
n04522168_12171.JPEG,n04522168_12171,n04522168,vase,hotpot_vase,0,1,,,0,
n04522168_12177.JPEG,n04522168_12177,n04522168,vase,hotpot_vase,0,1,,,0,
n04522168_12179.JPEG,n04522168_12179,n04522168,vase,hotpot_vase,0,1,,,0,
n04522168_12192.JPEG,n04522168_12192,n04522168,vase,hotpot_vase,0,0,,,0,
n04522168_12210.JPEG,n04522168_12210,n04522168,vase,hotpot_vase,1,1,the jar/vase/long thing i mistakened for a trashcan but it wasn't. it's purpose? i have no idea. ....who was in charge of redesigning this mall?!,mall|puente|weird|furniture|chair|why?!|not trashcan|vase|jar|what|ugh,11,"Ridiculous mall furniture (becca) July 12, 2007 "
n04522168_1222.JPEG,n04522168_1222,n04522168,vase,hotpot_vase,0,1,,,0,
n04522168_12279.JPEG,n04522168_12279,n04522168,vase,hotpot_vase,0,0,,,0,
n04522168_1228.JPEG,n04522168_1228,n04522168,vase,hotpot_vase,0,0,,,0,
n04522168_12293.JPEG,n04522168_12293,n04522168,vase,hotpot_vase,0,1,,,0,
n04522168_123.JPEG,n04522168_123,n04522168,vase,hotpot_vase,0,1,,,0,
n04522168_12336.JPEG,n04522168_12336,n04522168,vase,hotpot_vase,0,0,,,0,
n04522168_12342.JPEG,n04522168_12342,n04522168,vase,hotpot_vase,0,1,,,0,
n04522168_12351.JPEG,n04522168_12351,n04522168,vase,hotpot_vase,0,0,,,0,
n04522168_12357.JPEG,n04522168_12357,n04522168,vase,hotpot_vase,0,0,,,0,
n04522168_1236.JPEG,n04522168_1236,n04522168,vase,hotpot_vase,0,1,,,0,
n04522168_12368.JPEG,n04522168_12368,n04522168,vase,hotpot_vase,0,1,,,0,
n04522168_12375.JPEG,n04522168_12375,n04522168,vase,hotpot_vase,0,0,,,0,
n04522168_12376.JPEG,n04522168_12376,n04522168,vase,hotpot_vase,0,0,,,0,
n04522168_12389.JPEG,n04522168_12389,n04522168,vase,hotpot_vase,0,0,,,0,
n04522168_12403.JPEG,n04522168_12403,n04522168,vase,hotpot_vase,0,1,,,0,
n04522168_1241.JPEG,n04522168_1241,n04522168,vase,hotpot_vase,0,1,,,0,
n04522168_12410.JPEG,n04522168_12410,n04522168,vase,hotpot_vase,0,1,,,0,
n04522168_12432.JPEG,n04522168_12432,n04522168,vase,hotpot_vase,0,1,,,0,
n04522168_12448.JPEG,n04522168_12448,n04522168,vase,hotpot_vase,0,0,,,0,
n04522168_12455.JPEG,n04522168_12455,n04522168,vase,hotpot_vase,0,0,,,0,
n04522168_12469.JPEG,n04522168_12469,n04522168,vase,hotpot_vase,0,1,,,0,
n04522168_12491.JPEG,n04522168_12491,n04522168,vase,hotpot_vase,0,0,,,0,
n04522168_12495.JPEG,n04522168_12495,n04522168,vase,hotpot_vase,0,0,,,0,
n04522168_12592.JPEG,n04522168_12592,n04522168,vase,hotpot_vase,0,0,,,0,
n04522168_12637.JPEG,n04522168_12637,n04522168,vase,hotpot_vase,0,1,,,0,
n04522168_1270.JPEG,n04522168_1270,n04522168,vase,hotpot_vase,0,0,,,0,
n04522168_12716.JPEG,n04522168_12716,n04522168,vase,hotpot_vase,0,1,,,0,
n04522168_12720.JPEG,n04522168_12720,n04522168,vase,hotpot_vase,0,1,,,0,
n04522168_12735.JPEG,n04522168_12735,n04522168,vase,hotpot_vase,0,1,,,0,
n04522168_12741.JPEG,n04522168_12741,n04522168,vase,hotpot_vase,1,1,Mason Jar Vase,Vase|Jar|Mason,3,
n04522168_12803.JPEG,n04522168_12803,n04522168,vase,hotpot_vase,0,1,,,0,
n04522168_12814.JPEG,n04522168_12814,n04522168,vase,hotpot_vase,0,0,,,0,
n04522168_12854.JPEG,n04522168_12854,n04522168,vase,hotpot_vase,0,1,,,0,
n04522168_12860.JPEG,n04522168_12860,n04522168,vase,hotpot_vase,1,1,Sphinx moth lidded jar and cicada vessel with plum blossoms,recent work|sphinx moth jar|handbuilt cicada vase/container|pottery|porcelain and stoneware,5,The cicada vase is all my husband's work - handbuilt and sculpted. I threw the lidded jar and he  put the sculpted moth and leaf  on it.
n04522168_12881.JPEG,n04522168_12881,n04522168,vase,hotpot_vase,0,1,,,0,
n04522168_12888.JPEG,n04522168_12888,n04522168,vase,hotpot_vase,0,1,,,0,
n04522168_12894.JPEG,n04522168_12894,n04522168,vase,hotpot_vase,0,0,,,0,
n04522168_1290.JPEG,n04522168_1290,n04522168,vase,hotpot_vase,0,0,,,0,
n04522168_12901.JPEG,n04522168_12901,n04522168,vase,hotpot_vase,0,0,,,0,
n04522168_1292.JPEG,n04522168_1292,n04522168,vase,hotpot_vase,0,0,,,0,
n04522168_12932.JPEG,n04522168_12932,n04522168,vase,hotpot_vase,0,0,,,0,
n04522168_12941.JPEG,n04522168_12941,n04522168,vase,hotpot_vase,0,1,,,0,
n04522168_12959.JPEG,n04522168_12959,n04522168,vase,hotpot_vase,1,1,zsuzi vase in yellow,vases|pottery|small|diana fayt|handmade|color,6,"more newness :)  from my new small vase collection, this sweet one is named after my mom.  she measures 3&quot; in height and 4&quot; in width (the vase that is, my mom is a little taller than this vase...but just a little ;) ).  i've just put some in my shop.  Please see my <a href=""http://www.flickr.com/people/dianafayt/"">profile</a> for my shop details."
n04522168_13038.JPEG,n04522168_13038,n04522168,vase,hotpot_vase,0,1,,,0,
n04522168_13073.JPEG,n04522168_13073,n04522168,vase,hotpot_vase,1,1,thrift vase with my fav flower in summer,flower|thrift|home|decoration|vase|interior|design|display|vintage|home decoration|living|cottage|life.country.shabby.interior|house|japan|cozy|home furnishing|furniture|style|coastal|shabby chic|home design|interior design|cottonblue|thrfit|bazzar|fleamarket style|bazzar style|vintage decoration|home dressing|art|corner|bedroom|living room|apartment|small space,36,"I found this soft green glass vase in thrift store. This is my favorite flower in summer, magic flower, the color changed with the PH of the soil. And I only like this soft blue green one."
n04522168_13101.JPEG,n04522168_13101,n04522168,vase,hotpot_vase,0,0,,,0,
n04522168_13115.JPEG,n04522168_13115,n04522168,vase,hotpot_vase,0,1,,,0,
n04522168_13118.JPEG,n04522168_13118,n04522168,vase,hotpot_vase,0,1,,,0,
n04522168_13122.JPEG,n04522168_13122,n04522168,vase,hotpot_vase,0,1,,,0,
n04522168_13144.JPEG,n04522168_13144,n04522168,vase,hotpot_vase,0,0,,,0,
n04522168_13165.JPEG,n04522168_13165,n04522168,vase,hotpot_vase,0,1,,,0,
n04522168_13187.JPEG,n04522168_13187,n04522168,vase,hotpot_vase,0,1,,,0,
n04522168_13209.JPEG,n04522168_13209,n04522168,vase,hotpot_vase,0,0,,,0,
n04522168_13245.JPEG,n04522168_13245,n04522168,vase,hotpot_vase,0,1,,,0,
n04522168_13260.JPEG,n04522168_13260,n04522168,vase,hotpot_vase,0,1,,,0,
n04522168_13280.JPEG,n04522168_13280,n04522168,vase,hotpot_vase,0,0,,,0,
n04522168_13287.JPEG,n04522168_13287,n04522168,vase,hotpot_vase,1,1,Blue Glass Vase 1,blue|vase|red|wood|glass|James|Rye|James Rye|saturated|still|life|silver|yellow|OutstandingShots|Outstanding Shots Highlight|ArtLibre|Olympus|E500|flickrjob diff,19,Blue Glass Vase
n04522168_13319.JPEG,n04522168_13319,n04522168,vase,hotpot_vase,0,1,,,0,
n04522168_13328.JPEG,n04522168_13328,n04522168,vase,hotpot_vase,1,0,Vases at Hard Times,hard-times-cafe|hollister|makeshift-vase|quaint|california,5,Every flower vase at Hard Times consisted of a Del Monte Orchard Select peach jar.
n04522168_13330.JPEG,n04522168_13330,n04522168,vase,hotpot_vase,1,0,pin vases in progress (side A),pin vases|greenware|in process|diana fayt|ceramics.vases|line and color|mudfire gallery,7,"some more vases in progress for my upcoming show (and some orders too) at mudfire gallery in decatur, georgia.  see the other side of the vases in the next photo.  read more about it here <a href=""http://www.mudfire.com/line-and-color.htm"" rel=""noreferrer nofollow"">www.mudfire.com/line-and-color.htm</a>"
n04522168_13337.JPEG,n04522168_13337,n04522168,vase,hotpot_vase,0,0,,,0,
n04522168_13354.JPEG,n04522168_13354,n04522168,vase,hotpot_vase,0,0,,,0,
n04522168_13355.JPEG,n04522168_13355,n04522168,vase,hotpot_vase,0,1,,,0,
n04522168_13368.JPEG,n04522168_13368,n04522168,vase,hotpot_vase,0,1,,,0,
n04522168_134.JPEG,n04522168_134,n04522168,vase,hotpot_vase,0,1,,,0,
n04522168_13416.JPEG,n04522168_13416,n04522168,vase,hotpot_vase,0,1,,,0,
n04522168_13418.JPEG,n04522168_13418,n04522168,vase,hotpot_vase,0,1,,,0,
n04522168_13447.JPEG,n04522168_13447,n04522168,vase,hotpot_vase,0,0,,,0,
n04522168_13456.JPEG,n04522168_13456,n04522168,vase,hotpot_vase,0,1,,,0,
n04522168_13467.JPEG,n04522168_13467,n04522168,vase,hotpot_vase,0,1,,,0,
n04522168_13485.JPEG,n04522168_13485,n04522168,vase,hotpot_vase,0,1,,,0,
n04522168_13491.JPEG,n04522168_13491,n04522168,vase,hotpot_vase,0,0,,,0,
n04522168_13506.JPEG,n04522168_13506,n04522168,vase,hotpot_vase,0,1,,,0,
n04522168_13509.JPEG,n04522168_13509,n04522168,vase,hotpot_vase,0,1,,,0,
n04522168_13512.JPEG,n04522168_13512,n04522168,vase,hotpot_vase,0,0,,,0,
n04522168_13518.JPEG,n04522168_13518,n04522168,vase,hotpot_vase,0,1,,,0,
n04522168_1356.JPEG,n04522168_1356,n04522168,vase,hotpot_vase,0,0,,,0,
n04522168_13599.JPEG,n04522168_13599,n04522168,vase,hotpot_vase,0,1,,,0,
n04522168_13719.JPEG,n04522168_13719,n04522168,vase,hotpot_vase,0,1,,,0,
n04522168_13737.JPEG,n04522168_13737,n04522168,vase,hotpot_vase,0,0,,,0,
n04522168_13742.JPEG,n04522168_13742,n04522168,vase,hotpot_vase,0,1,,,0,
n04522168_13747.JPEG,n04522168_13747,n04522168,vase,hotpot_vase,0,1,,,0,
n04522168_13748.JPEG,n04522168_13748,n04522168,vase,hotpot_vase,0,1,,,0,
n04522168_13771.JPEG,n04522168_13771,n04522168,vase,hotpot_vase,0,0,,,0,
n04522168_13776.JPEG,n04522168_13776,n04522168,vase,hotpot_vase,0,0,,,0,
n04522168_1381.JPEG,n04522168_1381,n04522168,vase,hotpot_vase,1,0,"lady bug,lady bug",recycled|jar|fused|slumped|glass|vase|hanging,7,recycled jar into hanging vase
n04522168_1384.JPEG,n04522168_1384,n04522168,vase,hotpot_vase,0,0,,,0,
n04522168_13886.JPEG,n04522168_13886,n04522168,vase,hotpot_vase,0,0,,,0,
n04522168_13927.JPEG,n04522168_13927,n04522168,vase,hotpot_vase,0,1,,,0,
n04522168_13943.JPEG,n04522168_13943,n04522168,vase,hotpot_vase,0,1,,,0,
n04522168_1397.JPEG,n04522168_1397,n04522168,vase,hotpot_vase,0,0,,,0,
n04522168_13986.JPEG,n04522168_13986,n04522168,vase,hotpot_vase,0,0,,,0,
n04522168_1401.JPEG,n04522168_1401,n04522168,vase,hotpot_vase,1,1,the blue vase 2,vase|bouquet|still life|friends|ranunculus|anemone|waxflower|magenta|pink|blue|flowers|hanna.bi,12,"To <a href=""http://bombaybeauty.blogspot.com/"" rel=""noreferrer nofollow"">Bombay Beauty</a> and <a href=""http://www.lolaisbeauty.blogspot.com/"" rel=""noreferrer nofollow"">LolaisBeauty</a>: thank you for your friendship! "
n04522168_14081.JPEG,n04522168_14081,n04522168,vase,hotpot_vase,0,0,,,0,
n04522168_14089.JPEG,n04522168_14089,n04522168,vase,hotpot_vase,0,1,,,0,
n04522168_14123.JPEG,n04522168_14123,n04522168,vase,hotpot_vase,0,0,,,0,
n04522168_14131.JPEG,n04522168_14131,n04522168,vase,hotpot_vase,0,0,,,0,
n04522168_1424.JPEG,n04522168_1424,n04522168,vase,hotpot_vase,0,0,,,0,
n04522168_14272.JPEG,n04522168_14272,n04522168,vase,hotpot_vase,0,0,,,0,
n04522168_1429.JPEG,n04522168_1429,n04522168,vase,hotpot_vase,0,1,,,0,
n04522168_1430.JPEG,n04522168_1430,n04522168,vase,hotpot_vase,0,0,,,0,
n04522168_14317.JPEG,n04522168_14317,n04522168,vase,hotpot_vase,0,1,,,0,
n04522168_14326.JPEG,n04522168_14326,n04522168,vase,hotpot_vase,0,0,,,0,
n04522168_14335.JPEG,n04522168_14335,n04522168,vase,hotpot_vase,0,1,,,0,
n04522168_14377.JPEG,n04522168_14377,n04522168,vase,hotpot_vase,0,0,,,0,
n04522168_14413.JPEG,n04522168_14413,n04522168,vase,hotpot_vase,0,0,,,0,
n04522168_14449.JPEG,n04522168_14449,n04522168,vase,hotpot_vase,0,0,,,0,
n04522168_1446.JPEG,n04522168_1446,n04522168,vase,hotpot_vase,0,1,,,0,
n04522168_14517.JPEG,n04522168_14517,n04522168,vase,hotpot_vase,0,0,,,0,
n04522168_14550.JPEG,n04522168_14550,n04522168,vase,hotpot_vase,1,0,第二天,,0,過年買的花瓶總算又可以拿來用
n04522168_14564.JPEG,n04522168_14564,n04522168,vase,hotpot_vase,0,0,,,0,
n04522168_14597.JPEG,n04522168_14597,n04522168,vase,hotpot_vase,1,0,花瓶,,0,
n04522168_14611.JPEG,n04522168_14611,n04522168,vase,hotpot_vase,1,0,Ball jar wall vases!,,0,"The BIGGER ball jars, takes up a nice empty chunk of wall!"
n04522168_14637.JPEG,n04522168_14637,n04522168,vase,hotpot_vase,1,0,Tulips for J & C (and M and S!),spring flowers|tulips|ball jar|pink tulips|purple tulips|mason jar|kerr jar|mason jar as vase|mason jar vase|floral arrangement|bouquet|pink flowers|purple flowers|鬱金香,14,
n04522168_14663.JPEG,n04522168_14663,n04522168,vase,hotpot_vase,0,0,,,0,
n04522168_14713.JPEG,n04522168_14713,n04522168,vase,hotpot_vase,0,0,,,0,
n04522168_14777.JPEG,n04522168_14777,n04522168,vase,hotpot_vase,0,0,,,0,
n04522168_1481.JPEG,n04522168_1481,n04522168,vase,hotpot_vase,0,0,,,0,
n04522168_14857.JPEG,n04522168_14857,n04522168,vase,hotpot_vase,0,0,,,0,
n04522168_14905.JPEG,n04522168_14905,n04522168,vase,hotpot_vase,0,0,,,0,
n04522168_14917.JPEG,n04522168_14917,n04522168,vase,hotpot_vase,0,0,,,0,
n04522168_14930.JPEG,n04522168_14930,n04522168,vase,hotpot_vase,0,0,,,0,
n04522168_14945.JPEG,n04522168_14945,n04522168,vase,hotpot_vase,1,1,玫瑰花瓶17,,0,
n04522168_14957.JPEG,n04522168_14957,n04522168,vase,hotpot_vase,0,0,,,0,
n04522168_14963.JPEG,n04522168_14963,n04522168,vase,hotpot_vase,0,0,,,0,
n04522168_15025.JPEG,n04522168_15025,n04522168,vase,hotpot_vase,0,0,,,0,
n04522168_1508.JPEG,n04522168_1508,n04522168,vase,hotpot_vase,0,1,,,0,
n04522168_15115.JPEG,n04522168_15115,n04522168,vase,hotpot_vase,0,0,,,0,
n04522168_15122.JPEG,n04522168_15122,n04522168,vase,hotpot_vase,0,0,,,0,
n04522168_15127.JPEG,n04522168_15127,n04522168,vase,hotpot_vase,0,0,,,0,
n04522168_15134.JPEG,n04522168_15134,n04522168,vase,hotpot_vase,1,1,~The proper office of a friend is to side with you when you are in the wrong. Nearly anybody will side with you when you are in the right~,jar|texture|ArtByChrysti|vase|flower|gerbera|daisy,7,"~Mark Twain  This one goes out to <a href=""http://flickr.com/photos/shilphotos/"">flickr.com/photos/shilphotos/</a> who's photography I so admire!  FREE Textures provided by: Chrysti   <a href=""http://www.bighugelabs.com/flickr/onblack.php?id=3048347014"" rel=""noreferrer nofollow"">View On Black</a>"
n04522168_15163.JPEG,n04522168_15163,n04522168,vase,hotpot_vase,0,0,,,0,
n04522168_15191.JPEG,n04522168_15191,n04522168,vase,hotpot_vase,0,0,,,0,
n04522168_15288.JPEG,n04522168_15288,n04522168,vase,hotpot_vase,1,1,Mommy Vases,,0,These are so sweet and simple - repurposed jars etched with fun little designs.  They come in handy for so many things!  
n04522168_15345.JPEG,n04522168_15345,n04522168,vase,hotpot_vase,0,1,,,0,
n04522168_1535.JPEG,n04522168_1535,n04522168,vase,hotpot_vase,0,0,,,0,
n04522168_154.JPEG,n04522168_154,n04522168,vase,hotpot_vase,0,0,,,0,
n04522168_15403.JPEG,n04522168_15403,n04522168,vase,hotpot_vase,1,0,painting flowers,Art|painting|illustration|Celeste Goulding|i made this,5,"I did this painting in 1996, at home, but for a painting assignment at uni. I bought the flowers but the blue vase, ginger jar and saucer are mine. I bought that vase from a potter neighbour of mine Beth Robinson ... she was a great inspiration to me when i was a teenager."
n04522168_15455.JPEG,n04522168_15455,n04522168,vase,hotpot_vase,0,0,,,0,
n04522168_15462.JPEG,n04522168_15462,n04522168,vase,hotpot_vase,0,0,,,0,
n04522168_15463.JPEG,n04522168_15463,n04522168,vase,hotpot_vase,1,1,IMG_1289,,0,二姐再次整理花瓶
n04522168_1549.JPEG,n04522168_1549,n04522168,vase,hotpot_vase,0,1,,,0,
n04522168_15532.JPEG,n04522168_15532,n04522168,vase,hotpot_vase,0,0,,,0,
n04522168_15594.JPEG,n04522168_15594,n04522168,vase,hotpot_vase,0,0,,,0,
n04522168_15600.JPEG,n04522168_15600,n04522168,vase,hotpot_vase,0,0,,,0,
n04522168_15637.JPEG,n04522168_15637,n04522168,vase,hotpot_vase,0,0,,,0,
n04522168_15743.JPEG,n04522168_15743,n04522168,vase,hotpot_vase,0,0,,,0,
n04522168_15748.JPEG,n04522168_15748,n04522168,vase,hotpot_vase,1,0,CIMG2557,,0,"別小看這餐枱上的裝式 , 我也花了很大心思 , 這水晶花瓶是 Baccarat  的出品 , 内有一些銀色石春 , 可令水面泛起銀光 , 前面兩粒白色石春 , 其實係用白骨瓷所製的 , 盐樽和黑椒粉樽 , 再加幾粒金,銀石春點敪 , 能在簡潔中加添幾分貴氣 ."
n04522168_1576.JPEG,n04522168_1576,n04522168,vase,hotpot_vase,0,0,,,0,
n04522168_15779.JPEG,n04522168_15779,n04522168,vase,hotpot_vase,0,0,,,0,
n04522168_15786.JPEG,n04522168_15786,n04522168,vase,hotpot_vase,0,0,,,0,
n04522168_15819.JPEG,n04522168_15819,n04522168,vase,hotpot_vase,1,0,$8,,0,"绿萝, 含花瓶, 不含托盘(那是我微波炉用的)"
n04522168_15840.JPEG,n04522168_15840,n04522168,vase,hotpot_vase,0,0,,,0,
n04522168_15864.JPEG,n04522168_15864,n04522168,vase,hotpot_vase,0,0,,,0,
n04522168_15873.JPEG,n04522168_15873,n04522168,vase,hotpot_vase,1,1,2009 COMPUTEX,2009COMPUTEX,1,傳說中的蟠龍花瓶 PC
n04522168_15879.JPEG,n04522168_15879,n04522168,vase,hotpot_vase,1,1,Little Bouquet,little bouquet|bouquet|Grape Hyacinths|vase|glass jar|flowers|stemc|cream bottle|Bottle from Bread&Circus|texture|texture by borealnz,11,"texture by borealnz <a href=""http://www.flickr.com/photos/borealnz/3391064003/"">www.flickr.com/photos/borealnz/3391064003/</a>"
n04522168_15947.JPEG,n04522168_15947,n04522168,vase,hotpot_vase,1,0,DSC00959,古花瓶,1,
n04522168_1602.JPEG,n04522168_1602,n04522168,vase,hotpot_vase,0,0,,,0,
n04522168_1611.JPEG,n04522168_1611,n04522168,vase,hotpot_vase,0,1,,,0,
n04522168_1628.JPEG,n04522168_1628,n04522168,vase,hotpot_vase,0,0,,,0,
n04522168_16287.JPEG,n04522168_16287,n04522168,vase,hotpot_vase,0,0,,,0,
n04522168_1642.JPEG,n04522168_1642,n04522168,vase,hotpot_vase,0,1,,,0,
n04522168_1650.JPEG,n04522168_1650,n04522168,vase,hotpot_vase,0,0,,,0,
n04522168_16572.JPEG,n04522168_16572,n04522168,vase,hotpot_vase,0,1,,,0,
n04522168_16600.JPEG,n04522168_16600,n04522168,vase,hotpot_vase,0,0,,,0,
n04522168_1666.JPEG,n04522168_1666,n04522168,vase,hotpot_vase,0,1,,,0,
n04522168_16683.JPEG,n04522168_16683,n04522168,vase,hotpot_vase,0,0,,,0,
n04522168_16725.JPEG,n04522168_16725,n04522168,vase,hotpot_vase,1,1,memory,roses|flowers|bloom|blossom|bud|floral|botanical|vase|jar|glass|light|red|aqua|water|home,15,
n04522168_1673.JPEG,n04522168_1673,n04522168,vase,hotpot_vase,0,0,,,0,
n04522168_16836.JPEG,n04522168_16836,n04522168,vase,hotpot_vase,0,0,,,0,
n04522168_1696.JPEG,n04522168_1696,n04522168,vase,hotpot_vase,0,0,,,0,
n04522168_16974.JPEG,n04522168_16974,n04522168,vase,hotpot_vase,0,0,,,0,
n04522168_1704.JPEG,n04522168_1704,n04522168,vase,hotpot_vase,0,1,,,0,
n04522168_17104.JPEG,n04522168_17104,n04522168,vase,hotpot_vase,1,0,相簿 788,请互相研究,1,我家的大花瓶 它有200cm高唷
n04522168_17205.JPEG,n04522168_17205,n04522168,vase,hotpot_vase,0,0,,,0,
n04522168_17210.JPEG,n04522168_17210,n04522168,vase,hotpot_vase,0,0,,,0,
n04522168_17364.JPEG,n04522168_17364,n04522168,vase,hotpot_vase,0,0,,,0,
n04522168_17370.JPEG,n04522168_17370,n04522168,vase,hotpot_vase,0,0,,,0,
n04522168_17422.JPEG,n04522168_17422,n04522168,vase,hotpot_vase,0,1,,,0,
n04522168_17475.JPEG,n04522168_17475,n04522168,vase,hotpot_vase,0,1,,,0,
n04522168_1752.JPEG,n04522168_1752,n04522168,vase,hotpot_vase,0,1,,,0,
n04522168_17526.JPEG,n04522168_17526,n04522168,vase,hotpot_vase,1,0,sorry...,flowers|vase|ball|jar|wild,5,
n04522168_1753.JPEG,n04522168_1753,n04522168,vase,hotpot_vase,0,0,,,0,
n04522168_17568.JPEG,n04522168_17568,n04522168,vase,hotpot_vase,0,0,,,0,
n04522168_17600.JPEG,n04522168_17600,n04522168,vase,hotpot_vase,0,0,,,0,
n04522168_17625.JPEG,n04522168_17625,n04522168,vase,hotpot_vase,1,1,花瓶,ㄣ6,1,陶器工藝
n04522168_17648.JPEG,n04522168_17648,n04522168,vase,hotpot_vase,0,0,,,0,
n04522168_17665.JPEG,n04522168_17665,n04522168,vase,hotpot_vase,1,1,8,daily beauty project|stems|tall and stong|green|vintage glass jar|I use it as a vase|three|simple|mistybliss|s t i l l,10,
n04522168_17745.JPEG,n04522168_17745,n04522168,vase,hotpot_vase,1,0,The little vase I found today at flea-market,cupboard|old|vintage|retro|gypsy|chic|hippie|flowers|tray|colourful|candles|candleholder|jar,13,
n04522168_17756.JPEG,n04522168_17756,n04522168,vase,hotpot_vase,1,0,,溪頭,1,花瓶反射
n04522168_17819.JPEG,n04522168_17819,n04522168,vase,hotpot_vase,1,0,具大景泰藍花瓶與人比一比,,0,
n04522168_17820.JPEG,n04522168_17820,n04522168,vase,hotpot_vase,1,0,IMG_0792,german tourist club|mt tam|marin|mount tamalpais|flower|cut|vase|picnic|table|jar|glass|water|eetree,13,
n04522168_17830.JPEG,n04522168_17830,n04522168,vase,hotpot_vase,1,1,flowers 2.0,,0,"The anniversary flowers Troy got me were in a tall vase that got knocked over by the cat. <a href=""http://www.flickr.com/photos/saj"">Brenda</a> (who worked at a flower stand once upon a time and used to do floral arrangements for weddings and such) asked if she could rearrange the flowers. She trimmed them ruthlessly, found a shorter jar to use as a vase, and rearranged them so they looked like new."
n04522168_17859.JPEG,n04522168_17859,n04522168,vase,hotpot_vase,1,0,IMG_0021,兰花和花瓶,1,兰花和花瓶
n04522168_17908.JPEG,n04522168_17908,n04522168,vase,hotpot_vase,1,1,花瓶,ㄣ4,1,陶器工藝
n04522168_17914.JPEG,n04522168_17914,n04522168,vase,hotpot_vase,1,0,Glass jar & baby.,Purple|lilacs|flowers|vases|water|branches|green|baby|glass|jar,10,Oh I just had to!
n04522168_17919.JPEG,n04522168_17919,n04522168,vase,hotpot_vase,0,0,,,0,
n04522168_1793.JPEG,n04522168_1793,n04522168,vase,hotpot_vase,0,1,,,0,
n04522168_17943.JPEG,n04522168_17943,n04522168,vase,hotpot_vase,1,0,今天買花20元,Office,1,早上整理完書桌 吃完中餐的路上經過花店 振奮一下心情
n04522168_1796.JPEG,n04522168_1796,n04522168,vase,hotpot_vase,0,1,,,0,
n04522168_18027.JPEG,n04522168_18027,n04522168,vase,hotpot_vase,0,0,,,0,
n04522168_1804.JPEG,n04522168_1804,n04522168,vase,hotpot_vase,0,0,,,0,
n04522168_18195.JPEG,n04522168_18195,n04522168,vase,hotpot_vase,0,1,,,0,
n04522168_18207.JPEG,n04522168_18207,n04522168,vase,hotpot_vase,1,1,IMG_1555,,0,花瓶 $100  二手物品
n04522168_18361.JPEG,n04522168_18361,n04522168,vase,hotpot_vase,0,0,,,0,
n04522168_18415.JPEG,n04522168_18415,n04522168,vase,hotpot_vase,1,0,"Fake flowers in a pot, 01.15.09 [15]",pot|fakeflowers|365|015/365|011509|ceramic,6,Continuing with the jars pots or bowls theme... I suppose this is a vase but started on the wheel no doubt as a pot.... I like the faded old flowers with it...  THis was a gas fired pot. 01.15.09
n04522168_18471.JPEG,n04522168_18471,n04522168,vase,hotpot_vase,0,1,,,0,
n04522168_18497.JPEG,n04522168_18497,n04522168,vase,hotpot_vase,0,0,,,0,
n04522168_18506.JPEG,n04522168_18506,n04522168,vase,hotpot_vase,1,0,CIMG2951,,0,新买大花瓶
n04522168_18521.JPEG,n04522168_18521,n04522168,vase,hotpot_vase,1,0,陶花瓶,,0,这个没烧好
n04522168_18528.JPEG,n04522168_18528,n04522168,vase,hotpot_vase,0,0,,,0,
n04522168_18581.JPEG,n04522168_18581,n04522168,vase,hotpot_vase,0,0,,,0,
n04522168_18620.JPEG,n04522168_18620,n04522168,vase,hotpot_vase,0,1,,,0,
n04522168_18756.JPEG,n04522168_18756,n04522168,vase,hotpot_vase,1,1,DSC00961,古花瓶,1,
n04522168_18777.JPEG,n04522168_18777,n04522168,vase,hotpot_vase,1,1,san  5.20.08,may|spring|evening|lily of the valley|bud vase|jar|shadows|blue|green|white|four by 2,11,
n04522168_18794.JPEG,n04522168_18794,n04522168,vase,hotpot_vase,0,0,,,0,
n04522168_1882.JPEG,n04522168_1882,n04522168,vase,hotpot_vase,0,0,,,0,
n04522168_18859.JPEG,n04522168_18859,n04522168,vase,hotpot_vase,0,1,,,0,
n04522168_18901.JPEG,n04522168_18901,n04522168,vase,hotpot_vase,1,1,bamboo watercolor.jpg,bathroom|vines|bamboo|vase|sunlight|watercolor|jar|twirl|mirror,9,
n04522168_19066.JPEG,n04522168_19066,n04522168,vase,hotpot_vase,0,0,,,0,
n04522168_1907.JPEG,n04522168_1907,n04522168,vase,hotpot_vase,0,1,,,0,
n04522168_19080.JPEG,n04522168_19080,n04522168,vase,hotpot_vase,1,0,American Art Nouveau Glassware,new york|corning|art|museum|corning museum of glass|art museum|Decorative art|glass|20th century|vases|jars|new jersey|ohioan|north american|united states,15,"1: Vase with Leaf and Vine Decoration USA (probably Fostoria, Ohio) Fostoria Glass Company c. 1910 Item number: 59.4.351  2 and 3: Two Agate &quot;Innovation&quot; Vases USA (Brooklyn, New York) Quezal Art Glass and Decorating Company 1901 - 1905 Item number: 83.4.108; 2002.4.32  4: Ginger Jar USA (Vineland, New Jersey) Durand Art Glass 1925 - 1930 Item number: L.56.4.2002"
n04522168_192.JPEG,n04522168_192,n04522168,vase,hotpot_vase,0,0,,,0,
n04522168_19232.JPEG,n04522168_19232,n04522168,vase,hotpot_vase,0,0,,,0,
n04522168_19284.JPEG,n04522168_19284,n04522168,vase,hotpot_vase,1,1,裝飾性大花瓶,exhibition|porcelain|Sévres|瓷器|陶博館|art|陶瓷|鶯歌,8,
n04522168_19351.JPEG,n04522168_19351,n04522168,vase,hotpot_vase,1,0,復古花瓶,2007LaborDayTrip,1,
n04522168_19363.JPEG,n04522168_19363,n04522168,vase,hotpot_vase,0,1,,,0,
n04522168_19374.JPEG,n04522168_19374,n04522168,vase,hotpot_vase,1,1,艺术作品 - 插花 Work of Art,,0,"信手摘下紫丁香一枝两枝,然后又折了支我还不知她名的清香花朵, 没有费心搭配,随手往花瓶里一插, 啊, 真是一幅艺术作品. (在进门处厅廊里)"
n04522168_19404.JPEG,n04522168_19404,n04522168,vase,hotpot_vase,1,0,how design students eat,utensils|mug|fork|knife|spoon|spork|knork|bowl|tiffen|thermos|bottle|jar|bag,13,  A snoop about the studio looking at the utensils and containers that people have at school 
n04522168_19414.JPEG,n04522168_19414,n04522168,vase,hotpot_vase,1,1,8_12 綠中海 Sea Villa,Malaysia|Pangkor Laut Resort|馬來西亞|綠中海|渡假村|Resort,6,盥洗台的花瓶
n04522168_1942.JPEG,n04522168_1942,n04522168,vase,hotpot_vase,0,1,,,0,
n04522168_19498.JPEG,n04522168_19498,n04522168,vase,hotpot_vase,0,0,,,0,
n04522168_19520.JPEG,n04522168_19520,n04522168,vase,hotpot_vase,1,1,在Greek Town的花瓶,Lincoln|Park|Zoo|Ronny's|Greek|Town|Jordan|Union|Center,9,
n04522168_19546.JPEG,n04522168_19546,n04522168,vase,hotpot_vase,1,0,Bon Voyage,bookshelf|shelf|bedroom|linocut|print|bon voyage|image|art|frame|flowers|bouquet|roses|yellow roses|vase|jam jar|lace|ribbon|bow|white|yellow|turquoise|green,22,On the top of my bookshelf.
n04522168_19559.JPEG,n04522168_19559,n04522168,vase,hotpot_vase,1,0,THE CRACK,clay|pot|jar|face|crack|art|pottery|ceramic|fear,9,This is a clay vase or cup that I made in art class but unfortunately it was stolen.
n04522168_19588.JPEG,n04522168_19588,n04522168,vase,hotpot_vase,0,0,,,0,
n04522168_196.JPEG,n04522168_196,n04522168,vase,hotpot_vase,1,1,Stem vase,ceramics|vase|Karin Eriksson,3,Here's a small preview of a vase that I've had in my collection before. I made the original version during my first year at Central St Martins (10 years ago!!) and its been through a few changes since. 
n04522168_1964.JPEG,n04522168_1964,n04522168,vase,hotpot_vase,0,0,,,0,
n04522168_19683.JPEG,n04522168_19683,n04522168,vase,hotpot_vase,1,1,花瓶,櫥窗設計|101|甜甜|stella|trista,5,這應該也算櫥窗設計的一種吧?
n04522168_197.JPEG,n04522168_197,n04522168,vase,hotpot_vase,0,0,,,0,
n04522168_19715.JPEG,n04522168_19715,n04522168,vase,hotpot_vase,1,1,September 5,by noon|morning|september|oats|project|collaboration|home|photoblog|blog|vases|jars|collection|color|yellow|texture|year one|oatmeal by noon|project365|oats1,19,I have been pretty into yellow this week.
n04522168_19719.JPEG,n04522168_19719,n04522168,vase,hotpot_vase,0,1,,,0,
n04522168_19720.JPEG,n04522168_19720,n04522168,vase,hotpot_vase,1,0,鲜花果品 - 康乃馨 Carnation,,0,"6月21日,多伦多小天使合唱团为儿童癌症基金会筹款的慈善音乐会成功举办,掌声过后,小演员们拿着鲜花和证书回家了,花瓶里还剩下10支康乃馨,指挥Matthew借花献佛把花都给了我. 10支康乃馨, 意味着十全十美. (碗里是今年第一次从前院采下来的黑莓)"
n04522168_19786.JPEG,n04522168_19786,n04522168,vase,hotpot_vase,0,1,,,0,
n04522168_1982.JPEG,n04522168_1982,n04522168,vase,hotpot_vase,0,0,,,0,
n04522168_19836.JPEG,n04522168_19836,n04522168,vase,hotpot_vase,1,1,Spicy daisy.,spicy nothings|indian cusine|curry|india|flower|daisy|all natural|san diego|cooking|recycle|Picnik|vindaloo|masala|korma|vegetarian|gluten free,16,"After my cats sucessfully knocked over my vase of flowers, this was the only flower who made it out alive. I cut the stem down and put it into a recently emptied Spicy Nothings jar.  Spicy Nothings is a local San Diego brand of curry simmer sauces. All natural, no fillers, gluten-free... mouthwatering. <a href=""http://www.spicynothings.com"" rel=""noreferrer nofollow"">www.spicynothings.com</a>"
n04522168_19850.JPEG,n04522168_19850,n04522168,vase,hotpot_vase,0,1,,,0,
n04522168_19880.JPEG,n04522168_19880,n04522168,vase,hotpot_vase,1,0,毛毛球花札連花瓶,,0,共＄２５，淨毛毛球花札＄５，　淨花瓶＄２０，　請電95539583
n04522168_19895.JPEG,n04522168_19895,n04522168,vase,hotpot_vase,0,1,,,0,
n04522168_19947.JPEG,n04522168_19947,n04522168,vase,hotpot_vase,0,0,,,0,
n04522168_2000.JPEG,n04522168_2000,n04522168,vase,hotpot_vase,0,0,,,0,
n04522168_20029.JPEG,n04522168_20029,n04522168,vase,hotpot_vase,0,0,,,0,
n04522168_2011.JPEG,n04522168_2011,n04522168,vase,hotpot_vase,0,1,,,0,
n04522168_20173.JPEG,n04522168_20173,n04522168,vase,hotpot_vase,0,1,,,0,
n04522168_20312.JPEG,n04522168_20312,n04522168,vase,hotpot_vase,0,0,,,0,
n04522168_2037.JPEG,n04522168_2037,n04522168,vase,hotpot_vase,0,1,,,0,
n04522168_2044.JPEG,n04522168_2044,n04522168,vase,hotpot_vase,0,0,,,0,
n04522168_2047.JPEG,n04522168_2047,n04522168,vase,hotpot_vase,1,1,The Vase and the Lone Rose,vase|terracotta|red rose|rose|athome|chitra|dslr|canon400d|canon digital rebel xti|Canon EF 100mm f/2.8 Macro USM|explored|On Explore: Feb 23 2008 #132|photoshop|Chitra Aiyer|Chitra Aiyer Photography|Female Indian Photographer|Female Photographer|Lady Photographer,18,"The terracotta vase you see here is something I made on the potter's wheel a few years ago. When it came out of the kiln, it had some nice colors and patterns.  PS: Do you see the irregularities? :)  ."
n04522168_20534.JPEG,n04522168_20534,n04522168,vase,hotpot_vase,0,0,,,0,
n04522168_20575.JPEG,n04522168_20575,n04522168,vase,hotpot_vase,1,0,,Green|Yellow|Orange|Glass|Jar|Cup|Vase|Window|Virginia|City|Nevada|Racheℓ.,12,
n04522168_20605.JPEG,n04522168_20605,n04522168,vase,hotpot_vase,0,0,,,0,
n04522168_2062.JPEG,n04522168_2062,n04522168,vase,hotpot_vase,0,0,,,0,
n04522168_2071.JPEG,n04522168_2071,n04522168,vase,hotpot_vase,0,1,,,0,
n04522168_20753.JPEG,n04522168_20753,n04522168,vase,hotpot_vase,0,0,,,0,
n04522168_20755.JPEG,n04522168_20755,n04522168,vase,hotpot_vase,1,0,20070107_Beijing15,Beijing| Pan's Antique Market,2,不均勻美的紅花瓶
n04522168_20789.JPEG,n04522168_20789,n04522168,vase,hotpot_vase,0,0,,,0,
n04522168_2081.JPEG,n04522168_2081,n04522168,vase,hotpot_vase,0,1,,,0,
n04522168_20828.JPEG,n04522168_20828,n04522168,vase,hotpot_vase,1,0,IMG_3613,flower|vase|花|花瓶|玫瑰|rose,6,
n04522168_20856.JPEG,n04522168_20856,n04522168,vase,hotpot_vase,1,0,"Untitled, (Gourd Vase)",ceramics|2008|sculpture,3,"New work from 2008. Gourd Vase from 3 thrown jars, cut up and reassembled. Celadon glaze."
n04522168_20885.JPEG,n04522168_20885,n04522168,vase,hotpot_vase,1,0,小花瓶,,0,
n04522168_20899.JPEG,n04522168_20899,n04522168,vase,hotpot_vase,1,1,THE CRACK,clay|pot|jar|face|crack|art|pottery|ceramic|fear,9,This is a clay vase or cup that I made in art class but unfortunately it was stolen.
n04522168_20933.JPEG,n04522168_20933,n04522168,vase,hotpot_vase,1,0,Coffee Jar now becomes Flower Vase,,0,Tie a ...purple ribbon round the old ...coffee jar ;))
n04522168_20945.JPEG,n04522168_20945,n04522168,vase,hotpot_vase,1,0,Wares,Warwick Castle|Warwick|medieval|re-enactment|costume|play|period|historical|The Wars of the Roses Federation|WOTRF|Canon EOS350D|glass|bottle|pottery|bowl|jar|vase|England|U.K.|history,20,"Medieval re-enactment @ Warwick castle, Easter Holiday, 2009"
n04522168_20984.JPEG,n04522168_20984,n04522168,vase,hotpot_vase,1,1,Ribbonrie,ribbon|jar|fabric|stamped|handmade|printed|Banana Frog|pink|green|flowers|tulip|vase|circles|spots|hand-printed|craft,16,"Hand-stamped ribbon project for <a href=""http://bananafrog.typepad.com/bananafrogblog/2009/02/project-of-the-day-ribbonrie.html"" rel=""noreferrer nofollow"">Banana Frog</a>.    "
n04522168_21002.JPEG,n04522168_21002,n04522168,vase,hotpot_vase,1,1,on sale,3姨家收藏,1,特有台灣肖楠木-花瓶-on sale
n04522168_21021.JPEG,n04522168_21021,n04522168,vase,hotpot_vase,1,0,12,wedding|sweet|candy bar|sweet table|sweetie table|vase|fruit bowl|jar|glass|bright|colourful|multi-coloured,12,
n04522168_21141.JPEG,n04522168_21141,n04522168,vase,hotpot_vase,0,0,,,0,
n04522168_21191.JPEG,n04522168_21191,n04522168,vase,hotpot_vase,0,0,,,0,
n04522168_2121.JPEG,n04522168_2121,n04522168,vase,hotpot_vase,0,0,,,0,
n04522168_21254.JPEG,n04522168_21254,n04522168,vase,hotpot_vase,0,0,,,0,
n04522168_2131.JPEG,n04522168_2131,n04522168,vase,hotpot_vase,0,0,,,0,
n04522168_21320.JPEG,n04522168_21320,n04522168,vase,hotpot_vase,1,0,DSC00756,古花瓶,1,
n04522168_21379.JPEG,n04522168_21379,n04522168,vase,hotpot_vase,1,0,Terracotta Nestoris (two-handled jar),new york|new york city|nyc|museum|metropolitan museum of art|Art,6,"Terracotta Nestoris (two-handled jar)    On the body: Youth extending a bird toward a woman   On the neck: Head and wings of Nike    Greek South Italian, Lucanian, red-figure, ca 360-350 BC Attributed to the Painter of New York  While most shapes in South Italian vase-painting depended on Attic models, the nestoris is indigenous.  It developed from the Messapian trozella and was adopted in Lucania earlier then in other regions such as Apulia."
n04522168_21425.JPEG,n04522168_21425,n04522168,vase,hotpot_vase,1,1,"Per Rehfeldt, vase porcelain",Per Rehfeldt|rehfeldt|art pottery|art ceramics|stoneware|porcelæn|porcelain|stentøj|steinzeug|hånddrejet|begitning|glasur|glaseret|Bornholm|Gudhjem|Unia|kunst|kunsthådnværk|bemalet|dekoreret|gasovn|lidded jar|lågkrukke|vase|skål,25,Made by Per Rehfeldt. The item is on to find in the website rehfeldt.dk (not a business-site)
n04522168_21433.JPEG,n04522168_21433,n04522168,vase,hotpot_vase,1,1,~Life itself is the most wonderful fairy tale~,texture|ArtByChrysti|vase|jar|gerbera|daisy|I love this jar|jar lurv. I has it,8,"~Hans Christian Andersen  Happy Thursday everyone! Where are these weeks going?!! I have to start Christmas shopping very soon!!  FREE Textures provided by: Chrysti   <a href=""http://www.bighugelabs.com/flickr/onblack.php?id=3045876818&amp;size=large"" rel=""noreferrer nofollow"">View On Black</a>  Made Explore November 20th #303 - thanks guys:)"
n04522168_21453.JPEG,n04522168_21453,n04522168,vase,hotpot_vase,1,0,web-dijon005,錫盒,1,櫃上放著婆婆的收藏品：錫盒。有來自黎巴嫩的手工錫盒，也有來自埃及與阿拉伯。裝著紫紅罌粟花的花瓶是手工打造的玻璃瓶，上頭有金漆裝飾，後頭的油燈有將近100年的歷史。 
n04522168_21481.JPEG,n04522168_21481,n04522168,vase,hotpot_vase,0,0,,,0,
n04522168_2149.JPEG,n04522168_2149,n04522168,vase,hotpot_vase,0,1,,,0,
n04522168_21535.JPEG,n04522168_21535,n04522168,vase,hotpot_vase,0,0,,,0,
n04522168_21599.JPEG,n04522168_21599,n04522168,vase,hotpot_vase,0,0,,,0,
n04522168_21620.JPEG,n04522168_21620,n04522168,vase,hotpot_vase,0,1,,,0,
n04522168_21627.JPEG,n04522168_21627,n04522168,vase,hotpot_vase,1,1,Terracotta Panathenaic prize amphora (jar),new york|new york city|nyc|museum|metropolitan museum of art|Art,6,"Terracotta Panathenaic prize amphora Greek, Attic, black-figure, ca. 490 BC Attributed to the Kleophrades Painter Obverse, Athena Reverse, chariot race  From the second quarter of the sixth century BC on, victors in the contests of the Panathenaic festival in Athens were awarded a standardized amphora containing one metretes (about forty-one quarts) of olive oil from the sacred groves in Attica.  The official decoration on the front was a picture of a statue of Athena, fully armed.  The scene on the back showed the event for which the prize was awarded.  The Kleophrades Painter is credited with the largest number of extant prize amphorae of any Athenian vase painter."
n04522168_21666.JPEG,n04522168_21666,n04522168,vase,hotpot_vase,1,1,小糰跟花瓶的比較,,0,我的肚子有比它大嗎? 媽媽說我太瘦了...
n04522168_21694.JPEG,n04522168_21694,n04522168,vase,hotpot_vase,0,0,,,0,
n04522168_21741.JPEG,n04522168_21741,n04522168,vase,hotpot_vase,0,0,,,0,
n04522168_21752.JPEG,n04522168_21752,n04522168,vase,hotpot_vase,1,1,Overblown Roses,roses|red|multi-colored|cabbage roses|candy jar vase|valentine's day|d40x,7,
n04522168_21769.JPEG,n04522168_21769,n04522168,vase,hotpot_vase,1,0,Tilted,bottle|green bottle|glass|jar|vase,5,"EXPLORE - August 1, 2009"
n04522168_21809.JPEG,n04522168_21809,n04522168,vase,hotpot_vase,0,0,,,0,
n04522168_2190.JPEG,n04522168_2190,n04522168,vase,hotpot_vase,0,0,,,0,
n04522168_22093.JPEG,n04522168_22093,n04522168,vase,hotpot_vase,1,1,花瓶 042,,0,
n04522168_22099.JPEG,n04522168_22099,n04522168,vase,hotpot_vase,1,1,310140 花瓶,,0,
n04522168_22193.JPEG,n04522168_22193,n04522168,vase,hotpot_vase,0,0,,,0,
n04522168_22207.JPEG,n04522168_22207,n04522168,vase,hotpot_vase,1,0,,plant|brown glass|yellow glass|glass|jar|vase|window|yellow|vine|stem,10,
n04522168_22223.JPEG,n04522168_22223,n04522168,vase,hotpot_vase,1,0,Casa Fra Ja Ri,Intérieur|Serrure|Vase|Lustre en fer forgé|Keyhole|Jar|Lustre,7,
n04522168_22246.JPEG,n04522168_22246,n04522168,vase,hotpot_vase,1,0,16,wedding|sweet|candy bar|sweet table|sweetie table|vase|fruit bowl|jar|glass|bright|colourful|multi-coloured,12,
n04522168_22341.JPEG,n04522168_22341,n04522168,vase,hotpot_vase,1,0,glass jar front,,0,I bought a canister for the wedding. I want to use it for a vase I'm going to start scoring thrift stores for more of them 
n04522168_22352.JPEG,n04522168_22352,n04522168,vase,hotpot_vase,0,0,,,0,
n04522168_22399.JPEG,n04522168_22399,n04522168,vase,hotpot_vase,1,1,Vase,Thanksgiving|Autumn|Cranberries|Table|glass|jar|table setting|Nikon|D40,9,
n04522168_2243.JPEG,n04522168_2243,n04522168,vase,hotpot_vase,0,0,,,0,
n04522168_22432.JPEG,n04522168_22432,n04522168,vase,hotpot_vase,1,0,Turquoise and black vase/utensil jar,,0,Hand thrown large bowl with colored slip design.   Kitchen safe clay and glaze
n04522168_22510.JPEG,n04522168_22510,n04522168,vase,hotpot_vase,0,0,,,0,
n04522168_22530.JPEG,n04522168_22530,n04522168,vase,hotpot_vase,1,0,trial bouquets!,,0,"my bouquet (right), the bridesmaids' bouquet (left), with tea tins that will be used for the centerpieces. clear glass vases won't be used. Instead, I have antique blue mason jars. ------ and I failed to get a really nice photo of my bouquet, but it's REALLY pretty. the photos do not do it justice. it's got antique blue hydrangeas, ivory and yellow roses, billy balls, some really cool yellow and magenta blooms (I don't know what they're called), and two large, red dahlias. will be wrapped in pewter ribbon with a locket that carries a photo of my dad."
n04522168_22553.JPEG,n04522168_22553,n04522168,vase,hotpot_vase,1,1,Onyx Pedestal Sink,Onyx|Pedestal|Sink|Onyx Tiles|Marble Tiles|Onyx vases|marble vases|onyx urns|marble urns|onyx tumbles|onyx table|onyx tissue box|onyx stair steps|onyx pedestals|marble pedestals|onyx pedestal sinks|marble pedestal sink|marble paperweight|onyx paperweight|onyx slabs|marble slabs|onyx cubes|marble obelisks|teakwood slabs|marble lamps|marble jewelry box|onyx jewelry box|marble jars|onyx jars,29,Manufacturer and exporter of onyx Pedestal Sink
n04522168_22568.JPEG,n04522168_22568,n04522168,vase,hotpot_vase,1,0,Raku vases and jars,pottery|marthalynn.ca,2,
n04522168_22587.JPEG,n04522168_22587,n04522168,vase,hotpot_vase,1,1,96生日花束,禮物,1,花瓶1
n04522168_22622.JPEG,n04522168_22622,n04522168,vase,hotpot_vase,0,1,,,0,
n04522168_2265.JPEG,n04522168_2265,n04522168,vase,hotpot_vase,0,0,,,0,
n04522168_2268.JPEG,n04522168_2268,n04522168,vase,hotpot_vase,0,0,,,0,
n04522168_22747.JPEG,n04522168_22747,n04522168,vase,hotpot_vase,0,0,,,0,
n04522168_22760.JPEG,n04522168_22760,n04522168,vase,hotpot_vase,0,1,,,0,
n04522168_22765.JPEG,n04522168_22765,n04522168,vase,hotpot_vase,0,1,,,0,
n04522168_2279.JPEG,n04522168_2279,n04522168,vase,hotpot_vase,0,1,,,0,
n04522168_22792.JPEG,n04522168_22792,n04522168,vase,hotpot_vase,1,0,塑料瓶玫瑰,,0,每次搬家花瓶肯定是首先扔掉的东西，但我们总是时不时买花，只好用果汁瓶了
n04522168_22802.JPEG,n04522168_22802,n04522168,vase,hotpot_vase,0,1,,,0,
n04522168_22900.JPEG,n04522168_22900,n04522168,vase,hotpot_vase,1,0,Ancient Phyrgian Pottery at King Midas' Palace at Ancient Gordium City Near Ankara,Ankara Gordion|archaeology|archeology|artifact|artifacts|ancient|art|museum|Antiquities|Antiquity|Ankara|travel|turkey|trip|voyageanatolia|voyage|anatolia|fotogezi|turkiye|türkiye|vacation|king|midas|history|Gordion|gordium|frig|city|Phrygia|Phrygians|Phrygian|pot|pottery|ceramic|Terra|cotta|earthenware|Terracotta|cup|Chalice|mug|goblet|vase|jar|pithos|urn|amphora|clay|ewer|Pitcher|container|Vessel|bottle|anatolian|Турцыя|Turska|Турция|Turquia|Tyrkiet|Türkei|Turquía|Turquie|Turchia|トルコ|تركيا|Туреччина|土耳其,67,"Phyrgian pottery of King Midas' Palace at ancient Gordium City near Ankara.  <a href=""http://ancient-anatolia.blogspot.com/search?q=midas&amp;max-results=6"" rel=""noreferrer nofollow"">Searching traces of King Midas in ancient Anatolia</a>... <a href=""http://voyageanatolia.blogspot.com/search?q=midas&amp;max-results=6"" rel=""noreferrer nofollow"">Voyage Anatolia</a>"
n04522168_22944.JPEG,n04522168_22944,n04522168,vase,hotpot_vase,0,0,,,0,
n04522168_23025.JPEG,n04522168_23025,n04522168,vase,hotpot_vase,1,0,96生日花束,禮物,1,"花太多了,只能分裝2個花瓶... 40歲生日咩,呵呵...."
n04522168_23061.JPEG,n04522168_23061,n04522168,vase,hotpot_vase,0,0,,,0,
n04522168_23287.JPEG,n04522168_23287,n04522168,vase,hotpot_vase,1,0,flowers in exchange for breakfast,,0,"breakfast date  woke up early, walked over to publix and made a breakfast of healthy pancakes + cantaloupe + coffee. my breakfast guest brought flowers so that she wouldn't come empty handed. i only have one vase so i went green and put the flowers in a glass jar i had laying around"
n04522168_23293.JPEG,n04522168_23293,n04522168,vase,hotpot_vase,1,0,S7301165,glass|vases|bottles|jars,4,
n04522168_23335.JPEG,n04522168_23335,n04522168,vase,hotpot_vase,1,1,花瓶,ㄣ1,1,陶器工藝
n04522168_23337.JPEG,n04522168_23337,n04522168,vase,hotpot_vase,1,0,Theresa's desk - yes - it comes with candy,desk|candy|candy jar|flowers|work|York Peppermint Pattie|Nestle Crunch|Bertie Botts,8,This photo helps explain why I visit Theresa 3-5 times a day...
n04522168_2338.JPEG,n04522168_2338,n04522168,vase,hotpot_vase,0,1,,,0,
n04522168_23480.JPEG,n04522168_23480,n04522168,vase,hotpot_vase,0,0,,,0,
n04522168_23491.JPEG,n04522168_23491,n04522168,vase,hotpot_vase,1,1,milk jar vase,,0,
n04522168_23523.JPEG,n04522168_23523,n04522168,vase,hotpot_vase,1,1,家里的花,花|逆光|花瓶|光,4,家里的花。偶得。尚喜。
n04522168_23536.JPEG,n04522168_23536,n04522168,vase,hotpot_vase,1,0,玫瑰花瓶12,,0,
n04522168_23625.JPEG,n04522168_23625,n04522168,vase,hotpot_vase,0,1,,,0,
n04522168_23632.JPEG,n04522168_23632,n04522168,vase,hotpot_vase,1,0,100_0714,recycled|jar|vase|polymer|clay|stocking,6,slumped wall vase decorated for christmas with a christmas stocking from a polymer clay cane inside jar 
n04522168_23657.JPEG,n04522168_23657,n04522168,vase,hotpot_vase,1,1,有鶴的花瓶,陶瓷博物館|陶博館|鶯歌|Yingge|Ceramics|Museum,6,
n04522168_2366.JPEG,n04522168_2366,n04522168,vase,hotpot_vase,0,0,,,0,
n04522168_23708.JPEG,n04522168_23708,n04522168,vase,hotpot_vase,1,0,covered jar ceramics 15,ceramicpix|ceramics and pottery|home decor|jar|kitchen|pottery|stoneware|ceramic|covered jar|black|brown|spotted|lid|olive green|rustic,15,"ceramics and pottery, kitchen, home decor, decoration, pale green, green, pitcher, three, no handle, ceramic, clay, porcelain, vase, emt etsy mud team, ceramicpix, "
n04522168_23735.JPEG,n04522168_23735,n04522168,vase,hotpot_vase,0,0,,,0,
n04522168_23793.JPEG,n04522168_23793,n04522168,vase,hotpot_vase,0,1,,,0,
n04522168_2382.JPEG,n04522168_2382,n04522168,vase,hotpot_vase,0,1,,,0,
n04522168_23837.JPEG,n04522168_23837,n04522168,vase,hotpot_vase,1,0,George W. Horner & Co. Vintage Tin,horner|tin|vintage|pyrex|pink|daisies|casserole|white|hazel atlas|green ivy|bowl|china|floral|bavarian|johann haviland|rosebud|large platter|walnut|milk glass|vase|westmoreland|sugar bowl|saucer|creamer|porcelain|crystal|stemware|cornflower|mod|retro|sky blue|glass jar|bowls,33,
n04522168_23840.JPEG,n04522168_23840,n04522168,vase,hotpot_vase,0,0,,,0,
n04522168_23845.JPEG,n04522168_23845,n04522168,vase,hotpot_vase,1,0,Hanging lovelies...,,0,Vases with flowers hung sweetly while 100's of mason jars filled with dried peas and votives provided sparkle.
n04522168_23866.JPEG,n04522168_23866,n04522168,vase,hotpot_vase,1,0,花瓶,米蘭行,1,
n04522168_23893.JPEG,n04522168_23893,n04522168,vase,hotpot_vase,1,0,Still Life,still|life|money|plant|pickle|jar|glass|vase,8,Artist: Ramya Julian
n04522168_23905.JPEG,n04522168_23905,n04522168,vase,hotpot_vase,0,0,,,0,
n04522168_23910.JPEG,n04522168_23910,n04522168,vase,hotpot_vase,0,0,,,0,
n04522168_23968.JPEG,n04522168_23968,n04522168,vase,hotpot_vase,1,0,Still Life,oil|pastel,2,"Interpretation of vase; only the plants with leaves were actually in the vase, and the vase was really an old jar."
n04522168_24015.JPEG,n04522168_24015,n04522168,vase,hotpot_vase,1,0,cute pink,pink|ceramic|vintage|milk glass|lacy|compote|vase|thumbprint|flowers|rose|white|chocolate pot|teapot|wheelock|germany|porcelain|bowls|plates|silver wheat|apothecary jar|irridescent|earrings|glass beads,23,
n04522168_24017.JPEG,n04522168_24017,n04522168,vase,hotpot_vase,1,0,Easter Pretty,flowers|daffodils|Easter|spring|Fauchon|moutarde|jars|light|yellow|moutarde d'antan|home|pad|apartment|mustard jars|vase|pale|sunlight|my faves,18,
n04522168_24032.JPEG,n04522168_24032,n04522168,vase,hotpot_vase,1,0,purple fairy pot,tooth fairy|pot|vase|mini|miniature|jar|container|doll house|tiny|beaded|rhinestone|star|polymer clay|shiny|face|whimsy|whimsical,17,"A little pot for fairy dust,  Tiny sparkling beads, and twinkling silver shiny stars,  Propped on tiny feet.  This tiny pot is 5/8&quot; tall. Think of the tiny secrets it could hold for you, or the resident fairy.  It would make a wonderful tooth fairy pot. The opening is the perfect size for a tooth, and no digging under the pillow. Just place the pot on a nightstand.  Available in my SpiritMama etsy shop. "
n04522168_24039.JPEG,n04522168_24039,n04522168,vase,hotpot_vase,1,0,small vases,flowers|jars,2,I love these small vases filled with flowers.  
n04522168_24105.JPEG,n04522168_24105,n04522168,vase,hotpot_vase,0,0,,,0,
n04522168_2411.JPEG,n04522168_2411,n04522168,vase,hotpot_vase,0,0,,,0,
n04522168_24110.JPEG,n04522168_24110,n04522168,vase,hotpot_vase,1,0,DSC00672,古花瓶,1,
n04522168_24135.JPEG,n04522168_24135,n04522168,vase,hotpot_vase,0,0,,,0,
n04522168_24178.JPEG,n04522168_24178,n04522168,vase,hotpot_vase,0,0,,,0,
n04522168_24190.JPEG,n04522168_24190,n04522168,vase,hotpot_vase,1,0,花與豆豆系列 3,doudou,1,牠好喜歡隔著花瓶看自己的手手                                          
n04522168_24220.JPEG,n04522168_24220,n04522168,vase,hotpot_vase,0,0,,,0,
n04522168_2428.JPEG,n04522168_2428,n04522168,vase,hotpot_vase,0,1,,,0,
n04522168_24357.JPEG,n04522168_24357,n04522168,vase,hotpot_vase,0,0,,,0,
n04522168_24396.JPEG,n04522168_24396,n04522168,vase,hotpot_vase,1,0,Amora,,0,尋無花瓶 醬瓜瓶先充當一下
n04522168_24405.JPEG,n04522168_24405,n04522168,vase,hotpot_vase,0,0,,,0,
n04522168_24429.JPEG,n04522168_24429,n04522168,vase,hotpot_vase,1,1,高木さんから新居祝でいただいた、花瓶。弟さん作,Eye-Fi,1,
n04522168_24469.JPEG,n04522168_24469,n04522168,vase,hotpot_vase,1,0,花瓶,隨手擷影|台北市|伊通街|長安東路,4,
n04522168_24514.JPEG,n04522168_24514,n04522168,vase,hotpot_vase,1,0,Soda fired Jar,Soda|fired|wood|ash|glaze|brown|orange|green|pottery|handmade|wheel|thrown|salt|jeff|huebner|atlantic|beach|florida|ceramics|art|vase|jar|vessel,23,
n04522168_24534.JPEG,n04522168_24534,n04522168,vase,hotpot_vase,1,0,Terracotta stamnos (jar),new york|new york city|nyc|museum|metropolitan museum of art|Art,6,"Terracotta stamnos (jar) Greek, Attic, black-figure, ca. 525-500 BC Attributed to an artist related in style to the antimenes Painter Obverse, athletes Reverse, warriors departing  Athletics were among the most important pursuits of Athenian youths and therefore appear frequently on vases.  The scene here was probably quite typical in a gymnasium.  Two young men with spears converse with another who holds a diskos.  An older man, perhaps a trainer, is at the right"
n04522168_24540.JPEG,n04522168_24540,n04522168,vase,hotpot_vase,0,1,,,0,
n04522168_24572.JPEG,n04522168_24572,n04522168,vase,hotpot_vase,1,0,玫瑰花瓶07,,0,
n04522168_2459.JPEG,n04522168_2459,n04522168,vase,hotpot_vase,0,0,,,0,
n04522168_24594.JPEG,n04522168_24594,n04522168,vase,hotpot_vase,1,0,change jar,change|vase|coins,3,I cashed it in today. That's 47 dollars of change!
n04522168_24607.JPEG,n04522168_24607,n04522168,vase,hotpot_vase,0,0,,,0,
n04522168_24609.JPEG,n04522168_24609,n04522168,vase,hotpot_vase,0,0,,,0,
n04522168_24626.JPEG,n04522168_24626,n04522168,vase,hotpot_vase,0,0,,,0,
n04522168_24645.JPEG,n04522168_24645,n04522168,vase,hotpot_vase,1,0,我的習作①櫻花,,0,"想來跟統子撿了掉落在地的櫻花花苞回來, 結果到了晚上竟然開花了!! 在小小的花瓶裡盛開"
n04522168_24666.JPEG,n04522168_24666,n04522168,vase,hotpot_vase,1,0,花瓶雜物,,0,
n04522168_24702.JPEG,n04522168_24702,n04522168,vase,hotpot_vase,0,1,,,0,
n04522168_24703.JPEG,n04522168_24703,n04522168,vase,hotpot_vase,0,0,,,0,
n04522168_24713.JPEG,n04522168_24713,n04522168,vase,hotpot_vase,0,0,,,0,
n04522168_2474.JPEG,n04522168_2474,n04522168,vase,hotpot_vase,0,0,,,0,
n04522168_24745.JPEG,n04522168_24745,n04522168,vase,hotpot_vase,1,1,Chinese Vase LSG20070620 026,mementos|vase|chinese|china|2007|50+|100+|vases|ceramics|花瓶和陶瓷|vazen en keramiek|vases et céramique|vasen und keramik|vases και κεραμική|vasi e ceramica|つぼおよび製陶術|화병과 세라믹스|vasos e cerâmica|вазы и керамика|floreros y cerámica|200+|300+,22,from our collection
n04522168_2476.JPEG,n04522168_2476,n04522168,vase,hotpot_vase,0,0,,,0,
n04522168_2480.JPEG,n04522168_2480,n04522168,vase,hotpot_vase,0,1,,,0,
n04522168_24849.JPEG,n04522168_24849,n04522168,vase,hotpot_vase,0,0,,,0,
n04522168_24850.JPEG,n04522168_24850,n04522168,vase,hotpot_vase,0,0,,,0,
n04522168_2488.JPEG,n04522168_2488,n04522168,vase,hotpot_vase,0,1,,,0,
n04522168_24904.JPEG,n04522168_24904,n04522168,vase,hotpot_vase,0,0,,,0,
n04522168_2493.JPEG,n04522168_2493,n04522168,vase,hotpot_vase,1,0,Big Urn 10,vase|pottery|kiln|clay|ceramic|bmix,6,I think I'm finished. I am going to wait an hour or so and look at it again. The rim is definitely exagerated. That should open up some cool possibilities for handles or lugs. I think I'm starting to give up on the covered jar idea. We'll see. I'm starting to veer towards a heavily slipped jar.
n04522168_24968.JPEG,n04522168_24968,n04522168,vase,hotpot_vase,1,0,Big Urn 4- Photo 2000-YEAH,vase|pottery|kiln|clay|ceramic|bmix,6,"Now, I need to let the top part of the jar dry enough to support a large coil. You need to wrap the rim with plastic to keep it moist. This will make it easier to join the coil to the rim."
n04522168_2498.JPEG,n04522168_2498,n04522168,vase,hotpot_vase,0,0,,,0,
n04522168_24980.JPEG,n04522168_24980,n04522168,vase,hotpot_vase,0,0,,,0,
n04522168_2500.JPEG,n04522168_2500,n04522168,vase,hotpot_vase,0,1,,,0,
n04522168_25024.JPEG,n04522168_25024,n04522168,vase,hotpot_vase,1,0,Lughnasagh 2008 007,altar,1,"Instead of incense, the room-scenter holds scented water. The painted gold rings and amethyst glass match the antique vase. The carved stone lidded jar holds salt, the green bowl holds brown rice in offering. The athame has a leather-wrapped hilt bound in leather thong and copper wire. "
n04522168_25074.JPEG,n04522168_25074,n04522168,vase,hotpot_vase,1,0,,,0,Silver vase &amp; ironstone sugar with out lid.  Thinking I can use the sugar jar for a vase or something.
n04522168_25083.JPEG,n04522168_25083,n04522168,vase,hotpot_vase,0,0,,,0,
n04522168_251.JPEG,n04522168_251,n04522168,vase,hotpot_vase,0,1,,,0,
n04522168_2510.JPEG,n04522168_2510,n04522168,vase,hotpot_vase,0,0,,,0,
n04522168_2516.JPEG,n04522168_2516,n04522168,vase,hotpot_vase,0,1,,,0,
n04522168_25203.JPEG,n04522168_25203,n04522168,vase,hotpot_vase,1,1,,,0,&quot;阿拉伯男人&quot;花瓶
n04522168_25255.JPEG,n04522168_25255,n04522168,vase,hotpot_vase,1,0,Sunset plantwater,sunset|plant|water|roots|vase|jar|bamboo|window,8,
n04522168_25296.JPEG,n04522168_25296,n04522168,vase,hotpot_vase,0,0,,,0,
n04522168_25304.JPEG,n04522168_25304,n04522168,vase,hotpot_vase,1,1,Vase detail,Soda|fired|wood|ash|glaze|brown|orange|green|pottery|handmade|wheel|thrown|salt|jeff|huebner|atlantic|beach|florida|ceramics|art|vase|jar|vessel,23,
n04522168_25308.JPEG,n04522168_25308,n04522168,vase,hotpot_vase,1,1,DSC00787,古花瓶,1,
n04522168_2531.JPEG,n04522168_2531,n04522168,vase,hotpot_vase,0,1,,,0,
n04522168_2534.JPEG,n04522168_2534,n04522168,vase,hotpot_vase,0,0,,,0,
n04522168_2535.JPEG,n04522168_2535,n04522168,vase,hotpot_vase,0,1,,,0,
n04522168_25356.JPEG,n04522168_25356,n04522168,vase,hotpot_vase,0,0,,,0,
n04522168_25369.JPEG,n04522168_25369,n04522168,vase,hotpot_vase,1,1,玫瑰花瓶16,,0,
n04522168_25371.JPEG,n04522168_25371,n04522168,vase,hotpot_vase,1,0,310196 花瓶jpg,,0,
n04522168_25390.JPEG,n04522168_25390,n04522168,vase,hotpot_vase,1,0,i absolutely love flowers...,,0,"my husband bought me these because i was sick a few days ago, and it was THE sweetest thing, i swear. they are currently dying in a pickle jar vase :("
n04522168_25442.JPEG,n04522168_25442,n04522168,vase,hotpot_vase,0,0,,,0,
n04522168_25502.JPEG,n04522168_25502,n04522168,vase,hotpot_vase,0,1,,,0,
n04522168_25504.JPEG,n04522168_25504,n04522168,vase,hotpot_vase,0,0,,,0,
n04522168_2553.JPEG,n04522168_2553,n04522168,vase,hotpot_vase,0,0,,,0,
n04522168_25560.JPEG,n04522168_25560,n04522168,vase,hotpot_vase,1,1,310042 花瓶jpg,,0,
n04522168_2558.JPEG,n04522168_2558,n04522168,vase,hotpot_vase,0,0,,,0,
n04522168_25582.JPEG,n04522168_25582,n04522168,vase,hotpot_vase,1,0,09072009048,,0,"这个大花瓶很有广东特色,里面似乎是福禄寿?"
n04522168_25591.JPEG,n04522168_25591,n04522168,vase,hotpot_vase,0,0,,,0,
n04522168_25599.JPEG,n04522168_25599,n04522168,vase,hotpot_vase,0,0,,,0,
n04522168_256.JPEG,n04522168_256,n04522168,vase,hotpot_vase,0,1,,,0,
n04522168_25613.JPEG,n04522168_25613,n04522168,vase,hotpot_vase,1,1,大蓮花中會冒水的花瓶,,0,讓我想到很多人家裡有的&quot;時來運轉&quot;
n04522168_25664.JPEG,n04522168_25664,n04522168,vase,hotpot_vase,1,0,《龙城之春》,,0,2008年2月8日摄于深圳龙岗客家民俗文化村。在一个老房窗台上，放着一个古老的花瓶，里面插着一束因年代久远而黯淡的花，窗台前一颗小树苗正在努力的成长着，一种新绿的生机，一种向上的力量，给这幅作品带来了强烈的对比，也正暗示着，龙岗的春天——来了！
n04522168_25702.JPEG,n04522168_25702,n04522168,vase,hotpot_vase,1,0,G10010 花瓶jpg,,0,
n04522168_25714.JPEG,n04522168_25714,n04522168,vase,hotpot_vase,0,0,,,0,
n04522168_2572.JPEG,n04522168_2572,n04522168,vase,hotpot_vase,0,0,,,0,
n04522168_2578.JPEG,n04522168_2578,n04522168,vase,hotpot_vase,0,0,,,0,
n04522168_25783.JPEG,n04522168_25783,n04522168,vase,hotpot_vase,1,1,裝飾性大花瓶,exhibition|porcelain|Sévres|瓷器|陶博館|art|陶瓷|鶯歌,8,
n04522168_258.JPEG,n04522168_258,n04522168,vase,hotpot_vase,0,1,,,0,
n04522168_25816.JPEG,n04522168_25816,n04522168,vase,hotpot_vase,0,0,,,0,
n04522168_25866.JPEG,n04522168_25866,n04522168,vase,hotpot_vase,0,0,,,0,
n04522168_25875.JPEG,n04522168_25875,n04522168,vase,hotpot_vase,0,0,,,0,
n04522168_25882.JPEG,n04522168_25882,n04522168,vase,hotpot_vase,1,0,Vase in Amethyst 紫晶花瓶--01,,0,
n04522168_2592.JPEG,n04522168_2592,n04522168,vase,hotpot_vase,0,1,,,0,
n04522168_25922.JPEG,n04522168_25922,n04522168,vase,hotpot_vase,1,1,彩金花瓶,exhibition|porcelain|Sévres|瓷器|陶博館|art|陶瓷|鶯歌,8,
n04522168_25935.JPEG,n04522168_25935,n04522168,vase,hotpot_vase,1,0,310254 描金花瓶jpg,,0,
n04522168_25968.JPEG,n04522168_25968,n04522168,vase,hotpot_vase,0,0,,,0,
n04522168_25977.JPEG,n04522168_25977,n04522168,vase,hotpot_vase,1,0,310118 花瓶,,0,
n04522168_26120.JPEG,n04522168_26120,n04522168,vase,hotpot_vase,1,0,x干花＆花瓶1,20080607我姐姐的DIY　粽子　土豆泥,1,Samsung digital camera
n04522168_26133.JPEG,n04522168_26133,n04522168,vase,hotpot_vase,1,0,手工藍彩玫瑰花瓶,,0,(EC171A)大雙耳 30x20x37cm  (EC170B)大單耳 26x20x40cm (EC123C)中花瓶 21x20x28cm (EC123D)小花瓶 15x15x22cm
n04522168_2620.JPEG,n04522168_2620,n04522168,vase,hotpot_vase,0,0,,,0,
n04522168_26221.JPEG,n04522168_26221,n04522168,vase,hotpot_vase,1,0,G10018 花瓶jpg,,0,
n04522168_26223.JPEG,n04522168_26223,n04522168,vase,hotpot_vase,1,1,310250 描金花瓶jpg,,0,
n04522168_2623.JPEG,n04522168_2623,n04522168,vase,hotpot_vase,0,1,,,0,
n04522168_26233.JPEG,n04522168_26233,n04522168,vase,hotpot_vase,0,0,,,0,
n04522168_2624.JPEG,n04522168_2624,n04522168,vase,hotpot_vase,0,1,,,0,
n04522168_2625.JPEG,n04522168_2625,n04522168,vase,hotpot_vase,0,0,,,0,
n04522168_26271.JPEG,n04522168_26271,n04522168,vase,hotpot_vase,1,1,老家-角落,mywinners,1,這是某個角落 媽媽去早市買的兩顆白色菊花  這些是裝飾了主角花瓶后剩下的小小菊花 覺得很可惜就把它撿起放在以前手工的木盒子里 自己娛樂一翻  就沒人了解我的那種快樂 幸福（有在飄飄的感覺） 哈哈
n04522168_26275.JPEG,n04522168_26275,n04522168,vase,hotpot_vase,0,1,,,0,
n04522168_26290.JPEG,n04522168_26290,n04522168,vase,hotpot_vase,0,0,,,0,
n04522168_26300.JPEG,n04522168_26300,n04522168,vase,hotpot_vase,0,1,,,0,
n04522168_26307.JPEG,n04522168_26307,n04522168,vase,hotpot_vase,1,0,IMG_2816,長浜,1,大花瓶~~~顏色調配的很美~~好像在台灣的店很少看到這樣的藝術品?還是只是沒找到對的地方?
n04522168_26325.JPEG,n04522168_26325,n04522168,vase,hotpot_vase,0,0,,,0,
n04522168_2634.JPEG,n04522168_2634,n04522168,vase,hotpot_vase,0,1,,,0,
n04522168_2639.JPEG,n04522168_2639,n04522168,vase,hotpot_vase,0,1,,,0,
n04522168_2656.JPEG,n04522168_2656,n04522168,vase,hotpot_vase,0,0,,,0,
n04522168_26713.JPEG,n04522168_26713,n04522168,vase,hotpot_vase,1,0,Rixsの花瓶,,0,
n04522168_26715.JPEG,n04522168_26715,n04522168,vase,hotpot_vase,1,0,"Project 365, Day 170 - 2/28/08",Project 365|flowers|daffodils|Mimi,4," Today, Mimi and I picked some daffodils to bring inside to enjoy. It reminded me of when I was little. I've already written vaguely about this but its a memory that means so much, it doesn't hurt to write the more detailed story with this photo.   I used to pick daffodils for Mimi every spring. I'd pick every single one of them I could find. I'd go down in the woods behind the house and get stuck by thorns just to get one flower. I'd completely empty her flowerbeds of all the yellow flowers.    Yet she never got mad at me for stomping through the flowerbeds or picking all the flowers in her yard. She always thanked me graciously, took them in the kitchen and placed them in a vase or mason jar in her kitchen window. She always told me it was her &quot;little burst of sunshine&quot; to look at and let me know how much she loved my little gift. I did this every year... Starting when I was about 4 or 5.    I still pick the first daffodil I find every year and take in for her. And I always will. Everytime I see a vase of daffies, I think &quot;sunshine&quot; and I'll always treasure that memory."
n04522168_2675.JPEG,n04522168_2675,n04522168,vase,hotpot_vase,0,0,,,0,
n04522168_26765.JPEG,n04522168_26765,n04522168,vase,hotpot_vase,1,1,台中二日遊,,0,大花瓶擺飾
n04522168_2679.JPEG,n04522168_2679,n04522168,vase,hotpot_vase,0,0,,,0,
n04522168_2682.JPEG,n04522168_2682,n04522168,vase,hotpot_vase,0,1,,,0,
n04522168_2689.JPEG,n04522168_2689,n04522168,vase,hotpot_vase,0,1,,,0,
n04522168_26925.JPEG,n04522168_26925,n04522168,vase,hotpot_vase,1,0,大花瓶,,0,
n04522168_2695.JPEG,n04522168_2695,n04522168,vase,hotpot_vase,0,0,,,0,
n04522168_27031.JPEG,n04522168_27031,n04522168,vase,hotpot_vase,1,0,Stairwell light,apartmenttherapy,1,"This window probably was once a stained-glass window. It's now a funky, textured glass, likely from the Sixties or early Seventies. It gives off a yellowish light. The vases are actually vintage canning jars, a box of which I found on the street."
n04522168_27033.JPEG,n04522168_27033,n04522168,vase,hotpot_vase,0,0,,,0,
n04522168_27145.JPEG,n04522168_27145,n04522168,vase,hotpot_vase,1,0,マキの花瓶,,0,"お花を生けてみたよ。 うまくない？"
n04522168_27209.JPEG,n04522168_27209,n04522168,vase,hotpot_vase,0,0,,,0,
n04522168_27224.JPEG,n04522168_27224,n04522168,vase,hotpot_vase,0,0,,,0,
n04522168_27235.JPEG,n04522168_27235,n04522168,vase,hotpot_vase,1,1,antique mason jar vase,,0,
n04522168_2731.JPEG,n04522168_2731,n04522168,vase,hotpot_vase,0,0,,,0,
n04522168_2748.JPEG,n04522168_2748,n04522168,vase,hotpot_vase,0,0,,,0,
n04522168_2750.JPEG,n04522168_2750,n04522168,vase,hotpot_vase,0,0,,,0,
n04522168_2751.JPEG,n04522168_2751,n04522168,vase,hotpot_vase,0,1,,,0,
n04522168_27539.JPEG,n04522168_27539,n04522168,vase,hotpot_vase,1,1,Lisa Hammond Shino jar with handle,Jar|Sculpture|Vase|Ceramics|thehubcentre|hub|sleaford|crafts|design,9,
n04522168_2759.JPEG,n04522168_2759,n04522168,vase,hotpot_vase,0,0,,,0,
n04522168_27636.JPEG,n04522168_27636,n04522168,vase,hotpot_vase,0,0,,,0,
n04522168_27643.JPEG,n04522168_27643,n04522168,vase,hotpot_vase,0,0,,,0,
n04522168_2774.JPEG,n04522168_2774,n04522168,vase,hotpot_vase,0,1,,,0,
n04522168_27865.JPEG,n04522168_27865,n04522168,vase,hotpot_vase,0,0,,,0,
n04522168_2796.JPEG,n04522168_2796,n04522168,vase,hotpot_vase,0,1,,,0,
n04522168_28015.JPEG,n04522168_28015,n04522168,vase,hotpot_vase,1,0,花瓶1,,0,Olympus digital camera         
n04522168_28167.JPEG,n04522168_28167,n04522168,vase,hotpot_vase,0,0,,,0,
n04522168_28172.JPEG,n04522168_28172,n04522168,vase,hotpot_vase,1,0,Cypro-Archaic I barrel jug 750 - 600 BCE,ceramic|vessel|vase|Greek|ancient|Mediterranean|Walters Art Museum|Baltimore|Maryland|mharrsch|Cypriot|Cyprus|pottery|jar|8th century BCE|barrel|jug|geo:lat=39.296574|geo:lon=-76.616365|geotagged,20,"Photographed at the <a href=""http://thewalters.org/"" rel=""noreferrer nofollow"">Walters Art Museum</a>, Baltimore, Maryland."
n04522168_28233.JPEG,n04522168_28233,n04522168,vase,hotpot_vase,1,0,玫瑰花瓶03,,0,
n04522168_2843.JPEG,n04522168_2843,n04522168,vase,hotpot_vase,0,1,,,0,
n04522168_28438.JPEG,n04522168_28438,n04522168,vase,hotpot_vase,1,0,寶藍描金花瓶,exhibition|porcelain|Sévres|瓷器|陶博館|art|陶瓷|鶯歌,8,
n04522168_28445.JPEG,n04522168_28445,n04522168,vase,hotpot_vase,1,0,花瓶的合影是帮爸留个底的,Landscape,1,
n04522168_28450.JPEG,n04522168_28450,n04522168,vase,hotpot_vase,0,0,,,0,
n04522168_2846.JPEG,n04522168_2846,n04522168,vase,hotpot_vase,0,1,,,0,
n04522168_28520.JPEG,n04522168_28520,n04522168,vase,hotpot_vase,1,1,Jennifer Allen,,0,"Artist Statement          Attracted to vases that honor flowers and pots that enrich daily ritual, my utilitarian forms celebrate domestic experience.  It is essential that my work involve the hand, recording the sensibilities of touch throughout the process.  As I am engulfed in the space of making, I am also sensitive to the act of using.  The use of a handmade object generates introspection, dialogue and nourishment. It is during these moments of using (synonymous to moments of making) “when our mind becomes hyper-alert.”   My forms swell like a Tang Dynasty wannian (many year jar) and contract like a Spanish Majolica albarello (apothecary jar).  They reflect both the modesty found in English medieval tankards and emulate the grace indicative of Northern Song Dynasty wares.  Folds, seams, darts and pillowed knobs recall familiar comforts of home as they relate to my love of sewing.  Similar to architecture, my form’s exteriors act as a decorative shroud, while the interior facilitates the sensual space of sustenance.  Reminiscent of Oribe Ware, my surfaces separate into two distinct sections: a graphic section and a glazed color field.  Inspiration for the graphic portion comes from post WWII textiles and Edo-period kimono fabric as sources that historically honor and celebrate everyday life.  In contrast, my glaze palette is based on natural phenomena.  I investigate glazes that refract light like deep glacial crevasses or suggest atmosphere like a mid-winter alpenglow.   My work celebrates various emotional and psychological influences including family, loss, beauty and mystery.  From the significance of home, the commemoration of life and the awe of nature, my fondest moments inform my creative process.  In the end, I look to my pottery as individual utilitarian forms that mirror my perceptions of beauty, celebration, mystery and nourishment.   <a href=""http://www.jenallenceramics.com/"" rel=""noreferrer nofollow"">www.jenallenceramics.com/</a> "
n04522168_2856.JPEG,n04522168_2856,n04522168,vase,hotpot_vase,0,0,,,0,
n04522168_28599.JPEG,n04522168_28599,n04522168,vase,hotpot_vase,1,0,抄花瓶,,0,手作仔同事的主意…
n04522168_28732.JPEG,n04522168_28732,n04522168,vase,hotpot_vase,1,0,大地花瓶,taiwan|sunflower|向日葵,3,
n04522168_2875.JPEG,n04522168_2875,n04522168,vase,hotpot_vase,0,0,,,0,
n04522168_28792.JPEG,n04522168_28792,n04522168,vase,hotpot_vase,1,0,WORK 8610,work|cubicle|missy|kong|king kong|cookie jar|flowers|flower vase|monkey|gorilla,10,
n04522168_2883.JPEG,n04522168_2883,n04522168,vase,hotpot_vase,0,0,,,0,
n04522168_2885.JPEG,n04522168_2885,n04522168,vase,hotpot_vase,0,0,,,0,
n04522168_2903.JPEG,n04522168_2903,n04522168,vase,hotpot_vase,0,0,,,0,
n04522168_2904.JPEG,n04522168_2904,n04522168,vase,hotpot_vase,0,0,,,0,
n04522168_29059.JPEG,n04522168_29059,n04522168,vase,hotpot_vase,0,0,,,0,
n04522168_2920.JPEG,n04522168_2920,n04522168,vase,hotpot_vase,0,1,,,0,
n04522168_29295.JPEG,n04522168_29295,n04522168,vase,hotpot_vase,1,1,genemongama,,0,源右衛門釜の花瓶　そごう閉店セールで半額！
n04522168_29298.JPEG,n04522168_29298,n04522168,vase,hotpot_vase,1,0,310014 花瓶,,0,
n04522168_29311.JPEG,n04522168_29311,n04522168,vase,hotpot_vase,0,0,,,0,
n04522168_29346.JPEG,n04522168_29346,n04522168,vase,hotpot_vase,1,1,花瓶,,0,
n04522168_29348.JPEG,n04522168_29348,n04522168,vase,hotpot_vase,1,1,Pic679,,0,Some recent awesome bargain things.
n04522168_2935.JPEG,n04522168_2935,n04522168,vase,hotpot_vase,0,1,,,0,
n04522168_29355.JPEG,n04522168_29355,n04522168,vase,hotpot_vase,1,0,繫俗台灣 folk；Tie- process,台灣|紅繩|尼龍繩|瓷|花瓶|設計|Taiwan|design|cultural|conflictstudio,10,2008-09 work  Exhibition:  08 Cultural library(german).   08 Cologne Designer Prize. 09 Milan design week 
n04522168_2945.JPEG,n04522168_2945,n04522168,vase,hotpot_vase,1,0,two vases,glass on glass|mosaic|van gogh|vase|facebook,5,"Finito!  I ended up with my own concoction of green grout on the copper vase body, with black for the background.  I strongly considered the sable, but opted for green at the last minute.  The blue vase was grouted with a modified ocean blue grout, and then I did a dark blue wash over the tempered glass area.  I made these for a specific project - I have been asked to submit photos for a &quot;luxury magazine&quot; (her words), for an article on mosaics in the home.  We'll see.  "
n04522168_2946.JPEG,n04522168_2946,n04522168,vase,hotpot_vase,0,0,,,0,
n04522168_29476.JPEG,n04522168_29476,n04522168,vase,hotpot_vase,0,1,,,0,
n04522168_29489.JPEG,n04522168_29489,n04522168,vase,hotpot_vase,0,0,,,0,
n04522168_29577.JPEG,n04522168_29577,n04522168,vase,hotpot_vase,0,0,,,0,
n04522168_29661.JPEG,n04522168_29661,n04522168,vase,hotpot_vase,0,0,,,0,
n04522168_29785.JPEG,n04522168_29785,n04522168,vase,hotpot_vase,1,0,Red lantern,candle|lantern|red|jar|vase|still life|pitcher|pottery|low light|12_04 Beginnings CD|studio|Light & shadow,12,
n04522168_2980.JPEG,n04522168_2980,n04522168,vase,hotpot_vase,0,0,,,0,
n04522168_29804.JPEG,n04522168_29804,n04522168,vase,hotpot_vase,0,0,,,0,
n04522168_29995.JPEG,n04522168_29995,n04522168,vase,hotpot_vase,0,0,,,0,
n04522168_30006.JPEG,n04522168_30006,n04522168,vase,hotpot_vase,0,1,,,0,
n04522168_30061.JPEG,n04522168_30061,n04522168,vase,hotpot_vase,0,0,,,0,
n04522168_30104.JPEG,n04522168_30104,n04522168,vase,hotpot_vase,0,0,,,0,
n04522168_30122.JPEG,n04522168_30122,n04522168,vase,hotpot_vase,0,0,,,0,
n04522168_30221.JPEG,n04522168_30221,n04522168,vase,hotpot_vase,1,1,IMG_4920 Tokyo National Museum,Tokyo National Museum|Tokyo|Japan|Ueno|vase|jar|rooster|floral,8,
n04522168_3023.JPEG,n04522168_3023,n04522168,vase,hotpot_vase,0,1,,,0,
n04522168_3030.JPEG,n04522168_3030,n04522168,vase,hotpot_vase,0,1,,,0,
n04522168_30304.JPEG,n04522168_30304,n04522168,vase,hotpot_vase,0,0,,,0,
n04522168_30360.JPEG,n04522168_30360,n04522168,vase,hotpot_vase,0,0,,,0,
n04522168_30381.JPEG,n04522168_30381,n04522168,vase,hotpot_vase,1,0,neolithic wine jar,Ceramic|Asian|antique|ancient|pottery|jar|vase,7,from the Freer
n04522168_3042.JPEG,n04522168_3042,n04522168,vase,hotpot_vase,0,1,,,0,
n04522168_30512.JPEG,n04522168_30512,n04522168,vase,hotpot_vase,0,0,,,0,
n04522168_30523.JPEG,n04522168_30523,n04522168,vase,hotpot_vase,0,0,,,0,
n04522168_3053.JPEG,n04522168_3053,n04522168,vase,hotpot_vase,0,0,,,0,
n04522168_3068.JPEG,n04522168_3068,n04522168,vase,hotpot_vase,0,0,,,0,
n04522168_30725.JPEG,n04522168_30725,n04522168,vase,hotpot_vase,0,1,,,0,
n04522168_30728.JPEG,n04522168_30728,n04522168,vase,hotpot_vase,0,1,,,0,
n04522168_30796.JPEG,n04522168_30796,n04522168,vase,hotpot_vase,1,0,手绘玫瑰花瓶3,,0,
n04522168_30938.JPEG,n04522168_30938,n04522168,vase,hotpot_vase,0,0,,,0,
n04522168_30972.JPEG,n04522168_30972,n04522168,vase,hotpot_vase,0,0,,,0,
n04522168_30982.JPEG,n04522168_30982,n04522168,vase,hotpot_vase,0,1,,,0,
n04522168_3104.JPEG,n04522168_3104,n04522168,vase,hotpot_vase,0,1,,,0,
n04522168_31062.JPEG,n04522168_31062,n04522168,vase,hotpot_vase,1,0,CH003,AZI,1,JAR 13.5&quot; - B/W VASE WITH HANDLES  CH003  $300
n04522168_3114.JPEG,n04522168_3114,n04522168,vase,hotpot_vase,0,1,,,0,
n04522168_31177.JPEG,n04522168_31177,n04522168,vase,hotpot_vase,1,1,Jar,accessCeramics|accessceramics:date=2007|accessceramics:height=24|accessceramics:width=19|accessceramics:depth=18|accessceramics:title=Jar|accessceramics:artist=Josh_DeWeese|accessceramics:technique=Thrown_&_Altered|accessceramics:temperature=Cone_10|accessceramics:glazing=Woodfire|accessceramics:material=Stoneware|accessceramics:object_type=Vase,12,
n04522168_31244.JPEG,n04522168_31244,n04522168,vase,hotpot_vase,1,1,中國的玻璃花瓶,,0,
n04522168_31275.JPEG,n04522168_31275,n04522168,vase,hotpot_vase,0,1,,,0,
n04522168_31278.JPEG,n04522168_31278,n04522168,vase,hotpot_vase,0,0,,,0,
n04522168_3128.JPEG,n04522168_3128,n04522168,vase,hotpot_vase,0,0,,,0,
n04522168_31337.JPEG,n04522168_31337,n04522168,vase,hotpot_vase,1,0,Blumenvase 花瓶,Deutschland|Germany|ドイツ|Niedersachsen|Marl|Lemförde|Garten|unser Garten|両親の庭|Blumen|Blüten|flowers|花|Vase|Blumenvase|花瓶|Glas|glass|グラス,19,
n04522168_3135.JPEG,n04522168_3135,n04522168,vase,hotpot_vase,0,1,,,0,
n04522168_3137.JPEG,n04522168_3137,n04522168,vase,hotpot_vase,0,1,,,0,
n04522168_31426.JPEG,n04522168_31426,n04522168,vase,hotpot_vase,1,1,Storage Jar with Diomedes and Odysseus,Getty Villa|Greek vase|Roman arts,3,"Greek, made in Rehgion, south Italy ~ 540 B.C. Terracotta Chalcidian black- figured neck amphora"
n04522168_31480.JPEG,n04522168_31480,n04522168,vase,hotpot_vase,1,1,vase,garden|bored|rainy|Nikkor 50mm f/1.8|jar|vase|brick|wall,8,
n04522168_31495.JPEG,n04522168_31495,n04522168,vase,hotpot_vase,1,1,Interesting Vase,biscotti|jar|vase|flowers|brooklyn|greenpoint|black & white|B&W|nikon|2005,10,A nice touch
n04522168_31513.JPEG,n04522168_31513,n04522168,vase,hotpot_vase,0,1,,,0,
n04522168_31574.JPEG,n04522168_31574,n04522168,vase,hotpot_vase,0,1,,,0,
n04522168_31582.JPEG,n04522168_31582,n04522168,vase,hotpot_vase,0,0,,,0,
n04522168_31591.JPEG,n04522168_31591,n04522168,vase,hotpot_vase,0,1,,,0,
n04522168_31616.JPEG,n04522168_31616,n04522168,vase,hotpot_vase,0,0,,,0,
n04522168_31632.JPEG,n04522168_31632,n04522168,vase,hotpot_vase,0,1,,,0,
n04522168_31670.JPEG,n04522168_31670,n04522168,vase,hotpot_vase,1,0,,jar|vase|plant|dried|light|water|black and white,7,
n04522168_31673.JPEG,n04522168_31673,n04522168,vase,hotpot_vase,1,0,reflection,flower|vase|花|花瓶|玫瑰|rose|Buddhist statue|window|NB|TV|reflection,11,
n04522168_3183.JPEG,n04522168_3183,n04522168,vase,hotpot_vase,0,1,,,0,
n04522168_31832.JPEG,n04522168_31832,n04522168,vase,hotpot_vase,1,1,the artist's forever sunshine....,Award Tree|ABigFave,2,"...a vase of sunshine seen in one of the artist's studio during the James Bay Art Walk a couple weekends ago.... I liked how the stems are seen thro the jar....  off to work now...back to see you in your foto galleries tonight ! happy happy Monday to everyone around the world!  seen on Explore - Oct. 6, '08 - #290"
n04522168_31855.JPEG,n04522168_31855,n04522168,vase,hotpot_vase,0,0,,,0,
n04522168_31910.JPEG,n04522168_31910,n04522168,vase,hotpot_vase,1,1,Back of Sofa,house,1,"vases, plant jar, sofa, curtain"
n04522168_32017.JPEG,n04522168_32017,n04522168,vase,hotpot_vase,1,0,DSC00767,古花瓶,1,
n04522168_32039.JPEG,n04522168_32039,n04522168,vase,hotpot_vase,1,0,terracotta...,cairo|egypt|misr|masr|vases|jars|terracotta|handmade|pots,9,"copt area, el qahira, misr, may 2006."
n04522168_32044.JPEG,n04522168_32044,n04522168,vase,hotpot_vase,1,1,jess' vases,flowers|vases|mason jars|Sopchoppy|water|sunlight|sky|grass,8,"Sopchoppy, FL."
n04522168_3207.JPEG,n04522168_3207,n04522168,vase,hotpot_vase,0,0,,,0,
n04522168_32071.JPEG,n04522168_32071,n04522168,vase,hotpot_vase,0,0,,,0,
n04522168_32286.JPEG,n04522168_32286,n04522168,vase,hotpot_vase,1,1,Day 150 - 02/01/2009 Still Life with Blue Vase TTV,project365|blue vase|ginger jar|white flower|TTV|Through the Viewfinder|blue|white|square|Anscoflex II,10,Shot in the TTV style though the viewfinder of an Anscoflex II.  available!
n04522168_32361.JPEG,n04522168_32361,n04522168,vase,hotpot_vase,0,1,,,0,
n04522168_3238.JPEG,n04522168_3238,n04522168,vase,hotpot_vase,0,0,,,0,
n04522168_3243.JPEG,n04522168_3243,n04522168,vase,hotpot_vase,0,0,,,0,
n04522168_32474.JPEG,n04522168_32474,n04522168,vase,hotpot_vase,0,0,,,0,
n04522168_32479.JPEG,n04522168_32479,n04522168,vase,hotpot_vase,1,0,民宿--大員雅舍,,0,大員雅舍民宿部份才營業不久，一切都很新穎，角落的花瓶擺飾
n04522168_32483.JPEG,n04522168_32483,n04522168,vase,hotpot_vase,0,0,,,0,
n04522168_326.JPEG,n04522168_326,n04522168,vase,hotpot_vase,0,0,,,0,
n04522168_3263.JPEG,n04522168_3263,n04522168,vase,hotpot_vase,0,0,,,0,
n04522168_3267.JPEG,n04522168_3267,n04522168,vase,hotpot_vase,0,1,,,0,
n04522168_32740.JPEG,n04522168_32740,n04522168,vase,hotpot_vase,1,0,Terracotta Panathenaic prize amphora (jar),new york|new york city|nyc|museum|metropolitan museum of art|Art,6,"Terracotta Panathenaic prize amphora Greek, Attic, black-figure, ca. 490 BC Attributed to the Kleophrades Painter Obverse, Athena Reverse, chariot race  From the second quarter of the sixth century BC on, victors in the contests of the Panathenaic festival in Athens were awarded a standardized amphora containing one metretes (about forty-one quarts) of olive oil from the sacred groves in Attica.  The official decoration on the front was a picture of a statue of Athena, fully armed.  The scene on the back showed the event for which the prize was awarded.    The Kleophrades Painter is credited with the largest number of extant prize amphorae of any Athenian vase painter."
n04522168_32801.JPEG,n04522168_32801,n04522168,vase,hotpot_vase,1,1,Raku vases and jars,pottery|marthalynn.ca,2,
n04522168_3284.JPEG,n04522168_3284,n04522168,vase,hotpot_vase,0,0,,,0,
n04522168_32868.JPEG,n04522168_32868,n04522168,vase,hotpot_vase,0,1,,,0,
n04522168_3293.JPEG,n04522168_3293,n04522168,vase,hotpot_vase,0,1,,,0,
n04522168_3299.JPEG,n04522168_3299,n04522168,vase,hotpot_vase,0,1,,,0,
n04522168_33013.JPEG,n04522168_33013,n04522168,vase,hotpot_vase,0,0,,,0,
n04522168_33017.JPEG,n04522168_33017,n04522168,vase,hotpot_vase,1,1,白と黒のクジャク,ギフト|カラー|クジャク|黒ホウズキ|花瓶,5,アパレルショップの開店祝いのお花です。 アニマル、白、緑、黒をイメージして制作しました。
n04522168_3305.JPEG,n04522168_3305,n04522168,vase,hotpot_vase,0,0,,,0,
n04522168_3307.JPEG,n04522168_3307,n04522168,vase,hotpot_vase,0,0,,,0,
n04522168_33094.JPEG,n04522168_33094,n04522168,vase,hotpot_vase,1,0,3 pots,tooth fairy|pot|vase|mini|miniature|jar|container|doll house|tiny|beaded|rhinestone|star|polymer clay|shiny|face|whimsy|whimsical,17,These should be in a fairy home decor store.
n04522168_3315.JPEG,n04522168_3315,n04522168,vase,hotpot_vase,0,0,,,0,
n04522168_33154.JPEG,n04522168_33154,n04522168,vase,hotpot_vase,0,0,,,0,
n04522168_33177.JPEG,n04522168_33177,n04522168,vase,hotpot_vase,0,1,,,0,
n04522168_3319.JPEG,n04522168_3319,n04522168,vase,hotpot_vase,1,1,vases,west|elm|vase|green|corner,5,wine bottle and 2 vases from west elm. i found the corks at work a long time ago...last night i was wishing i had some corks and then i remembered that i DID have some :)
n04522168_33204.JPEG,n04522168_33204,n04522168,vase,hotpot_vase,0,0,,,0,
n04522168_333.JPEG,n04522168_333,n04522168,vase,hotpot_vase,0,1,,,0,
n04522168_3334.JPEG,n04522168_3334,n04522168,vase,hotpot_vase,0,1,,,0,
n04522168_33545.JPEG,n04522168_33545,n04522168,vase,hotpot_vase,0,1,,,0,
n04522168_3355.JPEG,n04522168_3355,n04522168,vase,hotpot_vase,0,0,,,0,
n04522168_33635.JPEG,n04522168_33635,n04522168,vase,hotpot_vase,1,0,CIMG1437,,0,有美式風情的花瓶
n04522168_33724.JPEG,n04522168_33724,n04522168,vase,hotpot_vase,0,0,,,0,
n04522168_33778.JPEG,n04522168_33778,n04522168,vase,hotpot_vase,1,0,Terracotta Nestoris (two-handled jar),new york|new york city|nyc|museum|metropolitan museum of art|Art,6,"Terracotta Nestoris (two-handled jar): Youth extending a bird toward a woman Greek South Italian, Lucanian, red-figure, ca 360-350 BC Attributed to the Painter of New York  While most shapes in South Italian vase-painting depended on Attic models, the nestoris is indigenous.  It developed from the Messapian trozella and was adopted in Lucania earlier then in other regions such as Apulia."
n04522168_3382.JPEG,n04522168_3382,n04522168,vase,hotpot_vase,0,0,,,0,
n04522168_33823.JPEG,n04522168_33823,n04522168,vase,hotpot_vase,1,0,P1050511,花瓶|antique|chinaware|古董,4,
n04522168_3389.JPEG,n04522168_3389,n04522168,vase,hotpot_vase,0,0,,,0,
n04522168_33896.JPEG,n04522168_33896,n04522168,vase,hotpot_vase,1,0,Raku Pots,pottery|pots|raku|fired|glaze|kickwheel|raku pottery|ceramics,8,Lidded jar - Rainbow luster &amp; Red Green Vase - Green crackle Flower pot - Red Green with Green Crackle Dip Bottle - Haugen's Gold Tumbler - Black Lustre
n04522168_339.JPEG,n04522168_339,n04522168,vase,hotpot_vase,0,1,,,0,
n04522168_33902.JPEG,n04522168_33902,n04522168,vase,hotpot_vase,0,0,,,0,
n04522168_33932.JPEG,n04522168_33932,n04522168,vase,hotpot_vase,0,0,,,0,
n04522168_33991.JPEG,n04522168_33991,n04522168,vase,hotpot_vase,0,1,,,0,
n04522168_34023.JPEG,n04522168_34023,n04522168,vase,hotpot_vase,0,1,,,0,
n04522168_3417.JPEG,n04522168_3417,n04522168,vase,hotpot_vase,0,1,,,0,
n04522168_3418.JPEG,n04522168_3418,n04522168,vase,hotpot_vase,0,1,,,0,
n04522168_34211.JPEG,n04522168_34211,n04522168,vase,hotpot_vase,0,0,,,0,
n04522168_3426.JPEG,n04522168_3426,n04522168,vase,hotpot_vase,0,0,,,0,
n04522168_34263.JPEG,n04522168_34263,n04522168,vase,hotpot_vase,1,0,DNA In A Vase,food coloring|blue|red|green|yellow|aqua|colors|jar|fish tank,9,
n04522168_34287.JPEG,n04522168_34287,n04522168,vase,hotpot_vase,0,1,,,0,
n04522168_3436.JPEG,n04522168_3436,n04522168,vase,hotpot_vase,0,1,,,0,
n04522168_34379.JPEG,n04522168_34379,n04522168,vase,hotpot_vase,0,0,,,0,
n04522168_3439.JPEG,n04522168_3439,n04522168,vase,hotpot_vase,0,1,,,0,
n04522168_34590.JPEG,n04522168_34590,n04522168,vase,hotpot_vase,0,0,,,0,
n04522168_3465.JPEG,n04522168_3465,n04522168,vase,hotpot_vase,0,0,,,0,
n04522168_34718.JPEG,n04522168_34718,n04522168,vase,hotpot_vase,1,0,20080602_生日_禮物,生日|禮物|衣服|花瓶,4,
n04522168_34763.JPEG,n04522168_34763,n04522168,vase,hotpot_vase,1,0,花瓶 041,,0,
n04522168_34773.JPEG,n04522168_34773,n04522168,vase,hotpot_vase,1,0,fresh flowers,recycled|jar|fused|slumped|glass|vase|hanging,7,what better way to display them year round! recycled jar into hanging vase 23 kt gold butterfly decal
n04522168_34802.JPEG,n04522168_34802,n04522168,vase,hotpot_vase,0,0,,,0,
n04522168_34893.JPEG,n04522168_34893,n04522168,vase,hotpot_vase,1,1,Peony in vase,,0,牡丹在花瓶里.
n04522168_34907.JPEG,n04522168_34907,n04522168,vase,hotpot_vase,0,0,,,0,
n04522168_3497.JPEG,n04522168_3497,n04522168,vase,hotpot_vase,0,1,,,0,
n04522168_34974.JPEG,n04522168_34974,n04522168,vase,hotpot_vase,0,1,,,0,
n04522168_35023.JPEG,n04522168_35023,n04522168,vase,hotpot_vase,0,0,,,0,
n04522168_35093.JPEG,n04522168_35093,n04522168,vase,hotpot_vase,1,1,Fragile,flowers|pretty|vase|jar|windowsill|bunch of flowers|window|light|eddi reader|england|britain|uk,12,"_________________________________________________________________________ © <i>Copyright Ottilie Simpson. All Rights Reserved. <b>DO NOT reproduce or repost without permission.</b></i>  | <a href=""http://www.osimpsonphotography.com"" rel=""noreferrer nofollow"">w e b s i t e</a> | __________________________________________________________________________  Today I was contemplating the fragility of life ... (as you do on a Wednesday afternoon of course ... what else are Wednesday's for?!)  This song sums it up, it's by Eddi Reader and it's called 'Dragonflies'. Very pretty song - <a href=""http://open.spotify.com/track/0AAhm8CV7YZ2oOhsN6QjpZ"" rel=""noreferrer nofollow"">listen here</a> "
n04522168_35151.JPEG,n04522168_35151,n04522168,vase,hotpot_vase,1,1,20080602_生日_禮物,生日|禮物|衣服|花瓶,4,
n04522168_3516.JPEG,n04522168_3516,n04522168,vase,hotpot_vase,0,0,,,0,
n04522168_3518.JPEG,n04522168_3518,n04522168,vase,hotpot_vase,0,0,,,0,
n04522168_35265.JPEG,n04522168_35265,n04522168,vase,hotpot_vase,0,1,,,0,
n04522168_35344.JPEG,n04522168_35344,n04522168,vase,hotpot_vase,0,0,,,0,
n04522168_35414.JPEG,n04522168_35414,n04522168,vase,hotpot_vase,0,0,,,0,
n04522168_35432.JPEG,n04522168_35432,n04522168,vase,hotpot_vase,0,0,,,0,
n04522168_35455.JPEG,n04522168_35455,n04522168,vase,hotpot_vase,0,0,,,0,
n04522168_35504.JPEG,n04522168_35504,n04522168,vase,hotpot_vase,0,0,,,0,
n04522168_3562.JPEG,n04522168_3562,n04522168,vase,hotpot_vase,0,1,,,0,
n04522168_35644.JPEG,n04522168_35644,n04522168,vase,hotpot_vase,0,0,,,0,
n04522168_3579.JPEG,n04522168_3579,n04522168,vase,hotpot_vase,0,0,,,0,
n04522168_35804.JPEG,n04522168_35804,n04522168,vase,hotpot_vase,0,0,,,0,
n04522168_35862.JPEG,n04522168_35862,n04522168,vase,hotpot_vase,0,1,,,0,
n04522168_3590.JPEG,n04522168_3590,n04522168,vase,hotpot_vase,0,0,,,0,
n04522168_3591.JPEG,n04522168_3591,n04522168,vase,hotpot_vase,1,0,Peanut Jar and Vase,grizelle|japan|blue|vase|peanut jar|porsgrund|norway,7,I love the shape of both of these.  The blue one is Grizelle made in Japan and the peanut jar is Porsgrund Norway.  I guess you would put shelled peanuts in there.  I would be afraid peanuts in the shell would get stuck.
n04522168_3598.JPEG,n04522168_3598,n04522168,vase,hotpot_vase,1,0,Stem vases,Stem vase|ceramics|decoration|Karin Eriksson|Handled with care,5,"These three 'Stem' vases will be shown at Designbooms ceramics exhibition <a href=""http://www.designboom.com/london2007.html"" rel=""noreferrer nofollow"">'Handled with care'</a> at <a href=""http://www.designersblock.org.uk/"" rel=""noreferrer nofollow"">Designersblock</a> in London."
n04522168_36151.JPEG,n04522168_36151,n04522168,vase,hotpot_vase,0,0,,,0,
n04522168_3624.JPEG,n04522168_3624,n04522168,vase,hotpot_vase,0,0,,,0,
n04522168_3627.JPEG,n04522168_3627,n04522168,vase,hotpot_vase,0,0,,,0,
n04522168_3633.JPEG,n04522168_3633,n04522168,vase,hotpot_vase,0,1,,,0,
n04522168_3662.JPEG,n04522168_3662,n04522168,vase,hotpot_vase,0,1,,,0,
n04522168_36911.JPEG,n04522168_36911,n04522168,vase,hotpot_vase,0,1,,,0,
n04522168_3692.JPEG,n04522168_3692,n04522168,vase,hotpot_vase,0,0,,,0,
n04522168_3697.JPEG,n04522168_3697,n04522168,vase,hotpot_vase,0,0,,,0,
n04522168_3703.JPEG,n04522168_3703,n04522168,vase,hotpot_vase,0,1,,,0,
n04522168_37334.JPEG,n04522168_37334,n04522168,vase,hotpot_vase,0,0,,,0,
n04522168_37538.JPEG,n04522168_37538,n04522168,vase,hotpot_vase,0,0,,,0,
n04522168_3754.JPEG,n04522168_3754,n04522168,vase,hotpot_vase,0,1,,,0,
n04522168_37819.JPEG,n04522168_37819,n04522168,vase,hotpot_vase,1,0,after,08_02_09|February|Birthdays,3,I didn't have a vase in Galveston so a Prego jar will have to do!
n04522168_37840.JPEG,n04522168_37840,n04522168,vase,hotpot_vase,0,0,,,0,
n04522168_38062.JPEG,n04522168_38062,n04522168,vase,hotpot_vase,0,0,,,0,
n04522168_38078.JPEG,n04522168_38078,n04522168,vase,hotpot_vase,0,0,,,0,
n04522168_38132.JPEG,n04522168_38132,n04522168,vase,hotpot_vase,1,0,酒甕變花瓶,馬祖|南竿|Y!|員工旅遊|牛角古村|travel,6,
n04522168_3818.JPEG,n04522168_3818,n04522168,vase,hotpot_vase,1,1,IMG_0109.JPG,vase|jar|blue|urn|pot|aliaaaaa|alia,7,
n04522168_38189.JPEG,n04522168_38189,n04522168,vase,hotpot_vase,0,0,,,0,
n04522168_3826.JPEG,n04522168_3826,n04522168,vase,hotpot_vase,1,1,Vintage Vase,vintage vase|retro vase|1950's|vase|vintage pattern|fifties|design,7,"A lovely present from my great nan, always  loved this vase, my nan thought it would  look cute in my lounge!  circa 1950s "
n04522168_38278.JPEG,n04522168_38278,n04522168,vase,hotpot_vase,1,0,中國泥娃娃 臉鋪 花瓶 10/每份,,0,
n04522168_38472.JPEG,n04522168_38472,n04522168,vase,hotpot_vase,0,0,,,0,
n04522168_38632.JPEG,n04522168_38632,n04522168,vase,hotpot_vase,0,0,,,0,
n04522168_38661.JPEG,n04522168_38661,n04522168,vase,hotpot_vase,0,1,,,0,
n04522168_38674.JPEG,n04522168_38674,n04522168,vase,hotpot_vase,1,1,P1010205,Christmas|cloche|apothecary jar|vase|candle,5,
n04522168_3871.JPEG,n04522168_3871,n04522168,vase,hotpot_vase,0,1,,,0,
n04522168_38815.JPEG,n04522168_38815,n04522168,vase,hotpot_vase,0,0,,,0,
n04522168_3888.JPEG,n04522168_3888,n04522168,vase,hotpot_vase,0,1,,,0,
n04522168_38902.JPEG,n04522168_38902,n04522168,vase,hotpot_vase,1,1,ball jar vase,,0,
n04522168_390.JPEG,n04522168_390,n04522168,vase,hotpot_vase,0,0,,,0,
n04522168_3920.JPEG,n04522168_3920,n04522168,vase,hotpot_vase,0,1,,,0,
n04522168_39327.JPEG,n04522168_39327,n04522168,vase,hotpot_vase,0,0,,,0,
n04522168_394.JPEG,n04522168_394,n04522168,vase,hotpot_vase,0,1,,,0,
n04522168_39415.JPEG,n04522168_39415,n04522168,vase,hotpot_vase,0,0,,,0,
n04522168_39521.JPEG,n04522168_39521,n04522168,vase,hotpot_vase,0,0,,,0,
n04522168_39550.JPEG,n04522168_39550,n04522168,vase,hotpot_vase,0,0,,,0,
n04522168_39604.JPEG,n04522168_39604,n04522168,vase,hotpot_vase,0,0,,,0,
n04522168_39614.JPEG,n04522168_39614,n04522168,vase,hotpot_vase,0,1,,,0,
n04522168_3963.JPEG,n04522168_3963,n04522168,vase,hotpot_vase,0,1,,,0,
n04522168_39772.JPEG,n04522168_39772,n04522168,vase,hotpot_vase,0,1,,,0,
n04522168_3997.JPEG,n04522168_3997,n04522168,vase,hotpot_vase,0,0,,,0,
n04522168_40314.JPEG,n04522168_40314,n04522168,vase,hotpot_vase,0,0,,,0,
n04522168_40334.JPEG,n04522168_40334,n04522168,vase,hotpot_vase,0,0,,,0,
n04522168_40346.JPEG,n04522168_40346,n04522168,vase,hotpot_vase,0,0,,,0,
n04522168_4038.JPEG,n04522168_4038,n04522168,vase,hotpot_vase,0,1,,,0,
n04522168_40470.JPEG,n04522168_40470,n04522168,vase,hotpot_vase,0,0,,,0,
n04522168_40599.JPEG,n04522168_40599,n04522168,vase,hotpot_vase,0,0,,,0,
n04522168_40628.JPEG,n04522168_40628,n04522168,vase,hotpot_vase,0,0,,,0,
n04522168_4067.JPEG,n04522168_4067,n04522168,vase,hotpot_vase,0,1,,,0,
n04522168_40744.JPEG,n04522168_40744,n04522168,vase,hotpot_vase,0,0,,,0,
n04522168_4081.JPEG,n04522168_4081,n04522168,vase,hotpot_vase,0,1,,,0,
n04522168_4097.JPEG,n04522168_4097,n04522168,vase,hotpot_vase,0,0,,,0,
n04522168_4101.JPEG,n04522168_4101,n04522168,vase,hotpot_vase,0,0,,,0,
n04522168_41088.JPEG,n04522168_41088,n04522168,vase,hotpot_vase,1,1,zinnias,zinnia|glass milk bottle|flowers,3,"you can spend a lot on fancy floral arrangements in crystal vases, but I'd just as soon pick a handful of zinnias from the backyard and stick 'em in an mason jar (or milk bottle:-) "
n04522168_4109.JPEG,n04522168_4109,n04522168,vase,hotpot_vase,0,0,,,0,
n04522168_411.JPEG,n04522168_411,n04522168,vase,hotpot_vase,0,1,,,0,
n04522168_41123.JPEG,n04522168_41123,n04522168,vase,hotpot_vase,0,0,,,0,
n04522168_41215.JPEG,n04522168_41215,n04522168,vase,hotpot_vase,0,0,,,0,
n04522168_41309.JPEG,n04522168_41309,n04522168,vase,hotpot_vase,0,0,,,0,
n04522168_4139.JPEG,n04522168_4139,n04522168,vase,hotpot_vase,0,1,,,0,
n04522168_4152.JPEG,n04522168_4152,n04522168,vase,hotpot_vase,0,0,,,0,
n04522168_41532.JPEG,n04522168_41532,n04522168,vase,hotpot_vase,0,0,,,0,
n04522168_41768.JPEG,n04522168_41768,n04522168,vase,hotpot_vase,0,0,,,0,
n04522168_41836.JPEG,n04522168_41836,n04522168,vase,hotpot_vase,0,0,,,0,
n04522168_4185.JPEG,n04522168_4185,n04522168,vase,hotpot_vase,0,1,,,0,
n04522168_41868.JPEG,n04522168_41868,n04522168,vase,hotpot_vase,0,0,,,0,
n04522168_41904.JPEG,n04522168_41904,n04522168,vase,hotpot_vase,0,0,,,0,
n04522168_41966.JPEG,n04522168_41966,n04522168,vase,hotpot_vase,0,0,,,0,
n04522168_41983.JPEG,n04522168_41983,n04522168,vase,hotpot_vase,0,0,,,0,
n04522168_4203.JPEG,n04522168_4203,n04522168,vase,hotpot_vase,0,1,,,0,
n04522168_42047.JPEG,n04522168_42047,n04522168,vase,hotpot_vase,0,0,,,0,
n04522168_42069.JPEG,n04522168_42069,n04522168,vase,hotpot_vase,0,0,,,0,
n04522168_4218.JPEG,n04522168_4218,n04522168,vase,hotpot_vase,0,0,,,0,
n04522168_4237.JPEG,n04522168_4237,n04522168,vase,hotpot_vase,0,1,,,0,
n04522168_42439.JPEG,n04522168_42439,n04522168,vase,hotpot_vase,0,0,,,0,
n04522168_4253.JPEG,n04522168_4253,n04522168,vase,hotpot_vase,0,1,,,0,
n04522168_42536.JPEG,n04522168_42536,n04522168,vase,hotpot_vase,0,0,,,0,
n04522168_42663.JPEG,n04522168_42663,n04522168,vase,hotpot_vase,0,0,,,0,
n04522168_42847.JPEG,n04522168_42847,n04522168,vase,hotpot_vase,1,1,花瓶,,0,
n04522168_4285.JPEG,n04522168_4285,n04522168,vase,hotpot_vase,0,0,,,0,
n04522168_4288.JPEG,n04522168_4288,n04522168,vase,hotpot_vase,0,0,,,0,
n04522168_43029.JPEG,n04522168_43029,n04522168,vase,hotpot_vase,1,0,Unique Large Milk Glass Vase,vintage|amber|pink|milk glass|white|hobnail|figurine|aqua|ashburton|westmoreland|light blue|frosty|jar|dish|lid|roses|yellow|vase|clip earrings|jewelry|candlesticks|hazel atlas|cranberry red|goblets|teacup and saucer|american sailing ship plate|union,27,
n04522168_43130.JPEG,n04522168_43130,n04522168,vase,hotpot_vase,0,0,,,0,
n04522168_4314.JPEG,n04522168_4314,n04522168,vase,hotpot_vase,0,0,,,0,
n04522168_43202.JPEG,n04522168_43202,n04522168,vase,hotpot_vase,0,0,,,0,
n04522168_43212.JPEG,n04522168_43212,n04522168,vase,hotpot_vase,0,0,,,0,
n04522168_43259.JPEG,n04522168_43259,n04522168,vase,hotpot_vase,1,1,,flower|jar|vase|candle|dof|bar|still life,7,I thought this little flower was cute.
n04522168_4326.JPEG,n04522168_4326,n04522168,vase,hotpot_vase,0,1,,,0,
n04522168_43298.JPEG,n04522168_43298,n04522168,vase,hotpot_vase,1,0,Japanese jar vase Vintage $20.00,,0,
n04522168_4337.JPEG,n04522168_4337,n04522168,vase,hotpot_vase,0,0,,,0,
n04522168_43479.JPEG,n04522168_43479,n04522168,vase,hotpot_vase,0,1,,,0,
n04522168_4358.JPEG,n04522168_4358,n04522168,vase,hotpot_vase,0,0,,,0,
n04522168_4362.JPEG,n04522168_4362,n04522168,vase,hotpot_vase,0,1,,,0,
n04522168_4387.JPEG,n04522168_4387,n04522168,vase,hotpot_vase,0,0,,,0,
n04522168_4405.JPEG,n04522168_4405,n04522168,vase,hotpot_vase,0,0,,,0,
n04522168_4418.JPEG,n04522168_4418,n04522168,vase,hotpot_vase,0,0,,,0,
n04522168_44262.JPEG,n04522168_44262,n04522168,vase,hotpot_vase,0,0,,,0,
n04522168_4429.JPEG,n04522168_4429,n04522168,vase,hotpot_vase,0,1,,,0,
n04522168_44310.JPEG,n04522168_44310,n04522168,vase,hotpot_vase,0,0,,,0,
n04522168_44353.JPEG,n04522168_44353,n04522168,vase,hotpot_vase,1,1,紫砂花瓶,,0,
n04522168_44371.JPEG,n04522168_44371,n04522168,vase,hotpot_vase,0,0,,,0,
n04522168_4443.JPEG,n04522168_4443,n04522168,vase,hotpot_vase,0,1,,,0,
n04522168_44521.JPEG,n04522168_44521,n04522168,vase,hotpot_vase,0,0,,,0,
n04522168_44551.JPEG,n04522168_44551,n04522168,vase,hotpot_vase,0,0,,,0,
n04522168_44552.JPEG,n04522168_44552,n04522168,vase,hotpot_vase,0,0,,,0,
n04522168_44730.JPEG,n04522168_44730,n04522168,vase,hotpot_vase,0,0,,,0,
n04522168_4476.JPEG,n04522168_4476,n04522168,vase,hotpot_vase,0,1,,,0,
n04522168_44780.JPEG,n04522168_44780,n04522168,vase,hotpot_vase,0,0,,,0,
n04522168_44982.JPEG,n04522168_44982,n04522168,vase,hotpot_vase,1,0,furoshiki empty jar wrap,furoshiki|fabric wrapping|gift wrapping|fabric orgami|green gift wrapping,5,"re use an empty jar, turn it into a vase or a pen holder or..."
n04522168_44998.JPEG,n04522168_44998,n04522168,vase,hotpot_vase,1,0,全新的花瓶Vase 2,,0,C3.1 右边的青花花瓶２５元，高有３６．５公分  C3.2 左边高瘦型的牡丹花花瓶 ３５元 高有４７公分
n04522168_45023.JPEG,n04522168_45023,n04522168,vase,hotpot_vase,0,0,,,0,
n04522168_45115.JPEG,n04522168_45115,n04522168,vase,hotpot_vase,0,0,,,0,
n04522168_45331.JPEG,n04522168_45331,n04522168,vase,hotpot_vase,1,0,Antique jars I found yesterday... using them as vases. Bought them specifically for Thanksgiving though. Creating an awesome table-scape in my head. Lets see how it really pans out.,random,1,Sent from my Verizon Wireless BlackBerry
n04522168_45382.JPEG,n04522168_45382,n04522168,vase,hotpot_vase,0,0,,,0,
n04522168_45516.JPEG,n04522168_45516,n04522168,vase,hotpot_vase,0,0,,,0,
n04522168_45535.JPEG,n04522168_45535,n04522168,vase,hotpot_vase,0,0,,,0,
n04522168_4556.JPEG,n04522168_4556,n04522168,vase,hotpot_vase,0,0,,,0,
n04522168_45605.JPEG,n04522168_45605,n04522168,vase,hotpot_vase,0,0,,,0,
n04522168_4565.JPEG,n04522168_4565,n04522168,vase,hotpot_vase,0,0,,,0,
n04522168_4584.JPEG,n04522168_4584,n04522168,vase,hotpot_vase,0,1,,,0,
n04522168_4607.JPEG,n04522168_4607,n04522168,vase,hotpot_vase,0,1,,,0,
n04522168_46164.JPEG,n04522168_46164,n04522168,vase,hotpot_vase,0,0,,,0,
n04522168_46266.JPEG,n04522168_46266,n04522168,vase,hotpot_vase,0,0,,,0,
n04522168_4642.JPEG,n04522168_4642,n04522168,vase,hotpot_vase,0,1,,,0,
n04522168_46511.JPEG,n04522168_46511,n04522168,vase,hotpot_vase,1,0,More Hobnail Fresh Flowers,vintage|amber|pink|milk glass|white|hobnail|figurine|aqua|ashburton|westmoreland|light blue|frosty|jar|dish|lid|roses|yellow|vase|clip earrings|jewelry|candlesticks|hazel atlas|cranberry red|goblets|teacup and saucer|american sailing ship plate|union,27,
n04522168_46526.JPEG,n04522168_46526,n04522168,vase,hotpot_vase,0,0,,,0,
n04522168_46542.JPEG,n04522168_46542,n04522168,vase,hotpot_vase,0,0,,,0,
n04522168_46611.JPEG,n04522168_46611,n04522168,vase,hotpot_vase,1,1,花瓶,Home Collections|Sony A550|Tamron A16,3,小客廳小花瓶
n04522168_46686.JPEG,n04522168_46686,n04522168,vase,hotpot_vase,0,0,,,0,
n04522168_46731.JPEG,n04522168_46731,n04522168,vase,hotpot_vase,0,0,,,0,
n04522168_46810.JPEG,n04522168_46810,n04522168,vase,hotpot_vase,0,0,,,0,
n04522168_46972.JPEG,n04522168_46972,n04522168,vase,hotpot_vase,0,0,,,0,
n04522168_4703.JPEG,n04522168_4703,n04522168,vase,hotpot_vase,0,0,,,0,
n04522168_47046.JPEG,n04522168_47046,n04522168,vase,hotpot_vase,0,0,,,0,
n04522168_47057.JPEG,n04522168_47057,n04522168,vase,hotpot_vase,0,0,,,0,
n04522168_47380.JPEG,n04522168_47380,n04522168,vase,hotpot_vase,1,1,hagiasophia2,Istanbul|Hagia Sophia Istanbul Mosques Cistern Hagia Sophia,2,"A huge marble vase inside the hagia sophia, the guide told us the marble is cut so thin that you could see a lit candle burning inside the jar."
n04522168_47401.JPEG,n04522168_47401,n04522168,vase,hotpot_vase,0,0,,,0,
n04522168_47456.JPEG,n04522168_47456,n04522168,vase,hotpot_vase,0,0,,,0,
n04522168_475.JPEG,n04522168_475,n04522168,vase,hotpot_vase,0,1,,,0,
n04522168_4752.JPEG,n04522168_4752,n04522168,vase,hotpot_vase,0,0,,,0,
n04522168_47595.JPEG,n04522168_47595,n04522168,vase,hotpot_vase,1,1,untitled,eos400d|sigma|silhouette|teasel|vase|onWhilte|white|black|BW,9,"Dried teasel and old feather, in a jar, on white."
n04522168_47650.JPEG,n04522168_47650,n04522168,vase,hotpot_vase,1,0,daffodils on kitchen table,daffs|daffodils|ball jar|ball jar as vase|blue wall|turquoise wall|aqua wall|flowers|spring flowers,9,
n04522168_47666.JPEG,n04522168_47666,n04522168,vase,hotpot_vase,0,0,,,0,
n04522168_47672.JPEG,n04522168_47672,n04522168,vase,hotpot_vase,1,0,观自在,,0,
n04522168_47776.JPEG,n04522168_47776,n04522168,vase,hotpot_vase,0,1,,,0,
n04522168_47829.JPEG,n04522168_47829,n04522168,vase,hotpot_vase,0,0,,,0,
n04522168_4786.JPEG,n04522168_4786,n04522168,vase,hotpot_vase,0,1,,,0,
n04522168_47875.JPEG,n04522168_47875,n04522168,vase,hotpot_vase,1,0,my one and only still life,black and white|milk|flower|film|still|life|white|black|jar|vase|window|light,12,
n04522168_4789.JPEG,n04522168_4789,n04522168,vase,hotpot_vase,0,1,,,0,
n04522168_47988.JPEG,n04522168_47988,n04522168,vase,hotpot_vase,1,0,花瓶　$2,new,1,
n04522168_4799.JPEG,n04522168_4799,n04522168,vase,hotpot_vase,0,0,,,0,
n04522168_4804.JPEG,n04522168_4804,n04522168,vase,hotpot_vase,0,1,,,0,
n04522168_4805.JPEG,n04522168_4805,n04522168,vase,hotpot_vase,0,1,,,0,
n04522168_4806.JPEG,n04522168_4806,n04522168,vase,hotpot_vase,0,0,,,0,
n04522168_48172.JPEG,n04522168_48172,n04522168,vase,hotpot_vase,0,0,,,0,
n04522168_482.JPEG,n04522168_482,n04522168,vase,hotpot_vase,0,1,,,0,
n04522168_4821.JPEG,n04522168_4821,n04522168,vase,hotpot_vase,0,1,,,0,
n04522168_483.JPEG,n04522168_483,n04522168,vase,hotpot_vase,0,0,,,0,
n04522168_48526.JPEG,n04522168_48526,n04522168,vase,hotpot_vase,0,0,,,0,
n04522168_4857.JPEG,n04522168_4857,n04522168,vase,hotpot_vase,0,0,,,0,
n04522168_48694.JPEG,n04522168_48694,n04522168,vase,hotpot_vase,0,1,,,0,
n04522168_487.JPEG,n04522168_487,n04522168,vase,hotpot_vase,0,1,,,0,
n04522168_48834.JPEG,n04522168_48834,n04522168,vase,hotpot_vase,0,0,,,0,
n04522168_48879.JPEG,n04522168_48879,n04522168,vase,hotpot_vase,0,0,,,0,
n04522168_48930.JPEG,n04522168_48930,n04522168,vase,hotpot_vase,0,0,,,0,
n04522168_49024.JPEG,n04522168_49024,n04522168,vase,hotpot_vase,0,1,,,0,
n04522168_49052.JPEG,n04522168_49052,n04522168,vase,hotpot_vase,0,0,,,0,
n04522168_4914.JPEG,n04522168_4914,n04522168,vase,hotpot_vase,0,0,,,0,
n04522168_49149.JPEG,n04522168_49149,n04522168,vase,hotpot_vase,0,0,,,0,
n04522168_49155.JPEG,n04522168_49155,n04522168,vase,hotpot_vase,0,0,,,0,
n04522168_49172.JPEG,n04522168_49172,n04522168,vase,hotpot_vase,1,0,,jar|vase|water|flower|light,5,
n04522168_4934.JPEG,n04522168_4934,n04522168,vase,hotpot_vase,0,1,,,0,
n04522168_494.JPEG,n04522168_494,n04522168,vase,hotpot_vase,0,1,,,0,
n04522168_4949.JPEG,n04522168_4949,n04522168,vase,hotpot_vase,0,1,,,0,
n04522168_49567.JPEG,n04522168_49567,n04522168,vase,hotpot_vase,0,0,,,0,
n04522168_49617.JPEG,n04522168_49617,n04522168,vase,hotpot_vase,0,0,,,0,
n04522168_49662.JPEG,n04522168_49662,n04522168,vase,hotpot_vase,0,0,,,0,
n04522168_49679.JPEG,n04522168_49679,n04522168,vase,hotpot_vase,0,0,,,0,
n04522168_49706.JPEG,n04522168_49706,n04522168,vase,hotpot_vase,0,0,,,0,
n04522168_4972.JPEG,n04522168_4972,n04522168,vase,hotpot_vase,0,1,,,0,
n04522168_49724.JPEG,n04522168_49724,n04522168,vase,hotpot_vase,0,0,,,0,
n04522168_49829.JPEG,n04522168_49829,n04522168,vase,hotpot_vase,0,0,,,0,
n04522168_49846.JPEG,n04522168_49846,n04522168,vase,hotpot_vase,1,0,50mm of Love,flower|dof|depth of field|jar|vase|shelf|outside|garden|rust|texture|50mm|blur|leaf|petal,14,
n04522168_4987.JPEG,n04522168_4987,n04522168,vase,hotpot_vase,0,1,,,0,
n04522168_49932.JPEG,n04522168_49932,n04522168,vase,hotpot_vase,0,0,,,0,
n04522168_50013.JPEG,n04522168_50013,n04522168,vase,hotpot_vase,0,0,,,0,
n04522168_50026.JPEG,n04522168_50026,n04522168,vase,hotpot_vase,0,0,,,0,
n04522168_5006.JPEG,n04522168_5006,n04522168,vase,hotpot_vase,0,0,,,0,
n04522168_50153.JPEG,n04522168_50153,n04522168,vase,hotpot_vase,0,0,,,0,
n04522168_50246.JPEG,n04522168_50246,n04522168,vase,hotpot_vase,0,0,,,0,
n04522168_5033.JPEG,n04522168_5033,n04522168,vase,hotpot_vase,0,0,,,0,
n04522168_50351.JPEG,n04522168_50351,n04522168,vase,hotpot_vase,0,0,,,0,
n04522168_50417.JPEG,n04522168_50417,n04522168,vase,hotpot_vase,0,0,,,0,
n04522168_5049.JPEG,n04522168_5049,n04522168,vase,hotpot_vase,0,0,,,0,
n04522168_5051.JPEG,n04522168_5051,n04522168,vase,hotpot_vase,0,1,,,0,
n04522168_5053.JPEG,n04522168_5053,n04522168,vase,hotpot_vase,0,1,,,0,
n04522168_50615.JPEG,n04522168_50615,n04522168,vase,hotpot_vase,1,0,2009.09.13 浙江省博物館,杭州|Hangzhou|浙江省博物館|浙江省博物馆,4,捷克贈送的鍍金玻璃花瓶
n04522168_5071.JPEG,n04522168_5071,n04522168,vase,hotpot_vase,0,1,,,0,
n04522168_50724.JPEG,n04522168_50724,n04522168,vase,hotpot_vase,0,0,,,0,
n04522168_5073.JPEG,n04522168_5073,n04522168,vase,hotpot_vase,0,1,,,0,
n04522168_50743.JPEG,n04522168_50743,n04522168,vase,hotpot_vase,1,0,Chritsina's Garden,2009|Redding|California|Lewis Residence|Chritsina's flower vases|mason jars|yellow flowers|back yard|garden|fence|d.i.y.|decorating|today's random fact,13,"Read/see more at my blog, <a href=""http://www.thehavingfunclub.org/blog/?p=2276"" rel=""noreferrer nofollow"">The Awesome Summer Journal</a>.  <b>Today's Random Fact:</b> We're going on our second week in Portland and I'm still without a job. Crossing my fingers that something comes up... I need some cash flow to support my buffalo wing tofu addiction! :D"
n04522168_50815.JPEG,n04522168_50815,n04522168,vase,hotpot_vase,0,0,,,0,
n04522168_5090.JPEG,n04522168_5090,n04522168,vase,hotpot_vase,0,0,,,0,
n04522168_51042.JPEG,n04522168_51042,n04522168,vase,hotpot_vase,0,0,,,0,
n04522168_5108.JPEG,n04522168_5108,n04522168,vase,hotpot_vase,0,1,,,0,
n04522168_51089.JPEG,n04522168_51089,n04522168,vase,hotpot_vase,1,0,Jar of Lightning,maciomhair|lightning|light|light painting|long exposure|vase|light trails,7,
n04522168_5120.JPEG,n04522168_5120,n04522168,vase,hotpot_vase,0,1,,,0,
n04522168_5125.JPEG,n04522168_5125,n04522168,vase,hotpot_vase,0,1,,,0,
n04522168_51376.JPEG,n04522168_51376,n04522168,vase,hotpot_vase,0,0,,,0,
n04522168_51403.JPEG,n04522168_51403,n04522168,vase,hotpot_vase,0,0,,,0,
n04522168_5163.JPEG,n04522168_5163,n04522168,vase,hotpot_vase,0,1,,,0,
n04522168_51723.JPEG,n04522168_51723,n04522168,vase,hotpot_vase,0,0,,,0,
n04522168_51745.JPEG,n04522168_51745,n04522168,vase,hotpot_vase,0,0,,,0,
n04522168_51776.JPEG,n04522168_51776,n04522168,vase,hotpot_vase,0,0,,,0,
n04522168_51844.JPEG,n04522168_51844,n04522168,vase,hotpot_vase,0,0,,,0,
n04522168_5186.JPEG,n04522168_5186,n04522168,vase,hotpot_vase,0,0,,,0,
n04522168_5190.JPEG,n04522168_5190,n04522168,vase,hotpot_vase,0,1,,,0,
n04522168_5193.JPEG,n04522168_5193,n04522168,vase,hotpot_vase,0,1,,,0,
n04522168_52106.JPEG,n04522168_52106,n04522168,vase,hotpot_vase,0,0,,,0,
n04522168_5220.JPEG,n04522168_5220,n04522168,vase,hotpot_vase,0,0,,,0,
n04522168_52406.JPEG,n04522168_52406,n04522168,vase,hotpot_vase,1,1,crochet vase,mar to oct 09|crochet,2,inspired by lucy's jar jackets.
n04522168_52441.JPEG,n04522168_52441,n04522168,vase,hotpot_vase,0,0,,,0,
n04522168_52538.JPEG,n04522168_52538,n04522168,vase,hotpot_vase,0,0,,,0,
n04522168_5254.JPEG,n04522168_5254,n04522168,vase,hotpot_vase,0,0,,,0,
n04522168_52592.JPEG,n04522168_52592,n04522168,vase,hotpot_vase,0,0,,,0,
n04522168_52635.JPEG,n04522168_52635,n04522168,vase,hotpot_vase,0,1,,,0,
n04522168_5278.JPEG,n04522168_5278,n04522168,vase,hotpot_vase,0,0,,,0,
n04522168_52849.JPEG,n04522168_52849,n04522168,vase,hotpot_vase,0,0,,,0,
n04522168_529.JPEG,n04522168_529,n04522168,vase,hotpot_vase,0,0,,,0,
n04522168_5294.JPEG,n04522168_5294,n04522168,vase,hotpot_vase,0,1,,,0,
n04522168_5297.JPEG,n04522168_5297,n04522168,vase,hotpot_vase,0,1,,,0,
n04522168_52998.JPEG,n04522168_52998,n04522168,vase,hotpot_vase,1,0,,vintage|ball canning jar|syracuse china|vase|white flower,5,"<a href=""http://www.lindseyretelle.etsy.com"" rel=""noreferrer nofollow"">www.lindseyretelle.etsy.com</a>"
n04522168_530.JPEG,n04522168_530,n04522168,vase,hotpot_vase,0,0,,,0,
n04522168_53179.JPEG,n04522168_53179,n04522168,vase,hotpot_vase,1,1,09-0-21 phone card 024a,,0,Heidi made this cute Teddy Bear Cookie jar and  this vase in Ceramics.
n04522168_534.JPEG,n04522168_534,n04522168,vase,hotpot_vase,0,1,,,0,
n04522168_5341.JPEG,n04522168_5341,n04522168,vase,hotpot_vase,0,1,,,0,
n04522168_535.JPEG,n04522168_535,n04522168,vase,hotpot_vase,0,0,,,0,
n04522168_5360.JPEG,n04522168_5360,n04522168,vase,hotpot_vase,0,1,,,0,
n04522168_5361.JPEG,n04522168_5361,n04522168,vase,hotpot_vase,0,0,,,0,
n04522168_53697.JPEG,n04522168_53697,n04522168,vase,hotpot_vase,0,0,,,0,
n04522168_538.JPEG,n04522168_538,n04522168,vase,hotpot_vase,0,1,,,0,
n04522168_53842.JPEG,n04522168_53842,n04522168,vase,hotpot_vase,1,0,Fire King Hobnail,Vintage|jewelry|orange|glasses|jar|shells|flowers|fire king|hobnail|milk glass|vase|butterfly|white|silver|china|meito|platter|porcelain|pink|woods|blue and white|plate|hen|tea set|noritake|eo brody|candy dish,27,
n04522168_5385.JPEG,n04522168_5385,n04522168,vase,hotpot_vase,0,0,,,0,
n04522168_53855.JPEG,n04522168_53855,n04522168,vase,hotpot_vase,0,0,,,0,
n04522168_5398.JPEG,n04522168_5398,n04522168,vase,hotpot_vase,0,1,,,0,
n04522168_54076.JPEG,n04522168_54076,n04522168,vase,hotpot_vase,0,0,,,0,
n04522168_5420.JPEG,n04522168_5420,n04522168,vase,hotpot_vase,1,1,CopperJug.JPG,Copper|jug|plate|vase|jar|collander|pot|kitchen|cooking|still life|objects|ddk4Runner|Copyright2008Donna Kerley|Copyright Donna Kerley|Copyright|Donna Kerley|all rights reserved,17,
n04522168_54241.JPEG,n04522168_54241,n04522168,vase,hotpot_vase,0,0,,,0,
n04522168_5428.JPEG,n04522168_5428,n04522168,vase,hotpot_vase,0,1,,,0,
n04522168_54333.JPEG,n04522168_54333,n04522168,vase,hotpot_vase,0,0,,,0,
n04522168_54334.JPEG,n04522168_54334,n04522168,vase,hotpot_vase,0,0,,,0,
n04522168_5436.JPEG,n04522168_5436,n04522168,vase,hotpot_vase,0,0,,,0,
n04522168_54428.JPEG,n04522168_54428,n04522168,vase,hotpot_vase,1,0,紫砂花瓶1,,0,
n04522168_54512.JPEG,n04522168_54512,n04522168,vase,hotpot_vase,0,0,,,0,
n04522168_5461.JPEG,n04522168_5461,n04522168,vase,hotpot_vase,0,0,,,0,
n04522168_54613.JPEG,n04522168_54613,n04522168,vase,hotpot_vase,1,0,no. 5  花瓶 & 花盆,,0,花瓶 &amp; 花盆  全部 $350 (如與no.5 與 no.6 一同出售 $ 400)
n04522168_5483.JPEG,n04522168_5483,n04522168,vase,hotpot_vase,0,0,,,0,
n04522168_5501.JPEG,n04522168_5501,n04522168,vase,hotpot_vase,0,0,,,0,
n04522168_55033.JPEG,n04522168_55033,n04522168,vase,hotpot_vase,0,0,,,0,
n04522168_55115.JPEG,n04522168_55115,n04522168,vase,hotpot_vase,0,0,,,0,
n04522168_55269.JPEG,n04522168_55269,n04522168,vase,hotpot_vase,0,0,,,0,
n04522168_5538.JPEG,n04522168_5538,n04522168,vase,hotpot_vase,1,1,tulips in a vase,flowers|vase|blackground|tulip|light|crystal|green|yellow|spring|nature|blueberrymom,11,"Don't get me wrong. I love flowers. They are pretty to look, but just pretty, without energy and emotion, is not the type of art I love to create. Here is a <a href=""http://www.flickr.com/photos/blueberrymom/429338298/""> detail </a>  of the vase. The detail is more my style...not exactly but a lot closer."
n04522168_5543.JPEG,n04522168_5543,n04522168,vase,hotpot_vase,0,1,,,0,
n04522168_55482.JPEG,n04522168_55482,n04522168,vase,hotpot_vase,1,0,"Ashmolean Museum, Oxford",vases|trees|Ashmolean Museum,3,"Jar decorated with palm trees, Knossos, 1850-1800 BC"
n04522168_5549.JPEG,n04522168_5549,n04522168,vase,hotpot_vase,0,1,,,0,
n04522168_55536.JPEG,n04522168_55536,n04522168,vase,hotpot_vase,0,0,,,0,
n04522168_5561.JPEG,n04522168_5561,n04522168,vase,hotpot_vase,0,1,,,0,
n04522168_5566.JPEG,n04522168_5566,n04522168,vase,hotpot_vase,0,0,,,0,
n04522168_55734.JPEG,n04522168_55734,n04522168,vase,hotpot_vase,0,0,,,0,
n04522168_55810.JPEG,n04522168_55810,n04522168,vase,hotpot_vase,0,0,,,0,
n04522168_5585.JPEG,n04522168_5585,n04522168,vase,hotpot_vase,0,0,,,0,
n04522168_56091.JPEG,n04522168_56091,n04522168,vase,hotpot_vase,1,0,Shelf of treasures II,phonecam,1,
n04522168_56474.JPEG,n04522168_56474,n04522168,vase,hotpot_vase,0,0,,,0,
n04522168_56552.JPEG,n04522168_56552,n04522168,vase,hotpot_vase,0,0,,,0,
n04522168_56667.JPEG,n04522168_56667,n04522168,vase,hotpot_vase,0,0,,,0,
n04522168_5667.JPEG,n04522168_5667,n04522168,vase,hotpot_vase,0,0,,,0,
n04522168_56708.JPEG,n04522168_56708,n04522168,vase,hotpot_vase,1,1,wedding centerpiece,centerpiece|wedding|origami|lily|mason|jar,6,"I made dozens of these origami lilies for a friend's wedding reception centerpieces.  I used a template to marker on a pattern and snipped the ends of each lily to fit onto twigs I found in my yard.  We didn't actually use mason jars (I liked them!) Vases were used with some weird gooey substance resembling roe to hold them in place.  If you want to create something like this yourself, try jellybeans, coffee beans, confetti, beans, smarties, or seeds."
n04522168_56721.JPEG,n04522168_56721,n04522168,vase,hotpot_vase,0,0,,,0,
n04522168_56741.JPEG,n04522168_56741,n04522168,vase,hotpot_vase,0,0,,,0,
n04522168_56823.JPEG,n04522168_56823,n04522168,vase,hotpot_vase,0,0,,,0,
n04522168_5691.JPEG,n04522168_5691,n04522168,vase,hotpot_vase,0,1,,,0,
n04522168_5698.JPEG,n04522168_5698,n04522168,vase,hotpot_vase,0,0,,,0,
n04522168_5699.JPEG,n04522168_5699,n04522168,vase,hotpot_vase,0,1,,,0,
n04522168_57049.JPEG,n04522168_57049,n04522168,vase,hotpot_vase,0,0,,,0,
n04522168_57098.JPEG,n04522168_57098,n04522168,vase,hotpot_vase,0,0,,,0,
n04522168_5712.JPEG,n04522168_5712,n04522168,vase,hotpot_vase,0,1,,,0,
n04522168_5725.JPEG,n04522168_5725,n04522168,vase,hotpot_vase,0,1,,,0,
n04522168_57375.JPEG,n04522168_57375,n04522168,vase,hotpot_vase,1,0,Gathering Greens,Greenery|plant|house|decor|window sill|leaves|flower|sunflower|kitchen|design|saucer|kerr|jar|antique|vintage|wood|yellow|sunshine|vase|color,20,
n04522168_5740.JPEG,n04522168_5740,n04522168,vase,hotpot_vase,1,1,Cycladic jar,mycenae|mycenaean|greece|greek|mikinai|mikines|museum|micene|museo|grecia|cycladic|jar|floral|style|decoration|flower|pottery|ceramic|vase|bronze|age|middle|helladic|III|cyclades|MH III|17th c. BCE|pleiades:findspot=570491|pleiades:origin=560353|miceneo|mykenisch|mycénien|Μυκηναϊκός|micénico|Miken|Myceense|Микенская,37,"Cycladic jar with floral decoration Middle Helladic (MH) III (1700-1600 BCE) Grave N, Mycenae  Mycenae Museum MM 424"
n04522168_5760.JPEG,n04522168_5760,n04522168,vase,hotpot_vase,0,1,,,0,
n04522168_5786.JPEG,n04522168_5786,n04522168,vase,hotpot_vase,0,0,,,0,
n04522168_5820.JPEG,n04522168_5820,n04522168,vase,hotpot_vase,0,1,,,0,
n04522168_5869.JPEG,n04522168_5869,n04522168,vase,hotpot_vase,0,1,,,0,
n04522168_5880.JPEG,n04522168_5880,n04522168,vase,hotpot_vase,0,1,,,0,
n04522168_5888.JPEG,n04522168_5888,n04522168,vase,hotpot_vase,0,1,,,0,
n04522168_5895.JPEG,n04522168_5895,n04522168,vase,hotpot_vase,0,0,,,0,
n04522168_5977.JPEG,n04522168_5977,n04522168,vase,hotpot_vase,1,1,Qing Dynasty vase,Ceramic|Asian|antique|ancient|pottery|jar|vase,7,from the Sackler
n04522168_5994.JPEG,n04522168_5994,n04522168,vase,hotpot_vase,0,1,,,0,
n04522168_5996.JPEG,n04522168_5996,n04522168,vase,hotpot_vase,0,0,,,0,
n04522168_60.JPEG,n04522168_60,n04522168,vase,hotpot_vase,0,1,,,0,
n04522168_602.JPEG,n04522168_602,n04522168,vase,hotpot_vase,0,1,,,0,
n04522168_6028.JPEG,n04522168_6028,n04522168,vase,hotpot_vase,0,0,,,0,
n04522168_6056.JPEG,n04522168_6056,n04522168,vase,hotpot_vase,0,0,,,0,
n04522168_6065.JPEG,n04522168_6065,n04522168,vase,hotpot_vase,0,1,,,0,
n04522168_6066.JPEG,n04522168_6066,n04522168,vase,hotpot_vase,0,0,,,0,
n04522168_6067.JPEG,n04522168_6067,n04522168,vase,hotpot_vase,0,0,,,0,
n04522168_6068.JPEG,n04522168_6068,n04522168,vase,hotpot_vase,0,0,,,0,
n04522168_6115.JPEG,n04522168_6115,n04522168,vase,hotpot_vase,0,1,,,0,
n04522168_6132.JPEG,n04522168_6132,n04522168,vase,hotpot_vase,0,0,,,0,
n04522168_6140.JPEG,n04522168_6140,n04522168,vase,hotpot_vase,0,1,,,0,
n04522168_615.JPEG,n04522168_615,n04522168,vase,hotpot_vase,0,1,,,0,
n04522168_6183.JPEG,n04522168_6183,n04522168,vase,hotpot_vase,0,1,,,0,
n04522168_6184.JPEG,n04522168_6184,n04522168,vase,hotpot_vase,0,0,,,0,
n04522168_6194.JPEG,n04522168_6194,n04522168,vase,hotpot_vase,0,1,,,0,
n04522168_620.JPEG,n04522168_620,n04522168,vase,hotpot_vase,0,1,,,0,
n04522168_6205.JPEG,n04522168_6205,n04522168,vase,hotpot_vase,0,0,,,0,
n04522168_6213.JPEG,n04522168_6213,n04522168,vase,hotpot_vase,0,1,,,0,
n04522168_6237.JPEG,n04522168_6237,n04522168,vase,hotpot_vase,0,0,,,0,
n04522168_6246.JPEG,n04522168_6246,n04522168,vase,hotpot_vase,0,0,,,0,
n04522168_6247.JPEG,n04522168_6247,n04522168,vase,hotpot_vase,0,0,,,0,
n04522168_6297.JPEG,n04522168_6297,n04522168,vase,hotpot_vase,0,1,,,0,
n04522168_632.JPEG,n04522168_632,n04522168,vase,hotpot_vase,0,1,,,0,
n04522168_6326.JPEG,n04522168_6326,n04522168,vase,hotpot_vase,0,0,,,0,
n04522168_6333.JPEG,n04522168_6333,n04522168,vase,hotpot_vase,0,1,,,0,
n04522168_6346.JPEG,n04522168_6346,n04522168,vase,hotpot_vase,0,1,,,0,
n04522168_6383.JPEG,n04522168_6383,n04522168,vase,hotpot_vase,0,0,,,0,
n04522168_6394.JPEG,n04522168_6394,n04522168,vase,hotpot_vase,0,1,,,0,
n04522168_6409.JPEG,n04522168_6409,n04522168,vase,hotpot_vase,0,1,,,0,
n04522168_6421.JPEG,n04522168_6421,n04522168,vase,hotpot_vase,0,1,,,0,
n04522168_6439.JPEG,n04522168_6439,n04522168,vase,hotpot_vase,1,1,Engraving (Qalam-Zani) Vase,Engrave|Engraving|قلم زني|قلم زن|قلم زنی|گلدان|Vase|Persian|Handcraft|Metalwork|Metalworking|Isfahan|صابر|saber|پرشیا|پرشيا|فارسی|فارسي|حامدصابر|حامد|ایرانیان|ایران|ايرانيان|ايراني|ايران|persia|iranian|iran|hamed|geotagged|farsi|Qalam-Zani|Ghalamzani|persian art|Persian culture|Persisch|interestingness|Flickr Explore,38,"This beautiful Persian handcraft is a small handmade vase from Isfahan, the cultural capital of Islamic world.  See <a href=""http://www.flickr.mud.yahoo.com/photo_zoom.gne?id=315452749&amp;size=o"" rel=""noreferrer nofollow"">LARGE</a> size for details.  Carvings on vase figure a ceremony of Safavid era, with musicians and ladies who has great wineglasses in their hands.  Thanks dear <a href=""http://flickr.com/photos/mailo"">Kiana</a> for helping us buying this beautiful vase and dozens of other great Persian handcrafts from Isfahan. (She's a handcraft student in Isfahan)  ----------------------------------- The artistic works of this course made by the artists, are the glorious and undeniable indications of previous metal works of Iran and Isfahan, in particular. The historical discoveries belonging to the ancient times as the Sassanide (700 AD), the Seljuk (1000 AD) and the Safavid (1600 AD) dynasties indicate a few of the outstanding metalwork periods. Engraving with various plans and methods have been led to the highest amount of engraving production whose current methods include: <b><i>1 - Outstanding work:</i></b> In this work, the job is performed on both sides of the metal making the out stood part on the metal sheet of high appreciation. <b><i>2 - Half outstanding or relief work:</i></b> In this method, the background is hammered down by an engraving steel tool and therefore, the plan on the metal looks outstanding by some extent. <b><i>3 - Special picture:</i></b> In this method, only the lines of the circumference of the design are engraved making tiny and multi-designed background without any outstanding part. <b><i>4 - Engraving through metal removing:</i></b> In this method, some parts of the metal is removed by steel tools depressing the metal. In special cases, (if copper has been covered by tin), the red color shine and gloss of copper can be observed beside the silver color of tin. This method is considered to be the oldest among all the methods of engraving being performed in a similar course known as carving without hammer. <b><i>5 - Latticing:</i></b> By removing some whole parts of the metal, a netted shape will be created which is performed by cutting tools and hammer creating a job like latticing with hack saw. <b><i>6 - Kuftegary or gold blocking</i></b>: This is an excellent pattern of engraving along which the circumference lines of the plan are carved placing new soft metals in their grooves. This method is mostly performed on steel.  The introductory periods are all similar in the steps above. First selecting the metal. Then tar covering of behind the metal to absorb the shocks of the hammer. After that it is the time to make designations on the material. And at last, engraving with different sorts of tool whose result will be decorating the metal with geometric and miniature designs which will be created through engraving, grazing or pressing the metal surface. --------------------------------- <i>(Source: &quot;The eyes of Esfahan&quot;, a 2006 free of charge book we found in Naghshe Jahan square)</i>  قلم زني هنر تزئين و ايجاد نقش روي فلز به وسيله انواع قلم ها، با استفاده از چكش است. هنر تزئين فلزات در ايران قدمت سه هزار ساله دارد. كاوش هاي باستانشناسي در نقاط تاريخي ايران از جمله بمپور، شهداد، تل ابليس، تپه سيلك و تپه زاغه نشان مي دهد كه ايرانيان از حدود هفت هزار سال پيش با ساخت اشياي فلزي ، به ويژه اشياي مسي آشنا بوده اند. ظروف ساده اي چون كاسه و اشياي فلزي نظير خنجر كه با كوبيدن قطعه اي سنگ بر روي صفحه مسي و شكل دادن آن ساخته مي شد.  پس از كشف فلزات ديگر و آلياژي چون مفرغ، تحول و تنوع بسياري در ساخت  آثار فلزي پديد آمد. آثار مفرغي بدست آمده در لرستان مربوط به عصر مفرغ (سه هزار سال قبل از ميلاد ) مي باشد. با تشكيل حكومت هخامنشي هنر فلز كاري تحول يافته و جايگاه ويژه اي در صنعت اين دوره پيدا كرد. ساخت اشياء از فلزات مختلف مانند مفرغ، طلا، نقره و آهن و تزئين و منقوش ساختن آن رواج يافت. هنر فلزكاري در دوره ساساني، هنري درباري بود كه هنر مردمي را نيز تحت تاثير خود قرار داده بود. ظروف نقره اي با نقوش پرندگان و پادشاهان در حال شكار كه گاه زراندود شده و با تزئين خط نوشته و انواع ظروف به شكل مجسمه حيوانات، آثار بدست آمده از اين دوران است.   در اوايل دوره اسلامي با استفاده از آلياژهاي مختلف و تقليد از هنر دوره ساساني، ظروف مختلف فلزي ولي بدون نقش ساخته مي شد. آثار فلزي بدست آمده از دوره سلجوقي نشانگر آن است كه اين هنر بخصوص در نواحي خراسان پيشرفت زيادي داشته. تفاوت در فرم تنگها و ايجاد خط هاي عمودي در بدنه و گردن آنها، ايجاد نقوش كوچك، ظريف و متراكم، استفاده از پيچكها و خط نوشته هاي در تقسيمات معروف به &quot; بازوبندي &quot; استفاده از خطوط عربي، تصوير پرندگان، حيوانات و به تدريج نقش انسان در حال نواختن موسيقي از ويژگيهاي هنر قلمزني اين دوره است. در قرن هشتم هجري و با اشتغال سوره توسط غازان خان، هنرمندان فلز كار تحت حمايت وي در شهرهاي موصل، دياربكر،حلب و بعدها تبريز و فارس، مراكز بزرگ فلز كاري تاسيس كردند و اين ارتباط تغييراتي در هنر فلزكاري ايجاد كرد، ليكن اصول ،شكلها و تزئينات روي فلز تغيير نكرد.  در دوره صفويه علاوه بر آلياژها، از آهن و فولاد نيز اشياي نفيسي با تزئين طلا كوبي ساخته شد. در اين دوره اشكال جديدي در ساخت ظروف فلزي ايجاد شد و در تزئين آنها نيز تغييراتي پديد آمد. تنگ ها با بدنه كروي و گردن و دهانه گشاد، كاسه ها و قدح هاي قلع اندود و انواع قلمدان هاي فلزي از اين جمله اند. استفاده وسيع از نقوش اسليمي كه با ظرافت و دقت ترسيم مي شد، استفاده از نقوش انسان و حيوان، نوشتن كتيبه و شعرهاي فارسي به خط نستعليق از ويژگيهاي تزئين ظروف فلزي در اين دوره است تا چندي پيش اشياي فلزي بسياري چون سيني، دوري، كاسه،آئينه و شمعدان و بسياري ابزار و لوازم ديگر، با روش هاي ساخت و تزئين متفاوت و متنوع ساخته مي شد. امروزه نيز هنرمندان بسياري با استفاده از فلزاتي چون طلا، نقره، مفرغ، برنج ، مس، ورشو و فولاد و با تاثير از تجربه هاي چند هزار ساله و تلفيق آن با دانش فن آوري امروزي به ساخت و تزئين ظروف و اشياي هنري بسيار زيبا اشتغال دارند.  وسايل و ابزار قلم زني :  الف : انواع قلم ها قلم پرداز- قلم نيم رو- قلم گرسواد- قلم گر سوم- قلم بادومي – و قلم هاي بدون آج مانند : قلم سنبه- قلم گيري- قلم نيم بر كلفت – قلم نيم رو- قلم يك تو – قلم دو تو – قلم بادومي – قلم  قلم ناخني – قلم خوشه – قلم كف تخت مربع- قلم تخت مستطيل – قلم تيز بر مشبك كاري و  قلم تيزبر  ب: چكش قلم زني ج: پرگار د: تسمه خط كشي  روش كار :  ساخت اشياي فلزي توسط دواتگران انجام مي شود. در حال حاضر با استفاده از ابزار و وسايل، سه شيوه براي ساخت ظروف فلزي به كاربرده مي شود: يك تكه يا بدون درز – چند يا درز دار و يا استفاده از دستگاه يا خم كاري. قبل ازقلم زدن، بايد درون يا زير شئي مورد نظر را از قير مذاب انباشته كرد. قير بايد درون كار كاملا&quot; بدون خلاء باشد و پس از سرد شدن كاملا سفت شده باشد. تا قلم، كا را فرو نبرد. براي شروع كار ابتدا طرح مورد نظر را تهيه كرده سپس آنرا روي برنج سنبه گذاشته و با قلم سنبه نقاط طرح را نزديك بهم سوراخ مي كنند. براي انتقال نقشه روي كار لازم است تا سطح فلز مورد نظر چرب شود. نقشه را روي آن مي گذارند و با پودر ذغال كه در دستمال نرمي پيچيده شده روي نقشه مي كشند. پودر ذغال از سورخهاي روي نقشه عبور مي كند و روي سطح فلز مي نشيند و بدين ترتيب شكل طرح روي اثر منتقل مي شود. سپس هنرمند با استفاده از قلم هاي آج دار و يا بدون عاج شروع به قلم زدن مي كند.  از شيوه هائي كه در قلم زني به كار مي رود مي توان موارد ذيل را نام برد.:  شيوه عكسي : با ايجاد سايه و خط در زمينه موضوع را نشان مي دهند. هيچ گونه اختلاف سطحي بين موضوع و زمينه مشاهده نمي شود.  شيوه زمينه پر: همان گونه كه از نام بر مي آيد با ايجاد بافت در زمينه طرح اصلي را نشان مي دهنددر اين نوع نيز اختلاف سطح بين زمينه و طرح وجود ندارد.  شيوه منبت: هنرمند با ايجاد حداكثر دو سانتي متر اختلاف سطح بين موضوع و زمينه روي فلز ايجاد نقش مي كند.  شيوه برجسته : اختلاف سطح بين موضوع و زمينه بسيار زيادتر از منبت است و هنرمند براي آن كه بتواند بدون اشكال آنرا انجام دهد از دو جهت يعني از پشت و رو به فلز ضربه مي زند.  شيوه مشبك: هنرمند با بريدن زمينه و جدا كردن آن از سطح كار، موضوع را نمايان مي سازد. شيوه قلم گيري: هنرمند با ايجاد خراش و شيار به روي فلز آن را تزئين ميكند. اين كار به وسيله قلم انجام مي شود. پس از اتمام كار قلم زني، قير به وسيله حرارت، مجددا مذاب مي شود و از درون كار بيرون آورده مي شود. سپس سطح كار را با مواد پاك كننده مانند نفت، شستشو مي دهند تا باقيمانده قير كاملا&quot; از بين برود. در بعضي از آثار قلم زني براي اينكه بعضي از نقوش نظير گلها بهتر نمايان شود، روي كار را با روغن جلا مي پوشانند و قبل از خشك شدن روغن، سطح كار را به سرعت با پودر ذغال ، سياه مي كنند در نتيجه قسمتهاي فرورفته، با شيارهاي سياه باقي مي ماند. <i>(From <a href=""http://www.tradart.iranmiras.ir/kar_05.htm"" rel=""noreferrer nofollow"">IranMiras</a>)</i>  Added to flickr Explore (interestingness) page of 5 December 2006."
n04522168_6441.JPEG,n04522168_6441,n04522168,vase,hotpot_vase,0,0,,,0,
n04522168_6477.JPEG,n04522168_6477,n04522168,vase,hotpot_vase,0,1,,,0,
n04522168_6505.JPEG,n04522168_6505,n04522168,vase,hotpot_vase,0,1,,,0,
n04522168_6512.JPEG,n04522168_6512,n04522168,vase,hotpot_vase,0,0,,,0,
n04522168_6529.JPEG,n04522168_6529,n04522168,vase,hotpot_vase,0,0,,,0,
n04522168_6575.JPEG,n04522168_6575,n04522168,vase,hotpot_vase,0,0,,,0,
n04522168_6591.JPEG,n04522168_6591,n04522168,vase,hotpot_vase,0,0,,,0,
n04522168_6604.JPEG,n04522168_6604,n04522168,vase,hotpot_vase,0,1,,,0,
n04522168_6614.JPEG,n04522168_6614,n04522168,vase,hotpot_vase,0,0,,,0,
n04522168_6619.JPEG,n04522168_6619,n04522168,vase,hotpot_vase,0,1,,,0,
n04522168_6641.JPEG,n04522168_6641,n04522168,vase,hotpot_vase,0,0,,,0,
n04522168_6659.JPEG,n04522168_6659,n04522168,vase,hotpot_vase,0,1,,,0,
n04522168_6662.JPEG,n04522168_6662,n04522168,vase,hotpot_vase,0,0,,,0,
n04522168_670.JPEG,n04522168_670,n04522168,vase,hotpot_vase,0,0,,,0,
n04522168_6707.JPEG,n04522168_6707,n04522168,vase,hotpot_vase,0,1,,,0,
n04522168_6736.JPEG,n04522168_6736,n04522168,vase,hotpot_vase,0,0,,,0,
n04522168_6743.JPEG,n04522168_6743,n04522168,vase,hotpot_vase,0,1,,,0,
n04522168_6818.JPEG,n04522168_6818,n04522168,vase,hotpot_vase,0,0,,,0,
n04522168_683.JPEG,n04522168_683,n04522168,vase,hotpot_vase,0,0,,,0,
n04522168_6895.JPEG,n04522168_6895,n04522168,vase,hotpot_vase,0,0,,,0,
n04522168_691.JPEG,n04522168_691,n04522168,vase,hotpot_vase,0,1,,,0,
n04522168_6942.JPEG,n04522168_6942,n04522168,vase,hotpot_vase,0,0,,,0,
n04522168_6979.JPEG,n04522168_6979,n04522168,vase,hotpot_vase,0,0,,,0,
n04522168_6997.JPEG,n04522168_6997,n04522168,vase,hotpot_vase,1,1,VASE OF FLOWERS,PHOTOSHOPPED|FLOWERS|SUNNY|SPRING|COLOURFUL|VASE,6," This afternoon the sun shone through the kitchen window on the flowers so I moved the vase down so the background was dark and the sun was still full on the flowers and the vase, and then in photoshop I lassoo'd all around the flowers and vase and darkened the background.  At first the blue vase was floating on black but later I decided to lasso the reflection and include that too. "
n04522168_7028.JPEG,n04522168_7028,n04522168,vase,hotpot_vase,0,0,,,0,
n04522168_7095.JPEG,n04522168_7095,n04522168,vase,hotpot_vase,0,0,,,0,
n04522168_7113.JPEG,n04522168_7113,n04522168,vase,hotpot_vase,0,1,,,0,
n04522168_7114.JPEG,n04522168_7114,n04522168,vase,hotpot_vase,0,0,,,0,
n04522168_7124.JPEG,n04522168_7124,n04522168,vase,hotpot_vase,0,1,,,0,
n04522168_7135.JPEG,n04522168_7135,n04522168,vase,hotpot_vase,0,1,,,0,
n04522168_7144.JPEG,n04522168_7144,n04522168,vase,hotpot_vase,0,1,,,0,
n04522168_7150.JPEG,n04522168_7150,n04522168,vase,hotpot_vase,0,1,,,0,
n04522168_7281.JPEG,n04522168_7281,n04522168,vase,hotpot_vase,0,1,,,0,
n04522168_7292.JPEG,n04522168_7292,n04522168,vase,hotpot_vase,0,0,,,0,
n04522168_7294.JPEG,n04522168_7294,n04522168,vase,hotpot_vase,0,1,,,0,
n04522168_7304.JPEG,n04522168_7304,n04522168,vase,hotpot_vase,0,0,,,0,
n04522168_7319.JPEG,n04522168_7319,n04522168,vase,hotpot_vase,0,1,,,0,
n04522168_735.JPEG,n04522168_735,n04522168,vase,hotpot_vase,0,0,,,0,
n04522168_7351.JPEG,n04522168_7351,n04522168,vase,hotpot_vase,0,0,,,0,
n04522168_7360.JPEG,n04522168_7360,n04522168,vase,hotpot_vase,0,1,,,0,
n04522168_7436.JPEG,n04522168_7436,n04522168,vase,hotpot_vase,0,1,,,0,
n04522168_7458.JPEG,n04522168_7458,n04522168,vase,hotpot_vase,0,1,,,0,
n04522168_7498.JPEG,n04522168_7498,n04522168,vase,hotpot_vase,0,0,,,0,
n04522168_7509.JPEG,n04522168_7509,n04522168,vase,hotpot_vase,0,0,,,0,
n04522168_7649.JPEG,n04522168_7649,n04522168,vase,hotpot_vase,0,1,,,0,
n04522168_7664.JPEG,n04522168_7664,n04522168,vase,hotpot_vase,0,1,,,0,
n04522168_7691.JPEG,n04522168_7691,n04522168,vase,hotpot_vase,0,0,,,0,
n04522168_7706.JPEG,n04522168_7706,n04522168,vase,hotpot_vase,0,1,,,0,
n04522168_7709.JPEG,n04522168_7709,n04522168,vase,hotpot_vase,0,1,,,0,
n04522168_7717.JPEG,n04522168_7717,n04522168,vase,hotpot_vase,0,1,,,0,
n04522168_7718.JPEG,n04522168_7718,n04522168,vase,hotpot_vase,0,0,,,0,
n04522168_7738.JPEG,n04522168_7738,n04522168,vase,hotpot_vase,0,1,,,0,
n04522168_7742.JPEG,n04522168_7742,n04522168,vase,hotpot_vase,0,1,,,0,
n04522168_7743.JPEG,n04522168_7743,n04522168,vase,hotpot_vase,0,0,,,0,
n04522168_7744.JPEG,n04522168_7744,n04522168,vase,hotpot_vase,0,1,,,0,
n04522168_7783.JPEG,n04522168_7783,n04522168,vase,hotpot_vase,0,1,,,0,
n04522168_7808.JPEG,n04522168_7808,n04522168,vase,hotpot_vase,0,1,,,0,
n04522168_7816.JPEG,n04522168_7816,n04522168,vase,hotpot_vase,0,0,,,0,
n04522168_7819.JPEG,n04522168_7819,n04522168,vase,hotpot_vase,0,0,,,0,
n04522168_7820.JPEG,n04522168_7820,n04522168,vase,hotpot_vase,0,1,,,0,
n04522168_7822.JPEG,n04522168_7822,n04522168,vase,hotpot_vase,0,0,,,0,
n04522168_7826.JPEG,n04522168_7826,n04522168,vase,hotpot_vase,0,1,,,0,
n04522168_7854.JPEG,n04522168_7854,n04522168,vase,hotpot_vase,0,0,,,0,
n04522168_7863.JPEG,n04522168_7863,n04522168,vase,hotpot_vase,1,1,Vase,home|deco|50mm|decoration|vase|ikea|green|white|lautsprecher|heco|speaker|ashtray|christmas|ball|christbaumkugeln|ornaments|red|wood|floor|hardwood floor|hardwood,21,I decided that I love these christmas balls that came with my advent wreath way too much to put them at least for 11 months at the attic. I was thinking all the since I put the advent wreath away what to do with them. Until I saw that they match perfectly the green vase.
n04522168_7879.JPEG,n04522168_7879,n04522168,vase,hotpot_vase,1,1,Egyptian Vases/Jars,vases|jars|Egyptian|antique|detail|three,6,"Seen at the MoMA in NYC, Feb. '07"
n04522168_7898.JPEG,n04522168_7898,n04522168,vase,hotpot_vase,0,1,,,0,
n04522168_7911.JPEG,n04522168_7911,n04522168,vase,hotpot_vase,0,1,,,0,
n04522168_7922.JPEG,n04522168_7922,n04522168,vase,hotpot_vase,0,0,,,0,
n04522168_7967.JPEG,n04522168_7967,n04522168,vase,hotpot_vase,0,1,,,0,
n04522168_7971.JPEG,n04522168_7971,n04522168,vase,hotpot_vase,1,1,Urn Vase Jar thing,Hearst Castle|urn|vase|jar,4,
n04522168_7979.JPEG,n04522168_7979,n04522168,vase,hotpot_vase,1,1,organ jars 04,crafting 365|crochet|anatomy|organ|weird|science|recycle|upcycle|trash|colt 45|beer bottle|vase|jar|bottle|sculpture|art|craft|diy|handmade|etsy|jackrabbit|christine domanic,22,"These weird science dried organ bottles are made from recycled Colt 45 bottles.  Each dried organ is crocheted and stuffed inside the bottle.  They make really nice vases for dried flowers, or can be used to add color and character to a shelf or table top.  They are all one of a kind and can be purchased in my shop."
n04522168_7986.JPEG,n04522168_7986,n04522168,vase,hotpot_vase,0,1,,,0,
n04522168_8020.JPEG,n04522168_8020,n04522168,vase,hotpot_vase,0,0,,,0,
n04522168_8032.JPEG,n04522168_8032,n04522168,vase,hotpot_vase,0,0,,,0,
n04522168_8034.JPEG,n04522168_8034,n04522168,vase,hotpot_vase,0,0,,,0,
n04522168_8044.JPEG,n04522168_8044,n04522168,vase,hotpot_vase,0,1,,,0,
n04522168_8057.JPEG,n04522168_8057,n04522168,vase,hotpot_vase,0,1,,,0,
n04522168_8106.JPEG,n04522168_8106,n04522168,vase,hotpot_vase,0,0,,,0,
n04522168_8114.JPEG,n04522168_8114,n04522168,vase,hotpot_vase,0,1,,,0,
n04522168_8140.JPEG,n04522168_8140,n04522168,vase,hotpot_vase,0,0,,,0,
n04522168_8146.JPEG,n04522168_8146,n04522168,vase,hotpot_vase,0,0,,,0,
n04522168_8150.JPEG,n04522168_8150,n04522168,vase,hotpot_vase,0,0,,,0,
n04522168_8167.JPEG,n04522168_8167,n04522168,vase,hotpot_vase,0,1,,,0,
n04522168_8191.JPEG,n04522168_8191,n04522168,vase,hotpot_vase,1,1,Peach Rose in Vase,rose|orange|yellow|red|vase|distortion,6,This rose and vase were at a restaurant where we had lunch today. I moved the vase near the wall and started noticing colors in the vase.  What I like most about this picture is the way the water in the vase creates a lens that reverses the colors of the wall and the cloth. I also like the way the water and glass of the vase create a prism and reflect the colors of the sky coming into the restaurant.  I think the blues and violets on the vase make the composition.  
n04522168_8210.JPEG,n04522168_8210,n04522168,vase,hotpot_vase,0,1,,,0,
n04522168_8231.JPEG,n04522168_8231,n04522168,vase,hotpot_vase,0,0,,,0,
n04522168_8247.JPEG,n04522168_8247,n04522168,vase,hotpot_vase,0,0,,,0,
n04522168_8253.JPEG,n04522168_8253,n04522168,vase,hotpot_vase,0,1,,,0,
n04522168_8264.JPEG,n04522168_8264,n04522168,vase,hotpot_vase,0,0,,,0,
n04522168_8273.JPEG,n04522168_8273,n04522168,vase,hotpot_vase,0,1,,,0,
n04522168_8284.JPEG,n04522168_8284,n04522168,vase,hotpot_vase,0,0,,,0,
n04522168_8317.JPEG,n04522168_8317,n04522168,vase,hotpot_vase,0,1,,,0,
n04522168_8330.JPEG,n04522168_8330,n04522168,vase,hotpot_vase,0,1,,,0,
n04522168_8353.JPEG,n04522168_8353,n04522168,vase,hotpot_vase,1,1,antique flamingo hull vase,home:|antiques|:retro|vintage|ebayit!|art-deco|vases|ceramics|pottery|flamingos|HULL,11,some of my vases the ones in back r all garage sale scores and such all super cheap  but this new  fantastic Hull  FLamingo I am crazy for I scored this el cheap o on Ebay which at the time was flooded with flamingo stuff and this went unoticed its very old 40s or so I NEVER find flamingo anything but once a salt shaker in brooklyn hard to find so this was a win for me  I am mad for it and it is worth alot more than what I paid  In a store it would be over hundred the low gloss on hull indecates its from the art deco era its pretty big too
n04522168_8354.JPEG,n04522168_8354,n04522168,vase,hotpot_vase,0,0,,,0,
n04522168_8356.JPEG,n04522168_8356,n04522168,vase,hotpot_vase,0,0,,,0,
n04522168_8399.JPEG,n04522168_8399,n04522168,vase,hotpot_vase,0,0,,,0,
n04522168_8427.JPEG,n04522168_8427,n04522168,vase,hotpot_vase,0,0,,,0,
n04522168_8429.JPEG,n04522168_8429,n04522168,vase,hotpot_vase,0,1,,,0,
n04522168_8440.JPEG,n04522168_8440,n04522168,vase,hotpot_vase,0,0,,,0,
n04522168_8441.JPEG,n04522168_8441,n04522168,vase,hotpot_vase,0,1,,,0,
n04522168_8442.JPEG,n04522168_8442,n04522168,vase,hotpot_vase,0,1,,,0,
n04522168_8470.JPEG,n04522168_8470,n04522168,vase,hotpot_vase,0,0,,,0,
n04522168_8491.JPEG,n04522168_8491,n04522168,vase,hotpot_vase,0,0,,,0,
n04522168_8497.JPEG,n04522168_8497,n04522168,vase,hotpot_vase,0,1,,,0,
n04522168_8516.JPEG,n04522168_8516,n04522168,vase,hotpot_vase,0,0,,,0,
n04522168_8523.JPEG,n04522168_8523,n04522168,vase,hotpot_vase,0,1,,,0,
n04522168_8547.JPEG,n04522168_8547,n04522168,vase,hotpot_vase,0,0,,,0,
n04522168_8606.JPEG,n04522168_8606,n04522168,vase,hotpot_vase,0,0,,,0,
n04522168_8620.JPEG,n04522168_8620,n04522168,vase,hotpot_vase,0,0,,,0,
n04522168_8635.JPEG,n04522168_8635,n04522168,vase,hotpot_vase,0,0,,,0,
n04522168_8660.JPEG,n04522168_8660,n04522168,vase,hotpot_vase,0,0,,,0,
n04522168_8683.JPEG,n04522168_8683,n04522168,vase,hotpot_vase,0,1,,,0,
n04522168_8699.JPEG,n04522168_8699,n04522168,vase,hotpot_vase,0,1,,,0,
n04522168_8712.JPEG,n04522168_8712,n04522168,vase,hotpot_vase,0,0,,,0,
n04522168_8714.JPEG,n04522168_8714,n04522168,vase,hotpot_vase,0,1,,,0,
n04522168_8718.JPEG,n04522168_8718,n04522168,vase,hotpot_vase,0,1,,,0,
n04522168_8735.JPEG,n04522168_8735,n04522168,vase,hotpot_vase,0,1,,,0,
n04522168_8736.JPEG,n04522168_8736,n04522168,vase,hotpot_vase,0,1,,,0,
n04522168_8739.JPEG,n04522168_8739,n04522168,vase,hotpot_vase,0,0,,,0,
n04522168_8783.JPEG,n04522168_8783,n04522168,vase,hotpot_vase,0,0,,,0,
n04522168_8813.JPEG,n04522168_8813,n04522168,vase,hotpot_vase,0,1,,,0,
n04522168_8827.JPEG,n04522168_8827,n04522168,vase,hotpot_vase,0,1,,,0,
n04522168_8833.JPEG,n04522168_8833,n04522168,vase,hotpot_vase,0,0,,,0,
n04522168_8901.JPEG,n04522168_8901,n04522168,vase,hotpot_vase,0,0,,,0,
n04522168_8928.JPEG,n04522168_8928,n04522168,vase,hotpot_vase,0,0,,,0,
n04522168_895.JPEG,n04522168_895,n04522168,vase,hotpot_vase,0,0,,,0,
n04522168_8963.JPEG,n04522168_8963,n04522168,vase,hotpot_vase,0,1,,,0,
n04522168_8987.JPEG,n04522168_8987,n04522168,vase,hotpot_vase,0,1,,,0,
n04522168_8988.JPEG,n04522168_8988,n04522168,vase,hotpot_vase,0,1,,,0,
n04522168_9016.JPEG,n04522168_9016,n04522168,vase,hotpot_vase,0,0,,,0,
n04522168_9053.JPEG,n04522168_9053,n04522168,vase,hotpot_vase,0,1,,,0,
n04522168_9063.JPEG,n04522168_9063,n04522168,vase,hotpot_vase,0,1,,,0,
n04522168_9067.JPEG,n04522168_9067,n04522168,vase,hotpot_vase,0,0,,,0,
n04522168_9086.JPEG,n04522168_9086,n04522168,vase,hotpot_vase,0,0,,,0,
n04522168_9096.JPEG,n04522168_9096,n04522168,vase,hotpot_vase,0,0,,,0,
n04522168_9121.JPEG,n04522168_9121,n04522168,vase,hotpot_vase,0,0,,,0,
n04522168_9140.JPEG,n04522168_9140,n04522168,vase,hotpot_vase,0,1,,,0,
n04522168_9145.JPEG,n04522168_9145,n04522168,vase,hotpot_vase,0,0,,,0,
n04522168_9148.JPEG,n04522168_9148,n04522168,vase,hotpot_vase,0,1,,,0,
n04522168_9151.JPEG,n04522168_9151,n04522168,vase,hotpot_vase,0,1,,,0,
n04522168_9174.JPEG,n04522168_9174,n04522168,vase,hotpot_vase,0,0,,,0,
n04522168_9216.JPEG,n04522168_9216,n04522168,vase,hotpot_vase,0,1,,,0,
n04522168_9222.JPEG,n04522168_9222,n04522168,vase,hotpot_vase,0,0,,,0,
n04522168_9257.JPEG,n04522168_9257,n04522168,vase,hotpot_vase,0,1,,,0,
n04522168_9281.JPEG,n04522168_9281,n04522168,vase,hotpot_vase,0,0,,,0,
n04522168_929.JPEG,n04522168_929,n04522168,vase,hotpot_vase,0,1,,,0,
n04522168_9291.JPEG,n04522168_9291,n04522168,vase,hotpot_vase,0,1,,,0,
n04522168_9327.JPEG,n04522168_9327,n04522168,vase,hotpot_vase,0,1,,,0,
n04522168_9340.JPEG,n04522168_9340,n04522168,vase,hotpot_vase,0,0,,,0,
n04522168_9369.JPEG,n04522168_9369,n04522168,vase,hotpot_vase,0,1,,,0,
n04522168_9443.JPEG,n04522168_9443,n04522168,vase,hotpot_vase,1,0,col-curcuma,S5800,1,
n04522168_9467.JPEG,n04522168_9467,n04522168,vase,hotpot_vase,0,1,,,0,
n04522168_9471.JPEG,n04522168_9471,n04522168,vase,hotpot_vase,0,1,,,0,
n04522168_9487.JPEG,n04522168_9487,n04522168,vase,hotpot_vase,0,1,,,0,
n04522168_9496.JPEG,n04522168_9496,n04522168,vase,hotpot_vase,0,0,,,0,
n04522168_9505.JPEG,n04522168_9505,n04522168,vase,hotpot_vase,0,1,,,0,
n04522168_951.JPEG,n04522168_951,n04522168,vase,hotpot_vase,0,0,,,0,
n04522168_9513.JPEG,n04522168_9513,n04522168,vase,hotpot_vase,0,0,,,0,
n04522168_9517.JPEG,n04522168_9517,n04522168,vase,hotpot_vase,0,0,,,0,
n04522168_9532.JPEG,n04522168_9532,n04522168,vase,hotpot_vase,0,0,,,0,
n04522168_9545.JPEG,n04522168_9545,n04522168,vase,hotpot_vase,0,0,,,0,
n04522168_9555.JPEG,n04522168_9555,n04522168,vase,hotpot_vase,1,1,Vase,Vase|Lighting|Still Life|Image Quality|Artistic Expession|OMOT|Artistic Expression,7,"Yep, It's a vase!"
n04522168_9563.JPEG,n04522168_9563,n04522168,vase,hotpot_vase,0,1,,,0,
n04522168_9616.JPEG,n04522168_9616,n04522168,vase,hotpot_vase,0,1,,,0,
n04522168_9649.JPEG,n04522168_9649,n04522168,vase,hotpot_vase,0,0,,,0,
n04522168_9654.JPEG,n04522168_9654,n04522168,vase,hotpot_vase,0,1,,,0,
n04522168_9670.JPEG,n04522168_9670,n04522168,vase,hotpot_vase,0,1,,,0,
n04522168_9684.JPEG,n04522168_9684,n04522168,vase,hotpot_vase,0,1,,,0,
n04522168_9693.JPEG,n04522168_9693,n04522168,vase,hotpot_vase,0,0,,,0,
n04522168_9710.JPEG,n04522168_9710,n04522168,vase,hotpot_vase,0,0,,,0,
n04522168_9717.JPEG,n04522168_9717,n04522168,vase,hotpot_vase,0,0,,,0,
n04522168_9718.JPEG,n04522168_9718,n04522168,vase,hotpot_vase,0,0,,,0,
n04522168_9736.JPEG,n04522168_9736,n04522168,vase,hotpot_vase,0,1,,,0,
n04522168_9764.JPEG,n04522168_9764,n04522168,vase,hotpot_vase,0,0,,,0,
n04522168_9774.JPEG,n04522168_9774,n04522168,vase,hotpot_vase,0,1,,,0,
n04522168_9777.JPEG,n04522168_9777,n04522168,vase,hotpot_vase,0,1,,,0,
n04522168_979.JPEG,n04522168_979,n04522168,vase,hotpot_vase,0,1,,,0,
n04522168_9801.JPEG,n04522168_9801,n04522168,vase,hotpot_vase,0,1,,,0,
n04522168_9805.JPEG,n04522168_9805,n04522168,vase,hotpot_vase,0,1,,,0,
n04522168_9824.JPEG,n04522168_9824,n04522168,vase,hotpot_vase,0,0,,,0,
n04522168_9829.JPEG,n04522168_9829,n04522168,vase,hotpot_vase,0,0,,,0,
n04522168_9856.JPEG,n04522168_9856,n04522168,vase,hotpot_vase,0,1,,,0,
n04522168_9858.JPEG,n04522168_9858,n04522168,vase,hotpot_vase,0,0,,,0,
n04522168_9912.JPEG,n04522168_9912,n04522168,vase,hotpot_vase,0,1,,,0,
n04522168_9929.JPEG,n04522168_9929,n04522168,vase,hotpot_vase,0,0,,,0,
n04522168_9930.JPEG,n04522168_9930,n04522168,vase,hotpot_vase,0,0,,,0,
n04522168_9932.JPEG,n04522168_9932,n04522168,vase,hotpot_vase,0,0,,,0,
n04522168_9934.JPEG,n04522168_9934,n04522168,vase,hotpot_vase,0,1,,,0,
n04522168_9946.JPEG,n04522168_9946,n04522168,vase,hotpot_vase,0,0,,,0,
n04522168_9957.JPEG,n04522168_9957,n04522168,vase,hotpot_vase,0,0,,,0,
n04522168_9963.JPEG,n04522168_9963,n04522168,vase,hotpot_vase,1,1,vase of flowers,flickrlovers|flowers|vase|window|hythe|kent|colours|canon|almostanything|xti|rebel|eos|400d|platinumphoto|SOE|Wonderful world of flowers,16,
n04522168_9997.JPEG,n04522168_9997,n04522168,vase,hotpot_vase,0,0,,,0,
