image,stem,wnid,class,pair,has_caption,has_bbox,title,tags,n_tags,description
n07716358_10003.JPEG,n07716358_10003,n07716358,zucchini,cucumber_zucchini,1,1,Zucchini,Zucchini,1,
n07716358_10021.JPEG,n07716358_10021,n07716358,zucchini,cucumber_zucchini,1,1,Zucchini,food|zucchini|yum,3,"Sauteed zucchini with sweet &amp; sour glaze (1/3 cup white wine, touch of white wine vinegar, 1/3 cup sugar), fresh garlic and basil.  Salt the sliced zucchini and let sit for a few minutes.  Wipe off water that comes out of the salted zucchini.  Heat olive oil in a pan (medium high?), saute zucchini on both sides until golden brown.  Remove from pan and plate.  Top with some of the glaze (recipe above, combine all ingredients in a sauce pan and cook to reduce, stirring frequently), chopped fresh garlic and some fresh basil.    Sorry that the recipe is a little disorganized. It's simple enough.  Also, I think I got this from Mario Batalli."
n07716358_10032.JPEG,n07716358_10032,n07716358,zucchini,cucumber_zucchini,1,1,zucchini,vegies|garden|flower|zucchini|courgette|grow,6,
n07716358_1006.JPEG,n07716358_1006,n07716358,zucchini,cucumber_zucchini,1,1,The 3 guys ::: 2 of 3,behindtheshot|GIMP|vegetable|cookbook,4,"Here's the original shot.  I'm still shooting in Jpeg because I'm kind of scared of switching to RAW...I need to research some more.  The tray I'm using is the tray that I keep all of my coffee stuff on in the kitchen.  I wanted a darker, textured background to provide contrast with the light green color of the zucchini.  "
n07716358_10104.JPEG,n07716358_10104,n07716358,zucchini,cucumber_zucchini,0,0,,,0,
n07716358_1018.JPEG,n07716358_1018,n07716358,zucchini,cucumber_zucchini,1,1,Tuinbonen en courgette,beans|courgette|zucchini|garden,4,
n07716358_10200.JPEG,n07716358_10200,n07716358,zucchini,cucumber_zucchini,1,1,I am much smaller than this zucchini,vegetable|Phoebe Gould|zucchini|sydney|nsw|australia|baby|newborn,8,The one on the left grew in our vegetable patch in about a month.   The one on the right grew in Liz in about nine.
n07716358_10227.JPEG,n07716358_10227,n07716358,zucchini,cucumber_zucchini,1,1,Peppers and Zucchini,bell peppers|orange pepper|zucchini|orange|green|vegetables|veggies,7,Just before I mercilessly chopped and gutted them...
n07716358_10234.JPEG,n07716358_10234,n07716358,zucchini,cucumber_zucchini,0,0,,,0,
n07716358_10248.JPEG,n07716358_10248,n07716358,zucchini,cucumber_zucchini,0,0,,,0,
n07716358_10251.JPEG,n07716358_10251,n07716358,zucchini,cucumber_zucchini,0,1,,,0,
n07716358_10261.JPEG,n07716358_10261,n07716358,zucchini,cucumber_zucchini,1,0,Zucchini pasta with mushrooms and tomato sauce,food|zucchini|tomato|CSA|i made this|dinner,6,
n07716358_10266.JPEG,n07716358_10266,n07716358,zucchini,cucumber_zucchini,1,0,Zucchini Blossoms from talkoftomatoes.com,zucchini|squash|blossoms,3,"filled with cheese wrapped in bacon. <a href=""http://www.talkoftomatoes.com/2006/08/22/zucchini-blossoms/"" rel=""noreferrer nofollow"">www.talkoftomatoes.com/2006/08/22/zucchini-blossoms/</a>"
n07716358_10274.JPEG,n07716358_10274,n07716358,zucchini,cucumber_zucchini,0,1,,,0,
n07716358_10283.JPEG,n07716358_10283,n07716358,zucchini,cucumber_zucchini,1,1,Zucchini,zucchini|garden|vegetables,3,The first Zucchini picked from our garden.
n07716358_10297.JPEG,n07716358_10297,n07716358,zucchini,cucumber_zucchini,1,0,Spaghetti with Zucchini and Lemon,ShoZu|spaghetti|pecorino|zucchini|vegetarian|pasta|moosewood,7,Tossed with pecorino. Very good! Moosewood p195
n07716358_10301.JPEG,n07716358_10301,n07716358,zucchini,cucumber_zucchini,0,1,,,0,
n07716358_10308.JPEG,n07716358_10308,n07716358,zucchini,cucumber_zucchini,1,0,Grilled Zucchini Squash,zucchini|squash|grill|pan|bamboo|cutting|board,7,Ready for the grill pan
n07716358_1032.JPEG,n07716358_1032,n07716358,zucchini,cucumber_zucchini,0,0,,,0,
n07716358_10336.JPEG,n07716358_10336,n07716358,zucchini,cucumber_zucchini,0,0,,,0,
n07716358_10366.JPEG,n07716358_10366,n07716358,zucchini,cucumber_zucchini,0,0,,,0,
n07716358_10385.JPEG,n07716358_10385,n07716358,zucchini,cucumber_zucchini,1,1,"""Black Beauty"" Zucchini",zucchini|black beauty,2,
n07716358_10402.JPEG,n07716358_10402,n07716358,zucchini,cucumber_zucchini,1,1,the one courgette,veg,1,the rest of the veg patch was decimated by snails etc and the weather so we were really proud of this one surviving!
n07716358_10412.JPEG,n07716358_10412,n07716358,zucchini,cucumber_zucchini,1,0,June- zucchini,zucchini|union square union square greenmarket nyc manhattan farmers market,2,
n07716358_10460.JPEG,n07716358_10460,n07716358,zucchini,cucumber_zucchini,0,0,,,0,
n07716358_10478.JPEG,n07716358_10478,n07716358,zucchini,cucumber_zucchini,1,0,zucchini,vegetables|autumn|harvest|crops|fall|zucchini|squash|green,8,
n07716358_10480.JPEG,n07716358_10480,n07716358,zucchini,cucumber_zucchini,1,0,Set aside left over zucchini for the dogs,baking|homemade|baked|goods|cooking|recipe|garden|organic|fresh|warm|bread|zucchini|nut|mix|mixing|ingredients|how|loaf,18,"Making Zucchini Bread See <a href=""http://bread.allrecipes.com/az/SophiesZucchiniBread.asp"" rel=""noreferrer nofollow"">base recipe.</a>  I am off to mix this with the dog &amp; cat  "
n07716358_105.JPEG,n07716358_105,n07716358,zucchini,cucumber_zucchini,0,0,,,0,
n07716358_10504.JPEG,n07716358_10504,n07716358,zucchini,cucumber_zucchini,0,1,,,0,
n07716358_10507.JPEG,n07716358_10507,n07716358,zucchini,cucumber_zucchini,1,1,A Zucchini is not a Weapon,Brandon|zucchini|squash|summer produce|French 75,5,
n07716358_10510.JPEG,n07716358_10510,n07716358,zucchini,cucumber_zucchini,1,0,Zucchini Fajitas,zucchini|fajitas|eatlikearabbit.net|vegan|vegetarian|onion|bell pepper,7,"Review at eatlikearabbit.net : <a href=""http://www.eatlikearabbit.net/2008/11/07/zucchini-fajitas"" rel=""noreferrer nofollow"">www.eatlikearabbit.net/2008/11/07/zucchini-fajitas</a>"
n07716358_10513.JPEG,n07716358_10513,n07716358,zucchini,cucumber_zucchini,1,0,Harvest,norfolk|england|fruit|veg|october|apples|courgettes|tomatoes,8,
n07716358_10534.JPEG,n07716358_10534,n07716358,zucchini,cucumber_zucchini,1,0,Sweet Red Peppers and Zucchini with Carmelized Shallots,food|recipes|recipe|cooking|zucchini|shallots|red|peppers,8,"Recipe can be found here: <a href=""http://blog.delementals.com/2009/01/08/sweet-red-peppers-and-zucchini-with-carmelized-shallots/"" rel=""noreferrer nofollow"">blog.delementals.com/2009/01/08/sweet-red-peppers-and-zuc...</a>"
n07716358_10535.JPEG,n07716358_10535,n07716358,zucchini,cucumber_zucchini,1,0,Zucchini and Yellow Squash,Cookthink|100|Mile|Diet|vegetables|vegetable|httpwwwcookthinkcomblog|produce|food|cookthin|cooking|yellow|squash|zucchini,14,"A week on the 100 Mile Diet in Montague, MA. Check out more at the <a href=""http://www.cookthink.com/blog"" rel=""noreferrer nofollow"">Cookthink blog</a>."
n07716358_10595.JPEG,n07716358_10595,n07716358,zucchini,cucumber_zucchini,0,0,,,0,
n07716358_10598.JPEG,n07716358_10598,n07716358,zucchini,cucumber_zucchini,1,0,Venice - zucchini,Venice|Venezia|Italy|zucchini,4,
n07716358_106.JPEG,n07716358_106,n07716358,zucchini,cucumber_zucchini,1,0,8 lbs of zucchini,zucchini|garden|mutant vegetables,3,
n07716358_10624.JPEG,n07716358_10624,n07716358,zucchini,cucumber_zucchini,1,1,Austin loves zucchini...a little too much,austinriggs|zucchini,2,
n07716358_10635.JPEG,n07716358_10635,n07716358,zucchini,cucumber_zucchini,0,1,,,0,
n07716358_10640.JPEG,n07716358_10640,n07716358,zucchini,cucumber_zucchini,0,0,,,0,
n07716358_10648.JPEG,n07716358_10648,n07716358,zucchini,cucumber_zucchini,1,1,"Zucchini, pattypans, delicious malbec.",Eye-Fi|wine|malbec|zucchini|garden 2008|harvest|pattypan|squash|summer squash,9,"Wine for comparison and also for deliciousness.  Zucchini: 2 lbs, 4.6 oz.  Big pattypan: 12.1 oz. Small pattypan: 3.3 oz.  Malbec: 2006 Alberti 154, Mendoza, Argentina."
n07716358_10651.JPEG,n07716358_10651,n07716358,zucchini,cucumber_zucchini,1,0,$5 Dinners: Sausages and Zucchini,$5 Dinners|sausage|italian|Whole Foods|Associated|zucchini|saute,7,"Serve with rice, feeds 3 ... but not well."
n07716358_10652.JPEG,n07716358_10652,n07716358,zucchini,cucumber_zucchini,1,0,zucchini pie,food|cooking|pie|yum|zucchini|recipe,6,"Filling: 8 C thinly sliced zucchini (fewer zucs than I thought it would be) 1-2 C chopped onion Saute until soft in butter over medium heat  Stir in: 1 clove garlic 1 T each basil &amp; oregano (preferably fresh) 1 t each thyme, rosemary, sage, parsley, savory and marjoram (altho I didn't have all these and it was still tasty) 1 t salt 1/2 t pepper Combine in separate bowl then stir into zuc mix: 5 large eggs 4 C mozzarella cheese (This makes 2 pies)  Spread mustard (about 4 t) on the crusts. Dump mixture into crusts and bake at 375 F till center is set (about 15-20 min)  Crust: I was in a hurry and just made this with my usual pie crust recipe, but the recipe calls for a yeasted crust which i'll try next time... From: Simply in Season -- nice seasonal eating cookbook"
n07716358_10664.JPEG,n07716358_10664,n07716358,zucchini,cucumber_zucchini,0,0,,,0,
n07716358_10673.JPEG,n07716358_10673,n07716358,zucchini,cucumber_zucchini,0,0,,,0,
n07716358_10694.JPEG,n07716358_10694,n07716358,zucchini,cucumber_zucchini,0,1,,,0,
n07716358_10709.JPEG,n07716358_10709,n07716358,zucchini,cucumber_zucchini,0,0,,,0,
n07716358_10735.JPEG,n07716358_10735,n07716358,zucchini,cucumber_zucchini,1,0,Zucchini,Food|Zucchini,2,
n07716358_10765.JPEG,n07716358_10765,n07716358,zucchini,cucumber_zucchini,1,0,Cavatelli with Zucchini and Sausage,cavatelli|sage|zucchini|sausage|pasta|food|cooking|recipes|brownedbutter,9,"Link to Recipe: <a href=""http://avenuefood.com/2006/10/02/off-the-menu-cavatelli-with-zucchini-sausage--sage.aspx"" rel=""noreferrer nofollow"">avenuefood.com/2006/10/02/off-the-menu-cavatelli-with-zuc...</a>"
n07716358_1077.JPEG,n07716358_1077,n07716358,zucchini,cucumber_zucchini,0,0,,,0,
n07716358_1078.JPEG,n07716358_1078,n07716358,zucchini,cucumber_zucchini,0,0,,,0,
n07716358_10780.JPEG,n07716358_10780,n07716358,zucchini,cucumber_zucchini,0,0,,,0,
n07716358_10788.JPEG,n07716358_10788,n07716358,zucchini,cucumber_zucchini,1,1,Zucchini anyone?,zucchini|courgette|rather large|This is Spinal Tap|Spinal Tap|picnik,6,aka courgette. Friend just donated it to me. She's had enough zucchini this week! Photographed with laptop to show size.
n07716358_10798.JPEG,n07716358_10798,n07716358,zucchini,cucumber_zucchini,0,1,,,0,
n07716358_10805.JPEG,n07716358_10805,n07716358,zucchini,cucumber_zucchini,0,0,,,0,
n07716358_10830.JPEG,n07716358_10830,n07716358,zucchini,cucumber_zucchini,1,0,humongous zucchini,garden|zucchini|iPhone,3,totally dwarfs the persian cucumbers and japanese eggplant
n07716358_10837.JPEG,n07716358_10837,n07716358,zucchini,cucumber_zucchini,0,1,,,0,
n07716358_10886.JPEG,n07716358_10886,n07716358,zucchini,cucumber_zucchini,1,0,More produce! My zucchini is monstrous!,vegetable|garden|zucchini|cuccumber,4,It's almost indecent. ( My tiny hand as reference)  It's almost indecent. ( My tiny hand as reference) (1 huge zucchini and 3 cukes)
n07716358_10911.JPEG,n07716358_10911,n07716358,zucchini,cucumber_zucchini,1,0,One Big Zucchini,zucchini|zucchini patch|bird|budgie|parrot|green,6,Zucchini with the Big Zucchini
n07716358_10912.JPEG,n07716358_10912,n07716358,zucchini,cucumber_zucchini,1,0,Raw ratatouille,veg|food,2,"I bought mushrooms, tomatoes &amp; a courgette to go with the aubergine from our organic box, to make ratatouille."
n07716358_10917.JPEG,n07716358_10917,n07716358,zucchini,cucumber_zucchini,0,0,,,0,
n07716358_10920.JPEG,n07716358_10920,n07716358,zucchini,cucumber_zucchini,1,0,zucchini,Zucchini,1,Found on 9/12/08 to our surprise
n07716358_10933.JPEG,n07716358_10933,n07716358,zucchini,cucumber_zucchini,0,0,,,0,
n07716358_10945.JPEG,n07716358_10945,n07716358,zucchini,cucumber_zucchini,0,0,,,0,
n07716358_10947.JPEG,n07716358_10947,n07716358,zucchini,cucumber_zucchini,1,1,Zucchini,Zucchini|Zucchine|Trastevere|Produce|Market|Food Rome|Roma|Italy|Italia|Lazio|Travel,11,"Taken in the Trastevere market. May 2006  <a href=""http://brianeden.imagekind.com"" rel=""noreferrer nofollow"">brianeden.imagekind.com</a>  <a href=""http://www.walkamileinmyunderpants.com"" rel=""noreferrer nofollow"">www.walkamileinmyunderpants.com</a>"
n07716358_10954.JPEG,n07716358_10954,n07716358,zucchini,cucumber_zucchini,0,1,,,0,
n07716358_10974.JPEG,n07716358_10974,n07716358,zucchini,cucumber_zucchini,1,1,garden fresh zucchini,july 2007|kingston|ontario|canada|nikon d40|zucchini|squash|Mark's Garden|fresh|produce|home grown|delicious|green|food|edible|canadian|julep67|a chefmark creation|chefmark|home|made|home made|hand|hand made|quality|gourmet,26,the first &quot;harvest&quot; from Mark's garden.   We had them in our salad at lunch yesterday and they were delicious!!
n07716358_11012.JPEG,n07716358_11012,n07716358,zucchini,cucumber_zucchini,0,0,,,0,
n07716358_11020.JPEG,n07716358_11020,n07716358,zucchini,cucumber_zucchini,1,0,Pizza Salami Zucchini Basilikum Mozzarella,2007|sabotrax|fooders|essen|pizza|salami|zucchini|basilikum|mozzarella|wurst|gemüse|käse|kräuter,13,
n07716358_11026.JPEG,n07716358_11026,n07716358,zucchini,cucumber_zucchini,1,0,Zucchini,easter|dinner|cooking|zucchini|kitchen|Joyce|Hunt,7,
n07716358_11048.JPEG,n07716358_11048,n07716358,zucchini,cucumber_zucchini,0,0,,,0,
n07716358_11050.JPEG,n07716358_11050,n07716358,zucchini,cucumber_zucchini,0,1,,,0,
n07716358_11058.JPEG,n07716358_11058,n07716358,zucchini,cucumber_zucchini,1,1,"Zucchini, Bacon, and Gruyere Quiche",bacon of the month|bacon|zucchini|foodporn|quiche,5,
n07716358_11086.JPEG,n07716358_11086,n07716358,zucchini,cucumber_zucchini,0,0,,,0,
n07716358_11095.JPEG,n07716358_11095,n07716358,zucchini,cucumber_zucchini,1,0,Zucchini,fruit|shop|fruitshop|veggies|zucchini,5,
n07716358_11120.JPEG,n07716358_11120,n07716358,zucchini,cucumber_zucchini,0,0,,,0,
n07716358_11137.JPEG,n07716358_11137,n07716358,zucchini,cucumber_zucchini,1,0,raw_zucchini_tart,raw food wednesday|raw food|raw|vegan|food|dinner|tofu666|flickr:user=tofu666,8,"Zucchini Tart  zucchini, almonds and flax seed in the shell.   cashew cheese and zucchini for the filling  <a href=""http://veganmenu.blogspot.com/2007/07/raw-food-wednesday-zucchini-tart.html"" rel=""noreferrer nofollow"">veganmenu.blogspot.com/2007/07/raw-food-wednesday-zucchin...</a>"
n07716358_11165.JPEG,n07716358_11165,n07716358,zucchini,cucumber_zucchini,0,0,,,0,
n07716358_11176.JPEG,n07716358_11176,n07716358,zucchini,cucumber_zucchini,1,0,Zucchini!,zucchini!,1,
n07716358_11193.JPEG,n07716358_11193,n07716358,zucchini,cucumber_zucchini,1,0,two zucchinis!!,zucchini|arizona|organic|phoenix|garden|az|vegetable|desert|arrid|gardening,10,yum yum
n07716358_11220.JPEG,n07716358_11220,n07716358,zucchini,cucumber_zucchini,1,0,Fried Zucchini with Yogurt Sauce,baking|recipe|recipes|cooking|food|dinner|lunch|restaurant|turkish|turkey|fried|zucchini|yogurt|sauce,14,"Go to <a href=""http://www.turkishcookbook.com"" rel=""noreferrer nofollow"">www.turkishcookbook.com</a> for the recipe."
n07716358_1123.JPEG,n07716358_1123,n07716358,zucchini,cucumber_zucchini,0,0,,,0,
n07716358_11231.JPEG,n07716358_11231,n07716358,zucchini,cucumber_zucchini,0,0,,,0,
n07716358_11252.JPEG,n07716358_11252,n07716358,zucchini,cucumber_zucchini,0,0,,,0,
n07716358_11257.JPEG,n07716358_11257,n07716358,zucchini,cucumber_zucchini,1,0,zucchini invasion,zucchini|cactus V2s,2,I just picked these 4 zucchini's from my garden.  The one on the left is 22 inches long! So who wants some zucchini?  strobist: FL36 flash hand held above zucchini triggered by Cactus V2s.
n07716358_1126.JPEG,n07716358_1126,n07716358,zucchini,cucumber_zucchini,0,0,,,0,
n07716358_11315.JPEG,n07716358_11315,n07716358,zucchini,cucumber_zucchini,1,1,Zucchini,backyard|vegetables|zucchini|garden,4,
n07716358_11349.JPEG,n07716358_11349,n07716358,zucchini,cucumber_zucchini,0,0,,,0,
n07716358_11358.JPEG,n07716358_11358,n07716358,zucchini,cucumber_zucchini,0,0,,,0,
n07716358_11370.JPEG,n07716358_11370,n07716358,zucchini,cucumber_zucchini,0,0,,,0,
n07716358_11383.JPEG,n07716358_11383,n07716358,zucchini,cucumber_zucchini,1,1,Zucchini and Garlic Pizzetta,food|350d|pizza|pizzetta|zucchini|garlic|rosemary|geo:lat=38.557241|geo:lon=-121.740448|geotagged|50f/1.8,11,"zucchini and rosemary from our garden, garlic and olive oil from Yolo County... <a href=""http://www.flickr.com/groups/eatlocal"">Eat Local!</a> <a href=""http://gregsfood.blogspot.com/2006/07/eat-local.html"" rel=""noreferrer nofollow"">recipe here</a>"
n07716358_11389.JPEG,n07716358_11389,n07716358,zucchini,cucumber_zucchini,0,0,,,0,
n07716358_11412.JPEG,n07716358_11412,n07716358,zucchini,cucumber_zucchini,1,1,My first Courgettes:),veg|courgettes|green|garden|food|organic,6,"I have got a small veg patch in my garden and these are my first courgettes, i have to pick them small as the slugs are eating them faster than they are growing!, they look really tasty though:)"
n07716358_11421.JPEG,n07716358_11421,n07716358,zucchini,cucumber_zucchini,1,0,'Baby' Zucchini ?,Green|Growth|Lots of Growth|Zucchini|vegetable,5,"lol.. hmm well maybe not so baby...  "
n07716358_11423.JPEG,n07716358_11423,n07716358,zucchini,cucumber_zucchini,1,0,Zucchini,Zucchini|Honey Brook Organic Farm|CSA|Community Supported Agriculture|Hopewell|New Jersey,6,
n07716358_11437.JPEG,n07716358_11437,n07716358,zucchini,cucumber_zucchini,0,1,,,0,
n07716358_11450.JPEG,n07716358_11450,n07716358,zucchini,cucumber_zucchini,1,1,A simple cucumber and zucchini salad,cucumbers|zucchini|salad|sesame,4,
n07716358_11472.JPEG,n07716358_11472,n07716358,zucchini,cucumber_zucchini,1,1,Suzy with giant zucchini,funny|yorkie|tongue|favorite|yorkshire terrier|suzy|vegetable|zucchini|lick,9,
n07716358_11476.JPEG,n07716358_11476,n07716358,zucchini,cucumber_zucchini,0,0,,,0,
n07716358_11487.JPEG,n07716358_11487,n07716358,zucchini,cucumber_zucchini,0,0,,,0,
n07716358_11514.JPEG,n07716358_11514,n07716358,zucchini,cucumber_zucchini,1,1,Monster Zucchini,zucchinis,1,
n07716358_11601.JPEG,n07716358_11601,n07716358,zucchini,cucumber_zucchini,1,0,CJ Zucchini :),zucchini|garden|home gardening,3,"Here are the first two Zucchini from my garden. There are four more growing that will be ready to pick in a couple days.   Gardening is a lot of work, but it is SO rewarding. I enjoy it, even more than I thought I would."
n07716358_11635.JPEG,n07716358_11635,n07716358,zucchini,cucumber_zucchini,1,0,Pisces feast: zucchini,cafedujour|dinner|food|zucchini,4,
n07716358_11807.JPEG,n07716358_11807,n07716358,zucchini,cucumber_zucchini,1,0,hollowed out zucchini,nyc|brooklyn|food|vegetarian|zucchini|squash|tofu|rosemary,8,"i found the easiest way to do this was to halve the zucchini, and then make a shallow slice down the middle, followed by short horizontal slashes.  it scoops out pretty easily.  keep the scooped out stuff in a bowl, and lightly salt the empty squash."
n07716358_1182.JPEG,n07716358_1182,n07716358,zucchini,cucumber_zucchini,1,0,What happens to zucchini when you go on vacation!,Mike Harbin|Zucchini,2,
n07716358_11887.JPEG,n07716358_11887,n07716358,zucchini,cucumber_zucchini,0,0,,,0,
n07716358_11943.JPEG,n07716358_11943,n07716358,zucchini,cucumber_zucchini,1,0,the incredible zucchini,garden|summer|zucchini,3,Apparently I'll be making a lot of zucchini bread this year. Get your orders in now.
n07716358_11986.JPEG,n07716358_11986,n07716358,zucchini,cucumber_zucchini,1,1,Fresh zucchini,zucchini|food|garden|plant|vegetable,5,"Picked just minutes before, and destined for the grill."
n07716358_12009.JPEG,n07716358_12009,n07716358,zucchini,cucumber_zucchini,0,1,,,0,
n07716358_12014.JPEG,n07716358_12014,n07716358,zucchini,cucumber_zucchini,1,1,The World's Biggest Zucchini?,vegetables zucchini|pepper|avacado|milk|juice|tomato|broccoli|bananna|groceries food|produce|fresh|color|veggies|healthy|organic,15,"Look at this bad boy!  I can make two loaves of bread with that one!    The broccoli, tomatoes, and pepper look pretty yummy too.  Gotta love shiny veggies in winter!"
n07716358_12024.JPEG,n07716358_12024,n07716358,zucchini,cucumber_zucchini,1,0,Baby Zucchini,zucchini|flower|garden,3,"The first zucchini, but in a few weeks we will have more then we can eat and will start supplying the rest of the world with squash.  This photograph was taken and copyrighted by John Roberts. All rights reserved. This art may not be used for any purpose without expressed, written consent of its owner.  If you are interested in purchasing this photography or obtaining publication rights, contact John Roberts at jrr@mindless.com   "
n07716358_12060.JPEG,n07716358_12060,n07716358,zucchini,cucumber_zucchini,1,0,Zucchini marinating before grilled,Vermont|Manchester|Beaver Dam Lodge|Zucchini|Dinner,5,
n07716358_12070.JPEG,n07716358_12070,n07716358,zucchini,cucumber_zucchini,1,1,P6220025 - Zucchini,"zucchini|plants|Greensburg, PA|Pennsylvania|U.S.A.",5,"Still too small to pick , but looking very good, this zucchini is not the only one in the planter. There are probably 4 or 5 and again as many new blossoms !!"
n07716358_12083.JPEG,n07716358_12083,n07716358,zucchini,cucumber_zucchini,1,0,zucchini pile,zucchini|up-close|close-up,3,
n07716358_12087.JPEG,n07716358_12087,n07716358,zucchini,cucumber_zucchini,0,0,,,0,
n07716358_12138.JPEG,n07716358_12138,n07716358,zucchini,cucumber_zucchini,1,0,Giant zucchini,zucchini|garden 2007,2,Zucchini next to a half-liter Nalgene.
n07716358_12143.JPEG,n07716358_12143,n07716358,zucchini,cucumber_zucchini,1,0,Zucchini and parmiggiano,food|plate|zucchini|parmiggiano|claudecf|squaredcircle|squircle|postedsc|scset017,9,
n07716358_12157.JPEG,n07716358_12157,n07716358,zucchini,cucumber_zucchini,1,1,Mark with zucchini,Mark|zucchini|kitchen,3,
n07716358_12176.JPEG,n07716358_12176,n07716358,zucchini,cucumber_zucchini,1,0,zucchini,zucchini|cooking|food,3,
n07716358_12183.JPEG,n07716358_12183,n07716358,zucchini,cucumber_zucchini,1,0,zucchinis,new|mexico|new mexico|2004|vilseskogen|blossom|squash|fruit|flower|zucchini|yellow|green|farmers|market|basket|CreativeCommons|Creative|Commons,18,Santa Fe farmer's market
n07716358_12191.JPEG,n07716358_12191,n07716358,zucchini,cucumber_zucchini,0,0,,,0,
n07716358_12219.JPEG,n07716358_12219,n07716358,zucchini,cucumber_zucchini,0,0,,,0,
n07716358_12238.JPEG,n07716358_12238,n07716358,zucchini,cucumber_zucchini,1,0,Zucchini lined up,zucchini|harvest|vege patch|　家庭菜園　野菜　現代農業　gardening in Japan,4,
n07716358_1225.JPEG,n07716358_1225,n07716358,zucchini,cucumber_zucchini,1,0,Zucchini and burgers,burgers|food|grill|zucchini,4,Note the ritual sacrifice as demanded by the grilling gods from time immemorial.
n07716358_12258.JPEG,n07716358_12258,n07716358,zucchini,cucumber_zucchini,0,0,,,0,
n07716358_12265.JPEG,n07716358_12265,n07716358,zucchini,cucumber_zucchini,0,1,,,0,
n07716358_12268.JPEG,n07716358_12268,n07716358,zucchini,cucumber_zucchini,0,0,,,0,
n07716358_12312.JPEG,n07716358_12312,n07716358,zucchini,cucumber_zucchini,1,1,Zucchini Squash #1,vegetables|garden|vegetable garden|macro|produce|green and yellow|harvest|harvesting|crops|zucchimi|squash|zucchini squash|michigan|nature|bejitaburu|grønsager|groente|vihannes|légume|zöldségféle|pianta|grønsak|vegetal|verduras|Gemüse|Garten|have|hof|puutarha|jardin|kert|giardino|niwa|hage|jardim|садовый|jardín,37,Can you smell the zucchini bread in the oven? 
n07716358_12331.JPEG,n07716358_12331,n07716358,zucchini,cucumber_zucchini,1,1,julienned zucchini,zucchini,1,"I love my mandoline!  (AKA V-Slicer, AKA pay attention or you'll slice your fingers off) <a href=""http://www.amazon.com/Borner-V-1001-Swissmar-V-Slicer-Plus/dp/B0000632QE"" rel=""noreferrer nofollow"">www.amazon.com/Borner-V-1001-Swissmar-V-Slicer-Plus/dp/B0...</a> "
n07716358_12371.JPEG,n07716358_12371,n07716358,zucchini,cucumber_zucchini,1,1,Grilled Zucchini Squash,grilled|zucchini|squash|balsamic|vinegar|crosshatch,6,Perfecting the crosshatch and reducing balsamic vinegar.
n07716358_12387.JPEG,n07716358_12387,n07716358,zucchini,cucumber_zucchini,1,1,amusing veg,veg|courgette|neglect|rain ruining garden|rude veg,5,"been neglecting the garden recently because of the rain so I didn't pick this courgette early enough and well, it's gone a bit odd..."
n07716358_12393.JPEG,n07716358_12393,n07716358,zucchini,cucumber_zucchini,1,0,grilled zucchini with red madagascar pepper parsley and balsamic vinegar,"food|zucchini|ameliaps|2006|cibo|eat|milkfree, lactosefree|vegetarian|italian|italian food|mangiare|mangia|buono",13,
n07716358_12402.JPEG,n07716358_12402,n07716358,zucchini,cucumber_zucchini,0,0,,,0,
n07716358_12403.JPEG,n07716358_12403,n07716358,zucchini,cucumber_zucchini,1,0,grilled zucchini salad,zucchini,1,with grilled red bell pepper and tomatoes
n07716358_12407.JPEG,n07716358_12407,n07716358,zucchini,cucumber_zucchini,1,0,zucchini,zucchini,1,
n07716358_1242.JPEG,n07716358_1242,n07716358,zucchini,cucumber_zucchini,1,0,A solution for the zucchini,zucchini|vegetable|dinner|organic|food,5,"So what happened is that friends Guy, Y, Stripey and I made a dinner out of things last night at Guy and Y's place.  And much goodness resulted -- first, as you can see, the big zucchini for the other day got chopped into zucchini steaks, essentially."
n07716358_12441.JPEG,n07716358_12441,n07716358,zucchini,cucumber_zucchini,1,0,Zucchini,Zucchini|squash|Nikon|D200|50mm f/1.2 AIS|PK-11a|Nikkor|Gardens|growing|green|plant|flower|vegetable|leaf|stem|seeds|dirt|mulch|harvest|bud|herb,21,"It is July and the gardens are growing like crazy with all this rain. I'll be out weeding and doing some transplants today.  The first zucchini of the year! Another week or so and this bad boy will find its way to the table.  <a href=""http://bigmaneating.blogspot.com/"" rel=""noreferrer nofollow"">bigmaneating.blogspot.com/</a>  Nikon D200 50mm 1.4 AIS PK-11a"
n07716358_12486.JPEG,n07716358_12486,n07716358,zucchini,cucumber_zucchini,1,0,Little zucchini,garden|rain|green|zucchini|blossom|Little Shop of Horrors,6,The blossom looks like the man eating plant in Little Shop of Horrors.
n07716358_12489.JPEG,n07716358_12489,n07716358,zucchini,cucumber_zucchini,0,0,,,0,
n07716358_1253.JPEG,n07716358_1253,n07716358,zucchini,cucumber_zucchini,1,0,Sliced zucchini,green|vegetable|sliced|Food|zucchini|Stock categories,6,Sliced zucchini
n07716358_12548.JPEG,n07716358_12548,n07716358,zucchini,cucumber_zucchini,0,0,,,0,
n07716358_12557.JPEG,n07716358_12557,n07716358,zucchini,cucumber_zucchini,1,1,Zucchini bread,peach|tree|corn|dog|chihuahua|zucchini|bread|preserves|cooking,9,"I haven't tried to grow zucchini for years because it generally hates me and won't grow for me. This bread is great. See my blog at: <a href=""http://theprincey.blogspot.com/"" rel=""noreferrer nofollow"">theprincey.blogspot.com/</a>"
n07716358_12564.JPEG,n07716358_12564,n07716358,zucchini,cucumber_zucchini,1,1,'Dark Green' Zucchini,garden|edible garden|September 2007|September|2007|yard|home|dark green|green|zucchini,10,These are the tiny beginnings of my Dark Green Zucchini Squash.
n07716358_12578.JPEG,n07716358_12578,n07716358,zucchini,cucumber_zucchini,0,0,,,0,
n07716358_12579.JPEG,n07716358_12579,n07716358,zucchini,cucumber_zucchini,1,1,El Zucchini,summer|garden|zucchini,3,the burgeoning zucchini of a few photos ago is now ginormous and ready for dinner!
n07716358_1258.JPEG,n07716358_1258,n07716358,zucchini,cucumber_zucchini,1,1,lone zucchini,zucchini|vegetable,2,from my garden - what a lame summer for gardening!
n07716358_12586.JPEG,n07716358_12586,n07716358,zucchini,cucumber_zucchini,1,1,Fresh from the grill,meat|beef|asparagus|sirloin|zucchini|grill|little bit of oil|white pepper|kosher salt|charcoal|yum|no mercy|conquest through food|Joz's Lunchtime Look,14,"Nice little sirloin filet, some asparagus and zucchini.  Salt, white pepper and a little oil.  Simple and delicious."
n07716358_12591.JPEG,n07716358_12591,n07716358,zucchini,cucumber_zucchini,1,0,zucchini blossoms - yum,italy|rome|campodefiori|zucchini|vegetable|flower|cmwd_green,7,
n07716358_12599.JPEG,n07716358_12599,n07716358,zucchini,cucumber_zucchini,0,0,,,0,
n07716358_12621.JPEG,n07716358_12621,n07716358,zucchini,cucumber_zucchini,0,1,,,0,
n07716358_12651.JPEG,n07716358_12651,n07716358,zucchini,cucumber_zucchini,0,0,,,0,
n07716358_12700.JPEG,n07716358_12700,n07716358,zucchini,cucumber_zucchini,0,0,,,0,
n07716358_12705.JPEG,n07716358_12705,n07716358,zucchini,cucumber_zucchini,0,1,,,0,
n07716358_12730.JPEG,n07716358_12730,n07716358,zucchini,cucumber_zucchini,0,0,,,0,
n07716358_12742.JPEG,n07716358_12742,n07716358,zucchini,cucumber_zucchini,1,0,IMG_0764 Zucchini,zucchini|community garden|My garden|garden|edible|vegetables|flowers|organic,8,"zucchini saute, zucchini baked, grilled, in salads, shredded in breads, in frittata....zucchini every which way. Only planted one plant this year...."
n07716358_12770.JPEG,n07716358_12770,n07716358,zucchini,cucumber_zucchini,0,0,,,0,
n07716358_12771.JPEG,n07716358_12771,n07716358,zucchini,cucumber_zucchini,0,0,,,0,
n07716358_128.JPEG,n07716358_128,n07716358,zucchini,cucumber_zucchini,0,0,,,0,
n07716358_12808.JPEG,n07716358_12808,n07716358,zucchini,cucumber_zucchini,0,1,,,0,
n07716358_12818.JPEG,n07716358_12818,n07716358,zucchini,cucumber_zucchini,1,0,Four Zucchini,four|zucchini|vegetables|verdura|green|verde|white|background|sfondo|bianco|still|life|light|food|cibo|fresh|market|mercato|studio|Canon EF-S 18-55mm f/3.5-5.6|andrea,21,
n07716358_12828.JPEG,n07716358_12828,n07716358,zucchini,cucumber_zucchini,1,0,Broccoli and Zucchini,harvest|broccoli|zucchini,3,
n07716358_1286.JPEG,n07716358_1286,n07716358,zucchini,cucumber_zucchini,1,0,courgette,courgette|veg|green|food|zuccini|E-500|out of focus|olympus|still life|utata:project=ip47,10,
n07716358_1288.JPEG,n07716358_1288,n07716358,zucchini,cucumber_zucchini,1,1,zucchini hidden in vines,Zucchini,1,WOW
n07716358_12885.JPEG,n07716358_12885,n07716358,zucchini,cucumber_zucchini,1,0,Sicilian Zucchini,Zucchini|vegetable|Ontario,3,They can grow as 9' feet! long or more. My longest grew 7.8'
n07716358_12903.JPEG,n07716358_12903,n07716358,zucchini,cucumber_zucchini,0,0,,,0,
n07716358_12931.JPEG,n07716358_12931,n07716358,zucchini,cucumber_zucchini,1,1,stuffed zucchini,NY|Vestal|Viking House|eggplant|food|parsley|tomato|wild rice|zucchini,9,before baking
n07716358_12942.JPEG,n07716358_12942,n07716358,zucchini,cucumber_zucchini,1,0,Zucchini With ASIN,zucchini|ASIN|Amazon Fresh|groceries|B000P6J1P4,5,I thought it was hilarious their was an ASIN on the zucchini packaging.
n07716358_12963.JPEG,n07716358_12963,n07716358,zucchini,cucumber_zucchini,1,1,Zucchini,our garden|our house|our yard|front yard garden|front yard|food not lawns|lasagna gardening|edible gardening|vegetable gardening|raised bed gardening|garden|gardening|vegetables|localvore|local food|zucchini|organic|victory garden|organic victory garden,19,A baby zucchini makes an appearance in the garden.
n07716358_12998.JPEG,n07716358_12998,n07716358,zucchini,cucumber_zucchini,1,0,"Stuffed Zucchini, Heirloom Tomato Salad, and Pecorino-Walnut Toast",food I made|zucchini|stuffed|toast|bread|pecorino|heirloom tomatoes|tomato|parsley|cheese,10,"Zucchini is stuffed with ricotta, pecorino-romano, onion, garlic, fresh oregano, egg, &amp; topped with bread crumbs."
n07716358_13008.JPEG,n07716358_13008,n07716358,zucchini,cucumber_zucchini,0,0,,,0,
n07716358_13059.JPEG,n07716358_13059,n07716358,zucchini,cucumber_zucchini,0,0,,,0,
n07716358_13090.JPEG,n07716358_13090,n07716358,zucchini,cucumber_zucchini,1,0,largest zucchini,State Fair|Minnesota|giant zucchini,3,
n07716358_13098.JPEG,n07716358_13098,n07716358,zucchini,cucumber_zucchini,0,0,,,0,
n07716358_1312.JPEG,n07716358_1312,n07716358,zucchini,cucumber_zucchini,1,0,Zucchini,Des|Moines|WA|Washington|Farmer's|Market|Marina|flowers|vegetables|local|colour|zucchini|Des Moines|Farmer's Market|Des Moines Farmer's Market|Des Moines Marina|experiencewa|All Rights Reserved|Copyright|Purplewon2000,20,"This was a box of Zucchini being sold at the Farmer's Market in Des Moines, Wa"
n07716358_13142.JPEG,n07716358_13142,n07716358,zucchini,cucumber_zucchini,0,0,,,0,
n07716358_1325.JPEG,n07716358_1325,n07716358,zucchini,cucumber_zucchini,0,1,,,0,
n07716358_13261.JPEG,n07716358_13261,n07716358,zucchini,cucumber_zucchini,1,1,zucchini,zucchini|food|yum|vegetable,4,This lovely zucchini came from my coworker Nancy's garden...I just had to do something special with it.
n07716358_13307.JPEG,n07716358_13307,n07716358,zucchini,cucumber_zucchini,0,0,,,0,
n07716358_1331.JPEG,n07716358_1331,n07716358,zucchini,cucumber_zucchini,1,0,zucchini and flowers,garden|vegetable|zucchini,3,mmm zucchini... we're going to have a lot
n07716358_1333.JPEG,n07716358_1333,n07716358,zucchini,cucumber_zucchini,1,0,small frog at Yokan Sho.jpg,scenic,1,can you see the small frog on the large... is that a squash?  a zucchini?  BTW - these vegetables are growing on the fence outside of one of the 2nd floor classrooms at one of my elementary schools
n07716358_13347.JPEG,n07716358_13347,n07716358,zucchini,cucumber_zucchini,0,0,,,0,
n07716358_13393.JPEG,n07716358_13393,n07716358,zucchini,cucumber_zucchini,1,0,non-singing zucchini,vegetables|zucchini|squash,3,home grown veggie goodness
n07716358_1342.JPEG,n07716358_1342,n07716358,zucchini,cucumber_zucchini,0,1,,,0,
n07716358_13434.JPEG,n07716358_13434,n07716358,zucchini,cucumber_zucchini,1,1,The Zucchini,Zucchini|Green|Kelle|Amazing|Veggie|Funny,6,This is my room mate holding up an amazingly huge zucchini !!!
n07716358_13448.JPEG,n07716358_13448,n07716358,zucchini,cucumber_zucchini,1,1,Zucchini!,tomato|zucchini|cucumber,3,"I grew this! Also, I ate it."
n07716358_13517.JPEG,n07716358_13517,n07716358,zucchini,cucumber_zucchini,0,0,,,0,
n07716358_13557.JPEG,n07716358_13557,n07716358,zucchini,cucumber_zucchini,0,0,,,0,
n07716358_13570.JPEG,n07716358_13570,n07716358,zucchini,cucumber_zucchini,1,1,Making zucchini bread,zucchini|garden,2,Imagine my dismay when I realized it only takes one zucchini to make a batch of zucchini bread. I need more zucchini recipes for the daily influx of zucchini. I like to say zucchini.
n07716358_13596.JPEG,n07716358_13596,n07716358,zucchini,cucumber_zucchini,1,0,1st Courgette,Veg,1,
n07716358_136.JPEG,n07716358_136,n07716358,zucchini,cucumber_zucchini,0,0,,,0,
n07716358_13626.JPEG,n07716358_13626,n07716358,zucchini,cucumber_zucchini,1,0,Courgette and flower,food|courgette|flower|norfolk|fresh|produce|veg|vegetable|organic|farm|crop,11,
n07716358_13643.JPEG,n07716358_13643,n07716358,zucchini,cucumber_zucchini,1,0,peas and zucchini,peas|zucchini|vegetables|green|garden|basket|fresh|grilled|squash|Nikon|NikonCoolPix4100|food|just|picked,14,from my garden
n07716358_13646.JPEG,n07716358_13646,n07716358,zucchini,cucumber_zucchini,0,0,,,0,
n07716358_13666.JPEG,n07716358_13666,n07716358,zucchini,cucumber_zucchini,0,0,,,0,
n07716358_13674.JPEG,n07716358_13674,n07716358,zucchini,cucumber_zucchini,0,0,,,0,
n07716358_13689.JPEG,n07716358_13689,n07716358,zucchini,cucumber_zucchini,0,0,,,0,
n07716358_13690.JPEG,n07716358_13690,n07716358,zucchini,cucumber_zucchini,1,1,Butters + Zucchini,butters|cat|zucchini,3,Either the zucchini is huge or the cats really small!
n07716358_13719.JPEG,n07716358_13719,n07716358,zucchini,cucumber_zucchini,1,1,Zucchini,zucchini,1,
n07716358_13731.JPEG,n07716358_13731,n07716358,zucchini,cucumber_zucchini,0,0,,,0,
n07716358_13740.JPEG,n07716358_13740,n07716358,zucchini,cucumber_zucchini,0,1,,,0,
n07716358_13754.JPEG,n07716358_13754,n07716358,zucchini,cucumber_zucchini,0,0,,,0,
n07716358_13799.JPEG,n07716358_13799,n07716358,zucchini,cucumber_zucchini,0,0,,,0,
n07716358_13800.JPEG,n07716358_13800,n07716358,zucchini,cucumber_zucchini,0,0,,,0,
n07716358_1383.JPEG,n07716358_1383,n07716358,zucchini,cucumber_zucchini,1,1,"Giant Zucchini, a Perspective Piece",zucchini|giant|big|phallus|lauren|ryan,6,"If you live in Indiana, this is the kind of entertainment you can come to expect."
n07716358_13861.JPEG,n07716358_13861,n07716358,zucchini,cucumber_zucchini,1,0,Roasted Zucchini and Quinoa with fresh Thyme,food|cooking|quinoa|zucchini|vegetables|yummy,6,"Cooked this up with fresh zucchini from my garden.  I was really trying to go for that short focal depth, but my camera is on the way out."
n07716358_13876.JPEG,n07716358_13876,n07716358,zucchini,cucumber_zucchini,0,0,,,0,
n07716358_13886.JPEG,n07716358_13886,n07716358,zucchini,cucumber_zucchini,0,0,,,0,
n07716358_13920.JPEG,n07716358_13920,n07716358,zucchini,cucumber_zucchini,0,0,,,0,
n07716358_13931.JPEG,n07716358_13931,n07716358,zucchini,cucumber_zucchini,0,0,,,0,
n07716358_13961.JPEG,n07716358_13961,n07716358,zucchini,cucumber_zucchini,0,0,,,0,
n07716358_13982.JPEG,n07716358_13982,n07716358,zucchini,cucumber_zucchini,1,1,Zucchini June 6 (4),Garden|Zucchini,2,
n07716358_13984.JPEG,n07716358_13984,n07716358,zucchini,cucumber_zucchini,1,1,Zucchini: pre-picking,gardening|food|zucchini,3,Isn't it just precious?!
n07716358_14032.JPEG,n07716358_14032,n07716358,zucchini,cucumber_zucchini,0,0,,,0,
n07716358_14062.JPEG,n07716358_14062,n07716358,zucchini,cucumber_zucchini,0,0,,,0,
n07716358_1407.JPEG,n07716358_1407,n07716358,zucchini,cucumber_zucchini,0,0,,,0,
n07716358_14120.JPEG,n07716358_14120,n07716358,zucchini,cucumber_zucchini,0,0,,,0,
n07716358_14132.JPEG,n07716358_14132,n07716358,zucchini,cucumber_zucchini,0,0,,,0,
n07716358_1414.JPEG,n07716358_1414,n07716358,zucchini,cucumber_zucchini,1,1,veg from our garden,abbey|shrewsbury|shropshire|old|history|building|stones|bricks|ruin|england|English Heritage|arch|arches|september|Haughmond Abbey,15,told you how big our courgette's are
n07716358_1415.JPEG,n07716358_1415,n07716358,zucchini,cucumber_zucchini,0,0,,,0,
n07716358_14161.JPEG,n07716358_14161,n07716358,zucchini,cucumber_zucchini,0,0,,,0,
n07716358_142.JPEG,n07716358_142,n07716358,zucchini,cucumber_zucchini,0,1,,,0,
n07716358_14235.JPEG,n07716358_14235,n07716358,zucchini,cucumber_zucchini,0,0,,,0,
n07716358_14267.JPEG,n07716358_14267,n07716358,zucchini,cucumber_zucchini,0,0,,,0,
n07716358_14300.JPEG,n07716358_14300,n07716358,zucchini,cucumber_zucchini,0,0,,,0,
n07716358_14336.JPEG,n07716358_14336,n07716358,zucchini,cucumber_zucchini,0,0,,,0,
n07716358_14402.JPEG,n07716358_14402,n07716358,zucchini,cucumber_zucchini,0,0,,,0,
n07716358_14407.JPEG,n07716358_14407,n07716358,zucchini,cucumber_zucchini,0,0,,,0,
n07716358_14453.JPEG,n07716358_14453,n07716358,zucchini,cucumber_zucchini,0,0,,,0,
n07716358_14459.JPEG,n07716358_14459,n07716358,zucchini,cucumber_zucchini,0,0,,,0,
n07716358_1446.JPEG,n07716358_1446,n07716358,zucchini,cucumber_zucchini,0,0,,,0,
n07716358_14463.JPEG,n07716358_14463,n07716358,zucchini,cucumber_zucchini,0,0,,,0,
n07716358_14464.JPEG,n07716358_14464,n07716358,zucchini,cucumber_zucchini,0,0,,,0,
n07716358_14466.JPEG,n07716358_14466,n07716358,zucchini,cucumber_zucchini,1,0,a zucchini,garden|zucchini,2,the flour from the one zucchini has reached out and attached itself to the stalk of one of the huge leaves.
n07716358_14474.JPEG,n07716358_14474,n07716358,zucchini,cucumber_zucchini,0,0,,,0,
n07716358_14487.JPEG,n07716358_14487,n07716358,zucchini,cucumber_zucchini,0,0,,,0,
n07716358_14540.JPEG,n07716358_14540,n07716358,zucchini,cucumber_zucchini,0,0,,,0,
n07716358_1455.JPEG,n07716358_1455,n07716358,zucchini,cucumber_zucchini,1,0,Zucchini,Zucchini|Cooking|Garden,3,From my garden
n07716358_14556.JPEG,n07716358_14556,n07716358,zucchini,cucumber_zucchini,1,1,Zucchini,Onion|Zucchini|Kale|Lettuce|Strawberry|Potato|Grapefruit|Vegetables|Delivery|Produce,10,
n07716358_14592.JPEG,n07716358_14592,n07716358,zucchini,cucumber_zucchini,0,0,,,0,
n07716358_14603.JPEG,n07716358_14603,n07716358,zucchini,cucumber_zucchini,0,1,,,0,
n07716358_14638.JPEG,n07716358_14638,n07716358,zucchini,cucumber_zucchini,0,0,,,0,
n07716358_14717.JPEG,n07716358_14717,n07716358,zucchini,cucumber_zucchini,0,0,,,0,
n07716358_14739.JPEG,n07716358_14739,n07716358,zucchini,cucumber_zucchini,0,0,,,0,
n07716358_14764.JPEG,n07716358_14764,n07716358,zucchini,cucumber_zucchini,0,0,,,0,
n07716358_14822.JPEG,n07716358_14822,n07716358,zucchini,cucumber_zucchini,0,1,,,0,
n07716358_14829.JPEG,n07716358_14829,n07716358,zucchini,cucumber_zucchini,1,1,Zucchini- extra long,extra lonh|zucchini|wine bottle|mustard|seed|house,6,* no exaggeration used
n07716358_14843.JPEG,n07716358_14843,n07716358,zucchini,cucumber_zucchini,0,1,,,0,
n07716358_14846.JPEG,n07716358_14846,n07716358,zucchini,cucumber_zucchini,0,1,,,0,
n07716358_14854.JPEG,n07716358_14854,n07716358,zucchini,cucumber_zucchini,0,1,,,0,
n07716358_14914.JPEG,n07716358_14914,n07716358,zucchini,cucumber_zucchini,0,0,,,0,
n07716358_14918.JPEG,n07716358_14918,n07716358,zucchini,cucumber_zucchini,0,0,,,0,
n07716358_14946.JPEG,n07716358_14946,n07716358,zucchini,cucumber_zucchini,0,0,,,0,
n07716358_14964.JPEG,n07716358_14964,n07716358,zucchini,cucumber_zucchini,0,0,,,0,
n07716358_14979.JPEG,n07716358_14979,n07716358,zucchini,cucumber_zucchini,0,0,,,0,
n07716358_1499.JPEG,n07716358_1499,n07716358,zucchini,cucumber_zucchini,1,0,Grilled shrimp and zucchini,zucchini|food|shrimp|grilled|lemon,5,The close up artsy shot.
n07716358_14990.JPEG,n07716358_14990,n07716358,zucchini,cucumber_zucchini,1,1,the zucchini plant that wouldn't stop,garden|zucchini|blossom|organic|2006,5,
n07716358_15018.JPEG,n07716358_15018,n07716358,zucchini,cucumber_zucchini,0,0,,,0,
n07716358_15025.JPEG,n07716358_15025,n07716358,zucchini,cucumber_zucchini,0,0,,,0,
n07716358_15051.JPEG,n07716358_15051,n07716358,zucchini,cucumber_zucchini,1,0,Giant Zucchini,fz7|garden|giant|green|grow|plant|zucchini,7,The 10 pound zucchini
n07716358_15085.JPEG,n07716358_15085,n07716358,zucchini,cucumber_zucchini,0,0,,,0,
n07716358_15103.JPEG,n07716358_15103,n07716358,zucchini,cucumber_zucchini,0,0,,,0,
n07716358_1511.JPEG,n07716358_1511,n07716358,zucchini,cucumber_zucchini,0,1,,,0,
n07716358_15115.JPEG,n07716358_15115,n07716358,zucchini,cucumber_zucchini,1,1,zucchini or marrow,vegetable|squash|marrow|zucchini|courgette plants|green|garden|england|summer,9,"do mini zucchinis make mini marrows?  answer:  yes, alas."
n07716358_15122.JPEG,n07716358_15122,n07716358,zucchini,cucumber_zucchini,0,0,,,0,
n07716358_15163.JPEG,n07716358_15163,n07716358,zucchini,cucumber_zucchini,1,1,Courgette examples,Veg|HomeProduce,2,"On the left is a standard size courgette grown in the garden, and to the left is of of three which grew to enormus propotions.  They all tasted great.  Question is a large courgette a marrow, or is that something different all together?"
n07716358_15179.JPEG,n07716358_15179,n07716358,zucchini,cucumber_zucchini,1,0,Rosemary Tofu with Veg,vegan|vegetarian|dinner|tofu|zucchini|courgette|garlic|sesame oil|rosemary|salt|pepper|tortilla|corn|maize,14,"Tofu cutlets and randomly sliced zucchini, seared in dark sesame oil, with garlic, rosemary, salt, and pepper, on a whole-wheat tortilla. Roasted corn in background, obviously. (Last of the summer veg, probably.)"
n07716358_15183.JPEG,n07716358_15183,n07716358,zucchini,cucumber_zucchini,0,0,,,0,
n07716358_15220.JPEG,n07716358_15220,n07716358,zucchini,cucumber_zucchini,1,0,Atomic Zucchini Power!,zucchini| robert carrier cooking card| recipe cards,3,Published 1966
n07716358_15231.JPEG,n07716358_15231,n07716358,zucchini,cucumber_zucchini,1,0,IMG_0562 zucchini,garden|flowers|gardens|zucchini,4,trying to pick them small and tender!
n07716358_15244.JPEG,n07716358_15244,n07716358,zucchini,cucumber_zucchini,0,0,,,0,
n07716358_15248.JPEG,n07716358_15248,n07716358,zucchini,cucumber_zucchini,1,0,Worm in Zucchini,Zucchini| worm| ooz| chop| cut| bug| half| yuck| food,9,Cutting Zucchini for tonight's meal revealed this...
n07716358_15251.JPEG,n07716358_15251,n07716358,zucchini,cucumber_zucchini,1,1,LaPlaya garden_zucchini,cookthink|cooking|recipes|ingredients|zucchini|garden|produce|food|greens|httpwwwcookthinkcomblog|vegetables|vegetable,12,"Zucchini in the garden at the La Playa hotel in Carmel. <a href=""http://www.cookthink.com/blog"" rel=""noreferrer nofollow"">www.cookthink.com/blog</a>"
n07716358_15256.JPEG,n07716358_15256,n07716358,zucchini,cucumber_zucchini,1,1,"Leeks, Zucchini, Quail Eggs",leeks|zucchini|eggs|quail eggs|dinner|restaurant|the kitchen|sacramento|november|2008|food|cooking,12,"The Kitchen Restaurant in Sacramento, CA"
n07716358_15279.JPEG,n07716358_15279,n07716358,zucchini,cucumber_zucchini,1,0,Zucchini with blossom-end rot?,Eye-Fi|zucchini|blossom-end rot|santoku|garden 2008|harvest,6,"That's my 6-inch knife, for comparison."
n07716358_15290.JPEG,n07716358_15290,n07716358,zucchini,cucumber_zucchini,0,1,,,0,
n07716358_15314.JPEG,n07716358_15314,n07716358,zucchini,cucumber_zucchini,1,0,Dilled Carrots and Zucchini Pickles,pickles|canning|carrot|zucchini,4,My canning adventures continue with Dilled Carrots and Zucchini Pickles.  
n07716358_1532.JPEG,n07716358_1532,n07716358,zucchini,cucumber_zucchini,0,0,,,0,
n07716358_1533.JPEG,n07716358_1533,n07716358,zucchini,cucumber_zucchini,1,0,zucchini,zucchini|garden|summer,3,Zucchini apparently like heat and humidity.
n07716358_1535.JPEG,n07716358_1535,n07716358,zucchini,cucumber_zucchini,0,1,,,0,
n07716358_15355.JPEG,n07716358_15355,n07716358,zucchini,cucumber_zucchini,1,0,Giant Zucchini!,sauvie island|autumn|zucchini|pumpkin patch|erin,5,
n07716358_15358.JPEG,n07716358_15358,n07716358,zucchini,cucumber_zucchini,0,0,,,0,
n07716358_15382.JPEG,n07716358_15382,n07716358,zucchini,cucumber_zucchini,1,0,stuffed courgettes,,0,
n07716358_15393.JPEG,n07716358_15393,n07716358,zucchini,cucumber_zucchini,0,0,,,0,
n07716358_15411.JPEG,n07716358_15411,n07716358,zucchini,cucumber_zucchini,1,1,Giant Zucchinis,bryan|zucchini,2,
n07716358_15420.JPEG,n07716358_15420,n07716358,zucchini,cucumber_zucchini,0,0,,,0,
n07716358_15453.JPEG,n07716358_15453,n07716358,zucchini,cucumber_zucchini,1,1,Zucchini,zucchini|vegetable,2,
n07716358_15454.JPEG,n07716358_15454,n07716358,zucchini,cucumber_zucchini,0,0,,,0,
n07716358_15470.JPEG,n07716358_15470,n07716358,zucchini,cucumber_zucchini,1,0,zucchini,zucchini|rIAm|market|food,4,at the green city market
n07716358_15471.JPEG,n07716358_15471,n07716358,zucchini,cucumber_zucchini,0,0,,,0,
n07716358_1549.JPEG,n07716358_1549,n07716358,zucchini,cucumber_zucchini,1,1,Zucchini!!,Zucchini,1,
n07716358_15527.JPEG,n07716358_15527,n07716358,zucchini,cucumber_zucchini,1,1,"zucchini, broiled",puree gourmet|zucchini|veggies,3,
n07716358_15669.JPEG,n07716358_15669,n07716358,zucchini,cucumber_zucchini,1,0,Zucchini,zucchini|green vegetables|urban homesteading|the homestead|garden,5,I'm glad I'm moving out before the zucchini goes crazy.
n07716358_15710.JPEG,n07716358_15710,n07716358,zucchini,cucumber_zucchini,1,0,Prep Time - 365:5,zucchini|vegetable|365|food|project spectrum,5,"We had a bbq today with a few friends, and then we went to the local wine festival.  I chopped up some yummy squash and zucchini (and prepared a nice herb marinade) for the grill.  the bbq was a success, and the wine festival was great!"
n07716358_15728.JPEG,n07716358_15728,n07716358,zucchini,cucumber_zucchini,1,1,zucchini to scale,food|garden|zucchini,3,next to a can of refried black beans to fully experience the ginormity.
n07716358_15743.JPEG,n07716358_15743,n07716358,zucchini,cucumber_zucchini,1,0,Zucchini are growing,backyard|blossom|flower|zucchini|Bellevue|Washington|United States,7,
n07716358_15801.JPEG,n07716358_15801,n07716358,zucchini,cucumber_zucchini,1,1,The first zucchini,msh0808-19|msh0808|zucchini|garden|planting|green|vegetable,7,"I planted a bit late this year, so I am only just starting to get veggies.  This was the first veggie to come out this year.  I always get real excited about my garden every year.   Submitted for August's MSH # 19 - Green"
n07716358_15809.JPEG,n07716358_15809,n07716358,zucchini,cucumber_zucchini,0,0,,,0,
n07716358_15816.JPEG,n07716358_15816,n07716358,zucchini,cucumber_zucchini,1,0,Zucchini,zucchini,1,
n07716358_15828.JPEG,n07716358_15828,n07716358,zucchini,cucumber_zucchini,1,0,Mini Zucchini,zucchini|farmers|market|santa|barbara|food|vegetable|green|d50,9,Santa Barbara Farmers Market
n07716358_15851.JPEG,n07716358_15851,n07716358,zucchini,cucumber_zucchini,0,0,,,0,
n07716358_15857.JPEG,n07716358_15857,n07716358,zucchini,cucumber_zucchini,0,1,,,0,
n07716358_15920.JPEG,n07716358_15920,n07716358,zucchini,cucumber_zucchini,0,1,,,0,
n07716358_15937.JPEG,n07716358_15937,n07716358,zucchini,cucumber_zucchini,1,0,Slicing zucchini,zucchini|courgette|vegetable|soup|chopped|sliced|cooking|macro|closeup|FlickrSoup for the Soul|Catchy Colors,11,Chopping vegies to make soup
n07716358_15966.JPEG,n07716358_15966,n07716358,zucchini,cucumber_zucchini,1,0,Baby Zucchini,garden|Noyo Come-Unity Garden|organic|food|growth|gardening|zucchini,7,
n07716358_15994.JPEG,n07716358_15994,n07716358,zucchini,cucumber_zucchini,0,1,,,0,
n07716358_16000.JPEG,n07716358_16000,n07716358,zucchini,cucumber_zucchini,1,1,first courgettes,vegetables|courgettes|zucchini,3,"Yay!! My first veg! I'm so proud!!  They look too good to eat! "
n07716358_16047.JPEG,n07716358_16047,n07716358,zucchini,cucumber_zucchini,0,0,,,0,
n07716358_16051.JPEG,n07716358_16051,n07716358,zucchini,cucumber_zucchini,0,0,,,0,
n07716358_16085.JPEG,n07716358_16085,n07716358,zucchini,cucumber_zucchini,0,0,,,0,
n07716358_1609.JPEG,n07716358_1609,n07716358,zucchini,cucumber_zucchini,1,0,What happens when you leave the zucchinis for a few days.,zucchini,1,
n07716358_16109.JPEG,n07716358_16109,n07716358,zucchini,cucumber_zucchini,0,0,,,0,
n07716358_16133.JPEG,n07716358_16133,n07716358,zucchini,cucumber_zucchini,1,0,Broiled Zucchini and Potatoes with Parmesan Crust,2008|Broiled Zucchini and Potatoes with Parmesan crust|Canon 50mm 1.4|Christmas|cheese|dinner|potatoes|zucchini,8,I cooked Christmas dinner. 
n07716358_16139.JPEG,n07716358_16139,n07716358,zucchini,cucumber_zucchini,1,1,zucchini,flowers|garden|zucchini,3,and cherry tomatoes.
n07716358_16144.JPEG,n07716358_16144,n07716358,zucchini,cucumber_zucchini,1,1,prize zucchini,zucchini|vegetables,2,
n07716358_16169.JPEG,n07716358_16169,n07716358,zucchini,cucumber_zucchini,1,1,baby zucchini,zucchini|flower|garden|vegetables,4,
n07716358_1626.JPEG,n07716358_1626,n07716358,zucchini,cucumber_zucchini,0,0,,,0,
n07716358_1627.JPEG,n07716358_1627,n07716358,zucchini,cucumber_zucchini,1,0,zucchini summer,kit sweeney|zucchini|arm|hold|yellow|green|golden zucchini|golden|summer|squash|gray|shirt|woman|armful|bounty,15,"Summer is finally winding down here ... this week has been almost cool, in fact! One of my favorite things about summer is that there is such a bounty at the farmers' market. Since I moved here too late in the summer to grow anything myself, I had to rely on what other people harvested. Here I am with an armul of zucchini that I bought on the side of the road in Sweetwater, TX. These beauties were my last purchase of the summer -- they have been grated and stored in my freezer so I can make zucchini bread during the fall. I also found this delicious <a href=""http://kalynskitchen.blogspot.com/2007/06/cheesy-zucchini-with-garlic-and-parsley.html"" rel=""noreferrer nofollow"">cheesy zucchini recipe</a> that I made every night one week. Give it a try if you still have fresh zucchini in your area ..."
n07716358_16281.JPEG,n07716358_16281,n07716358,zucchini,cucumber_zucchini,0,0,,,0,
n07716358_16290.JPEG,n07716358_16290,n07716358,zucchini,cucumber_zucchini,0,0,,,0,
n07716358_16322.JPEG,n07716358_16322,n07716358,zucchini,cucumber_zucchini,0,0,,,0,
n07716358_16335.JPEG,n07716358_16335,n07716358,zucchini,cucumber_zucchini,1,1,Xander and the Giant Zucchini,xander|cute|baby|zucchini|minnesota,5,We picked a zucchini out of our garden today.  It grew a wee bit too long.
n07716358_1635.JPEG,n07716358_1635,n07716358,zucchini,cucumber_zucchini,1,1,zucchini,food|kitchen|contrast|sarahb|sarah|ohhhsarahb|neighborhood|artsy|zucchini,9,they are HUGE!
n07716358_16357.JPEG,n07716358_16357,n07716358,zucchini,cucumber_zucchini,0,0,,,0,
n07716358_16373.JPEG,n07716358_16373,n07716358,zucchini,cucumber_zucchini,1,1,Zucchini and Squash,ratatouille|cooking|zucchini|squash,4,The hardest part was trying to find squashes all with the same diameter.
n07716358_16380.JPEG,n07716358_16380,n07716358,zucchini,cucumber_zucchini,1,1,Zucchini,zucchini|garden|food|vegetable|our-garden|garden-themed,6,
n07716358_16391.JPEG,n07716358_16391,n07716358,zucchini,cucumber_zucchini,0,1,,,0,
n07716358_1643.JPEG,n07716358_1643,n07716358,zucchini,cucumber_zucchini,0,0,,,0,
n07716358_16503.JPEG,n07716358_16503,n07716358,zucchini,cucumber_zucchini,0,0,,,0,
n07716358_16517.JPEG,n07716358_16517,n07716358,zucchini,cucumber_zucchini,0,1,,,0,
n07716358_1657.JPEG,n07716358_1657,n07716358,zucchini,cucumber_zucchini,0,0,,,0,
n07716358_16622.JPEG,n07716358_16622,n07716358,zucchini,cucumber_zucchini,1,0,garden #2627: zucchini,zucchini|Burlington|Vermont|VT|05401|garden|blogged,7,"<a href=""http://blog.founddrama.net/2007/06/how-does-your-garden-grow/"" rel=""noreferrer nofollow"">blog.founddrama.net/2007/06/how-does-your-garden-grow/</a>"
n07716358_16651.JPEG,n07716358_16651,n07716358,zucchini,cucumber_zucchini,1,1,Zucchini,famersmarket|troutlake|zucchini|eastvan|vancouver|film|35mm,7,
n07716358_16668.JPEG,n07716358_16668,n07716358,zucchini,cucumber_zucchini,1,1,zucchini_20080727_003,Giant|zucchini|garden|2008,4,"This is the Giant Zucchini from my Garden picked on July 27, 2008."
n07716358_16676.JPEG,n07716358_16676,n07716358,zucchini,cucumber_zucchini,1,1,Giant Zucchini,zucchini|giant|big|phallus|lauren|ryan,6,The Count astoundedly matches wine with the summer crop.
n07716358_16699.JPEG,n07716358_16699,n07716358,zucchini,cucumber_zucchini,0,0,,,0,
n07716358_16709.JPEG,n07716358_16709,n07716358,zucchini,cucumber_zucchini,0,0,,,0,
n07716358_16733.JPEG,n07716358_16733,n07716358,zucchini,cucumber_zucchini,0,0,,,0,
n07716358_16756.JPEG,n07716358_16756,n07716358,zucchini,cucumber_zucchini,1,1,fruits légumes - tomato zucchini lemon mirabelle plum,fruits|legumes|tomato|zucchini|courgette|lemon|citron|mirabelle,8,Tomates citron courgette mirabelles en fière posture
n07716358_16782.JPEG,n07716358_16782,n07716358,zucchini,cucumber_zucchini,0,0,,,0,
n07716358_16783.JPEG,n07716358_16783,n07716358,zucchini,cucumber_zucchini,0,1,,,0,
n07716358_1680.JPEG,n07716358_1680,n07716358,zucchini,cucumber_zucchini,1,0,zucchinis from the austinmer garden,zucchini|austinmer|garden|vegetable,4,
n07716358_16823.JPEG,n07716358_16823,n07716358,zucchini,cucumber_zucchini,0,0,,,0,
n07716358_16834.JPEG,n07716358_16834,n07716358,zucchini,cucumber_zucchini,0,1,,,0,
n07716358_16886.JPEG,n07716358_16886,n07716358,zucchini,cucumber_zucchini,0,1,,,0,
n07716358_16890.JPEG,n07716358_16890,n07716358,zucchini,cucumber_zucchini,0,0,,,0,
n07716358_16901.JPEG,n07716358_16901,n07716358,zucchini,cucumber_zucchini,0,0,,,0,
n07716358_16910.JPEG,n07716358_16910,n07716358,zucchini,cucumber_zucchini,1,1,Abomination of a zucchini,zucchini|foot|derek,3,My size 10 1/2 for scale
n07716358_16921.JPEG,n07716358_16921,n07716358,zucchini,cucumber_zucchini,0,0,,,0,
n07716358_16925.JPEG,n07716358_16925,n07716358,zucchini,cucumber_zucchini,1,0,Grate zucchini,baking|homemade|baked|goods|cooking|recipe|garden|organic|fresh|warm|bread|zucchini|nut|mix|mixing|ingredients|how|loaf,18,"Making Zucchini Bread See <a href=""http://bread.allrecipes.com/az/SophiesZucchiniBread.asp"" rel=""noreferrer nofollow"">base recipe.</a>"
n07716358_16936.JPEG,n07716358_16936,n07716358,zucchini,cucumber_zucchini,1,0,This week I will most be eating green things,green|vegetables|food|organic|veg bix,5,
n07716358_16986.JPEG,n07716358_16986,n07716358,zucchini,cucumber_zucchini,1,1,1st Decent Zucchini This Year!,zucchini|radish|garden|green|red|vegetables,6,We could not keep up with the zucchini last year!  This is the best one this season.  Notice my pathetic radishes! 
n07716358_17034.JPEG,n07716358_17034,n07716358,zucchini,cucumber_zucchini,0,0,,,0,
n07716358_17056.JPEG,n07716358_17056,n07716358,zucchini,cucumber_zucchini,0,0,,,0,
n07716358_17119.JPEG,n07716358_17119,n07716358,zucchini,cucumber_zucchini,0,0,,,0,
n07716358_17130.JPEG,n07716358_17130,n07716358,zucchini,cucumber_zucchini,0,0,,,0,
n07716358_17182.JPEG,n07716358_17182,n07716358,zucchini,cucumber_zucchini,1,0,Zucchini,Zucchini|fresh|raw|sliced|vegetables|garden|food,7,"<a href=""http://www.joyfulabode.com"" rel=""noreferrer nofollow"">www.joyfulabode.com</a>"
n07716358_17183.JPEG,n07716358_17183,n07716358,zucchini,cucumber_zucchini,1,0,zucchini,nyc|brooklyn|food|vegetable|zucchini|farmer's market|grand army plaza,7,"<a href=""http://www.eattoblog.com/market-watch-zucchini/"" rel=""noreferrer nofollow"">Eat to Blog</a> @ farmer's market"
n07716358_17246.JPEG,n07716358_17246,n07716358,zucchini,cucumber_zucchini,0,0,,,0,
n07716358_17249.JPEG,n07716358_17249,n07716358,zucchini,cucumber_zucchini,1,0,Sliced Zucchini,harvest|zucchini,2,
n07716358_17251.JPEG,n07716358_17251,n07716358,zucchini,cucumber_zucchini,1,1,Zucchini,garden|zucchini|vegetable,3,
n07716358_17277.JPEG,n07716358_17277,n07716358,zucchini,cucumber_zucchini,1,0,Zucchini,garden| vegetables| zucchini,3,We had squash all summer but never any zucchini save for the odd looking thing we assume is some sort of zucchini/squash crossbreed. But apparently the zucchini were saving super strength for a late growth spurt.
n07716358_17299.JPEG,n07716358_17299,n07716358,zucchini,cucumber_zucchini,1,0,So this is how zucchini grows,zucchini|garden|south philly|backyard,4,"I didn't know, did you?"
n07716358_17306.JPEG,n07716358_17306,n07716358,zucchini,cucumber_zucchini,1,0,Grey Zucchini,zucchini,1,
n07716358_17346.JPEG,n07716358_17346,n07716358,zucchini,cucumber_zucchini,1,1,Globe Zucchinis,Food,1,
n07716358_17379.JPEG,n07716358_17379,n07716358,zucchini,cucumber_zucchini,1,0,Zucchini,Rome|Zucchini,2,
n07716358_17423.JPEG,n07716358_17423,n07716358,zucchini,cucumber_zucchini,0,0,,,0,
n07716358_17476.JPEG,n07716358_17476,n07716358,zucchini,cucumber_zucchini,1,1,Zucchini!!,Zucchini,1,"This is what happens when you get bored while making lasagna and have a camera handy.  Luckily I didn't take photos of all the veggies that went into the pot but, hey, things will probably change when I pick up my macro."
n07716358_17497.JPEG,n07716358_17497,n07716358,zucchini,cucumber_zucchini,0,0,,,0,
n07716358_17509.JPEG,n07716358_17509,n07716358,zucchini,cucumber_zucchini,1,0,Zucchini,Saint Mary of the Woods|White Violet Center|Garden|Zucchini,4,"We have great, delicious zucchini.  Some of them, when we don't pick for a couple of days (you really kind of need to look every day) they get huge...I have two in the kitchen.  I mean, The length of my forearm and twice as big around.  I call them Brutus.  "
n07716358_17523.JPEG,n07716358_17523,n07716358,zucchini,cucumber_zucchini,1,0,Austin loves zucchini...a little too much,austinriggs|zucchini,2,
n07716358_17573.JPEG,n07716358_17573,n07716358,zucchini,cucumber_zucchini,0,0,,,0,
n07716358_17583.JPEG,n07716358_17583,n07716358,zucchini,cucumber_zucchini,1,0,zucchini,zucchini|garden|plants|nature,4,
n07716358_17584.JPEG,n07716358_17584,n07716358,zucchini,cucumber_zucchini,0,0,,,0,
n07716358_17593.JPEG,n07716358_17593,n07716358,zucchini,cucumber_zucchini,0,0,,,0,
n07716358_17606.JPEG,n07716358_17606,n07716358,zucchini,cucumber_zucchini,0,0,,,0,
n07716358_17623.JPEG,n07716358_17623,n07716358,zucchini,cucumber_zucchini,1,0,Food glorious food...,Self sufficiency|courgette|grown by me,3,Courgette crop is no flourishing..next come the hens..
n07716358_17643.JPEG,n07716358_17643,n07716358,zucchini,cucumber_zucchini,0,0,,,0,
n07716358_17672.JPEG,n07716358_17672,n07716358,zucchini,cucumber_zucchini,0,1,,,0,
n07716358_17701.JPEG,n07716358_17701,n07716358,zucchini,cucumber_zucchini,0,1,,,0,
n07716358_17706.JPEG,n07716358_17706,n07716358,zucchini,cucumber_zucchini,0,0,,,0,
n07716358_1771.JPEG,n07716358_1771,n07716358,zucchini,cucumber_zucchini,0,0,,,0,
n07716358_17747.JPEG,n07716358_17747,n07716358,zucchini,cucumber_zucchini,0,0,,,0,
n07716358_17761.JPEG,n07716358_17761,n07716358,zucchini,cucumber_zucchini,1,0,6th Farmers Market of the Season,zucchini|produce|portland|oregon|food|farmersmarket|explored,7,"Hillsdale Farmers Market, August 9, 2008 I'm finally getting my cucumber fix that I've been hoping for all summer  :)"
n07716358_17776.JPEG,n07716358_17776,n07716358,zucchini,cucumber_zucchini,0,0,,,0,
n07716358_17789.JPEG,n07716358_17789,n07716358,zucchini,cucumber_zucchini,1,1,Zucchini,Zucchini|Farmer's Market|Andover|Minnesota,4,Andover Farmer's Market
n07716358_17809.JPEG,n07716358_17809,n07716358,zucchini,cucumber_zucchini,0,0,,,0,
n07716358_17859.JPEG,n07716358_17859,n07716358,zucchini,cucumber_zucchini,0,0,,,0,
n07716358_17878.JPEG,n07716358_17878,n07716358,zucchini,cucumber_zucchini,0,0,,,0,
n07716358_17916.JPEG,n07716358_17916,n07716358,zucchini,cucumber_zucchini,0,0,,,0,
n07716358_17936.JPEG,n07716358_17936,n07716358,zucchini,cucumber_zucchini,0,0,,,0,
n07716358_1796.JPEG,n07716358_1796,n07716358,zucchini,cucumber_zucchini,1,1,Zucchini Kid,zucchini|Summer|garden,3,We have millions...and millions. 
n07716358_17980.JPEG,n07716358_17980,n07716358,zucchini,cucumber_zucchini,1,0,zucchini,vegetables|zucchini|optioa40,3,
n07716358_1799.JPEG,n07716358_1799,n07716358,zucchini,cucumber_zucchini,1,1,"Zucchini, Garlic and Red Onion",September|2008|September 2008|Dinner|Pizza|I Made This|Whole Wheat Dough|Zucchini|Red Onions|Garlic|Mozzarella|Ham|Pizza Sauce|Pesto|Olive Oil,15,"Tonight for dinner I made pizzas, mostly from leftover ingredients in the fridge.  The first pizza had a red sauce, chopped ham and red onions topped with a bit of thyme at the end of baking.  The second pizza had a pesto and olive oil base with zucchini, red onion, garlic and fresh basil.  Both were topped with slim mozzarella.  Very yummy!"
n07716358_1800.JPEG,n07716358_1800,n07716358,zucchini,cucumber_zucchini,0,1,,,0,
n07716358_18011.JPEG,n07716358_18011,n07716358,zucchini,cucumber_zucchini,0,0,,,0,
n07716358_18058.JPEG,n07716358_18058,n07716358,zucchini,cucumber_zucchini,0,0,,,0,
n07716358_1808.JPEG,n07716358_1808,n07716358,zucchini,cucumber_zucchini,1,1,IMG_4434.JPG,courgettes,1,30th July 2006 courgettes from the garden lovely
n07716358_18090.JPEG,n07716358_18090,n07716358,zucchini,cucumber_zucchini,1,0,zucchinis and carrots on the griddle,River Festival|28th annual|zucchini|carrots|griddle|food|Charles River|Cambridge|Massachusetts|Z is for zucchini,10,It's truly a lot more fun to walk behind the food stalls and get a close-up of the action than standing in line in front.
n07716358_18119.JPEG,n07716358_18119,n07716358,zucchini,cucumber_zucchini,1,1,Zucchini 001,Zucchini,1,
n07716358_18134.JPEG,n07716358_18134,n07716358,zucchini,cucumber_zucchini,1,1,Da hat es auch noch Zucchini !,Gemüse|Zucchetti|plant|Pflanze|Zucchini,5,"Entschlossen....,es gibt einen Gemüseteller mit Kohlrabi, Karotten und Zucchini, dazu den Kopfsalat und gebratene Kartoffeln!"
n07716358_18144.JPEG,n07716358_18144,n07716358,zucchini,cucumber_zucchini,0,1,,,0,
n07716358_18167.JPEG,n07716358_18167,n07716358,zucchini,cucumber_zucchini,1,0,Zucchini and can,Zucchini|Gardeni,2,"I guess they are kind of big, maybe."
n07716358_18176.JPEG,n07716358_18176,n07716358,zucchini,cucumber_zucchini,0,0,,,0,
n07716358_18243.JPEG,n07716358_18243,n07716358,zucchini,cucumber_zucchini,0,0,,,0,
n07716358_18312.JPEG,n07716358_18312,n07716358,zucchini,cucumber_zucchini,0,0,,,0,
n07716358_18320.JPEG,n07716358_18320,n07716358,zucchini,cucumber_zucchini,1,0,First Zucchini,zucchini|squash|garden|home-grown,4,10 or so squash
n07716358_18324.JPEG,n07716358_18324,n07716358,zucchini,cucumber_zucchini,1,0,Camucia Zucchini,Zucchini|Camucia|Cortona|Italy|Market|Vegetables|Produce,7,
n07716358_18330.JPEG,n07716358_18330,n07716358,zucchini,cucumber_zucchini,1,0,Zucchinis in The Borough market. London,Zucchinis calabacines|Borough market|London Londres fruits frutas amarillo yellow|ABigFave|ColourArtAward,5,Este antiguo mercado londinense se celebra desde los tiempos de los romanos. Posiblemente es el más antiguo de la ciudad.
n07716358_18381.JPEG,n07716358_18381,n07716358,zucchini,cucumber_zucchini,1,0,four types of courgette and a chopping cucumber,,0,
n07716358_18390.JPEG,n07716358_18390,n07716358,zucchini,cucumber_zucchini,1,0,Zucchini!,zucchini|garden|vegetables,3,We can't keep up with all of the zucchini!  If anyone knows the best way to freeze zucchini please let me know!
n07716358_18410.JPEG,n07716358_18410,n07716358,zucchini,cucumber_zucchini,0,0,,,0,
n07716358_18421.JPEG,n07716358_18421,n07716358,zucchini,cucumber_zucchini,0,0,,,0,
n07716358_18437.JPEG,n07716358_18437,n07716358,zucchini,cucumber_zucchini,0,0,,,0,
n07716358_18491.JPEG,n07716358_18491,n07716358,zucchini,cucumber_zucchini,0,0,,,0,
n07716358_18492.JPEG,n07716358_18492,n07716358,zucchini,cucumber_zucchini,1,1,zucchini,zucchini,1,"Link to Recipe: <a href=""http://avenuefood.com/2006/09/27/italy-cant-wait-to-meet-ya.aspx"" rel=""noreferrer nofollow"">avenuefood.com/2006/09/27/italy-cant-wait-to-meet-ya.aspx</a>"
n07716358_18495.JPEG,n07716358_18495,n07716358,zucchini,cucumber_zucchini,0,0,,,0,
n07716358_18544.JPEG,n07716358_18544,n07716358,zucchini,cucumber_zucchini,0,0,,,0,
n07716358_1855.JPEG,n07716358_1855,n07716358,zucchini,cucumber_zucchini,0,0,,,0,
n07716358_18606.JPEG,n07716358_18606,n07716358,zucchini,cucumber_zucchini,1,0,Zucchini!,Zucchini,1,"My Aunt gave us two Zucchinis that they harvested from their garden (from <a href=""http://www.flickr.com/photos/joeysplanting/2417738711/"">plants</a> I gave them). These are larger than the one at the store, but the size we like to harvest them. I made some Zucchini Omelette with a quarter of this."
n07716358_18609.JPEG,n07716358_18609,n07716358,zucchini,cucumber_zucchini,0,0,,,0,
n07716358_18630.JPEG,n07716358_18630,n07716358,zucchini,cucumber_zucchini,0,0,,,0,
n07716358_18638.JPEG,n07716358_18638,n07716358,zucchini,cucumber_zucchini,0,0,,,0,
n07716358_18648.JPEG,n07716358_18648,n07716358,zucchini,cucumber_zucchini,0,0,,,0,
n07716358_18658.JPEG,n07716358_18658,n07716358,zucchini,cucumber_zucchini,1,1,ginormous zucchinis,gardening|food|zucchini|large,4,Yeah- and ginormous is now officially part of the English language.  Too bad the big one was wasted (see next photo)
n07716358_1866.JPEG,n07716358_1866,n07716358,zucchini,cucumber_zucchini,0,1,,,0,
n07716358_18791.JPEG,n07716358_18791,n07716358,zucchini,cucumber_zucchini,1,0,Zucchini!,farmers market|fresh|nature|market|zucchini|green|yellow,7,
n07716358_18815.JPEG,n07716358_18815,n07716358,zucchini,cucumber_zucchini,1,0,zucchini and squash,zucchini|squash|vegetable|veggies|food|yummy|yum|mmm,8,
n07716358_1882.JPEG,n07716358_1882,n07716358,zucchini,cucumber_zucchini,0,0,,,0,
n07716358_18825.JPEG,n07716358_18825,n07716358,zucchini,cucumber_zucchini,0,0,,,0,
n07716358_18828.JPEG,n07716358_18828,n07716358,zucchini,cucumber_zucchini,0,0,,,0,
n07716358_18848.JPEG,n07716358_18848,n07716358,zucchini,cucumber_zucchini,0,0,,,0,
n07716358_18929.JPEG,n07716358_18929,n07716358,zucchini,cucumber_zucchini,0,0,,,0,
n07716358_18974.JPEG,n07716358_18974,n07716358,zucchini,cucumber_zucchini,1,0,Conjoined zucchini,Cookies|zucchini|county|fair|backyard|tuberous|begonia,7,"My very first zucchini was this one, which was actually two fruits that joined toegether as they gree. I used it to make some zucchini bread for the Ventura County Fair."
n07716358_19007.JPEG,n07716358_19007,n07716358,zucchini,cucumber_zucchini,1,0,Zucchini season is here.,zucchini,1,
n07716358_19028.JPEG,n07716358_19028,n07716358,zucchini,cucumber_zucchini,1,0,Zucchini,"100-mile diet|locavore|zucchini|farmers market|Illinois Products Farmers' Market|Illinois|Sangamon County, Illinois|Springfield, Illinois|State Fairgrounds|Commodities Pavilion|2008",11,Zucchini
n07716358_19036.JPEG,n07716358_19036,n07716358,zucchini,cucumber_zucchini,0,0,,,0,
n07716358_19040.JPEG,n07716358_19040,n07716358,zucchini,cucumber_zucchini,0,1,,,0,
n07716358_19055.JPEG,n07716358_19055,n07716358,zucchini,cucumber_zucchini,1,1,Giant Zucchini,,0,"Hi all! I'm glad you are enjoying my zucchini child. I didn't grow him, my uncle did in his new high-tech organic garden. I hear the broccoli is monstrous, too. Anyway, I put up a <a href=""http://chairmanstef.blogspot.com/2007/06/zucchini-baby.html"" rel=""noreferrer nofollow"">post on my food blog Iron Stef</a> about the first thing I made out of this guy/. Zucchini bread, of course!"
n07716358_19072.JPEG,n07716358_19072,n07716358,zucchini,cucumber_zucchini,1,0,squash and zucchini,zucchini|squash|vegetable|veggies|food|yummy|yum|mmm,8,
n07716358_19113.JPEG,n07716358_19113,n07716358,zucchini,cucumber_zucchini,1,0,0610 zucchini,food|fruit & veg|repetition|green|vegetables|gold|zucchini,7,
n07716358_19157.JPEG,n07716358_19157,n07716358,zucchini,cucumber_zucchini,0,0,,,0,
n07716358_19214.JPEG,n07716358_19214,n07716358,zucchini,cucumber_zucchini,0,0,,,0,
n07716358_1925.JPEG,n07716358_1925,n07716358,zucchini,cucumber_zucchini,0,0,,,0,
n07716358_19281.JPEG,n07716358_19281,n07716358,zucchini,cucumber_zucchini,0,0,,,0,
n07716358_19290.JPEG,n07716358_19290,n07716358,zucchini,cucumber_zucchini,0,0,,,0,
n07716358_19344.JPEG,n07716358_19344,n07716358,zucchini,cucumber_zucchini,0,0,,,0,
n07716358_19383.JPEG,n07716358_19383,n07716358,zucchini,cucumber_zucchini,1,0,Zucchinis / Courgette / kishu'im / קשואים,israel|fruit|vegetables|nuts|israel fruit|shuk|machaneh yehuda|jerusalem|color|colour|colors|colours|fruit n veg|veg,14,"Photo Name/Desciption is in English / Transliterated Hebrew / Hebrew Picture taken at Machaneh Yehudah Shuk (Market) in Jerusalem."
n07716358_19384.JPEG,n07716358_19384,n07716358,zucchini,cucumber_zucchini,1,0,zucchini,Los|Altos|California|The Garden|Robleda|bicycle|green|zucchini|squash,9,
n07716358_19387.JPEG,n07716358_19387,n07716358,zucchini,cucumber_zucchini,0,0,,,0,
n07716358_19395.JPEG,n07716358_19395,n07716358,zucchini,cucumber_zucchini,1,0,Chopping zucchini,food|zucchini|knife|chopping|dilo|dilosept06|home,7,
n07716358_19448.JPEG,n07716358_19448,n07716358,zucchini,cucumber_zucchini,0,0,,,0,
n07716358_19461.JPEG,n07716358_19461,n07716358,zucchini,cucumber_zucchini,0,0,,,0,
n07716358_19522.JPEG,n07716358_19522,n07716358,zucchini,cucumber_zucchini,1,0,"cukes, zucchini, squash",cucumbers|zucchini|summer|squash,4,
n07716358_19528.JPEG,n07716358_19528,n07716358,zucchini,cucumber_zucchini,0,1,,,0,
n07716358_19623.JPEG,n07716358_19623,n07716358,zucchini,cucumber_zucchini,1,0,Zucchini,garden|gardening|backyard|squash|zucchini|summer squash,6,Harvested from the garden!
n07716358_19627.JPEG,n07716358_19627,n07716358,zucchini,cucumber_zucchini,1,1,zucchini flowers -- fiori di zucchine,italy|venice|market|rialtomarket|veggies|vegetables|food|zucchini|zucchiniflowers|fioridizucchine,10,"from the rialto market, venice."
n07716358_19641.JPEG,n07716358_19641,n07716358,zucchini,cucumber_zucchini,0,0,,,0,
n07716358_19674.JPEG,n07716358_19674,n07716358,zucchini,cucumber_zucchini,0,1,,,0,
n07716358_19697.JPEG,n07716358_19697,n07716358,zucchini,cucumber_zucchini,1,1,zucchini,zucchini|august|garden,3,"at the other end, more and more zucchini"
n07716358_19743.JPEG,n07716358_19743,n07716358,zucchini,cucumber_zucchini,1,0,Uxbridge Road veg,Peppers|chillies|habanero chillies|courgettes|Uxbridge Road|Ealing|London W5,7,
n07716358_19754.JPEG,n07716358_19754,n07716358,zucchini,cucumber_zucchini,0,0,,,0,
n07716358_19761.JPEG,n07716358_19761,n07716358,zucchini,cucumber_zucchini,0,0,,,0,
n07716358_19771.JPEG,n07716358_19771,n07716358,zucchini,cucumber_zucchini,0,0,,,0,
n07716358_19792.JPEG,n07716358_19792,n07716358,zucchini,cucumber_zucchini,1,0,zucchini,karinhodginjones|hodginjones,2,I haven't picked the zucchini in about 4 days and I am overrun with gigantic produce.
n07716358_19819.JPEG,n07716358_19819,n07716358,zucchini,cucumber_zucchini,0,0,,,0,
n07716358_19863.JPEG,n07716358_19863,n07716358,zucchini,cucumber_zucchini,0,0,,,0,
n07716358_19873.JPEG,n07716358_19873,n07716358,zucchini,cucumber_zucchini,0,0,,,0,
n07716358_19875.JPEG,n07716358_19875,n07716358,zucchini,cucumber_zucchini,0,0,,,0,
n07716358_19973.JPEG,n07716358_19973,n07716358,zucchini,cucumber_zucchini,0,0,,,0,
n07716358_20005.JPEG,n07716358_20005,n07716358,zucchini,cucumber_zucchini,0,0,,,0,
n07716358_20014.JPEG,n07716358_20014,n07716358,zucchini,cucumber_zucchini,1,0,Zucchini,zucchini|zucchinis|squash|garden|gardens|outdoors|nature,7,
n07716358_20097.JPEG,n07716358_20097,n07716358,zucchini,cucumber_zucchini,0,0,,,0,
n07716358_20147.JPEG,n07716358_20147,n07716358,zucchini,cucumber_zucchini,0,0,,,0,
n07716358_20148.JPEG,n07716358_20148,n07716358,zucchini,cucumber_zucchini,1,0,Zucchini plant,zucchini,1,
n07716358_20152.JPEG,n07716358_20152,n07716358,zucchini,cucumber_zucchini,0,0,,,0,
n07716358_2017.JPEG,n07716358_2017,n07716358,zucchini,cucumber_zucchini,0,1,,,0,
n07716358_20182.JPEG,n07716358_20182,n07716358,zucchini,cucumber_zucchini,1,0,"zucchini, cheddar, onions, mushrooms, ground beef",zucchini-mushroom|soup,2,
n07716358_20189.JPEG,n07716358_20189,n07716358,zucchini,cucumber_zucchini,0,1,,,0,
n07716358_20199.JPEG,n07716358_20199,n07716358,zucchini,cucumber_zucchini,1,0,#1275 zucchini (ズキーニ),zucchini|ズキーニ|Seta|瀬田五丁目|Setagaya-ku|世田谷区|東京|geo:lat=35.624957|geo:lon=139.624563|geotagged|green|Tokyo|Tōkyō,13,
n07716358_20226.JPEG,n07716358_20226,n07716358,zucchini,cucumber_zucchini,0,0,,,0,
n07716358_20248.JPEG,n07716358_20248,n07716358,zucchini,cucumber_zucchini,1,0,Zucchini,vegan|vegetarian|home|made|home made|food|zucchini|grilled|DN,9,Grilled zucchini.
n07716358_20256.JPEG,n07716358_20256,n07716358,zucchini,cucumber_zucchini,1,0,Courgette,veg|courgette|green|garden|zucchini|BBC Gardeners' World|vegetable,7,
n07716358_20274.JPEG,n07716358_20274,n07716358,zucchini,cucumber_zucchini,0,1,,,0,
n07716358_2031.JPEG,n07716358_2031,n07716358,zucchini,cucumber_zucchini,0,0,,,0,
n07716358_20318.JPEG,n07716358_20318,n07716358,zucchini,cucumber_zucchini,0,0,,,0,
n07716358_20337.JPEG,n07716358_20337,n07716358,zucchini,cucumber_zucchini,1,1,Zucchini,garden|Container Garden|Urban Garden|vegetables|zucchini|squash|brooklyn|back yard,8,"This has grown pretty fast. Taken on July 13, 2007"
n07716358_20398.JPEG,n07716358_20398,n07716358,zucchini,cucumber_zucchini,0,1,,,0,
n07716358_20401.JPEG,n07716358_20401,n07716358,zucchini,cucumber_zucchini,0,0,,,0,
n07716358_20411.JPEG,n07716358_20411,n07716358,zucchini,cucumber_zucchini,1,1,Z zucchini,market|zucchini,2,"26 Things, New Brunswick, Canada"
n07716358_20428.JPEG,n07716358_20428,n07716358,zucchini,cucumber_zucchini,0,0,,,0,
n07716358_20501.JPEG,n07716358_20501,n07716358,zucchini,cucumber_zucchini,0,1,,,0,
n07716358_2051.JPEG,n07716358_2051,n07716358,zucchini,cucumber_zucchini,0,0,,,0,
n07716358_2053.JPEG,n07716358_2053,n07716358,zucchini,cucumber_zucchini,0,0,,,0,
n07716358_20543.JPEG,n07716358_20543,n07716358,zucchini,cucumber_zucchini,0,0,,,0,
n07716358_20578.JPEG,n07716358_20578,n07716358,zucchini,cucumber_zucchini,1,0,Sliced zucchini 2,zucchini|courgette|green|white|vegetable|chopped|sliced|cooking|soup|macro|closeup,11,Chopping vegies to make soup
n07716358_20648.JPEG,n07716358_20648,n07716358,zucchini,cucumber_zucchini,1,1,Kid with a zucchini,zucchini|myrtleedwardspark|hempfest,3,He tried to give the zucchini away to me after I took this picture.  
n07716358_2068.JPEG,n07716358_2068,n07716358,zucchini,cucumber_zucchini,1,0,a green club or a zucchini from mom's garden,zucchini|large vegetables,2,
n07716358_20693.JPEG,n07716358_20693,n07716358,zucchini,cucumber_zucchini,1,0,zucchini salad,Greece|Greek|greekcuisine|cuisine|food|greekfood|mom's|zucchini|Europe|EU|Hellas|Ellada|Ελλάς|Ελλάδα,14,
n07716358_20716.JPEG,n07716358_20716,n07716358,zucchini,cucumber_zucchini,0,0,,,0,
n07716358_20722.JPEG,n07716358_20722,n07716358,zucchini,cucumber_zucchini,0,0,,,0,
n07716358_20731.JPEG,n07716358_20731,n07716358,zucchini,cucumber_zucchini,1,0,Round Zucchini,round zucchini|green|yellow|summer|market|food,6,They're so cute and compact that I'm tempted to grow some of my own
n07716358_20759.JPEG,n07716358_20759,n07716358,zucchini,cucumber_zucchini,0,0,,,0,
n07716358_20764.JPEG,n07716358_20764,n07716358,zucchini,cucumber_zucchini,0,0,,,0,
n07716358_20772.JPEG,n07716358_20772,n07716358,zucchini,cucumber_zucchini,0,0,,,0,
n07716358_2082.JPEG,n07716358_2082,n07716358,zucchini,cucumber_zucchini,0,0,,,0,
n07716358_20825.JPEG,n07716358_20825,n07716358,zucchini,cucumber_zucchini,0,0,,,0,
n07716358_20828.JPEG,n07716358_20828,n07716358,zucchini,cucumber_zucchini,0,0,,,0,
n07716358_20866.JPEG,n07716358_20866,n07716358,zucchini,cucumber_zucchini,0,0,,,0,
n07716358_20877.JPEG,n07716358_20877,n07716358,zucchini,cucumber_zucchini,1,0,Zucchini,lexington|massachusetts|farm|wilson farms|wilsons farm|farmstand|summer|harvest|vegetables|zucchini|bostonist,11,Once more to Wilson Farms in Lexington.
n07716358_20900.JPEG,n07716358_20900,n07716358,zucchini,cucumber_zucchini,0,0,,,0,
n07716358_20917.JPEG,n07716358_20917,n07716358,zucchini,cucumber_zucchini,1,1,zucchini!,chad|heather|cheather|zucchini|they ate it,5,"umm, yeah. chad &amp; heather grew that zucchini in their backyard.  that's crazy!!"
n07716358_20927.JPEG,n07716358_20927,n07716358,zucchini,cucumber_zucchini,0,0,,,0,
n07716358_20943.JPEG,n07716358_20943,n07716358,zucchini,cucumber_zucchini,1,0,"Zucchini, Chinatown market",Industar|Industar50|FED|Chinatown|zucchini|Spadina,6,
n07716358_20964.JPEG,n07716358_20964,n07716358,zucchini,cucumber_zucchini,1,1,Zucchini patch,zucchini|zucchini patch|bird|budgie|parrot|green|parakeet|cmwd_green|featheryfriday,9,
n07716358_20994.JPEG,n07716358_20994,n07716358,zucchini,cucumber_zucchini,1,0,Battleship of a zucchini,Pentax K20d|Tamron 28-75mm f2.8|zucchini|5 pounds|garden,5,Amazing what you find in the garden (over 5 lbs)
n07716358_20999.JPEG,n07716358_20999,n07716358,zucchini,cucumber_zucchini,0,0,,,0,
n07716358_21046.JPEG,n07716358_21046,n07716358,zucchini,cucumber_zucchini,0,0,,,0,
n07716358_21091.JPEG,n07716358_21091,n07716358,zucchini,cucumber_zucchini,0,0,,,0,
n07716358_21188.JPEG,n07716358_21188,n07716358,zucchini,cucumber_zucchini,0,0,,,0,
n07716358_21190.JPEG,n07716358_21190,n07716358,zucchini,cucumber_zucchini,1,0,zucchini,zucchini,1,
n07716358_21194.JPEG,n07716358_21194,n07716358,zucchini,cucumber_zucchini,0,0,,,0,
n07716358_21207.JPEG,n07716358_21207,n07716358,zucchini,cucumber_zucchini,1,1,Zucchini for one,Zucchini|squash|food|vegetable,4,Ready to be sliced and fried in butter and salt and pepper for dinner.  This came from my nephew Nick's little garden at my business.
n07716358_21220.JPEG,n07716358_21220,n07716358,zucchini,cucumber_zucchini,1,0,Zucchini,Zucchini,1,
n07716358_21235.JPEG,n07716358_21235,n07716358,zucchini,cucumber_zucchini,1,0,Zucchinis / Courgette / kishu'im / קשואים,israel|fruit|vegetables|nuts|israel fruit|shuk|machaneh yehuda|jerusalem|color|colour|colors|colours|fruit n veg|veg,14,"Photo Name/Desciption is in English / Transliterated Hebrew / Hebrew Picture taken at Machaneh Yehudah Shuk (Market) in Jerusalem."
n07716358_21256.JPEG,n07716358_21256,n07716358,zucchini,cucumber_zucchini,1,0,White Zucchini,Randazzos|vegetables|freshproduce|produce|food|Michigan|zucchini|whitezucchini,8,"February 23, 2007.  IMG_4407b"
n07716358_21268.JPEG,n07716358_21268,n07716358,zucchini,cucumber_zucchini,0,0,,,0,
n07716358_2131.JPEG,n07716358_2131,n07716358,zucchini,cucumber_zucchini,0,0,,,0,
n07716358_21329.JPEG,n07716358_21329,n07716358,zucchini,cucumber_zucchini,0,0,,,0,
n07716358_21387.JPEG,n07716358_21387,n07716358,zucchini,cucumber_zucchini,1,1,The largest zucchini I've seen,monster zucchini|cat|cats|kitten|kittens,5,"A four pound zucchini, almost the size of my small cat"
n07716358_21466.JPEG,n07716358_21466,n07716358,zucchini,cucumber_zucchini,0,0,,,0,
n07716358_21528.JPEG,n07716358_21528,n07716358,zucchini,cucumber_zucchini,0,0,,,0,
n07716358_21627.JPEG,n07716358_21627,n07716358,zucchini,cucumber_zucchini,0,0,,,0,
n07716358_21641.JPEG,n07716358_21641,n07716358,zucchini,cucumber_zucchini,0,0,,,0,
n07716358_21657.JPEG,n07716358_21657,n07716358,zucchini,cucumber_zucchini,0,0,,,0,
n07716358_21682.JPEG,n07716358_21682,n07716358,zucchini,cucumber_zucchini,0,0,,,0,
n07716358_21693.JPEG,n07716358_21693,n07716358,zucchini,cucumber_zucchini,0,1,,,0,
n07716358_21703.JPEG,n07716358_21703,n07716358,zucchini,cucumber_zucchini,1,0,Zucchini--nature's pattern,garden|flowers|zucchini,3,
n07716358_21715.JPEG,n07716358_21715,n07716358,zucchini,cucumber_zucchini,0,0,,,0,
n07716358_21743.JPEG,n07716358_21743,n07716358,zucchini,cucumber_zucchini,0,0,,,0,
n07716358_21756.JPEG,n07716358_21756,n07716358,zucchini,cucumber_zucchini,0,0,,,0,
n07716358_21764.JPEG,n07716358_21764,n07716358,zucchini,cucumber_zucchini,0,0,,,0,
n07716358_2177.JPEG,n07716358_2177,n07716358,zucchini,cucumber_zucchini,1,0,Zucchini 1/2,dekonstruktor|color|macro|food|green|zucchini|knife|vegetables|stuff|items|slices,11,i really can't decide which of the two zucchini photos should i put here so i am going with both :)
n07716358_21788.JPEG,n07716358_21788,n07716358,zucchini,cucumber_zucchini,0,1,,,0,
n07716358_21796.JPEG,n07716358_21796,n07716358,zucchini,cucumber_zucchini,0,0,,,0,
n07716358_21797.JPEG,n07716358_21797,n07716358,zucchini,cucumber_zucchini,1,0,Cucumber and zucchini measurement redux,,0,"<a href=""http://www.flickr.com/photos/hollen/202815335/in/set-72057594103930203/"">Last year</a>. The zucchini this year was bigger, but the cucumber was smaller, thanks to borers. "
n07716358_21828.JPEG,n07716358_21828,n07716358,zucchini,cucumber_zucchini,1,1,Boy with Biggest Zucchini Ever,zucchini|boy,2,
n07716358_21830.JPEG,n07716358_21830,n07716358,zucchini,cucumber_zucchini,1,0,zucchini,Canon Digital Rebel|zucchini,2,
n07716358_21876.JPEG,n07716358_21876,n07716358,zucchini,cucumber_zucchini,1,0,first zucchini,G7|garden|zucchini,3,
n07716358_21892.JPEG,n07716358_21892,n07716358,zucchini,cucumber_zucchini,1,0,Zucchini,Canon 5D|food|Tamron SP AF 180mm f/3.5 Di LD (IF) Macro|vegetable|zucchini|green|courgette,7,Mirror mirror on the floor.....
n07716358_21911.JPEG,n07716358_21911,n07716358,zucchini,cucumber_zucchini,0,0,,,0,
n07716358_21921.JPEG,n07716358_21921,n07716358,zucchini,cucumber_zucchini,0,0,,,0,
n07716358_21929.JPEG,n07716358_21929,n07716358,zucchini,cucumber_zucchini,1,1,Home grown zucchini,zucchini|mung|bean|sprouts|soy|sauce|oyster|egg|fried|rice|chopsticks|vegetable|recipe|dinner|lunch|joyful|abode,17,
n07716358_21956.JPEG,n07716358_21956,n07716358,zucchini,cucumber_zucchini,0,0,,,0,
n07716358_2196.JPEG,n07716358_2196,n07716358,zucchini,cucumber_zucchini,0,0,,,0,
n07716358_21966.JPEG,n07716358_21966,n07716358,zucchini,cucumber_zucchini,1,0,Zucchini,slice|slices|zucchini|hand|knife|cutting|cut|slicing|board,9,
n07716358_21997.JPEG,n07716358_21997,n07716358,zucchini,cucumber_zucchini,0,0,,,0,
n07716358_21999.JPEG,n07716358_21999,n07716358,zucchini,cucumber_zucchini,0,0,,,0,
n07716358_220.JPEG,n07716358_220,n07716358,zucchini,cucumber_zucchini,1,1,zucchini 004,zucchini|vegetable|big|huge|giant|Avi,6,He dressed himself.
n07716358_22000.JPEG,n07716358_22000,n07716358,zucchini,cucumber_zucchini,0,0,,,0,
n07716358_22002.JPEG,n07716358_22002,n07716358,zucchini,cucumber_zucchini,0,0,,,0,
n07716358_22008.JPEG,n07716358_22008,n07716358,zucchini,cucumber_zucchini,1,0,Zucchini,zucchini|garden,2,The first zucchini from our garden
n07716358_22064.JPEG,n07716358_22064,n07716358,zucchini,cucumber_zucchini,0,0,,,0,
n07716358_22128.JPEG,n07716358_22128,n07716358,zucchini,cucumber_zucchini,0,0,,,0,
n07716358_22135.JPEG,n07716358_22135,n07716358,zucchini,cucumber_zucchini,1,0,zucchini.jpg,zucchini,1,"Zucchini found under the small one. She was so big, that she was nearly invisible ;-)"
n07716358_2214.JPEG,n07716358_2214,n07716358,zucchini,cucumber_zucchini,0,0,,,0,
n07716358_22212.JPEG,n07716358_22212,n07716358,zucchini,cucumber_zucchini,1,1,zen & zucchini,zucchini|food|squash|summer|vegetable|large|green|nature|outdoors|zen|tree|nutritious|organic|branch|delicious|healthy|color|picked|macro|close-up|texture|still life|outside|eat|eating|healthy eating|ready|grown|big|still|huge|daytime|sunlight|shadow|pattern|blacqbook|toronto|ilovenature,38,a freshly picked organic zucchini takes in some sun
n07716358_22242.JPEG,n07716358_22242,n07716358,zucchini,cucumber_zucchini,0,1,,,0,
n07716358_22354.JPEG,n07716358_22354,n07716358,zucchini,cucumber_zucchini,0,0,,,0,
n07716358_22387.JPEG,n07716358_22387,n07716358,zucchini,cucumber_zucchini,0,0,,,0,
n07716358_22402.JPEG,n07716358_22402,n07716358,zucchini,cucumber_zucchini,0,0,,,0,
n07716358_2242.JPEG,n07716358_2242,n07716358,zucchini,cucumber_zucchini,1,0,Gold Rush Zucchini Texture,Zucchini,1,"I pulled out our Gold Rush Zucchini because it was dying off (and I didn't really like the fruits)... but before I did, I noticed its texture and photographed it.  <i><a href=""http://joeysplanting.livejournal.com/75204.html"" rel=""noreferrer nofollow"">Blog Entry</a></i>"
n07716358_22440.JPEG,n07716358_22440,n07716358,zucchini,cucumber_zucchini,0,0,,,0,
n07716358_22465.JPEG,n07716358_22465,n07716358,zucchini,cucumber_zucchini,1,0,Season's first zucchini,zucchini,1,Planted ~June 12. Picked July 19 2006
n07716358_22471.JPEG,n07716358_22471,n07716358,zucchini,cucumber_zucchini,0,0,,,0,
n07716358_2249.JPEG,n07716358_2249,n07716358,zucchini,cucumber_zucchini,0,0,,,0,
n07716358_2251.JPEG,n07716358_2251,n07716358,zucchini,cucumber_zucchini,0,0,,,0,
n07716358_22521.JPEG,n07716358_22521,n07716358,zucchini,cucumber_zucchini,0,0,,,0,
n07716358_22588.JPEG,n07716358_22588,n07716358,zucchini,cucumber_zucchini,0,1,,,0,
n07716358_2262.JPEG,n07716358_2262,n07716358,zucchini,cucumber_zucchini,0,0,,,0,
n07716358_22640.JPEG,n07716358_22640,n07716358,zucchini,cucumber_zucchini,0,1,,,0,
n07716358_22647.JPEG,n07716358_22647,n07716358,zucchini,cucumber_zucchini,0,1,,,0,
n07716358_22655.JPEG,n07716358_22655,n07716358,zucchini,cucumber_zucchini,0,0,,,0,
n07716358_22680.JPEG,n07716358_22680,n07716358,zucchini,cucumber_zucchini,0,1,,,0,
n07716358_22696.JPEG,n07716358_22696,n07716358,zucchini,cucumber_zucchini,0,0,,,0,
n07716358_22750.JPEG,n07716358_22750,n07716358,zucchini,cucumber_zucchini,0,0,,,0,
n07716358_22926.JPEG,n07716358_22926,n07716358,zucchini,cucumber_zucchini,0,0,,,0,
n07716358_22955.JPEG,n07716358_22955,n07716358,zucchini,cucumber_zucchini,1,1,Zucchini,vegan|früchte|fruits|zucchini|legumes|fruta|cru|cruda,8,
n07716358_22988.JPEG,n07716358_22988,n07716358,zucchini,cucumber_zucchini,1,0,freshly picked zucchini,zucchini|vegetable,2,
n07716358_22997.JPEG,n07716358_22997,n07716358,zucchini,cucumber_zucchini,0,1,,,0,
n07716358_22999.JPEG,n07716358_22999,n07716358,zucchini,cucumber_zucchini,1,0,Sliced Zucchini,zucchini|vegetable|spring|salad|recipe|cook,6,"Spring is Here.  See what I did with this by visiting my website, <a href=""http://www.sweetnicks.com"" rel=""noreferrer nofollow"">Sweetnicks</a>.  It became Salad Ole."
n07716358_23004.JPEG,n07716358_23004,n07716358,zucchini,cucumber_zucchini,1,0,organic veg delivery 14.09.06,organic|vegetables|box scheme|potatoes|carrots|runner beans|cabbage|corn|sweetcorn|leek|beets|beetroot|courgette|zuchinni,14,"potatoes, carrots, runner beans, cabbage, sweetcorn, leek, beetroots, and a courgette"
n07716358_23052.JPEG,n07716358_23052,n07716358,zucchini,cucumber_zucchini,0,0,,,0,
n07716358_23080.JPEG,n07716358_23080,n07716358,zucchini,cucumber_zucchini,0,0,,,0,
n07716358_23096.JPEG,n07716358_23096,n07716358,zucchini,cucumber_zucchini,0,0,,,0,
n07716358_23104.JPEG,n07716358_23104,n07716358,zucchini,cucumber_zucchini,0,0,,,0,
n07716358_23109.JPEG,n07716358_23109,n07716358,zucchini,cucumber_zucchini,1,1,Zucchini as a Worm Might See it,worm's eye view|vine|vegetable|green is beautiful|green|zucchini|from below|on the ground|garden|my garden|catchy colors|lowdown|GreenMontanaSet|VibrantMontanaSet|utata_food|plants|plant|nature|everything is alive|plants have spirit|Botanica: Wild & Tame|botanica,22,"This is part of the set,<a href=""http://www.flickr.com/photos/montanaraven/sets/280416/"">Home &amp; Studio here</a>"
n07716358_23152.JPEG,n07716358_23152,n07716358,zucchini,cucumber_zucchini,1,0,Mushroom Stuffed Zucchini,Mushroom Stuffed Zucchini|Mushroom|Zucchini|plate|food|fork|hot,7,"See the blog post for more info: <a href=""http://kissmyartichoke.wordpress.com/"" rel=""noreferrer nofollow"">kissmyartichoke.wordpress.com/</a>"
n07716358_23157.JPEG,n07716358_23157,n07716358,zucchini,cucumber_zucchini,0,0,,,0,
n07716358_23166.JPEG,n07716358_23166,n07716358,zucchini,cucumber_zucchini,1,0,First Zucchini,garden 2008|zucchini,2,
n07716358_23240.JPEG,n07716358_23240,n07716358,zucchini,cucumber_zucchini,1,0,Giant zucchini,zucchini|vegetables|veggies,3,
n07716358_23253.JPEG,n07716358_23253,n07716358,zucchini,cucumber_zucchini,1,1,Zucchini,canon|350d|garden|green|zucchini,5,
n07716358_23256.JPEG,n07716358_23256,n07716358,zucchini,cucumber_zucchini,0,1,,,0,
n07716358_23311.JPEG,n07716358_23311,n07716358,zucchini,cucumber_zucchini,0,0,,,0,
n07716358_23357.JPEG,n07716358_23357,n07716358,zucchini,cucumber_zucchini,1,1,The gardens contribution to last nights tea!,Deformed carrot|beetroot|rosemary|mint|courgette|onions garden fresh fruit veg,6,The gardens contribution to last nights tea - the freshest veg and herbs are by far the tastiest!!
n07716358_23416.JPEG,n07716358_23416,n07716358,zucchini,cucumber_zucchini,1,0,zucchini,zucchini,1,four gigantic zucchini I harvested. the smallest of the four measures 13.5&quot; the longest was 17&quot;
n07716358_23537.JPEG,n07716358_23537,n07716358,zucchini,cucumber_zucchini,0,0,,,0,
n07716358_23553.JPEG,n07716358_23553,n07716358,zucchini,cucumber_zucchini,0,0,,,0,
n07716358_2360.JPEG,n07716358_2360,n07716358,zucchini,cucumber_zucchini,1,0,Courgette,vegetable| courgette| yellow,3,But what a strange shape!!
n07716358_23601.JPEG,n07716358_23601,n07716358,zucchini,cucumber_zucchini,0,0,,,0,
n07716358_23690.JPEG,n07716358_23690,n07716358,zucchini,cucumber_zucchini,0,0,,,0,
n07716358_2372.JPEG,n07716358_2372,n07716358,zucchini,cucumber_zucchini,0,0,,,0,
n07716358_23771.JPEG,n07716358_23771,n07716358,zucchini,cucumber_zucchini,0,0,,,0,
n07716358_23815.JPEG,n07716358_23815,n07716358,zucchini,cucumber_zucchini,0,0,,,0,
n07716358_2384.JPEG,n07716358_2384,n07716358,zucchini,cucumber_zucchini,0,1,,,0,
n07716358_23846.JPEG,n07716358_23846,n07716358,zucchini,cucumber_zucchini,1,1,garden #2567: zucchini,zucchini|macro|Burlington|Vermont|VT|05401|garden,7,"<a href=""http://flickr.com/photos/found_drama/577677592/in/set-72157600157045757/"">Compare with</a>..."
n07716358_23881.JPEG,n07716358_23881,n07716358,zucchini,cucumber_zucchini,0,0,,,0,
n07716358_239.JPEG,n07716358_239,n07716358,zucchini,cucumber_zucchini,0,0,,,0,
n07716358_23903.JPEG,n07716358_23903,n07716358,zucchini,cucumber_zucchini,0,0,,,0,
n07716358_23910.JPEG,n07716358_23910,n07716358,zucchini,cucumber_zucchini,0,0,,,0,
n07716358_23960.JPEG,n07716358_23960,n07716358,zucchini,cucumber_zucchini,1,0,baby zucchini,zucchini,1,For Red Cat Quick Zucchini Saute
n07716358_24037.JPEG,n07716358_24037,n07716358,zucchini,cucumber_zucchini,0,0,,,0,
n07716358_24136.JPEG,n07716358_24136,n07716358,zucchini,cucumber_zucchini,1,1,Zucchini oh how you grow,1st Garden|Squash|pumpkins|Zucchini|tomato,5,
n07716358_24138.JPEG,n07716358_24138,n07716358,zucchini,cucumber_zucchini,0,0,,,0,
n07716358_24142.JPEG,n07716358_24142,n07716358,zucchini,cucumber_zucchini,1,1,How do you like your zucchini?,zucchini|garden|vegetable|organic,4,All from my garden!
n07716358_24177.JPEG,n07716358_24177,n07716358,zucchini,cucumber_zucchini,0,0,,,0,
n07716358_24200.JPEG,n07716358_24200,n07716358,zucchini,cucumber_zucchini,1,0,funny courgette,veg|courgette|neglect|rain ruining garden|rude veg,5,"been neglecting the garden recently because of the rain so I didn't pick this courgette early enough and well, it's gone a bit odd..."
n07716358_24230.JPEG,n07716358_24230,n07716358,zucchini,cucumber_zucchini,1,0,Farmers' Market - IMG_2542a,Farmers'|Market|farmer|mercado|california|West Hollywood|Los Angeles|zucchini|vegetable|fruit|vegetales|frutas,12,"Farmers' Market. USA, California, West Hollywood. 26 May 2008. Flowering Zucchini, Abobrinhas (Cucurbita pepo)."
n07716358_24261.JPEG,n07716358_24261,n07716358,zucchini,cucumber_zucchini,0,1,,,0,
n07716358_24309.JPEG,n07716358_24309,n07716358,zucchini,cucumber_zucchini,1,0,"""Self made zucchini!""",Pflanzen|plants|fuji|s6500fd|Zucchini,5,Selbst angebaute Zucchini!
n07716358_24380.JPEG,n07716358_24380,n07716358,zucchini,cucumber_zucchini,0,0,,,0,
n07716358_24384.JPEG,n07716358_24384,n07716358,zucchini,cucumber_zucchini,0,0,,,0,
n07716358_24419.JPEG,n07716358_24419,n07716358,zucchini,cucumber_zucchini,0,0,,,0,
n07716358_24443.JPEG,n07716358_24443,n07716358,zucchini,cucumber_zucchini,0,1,,,0,
n07716358_24451.JPEG,n07716358_24451,n07716358,zucchini,cucumber_zucchini,0,0,,,0,
n07716358_24456.JPEG,n07716358_24456,n07716358,zucchini,cucumber_zucchini,0,0,,,0,
n07716358_24460.JPEG,n07716358_24460,n07716358,zucchini,cucumber_zucchini,1,0,zucchini,cooking|vegetables|ratatouille|zucchini,4,
n07716358_24466.JPEG,n07716358_24466,n07716358,zucchini,cucumber_zucchini,0,0,,,0,
n07716358_24469.JPEG,n07716358_24469,n07716358,zucchini,cucumber_zucchini,0,0,,,0,
n07716358_2449.JPEG,n07716358_2449,n07716358,zucchini,cucumber_zucchini,0,1,,,0,
n07716358_24497.JPEG,n07716358_24497,n07716358,zucchini,cucumber_zucchini,0,0,,,0,
n07716358_24518.JPEG,n07716358_24518,n07716358,zucchini,cucumber_zucchini,1,1,Bob's Zucchini,zucchini,1,"He didn't know they weren't supposed to be that big. We cut this one up and put it on the deck for birds and squirrels, because we didn't think it'd be very good - Diana said it'd be hollow and seedy - but it wasn't too bad! I hope the animals enjoy it. "
n07716358_24522.JPEG,n07716358_24522,n07716358,zucchini,cucumber_zucchini,0,0,,,0,
n07716358_24549.JPEG,n07716358_24549,n07716358,zucchini,cucumber_zucchini,0,0,,,0,
n07716358_24617.JPEG,n07716358_24617,n07716358,zucchini,cucumber_zucchini,0,0,,,0,
n07716358_24670.JPEG,n07716358_24670,n07716358,zucchini,cucumber_zucchini,1,0,zucchini,zucchini,1,
n07716358_24685.JPEG,n07716358_24685,n07716358,zucchini,cucumber_zucchini,1,0,excess zucchini,garden|zucchini|excess|wheelbarrow|idaho,5,going to the goats
n07716358_24734.JPEG,n07716358_24734,n07716358,zucchini,cucumber_zucchini,1,0,giant zucchini,food|green|vegetable|zucchini,4,
n07716358_24771.JPEG,n07716358_24771,n07716358,zucchini,cucumber_zucchini,0,0,,,0,
n07716358_24772.JPEG,n07716358_24772,n07716358,zucchini,cucumber_zucchini,1,0,syphalitic zucchini,garden|dying|zucchini,3,"it looks like our first zucchini isn't going to make it, though."
n07716358_24822.JPEG,n07716358_24822,n07716358,zucchini,cucumber_zucchini,1,0,P1010010,,0,Zucchini
n07716358_24847.JPEG,n07716358_24847,n07716358,zucchini,cucumber_zucchini,0,0,,,0,
n07716358_24884.JPEG,n07716358_24884,n07716358,zucchini,cucumber_zucchini,0,0,,,0,
n07716358_2489.JPEG,n07716358_2489,n07716358,zucchini,cucumber_zucchini,0,0,,,0,
n07716358_24890.JPEG,n07716358_24890,n07716358,zucchini,cucumber_zucchini,1,0,zucchini,zucchini|up-close|close-up|green,4,
n07716358_24896.JPEG,n07716358_24896,n07716358,zucchini,cucumber_zucchini,0,1,,,0,
n07716358_24915.JPEG,n07716358_24915,n07716358,zucchini,cucumber_zucchini,0,0,,,0,
n07716358_24932.JPEG,n07716358_24932,n07716358,zucchini,cucumber_zucchini,1,0,zucchini,Canon Digital Rebel|zucchini,2,
n07716358_24951.JPEG,n07716358_24951,n07716358,zucchini,cucumber_zucchini,0,0,,,0,
n07716358_2499.JPEG,n07716358_2499,n07716358,zucchini,cucumber_zucchini,0,1,,,0,
n07716358_24991.JPEG,n07716358_24991,n07716358,zucchini,cucumber_zucchini,0,0,,,0,
n07716358_25000.JPEG,n07716358_25000,n07716358,zucchini,cucumber_zucchini,1,0,zucchini choppin,cooking|zucchini,2,
n07716358_25004.JPEG,n07716358_25004,n07716358,zucchini,cucumber_zucchini,1,0,Zucchinis,2005|september|laborday|zucchini|summer|vegetable|yellow squash|harrisville,8,
n07716358_25088.JPEG,n07716358_25088,n07716358,zucchini,cucumber_zucchini,1,0,Zucchini,food|zucchini,2,Digital StillCamera
n07716358_25092.JPEG,n07716358_25092,n07716358,zucchini,cucumber_zucchini,0,0,,,0,
n07716358_25175.JPEG,n07716358_25175,n07716358,zucchini,cucumber_zucchini,1,1,Lori's Giant Zucchini,Lorika|zucchini|laugh|laughing|laughter,5,"&quot;We are friends, we are laughing...&quot;"
n07716358_25202.JPEG,n07716358_25202,n07716358,zucchini,cucumber_zucchini,1,0,Zucchini Harvest,zucchini|garden,2,
n07716358_25229.JPEG,n07716358_25229,n07716358,zucchini,cucumber_zucchini,0,0,,,0,
n07716358_25252.JPEG,n07716358_25252,n07716358,zucchini,cucumber_zucchini,1,0,zucchini,zucchini,1,Zucchini ready to be steamed.
n07716358_25285.JPEG,n07716358_25285,n07716358,zucchini,cucumber_zucchini,0,0,,,0,
n07716358_25298.JPEG,n07716358_25298,n07716358,zucchini,cucumber_zucchini,0,0,,,0,
n07716358_25306.JPEG,n07716358_25306,n07716358,zucchini,cucumber_zucchini,0,0,,,0,
n07716358_25315.JPEG,n07716358_25315,n07716358,zucchini,cucumber_zucchini,0,0,,,0,
n07716358_25323.JPEG,n07716358_25323,n07716358,zucchini,cucumber_zucchini,0,0,,,0,
n07716358_25365.JPEG,n07716358_25365,n07716358,zucchini,cucumber_zucchini,0,1,,,0,
n07716358_25390.JPEG,n07716358_25390,n07716358,zucchini,cucumber_zucchini,0,0,,,0,
n07716358_254.JPEG,n07716358_254,n07716358,zucchini,cucumber_zucchini,0,0,,,0,
n07716358_25407.JPEG,n07716358_25407,n07716358,zucchini,cucumber_zucchini,0,0,,,0,
n07716358_25417.JPEG,n07716358_25417,n07716358,zucchini,cucumber_zucchini,0,0,,,0,
n07716358_25435.JPEG,n07716358_25435,n07716358,zucchini,cucumber_zucchini,1,0,Sauteed Garlic Scapes & Zucchini,food|cooking|dinner|vegetables|csa,5,"<a href=""http://agoodappetite.blogspot.com/2008/07/sauted-garlic-scapes-zucchini.html"" rel=""noreferrer nofollow"">agoodappetite.blogspot.com/2008/07/sauted-garlic-scapes-z...</a>"
n07716358_25444.JPEG,n07716358_25444,n07716358,zucchini,cucumber_zucchini,1,0,Zucchini,zucchini|vegetable|ontario|canada|canadian|jane|burger|leokins,8,
n07716358_25477.JPEG,n07716358_25477,n07716358,zucchini,cucumber_zucchini,1,0,"zucchini flowers, chillies and pineapple",rome|italy|market|campo dei fiori|zucchini|zucchini flowers|chillies|courgette|chillie peppers|pineapple,10,
n07716358_25490.JPEG,n07716358_25490,n07716358,zucchini,cucumber_zucchini,0,0,,,0,
n07716358_25564.JPEG,n07716358_25564,n07716358,zucchini,cucumber_zucchini,1,0,Zucchini and friends,seattle|pike place market|vegetable|zucchini|pepper,5,
n07716358_2562.JPEG,n07716358_2562,n07716358,zucchini,cucumber_zucchini,0,1,,,0,
n07716358_25650.JPEG,n07716358_25650,n07716358,zucchini,cucumber_zucchini,0,0,,,0,
n07716358_25669.JPEG,n07716358_25669,n07716358,zucchini,cucumber_zucchini,0,0,,,0,
n07716358_25679.JPEG,n07716358_25679,n07716358,zucchini,cucumber_zucchini,0,0,,,0,
n07716358_25710.JPEG,n07716358_25710,n07716358,zucchini,cucumber_zucchini,0,0,,,0,
n07716358_25736.JPEG,n07716358_25736,n07716358,zucchini,cucumber_zucchini,1,0,Monster zucchini compared to normal,monster|zucchini,2,This monster weighed in at 3.5kg and seems to me to have grown to that size from a small one in about a week
n07716358_25768.JPEG,n07716358_25768,n07716358,zucchini,cucumber_zucchini,1,0,my first courgette,allotment|courgette|ragged radishes,3,"<a href=""http://www.raggedradishes.co.uk"" rel=""noreferrer nofollow"">ragged radishes my allotment blog</a>"
n07716358_25776.JPEG,n07716358_25776,n07716358,zucchini,cucumber_zucchini,1,1,zucchini,fabricaimago|boondock photography|105mm|nikon d70s|vegetables|zucchini|from the garden,7,
n07716358_25780.JPEG,n07716358_25780,n07716358,zucchini,cucumber_zucchini,0,0,,,0,
n07716358_25794.JPEG,n07716358_25794,n07716358,zucchini,cucumber_zucchini,0,0,,,0,
n07716358_25801.JPEG,n07716358_25801,n07716358,zucchini,cucumber_zucchini,0,0,,,0,
n07716358_25803.JPEG,n07716358_25803,n07716358,zucchini,cucumber_zucchini,0,0,,,0,
n07716358_2582.JPEG,n07716358_2582,n07716358,zucchini,cucumber_zucchini,0,0,,,0,
n07716358_25852.JPEG,n07716358_25852,n07716358,zucchini,cucumber_zucchini,0,0,,,0,
n07716358_25871.JPEG,n07716358_25871,n07716358,zucchini,cucumber_zucchini,1,0,zucchini,zucchini|market,2,
n07716358_2592.JPEG,n07716358_2592,n07716358,zucchini,cucumber_zucchini,1,0,dzieciństwo cukinii - mój balkonowy ogródek / courgette kindergarten on my balcony,,0,
n07716358_25949.JPEG,n07716358_25949,n07716358,zucchini,cucumber_zucchini,1,0,please accept these zucchini throw pillows,vegetables|zucchini|squash,3,home-grown veggie goodness
n07716358_2603.JPEG,n07716358_2603,n07716358,zucchini,cucumber_zucchini,1,0,Zucchini in the Garden,garden|produce|zucchini,3,These two will need picked in a day or two.
n07716358_26109.JPEG,n07716358_26109,n07716358,zucchini,cucumber_zucchini,1,0,Zucchini invasion,Zucchini|organic|home garden,3,"Seriously, they are all this big ( and we pick them daily ).  I have been freezing and baking with zucchini all week!"
n07716358_2613.JPEG,n07716358_2613,n07716358,zucchini,cucumber_zucchini,1,0,shrivelly_courgette,Flower|Yellow|Grow Your Own|Vegetable|Balcony|Garden|Brixton|London|Courgette,9,
n07716358_2614.JPEG,n07716358_2614,n07716358,zucchini,cucumber_zucchini,0,0,,,0,
n07716358_2634.JPEG,n07716358_2634,n07716358,zucchini,cucumber_zucchini,1,1,Courgette,vegetable|courgette,2,
n07716358_2649.JPEG,n07716358_2649,n07716358,zucchini,cucumber_zucchini,0,0,,,0,
n07716358_2652.JPEG,n07716358_2652,n07716358,zucchini,cucumber_zucchini,1,0,Chive Crushing Zucchini,zucchini|plant|square foot gardening|gardening|back yard|summer|veggies,7,my poor chives don't have much of a chance with this monster!
n07716358_2657.JPEG,n07716358_2657,n07716358,zucchini,cucumber_zucchini,1,0,Zucchini,zucchini|banchan|side dish|korean food|filipino food,5,*homemade
n07716358_26701.JPEG,n07716358_26701,n07716358,zucchini,cucumber_zucchini,0,0,,,0,
n07716358_26835.JPEG,n07716358_26835,n07716358,zucchini,cucumber_zucchini,1,0,Zucchini Squash,garden|zucchini|squash,3,First squash from my garden
n07716358_2688.JPEG,n07716358_2688,n07716358,zucchini,cucumber_zucchini,1,1,Minted Zucchini Salad,summer|cooking|salad|zucchini,4,"With prosciutto and fresh mozzarella.  Recipe at <a href=""http://ourkitchensink.wordpress.com/2008/08/14/byo-policy/"" rel=""noreferrer nofollow"">The Kitchen Sink.</a>   "
n07716358_2690.JPEG,n07716358_2690,n07716358,zucchini,cucumber_zucchini,0,0,,,0,
n07716358_2698.JPEG,n07716358_2698,n07716358,zucchini,cucumber_zucchini,1,0,dead zucchini,still|dead|zucchini|tomatoes|food|mold|old|dry|red|green|gray|dirty|yuk,13,yuk!
n07716358_27.JPEG,n07716358_27,n07716358,zucchini,cucumber_zucchini,0,0,,,0,
n07716358_2721.JPEG,n07716358_2721,n07716358,zucchini,cucumber_zucchini,0,0,,,0,
n07716358_2727.JPEG,n07716358_2727,n07716358,zucchini,cucumber_zucchini,0,0,,,0,
n07716358_2736.JPEG,n07716358_2736,n07716358,zucchini,cucumber_zucchini,0,0,,,0,
n07716358_27536.JPEG,n07716358_27536,n07716358,zucchini,cucumber_zucchini,1,1,yellow and green zucchini,cooking|pizza|zucchini|green|yellow,5,"<a href=""http://smittenkitchen.com/2009/07/lemony-zucchini-goat-cheese-pizza/"" rel=""noreferrer nofollow"">Lemony Zucchini Goat Cheese Pizza</a> on smittenkitchen.com"
n07716358_2780.JPEG,n07716358_2780,n07716358,zucchini,cucumber_zucchini,0,0,,,0,
n07716358_2798.JPEG,n07716358_2798,n07716358,zucchini,cucumber_zucchini,1,0,Veg box,veg box' abel|cole|vegetables,3,Essential organic box from Abel &amp; Cole.
n07716358_2802.JPEG,n07716358_2802,n07716358,zucchini,cucumber_zucchini,0,1,,,0,
n07716358_2845.JPEG,n07716358_2845,n07716358,zucchini,cucumber_zucchini,0,1,,,0,
n07716358_2855.JPEG,n07716358_2855,n07716358,zucchini,cucumber_zucchini,0,0,,,0,
n07716358_2869.JPEG,n07716358_2869,n07716358,zucchini,cucumber_zucchini,1,0,Farmers' Market - IMG_3347a,Farmers'|Market|farmersmarket|California|Los Angeles|Culver City|Zucchini|blossoms|fruit|fruta|mercado|Cucurbita pepo|Cucurbita,13,"Farmers' Market. USA, California, Culver City. 8 July 2008. Zucchini flowers, flores de abobrinha (Cucurbita pepo)."
n07716358_28816.JPEG,n07716358_28816,n07716358,zucchini,cucumber_zucchini,1,0,zucchini bloom,zucchini|zucchini bloom|flower|garden|garden flower|iphone pic,6,This is a bloom from our first ever attempted garden! So far everything is growing well!
n07716358_2897.JPEG,n07716358_2897,n07716358,zucchini,cucumber_zucchini,1,0,"Zucchini, Red Onion, Garlic, Basil and Pesto Pizza",September|2008|September 2008|Dinner|Pizza|I Made This|Whole Wheat Dough|Zucchini|Red Onions|Garlic|Mozzarella|Ham|Pizza Sauce|Pesto|Olive Oil,15,"Tonight for dinner I made pizzas, mostly from leftover ingredients in the fridge.  The first pizza had a red sauce, chopped ham and red onions topped with a bit of thyme at the end of baking.  The second pizza had a pesto and olive oil base with zucchini, red onion, garlic and fresh basil.  Both were topped with slim mozzarella.  Very yummy!"
n07716358_2945.JPEG,n07716358_2945,n07716358,zucchini,cucumber_zucchini,0,0,,,0,
n07716358_2991.JPEG,n07716358_2991,n07716358,zucchini,cucumber_zucchini,1,0,Elizabeth_zucchini.JPG,Cookthink|zucchini|Montague|Massachusetts|food|Elizabeth|giant|cooking|cookthin|vegetables|vegetable|produce|httpwwwcookthinkcomblog|greens,14,"Giant zucchini from Chip and Elizabeth's garden. What happens when you go out of town for four days in July. Read more at <a href=""http://www.cookthink.com/blog"" rel=""noreferrer nofollow"">www.cookthink.com/blog</a>"
n07716358_3024.JPEG,n07716358_3024,n07716358,zucchini,cucumber_zucchini,0,1,,,0,
n07716358_3034.JPEG,n07716358_3034,n07716358,zucchini,cucumber_zucchini,1,0,Slices of Zucchini,zucchini|vegetables|food|macro|2005,5,
n07716358_3101.JPEG,n07716358_3101,n07716358,zucchini,cucumber_zucchini,1,0,Fried Zucchini,Lewesrat|Oswego|New York|Lake Ontario|one of the|Great Lakes|misty|rain|chilly|evening|fried|zucchini,12,It was delicious :D
n07716358_31011.JPEG,n07716358_31011,n07716358,zucchini,cucumber_zucchini,1,1,zucchini bread,zucchini bread|baking|bread|food|homemade|zucchini|vegetarian,7,"<a href=""http://www.33flavors.org/zucchini-bread/"" rel=""noreferrer nofollow"">recipe at 33flavors</a>"
n07716358_3125.JPEG,n07716358_3125,n07716358,zucchini,cucumber_zucchini,1,0,zucchini,zucchini|garden|black thumb,3,"After taking this, I went in and removed the sad ones that faltered while I was on vacation. The others I will probably harvest later this week (I like them before they get too huge)."
n07716358_3135.JPEG,n07716358_3135,n07716358,zucchini,cucumber_zucchini,1,1,Pug sized zucchini,pug|oscar|zucchini,3,This zucchini managed to hide out under a leaf until it had reached ginormous proportions. It is nearly as big as Oscar and could feed the entire neighborhood zucchini bread for a week. 
n07716358_31352.JPEG,n07716358_31352,n07716358,zucchini,cucumber_zucchini,0,0,,,0,
n07716358_3142.JPEG,n07716358_3142,n07716358,zucchini,cucumber_zucchini,0,0,,,0,
n07716358_31451.JPEG,n07716358_31451,n07716358,zucchini,cucumber_zucchini,0,0,,,0,
n07716358_3154.JPEG,n07716358_3154,n07716358,zucchini,cucumber_zucchini,1,1,Courgette,courgette,1,Another in my fruit and veg series!  Known in some places as zucchini.
n07716358_31851.JPEG,n07716358_31851,n07716358,zucchini,cucumber_zucchini,0,0,,,0,
n07716358_3193.JPEG,n07716358_3193,n07716358,zucchini,cucumber_zucchini,1,1,Zucchini,Panda|dog|mutt|Pandaliuiae|gardening|garden|zucchini|liuiae,8,
n07716358_3223.JPEG,n07716358_3223,n07716358,zucchini,cucumber_zucchini,1,0,Zucchini,Zucchini|Green,2,
n07716358_3253.JPEG,n07716358_3253,n07716358,zucchini,cucumber_zucchini,1,0,Summer Zucchini,zucchini|summertime|green|fresh|vegetable,5,"Gently warmed with fresh oregano, this zucchini is great with a mushroom-zucchini omelette."
n07716358_3257.JPEG,n07716358_3257,n07716358,zucchini,cucumber_zucchini,0,0,,,0,
n07716358_3263.JPEG,n07716358_3263,n07716358,zucchini,cucumber_zucchini,1,1,Gastrocast #19,podchef|gastrocast|podcast|zucchinis|cooking|ethnic food,6,5 kinds of summer squash--all basically taste the same. 8ball is very zucchini-like.
n07716358_3280.JPEG,n07716358_3280,n07716358,zucchini,cucumber_zucchini,0,0,,,0,
n07716358_3290.JPEG,n07716358_3290,n07716358,zucchini,cucumber_zucchini,0,1,,,0,
n07716358_3293.JPEG,n07716358_3293,n07716358,zucchini,cucumber_zucchini,0,0,,,0,
n07716358_3328.JPEG,n07716358_3328,n07716358,zucchini,cucumber_zucchini,1,0,zucchini,Theme-of-the-week|dinner|zucchini|round|circle|seeds|green|vegitable,8,
n07716358_33351.JPEG,n07716358_33351,n07716358,zucchini,cucumber_zucchini,1,0,zucchini in sunlight,garden|Toronto|zucchini|blossom|flower|summer,6,zucchinis in the morning...
n07716358_33565.JPEG,n07716358_33565,n07716358,zucchini,cucumber_zucchini,0,0,,,0,
n07716358_3386.JPEG,n07716358_3386,n07716358,zucchini,cucumber_zucchini,1,0,veg,emssimp|findleastinteresting|0f|alottment|veg|vegetables|beans|potatoes|springonions|bag|allotment|courgette,12,
n07716358_3395.JPEG,n07716358_3395,n07716358,zucchini,cucumber_zucchini,0,1,,,0,
n07716358_3399.JPEG,n07716358_3399,n07716358,zucchini,cucumber_zucchini,1,0,Sliced zucchini,zucchini|courgette|vegetable|soup|chopped|sliced|cooking|macro|closeup|FlickrSoup for the Soul|Catchy Colors,11,Chopping vegies to make soup
n07716358_3403.JPEG,n07716358_3403,n07716358,zucchini,cucumber_zucchini,0,1,,,0,
n07716358_3413.JPEG,n07716358_3413,n07716358,zucchini,cucumber_zucchini,0,1,,,0,
n07716358_34149.JPEG,n07716358_34149,n07716358,zucchini,cucumber_zucchini,0,0,,,0,
n07716358_3419.JPEG,n07716358_3419,n07716358,zucchini,cucumber_zucchini,1,0,pasta_rucola_zucchini_sausage,pasta|rucola|zucchini|sausage,4,
n07716358_3420.JPEG,n07716358_3420,n07716358,zucchini,cucumber_zucchini,1,1,Zucchini 'Costata Romanesca',garden|gardening|urban gardening|zucchini|food|community garden|heirloom|squash|summer squash|veggie,10,An Italian heirloom   Photo by Gayla Trail  2005
n07716358_34232.JPEG,n07716358_34232,n07716358,zucchini,cucumber_zucchini,0,0,,,0,
n07716358_3424.JPEG,n07716358_3424,n07716358,zucchini,cucumber_zucchini,0,0,,,0,
n07716358_343.JPEG,n07716358_343,n07716358,zucchini,cucumber_zucchini,0,0,,,0,
n07716358_34331.JPEG,n07716358_34331,n07716358,zucchini,cucumber_zucchini,0,0,,,0,
n07716358_3446.JPEG,n07716358_3446,n07716358,zucchini,cucumber_zucchini,1,1,Baby Italian White Zucchini,garden|vegetables|zucchini,3,It's so cute.
n07716358_3450.JPEG,n07716358_3450,n07716358,zucchini,cucumber_zucchini,0,1,,,0,
n07716358_3451.JPEG,n07716358_3451,n07716358,zucchini,cucumber_zucchini,1,1,Courgette,courgette|zucchini|garden,3,
n07716358_3453.JPEG,n07716358_3453,n07716358,zucchini,cucumber_zucchini,0,1,,,0,
n07716358_34723.JPEG,n07716358_34723,n07716358,zucchini,cucumber_zucchini,1,1,Zucchini,lexington|community|garden|community garden|neighborhood|therockumc|larocaumc|therock|laroca|40505|methodist|church|kentucky|zucchini|squash|vegetables,16,The Rock / La Roca community garden.  Late June
n07716358_3486.JPEG,n07716358_3486,n07716358,zucchini,cucumber_zucchini,0,1,,,0,
n07716358_3492.JPEG,n07716358_3492,n07716358,zucchini,cucumber_zucchini,1,0,The Last Courgettes,Ffotogallery|season|Week1,3,I love their hairiness!
n07716358_3493.JPEG,n07716358_3493,n07716358,zucchini,cucumber_zucchini,1,1,Vegetables,gastronomy|food|cuisine|cook|cooking|celeriac|tomato|zucchini|swiss-chard|radish|radishes|parsley|artichoke|artichokes,14,A cornucopia of vegetables coming from the market      
n07716358_3502.JPEG,n07716358_3502,n07716358,zucchini,cucumber_zucchini,1,0,German Dumplings and 1st zucchini,dumplings|german dumplings|vegetarian|produce|zucchini|dinner,6,"Freddy brings these from Germany, they're cooked in boil-em bags. The next day you slice the leftovers and fry them in butter."
n07716358_3538.JPEG,n07716358_3538,n07716358,zucchini,cucumber_zucchini,1,0,,suomi|finland|summer|fiskars|courgette,5,surprise
n07716358_3544.JPEG,n07716358_3544,n07716358,zucchini,cucumber_zucchini,1,0,courgette,T189 Project 365|July 2008|in the garden T189 Project 365|flowers T189 Project 365,4,
n07716358_3555.JPEG,n07716358_3555,n07716358,zucchini,cucumber_zucchini,0,0,,,0,
n07716358_35765.JPEG,n07716358_35765,n07716358,zucchini,cucumber_zucchini,0,0,,,0,
n07716358_3580.JPEG,n07716358_3580,n07716358,zucchini,cucumber_zucchini,1,0,the biggest zucchini ever,zucchini,1,
n07716358_3582.JPEG,n07716358_3582,n07716358,zucchini,cucumber_zucchini,1,1,My Zucchini!,gardening|food|zucchini,3,"I'm such a proud mommy!  (Although I promise when I have real children, I won't eat them)"
n07716358_35883.JPEG,n07716358_35883,n07716358,zucchini,cucumber_zucchini,0,0,,,0,
n07716358_35952.JPEG,n07716358_35952,n07716358,zucchini,cucumber_zucchini,0,0,,,0,
n07716358_3600.JPEG,n07716358_3600,n07716358,zucchini,cucumber_zucchini,0,1,,,0,
n07716358_3603.JPEG,n07716358_3603,n07716358,zucchini,cucumber_zucchini,0,1,,,0,
n07716358_3620.JPEG,n07716358_3620,n07716358,zucchini,cucumber_zucchini,0,0,,,0,
n07716358_36362.JPEG,n07716358_36362,n07716358,zucchini,cucumber_zucchini,1,0,Zucchini & Squash,Zucchini|Squash|Garden|content|marketing,5,More Zucchini &amp; Squash
n07716358_3646.JPEG,n07716358_3646,n07716358,zucchini,cucumber_zucchini,1,1,10/04/2007: Zucchini,zucchini|food|magazine,3,The magazine is there for scale.
n07716358_3658.JPEG,n07716358_3658,n07716358,zucchini,cucumber_zucchini,0,0,,,0,
n07716358_3662.JPEG,n07716358_3662,n07716358,zucchini,cucumber_zucchini,1,0,Zucchini and cucumber,spain|barcelona|boqueria|market|green|cucumber|zucchini,7,
n07716358_3665.JPEG,n07716358_3665,n07716358,zucchini,cucumber_zucchini,1,0,Courgettes,,0,
n07716358_3675.JPEG,n07716358_3675,n07716358,zucchini,cucumber_zucchini,1,0,Too. Many. Zucchini.,garden|zucchini|bounty|overflow,4,"I went a bit overboard on the zucchini this year in the garden. These are really, really big zucchini (about the size of an adult forearm), from the three (out of six) plants that are bearing right now. This was all harvested in the last few days, and doesn't include any of the ones we ate already..."
n07716358_3678.JPEG,n07716358_3678,n07716358,zucchini,cucumber_zucchini,0,0,,,0,
n07716358_3729.JPEG,n07716358_3729,n07716358,zucchini,cucumber_zucchini,1,0,zucchini,zucchini|produce|produce_department|vegetables|grocery,5,
n07716358_37379.JPEG,n07716358_37379,n07716358,zucchini,cucumber_zucchini,0,1,,,0,
n07716358_3761.JPEG,n07716358_3761,n07716358,zucchini,cucumber_zucchini,0,0,,,0,
n07716358_3765.JPEG,n07716358_3765,n07716358,zucchini,cucumber_zucchini,1,0,zucchini pyramid,food|veggies|vegetables|health|zucchini|squash|pyramid|10 Million Photos,8,"January 31, 2008"
n07716358_3785.JPEG,n07716358_3785,n07716358,zucchini,cucumber_zucchini,1,1,V & His Giant Zucchini,"New York|vaughn|johnson city|johnson city, ny|zucchini",5,
n07716358_3845.JPEG,n07716358_3845,n07716358,zucchini,cucumber_zucchini,1,1,our first squash & zucchini of '07,squash|vegetables|zucchini|from my yard,4,
n07716358_3849.JPEG,n07716358_3849,n07716358,zucchini,cucumber_zucchini,1,0,Pizza Zucchini,italian|pizza|food|zucchini|zucca,5,
n07716358_38814.JPEG,n07716358_38814,n07716358,zucchini,cucumber_zucchini,1,0,yellow and green zucchini,pizza|vegan|zucchini|tofu|gluten-free,5,"for the recipe: <a href=""http://sweetbeetandgreenbean.net/2009/07/31/zucchini-pizza-with-homemade-lemon-herb-tofu-goat-cheese-and-gluten-free-crust/"" rel=""noreferrer nofollow"">sweetbeetandgreenbean.net/2009/07/31/zucchini-pizza-with-...</a>"
n07716358_3882.JPEG,n07716358_3882,n07716358,zucchini,cucumber_zucchini,0,0,,,0,
n07716358_3934.JPEG,n07716358_3934,n07716358,zucchini,cucumber_zucchini,0,1,,,0,
n07716358_3945.JPEG,n07716358_3945,n07716358,zucchini,cucumber_zucchini,1,1,Another Giant Zucchini,giant|zucchini,2,"This is what happens when you go on vacation.  This one weighed around 7 lbs, but didn't beat my previous large zucchini record from a few years back."
n07716358_39697.JPEG,n07716358_39697,n07716358,zucchini,cucumber_zucchini,1,1,zucchini,zucchini,1,zucchini
n07716358_399.JPEG,n07716358_399,n07716358,zucchini,cucumber_zucchini,1,0,Courgettes in the backyard,garden|backyard|green|plant|vegetables|courgette|Cucurbita pepo|Cucurbita|Zucchini|Cucurbitaceae,10,"First produce of the summer is finally on its way - late planting and rubbish weather means things are growing, but slowly - and giving the snails more chance to munch them!"
n07716358_3994.JPEG,n07716358_3994,n07716358,zucchini,cucumber_zucchini,0,0,,,0,
n07716358_3995.JPEG,n07716358_3995,n07716358,zucchini,cucumber_zucchini,1,1,Weird Veg,Greece|Sidari|Holiday|Dead|Beach|Sea|Water|Sand|Food|Spiderdog|Vegetable|Courgette|Green|Grow,14,
n07716358_4029.JPEG,n07716358_4029,n07716358,zucchini,cucumber_zucchini,0,1,,,0,
n07716358_4045.JPEG,n07716358_4045,n07716358,zucchini,cucumber_zucchini,1,1,Zucchini Bread 3 001,zucchini|bread,2,
n07716358_4084.JPEG,n07716358_4084,n07716358,zucchini,cucumber_zucchini,1,0,Garden Basket,Vegetables|garden|tomato|tomatoes|beefsteak|tigerella|big boys|brandywine,8,"Tomatoes are beefsteak, yellow brandywine beefsteak, big boys, and the little ones are tigerellas. The largest tomato is the yellow brandywine at 1lb 1oz. There's also crookneck squash, zucchini, and green bell peppers. The basket is 14 inches by 15 inches."
n07716358_4086.JPEG,n07716358_4086,n07716358,zucchini,cucumber_zucchini,0,1,,,0,
n07716358_4093.JPEG,n07716358_4093,n07716358,zucchini,cucumber_zucchini,1,0,zucchini vichyssoise,zucchini|soup|jamieofalltrades,3,
n07716358_4145.JPEG,n07716358_4145,n07716358,zucchini,cucumber_zucchini,0,0,,,0,
n07716358_4192.JPEG,n07716358_4192,n07716358,zucchini,cucumber_zucchini,0,1,,,0,
n07716358_4233.JPEG,n07716358_4233,n07716358,zucchini,cucumber_zucchini,1,0,zucchini,zucchini|circles,2,
n07716358_4235.JPEG,n07716358_4235,n07716358,zucchini,cucumber_zucchini,1,0,simple lunch,crabmeat|somen|noodles|japanese style noodles|carrots|zucchini|lunch|homemade|cooking|smile :)|mywinners,11,"crabmeat + somen noodles + carrots + zucchini  <a href=""http://bighugelabs.com/flickr/onblack.php?id=2289522744&amp;size=large"" rel=""noreferrer nofollow"">View On Black</a>  "
n07716358_4251.JPEG,n07716358_4251,n07716358,zucchini,cucumber_zucchini,1,0,Stir Fried Zucchini,zucchini,1,"salt, pepper and seasame oil - most fragrant stirfry but still highlights the vegetable "
n07716358_4259.JPEG,n07716358_4259,n07716358,zucchini,cucumber_zucchini,1,0,a green club or a zucchini from mom's garden,zucchini|large vegetables,2,
n07716358_4272.JPEG,n07716358_4272,n07716358,zucchini,cucumber_zucchini,0,0,,,0,
n07716358_4288.JPEG,n07716358_4288,n07716358,zucchini,cucumber_zucchini,1,0,Zucchini,Eastern Market|Detroit|vendors|zucchini|yellow|green|vegetables|fresh,8,"Eastern Market, Detroit."
n07716358_4316.JPEG,n07716358_4316,n07716358,zucchini,cucumber_zucchini,0,0,,,0,
n07716358_4341.JPEG,n07716358_4341,n07716358,zucchini,cucumber_zucchini,0,0,,,0,
n07716358_4347.JPEG,n07716358_4347,n07716358,zucchini,cucumber_zucchini,1,1,zucchini blossom and fruit,garden|blossom|zucchini|vegetable,4,
n07716358_4376.JPEG,n07716358_4376,n07716358,zucchini,cucumber_zucchini,1,1,Sungolds and Zucchini,Tomato|Tomatoes|Sungold Cherry Tomatoes|Zucchini,4,I love the pattern on the zucchini!!
n07716358_4390.JPEG,n07716358_4390,n07716358,zucchini,cucumber_zucchini,1,0,garden carrots and zucchini,carrots|zucchini,2,"DSCN7152 This year, 2005, has been the first time in many years that I have been able to garden. It has been delightful, both to raise and to eat(!) the wonderful organic produce from my little patch."
n07716358_4393.JPEG,n07716358_4393,n07716358,zucchini,cucumber_zucchini,1,0,eggplant zucchini pizza,pizza|eggplant|zucchini|tomatoes|vegetarian|homemade|dinner,7,"homemade whole wheat pizza topped with ricotta, sliced tomato, roasted eggplant &amp; zucchini, parmesan cheese and torn basil leaves  this may actually be my favorite homemade pizza to-date"
n07716358_4423.JPEG,n07716358_4423,n07716358,zucchini,cucumber_zucchini,0,0,,,0,
n07716358_4434.JPEG,n07716358_4434,n07716358,zucchini,cucumber_zucchini,0,0,,,0,
n07716358_4437.JPEG,n07716358_4437,n07716358,zucchini,cucumber_zucchini,1,1,Making Zucchini Bread; 06.21.08,cooking|baking|cinnamon free sundays|zuccihini|zucchini bread|june|june 2008|project365|project365 june,9,I made zucchini bread for the first time ever. Turned out well. I'm pleased with myself.
n07716358_4440.JPEG,n07716358_4440,n07716358,zucchini,cucumber_zucchini,0,0,,,0,
n07716358_4442.JPEG,n07716358_4442,n07716358,zucchini,cucumber_zucchini,0,0,,,0,
n07716358_4456.JPEG,n07716358_4456,n07716358,zucchini,cucumber_zucchini,0,1,,,0,
n07716358_4487.JPEG,n07716358_4487,n07716358,zucchini,cucumber_zucchini,0,0,,,0,
n07716358_4503.JPEG,n07716358_4503,n07716358,zucchini,cucumber_zucchini,1,1,Hidden Baby zucchini,Garden|Zucchini,2,
n07716358_4505.JPEG,n07716358_4505,n07716358,zucchini,cucumber_zucchini,0,0,,,0,
n07716358_4517.JPEG,n07716358_4517,n07716358,zucchini,cucumber_zucchini,1,0,the first zucchini,food|garden|zucchini,3,we didn't even know it was growing until janet found it. a pretty big squash!
n07716358_4526.JPEG,n07716358_4526,n07716358,zucchini,cucumber_zucchini,1,1,Back of the Crowd,uk|scotland|glasgow|food|vegetables|courgette|zucchini|potato|orange|apple|ginger|beet,12,
n07716358_4537.JPEG,n07716358_4537,n07716358,zucchini,cucumber_zucchini,0,0,,,0,
n07716358_4564.JPEG,n07716358_4564,n07716358,zucchini,cucumber_zucchini,1,0,Zucchini,cooking|food|ice|Zucchini,4,
n07716358_4569.JPEG,n07716358_4569,n07716358,zucchini,cucumber_zucchini,0,1,,,0,
n07716358_4587.JPEG,n07716358_4587,n07716358,zucchini,cucumber_zucchini,1,0,flowers and zucchinis,Portland|farmers|market|flowers|zucchini,5,portland wednesday farmers market
n07716358_4593.JPEG,n07716358_4593,n07716358,zucchini,cucumber_zucchini,1,0,0810 zucchini flower,daytripper|zucchini|zucchini flower fruit and veg,3,
n07716358_4623.JPEG,n07716358_4623,n07716358,zucchini,cucumber_zucchini,1,0,zucchini blossoms,zucchini blossomszucchini|courgette|flowers|courgette flowers,4,"A bit wilted by the time we took this picture. Before they were dipped in batter and fried, some even got a goat cheese stuffing. "
n07716358_4635.JPEG,n07716358_4635,n07716358,zucchini,cucumber_zucchini,1,1,Courgette,garden|gardening|vegetables|growing|plant|courgette,6,
n07716358_4637.JPEG,n07716358_4637,n07716358,zucchini,cucumber_zucchini,0,1,,,0,
n07716358_4666.JPEG,n07716358_4666,n07716358,zucchini,cucumber_zucchini,1,1,Mammut Zucchini,Früchte|Zucchini|Riesen,3,
n07716358_4669.JPEG,n07716358_4669,n07716358,zucchini,cucumber_zucchini,0,0,,,0,
n07716358_4708.JPEG,n07716358_4708,n07716358,zucchini,cucumber_zucchini,0,0,,,0,
n07716358_4711.JPEG,n07716358_4711,n07716358,zucchini,cucumber_zucchini,0,1,,,0,
n07716358_4770.JPEG,n07716358_4770,n07716358,zucchini,cucumber_zucchini,0,0,,,0,
n07716358_4776.JPEG,n07716358_4776,n07716358,zucchini,cucumber_zucchini,0,0,,,0,
n07716358_4785.JPEG,n07716358_4785,n07716358,zucchini,cucumber_zucchini,1,1,First zucchini!,zucchini|garden|vegetable,3,
n07716358_479.JPEG,n07716358_479,n07716358,zucchini,cucumber_zucchini,1,0,Zucchini,montreal|quebec|canada|trip|vacation|vacances|green|long|veg|veggie|vegetable|food|eat|zucchini,14,
n07716358_484.JPEG,n07716358_484,n07716358,zucchini,cucumber_zucchini,0,0,,,0,
n07716358_4840.JPEG,n07716358_4840,n07716358,zucchini,cucumber_zucchini,0,1,,,0,
n07716358_4841.JPEG,n07716358_4841,n07716358,zucchini,cucumber_zucchini,1,1,courgette flowers,Cucurbitaceae,1,
n07716358_4845.JPEG,n07716358_4845,n07716358,zucchini,cucumber_zucchini,1,1,Zucchini,cooking|zucchini bread,2,
n07716358_4848.JPEG,n07716358_4848,n07716358,zucchini,cucumber_zucchini,1,0,"Lunch - Day 5 - Zucchini, Garlic, & Capellini",zucchini|garlic|capellini|pasta,4,4 ingredients...delicious!
n07716358_4852.JPEG,n07716358_4852,n07716358,zucchini,cucumber_zucchini,0,0,,,0,
n07716358_4873.JPEG,n07716358_4873,n07716358,zucchini,cucumber_zucchini,0,1,,,0,
n07716358_4878.JPEG,n07716358_4878,n07716358,zucchini,cucumber_zucchini,1,0,courgettes,,0,
n07716358_4891.JPEG,n07716358_4891,n07716358,zucchini,cucumber_zucchini,0,0,,,0,
n07716358_4902.JPEG,n07716358_4902,n07716358,zucchini,cucumber_zucchini,1,0,Phytophthora capsici Zucchini,Phytophthora capsici|Zucchini|diseae|Post Harvest|Phytopathology|late Blight,6,"White spore masses of Phytophthora capsici following watersoaked lessions on zucchini squash. The squash is showing large, water-soaked and slightly sunken, circular lesions,  covered with white mold. And as usual matched by the peculiar smell of phenol, that is always present with the Phytophthora infections."
n07716358_4916.JPEG,n07716358_4916,n07716358,zucchini,cucumber_zucchini,0,0,,,0,
n07716358_4923.JPEG,n07716358_4923,n07716358,zucchini,cucumber_zucchini,0,0,,,0,
n07716358_4932.JPEG,n07716358_4932,n07716358,zucchini,cucumber_zucchini,1,0,Zucchini / Zucchetti,Zucchini|Zucchetti|Gemüse|Blüten|Blossoms|Macro|Detail,7,
n07716358_4937.JPEG,n07716358_4937,n07716358,zucchini,cucumber_zucchini,1,1,surpriZe Zucchini,zucchini|large|whoknew?|youshouldhaveseentheotherphotos|nuanc|purgewk86,6,we've had little luck with our garden this year. I went out today to gather a half dozen little baby zucchinis for dinner and found THIS! Who knew?
n07716358_4960.JPEG,n07716358_4960,n07716358,zucchini,cucumber_zucchini,1,1,Fleur de courgette,fleur|courgette|jaune|Sib'|Canon|350D,6,
n07716358_4993.JPEG,n07716358_4993,n07716358,zucchini,cucumber_zucchini,1,0,Zucchini & Summer Squash,farmers market|fresh|nature|market|zucchini|squash|green|yellow,8,
n07716358_5009.JPEG,n07716358_5009,n07716358,zucchini,cucumber_zucchini,1,0,Zucchini Tortellini,vegetarian|eatlikearabbit.net|food|zucchini|tortellini|Cheese|Vegie,7,
n07716358_5017.JPEG,n07716358_5017,n07716358,zucchini,cucumber_zucchini,0,1,,,0,
n07716358_5021.JPEG,n07716358_5021,n07716358,zucchini,cucumber_zucchini,1,0,"Uh, Zucchini?",Walt Disney World|Central Florida|Theme Park|Epcot|Living with the Land|Zucchini,6,
n07716358_5022.JPEG,n07716358_5022,n07716358,zucchini,cucumber_zucchini,0,1,,,0,
n07716358_5037.JPEG,n07716358_5037,n07716358,zucchini,cucumber_zucchini,1,1,Zucchini,zucchini|garden,2,they are over 6 inches long!
n07716358_5051.JPEG,n07716358_5051,n07716358,zucchini,cucumber_zucchini,1,0,Zucchini and squash,DN|farmer's market|mountain view|produce|food|vegetables|zucchini|squash,8,Taken at the Mountain View Farmer's Market.
n07716358_5052.JPEG,n07716358_5052,n07716358,zucchini,cucumber_zucchini,0,1,,,0,
n07716358_5053.JPEG,n07716358_5053,n07716358,zucchini,cucumber_zucchini,0,0,,,0,
n07716358_506.JPEG,n07716358_506,n07716358,zucchini,cucumber_zucchini,0,0,,,0,
n07716358_5088.JPEG,n07716358_5088,n07716358,zucchini,cucumber_zucchini,0,1,,,0,
n07716358_5105.JPEG,n07716358_5105,n07716358,zucchini,cucumber_zucchini,0,0,,,0,
n07716358_5111.JPEG,n07716358_5111,n07716358,zucchini,cucumber_zucchini,0,0,,,0,
n07716358_5118.JPEG,n07716358_5118,n07716358,zucchini,cucumber_zucchini,0,1,,,0,
n07716358_5123.JPEG,n07716358_5123,n07716358,zucchini,cucumber_zucchini,1,0,Pizza,2007|november|food|vegan|pizza|tomatoes|vegetables|mediterranean|peppers|courgettes|aspargus|mushrooms.,12,"Topped with mixed vegetables (asparagus, red and yellow peppers, cubed aubergine and courgette, mixed mushrooms), soya yogurt cheese, basil minced in olive oil, nutritional yeast, blsck pepper and chilli sauce."
n07716358_5142.JPEG,n07716358_5142,n07716358,zucchini,cucumber_zucchini,0,0,,,0,
n07716358_5147.JPEG,n07716358_5147,n07716358,zucchini,cucumber_zucchini,0,0,,,0,
n07716358_516.JPEG,n07716358_516,n07716358,zucchini,cucumber_zucchini,0,0,,,0,
n07716358_5208.JPEG,n07716358_5208,n07716358,zucchini,cucumber_zucchini,0,0,,,0,
n07716358_5238.JPEG,n07716358_5238,n07716358,zucchini,cucumber_zucchini,1,0,Garden Project: Fried Zucchini,fried|green|tomato|zucchini|panko|scallopini|squash|cucumber|lemon|blossom,10,
n07716358_5340.JPEG,n07716358_5340,n07716358,zucchini,cucumber_zucchini,0,1,,,0,
n07716358_5350.JPEG,n07716358_5350,n07716358,zucchini,cucumber_zucchini,0,0,,,0,
n07716358_5355.JPEG,n07716358_5355,n07716358,zucchini,cucumber_zucchini,1,0,Ronde de Nice,courgette|cucurbitacée|nature|vert,4,"Cotignac, septembre 2007 Courgette au potager"
n07716358_5360.JPEG,n07716358_5360,n07716358,zucchini,cucumber_zucchini,1,0,making the stuffed zucchini,Stuffed Zucchini|dinner,2,
n07716358_542.JPEG,n07716358_542,n07716358,zucchini,cucumber_zucchini,0,0,,,0,
n07716358_5422.JPEG,n07716358_5422,n07716358,zucchini,cucumber_zucchini,1,1,Green Zucchini Carpaccio,Food|Zucchini|nami-nami|Nami-nami retseptikogu|Nami-nami foodblog,5,"Green zucchini, olive oil, lemon juice, parmesan, rocket. You can read more <a href=""http://nami-nami.blogspot.com/2007/07/zucchini-carpaccio-two-versions.html"" rel=""noreferrer nofollow"">here on my blog</a>. Eestikeelne retsept <a href=""http://www.nami-nami.ee/Recipe/View/7735/"" rel=""noreferrer nofollow"">siin</a>."
n07716358_5429.JPEG,n07716358_5429,n07716358,zucchini,cucumber_zucchini,0,0,,,0,
n07716358_5439.JPEG,n07716358_5439,n07716358,zucchini,cucumber_zucchini,0,0,,,0,
n07716358_5517.JPEG,n07716358_5517,n07716358,zucchini,cucumber_zucchini,1,0,Zucchinis and celery,vegies|vegetables|soup|macro|closeup|kitchen|cook|cooking|zucchini|courgette|celery|stick|green|FlickrSoup for the Soul|Catchy Colors,15,Getting ingredients together to make soup.
n07716358_552.JPEG,n07716358_552,n07716358,zucchini,cucumber_zucchini,1,0,our first zucchini,garden|zucchini|homegrown,3,
n07716358_5522.JPEG,n07716358_5522,n07716358,zucchini,cucumber_zucchini,0,0,,,0,
n07716358_5569.JPEG,n07716358_5569,n07716358,zucchini,cucumber_zucchini,1,0,Courgettes and Lemons,food20nomnomnom|nomnomnom|cooking|cookeryschool|marylebone|london|kitchen|courgettes|lemons|fromagerie|stml-nomnomnom,11,"La Fromagerie, Marylebone."
n07716358_5579.JPEG,n07716358_5579,n07716358,zucchini,cucumber_zucchini,0,0,,,0,
n07716358_5584.JPEG,n07716358_5584,n07716358,zucchini,cucumber_zucchini,0,1,,,0,
n07716358_5633.JPEG,n07716358_5633,n07716358,zucchini,cucumber_zucchini,0,0,,,0,
n07716358_5659.JPEG,n07716358_5659,n07716358,zucchini,cucumber_zucchini,0,0,,,0,
n07716358_5671.JPEG,n07716358_5671,n07716358,zucchini,cucumber_zucchini,0,0,,,0,
n07716358_5673.JPEG,n07716358_5673,n07716358,zucchini,cucumber_zucchini,1,0,Zucchini (edited),zucchini|grün|green|Lumix|LumixDMC-FX30|FX30,6,"Edited this picture: <a href=""http://www.flickr.com/photos/dirk1812/408069448/"">www.flickr.com/photos/dirk1812/408069448/</a> "
n07716358_5690.JPEG,n07716358_5690,n07716358,zucchini,cucumber_zucchini,1,0,FCF Zucchinis,full circle farm|potluck wednesday|harvest|zucchini|squash|full circle sunnyvale|press kit|photographer: lilia schwartz,8,
n07716358_5692.JPEG,n07716358_5692,n07716358,zucchini,cucumber_zucchini,1,0,,Zucchini|healthy,2,
n07716358_5722.JPEG,n07716358_5722,n07716358,zucchini,cucumber_zucchini,1,1,2006-09-16_007_Zucchini,preserving|canning|Luci|Zucchini,4,Luci with a giant zucchini
n07716358_5729.JPEG,n07716358_5729,n07716358,zucchini,cucumber_zucchini,0,1,,,0,
n07716358_5732.JPEG,n07716358_5732,n07716358,zucchini,cucumber_zucchini,0,1,,,0,
n07716358_5745.JPEG,n07716358_5745,n07716358,zucchini,cucumber_zucchini,0,0,,,0,
n07716358_5758.JPEG,n07716358_5758,n07716358,zucchini,cucumber_zucchini,1,1,Smaller Zucchini,earthbox|garden|tomato|pepper|squash|zucchini|cucumber|bell pepper|Earthbox Garden|vegetables|organic|home grown|garden7508,13,
n07716358_5789.JPEG,n07716358_5789,n07716358,zucchini,cucumber_zucchini,1,0,Zucchini and Sun Dried Tomato Pasta,pasta|zucchini|sun dried tomatoes|recipe,4,"<a href=""http://andthenidothedishes.blogspot.com/2008/05/dueling-dishes.html"" rel=""noreferrer nofollow"">This dish</a> is so easy, and delicious!"
n07716358_5803.JPEG,n07716358_5803,n07716358,zucchini,cucumber_zucchini,0,0,,,0,
n07716358_5804.JPEG,n07716358_5804,n07716358,zucchini,cucumber_zucchini,0,0,,,0,
n07716358_5833.JPEG,n07716358_5833,n07716358,zucchini,cucumber_zucchini,0,1,,,0,
n07716358_5862.JPEG,n07716358_5862,n07716358,zucchini,cucumber_zucchini,1,0,14-08-2008,project 365|courgettes|fennel|vegetables,4,
n07716358_5878.JPEG,n07716358_5878,n07716358,zucchini,cucumber_zucchini,0,0,,,0,
n07716358_5951.JPEG,n07716358_5951,n07716358,zucchini,cucumber_zucchini,0,0,,,0,
n07716358_5959.JPEG,n07716358_5959,n07716358,zucchini,cucumber_zucchini,0,0,,,0,
n07716358_5966.JPEG,n07716358_5966,n07716358,zucchini,cucumber_zucchini,1,0,Small deluxe organic box,veg box|abel and cole|vegetables|food|organic,5,"I usually get the &quot;essential organic box&quot; for £11, but this week I went for the &quot;small deluxe&quot; for £12.50 because I wanted the asparagus and aubergine."
n07716358_5974.JPEG,n07716358_5974,n07716358,zucchini,cucumber_zucchini,0,0,,,0,
n07716358_5975.JPEG,n07716358_5975,n07716358,zucchini,cucumber_zucchini,1,1,Zukes!,zucchini|huge|vegetable|garden|proportion|size|squash,7,"Found out what I did with this <a href=""http://sheasytime.blogspot.com/2008/07/so-this-zucchinit-walks-into-bar.html"" rel=""noreferrer nofollow"">over here.</a>"
n07716358_5976.JPEG,n07716358_5976,n07716358,zucchini,cucumber_zucchini,1,1,Zucchini monster,tillwe|2008-08|garden|kleingarten|nature|summer|zucchini|green|vegetable|allotment,10,
n07716358_5995.JPEG,n07716358_5995,n07716358,zucchini,cucumber_zucchini,1,0,Stuffed Zucchini,zucchini|balladofyoko|vegetarian|recipe,4,"from Yoko, especially for Zanti. Simple, yet tasty. From <i>Joy of Cooking</i>.  Ingredients: 2 medium zucchini (I used one big one and two small ones) 2 tsp olive oil 3 Tbs onions, finely chopped 1 clove garlic, minced 1 egg, beaten 1/2 C grated cheese (Parmesan or similar type) 1/3 C dry unseasoned bread crumbs* 2 Tbs fresh parsley, chopped 2 tsp fresh basil, tarragon, marjoram, or thyme, chopped (I used basil) 1/2 tsp lemon zest (I omitted this) salt and pepper  *Alternatively, you can use Italian seasoned bread crumbs and omit the cheese and herbs.  Directions: Halve zucchini lengthwise. Scoop out the pulp, leaving 3/8-inch shell. Save the pulp-- squeeze to get rid of excess moisture. Steam the shells for about 5 minutes. Don't overcook.  Heat olive oil in a skillet, saute garlic and onion until soft. Add zucchini pulp. Put mixture into a bowl and add egg, breadcrumbs, cheese and herbs. Spoon this filling into shells and set into baking dish. Drizzle tops with a little olive oil.  Bake at 400 degrees for about 30 minutes, until tops are browned and slightly crispy."
n07716358_6007.JPEG,n07716358_6007,n07716358,zucchini,cucumber_zucchini,0,0,,,0,
n07716358_609.JPEG,n07716358_609,n07716358,zucchini,cucumber_zucchini,0,0,,,0,
n07716358_6094.JPEG,n07716358_6094,n07716358,zucchini,cucumber_zucchini,1,1,Holy Zucchini!,northeast vacation 2007|cape cod|zucchini|vegetable garden,4,"My sister decided to grow a vegetable garden this summer. Though I don't think she actually eats any of the things she planted. She had some zucchini down by the driveway that had massive leaves, and this swollen fruit.  Which reminds me, we were going to take some fresh basil, and we completely forgot."
n07716358_6102.JPEG,n07716358_6102,n07716358,zucchini,cucumber_zucchini,0,1,,,0,
n07716358_6139.JPEG,n07716358_6139,n07716358,zucchini,cucumber_zucchini,0,1,,,0,
n07716358_6185.JPEG,n07716358_6185,n07716358,zucchini,cucumber_zucchini,1,0,zucchini spa,bubbles|wash|water|zucchini|green|edible|vegetable,7,
n07716358_6196.JPEG,n07716358_6196,n07716358,zucchini,cucumber_zucchini,0,1,,,0,
n07716358_6200.JPEG,n07716358_6200,n07716358,zucchini,cucumber_zucchini,0,1,,,0,
n07716358_6201.JPEG,n07716358_6201,n07716358,zucchini,cucumber_zucchini,1,1,Zucchini,Gemüse|vegetable|Blume|flower|gelb|yellow,6,
n07716358_6212.JPEG,n07716358_6212,n07716358,zucchini,cucumber_zucchini,0,0,,,0,
n07716358_6281.JPEG,n07716358_6281,n07716358,zucchini,cucumber_zucchini,0,0,,,0,
n07716358_6305.JPEG,n07716358_6305,n07716358,zucchini,cucumber_zucchini,1,0,Zucchini Squash #2,vegetables|garden|vegetable garden|macro|produce|green and yellow|harvest|harvesting|crops|squash|zucchini squash|zucchini|michigan|nature|bejitaburu|grønsager|groente|vihannes|légume|zöldségféle|pianta|grønsak|vegetal|verduras|Gemüse|Garten|have|hof|puutarha|jardin|kert|giardino|niwa|hage|jardim|садовый|jardín,37,Can you smell the zucchini bread in the oven?
n07716358_6384.JPEG,n07716358_6384,n07716358,zucchini,cucumber_zucchini,1,0,"Salmon, Zucchini, and Grilled Eggplant Salad",eggplant|salad|eggplant salad|salmon|cooking light|healthy,6,"6.19.07 - I couldn't find any zucchini when I went to Safeway on Sunday, so I grabbed an eggplant instead. Of course I had no idea how to prepare it, so I headed over to Cookinglight.com and found this <a href=""http://find.myrecipes.com/recipes/recipefinder.dyn?action=displayRecipe&amp;recipe_id=1622493"" rel=""noreferrer nofollow"">recipe</a>. It tasted pretty good although the Copper River Salmon tasted better. Oh and I found some zucchini when I went to Nugget to buy some feta for the eggplant salad."
n07716358_6397.JPEG,n07716358_6397,n07716358,zucchini,cucumber_zucchini,0,0,,,0,
n07716358_6405.JPEG,n07716358_6405,n07716358,zucchini,cucumber_zucchini,1,1,Zebras Love Zucchini,japan|vacation|zebra|zucchini|or|some|sort|squash,8,"I'm not sure if that's even a zucchini, and I'm almost positive zebras don't even LIKE zucchini, or are at best indifferent to it. But it's a pretty sweet title anyway.  Oh, and I didn't pose that. It was completely naturally-occurring."
n07716358_6415.JPEG,n07716358_6415,n07716358,zucchini,cucumber_zucchini,0,1,,,0,
n07716358_6428.JPEG,n07716358_6428,n07716358,zucchini,cucumber_zucchini,0,1,,,0,
n07716358_6431.JPEG,n07716358_6431,n07716358,zucchini,cucumber_zucchini,1,0,zucchini,food|zucchini,2,
n07716358_6440.JPEG,n07716358_6440,n07716358,zucchini,cucumber_zucchini,1,1,"""Self made zucchini!""",Pflanzen|plants|Zucchini,3,Selbst angebaute Zucchini!
n07716358_6477.JPEG,n07716358_6477,n07716358,zucchini,cucumber_zucchini,1,0,Giant zucchinis,zucchini|vegetables|veggies,3,
n07716358_6488.JPEG,n07716358_6488,n07716358,zucchini,cucumber_zucchini,0,0,,,0,
n07716358_6489.JPEG,n07716358_6489,n07716358,zucchini,cucumber_zucchini,1,0,Courgette,Allotment,1,We're getting sick of Courgette.     *Beer for scale illustration purposes only.
n07716358_649.JPEG,n07716358_649,n07716358,zucchini,cucumber_zucchini,0,0,,,0,
n07716358_6492.JPEG,n07716358_6492,n07716358,zucchini,cucumber_zucchini,0,1,,,0,
n07716358_6499.JPEG,n07716358_6499,n07716358,zucchini,cucumber_zucchini,0,1,,,0,
n07716358_653.JPEG,n07716358_653,n07716358,zucchini,cucumber_zucchini,1,0,Zucchini,Zucchini|Green,2,
n07716358_6548.JPEG,n07716358_6548,n07716358,zucchini,cucumber_zucchini,0,0,,,0,
n07716358_6585.JPEG,n07716358_6585,n07716358,zucchini,cucumber_zucchini,0,1,,,0,
n07716358_6628.JPEG,n07716358_6628,n07716358,zucchini,cucumber_zucchini,1,0,fruit and flower,zucchini|courgette garden|england|Bath|summer|harvest|vegetables,7,
n07716358_6676.JPEG,n07716358_6676,n07716358,zucchini,cucumber_zucchini,1,0,Baby courgettes,zucchini,1,
n07716358_6677.JPEG,n07716358_6677,n07716358,zucchini,cucumber_zucchini,0,0,,,0,
n07716358_6693.JPEG,n07716358_6693,n07716358,zucchini,cucumber_zucchini,1,1,courgette,,0,
n07716358_6695.JPEG,n07716358_6695,n07716358,zucchini,cucumber_zucchini,1,1,Sliced zucchini,green|vegetable|sliced|Food|zucchini|Stock categories,6,Sliced zucchini
n07716358_6697.JPEG,n07716358_6697,n07716358,zucchini,cucumber_zucchini,1,1,GIANT ZUCCHINI,Grace|zucchini,2,"Kurt received this enormous squash from one of his coworkers, who grew it in his garden.  I figured the best way to show its enormous size was to have Gracie hold it.    Now that's a HUGE zucchini!!!  I think it's time for some zucchini bread."
n07716358_6725.JPEG,n07716358_6725,n07716358,zucchini,cucumber_zucchini,1,0,Summer Squash and Zucchini,Culinary Fool|Farmers' Market|University District|Seattle|Produce|Vegetable|Squash|FM,8,
n07716358_6729.JPEG,n07716358_6729,n07716358,zucchini,cucumber_zucchini,0,1,,,0,
n07716358_6741.JPEG,n07716358_6741,n07716358,zucchini,cucumber_zucchini,1,0,courgette_flower,allotment,1,
n07716358_678.JPEG,n07716358_678,n07716358,zucchini,cucumber_zucchini,1,1,Wild Bill and the Giant Zucchinis,housemates|bill|neal|zucchini,4,"these are the fruits of Bill's hard work in the garden, he can do what he wants with them"
n07716358_680.JPEG,n07716358_680,n07716358,zucchini,cucumber_zucchini,0,1,,,0,
n07716358_6804.JPEG,n07716358_6804,n07716358,zucchini,cucumber_zucchini,1,1,ingredients for zucchini fry (hobak jun),food|korean|hobak|banchan|panchan|zucchini fry|vegetable|cooking|korean zucchini|hobak chon|hobak jun|egg|16299|red bowl|canon,15,"well, almost all the ingredients--i forgot the flour."
n07716358_6812.JPEG,n07716358_6812,n07716358,zucchini,cucumber_zucchini,0,0,,,0,
n07716358_6817.JPEG,n07716358_6817,n07716358,zucchini,cucumber_zucchini,1,0,zucchini,zucchini|food,2,
n07716358_6824.JPEG,n07716358_6824,n07716358,zucchini,cucumber_zucchini,0,1,,,0,
n07716358_6843.JPEG,n07716358_6843,n07716358,zucchini,cucumber_zucchini,1,0,Giant zucchini.,zucchini|giant,2,Our garden really missed us while we were on vacation.
n07716358_6865.JPEG,n07716358_6865,n07716358,zucchini,cucumber_zucchini,1,0,Zucchini from 2006 Boyertown Garden,garden|zucchini,2,Gigantic Zucchini grown by using miracle grow sparingly and added a bucket of Mushroom Soil to the soil prior to planting.
n07716358_6868.JPEG,n07716358_6868,n07716358,zucchini,cucumber_zucchini,0,1,,,0,
n07716358_6874.JPEG,n07716358_6874,n07716358,zucchini,cucumber_zucchini,1,0,courgette blossom,mökki|cottage|small is beautiful,3,"(It's not actually very small, but hey)"
n07716358_6890.JPEG,n07716358_6890,n07716358,zucchini,cucumber_zucchini,1,1,"zucchini, chinese broccoli, lasagna, salad",zucchini|broccoli|lasagna|food|cooking,5,
n07716358_6926.JPEG,n07716358_6926,n07716358,zucchini,cucumber_zucchini,1,0,grilled zucchini,zucchini,1,
n07716358_694.JPEG,n07716358_694,n07716358,zucchini,cucumber_zucchini,0,0,,,0,
n07716358_6954.JPEG,n07716358_6954,n07716358,zucchini,cucumber_zucchini,1,0,Zucchini,farmer's|market|zucchini|courgettes,4,Fresh zucchini from the local farmer's market.
n07716358_6968.JPEG,n07716358_6968,n07716358,zucchini,cucumber_zucchini,1,0,Zucchini and blossom,zucchini|blossom,2,
n07716358_6995.JPEG,n07716358_6995,n07716358,zucchini,cucumber_zucchini,0,1,,,0,
n07716358_701.JPEG,n07716358_701,n07716358,zucchini,cucumber_zucchini,0,1,,,0,
n07716358_7027.JPEG,n07716358_7027,n07716358,zucchini,cucumber_zucchini,0,0,,,0,
n07716358_705.JPEG,n07716358_705,n07716358,zucchini,cucumber_zucchini,1,0,Summer Squash,food|vegetable|summer squash|zucchini|courgette|green|Pakatakan Farmer's Market|Halcottsville|Delaware County|Catskills|New York|July 12 '08|D80|Sigma 18-50mm f/2.8,14,At the Pakatakan Farmer's Market.
n07716358_7085.JPEG,n07716358_7085,n07716358,zucchini,cucumber_zucchini,0,0,,,0,
n07716358_7097.JPEG,n07716358_7097,n07716358,zucchini,cucumber_zucchini,1,1,zucchini to scale,food|garden|zucchini,3,next to a can of refried black beans
n07716358_7177.JPEG,n07716358_7177,n07716358,zucchini,cucumber_zucchini,1,0,zucchini,zucchini|vegetables|green|Picnik,4,
n07716358_718.JPEG,n07716358_718,n07716358,zucchini,cucumber_zucchini,0,0,,,0,
n07716358_7180.JPEG,n07716358_7180,n07716358,zucchini,cucumber_zucchini,0,1,,,0,
n07716358_7206.JPEG,n07716358_7206,n07716358,zucchini,cucumber_zucchini,1,1,Zucchini,gardening|plants|backyard|Zucchini|Squash|Summer Squash,6,Ready to be picked!! And grilled :)
n07716358_7226.JPEG,n07716358_7226,n07716358,zucchini,cucumber_zucchini,1,0,Zucchini and Garlic,Waimea|Kamuela|Big Island of Hawai‘i|Farmers Market|supporting the community|buy direct|zucchini|garlic|display|vegetables|Saturday morning,11,"Please click to the <a href=""http://www.flickr.com/photos/rosasay/sets/72157607146676304/"">Set Description</a> for the story on this market.  This photo: This zucchini was irresistible today; had to have them! Pick up some garlic, and all I need is some olive oil."
n07716358_723.JPEG,n07716358_723,n07716358,zucchini,cucumber_zucchini,1,1,stuffed zucchini,straßmann|zucchini|food,3,
n07716358_7242.JPEG,n07716358_7242,n07716358,zucchini,cucumber_zucchini,0,1,,,0,
n07716358_7247.JPEG,n07716358_7247,n07716358,zucchini,cucumber_zucchini,0,0,,,0,
n07716358_7251.JPEG,n07716358_7251,n07716358,zucchini,cucumber_zucchini,1,1,Zucchini,zucchini,1,My friend Carolyn gave me these zucchini on Thursday.  She said she got her seed from Seed Savers.
n07716358_7265.JPEG,n07716358_7265,n07716358,zucchini,cucumber_zucchini,1,0,Fleurs de courgettes niçoises,Nice|06|france|francia|europe|europa|courgettes|légume|fleur de courgette|most viewed picture|colores,11,
n07716358_7283.JPEG,n07716358_7283,n07716358,zucchini,cucumber_zucchini,0,1,,,0,
n07716358_7285.JPEG,n07716358_7285,n07716358,zucchini,cucumber_zucchini,1,0,"""Baby Bhindi"" - Bhindi Masala w/Baby Zucchini",bhindi|masala|baby|zucchini|raw|food|indian,7,"...and marinated onions garnished with chives, &amp; lime zest. "
n07716358_7298.JPEG,n07716358_7298,n07716358,zucchini,cucumber_zucchini,0,1,,,0,
n07716358_7311.JPEG,n07716358_7311,n07716358,zucchini,cucumber_zucchini,0,1,,,0,
n07716358_7355.JPEG,n07716358_7355,n07716358,zucchini,cucumber_zucchini,0,0,,,0,
n07716358_7365.JPEG,n07716358_7365,n07716358,zucchini,cucumber_zucchini,1,0,Roasted Garlic and Zucchini,Zucchini|Roasted|Garlic|Vegan,4,"Fresh zucchini from the neighbors garden with locally grown garlic and sprinkling of sage, basil, sea salt and cracked pepper"
n07716358_7434.JPEG,n07716358_7434,n07716358,zucchini,cucumber_zucchini,0,0,,,0,
n07716358_7458.JPEG,n07716358_7458,n07716358,zucchini,cucumber_zucchini,1,1,zucchini! again,zucchini|garden|2005,3,
n07716358_7486.JPEG,n07716358_7486,n07716358,zucchini,cucumber_zucchini,0,0,,,0,
n07716358_7487.JPEG,n07716358_7487,n07716358,zucchini,cucumber_zucchini,0,1,,,0,
n07716358_7555.JPEG,n07716358_7555,n07716358,zucchini,cucumber_zucchini,1,1,Peeling the zucchini,Dawn|Family|Fondue|Food|Hand|Holiday|NewYearsEve|Zucchini,8,
n07716358_7574.JPEG,n07716358_7574,n07716358,zucchini,cucumber_zucchini,1,1,courgette gone wrong,veg|courgette|neglect|rain ruining garden|rude veg,5,"been neglecting the garden recently because of the rain so I didn't pick this courgette early enough and well, it's gone a bit odd..."
n07716358_7584.JPEG,n07716358_7584,n07716358,zucchini,cucumber_zucchini,1,1,7/19/08: Alpha zucchini,zucchini|garden|summer|daily photo,4,I haven't seen any other ones yet. Perhaps this one was sent down from Planet Zucchini as a scout.  
n07716358_7618.JPEG,n07716358_7618,n07716358,zucchini,cucumber_zucchini,1,0,Zucchini Madness!,supermarket|grocery|grocery store|shop|shopping|produce|green|vegetables|zucchini,9,"December 20th, 2007."
n07716358_7626.JPEG,n07716358_7626,n07716358,zucchini,cucumber_zucchini,1,0,Prize Winning Zucchini,washington county fair|oregon|zucchini,3,"I had to work hard to restrain myself from taking these home... I do love me some <a href=""http://www.flickr.com/photos/alyssssyla/2626158276/in/set-72157605644798124/""> zucchini </a><a rel=""noreferrer nofollow""></a>"
n07716358_7687.JPEG,n07716358_7687,n07716358,zucchini,cucumber_zucchini,1,1,Zucchini!!,Zucchini,1,
n07716358_7850.JPEG,n07716358_7850,n07716358,zucchini,cucumber_zucchini,1,0,Zucchini,zucchini|vegetable,2,
n07716358_792.JPEG,n07716358_792,n07716358,zucchini,cucumber_zucchini,0,1,,,0,
n07716358_800.JPEG,n07716358_800,n07716358,zucchini,cucumber_zucchini,0,0,,,0,
n07716358_803.JPEG,n07716358_803,n07716358,zucchini,cucumber_zucchini,1,0,I love my mandoline.,baked orzo with zucchini|cooking|dinner|food|vegetable|vegetarian|zucchini,7,"Uniform slices!  <a href=""http://eatcraftlive.typepad.com/eat_craft_live/2008/11/baked-orzo-with-zucchini.html"" rel=""noreferrer nofollow"">recipe</a>"
n07716358_8041.JPEG,n07716358_8041,n07716358,zucchini,cucumber_zucchini,1,1,Giant Zucchini From the Garden,Home|Garden|2008|August|Zucchini|Grown,6,
n07716358_8055.JPEG,n07716358_8055,n07716358,zucchini,cucumber_zucchini,0,0,,,0,
n07716358_8079.JPEG,n07716358_8079,n07716358,zucchini,cucumber_zucchini,0,1,,,0,
n07716358_8119.JPEG,n07716358_8119,n07716358,zucchini,cucumber_zucchini,0,0,,,0,
n07716358_8149.JPEG,n07716358_8149,n07716358,zucchini,cucumber_zucchini,1,0,zucchini,zucchini,1,
n07716358_816.JPEG,n07716358_816,n07716358,zucchini,cucumber_zucchini,0,1,,,0,
n07716358_8175.JPEG,n07716358_8175,n07716358,zucchini,cucumber_zucchini,1,0,Obligatory photo of some yellow and green veg in August 2006,"k750i|the mitre|sandford orcas|dorset|uk|pub|courgette|yellow|green|coloursofaugust2006|obligatory|tasty|OYT|or|zucchini|for our american friends|two nations, etc|OGT|too",19,"Locally produced Dorset courgettes, all glossy and yummy looking"
n07716358_8266.JPEG,n07716358_8266,n07716358,zucchini,cucumber_zucchini,0,0,,,0,
n07716358_8285.JPEG,n07716358_8285,n07716358,zucchini,cucumber_zucchini,0,0,,,0,
n07716358_830.JPEG,n07716358_830,n07716358,zucchini,cucumber_zucchini,1,0,Zucchini Blossoms from talkoftomatoes.com,zucchini|squash|blossoms,3,"filled with cheese wrapped in bacon. <a href=""http://www.talkoftomatoes.com/2006/08/22/zucchini-blossoms/"" rel=""noreferrer nofollow"">www.talkoftomatoes.com/2006/08/22/zucchini-blossoms/</a>"
n07716358_8358.JPEG,n07716358_8358,n07716358,zucchini,cucumber_zucchini,0,0,,,0,
n07716358_839.JPEG,n07716358_839,n07716358,zucchini,cucumber_zucchini,1,1,20080823-1 giga courgette uit maartens tuin,guillestre|eerste|maanden,3,Af en toe krijgen we een lading courgettes uit buurman maartens tuin. Deze was wel erg groot!
n07716358_8390.JPEG,n07716358_8390,n07716358,zucchini,cucumber_zucchini,1,0,zucchini,zucchini|garden|redwood|city,4,our zucchini plant is starting to pump out delicious veggies
n07716358_8397.JPEG,n07716358_8397,n07716358,zucchini,cucumber_zucchini,1,1,Zucchini from our garden,zucchini,1,
n07716358_8438.JPEG,n07716358_8438,n07716358,zucchini,cucumber_zucchini,0,0,,,0,
n07716358_8455.JPEG,n07716358_8455,n07716358,zucchini,cucumber_zucchini,0,0,,,0,
n07716358_8575.JPEG,n07716358_8575,n07716358,zucchini,cucumber_zucchini,1,0,Zucchini Assortment,Zucchinis|Zucchini|Patty Pan|Yellow Squash|Squash|Squashes|Harvest|Yellow|Green|Garden,10,
n07716358_8578.JPEG,n07716358_8578,n07716358,zucchini,cucumber_zucchini,0,1,,,0,
n07716358_8661.JPEG,n07716358_8661,n07716358,zucchini,cucumber_zucchini,0,1,,,0,
n07716358_8664.JPEG,n07716358_8664,n07716358,zucchini,cucumber_zucchini,0,0,,,0,
n07716358_8674.JPEG,n07716358_8674,n07716358,zucchini,cucumber_zucchini,0,1,,,0,
n07716358_8695.JPEG,n07716358_8695,n07716358,zucchini,cucumber_zucchini,0,0,,,0,
n07716358_8726.JPEG,n07716358_8726,n07716358,zucchini,cucumber_zucchini,0,1,,,0,
n07716358_8754.JPEG,n07716358_8754,n07716358,zucchini,cucumber_zucchini,1,0,Zucchini lined up again,zucchini|harvest|vege patch|　家庭菜園　野菜　現代農業　gardening in Japan,4,
n07716358_8796.JPEG,n07716358_8796,n07716358,zucchini,cucumber_zucchini,1,1,Zucchini Baking,Zucchini|food|cutting|board,4,
n07716358_8820.JPEG,n07716358_8820,n07716358,zucchini,cucumber_zucchini,1,1,Zucchini Outtake,Dana|Zucchini|Garden|May|2007|365Rejects|Silly Face|Self Portrait|Green|White|Color+Color|Green+White|Color,13,
n07716358_8848.JPEG,n07716358_8848,n07716358,zucchini,cucumber_zucchini,1,0,zucchini coins,cooking|kefta|meatballs|zucchini|grilling,5,"<a href=""http://smittenkitchen.com/2008/08/kefta-and-zucchini-kebabs/"" rel=""noreferrer nofollow"">Kefta and Zucchini Kebabs</a> on smittenkitchen.com"
n07716358_8898.JPEG,n07716358_8898,n07716358,zucchini,cucumber_zucchini,1,1,zucchini_20080727_002,Giant|zucchini|garden|2008,4,"This is the Giant Zucchini from my Garden picked on July 27, 2008."
n07716358_8938.JPEG,n07716358_8938,n07716358,zucchini,cucumber_zucchini,0,1,,,0,
n07716358_8973.JPEG,n07716358_8973,n07716358,zucchini,cucumber_zucchini,0,1,,,0,
n07716358_8988.JPEG,n07716358_8988,n07716358,zucchini,cucumber_zucchini,0,0,,,0,
n07716358_8993.JPEG,n07716358_8993,n07716358,zucchini,cucumber_zucchini,0,0,,,0,
n07716358_9014.JPEG,n07716358_9014,n07716358,zucchini,cucumber_zucchini,0,0,,,0,
n07716358_902.JPEG,n07716358_902,n07716358,zucchini,cucumber_zucchini,0,0,,,0,
n07716358_9030.JPEG,n07716358_9030,n07716358,zucchini,cucumber_zucchini,0,0,,,0,
n07716358_904.JPEG,n07716358_904,n07716358,zucchini,cucumber_zucchini,0,0,,,0,
n07716358_9042.JPEG,n07716358_9042,n07716358,zucchini,cucumber_zucchini,1,0,sliced zucchini,zucchini-mushroom|soup,2,
n07716358_9086.JPEG,n07716358_9086,n07716358,zucchini,cucumber_zucchini,1,1,more zucchini,garden|plant|zucchini,3,Oooh.......more zucchini growing!  That means more zucchini bread.  And more fried zucchini and bacon sandwiches.  Yum!
n07716358_9089.JPEG,n07716358_9089,n07716358,zucchini,cucumber_zucchini,0,0,,,0,
n07716358_9099.JPEG,n07716358_9099,n07716358,zucchini,cucumber_zucchini,0,0,,,0,
n07716358_9112.JPEG,n07716358_9112,n07716358,zucchini,cucumber_zucchini,1,0,DSC_0009_0104,pasta|cooking|dinner|food|Pioneer Woman|Ree Drummond|recipe|The Pioneer Woman Cooks,8,
n07716358_9119.JPEG,n07716358_9119,n07716358,zucchini,cucumber_zucchini,0,1,,,0,
n07716358_9135.JPEG,n07716358_9135,n07716358,zucchini,cucumber_zucchini,0,0,,,0,
n07716358_9151.JPEG,n07716358_9151,n07716358,zucchini,cucumber_zucchini,0,0,,,0,
n07716358_9178.JPEG,n07716358_9178,n07716358,zucchini,cucumber_zucchini,0,0,,,0,
n07716358_9184.JPEG,n07716358_9184,n07716358,zucchini,cucumber_zucchini,1,0,Zucchini,zucchini|farm,2,
n07716358_9199.JPEG,n07716358_9199,n07716358,zucchini,cucumber_zucchini,1,1,From my garden--Zucchini squash,Zucchini,1,
n07716358_9214.JPEG,n07716358_9214,n07716358,zucchini,cucumber_zucchini,0,1,,,0,
n07716358_9307.JPEG,n07716358_9307,n07716358,zucchini,cucumber_zucchini,1,0,"Quiche, Zucchini",quiche|zucchini|courgette|food|vegetables,5,
n07716358_9344.JPEG,n07716358_9344,n07716358,zucchini,cucumber_zucchini,0,1,,,0,
n07716358_9347.JPEG,n07716358_9347,n07716358,zucchini,cucumber_zucchini,0,0,,,0,
n07716358_935.JPEG,n07716358_935,n07716358,zucchini,cucumber_zucchini,1,0,"zucchini, can we be best pals?",zucchini|cooking|vegetables|ratatouille|learning to cook,5,"because I think you're pretty awesome, even though sometimes your friend the bell pepper overpowers you."
n07716358_9362.JPEG,n07716358_9362,n07716358,zucchini,cucumber_zucchini,0,1,,,0,
n07716358_9369.JPEG,n07716358_9369,n07716358,zucchini,cucumber_zucchini,0,1,,,0,
n07716358_9376.JPEG,n07716358_9376,n07716358,zucchini,cucumber_zucchini,0,0,,,0,
n07716358_9395.JPEG,n07716358_9395,n07716358,zucchini,cucumber_zucchini,1,1,zucchini,biggest|zucchini|ever,3,it was hiding behind the leaves... we didn't even know it was there.
n07716358_9491.JPEG,n07716358_9491,n07716358,zucchini,cucumber_zucchini,1,1,Zucchini,zucchini|squash|green|containergarden|garden,5,I'm picking this one today.  It's a lot bigger than it looks in the pic.  It's almost a foot long.
n07716358_9544.JPEG,n07716358_9544,n07716358,zucchini,cucumber_zucchini,0,0,,,0,
n07716358_9550.JPEG,n07716358_9550,n07716358,zucchini,cucumber_zucchini,0,1,,,0,
n07716358_9588.JPEG,n07716358_9588,n07716358,zucchini,cucumber_zucchini,0,0,,,0,
n07716358_960.JPEG,n07716358_960,n07716358,zucchini,cucumber_zucchini,1,0,The first zucchini,zucchini|vegetrables,2,I was out in the garden looking around and this guy was there and was only about 4 inches long.  3 days later I go back out and it has reached 12&quot;.  I couldn't believe it.    It was yummy I grilled it
n07716358_9653.JPEG,n07716358_9653,n07716358,zucchini,cucumber_zucchini,0,0,,,0,
n07716358_9686.JPEG,n07716358_9686,n07716358,zucchini,cucumber_zucchini,1,1,What to do with a huge zucchini,zucchini,1,"Hmm.  Got this from the garden I work in -- another gardener offered it, and why not?  I have always had bad experience with them over the years so I'm looking forward to trying again and doing it right this time.  ;-)  Any suggestions welcomed..."
n07716358_9732.JPEG,n07716358_9732,n07716358,zucchini,cucumber_zucchini,0,1,,,0,
n07716358_9749.JPEG,n07716358_9749,n07716358,zucchini,cucumber_zucchini,0,1,,,0,
n07716358_979.JPEG,n07716358_979,n07716358,zucchini,cucumber_zucchini,0,1,,,0,
n07716358_9821.JPEG,n07716358_9821,n07716358,zucchini,cucumber_zucchini,0,0,,,0,
n07716358_9835.JPEG,n07716358_9835,n07716358,zucchini,cucumber_zucchini,1,0,Zucchini - Portland Farmers Market,zucchini|portland farmers market|farmers market|portland,4,
n07716358_9840.JPEG,n07716358_9840,n07716358,zucchini,cucumber_zucchini,1,1,Devil Zucchini,Zucchini|Gemüse|Faces|albiedo|Loch|Devil,6,Der Leibhaftige ist mir in einer Zucchini erschienen....
n07716358_9866.JPEG,n07716358_9866,n07716358,zucchini,cucumber_zucchini,0,1,,,0,
n07716358_9887.JPEG,n07716358_9887,n07716358,zucchini,cucumber_zucchini,0,0,,,0,
n07716358_9897.JPEG,n07716358_9897,n07716358,zucchini,cucumber_zucchini,0,1,,,0,
n07716358_9909.JPEG,n07716358_9909,n07716358,zucchini,cucumber_zucchini,0,0,,,0,
n07716358_9934.JPEG,n07716358_9934,n07716358,zucchini,cucumber_zucchini,0,0,,,0,
n07716358_9953.JPEG,n07716358_9953,n07716358,zucchini,cucumber_zucchini,1,0,"Shrimp, Fava Bean, Zucchini over Angel Hair",2008|shrimp|favabean|zucchini|pasta,5,"<a href=""http://sundaynitedinner.com/shrimp-fava-bean-zucchini-pasta/"" rel=""noreferrer nofollow"">Shrimp, Fava Bean and Zucchini Pasta Recipe</a> at Sunday Nite Dinner"
n07716358_9974.JPEG,n07716358_9974,n07716358,zucchini,cucumber_zucchini,1,1,playing with zucchini,zucchini|up-close|close-up|green,4,
n07716358_9981.JPEG,n07716358_9981,n07716358,zucchini,cucumber_zucchini,0,0,,,0,
n07716358_9983.JPEG,n07716358_9983,n07716358,zucchini,cucumber_zucchini,1,0,My first zucchini,fordham|zucchini|garden|vegetable|green,5,"Which was quickly made into zucchini patties, and consumed not long after.  "
n07716358_9984.JPEG,n07716358_9984,n07716358,zucchini,cucumber_zucchini,0,0,,,0,
n07716358_9995.JPEG,n07716358_9995,n07716358,zucchini,cucumber_zucchini,0,0,,,0,
n07716358_9996.JPEG,n07716358_9996,n07716358,zucchini,cucumber_zucchini,0,0,,,0,
n07716358_9997.JPEG,n07716358_9997,n07716358,zucchini,cucumber_zucchini,1,1,Tom and His Big Zucchini,July07|Tom|kitchen|baking|zucchini,5,Tom got his bake on today. Here he's shredding zuchinni for bread and muffins.
