pair,arm,setup,level,metric,mean,sd,ci_lo,ci_hi,k
acousticguitar_violin,caption,w03,caption,accuracy,0.9765880373915179,0.004103432235265271,0.9748942238138975,0.9782818509691383,25
acousticguitar_violin,caption,w03,caption,balanced_accuracy,0.9785259790386956,0.0036056569736747065,0.9770376369903574,0.9800143210870339,25
acousticguitar_violin,caption,w03,caption,precision_macro,0.9733359908794099,0.004683196015924936,0.971402862575192,0.9752691191836278,25
acousticguitar_violin,caption,w03,caption,recall_macro,0.9785259790386956,0.0036056569736747065,0.9770376369903574,0.9800143210870339,25
acousticguitar_violin,caption,w03,caption,f1_macro,0.9757025650814771,0.00422314895481319,0.9739593348708011,0.9774457952921531,25
acousticguitar_violin,caption,w03,caption,roc_auc,0.996497385664983,0.001787630979434272,0.9957594878635478,0.9972352834664182,25
acousticguitar_violin,caption,w03,caption,pr_auc,0.9957471649842486,0.0015752513951371764,0.9950969331665234,0.9963973968019739,25
acousticguitar_violin,caption,w03,caption,log_loss,0.09059665054326174,0.007761346859491767,0.0873929240193415,0.09380037706718199,25
acousticguitar_violin,caption,w03,caption,brier,0.020368881534084147,0.0025318653838157026,0.019323778869305544,0.02141398419886275,25
acousticguitar_violin,caption,w03,caption,mcc,0.9518466370724725,0.008230313518723973,0.9484493306258641,0.9552439435190809,25
acousticguitar_violin,caption,w03,caption,kappa,0.9514166459873898,0.008438213112957588,0.947933522806081,0.9548997691686987,25
acousticguitar_violin,caption,w03,caption,precision_acousticguitar,0.9918893922157436,0.002471896086748285,0.9908690436601568,0.9929097407713303,25
acousticguitar_violin,caption,w03,caption,recall_acousticguitar,0.9690820332653612,0.00668032963596756,0.9663245287199863,0.9718395378107362,25
acousticguitar_violin,caption,w03,caption,f1_acousticguitar,0.9803395368369155,0.003508563500376152,0.9788912730045541,0.981787800669277,25
acousticguitar_violin,caption,w03,caption,precision_violin,0.9547825895430764,0.009259485442002554,0.9509604618060434,0.9586047172801093,25
acousticguitar_violin,caption,w03,caption,recall_violin,0.98796992481203,0.003721614637823929,0.9864337177924424,0.9895061318316177,25
acousticguitar_violin,caption,w03,caption,f1_violin,0.9710655933260389,0.004939611994077748,0.9690266217081234,0.9731045649439545,25
acousticguitar_violin,caption,w03,image,accuracy,0.9864361600071392,0.004780440814992875,0.9844628910227369,0.9884094289915415,25
acousticguitar_violin,caption,w03,image,balanced_accuracy,0.9873891377831602,0.004207624195973542,0.985652315877972,0.9891259596883484,25
acousticguitar_violin,caption,w03,image,precision_macro,0.9845715086532693,0.005638354445091707,0.9822441103274345,0.986898906979104,25
acousticguitar_violin,caption,w03,image,recall_macro,0.9873891377831602,0.004207624195973542,0.985652315877972,0.9891259596883484,25
acousticguitar_violin,caption,w03,image,f1_macro,0.9858897040919767,0.004945953397538246,0.983848114871365,0.9879312933125884,25
acousticguitar_violin,caption,w03,image,roc_auc,0.9979271253213493,0.0019847955119349893,0.9971078420009076,0.998746408641791,25
acousticguitar_violin,caption,w03,image,pr_auc,0.9978678390712605,0.001652986771601459,0.9971855196672008,0.9985501584753202,25
acousticguitar_violin,caption,w03,image,log_loss,0.08418222696696845,0.0072331848141727415,0.08119651502017629,0.08716793891376061,25
acousticguitar_violin,caption,w03,image,brier,0.01603119832617236,0.002361095850848371,0.01505658586008599,0.01700581079225873,25
acousticguitar_violin,caption,w03,image,mcc,0.9719543365918437,0.009731164475861379,0.9679375093189045,0.9759711638647829,25
acousticguitar_violin,caption,w03,image,kappa,0.9717825927294607,0.009887899822119977,0.9677010682853816,0.9758641171735397,25
acousticguitar_violin,caption,w03,image,precision_acousticguitar,0.9946971238640394,0.0033180208269338045,0.9933275121816073,0.9960667355464715,25
acousticguitar_violin,caption,w03,image,recall_acousticguitar,0.9827482003783504,0.008014468343346891,0.979439990441141,0.9860564103155598,25
acousticguitar_violin,caption,w03,image,f1_acousticguitar,0.988665251504775,0.004040358659869634,0.9869974734194618,0.9903330295900883,25
acousticguitar_violin,caption,w03,image,precision_violin,0.9744458934424989,0.011495717233225533,0.9697006945899915,0.9791910922950062,25
acousticguitar_violin,caption,w03,image,recall_violin,0.9920300751879698,0.005010964667451675,0.9899616506340654,0.9940984997418743,25
acousticguitar_violin,caption,w03,image,f1_violin,0.9831141566791785,0.005852607575297496,0.9806983190078925,0.9855299943504644,25
acousticguitar_violin,caption,w05,caption,accuracy,0.988742600896861,0.003349781609008773,0.9873598790079408,0.9901253227857811,25
acousticguitar_violin,caption,w05,caption,balanced_accuracy,0.9886058484540221,0.003219308884419675,0.987276983058824,0.9899347138492202,25
acousticguitar_violin,caption,w05,caption,precision_macro,0.9879433957574427,0.003833406387401385,0.986361043371624,0.9895257481432614,25
acousticguitar_violin,caption,w05,caption,recall_macro,0.9886058484540221,0.003219308884419675,0.987276983058824,0.9899347138492202,25
acousticguitar_violin,caption,w05,caption,f1_macro,0.9882578002209955,0.0034832796193120007,0.9868199730617863,0.9896956273802048,25
acousticguitar_violin,caption,w05,caption,roc_auc,0.998089936157742,0.0012603878265374146,0.9975696736332852,0.9986101986821988,25
acousticguitar_violin,caption,w05,caption,pr_auc,0.9978699406949236,0.0011409705467153356,0.9973989712008785,0.9983409101889688,25
acousticguitar_violin,caption,w05,caption,log_loss,0.0890387997427615,0.005616228367947835,0.0867205346126851,0.09135706487283791,25
acousticguitar_violin,caption,w05,caption,brier,0.015829552166973924,0.0019225745070879804,0.015035952415013607,0.016623151918934244,25
acousticguitar_violin,caption,w05,caption,mcc,0.9765479870433731,0.006931992458902596,0.973686601190344,0.9794093728964022,25
acousticguitar_violin,caption,w05,caption,kappa,0.9765160859174697,0.006965873564218922,0.9736407146315349,0.9793914572034046,25
acousticguitar_violin,caption,w05,caption,precision_acousticguitar,0.9920355884458253,0.002986016040739311,0.9908030216035293,0.9932681552881213,25
acousticguitar_violin,caption,w05,caption,recall_acousticguitar,0.989271847283984,0.004915723074052311,0.9872427365276043,0.9913009580403637,25
acousticguitar_violin,caption,w05,caption,f1_acousticguitar,0.9906432745733279,0.002801642018235642,0.9894868135870013,0.9917997355596545,25
acousticguitar_violin,caption,w05,caption,precision_violin,0.9838512030690603,0.0072285210982765795,0.9808674162095741,0.9868349899285465,25
acousticguitar_violin,caption,w05,caption,recall_violin,0.9879398496240601,0.004560508326051345,0.9860573643091741,0.9898223349389461,25
acousticguitar_violin,caption,w05,caption,f1_violin,0.985872325868663,0.004165589231364271,0.9841528551440738,0.9875917965932522,25
acousticguitar_violin,caption,w05,image,accuracy,0.9907383263056913,0.0036077221647901067,0.9892491317883585,0.992227520823024,25
acousticguitar_violin,caption,w05,image,balanced_accuracy,0.9905995826359255,0.0035951848294564197,0.9891155632762652,0.9920836019955859,25
acousticguitar_violin,caption,w05,image,precision_macro,0.9901149134207168,0.004051142182862542,0.9884426841158847,0.9917871427255489,25
acousticguitar_violin,caption,w05,image,recall_macro,0.9905995826359255,0.0035951848294564197,0.9891155632762652,0.9920836019955859,25
acousticguitar_violin,caption,w05,image,f1_macro,0.9903376956289418,0.003756757961969456,0.9887869821581231,0.9918884090997605,25
acousticguitar_violin,caption,w05,image,roc_auc,0.9987841070996779,0.0011907850814046402,0.9982925751763341,0.9992756390230217,25
acousticguitar_violin,caption,w05,image,pr_auc,0.9986409286097857,0.0011281261281424803,0.9981752610311441,0.9991065961884273,25
acousticguitar_violin,caption,w05,image,log_loss,0.08649290157270871,0.00544919104651709,0.08424358606012013,0.0887422170852973,25
acousticguitar_violin,caption,w05,image,brier,0.013862520915224165,0.0018465762867242936,0.013100291686802828,0.014624750143645502,25
acousticguitar_violin,caption,w05,image,mcc,0.9807130127289904,0.007478499015727806,0.9776260400566509,0.9837999854013298,25
acousticguitar_violin,caption,w05,image,kappa,0.9806758693753662,0.007512911080739707,0.9775746921007307,0.9837770466500018,25
acousticguitar_violin,caption,w05,image,precision_acousticguitar,0.9933591475915651,0.0037328238174110543,0.991818313650052,0.9948999815330781,25
acousticguitar_violin,caption,w05,image,recall_acousticguitar,0.9912743532417758,0.005166327075580454,0.9891417982377377,0.9934069082458139,25
acousticguitar_violin,caption,w05,image,f1_acousticguitar,0.9923046644796953,0.003009205662670179,0.9910625254319297,0.9935468035274609,25
acousticguitar_violin,caption,w05,image,precision_violin,0.9868706792498685,0.007619594487605613,0.9837254652292369,0.9900158932705001,25
acousticguitar_violin,caption,w05,image,recall_violin,0.9899248120300751,0.005713791035176928,0.9875662750102862,0.992283349049864,25
acousticguitar_violin,caption,w05,image,f1_violin,0.9883707267781883,0.004505071207388613,0.9865111247811961,0.9902303287751805,25
acousticguitar_violin,caption,w07,caption,accuracy,0.9888503669990852,0.0037156367097380713,0.9873166275469331,0.9903841064512374,25
acousticguitar_violin,caption,w07,caption,balanced_accuracy,0.988541448885462,0.003695247069414935,0.9870161258631769,0.9900667719077472,25
acousticguitar_violin,caption,w07,caption,precision_macro,0.9882166878782886,0.004135303405562893,0.9865097185281613,0.989923657228416,25
acousticguitar_violin,caption,w07,caption,recall_macro,0.988541448885462,0.003695247069414935,0.9870161258631769,0.9900667719077472,25
acousticguitar_violin,caption,w07,caption,f1_macro,0.9883656017061213,0.0038704848275359807,0.9867679440924504,0.9899632593197922,25
acousticguitar_violin,caption,w07,caption,roc_auc,0.9979422330732859,0.0011591729517472997,0.9974637499957281,0.9984207161508437,25
acousticguitar_violin,caption,w07,caption,pr_auc,0.9976567999217397,0.001161255326673517,0.9971774572820589,0.9981361425614206,25
acousticguitar_violin,caption,w07,caption,log_loss,0.10851648314442701,0.005913053869062635,0.10607569446938953,0.11095727181946449,25
acousticguitar_violin,caption,w07,caption,brier,0.019694746209570096,0.0020583443311827754,0.018845103428677432,0.02054438899046276,25
acousticguitar_violin,caption,w07,caption,mcc,0.9767571093530663,0.007717335624137705,0.9735715497742146,0.979942668931918,25
acousticguitar_violin,caption,w07,caption,kappa,0.976731584147274,0.007740466433766204,0.973536476639478,0.9799266916550701,25
acousticguitar_violin,caption,w07,caption,precision_acousticguitar,0.9914514113321622,0.003394783813381023,0.9900501134462671,0.9928527092180572,25
acousticguitar_violin,caption,w07,caption,recall_acousticguitar,0.9900453037859617,0.004861367381144144,0.9880386299568639,0.9920519776150595,25
acousticguitar_violin,caption,w07,caption,f1_acousticguitar,0.9907400476666818,0.0030968546680758074,0.9894617288876792,0.9920183664456843,25
acousticguitar_violin,caption,w07,caption,precision_violin,0.9849819644244152,0.007196109999863448,0.9820115562088082,0.9879523726400222,25
acousticguitar_violin,caption,w07,caption,recall_violin,0.9870375939849623,0.005192326818231434,0.9848943068146322,0.9891808811552923,25
acousticguitar_violin,caption,w07,caption,f1_violin,0.9859911557455608,0.00464477931124201,0.9840738850776505,0.9879084264134712,25
acousticguitar_violin,caption,w07,image,accuracy,0.9903801173504674,0.0040455704227579554,0.9887101879551684,0.9920500467457664,25
acousticguitar_violin,caption,w07,image,balanced_accuracy,0.9899179218468498,0.004296984423533839,0.9881442138526358,0.9916916298410637,25
acousticguitar_violin,caption,w07,image,precision_macro,0.9900274657013811,0.00428347841848517,0.9882593327120459,0.9917955986907163,25
acousticguitar_violin,caption,w07,image,recall_macro,0.9899179218468498,0.004296984423533839,0.9881442138526358,0.9916916298410637,25
acousticguitar_violin,caption,w07,image,f1_macro,0.9899558266745677,0.004223455261444483,0.9882124700267286,0.9916991833224068,25
acousticguitar_violin,caption,w07,image,roc_auc,0.9987818756408747,0.0009958267812836766,0.9983708185485703,0.9991929327331791,25
acousticguitar_violin,caption,w07,image,pr_auc,0.9985847487991036,0.0010375411797162305,0.9981564728494144,0.9990130247487928,25
acousticguitar_violin,caption,w07,image,log_loss,0.10572333911003536,0.005651237341062631,0.10339062298610781,0.1080560552339629,25
acousticguitar_violin,caption,w07,image,brier,0.017447368229509316,0.001988790407722693,0.01662643589713362,0.018268300561885012,25
acousticguitar_violin,caption,w07,image,mcc,0.9799440489609167,0.008422395229246022,0.976467455081096,0.9834206428407374,25
acousticguitar_violin,caption,w07,image,kappa,0.9799120670303985,0.008446494647264392,0.9764255253997409,0.983398608661056,25
acousticguitar_violin,caption,w07,image,precision_acousticguitar,0.9918932960217249,0.004610762365114505,0.9899900668590512,0.9937965251843986,25
acousticguitar_violin,caption,w07,image,recall_acousticguitar,0.992166670761369,0.004727109842889271,0.9902154157202896,0.9941179258024484,25
acousticguitar_violin,caption,w07,image,f1_acousticguitar,0.9920196972278318,0.003357440926903125,0.9906338137278745,0.9934055807277891,25
acousticguitar_violin,caption,w07,image,precision_violin,0.9881616353810372,0.0070245229485538865,0.9852620548191084,0.9910612159429659,25
acousticguitar_violin,caption,w07,image,recall_violin,0.9876691729323308,0.007076595440348607,0.9847480979022191,0.9905902479624425,25
acousticguitar_violin,caption,w07,image,f1_violin,0.9878919561213035,0.005090204651699699,0.9857908229094965,0.9899930893331106,25
acousticguitar_violin,caption,w10,caption,accuracy,0.9830291948330099,0.004092820055497168,0.9813397617479013,0.9847186279181185,25
acousticguitar_violin,caption,w10,caption,balanced_accuracy,0.9838703516893602,0.0037840832250570218,0.982308358904305,0.9854323444744154,25
acousticguitar_violin,caption,w10,caption,precision_macro,0.9809606183537656,0.004661192830931783,0.9790365725179194,0.9828846641896117,25
acousticguitar_violin,caption,w10,caption,recall_macro,0.9838703516893602,0.0037840832250570218,0.982308358904305,0.9854323444744154,25
acousticguitar_violin,caption,w10,caption,f1_macro,0.9823418088866839,0.004240574464458877,0.9805913857791493,0.9840922319942185,25
acousticguitar_violin,caption,w10,caption,roc_auc,0.9980310992945598,0.0013405030186561372,0.9974777668441474,0.9985844317449722,25
acousticguitar_violin,caption,w10,caption,pr_auc,0.9977676689625758,0.0012061832197981135,0.9972697810000956,0.9982655569250561,25
acousticguitar_violin,caption,w10,caption,log_loss,0.13853592863166322,0.007124626812758152,0.13559502722546563,0.14147683003786082,25
acousticguitar_violin,caption,w10,caption,brier,0.026301544697990425,0.002521251644431846,0.02526082316950139,0.02734226622647946,25
acousticguitar_violin,caption,w10,caption,mcc,0.9648256981438604,0.008391606203745025,0.9613618133491288,0.968289582938592,25
acousticguitar_violin,caption,w10,caption,kappa,0.9646864469608127,0.008478785293158812,0.9611865764066321,0.9681863175149934,25
acousticguitar_violin,caption,w10,caption,precision_acousticguitar,0.9919721248390293,0.002552046740405876,0.990918691719683,0.9930255579583755,25
acousticguitar_violin,caption,w10,caption,recall_acousticguitar,0.9797707785666904,0.005851509958225384,0.9773553939694637,0.982186163163917,25
acousticguitar_violin,caption,w10,caption,f1_acousticguitar,0.9858251365834644,0.0034485177460232756,0.9844016584203111,0.9872486147466176,25
acousticguitar_violin,caption,w10,caption,precision_violin,0.9699491118685017,0.00842587846067003,0.9664710801814158,0.9734271435555877,25
acousticguitar_violin,caption,w10,caption,recall_violin,0.98796992481203,0.0038399883323419876,0.9863848555328723,0.9895549940911879,25
acousticguitar_violin,caption,w10,caption,f1_violin,0.9788584811899037,0.005033441020656047,0.9767807788533894,0.980936183526418,25
acousticguitar_violin,caption,w10,image,accuracy,0.988826004506615,0.004544867417639142,0.9869499754414038,0.9907020335718261,25
acousticguitar_violin,caption,w10,image,balanced_accuracy,0.9890643334375789,0.0045258230018936614,0.9871961655208207,0.9909325013543372,25
acousticguitar_violin,caption,w10,image,precision_macro,0.9876951627232877,0.0049915019960635985,0.9856347719652799,0.9897555534812955,25
acousticguitar_violin,caption,w10,image,recall_macro,0.9890643334375789,0.0045258230018936614,0.9871961655208207,0.9909325013543372,25
acousticguitar_violin,caption,w10,image,f1_macro,0.9883535613677172,0.004730441000847583,0.9864009312922142,0.9903061914432203,25
acousticguitar_violin,caption,w10,image,roc_auc,0.9987807876199847,0.0012855740506411307,0.9982501287331877,0.9993114465067816,25
acousticguitar_violin,caption,w10,image,pr_auc,0.9986905774308181,0.0011561856651311022,0.9982133274445704,0.9991678274170659,25
acousticguitar_violin,caption,w10,image,log_loss,0.1356189286954771,0.00673592434448562,0.13283847578231328,0.1383993816086409,25
acousticguitar_violin,caption,w10,image,brier,0.023718048276631497,0.0023666913314028667,0.02274112610969152,0.024694970443571475,25
acousticguitar_violin,caption,w10,image,mcc,0.9767575644647983,0.009426783833243366,0.9728663793459564,0.9806487495836402,25
acousticguitar_violin,caption,w10,image,kappa,0.9767078500408803,0.009460111745880124,0.9728029078358479,0.9806127922459128,25
acousticguitar_violin,caption,w10,image,precision_acousticguitar,0.9935271829886847,0.0038549758215178143,0.9919359271780565,0.9951184387993129,25
acousticguitar_violin,caption,w10,image,recall_acousticguitar,0.9879031029653834,0.005556508096861131,0.9856094891516262,0.9901967167791407,25
acousticguitar_violin,caption,w10,image,f1_acousticguitar,0.990698824439479,0.0037940359893525546,0.989132723355241,0.9922649255237169,25
acousticguitar_violin,caption,w10,image,precision_violin,0.9818631424578907,0.00818104375049653,0.9784861735720376,0.9852401113437439,25
acousticguitar_violin,caption,w10,image,recall_violin,0.9902255639097746,0.005844222464341359,0.9878131874421769,0.9926379403773722,25
acousticguitar_violin,caption,w10,image,f1_violin,0.9860082982959554,0.005667430974948765,0.9836688977684908,0.98834769882342,25
acousticguitar_violin,caption_noclass,w03,caption,accuracy,0.7958622492916584,0.012753147144985636,0.7905980088819051,0.8011264897014116,25
acousticguitar_violin,caption_noclass,w03,caption,balanced_accuracy,0.7955934136128961,0.01326349321694602,0.7901185126983725,0.8010683145274198,25
acousticguitar_violin,caption_noclass,w03,caption,precision_macro,0.7877402487473365,0.012897159101470245,0.7824165631236141,0.7930639343710589,25
acousticguitar_violin,caption_noclass,w03,caption,recall_macro,0.7955934136128961,0.01326349321694602,0.7901185126983725,0.8010683145274198,25
acousticguitar_violin,caption_noclass,w03,caption,f1_macro,0.790147213458074,0.013029268604552119,0.784768995711674,0.795525431204474,25
acousticguitar_violin,caption_noclass,w03,caption,roc_auc,0.88576030873932,0.011984298404548491,0.8808134334914662,0.8907071839871737,25
acousticguitar_violin,caption_noclass,w03,caption,pr_auc,0.8425330759964761,0.0176447752435201,0.8352496707474059,0.8498164812455463,25
acousticguitar_violin,caption_noclass,w03,caption,log_loss,0.4364826913828648,0.014269020542523877,0.4305927291881536,0.44237265357757594,25
acousticguitar_violin,caption_noclass,w03,caption,brier,0.1408961830026764,0.005977904746936281,0.13842862520092616,0.14336374080442663,25
acousticguitar_violin,caption_noclass,w03,caption,mcc,0.583277954794061,0.02609036827462777,0.572508380083191,0.5940475295049309,25
acousticguitar_violin,caption_noclass,w03,caption,kappa,0.5810696622864484,0.02599748276383517,0.5703384288300026,0.5918008957428942,25
acousticguitar_violin,caption_noclass,w03,caption,precision_acousticguitar,0.8546799885415522,0.013057960490007304,0.8492899273669279,0.8600700497161766,25
acousticguitar_violin,caption_noclass,w03,caption,recall_acousticguitar,0.7969011129400783,0.015699262702232347,0.7904207757981266,0.8033814500820299,25
acousticguitar_violin,caption_noclass,w03,caption,f1_acousticguitar,0.8246815407284128,0.0113441427169389,0.8199989087611341,0.8293641726956915,25
acousticguitar_violin,caption_noclass,w03,caption,precision_violin,0.7208005089531209,0.016560989262971112,0.7139644685693243,0.7276365493369175,25
acousticguitar_violin,caption_noclass,w03,caption,recall_violin,0.7942857142857143,0.021111848332433698,0.7855711716043905,0.803000256967038,25
acousticguitar_violin,caption_noclass,w03,caption,f1_violin,0.7556128861877349,0.01525604841329503,0.7493154989124695,0.7619102734630003,25
acousticguitar_violin,caption_noclass,w03,image,accuracy,0.8233631840796021,0.017180596542526055,0.8162713823811959,0.8304549857780082,25
acousticguitar_violin,caption_noclass,w03,image,balanced_accuracy,0.8249928096412321,0.01799729533527031,0.8175638912501003,0.8324217280323639,25
acousticguitar_violin,caption_noclass,w03,image,precision_macro,0.8159305180610968,0.017475327929333727,0.8087170572256308,0.8231439788965629,25
acousticguitar_violin,caption_noclass,w03,image,recall_macro,0.8249928096412321,0.01799729533527031,0.8175638912501003,0.8324217280323639,25
acousticguitar_violin,caption_noclass,w03,image,f1_macro,0.8186029019066496,0.017614448463142467,0.8113320149372595,0.8258737888760398,25
acousticguitar_violin,caption_noclass,w03,image,roc_auc,0.9138037265731461,0.011660041036103441,0.9089906981885586,0.9186167549577336,25
acousticguitar_violin,caption_noclass,w03,image,pr_auc,0.8791148893768499,0.01750646819685948,0.8718885744707129,0.8863412042829869,25
acousticguitar_violin,caption_noclass,w03,image,log_loss,0.41873666283911837,0.012977499356576803,0.41337981438800486,0.4240935112902319,25
acousticguitar_violin,caption_noclass,w03,image,brier,0.13093591696476733,0.0056788480209475365,0.12859180371233978,0.1332800302171949,25
acousticguitar_violin,caption_noclass,w03,image,mcc,0.6408553717214519,0.03539301103510865,0.6262458548080428,0.655464888634861,25
acousticguitar_violin,caption_noclass,w03,image,kappa,0.6379941912813224,0.03517044038671623,0.6234765470161289,0.6525118355465159,25
acousticguitar_violin,caption_noclass,w03,image,precision_acousticguitar,0.8814149625561056,0.017784162157848,0.8740740212166372,0.888755903895574,25
acousticguitar_violin,caption_noclass,w03,image,recall_acousticguitar,0.8170532884553964,0.019345910970886334,0.8090676888901571,0.8250388880206356,25
acousticguitar_violin,caption_noclass,w03,image,f1_acousticguitar,0.8478745996118557,0.01500539198378317,0.8416806782254568,0.8540685209982547,25
acousticguitar_violin,caption_noclass,w03,image,precision_violin,0.7504460735660884,0.021927440648868163,0.7413948709230118,0.759497276209165,25
acousticguitar_violin,caption_noclass,w03,image,recall_violin,0.8329323308270677,0.02743502457834669,0.8216077092739719,0.8442569523801636,25
acousticguitar_violin,caption_noclass,w03,image,f1_violin,0.7893312042014435,0.02062248246548955,0.780818661821899,0.7978437465809881,25
acousticguitar_violin,caption_noclass,w05,caption,accuracy,0.7975827588514826,0.012247891818544118,0.7925270775900288,0.8026384401129363,25
acousticguitar_violin,caption_noclass,w05,caption,balanced_accuracy,0.7984695475144634,0.012366576969991425,0.793364875430338,0.8035742195985889,25
acousticguitar_violin,caption_noclass,w05,caption,precision_macro,0.7899936559674662,0.01205865785252541,0.7850160866480679,0.7949712252868645,25
acousticguitar_violin,caption_noclass,w05,caption,recall_macro,0.7984695475144634,0.012366576969991425,0.793364875430338,0.8035742195985889,25
acousticguitar_violin,caption_noclass,w05,caption,f1_macro,0.792244555355415,0.012309342204284814,0.7871635086214129,0.7973256020894172,25
acousticguitar_violin,caption_noclass,w05,caption,roc_auc,0.883811633381663,0.009824431432296036,0.8797563074012772,0.8878669593620488,25
acousticguitar_violin,caption_noclass,w05,caption,pr_auc,0.8313927348424444,0.013400815682206375,0.8258611500002148,0.836924319684674,25
acousticguitar_violin,caption_noclass,w05,caption,log_loss,0.4577790238316183,0.009960331837945719,0.4536676009208835,0.4618904467423531,25
acousticguitar_violin,caption_noclass,w05,caption,brier,0.14715566183062273,0.004429282279251116,0.14532734396558455,0.1489839796956609,25
acousticguitar_violin,caption_noclass,w05,caption,mcc,0.5883975093680607,0.024307221012158528,0.5783639816712269,0.5984310370648944,25
acousticguitar_violin,caption_noclass,w05,caption,kappa,0.5854993714913959,0.02442759996257998,0.5754161538060372,0.5955825891767546,25
acousticguitar_violin,caption_noclass,w05,caption,precision_acousticguitar,0.859534250430779,0.013411436150880333,0.8539982816745454,0.8650702191870127,25
acousticguitar_violin,caption_noclass,w05,caption,recall_acousticguitar,0.7941421025477239,0.019455885713153733,0.7861111076400085,0.8021730974554393,25
acousticguitar_violin,caption_noclass,w05,caption,f1_acousticguitar,0.8253600687493907,0.011579255574874305,0.8205803869642494,0.830139750534532,25
acousticguitar_violin,caption_noclass,w05,caption,precision_violin,0.7204530615041533,0.01776119518342859,0.7131216004657788,0.7277845225425279,25
acousticguitar_violin,caption_noclass,w05,caption,recall_violin,0.802796992481203,0.023024098404820413,0.7932931117651048,0.8123008731973012,25
acousticguitar_violin,caption_noclass,w05,caption,f1_violin,0.7591290419614396,0.01405836611479494,0.7533260336408065,0.7649320502820727,25
acousticguitar_violin,caption_noclass,w05,image,accuracy,0.8177438368694644,0.014980779732357794,0.8115600749211285,0.8239275988178003,25
acousticguitar_violin,caption_noclass,w05,image,balanced_accuracy,0.8196894069805869,0.0157352393551318,0.8131942194062011,0.8261845945549727,25
acousticguitar_violin,caption_noclass,w05,image,precision_macro,0.8106365874918474,0.015034510249425318,0.8044306466761333,0.8168425283075615,25
acousticguitar_violin,caption_noclass,w05,image,recall_macro,0.8196894069805869,0.0157352393551318,0.8131942194062011,0.8261845945549727,25
acousticguitar_violin,caption_noclass,w05,image,f1_macro,0.8129573301997408,0.01527176694740115,0.8066534546324888,0.8192612057669928,25
acousticguitar_violin,caption_noclass,w05,image,roc_auc,0.9056872232727852,0.00963486144230956,0.9017101479383316,0.9096642986072387,25
acousticguitar_violin,caption_noclass,w05,image,pr_auc,0.8593717413151815,0.0135605641272703,0.853774215555754,0.864969267074609,25
acousticguitar_violin,caption_noclass,w05,image,log_loss,0.4470111968580096,0.009559780935453574,0.4430651132335773,0.45095728048244194,25
acousticguitar_violin,caption_noclass,w05,image,brier,0.14082948508682186,0.004256349831785859,0.13907255022770015,0.14258641994594357,25
acousticguitar_violin,caption_noclass,w05,image,mcc,0.6302540010204525,0.0306151633721436,0.6176166826908976,0.6428913193500073,25
acousticguitar_violin,caption_noclass,w05,image,kappa,0.6268925306257077,0.030433686696745607,0.6143301221860175,0.639454939065398,25
acousticguitar_violin,caption_noclass,w05,image,precision_acousticguitar,0.8783680926419477,0.018125725820326344,0.8708861607521406,0.8858500245317548,25
acousticguitar_violin,caption_noclass,w05,image,recall_acousticguitar,0.8102058816303466,0.02216826190284298,0.8010552728593324,0.8193564904013607,25
acousticguitar_violin,caption_noclass,w05,image,f1_acousticguitar,0.8426402106881159,0.013586761113508736,0.8370318713442451,0.8482485500319867,25
acousticguitar_violin,caption_noclass,w05,image,precision_violin,0.7429050823417472,0.021233322142613507,0.7341403977360024,0.7516697669474921,25
acousticguitar_violin,caption_noclass,w05,image,recall_violin,0.8291729323308271,0.029998335391409454,0.8167902280777141,0.8415556365839402,25
acousticguitar_violin,caption_noclass,w05,image,f1_violin,0.7832744497113657,0.017941709926072746,0.775868475849452,0.7906804235732795,25
acousticguitar_violin,caption_noclass,w07,caption,accuracy,0.7974885750619102,0.013636167842934345,0.79185984162248,0.8031173085013403,25
acousticguitar_violin,caption_noclass,w07,caption,balanced_accuracy,0.8005681386474811,0.013175273108692235,0.7951296532038639,0.8060066240910984,25
acousticguitar_violin,caption_noclass,w07,caption,precision_macro,0.790803882659621,0.013085135813372945,0.7854026040628355,0.7962051612564065,25
acousticguitar_violin,caption_noclass,w07,caption,recall_macro,0.8005681386474811,0.013175273108692235,0.7951296532038639,0.8060066240910984,25
acousticguitar_violin,caption_noclass,w07,caption,f1_macro,0.7928304867898209,0.013535015967658295,0.7872435067923684,0.7984174667872734,25
acousticguitar_violin,caption_noclass,w07,caption,roc_auc,0.8837977418486638,0.011334778178851644,0.8791189753727229,0.8884765083246047,25
acousticguitar_violin,caption_noclass,w07,caption,pr_auc,0.8231500525934835,0.01658767109083503,0.8163029984924569,0.8299971066945101,25
acousticguitar_violin,caption_noclass,w07,caption,log_loss,0.4616386758729898,0.011800281539903647,0.45676775905358724,0.46650959269239234,25
acousticguitar_violin,caption_noclass,w07,caption,brier,0.14834096162233737,0.005298861501777046,0.1461536990959806,0.15052822414869413,25
acousticguitar_violin,caption_noclass,w07,caption,mcc,0.5912881190297766,0.026186220836785113,0.5804789783258737,0.6020972597336796,25
acousticguitar_violin,caption_noclass,w07,caption,kappa,0.5871197800651576,0.026674569265918234,0.5761090590371625,0.5981305010931528,25
acousticguitar_violin,caption_noclass,w07,caption,precision_acousticguitar,0.8661504327023148,0.013164294119106553,0.8607164791628604,0.8715843862417693,25
acousticguitar_violin,caption_noclass,w07,caption,recall_acousticguitar,0.7855573299265411,0.021716296369074444,0.7765932833585371,0.7945213764945452,25
acousticguitar_violin,caption_noclass,w07,caption,f1_acousticguitar,0.8236866319435583,0.013262176749235213,0.8182122744401976,0.829160989446919,25
acousticguitar_violin,caption_noclass,w07,caption,precision_violin,0.7154573326169273,0.019727219124110976,0.7073143367818926,0.7236003284519621,25
acousticguitar_violin,caption_noclass,w07,caption,recall_violin,0.8155789473684208,0.021743411065753733,0.8066037084037216,0.82455418633312,25
acousticguitar_violin,caption_noclass,w07,caption,f1_violin,0.7619743416360837,0.014688053557256716,0.7559114111140962,0.7680372721580712,25
acousticguitar_violin,caption_noclass,w07,image,accuracy,0.8184020703656604,0.014838368256225497,0.8122770929854742,0.8245270477458465,25
acousticguitar_violin,caption_noclass,w07,image,balanced_accuracy,0.8228983620390434,0.013839715647611767,0.817185608195354,0.8286111158827328,25
acousticguitar_violin,caption_noclass,w07,image,precision_macro,0.8122585236116648,0.013935909162568599,0.806506063036544,0.8180109841867856,25
acousticguitar_violin,caption_noclass,w07,image,recall_macro,0.8228983620390434,0.013839715647611767,0.817185608195354,0.8286111158827328,25
acousticguitar_violin,caption_noclass,w07,image,f1_macro,0.8143553344172142,0.014621290979745698,0.8083199621327658,0.8203907067016626,25
acousticguitar_violin,caption_noclass,w07,image,roc_auc,0.9054736299018434,0.01109915041232114,0.9008921257875869,0.9100551340160999,25
acousticguitar_violin,caption_noclass,w07,image,pr_auc,0.8538160080310867,0.015700603490615455,0.8473351174388921,0.8602968986232813,25
acousticguitar_violin,caption_noclass,w07,image,log_loss,0.4511193070465753,0.011173101939442254,0.4465072772422277,0.45573133685092293,25
acousticguitar_violin,caption_noclass,w07,image,brier,0.14241270308847126,0.005148136226685385,0.14028765689780703,0.14453774927913549,25
acousticguitar_violin,caption_noclass,w07,image,mcc,0.6350629705279459,0.027668747856236874,0.6236418727474388,0.6464840683084531,25
acousticguitar_violin,caption_noclass,w07,image,kappa,0.630162463886982,0.028667489676045477,0.6183291057454068,0.6419958220285573,25
acousticguitar_violin,caption_noclass,w07,image,precision_acousticguitar,0.8869590593623049,0.01365635474299804,0.8813219931800738,0.892596125544536,25
acousticguitar_violin,caption_noclass,w07,image,recall_acousticguitar,0.8009846940028992,0.02503664957347176,0.7906500729943645,0.8113193150114338,25
acousticguitar_violin,caption_noclass,w07,image,f1_acousticguitar,0.8415181034274426,0.014678716264130474,0.8354590271506257,0.8475771797042595,25
acousticguitar_violin,caption_noclass,w07,image,precision_violin,0.7375579878610252,0.022982877495700677,0.7280711222999353,0.7470448534221151,25
acousticguitar_violin,caption_noclass,w07,image,recall_violin,0.8448120300751879,0.022333906946079403,0.8355930463908784,0.8540310137594974,25
acousticguitar_violin,caption_noclass,w07,image,f1_violin,0.7871925654069858,0.015320902154205963,0.7808684078232039,0.7935167229907677,25
acousticguitar_violin,caption_noclass,w10,caption,accuracy,0.8146864065323607,0.011640672124720086,0.809881373241442,0.8194914398232793,25
acousticguitar_violin,caption_noclass,w10,caption,balanced_accuracy,0.8224336646224557,0.01109946244673857,0.8178520317067222,0.8270152975381893,25
acousticguitar_violin,caption_noclass,w10,caption,precision_macro,0.8100545074711056,0.010948442227379566,0.8055352126380744,0.8145738023041369,25
acousticguitar_violin,caption_noclass,w10,caption,recall_macro,0.8224336646224557,0.01109946244673857,0.8178520317067222,0.8270152975381893,25
acousticguitar_violin,caption_noclass,w10,caption,f1_macro,0.8114342142752531,0.011546559536490097,0.8066680287514303,0.8162003997990759,25
acousticguitar_violin,caption_noclass,w10,caption,roc_auc,0.8990620975084691,0.009611789208489908,0.8950945459240542,0.903029649092884,25
acousticguitar_violin,caption_noclass,w10,caption,pr_auc,0.8360844375272378,0.016049542977457813,0.8294595117940453,0.8427093632604303,25
acousticguitar_violin,caption_noclass,w10,caption,log_loss,0.44894217810038656,0.010167698413851966,0.44474515847410323,0.4531391977266699,25
acousticguitar_violin,caption_noclass,w10,caption,brier,0.14231700428544972,0.00451815712258692,0.1404520006881464,0.14418200788275304,25
acousticguitar_violin,caption_noclass,w10,caption,mcc,0.6323662933311873,0.022028472152050595,0.6232733869332913,0.6414591997290834,25
acousticguitar_violin,caption_noclass,w10,caption,kappa,0.6250425130586749,0.022649220630158937,0.6156933742825587,0.6343916518347911,25
acousticguitar_violin,caption_noclass,w10,caption,precision_acousticguitar,0.8949530230347692,0.01050547579067494,0.8906165757600508,0.8992894703094876,25
acousticguitar_violin,caption_noclass,w10,caption,recall_acousticguitar,0.7846868781170921,0.01739023203765755,0.7775085431393124,0.7918652130948719,25
acousticguitar_violin,caption_noclass,w10,caption,f1_acousticguitar,0.8360857322271231,0.01132588619856205,0.8314106361802481,0.8407608282739981,25
acousticguitar_violin,caption_noclass,w10,caption,precision_violin,0.725155991907442,0.01613413881496093,0.718496146728781,0.7318158370861029,25
acousticguitar_violin,caption_noclass,w10,caption,recall_violin,0.8601804511278196,0.015579944036784778,0.8537493663102665,0.8666115359453727,25
acousticguitar_violin,caption_noclass,w10,caption,f1_violin,0.7867826963233833,0.012169043059462405,0.7817595622300205,0.791805830416746,25
acousticguitar_violin,caption_noclass,w10,image,accuracy,0.8381207862035116,0.014873282796368358,0.8319813968094893,0.8442601755975339,25
acousticguitar_violin,caption_noclass,w10,image,balanced_accuracy,0.8479412936069629,0.013840991040052762,0.8422280133071487,0.8536545739067771,25
acousticguitar_violin,caption_noclass,w10,image,precision_macro,0.834306120695484,0.013709648608430595,0.828647055886811,0.8399651855041571,25
acousticguitar_violin,caption_noclass,w10,image,recall_macro,0.8479412936069629,0.013840991040052762,0.8422280133071487,0.8536545739067771,25
acousticguitar_violin,caption_noclass,w10,image,f1_macro,0.8354989914445526,0.014733389647790437,0.8294173471041567,0.8415806357849486,25
acousticguitar_violin,caption_noclass,w10,image,roc_auc,0.9193489100118057,0.009279935106754312,0.9155183410680394,0.9231794789555721,25
acousticguitar_violin,caption_noclass,w10,image,pr_auc,0.8687966556294785,0.01623326021949873,0.8620958951459671,0.8754974161129899,25
acousticguitar_violin,caption_noclass,w10,image,log_loss,0.4396506476983864,0.009694913868885527,0.43564878394056633,0.4436525114562065,25
acousticguitar_violin,caption_noclass,w10,image,brier,0.13697811980301444,0.004369175243561994,0.13517461290287677,0.1387816267031521,25
acousticguitar_violin,caption_noclass,w10,image,mcc,0.6821102994792362,0.02753401713259341,0.670744815808076,0.6934757831503964,25
acousticguitar_violin,caption_noclass,w10,image,kappa,0.6731731999662581,0.028821016421058304,0.6612764690990421,0.6850699308334741,25
acousticguitar_violin,caption_noclass,w10,image,precision_acousticguitar,0.920971291023667,0.011432781316740043,0.9162520708406615,0.9256905112066726,25
acousticguitar_violin,caption_noclass,w10,image,recall_acousticguitar,0.8000931135297153,0.021802135984475123,0.79109363410996,0.8090925929494707,25
acousticguitar_violin,caption_noclass,w10,image,f1_acousticguitar,0.8561366320379529,0.01447425226668184,0.8501619543511837,0.862111309724722,25
acousticguitar_violin,caption_noclass,w10,image,precision_violin,0.7476409503673008,0.02098584568940994,0.7389784190207167,0.756303481713885,25
acousticguitar_violin,caption_noclass,w10,image,recall_violin,0.8957894736842106,0.01596896428396771,0.8891978092009365,0.9023811381674847,25
acousticguitar_violin,caption_noclass,w10,image,f1_violin,0.8148613508511525,0.01522998398057761,0.8085747224449261,0.8211479792573789,25
acousticguitar_violin,tags,tags,caption,accuracy,0.9770419868933589,0.010057335306466445,0.9728905229187935,0.9811934508679242,25
acousticguitar_violin,tags,tags,caption,balanced_accuracy,0.9774481624708804,0.00982014309733044,0.973394606628168,0.9815017183135928,25
acousticguitar_violin,tags,tags,caption,precision_macro,0.9766878732463801,0.01036693618467487,0.9724086123103721,0.980967134182388,25
acousticguitar_violin,tags,tags,caption,recall_macro,0.9774481624708804,0.00982014309733044,0.973394606628168,0.9815017183135928,25
acousticguitar_violin,tags,tags,caption,f1_macro,0.9769359619826333,0.01014534456032496,0.9727481695735782,0.9811237543916884,25
acousticguitar_violin,tags,tags,caption,roc_auc,0.998263805763265,0.0013062623035849795,0.9977246071853694,0.9988030043411606,25
acousticguitar_violin,tags,tags,caption,pr_auc,0.9980546929120269,0.001588918617129937,0.9973988195423392,0.9987105662817145,25
acousticguitar_violin,tags,tags,caption,log_loss,0.28310207579032703,0.010040060709602863,0.27895774241888555,0.2872464091617685,25
acousticguitar_violin,tags,tags,caption,brier,0.07100667306256202,0.0036592827037322043,0.06949619540079738,0.07251715072432666,25
acousticguitar_violin,tags,tags,caption,mcc,0.9541347799215623,0.02014962863958479,0.9458174220082467,0.9624521378348778,25
acousticguitar_violin,tags,tags,caption,kappa,0.9538795733253478,0.02028389170792997,0.9455067943413047,0.9622523523093909,25
acousticguitar_violin,tags,tags,caption,precision_acousticguitar,0.9836285899955081,0.010605626590178859,0.9792508025025812,0.9880063774884349,25
acousticguitar_violin,tags,tags,caption,recall_acousticguitar,0.9727512040996588,0.015521242796649477,0.9663443499631219,0.9791580582361956,25
acousticguitar_violin,tags,tags,caption,f1_acousticguitar,0.978072008577175,0.009434730075894515,0.9741775434105776,0.9819664737437724,25
acousticguitar_violin,tags,tags,caption,precision_violin,0.9697471564972524,0.017985824660817763,0.9623229729678213,0.9771713400266835,25
acousticguitar_violin,tags,tags,caption,recall_violin,0.9821451208421021,0.011412324110135444,0.9774343449789539,0.9868558967052504,25
acousticguitar_violin,tags,tags,caption,f1_violin,0.9757999153880914,0.01100222195893785,0.9712584213729386,0.9803414094032442,25
acousticguitar_violin,tags,tags,image,accuracy,0.9770419868933589,0.010057335306466445,0.9728905229187935,0.9811934508679242,25
acousticguitar_violin,tags,tags,image,balanced_accuracy,0.9774481624708804,0.00982014309733044,0.973394606628168,0.9815017183135928,25
acousticguitar_violin,tags,tags,image,precision_macro,0.9766878732463801,0.01036693618467487,0.9724086123103721,0.980967134182388,25
acousticguitar_violin,tags,tags,image,recall_macro,0.9774481624708804,0.00982014309733044,0.973394606628168,0.9815017183135928,25
acousticguitar_violin,tags,tags,image,f1_macro,0.9769359619826333,0.01014534456032496,0.9727481695735782,0.9811237543916884,25
acousticguitar_violin,tags,tags,image,roc_auc,0.998263805763265,0.0013062623035849795,0.9977246071853694,0.9988030043411606,25
acousticguitar_violin,tags,tags,image,pr_auc,0.9980546929120269,0.001588918617129937,0.9973988195423392,0.9987105662817145,25
acousticguitar_violin,tags,tags,image,log_loss,0.28310207579032703,0.010040060709602863,0.27895774241888555,0.2872464091617685,25
acousticguitar_violin,tags,tags,image,brier,0.07100667306256202,0.0036592827037322043,0.06949619540079738,0.07251715072432666,25
acousticguitar_violin,tags,tags,image,mcc,0.9541347799215623,0.02014962863958479,0.9458174220082467,0.9624521378348778,25
acousticguitar_violin,tags,tags,image,kappa,0.9538795733253478,0.02028389170792997,0.9455067943413047,0.9622523523093909,25
acousticguitar_violin,tags,tags,image,precision_acousticguitar,0.9836285899955081,0.010605626590178859,0.9792508025025812,0.9880063774884349,25
acousticguitar_violin,tags,tags,image,recall_acousticguitar,0.9727512040996588,0.015521242796649477,0.9663443499631219,0.9791580582361956,25
acousticguitar_violin,tags,tags,image,f1_acousticguitar,0.978072008577175,0.009434730075894515,0.9741775434105776,0.9819664737437724,25
acousticguitar_violin,tags,tags,image,precision_violin,0.9697471564972524,0.017985824660817763,0.9623229729678213,0.9771713400266835,25
acousticguitar_violin,tags,tags,image,recall_violin,0.9821451208421021,0.011412324110135444,0.9774343449789539,0.9868558967052504,25
acousticguitar_violin,tags,tags,image,f1_violin,0.9757999153880914,0.01100222195893785,0.9712584213729386,0.9803414094032442,25
acousticguitar_violin,caption_tagsub,w03,caption,accuracy,0.964509244793766,0.008121298656688392,0.9611569374705479,0.9678615521169841,25
acousticguitar_violin,caption_tagsub,w03,caption,balanced_accuracy,0.9649868701823696,0.008302622216695208,0.961559716172214,0.9684140241925252,25
acousticguitar_violin,caption_tagsub,w03,caption,precision_macro,0.9643553624220651,0.007854743941029585,0.9611130834776956,0.9675976413664346,25
acousticguitar_violin,caption_tagsub,w03,caption,recall_macro,0.9649868701823696,0.008302622216695208,0.961559716172214,0.9684140241925252,25
acousticguitar_violin,caption_tagsub,w03,caption,f1_macro,0.9643702576642696,0.008132004542107319,0.9610135311687481,0.9677269841597912,25
acousticguitar_violin,caption_tagsub,w03,caption,roc_auc,0.9962225526251981,0.0014011096481630731,0.9956442029876927,0.9968009022627035,25
acousticguitar_violin,caption_tagsub,w03,caption,pr_auc,0.9958745410887225,0.00146842817987477,0.995268403727063,0.996480678450382,25
acousticguitar_violin,caption_tagsub,w03,caption,log_loss,0.1488751722706089,0.009438812788979642,0.14497902184287864,0.15277132269833915,25
acousticguitar_violin,caption_tagsub,w03,caption,brier,0.03307167754197691,0.003632616974595353,0.03157220695221433,0.03457114813173949,25
acousticguitar_violin,caption_tagsub,w03,caption,mcc,0.9293404299395253,0.01606852263159449,0.9227076697901582,0.9359731900888923,25
acousticguitar_violin,caption_tagsub,w03,caption,kappa,0.9287644068754848,0.016251082671503124,0.9220562896453621,0.9354725241056074,25
acousticguitar_violin,caption_tagsub,w03,caption,precision_acousticguitar,0.9791215287260719,0.011894463920375818,0.9742117353307519,0.984031322121392,25
acousticguitar_violin,caption_tagsub,w03,caption,recall_acousticguitar,0.9525747786188962,0.014990592404682776,0.9463869661985008,0.9587625910392915,25
acousticguitar_violin,caption_tagsub,w03,caption,f1_acousticguitar,0.9655539665940738,0.008622362933415305,0.9619948301028517,0.9691131030852959,25
acousticguitar_violin,caption_tagsub,w03,caption,precision_violin,0.9495891961180579,0.013412346890763031,0.9440528514268776,0.9551255408092383,25
acousticguitar_violin,caption_tagsub,w03,caption,recall_violin,0.9773989617458432,0.012773063939030776,0.9721265000875735,0.9826714234041128,25
acousticguitar_violin,caption_tagsub,w03,caption,f1_violin,0.9631865487344656,0.008094009182522358,0.9598455059525433,0.966527591516388,25
acousticguitar_violin,caption_tagsub,w03,image,accuracy,0.9816966033951231,0.008370083305667386,0.9782416028160684,0.9851516039741778,25
acousticguitar_violin,caption_tagsub,w03,image,balanced_accuracy,0.9816684472030304,0.00823658077850661,0.9782685537587318,0.985068340647329,25
acousticguitar_violin,caption_tagsub,w03,image,precision_macro,0.981797929676584,0.008304907800274895,0.9783698322238958,0.9852260271292721,25
acousticguitar_violin,caption_tagsub,w03,image,recall_macro,0.9816684472030304,0.00823658077850661,0.9782685537587318,0.985068340647329,25
acousticguitar_violin,caption_tagsub,w03,image,f1_macro,0.9816180818009118,0.008377565016868734,0.9781599929232597,0.9850761706785639,25
acousticguitar_violin,caption_tagsub,w03,image,roc_auc,0.9989832122408951,0.0006652794326048779,0.9987085983880883,0.999257826093702,25
acousticguitar_violin,caption_tagsub,w03,image,pr_auc,0.9988845549721647,0.0007467389108201788,0.9985763162993739,0.9991927936449554,25
acousticguitar_violin,caption_tagsub,w03,image,log_loss,0.1426701022222951,0.008777229272174244,0.13904704004831114,0.14629316439627904,25
acousticguitar_violin,caption_tagsub,w03,image,brier,0.028008623672350637,0.003283137108474973,0.02665341128118882,0.029363836063512453,25
acousticguitar_violin,caption_tagsub,w03,image,mcc,0.9634656390103258,0.01649832036952623,0.9566554670743371,0.9702758109463144,25
acousticguitar_violin,caption_tagsub,w03,image,kappa,0.9632426589335195,0.01674516973730549,0.9563305925865111,0.9701547252805278,25
acousticguitar_violin,caption_tagsub,w03,image,precision_acousticguitar,0.9848510152177594,0.011047520273607395,0.9802908229773085,0.9894112074582103,25
acousticguitar_violin,caption_tagsub,w03,image,recall_acousticguitar,0.9800040214965354,0.015386382058934524,0.9736528351365166,0.9863552078565543,25
acousticguitar_violin,caption_tagsub,w03,image,f1_acousticguitar,0.9823141365825658,0.008552576005303646,0.9787838067194538,0.9858444664456779,25
acousticguitar_violin,caption_tagsub,w03,image,precision_violin,0.9787448441354084,0.015113370142631538,0.9725063515556626,0.9849833367151543,25
acousticguitar_violin,caption_tagsub,w03,image,recall_violin,0.9833328729095251,0.01151180908379629,0.9785810316675684,0.9880847141514818,25
acousticguitar_violin,caption_tagsub,w03,image,f1_violin,0.9809220270192577,0.008327946624546929,0.9774844196073142,0.9843596344312011,25
acousticguitar_violin,caption_tagsub,w05,caption,accuracy,0.9826761260733181,0.008024563173637702,0.9793637491949653,0.985988502951671,25
acousticguitar_violin,caption_tagsub,w05,caption,balanced_accuracy,0.9826498515624504,0.00802465884688377,0.9793374351921227,0.9859622679327782,25
acousticguitar_violin,caption_tagsub,w05,caption,precision_macro,0.9827164528475598,0.007991235700922524,0.9794178328738069,0.9860150728213127,25
acousticguitar_violin,caption_tagsub,w05,caption,recall_macro,0.9826498515624504,0.00802465884688377,0.9793374351921227,0.9859622679327782,25
acousticguitar_violin,caption_tagsub,w05,caption,f1_macro,0.982599402736093,0.008045182462833856,0.9792785146334775,0.9859202908387086,25
acousticguitar_violin,caption_tagsub,w05,caption,roc_auc,0.9985098557003138,0.00126075428805662,0.9979894419079766,0.9990302694926511,25
acousticguitar_violin,caption_tagsub,w05,caption,pr_auc,0.9985010251778612,0.0012241010992026726,0.9979957410782748,0.9990063092774476,25
acousticguitar_violin,caption_tagsub,w05,caption,log_loss,0.16230351649053354,0.008660652800584224,0.15872857471895643,0.16587845826211065,25
acousticguitar_violin,caption_tagsub,w05,caption,brier,0.031507324360970514,0.003514941552036198,0.030056427798279696,0.03295822092366133,25
acousticguitar_violin,caption_tagsub,w05,caption,mcc,0.965365765245477,0.015982156608475975,0.9587686552382876,0.9719628752526664,25
acousticguitar_violin,caption_tagsub,w05,caption,kappa,0.9652026476052504,0.016086436880630765,0.9585624928173196,0.9718428023931812,25
acousticguitar_violin,caption_tagsub,w05,caption,precision_acousticguitar,0.9845511071009133,0.011627188306900916,0.9797516396564351,0.9893505745453915,25
acousticguitar_violin,caption_tagsub,w05,caption,recall_acousticguitar,0.9822491417394238,0.012338676669355125,0.9771559863333688,0.9873422971454788,25
acousticguitar_violin,caption_tagsub,w05,caption,f1_acousticguitar,0.9833191923849138,0.007978132021975825,0.980025981343987,0.9866124034258407,25
acousticguitar_violin,caption_tagsub,w05,caption,precision_violin,0.9808817985942063,0.01247717552126545,0.9757314736719023,0.9860321235165104,25
acousticguitar_violin,caption_tagsub,w05,caption,recall_violin,0.9830505613854774,0.01234164539279621,0.9779561805506144,0.9881449422203404,25
acousticguitar_violin,caption_tagsub,w05,caption,f1_violin,0.9818796130872722,0.008236828557871508,0.9784796173646787,0.9852796088098658,25
acousticguitar_violin,caption_tagsub,w05,image,accuracy,0.9855458532825208,0.009296369453253819,0.9817085005739341,0.9893832059911074,25
acousticguitar_violin,caption_tagsub,w05,image,balanced_accuracy,0.9855637170975572,0.009226566952204283,0.9817551774452734,0.989372256749841,25
acousticguitar_violin,caption_tagsub,w05,image,precision_macro,0.9856122668728351,0.009264366845826162,0.9817881241913361,0.9894364095543341,25
acousticguitar_violin,caption_tagsub,w05,image,recall_macro,0.9855637170975572,0.009226566952204283,0.9817551774452734,0.989372256749841,25
acousticguitar_violin,caption_tagsub,w05,image,f1_macro,0.9854835209730558,0.00932137052220606,0.9816358483304192,0.9893311936156924,25
acousticguitar_violin,caption_tagsub,w05,image,roc_auc,0.9994084893891086,0.0006211569620535064,0.9991520883970032,0.9996648903812141,25
acousticguitar_violin,caption_tagsub,w05,image,pr_auc,0.9993671818316556,0.0006661752600182931,0.9990921981994668,0.9996421654638444,25
acousticguitar_violin,caption_tagsub,w05,image,log_loss,0.15980781812854838,0.008228813252187743,0.1564111309615292,0.16320450529556757,25
acousticguitar_violin,caption_tagsub,w05,image,brier,0.02918104159214357,0.0033060347834065616,0.027816377505310567,0.030545705678976576,25
acousticguitar_violin,caption_tagsub,w05,image,mcc,0.9711751862001036,0.018447849139266913,0.9635602883393708,0.9787900840608363,25
acousticguitar_violin,caption_tagsub,w05,image,kappa,0.9709719362689707,0.018636106327455503,0.9632793296602542,0.9786645428776872,25
acousticguitar_violin,caption_tagsub,w05,image,precision_acousticguitar,0.9876631776219407,0.012749446871044639,0.9824004646102003,0.9929258906336811,25
acousticguitar_violin,caption_tagsub,w05,image,recall_acousticguitar,0.9846536677552067,0.014041693555559407,0.9788575415287786,0.9904497939816348,25
acousticguitar_violin,caption_tagsub,w05,image,f1_acousticguitar,0.9860598070996474,0.009145625102507169,0.9822846786007966,0.9898349355984981,25
acousticguitar_violin,caption_tagsub,w05,image,precision_violin,0.9835613561237296,0.014621118431853382,0.9775260550635506,0.9895966571839087,25
acousticguitar_violin,caption_tagsub,w05,image,recall_violin,0.9864737664399079,0.01365045820184715,0.9808391342302367,0.9921083986495791,25
acousticguitar_violin,caption_tagsub,w05,image,f1_violin,0.9849072348464641,0.009581388754199048,0.9809522319528261,0.9888622377401022,25
acousticguitar_violin,caption_tagsub,w07,caption,accuracy,0.9853093256305645,0.00675329377269973,0.9825217029698192,0.9880969482913098,25
acousticguitar_violin,caption_tagsub,w07,caption,balanced_accuracy,0.9850749559244114,0.0067805536309517795,0.9822760809472189,0.987873830901604,25
acousticguitar_violin,caption_tagsub,w07,caption,precision_macro,0.9855453431747777,0.006655152686282729,0.982798231163451,0.9882924551861044,25
acousticguitar_violin,caption_tagsub,w07,caption,recall_macro,0.9850749559244114,0.0067805536309517795,0.9822760809472189,0.987873830901604,25
acousticguitar_violin,caption_tagsub,w07,caption,f1_macro,0.985238180905229,0.006767747175684023,0.9824445921729577,0.9880317696375003,25
acousticguitar_violin,caption_tagsub,w07,caption,roc_auc,0.9982156530002042,0.0016919162058237423,0.9975172643154853,0.9989140416849231,25
acousticguitar_violin,caption_tagsub,w07,caption,pr_auc,0.9982937221566616,0.0014649357472669088,0.9976890264003292,0.9988984179129939,25
acousticguitar_violin,caption_tagsub,w07,caption,log_loss,0.197909372302243,0.009485669881122734,0.1939938802174975,0.20182486438698852,25
acousticguitar_violin,caption_tagsub,w07,caption,brier,0.040618248309870125,0.003849428162921736,0.03902928246016121,0.04220721415957904,25
acousticguitar_violin,caption_tagsub,w07,caption,mcc,0.9706198200996434,0.013408941734179749,0.9650848809880179,0.9761547592112689,25
acousticguitar_violin,caption_tagsub,w07,caption,kappa,0.9704793717192891,0.013531194729678116,0.9648939690513508,0.9760647743872274,25
acousticguitar_violin,caption_tagsub,w07,caption,precision_acousticguitar,0.9841552575760744,0.01131736924565433,0.9794836771545705,0.9888268379975782,25
acousticguitar_violin,caption_tagsub,w07,caption,recall_acousticguitar,0.9878186213498137,0.009489652640617957,0.9839014852627495,0.9917357574368779,25
acousticguitar_violin,caption_tagsub,w07,caption,f1_acousticguitar,0.9859193628591241,0.006664783254977681,0.9831682755444219,0.9886704501738263,25
acousticguitar_violin,caption_tagsub,w07,caption,precision_violin,0.9869354287734808,0.009430157725793505,0.9830428509802427,0.990828006566719,25
acousticguitar_violin,caption_tagsub,w07,caption,recall_violin,0.9823312904990096,0.012299040369079415,0.97725449615358,0.9874080848444392,25
acousticguitar_violin,caption_tagsub,w07,caption,f1_violin,0.9845569989513338,0.006972200189508473,0.9816790161628319,0.9874349817398356,25
acousticguitar_violin,caption_tagsub,w07,image,accuracy,0.9850344923780924,0.008795057237202558,0.9814040711818327,0.988664913574352,25
acousticguitar_violin,caption_tagsub,w07,image,balanced_accuracy,0.984873642177769,0.008789118670660505,0.9812456723012981,0.9885016120542398,25
acousticguitar_violin,caption_tagsub,w07,image,precision_macro,0.9852526924627522,0.008651240101403355,0.9816816360624352,0.9888237488630691,25
acousticguitar_violin,caption_tagsub,w07,image,recall_macro,0.984873642177769,0.008789118670660505,0.9812456723012981,0.9885016120542398,25
acousticguitar_violin,caption_tagsub,w07,image,f1_macro,0.9849713785509729,0.008799492483819763,0.9813391265748905,0.9886036305270554,25
acousticguitar_violin,caption_tagsub,w07,image,roc_auc,0.9990903905319419,0.0012235108173390531,0.9985853500887335,0.9995954309751504,25
acousticguitar_violin,caption_tagsub,w07,image,pr_auc,0.9991218241612566,0.0010777989789907615,0.998676930608764,0.9995667177137493,25
acousticguitar_violin,caption_tagsub,w07,image,log_loss,0.19570902313792352,0.009271148759080108,0.19188208102022253,0.1995359652556245,25
acousticguitar_violin,caption_tagsub,w07,image,brier,0.03844480136596053,0.0037831757608693746,0.03688318316371167,0.0400064195682094,25
acousticguitar_violin,caption_tagsub,w07,image,mcc,0.9701258051358126,0.017414464885415596,0.9629374673301064,0.9773141429415187,25
acousticguitar_violin,caption_tagsub,w07,image,kappa,0.9699471982685764,0.017591696068400442,0.9626857030261426,0.9772086935110103,25
acousticguitar_violin,caption_tagsub,w07,image,precision_acousticguitar,0.9843625669964703,0.014231589552579148,0.9784880555550206,0.99023707843792,25
acousticguitar_violin,caption_tagsub,w07,image,recall_acousticguitar,0.9870487695220749,0.010763259914978836,0.9826059141906842,0.9914916248534655,25
acousticguitar_violin,caption_tagsub,w07,image,f1_acousticguitar,0.985619761014403,0.008672022460438503,0.9820401260779019,0.989199395950904,25
acousticguitar_violin,caption_tagsub,w07,image,precision_violin,0.9861428179290342,0.01092535980019228,0.9816330510536572,0.9906525848044113,25
acousticguitar_violin,caption_tagsub,w07,image,recall_violin,0.9826985148334632,0.015213106315663898,0.9764188531849046,0.9889781764820217,25
acousticguitar_violin,caption_tagsub,w07,image,f1_violin,0.9843229960875429,0.008991226503715656,0.9806116001978848,0.988034391977201,25
acousticguitar_violin,caption_tagsub,w10,caption,accuracy,0.9728320105061372,0.01014581075610987,0.9686440256609201,0.9770199953513543,25
acousticguitar_violin,caption_tagsub,w10,caption,balanced_accuracy,0.9733079234561111,0.010086700489380486,0.9691443381297901,0.977471508782432,25
acousticguitar_violin,caption_tagsub,w10,caption,precision_macro,0.9726984198407659,0.009860169195275301,0.9686283420368583,0.9767684976446734,25
acousticguitar_violin,caption_tagsub,w10,caption,recall_macro,0.9733079234561111,0.010086700489380486,0.9691443381297901,0.977471508782432,25
acousticguitar_violin,caption_tagsub,w10,caption,f1_macro,0.9727328435057262,0.010154188860822757,0.9685414003488559,0.9769242866625965,25
acousticguitar_violin,caption_tagsub,w10,caption,roc_auc,0.9979870686759876,0.0015244072452735638,0.9973578242918165,0.9986163130601587,25
acousticguitar_violin,caption_tagsub,w10,caption,pr_auc,0.9979714594837253,0.001424643898244151,0.9973833953852417,0.998559523582209,25
acousticguitar_violin,caption_tagsub,w10,caption,log_loss,0.2544318647702083,0.010184014715479,0.2502281101056332,0.2586356194347834,25
acousticguitar_violin,caption_tagsub,w10,caption,brier,0.057981001920966994,0.004284508899757161,0.056212443569868736,0.05974956027206525,25
acousticguitar_violin,caption_tagsub,w10,caption,mcc,0.9460045081333947,0.01986825688918756,0.9378032947702646,0.9542057214965247,25
acousticguitar_violin,caption_tagsub,w10,caption,kappa,0.9454854234345558,0.020286472324430732,0.9371115792243759,0.9538592676447356,25
acousticguitar_violin,caption_tagsub,w10,caption,precision_acousticguitar,0.9863464887006009,0.009072372056063828,0.9826015975731881,0.9900913798280138,25
acousticguitar_violin,caption_tagsub,w10,caption,recall_acousticguitar,0.961243499290594,0.01819113960197727,0.953734565918815,0.9687524326623731,25
acousticguitar_violin,caption_tagsub,w10,caption,f1_acousticguitar,0.9735302137647003,0.010456436038980988,0.9692140091045787,0.9778464184248219,25
acousticguitar_violin,caption_tagsub,w10,caption,precision_violin,0.9590503509809309,0.017380383970831602,0.9518760810853425,0.9662246208765194,25
acousticguitar_violin,caption_tagsub,w10,caption,recall_violin,0.9853723476216283,0.009277464362075955,0.9815427985511396,0.989201896692117,25
acousticguitar_violin,caption_tagsub,w10,caption,f1_violin,0.9719354732467523,0.010068236533972283,0.9677795094666332,0.9760914370268715,25
acousticguitar_violin,caption_tagsub,w10,image,accuracy,0.9815436481897298,0.008986680025470265,0.977834128994054,0.9852531673854057,25
acousticguitar_violin,caption_tagsub,w10,image,balanced_accuracy,0.981642684568422,0.00883497326131268,0.9779957868472129,0.985289582289631,25
acousticguitar_violin,caption_tagsub,w10,image,precision_macro,0.9815500156448834,0.008811223459844017,0.9779129213598924,0.9851871099298745,25
acousticguitar_violin,caption_tagsub,w10,image,recall_macro,0.981642684568422,0.00883497326131268,0.9779957868472129,0.985289582289631,25
acousticguitar_violin,caption_tagsub,w10,image,f1_macro,0.9814700222043105,0.0089860923238429,0.9777607455999433,0.9851792988086776,25
acousticguitar_violin,caption_tagsub,w10,image,roc_auc,0.9989550467959677,0.0011186745759024163,0.9984932806263407,0.9994168129655947,25
acousticguitar_violin,caption_tagsub,w10,image,pr_auc,0.9989420085111531,0.0010472368475639502,0.9985097303864789,0.9993742866358273,25
acousticguitar_violin,caption_tagsub,w10,image,log_loss,0.25207404901375374,0.010011838064251403,0.2479413653777415,0.25620673264976596,25
acousticguitar_violin,caption_tagsub,w10,image,brier,0.055720656314098144,0.004239059655167198,0.05397085848910715,0.05747045413908914,25
acousticguitar_violin,caption_tagsub,w10,image,mcc,0.9631923384384302,0.01762568931019562,0.9559168114754272,0.9704678654014333,25
acousticguitar_violin,caption_tagsub,w10,image,kappa,0.9629480104806147,0.01795604353307092,0.9555361199965277,0.9703599009647018,25
acousticguitar_violin,caption_tagsub,w10,image,precision_acousticguitar,0.9873279576779308,0.00873120352722955,0.9837238939977047,0.990932021358157,25
acousticguitar_violin,caption_tagsub,w10,image,recall_acousticguitar,0.9771711942528792,0.016806816850637934,0.9702336812281638,0.9841087072775947,25
acousticguitar_violin,caption_tagsub,w10,image,f1_acousticguitar,0.9821243186416427,0.009104565196648689,0.9783661388389204,0.985882498444365,25
acousticguitar_violin,caption_tagsub,w10,image,precision_violin,0.9757720736118362,0.016446862806361952,0.9689831423139674,0.9825610049097049,25
acousticguitar_violin,caption_tagsub,w10,image,recall_violin,0.9861141748839644,0.009300705781176814,0.9822750322271852,0.9899533175407436,25
acousticguitar_violin,caption_tagsub,w10,image,f1_violin,0.980815725766978,0.008975237505409489,0.9771109298114411,0.9845205217225148,25
acousticguitar_violin,caption_noclass_tagsub,w03,caption,accuracy,0.7629377955375439,0.02157382948280015,0.754032556409872,0.7718430346652159,25
acousticguitar_violin,caption_noclass_tagsub,w03,caption,balanced_accuracy,0.7628280453450461,0.021885424812370987,0.753794185986872,0.7718619047032202,25
acousticguitar_violin,caption_noclass_tagsub,w03,caption,precision_macro,0.7626389029410483,0.02146068900075016,0.7537803659090094,0.7714974399730872,25
acousticguitar_violin,caption_noclass_tagsub,w03,caption,recall_macro,0.7628280453450461,0.021885424812370987,0.753794185986872,0.7718619047032202,25
acousticguitar_violin,caption_noclass_tagsub,w03,caption,f1_macro,0.7620628520533843,0.021392084054871807,0.7532326337511692,0.7708930703555994,25
acousticguitar_violin,caption_noclass_tagsub,w03,caption,roc_auc,0.8452251051389136,0.022727095154848612,0.8358438213388986,0.8546063889389286,25
acousticguitar_violin,caption_noclass_tagsub,w03,caption,pr_auc,0.8342473810690114,0.026200932475840006,0.8234321676989715,0.8450625944390513,25
acousticguitar_violin,caption_noclass_tagsub,w03,caption,log_loss,0.5026583606551474,0.02042943809392215,0.4942255030757644,0.5110912182345303,25
acousticguitar_violin,caption_noclass_tagsub,w03,caption,brier,0.1652927116515281,0.008910351775932796,0.1616146992087386,0.16897072409431757,25
acousticguitar_violin,caption_noclass_tagsub,w03,caption,mcc,0.5254655592305608,0.04332951896122108,0.5075800128585412,0.5433511056025805,25
acousticguitar_violin,caption_noclass_tagsub,w03,caption,kappa,0.5245254863046437,0.04287940281396538,0.5068257387464014,0.542225233862886,25
acousticguitar_violin,caption_noclass_tagsub,w03,caption,precision_acousticguitar,0.781363106377017,0.035153172977982455,0.7668525897478332,0.7958736230062008,25
acousticguitar_violin,caption_noclass_tagsub,w03,caption,recall_acousticguitar,0.7603200960884245,0.03303125956817289,0.7466854622661218,0.7739547299107273,25
acousticguitar_violin,caption_noclass_tagsub,w03,caption,f1_acousticguitar,0.7701962642372792,0.027409946073698382,0.7588819945821176,0.7815105338924407,25
acousticguitar_violin,caption_noclass_tagsub,w03,caption,precision_violin,0.7439146995050797,0.023457568502001112,0.7342318911269655,0.7535975078831939,25
acousticguitar_violin,caption_noclass_tagsub,w03,caption,recall_violin,0.7653359946016676,0.03555596322369002,0.750659214330733,0.7800127748726021,25
acousticguitar_violin,caption_noclass_tagsub,w03,caption,f1_violin,0.7539294398694895,0.021291520321523743,0.7451407322361961,0.7627181475027828,25
acousticguitar_violin,caption_noclass_tagsub,w03,image,accuracy,0.7841116573890363,0.024722841200625477,0.7739065701103706,0.7943167446677021,25
acousticguitar_violin,caption_noclass_tagsub,w03,image,balanced_accuracy,0.7839894855314039,0.024725519477341803,0.7737832927144456,0.7941956783483622,25
acousticguitar_violin,caption_noclass_tagsub,w03,image,precision_macro,0.7840797536888355,0.024523323500607118,0.7739570232689872,0.7942024841086839,25
acousticguitar_violin,caption_noclass_tagsub,w03,image,recall_macro,0.7839894855314039,0.024725519477341803,0.7737832927144456,0.7941956783483622,25
acousticguitar_violin,caption_noclass_tagsub,w03,image,f1_macro,0.7832517955805468,0.024496869516174975,0.7731399848287822,0.7933636063323114,25
acousticguitar_violin,caption_noclass_tagsub,w03,image,roc_auc,0.8747913277425693,0.02369312632974328,0.8650112858720836,0.8845713696130549,25
acousticguitar_violin,caption_noclass_tagsub,w03,image,pr_auc,0.8635399425045985,0.027661385711433114,0.8521218836681056,0.8749580013410915,25
acousticguitar_violin,caption_noclass_tagsub,w03,image,log_loss,0.48935389834479875,0.019458091563574562,0.4813219929067812,0.4973858037828163,25
acousticguitar_violin,caption_noclass_tagsub,w03,image,brier,0.15785894886852445,0.008632084474880695,0.15429579952221287,0.16142209821483602,25
acousticguitar_violin,caption_noclass_tagsub,w03,image,mcc,0.568066197313331,0.049212291001307175,0.5477523619909275,0.5883800326357345,25
acousticguitar_violin,caption_noclass_tagsub,w03,image,kappa,0.5669282985340023,0.04897925778487562,0.5467106545956397,0.5871459424723648,25
acousticguitar_violin,caption_noclass_tagsub,w03,image,precision_acousticguitar,0.801159899468328,0.036418623324557156,0.7861270306091227,0.8161927683275333,25
acousticguitar_violin,caption_noclass_tagsub,w03,image,recall_acousticguitar,0.7823473484845022,0.03799784292311065,0.766662609813707,0.7980320871552973,25
acousticguitar_violin,caption_noclass_tagsub,w03,image,f1_acousticguitar,0.7910079242000266,0.029342038242827932,0.7788961260951053,0.803119722304948,25
acousticguitar_violin,caption_noclass_tagsub,w03,image,precision_violin,0.7669996079093429,0.02913658370683557,0.7549726172686844,0.7790265985500013,25
acousticguitar_violin,caption_noclass_tagsub,w03,image,recall_violin,0.7856316225783054,0.038829400850191584,0.7696036336655877,0.8016596114910232,25
acousticguitar_violin,caption_noclass_tagsub,w03,image,f1_violin,0.7754956669610675,0.024336396668361366,0.7654500961452595,0.7855412377768756,25
acousticguitar_violin,caption_noclass_tagsub,w05,caption,accuracy,0.743429465477216,0.027094734655024273,0.7322453087007765,0.7546136222536555,25
acousticguitar_violin,caption_noclass_tagsub,w05,caption,balanced_accuracy,0.7418190129062562,0.027141533235116033,0.7306155386253892,0.7530224871871232,25
acousticguitar_violin,caption_noclass_tagsub,w05,caption,precision_macro,0.742912954122298,0.02672808361173738,0.7318801434580303,0.7539457647865656,25
acousticguitar_violin,caption_noclass_tagsub,w05,caption,recall_macro,0.7418190129062562,0.027141533235116033,0.7306155386253892,0.7530224871871232,25
acousticguitar_violin,caption_noclass_tagsub,w05,caption,f1_macro,0.7417657181021591,0.027130375386001992,0.7305668495550395,0.7529645866492787,25
acousticguitar_violin,caption_noclass_tagsub,w05,caption,roc_auc,0.82709950866811,0.024950708208604462,0.8168003625114422,0.8373986548247778,25
acousticguitar_violin,caption_noclass_tagsub,w05,caption,pr_auc,0.8103890718407534,0.03140000697681268,0.7974277859938427,0.8233503576876641,25
acousticguitar_violin,caption_noclass_tagsub,w05,caption,log_loss,0.535818337165949,0.017606926494766355,0.5285505551125013,0.5430861192193966,25
acousticguitar_violin,caption_noclass_tagsub,w05,caption,brier,0.17784300245255996,0.008168862646786283,0.17447106167919213,0.1812149432259278,25
acousticguitar_violin,caption_noclass_tagsub,w05,caption,mcc,0.4847248863701731,0.053818459521233486,0.4625097181311911,0.506940054609155,25
acousticguitar_violin,caption_noclass_tagsub,w05,caption,kappa,0.4839666266353011,0.0540409729489386,0.46165960936764244,0.5062736439029598,25
acousticguitar_violin,caption_noclass_tagsub,w05,caption,precision_acousticguitar,0.752042519666396,0.03611822738570188,0.7371336481564152,0.7669513911763768,25
acousticguitar_violin,caption_noclass_tagsub,w05,caption,recall_acousticguitar,0.7625272854792872,0.032503806266590295,0.7491103736790768,0.7759441972794975,25
acousticguitar_violin,caption_noclass_tagsub,w05,caption,f1_acousticguitar,0.7567607644173112,0.02835885032780714,0.7450548063371141,0.7684667224975084,25
acousticguitar_violin,caption_noclass_tagsub,w05,caption,precision_violin,0.7337833885782,0.028116937635854423,0.7221772871493951,0.7453894900070049,25
acousticguitar_violin,caption_noclass_tagsub,w05,caption,recall_violin,0.7211107403332251,0.04776768058014872,0.7013932108848899,0.7408282697815602,25
acousticguitar_violin,caption_noclass_tagsub,w05,caption,f1_violin,0.7267706717870069,0.03316447145830723,0.7130810507990162,0.7404602927749977,25
acousticguitar_violin,caption_noclass_tagsub,w05,image,accuracy,0.7563325037328121,0.026491066152245873,0.7453975290672895,0.7672674783983348,25
acousticguitar_violin,caption_noclass_tagsub,w05,image,balanced_accuracy,0.7545680669301656,0.02669930902301048,0.7435471338323549,0.7655890000279764,25
acousticguitar_violin,caption_noclass_tagsub,w05,image,precision_macro,0.7561077362530806,0.026304673167159263,0.7452497008303215,0.7669657716758397,25
acousticguitar_violin,caption_noclass_tagsub,w05,image,recall_macro,0.7545680669301656,0.02669930902301048,0.7435471338323549,0.7655890000279764,25
acousticguitar_violin,caption_noclass_tagsub,w05,image,f1_macro,0.754603152833635,0.026631805751399392,0.743610083716861,0.765596221950409,25
acousticguitar_violin,caption_noclass_tagsub,w05,image,roc_auc,0.8454842997089723,0.024885083555877804,0.8352122420775785,0.8557563573403661,25
acousticguitar_violin,caption_noclass_tagsub,w05,image,pr_auc,0.8291250698817494,0.032184953968960595,0.815839773841229,0.8424103659222698,25
acousticguitar_violin,caption_noclass_tagsub,w05,image,log_loss,0.5289746902499053,0.017024707069214905,0.5219472365634471,0.5360021439363635,25
acousticguitar_violin,caption_noclass_tagsub,w05,image,brier,0.17403335783058493,0.007990561294950536,0.17073501623793513,0.17733169942323473,25
acousticguitar_violin,caption_noclass_tagsub,w05,image,mcc,0.5106667441299251,0.05294037628129189,0.48881403083812414,0.532519457421726,25
acousticguitar_violin,caption_noclass_tagsub,w05,image,kappa,0.5096942028064536,0.05308206820039215,0.4877830019650476,0.5316054036478596,25
acousticguitar_violin,caption_noclass_tagsub,w05,image,precision_acousticguitar,0.7608345635083711,0.03581106689889971,0.7460524816157703,0.7756166454009719,25
acousticguitar_violin,caption_noclass_tagsub,w05,image,recall_acousticguitar,0.7810804808315516,0.03328222869118286,0.7673422520468501,0.794818709616253,25
acousticguitar_violin,caption_noclass_tagsub,w05,image,f1_acousticguitar,0.7703265368750439,0.028231438455087497,0.7586731718310149,0.781979901919073,25
acousticguitar_violin,caption_noclass_tagsub,w05,image,precision_violin,0.75138090899779,0.029327051597828443,0.7392752970758801,0.7634865209196998,25
acousticguitar_violin,caption_noclass_tagsub,w05,image,recall_violin,0.7280556530287795,0.04571853711170096,0.709183968431864,0.746927337625695,25
acousticguitar_violin,caption_noclass_tagsub,w05,image,f1_violin,0.7388797687922259,0.03164629715111905,0.7258168193580165,0.7519427182264354,25
acousticguitar_violin,caption_noclass_tagsub,w07,caption,accuracy,0.7459768361003977,0.02799638813922935,0.7344204950581306,0.7575331771426648,25
acousticguitar_violin,caption_noclass_tagsub,w07,caption,balanced_accuracy,0.7438116614203849,0.02854581851072062,0.7320285266674307,0.7555947961733391,25
acousticguitar_violin,caption_noclass_tagsub,w07,caption,precision_macro,0.746306049781386,0.028016221601794376,0.734741521888147,0.7578705776746251,25
acousticguitar_violin,caption_noclass_tagsub,w07,caption,recall_macro,0.7438116614203849,0.02854581851072062,0.7320285266674307,0.7555947961733391,25
acousticguitar_violin,caption_noclass_tagsub,w07,caption,f1_macro,0.7437767333263792,0.02855835832352047,0.7319884223931048,0.7555650442596535,25
acousticguitar_violin,caption_noclass_tagsub,w07,caption,roc_auc,0.8302231902036705,0.02582053236512924,0.8195649982818985,0.8408813821254425,25
acousticguitar_violin,caption_noclass_tagsub,w07,caption,pr_auc,0.8137543169370829,0.029590606267460705,0.8015399149944602,0.8259687188797056,25
acousticguitar_violin,caption_noclass_tagsub,w07,caption,log_loss,0.5403573180353107,0.016934014886388012,0.53336730024199,0.5473473358286315,25
acousticguitar_violin,caption_noclass_tagsub,w07,caption,brier,0.17938473532302557,0.007935328342762,0.17610919277249104,0.1826602778735601,25
acousticguitar_violin,caption_noclass_tagsub,w07,caption,mcc,0.4900994432087426,0.05646354358265548,0.4667924379318098,0.5134064484856754,25
acousticguitar_violin,caption_noclass_tagsub,w07,caption,kappa,0.48845900706553097,0.05671595468079492,0.4650478116081204,0.5118702025229416,25
acousticguitar_violin,caption_noclass_tagsub,w07,caption,precision_acousticguitar,0.7464025816203107,0.036334441543177345,0.7314044612926065,0.7614007019480149,25
acousticguitar_violin,caption_noclass_tagsub,w07,caption,recall_acousticguitar,0.7829172562074289,0.032618152817601234,0.7694531444707868,0.796381367944071,25
acousticguitar_violin,caption_noclass_tagsub,w07,caption,f1_acousticguitar,0.7635798490382119,0.02619188150701369,0.7527683717244804,0.7743913263519433,25
acousticguitar_violin,caption_noclass_tagsub,w07,caption,precision_violin,0.7462095179424613,0.03583861616313481,0.7314160642724947,0.7610029716124278,25
acousticguitar_violin,caption_noclass_tagsub,w07,caption,recall_violin,0.7047060666333409,0.051180680400638376,0.6835797201009367,0.7258324131657451,25
acousticguitar_violin,caption_noclass_tagsub,w07,caption,f1_violin,0.7239736176145465,0.03659355403860695,0.7088685409055189,0.7390786943235741,25
acousticguitar_violin,caption_noclass_tagsub,w07,image,accuracy,0.7474825890631057,0.03138445845627738,0.7345277213300286,0.7604374567961828,25
acousticguitar_violin,caption_noclass_tagsub,w07,image,balanced_accuracy,0.7450074890571851,0.032205285502100195,0.7317138005722642,0.7583011775421059,25
acousticguitar_violin,caption_noclass_tagsub,w07,image,precision_macro,0.7483440301590556,0.03179909060302415,0.7352180106877234,0.7614700496303878,25
acousticguitar_violin,caption_noclass_tagsub,w07,image,recall_macro,0.7450074890571851,0.032205285502100195,0.7317138005722642,0.7583011775421059,25
acousticguitar_violin,caption_noclass_tagsub,w07,image,f1_macro,0.7449829129995874,0.032106481706758824,0.7317300087168842,0.7582358172822906,25
acousticguitar_violin,caption_noclass_tagsub,w07,image,roc_auc,0.8494221698642771,0.026142499356908752,0.83863107650026,0.8602132632282942,25
acousticguitar_violin,caption_noclass_tagsub,w07,image,pr_auc,0.8357725042919781,0.028420143858487863,0.8240412454858193,0.847503763098137,25
acousticguitar_violin,caption_noclass_tagsub,w07,image,log_loss,0.5339057593590182,0.01631615849912598,0.52717078014749,0.5406407385705464,25
acousticguitar_violin,caption_noclass_tagsub,w07,image,brier,0.17597903498912373,0.007788409365518665,0.17276413761175088,0.17919393236649658,25
acousticguitar_violin,caption_noclass_tagsub,w07,image,mcc,0.49332105164173007,0.0638709837958578,0.46695640532452254,0.5196856979589376,25
acousticguitar_violin,caption_noclass_tagsub,w07,image,kappa,0.49112681332122526,0.06383556467107193,0.46477678730015765,0.5174768393422928,25
acousticguitar_violin,caption_noclass_tagsub,w07,image,precision_acousticguitar,0.7468818713172296,0.038526076583323424,0.7309790885081311,0.7627846541263281,25
acousticguitar_violin,caption_noclass_tagsub,w07,image,recall_acousticguitar,0.7867837669490553,0.04170146152531259,0.7695702496570794,0.8039972842410311,25
acousticguitar_violin,caption_noclass_tagsub,w07,image,f1_acousticguitar,0.7654397502466372,0.029867148670682804,0.7531111972103667,0.7777683032829078,25
acousticguitar_violin,caption_noclass_tagsub,w07,image,precision_violin,0.7498061890008819,0.04146152932092629,0.7326917108552103,0.7669206671465535,25
acousticguitar_violin,caption_noclass_tagsub,w07,image,recall_violin,0.7032312111653148,0.0580355761509908,0.6792753027370582,0.7271871195935715,25
acousticguitar_violin,caption_noclass_tagsub,w07,image,f1_violin,0.7245260757525378,0.04096869962644138,0.7076150277063812,0.7414371237986944,25
acousticguitar_violin,caption_noclass_tagsub,w10,caption,accuracy,0.7525387951939427,0.02806364604518847,0.7409546914526023,0.7641228989352832,25
acousticguitar_violin,caption_noclass_tagsub,w10,caption,balanced_accuracy,0.7509152467871324,0.028822948696994272,0.7390177183156115,0.7628127752586533,25
acousticguitar_violin,caption_noclass_tagsub,w10,caption,precision_macro,0.7524327715645757,0.028208822820342056,0.7407887417957509,0.7640768013334004,25
acousticguitar_violin,caption_noclass_tagsub,w10,caption,recall_macro,0.7509152467871324,0.028822948696994272,0.7390177183156115,0.7628127752586533,25
acousticguitar_violin,caption_noclass_tagsub,w10,caption,f1_macro,0.750768327722999,0.028736918285019498,0.7389063108601842,0.7626303445858137,25
acousticguitar_violin,caption_noclass_tagsub,w10,caption,roc_auc,0.8401067593927324,0.02498398490169708,0.8297938772922626,0.8504196414932021,25
acousticguitar_violin,caption_noclass_tagsub,w10,caption,pr_auc,0.813670478879403,0.032301420013100574,0.8003371080186868,0.8270038497401192,25
acousticguitar_violin,caption_noclass_tagsub,w10,caption,log_loss,0.5466137276091614,0.014428840999684372,0.5406577947721197,0.552569660446203,25
acousticguitar_violin,caption_noclass_tagsub,w10,caption,brier,0.18133581835977133,0.00688546769944242,0.17849363698356824,0.18417799973597443,25
acousticguitar_violin,caption_noclass_tagsub,w10,caption,mcc,0.5033391846529295,0.05698350695515907,0.47981754904467483,0.5268608202611842,25
acousticguitar_violin,caption_noclass_tagsub,w10,caption,kappa,0.502157020907925,0.057223783126206546,0.4785362041709067,0.5257778376449433,25
acousticguitar_violin,caption_noclass_tagsub,w10,caption,precision_acousticguitar,0.7583789060744951,0.03551318023414871,0.7437197857536758,0.7730380263953144,25
acousticguitar_violin,caption_noclass_tagsub,w10,caption,recall_acousticguitar,0.7774676462832824,0.032697873875167136,0.763970627311432,0.7909646652551328,25
acousticguitar_violin,caption_noclass_tagsub,w10,caption,f1_acousticguitar,0.7671276442510235,0.025182337394386457,0.7567328862656824,0.7775224022363647,25
acousticguitar_violin,caption_noclass_tagsub,w10,caption,precision_violin,0.7464866370546566,0.03651968860080807,0.7314120504997943,0.7615612236095188,25
acousticguitar_violin,caption_noclass_tagsub,w10,caption,recall_violin,0.7243628472909827,0.05228568553610863,0.7027803770566406,0.7459453175253247,25
acousticguitar_violin,caption_noclass_tagsub,w10,caption,f1_violin,0.7344090111949746,0.0376956620890691,0.7188490066419254,0.7499690157480238,25
acousticguitar_violin,caption_noclass_tagsub,w10,image,accuracy,0.7560776809388946,0.03296473174417571,0.7424705084526431,0.7696848534251461,25
acousticguitar_violin,caption_noclass_tagsub,w10,image,balanced_accuracy,0.75387691502895,0.034058586089415525,0.7398182216607443,0.7679356083971558,25
acousticguitar_violin,caption_noclass_tagsub,w10,image,precision_macro,0.7564876268091253,0.032893304052911215,0.742909938224726,0.7700653153935246,25
acousticguitar_violin,caption_noclass_tagsub,w10,image,recall_macro,0.75387691502895,0.034058586089415525,0.7398182216607443,0.7679356083971558,25
acousticguitar_violin,caption_noclass_tagsub,w10,image,f1_macro,0.7538548671513573,0.034042670698109984,0.7398027433337961,0.7679069909689185,25
acousticguitar_violin,caption_noclass_tagsub,w10,image,roc_auc,0.8574092286609529,0.02523417434181641,0.8469930734353638,0.8678253838865421,25
acousticguitar_violin,caption_noclass_tagsub,w10,image,pr_auc,0.8327937885346093,0.03224596524050193,0.8194833082789734,0.8461042687902451,25
acousticguitar_violin,caption_noclass_tagsub,w10,image,log_loss,0.542342967127768,0.014244996624949076,0.5364629215188422,0.5482230127366937,25
acousticguitar_violin,caption_noclass_tagsub,w10,image,brier,0.17887168056364824,0.006851094077351196,0.17604368792128355,0.18169967320601293,25
acousticguitar_violin,caption_noclass_tagsub,w10,image,mcc,0.5103452081284123,0.06688689418617164,0.48273565518789124,0.5379547610689335,25
acousticguitar_violin,caption_noclass_tagsub,w10,image,kappa,0.5086352263182887,0.06751137213722425,0.48076790154877846,0.536502551087799,25
acousticguitar_violin,caption_noclass_tagsub,w10,image,precision_acousticguitar,0.7575556243018573,0.03948694232372319,0.7412562156088531,0.7738550329948615,25
acousticguitar_violin,caption_noclass_tagsub,w10,image,recall_acousticguitar,0.7899641887015957,0.03529794896894383,0.7753939114805112,0.8045344659226802,25
acousticguitar_violin,caption_noclass_tagsub,w10,image,f1_acousticguitar,0.7726405346723461,0.02830435721677967,0.7609570702428425,0.7843239991018496,25
acousticguitar_violin,caption_noclass_tagsub,w10,image,precision_violin,0.7554196293163935,0.04050497246436475,0.7386999984347965,0.7721392601979905,25
acousticguitar_violin,caption_noclass_tagsub,w10,image,recall_violin,0.7177896413563044,0.06129035343587707,0.6924902268967085,0.7430890558159003,25
acousticguitar_violin,caption_noclass_tagsub,w10,image,f1_violin,0.7350691996303687,0.04470974758767917,0.716613922882976,0.7535244763777613,25
ambulance_firetruck,caption,w03,caption,accuracy,0.9813395357887758,0.003698866789621416,0.9798127186194251,0.9828663529581264,25
ambulance_firetruck,caption,w03,caption,balanced_accuracy,0.9814358566793695,0.0036574843096066406,0.9799261213582147,0.9829455920005243,25
ambulance_firetruck,caption,w03,caption,precision_macro,0.9812028909480383,0.0037525747162329808,0.9796539042361913,0.9827518776598853,25
ambulance_firetruck,caption,w03,caption,recall_macro,0.9814358566793695,0.0036574843096066406,0.9799261213582147,0.9829455920005243,25
ambulance_firetruck,caption,w03,caption,f1_macro,0.981290940196252,0.0037073331008593887,0.979760628305384,0.9828212520871199,25
ambulance_firetruck,caption,w03,caption,roc_auc,0.9932836062168569,0.0024959657519017997,0.9922533221918123,0.9943138902419014,25
ambulance_firetruck,caption,w03,caption,pr_auc,0.9856308560329016,0.005759940480678934,0.9832532694582743,0.9880084426075288,25
ambulance_firetruck,caption,w03,caption,log_loss,0.08649138679854904,0.00949001556531086,0.08257410090353451,0.09040867269356356,25
ambulance_firetruck,caption,w03,caption,brier,0.017777899759953843,0.002629289590165304,0.0166925823593047,0.018863217160602984,25
ambulance_firetruck,caption,w03,caption,mcc,0.9626386322950192,0.0073989335815774935,0.9595845026196994,0.965692761970339,25
ambulance_firetruck,caption,w03,caption,kappa,0.9625830200585973,0.007414245009307862,0.9595225701365436,0.965643469980651,25
ambulance_firetruck,caption,w03,caption,precision_ambulance,0.9848775322064633,0.004907769049912207,0.98285170470988,0.9869033597030467,25
ambulance_firetruck,caption,w03,caption,recall_ambulance,0.9796556291390728,0.006281274543777145,0.9770628464398543,0.9822484118382913,25
ambulance_firetruck,caption,w03,caption,f1_ambulance,0.9822406981108454,0.003531555609834603,0.9807829436021559,0.9836984526195348,25
ambulance_firetruck,caption,w03,caption,precision_firetruck,0.9775282496896129,0.006766126139711242,0.9747353300881042,0.9803211692911217,25
ambulance_firetruck,caption,w03,caption,recall_firetruck,0.9832160842196658,0.0055375562583473,0.9809302933403583,0.9855018750989732,25
ambulance_firetruck,caption,w03,caption,f1_firetruck,0.9803411822816587,0.003885160710147924,0.9787374667613851,0.9819448978019323,25
ambulance_firetruck,caption,w03,image,accuracy,0.9847171497892988,0.0035357705490489657,0.9832576554392131,0.9861766441393846,25
ambulance_firetruck,caption,w03,image,balanced_accuracy,0.984819771094088,0.003534982433359826,0.9833606020621697,0.9862789401260064,25
ambulance_firetruck,caption,w03,image,precision_macro,0.9845838674942047,0.0035573788656923897,0.983115453669391,0.9860522813190183,25
ambulance_firetruck,caption,w03,image,recall_macro,0.984819771094088,0.003534982433359826,0.9833606020621697,0.9862789401260064,25
ambulance_firetruck,caption,w03,image,f1_macro,0.9846770875265469,0.0035450833370348715,0.9832137490465154,0.9861404260065785,25
ambulance_firetruck,caption,w03,image,roc_auc,0.9951935930710104,0.0021939773225506526,0.994287963742959,0.9960992223990618,25
ambulance_firetruck,caption,w03,image,pr_auc,0.9888907167303773,0.005531014638263054,0.9866076260991263,0.9911738073616283,25
ambulance_firetruck,caption,w03,image,log_loss,0.07970690786430114,0.00825882738525751,0.07629783147206771,0.08311598425653456,25
ambulance_firetruck,caption,w03,image,brier,0.015186767685643188,0.002513969454580421,0.014149052097386124,0.01622448327390025,25
ambulance_firetruck,caption,w03,image,mcc,0.969403531496853,0.0070812687178648925,0.9664805274325924,0.9723265355611136,25
ambulance_firetruck,caption,w03,image,kappa,0.9693549738258014,0.007089920885392933,0.9664283983223176,0.9722815493292851,25
ambulance_firetruck,caption,w03,image,precision_ambulance,0.9880466953754855,0.005004522199466413,0.9859809301416627,0.9901124606093084,25
ambulance_firetruck,caption,w03,image,recall_ambulance,0.9829139072847681,0.005464412271296491,0.9806583087593939,0.9851695058101424,25
ambulance_firetruck,caption,w03,image,f1_ambulance,0.9854578616515056,0.0033649465932131493,0.9840688799647681,0.9868468433382431,25
ambulance_firetruck,caption,w03,image,precision_firetruck,0.9811210396129242,0.005914951256454879,0.9786794677348648,0.9835626114909836,25
ambulance_firetruck,caption,w03,image,recall_firetruck,0.9867256349034079,0.005632521283201807,0.9844006443884601,0.9890506254183558,25
ambulance_firetruck,caption,w03,image,f1_firetruck,0.9838963134015885,0.003726570189748427,0.9823580608307029,0.985434565972474,25
ambulance_firetruck,caption,w05,caption,accuracy,0.982860304893251,0.005202661474916536,0.9807127517863075,0.9850078580001946,25
ambulance_firetruck,caption,w05,caption,balanced_accuracy,0.9832347989023326,0.005022636756006531,0.9811615563470721,0.985308041457593,25
ambulance_firetruck,caption,w05,caption,precision_macro,0.9825858074296134,0.005290625844568526,0.98040194441547,0.9847696704437569,25
ambulance_firetruck,caption,w05,caption,recall_macro,0.9832347989023326,0.005022636756006531,0.9811615563470721,0.985308041457593,25
ambulance_firetruck,caption,w05,caption,f1_macro,0.9828253711783387,0.005208433661751944,0.9806754354297738,0.9849753069269036,25
ambulance_firetruck,caption,w05,caption,roc_auc,0.9940437269013321,0.002654131482829782,0.9929481552713754,0.9951392985312889,25
ambulance_firetruck,caption,w05,caption,pr_auc,0.9877333517502707,0.006138322311119068,0.9851995768325251,0.9902671266680162,25
ambulance_firetruck,caption,w05,caption,log_loss,0.09088139758969403,0.009397837155482577,0.08700216107217106,0.09476063410721701,25
ambulance_firetruck,caption,w05,caption,brier,0.01766235973383522,0.0030440095620196013,0.01640585434250838,0.01891886512516206,25
ambulance_firetruck,caption,w05,caption,mcc,0.9658203164920843,0.010310077519484644,0.9615645256595368,0.9700761073246319,25
ambulance_firetruck,caption,w05,caption,kappa,0.9656542597295826,0.01041408179015971,0.9613555380441052,0.96995298141506,25
ambulance_firetruck,caption,w05,caption,precision_ambulance,0.9910566923158484,0.003680999216842789,0.9895372505180492,0.9925761341136475,25
ambulance_firetruck,caption,w05,caption,recall_ambulance,0.9762913907284769,0.009037976201295476,0.9725606975121005,0.9800220839448534,25
ambulance_firetruck,caption,w05,caption,f1_ambulance,0.9835960990413032,0.005027208286318973,0.9815209694510756,0.9856712286315308,25
ambulance_firetruck,caption,w05,caption,precision_firetruck,0.9741149225433783,0.009671316805078762,0.9701227991747681,0.9781070459119885,25
ambulance_firetruck,caption,w05,caption,recall_firetruck,0.9901782070761884,0.00405503007220776,0.9885043729295109,0.991852041222866,25
ambulance_firetruck,caption,w05,caption,f1_firetruck,0.9820546433153743,0.005390296242270813,0.97982963838314,0.9842796482476086,25
ambulance_firetruck,caption,w05,image,accuracy,0.9852049546673477,0.005382803713916371,0.9829830424988121,0.9874268668358833,25
ambulance_firetruck,caption,w05,image,balanced_accuracy,0.98559989333824,0.0051709866164318125,0.9834654149702697,0.9877343717062104,25
ambulance_firetruck,caption,w05,image,precision_macro,0.9849354950099202,0.005480969730377732,0.9826730619013495,0.9871979281184908,25
ambulance_firetruck,caption,w05,image,recall_macro,0.98559989333824,0.0051709866164318125,0.9834654149702697,0.9877343717062104,25
ambulance_firetruck,caption,w05,image,f1_macro,0.9851756424765,0.005388881600737175,0.982951221479591,0.987400063473409,25
ambulance_firetruck,caption,w05,image,roc_auc,0.9951362731561675,0.0027489367209389656,0.994001567847297,0.996270978465038,25
ambulance_firetruck,caption,w05,image,pr_auc,0.9903529800373922,0.0059327334800129234,0.9879040680182081,0.9928018920565764,25
ambulance_firetruck,caption,w05,image,log_loss,0.086960825344124,0.009051006183046469,0.08322475361562881,0.09069689707261919,25
ambulance_firetruck,caption,w05,image,brier,0.01581809374471029,0.003088605715222716,0.014543179966093436,0.01709300752332714,25
ambulance_firetruck,caption,w05,image,mcc,0.9705350784778665,0.010649030258949643,0.9661393748310305,0.9749307821247024,25
ambulance_firetruck,caption,w05,image,kappa,0.9703547381224049,0.010774834200582986,0.9659071051607322,0.9748023710840776,25
ambulance_firetruck,caption,w05,image,precision_ambulance,0.9935532156543256,0.003327641444759673,0.9921796327760349,0.9949267985326163,25
ambulance_firetruck,caption,w05,image,recall_ambulance,0.9782781456953643,0.009657678964338787,0.9742916517507315,0.9822646396399971,25
ambulance_firetruck,caption,w05,image,f1_ambulance,0.9858311504614876,0.005200827730419746,0.9836843542870699,0.9879779466359053,25
ambulance_firetruck,caption,w05,image,precision_firetruck,0.9763177743655147,0.010350431921762255,0.972045326054404,0.9805902226766254,25
ambulance_firetruck,caption,w05,image,recall_firetruck,0.9929216409811157,0.0036692554246010914,0.9914070467824997,0.9944362351797317,25
ambulance_firetruck,caption,w05,image,f1_firetruck,0.9845201344915124,0.005577373547026125,0.9822179078432386,0.9868223611397863,25
ambulance_firetruck,caption,w07,caption,accuracy,0.9807812175055184,0.0047715821871157525,0.9788116051829827,0.9827508298280541,25
ambulance_firetruck,caption,w07,caption,balanced_accuracy,0.9812409998749384,0.004607414655702355,0.9793391525787928,0.983142847171084,25
ambulance_firetruck,caption,w07,caption,precision_macro,0.9804724648609746,0.004815214031753999,0.978484842198161,0.9824600875237882,25
ambulance_firetruck,caption,w07,caption,recall_macro,0.9812409998749384,0.004607414655702355,0.9793391525787928,0.983142847171084,25
ambulance_firetruck,caption,w07,caption,f1_macro,0.9807445197395357,0.004775422058798057,0.9787733223958717,0.9827157170831997,25
ambulance_firetruck,caption,w07,caption,roc_auc,0.9947522823388539,0.0021488281551646665,0.9938652896711279,0.99563927500658,25
ambulance_firetruck,caption,w07,caption,pr_auc,0.9908968409058586,0.004423658484623026,0.9890708444291492,0.9927228373825681,25
ambulance_firetruck,caption,w07,caption,log_loss,0.10733541750062356,0.007380375876484966,0.10428894806947327,0.11038188693177385,25
ambulance_firetruck,caption,w07,caption,brier,0.020809349842526467,0.0026192384760421027,0.01972818133787365,0.021890518347179283,25
ambulance_firetruck,caption,w07,caption,mcc,0.9617131006353344,0.009419200563463948,0.9578250457364106,0.9656011555342583,25
ambulance_firetruck,caption,w07,caption,kappa,0.9614940664246557,0.00954695222778764,0.9575532782304833,0.9654348546188282,25
ambulance_firetruck,caption,w07,caption,precision_ambulance,0.9906524583879436,0.003694391321720193,0.9891274886009457,0.9921774281749415,25
ambulance_firetruck,caption,w07,caption,recall_ambulance,0.9727152317880795,0.008426919203808565,0.9692367705033403,0.9761936930728187,25
ambulance_firetruck,caption,w07,caption,f1_ambulance,0.9815806348811923,0.004629081875914366,0.9796698437961207,0.9834914259662639,25
ambulance_firetruck,caption,w07,caption,precision_firetruck,0.9702924713340054,0.008927372220956275,0.9666074331968155,0.9739775094711953,25
ambulance_firetruck,caption,w07,caption,recall_firetruck,0.9897667679617972,0.004086238829696033,0.9880800514731816,0.9914534844504128,25
ambulance_firetruck,caption,w07,caption,f1_firetruck,0.9799084045978794,0.004922737071888328,0.9778763986054908,0.981940410590268,25
ambulance_firetruck,caption,w07,image,accuracy,0.9833211108476081,0.005701906943549548,0.9809674793397424,0.9856747423554738,25
ambulance_firetruck,caption,w07,image,balanced_accuracy,0.9838421161578192,0.005523579624568471,0.9815620945493823,0.9861221377662562,25
ambulance_firetruck,caption,w07,image,precision_macro,0.9830055250765487,0.005743975494125929,0.9806345285244781,0.9853765216286193,25
ambulance_firetruck,caption,w07,image,recall_macro,0.9838421161578192,0.005523579624568471,0.9815620945493823,0.9861221377662562,25
ambulance_firetruck,caption,w07,image,f1_macro,0.9832912557336911,0.0057075324061769996,0.9809353021489803,0.985647209318402,25
ambulance_firetruck,caption,w07,image,roc_auc,0.9958633008077257,0.0020162937044147585,0.9950310156724534,0.9966955859429979,25
ambulance_firetruck,caption,w07,image,pr_auc,0.9935739015555494,0.0034724506122656646,0.9921405443907535,0.9950072587203452,25
ambulance_firetruck,caption,w07,image,log_loss,0.10398031288864365,0.00722277891790401,0.1009988962847198,0.1069617294925675,25
ambulance_firetruck,caption,w07,image,brier,0.018778955001849548,0.00267055216515921,0.01767660524736461,0.019881304756334487,25
ambulance_firetruck,caption,w07,image,mcc,0.9668472278049154,0.011265489311041092,0.9621970623678967,0.9714973932419341,25
ambulance_firetruck,caption,w07,image,kappa,0.9665878612419277,0.011410830196463943,0.9618777020360351,0.9712980204478204,25
ambulance_firetruck,caption,w07,image,precision_ambulance,0.9940594517223775,0.0038030159713651037,0.9924896438837477,0.9956292595610073,25
ambulance_firetruck,caption,w07,image,recall_ambulance,0.9741721854304637,0.009414305799796898,0.9702861509906783,0.9780582198702491,25
ambulance_firetruck,caption,w07,image,f1_ambulance,0.9839936766613708,0.005520972353910824,0.9817147312813659,0.9862726220413758,25
ambulance_firetruck,caption,w07,image,precision_firetruck,0.9719515984307199,0.010003895854323167,0.967822193177837,0.9760810036836027,25
ambulance_firetruck,caption,w07,image,recall_firetruck,0.9935120468851747,0.004155479514025823,0.9917967492468002,0.9952273445235492,25
ambulance_firetruck,caption,w07,image,f1_firetruck,0.9825888348060116,0.005894599100400662,0.9801556638850734,0.9850220057269498,25
ambulance_firetruck,caption,w10,caption,accuracy,0.9784784039014661,0.004360603841395579,0.9766784351022489,0.9802783727006833,25
ambulance_firetruck,caption,w10,caption,balanced_accuracy,0.9790130919404247,0.004242869387306884,0.9772617215352971,0.9807644623455524,25
ambulance_firetruck,caption,w10,caption,precision_macro,0.9781485954521429,0.004389874441611088,0.9763365443429892,0.9799606465612967,25
ambulance_firetruck,caption,w10,caption,recall_macro,0.9790130919404247,0.004242869387306884,0.9772617215352971,0.9807644623455524,25
ambulance_firetruck,caption,w10,caption,f1_macro,0.9784395883197432,0.004364769724755691,0.976637899928391,0.9802412767110954,25
ambulance_firetruck,caption,w10,caption,roc_auc,0.9941772312360831,0.0025602521202919585,0.993120411102388,0.9952340513697783,25
ambulance_firetruck,caption,w10,caption,pr_auc,0.9892607079279675,0.006402323758581905,0.9866179585686847,0.9919034572872503,25
ambulance_firetruck,caption,w10,caption,log_loss,0.13918471161960813,0.006555327310711524,0.13647880549809244,0.14189061774112383,25
ambulance_firetruck,caption,w10,caption,brier,0.027267844170386593,0.0022594734410917123,0.02633517937336541,0.028200508967407775,25
ambulance_firetruck,caption,w10,caption,mcc,0.9571612511038404,0.008628936118387453,0.9535994013352165,0.9607231008724644,25
ambulance_firetruck,caption,w10,caption,kappa,0.9568858324725753,0.008726198445652008,0.9532838347884829,0.9604878301566677,25
ambulance_firetruck,caption,w10,caption,precision_ambulance,0.9898737057625786,0.004268191084217618,0.9881118830746846,0.9916355284504726,25
ambulance_firetruck,caption,w10,caption,recall_ambulance,0.9690860927152317,0.007542888400123756,0.9659725414113245,0.9721996440191389,25
ambulance_firetruck,caption,w10,caption,f1_ambulance,0.9793496893412288,0.004224170376700683,0.97760603750832,0.9810933411741376,25
ambulance_firetruck,caption,w10,caption,precision_firetruck,0.9664234851417071,0.007951560042287056,0.9631412424749121,0.9697057278085021,25
ambulance_firetruck,caption,w10,caption,recall_firetruck,0.9889400911656174,0.004707780604564867,0.9869968148419731,0.9908833674892618,25
ambulance_firetruck,caption,w10,caption,f1_firetruck,0.9775294872982576,0.004507009972511188,0.9756690850183558,0.9793898895781594,25
ambulance_firetruck,caption,w10,image,accuracy,0.9824139713349264,0.003966228568072351,0.9807767926475799,0.9840511500222728,25
ambulance_firetruck,caption,w10,image,balanced_accuracy,0.982943311143279,0.003829676991842576,0.9813624981762863,0.9845241241102718,25
ambulance_firetruck,caption,w10,image,precision_macro,0.9820940216021863,0.003979156141298952,0.9804515066748822,0.9837365365294903,25
ambulance_firetruck,caption,w10,image,recall_macro,0.982943311143279,0.003829676991842576,0.9813624981762863,0.9845241241102718,25
ambulance_firetruck,caption,w10,image,f1_macro,0.9823818812588595,0.003969292650367202,0.9807434377805048,0.9840203247372142,25
ambulance_firetruck,caption,w10,image,roc_auc,0.9951943522454313,0.0025940509630137487,0.9941235806351605,0.9962651238557021,25
ambulance_firetruck,caption,w10,image,pr_auc,0.9907706487883052,0.0063424882451744114,0.9881525983150337,0.9933886992615768,25
ambulance_firetruck,caption,w10,image,log_loss,0.1360998699084439,0.0062292800927934554,0.13352854946374498,0.1386711903531428,25
ambulance_firetruck,caption,w10,image,brier,0.025155246065787763,0.002177057645384354,0.024256600837209753,0.026053891294365774,25
ambulance_firetruck,caption,w10,image,mcc,0.9650369106826647,0.007804330424847672,0.9618154414150022,0.9682583799503273,25
ambulance_firetruck,caption,w10,image,kappa,0.9647691937552203,0.00793460562284544,0.9614939495288051,0.9680444379816355,25
ambulance_firetruck,caption,w10,image,precision_ambulance,0.9933978122359238,0.004022842779788534,0.9917372643505515,0.9950583601212961,25
ambulance_firetruck,caption,w10,image,recall_ambulance,0.9731125827814568,0.007485201692355842,0.9700228433801871,0.9762023221827266,25
ambulance_firetruck,caption,w10,image,f1_ambulance,0.9831290951037681,0.0038521064574179673,0.9815390237084275,0.9847191664991087,25
ambulance_firetruck,caption,w10,image,precision_firetruck,0.970790230968449,0.007868111973156663,0.9675424339716238,0.9740380279652742,25
ambulance_firetruck,caption,w10,image,recall_firetruck,0.9927740395051009,0.004443089560553974,0.9909400222744585,0.9946080567357433,25
ambulance_firetruck,caption,w10,image,f1_firetruck,0.981634667413951,0.0040878933476111105,0.9799472679739063,0.9833220668539957,25
ambulance_firetruck,caption_noclass,w03,caption,accuracy,0.8404334838612066,0.014663099382239591,0.834380853916404,0.8464861138060092,25
ambulance_firetruck,caption_noclass,w03,caption,balanced_accuracy,0.8389512249382851,0.014705907791834318,0.8328809245504849,0.8450215253260853,25
ambulance_firetruck,caption_noclass,w03,caption,precision_macro,0.8411044377382896,0.01480790386420389,0.8349920354410783,0.8472168400355009,25
ambulance_firetruck,caption_noclass,w03,caption,recall_macro,0.8389512249382851,0.014705907791834318,0.8328809245504849,0.8450215253260853,25
ambulance_firetruck,caption_noclass,w03,caption,f1_macro,0.8395681833182816,0.014733881789940196,0.8334863358315907,0.8456500308049726,25
ambulance_firetruck,caption_noclass,w03,caption,roc_auc,0.9191539166132702,0.011836809787244457,0.9142679216744385,0.9240399115521019,25
ambulance_firetruck,caption_noclass,w03,caption,pr_auc,0.9169011589045891,0.012530057386828294,0.9117290054210309,0.9220733123881474,25
ambulance_firetruck,caption_noclass,w03,caption,log_loss,0.37277914683621377,0.018591362126113262,0.3651050097260556,0.38045328394637196,25
ambulance_firetruck,caption_noclass,w03,caption,brier,0.11644652297907085,0.007315274476112783,0.11342692608523817,0.11946611987290352,25
ambulance_firetruck,caption_noclass,w03,caption,mcc,0.6800501741005188,0.029463587128329232,0.6678882030816067,0.692212145119431,25
ambulance_firetruck,caption_noclass,w03,caption,kappa,0.6793102111686253,0.02944932371704244,0.667154127796521,0.6914662945407297,25
ambulance_firetruck,caption_noclass,w03,caption,precision_ambulance,0.8361221168580628,0.015471871235109486,0.8297356423004956,0.8425085914156301,25
ambulance_firetruck,caption_noclass,w03,caption,recall_ambulance,0.8670091353551896,0.01855829955809362,0.8593486458023474,0.8746696249080319,25
ambulance_firetruck,caption_noclass,w03,caption,f1_ambulance,0.8511765394779581,0.013883928436719534,0.8454455354918997,0.8569075434640165,25
ambulance_firetruck,caption_noclass,w03,caption,precision_firetruck,0.8460867586185163,0.01884553550845816,0.838307703892713,0.8538658133443197,25
ambulance_firetruck,caption_noclass,w03,caption,recall_firetruck,0.8108933145213806,0.02030679374084831,0.8025110820427779,0.8192755469999833,25
ambulance_firetruck,caption_noclass,w03,caption,f1_firetruck,0.827959827158605,0.01587669938075358,0.8214062477555375,0.8345134065616726,25
ambulance_firetruck,caption_noclass,w03,image,accuracy,0.8646233832570188,0.01583441062987294,0.8580872597923743,0.8711595067216633,25
ambulance_firetruck,caption_noclass,w03,image,balanced_accuracy,0.8634266923210719,0.01600157485798798,0.856821566854435,0.8700318177877089,25
ambulance_firetruck,caption_noclass,w03,image,precision_macro,0.8651111753344503,0.015825572289015592,0.8585787001576023,0.8716436505112982,25
ambulance_firetruck,caption_noclass,w03,image,recall_macro,0.8634266923210719,0.01600157485798798,0.856821566854435,0.8700318177877089,25
ambulance_firetruck,caption_noclass,w03,image,f1_macro,0.8639598942951687,0.0159458477329809,0.857377771855161,0.8705420167351765,25
ambulance_firetruck,caption_noclass,w03,image,roc_auc,0.939085219979099,0.012392080138667695,0.9339700207043439,0.9442004192538541,25
ambulance_firetruck,caption_noclass,w03,image,pr_auc,0.9344672377651432,0.014084141520242302,0.9286535898800644,0.9402808856502219,25
ambulance_firetruck,caption_noclass,w03,image,log_loss,0.3548434465966821,0.018064323296974518,0.34738686042280026,0.36230003277056394,25
ambulance_firetruck,caption_noclass,w03,image,brier,0.10680227402783231,0.0073489335401768375,0.10376878335521812,0.1098357647004465,25
ambulance_firetruck,caption_noclass,w03,image,mcc,0.7285345209203707,0.03179545915577139,0.7154100004367909,0.7416590414039506,25
ambulance_firetruck,caption_noclass,w03,image,kappa,0.728018197063388,0.03186526206572482,0.7148648633547181,0.7411715307720579,25
ambulance_firetruck,caption_noclass,w03,image,precision_ambulance,0.8614981332682937,0.01782176108220011,0.8541416718556475,0.86885459468094,25
ambulance_firetruck,caption_noclass,w03,image,recall_ambulance,0.8856953642384106,0.016941436348312057,0.8787022830161717,0.8926884454606494,25
ambulance_firetruck,caption_noclass,w03,image,f1_ambulance,0.8733327852630297,0.014666981915881706,0.8672785526871072,0.8793870178389522,25
ambulance_firetruck,caption_noclass,w03,image,precision_firetruck,0.868724217400607,0.018025142112556625,0.8612838044247577,0.8761646303764563,25
ambulance_firetruck,caption_noclass,w03,image,recall_firetruck,0.8411580204037334,0.022474998955919864,0.8318807968001906,0.8504352440072763,25
ambulance_firetruck,caption_noclass,w03,image,f1_firetruck,0.8545870033273077,0.01737939749036167,0.8474131406308439,0.8617608660237716,25
ambulance_firetruck,caption_noclass,w05,caption,accuracy,0.8612024493618161,0.014917796304076032,0.8550446856948877,0.8673602130287446,25
ambulance_firetruck,caption_noclass,w05,caption,balanced_accuracy,0.8600696079389699,0.015123222983468701,0.8538270483064178,0.8663121675715221,25
ambulance_firetruck,caption_noclass,w05,caption,precision_macro,0.8616897153133373,0.01485310208588485,0.8555586561071828,0.8678207745194917,25
ambulance_firetruck,caption_noclass,w05,caption,recall_macro,0.8600696079389699,0.015123222983468701,0.8538270483064178,0.8663121675715221,25
ambulance_firetruck,caption_noclass,w05,caption,f1_macro,0.8605357173080503,0.015040789338081735,0.8543271846119269,0.8667442500041738,25
ambulance_firetruck,caption_noclass,w05,caption,roc_auc,0.9334540364360596,0.011345447108305984,0.9287708660424877,0.9381372068296315,25
ambulance_firetruck,caption_noclass,w05,caption,pr_auc,0.9318835470973938,0.011536500073071743,0.927121513915987,0.9366455802788007,25
ambulance_firetruck,caption_noclass,w05,caption,log_loss,0.3566607362572531,0.01661379294512115,0.3498028995847288,0.36351857292977735,25
ambulance_firetruck,caption_noclass,w05,caption,brier,0.10810012653314127,0.006887839743176812,0.10525696602540788,0.11094328704087467,25
ambulance_firetruck,caption_noclass,w05,caption,mcc,0.7217557526143937,0.029935635516949232,0.7093989295974232,0.7341125756313642,25
ambulance_firetruck,caption_noclass,w05,caption,kappa,0.7211847321451479,0.030046481537647916,0.708782154139641,0.7335873101506548,25
ambulance_firetruck,caption_noclass,w05,caption,precision_ambulance,0.8592959928479279,0.018441419481431492,0.8516837490195068,0.866908236676349,25
ambulance_firetruck,caption_noclass,w05,caption,recall_ambulance,0.8812450331125826,0.01791420311254759,0.8738504135052427,0.8886396527199225,25
ambulance_firetruck,caption_noclass,w05,caption,f1_ambulance,0.8699754157541676,0.013769808717449856,0.8642915180730001,0.8756593134353351,25
ambulance_firetruck,caption_noclass,w05,caption,precision_firetruck,0.864083437778747,0.018022805458027754,0.8566439893264819,0.871522886231012,25
ambulance_firetruck,caption_noclass,w05,caption,recall_firetruck,0.8388941827653571,0.024061203865950318,0.8289622059553624,0.8488261595753518,25
ambulance_firetruck,caption_noclass,w05,caption,f1_firetruck,0.8510960188619328,0.016573711734427215,0.8442547269000283,0.8579373108238372,25
ambulance_firetruck,caption_noclass,w05,image,accuracy,0.8794149017032429,0.016894093150013126,0.8724413627927785,0.8863884406137073,25
ambulance_firetruck,caption_noclass,w05,image,balanced_accuracy,0.8785075151978633,0.017120245625190364,0.8714406251337535,0.8855744052619731,25
ambulance_firetruck,caption_noclass,w05,image,precision_macro,0.8798456962351311,0.01675296795467721,0.8729304109421994,0.8867609815280628,25
ambulance_firetruck,caption_noclass,w05,image,recall_macro,0.8785075151978633,0.017120245625190364,0.8714406251337535,0.8855744052619731,25
ambulance_firetruck,caption_noclass,w05,image,f1_macro,0.8788826623568354,0.017022580089277834,0.8718560866445437,0.8859092380691271,25
ambulance_firetruck,caption_noclass,w05,image,roc_auc,0.9471960984364423,0.010998936801143038,0.9426559604677789,0.9517362364051056,25
ambulance_firetruck,caption_noclass,w05,image,pr_auc,0.9443618297402689,0.011826057023193422,0.939480273324289,0.9492433861562489,25
ambulance_firetruck,caption_noclass,w05,image,log_loss,0.34571198798159825,0.015824564987036865,0.3391799285985713,0.35224404736462517,25
ambulance_firetruck,caption_noclass,w05,image,brier,0.10177408127937135,0.006700069536766945,0.09900842850342315,0.10453973405531955,25
ambulance_firetruck,caption_noclass,w05,image,mcc,0.7583500307961369,0.033831814397113164,0.7443849441818433,0.7723151174104306,25
ambulance_firetruck,caption_noclass,w05,image,kappa,0.7578501626660191,0.03400444511198483,0.7438138175949022,0.7718865077371361,25
ambulance_firetruck,caption_noclass,w05,image,precision_ambulance,0.8784259940613515,0.020627693041074556,0.8699113008619158,0.8869406872607871,25
ambulance_firetruck,caption_noclass,w05,image,recall_ambulance,0.8954966887417218,0.01928600686170815,0.8875358163774363,0.9034575611060074,25
ambulance_firetruck,caption_noclass,w05,image,f1_ambulance,0.8867093986800834,0.015641938454513855,0.8802527238246143,0.8931660735355524,25
ambulance_firetruck,caption_noclass,w05,image,precision_firetruck,0.8812653984089108,0.019839752796686008,0.8730759509568836,0.889454845860938,25
ambulance_firetruck,caption_noclass,w05,image,recall_firetruck,0.8615183416540048,0.026225304653011233,0.8506930679436835,0.872343615364326,25
ambulance_firetruck,caption_noclass,w05,image,f1_firetruck,0.8710559260335877,0.018600460601454,0.8633780332573958,0.8787338188097796,25
ambulance_firetruck,caption_noclass,w07,caption,accuracy,0.8522559789846216,0.012991696387236788,0.8468932702872763,0.8576186876819668,25
ambulance_firetruck,caption_noclass,w07,caption,balanced_accuracy,0.8513985376413951,0.013375986074319163,0.8458772019575663,0.8569198733252238,25
ambulance_firetruck,caption_noclass,w07,caption,precision_macro,0.8524470111443851,0.01282796329380962,0.847151888146243,0.8577421341425273,25
ambulance_firetruck,caption_noclass,w07,caption,recall_macro,0.8513985376413951,0.013375986074319163,0.8458772019575663,0.8569198733252238,25
ambulance_firetruck,caption_noclass,w07,caption,f1_macro,0.851642626244085,0.013152867368914141,0.8462133894352878,0.8570718630528823,25
ambulance_firetruck,caption_noclass,w07,caption,roc_auc,0.9321553521706818,0.009921188200001051,0.9280600869595572,0.9362506173818064,25
ambulance_firetruck,caption_noclass,w07,caption,pr_auc,0.9289627449232292,0.00991951601425867,0.9248681699564543,0.9330573198900041,25
ambulance_firetruck,caption_noclass,w07,caption,log_loss,0.37538297633417644,0.013218481483715695,0.36992665534994695,0.38083929731840593,25
ambulance_firetruck,caption_noclass,w07,caption,brier,0.11375239939177285,0.005627406026272749,0.11142952035110862,0.11607527843243709,25
ambulance_firetruck,caption_noclass,w07,caption,mcc,0.7038431402068136,0.02616677375861146,0.6930420268622448,0.7146442535513824,25
ambulance_firetruck,caption_noclass,w07,caption,kappa,0.7033845569081375,0.02627024722700984,0.6925407318150498,0.7142283820012252,25
ambulance_firetruck,caption_noclass,w07,caption,precision_ambulance,0.8548428804000351,0.019286836627934983,0.8468816655250851,0.862804095274985,25
ambulance_firetruck,caption_noclass,w07,caption,recall_ambulance,0.8674172185430463,0.01596745370421643,0.8608261775964474,0.8740082594896452,25
ambulance_firetruck,caption_noclass,w07,caption,f1_ambulance,0.8608846857918218,0.011649840592581277,0.8560758679433769,0.8656935036402666,25
ambulance_firetruck,caption_noclass,w07,caption,precision_firetruck,0.8500511418887351,0.014770986362521905,0.8439539783872478,0.8561483053902224,25
ambulance_firetruck,caption_noclass,w07,caption,recall_firetruck,0.8353798567397439,0.025795606311302254,0.8247319537873,0.8460277596921878,25
ambulance_firetruck,caption_noclass,w07,caption,f1_firetruck,0.8424005666963486,0.015040463971241943,0.8361921683050557,0.8486089650876414,25
ambulance_firetruck,caption_noclass,w07,image,accuracy,0.875856273297213,0.013098429888606681,0.8704495071758769,0.8812630394185492,25
ambulance_firetruck,caption_noclass,w07,image,balanced_accuracy,0.8752266149122339,0.013510090883310748,0.8696499234839281,0.8808033063405396,25
ambulance_firetruck,caption_noclass,w07,image,precision_macro,0.8761867433252678,0.012811372269844683,0.870898468765225,0.8814750178853106,25
ambulance_firetruck,caption_noclass,w07,image,recall_macro,0.8752266149122339,0.013510090883310748,0.8696499234839281,0.8808033063405396,25
ambulance_firetruck,caption_noclass,w07,image,f1_macro,0.8753708455836966,0.01326036255389979,0.8698972369433646,0.8808444542240286,25
ambulance_firetruck,caption_noclass,w07,image,roc_auc,0.9455599365060655,0.00934903481581778,0.9417008446042702,0.9494190284078609,25
ambulance_firetruck,caption_noclass,w07,image,pr_auc,0.9417517403036532,0.009544173056052173,0.9378120992951902,0.9456913813121162,25
ambulance_firetruck,caption_noclass,w07,image,log_loss,0.3665340828413125,0.012622980929233366,0.36132357240465196,0.37174459327797305,25
ambulance_firetruck,caption_noclass,w07,image,brier,0.10830077753544166,0.005477704046052629,0.10603969243510726,0.11056186263577607,25
ambulance_firetruck,caption_noclass,w07,image,mcc,0.7514106211013047,0.026272221935685975,0.7405659808885379,0.7622552613140716,25
ambulance_firetruck,caption_noclass,w07,image,kappa,0.7508409000788341,0.02647086166305058,0.7399142654165491,0.761767534741119,25
ambulance_firetruck,caption_noclass,w07,image,precision_ambulance,0.8791491666554546,0.0212988600683611,0.8703574293235732,0.887940903987336,25
ambulance_firetruck,caption_noclass,w07,image,recall_ambulance,0.8870198675496688,0.018369775445361756,0.8794371969258464,0.8946025381734911,25
ambulance_firetruck,caption_noclass,w07,image,f1_ambulance,0.8827852002729942,0.011825471806915436,0.8779038854224211,0.8876665151235673,25
ambulance_firetruck,caption_noclass,w07,image,precision_firetruck,0.8732243199950809,0.016670581986442914,0.8663430419584166,0.8801055980317452,25
ambulance_firetruck,caption_noclass,w07,image,recall_firetruck,0.8634333622747993,0.028058185692045042,0.8518515124564585,0.87501521209314,25
ambulance_firetruck,caption_noclass,w07,image,f1_firetruck,0.8679564908943991,0.015090005605617712,0.8617276427215205,0.8741853390672777,25
ambulance_firetruck,caption_noclass,w10,caption,accuracy,0.8643967139147831,0.012009535753122073,0.8594394212014453,0.8693540066281209,25
ambulance_firetruck,caption_noclass,w10,caption,balanced_accuracy,0.8645743419530026,0.011993837458287375,0.8596235291772907,0.8695251547287146,25
ambulance_firetruck,caption_noclass,w10,caption,precision_macro,0.8642329939941986,0.0119338292430946,0.8593069513922912,0.869159036596106,25
ambulance_firetruck,caption_noclass,w10,caption,recall_macro,0.8645743419530026,0.011993837458287375,0.8596235291772907,0.8695251547287146,25
ambulance_firetruck,caption_noclass,w10,caption,f1_macro,0.8641138027291668,0.01202474957617933,0.859150230058324,0.8690773754000096,25
ambulance_firetruck,caption_noclass,w10,caption,roc_auc,0.9393169637838763,0.007521639235520571,0.9362121837040212,0.9424217438637315,25
ambulance_firetruck,caption_noclass,w10,caption,pr_auc,0.9291392734041911,0.011397262406085601,0.9244347147069076,0.9338438321014746,25
ambulance_firetruck,caption_noclass,w10,caption,log_loss,0.38398157398404037,0.009694288274067363,0.37997996845906934,0.3879831795090114,25
ambulance_firetruck,caption_noclass,w10,caption,brier,0.11472407413090835,0.004292224201532826,0.11295233105976263,0.11649581720205407,25
ambulance_firetruck,caption_noclass,w10,caption,mcc,0.7288068859579733,0.023916130513563602,0.7189347924846429,0.7386789794313037,25
ambulance_firetruck,caption_noclass,w10,caption,kappa,0.7283208210731336,0.024018256252945555,0.7184065721664801,0.738235069979787,25
ambulance_firetruck,caption_noclass,w10,caption,precision_ambulance,0.8791676670517868,0.015378591840848738,0.8728196963357484,0.8855156377678253,25
ambulance_firetruck,caption_noclass,w10,caption,recall_ambulance,0.8613245033112582,0.019256611057680412,0.8533757649385029,0.8692732416840135,25
ambulance_firetruck,caption_noclass,w10,caption,f1_ambulance,0.8699707724784231,0.01187729588780301,0.8650680656986497,0.8748734792581966,25
ambulance_firetruck,caption_noclass,w10,caption,precision_firetruck,0.8492983209366103,0.017205588336597633,0.8421962031326368,0.8564004387405838,25
ambulance_firetruck,caption_noclass,w10,caption,recall_firetruck,0.8678241805947472,0.01957178319466974,0.8597453455579523,0.875903015631542,25
ambulance_firetruck,caption_noclass,w10,caption,f1_firetruck,0.8582568329799105,0.01253559719479864,0.8530823927760118,0.8634312731838092,25
ambulance_firetruck,caption_noclass,w10,image,accuracy,0.8822747201294002,0.012423035085333016,0.8771467432806656,0.8874026969781349,25
ambulance_firetruck,caption_noclass,w10,image,balanced_accuracy,0.88248296214945,0.01238635418211342,0.8773701264333942,0.8875957978655058,25
ambulance_firetruck,caption_noclass,w10,image,precision_macro,0.8822114826685531,0.012338203184684912,0.877118522707364,0.8873044426297422,25
ambulance_firetruck,caption_noclass,w10,image,recall_macro,0.88248296214945,0.01238635418211342,0.8773701264333942,0.8875957978655058,25
ambulance_firetruck,caption_noclass,w10,image,f1_macro,0.8820203852916645,0.012439079046178459,0.8768857858213874,0.8871549847619415,25
ambulance_firetruck,caption_noclass,w10,image,roc_auc,0.9511251989126825,0.006903807894706766,0.9482754470759542,0.9539749507494109,25
ambulance_firetruck,caption_noclass,w10,image,pr_auc,0.9414980707949538,0.01153244460716541,0.9367377116275971,0.9462584299623106,25
ambulance_firetruck,caption_noclass,w10,image,log_loss,0.3772748786736477,0.009349722232321823,0.37341550302026555,0.3811342543270298,25
ambulance_firetruck,caption_noclass,w10,image,brier,0.1105189915297113,0.004136899583399527,0.10881136330975573,0.11222661974966687,25
ambulance_firetruck,caption_noclass,w10,image,mcc,0.764693852017219,0.024707200457809317,0.7544952209198734,0.7748924831145645,25
ambulance_firetruck,caption_noclass,w10,image,kappa,0.7641308501097694,0.02484249654978494,0.7538763715304994,0.7743853286890395,25
ambulance_firetruck,caption_noclass,w10,image,precision_ambulance,0.8962355264703679,0.016471768187425503,0.8894363147364683,0.9030347382042674,25
ambulance_firetruck,caption_noclass,w10,image,recall_ambulance,0.8786754966887418,0.020786334279088596,0.8700953196047158,0.8872556737727678,25
ambulance_firetruck,caption_noclass,w10,image,f1_ambulance,0.8871459187386012,0.012267979336911008,0.8820819457570945,0.8922098917201078,25
ambulance_firetruck,caption_noclass,w10,image,precision_firetruck,0.8681874388667384,0.018949278045041013,0.8603655613265285,0.8760093164069483,25
ambulance_firetruck,caption_noclass,w10,image,recall_firetruck,0.8862904276101584,0.020750392211739077,0.8777250866823533,0.8948557685379636,25
ambulance_firetruck,caption_noclass,w10,image,f1_firetruck,0.8768948518447275,0.012929415162567758,0.8715578515733845,0.8822318521160705,25
ambulance_firetruck,tags,tags,caption,accuracy,0.9929225482962215,0.008141393576516177,0.9895619461977776,0.9962831503946654,25
ambulance_firetruck,tags,tags,caption,balanced_accuracy,0.9911876778046532,0.010027801512311694,0.987048404781143,0.9953269508281635,25
ambulance_firetruck,tags,tags,caption,precision_macro,0.9933386753339585,0.008011938425696365,0.9900315096954291,0.9966458409724879,25
ambulance_firetruck,tags,tags,caption,recall_macro,0.9911876778046532,0.010027801512311694,0.987048404781143,0.9953269508281635,25
ambulance_firetruck,tags,tags,caption,f1_macro,0.9922012448640889,0.008885464254956663,0.9885335054850485,0.9958689842431293,25
ambulance_firetruck,tags,tags,caption,roc_auc,0.9990422523289194,0.0014119043267368505,0.9984594468670976,0.9996250577907412,25
ambulance_firetruck,tags,tags,caption,pr_auc,0.9994572093171064,0.0008046449549514132,0.9991250682040773,0.9997893504301354,25
ambulance_firetruck,tags,tags,caption,log_loss,0.3121034771944451,0.011217331814343059,0.3074731901950597,0.3167337641938305,25
ambulance_firetruck,tags,tags,caption,brier,0.08070051578652812,0.004302890626409726,0.07892436983159017,0.08247666174146608,25
ambulance_firetruck,tags,tags,caption,mcc,0.9845153741823348,0.017676291187334006,0.9772189597910435,0.9918117885736262,25
ambulance_firetruck,tags,tags,caption,kappa,0.9844040432910667,0.01776929570669857,0.977069238521027,0.9917388480611063,25
ambulance_firetruck,tags,tags,caption,precision_ambulance,0.9946518210923742,0.010207683418484886,0.9904382964673811,0.9988653457173672,25
ambulance_firetruck,tags,tags,caption,recall_ambulance,0.9852618697880883,0.017495307870606866,0.9780401616382113,0.9924835779379653,25
ambulance_firetruck,tags,tags,caption,f1_ambulance,0.9898599609772293,0.01144827923544547,0.9851343435677989,0.9945855783866596,25
ambulance_firetruck,tags,tags,caption,precision_firetruck,0.9920255295755429,0.009448887574561755,0.9881252204807183,0.9959258386703675,25
ambulance_firetruck,tags,tags,caption,recall_firetruck,0.9971134858212183,0.005770440315073346,0.9947315651279702,0.9994954065144663,25
ambulance_firetruck,tags,tags,caption,f1_firetruck,0.9945425287509485,0.006362551168939875,0.9919161967097766,0.9971688607921204,25
ambulance_firetruck,tags,tags,image,accuracy,0.9929225482962215,0.008141393576516177,0.9895619461977776,0.9962831503946654,25
ambulance_firetruck,tags,tags,image,balanced_accuracy,0.9911876778046532,0.010027801512311694,0.987048404781143,0.9953269508281635,25
ambulance_firetruck,tags,tags,image,precision_macro,0.9933386753339585,0.008011938425696365,0.9900315096954291,0.9966458409724879,25
ambulance_firetruck,tags,tags,image,recall_macro,0.9911876778046532,0.010027801512311694,0.987048404781143,0.9953269508281635,25
ambulance_firetruck,tags,tags,image,f1_macro,0.9922012448640889,0.008885464254956663,0.9885335054850485,0.9958689842431293,25
ambulance_firetruck,tags,tags,image,roc_auc,0.9990422523289194,0.0014119043267368505,0.9984594468670976,0.9996250577907412,25
ambulance_firetruck,tags,tags,image,pr_auc,0.9994572093171064,0.0008046449549514132,0.9991250682040773,0.9997893504301354,25
ambulance_firetruck,tags,tags,image,log_loss,0.3121034771944451,0.011217331814343059,0.3074731901950597,0.3167337641938305,25
ambulance_firetruck,tags,tags,image,brier,0.08070051578652812,0.004302890626409726,0.07892436983159017,0.08247666174146608,25
ambulance_firetruck,tags,tags,image,mcc,0.9845153741823348,0.017676291187334006,0.9772189597910435,0.9918117885736262,25
ambulance_firetruck,tags,tags,image,kappa,0.9844040432910667,0.01776929570669857,0.977069238521027,0.9917388480611063,25
ambulance_firetruck,tags,tags,image,precision_ambulance,0.9946518210923742,0.010207683418484886,0.9904382964673811,0.9988653457173672,25
ambulance_firetruck,tags,tags,image,recall_ambulance,0.9852618697880883,0.017495307870606866,0.9780401616382113,0.9924835779379653,25
ambulance_firetruck,tags,tags,image,f1_ambulance,0.9898599609772293,0.01144827923544547,0.9851343435677989,0.9945855783866596,25
ambulance_firetruck,tags,tags,image,precision_firetruck,0.9920255295755429,0.009448887574561755,0.9881252204807183,0.9959258386703675,25
ambulance_firetruck,tags,tags,image,recall_firetruck,0.9971134858212183,0.005770440315073346,0.9947315651279702,0.9994954065144663,25
ambulance_firetruck,tags,tags,image,f1_firetruck,0.9945425287509485,0.006362551168939875,0.9919161967097766,0.9971688607921204,25
ambulance_firetruck,caption_tagsub,w03,caption,accuracy,0.9812652873731114,0.007365748469916343,0.9782248558386365,0.9843057189075862,25
ambulance_firetruck,caption_tagsub,w03,caption,balanced_accuracy,0.9804389357804892,0.008495438024769889,0.9769321913165447,0.9839456802444337,25
ambulance_firetruck,caption_tagsub,w03,caption,precision_macro,0.9779513285632275,0.010259270663863574,0.9737165097699274,0.9821861473565277,25
ambulance_firetruck,caption_tagsub,w03,caption,recall_macro,0.9804389357804892,0.008495438024769889,0.9769321913165447,0.9839456802444337,25
ambulance_firetruck,caption_tagsub,w03,caption,f1_macro,0.9790348316031308,0.0087369548428056,0.9754283938965157,0.9826412693097458,25
ambulance_firetruck,caption_tagsub,w03,caption,roc_auc,0.9932010855530053,0.00766031538256008,0.9900390627730687,0.996363108332942,25
ambulance_firetruck,caption_tagsub,w03,caption,pr_auc,0.9941267117426765,0.0070740814969303505,0.9912066744174057,0.9970467490679473,25
ambulance_firetruck,caption_tagsub,w03,caption,log_loss,0.1180808212615655,0.012661536754826305,0.11285439576230821,0.12330724676082278,25
ambulance_firetruck,caption_tagsub,w03,caption,brier,0.023013138748394474,0.004005313385037127,0.021359826641544954,0.024666450855243993,25
ambulance_firetruck,caption_tagsub,w03,caption,mcc,0.9583598998425645,0.017377156864380627,0.9511869620310486,0.9655328376540805,25
ambulance_firetruck,caption_tagsub,w03,caption,kappa,0.9580759468632788,0.017469545452725315,0.9508648729168437,0.9652870208097138,25
ambulance_firetruck,caption_tagsub,w03,caption,precision_ambulance,0.9675911879779161,0.021628213089718594,0.9586635004006252,0.976518875555207,25
ambulance_firetruck,caption_tagsub,w03,caption,recall_ambulance,0.9774857880857835,0.016997315906195316,0.9704696409157167,0.9845019352558502,25
ambulance_firetruck,caption_tagsub,w03,caption,f1_ambulance,0.9722858162365726,0.012318744391641451,0.9672008884703782,0.977370744002767,25
ambulance_firetruck,caption_tagsub,w03,caption,precision_firetruck,0.9883114691485386,0.008649644969908379,0.9847410711861412,0.9918818671109361,25
ambulance_firetruck,caption_tagsub,w03,caption,recall_firetruck,0.9833920834751951,0.01037027848370879,0.9791114429059534,0.9876727240444368,25
ambulance_firetruck,caption_tagsub,w03,caption,f1_firetruck,0.985783846969689,0.005284788192832388,0.9836023936197499,0.9879653003196281,25
ambulance_firetruck,caption_tagsub,w03,image,accuracy,0.9833389763669284,0.00903116508372863,0.9796110946417018,0.9870668580921549,25
ambulance_firetruck,caption_tagsub,w03,image,balanced_accuracy,0.9819259059615846,0.010401969981097976,0.9776321837851674,0.9862196281380018,25
ambulance_firetruck,caption_tagsub,w03,image,precision_macro,0.980948277267894,0.011219147442604742,0.9763172408139971,0.985579313721791,25
ambulance_firetruck,caption_tagsub,w03,image,recall_macro,0.9819259059615846,0.010401969981097976,0.9776321837851674,0.9862196281380018,25
ambulance_firetruck,caption_tagsub,w03,image,f1_macro,0.9813113560672345,0.010373186691243878,0.9770295150489231,0.9855931970855459,25
ambulance_firetruck,caption_tagsub,w03,image,roc_auc,0.9960672615632555,0.0061365553234024066,0.9935342160221914,0.9986003071043197,25
ambulance_firetruck,caption_tagsub,w03,image,pr_auc,0.9961931980644785,0.0068837623223169065,0.9933517206333546,0.9990346754956023,25
ambulance_firetruck,caption_tagsub,w03,image,log_loss,0.11299297062823944,0.010867221809961022,0.1085072019357452,0.11747873932073369,25
ambulance_firetruck,caption_tagsub,w03,image,brier,0.020077626506882128,0.0038101805508928706,0.018504861275175956,0.0216503917385883,25
ambulance_firetruck,caption_tagsub,w03,image,mcc,0.9628528772466926,0.020671098436826033,0.9543202671804852,0.9713854873128999,25
ambulance_firetruck,caption_tagsub,w03,image,kappa,0.9626273831051094,0.020743405128459198,0.9540649263035306,0.9711898399066883,25
ambulance_firetruck,caption_tagsub,w03,image,precision_ambulance,0.9734696003760362,0.021119468543969483,0.9647519122259869,0.9821872885260856,25
ambulance_firetruck,caption_tagsub,w03,image,recall_ambulance,0.977390278524012,0.018370719758070364,0.9698072181070614,0.9849733389409625,25
ambulance_firetruck,caption_tagsub,w03,image,f1_ambulance,0.9752351667495648,0.014167745416514149,0.9693870088722337,0.9810833246268958,25
ambulance_firetruck,caption_tagsub,w03,image,precision_firetruck,0.9884269541597519,0.009211091391235085,0.984624802505073,0.9922291058144308,25
ambulance_firetruck,caption_tagsub,w03,image,recall_firetruck,0.9864615333991573,0.010907819622078012,0.9819590067534564,0.9909640600448583,25
ambulance_firetruck,caption_tagsub,w03,image,f1_firetruck,0.9873875453849041,0.006705382250718517,0.9846196996284193,0.990155391141389,25
ambulance_firetruck,caption_tagsub,w05,caption,accuracy,0.9886893497094222,0.005169407612742494,0.9865555231221406,0.9908231762967039,25
ambulance_firetruck,caption_tagsub,w05,caption,balanced_accuracy,0.9874933156665591,0.006921768276936893,0.9846361501484205,0.9903504811846976,25
ambulance_firetruck,caption_tagsub,w05,caption,precision_macro,0.9874281762368752,0.006236811529390576,0.9848537469679444,0.990002605505806,25
ambulance_firetruck,caption_tagsub,w05,caption,recall_macro,0.9874933156665591,0.006921768276936893,0.9846361501484205,0.9903504811846976,25
ambulance_firetruck,caption_tagsub,w05,caption,f1_macro,0.9873623546821878,0.005926279549939941,0.9849161067144024,0.9898086026499732,25
ambulance_firetruck,caption_tagsub,w05,caption,roc_auc,0.9974537560866615,0.003700698839258382,0.9959261826843888,0.9989813294889343,25
ambulance_firetruck,caption_tagsub,w05,caption,pr_auc,0.9977812148725507,0.0036872011491935826,0.9962592130428999,0.9993032167022015,25
ambulance_firetruck,caption_tagsub,w05,caption,log_loss,0.13076072570005007,0.00986802924435204,0.12668740342734577,0.13483404797275436,25
ambulance_firetruck,caption_tagsub,w05,caption,brier,0.021917353272145054,0.0032646792043922726,0.020569759929320627,0.02326494661496948,25
ambulance_firetruck,caption_tagsub,w05,caption,mcc,0.9749032894162343,0.011720714986640535,0.9700652160557984,0.9797413627766701,25
ambulance_firetruck,caption_tagsub,w05,caption,kappa,0.9747274517278816,0.011849709914381827,0.9698361318782811,0.979618771577482,25
ambulance_firetruck,caption_tagsub,w05,caption,precision_ambulance,0.9836155414290378,0.014003646794796282,0.9778351201335724,0.9893959627245033,25
ambulance_firetruck,caption_tagsub,w05,caption,recall_ambulance,0.9833386640952453,0.01568156866314019,0.9768656306936601,0.9898116974968305,25
ambulance_firetruck,caption_tagsub,w05,caption,f1_ambulance,0.9833225861744194,0.008095628752209113,0.9799808748669876,0.9866642974818511,25
ambulance_firetruck,caption_tagsub,w05,caption,precision_firetruck,0.9912408110447124,0.008319788387062654,0.9878065711876908,0.994675050901734,25
ambulance_firetruck,caption_tagsub,w05,caption,recall_firetruck,0.9916479672378729,0.006856629072200626,0.9888176898619265,0.9944782446138192,25
ambulance_firetruck,caption_tagsub,w05,caption,f1_firetruck,0.9914021231899561,0.0038559899217729416,0.9898104487793162,0.992993797600596,25
ambulance_firetruck,caption_tagsub,w05,image,accuracy,0.9924213375404054,0.005851458452497643,0.9900059742036982,0.9948367008771126,25
ambulance_firetruck,caption_tagsub,w05,image,balanced_accuracy,0.9908773496432373,0.008342168794973025,0.9874338716078767,0.9943208276785979,25
ambulance_firetruck,caption_tagsub,w05,image,precision_macro,0.992331290685343,0.0057340006144446735,0.9899644115612377,0.9946981698094483,25
ambulance_firetruck,caption_tagsub,w05,image,recall_macro,0.9908773496432373,0.008342168794973025,0.9874338716078767,0.9943208276785979,25
ambulance_firetruck,caption_tagsub,w05,image,f1_macro,0.9915047599077931,0.0066139193225987405,0.988774668192466,0.9942348516231202,25
ambulance_firetruck,caption_tagsub,w05,image,roc_auc,0.9988611534100471,0.0016978052260421541,0.9981603338572566,0.9995619729628377,25
ambulance_firetruck,caption_tagsub,w05,image,pr_auc,0.9993462676782147,0.0010216983190328818,0.9989245313400007,0.9997680040164286,25
ambulance_firetruck,caption_tagsub,w05,image,log_loss,0.12844630846624774,0.009128222801203723,0.12467836328432284,0.13221425364817263,25
ambulance_firetruck,caption_tagsub,w05,image,brier,0.02003675761355058,0.003087498771648244,0.018762300758783962,0.0213112144683172,25
ambulance_firetruck,caption_tagsub,w05,image,mcc,0.9831903294716909,0.013058454091015895,0.9778000645485843,0.9885805943947976,25
ambulance_firetruck,caption_tagsub,w05,image,kappa,0.9830119102363934,0.013224606981754181,0.9775530607708458,0.9884707597019411,25
ambulance_firetruck,caption_tagsub,w05,image,precision_ambulance,0.9923608710130449,0.01110261189340205,0.9877779380696236,0.9969438039564663,25
ambulance_firetruck,caption_tagsub,w05,image,recall_ambulance,0.9854529139278239,0.017993895599671902,0.9780253988785743,0.9928804289770734,25
ambulance_firetruck,caption_tagsub,w05,image,f1_ambulance,0.9887505456860637,0.0088689962398907,0.9850896039695447,0.9924114874025827,25
ambulance_firetruck,caption_tagsub,w05,image,precision_firetruck,0.992301710357641,0.009523659984994062,0.9883705367287483,0.9962328839865338,25
ambulance_firetruck,caption_tagsub,w05,image,recall_firetruck,0.9963017853586507,0.005237592308210207,0.9941398135123889,0.9984637572049124,25
ambulance_firetruck,caption_tagsub,w05,image,f1_firetruck,0.9942589741295227,0.004415575558862039,0.9924363141205836,0.9960816341384617,25
ambulance_firetruck,caption_tagsub,w07,caption,accuracy,0.9862605099225291,0.007981330785560561,0.9829659784968899,0.9895550413481683,25
ambulance_firetruck,caption_tagsub,w07,caption,balanced_accuracy,0.9844554215863933,0.010313047579527375,0.9801984047733158,0.9887124383994709,25
ambulance_firetruck,caption_tagsub,w07,caption,precision_macro,0.9847755499641078,0.008894905162970432,0.9811039135697733,0.9884471863584422,25
ambulance_firetruck,caption_tagsub,w07,caption,recall_macro,0.9844554215863933,0.010313047579527375,0.9801984047733158,0.9887124383994709,25
ambulance_firetruck,caption_tagsub,w07,caption,f1_macro,0.9845446694437006,0.009339140774546048,0.9806896616014151,0.988399677285986,25
ambulance_firetruck,caption_tagsub,w07,caption,roc_auc,0.9970714879654539,0.004326426132068477,0.9952856270312607,0.9988573488996471,25
ambulance_firetruck,caption_tagsub,w07,caption,pr_auc,0.9969777976606915,0.005289602126558118,0.9947943572165739,0.9991612381048091,25
ambulance_firetruck,caption_tagsub,w07,caption,log_loss,0.17112669862203123,0.01067670580781949,0.16671957107009439,0.17553382617396807,25
ambulance_firetruck,caption_tagsub,w07,caption,brier,0.03134714032264881,0.0039652359170957545,0.029710371381486873,0.03298390926381076,25
ambulance_firetruck,caption_tagsub,w07,caption,mcc,0.9692176809936802,0.018580364045958666,0.9615480836678844,0.9768872783194761,25
ambulance_firetruck,caption_tagsub,w07,caption,kappa,0.9690919478668563,0.018674920082330255,0.9613833197275683,0.9768005760061442,25
ambulance_firetruck,caption_tagsub,w07,caption,precision_ambulance,0.9803788627098985,0.01425912206123871,0.9744929864074446,0.9862647390123523,25
ambulance_firetruck,caption_tagsub,w07,caption,recall_ambulance,0.9787812646206433,0.01875492984973598,0.9710396100725824,0.9865229191687042,25
ambulance_firetruck,caption_tagsub,w07,caption,f1_ambulance,0.9794685875357513,0.012959719023918693,0.9741190784452375,0.9848180966262651,25
ambulance_firetruck,caption_tagsub,w07,caption,precision_firetruck,0.989172237218317,0.009288173998418449,0.9853382674272197,0.9930062070094143,25
ambulance_firetruck,caption_tagsub,w07,caption,recall_firetruck,0.990129578552143,0.006509777580505941,0.9874424744351581,0.9928166826691279,25
ambulance_firetruck,caption_tagsub,w07,caption,f1_firetruck,0.9896207513516501,0.005817361843648969,0.9872194624033347,0.9920220402999654,25
ambulance_firetruck,caption_tagsub,w07,image,accuracy,0.9903761411010056,0.009252283370474334,0.9865569862329862,0.994195295969025,25
ambulance_firetruck,caption_tagsub,w07,image,balanced_accuracy,0.9881734057080067,0.011547647429731148,0.9834067711239248,0.9929400402920886,25
ambulance_firetruck,caption_tagsub,w07,image,precision_macro,0.9901939742212624,0.010295042811693685,0.9859443894110718,0.9944435590314531,25
ambulance_firetruck,caption_tagsub,w07,image,recall_macro,0.9881734057080067,0.011547647429731148,0.9834067711239248,0.9929400402920886,25
ambulance_firetruck,caption_tagsub,w07,image,f1_macro,0.9890989493940623,0.010706859978121678,0.9846793748123827,0.9935185239757419,25
ambulance_firetruck,caption_tagsub,w07,image,roc_auc,0.9977263532359129,0.004034794007356527,0.9960608721262632,0.9993918343455626,25
ambulance_firetruck,caption_tagsub,w07,image,pr_auc,0.9983969473894458,0.0029932671653481683,0.9971613874300197,0.999632507348872,25
ambulance_firetruck,caption_tagsub,w07,image,log_loss,0.16866575873866752,0.010195772140920144,0.1644571508474011,0.17287436662993394,25
ambulance_firetruck,caption_tagsub,w07,image,brier,0.029181851480028834,0.0038431824318763143,0.02759546374138411,0.030768239218673558,25
ambulance_firetruck,caption_tagsub,w07,image,mcc,0.9783522348847994,0.021291382462083536,0.9695635841570861,0.9871408856125127,25
ambulance_firetruck,caption_tagsub,w07,image,kappa,0.9782005913924142,0.02141033201871669,0.9693628407009327,0.9870383420838957,25
ambulance_firetruck,caption_tagsub,w07,image,precision_ambulance,0.9898658283580883,0.01600639381356786,0.9832587137243535,0.9964729429918232,25
ambulance_firetruck,caption_tagsub,w07,image,recall_ambulance,0.9812466560646,0.019952438759023427,0.9730106941334561,0.989482617995744,25
ambulance_firetruck,caption_tagsub,w07,image,f1_ambulance,0.9854238009031988,0.014670273038487376,0.9793682098186339,0.9914793919877637,25
ambulance_firetruck,caption_tagsub,w07,image,precision_firetruck,0.9905221200844367,0.009946652166485655,0.9864163438645519,0.9946278963043216,25
ambulance_firetruck,caption_tagsub,w07,image,recall_firetruck,0.9951001553514134,0.007643721145307493,0.9919449823359562,0.9982553283668706,25
ambulance_firetruck,caption_tagsub,w07,image,f1_firetruck,0.9927740978849259,0.006813853012308302,0.9899614775986763,0.9955867181711755,25
ambulance_firetruck,caption_tagsub,w10,caption,accuracy,0.9849941307629088,0.0069171270009194125,0.9821388810693495,0.987849380456468,25
ambulance_firetruck,caption_tagsub,w10,caption,balanced_accuracy,0.9818871795670994,0.009344908129044474,0.9780297910778832,0.9857445680563155,25
ambulance_firetruck,caption_tagsub,w10,caption,precision_macro,0.9846158850659343,0.007341699500726071,0.9815853804580436,0.9876463896738251,25
ambulance_firetruck,caption_tagsub,w10,caption,recall_macro,0.9818871795670994,0.009344908129044474,0.9780297910778832,0.9857445680563155,25
ambulance_firetruck,caption_tagsub,w10,caption,f1_macro,0.9831516293386264,0.008021368841330888,0.9798405710158443,0.9864626876614085,25
ambulance_firetruck,caption_tagsub,w10,caption,roc_auc,0.9954120173531464,0.006150860697411114,0.9928730668439142,0.9979509678623787,25
ambulance_firetruck,caption_tagsub,w10,caption,pr_auc,0.995455055195006,0.007375952228495977,0.992410411756,0.998499698634012,25
ambulance_firetruck,caption_tagsub,w10,caption,log_loss,0.23840145530506326,0.007684082666350655,0.23522962187256088,0.24157328873756564,25
ambulance_firetruck,caption_tagsub,w10,caption,brier,0.05051395633188095,0.002843936145271464,0.049340037187963405,0.0516878754757985,25
ambulance_firetruck,caption_tagsub,w10,caption,mcc,0.9664849633956305,0.01595163187828994,0.9599004533777861,0.9730694734134749,25
ambulance_firetruck,caption_tagsub,w10,caption,kappa,0.9663067201995704,0.01603990876337007,0.9596857712744976,0.9729276691246432,25
ambulance_firetruck,caption_tagsub,w10,caption,precision_ambulance,0.9835212614986426,0.012518046449666288,0.9783540658862708,0.9886884571110144,25
ambulance_firetruck,caption_tagsub,w10,caption,recall_ambulance,0.9721005968610084,0.018290338165017312,0.9645507163349145,0.9796504773871022,25
ambulance_firetruck,caption_tagsub,w10,caption,f1_ambulance,0.9776543357549934,0.011075249344861121,0.9730826975164872,0.9822259739934995,25
ambulance_firetruck,caption_tagsub,w10,caption,precision_firetruck,0.9857105086332258,0.009188656412870104,0.9819176176824626,0.9895033995839891,25
ambulance_firetruck,caption_tagsub,w10,caption,recall_firetruck,0.9916737622731904,0.006099499730733094,0.9891560125290083,0.9941915120173724,25
ambulance_firetruck,caption_tagsub,w10,caption,f1_firetruck,0.9886489229222596,0.005091741242692786,0.9865471554368644,0.9907506904076547,25
ambulance_firetruck,caption_tagsub,w10,image,accuracy,0.9885497385237813,0.0077658545564045405,0.9853441513140261,0.9917553257335364,25
ambulance_firetruck,caption_tagsub,w10,image,balanced_accuracy,0.9850435620551065,0.011122487912250822,0.9804524246943426,0.9896346994158703,25
ambulance_firetruck,caption_tagsub,w10,image,precision_macro,0.9894861688656679,0.006923025838399668,0.9866284842516705,0.9923438534796652,25
ambulance_firetruck,caption_tagsub,w10,image,recall_macro,0.9850435620551065,0.011122487912250822,0.9804524246943426,0.9896346994158703,25
ambulance_firetruck,caption_tagsub,w10,image,f1_macro,0.9871117786218011,0.008891957411911981,0.9834413589993005,0.9907821982443017,25
ambulance_firetruck,caption_tagsub,w10,image,roc_auc,0.9966253354360535,0.006396324063128017,0.9939850626293342,0.9992656082427728,25
ambulance_firetruck,caption_tagsub,w10,image,pr_auc,0.9960346063601141,0.00788512223188881,0.9927797878735828,0.9992894248466454,25
ambulance_firetruck,caption_tagsub,w10,image,log_loss,0.2361847537096606,0.00741750201282511,0.23312295936263205,0.23924654805668916,25
ambulance_firetruck,caption_tagsub,w10,image,brier,0.04850897097538272,0.0027271553032470414,0.047383256593841155,0.04963468535692428,25
ambulance_firetruck,caption_tagsub,w10,image,mcc,0.9745004446011059,0.017508154938972054,0.9672734334420449,0.9817274557601668,25
ambulance_firetruck,caption_tagsub,w10,image,kappa,0.9742289839385525,0.01777679712925746,0.966891082733467,0.981566885143638,25
ambulance_firetruck,caption_tagsub,w10,image,precision_ambulance,0.9922116510779629,0.009803814477457035,0.9881648353582646,0.9962584667976613,25
ambulance_firetruck,caption_tagsub,w10,image,recall_ambulance,0.974005055584454,0.02240603492736135,0.9647562989327804,0.9832538122361277,25
ambulance_firetruck,caption_tagsub,w10,image,f1_ambulance,0.982866388230845,0.012090136841816715,0.9778758250233027,0.9878569514383874,25
ambulance_firetruck,caption_tagsub,w10,image,precision_firetruck,0.9867606866533728,0.011301433450155041,0.9820956842049509,0.9914256891017947,25
ambulance_firetruck,caption_tagsub,w10,image,recall_firetruck,0.9960820685257589,0.00492085999822005,0.9940508373512991,0.9981132997002187,25
ambulance_firetruck,caption_tagsub,w10,image,f1_firetruck,0.9913571690127572,0.00578077659099818,0.9889709817145064,0.993743356311008,25
ambulance_firetruck,caption_noclass_tagsub,w03,caption,accuracy,0.7804492193932309,0.02833591916818893,0.7687527268305042,0.7921457119559575,25
ambulance_firetruck,caption_noclass_tagsub,w03,caption,balanced_accuracy,0.7929306537235818,0.029586067395783358,0.7807181253351044,0.8051431821120593,25
ambulance_firetruck,caption_noclass_tagsub,w03,caption,precision_macro,0.7669954946753347,0.027336514004163443,0.7557115362887112,0.7782794530619581,25
ambulance_firetruck,caption_noclass_tagsub,w03,caption,recall_macro,0.7929306537235818,0.029586067395783358,0.7807181253351044,0.8051431821120593,25
ambulance_firetruck,caption_noclass_tagsub,w03,caption,f1_macro,0.7698666872358774,0.028703547212766196,0.7580184452746673,0.7817149291970874,25
ambulance_firetruck,caption_noclass_tagsub,w03,caption,roc_auc,0.8746746321661766,0.02699219012912705,0.8635328036896375,0.8858164606427157,25
ambulance_firetruck,caption_noclass_tagsub,w03,caption,pr_auc,0.9311879737720704,0.018399634394098034,0.9235929779799783,0.9387829695641625,25
ambulance_firetruck,caption_noclass_tagsub,w03,caption,log_loss,0.4602260949729748,0.029125556335984192,0.44820365620728403,0.47224853373866554,25
ambulance_firetruck,caption_noclass_tagsub,w03,caption,brier,0.15046380237311713,0.011588891538742404,0.1456801430575824,0.15524746168865186,25
ambulance_firetruck,caption_noclass_tagsub,w03,caption,mcc,0.559254018043982,0.05607855815658399,0.5361059269404725,0.5824021091474915,25
ambulance_firetruck,caption_noclass_tagsub,w03,caption,kappa,0.545326089917366,0.056039242194374575,0.5221942276454271,0.5684579521893048,25
ambulance_firetruck,caption_noclass_tagsub,w03,caption,precision_ambulance,0.6378048773811922,0.04014726799607874,0.6212328996471118,0.6543768551152725,25
ambulance_firetruck,caption_noclass_tagsub,w03,caption,recall_ambulance,0.8336068718787206,0.041618930721934094,0.8164274216280214,0.8507863221294198,25
ambulance_firetruck,caption_noclass_tagsub,w03,caption,f1_ambulance,0.7221040625826989,0.03601009220425096,0.7072398270818097,0.7369682980835881,25
ambulance_firetruck,caption_noclass_tagsub,w03,caption,precision_firetruck,0.8961861119694774,0.026484880866845015,0.8852536904642831,0.9071185334746716,25
ambulance_firetruck,caption_noclass_tagsub,w03,caption,recall_firetruck,0.7522544355684434,0.0333733446180312,0.7384785959776692,0.7660302751592176,25
ambulance_firetruck,caption_noclass_tagsub,w03,caption,f1_firetruck,0.817629311889056,0.02691022745537735,0.8065213159414087,0.8287373078367032,25
ambulance_firetruck,caption_noclass_tagsub,w03,image,accuracy,0.8125030135897875,0.02232057949670598,0.8032895312061964,0.8217164959733786,25
ambulance_firetruck,caption_noclass_tagsub,w03,image,balanced_accuracy,0.8249571312939803,0.02529458218367648,0.814516040936806,0.8353982216511546,25
ambulance_firetruck,caption_noclass_tagsub,w03,image,precision_macro,0.7979275183609253,0.021860162955646262,0.7889040865847028,0.8069509501371479,25
ambulance_firetruck,caption_noclass_tagsub,w03,image,recall_macro,0.8249571312939803,0.02529458218367648,0.814516040936806,0.8353982216511546,25
ambulance_firetruck,caption_noclass_tagsub,w03,image,f1_macro,0.8026095071436995,0.02271202662895286,0.7932344433254689,0.8119845709619301,25
ambulance_firetruck,caption_noclass_tagsub,w03,image,roc_auc,0.8984389513732175,0.026867121748518876,0.8873487485868469,0.9095291541595881,25
ambulance_firetruck,caption_noclass_tagsub,w03,image,pr_auc,0.942455925600116,0.0181068702760483,0.9349817768964518,0.9499300743037803,25
ambulance_firetruck,caption_noclass_tagsub,w03,image,log_loss,0.4470880985776508,0.02865477059954344,0.43525999061281506,0.45891620654248655,25
ambulance_firetruck,caption_noclass_tagsub,w03,image,brier,0.14206929983873373,0.011661874948093091,0.13725551445248269,0.14688308522498478,25
ambulance_firetruck,caption_noclass_tagsub,w03,image,mcc,0.6222365096619611,0.046139644133890545,0.603191000629568,0.6412820186943542,25
ambulance_firetruck,caption_noclass_tagsub,w03,image,kappa,0.6091655155595083,0.044880293720314296,0.5906398408285483,0.6276911902904683,25
ambulance_firetruck,caption_noclass_tagsub,w03,image,precision_ambulance,0.6780738518287821,0.03202708824081368,0.6648537195581122,0.691293984099452,25
ambulance_firetruck,caption_noclass_tagsub,w03,image,recall_ambulance,0.8656946632339466,0.044815588527454736,0.8471956974938811,0.8841936289740121,25
ambulance_firetruck,caption_noclass_tagsub,w03,image,f1_ambulance,0.759840513929543,0.029855980817911316,0.7475165707563268,0.7721644571027592,25
ambulance_firetruck,caption_noclass_tagsub,w03,image,precision_firetruck,0.9177811848930686,0.026196781686699894,0.9069676848845759,0.9285946849015613,25
ambulance_firetruck,caption_noclass_tagsub,w03,image,recall_firetruck,0.7842195993540141,0.028433550249084547,0.7724828066618014,0.7959563920462268,25
ambulance_firetruck,caption_noclass_tagsub,w03,image,f1_firetruck,0.8453785003578561,0.021104677632243312,0.8366669175960941,0.8540900831196181,25
ambulance_firetruck,caption_noclass_tagsub,w05,caption,accuracy,0.80010745464148,0.02846293928240122,0.7883585307525492,0.8118563785304108,25
ambulance_firetruck,caption_noclass_tagsub,w05,caption,balanced_accuracy,0.8159094661331494,0.028726981265964784,0.8040515510702014,0.8277673811960974,25
ambulance_firetruck,caption_noclass_tagsub,w05,caption,precision_macro,0.7876706340383736,0.0302263991801543,0.7751937896801506,0.8001474783965965,25
ambulance_firetruck,caption_noclass_tagsub,w05,caption,recall_macro,0.8159094661331494,0.028726981265964784,0.8040515510702014,0.8277673811960974,25
ambulance_firetruck,caption_noclass_tagsub,w05,caption,f1_macro,0.7908198522314157,0.03084582184501406,0.7780873227637839,0.8035523816990475,25
ambulance_firetruck,caption_noclass_tagsub,w05,caption,roc_auc,0.9009135045029241,0.023283851563592046,0.8913024029526725,0.9105246060531756,25
ambulance_firetruck,caption_noclass_tagsub,w05,caption,pr_auc,0.9483126359704778,0.012288047903820454,0.9432403790916956,0.95338489284926,25
ambulance_firetruck,caption_noclass_tagsub,w05,caption,log_loss,0.447794357062414,0.022234123265055042,0.4386165620572525,0.45697215206757547,25
ambulance_firetruck,caption_noclass_tagsub,w05,caption,brier,0.1412274513637738,0.009962214399718866,0.13711525136973185,0.14533965135781574,25
ambulance_firetruck,caption_noclass_tagsub,w05,caption,mcc,0.6028109221321218,0.05812540008078436,0.578817936207965,0.6268039080562787,25
ambulance_firetruck,caption_noclass_tagsub,w05,caption,kappa,0.587090223750123,0.05968016653180088,0.562455461777582,0.611724985722664,25
ambulance_firetruck,caption_noclass_tagsub,w05,caption,precision_ambulance,0.6595710621973373,0.05071314168619259,0.638637706160983,0.6805044182336916,25
ambulance_firetruck,caption_noclass_tagsub,w05,caption,recall_ambulance,0.8654571377356018,0.04156057960143203,0.8483017736436373,0.8826125018275663,25
ambulance_firetruck,caption_noclass_tagsub,w05,caption,f1_ambulance,0.7475907673759866,0.04104452310040949,0.7306484209380579,0.7645331138139153,25
ambulance_firetruck,caption_noclass_tagsub,w05,caption,precision_firetruck,0.9157702058794099,0.026364318642430072,0.904887550014527,0.9266528617442928,25
ambulance_firetruck,caption_noclass_tagsub,w05,caption,recall_firetruck,0.7663617945306969,0.030458640995319048,0.7537890854628202,0.7789345035985735,25
ambulance_firetruck,caption_noclass_tagsub,w05,caption,f1_firetruck,0.8340489370868451,0.023062556105656367,0.8245291818120591,0.8435686923616311,25
ambulance_firetruck,caption_noclass_tagsub,w05,image,accuracy,0.8187547674354794,0.030129170667528737,0.8063180570347278,0.8311914778362309,25
ambulance_firetruck,caption_noclass_tagsub,w05,image,balanced_accuracy,0.8344885216092002,0.030357891922342048,0.8219573997146841,0.8470196435037163,25
ambulance_firetruck,caption_noclass_tagsub,w05,image,precision_macro,0.8057924756808297,0.031414284966017045,0.7928252961696426,0.8187596551920168,25
ambulance_firetruck,caption_noclass_tagsub,w05,image,recall_macro,0.8344885216092002,0.030357891922342048,0.8219573997146841,0.8470196435037163,25
ambulance_firetruck,caption_noclass_tagsub,w05,image,f1_macro,0.8097602643699447,0.03228323217556078,0.7964344010795761,0.8230861276603134,25
ambulance_firetruck,caption_noclass_tagsub,w05,image,roc_auc,0.9174851742414415,0.02376215749547078,0.9076766377062253,0.9272937107766577,25
ambulance_firetruck,caption_noclass_tagsub,w05,image,pr_auc,0.9573819313971574,0.012403668380757304,0.9522619487311662,0.9625019140631487,25
ambulance_firetruck,caption_noclass_tagsub,w05,image,log_loss,0.4401175306191616,0.021947461944645703,0.43105806359137355,0.4491769976469496,25
ambulance_firetruck,caption_noclass_tagsub,w05,image,brier,0.13641273930061437,0.009995601058876777,0.1322867579710097,0.14053872063021905,25
ambulance_firetruck,caption_noclass_tagsub,w05,image,mcc,0.6395226227586562,0.06080669269566269,0.6144228536402692,0.6646223918770433,25
ambulance_firetruck,caption_noclass_tagsub,w05,image,kappa,0.6241375956400865,0.06268300178572299,0.5982633241952704,0.6500118670849027,25
ambulance_firetruck,caption_noclass_tagsub,w05,image,precision_ambulance,0.6832912811981494,0.05307353278827875,0.6613836036017001,0.7051989587945987,25
ambulance_firetruck,caption_noclass_tagsub,w05,image,recall_ambulance,0.8837355308873402,0.048075155587841735,0.8638910819937823,0.9035799797808982,25
ambulance_firetruck,caption_noclass_tagsub,w05,image,f1_ambulance,0.7693587777702575,0.0420595014719261,0.7519974688521175,0.7867200866883975,25
ambulance_firetruck,caption_noclass_tagsub,w05,image,precision_firetruck,0.9282936701635098,0.029158095129640797,0.9162578000439341,0.9403295402830856,25
ambulance_firetruck,caption_noclass_tagsub,w05,image,recall_firetruck,0.7852415123310597,0.03655835905000104,0.770150963399304,0.8003320612628153,25
ambulance_firetruck,caption_noclass_tagsub,w05,image,f1_firetruck,0.850161750969632,0.02515800607306606,0.8397770364601059,0.860546465479158,25
ambulance_firetruck,caption_noclass_tagsub,w07,caption,accuracy,0.8079021038843015,0.02265488831463336,0.7985506256030185,0.8172535821655845,25
ambulance_firetruck,caption_noclass_tagsub,w07,caption,balanced_accuracy,0.816784706678615,0.0235207841051508,0.8070758041820182,0.8264936091752119,25
ambulance_firetruck,caption_noclass_tagsub,w07,caption,precision_macro,0.7919267134408873,0.025713107036067995,0.7813128645155416,0.802540562366233,25
ambulance_firetruck,caption_noclass_tagsub,w07,caption,recall_macro,0.816784706678615,0.0235207841051508,0.8070758041820182,0.8264936091752119,25
ambulance_firetruck,caption_noclass_tagsub,w07,caption,f1_macro,0.7968210922906852,0.025307393435080015,0.7863747137088419,0.8072674708725285,25
ambulance_firetruck,caption_noclass_tagsub,w07,caption,roc_auc,0.9013840129289078,0.022809179823497346,0.8919688462429816,0.910799179614834,25
ambulance_firetruck,caption_noclass_tagsub,w07,caption,pr_auc,0.9451778309716632,0.013787919084497897,0.9394864576983954,0.9508692042449309,25
ambulance_firetruck,caption_noclass_tagsub,w07,caption,log_loss,0.47347428560481125,0.0175637133213473,0.46622434107265615,0.48072423013696636,25
ambulance_firetruck,caption_noclass_tagsub,w07,caption,brier,0.1493730210215836,0.008115832764189418,0.14602296990789876,0.15272307213526842,25
ambulance_firetruck,caption_noclass_tagsub,w07,caption,mcc,0.6081041366610688,0.04835275282286686,0.5881451012606947,0.6280631720614428,25
ambulance_firetruck,caption_noclass_tagsub,w07,caption,kappa,0.5972116374842951,0.049363912877211084,0.5768352157275737,0.6175880592410165,25
ambulance_firetruck,caption_noclass_tagsub,w07,caption,precision_ambulance,0.6765474250140474,0.04603251963388353,0.6575461348019502,0.6955487152261446,25
ambulance_firetruck,caption_noclass_tagsub,w07,caption,recall_ambulance,0.8451637358622754,0.04258904938939359,0.8275838403071005,0.8627436314174504,25
ambulance_firetruck,caption_noclass_tagsub,w07,caption,f1_ambulance,0.7504389347405312,0.036028641113061095,0.7355670426263994,0.7653108268546631,25
ambulance_firetruck,caption_noclass_tagsub,w07,caption,precision_firetruck,0.9073060018677271,0.024483619298085832,0.8971996605371736,0.9174123431982807,25
ambulance_firetruck,caption_noclass_tagsub,w07,caption,recall_firetruck,0.7884056774949548,0.029227433116418344,0.7763411860611438,0.8004701689287659,25
ambulance_firetruck,caption_noclass_tagsub,w07,caption,f1_firetruck,0.8432032498408389,0.018565038890841754,0.8355399784281636,0.8508665212535143,25
ambulance_firetruck,caption_noclass_tagsub,w07,image,accuracy,0.831420608979205,0.026207597533541988,0.8206026444085643,0.8422385735498457,25
ambulance_firetruck,caption_noclass_tagsub,w07,image,balanced_accuracy,0.8403651972988427,0.02511438230792569,0.8299984897945419,0.8507319048031435,25
ambulance_firetruck,caption_noclass_tagsub,w07,image,precision_macro,0.8155734687148667,0.027247140656813135,0.8043264018328521,0.8268205355968813,25
ambulance_firetruck,caption_noclass_tagsub,w07,image,recall_macro,0.8403651972988427,0.02511438230792569,0.8299984897945419,0.8507319048031435,25
ambulance_firetruck,caption_noclass_tagsub,w07,image,f1_macro,0.8210815325804057,0.027649790662993237,0.8096682599446722,0.8324948052161393,25
ambulance_firetruck,caption_noclass_tagsub,w07,image,roc_auc,0.9168009087531637,0.022020260113155908,0.9077113921183202,0.9258904253880071,25
ambulance_firetruck,caption_noclass_tagsub,w07,image,pr_auc,0.9544225085929875,0.012947027768054849,0.9490782381954181,0.9597667789905568,25
ambulance_firetruck,caption_noclass_tagsub,w07,image,log_loss,0.4681217545062671,0.01731116697345412,0.46097605598294417,0.47526745302959,25
ambulance_firetruck,caption_noclass_tagsub,w07,image,brier,0.1460084908361397,0.008048637669490169,0.14268617649431453,0.14933080517796488,25
ambulance_firetruck,caption_noclass_tagsub,w07,image,mcc,0.6553627357845815,0.051313548745577635,0.634181543894976,0.6765439276741869,25
ambulance_firetruck,caption_noclass_tagsub,w07,image,kappa,0.6450386810826036,0.05377617156439163,0.6228409684542817,0.6672363937109256,25
ambulance_firetruck,caption_noclass_tagsub,w07,image,precision_ambulance,0.7082966332656067,0.04960207233321251,0.6878219041171494,0.7287713624140639,25
ambulance_firetruck,caption_noclass_tagsub,w07,image,recall_ambulance,0.8693763483246455,0.042294305682856456,0.8519181169918648,0.8868345796574262,25
ambulance_firetruck,caption_noclass_tagsub,w07,image,f1_ambulance,0.779325133494459,0.03591858581927037,0.764498669972838,0.79415159701608,25
ambulance_firetruck,caption_noclass_tagsub,w07,image,precision_firetruck,0.922850304164127,0.023883324754353324,0.9129917522426461,0.932708856085608,25
ambulance_firetruck,caption_noclass_tagsub,w07,image,recall_firetruck,0.81135404627304,0.038890523804199474,0.7953008270449504,0.8274072655011295,25
ambulance_firetruck,caption_noclass_tagsub,w07,image,f1_firetruck,0.8628379316663526,0.023713024496142415,0.8530496762364649,0.8726261870962403,25
ambulance_firetruck,caption_noclass_tagsub,w10,caption,accuracy,0.8337567635864147,0.01615381128678324,0.8270887980104942,0.8404247291623352,25
ambulance_firetruck,caption_noclass_tagsub,w10,caption,balanced_accuracy,0.8347159558939825,0.01691502099280832,0.8277337783945895,0.8416981333933755,25
ambulance_firetruck,caption_noclass_tagsub,w10,caption,precision_macro,0.8150435406919516,0.01816902396436586,0.8075437362067036,0.8225433451771996,25
ambulance_firetruck,caption_noclass_tagsub,w10,caption,recall_macro,0.8347159558939825,0.01691502099280832,0.8277337783945895,0.8416981333933755,25
ambulance_firetruck,caption_noclass_tagsub,w10,caption,f1_macro,0.8214286003344724,0.017504462395007844,0.8142031133826467,0.8286540872862981,25
ambulance_firetruck,caption_noclass_tagsub,w10,caption,roc_auc,0.9136243924161022,0.0178158473195027,0.9062703720847209,0.9209784127474834,25
ambulance_firetruck,caption_noclass_tagsub,w10,caption,pr_auc,0.9476740584555123,0.014347999655510014,0.941751495285263,0.9535966216257616,25
ambulance_firetruck,caption_noclass_tagsub,w10,caption,log_loss,0.5035647248245929,0.010311486036482442,0.4993083525848042,0.5078210970643816,25
ambulance_firetruck,caption_noclass_tagsub,w10,caption,brier,0.16044237704626965,0.004716653485709028,0.1584954381772991,0.1623893159152402,25
ambulance_firetruck,caption_noclass_tagsub,w10,caption,mcc,0.649386125830706,0.033785281417623714,0.6354402470862996,0.6633320045751123,25
ambulance_firetruck,caption_noclass_tagsub,w10,caption,kappa,0.644219105974248,0.034501018209025194,0.6299777856029861,0.6584604263455099,25
ambulance_firetruck,caption_noclass_tagsub,w10,caption,precision_ambulance,0.722957764249509,0.03671318155058108,0.7078033077305024,0.7381122207685156,25
ambulance_firetruck,caption_noclass_tagsub,w10,caption,recall_ambulance,0.8376922534069554,0.03199594471357921,0.8244849765524982,0.8508995302614126,25
ambulance_firetruck,caption_noclass_tagsub,w10,caption,f1_ambulance,0.7753371798255552,0.02531885042454364,0.764886072030897,0.7857882876202134,25
ambulance_firetruck,caption_noclass_tagsub,w10,caption,precision_firetruck,0.9071293171343945,0.019599104405492628,0.8990392044560558,0.9152194298127332,25
ambulance_firetruck,caption_noclass_tagsub,w10,caption,recall_firetruck,0.8317396583810095,0.022516801034350883,0.8224451797275573,0.8410341370344617,25
ambulance_firetruck,caption_noclass_tagsub,w10,caption,f1_firetruck,0.8675200208433896,0.014287399207010807,0.8616224723088386,0.8734175693779407,25
ambulance_firetruck,caption_noclass_tagsub,w10,image,accuracy,0.857119627894586,0.021469524558505294,0.8482574437235586,0.8659818120656133,25
ambulance_firetruck,caption_noclass_tagsub,w10,image,balanced_accuracy,0.8567372969761629,0.021829839643930964,0.8477263820478269,0.8657482119044988,25
ambulance_firetruck,caption_noclass_tagsub,w10,image,precision_macro,0.8396939038942076,0.02396655200230559,0.8298009974532593,0.8495868103351559,25
ambulance_firetruck,caption_noclass_tagsub,w10,image,recall_macro,0.8567372969761629,0.021829839643930964,0.8477263820478269,0.8657482119044988,25
ambulance_firetruck,caption_noclass_tagsub,w10,image,f1_macro,0.8455446508299306,0.02319675625161871,0.8359695004575002,0.855119801202361,25
ambulance_firetruck,caption_noclass_tagsub,w10,image,roc_auc,0.9297421470251956,0.01736411104373672,0.9225745942637722,0.9369096997866191,25
ambulance_firetruck,caption_noclass_tagsub,w10,image,pr_auc,0.9558926619865109,0.015114252371667051,0.9496538052405176,0.9621315187325042,25
ambulance_firetruck,caption_noclass_tagsub,w10,image,log_loss,0.5001731844156568,0.010068454992473332,0.4960171304603004,0.5043292383710133,25
ambulance_firetruck,caption_noclass_tagsub,w10,image,brier,0.15823082875196154,0.004623651504762052,0.15632227921393202,0.16013937828999106,25
ambulance_firetruck,caption_noclass_tagsub,w10,image,mcc,0.6961321248408714,0.04459603661289853,0.677723785676937,0.7145404640048058,25
ambulance_firetruck,caption_noclass_tagsub,w10,image,kappa,0.692012533065189,0.04574371910292581,0.6731304538531799,0.710894612277198,25
ambulance_firetruck,caption_noclass_tagsub,w10,image,precision_ambulance,0.7601534264843314,0.045457322288297665,0.7413895660670755,0.7789172869015872,25
ambulance_firetruck,caption_noclass_tagsub,w10,image,recall_ambulance,0.8557542591422272,0.03839975521086092,0.8399036192329145,0.87160489905154,25
ambulance_firetruck,caption_noclass_tagsub,w10,image,f1_ambulance,0.8040778506477864,0.03163114236040398,0.7910211568037285,0.8171345444918442,25
ambulance_firetruck,caption_noclass_tagsub,w10,image,precision_firetruck,0.9192343813040839,0.020580006572580592,0.910739372111395,0.9277293904967727,25
ambulance_firetruck,caption_noclass_tagsub,w10,image,recall_firetruck,0.8577203348100981,0.030001536338288698,0.8453363092710532,0.8701043603491431,25
ambulance_firetruck,caption_noclass_tagsub,w10,image,f1_firetruck,0.887011451012075,0.017984321305646065,0.8795878880371591,0.8944350139869909,25
ant_bee,caption,w03,caption,accuracy,0.9789054257264784,0.003981232751742759,0.9772620536165127,0.9805487978364441,25
ant_bee,caption,w03,caption,balanced_accuracy,0.9788999452903323,0.003983267532983532,0.9772557332639514,0.9805441573167132,25
ant_bee,caption,w03,caption,precision_macro,0.9789357905123777,0.003987332850720167,0.9772899004053109,0.9805816806194444,25
ant_bee,caption,w03,caption,recall_macro,0.9788999452903323,0.003983267532983532,0.9772557332639514,0.9805441573167132,25
ant_bee,caption,w03,caption,f1_macro,0.978904416906924,0.003981404875019118,0.9772609737479618,0.9805478600658861,25
ant_bee,caption,w03,caption,roc_auc,0.9966164064422213,0.0021009153086764456,0.9957491912254853,0.9974836216589572,25
ant_bee,caption,w03,caption,pr_auc,0.9944914202870535,0.004500658166650828,0.9926336399037475,0.9963492006703595,25
ant_bee,caption,w03,caption,log_loss,0.08130413711593593,0.00899334188720678,0.0775918680388889,0.08501640619298295,25
ant_bee,caption,w03,caption,brier,0.017842358260197522,0.0024605193254469797,0.01682670580086793,0.018858010719527116,25
ant_bee,caption,w03,caption,mcc,0.9578357329093342,0.007970321463587445,0.954545745908452,0.9611257199102164,25
ant_bee,caption,w03,caption,kappa,0.957809384214643,0.007962874999418886,0.9545224709630982,0.9610962974661879,25
ant_bee,caption,w03,caption,precision_ant,0.9799045660314134,0.005146398063609714,0.9777802373192035,0.9820288947436233,25
ant_bee,caption,w03,caption,recall_ant,0.9776805590943836,0.005577694086048965,0.975378200134104,0.9799829180546631,25
ant_bee,caption,w03,caption,f1_ant,0.9787788639611459,0.0040095144012916,0.9771238177600153,0.9804339101622764,25
ant_bee,caption,w03,caption,precision_bee,0.9779670149933416,0.005411937105498175,0.9757330771518098,0.9802009528348734,25
ant_bee,caption,w03,caption,recall_bee,0.9801193314862812,0.005157734747613574,0.9779903232209095,0.9822483397516528,25
ant_bee,caption,w03,caption,f1_bee,0.979029969852702,0.003954722690263745,0.9773975405582873,0.9806623991471166,25
ant_bee,caption,w03,image,accuracy,0.9838334575176679,0.004322955880618314,0.9820490290328701,0.9856178860024658,25
ant_bee,caption,w03,image,balanced_accuracy,0.9838349606451655,0.0043251541449875345,0.9820496247614336,0.9856202965288974,25
ant_bee,caption,w03,image,precision_macro,0.9838595020586963,0.0043332267297713535,0.9820708339757397,0.985648170141653,25
ant_bee,caption,w03,image,recall_macro,0.9838349606451655,0.0043251541449875345,0.9820496247614336,0.9856202965288974,25
ant_bee,caption,w03,image,f1_macro,0.9838329048758733,0.004323092685245143,0.9820484199209009,0.9856173898308457,25
ant_bee,caption,w03,image,roc_auc,0.9973278670174751,0.0020602929973407794,0.9964774198667263,0.9981783141682239,25
ant_bee,caption,w03,image,pr_auc,0.994754612305018,0.005459965315655579,0.992500849392714,0.9970083752173221,25
ant_bee,caption,w03,image,log_loss,0.07771201417117392,0.008368567529082284,0.07425763927394194,0.0811663890684059,25
ant_bee,caption,w03,image,brier,0.015680864423625818,0.002345990821197496,0.014712487007333406,0.01664924183991823,25
ant_bee,caption,w03,image,mcc,0.9676944614212064,0.008658270016604361,0.964120503214515,0.9712684196278978,25
ant_bee,caption,w03,image,kappa,0.9676662294789726,0.008646253809185173,0.964097231318923,0.9712352276390223,25
ant_bee,caption,w03,image,precision_ant,0.9836067438372906,0.005593286343237244,0.9812979487095744,0.9859155389650068,25
ant_bee,caption,w03,image,recall_ant,0.9839376842718305,0.006021064815854533,0.9814523108692482,0.9864230576744127,25
ant_bee,caption,w03,image,f1_ant,0.983757760646829,0.004348174204596904,0.9819629225495138,0.9855525987441441,25
ant_bee,caption,w03,image,precision_bee,0.9841122602801022,0.005899498522195259,0.9816770669772451,0.9865474535829594,25
ant_bee,caption,w03,image,recall_bee,0.9837322370185003,0.0055983623525100714,0.9814213466171368,0.9860431274198639,25
ant_bee,caption,w03,image,f1_bee,0.9839080491049177,0.004298799242795741,0.982133591990131,0.9856825062197044,25
ant_bee,caption,w05,caption,accuracy,0.9827758766285082,0.0044225090610453145,0.9809503546105325,0.9846013986464839,25
ant_bee,caption,w05,caption,balanced_accuracy,0.982756216312504,0.004424385365218688,0.9809299197942314,0.9845825128307766,25
ant_bee,caption,w05,caption,precision_macro,0.9828561354967529,0.0044154549329373065,0.9810335252797483,0.9846787457137575,25
ant_bee,caption,w05,caption,recall_macro,0.982756216312504,0.004424385365218688,0.9809299197942314,0.9845825128307766,25
ant_bee,caption,w05,caption,f1_macro,0.9827742189544122,0.004422832500445015,0.9809485634272141,0.9845998744816102,25
ant_bee,caption,w05,caption,roc_auc,0.9971219486568305,0.0015619270998796018,0.9964772168378686,0.9977666804757923,25
ant_bee,caption,w05,caption,pr_auc,0.9952085024480242,0.003568160611057185,0.9937356381374605,0.9966813667585879,25
ant_bee,caption,w05,caption,log_loss,0.09545884306999712,0.006962277673754598,0.09258495609469372,0.09833273004530052,25
ant_bee,caption,w05,caption,brier,0.01903499249739704,0.002388785739126846,0.018048950207192754,0.020021034787601328,25
ant_bee,caption,w05,caption,mcc,0.9656123384566085,0.008838917588845419,0.9619638125970152,0.9692608643162018,25
ant_bee,caption,w05,caption,kappa,0.9655495899551275,0.008845424239614411,0.9618983782821016,0.9692008016281535,25
ant_bee,caption,w05,caption,precision_ant,0.9866843701954021,0.005637368037512733,0.9843573790386041,0.9890113613522001,25
ant_bee,caption,w05,caption,recall_ant,0.9786236668729298,0.006420265879288382,0.9759735113702233,0.9812738223756363,25
ant_bee,caption,w05,caption,f1_ant,0.9826211825778053,0.004456938913497044,0.9807814486152392,0.9844609165403714,25
ant_bee,caption,w05,caption,precision_bee,0.9790279007981039,0.006198836623068262,0.9764691468000803,0.9815866547961274,25
ant_bee,caption,w05,caption,recall_bee,0.9868887657520778,0.005613458734577505,0.9845716438704673,0.9892058876336884,25
ant_bee,caption,w05,caption,f1_bee,0.9829272553310193,0.004390005765831663,0.9811151500138916,0.984739360648147,25
ant_bee,caption,w05,image,accuracy,0.9849157127051865,0.004454701247693883,0.9830769024056669,0.9867545230047061,25
ant_bee,caption,w05,image,balanced_accuracy,0.9848998218180867,0.004457591191013401,0.983059818608595,0.9867398250275783,25
ant_bee,caption,w05,image,precision_macro,0.9849815980482739,0.004449046576587949,0.9831451218822667,0.9868180742142811,25
ant_bee,caption,w05,image,recall_macro,0.9848998218180867,0.004457591191013401,0.983059818608595,0.9867398250275783,25
ant_bee,caption,w05,image,f1_macro,0.9849144549620833,0.004454997691991386,0.9830755222963719,0.9867533876277947,25
ant_bee,caption,w05,image,roc_auc,0.9981667713749143,0.001171310542508178,0.9976832781461338,0.9986502646036948,25
ant_bee,caption,w05,image,pr_auc,0.9980164702368285,0.0013531483824915024,0.9974579180367698,0.9985750224368872,25
ant_bee,caption,w05,image,log_loss,0.0923571413905986,0.006293119444634321,0.08975946935661178,0.09495481342458542,25
ant_bee,caption,w05,image,brier,0.017473568165966295,0.002337222852746987,0.016508809989168562,0.018438326342764027,25
ant_bee,caption,w05,image,mcc,0.9698814108792654,0.0089060164440994,0.966205187973503,0.9735576337850278,25
ant_bee,caption,w05,image,kappa,0.9698297333095143,0.00890980320007463,0.9661519473077097,0.9735075193113188,25
ant_bee,caption,w05,image,precision_ant,0.9881131897837662,0.0055458907677281245,0.9858239585880741,0.9904024209794582,25
ant_bee,caption,w05,image,recall_ant,0.9815225858115241,0.006482658242423096,0.9788466760071115,0.9841984956159366,25
ant_bee,caption,w05,image,f1_ant,0.9847909849856324,0.0044874429279743895,0.9829386595847456,0.9866433103865193,25
ant_bee,caption,w05,image,precision_bee,0.9818500063127819,0.006294218322386443,0.9792518806843526,0.9844481319412111,25
ant_bee,caption,w05,image,recall_bee,0.9882770578246491,0.005524184205165346,0.9859967866576074,0.9905573289916909,25
ant_bee,caption,w05,image,f1_bee,0.9850379249385341,0.004423491383644921,0.9832119974377184,0.9868638524393499,25
ant_bee,caption,w07,caption,accuracy,0.9816949219896588,0.004540011213072435,0.9798208974671717,0.9835689465121459,25
ant_bee,caption,w07,caption,balanced_accuracy,0.9816842146032525,0.0045399474302842534,0.9798102164090065,0.9835582127974986,25
ant_bee,caption,w07,caption,precision_macro,0.9817359721657154,0.004535934449355835,0.9798636304485825,0.9836083138828483,25
ant_bee,caption,w07,caption,recall_macro,0.9816842146032525,0.0045399474302842534,0.9798102164090065,0.9835582127974986,25
ant_bee,caption,w07,caption,f1_macro,0.9816938044166771,0.004540132569681143,0.979819729800644,0.9835678790327101,25
ant_bee,caption,w07,caption,roc_auc,0.9970011102369889,0.0016754850154462443,0.9963095040143072,0.9976927164596706,25
ant_bee,caption,w07,caption,pr_auc,0.9961708442321463,0.00231053203150517,0.9952171034848625,0.9971245849794301,25
ant_bee,caption,w07,caption,log_loss,0.10950452620749955,0.007273146219895075,0.1065023190031492,0.1125067334118499,25
ant_bee,caption,w07,caption,brier,0.02224529083146809,0.002576493937467661,0.021181766405151525,0.023308815257784655,25
ant_bee,caption,w07,caption,mcc,0.9634201830468342,0.0090756262846166,0.9596739486398954,0.967166417453773,25
ant_bee,caption,w07,caption,kappa,0.9633882378380326,0.009080105003900123,0.9596401547066364,0.9671363209694288,25
ant_bee,caption,w07,caption,precision_ant,0.9836320907173445,0.005800101519253979,0.9812379264807675,0.9860262549539215,25
ant_bee,caption,w07,caption,recall_ant,0.9795423142721945,0.0057459839754789585,0.9771704886597687,0.9819141398846203,25
ant_bee,caption,w07,caption,f1_ant,0.9815705844896385,0.004552860507605137,0.9796912560390507,0.9834499129402263,25
ant_bee,caption,w07,caption,precision_bee,0.9798398536140861,0.005595345164551001,0.9775302086467003,0.9821494985814719,25
ant_bee,caption,w07,caption,recall_bee,0.9838261149343106,0.00583313582120613,0.981418314808077,0.9862339150605443,25
ant_bee,caption,w07,caption,f1_bee,0.9818170243437155,0.004528704238016694,0.9799476671111392,0.9836863815762918,25
ant_bee,caption,w07,image,accuracy,0.9844346903294272,0.005036466183667408,0.9823557392669954,0.986513641391859,25
ant_bee,caption,w07,image,balanced_accuracy,0.9844231327836052,0.005038158960023907,0.9823434829774358,0.9865027825897745,25
ant_bee,caption,w07,image,precision_macro,0.9844891044248308,0.005036979820404365,0.9824099413435744,0.9865682675060873,25
ant_bee,caption,w07,image,recall_macro,0.9844231327836052,0.005038158960023907,0.9823434829774358,0.9865027825897745,25
ant_bee,caption,w07,image,f1_macro,0.9844336119946743,0.005036645777250575,0.9823545867996548,0.9865126371896937,25
ant_bee,caption,w07,image,roc_auc,0.9976671316291701,0.0016670671839910639,0.9969790001165348,0.9983552631418053,25
ant_bee,caption,w07,image,pr_auc,0.9970107007601746,0.0024707512888188397,0.9959908247539478,0.9980305767664014,25
ant_bee,caption,w07,image,log_loss,0.10700886343691267,0.006956297786365581,0.10413744483780545,0.10988028203601989,25
ant_bee,caption,w07,image,brier,0.020338238977150817,0.0025197249846862215,0.0192981476228324,0.021378330331469235,25
ant_bee,caption,w07,image,mcc,0.9689122306405723,0.010074706531764845,0.9647535961766255,0.9730708651045191,25
ant_bee,caption,w07,image,kappa,0.9688679296333521,0.01007322754853298,0.9647099056636783,0.9730259536030259,25
ant_bee,caption,w07,image,precision_ant,0.9866853304113593,0.006356338594467004,0.9840615627948911,0.9893090980278275,25
ant_bee,caption,w07,image,recall_ant,0.9820063334910639,0.006833094769308641,0.9791857705978951,0.9848268963842327,25
ant_bee,caption,w07,image,f1_ant,0.9843228085891745,0.005063134627546366,0.9822328493341501,0.986412767844199,25
ant_bee,caption,w07,image,precision_bee,0.982292878438302,0.006656759501941524,0.9795451031660699,0.9850406537105342,25
ant_bee,caption,w07,image,recall_bee,0.9868399320761462,0.0063465878564602386,0.9842201893665073,0.989459674785785,25
ant_bee,caption,w07,image,f1_bee,0.9845444154001737,0.0050111347949146285,0.982475920621104,0.9866129101792434,25
ant_bee,caption,w10,caption,accuracy,0.9718015037593986,0.005654108906166963,0.9694676023116533,0.9741354052071438,25
ant_bee,caption,w10,caption,balanced_accuracy,0.9718153870553892,0.005650561861519138,0.9694829497557133,0.9741478243550651,25
ant_bee,caption,w10,caption,precision_macro,0.971843060746528,0.005634808803535408,0.9695171259895949,0.9741689955034611,25
ant_bee,caption,w10,caption,recall_macro,0.9718153870553892,0.005650561861519138,0.9694829497557133,0.9741478243550651,25
ant_bee,caption,w10,caption,f1_macro,0.9718008016509032,0.005654239558036838,0.9694668462727167,0.9741347570290897,25
ant_bee,caption,w10,caption,roc_auc,0.9952637540793104,0.002080165161883791,0.9944051041021983,0.9961224040564226,25
ant_bee,caption,w10,caption,pr_auc,0.9938784978262006,0.0034657236674064946,0.9924479174077685,0.9953090782446328,25
ant_bee,caption,w10,caption,log_loss,0.14509113290313108,0.008541369967143522,0.141565428665227,0.14861683714103516,25
ant_bee,caption,w10,caption,brier,0.032089851343025416,0.003055888089275019,0.030828442736635233,0.0333512599494156,25
ant_bee,caption,w10,caption,mcc,0.9436584467768212,0.011285328729810746,0.93900009203023,0.9483168015234124,25
ant_bee,caption,w10,caption,kappa,0.9436033883897216,0.011307435879993865,0.9389359082600375,0.9482708685194057,25
ant_bee,caption,w10,caption,precision_ant,0.9687495726626956,0.007798150210142817,0.9655306544622809,0.9719684908631102,25
ant_bee,caption,w10,caption,recall_ant,0.9748304881156044,0.00632527017546821,0.9722195449121929,0.9774414313190158,25
ant_bee,caption,w10,caption,f1_ant,0.971761745407824,0.0056205416072087335,0.9694416998600863,0.9740817909555617,25
ant_bee,caption,w10,caption,precision_bee,0.9749365488303604,0.00619284078712638,0.9723802697917721,0.9774928278689488,25
ant_bee,caption,w10,caption,recall_bee,0.9688002859951739,0.008014082750552647,0.9654922352228471,0.9721083367675006,25
ant_bee,caption,w10,caption,f1_bee,0.9718398578939825,0.005691213376897991,0.969490640473483,0.9741890753144821,25
ant_bee,caption,w10,image,accuracy,0.9774034184560502,0.0056126485325650455,0.9750866310093932,0.9797202059027071,25
ant_bee,caption,w10,image,balanced_accuracy,0.9774185002028511,0.005608448730287191,0.9751034463493703,0.979733554056332,25
ant_bee,caption,w10,image,precision_macro,0.9774442085322603,0.005609073311698113,0.9751288968642443,0.9797595202002763,25
ant_bee,caption,w10,image,recall_macro,0.9774185002028511,0.005608448730287191,0.9751034463493703,0.979733554056332,25
ant_bee,caption,w10,image,f1_macro,0.9774029545612116,0.005612574330548225,0.9750861977436418,0.9797197113787814,25
ant_bee,caption,w10,image,roc_auc,0.9966423418012339,0.001940951899850251,0.9958411562343759,0.9974435273680919,25
ant_bee,caption,w10,image,pr_auc,0.9956364968658646,0.0035116589853070586,0.994186955280124,0.9970860384516053,25
ant_bee,caption,w10,image,log_loss,0.1416364936297964,0.00809261844166392,0.1382960249174855,0.14497696234210733,25
ant_bee,caption,w10,image,brier,0.029592862786283654,0.002964565639253667,0.028369150234542152,0.030816575338025155,25
ant_bee,caption,w10,image,mcc,0.954862707729522,0.011217463698216527,0.9502323662911493,0.9594930491678947,25
ant_bee,caption,w10,image,kappa,0.9548072674679849,0.011224760373276877,0.9501739141101798,0.9594406208257901,25
ant_bee,caption,w10,image,precision_ant,0.9741361248141861,0.007778279478500211,0.9709254088486626,0.9773468407797096,25
ant_bee,caption,w10,image,recall_ant,0.980676664361373,0.006098248709367926,0.9781594310134302,0.9831938977093159,25
ant_bee,caption,w10,image,f1_ant,0.977378121518573,0.0055907386724092754,0.9750703780176883,0.9796858650194576,25
ant_bee,caption,w10,image,precision_bee,0.9807522922503344,0.006016983208386316,0.9782686036525088,0.9832359808481601,25
ant_bee,caption,w10,image,recall_bee,0.9741603360443293,0.007914604708981808,0.9708933477893849,0.9774273242992737,25
ant_bee,caption,w10,image,f1_bee,0.9774277876038504,0.00563607521006972,0.9751013300999923,0.9797542451077085,25
ant_bee,caption_noclass,w03,caption,accuracy,0.8788919505972137,0.011013824641072223,0.8743456672302673,0.8834382339641601,25
ant_bee,caption_noclass,w03,caption,balanced_accuracy,0.8789763243195213,0.011021745062255141,0.8744267715633975,0.8835258770756451,25
ant_bee,caption_noclass,w03,caption,precision_macro,0.8794841408117715,0.01109234327983176,0.8749054465437057,0.8840628350798373,25
ant_bee,caption_noclass,w03,caption,recall_macro,0.8789763243195213,0.011021745062255141,0.8744267715633975,0.8835258770756451,25
ant_bee,caption_noclass,w03,caption,f1_macro,0.8788594336597987,0.011013876289733654,0.8743131289733326,0.8834057383462648,25
ant_bee,caption_noclass,w03,caption,roc_auc,0.9422563672009702,0.008334460393627587,0.9388160710372995,0.9456966633646409,25
ant_bee,caption_noclass,w03,caption,pr_auc,0.9471515719602589,0.00795404427523017,0.9438683038525043,0.9504348400680135,25
ant_bee,caption_noclass,w03,caption,log_loss,0.30961161929782105,0.018002506527267734,0.30218054983235565,0.31704268876328645,25
ant_bee,caption_noclass,w03,caption,brier,0.09310846767259812,0.006921219271112761,0.09025152877292576,0.09596540657227047,25
ant_bee,caption_noclass,w03,caption,mcc,0.7584601637334808,0.02210938552683672,0.7493338579360173,0.7675864695309443,25
ant_bee,caption_noclass,w03,caption,kappa,0.7578199852764966,0.02202768622978624,0.7487274032913668,0.7669125672616265,25
ant_bee,caption_noclass,w03,caption,precision_ant,0.8647959548694065,0.011920830440081652,0.8598752779096673,0.8697166318291457,25
ant_bee,caption_noclass,w03,caption,recall_ant,0.8969538819932298,0.014834711508425245,0.8908304140443487,0.9030773499421109,25
ant_bee,caption_noclass,w03,caption,f1_ant,0.8805183141530079,0.010999576479356274,0.8759779121381557,0.88505871616786,25
ant_bee,caption_noclass,w03,caption,precision_bee,0.8941723267541364,0.014034356197762873,0.8883792292401488,0.899965424268124,25
ant_bee,caption_noclass,w03,caption,recall_bee,0.8609987666458128,0.013526508621267253,0.8554152983083563,0.8665822349832693,25
ant_bee,caption_noclass,w03,caption,f1_bee,0.8772005531665894,0.011139828856581383,0.8726022578158132,0.8817988485173656,25
ant_bee,caption_noclass,w03,image,accuracy,0.8836520129151708,0.012758320874510119,0.8783856368948327,0.8889183889355089,25
ant_bee,caption_noclass,w03,image,balanced_accuracy,0.8837214019180647,0.012765148978689663,0.8784522073948476,0.8889905964412818,25
ant_bee,caption_noclass,w03,image,precision_macro,0.8840856156519454,0.012789035709242919,0.8788065611709622,0.8893646701329286,25
ant_bee,caption_noclass,w03,image,recall_macro,0.8837214019180647,0.012765148978689663,0.8784522073948476,0.8889905964412818,25
ant_bee,caption_noclass,w03,image,f1_macro,0.8836299980693131,0.01276092891631128,0.8783625455022306,0.8888974506363956,25
ant_bee,caption_noclass,w03,image,roc_auc,0.9523763235238034,0.008484011637467776,0.9488742956407223,0.9558783514068845,25
ant_bee,caption_noclass,w03,image,pr_auc,0.9565787890432307,0.00855463457203391,0.9530476094455359,0.9601099686409255,25
ant_bee,caption_noclass,w03,image,log_loss,0.295334708668364,0.017147555210031973,0.28825654576167953,0.3024128715750484,25
ant_bee,caption_noclass,w03,image,brier,0.08681683592438424,0.006965634678872953,0.0839415632454738,0.08969210860329468,25
ant_bee,caption_noclass,w03,image,mcc,0.7678068300908915,0.025551092439435954,0.7572598575041362,0.7783538026776468,25
ant_bee,caption_noclass,w03,image,kappa,0.7673316512174004,0.025516101669685796,0.7567991221105167,0.7778641803242842,25
ant_bee,caption_noclass,w03,image,precision_ant,0.8715883894109645,0.013125039062360528,0.866170639562541,0.877006139259388,25
ant_bee,caption_noclass,w03,image,recall_ant,0.8986663269391767,0.016181737297351794,0.8919868340726473,0.905345819805706,25
ant_bee,caption_noclass,w03,image,f1_ant,0.8848632852981123,0.012773400734811816,0.879590684617377,0.8901358859788476,25
ant_bee,caption_noclass,w03,image,precision_bee,0.8965828418929259,0.015437893846431983,0.8902103925120824,0.9029552912737694,25
ant_bee,caption_noclass,w03,image,recall_bee,0.8687764768969523,0.014432546753648374,0.8628190143998554,0.8747339393940491,25
ant_bee,caption_noclass,w03,image,f1_bee,0.882396710840514,0.012835835797607862,0.8770983382325187,0.8876950834485092,25
ant_bee,caption_noclass,w05,caption,accuracy,0.8848680981733612,0.010994627900905569,0.8803297388312984,0.889406457515424,25
ant_bee,caption_noclass,w05,caption,balanced_accuracy,0.8848959481810329,0.010993363352226431,0.88035811081901,0.8894337855430557,25
ant_bee,caption_noclass,w05,caption,precision_macro,0.8850408342122565,0.010957971134730187,0.8805176060395903,0.8895640623849228,25
ant_bee,caption_noclass,w05,caption,recall_macro,0.8848959481810329,0.010993363352226431,0.88035811081901,0.8894337855430557,25
ant_bee,caption_noclass,w05,caption,f1_macro,0.8848576603516699,0.010998549871879764,0.8803176820995565,0.8893976386037833,25
ant_bee,caption_noclass,w05,caption,roc_auc,0.9417770889627214,0.0093987918896379,0.9378974583503085,0.9456567195751343,25
ant_bee,caption_noclass,w05,caption,pr_auc,0.9369568610723296,0.011012790581932358,0.9324110045440174,0.9415027176006417,25
ant_bee,caption_noclass,w05,caption,log_loss,0.3182177744047045,0.016082218476646693,0.31157936088835675,0.32485618792105225,25
ant_bee,caption_noclass,w05,caption,brier,0.09306886366693068,0.006347157879588052,0.09044888566330912,0.09568884167055224,25
ant_bee,caption_noclass,w05,caption,mcc,0.7699367439043984,0.02195050032963476,0.7608760226929286,0.7789974651158681,25
ant_bee,caption_noclass,w05,caption,kappa,0.7697448028411544,0.02198731609122255,0.7606688848302074,0.7788207208521014,25
ant_bee,caption_noclass,w05,caption,precision_ant,0.8788585038484407,0.013356295496182915,0.8733452960357905,0.8843717116610909,25
ant_bee,caption_noclass,w05,caption,recall_ant,0.891691333309067,0.013028439743568345,0.8863134576996654,0.8970692089184686,25
ant_bee,caption_noclass,w05,caption,f1_ant,0.8851667658726952,0.010841416351569919,0.8806916491498921,0.8896418825954983,25
ant_bee,caption_noclass,w05,caption,precision_bee,0.8912231645760724,0.012140122818733324,0.8862119681713582,0.8962343609807867,25
ant_bee,caption_noclass,w05,caption,recall_bee,0.8781005630529986,0.01492969056855256,0.8719378896750011,0.884263236430996,25
ant_bee,caption_noclass,w05,caption,f1_bee,0.8845485548306445,0.0112601550962755,0.8799005912492622,0.8891965184120268,25
ant_bee,caption_noclass,w05,image,accuracy,0.8868388990494254,0.011104548090140911,0.8822551668832711,0.8914226312155796,25
ant_bee,caption_noclass,w05,image,balanced_accuracy,0.8868502001641879,0.011100833636710326,0.8822680012490522,0.8914323990793236,25
ant_bee,caption_noclass,w05,image,precision_macro,0.8870179336471053,0.011049248823948837,0.8824570278961417,0.891578839398069,25
ant_bee,caption_noclass,w05,image,recall_macro,0.8868502001641879,0.011100833636710326,0.8822680012490522,0.8914323990793236,25
ant_bee,caption_noclass,w05,image,f1_macro,0.8868249920828556,0.011110672691968738,0.8822387318053208,0.8914112523603904,25
ant_bee,caption_noclass,w05,image,roc_auc,0.950920315586248,0.0091850817382735,0.9471289001886363,0.9547117309838598,25
ant_bee,caption_noclass,w05,image,pr_auc,0.9491455479116709,0.010116149394806605,0.9449698066746398,0.9533212891487021,25
ant_bee,caption_noclass,w05,image,log_loss,0.30788491050471284,0.015175800454829663,0.30162064795865745,0.3141491730507682,25
ant_bee,caption_noclass,w05,image,brier,0.08846485692008646,0.006269376676959648,0.0858769854189102,0.09105272842126272,25
ant_bee,caption_noclass,w05,image,mcc,0.7738680906764428,0.022149319870606445,0.764725300792046,0.7830108805608396,25
ant_bee,caption_noclass,w05,image,kappa,0.7736788643505633,0.022205905423968872,0.7645127170977278,0.7828450116033988,25
ant_bee,caption_noclass,w05,image,precision_ant,0.8831206112632178,0.014543687747301156,0.8771172720187335,0.8891239505077022,25
ant_bee,caption_noclass,w05,image,recall_ant,0.8906995959669493,0.01384997879053833,0.8849826057060751,0.8964165862278234,25
ant_bee,caption_noclass,w05,image,f1_ant,0.8868027631134596,0.010872741072290889,0.8823147161814486,0.8912908100454706,25
ant_bee,caption_noclass,w05,image,precision_bee,0.8909152560309929,0.012579314121603671,0.8857227703666238,0.8961077416953619,25
ant_bee,caption_noclass,w05,image,recall_bee,0.8830008043614264,0.01657572554048345,0.8761586811412374,0.8898429275816153,25
ant_bee,caption_noclass,w05,image,f1_bee,0.8868472210522517,0.011493123704568542,0.8821030927557573,0.8915913493487461,25
ant_bee,caption_noclass,w07,caption,accuracy,0.8988709431235747,0.011119774966999757,0.8942809256115711,0.9034609606355783,25
ant_bee,caption_noclass,w07,caption,balanced_accuracy,0.898898144261412,0.01113167644042364,0.8943032140626322,0.9034930744601918,25
ant_bee,caption_noclass,w07,caption,precision_macro,0.8990277801638764,0.011142708433549947,0.8944282961821476,0.9036272641456052,25
ant_bee,caption_noclass,w07,caption,recall_macro,0.898898144261412,0.01113167644042364,0.8943032140626322,0.9034930744601918,25
ant_bee,caption_noclass,w07,caption,f1_macro,0.8988632068224249,0.011121244570133037,0.8942725826880628,0.9034538309567871,25
ant_bee,caption_noclass,w07,caption,roc_auc,0.9562122588540908,0.00822992117267644,0.952815114359971,0.9596094033482105,25
ant_bee,caption_noclass,w07,caption,pr_auc,0.954334479670714,0.0091811184180627,0.9505447002512788,0.9581242590901493,25
ant_bee,caption_noclass,w07,caption,log_loss,0.28994655509508277,0.015109455370757446,0.28370967845374495,0.2961834317364206,25
ant_bee,caption_noclass,w07,caption,brier,0.08326070698038668,0.006156546616932386,0.08071940943893015,0.08580200452184321,25
ant_bee,caption_noclass,w07,caption,mcc,0.7979258904296774,0.022273514523359093,0.7887318355122451,0.8071199453471097,25
ant_bee,caption_noclass,w07,caption,kappa,0.7977484880501265,0.02224279613937838,0.7885671130583969,0.8069298630418562,25
ant_bee,caption_noclass,w07,caption,precision_ant,0.8931566885552332,0.011630298492970184,0.888355937289044,0.8979574398214224,25
ant_bee,caption_noclass,w07,caption,recall_ant,0.9051224838932771,0.01509605650672151,0.8988911380311815,0.9113538297553727,25
ant_bee,caption_noclass,w07,caption,f1_ant,0.8990419515296211,0.01125186339829753,0.8943974105929449,0.9036864924662973,25
ant_bee,caption_noclass,w07,caption,precision_bee,0.9048988717725195,0.014129533066582144,0.8990664871780006,0.9107312563670383,25
ant_bee,caption_noclass,w07,caption,recall_bee,0.8926738046295469,0.012586802012423095,0.8874782281157596,0.8978693811433343,25
ant_bee,caption_noclass,w07,caption,f1_bee,0.8986844621152289,0.011061465513653255,0.8941185135626035,0.9032504106678543,25
ant_bee,caption_noclass,w07,image,accuracy,0.9026451714872767,0.0121115247680218,0.8976457797777083,0.9076445631968452,25
ant_bee,caption_noclass,w07,image,balanced_accuracy,0.9026683823668317,0.012124205931901357,0.8976637561300851,0.9076730086035782,25
ant_bee,caption_noclass,w07,image,precision_macro,0.9028021003695463,0.01212548173395535,0.8977969475075949,0.9078072532314978,25
ant_bee,caption_noclass,w07,image,recall_macro,0.9026683823668317,0.012124205931901357,0.8976637561300851,0.9076730086035782,25
ant_bee,caption_noclass,w07,image,f1_macro,0.902637050103506,0.012113682940691333,0.8976367675440439,0.9076373326629682,25
ant_bee,caption_noclass,w07,image,roc_auc,0.9652463932763443,0.007834264648669865,0.9620125677683837,0.9684802187843049,25
ant_bee,caption_noclass,w07,image,pr_auc,0.9662047427354399,0.008048660162796779,0.9628824191088341,0.9695270663620457,25
ant_bee,caption_noclass,w07,image,log_loss,0.27912769496037976,0.014090840782515596,0.2733112817557471,0.2849441081650124,25
ant_bee,caption_noclass,w07,image,brier,0.07803791714897125,0.006072815489424314,0.0755311821182402,0.0805446521797023,25
ant_bee,caption_noclass,w07,image,mcc,0.8054704515353968,0.024248990094984612,0.7954609603798025,0.815479942690991,25
ant_bee,caption_noclass,w07,image,kappa,0.8052950112738635,0.0242267405943043,0.7952947042607595,0.8152953182869674,25
ant_bee,caption_noclass,w07,image,precision_ant,0.8973520106961602,0.012356021334933312,0.8922516957640374,0.902452325628283,25
ant_bee,caption_noclass,w07,image,recall_ant,0.9083336366614493,0.01640232525802629,0.9015630895599702,0.9151041837629283,25
ant_bee,caption_noclass,w07,image,f1_ant,0.9027465812090675,0.01229183328330937,0.8976727618024287,0.9078204006157062,25
ant_bee,caption_noclass,w07,image,precision_bee,0.9082521900429321,0.015355344928207655,0.9019138151808062,0.9145905649050581,25
ant_bee,caption_noclass,w07,image,recall_bee,0.8970031280722138,0.013228998908812161,0.8915424657082786,0.9024637904361491,25
ant_bee,caption_noclass,w07,image,f1_bee,0.9025275189979447,0.012002840320160458,0.8975729900234987,0.9074820479723907,25
ant_bee,caption_noclass,w10,caption,accuracy,0.9097348596717016,0.008933606150886267,0.9060472482947085,0.9134224710486948,25
ant_bee,caption_noclass,w10,caption,balanced_accuracy,0.9097973366920651,0.008936596494864762,0.9061084909617448,0.9134861824223853,25
ant_bee,caption_noclass,w10,caption,precision_macro,0.9101519617796536,0.008835347654073998,0.9065049095167083,0.913799014042599,25
ant_bee,caption_noclass,w10,caption,recall_macro,0.9097973366920651,0.008936596494864762,0.9061084909617448,0.9134861824223853,25
ant_bee,caption_noclass,w10,caption,f1_macro,0.9097182609827533,0.00894133554120589,0.9060274590702476,0.913409062895259,25
ant_bee,caption_noclass,w10,caption,roc_auc,0.9681019859972073,0.0059704458836193144,0.9656375070629113,0.9705664649315033,25
ant_bee,caption_noclass,w10,caption,pr_auc,0.9697518624209505,0.005852882567368083,0.9673359112385167,0.9721678136033842,25
ant_bee,caption_noclass,w10,caption,log_loss,0.26550791995585543,0.01271115597780661,0.26026101264801055,0.2707548272637003,25
ant_bee,caption_noclass,w10,caption,brier,0.07433230598853044,0.005153389208103303,0.07220509147370768,0.0764595205033532,25
ant_bee,caption_noclass,w10,caption,mcc,0.8199491369773168,0.017768343867153105,0.8126147251073309,0.8272835488473026,25
ant_bee,caption_noclass,w10,caption,kappa,0.819488617335329,0.01786571046085733,0.8121140145108037,0.8268632201598543,25
ant_bee,caption_noclass,w10,caption,precision_ant,0.8978434355285522,0.011513838044826188,0.8930907567726453,0.9025961142844591,25
ant_bee,caption_noclass,w10,caption,recall_ant,0.9238638663414989,0.011735483933057553,0.9190196966596096,0.9287080360233881,25
ant_bee,caption_noclass,w10,caption,f1_ant,0.9106055736260271,0.00877217655144694,0.9069845971126514,0.9142265501394028,25
ant_bee,caption_noclass,w10,caption,precision_bee,0.9224604880307551,0.010969030874620143,0.9179326946218387,0.9269882814396715,25
ant_bee,caption_noclass,w10,caption,recall_bee,0.8957308070426311,0.013176621663954034,0.8902917649427609,0.9011698491425013,25
ant_bee,caption_noclass,w10,caption,f1_bee,0.9088309483394794,0.009195879095706901,0.9050350760117725,0.9126268206671864,25
ant_bee,caption_noclass,w10,image,accuracy,0.9152036848878953,0.01091789468707696,0.9106969994597623,0.9197103703160282,25
ant_bee,caption_noclass,w10,image,balanced_accuracy,0.915253587199941,0.010929960800315393,0.9107419211250567,0.9197652532748253,25
ant_bee,caption_noclass,w10,image,precision_macro,0.915619680801524,0.010868633828064581,0.9111333292566032,0.9201060323464448,25
ant_bee,caption_noclass,w10,image,recall_macro,0.915253587199941,0.010929960800315393,0.9107419211250567,0.9197652532748253,25
ant_bee,caption_noclass,w10,image,f1_macro,0.9151866486974883,0.010924602529848754,0.9106771944079458,0.9196961029870309,25
ant_bee,caption_noclass,w10,image,roc_auc,0.9748311526766291,0.005498826142961993,0.9725613488032088,0.9771009565500495,25
ant_bee,caption_noclass,w10,image,pr_auc,0.9771838778625882,0.004891349540805225,0.9751648280062506,0.9792029277189258,25
ant_bee,caption_noclass,w10,image,log_loss,0.25754930366548,0.011793448178339817,0.25268120751909795,0.2624173998118621,25
ant_bee,caption_noclass,w10,image,brier,0.07001323607848904,0.004921623805164392,0.06798168962001844,0.07204478253695965,25
ant_bee,caption_noclass,w10,image,mcc,0.8308730178103524,0.021792253335557475,0.8218776177475743,0.8398684178731305,25
ant_bee,caption_noclass,w10,image,kappa,0.8304204109804639,0.021837426665341265,0.8214063642836129,0.839434457677315,25
ant_bee,caption_noclass,w10,image,precision_ant,0.9050466414428725,0.013267507484515146,0.8995700835201366,0.9105231993656084,25
ant_bee,caption_noclass,w10,image,recall_ant,0.9270509227241293,0.016430829383290203,0.9202686096980236,0.9338332357502349,25
ant_bee,caption_noclass,w10,image,f1_ant,0.9158085229086723,0.010941732114988901,0.9112919978739034,0.9203250479434413,25
ant_bee,caption_noclass,w10,image,precision_bee,0.9261927201601756,0.015302372749146755,0.9198762111388836,0.9325092291814676,25
ant_bee,caption_noclass,w10,image,recall_bee,0.903456251675753,0.015174183788468049,0.8971926564567734,0.9097198468947327,25
ant_bee,caption_noclass,w10,image,f1_bee,0.9145647744863049,0.011014727366040113,0.9100181184928059,0.9191114304798039,25
ant_bee,tags,tags,caption,accuracy,0.9577784691056028,0.01260993829782416,0.9525733424025833,0.9629835958086224,25
ant_bee,tags,tags,caption,balanced_accuracy,0.9576728912719981,0.012428895450342186,0.9525424953834808,0.9628032871605153,25
ant_bee,tags,tags,caption,precision_macro,0.9581081202839655,0.0124377233573189,0.952974080414546,0.963242160153385,25
ant_bee,tags,tags,caption,recall_macro,0.9576728912719981,0.012428895450342186,0.9525424953834808,0.9628032871605153,25
ant_bee,tags,tags,caption,f1_macro,0.9576810343787381,0.012615177879819838,0.9524737448825698,0.9628883238749064,25
ant_bee,tags,tags,caption,roc_auc,0.9931779434831677,0.002755230817658359,0.9920406400988641,0.9943152468674713,25
ant_bee,tags,tags,caption,pr_auc,0.9926636682957748,0.003355133696963314,0.9912787371735283,0.9940485994180213,25
ant_bee,tags,tags,caption,log_loss,0.30237656573957233,0.011806406158713515,0.2975031208017793,0.30725001067736535,25
ant_bee,tags,tags,caption,brier,0.07914417422044867,0.004743840059032691,0.07718601328556247,0.08110233515533487,25
ant_bee,tags,tags,caption,mcc,0.9157803162620236,0.024843903037797883,0.9055252571130362,0.926035375411011,25
ant_bee,tags,tags,caption,kappa,0.9153857828182974,0.025203117762437666,0.9049824471186101,0.9257891185179847,25
ant_bee,tags,tags,caption,precision_ant,0.952227185447436,0.02011944697904727,0.9439222859112746,0.9605320849835974,25
ant_bee,tags,tags,caption,recall_ant,0.9657150802733169,0.014777579523838584,0.9596151952485981,0.9718149652980357,25
ant_bee,tags,tags,caption,f1_ant,0.9587689460330303,0.012828215081457506,0.9534737191020553,0.9640641729640054,25
ant_bee,tags,tags,caption,precision_bee,0.963989055120495,0.01463781803616345,0.957946860802453,0.9700312494385371,25
ant_bee,tags,tags,caption,recall_bee,0.9496307022706794,0.020407670035737593,0.9412068301040918,0.9580545744372669,25
ant_bee,tags,tags,caption,f1_bee,0.9565931227244459,0.012648812657684604,0.9513719494743463,0.9618142959745454,25
ant_bee,tags,tags,image,accuracy,0.9577784691056028,0.01260993829782416,0.9525733424025833,0.9629835958086224,25
ant_bee,tags,tags,image,balanced_accuracy,0.9576728912719981,0.012428895450342186,0.9525424953834808,0.9628032871605153,25
ant_bee,tags,tags,image,precision_macro,0.9581081202839655,0.0124377233573189,0.952974080414546,0.963242160153385,25
ant_bee,tags,tags,image,recall_macro,0.9576728912719981,0.012428895450342186,0.9525424953834808,0.9628032871605153,25
ant_bee,tags,tags,image,f1_macro,0.9576810343787381,0.012615177879819838,0.9524737448825698,0.9628883238749064,25
ant_bee,tags,tags,image,roc_auc,0.9931779434831677,0.002755230817658359,0.9920406400988641,0.9943152468674713,25
ant_bee,tags,tags,image,pr_auc,0.9926636682957748,0.003355133696963314,0.9912787371735283,0.9940485994180213,25
ant_bee,tags,tags,image,log_loss,0.30237656573957233,0.011806406158713511,0.2975031208017793,0.30725001067736535,25
ant_bee,tags,tags,image,brier,0.07914417422044867,0.004743840059032691,0.07718601328556247,0.08110233515533487,25
ant_bee,tags,tags,image,mcc,0.9157803162620236,0.024843903037797883,0.9055252571130362,0.926035375411011,25
ant_bee,tags,tags,image,kappa,0.9153857828182974,0.025203117762437666,0.9049824471186101,0.9257891185179847,25
ant_bee,tags,tags,image,precision_ant,0.952227185447436,0.02011944697904727,0.9439222859112746,0.9605320849835974,25
ant_bee,tags,tags,image,recall_ant,0.9657150802733169,0.014777579523838584,0.9596151952485981,0.9718149652980357,25
ant_bee,tags,tags,image,f1_ant,0.9587689460330303,0.012828215081457506,0.9534737191020553,0.9640641729640054,25
ant_bee,tags,tags,image,precision_bee,0.963989055120495,0.01463781803616345,0.957946860802453,0.9700312494385371,25
ant_bee,tags,tags,image,recall_bee,0.9496307022706794,0.020407670035737593,0.9412068301040918,0.9580545744372669,25
ant_bee,tags,tags,image,f1_bee,0.9565931227244459,0.012648812657684604,0.9513719494743463,0.9618142959745454,25
ant_bee,caption_tagsub,w03,caption,accuracy,0.9793706245008077,0.007692652348810331,0.9761952536772449,0.9825459953243705,25
ant_bee,caption_tagsub,w03,caption,balanced_accuracy,0.9795160640666093,0.007567809860893017,0.976392225689295,0.9826399024439236,25
ant_bee,caption_tagsub,w03,caption,precision_macro,0.9792829947275418,0.007824755509926,0.9760530943991363,0.9825128950559472,25
ant_bee,caption_tagsub,w03,caption,recall_macro,0.9795160640666093,0.007567809860893017,0.976392225689295,0.9826399024439236,25
ant_bee,caption_tagsub,w03,caption,f1_macro,0.9793311823075289,0.007715046433762351,0.9761465676600218,0.982515796955036,25
ant_bee,caption_tagsub,w03,caption,roc_auc,0.9959715283996329,0.003508021470846926,0.9945234883060646,0.9974195684932011,25
ant_bee,caption_tagsub,w03,caption,pr_auc,0.9938483169026401,0.00640700376435974,0.9912036357319186,0.9964929980733616,25
ant_bee,caption_tagsub,w03,caption,log_loss,0.11011880585418725,0.013939512015538424,0.10436485809445399,0.1158727536139205,25
ant_bee,caption_tagsub,w03,caption,brier,0.02333292735310155,0.004762417289131153,0.021367098114519506,0.025298756591683597,25
ant_bee,caption_tagsub,w03,caption,mcc,0.958798753385248,0.01537687629822251,0.9524514908104013,0.9651460159600947,25
ant_bee,caption_tagsub,w03,caption,kappa,0.9586656621502699,0.01542772538375582,0.9522974101045247,0.9650339141960151,25
ant_bee,caption_tagsub,w03,caption,precision_ant,0.9842718974731341,0.009091295072549284,0.98051919530842,0.9880245996378483,25
ant_bee,caption_tagsub,w03,caption,recall_ant,0.9752843160042223,0.010820957881973584,0.9708176441226137,0.9797509878858308,25
ant_bee,caption_tagsub,w03,caption,f1_ant,0.9797131967031448,0.0074291670030184245,0.97664658728482,0.9827798061214696,25
ant_bee,caption_tagsub,w03,caption,precision_bee,0.9742940919819492,0.011957855138011786,0.9693581319780494,0.9792300519858489,25
ant_bee,caption_tagsub,w03,caption,recall_bee,0.9837478121289961,0.009306310966001041,0.9799063557656376,0.9875892684923546,25
ant_bee,caption_tagsub,w03,caption,f1_bee,0.9789491679119131,0.008098965668752334,0.9756060791930306,0.9822922566307957,25
ant_bee,caption_tagsub,w03,image,accuracy,0.9839918107463365,0.00872038298995016,0.9803922135643758,0.9875914079282971,25
ant_bee,caption_tagsub,w03,image,balanced_accuracy,0.9840929524746704,0.008574571074474648,0.9805535434932333,0.9876323614561076,25
ant_bee,caption_tagsub,w03,image,precision_macro,0.9839373849515581,0.008880244153874952,0.9802718003243405,0.9876029695787758,25
ant_bee,caption_tagsub,w03,image,recall_macro,0.9840929524746704,0.008574571074474648,0.9805535434932333,0.9876323614561076,25
ant_bee,caption_tagsub,w03,image,f1_macro,0.9839603996891362,0.008742704081495776,0.9803515888134284,0.9875692105648439,25
ant_bee,caption_tagsub,w03,image,roc_auc,0.9971159220888433,0.0033135681979726654,0.9957481483613129,0.9984836958163736,25
ant_bee,caption_tagsub,w03,image,pr_auc,0.995116486752893,0.006500674676983513,0.9924331401298054,0.9977998333759805,25
ant_bee,caption_tagsub,w03,image,log_loss,0.1062722948489917,0.013127817311895478,0.10085339819552439,0.11169119150245901,25
ant_bee,caption_tagsub,w03,image,brier,0.020839394279023413,0.004599828151586723,0.018940678537864228,0.022738110020182598,25
ant_bee,caption_tagsub,w03,image,mcc,0.9680300997106426,0.0174446369273106,0.9608293074981626,0.9752308919231225,25
ant_bee,caption_tagsub,w03,image,kappa,0.96792294297924,0.01748363725695279,0.9607060522219097,0.9751398337365702,25
ant_bee,caption_tagsub,w03,image,precision_ant,0.9875665527265025,0.009596186754281625,0.9836054415186474,0.9915276639343577,25
ant_bee,caption_tagsub,w03,image,recall_ant,0.9811515866971001,0.011609630424389722,0.976359366790314,0.9859438066038863,25
ant_bee,caption_tagsub,w03,image,f1_ant,0.9843065261337369,0.008410641760675585,0.9808347838472915,0.9877782684201823,25
ant_bee,caption_tagsub,w03,image,precision_bee,0.9803082171766136,0.01273134673808626,0.9750529755325489,0.9855634588206784,25
ant_bee,caption_tagsub,w03,image,recall_bee,0.9870343182522405,0.009825749734621147,0.9829784481034002,0.9910901884010809,25
ant_bee,caption_tagsub,w03,image,f1_bee,0.9836142732445354,0.009128127006231026,0.9798463676048318,0.9873821788842391,25
ant_bee,caption_tagsub,w05,caption,accuracy,0.9819125070613544,0.007492578945763409,0.9788197224795453,0.9850052916431634,25
ant_bee,caption_tagsub,w05,caption,balanced_accuracy,0.9820420861335301,0.007347894315032526,0.979009024431972,0.9850751478350881,25
ant_bee,caption_tagsub,w05,caption,precision_macro,0.9818497436694367,0.007612068840910376,0.978707636083083,0.9849918512557904,25
ant_bee,caption_tagsub,w05,caption,recall_macro,0.9820420861335301,0.007347894315032526,0.979009024431972,0.9850751478350881,25
ant_bee,caption_tagsub,w05,caption,f1_macro,0.981877071831837,0.007513251797414119,0.9787757539162706,0.9849783897474035,25
ant_bee,caption_tagsub,w05,caption,roc_auc,0.9960258935025144,0.0032843542306086487,0.9946701787080283,0.9973816082970004,25
ant_bee,caption_tagsub,w05,caption,pr_auc,0.9933748208922266,0.007548803628285222,0.9902588279021406,0.9964908138823126,25
ant_bee,caption_tagsub,w05,caption,log_loss,0.14109532407873654,0.012028564045109602,0.1361301768725061,0.146060471284967,25
ant_bee,caption_tagsub,w05,caption,brier,0.028451855882389628,0.004436594175676821,0.026620519814848295,0.03028319194993096,25
ant_bee,caption_tagsub,w05,caption,mcc,0.9638915542554546,0.014945444880418513,0.9577223778171372,0.970060730693772,25
ant_bee,caption_tagsub,w05,caption,kappa,0.9637572985182179,0.015023557639891563,0.9575558787175164,0.9699587183189194,25
ant_bee,caption_tagsub,w05,caption,precision_ant,0.9870279014234739,0.008832521697321781,0.9833820156581438,0.990673787188804,25
ant_bee,caption_tagsub,w05,caption,recall_ant,0.9775804681664089,0.010548768868405162,0.9732261503875193,0.9819347859452985,25
ant_bee,caption_tagsub,w05,caption,f1_ant,0.9822388870249462,0.0072000886976797155,0.9792668364835991,0.9852109375662933,25
ant_bee,caption_tagsub,w05,caption,precision_bee,0.9766715859153995,0.01161751112079112,0.9718761130170198,0.9814670588137792,25
ant_bee,caption_tagsub,w05,caption,recall_bee,0.986503704100651,0.009242748409561494,0.9826884850710543,0.9903189231302477,25
ant_bee,caption_tagsub,w05,caption,f1_bee,0.9815152566387276,0.007901532465885742,0.9782536643405279,0.9847768489369274,25
ant_bee,caption_tagsub,w05,image,accuracy,0.9852344601544604,0.007488939143584971,0.9821431780091474,0.9883257422997733,25
ant_bee,caption_tagsub,w05,image,balanced_accuracy,0.9853020192033148,0.0074047415951665994,0.9822454920978165,0.9883585463088131,25
ant_bee,caption_tagsub,w05,image,precision_macro,0.9852146846274059,0.007582251343836124,0.9820848850989168,0.988344484155895,25
ant_bee,caption_tagsub,w05,image,recall_macro,0.9853020192033148,0.0074047415951665994,0.9822454920978165,0.9883585463088131,25
ant_bee,caption_tagsub,w05,image,f1_macro,0.9852033002389367,0.007508593456779348,0.9821039051918774,0.9883026952859959,25
ant_bee,caption_tagsub,w05,image,roc_auc,0.9968981791920085,0.00280086496806239,0.9957420389562288,0.9980543194277882,25
ant_bee,caption_tagsub,w05,image,pr_auc,0.9961508297344444,0.0038877052388254446,0.9945460638843553,0.9977555955845334,25
ant_bee,caption_tagsub,w05,image,log_loss,0.13857907338763983,0.011081935415148474,0.1340046752749639,0.14315347150031577,25
ant_bee,caption_tagsub,w05,image,brier,0.026728729422903264,0.00428395120596338,0.024960401276488773,0.028497057569317755,25
ant_bee,caption_tagsub,w05,image,mcc,0.9705164795817374,0.014973365131872023,0.964335778230057,0.9766971809334177,25
ant_bee,caption_tagsub,w05,image,kappa,0.9704085830159223,0.01501568432053303,0.9642104131617205,0.976606752870124,25
ant_bee,caption_tagsub,w05,image,precision_ant,0.9896885177059539,0.009219793294533195,0.985882774082135,0.9934942613297728,25
ant_bee,caption_tagsub,w05,image,recall_ant,0.9814393397082788,0.009621657307739609,0.9774677147726945,0.9854109646438631,25
ant_bee,caption_tagsub,w05,image,f1_ant,0.9855112003903185,0.0072659371614603036,0.9825119689390349,0.988510431841602,25
ant_bee,caption_tagsub,w05,image,precision_bee,0.9807408515488578,0.010362544314754845,0.9764634034876519,0.9850182996100637,25
ant_bee,caption_tagsub,w05,image,recall_bee,0.9891646986983507,0.009708971809696067,0.985157032107767,0.9931723652889344,25
ant_bee,caption_tagsub,w05,image,f1_bee,0.9848954000875548,0.0078117813187008585,0.981670855242071,0.9881199449330387,25
ant_bee,caption_tagsub,w07,caption,accuracy,0.9755663230302309,0.007132193575503183,0.9726222982178843,0.9785103478425776,25
ant_bee,caption_tagsub,w07,caption,balanced_accuracy,0.9755359169581419,0.007249604522164322,0.9725434272890086,0.9785284066272752,25
ant_bee,caption_tagsub,w07,caption,precision_macro,0.9755733241973604,0.007093832529066058,0.9726451340467265,0.9785015143479944,25
ant_bee,caption_tagsub,w07,caption,recall_macro,0.9755359169581419,0.007249604522164322,0.9725434272890086,0.9785284066272752,25
ant_bee,caption_tagsub,w07,caption,f1_macro,0.9755099173155017,0.007175636113307944,0.9725479603048973,0.9784718743261062,25
ant_bee,caption_tagsub,w07,caption,roc_auc,0.9952564205337766,0.00348019341617527,0.9938198672966103,0.9966929737709429,25
ant_bee,caption_tagsub,w07,caption,pr_auc,0.993781747220292,0.005528946184417608,0.9914995104048243,0.9960639840357597,25
ant_bee,caption_tagsub,w07,caption,log_loss,0.16554413052821398,0.010686400247026672,0.16113300130845004,0.16995525974797793,25
ant_bee,caption_tagsub,w07,caption,brier,0.03520640603915588,0.004229676645848622,0.03346048133005216,0.036952330748259606,25
ant_bee,caption_tagsub,w07,caption,mcc,0.9511090296352032,0.014330067568619953,0.9451938684666218,0.9570241908037845,25
ant_bee,caption_tagsub,w07,caption,kappa,0.9510222280451471,0.014349980769569606,0.9450988471112062,0.9569456089790881,25
ant_bee,caption_tagsub,w07,caption,precision_ant,0.9757387833894482,0.009707161561229227,0.9717318640327058,0.9797457027461905,25
ant_bee,caption_tagsub,w07,caption,recall_ant,0.9765266122801199,0.008946814004758542,0.972833548969005,0.9802196755912349,25
ant_bee,caption_tagsub,w07,caption,f1_ant,0.9760904001378385,0.006666377156723163,0.9733386548928323,0.9788421453828448,25
ant_bee,caption_tagsub,w07,caption,precision_bee,0.9754078650052728,0.009796247999944326,0.9713641725739854,0.9794515574365601,25
ant_bee,caption_tagsub,w07,caption,recall_bee,0.9745452216361639,0.011015503684243751,0.96999824519426,0.9790921980780677,25
ant_bee,caption_tagsub,w07,caption,f1_bee,0.9749294344931652,0.00783216672253902,0.9716964749665493,0.978162394019781,25
ant_bee,caption_tagsub,w07,image,accuracy,0.9798420243800317,0.008165237679695425,0.9764715799195368,0.9832124688405265,25
ant_bee,caption_tagsub,w07,image,balanced_accuracy,0.9798076231332168,0.008363473971608,0.9763553507531737,0.9832598955132599,25
ant_bee,caption_tagsub,w07,image,precision_macro,0.9798691997188831,0.008042891652754921,0.9765492572161929,0.9831891422215733,25
ant_bee,caption_tagsub,w07,image,recall_macro,0.9798076231332168,0.008363473971608,0.9763553507531737,0.9832598955132599,25
ant_bee,caption_tagsub,w07,image,f1_macro,0.9797906799825732,0.008218815623355554,0.9763981196339073,0.983183240331239,25
ant_bee,caption_tagsub,w07,image,roc_auc,0.996232379979912,0.0034593930925836524,0.9948044126943342,0.9976603472654898,25
ant_bee,caption_tagsub,w07,image,pr_auc,0.9945440566550358,0.006125551243819532,0.9920155533747762,0.9970725599352953,25
ant_bee,caption_tagsub,w07,image,log_loss,0.1629914502520062,0.010328035490979378,0.1587282467331511,0.1672546537708613,25
ant_bee,caption_tagsub,w07,image,brier,0.03297105518743876,0.0040693272533653775,0.031291319454435855,0.03465079092044166,25
ant_bee,caption_tagsub,w07,image,mcc,0.9596764781369542,0.016389747130179145,0.9529111230314695,0.9664418332424389,25
ant_bee,caption_tagsub,w07,image,kappa,0.9595837229031227,0.016434662617180844,0.9527998275958344,0.966367618210411,25
ant_bee,caption_tagsub,w07,image,precision_ant,0.9792988908358811,0.011400369229730159,0.9745930497048274,0.9840047319669347,25
ant_bee,caption_tagsub,w07,image,recall_ant,0.9814273285869362,0.008589787543261167,0.9778816385558907,0.9849730186179816,25
ant_bee,caption_tagsub,w07,image,f1_ant,0.9803191250655542,0.007647537010654191,0.9771623769382969,0.9834758731928115,25
ant_bee,caption_tagsub,w07,image,precision_bee,0.9804395086018851,0.009498693853146578,0.9765186404857142,0.984360376718056,25
ant_bee,caption_tagsub,w07,image,recall_bee,0.9781879176794974,0.01298126515699578,0.9728295147823703,0.9835463205766245,25
ant_bee,caption_tagsub,w07,image,f1_bee,0.9792622348995921,0.0088925669374258,0.9755915636773252,0.9829329061218589,25
ant_bee,caption_tagsub,w10,caption,accuracy,0.9577857914417784,0.007860180895991156,0.954541268232704,0.9610303146508529,25
ant_bee,caption_tagsub,w10,caption,balanced_accuracy,0.9576135770323213,0.008029858415524295,0.9542990143855459,0.9609281396790967,25
ant_bee,caption_tagsub,w10,caption,precision_macro,0.9580589128266334,0.007809111686957625,0.9548354699509725,0.9612823557022943,25
ant_bee,caption_tagsub,w10,caption,recall_macro,0.9576135770323213,0.008029858415524295,0.9542990143855459,0.9609281396790967,25
ant_bee,caption_tagsub,w10,caption,f1_macro,0.9576770437168978,0.007917572394602945,0.9544088304615365,0.9609452569722591,25
ant_bee,caption_tagsub,w10,caption,roc_auc,0.9914899277946465,0.004619955690593307,0.9895829038137264,0.9933969517755666,25
ant_bee,caption_tagsub,w10,caption,pr_auc,0.9888655543288504,0.008683198246565932,0.9852813062545667,0.9924498024031341,25
ant_bee,caption_tagsub,w10,caption,log_loss,0.21458698519858074,0.011317243421270023,0.20991545671483006,0.21925851368233143,25
ant_bee,caption_tagsub,w10,caption,brier,0.050950953507890445,0.004227191958192693,0.04920605442744255,0.05269585258833834,25
ant_bee,caption_tagsub,w10,caption,mcc,0.9156713629083083,0.015780549812633403,0.9091574720963096,0.922185253720307,25
ant_bee,caption_tagsub,w10,caption,kappa,0.9153685577541653,0.0158306604472314,0.9088339822888327,0.9219031332194978,25
ant_bee,caption_tagsub,w10,caption,precision_ant,0.9523658907710016,0.012130089436512843,0.947358835942914,0.9573729455990893,25
ant_bee,caption_tagsub,w10,caption,recall_ant,0.965654900398775,0.013098295911267668,0.9602481895805662,0.9710616112169838,25
ant_bee,caption_tagsub,w10,caption,f1_ant,0.958863549253796,0.007675992313910363,0.9556950553546465,0.9620320431529455,25
ant_bee,caption_tagsub,w10,caption,precision_bee,0.963751934882265,0.013765307912769746,0.9580698950419585,0.9694339747225714,25
ant_bee,caption_tagsub,w10,caption,recall_bee,0.9495722536658677,0.013904285117808966,0.9438328468548454,0.9553116604768901,25
ant_bee,caption_tagsub,w10,caption,f1_bee,0.9564905381799995,0.008604799064880183,0.9529386516973787,0.9600424246626204,25
ant_bee,caption_tagsub,w10,image,accuracy,0.964570664779374,0.00985032621470944,0.9605046499581529,0.9686366796005952,25
ant_bee,caption_tagsub,w10,image,balanced_accuracy,0.9643846869693397,0.010030527992932992,0.9602442885099428,0.9685250854287365,25
ant_bee,caption_tagsub,w10,image,precision_macro,0.9650140846879157,0.009638904646672298,0.9610353404007284,0.9689928289751031,25
ant_bee,caption_tagsub,w10,image,recall_macro,0.9643846869693397,0.010030527992932992,0.9602442885099428,0.9685250854287365,25
ant_bee,caption_tagsub,w10,image,f1_macro,0.9644726061905672,0.009898452472434434,0.9603867258265271,0.9685584865546073,25
ant_bee,caption_tagsub,w10,image,roc_auc,0.9938214457103456,0.004472902743349815,0.9919751222026852,0.9956677692180059,25
ant_bee,caption_tagsub,w10,image,pr_auc,0.9910039843803865,0.0095833743126476,0.9870481618885032,0.9949598068722698,25
ant_bee,caption_tagsub,w10,image,log_loss,0.21107060973727104,0.01095777134066385,0.20654746403554206,0.21559375543900003,25
ant_bee,caption_tagsub,w10,image,brier,0.04819450010611745,0.004177841733258181,0.04646997179732123,0.04991902841491367,25
ant_bee,caption_tagsub,w10,image,mcc,0.9293971016921094,0.01960414929580114,0.9213049065854004,0.9374892967988184,25
ant_bee,caption_tagsub,w10,image,kappa,0.9289638407922125,0.019785064949802894,0.9207969673738895,0.9371307142105355,25
ant_bee,caption_tagsub,w10,image,precision_ant,0.9569505337451691,0.01643827487629527,0.9501651473706028,0.9637359201197355,25
ant_bee,caption_tagsub,w10,image,recall_ant,0.9745821565791766,0.013189763797798085,0.9691376896730788,0.9800266234852744,25
ant_bee,caption_tagsub,w10,image,f1_ant,0.9655569051570897,0.009726976969854419,0.9615418064016754,0.969572003912504,25
ant_bee,caption_tagsub,w10,image,precision_bee,0.9730776356306626,0.013589802261367372,0.9674680409626536,0.9786872302986717,25
ant_bee,caption_tagsub,w10,image,recall_bee,0.9541872173595027,0.018064504014930847,0.9467305565889148,0.9616438781300907,25
ant_bee,caption_tagsub,w10,image,f1_bee,0.9633883072240447,0.010350195065431684,0.9591159566824219,0.9676606577656675,25
ant_bee,caption_noclass_tagsub,w03,caption,accuracy,0.8573484508611561,0.01595550610556879,0.8507623416408899,0.8639345600814222,25
ant_bee,caption_noclass_tagsub,w03,caption,balanced_accuracy,0.8566971505840655,0.01583089670044723,0.8501624775981985,0.8632318235699324,25
ant_bee,caption_noclass_tagsub,w03,caption,precision_macro,0.8581644039663848,0.016329031011155723,0.8514241112430441,0.8649046966897256,25
ant_bee,caption_noclass_tagsub,w03,caption,recall_macro,0.8566971505840655,0.01583089670044723,0.8501624775981985,0.8632318235699324,25
ant_bee,caption_noclass_tagsub,w03,caption,f1_macro,0.8568615966275295,0.015935969882212936,0.8502835515639201,0.8634396416911388,25
ant_bee,caption_noclass_tagsub,w03,caption,roc_auc,0.9284315872695892,0.010006540885117926,0.9243010902016559,0.9325620843375225,25
ant_bee,caption_noclass_tagsub,w03,caption,pr_auc,0.9294877250961946,0.012840179493618426,0.9241875594986096,0.9347878906937795,25
ant_bee,caption_noclass_tagsub,w03,caption,log_loss,0.3498904421278569,0.01750055754508564,0.3426665670188588,0.35711431723685505,25
ant_bee,caption_noclass_tagsub,w03,caption,brier,0.10584859383136036,0.0070651549721964845,0.10293224119440128,0.10876494646831944,25
ant_bee,caption_noclass_tagsub,w03,caption,mcc,0.7148579712454288,0.03211342097775545,0.7016022025724399,0.7281137399184178,25
ant_bee,caption_noclass_tagsub,w03,caption,kappa,0.7139073282588122,0.03189523097389732,0.7007416239928481,0.7270730325247763,25
ant_bee,caption_noclass_tagsub,w03,caption,precision_ant,0.8494632903093656,0.01923490294055729,0.8415235126069515,0.8574030680117798,25
ant_bee,caption_noclass_tagsub,w03,caption,recall_ant,0.8754204505793014,0.02896730591281701,0.863463334377761,0.8873775667808418,25
ant_bee,caption_noclass_tagsub,w03,caption,f1_ant,0.8619220636673974,0.017488536802416712,0.8547031504771001,0.8691409768576948,25
ant_bee,caption_noclass_tagsub,w03,caption,precision_bee,0.866865517623404,0.025864212831496168,0.8561892952912908,0.8775417399555172,25
ant_bee,caption_noclass_tagsub,w03,caption,recall_bee,0.8379738505888297,0.024245424491032123,0.8279658312422092,0.8479818699354501,25
ant_bee,caption_noclass_tagsub,w03,caption,f1_bee,0.8518011295876612,0.017133984807854278,0.8447285682676838,0.8588736909076385,25
ant_bee,caption_noclass_tagsub,w03,image,accuracy,0.8664661626026529,0.01622062655669864,0.8597706170388377,0.873161708166468,25
ant_bee,caption_noclass_tagsub,w03,image,balanced_accuracy,0.8659871859862298,0.01617881353044824,0.8593088999913617,0.8726654719810979,25
ant_bee,caption_noclass_tagsub,w03,image,precision_macro,0.8668958887750519,0.016399034699293796,0.8601266999494598,0.8736650776006439,25
ant_bee,caption_noclass_tagsub,w03,image,recall_macro,0.8659871859862298,0.01617881353044824,0.8593088999913617,0.8726654719810979,25
ant_bee,caption_noclass_tagsub,w03,image,f1_macro,0.8660803746375757,0.01622347512474834,0.8593836532426605,0.8727770960324909,25
ant_bee,caption_noclass_tagsub,w03,image,roc_auc,0.940032395503327,0.010105449141199319,0.9358610711139017,0.9442037198927522,25
ant_bee,caption_noclass_tagsub,w03,image,pr_auc,0.940002557517212,0.015207838881565893,0.9337250701585851,0.9462800448758388,25
ant_bee,caption_noclass_tagsub,w03,image,log_loss,0.33750506097876193,0.01692292787429814,0.3305196196791022,0.34449050227842165,25
ant_bee,caption_noclass_tagsub,w03,image,brier,0.09990719379525975,0.007159596505225075,0.09695185760946554,0.10286252998105397,25
ant_bee,caption_noclass_tagsub,w03,image,mcc,0.732881434602763,0.032552980647185675,0.7194442246158768,0.7463186445896492,25
ant_bee,caption_noclass_tagsub,w03,image,kappa,0.7322698695511184,0.03245455173203387,0.718873289023513,0.7456664500787238,25
ant_bee,caption_noclass_tagsub,w03,image,precision_ant,0.8636872187880152,0.0191650862423778,0.8557762600021911,0.8715981775738394,25
ant_bee,caption_noclass_tagsub,w03,image,recall_ant,0.8764708334835933,0.028371814565589307,0.864759524029054,0.8881821429381327,25
ant_bee,caption_noclass_tagsub,w03,image,f1_ant,0.8697373189276242,0.017795106690593337,0.8623918599070777,0.8770827779481707,25
ant_bee,caption_noclass_tagsub,w03,image,precision_bee,0.8701045587620885,0.024916051066611603,0.8598197183705225,0.8803893991536544,25
ant_bee,caption_noclass_tagsub,w03,image,recall_bee,0.8555035384888661,0.023148830084037963,0.8459481710661025,0.8650589059116296,25
ant_bee,caption_noclass_tagsub,w03,image,f1_bee,0.8624234303475271,0.017023389921793124,0.8553965203528028,0.8694503403422514,25
ant_bee,caption_noclass_tagsub,w05,caption,accuracy,0.8623965092766787,0.014125429688039504,0.8565658184735742,0.8682272000797832,25
ant_bee,caption_noclass_tagsub,w05,caption,balanced_accuracy,0.8621377258905351,0.014014505622946673,0.8563528222911095,0.8679226294899606,25
ant_bee,caption_noclass_tagsub,w05,caption,precision_macro,0.8627307748407455,0.01405327399199516,0.8569298684450968,0.8685316812363941,25
ant_bee,caption_noclass_tagsub,w05,caption,recall_macro,0.8621377258905351,0.014014505622946673,0.8563528222911095,0.8679226294899606,25
ant_bee,caption_noclass_tagsub,w05,caption,f1_macro,0.8620563408271,0.014162308164997042,0.856210427336886,0.867902254317314,25
ant_bee,caption_noclass_tagsub,w05,caption,roc_auc,0.9233766970991484,0.011784643155111584,0.9185122354877215,0.9282411587105752,25
ant_bee,caption_noclass_tagsub,w05,caption,pr_auc,0.9081249149171058,0.02026662923505751,0.8997592615316491,0.9164905683025625,25
ant_bee,caption_noclass_tagsub,w05,caption,log_loss,0.3727564167440251,0.01686648647843336,0.3657942733075137,0.3797185601805365,25
ant_bee,caption_noclass_tagsub,w05,caption,brier,0.1114469515485664,0.006853214227914519,0.1086180837510621,0.1142758193460707,25
ant_bee,caption_noclass_tagsub,w05,caption,mcc,0.7248670908663215,0.02803619562891847,0.7132943180999122,0.7364398636327308,25
ant_bee,caption_noclass_tagsub,w05,caption,kappa,0.7242385795413662,0.028267813579968742,0.7125701995837529,0.7359069594989794,25
ant_bee,caption_noclass_tagsub,w05,caption,precision_ant,0.8677173077577645,0.019538349441854643,0.8596522734958385,0.8757823420196904,25
ant_bee,caption_noclass_tagsub,w05,caption,recall_ant,0.8618755174828239,0.026327126574961977,0.8510082137488513,0.8727428212167965,25
ant_bee,caption_noclass_tagsub,w05,caption,f1_ant,0.8644242648200894,0.014796982860654439,0.8583163704915815,0.8705321591485973,25
ant_bee,caption_noclass_tagsub,w05,caption,precision_bee,0.8577442419237264,0.023097284278113233,0.8482101515639041,0.8672783322835488,25
ant_bee,caption_noclass_tagsub,w05,caption,recall_bee,0.8623999342982464,0.025904851412739936,0.851706937184258,0.8730929314122347,25
ant_bee,caption_noclass_tagsub,w05,caption,f1_bee,0.8596884168341109,0.01641577531557943,0.8529123178217443,0.8664645158464775,25
ant_bee,caption_noclass_tagsub,w05,image,accuracy,0.8617919919383016,0.015924012746545004,0.8552188825377135,0.8683651013388897,25
ant_bee,caption_noclass_tagsub,w05,image,balanced_accuracy,0.8615671759211763,0.01570316842377102,0.8550852265766116,0.868049125265741,25
ant_bee,caption_noclass_tagsub,w05,image,precision_macro,0.8622993004547106,0.015794714329457376,0.8557795628175321,0.8688190380918891,25
ant_bee,caption_noclass_tagsub,w05,image,recall_macro,0.8615671759211763,0.01570316842377102,0.8550852265766116,0.868049125265741,25
ant_bee,caption_noclass_tagsub,w05,image,f1_macro,0.8614422880807402,0.015965844599423486,0.8548519113399549,0.8680326648215255,25
ant_bee,caption_noclass_tagsub,w05,image,roc_auc,0.9340307219753763,0.01135789835138864,0.9293424119612667,0.9387190319894859,25
ant_bee,caption_noclass_tagsub,w05,image,pr_auc,0.9236004689700998,0.021402298206681946,0.9147660344732389,0.9324349034669608,25
ant_bee,caption_noclass_tagsub,w05,image,log_loss,0.36390105349573676,0.015656207559935967,0.35743848864303646,0.37036361834843706,25
ant_bee,caption_noclass_tagsub,w05,image,brier,0.10731457189459695,0.006710637675774295,0.10454455680526947,0.11008458698392443,25
ant_bee,caption_noclass_tagsub,w05,image,mcc,0.7238643364354108,0.031456907234926425,0.7108795633163246,0.736849109554497,25
ant_bee,caption_noclass_tagsub,w05,image,kappa,0.7230518558808253,0.031836297129328804,0.7099104783102685,0.7361932334513821,25
ant_bee,caption_noclass_tagsub,w05,image,precision_ant,0.870210569632625,0.02075873926291584,0.8616417832114364,0.8787793560538136,25
ant_bee,caption_noclass_tagsub,w05,image,recall_ant,0.8572479351040537,0.03002661917087256,0.8448535558805904,0.869642314327517,25
ant_bee,caption_noclass_tagsub,w05,image,f1_ant,0.8632445312914571,0.01693107188497658,0.8562557283094123,0.8702333342735018,25
ant_bee,caption_noclass_tagsub,w05,image,precision_bee,0.8543880312767965,0.025808785330605523,0.8437346882925559,0.8650413742610371,25
ant_bee,caption_noclass_tagsub,w05,image,recall_bee,0.865886416738299,0.02776430137446002,0.854425876404028,0.87734695707257,25
ant_bee,caption_noclass_tagsub,w05,image,f1_bee,0.8596400448700234,0.01785674757055041,0.8522691417447807,0.8670109479952661,25
ant_bee,caption_noclass_tagsub,w07,caption,accuracy,0.8719903119584937,0.015763425166848127,0.865483489852856,0.8784971340641315,25
ant_bee,caption_noclass_tagsub,w07,caption,balanced_accuracy,0.8718057763606586,0.015519236751287102,0.8653997502789493,0.8782118024423679,25
ant_bee,caption_noclass_tagsub,w07,caption,precision_macro,0.8723439629082266,0.015592307408486463,0.8659077747416591,0.878780151074794,25
ant_bee,caption_noclass_tagsub,w07,caption,recall_macro,0.8718057763606586,0.015519236751287102,0.8653997502789493,0.8782118024423679,25
ant_bee,caption_noclass_tagsub,w07,caption,f1_macro,0.8716903236884116,0.015761432824801826,0.8651843239811505,0.8781963233956727,25
ant_bee,caption_noclass_tagsub,w07,caption,roc_auc,0.9405031792984258,0.00984426833767954,0.9364396650459423,0.9445666935509092,25
ant_bee,caption_noclass_tagsub,w07,caption,pr_auc,0.9326796070370991,0.013759870510027604,0.9269998116463323,0.9383594024278659,25
ant_bee,caption_noclass_tagsub,w07,caption,log_loss,0.34911162615646135,0.015024295574449696,0.34290990175134517,0.35531335056157753,25
ant_bee,caption_noclass_tagsub,w07,caption,brier,0.10254207650414518,0.006591060224171947,0.09982142056089074,0.10526273244739962,25
ant_bee,caption_noclass_tagsub,w07,caption,mcc,0.7441486126056053,0.03108868479876637,0.7313158342377891,0.7569813909734214,25
ant_bee,caption_noclass_tagsub,w07,caption,kappa,0.7435023926790691,0.03144475977530873,0.7305226337848695,0.7564821515732688,25
ant_bee,caption_noclass_tagsub,w07,caption,precision_ant,0.874847779652601,0.021805497598862772,0.8658469126266257,0.8838486466785762,25
ant_bee,caption_noclass_tagsub,w07,caption,recall_ant,0.8742871411309077,0.02730130085869198,0.863017718016342,0.8855565642454734,25
ant_bee,caption_noclass_tagsub,w07,caption,f1_ant,0.8741939162186848,0.016760372334166353,0.8672755745481175,0.8811122578892521,25
ant_bee,caption_noclass_tagsub,w07,caption,precision_bee,0.8698401461638526,0.024574982423431115,0.8596960919887019,0.8799842003390034,25
ant_bee,caption_noclass_tagsub,w07,caption,recall_bee,0.8693244115904096,0.02566160997348107,0.8587318196077443,0.879917003573075,25
ant_bee,caption_noclass_tagsub,w07,caption,f1_bee,0.8691867311581385,0.016827558201667328,0.8622406565245119,0.8761328057917651,25
ant_bee,caption_noclass_tagsub,w07,image,accuracy,0.8742854424916487,0.016864182461293883,0.8673242501066694,0.8812466348766281,25
ant_bee,caption_noclass_tagsub,w07,image,balanced_accuracy,0.8741643806520039,0.01656257739958684,0.8673276847176319,0.8810010765863758,25
ant_bee,caption_noclass_tagsub,w07,image,precision_macro,0.8747427098816606,0.01682852283354404,0.8677962370675654,0.8816891826957558,25
ant_bee,caption_noclass_tagsub,w07,image,recall_macro,0.8741643806520039,0.01656257739958684,0.8673276847176319,0.8810010765863758,25
ant_bee,caption_noclass_tagsub,w07,image,f1_macro,0.874001957536999,0.01682104580691322,0.8670585710878056,0.8809453439861925,25
ant_bee,caption_noclass_tagsub,w07,image,roc_auc,0.951149029113412,0.009552787984576067,0.9472058320372312,0.9550922261895929,25
ant_bee,caption_noclass_tagsub,w07,image,pr_auc,0.9497539419597892,0.01128915025811902,0.9450940097638424,0.9544138741557361,25
ant_bee,caption_noclass_tagsub,w07,image,log_loss,0.3402753928836745,0.014114443187061763,0.334449237085283,0.34610154868206594,25
ant_bee,caption_noclass_tagsub,w07,image,brier,0.0979273820033157,0.006463916951561235,0.09525920822355366,0.10059555578307774,25
ant_bee,caption_noclass_tagsub,w07,image,mcc,0.7489060468567179,0.03337195355700932,0.7351307814677122,0.7626813122457237,25
ant_bee,caption_noclass_tagsub,w07,image,kappa,0.7481399362657288,0.03358553275001218,0.7342765097188766,0.7620033628125811,25
ant_bee,caption_noclass_tagsub,w07,image,precision_ant,0.8807350964553753,0.02452268323614411,0.8706126303237078,0.8908575625870427,25
ant_bee,caption_noclass_tagsub,w07,image,recall_ant,0.8719183982469845,0.028234200491948948,0.8602638930901744,0.8835729034037946,25
ant_bee,caption_noclass_tagsub,w07,image,f1_ant,0.8758767491375887,0.01782205582965938,0.868520166059171,0.8832333322160064,25
ant_bee,caption_noclass_tagsub,w07,image,precision_bee,0.868750323307946,0.024828356492500273,0.8585016814574542,0.8789989651584378,25
ant_bee,caption_noclass_tagsub,w07,image,recall_bee,0.8764103630570227,0.02819553676080707,0.8647718175040308,0.8880489086100146,25
ant_bee,caption_noclass_tagsub,w07,image,f1_bee,0.8721271659364094,0.017720765065737682,0.8648123936303845,0.8794419382424342,25
ant_bee,caption_noclass_tagsub,w10,caption,accuracy,0.8865925115730249,0.012713114165424666,0.8813447959650583,0.8918402271809914,25
ant_bee,caption_noclass_tagsub,w10,caption,balanced_accuracy,0.8861435956787546,0.012825942301336117,0.8808493069053043,0.8914378844522048,25
ant_bee,caption_noclass_tagsub,w10,caption,precision_macro,0.8874048688966514,0.01240333129800405,0.882285025371582,0.8925247124217207,25
ant_bee,caption_noclass_tagsub,w10,caption,recall_macro,0.8861435956787546,0.012825942301336117,0.8808493069053043,0.8914378844522048,25
ant_bee,caption_noclass_tagsub,w10,caption,f1_macro,0.8862282166374176,0.012834643677285588,0.880930336112506,0.8915260971623291,25
ant_bee,caption_noclass_tagsub,w10,caption,roc_auc,0.9562994155156275,0.008675571837256625,0.9527183154683846,0.9598805155628704,25
ant_bee,caption_noclass_tagsub,w10,caption,pr_auc,0.955406105014594,0.010026613075628032,0.9512673225536361,0.9595448874755519,25
ant_bee,caption_noclass_tagsub,w10,caption,log_loss,0.32797543795147666,0.01366906023714756,0.3223331271990255,0.3336177487039278,25
ant_bee,caption_noclass_tagsub,w10,caption,brier,0.0938240833489057,0.005860443825139278,0.09140501103266434,0.09624315566514706,25
ant_bee,caption_noclass_tagsub,w10,caption,mcc,0.7735438858130262,0.02512410591401765,0.7631731646014001,0.7839146070246524,25
ant_bee,caption_noclass_tagsub,w10,caption,kappa,0.7726042463163665,0.025584855182311933,0.7620433371543195,0.7831651554784135,25
ant_bee,caption_noclass_tagsub,w10,caption,precision_ant,0.8825546962494626,0.021632064141658337,0.8736254190360598,0.8914839734628653,25
ant_bee,caption_noclass_tagsub,w10,caption,recall_ant,0.8978257237596026,0.024912974432748022,0.8875421533400777,0.9081092941791274,25
ant_bee,caption_noclass_tagsub,w10,caption,f1_ant,0.8896983210457096,0.012421934611057199,0.8845707984504299,0.8948258436409893,25
ant_bee,caption_noclass_tagsub,w10,caption,precision_bee,0.8922550415438398,0.022907374717099128,0.8827993419979808,0.9017107410896988,25
ant_bee,caption_noclass_tagsub,w10,caption,recall_bee,0.8744614675979067,0.02932239943302142,0.8623577759952477,0.8865651592005657,25
ant_bee,caption_noclass_tagsub,w10,caption,f1_bee,0.8827581122291259,0.01548504486764902,0.8763661998633087,0.8891500245949432,25
ant_bee,caption_noclass_tagsub,w10,image,accuracy,0.8909223677045568,0.014066170500120595,0.8851161378919941,0.8967285975171195,25
ant_bee,caption_noclass_tagsub,w10,image,balanced_accuracy,0.8906021260142291,0.014171677358951728,0.8847523451108297,0.8964519069176284,25
ant_bee,caption_noclass_tagsub,w10,image,precision_macro,0.8916734649281233,0.01386183335619406,0.885951581343048,0.8973953485131986,25
ant_bee,caption_noclass_tagsub,w10,image,recall_macro,0.8906021260142291,0.014171677358951728,0.8847523451108297,0.8964519069176284,25
ant_bee,caption_noclass_tagsub,w10,image,f1_macro,0.8906025461747689,0.014150012552267324,0.8847617080640403,0.8964433842854974,25
ant_bee,caption_noclass_tagsub,w10,image,roc_auc,0.9645196352294099,0.008291478667282097,0.9610970810503753,0.9679421894084445,25
ant_bee,caption_noclass_tagsub,w10,image,pr_auc,0.9658426012375849,0.009014238417117258,0.9621217064969328,0.969563495978237,25
ant_bee,caption_noclass_tagsub,w10,image,log_loss,0.321707364382439,0.013281854052823923,0.3162248844873637,0.32718984427751435,25
ant_bee,caption_noclass_tagsub,w10,image,brier,0.08993045365923263,0.005737248218432255,0.08756223399008758,0.09229867332837768,25
ant_bee,caption_noclass_tagsub,w10,image,mcc,0.7822722812795003,0.0279634468409226,0.7707295377368719,0.7938150248221287,25
ant_bee,caption_noclass_tagsub,w10,image,kappa,0.7813418558688897,0.028245975938529976,0.7696824900466274,0.7930012216911521,25
ant_bee,caption_noclass_tagsub,w10,image,precision_ant,0.8898903312703382,0.021966651800486358,0.8808229430593767,0.8989577194812998,25
ant_bee,caption_noclass_tagsub,w10,image,recall_ant,0.8978543099131907,0.028639687858300674,0.8860324277979462,0.9096761920284352,25
ant_bee,caption_noclass_tagsub,w10,image,f1_ant,0.8933762066189749,0.01450777307970817,0.8873876922206478,0.8993647210173019,25
ant_bee,caption_noclass_tagsub,w10,image,precision_bee,0.8934565985859085,0.025883257276181144,0.8827725150933968,0.9041406820784202,25
ant_bee,caption_noclass_tagsub,w10,image,recall_bee,0.883349942115267,0.028578417148487547,0.8715533513059931,0.8951465329245408,25
ant_bee,caption_noclass_tagsub,w10,image,f1_bee,0.8878288857305627,0.015792094773724365,0.8813102293928461,0.8943475420682794,25
cucumber_zucchini,caption,w03,caption,accuracy,0.9223378005518329,0.007734998925878361,0.91914494992037,0.9255306511832958,25
cucumber_zucchini,caption,w03,caption,balanced_accuracy,0.9201769568488711,0.007875612327357897,0.9169260638579964,0.9234278498397459,25
cucumber_zucchini,caption,w03,caption,precision_macro,0.9241826840169663,0.007850799823839275,0.920942033124156,0.9274233349097767,25
cucumber_zucchini,caption,w03,caption,recall_macro,0.9201769568488711,0.007875612327357897,0.9169260638579964,0.9234278498397459,25
cucumber_zucchini,caption,w03,caption,f1_macro,0.9215861919792202,0.007818644831652484,0.9183588140148347,0.9248135699436058,25
cucumber_zucchini,caption,w03,caption,roc_auc,0.9506541985261076,0.007745944325757602,0.9474568298556312,0.9538515671965839,25
cucumber_zucchini,caption,w03,caption,pr_auc,0.9403185152416254,0.010405818200835418,0.936023204598172,0.9446138258850787,25
cucumber_zucchini,caption,w03,caption,log_loss,0.2758967635064733,0.013826698988563674,0.27018938267556125,0.28160414433738534,25
cucumber_zucchini,caption,w03,caption,brier,0.0737011639820899,0.004824062598887853,0.07170988881028026,0.07569243915389953,25
cucumber_zucchini,caption,w03,caption,mcc,0.8443480512816667,0.015609275897313991,0.8379048588671624,0.850791243696171,25
cucumber_zucchini,caption,w03,caption,kappa,0.8432717413957134,0.015625551628430333,0.836821830689601,0.8497216521018257,25
cucumber_zucchini,caption,w03,caption,precision_cucumber,0.9100755658131682,0.01021078406058698,0.9058607613060202,0.9142903703203161,25
cucumber_zucchini,caption,w03,caption,recall_cucumber,0.9493365285861006,0.010827613185937,0.9448671095300366,0.9538059476421646,25
cucumber_zucchini,caption,w03,caption,f1_cucumber,0.9292288664556615,0.007040539531597493,0.9263226745731916,0.9321350583381314,25
cucumber_zucchini,caption,w03,caption,precision_zucchini,0.9382898022207645,0.012250033581762762,0.9332332368829055,0.9433463675586236,25
cucumber_zucchini,caption,w03,caption,recall_zucchini,0.8910173851116417,0.013664166849901453,0.8853770942501703,0.8966576759731132,25
cucumber_zucchini,caption,w03,caption,f1_zucchini,0.9139435175027792,0.008667053040090666,0.9103659338421799,0.9175211011633786,25
cucumber_zucchini,caption,w03,image,accuracy,0.928758555201204,0.008947471592069777,0.925065220451388,0.93245188995102,25
cucumber_zucchini,caption,w03,image,balanced_accuracy,0.9268335483616166,0.009042078453596704,0.9231011618187154,0.9305659349045178,25
cucumber_zucchini,caption,w03,image,precision_macro,0.9303722339100592,0.009132020279554795,0.926602721206113,0.9341417466140054,25
cucumber_zucchini,caption,w03,image,recall_macro,0.9268335483616166,0.009042078453596704,0.9231011618187154,0.9305659349045178,25
cucumber_zucchini,caption,w03,image,f1_macro,0.9281063362818525,0.009032344043145795,0.9243779679060968,0.9318347046576081,25
cucumber_zucchini,caption,w03,image,roc_auc,0.9652133479945239,0.007269314974381933,0.9622127222505943,0.9682139737384534,25
cucumber_zucchini,caption,w03,image,pr_auc,0.9617266912573055,0.009963840010131871,0.9576138202442649,0.9658395622703461,25
cucumber_zucchini,caption,w03,image,log_loss,0.25750406186922165,0.01177798920355677,0.2526423468740034,0.2623657768644399,25
cucumber_zucchini,caption,w03,image,brier,0.06678916479640856,0.0046472803172776635,0.06487086176394624,0.06870746782887088,25
cucumber_zucchini,caption,w03,image,mcc,0.8571962616123531,0.01806452784842302,0.8497395910037832,0.864652932220923,25
cucumber_zucchini,caption,w03,image,kappa,0.8562882559343652,0.018054766322644203,0.8488356146855981,0.8637408971831323,25
cucumber_zucchini,caption,w03,image,precision_cucumber,0.9177976474234331,0.011042873998114855,0.9132393730712434,0.9223559217756228,25
cucumber_zucchini,caption,w03,image,recall_cucumber,0.9528393140580746,0.012387640213524663,0.9477259474943428,0.9579526806218065,25
cucumber_zucchini,caption,w03,image,f1_cucumber,0.9349184098066775,0.008187020738277682,0.9315389737415275,0.9382978458718275,25
cucumber_zucchini,caption,w03,image,precision_zucchini,0.9429468203966854,0.01412171259780141,0.9371176639330201,0.9487759768603508,25
cucumber_zucchini,caption,w03,image,recall_zucchini,0.9008277826651586,0.014539144846395968,0.894826318638003,0.9068292466923142,25
cucumber_zucchini,caption,w03,image,f1_zucchini,0.9212942627570273,0.009934969009263057,0.9171933091074199,0.9253952164066347,25
cucumber_zucchini,caption,w05,caption,accuracy,0.9369074784104344,0.007894722420810154,0.9336486971606819,0.940166259660187,25
cucumber_zucchini,caption,w05,caption,balanced_accuracy,0.9370793831008676,0.007868226956566778,0.9338315386412234,0.9403272275605118,25
cucumber_zucchini,caption,w05,caption,precision_macro,0.936427921566536,0.007966590866927213,0.93313947448027,0.939716368652802,25
cucumber_zucchini,caption,w05,caption,recall_macro,0.9370793831008676,0.007868226956566778,0.9338315386412234,0.9403272275605118,25
cucumber_zucchini,caption,w05,caption,f1_macro,0.9366166321501967,0.007919324859224357,0.9333476955129931,0.9398855687874004,25
cucumber_zucchini,caption,w05,caption,roc_auc,0.9510226369981105,0.008906367670126293,0.9473462691133697,0.9546990048828513,25
cucumber_zucchini,caption,w05,caption,pr_auc,0.9339694446110377,0.015175503535272125,0.9277053046273519,0.9402335845947235,25
cucumber_zucchini,caption,w05,caption,log_loss,0.29209817378338776,0.013481105813837272,0.28653344680372095,0.29766290076305457,25
cucumber_zucchini,caption,w05,caption,brier,0.07523449597679754,0.005173724452034723,0.07309888748583471,0.07737010446776038,25
cucumber_zucchini,caption,w05,caption,mcc,0.8735063690476379,0.015795560380654647,0.8669862821776896,0.8800264559175862,25
cucumber_zucchini,caption,w05,caption,kappa,0.8732520853230069,0.01583328029103765,0.8667164284393017,0.8797877422067121,25
cucumber_zucchini,caption,w05,caption,precision_cucumber,0.9471781375895766,0.010424625557480235,0.9428750636508577,0.9514812115282955,25
cucumber_zucchini,caption,w05,caption,recall_cucumber,0.9347946842613052,0.012669092608225588,0.9295651398590554,0.940024228663555,25
cucumber_zucchini,caption,w05,caption,f1_cucumber,0.9408651722460826,0.007502036121437914,0.9377684839340191,0.943961860558146,25
cucumber_zucchini,caption,w05,caption,precision_zucchini,0.9256777055434953,0.013256545078388722,0.9202056726796065,0.931149738407384,25
cucumber_zucchini,caption,w05,caption,recall_zucchini,0.9393640819404296,0.012786474611133393,0.9340860846287874,0.9446420792520719,25
cucumber_zucchini,caption,w05,caption,f1_zucchini,0.9323680920543111,0.008387468387118298,0.9289059152663364,0.9358302688422859,25
cucumber_zucchini,caption,w05,image,accuracy,0.9409571075357438,0.00934155110717622,0.9371011047570487,0.9448131103144389,25
cucumber_zucchini,caption,w05,image,balanced_accuracy,0.941031391925973,0.009482638942092968,0.9371171509513683,0.9449456329005776,25
cucumber_zucchini,caption,w05,image,precision_macro,0.9405427556381294,0.009346627163344846,0.9366846575664293,0.9444008537098295,25
cucumber_zucchini,caption,w05,image,recall_macro,0.941031391925973,0.009482638942092968,0.9371171509513683,0.9449456329005776,25
cucumber_zucchini,caption,w05,image,f1_macro,0.9406696390730553,0.009394095796241626,0.9367919469127235,0.9445473312333872,25
cucumber_zucchini,caption,w05,image,roc_auc,0.9623000232043297,0.008148220213357062,0.9589366032086946,0.9656634431999649,25
cucumber_zucchini,caption,w05,image,pr_auc,0.9505876404667339,0.01607448635215597,0.9439524186145092,0.9572228623189587,25
cucumber_zucchini,caption,w05,image,log_loss,0.2811708686673854,0.012387078337115102,0.2760577340348363,0.2862840032999345,25
cucumber_zucchini,caption,w05,image,brier,0.07074028767895797,0.0049898234960428466,0.06868058977170587,0.07279998558621008,25
cucumber_zucchini,caption,w05,image,mcc,0.8815732068911221,0.018790593923598907,0.8738168309369116,0.8893295828453325,25
cucumber_zucchini,caption,w05,image,kappa,0.881353978957349,0.01878565207311768,0.8735996428987586,0.8891083150159395,25
cucumber_zucchini,caption,w05,image,precision_cucumber,0.949660680342555,0.012589912992579125,0.9444638196792738,0.9548575410058362,25
cucumber_zucchini,caption,w05,image,recall_cucumber,0.9400628676356168,0.012156644944013336,0.9350448512327824,0.9450808840384511,25
cucumber_zucchini,caption,w05,image,f1_cucumber,0.9447589773377706,0.00871719127035859,0.9411606976329047,0.9483572570426365,25
cucumber_zucchini,caption,w05,image,precision_zucchini,0.9314248309337038,0.013031227134366248,0.9260458047459305,0.9368038571214771,25
cucumber_zucchini,caption,w05,image,recall_zucchini,0.9419999162163293,0.015307098430964788,0.9356814565294559,0.9483183759032027,25
cucumber_zucchini,caption,w05,image,f1_zucchini,0.9365803008083401,0.010109246865641838,0.9324074087953119,0.9407531928213683,25
cucumber_zucchini,caption,w07,caption,accuracy,0.9307566202028166,0.007701229001237496,0.9275777091111321,0.933935531294501,25
cucumber_zucchini,caption,w07,caption,balanced_accuracy,0.9314298489692754,0.007645543426665757,0.9282739237530434,0.9345857741855074,25
cucumber_zucchini,caption,w07,caption,precision_macro,0.9301220375345438,0.007695150981337723,0.9269456353261651,0.9332984397429225,25
cucumber_zucchini,caption,w07,caption,recall_macro,0.9314298489692754,0.007645543426665757,0.9282739237530434,0.9345857741855074,25
cucumber_zucchini,caption,w07,caption,f1_macro,0.9305013630474247,0.007716108652118479,0.9273163099377302,0.9336864161571192,25
cucumber_zucchini,caption,w07,caption,roc_auc,0.9485926759747271,0.00854667569571544,0.9450647816397094,0.9521205703097447,25
cucumber_zucchini,caption,w07,caption,pr_auc,0.9258815205591833,0.015268551093408207,0.9195789724312174,0.9321840686871491,25
cucumber_zucchini,caption,w07,caption,log_loss,0.32796496500566397,0.011227579516465871,0.32333044796274435,0.3325994820485836,25
cucumber_zucchini,caption,w07,caption,brier,0.08791548976910217,0.0045685508127760975,0.08602968467885955,0.0898012948593448,25
cucumber_zucchini,caption,w07,caption,mcc,0.8615504405654008,0.015314648252678307,0.8552288644652923,0.8678720166655092,25
cucumber_zucchini,caption,w07,caption,kappa,0.8610445840615272,0.015417912035372053,0.8546803827669048,0.8674087853561495,25
cucumber_zucchini,caption,w07,caption,precision_cucumber,0.9474458420182097,0.010055479046419872,0.9432951442701324,0.951596539766287,25
cucumber_zucchini,caption,w07,caption,recall_cucumber,0.9223636986088201,0.012579631226533688,0.9171710820499693,0.9275563151676708,25
cucumber_zucchini,caption,w07,caption,f1_cucumber,0.9346581154396192,0.007405158436197803,0.9316014162705999,0.9377148146086385,25
cucumber_zucchini,caption,w07,caption,precision_zucchini,0.9127982330508779,0.012753108610500347,0.9075340085473784,0.9180624575543774,25
cucumber_zucchini,caption,w07,caption,recall_zucchini,0.9404959993297307,0.012268821790758678,0.9354316786003672,0.9455603200590942,25
cucumber_zucchini,caption,w07,caption,f1_zucchini,0.9263446106552304,0.008089429889165462,0.9230054581127025,0.9296837631977584,25
cucumber_zucchini,caption,w07,image,accuracy,0.9370589816175152,0.008819413664383307,0.9334185065822506,0.9406994566527799,25
cucumber_zucchini,caption,w07,image,balanced_accuracy,0.9375147245837516,0.00884592038662911,0.9338633081113037,0.9411661410561996,25
cucumber_zucchini,caption,w07,image,precision_macro,0.9364945667472417,0.008798224543528308,0.9328628381511881,0.9401262953432954,25
cucumber_zucchini,caption,w07,image,recall_macro,0.9375147245837516,0.00884592038662911,0.9338633081113037,0.9411661410561996,25
cucumber_zucchini,caption,w07,image,f1_macro,0.9367991994601144,0.008850790499480756,0.9331457727038845,0.9404526262163442,25
cucumber_zucchini,caption,w07,image,roc_auc,0.9599846193887521,0.00837531144353535,0.9565274607404523,0.963441778037052,25
cucumber_zucchini,caption,w07,image,pr_auc,0.9459483959433765,0.015151129761345505,0.9396943169590805,0.9522024749276726,25
cucumber_zucchini,caption,w07,image,log_loss,0.31940095441376726,0.010525037189805232,0.31505643259034316,0.32374547623719135,25
cucumber_zucchini,caption,w07,image,brier,0.08374264279136981,0.004472114931651233,0.08189664447639577,0.08558864110634384,25
cucumber_zucchini,caption,w07,image,mcc,0.8740080381336742,0.0176107570806269,0.866738674892097,0.8812774013752515,25
cucumber_zucchini,caption,w07,image,kappa,0.8736268807320755,0.017690676400198987,0.866324528416756,0.880929233047395,25
cucumber_zucchini,caption,w07,image,precision_cucumber,0.9505779521683266,0.011592353345711822,0.945792863889107,0.9553630404475463,25
cucumber_zucchini,caption,w07,image,recall_cucumber,0.9313840216613238,0.013047999727427003,0.9259980720874119,0.9367699712352358,25
cucumber_zucchini,caption,w07,image,f1_cucumber,0.940797940972747,0.008371844384143462,0.9373422134562256,0.9442536684892685,25
cucumber_zucchini,caption,w07,image,precision_zucchini,0.922411181326157,0.013515785822606223,0.9168321391424471,0.9279902235098668,25
cucumber_zucchini,caption,w07,image,recall_zucchini,0.943645427506179,0.014116198024701281,0.9378185473464115,0.9494723076659465,25
cucumber_zucchini,caption,w07,image,f1_zucchini,0.9328004579474822,0.009383064618063076,0.9289273192337056,0.9366735966612588,25
cucumber_zucchini,caption,w10,caption,accuracy,0.9214717812735157,0.007733685140870172,0.9182794729458506,0.9246640896011808,25
cucumber_zucchini,caption,w10,caption,balanced_accuracy,0.9224178942525253,0.007630736261243832,0.9192680811337764,0.9255677073712741,25
cucumber_zucchini,caption,w10,caption,precision_macro,0.9208195847276147,0.0077365731498928135,0.917626084288416,0.9240130851668135,25
cucumber_zucchini,caption,w10,caption,recall_macro,0.9224178942525253,0.007630736261243832,0.9192680811337764,0.9255677073712741,25
cucumber_zucchini,caption,w10,caption,f1_macro,0.921223379847535,0.007735463851883302,0.9180303373040495,0.9244164223910205,25
cucumber_zucchini,caption,w10,caption,roc_auc,0.9491197604144258,0.009452350303682596,0.9452180219752708,0.9530214988535808,25
cucumber_zucchini,caption,w10,caption,pr_auc,0.9252204857761882,0.015057980623197333,0.9190048568663403,0.9314361146860362,25
cucumber_zucchini,caption,w10,caption,log_loss,0.38078583226538837,0.010411869059652055,0.37648802395017333,0.3850836405806034,25
cucumber_zucchini,caption,w10,caption,brier,0.10807355074987474,0.004540009061364145,0.10619952711556921,0.10994757438418026,25
cucumber_zucchini,caption,w10,caption,mcc,0.8432357216906842,0.015354182318784385,0.8368978267301415,0.8495736166512269,25
cucumber_zucchini,caption,w10,caption,kappa,0.8425151597869991,0.0154535433480083,0.836136250609397,0.8488940689646012,25
cucumber_zucchini,caption,w10,caption,precision_cucumber,0.9422136744992778,0.009522977772501266,0.9382827824738617,0.946144566524694,25
cucumber_zucchini,caption,w10,caption,recall_cucumber,0.9096804954716629,0.012620504903259923,0.9044710070882913,0.9148899838550344,25
cucumber_zucchini,caption,w10,caption,f1_cucumber,0.9255887139542043,0.007527763449616856,0.9224814059230162,0.9286960219853924,25
cucumber_zucchini,caption,w10,caption,precision_zucchini,0.8994254949559515,0.01255965450401214,0.8942411243828764,0.9046098655290266,25
cucumber_zucchini,caption,w10,caption,recall_zucchini,0.9351552930333876,0.011410763115120019,0.9304451615173127,0.9398654245494625,25
cucumber_zucchini,caption,w10,caption,f1_zucchini,0.9168580457408656,0.008006765967123238,0.913553015188298,0.9201630762934332,25
cucumber_zucchini,caption,w10,image,accuracy,0.932739814383488,0.0076744161434152,0.929571971095542,0.9359076576714339,25
cucumber_zucchini,caption,w10,image,balanced_accuracy,0.9334048554119491,0.007536941274919977,0.9302937589606726,0.9365159518632256,25
cucumber_zucchini,caption,w10,image,precision_macro,0.9321597989321755,0.007659118378964547,0.9289982702510388,0.9353213276133122,25
cucumber_zucchini,caption,w10,image,recall_macro,0.9334048554119491,0.007536941274919977,0.9302937589606726,0.9365159518632256,25
cucumber_zucchini,caption,w10,image,f1_macro,0.9324889783196829,0.007679615238496628,0.9293189889507649,0.9356589676886009,25
cucumber_zucchini,caption,w10,image,roc_auc,0.9594527475593482,0.008488921674739032,0.9559486929124948,0.9629568022062015,25
cucumber_zucchini,caption,w10,image,pr_auc,0.9414950674386879,0.013835581540282135,0.9357840200706329,0.947206114806743,25
cucumber_zucchini,caption,w10,image,log_loss,0.37480744439982117,0.009798430640923103,0.37076285101861856,0.3788520377810238,25
cucumber_zucchini,caption,w10,image,brier,0.10464493987250625,0.004388318049315871,0.10283353121051639,0.10645634853449612,25
cucumber_zucchini,caption,w10,image,mcc,0.8655632470531748,0.015166755022003571,0.8593027182782792,0.8718237758280704,25
cucumber_zucchini,caption,w10,image,kappa,0.8650219297537977,0.01533925695733477,0.8586901956796604,0.8713536638279349,25
cucumber_zucchini,caption,w10,image,precision_cucumber,0.9491535300751737,0.010362279557392056,0.9448761913004359,0.9534308688499115,25
cucumber_zucchini,caption,w10,image,recall_cucumber,0.9244461734773272,0.01407257278320121,0.9186373009321962,0.9302550460224581,25
cucumber_zucchini,caption,w10,image,f1_cucumber,0.9365349721219494,0.007459063938652571,0.9334560218551341,0.9396139223887646,25
cucumber_zucchini,caption,w10,image,precision_zucchini,0.9151660677891776,0.014121667877104005,0.9093369297853089,0.9209952057930464,25
cucumber_zucchini,caption,w10,image,recall_zucchini,0.9423635373465712,0.012710834025786946,0.9371167629339884,0.947610311759154,25
cucumber_zucchini,caption,w10,image,f1_zucchini,0.9284429845174167,0.007973650915153715,0.9251516231864747,0.9317343458483587,25
cucumber_zucchini,caption_noclass,w03,caption,accuracy,0.6820474791271007,0.014193639037256662,0.6761886328884484,0.687906325365753,25
cucumber_zucchini,caption_noclass,w03,caption,balanced_accuracy,0.6876063821357726,0.01408034563681678,0.6817943011143623,0.6934184631571829,25
cucumber_zucchini,caption_noclass,w03,caption,precision_macro,0.689579612987545,0.014052248709479529,0.6837791298077182,0.6953800961673718,25
cucumber_zucchini,caption_noclass,w03,caption,recall_macro,0.6876063821357726,0.01408034563681678,0.6817943011143623,0.6934184631571829,25
cucumber_zucchini,caption_noclass,w03,caption,f1_macro,0.6817832261182499,0.014291013666662586,0.6758841856080836,0.6876822666284162,25
cucumber_zucchini,caption_noclass,w03,caption,roc_auc,0.753117016661275,0.01149121514488658,0.748373676179497,0.7578603571430529,25
cucumber_zucchini,caption_noclass,w03,caption,pr_auc,0.7205152034149199,0.017376723326437752,0.7133424445590714,0.7276879622707685,25
cucumber_zucchini,caption_noclass,w03,caption,log_loss,0.5948000710585819,0.0077624474068079714,0.5915958902510571,0.5980042518661067,25
cucumber_zucchini,caption_noclass,w03,caption,brier,0.20404176372261262,0.0034662291258934297,0.2026109746611717,0.20547255278405355,25
cucumber_zucchini,caption_noclass,w03,caption,mcc,0.3771775827599732,0.028088467307806796,0.36558323330498954,0.3887719322149569,25
cucumber_zucchini,caption_noclass,w03,caption,kappa,0.36981051644960095,0.027855712020345737,0.35831224365521774,0.38130878924398415,25
cucumber_zucchini,caption_noclass,w03,caption,precision_cucumber,0.749783569491305,0.01683427800862507,0.7428347210576954,0.7567324179249145,25
cucumber_zucchini,caption_noclass,w03,caption,recall_cucumber,0.6126121191372819,0.02191632710449772,0.6035655039398534,0.6216587343347103,25
cucumber_zucchini,caption_noclass,w03,caption,f1_cucumber,0.6740822197728426,0.016717195986947903,0.6671817004224594,0.6809827391232257,25
cucumber_zucchini,caption_noclass,w03,caption,precision_zucchini,0.6293756564837849,0.013765630426939998,0.623693483516172,0.6350578294513978,25
cucumber_zucchini,caption_noclass,w03,caption,recall_zucchini,0.7626006451342633,0.020209537268638764,0.754258558154281,0.7709427321142456,25
cucumber_zucchini,caption_noclass,w03,caption,f1_zucchini,0.6894842324636572,0.013546344336316457,0.6838925763454489,0.6950758885818655,25
cucumber_zucchini,caption_noclass,w03,image,accuracy,0.7068167484860429,0.01484914353829275,0.7006873232880249,0.712946173684061,25
cucumber_zucchini,caption_noclass,w03,image,balanced_accuracy,0.7106739768003978,0.014180963571289845,0.7048203627369409,0.7165275908638546,25
cucumber_zucchini,caption_noclass,w03,image,precision_macro,0.7108558148454043,0.01358686943365748,0.7052474307891736,0.7164641989016349,25
cucumber_zucchini,caption_noclass,w03,image,recall_macro,0.7106739768003978,0.014180963571289845,0.7048203627369409,0.7165275908638546,25
cucumber_zucchini,caption_noclass,w03,image,f1_macro,0.7067259561200229,0.014873348128408636,0.7005865397582598,0.7128653724817859,25
cucumber_zucchini,caption_noclass,w03,image,roc_auc,0.7797134576758781,0.013856672042309112,0.7739937045764634,0.7854332107752927,25
cucumber_zucchini,caption_noclass,w03,image,pr_auc,0.7515540802934001,0.02060488680910912,0.7430488010438344,0.7600593595429658,25
cucumber_zucchini,caption_noclass,w03,image,log_loss,0.5858781398418728,0.0075313687603401295,0.5827693436115615,0.588986936072184,25
cucumber_zucchini,caption_noclass,w03,image,brier,0.19939204772472954,0.0034117095729291084,0.19798376322867736,0.20080033222078172,25
cucumber_zucchini,caption_noclass,w03,image,mcc,0.42152794542712174,0.02774742523461655,0.4100743712210005,0.432981519633243,25
cucumber_zucchini,caption_noclass,w03,image,kappa,0.4168219243248414,0.02863737522520518,0.4050009968176208,0.42864285183206197,25
cucumber_zucchini,caption_noclass,w03,image,precision_cucumber,0.7630359371028435,0.013058237054345964,0.757645761768071,0.7684261124376159,25
cucumber_zucchini,caption_noclass,w03,image,recall_cucumber,0.6586710653263204,0.027339455875837925,0.6473858925947534,0.6699562380578873,25
cucumber_zucchini,caption_noclass,w03,image,f1_cucumber,0.706766901693124,0.01861190293827036,0.6990842857524326,0.7144495176338153,25
cucumber_zucchini,caption_noclass,w03,image,precision_zucchini,0.6586756925879648,0.017401209466170266,0.6514928263504014,0.6658585588255281,25
cucumber_zucchini,caption_noclass,w03,image,recall_zucchini,0.7626768882744753,0.01604899587491672,0.7560521883741124,0.7693015881748383,25
cucumber_zucchini,caption_noclass,w03,image,f1_zucchini,0.706685010546922,0.012338152196645975,0.701592071632561,0.711777949461283,25
cucumber_zucchini,caption_noclass,w05,caption,accuracy,0.6925985595012003,0.020243682820892867,0.6842423779299813,0.7009547410724193,25
cucumber_zucchini,caption_noclass,w05,caption,balanced_accuracy,0.695437230623299,0.020281958583906697,0.6870652495936341,0.7038092116529638,25
cucumber_zucchini,caption_noclass,w05,caption,precision_macro,0.6949877218364675,0.02018663965487966,0.6866550865269057,0.7033203571460294,25
cucumber_zucchini,caption_noclass,w05,caption,recall_macro,0.695437230623299,0.020281958583906697,0.6870652495936341,0.7038092116529638,25
cucumber_zucchini,caption_noclass,w05,caption,f1_macro,0.6924710246853839,0.020258673651293548,0.6841086552035046,0.7008333941672632,25
cucumber_zucchini,caption_noclass,w05,caption,roc_auc,0.7681924595025046,0.017696971792336567,0.7608875085770296,0.7754974104279796,25
cucumber_zucchini,caption_noclass,w05,caption,pr_auc,0.7429723472303426,0.023619500915556587,0.7332226964371448,0.7527219980235403,25
cucumber_zucchini,caption_noclass,w05,caption,log_loss,0.5921872996391039,0.010244688068654811,0.587958500245259,0.5964160990329488,25
cucumber_zucchini,caption_noclass,w05,caption,brier,0.20219308600737157,0.004662023328262973,0.20026869735907593,0.2041174746556672,25
cucumber_zucchini,caption_noclass,w05,caption,mcc,0.3904243595381994,0.04046529042528088,0.37372110859727986,0.4071276104791189,25
cucumber_zucchini,caption_noclass,w05,caption,kappa,0.38736441804845784,0.040273172681618986,0.37074046941449973,0.40398836668241594,25
cucumber_zucchini,caption_noclass,w05,caption,precision_cucumber,0.7413797295082185,0.021586681819513596,0.7324691851966953,0.7502902738197417,25
cucumber_zucchini,caption_noclass,w05,caption,recall_cucumber,0.6570285394167626,0.024665461866816677,0.6468471371629999,0.6672099416705254,25
cucumber_zucchini,caption_noclass,w05,caption,f1_cucumber,0.6964906281937843,0.02080797218165133,0.6879015194225631,0.7050797369650055,25
cucumber_zucchini,caption_noclass,w05,caption,precision_zucchini,0.6485957141647165,0.020406936721059647,0.6401721446955507,0.6570192836338823,25
cucumber_zucchini,caption_noclass,w05,caption,recall_zucchini,0.7338459218298352,0.026322938037130067,0.7229803470393039,0.7447114966203665,25
cucumber_zucchini,caption_noclass,w05,caption,f1_zucchini,0.6884514211769835,0.020893756765685972,0.6798269022698425,0.6970759400841245,25
cucumber_zucchini,caption_noclass,w05,image,accuracy,0.7086763177697353,0.023507622901393393,0.6989728479510393,0.7183797875884312,25
cucumber_zucchini,caption_noclass,w05,image,balanced_accuracy,0.7119820947352062,0.0233254644475329,0.7023538162306925,0.72161037323972,25
cucumber_zucchini,caption_noclass,w05,image,precision_macro,0.711715329035892,0.023114937602146373,0.7021739517420537,0.7212567063297303,25
cucumber_zucchini,caption_noclass,w05,image,recall_macro,0.7119820947352062,0.0233254644475329,0.7023538162306925,0.72161037323972,25
cucumber_zucchini,caption_noclass,w05,image,f1_macro,0.7085864708551872,0.023502400784084488,0.6988851566205717,0.7182877850898027,25
cucumber_zucchini,caption_noclass,w05,image,roc_auc,0.7866576567147762,0.01858350889845749,0.7789867612576705,0.7943285521718818,25
cucumber_zucchini,caption_noclass,w05,image,pr_auc,0.7664578466300267,0.02573313745906273,0.7558357295524395,0.7770799637076139,25
cucumber_zucchini,caption_noclass,w05,image,log_loss,0.5859789002309651,0.009800766207160751,0.5819333427754028,0.5900244576865274,25
cucumber_zucchini,caption_noclass,w05,image,brier,0.1991314167230238,0.004569822485707486,0.1972450867119944,0.20101774673405323,25
cucumber_zucchini,caption_noclass,w05,image,mcc,0.42369659962685124,0.04643370125989123,0.40452970977858027,0.4428634894751222,25
cucumber_zucchini,caption_noclass,w05,image,kappa,0.4198637233118285,0.04648371436137599,0.4006761890699141,0.43905125755374286,25
cucumber_zucchini,caption_noclass,w05,image,precision_cucumber,0.7608969263657839,0.023738907514082072,0.7510979869511969,0.7706958657803709,25
cucumber_zucchini,caption_noclass,w05,image,recall_cucumber,0.6673524011079643,0.02948951153725453,0.6551797290189938,0.6795250731969349,25
cucumber_zucchini,caption_noclass,w05,image,f1_cucumber,0.710869347615548,0.0248006594833138,0.7006321385285404,0.7211065567025555,25
cucumber_zucchini,caption_noclass,w05,image,precision_zucchini,0.6625337317059998,0.024279369155009712,0.6525117006907477,0.672555762721252,25
cucumber_zucchini,caption_noclass,w05,image,recall_zucchini,0.7566117883624481,0.026513454245418174,0.7456675723462663,0.7675560043786299,25
cucumber_zucchini,caption_noclass,w05,image,f1_zucchini,0.7063035940948263,0.023089176893060566,0.6967728502990738,0.7158343378905789,25
cucumber_zucchini,caption_noclass,w07,caption,accuracy,0.6792185831511808,0.017572164462017932,0.6719651501596108,0.6864720161427508,25
cucumber_zucchini,caption_noclass,w07,caption,balanced_accuracy,0.683122676909109,0.017415147449235904,0.6759340573549054,0.6903112964633126,25
cucumber_zucchini,caption_noclass,w07,caption,precision_macro,0.6834426035123781,0.017370863534453523,0.676272263459779,0.6906129435649772,25
cucumber_zucchini,caption_noclass,w07,caption,recall_macro,0.683122676909109,0.017415147449235904,0.6759340573549054,0.6903112964633126,25
cucumber_zucchini,caption_noclass,w07,caption,f1_macro,0.679126770699283,0.017554831552494238,0.6718804923811199,0.686373049017446,25
cucumber_zucchini,caption_noclass,w07,caption,roc_auc,0.7597489316913816,0.01641573406027527,0.7529728497083675,0.7665250136743956,25
cucumber_zucchini,caption_noclass,w07,caption,pr_auc,0.7312580632834705,0.022557326503047436,0.7219468565387078,0.7405692700282333,25
cucumber_zucchini,caption_noclass,w07,caption,log_loss,0.6009329161937379,0.008585804878265497,0.5973888701260037,0.6044769622614721,25
cucumber_zucchini,caption_noclass,w07,caption,brier,0.2061182889245014,0.004058945349366979,0.20444283863084434,0.20779373921815847,25
cucumber_zucchini,caption_noclass,w07,caption,mcc,0.36656385123688323,0.034771038112589144,0.352211072127506,0.38091663034626044,25
cucumber_zucchini,caption_noclass,w07,caption,kappa,0.362149605444813,0.03461779835519033,0.3478600805984117,0.3764391302912143,25
cucumber_zucchini,caption_noclass,w07,caption,precision_cucumber,0.7348553421007538,0.018908728728565326,0.7270502024957337,0.7426604817057738,25
cucumber_zucchini,caption_noclass,w07,caption,recall_cucumber,0.6302713267560922,0.02498275027345117,0.6199589542851146,0.6405836992270698,25
cucumber_zucchini,caption_noclass,w07,caption,f1_cucumber,0.6783508312146634,0.019503352254432955,0.6703002430816937,0.6864014193476332,25
cucumber_zucchini,caption_noclass,w07,caption,precision_zucchini,0.6320298649240024,0.01779938894639263,0.6246826382751389,0.6393770915728658,25
cucumber_zucchini,caption_noclass,w07,caption,recall_zucchini,0.7359740270621257,0.02288533793599095,0.7265274238524331,0.7454206302718183,25
cucumber_zucchini,caption_noclass,w07,caption,f1_zucchini,0.6799027101839024,0.0171896070526953,0.6728071891297006,0.6869982312381041,25
cucumber_zucchini,caption_noclass,w07,image,accuracy,0.6919907191744005,0.018351569984312692,0.6844155633955527,0.6995658749532483,25
cucumber_zucchini,caption_noclass,w07,image,balanced_accuracy,0.695819670849914,0.01810449910523123,0.6883465009174575,0.7032928407823705,25
cucumber_zucchini,caption_noclass,w07,image,precision_macro,0.6960488440872481,0.018083073955413448,0.6885845180219698,0.7035131701525263,25
cucumber_zucchini,caption_noclass,w07,image,recall_macro,0.695819670849914,0.01810449910523123,0.6883465009174575,0.7032928407823705,25
cucumber_zucchini,caption_noclass,w07,image,f1_macro,0.691904101862485,0.01831000869411174,0.6843461017410502,0.6994621019839198,25
cucumber_zucchini,caption_noclass,w07,image,roc_auc,0.7766612427815609,0.017339645629180514,0.7695037888469198,0.783818696716202,25
cucumber_zucchini,caption_noclass,w07,image,pr_auc,0.7561023059341876,0.024855497460436936,0.7458424608427586,0.7663621510256166,25
cucumber_zucchini,caption_noclass,w07,image,log_loss,0.5955427150481407,0.008460299388924147,0.5920504751001922,0.5990349549960893,25
cucumber_zucchini,caption_noclass,w07,image,brier,0.20350267173698083,0.004011576766605106,0.2018467742332895,0.20515856924067216,25
cucumber_zucchini,caption_noclass,w07,image,mcc,0.3918669974196318,0.0361689662083024,0.37693718195305426,0.4067968128862094,25
cucumber_zucchini,caption_noclass,w07,image,kappa,0.38737744166894084,0.03607356570126419,0.3724870055962142,0.40226787774166745,25
cucumber_zucchini,caption_noclass,w07,image,precision_cucumber,0.7476367173036926,0.019377301215817915,0.7396381604821807,0.7556352741252046,25
cucumber_zucchini,caption_noclass,w07,image,recall_cucumber,0.6439924060875789,0.02643106511798842,0.6330821986317163,0.6549026135434415,25
cucumber_zucchini,caption_noclass,w07,image,f1_cucumber,0.6917375931623116,0.02044272823542968,0.6832992496821405,0.7001759366424828,25
cucumber_zucchini,caption_noclass,w07,image,precision_zucchini,0.6444609708708038,0.019137365671529877,0.6365614545742397,0.6523604871673678,25
cucumber_zucchini,caption_noclass,w07,image,recall_zucchini,0.7476469356122493,0.022458665949557987,0.7383764539423738,0.7569174172821247,25
cucumber_zucchini,caption_noclass,w07,image,f1_zucchini,0.6920706105626584,0.0175108849220466,0.6848424725219693,0.6992987486033475,25
cucumber_zucchini,caption_noclass,w10,caption,accuracy,0.6839101659081951,0.020149237361883676,0.6755929695063764,0.6922273623100138,25
cucumber_zucchini,caption_noclass,w10,caption,balanced_accuracy,0.687977756284228,0.020085764183640272,0.679686760322665,0.696268752245791,25
cucumber_zucchini,caption_noclass,w10,caption,precision_macro,0.6883186286393694,0.020010945173159336,0.6800585164474293,0.6965787408313096,25
cucumber_zucchini,caption_noclass,w10,caption,recall_macro,0.687977756284228,0.020085764183640272,0.679686760322665,0.696268752245791,25
cucumber_zucchini,caption_noclass,w10,caption,f1_macro,0.6838532898071007,0.02016325912157076,0.675530305507352,0.6921762741068493,25
cucumber_zucchini,caption_noclass,w10,caption,roc_auc,0.7632908482861441,0.02272314860367029,0.7539111935423891,0.7726705030298991,25
cucumber_zucchini,caption_noclass,w10,caption,pr_auc,0.7378427977954308,0.027299714355344104,0.7265740295572607,0.749111566033601,25
cucumber_zucchini,caption_noclass,w10,caption,log_loss,0.6021487999046967,0.011167204772937712,0.5975392043310424,0.6067583954783511,25
cucumber_zucchini,caption_noclass,w10,caption,brier,0.2067239798575005,0.005123272280604169,0.20460919699934696,0.20883876271565402,25
cucumber_zucchini,caption_noclass,w10,caption,mcc,0.3762954178036266,0.040089075760025183,0.359747460644004,0.39284337496324917,25
cucumber_zucchini,caption_noclass,w10,caption,kappa,0.3716464914474774,0.03982391851918275,0.35520798581745083,0.388084997077504,25
cucumber_zucchini,caption_noclass,w10,caption,precision_cucumber,0.7407604381240652,0.021588001181413043,0.7318493492067167,0.7496715270414137,25
cucumber_zucchini,caption_noclass,w10,caption,recall_cucumber,0.6330559272976253,0.02415128030115361,0.62308676876262,0.6430250858326305,25
cucumber_zucchini,caption_noclass,w10,caption,f1_cucumber,0.682561869550293,0.021448493723297716,0.6737083664813726,0.6914153726192134,25
cucumber_zucchini,caption_noclass,w10,caption,precision_zucchini,0.6358768191546738,0.01953488970700706,0.6278132130011029,0.6439404253082446,25
cucumber_zucchini,caption_noclass,w10,caption,recall_zucchini,0.7428995852708308,0.023279171434213004,0.7332904155830379,0.7525087549586237,25
cucumber_zucchini,caption_noclass,w10,caption,f1_zucchini,0.6851447100639081,0.019688368762976964,0.677017750869766,0.6932716692580502,25
cucumber_zucchini,caption_noclass,w10,image,accuracy,0.6965664528612892,0.022078583623867866,0.6874528614644722,0.7056800442581062,25
cucumber_zucchini,caption_noclass,w10,image,balanced_accuracy,0.7007319301147394,0.02183473528168455,0.69171899436646,0.7097448658630189,25
cucumber_zucchini,caption_noclass,w10,image,precision_macro,0.7011711756834328,0.02160881675564319,0.6922514945193416,0.7100908568475239,25
cucumber_zucchini,caption_noclass,w10,image,recall_macro,0.7007319301147394,0.02183473528168455,0.69171899436646,0.7097448658630189,25
cucumber_zucchini,caption_noclass,w10,image,f1_macro,0.6964851963259574,0.022097127008973524,0.687363950595971,0.7056064420559438,25
cucumber_zucchini,caption_noclass,w10,image,roc_auc,0.778125223122002,0.023890800628447666,0.7682635853113631,0.787986860932641,25
cucumber_zucchini,caption_noclass,w10,image,pr_auc,0.7593251962331621,0.029163339343965144,0.7472871614083062,0.771363231058018,25
cucumber_zucchini,caption_noclass,w10,image,log_loss,0.5982782727731615,0.010778957532249781,0.5938289377838295,0.6027276077624935,25
cucumber_zucchini,caption_noclass,w10,image,brier,0.20475409523117116,0.005009487413199779,0.2026862804578518,0.20682191000449052,25
cucumber_zucchini,caption_noclass,w10,image,mcc,0.4019017325230772,0.04343391191028395,0.38397309485957454,0.41983037018657987,25
cucumber_zucchini,caption_noclass,w10,image,kappa,0.39685622998421005,0.04342089463363388,0.37893296558841827,0.41477949438000183,25
cucumber_zucchini,caption_noclass,w10,image,precision_cucumber,0.7547163942396304,0.022776030516743047,0.74531491091501,0.7641178775642509,25
cucumber_zucchini,caption_noclass,w10,image,recall_cucumber,0.6444716940026766,0.029009984838909014,0.6324969608063016,0.6564464271990516,25
cucumber_zucchini,caption_noclass,w10,image,f1_cucumber,0.6950603361293872,0.02431481339661123,0.6850236744502832,0.7050969978084912,25
cucumber_zucchini,caption_noclass,w10,image,precision_zucchini,0.6476259571272351,0.02212617224693758,0.6384927221122775,0.6567591921421928,25
cucumber_zucchini,caption_noclass,w10,image,recall_zucchini,0.7569921662268024,0.024138285722853516,0.7470283715900897,0.7669559608635151,25
cucumber_zucchini,caption_noclass,w10,image,f1_zucchini,0.6979100565225275,0.020816811415041523,0.6893172990950902,0.7065028139499647,25
cucumber_zucchini,tags,tags,caption,accuracy,0.9239636195942792,0.015723691941981033,0.9174731985577719,0.9304540406307865,25
cucumber_zucchini,tags,tags,caption,balanced_accuracy,0.9163348752432201,0.018053199324007816,0.9088828808196994,0.9237868696667408,25
cucumber_zucchini,tags,tags,caption,precision_macro,0.9329310460071218,0.013190957084544918,0.927486086536464,0.9383760054777797,25
cucumber_zucchini,tags,tags,caption,recall_macro,0.9163348752432201,0.018053199324007816,0.9088828808196994,0.9237868696667408,25
cucumber_zucchini,tags,tags,caption,f1_macro,0.9213747842501906,0.016818134045041084,0.9144325997172251,0.9283169687831561,25
cucumber_zucchini,tags,tags,caption,roc_auc,0.9756160779992216,0.010516662728177228,0.9712750129836591,0.979957143014784,25
cucumber_zucchini,tags,tags,caption,pr_auc,0.974803306314788,0.01081834355433533,0.9703377135745899,0.979268899054986,25
cucumber_zucchini,tags,tags,caption,log_loss,0.41762327542711447,0.012234265791628916,0.4125732187131309,0.42267333214109803,25
cucumber_zucchini,tags,tags,caption,brier,0.12391251608738722,0.0051503641658729405,0.12178655024862609,0.12603848192614836,25
cucumber_zucchini,tags,tags,caption,mcc,0.8490648734695436,0.030785579170184808,0.8363572109558977,0.8617725359831896,25
cucumber_zucchini,tags,tags,caption,kappa,0.8433226193799915,0.03320281174260804,0.8296171723004766,0.8570280664595065,25
cucumber_zucchini,tags,tags,caption,precision_cucumber,0.8945353364224359,0.023041359540432137,0.8850243306597455,0.9040463421851263,25
cucumber_zucchini,tags,tags,caption,recall_cucumber,0.9802346386367786,0.011401263051075744,0.975528428554407,0.9849408487191502,25
cucumber_zucchini,tags,tags,caption,f1_cucumber,0.9352205281381417,0.012687753461084547,0.9299832809144171,0.9404577753618664,25
cucumber_zucchini,tags,tags,caption,precision_zucchini,0.9713267555918079,0.016575214925612543,0.9644848431430785,0.9781686680405374,25
cucumber_zucchini,tags,tags,caption,recall_zucchini,0.8524351118496615,0.03616768268857109,0.8375058261939894,0.8673643975053336,25
cucumber_zucchini,tags,tags,caption,f1_zucchini,0.9075290403622394,0.021627105330114523,0.8986018100456391,0.9164562706788396,25
cucumber_zucchini,tags,tags,image,accuracy,0.9239636195942792,0.015723691941981033,0.9174731985577719,0.9304540406307865,25
cucumber_zucchini,tags,tags,image,balanced_accuracy,0.9163348752432201,0.018053199324007816,0.9088828808196994,0.9237868696667408,25
cucumber_zucchini,tags,tags,image,precision_macro,0.9329310460071218,0.013190957084544918,0.927486086536464,0.9383760054777797,25
cucumber_zucchini,tags,tags,image,recall_macro,0.9163348752432201,0.018053199324007816,0.9088828808196994,0.9237868696667408,25
cucumber_zucchini,tags,tags,image,f1_macro,0.9213747842501906,0.016818134045041084,0.9144325997172251,0.9283169687831561,25
cucumber_zucchini,tags,tags,image,roc_auc,0.9756160779992216,0.010516662728177228,0.9712750129836591,0.979957143014784,25
cucumber_zucchini,tags,tags,image,pr_auc,0.974803306314788,0.01081834355433533,0.9703377135745899,0.979268899054986,25
cucumber_zucchini,tags,tags,image,log_loss,0.41762327542711447,0.012234265791628923,0.4125732187131309,0.42267333214109803,25
cucumber_zucchini,tags,tags,image,brier,0.12391251608738721,0.005150364165872939,0.12178655024862607,0.12603848192614833,25
cucumber_zucchini,tags,tags,image,mcc,0.8490648734695436,0.030785579170184808,0.8363572109558977,0.8617725359831896,25
cucumber_zucchini,tags,tags,image,kappa,0.8433226193799915,0.03320281174260804,0.8296171723004766,0.8570280664595065,25
cucumber_zucchini,tags,tags,image,precision_cucumber,0.8945353364224359,0.023041359540432137,0.8850243306597455,0.9040463421851263,25
cucumber_zucchini,tags,tags,image,recall_cucumber,0.9802346386367786,0.011401263051075744,0.975528428554407,0.9849408487191502,25
cucumber_zucchini,tags,tags,image,f1_cucumber,0.9352205281381417,0.012687753461084547,0.9299832809144171,0.9404577753618664,25
cucumber_zucchini,tags,tags,image,precision_zucchini,0.9713267555918079,0.016575214925612543,0.9644848431430785,0.9781686680405374,25
cucumber_zucchini,tags,tags,image,recall_zucchini,0.8524351118496615,0.03616768268857109,0.8375058261939894,0.8673643975053336,25
cucumber_zucchini,tags,tags,image,f1_zucchini,0.9075290403622394,0.021627105330114523,0.8986018100456391,0.9164562706788396,25
cucumber_zucchini,caption_tagsub,w03,caption,accuracy,0.9194347403587351,0.01495227895809784,0.9132627429517992,0.9256067377656709,25
cucumber_zucchini,caption_tagsub,w03,caption,balanced_accuracy,0.915121151330169,0.015037146599999508,0.9089141222824233,0.9213281803779148,25
cucumber_zucchini,caption_tagsub,w03,caption,precision_macro,0.9219543369453035,0.015230057719244072,0.9156676781012516,0.9282409957893554,25
cucumber_zucchini,caption_tagsub,w03,caption,recall_macro,0.915121151330169,0.015037146599999508,0.9089141222824233,0.9213281803779148,25
cucumber_zucchini,caption_tagsub,w03,caption,f1_macro,0.917600551170329,0.014909930403637105,0.9114460343875209,0.9237550679531371,25
cucumber_zucchini,caption_tagsub,w03,caption,roc_auc,0.938142605891164,0.01823293476478387,0.9306164203241051,0.945668791458223,25
cucumber_zucchini,caption_tagsub,w03,caption,pr_auc,0.9273671590145534,0.022003390469697875,0.9182846058262835,0.9364497122028232,25
cucumber_zucchini,caption_tagsub,w03,caption,log_loss,0.3148671597746282,0.02610044469378038,0.3040934257223592,0.3256408938268972,25
cucumber_zucchini,caption_tagsub,w03,caption,brier,0.08595410228608918,0.009970518853466295,0.08183847438201834,0.09006973019016003,25
cucumber_zucchini,caption_tagsub,w03,caption,mcc,0.8370291848692487,0.02973059171358482,0.8247569997744452,0.8493013699640523,25
cucumber_zucchini,caption_tagsub,w03,caption,kappa,0.8353632837621358,0.029779717572400326,0.8230708205094626,0.847655747014809,25
cucumber_zucchini,caption_tagsub,w03,caption,precision_cucumber,0.9092920042184133,0.01985299980866808,0.901097088668591,0.9174869197682356,25
cucumber_zucchini,caption_tagsub,w03,caption,recall_cucumber,0.9506118527779636,0.020514900636695248,0.9421437179947602,0.959079987561167,25
cucumber_zucchini,caption_tagsub,w03,caption,f1_cucumber,0.929293629422516,0.014611728288019526,0.9232622044232074,0.9353250544218247,25
cucumber_zucchini,caption_tagsub,w03,caption,precision_zucchini,0.9346166696721938,0.0231279263219981,0.9250699308983117,0.9441634084460759,25
cucumber_zucchini,caption_tagsub,w03,caption,recall_zucchini,0.8796304498823744,0.0263445368986288,0.8687559595200071,0.8905049402447417,25
cucumber_zucchini,caption_tagsub,w03,caption,f1_zucchini,0.9059074729181422,0.016160761325598086,0.899236638507199,0.9125783073290854,25
cucumber_zucchini,caption_tagsub,w03,image,accuracy,0.9283279703674522,0.01769463699712219,0.9210239831980741,0.9356319575368303,25
cucumber_zucchini,caption_tagsub,w03,image,balanced_accuracy,0.9245313582088625,0.018302296349561122,0.9169765415867926,0.9320861748309323,25
cucumber_zucchini,caption_tagsub,w03,image,precision_macro,0.9306117611816815,0.017546589228453053,0.9233688851276651,0.937854637235698,25
cucumber_zucchini,caption_tagsub,w03,image,recall_macro,0.9245313582088625,0.018302296349561122,0.9169765415867926,0.9320861748309323,25
cucumber_zucchini,caption_tagsub,w03,image,f1_macro,0.9267511383938369,0.017869780174322874,0.9193748556741581,0.9341274211135158,25
cucumber_zucchini,caption_tagsub,w03,image,roc_auc,0.9537209590208711,0.017576360418916963,0.9464657940234193,0.9609761240183228,25
cucumber_zucchini,caption_tagsub,w03,image,pr_auc,0.9496923922178081,0.02085853527411162,0.9410824120278268,0.9583023724077894,25
cucumber_zucchini,caption_tagsub,w03,image,log_loss,0.2993316461159934,0.022870383567805,0.2898912157660986,0.30877207646588817,25
cucumber_zucchini,caption_tagsub,w03,image,brier,0.07927695419103928,0.009502505933026133,0.0753545125256324,0.08319939585644616,25
cucumber_zucchini,caption_tagsub,w03,image,mcc,0.8551015351812516,0.03537753777214857,0.8404984053168759,0.8697046650456274,25
cucumber_zucchini,caption_tagsub,w03,image,kappa,0.8536332228761748,0.03567959270276356,0.8389054108644334,0.8683610348879163,25
cucumber_zucchini,caption_tagsub,w03,image,precision_cucumber,0.9193332030794795,0.022693999609598697,0.909965580449112,0.928700825709847,25
cucumber_zucchini,caption_tagsub,w03,image,recall_cucumber,0.9556583123835044,0.02152776062343317,0.9467720895463492,0.9645445352206596,25
cucumber_zucchini,caption_tagsub,w03,image,f1_cucumber,0.9369213144757239,0.01658601982099218,0.930074941985388,0.9437676869660598,25
cucumber_zucchini,caption_tagsub,w03,image,precision_zucchini,0.9418903192838838,0.02441579114017646,0.9318119760408397,0.9519686625269279,25
cucumber_zucchini,caption_tagsub,w03,image,recall_zucchini,0.8934044040342202,0.031117729014631917,0.8805596368033343,0.9062491712651061,25
cucumber_zucchini,caption_tagsub,w03,image,f1_zucchini,0.9165809623119501,0.019903818044724127,0.9083650700252677,0.9247968545986325,25
cucumber_zucchini,caption_tagsub,w05,caption,accuracy,0.9263652838009545,0.017225062057302083,0.9192551276401507,0.9334754399617583,25
cucumber_zucchini,caption_tagsub,w05,caption,balanced_accuracy,0.9264421652189867,0.016469756670486727,0.9196437837984704,0.933240546639503,25
cucumber_zucchini,caption_tagsub,w05,caption,precision_macro,0.9250847011692366,0.017351490665905592,0.9179223578437437,0.9322470444947295,25
cucumber_zucchini,caption_tagsub,w05,caption,recall_macro,0.9264421652189867,0.016469756670486727,0.9196437837984704,0.933240546639503,25
cucumber_zucchini,caption_tagsub,w05,caption,f1_macro,0.9254112321984629,0.017041816103063337,0.9183767162499346,0.9324457481469912,25
cucumber_zucchini,caption_tagsub,w05,caption,roc_auc,0.9375191787761554,0.020550177164927165,0.9290364825577766,0.9460018749945343,25
cucumber_zucchini,caption_tagsub,w05,caption,pr_auc,0.9124556718239529,0.03396088594730789,0.8984373070923005,0.9264740365556053,25
cucumber_zucchini,caption_tagsub,w05,caption,log_loss,0.3574516707918237,0.02214222768345177,0.3483118084184004,0.366591533165247,25
cucumber_zucchini,caption_tagsub,w05,caption,brier,0.09818778063753761,0.00913030189388308,0.09441897724833463,0.10195658402674058,25
cucumber_zucchini,caption_tagsub,w05,caption,mcc,0.8515212341873363,0.03371464929292339,0.8376045109510447,0.8654379574236278,25
cucumber_zucchini,caption_tagsub,w05,caption,kappa,0.8508856854381197,0.03403649472989194,0.8368361109349429,0.8649352599412965,25
cucumber_zucchini,caption_tagsub,w05,caption,precision_cucumber,0.942346555133435,0.01439940043617543,0.9364027747637294,0.9482903355031407,25
cucumber_zucchini,caption_tagsub,w05,caption,recall_cucumber,0.9244500433687735,0.028028700739702057,0.9128803643405787,0.9360197223969682,25
cucumber_zucchini,caption_tagsub,w05,caption,f1_cucumber,0.9331016820985331,0.017353567429712807,0.9259384815270733,0.9402648826699929,25
cucumber_zucchini,caption_tagsub,w05,caption,precision_zucchini,0.9078228472050379,0.029067086919734572,0.8958245434281665,0.9198211509819093,25
cucumber_zucchini,caption_tagsub,w05,caption,recall_zucchini,0.9284342870692,0.01713002436987389,0.9213633605376728,0.9355052136007271,25
cucumber_zucchini,caption_tagsub,w05,caption,f1_zucchini,0.9177207822983928,0.017289650260542036,0.910583965437636,0.9248575991591497,25
cucumber_zucchini,caption_tagsub,w05,image,accuracy,0.9276606893103876,0.0192498531341582,0.9197147404713596,0.9356066381494156,25
cucumber_zucchini,caption_tagsub,w05,image,balanced_accuracy,0.9272331902026452,0.018640430042931345,0.9195387988518984,0.934927581553392,25
cucumber_zucchini,caption_tagsub,w05,image,precision_macro,0.9267267968340225,0.019609739036620742,0.918632294395706,0.9348212992723389,25
cucumber_zucchini,caption_tagsub,w05,image,recall_macro,0.9272331902026452,0.018640430042931345,0.9195387988518984,0.934927581553392,25
cucumber_zucchini,caption_tagsub,w05,image,f1_macro,0.92666377898967,0.01912975074986914,0.9187674059782786,0.9345601520010615,25
cucumber_zucchini,caption_tagsub,w05,image,roc_auc,0.9515130995893449,0.019909213430835203,0.9432949801967357,0.9597312189819541,25
cucumber_zucchini,caption_tagsub,w05,image,pr_auc,0.9354169489755303,0.03345134513716163,0.9216089123529082,0.9492249855981524,25
cucumber_zucchini,caption_tagsub,w05,image,log_loss,0.34841610467871215,0.02083209982409697,0.3398170365061831,0.3570151728512412,25
cucumber_zucchini,caption_tagsub,w05,image,brier,0.09410469713281594,0.008789519427187727,0.09047656183218107,0.09773283243345081,25
cucumber_zucchini,caption_tagsub,w05,image,mcc,0.8539533809074209,0.03811003843676899,0.8382223302047737,0.8696844316100681,25
cucumber_zucchini,caption_tagsub,w05,image,kappa,0.8533800684025491,0.038234397423421995,0.8375976848331661,0.8691624519719321,25
cucumber_zucchini,caption_tagsub,w05,image,precision_cucumber,0.9401351700973684,0.01757865997399349,0.9328790558902337,0.947391284304503,25
cucumber_zucchini,caption_tagsub,w05,image,recall_cucumber,0.9293978455907961,0.028890610305175417,0.9174723877801146,0.9413233034014775,25
cucumber_zucchini,caption_tagsub,w05,image,f1_cucumber,0.934508349013755,0.018849248563304978,0.9267277616142402,0.9422889364132698,25
cucumber_zucchini,caption_tagsub,w05,image,precision_zucchini,0.9133184235706766,0.030989289726594507,0.9005266734721581,0.9261101736691951,25
cucumber_zucchini,caption_tagsub,w05,image,recall_zucchini,0.9250685348144941,0.021683437340664143,0.9161180517867845,0.9340190178422038,25
cucumber_zucchini,caption_tagsub,w05,image,f1_zucchini,0.918819208965585,0.019915375372783577,0.910598546048351,0.927039871882819,25
cucumber_zucchini,caption_tagsub,w07,caption,accuracy,0.9147666425158166,0.017071981161918093,0.9077196750429719,0.9218136099886614,25
cucumber_zucchini,caption_tagsub,w07,caption,balanced_accuracy,0.9154762532047662,0.016374409384825584,0.9087172292093962,0.9222352772001362,25
cucumber_zucchini,caption_tagsub,w07,caption,precision_macro,0.9131785532577364,0.016725130672042076,0.9062747586303228,0.9200823478851501,25
cucumber_zucchini,caption_tagsub,w07,caption,recall_macro,0.9154762532047662,0.016374409384825584,0.9087172292093962,0.9222352772001362,25
cucumber_zucchini,caption_tagsub,w07,caption,f1_macro,0.9137676207327492,0.016810961134583653,0.9068283970316988,0.9207068444337996,25
cucumber_zucchini,caption_tagsub,w07,caption,roc_auc,0.9384550750264695,0.018826271300703263,0.9306839721748015,0.9462261778781376,25
cucumber_zucchini,caption_tagsub,w07,caption,pr_auc,0.9080926940424088,0.032272345527551614,0.8947713245394735,0.921414063545344,25
cucumber_zucchini,caption_tagsub,w07,caption,log_loss,0.40049174043119357,0.016511717678031338,0.3936760383580542,0.40730744250433293,25
cucumber_zucchini,caption_tagsub,w07,caption,brier,0.11503294505574369,0.007195399849862063,0.11206282997564992,0.11800306013583745,25
cucumber_zucchini,caption_tagsub,w07,caption,mcc,0.8286465231329914,0.03296851193210897,0.8150377902618522,0.8422552560041305,25
cucumber_zucchini,caption_tagsub,w07,caption,kappa,0.8276524174748667,0.03353227449000191,0.8138109748572605,0.841493860092473,25
cucumber_zucchini,caption_tagsub,w07,caption,precision_cucumber,0.9373468807325019,0.014874130969256423,0.9312071412299189,0.943486620235085,25
cucumber_zucchini,caption_tagsub,w07,caption,recall_cucumber,0.907791501300681,0.029027854530416897,0.895809391858186,0.919773610743176,25
cucumber_zucchini,caption_tagsub,w07,caption,f1_cucumber,0.9220902744224178,0.01780828706491102,0.914739374810752,0.9294411740340836,25
cucumber_zucchini,caption_tagsub,w07,caption,precision_zucchini,0.8890102257829708,0.028281718388440534,0.8773361062025166,0.9006843453634251,25
cucumber_zucchini,caption_tagsub,w07,caption,recall_zucchini,0.9231610051088514,0.017957979450105487,0.9157483155174877,0.930573694700215,25
cucumber_zucchini,caption_tagsub,w07,caption,f1_zucchini,0.9054449670430808,0.01658271721620046,0.8985999578010007,0.9122899762851608,25
cucumber_zucchini,caption_tagsub,w07,image,accuracy,0.9264545344864161,0.01736025389809578,0.9192885738764607,0.9336204950963716,25
cucumber_zucchini,caption_tagsub,w07,image,balanced_accuracy,0.9267748063717208,0.016725231927830243,0.919870969947972,0.9336786427954696,25
cucumber_zucchini,caption_tagsub,w07,image,precision_macro,0.9251160632762173,0.017125342481140823,0.9180470693333745,0.9321850572190601,25
cucumber_zucchini,caption_tagsub,w07,image,recall_macro,0.9267748063717208,0.016725231927830243,0.919870969947972,0.9336786427954696,25
cucumber_zucchini,caption_tagsub,w07,image,f1_macro,0.9255398149302974,0.017125169285155766,0.9184708924792435,0.9326087373813512,25
cucumber_zucchini,caption_tagsub,w07,image,roc_auc,0.9499802121919292,0.01916657183705976,0.9420686401827596,0.9578917842010988,25
cucumber_zucchini,caption_tagsub,w07,image,pr_auc,0.9337114324453313,0.03204832688237322,0.9204825332943083,0.9469403315963543,25
cucumber_zucchini,caption_tagsub,w07,image,log_loss,0.3940658431145087,0.01582948214551838,0.3875317540282183,0.4005999322007991,25
cucumber_zucchini,caption_tagsub,w07,image,brier,0.11168441460410673,0.007078537451331272,0.10876253795126019,0.11460629125695328,25
cucumber_zucchini,caption_tagsub,w07,image,mcc,0.8518844207520482,0.03372605874727082,0.8379629879244733,0.865805853579623,25
cucumber_zucchini,caption_tagsub,w07,image,kappa,0.8511543739551763,0.03418472156932039,0.8370436144198614,0.8652651334904913,25
cucumber_zucchini,caption_tagsub,w07,image,precision_cucumber,0.943760128623193,0.015455533738489066,0.9373803978527808,0.9501398593936052,25
cucumber_zucchini,caption_tagsub,w07,image,recall_cucumber,0.9229411658097797,0.028597089776421305,0.9111368673185191,0.9347454643010403,25
cucumber_zucchini,caption_tagsub,w07,image,f1_cucumber,0.9330076284575846,0.017937211237793772,0.9256035115629244,0.9404117453522447,25
cucumber_zucchini,caption_tagsub,w07,image,precision_zucchini,0.9064719979292417,0.02854960085963923,0.8946873018993889,0.9182566939590945,25
cucumber_zucchini,caption_tagsub,w07,image,recall_zucchini,0.9306084469336617,0.01783064661159025,0.92324831775475,0.9379685761125734,25
cucumber_zucchini,caption_tagsub,w07,image,f1_zucchini,0.9180720014030102,0.016817488755263173,0.9111300832325735,0.9250139195734468,25
cucumber_zucchini,caption_tagsub,w10,caption,accuracy,0.9037769308634036,0.01840138390133481,0.8961812129102176,0.9113726488165896,25
cucumber_zucchini,caption_tagsub,w10,caption,balanced_accuracy,0.9047130024288705,0.018166437025954493,0.8972142657793158,0.9122117390784252,25
cucumber_zucchini,caption_tagsub,w10,caption,precision_macro,0.9019760892415944,0.018408919755521395,0.8943772606406852,0.9095749178425037,25
cucumber_zucchini,caption_tagsub,w10,caption,recall_macro,0.9047130024288705,0.018166437025954493,0.8972142657793158,0.9122117390784252,25
cucumber_zucchini,caption_tagsub,w10,caption,f1_macro,0.9026629027232562,0.01839452136149494,0.8950700174872912,0.9102557879592212,25
cucumber_zucchini,caption_tagsub,w10,caption,roc_auc,0.9378808675574787,0.018843965206188293,0.9301024610205946,0.9456592740943628,25
cucumber_zucchini,caption_tagsub,w10,caption,pr_auc,0.8975210511633251,0.034997468968662335,0.8830748059903164,0.9119672963363339,25
cucumber_zucchini,caption_tagsub,w10,caption,log_loss,0.4545135249214838,0.011537103873599136,0.44975124250346893,0.45927580733949863,25
cucumber_zucchini,caption_tagsub,w10,caption,brier,0.13776726962014915,0.0054705740771627456,0.135509127626322,0.1400254116139763,25
cucumber_zucchini,caption_tagsub,w10,caption,mcc,0.806676721732687,0.03639958283698376,0.7916517124004648,0.8217017310649092,25
cucumber_zucchini,caption_tagsub,w10,caption,kappa,0.8054791305237174,0.03671760818782977,0.7903228467786608,0.8206354142687741,25
cucumber_zucchini,caption_tagsub,w10,caption,precision_cucumber,0.9301533041910822,0.01909058799388504,0.9222730967708397,0.9380335116113248,25
cucumber_zucchini,caption_tagsub,w10,caption,recall_cucumber,0.8950956467159146,0.026600197408578663,0.8841156248817972,0.906075668550032,25
cucumber_zucchini,caption_tagsub,w10,caption,f1_cucumber,0.9120515627087555,0.017997489730518297,0.9046225640752091,0.9194805613423019,25
cucumber_zucchini,caption_tagsub,w10,caption,precision_zucchini,0.8737988742921068,0.027709150096468446,0.8623610992864995,0.8852366492977141,25
cucumber_zucchini,caption_tagsub,w10,caption,recall_zucchini,0.9143303581418266,0.02490006495824587,0.904052116491473,0.9246085997921802,25
cucumber_zucchini,caption_tagsub,w10,caption,f1_zucchini,0.8932742427377566,0.019893355978360873,0.8850626689798179,0.9014858164956953,25
cucumber_zucchini,caption_tagsub,w10,image,accuracy,0.9135117145070937,0.02024104717584821,0.905156620876678,0.9218668081375093,25
cucumber_zucchini,caption_tagsub,w10,image,balanced_accuracy,0.913916043845093,0.019905424688595377,0.9056994883684155,0.9221325993217704,25
cucumber_zucchini,caption_tagsub,w10,image,precision_macro,0.9119923973702061,0.020371816866355384,0.903583324664562,0.9204014700758502,25
cucumber_zucchini,caption_tagsub,w10,image,recall_macro,0.913916043845093,0.019905424688595377,0.9056994883684155,0.9221325993217704,25
cucumber_zucchini,caption_tagsub,w10,image,f1_macro,0.9124018540289787,0.02031849849035936,0.9040147900672398,0.9207889179907175,25
cucumber_zucchini,caption_tagsub,w10,image,roc_auc,0.9488664960459885,0.01814908027925836,0.941374923909342,0.956358068182635,25
cucumber_zucchini,caption_tagsub,w10,image,pr_auc,0.9176571738410189,0.034746191117426106,0.9033146510671572,0.9319996966148805,25
cucumber_zucchini,caption_tagsub,w10,image,log_loss,0.4504008902488099,0.01109790646199859,0.4458198996120097,0.45498188088561015,25
cucumber_zucchini,caption_tagsub,w10,image,brier,0.13534988061046038,0.005330799523542593,0.133149434716667,0.13755032650425378,25
cucumber_zucchini,caption_tagsub,w10,image,mcc,0.825898053165929,0.04011029928566288,0.8093413353654992,0.8424547709663588,25
cucumber_zucchini,caption_tagsub,w10,image,kappa,0.8249206312596332,0.04056055066769646,0.8081780588232533,0.8416632036960131,25
cucumber_zucchini,caption_tagsub,w10,image,precision_cucumber,0.934925664696891,0.019304828053124626,0.9269570233266269,0.9428943060671551,25
cucumber_zucchini,caption_tagsub,w10,image,recall_cucumber,0.9086291641462638,0.029763459048935723,0.8963434120822292,0.9209149162102984,25
cucumber_zucchini,caption_tagsub,w10,image,f1_cucumber,0.9213128027071749,0.019493497487541554,0.9132662824220475,0.9293593229923022,25
cucumber_zucchini,caption_tagsub,w10,image,precision_zucchini,0.8890591300435213,0.03162419209090689,0.8760053051297071,0.9021129549573356,25
cucumber_zucchini,caption_tagsub,w10,image,recall_zucchini,0.9192029235439222,0.025949683652291496,0.9084914205909889,0.9299144264968555,25
cucumber_zucchini,caption_tagsub,w10,image,f1_zucchini,0.9034909053507826,0.02206308181444859,0.8943837127863982,0.912598097915167,25
cucumber_zucchini,caption_noclass_tagsub,w03,caption,accuracy,0.6872673780415203,0.023891312672263885,0.6774055288695822,0.6971292272134584,25
cucumber_zucchini,caption_noclass_tagsub,w03,caption,balanced_accuracy,0.6863646913827819,0.023099838124081562,0.6768295468471555,0.6958998359184083,25
cucumber_zucchini,caption_noclass_tagsub,w03,caption,precision_macro,0.6852310595793395,0.022401803936483302,0.6759840493948633,0.6944780697638157,25
cucumber_zucchini,caption_noclass_tagsub,w03,caption,recall_macro,0.6863646913827819,0.023099838124081562,0.6768295468471555,0.6958998359184083,25
cucumber_zucchini,caption_noclass_tagsub,w03,caption,f1_macro,0.6839891830652287,0.023800554307352822,0.6741647971050497,0.6938135690254077,25
cucumber_zucchini,caption_noclass_tagsub,w03,caption,roc_auc,0.7597987994316111,0.02118708757205334,0.7510531995186015,0.7685443993446207,25
cucumber_zucchini,caption_noclass_tagsub,w03,caption,pr_auc,0.7136139857098542,0.025342261662881897,0.7031532142309697,0.7240747571887388,25
cucumber_zucchini,caption_noclass_tagsub,w03,caption,log_loss,0.593184967267235,0.013294444358455379,0.5876972903494231,0.598672644185047,25
cucumber_zucchini,caption_noclass_tagsub,w03,caption,brier,0.20295483679958334,0.006281247628480818,0.20036206521045313,0.20554760838871355,25
cucumber_zucchini,caption_noclass_tagsub,w03,caption,mcc,0.37158339706484306,0.045425408121572024,0.3528327101681474,0.39033408396153874,25
cucumber_zucchini,caption_noclass_tagsub,w03,caption,kappa,0.3697327722077825,0.04632744599588474,0.3506097423768212,0.3888558020387438,25
cucumber_zucchini,caption_noclass_tagsub,w03,caption,precision_cucumber,0.7326141553044451,0.030735186229649422,0.7199272939742964,0.7453010166345937,25
cucumber_zucchini,caption_noclass_tagsub,w03,caption,recall_cucumber,0.6954447876352515,0.0473371137347718,0.675904987445488,0.7149845878250151,25
cucumber_zucchini,caption_noclass_tagsub,w03,caption,f1_cucumber,0.7123795776182488,0.02923797488804056,0.7003107347549802,0.7244484204815174,25
cucumber_zucchini,caption_noclass_tagsub,w03,caption,precision_zucchini,0.637847963854234,0.03545662729936894,0.6232121874375643,0.6524837402709037,25
cucumber_zucchini,caption_noclass_tagsub,w03,caption,recall_zucchini,0.6772845951303123,0.0458963246351672,0.6583395234506053,0.6962296668100192,25
cucumber_zucchini,caption_noclass_tagsub,w03,caption,f1_zucchini,0.6555987885122088,0.027587184290234892,0.6442113585170122,0.6669862185074054,25
cucumber_zucchini,caption_noclass_tagsub,w03,image,accuracy,0.7074239338156982,0.02580141865347826,0.696773631646323,0.7180742359850735,25
cucumber_zucchini,caption_noclass_tagsub,w03,image,balanced_accuracy,0.7063273257142646,0.026193745896286175,0.6955150788184656,0.7171395726100636,25
cucumber_zucchini,caption_noclass_tagsub,w03,image,precision_macro,0.7051408234784529,0.02585509077553133,0.6944683665459767,0.7158132804109291,25
cucumber_zucchini,caption_noclass_tagsub,w03,image,recall_macro,0.7063273257142646,0.026193745896286175,0.6955150788184656,0.7171395726100636,25
cucumber_zucchini,caption_noclass_tagsub,w03,image,f1_macro,0.7041936835926838,0.025868193479174243,0.6935158181299671,0.7148715490554004,25
cucumber_zucchini,caption_noclass_tagsub,w03,image,roc_auc,0.7808221368934904,0.023882052464952445,0.7709641101472624,0.7906801636397185,25
cucumber_zucchini,caption_noclass_tagsub,w03,image,pr_auc,0.7417882610791279,0.028943102269100927,0.7298411356506779,0.7537353865075779,25
cucumber_zucchini,caption_noclass_tagsub,w03,image,log_loss,0.5854270421761033,0.012801432534629854,0.5801428705371031,0.5907112138151035,25
cucumber_zucchini,caption_noclass_tagsub,w03,image,brier,0.1990972498187743,0.006140157400705725,0.19656271741327705,0.20163178222427156,25
cucumber_zucchini,caption_noclass_tagsub,w03,image,mcc,0.411456146338391,0.05196301688074639,0.39000686717878597,0.43290542549799604,25
cucumber_zucchini,caption_noclass_tagsub,w03,image,kappa,0.40965935783029184,0.051627722657160154,0.38834848132384314,0.43097023433674053,25
cucumber_zucchini,caption_noclass_tagsub,w03,image,precision_cucumber,0.7504076799580446,0.03505603324523278,0.7359372606398006,0.7648780992762886,25
cucumber_zucchini,caption_noclass_tagsub,w03,image,recall_cucumber,0.7160871586201325,0.04133792540101079,0.699023701664966,0.733150615575299,25
cucumber_zucchini,caption_noclass_tagsub,w03,image,f1_cucumber,0.7318644264696892,0.027444747827422965,0.7205357913566368,0.7431930615827416,25
cucumber_zucchini,caption_noclass_tagsub,w03,image,precision_zucchini,0.6598739669988611,0.035366363488338534,0.645275449652142,0.6744724843455803,25
cucumber_zucchini,caption_noclass_tagsub,w03,image,recall_zucchini,0.6965674928083966,0.050385270867624156,0.675769475194211,0.7173655104225821,25
cucumber_zucchini,caption_noclass_tagsub,w03,image,f1_zucchini,0.6765229407156784,0.03151036807276669,0.6635161000473279,0.689529781384029,25
cucumber_zucchini,caption_noclass_tagsub,w05,caption,accuracy,0.6864901982030763,0.02118844882990814,0.677744036390441,0.6952363600157117,25
cucumber_zucchini,caption_noclass_tagsub,w05,caption,balanced_accuracy,0.6921250877682904,0.021777806858710867,0.6831356509180692,0.7011145246185116,25
cucumber_zucchini,caption_noclass_tagsub,w05,caption,precision_macro,0.6901982506868027,0.021602149713365465,0.6812813215425051,0.6991151798311004,25
cucumber_zucchini,caption_noclass_tagsub,w05,caption,recall_macro,0.6921250877682904,0.021777806858710867,0.6831356509180692,0.7011145246185116,25
cucumber_zucchini,caption_noclass_tagsub,w05,caption,f1_macro,0.6855912436219385,0.020981610950053197,0.6769304602898477,0.6942520269540292,25
cucumber_zucchini,caption_noclass_tagsub,w05,caption,roc_auc,0.7685284214792019,0.025725003348474374,0.7579096619974434,0.7791471809609604,25
cucumber_zucchini,caption_noclass_tagsub,w05,caption,pr_auc,0.7201741271702582,0.03288657542272603,0.706599216027891,0.7337490383126254,25
cucumber_zucchini,caption_noclass_tagsub,w05,caption,log_loss,0.5942355438840119,0.015675021973778153,0.5877652128229782,0.6007058749450456,25
cucumber_zucchini,caption_noclass_tagsub,w05,caption,brier,0.2033544369916028,0.0070731037021213895,0.20043480328019198,0.20627407070301362,25
cucumber_zucchini,caption_noclass_tagsub,w05,caption,mcc,0.3823101160148527,0.04330128156241032,0.364436225468191,0.4001840065615144,25
cucumber_zucchini,caption_noclass_tagsub,w05,caption,kappa,0.3761522228973664,0.04192478514622966,0.3588465221453929,0.39345792364933985,25
cucumber_zucchini,caption_noclass_tagsub,w05,caption,precision_cucumber,0.7590350977712298,0.03253901998750178,0.7456036504614317,0.7724665450810279,25
cucumber_zucchini,caption_noclass_tagsub,w05,caption,recall_cucumber,0.6442890361103256,0.03381383537189397,0.6303313708728898,0.6582467013477614,25
cucumber_zucchini,caption_noclass_tagsub,w05,caption,f1_cucumber,0.6963241536928034,0.02512494283257101,0.6859530870181775,0.7066952203674294,25
cucumber_zucchini,caption_noclass_tagsub,w05,caption,precision_zucchini,0.6213614036023756,0.028140964409997207,0.6097453844086519,0.6329774227960993,25
cucumber_zucchini,caption_noclass_tagsub,w05,caption,recall_zucchini,0.7399611394262553,0.03815868717536089,0.7242100075112871,0.7557122713412235,25
cucumber_zucchini,caption_noclass_tagsub,w05,caption,f1_zucchini,0.6748583335510735,0.024316715321787686,0.6648208867958424,0.6848957803063046,25
cucumber_zucchini,caption_noclass_tagsub,w05,image,accuracy,0.6979762352962642,0.022511825437460022,0.6886838104682652,0.7072686601242631,25
cucumber_zucchini,caption_noclass_tagsub,w05,image,balanced_accuracy,0.7040899221642115,0.023258504113847955,0.6944892835269735,0.7136905608014495,25
cucumber_zucchini,caption_noclass_tagsub,w05,image,precision_macro,0.7021847984441583,0.02308746590484078,0.6926547609096309,0.7117148359786857,25
cucumber_zucchini,caption_noclass_tagsub,w05,image,recall_macro,0.7040899221642115,0.023258504113847955,0.6944892835269735,0.7136905608014495,25
cucumber_zucchini,caption_noclass_tagsub,w05,image,f1_macro,0.6971376817553947,0.022540339732409553,0.6878334868049293,0.7064418767058601,25
cucumber_zucchini,caption_noclass_tagsub,w05,image,roc_auc,0.7849190958317871,0.02753651957909993,0.7735525792014778,0.7962856124620964,25
cucumber_zucchini,caption_noclass_tagsub,w05,image,pr_auc,0.7454982444312321,0.03458036043442642,0.7312241731989939,0.7597723156634704,25
cucumber_zucchini,caption_noclass_tagsub,w05,image,log_loss,0.5891706197646088,0.015182205331509284,0.5829037134154001,0.5954375261138175,25
cucumber_zucchini,caption_noclass_tagsub,w05,image,brier,0.20077500778545496,0.0070000289162821935,0.19788553786312107,0.20366447770778884,25
cucumber_zucchini,caption_noclass_tagsub,w05,image,mcc,0.40626111696074674,0.046261074361408694,0.38716548399397105,0.4253567499275224,25
cucumber_zucchini,caption_noclass_tagsub,w05,image,kappa,0.39934872437597496,0.044934030724888795,0.38080086809972546,0.41789658065222446,25
cucumber_zucchini,caption_noclass_tagsub,w05,image,precision_cucumber,0.7728537033282372,0.03278993140562073,0.7593186848754487,0.7863887217810257,25
cucumber_zucchini,caption_noclass_tagsub,w05,image,recall_cucumber,0.6521397676898837,0.033940547752728055,0.6381297981523392,0.6661497372274282,25
cucumber_zucchini,caption_noclass_tagsub,w05,image,f1_cucumber,0.7067257712921403,0.02518972702339816,0.6963279630178615,0.7171235795664191,25
cucumber_zucchini,caption_noclass_tagsub,w05,image,precision_zucchini,0.6315158935600796,0.029994045952859094,0.6191349599001775,0.6438968272199818,25
cucumber_zucchini,caption_noclass_tagsub,w05,image,recall_zucchini,0.7560400766385393,0.04049878499634061,0.7393229998182134,0.7727571534588653,25
cucumber_zucchini,caption_noclass_tagsub,w05,image,f1_zucchini,0.6875495922186488,0.02687822078063138,0.6764548079769956,0.6986443764603019,25
cucumber_zucchini,caption_noclass_tagsub,w07,caption,accuracy,0.687105820240894,0.02291712931743662,0.6776460941939138,0.6965655462878741,25
cucumber_zucchini,caption_noclass_tagsub,w07,caption,balanced_accuracy,0.6944802038196787,0.022855479090044713,0.6850459257358261,0.7039144819035312,25
cucumber_zucchini,caption_noclass_tagsub,w07,caption,precision_macro,0.6930710648182478,0.022231852372156493,0.6838942071916037,0.7022479224448919,25
cucumber_zucchini,caption_noclass_tagsub,w07,caption,recall_macro,0.6944802038196787,0.022855479090044713,0.6850459257358261,0.7039144819035312,25
cucumber_zucchini,caption_noclass_tagsub,w07,caption,f1_macro,0.6865162815430792,0.022557529285181982,0.6772049910939654,0.695827571992193,25
cucumber_zucchini,caption_noclass_tagsub,w07,caption,roc_auc,0.7676958558277437,0.026285269881547356,0.7568458296876377,0.7785458819678497,25
cucumber_zucchini,caption_noclass_tagsub,w07,caption,pr_auc,0.712542988623937,0.03697742520571867,0.6972794576849788,0.7278065195628951,25
cucumber_zucchini,caption_noclass_tagsub,w07,caption,log_loss,0.599342189994416,0.012346783939010833,0.5942456880719247,0.6044386919169074,25
cucumber_zucchini,caption_noclass_tagsub,w07,caption,brier,0.20568259046674178,0.0059736540621646945,0.20321678726142875,0.20814839367205482,25
cucumber_zucchini,caption_noclass_tagsub,w07,caption,mcc,0.3875398064576084,0.045005417203617545,0.3689624832912053,0.4061171296240115,25
cucumber_zucchini,caption_noclass_tagsub,w07,caption,kappa,0.3795295001773208,0.0442346771140929,0.3612703228833495,0.3977886774712921,25
cucumber_zucchini,caption_noclass_tagsub,w07,caption,precision_cucumber,0.7664415341276678,0.03403624806612052,0.7523920614422916,0.780491006813044,25
cucumber_zucchini,caption_noclass_tagsub,w07,caption,recall_cucumber,0.6343284748159488,0.03850436575569906,0.6184346537960315,0.6502222958358661,25
cucumber_zucchini,caption_noclass_tagsub,w07,caption,f1_cucumber,0.6933113451885262,0.027459221812943843,0.6819767355078943,0.7046459548691582,25
cucumber_zucchini,caption_noclass_tagsub,w07,caption,precision_zucchini,0.6197005955088278,0.030815126534470872,0.6069807364426518,0.6324204545750038,25
cucumber_zucchini,caption_noclass_tagsub,w07,caption,recall_zucchini,0.7546319328234086,0.037215133351824824,0.7392702807842833,0.7699935848625339,25
cucumber_zucchini,caption_noclass_tagsub,w07,caption,f1_zucchini,0.6797212178976322,0.02317665007080243,0.6701543669487351,0.6892880688465293,25
cucumber_zucchini,caption_noclass_tagsub,w07,image,accuracy,0.6970785349326856,0.02600952123701355,0.6863423322387444,0.7078147376266267,25
cucumber_zucchini,caption_noclass_tagsub,w07,image,balanced_accuracy,0.7049982001936165,0.025786108425530824,0.694354217775729,0.7156421826115039,25
cucumber_zucchini,caption_noclass_tagsub,w07,image,precision_macro,0.7037712317515976,0.02515093014656834,0.6933894380409757,0.7141530254622195,25
cucumber_zucchini,caption_noclass_tagsub,w07,image,recall_macro,0.7049982001936165,0.025786108425530824,0.694354217775729,0.7156421826115039,25
cucumber_zucchini,caption_noclass_tagsub,w07,image,f1_macro,0.6965228905328665,0.025781226028489385,0.6858809234694253,0.7071648575963078,25
cucumber_zucchini,caption_noclass_tagsub,w07,image,roc_auc,0.7825553442498148,0.02741145906031568,0.7712404500644726,0.7938702384351569,25
cucumber_zucchini,caption_noclass_tagsub,w07,image,pr_auc,0.737537364990398,0.03807848227077556,0.7218193400328716,0.7532553899479244,25
cucumber_zucchini,caption_noclass_tagsub,w07,image,log_loss,0.5948455519046221,0.012541101802606371,0.5896688395102961,0.600022264298948,25
cucumber_zucchini,caption_noclass_tagsub,w07,image,brier,0.2035081449403874,0.005966723198810322,0.20104520265485598,0.20597108722591884,25
cucumber_zucchini,caption_noclass_tagsub,w07,image,mcc,0.40875666197430854,0.05084724219625861,0.3877679519679866,0.4297453719806305,25
cucumber_zucchini,caption_noclass_tagsub,w07,image,kappa,0.3997944385739832,0.05020057633601061,0.3790726591154252,0.42051621803254124,25
cucumber_zucchini,caption_noclass_tagsub,w07,image,precision_cucumber,0.779779638303765,0.034394718914263524,0.7655821961248153,0.7939770804827146,25
cucumber_zucchini,caption_noclass_tagsub,w07,image,recall_cucumber,0.6389437197953539,0.039717991113807895,0.6225489388492453,0.6553385007414625,25
cucumber_zucchini,caption_noclass_tagsub,w07,image,f1_cucumber,0.7016594113471423,0.030439445160076052,0.6890946259306151,0.7142241967636694,25
cucumber_zucchini,caption_noclass_tagsub,w07,image,precision_zucchini,0.6277628251994303,0.03250056503548859,0.6143472513136616,0.6411783990851989,25
cucumber_zucchini,caption_noclass_tagsub,w07,image,recall_zucchini,0.7710526805918789,0.03651249032206374,0.7559810653404461,0.7861242958433118,25
cucumber_zucchini,caption_noclass_tagsub,w07,image,f1_zucchini,0.6913863697185906,0.026233947119246034,0.680557528573543,0.7022152108636381,25
cucumber_zucchini,caption_noclass_tagsub,w10,caption,accuracy,0.6785987609708389,0.02725660537471999,0.6673477872452894,0.6898497346963884,25
cucumber_zucchini,caption_noclass_tagsub,w10,caption,balanced_accuracy,0.6888605789307192,0.02844782983520973,0.6771178919150536,0.7006032659463848,25
cucumber_zucchini,caption_noclass_tagsub,w10,caption,precision_macro,0.6893193770423061,0.028789642407290598,0.6774355967314676,0.7012031573531445,25
cucumber_zucchini,caption_noclass_tagsub,w10,caption,recall_macro,0.6888605789307192,0.02844782983520973,0.6771178919150536,0.7006032659463848,25
cucumber_zucchini,caption_noclass_tagsub,w10,caption,f1_macro,0.6782029460679534,0.02729413338834531,0.6669364815397355,0.6894694105961713,25
cucumber_zucchini,caption_noclass_tagsub,w10,caption,roc_auc,0.759203079916296,0.03471212077277145,0.7448746206894997,0.7735315391430923,25
cucumber_zucchini,caption_noclass_tagsub,w10,caption,pr_auc,0.7040789642259374,0.04843699568371815,0.6840851550816957,0.7240727733701792,25
cucumber_zucchini,caption_noclass_tagsub,w10,caption,log_loss,0.6097458330992425,0.014707822121588878,0.6036747425149568,0.6158169236835281,25
cucumber_zucchini,caption_noclass_tagsub,w10,caption,brier,0.21023191209779327,0.006900457272069801,0.20738354333011316,0.21308028086547337,25
cucumber_zucchini,caption_noclass_tagsub,w10,caption,mcc,0.3781650853956256,0.05713715413523913,0.35458002734857785,0.40175014344267335,25
cucumber_zucchini,caption_noclass_tagsub,w10,caption,kappa,0.36629400784368477,0.0544116518502584,0.34383398184577413,0.3887540338415954,25
cucumber_zucchini,caption_noclass_tagsub,w10,caption,precision_cucumber,0.7726260440762961,0.04161271446439402,0.755449159770596,0.7898029283819962,25
cucumber_zucchini,caption_noclass_tagsub,w10,caption,recall_cucumber,0.6039170332770966,0.031097067749498317,0.5910807945972888,0.6167532719569043,25
cucumber_zucchini,caption_noclass_tagsub,w10,caption,f1_cucumber,0.6772877969091637,0.028458752817181736,0.665540601108142,0.6890349927101855,25
cucumber_zucchini,caption_noclass_tagsub,w10,caption,precision_zucchini,0.6060127100083159,0.03128371693419645,0.5930994263317426,0.6189259936848892,25
cucumber_zucchini,caption_noclass_tagsub,w10,caption,recall_zucchini,0.7738041245843419,0.04478615547943682,0.7553173082093702,0.7922909409593136,25
cucumber_zucchini,caption_noclass_tagsub,w10,caption,f1_zucchini,0.6791180952267429,0.030756184938102258,0.66642256605576,0.6918136243977259,25
cucumber_zucchini,caption_noclass_tagsub,w10,image,accuracy,0.6951375369766333,0.028930243668701592,0.683195719317557,0.7070793546357096,25
cucumber_zucchini,caption_noclass_tagsub,w10,image,balanced_accuracy,0.7062933224055489,0.03093641546068942,0.6935233977313001,0.7190632470797976,25
cucumber_zucchini,caption_noclass_tagsub,w10,image,precision_macro,0.7075302599976296,0.03176670228100777,0.6944176097685422,0.7206429102267171,25
cucumber_zucchini,caption_noclass_tagsub,w10,image,recall_macro,0.7062933224055489,0.03093641546068942,0.6935233977313001,0.7190632470797976,25
cucumber_zucchini,caption_noclass_tagsub,w10,image,f1_macro,0.6947043394840122,0.02892007738316565,0.6827667182613548,0.7066419607066696,25
cucumber_zucchini,caption_noclass_tagsub,w10,image,roc_auc,0.7698067507046191,0.03627339875051668,0.7548338276033089,0.7847796738059294,25
cucumber_zucchini,caption_noclass_tagsub,w10,image,pr_auc,0.7214349278253046,0.050512530640802945,0.7005843799585557,0.7422854756920535,25
cucumber_zucchini,caption_noclass_tagsub,w10,image,log_loss,0.6070335793185161,0.014643587052163627,0.600989003667709,0.6130781549693232,25
cucumber_zucchini,caption_noclass_tagsub,w10,image,brier,0.20883434810898943,0.00686685248644764,0.2059998507150512,0.21166884550292767,25
cucumber_zucchini,caption_noclass_tagsub,w10,image,mcc,0.4138010507211758,0.06255160285006997,0.38798101809121843,0.43962108335113315,25
cucumber_zucchini,caption_noclass_tagsub,w10,image,kappa,0.3995279744335461,0.05837640532322656,0.3754313786376217,0.4236245702294705,25
cucumber_zucchini,caption_noclass_tagsub,w10,image,precision_cucumber,0.7952782330333957,0.04819304850638188,0.7753851203348375,0.8151713457319539,25
cucumber_zucchini,caption_noclass_tagsub,w10,image,recall_cucumber,0.6148243078402749,0.032493759407113174,0.6014115431798293,0.6282370725007205,25
cucumber_zucchini,caption_noclass_tagsub,w10,image,f1_cucumber,0.6925888529401658,0.029267650702162314,0.680507760502881,0.7046699453774506,25
cucumber_zucchini,caption_noclass_tagsub,w10,image,precision_zucchini,0.6197822869618634,0.03126101316060998,0.6068783749424199,0.632686198981307,25
cucumber_zucchini,caption_noclass_tagsub,w10,image,recall_zucchini,0.7977623369708229,0.053379205944562,0.7757284836968573,0.8197961902447884,25
cucumber_zucchini,caption_noclass_tagsub,w10,image,f1_zucchini,0.696819826027859,0.0328923743463804,0.683242521207454,0.710397130848264,25
hotpot_vase,caption,w03,caption,accuracy,0.9956399816368265,0.002399158117807131,0.9946496578391345,0.9966303054345186,25
hotpot_vase,caption,w03,caption,balanced_accuracy,0.9955056564092827,0.0024902361827086198,0.9944777374341615,0.9965335753844039,25
hotpot_vase,caption,w03,caption,precision_macro,0.9957549858174554,0.0023229689430781875,0.9947961113653903,0.9967138602695205,25
hotpot_vase,caption,w03,caption,recall_macro,0.9955056564092827,0.0024902361827086198,0.9944777374341615,0.9965335753844039,25
hotpot_vase,caption,w03,caption,f1_macro,0.9956220155086508,0.0024094555449941557,0.9946274411419268,0.9966165898753748,25
hotpot_vase,caption,w03,caption,roc_auc,0.9998667401965795,0.00016861960894166045,0.9997971374429081,0.9999363429502509,25
hotpot_vase,caption,w03,caption,pr_auc,0.9998861183221421,0.0001417232712968576,0.9998276178309864,0.9999446188132979,25
hotpot_vase,caption,w03,caption,log_loss,0.036781354778194164,0.004333702454156197,0.0349924903258628,0.038570219230525525,25
hotpot_vase,caption,w03,caption,brier,0.005422003140559453,0.001429800046144262,0.004831810688828888,0.006012195592290018,25
hotpot_vase,caption,w03,caption,mcc,0.9912605706919693,0.004807587819793425,0.9892760959747349,0.9932450454092037,25
hotpot_vase,caption,w03,caption,kappa,0.9912441299143434,0.004818819671507401,0.9892550189165896,0.9932332409120972,25
hotpot_vase,caption,w03,caption,precision_hotpot,0.9973832262649216,0.0022217780246721304,0.9964661213710461,0.9983003311587971,25
hotpot_vase,caption,w03,caption,recall_hotpot,0.9933190051262579,0.004360905479767745,0.9915189118168403,0.9951190984356756,25
hotpot_vase,caption,w03,caption,f1_hotpot,0.9953417227161907,0.002566959164466458,0.9942821340507306,0.9964013113816508,25
hotpot_vase,caption,w03,caption,precision_vase,0.9941267453699889,0.0038191250401953584,0.9925502880345616,0.9957032027054162,25
hotpot_vase,caption,w03,caption,recall_vase,0.9976923076923078,0.001961161351381844,0.9968827800738602,0.9985018353107553,25
hotpot_vase,caption,w03,caption,f1_vase,0.9959023083011111,0.002251996275981872,0.994972729926153,0.9968318866760693,25
hotpot_vase,caption,w03,image,accuracy,0.9974687200033386,0.002065356396109399,0.9966161827843028,0.9983212572223745,25
hotpot_vase,caption,w03,image,balanced_accuracy,0.9974035431058406,0.002115584382118541,0.9965302727931892,0.998276813418492,25
hotpot_vase,caption,w03,image,precision_macro,0.9975228416899449,0.0020307407129711175,0.9966845931226368,0.998361090257253,25
hotpot_vase,caption,w03,image,recall_macro,0.9974035431058406,0.002115584382118541,0.9965302727931892,0.998276813418492,25
hotpot_vase,caption,w03,image,f1_macro,0.997458648617421,0.0020737267364403064,0.9966026562917112,0.9983146409431307,25
hotpot_vase,caption,w03,image,roc_auc,0.9999284251727009,0.00013692184796020975,0.9998719066116888,0.9999849437337129,25
hotpot_vase,caption,w03,image,pr_auc,0.9999408619767028,0.00011224570985171607,0.9998945292248804,0.9999871947285253,25
hotpot_vase,caption,w03,image,log_loss,0.03540795444476364,0.004010535735348034,0.03375248665765512,0.03706342223187216,25
hotpot_vase,caption,w03,image,brier,0.004149210362370573,0.0012859824377984778,0.0036183829016403378,0.004680037823100809,25
hotpot_vase,caption,w03,image,mcc,0.9949263459479607,0.004139338809311766,0.9932177108650347,0.9966349810308867,25
hotpot_vase,caption,w03,image,kappa,0.9949173364572494,0.004147404853163267,0.9932053718750629,0.996629301039436,25
hotpot_vase,caption,w03,image,precision_hotpot,0.998262368730567,0.0025058924791624107,0.9972279871538994,0.9992967503072345,25
hotpot_vase,caption,w03,image,recall_hotpot,0.9963455477501424,0.0034846814204850165,0.9949071419558482,0.9977839535444366,25
hotpot_vase,caption,w03,image,f1_hotpot,0.9972988222622032,0.0022052816445305174,0.996388526739377,0.9982091177850295,25
hotpot_vase,caption,w03,image,precision_vase,0.9967833146493231,0.0030526781910162303,0.9955232310238128,0.9980433982748335,25
hotpot_vase,caption,w03,image,recall_vase,0.9984615384615384,0.00222057795842163,0.9975449289306645,0.9993781479924123,25
hotpot_vase,caption,w03,image,f1_vase,0.9976184749726384,0.0019422256860816413,0.9968167636126662,0.9984201863326106,25
hotpot_vase,caption,w05,caption,accuracy,0.9965217478402404,0.0024966713584634137,0.9954911725551223,0.9975523231253585,25
hotpot_vase,caption,w05,caption,balanced_accuracy,0.9963544098961605,0.0025883875424019833,0.9952859760310206,0.9974228437613004,25
hotpot_vase,caption,w05,caption,precision_macro,0.9966786191461294,0.002415640775002281,0.995681491641942,0.9976757466503169,25
hotpot_vase,caption,w05,caption,recall_macro,0.9963544098961605,0.0025883875424019833,0.9952859760310206,0.9974228437613004,25
hotpot_vase,caption,w05,caption,f1_macro,0.9965070498109008,0.002507348912468433,0.9954720670481121,0.9975420325736895,25
hotpot_vase,caption,w05,caption,roc_auc,0.999945138701056,6.834618722116443e-05,0.9999169267815562,0.9999733506205557,25
hotpot_vase,caption,w05,caption,pr_auc,0.9999519901047256,5.9422626857452706e-05,0.9999274616499058,0.9999765185595454,25
hotpot_vase,caption,w05,caption,log_loss,0.04535833996200379,0.003627419622222413,0.04386101473385857,0.046855665190149005,25
hotpot_vase,caption,w05,caption,brier,0.005666578778135039,0.001316400327690972,0.005123195429565428,0.0062099621267046505,25
hotpot_vase,caption,w05,caption,mcc,0.9930329479711153,0.005001307757987424,0.9909685095935215,0.9950973863487091,25
hotpot_vase,caption,w05,caption,kappa,0.9930141979028511,0.005014602674158228,0.9909442716535848,0.9950841241521173,25
hotpot_vase,caption,w05,caption,precision_hotpot,0.9989505540532996,0.0018206753223493815,0.9981990162175018,0.9997020918890973,25
hotpot_vase,caption,w05,caption,recall_hotpot,0.9936318967153978,0.004278768854646042,0.9918657077384692,0.9953980856923264,25
hotpot_vase,caption,w05,caption,f1_hotpot,0.9962805248127455,0.0026709430754749243,0.995178013698413,0.9973830359270781,25
hotpot_vase,caption,w05,caption,precision_vase,0.9944066842389592,0.0037507804574938458,0.9928584381607184,0.9959549303172,25
hotpot_vase,caption,w05,caption,recall_vase,0.9990769230769232,0.0016012815380508638,0.9984159465442942,0.9997378996095522,25
hotpot_vase,caption,w05,caption,f1_vase,0.9967335748090561,0.002343770376739155,0.9957661139471885,0.9977010356709237,25
hotpot_vase,caption,w05,image,accuracy,0.9975505195943408,0.0021240491847028305,0.9966737551829138,0.9984272840057679,25
hotpot_vase,caption,w05,image,balanced_accuracy,0.9974403324034992,0.0021830656691339775,0.9965392071846061,0.9983414576223922,25
hotpot_vase,caption,w05,image,precision_macro,0.9976494498111687,0.002079400352585038,0.9967911155318189,0.9985077840905184,25
hotpot_vase,caption,w05,image,recall_macro,0.9974403324034992,0.0021830656691339775,0.9965392071846061,0.9983414576223922,25
hotpot_vase,caption,w05,image,f1_macro,0.997540519121076,0.002132641430050615,0.996660208005086,0.998420830237066,25
hotpot_vase,caption,w05,image,roc_auc,0.9999712345372493,4.4901265375195054e-05,0.9999527002058447,0.999989768868654,25
hotpot_vase,caption,w05,image,pr_auc,0.9999749322466918,3.8971949885451034e-05,0.9999588454164293,0.9999910190769542,25
hotpot_vase,caption,w05,image,log_loss,0.044669754336630445,0.003518465085594535,0.04321740333077105,0.04612210534248984,25
hotpot_vase,caption,w05,image,brier,0.004901905980749403,0.001271345969537374,0.004377120157177449,0.005426691804321358,25
hotpot_vase,caption,w05,image,mcc,0.9950897461548373,0.004260341231363634,0.9933311637269461,0.9968483285827284,25
hotpot_vase,caption,w05,image,kappa,0.9950810697956775,0.004265256235116257,0.9933204585539511,0.9968416810374038,25
hotpot_vase,caption,w05,image,precision_hotpot,0.9991273970001899,0.0017811967875862127,0.9983921551026148,0.999862638897765,25
hotpot_vase,caption,w05,image,recall_hotpot,0.9956498955762294,0.003320712995753296,0.9942791726211264,0.9970206185313324,25
hotpot_vase,caption,w05,image,f1_hotpot,0.9973837140119008,0.00226799665726492,0.9964475310041596,0.9983198970196421,25
hotpot_vase,caption,w05,image,precision_vase,0.9961715026221475,0.002921521214232496,0.9949655579357835,0.9973774473085115,25
hotpot_vase,caption,w05,image,recall_vase,0.9992307692307691,0.0015701857325533138,0.998582628415788,0.9998789100457502,25
hotpot_vase,caption,w05,image,f1_vase,0.9976973242302516,0.0019972920666611184,0.996872882585545,0.9985217658749582,25
hotpot_vase,caption,w07,caption,accuracy,0.9962603564125037,0.0026412932448849464,0.9951700841467125,0.9973506286782948,25
hotpot_vase,caption,w07,caption,balanced_accuracy,0.9960921265937405,0.0027422449795460237,0.9949601834999571,0.9972240696875239,25
hotpot_vase,caption,w07,caption,precision_macro,0.9964170395243126,0.002548881120320375,0.9953649131087146,0.9974691659399106,25
hotpot_vase,caption,w07,caption,recall_macro,0.9960921265937405,0.0027422449795460237,0.9949601834999571,0.9972240696875239,25
hotpot_vase,caption,w07,caption,f1_macro,0.9962444946538611,0.0026529831242123785,0.9951493970430441,0.9973395922646782,25
hotpot_vase,caption,w07,caption,roc_auc,0.9998720060755649,0.00015330518524513237,0.9998087248053014,0.9999352873458285,25
hotpot_vase,caption,w07,caption,pr_auc,0.9998848897740636,0.00013940547252230744,0.9998273460232193,0.999942433524908,25
hotpot_vase,caption,w07,caption,log_loss,0.05452659684647064,0.00390270535172407,0.05291563925409438,0.0561375544388469,25
hotpot_vase,caption,w07,caption,brier,0.0069917831772351655,0.0014283313307901354,0.006402196981405965,0.007581369373064366,25
hotpot_vase,caption,w07,caption,mcc,0.9925090790738138,0.005288199274287062,0.9903262176986531,0.9946919404489745,25
hotpot_vase,caption,w07,caption,kappa,0.992489110374106,0.005305816763308293,0.9902989768568953,0.9946792438913168,25
hotpot_vase,caption,w07,caption,precision_hotpot,0.998670385933633,0.0019072846930730878,0.9978830975067032,0.9994576743605628,25
hotpot_vase,caption,w07,caption,recall_hotpot,0.9933534839567116,0.0045990909713506,0.9914550725085982,0.9952518954048251,25
hotpot_vase,caption,w07,caption,f1_hotpot,0.9960005244753803,0.002829082108401202,0.994832736776529,0.9971683121742317,25
hotpot_vase,caption,w07,caption,precision_vase,0.9941636931149922,0.004024143512199754,0.9925026083136694,0.995824777916315,25
hotpot_vase,caption,w07,caption,recall_vase,0.9988307692307693,0.001678263402251649,0.9981380161463813,0.9995235223151573,25
hotpot_vase,caption,w07,caption,f1_vase,0.996488464832342,0.002476905181282633,0.9954660486241543,0.9975108810405297,25
hotpot_vase,caption,w07,image,accuracy,0.9973056216351571,0.0024798257448275978,0.9962819998775896,0.9983292433927247,25
hotpot_vase,caption,w07,image,balanced_accuracy,0.9971794628382818,0.0025613262049117903,0.9961221993442463,0.9982367263323174,25
hotpot_vase,caption,w07,image,precision_macro,0.9974211384433118,0.002411555723908615,0.9964256971653397,0.998416579721284,25
hotpot_vase,caption,w07,image,recall_macro,0.9971794628382818,0.0025613262049117903,0.9961221993442463,0.9982367263323174,25
hotpot_vase,caption,w07,image,f1_macro,0.997294421040679,0.0024902455546235657,0.9962664981970214,0.9983223438843366,25
hotpot_vase,caption,w07,image,roc_auc,0.9999444640796835,7.597689088036467e-05,0.9999131023605226,0.9999758257988445,25
hotpot_vase,caption,w07,image,pr_auc,0.9999511464458907,6.688395659014598e-05,0.9999235381055301,0.9999787547862512,25
hotpot_vase,caption,w07,image,log_loss,0.053687024740199034,0.003729871788072514,0.05214740933650707,0.055226640143891,25
hotpot_vase,caption,w07,image,brier,0.006084274158402245,0.0013843315678033423,0.005512850172081128,0.0066556981447233625,25
hotpot_vase,caption,w07,image,mcc,0.9946005522513297,0.004971118387087602,0.9925485754335711,0.9966525290690883,25
hotpot_vase,caption,w07,image,kappa,0.9945888962692401,0.004980423667513286,0.9925330784205043,0.9966447141179758,25
hotpot_vase,caption,w07,image,precision_hotpot,0.9991258647853734,0.0017843329381817205,0.9983893283484576,0.9998624012222891,25
hotpot_vase,caption,w07,image,recall_hotpot,0.9951281564457944,0.0040317058481378395,0.9934639500656186,0.9967923628259703,25
hotpot_vase,caption,w07,image,f1_hotpot,0.9971203733529782,0.002651310088654149,0.9960259663372976,0.9982147803686588,25
hotpot_vase,caption,w07,image,precision_vase,0.9957164121012503,0.003541008776048424,0.9942547555173306,0.99717806868517,25
hotpot_vase,caption,w07,image,recall_vase,0.9992307692307691,0.0015701857325533138,0.998582628415788,0.9998789100457502,25
hotpot_vase,caption,w07,image,f1_vase,0.9974684687283802,0.0023291888489867644,0.9965070268253435,0.998429910631417,25
hotpot_vase,caption,w10,caption,accuracy,0.9959828053920954,0.002764515223196879,0.9948416695935445,0.9971239411906463,25
hotpot_vase,caption,w10,caption,balanced_accuracy,0.9957498649063106,0.0029040696315835034,0.994551123879212,0.9969486059334092,25
hotpot_vase,caption,w10,caption,precision_macro,0.9962148633556488,0.002615425912900653,0.9951352685997127,0.9972944581115849,25
hotpot_vase,caption,w10,caption,recall_macro,0.9957498649063106,0.0029040696315835034,0.994551123879212,0.9969486059334092,25
hotpot_vase,caption,w10,caption,f1_macro,0.9959650110455783,0.002777816608227167,0.9948183847051411,0.9971116373860156,25
hotpot_vase,caption,w10,caption,roc_auc,0.9999125519416979,8.490570557130294e-05,0.9998775045889774,0.9999475992944185,25
hotpot_vase,caption,w10,caption,pr_auc,0.9999219055278143,7.59834388408706e-05,0.9998905411057881,0.9999532699498406,25
hotpot_vase,caption,w10,caption,log_loss,0.06311529787026779,0.004157969625867998,0.061398972364243395,0.06483162337629218,25
hotpot_vase,caption,w10,caption,brier,0.007965919626522704,0.0015299812259136486,0.007334374416226492,0.008597464836818915,25
hotpot_vase,caption,w10,caption,mcc,0.9919645723648343,0.005518610941909976,0.9896866017277958,0.9942425430018728,25
hotpot_vase,caption,w10,caption,kappa,0.9919302610959636,0.005555282120962145,0.9896371533401853,0.9942233688517419,25
hotpot_vase,caption,w10,caption,precision_hotpot,0.9994724721937144,0.0010768229815384255,0.9990279815131693,0.9999169628742595,25
hotpot_vase,caption,w10,caption,recall_hotpot,0.9919612682741598,0.005247187743102023,0.9897953356270437,0.9941272009212758,25
hotpot_vase,caption,w10,caption,f1_hotpot,0.9956971974356028,0.002970092462201017,0.9944712035234751,0.9969231913477306,25
hotpot_vase,caption,w10,caption,precision_vase,0.9929572545175831,0.004569315046697469,0.9910711339670822,0.994843375068084,25
hotpot_vase,caption,w10,caption,recall_vase,0.9995384615384616,0.0009421114395320063,0.9991495770494729,0.9999273460274503,25
hotpot_vase,caption,w10,caption,f1_vase,0.996232824655554,0.0025855633390868215,0.9951655565642461,0.9973000927468618,25
hotpot_vase,caption,w10,image,accuracy,0.9962442302074205,0.002985057880012495,0.9950120588744337,0.9974764015404073,25
hotpot_vase,caption,w10,image,balanced_accuracy,0.9960486483328708,0.0031028268821425673,0.9947678643450638,0.9973294323206777,25
hotpot_vase,caption,w10,image,precision_macro,0.9964327446109111,0.0028711612706527547,0.9952475874875707,0.9976179017342516,25
hotpot_vase,caption,w10,image,recall_macro,0.9960486483328708,0.0031028268821425673,0.9947678643450638,0.9973294323206777,25
hotpot_vase,caption,w10,image,f1_macro,0.9962279476673279,0.002998659128539766,0.9949901620148868,0.9974657333197691,25
hotpot_vase,caption,w10,image,roc_auc,0.999960517591389,4.7758853102622276e-05,0.9999408037057443,0.9999802314770337,25
hotpot_vase,caption,w10,image,pr_auc,0.9999651720131807,4.208920121013144e-05,0.9999477984448132,0.9999825455815482,25
hotpot_vase,caption,w10,image,log_loss,0.06235344138745434,0.004001557783582127,0.06070167951669303,0.06400520325821565,25
hotpot_vase,caption,w10,image,brier,0.007116252755657443,0.0014373013096650857,0.006522963934528674,0.007709541576786212,25
hotpot_vase,caption,w10,image,mcc,0.9924812808259574,0.005972169273948052,0.9900160905110973,0.9949464711408176,25
hotpot_vase,caption,w10,image,kappa,0.9924560641457725,0.005997078107251108,0.9899805919698672,0.9949315363216777,25
hotpot_vase,caption,w10,image,precision_hotpot,0.9991227935178538,0.0017906074562289165,0.9983836670871836,0.999861919948524,25
hotpot_vase,caption,w10,image,recall_hotpot,0.9928665274349724,0.005154948344393623,0.9907386693403203,0.9949943855296245,25
hotpot_vase,caption,w10,image,f1_hotpot,0.9959802252799748,0.0032005896930477357,0.9946590867872063,0.9973013637727433,25
hotpot_vase,caption,w10,image,precision_vase,0.9937426957039683,0.004502714101865924,0.9918840666723157,0.995601324735621,25
hotpot_vase,caption,w10,image,recall_vase,0.9992307692307691,0.0015701857325533138,0.998582628415788,0.9998789100457502,25
hotpot_vase,caption,w10,image,f1_vase,0.9964756700546812,0.002796751643982172,0.995321227715632,0.9976301123937303,25
hotpot_vase,caption_noclass,w03,caption,accuracy,0.9928470431117232,0.003542208172631077,0.9913848914412272,0.9943091947822192,25
hotpot_vase,caption_noclass,w03,caption,balanced_accuracy,0.9925273064509064,0.0037098928345669154,0.990995937953895,0.9940586749479178,25
hotpot_vase,caption_noclass,w03,caption,precision_macro,0.9931646954925364,0.0033628275100149744,0.9917765885203518,0.994552802464721,25
hotpot_vase,caption_noclass,w03,caption,recall_macro,0.9925273064509064,0.0037098928345669154,0.990995937953895,0.9940586749479178,25
hotpot_vase,caption_noclass,w03,caption,f1_macro,0.992814303249429,0.003560505119342998,0.9913445989705327,0.9942840075283252,25
hotpot_vase,caption_noclass,w03,caption,roc_auc,0.9995331749791884,0.00041513987955004025,0.9993618136591328,0.9997045362992439,25
hotpot_vase,caption_noclass,w03,caption,pr_auc,0.9995591493994327,0.0004047677143949835,0.999392069498726,0.9997262293001393,25
hotpot_vase,caption_noclass,w03,caption,log_loss,0.04511551494647233,0.006151061376398261,0.04257648160102552,0.04765454829191915,25
hotpot_vase,caption_noclass,w03,caption,brier,0.007995848070543033,0.002156321544394175,0.0071057622837665015,0.008885933857319565,25
hotpot_vase,caption_noclass,w03,caption,mcc,0.9856917018737776,0.0070681113571761595,0.9827741289010771,0.9886092748464782,25
hotpot_vase,caption_noclass,w03,caption,kappa,0.9856292449810664,0.00712029890734781,0.982690130046419,0.9885683599157138,25
hotpot_vase,caption_noclass,w03,caption,precision_hotpot,0.9974000464089906,0.0022608367492218456,0.9964668188660316,0.9983332739519496,25
hotpot_vase,caption_noclass,w03,caption,recall_hotpot,0.9873315359787356,0.006711653549370782,0.9845611015573972,0.990101970400074,25
hotpot_vase,caption_noclass,w03,caption,f1_hotpot,0.9923297445871807,0.0038160899351553966,0.9907545400815386,0.9939049490928228,25
hotpot_vase,caption_noclass,w03,caption,precision_vase,0.9889293445760822,0.005813645426768029,0.9865295896892577,0.9913290994629066,25
hotpot_vase,caption_noclass,w03,caption,recall_vase,0.9977230769230769,0.0019796798099443813,0.9969059052606313,0.9985402485855226,25
hotpot_vase,caption_noclass,w03,caption,f1_vase,0.9932988619116775,0.003305013095173229,0.9919346195570196,0.9946631042663354,25
hotpot_vase,caption_noclass,w03,image,accuracy,0.9960802971495347,0.0031689448344302154,0.9947722210124029,0.9973883732866665,25
hotpot_vase,caption_noclass,w03,image,balanced_accuracy,0.9958832498429991,0.003327662936977152,0.9945096580931572,0.9972568415928411,25
hotpot_vase,caption_noclass,w03,image,precision_macro,0.9962755024460483,0.0030073853055553375,0.995034114804769,0.9975168900873277,25
hotpot_vase,caption_noclass,w03,image,recall_macro,0.9958832498429991,0.003327662936977152,0.9945096580931572,0.9972568415928411,25
hotpot_vase,caption_noclass,w03,image,f1_macro,0.9960629277383829,0.003184078206119238,0.9947486048524388,0.997377250624327,25
hotpot_vase,caption_noclass,w03,image,roc_auc,0.9998253859298097,0.00023220878716893867,0.9997295348534426,0.9999212370061769,25
hotpot_vase,caption_noclass,w03,image,pr_auc,0.9998521093817159,0.0001922218999187848,0.9997727640811647,0.9999314546822671,25
hotpot_vase,caption_noclass,w03,image,log_loss,0.042705005763196684,0.005532781660094876,0.040421185741182336,0.04498882578521103,25
hotpot_vase,caption_noclass,w03,image,brier,0.006109348373049755,0.001883889798528691,0.00533171688395994,0.0068869798621395695,25
hotpot_vase,caption_noclass,w03,image,mcc,0.9921586014081559,0.006331527982264985,0.9895450751090551,0.9947721277072568,25
hotpot_vase,caption_noclass,w03,image,kappa,0.9921260974123401,0.006367797380027264,0.9894975998416647,0.9947545949830155,25
hotpot_vase,caption_noclass,w03,image,precision_hotpot,0.9989511520582619,0.00190498549196034,0.9981648126949061,0.9997374914216177,25
hotpot_vase,caption_noclass,w03,image,recall_hotpot,0.9926895766090753,0.006117620133105254,0.9901643471304148,0.9952148060877358,25
hotpot_vase,caption_noclass,w03,image,f1_hotpot,0.9958016945976975,0.0034035672267376414,0.9943967710969639,0.9972066180984311,25
hotpot_vase,caption_noclass,w03,image,precision_vase,0.9935998528338347,0.00532862666198185,0.9914003038532112,0.9957994018144581,25
hotpot_vase,caption_noclass,w03,image,recall_vase,0.9990769230769232,0.0016764995936694837,0.9983848980569343,0.9997689480969121,25
hotpot_vase,caption_noclass,w03,image,f1_vase,0.9963241608790683,0.002964643062268754,0.9951004163686769,0.9975479053894597,25
hotpot_vase,caption_noclass,w05,caption,accuracy,0.9945293101289596,0.0029642789708013957,0.9933057159081394,0.9957529043497798,25
hotpot_vase,caption_noclass,w05,caption,balanced_accuracy,0.9942913525434125,0.003041991031900763,0.9930356803603674,0.9955470247264576,25
hotpot_vase,caption_noclass,w05,caption,precision_macro,0.9947538319346951,0.002901412011596946,0.9935561879192101,0.9959514759501802,25
hotpot_vase,caption_noclass,w05,caption,recall_macro,0.9942913525434125,0.003041991031900763,0.9930356803603674,0.9955470247264576,25
hotpot_vase,caption_noclass,w05,caption,f1_macro,0.9945056807700374,0.00297724199792472,0.9932767356746104,0.9957346258654645,25
hotpot_vase,caption_noclass,w05,caption,roc_auc,0.9994968248747645,0.0004682227863592864,0.9993035520077068,0.9996900977418223,25
hotpot_vase,caption_noclass,w05,caption,pr_auc,0.9995001186356007,0.0004794191196504783,0.999302224149308,0.9996980131218934,25
hotpot_vase,caption_noclass,w05,caption,log_loss,0.056838855528292605,0.005386103273911724,0.05461558136833133,0.05906212968825388,25
hotpot_vase,caption_noclass,w05,caption,brier,0.008531611972448772,0.0018981216138512472,0.007748105878724242,0.009315118066173304,25
hotpot_vase,caption_noclass,w05,caption,mcc,0.9890450327475716,0.0059376623452089775,0.9865940861928296,0.9914959793023136,25
hotpot_vase,caption_noclass,w05,caption,kappa,0.9890115955923042,0.005954308540025905,0.9865537778260545,0.991469413358554,25
hotpot_vase,caption_noclass,w05,caption,precision_hotpot,0.9979006935781258,0.0028749434096470338,0.9967139752645393,0.9990874118917124,25
hotpot_vase,caption_noclass,w05,caption,recall_hotpot,0.9904288589329788,0.004724606021379429,0.988478637418622,0.9923790804473357,25
hotpot_vase,caption_noclass,w05,caption,f1_hotpot,0.994145605842522,0.003173559065667948,0.9928356250443473,0.9954555866406967,25
hotpot_vase,caption_noclass,w05,caption,precision_vase,0.9916069702912641,0.004121139581490468,0.9899058474803628,0.9933080931021654,25
hotpot_vase,caption_noclass,w05,caption,recall_vase,0.9981538461538462,0.002531848417709174,0.9971087504923322,0.9991989418153602,25
hotpot_vase,caption_noclass,w05,caption,f1_vase,0.9948657556975529,0.0027810099394309663,0.9937178112147799,0.9960137001803259,25
hotpot_vase,caption_noclass,w05,image,accuracy,0.9966523934727266,0.0026266916904976374,0.995568148432355,0.9977366385130982,25
hotpot_vase,caption_noclass,w05,image,balanced_accuracy,0.9964834309415664,0.0027191202303326716,0.9953610332751109,0.9976058286080219,25
hotpot_vase,caption_noclass,w05,image,precision_macro,0.9968114390690515,0.002546006945928649,0.9957604990543321,0.9978623790837708,25
hotpot_vase,caption_noclass,w05,image,recall_macro,0.9964834309415664,0.0027191202303326716,0.9953610332751109,0.9976058286080219,25
hotpot_vase,caption_noclass,w05,image,f1_macro,0.9966381968077969,0.0026379530355033413,0.9955493033126733,0.9977270903029204,25
hotpot_vase,caption_noclass,w05,image,roc_auc,0.9997624424939027,0.0002715208573730611,0.9996503641925059,0.9998745207952995,25
hotpot_vase,caption_noclass,w05,image,pr_auc,0.9997804456227424,0.0002583242839609071,0.9996738145991223,0.9998870766463624,25
hotpot_vase,caption_noclass,w05,image,log_loss,0.0552966154451454,0.004972037953519663,0.05324425904901957,0.05734897184127123,25
hotpot_vase,caption_noclass,w05,image,brier,0.007135527158371513,0.0017229790813366758,0.006424316348834325,0.0078467379679087,25
hotpot_vase,caption_noclass,w05,image,mcc,0.9932947914348889,0.005263283091480496,0.9911222149544994,0.9954673679152783,25
hotpot_vase,caption_noclass,w05,image,kappa,0.9932764876231058,0.005275811508071711,0.9910987396665198,0.9954542355796918,25
hotpot_vase,caption_noclass,w05,image,precision_hotpot,0.9991243392323603,0.0017874401876792803,0.9983865201858908,0.9998621582788298,25
hotpot_vase,caption_noclass,w05,image,recall_hotpot,0.9937360926523638,0.004362493220788667,0.9919353439556643,0.9955368413490634,25
hotpot_vase,caption_noclass,w05,image,f1_hotpot,0.9964197756281211,0.002810295728529212,0.995259742565749,0.9975798086904932,25
hotpot_vase,caption_noclass,w05,image,precision_vase,0.9944985389057424,0.0038259209738120293,0.9929192763467918,0.9960778014646929,25
hotpot_vase,caption_noclass,w05,image,recall_vase,0.9992307692307691,0.0015701857325533138,0.998582628415788,0.9998789100457502,25
hotpot_vase,caption_noclass,w05,image,f1_vase,0.9968566179874725,0.00246562026847463,0.9958388599623473,0.9978743760125977,25
hotpot_vase,caption_noclass,w07,caption,accuracy,0.9941533324986436,0.002949024678439777,0.9929360349402361,0.9953706300570511,25
hotpot_vase,caption_noclass,w07,caption,balanced_accuracy,0.9938768500533071,0.003063785071265303,0.9926121817329627,0.9951415183736514,25
hotpot_vase,caption_noclass,w07,caption,precision_macro,0.9944219027155364,0.0028344532590876105,0.9932518979146499,0.995591907516423,25
hotpot_vase,caption_noclass,w07,caption,recall_macro,0.9938768500533071,0.003063785071265303,0.9926121817329627,0.9951415183736514,25
hotpot_vase,caption_noclass,w07,caption,f1_macro,0.9941273541035058,0.0029632953250203885,0.9929041659117082,0.9953505422953035,25
hotpot_vase,caption_noclass,w07,caption,roc_auc,0.9994009983788757,0.0006550608853526015,0.9991306025350641,0.9996713942226874,25
hotpot_vase,caption_noclass,w07,caption,pr_auc,0.9993509083288576,0.0007326785298176359,0.9990484734960924,0.9996533431616229,25
hotpot_vase,caption_noclass,w07,caption,log_loss,0.06485636447107636,0.005041245313764805,0.06277544068069772,0.066937288261455,25
hotpot_vase,caption_noclass,w07,caption,brier,0.009461724393265593,0.001780052746528161,0.008726954732629296,0.01019649405390189,25
hotpot_vase,caption_noclass,w07,caption,mcc,0.988298552589327,0.005894299174731571,0.9858655054716202,0.9907315997070337,25
hotpot_vase,caption_noclass,w07,caption,kappa,0.9882550593336826,0.005926200372215517,0.9858088440488556,0.9907012746185097,25
hotpot_vase,caption_noclass,w07,caption,precision_hotpot,0.9981394863496995,0.002155420865340102,0.9972497723449638,0.9990292003544352,25
hotpot_vase,caption_noclass,w07,caption,recall_hotpot,0.9893844693373838,0.005185595348725481,0.9872439607810999,0.9915249778936677,25
hotpot_vase,caption_noclass,w07,caption,f1_hotpot,0.9937369947351901,0.003169025076763169,0.9924288854756511,0.995045103994729,25
hotpot_vase,caption_noclass,w07,caption,precision_vase,0.9907043190813732,0.0045064924553983084,0.9888441304220364,0.99256450774071,25
hotpot_vase,caption_noclass,w07,caption,recall_vase,0.9983692307692307,0.0018884053989253362,0.9975897353319082,0.9991487262065532,25
hotpot_vase,caption_noclass,w07,caption,f1_vase,0.9945177134718215,0.0027576214034167757,0.9933794233022162,0.9956560036414268,25
hotpot_vase,caption_noclass,w07,image,accuracy,0.9964891281666042,0.002917142815304791,0.99528499079449,0.9976932655387184,25
hotpot_vase,caption_noclass,w07,image,balanced_accuracy,0.9963095178980882,0.0030245174124501565,0.9950610584706532,0.9975579773255232,25
hotpot_vase,caption_noclass,w07,image,precision_macro,0.9966597437821959,0.0028196856078029388,0.9954958347681584,0.9978236527962334,25
hotpot_vase,caption_noclass,w07,image,recall_macro,0.9963095178980882,0.0030245174124501565,0.9950610584706532,0.9975579773255232,25
hotpot_vase,caption_noclass,w07,image,f1_macro,0.9964740559401838,0.0029299822680547657,0.995264618702457,0.9976834931779106,25
hotpot_vase,caption_noclass,w07,image,roc_auc,0.9997175884681105,0.0003728485176274779,0.9995636841642632,0.9998714927719579,25
hotpot_vase,caption_noclass,w07,image,pr_auc,0.9997304508587745,0.00036518773343536973,0.9995797087712223,0.9998811929463268,25
hotpot_vase,caption_noclass,w07,image,log_loss,0.06316959846284001,0.004693990433932642,0.06123201444186215,0.06510718248381786,25
hotpot_vase,caption_noclass,w07,image,brier,0.007835883744683733,0.0016760028579466768,0.007144063767123612,0.008527703722243854,25
hotpot_vase,caption_noclass,w07,image,mcc,0.9929691709863523,0.0058428227399307505,0.9905573722965941,0.9953809696761104,25
hotpot_vase,caption_noclass,w07,image,kappa,0.9929482347093007,0.0058598129798659755,0.9905294227931898,0.9953670466254116,25
hotpot_vase,caption_noclass,w07,image,precision_hotpot,0.9991228002676987,0.001790585067004233,0.9983836830788462,0.9998619174565513,25
hotpot_vase,caption_noclass,w07,image,recall_hotpot,0.9933882665654074,0.004880374545329375,0.991373746964545,0.9954027861662696,25
hotpot_vase,caption_noclass,w07,image,f1_hotpot,0.9962435767751299,0.0031239242452291193,0.9949540842238572,0.9975330693264025,25
hotpot_vase,caption_noclass,w07,image,precision_vase,0.9941966872966925,0.0042748950318451644,0.9924320973552253,0.9959612772381597,25
hotpot_vase,caption_noclass,w07,image,recall_vase,0.9992307692307691,0.0015701857325533138,0.998582628415788,0.9998789100457502,25
hotpot_vase,caption_noclass,w07,image,f1_vase,0.9967045351052376,0.0027360513673006805,0.9955751486089351,0.99783392160154,25
hotpot_vase,caption_noclass,w10,caption,accuracy,0.9931899336421686,0.0034602597098323936,0.9917616086345721,0.994618258649765,25
hotpot_vase,caption_noclass,w10,caption,balanced_accuracy,0.9927916577821267,0.0036463902982458597,0.99128650184379,0.9942968137204635,25
hotpot_vase,caption_noclass,w10,caption,precision_macro,0.9936139434918675,0.003234754578444585,0.9922787024275332,0.9949491845562017,25
hotpot_vase,caption_noclass,w10,caption,recall_macro,0.9927916577821267,0.0036463902982458597,0.99128650184379,0.9942968137204635,25
hotpot_vase,caption_noclass,w10,caption,f1_macro,0.9931573628126984,0.0034794346882453613,0.9917211227630287,0.9945936028623681,25
hotpot_vase,caption_noclass,w10,caption,roc_auc,0.999631579851324,0.00035728547915005464,0.9994840996540223,0.9997790600486257,25
hotpot_vase,caption_noclass,w10,caption,pr_auc,0.9996426347138617,0.00035775699445896324,0.9994949598846065,0.999790309543117,25
hotpot_vase,caption_noclass,w10,caption,log_loss,0.07197303321979431,0.0058427456919528395,0.06956126633387835,0.07438480010571027,25
hotpot_vase,caption_noclass,w10,caption,brier,0.010471684058796235,0.0021515993505984874,0.009583547497816234,0.011359820619776237,25
hotpot_vase,caption_noclass,w10,caption,mcc,0.9864051574860274,0.006879220577948147,0.9835655547948376,0.9892447601772172,25
hotpot_vase,caption_noclass,w10,caption,kappa,0.9863156161433568,0.006957733401769257,0.9834436049513363,0.9891876273353774,25
hotpot_vase,caption_noclass,w10,caption,precision_hotpot,0.9991532515817915,0.0014266300346941559,0.9985643676464754,0.9997421355171076,25
hotpot_vase,caption_noclass,w10,caption,recall_hotpot,0.9863217771027151,0.0067969592012607945,0.9835161302389298,0.9891274239665003,25
hotpot_vase,caption_noclass,w10,caption,f1_hotpot,0.9926857476267272,0.003738024024984455,0.9911427671450279,0.9942287281084266,25
hotpot_vase,caption_noclass,w10,caption,precision_vase,0.9880746354019437,0.005858584192465688,0.9856563307043424,0.990492940099545,25
hotpot_vase,caption_noclass,w10,caption,recall_vase,0.9992615384615385,0.0012459005757185994,0.9987472559803071,0.99977582094277,25
hotpot_vase,caption_noclass,w10,caption,f1_vase,0.9936289779986693,0.0032209451060970762,0.992299437204358,0.9949585187929807,25
hotpot_vase,caption_noclass,w10,image,accuracy,0.9942843787821878,0.004038506620604107,0.9926173651811098,0.9959513923832658,25
hotpot_vase,caption_noclass,w10,image,balanced_accuracy,0.9939601729199223,0.004222729206736777,0.9922171159727367,0.995703229867108,25
hotpot_vase,caption_noclass,w10,image,precision_macro,0.9946199805307034,0.0038326407410037336,0.9930379441881845,0.9962020168732224,25
hotpot_vase,caption_noclass,w10,image,recall_macro,0.9939601729199223,0.004222729206736777,0.9922171159727367,0.995703229867108,25
hotpot_vase,caption_noclass,w10,image,f1_macro,0.994257592490089,0.004059644604995525,0.9925818535578949,0.9959333314222832,25
hotpot_vase,caption_noclass,w10,image,roc_auc,0.9998373910122534,0.00019129416246234103,0.9997584286629027,0.9999163533616042,25
hotpot_vase,caption_noclass,w10,image,pr_auc,0.9998525848467592,0.00017557049575450705,0.9997801129080288,0.9999250567854896,25
hotpot_vase,caption_noclass,w10,image,log_loss,0.07052169710734177,0.005448433700264654,0.06827269421192139,0.07277070000276215,25
hotpot_vase,caption_noclass,w10,image,brier,0.009119380228266558,0.001979872483647993,0.008302129034024958,0.009936631422508158,25
hotpot_vase,caption_noclass,w10,image,mcc,0.9885798453838465,0.008054250406603554,0.9852552142180102,0.9919044765496827,25
hotpot_vase,caption_noclass,w10,image,kappa,0.988515814231002,0.00811831067813436,0.9851647402847118,0.9918668881772922,25
hotpot_vase,caption_noclass,w10,image,precision_hotpot,0.9991157892896706,0.0018049353936058891,0.9983707485771317,0.9998608300022095,25
hotpot_vase,caption_noclass,w10,image,recall_hotpot,0.9886895766090753,0.007317181632061815,0.9856691924799587,0.991709960738192,25
hotpot_vase,caption_noclass,w10,image,f1_hotpot,0.9938657391815433,0.004352634414528742,0.9920690600000556,0.995662418363031,25
hotpot_vase,caption_noclass,w10,image,precision_vase,0.9901241717717363,0.006337458722992605,0.987508197383184,0.9927401461602886,25
hotpot_vase,caption_noclass,w10,image,recall_vase,0.9992307692307691,0.0015701857325533138,0.998582628415788,0.9998789100457502,25
hotpot_vase,caption_noclass,w10,image,f1_vase,0.9946494457986345,0.0037667217810837808,0.9930946194654281,0.9962042721318408,25
hotpot_vase,tags,tags,caption,accuracy,0.9708839665165199,0.012783485309965042,0.9656072031277539,0.9761607299052858,25
hotpot_vase,tags,tags,caption,balanced_accuracy,0.971202495546816,0.01243809253831005,0.9660683032869731,0.9763366878066589,25
hotpot_vase,tags,tags,caption,precision_macro,0.9698843032439487,0.014124665694706585,0.9640539278017923,0.9757146786861051,25
hotpot_vase,tags,tags,caption,recall_macro,0.971202495546816,0.01243809253831005,0.9660683032869731,0.9763366878066589,25
hotpot_vase,tags,tags,caption,f1_macro,0.970103606777575,0.01310700778144067,0.9646932998761024,0.9755139136790476,25
hotpot_vase,tags,tags,caption,roc_auc,0.9943069668283403,0.0052888729871149965,0.9921238273581923,0.9964901062984883,25
hotpot_vase,tags,tags,caption,pr_auc,0.9906956960320901,0.009513488965067606,0.9867687207938767,0.9946226712703035,25
hotpot_vase,tags,tags,caption,log_loss,0.29546215186913555,0.016525528397826523,0.2886407490110521,0.302283554727219,25
hotpot_vase,tags,tags,caption,brier,0.07439424078404733,0.006915427099299629,0.07153969277538974,0.07724878879270491,25
hotpot_vase,tags,tags,caption,mcc,0.9410667934415068,0.02591992796030567,0.9303675730345514,0.9517660138484622,25
hotpot_vase,tags,tags,caption,kappa,0.9402371611447701,0.026193429506165416,0.929425044848394,0.9510492774411461,25
hotpot_vase,tags,tags,caption,precision_hotpot,0.981693825697036,0.017024316202451734,0.9746665333524478,0.9887211180416242,25
hotpot_vase,tags,tags,caption,recall_hotpot,0.9673286429846424,0.02279984047022036,0.9579173313942752,0.9767399545750096,25
hotpot_vase,tags,tags,caption,f1_hotpot,0.974179409275329,0.011212559857396134,0.9695510920429594,0.9788077265076985,25
hotpot_vase,tags,tags,caption,precision_vase,0.9580747807908613,0.029460786607120634,0.945913965770288,0.9702355958114346,25
hotpot_vase,tags,tags,caption,recall_vase,0.9750763481089897,0.023405434516304405,0.9654150595824937,0.9847376366354856,25
hotpot_vase,tags,tags,caption,f1_vase,0.9660278042798209,0.015521713634704282,0.9596207557908872,0.9724348527687546,25
hotpot_vase,tags,tags,image,accuracy,0.9708839665165199,0.012783485309965042,0.9656072031277539,0.9761607299052858,25
hotpot_vase,tags,tags,image,balanced_accuracy,0.971202495546816,0.01243809253831005,0.9660683032869731,0.9763366878066589,25
hotpot_vase,tags,tags,image,precision_macro,0.9698843032439487,0.014124665694706585,0.9640539278017923,0.9757146786861051,25
hotpot_vase,tags,tags,image,recall_macro,0.971202495546816,0.01243809253831005,0.9660683032869731,0.9763366878066589,25
hotpot_vase,tags,tags,image,f1_macro,0.970103606777575,0.01310700778144067,0.9646932998761024,0.9755139136790476,25
hotpot_vase,tags,tags,image,roc_auc,0.9943069668283403,0.0052888729871149965,0.9921238273581923,0.9964901062984883,25
hotpot_vase,tags,tags,image,pr_auc,0.9906956960320901,0.009513488965067606,0.9867687207938767,0.9946226712703035,25
hotpot_vase,tags,tags,image,log_loss,0.29546215186913555,0.016525528397826512,0.28864074901105213,0.30228355472721896,25
hotpot_vase,tags,tags,image,brier,0.07439424078404733,0.006915427099299631,0.07153969277538974,0.07724878879270491,25
hotpot_vase,tags,tags,image,mcc,0.9410667934415068,0.02591992796030567,0.9303675730345514,0.9517660138484622,25
hotpot_vase,tags,tags,image,kappa,0.9402371611447701,0.026193429506165416,0.929425044848394,0.9510492774411461,25
hotpot_vase,tags,tags,image,precision_hotpot,0.981693825697036,0.017024316202451734,0.9746665333524478,0.9887211180416242,25
hotpot_vase,tags,tags,image,recall_hotpot,0.9673286429846424,0.02279984047022036,0.9579173313942752,0.9767399545750096,25
hotpot_vase,tags,tags,image,f1_hotpot,0.974179409275329,0.011212559857396134,0.9695510920429594,0.9788077265076985,25
hotpot_vase,tags,tags,image,precision_vase,0.9580747807908613,0.029460786607120634,0.945913965770288,0.9702355958114346,25
hotpot_vase,tags,tags,image,recall_vase,0.9750763481089897,0.023405434516304405,0.9654150595824937,0.9847376366354856,25
hotpot_vase,tags,tags,image,f1_vase,0.9660278042798209,0.015521713634704282,0.9596207557908872,0.9724348527687546,25
hotpot_vase,caption_tagsub,w03,caption,accuracy,0.9947915389519625,0.00426455069238617,0.9930312189439614,0.9965518589599636,25
hotpot_vase,caption_tagsub,w03,caption,balanced_accuracy,0.9950387280108111,0.004161424006934224,0.9933209766063639,0.9967564794152582,25
hotpot_vase,caption_tagsub,w03,caption,precision_macro,0.9943856744158939,0.004535289182064499,0.9925135990520079,0.9962577497797799,25
hotpot_vase,caption_tagsub,w03,caption,recall_macro,0.9950387280108111,0.004161424006934224,0.9933209766063639,0.9967564794152582,25
hotpot_vase,caption_tagsub,w03,caption,f1_macro,0.9946712177093638,0.0043341129131428905,0.9928821838278901,0.9964602515908376,25
hotpot_vase,caption_tagsub,w03,caption,roc_auc,0.9999517705963632,9.282352257899593e-05,0.999913454929416,0.9999900862633104,25
hotpot_vase,caption_tagsub,w03,caption,pr_auc,0.9999447652416515,0.00010083949762980181,0.9999031407428288,0.9999863897404743,25
hotpot_vase,caption_tagsub,w03,caption,log_loss,0.08624641045820408,0.00825263326825578,0.08283989087180474,0.08965293004460342,25
hotpot_vase,caption_tagsub,w03,caption,brier,0.01236974132271747,0.002423554490545439,0.011369347197304695,0.013370135448130243,25
hotpot_vase,caption_tagsub,w03,caption,mcc,0.989422873864956,0.008551607161695653,0.9858929439208297,0.9929528038090822,25
hotpot_vase,caption_tagsub,w03,caption,kappa,0.9893433453288051,0.008666628455517486,0.9857659369281037,0.9929207537295065,25
hotpot_vase,caption_tagsub,w03,caption,precision_hotpot,0.9988431441066021,0.002481983813668542,0.9978186315419992,0.999867656671205,25
hotpot_vase,caption_tagsub,w03,caption,recall_hotpot,0.991675735077335,0.008541225765274982,0.9881500903630367,0.9952013797916333,25
hotpot_vase,caption_tagsub,w03,caption,f1_hotpot,0.9952245230841967,0.004175630058635071,0.9935009077098153,0.9969481384585782,25
hotpot_vase,caption_tagsub,w03,caption,precision_vase,0.9899282047251855,0.009420830635958355,0.9860394769654064,0.9938169324849646,25
hotpot_vase,caption_tagsub,w03,caption,recall_vase,0.9984017209442871,0.003522040453628864,0.9969478940990391,0.9998555477895352,25
hotpot_vase,caption_tagsub,w03,caption,f1_vase,0.9941179123345311,0.004631922401739404,0.9922059487380266,0.9960298759310355,25
hotpot_vase,caption_tagsub,w03,image,accuracy,0.9979071241879984,0.004295184391608981,0.9961341592104447,0.9996800891655522,25
hotpot_vase,caption_tagsub,w03,image,balanced_accuracy,0.9980001083174298,0.0041725635928215625,0.9962777587179247,0.9997224579169349,25
hotpot_vase,caption_tagsub,w03,image,precision_macro,0.9978051163812033,0.004482662674171698,0.9959547641721059,0.9996554685903006,25
hotpot_vase,caption_tagsub,w03,image,recall_macro,0.9980001083174298,0.0041725635928215625,0.9962777587179247,0.9997224579169349,25
hotpot_vase,caption_tagsub,w03,image,f1_macro,0.9978799555143613,0.004346620563576492,0.9960857587285395,0.999674152300183,25
hotpot_vase,caption_tagsub,w03,image,roc_auc,1.0,0.0,1.0,1.0,25
hotpot_vase,caption_tagsub,w03,image,pr_auc,1.0,1.2617852778345905e-16,1.0,1.0,25
hotpot_vase,caption_tagsub,w03,image,log_loss,0.08447732583227488,0.007967354168016456,0.08118856367080483,0.08776608799374493,25
hotpot_vase,caption_tagsub,w03,image,brier,0.010231106504206033,0.0022152088358790927,0.009316713238190723,0.011145499770221343,25
hotpot_vase,caption_tagsub,w03,image,mcc,0.9958046881550888,0.00860064558336763,0.9922545161453719,0.9993548601648058,25
hotpot_vase,caption_tagsub,w03,image,kappa,0.9957603920108042,0.008692237061455128,0.9921724128971108,0.9993483711244977,25
hotpot_vase,caption_tagsub,w03,image,precision_hotpot,1.0,0.0,1.0,1.0,25
hotpot_vase,caption_tagsub,w03,image,recall_hotpot,0.9960002166348599,0.008345127185643146,0.9925555174358496,0.9994449158338703,25
hotpot_vase,caption_tagsub,w03,image,f1_hotpot,0.9979791706192986,0.004218104063024332,0.996238022837604,0.9997203184009933,25
hotpot_vase,caption_tagsub,w03,image,precision_vase,0.9956102327624066,0.008965325348343395,0.991909528344212,0.9993109371806012,25
hotpot_vase,caption_tagsub,w03,image,recall_vase,1.0,0.0,1.0,1.0,25
hotpot_vase,caption_tagsub,w03,image,f1_vase,0.9977807404094237,0.004532498756791546,0.9959098168764791,0.9996516639423683,25
hotpot_vase,caption_tagsub,w05,caption,accuracy,0.9979071241879984,0.004295184391608981,0.9961341592104447,0.9996800891655522,25
hotpot_vase,caption_tagsub,w05,caption,balanced_accuracy,0.9980001083174298,0.0041725635928215625,0.9962777587179247,0.9997224579169349,25
hotpot_vase,caption_tagsub,w05,caption,precision_macro,0.9978051163812033,0.004482662674171698,0.9959547641721059,0.9996554685903006,25
hotpot_vase,caption_tagsub,w05,caption,recall_macro,0.9980001083174298,0.0041725635928215625,0.9962777587179247,0.9997224579169349,25
hotpot_vase,caption_tagsub,w05,caption,f1_macro,0.9978799555143613,0.004346620563576492,0.9960857587285395,0.999674152300183,25
hotpot_vase,caption_tagsub,w05,caption,roc_auc,0.9998840578843545,0.00025416695398307196,0.9997791429222067,0.9999889728465023,25
hotpot_vase,caption_tagsub,w05,caption,pr_auc,0.9998721584631016,0.00026901889082163455,0.9997611129227382,0.9999832040034651,25
hotpot_vase,caption_tagsub,w05,caption,log_loss,0.11501910104815542,0.008305986249411177,0.11159055843354304,0.1184476436627678,25
hotpot_vase,caption_tagsub,w05,caption,brier,0.01628106843825892,0.0028561119921143756,0.01510212335178424,0.017460013524733604,25
hotpot_vase,caption_tagsub,w05,caption,mcc,0.9958046881550888,0.008600645583367657,0.9922545161453719,0.9993548601648058,25
hotpot_vase,caption_tagsub,w05,caption,kappa,0.9957603920108042,0.008692237061455128,0.9921724128971108,0.9993483711244977,25
hotpot_vase,caption_tagsub,w05,caption,precision_hotpot,1.0,0.0,1.0,1.0,25
hotpot_vase,caption_tagsub,w05,caption,recall_hotpot,0.9960002166348599,0.008345127185643146,0.9925555174358496,0.9994449158338703,25
hotpot_vase,caption_tagsub,w05,caption,f1_hotpot,0.9979791706192986,0.004218104063024332,0.996238022837604,0.9997203184009933,25
hotpot_vase,caption_tagsub,w05,caption,precision_vase,0.9956102327624066,0.008965325348343395,0.991909528344212,0.9993109371806012,25
hotpot_vase,caption_tagsub,w05,caption,recall_vase,1.0,0.0,1.0,1.0,25
hotpot_vase,caption_tagsub,w05,caption,f1_vase,0.9977807404094237,0.004532498756791546,0.9959098168764791,0.9996516639423683,25
hotpot_vase,caption_tagsub,w05,image,accuracy,0.9979071241879984,0.004295184391608981,0.9961341592104447,0.9996800891655522,25
hotpot_vase,caption_tagsub,w05,image,balanced_accuracy,0.9980001083174298,0.0041725635928215625,0.9962777587179247,0.9997224579169349,25
hotpot_vase,caption_tagsub,w05,image,precision_macro,0.9978051163812033,0.004482662674171698,0.9959547641721059,0.9996554685903006,25
hotpot_vase,caption_tagsub,w05,image,recall_macro,0.9980001083174298,0.0041725635928215625,0.9962777587179247,0.9997224579169349,25
hotpot_vase,caption_tagsub,w05,image,f1_macro,0.9978799555143613,0.004346620563576492,0.9960857587285395,0.999674152300183,25
hotpot_vase,caption_tagsub,w05,image,roc_auc,0.9999639552212942,0.00012676910145322762,0.9999116275080646,1.0000162829345238,25
hotpot_vase,caption_tagsub,w05,image,pr_auc,0.9999586563307494,0.00014313445977229787,0.9998995733296208,1.000017739331878,25
hotpot_vase,caption_tagsub,w05,image,log_loss,0.11412476984967665,0.008218043296628664,0.1107325283018149,0.1175170113975384,25
hotpot_vase,caption_tagsub,w05,image,brier,0.015086300782059634,0.002784793373205992,0.013936794574581414,0.016235806989537853,25
hotpot_vase,caption_tagsub,w05,image,mcc,0.9958046881550888,0.00860064558336763,0.9922545161453719,0.9993548601648058,25
hotpot_vase,caption_tagsub,w05,image,kappa,0.9957603920108042,0.008692237061455128,0.9921724128971108,0.9993483711244977,25
hotpot_vase,caption_tagsub,w05,image,precision_hotpot,1.0,0.0,1.0,1.0,25
hotpot_vase,caption_tagsub,w05,image,recall_hotpot,0.9960002166348599,0.008345127185643146,0.9925555174358496,0.9994449158338703,25
hotpot_vase,caption_tagsub,w05,image,f1_hotpot,0.9979791706192986,0.004218104063024332,0.996238022837604,0.9997203184009933,25
hotpot_vase,caption_tagsub,w05,image,precision_vase,0.9956102327624066,0.008965325348343395,0.991909528344212,0.9993109371806012,25
hotpot_vase,caption_tagsub,w05,image,recall_vase,1.0,0.0,1.0,1.0,25
hotpot_vase,caption_tagsub,w05,image,f1_vase,0.9977807404094237,0.004532498756791546,0.9959098168764791,0.9996516639423683,25
hotpot_vase,caption_tagsub,w07,caption,accuracy,0.9970278882397022,0.00428963737177675,0.9952572129593991,0.9987985635200054,25
hotpot_vase,caption_tagsub,w07,caption,balanced_accuracy,0.997239572184875,0.004189785773112621,0.9955101136187436,0.9989690307510064,25
hotpot_vase,caption_tagsub,w07,caption,precision_macro,0.9967568683012706,0.004446266636643075,0.9949215396380742,0.9985921969644671,25
hotpot_vase,caption_tagsub,w07,caption,recall_macro,0.997239572184875,0.004189785773112621,0.9955101136187436,0.9989690307510064,25
hotpot_vase,caption_tagsub,w07,caption,f1_macro,0.9969709393333958,0.004335097192361409,0.9951814991614293,0.9987603795053622,25
hotpot_vase,caption_tagsub,w07,caption,roc_auc,0.9997792337314564,0.000506147905826146,0.9995703061444953,0.9999881613184175,25
hotpot_vase,caption_tagsub,w07,caption,pr_auc,0.9997615686651217,0.0005182495378736083,0.9995476457699654,0.999975491560278,25
hotpot_vase,caption_tagsub,w07,caption,log_loss,0.13637755137270424,0.008328634915820669,0.1329396598480868,0.13981544289732167,25
hotpot_vase,caption_tagsub,w07,caption,brier,0.020828032357976266,0.002992573567800971,0.019592758701546174,0.02206330601440636,25
hotpot_vase,caption_tagsub,w07,caption,mcc,0.993995723575296,0.008569558280178656,0.9904583837736464,0.9975330633769456,25
hotpot_vase,caption_tagsub,w07,caption,kappa,0.9939424612944582,0.008668995735908284,0.9903640757284381,0.9975208468604783,25
hotpot_vase,caption_tagsub,w07,caption,precision_hotpot,1.0,0.0,1.0,1.0,25
hotpot_vase,caption_tagsub,w07,caption,recall_hotpot,0.9944791443697499,0.008379571546225251,0.9910202272374873,0.9979380615020126,25
hotpot_vase,caption_tagsub,w07,caption,f1_hotpot,0.9972148288224867,0.004240271150643217,0.9954645309167416,0.9989651267282318,25
hotpot_vase,caption_tagsub,w07,caption,precision_vase,0.9935137366025413,0.008892533273286164,0.9898430792761483,0.9971843939289342,25
hotpot_vase,caption_tagsub,w07,caption,recall_vase,1.0,0.0,1.0,1.0,25
hotpot_vase,caption_tagsub,w07,caption,f1_vase,0.9967270498443048,0.004499078410775173,0.9948699215521747,0.998584178136435,25
hotpot_vase,caption_tagsub,w07,image,accuracy,0.9979071241879984,0.004295184391608981,0.9961341592104447,0.9996800891655522,25
hotpot_vase,caption_tagsub,w07,image,balanced_accuracy,0.9980001083174298,0.0041725635928215625,0.9962777587179247,0.9997224579169349,25
hotpot_vase,caption_tagsub,w07,image,precision_macro,0.9978051163812033,0.004482662674171698,0.9959547641721059,0.9996554685903006,25
hotpot_vase,caption_tagsub,w07,image,recall_macro,0.9980001083174298,0.0041725635928215625,0.9962777587179247,0.9997224579169349,25
hotpot_vase,caption_tagsub,w07,image,f1_macro,0.9978799555143613,0.004346620563576492,0.9960857587285395,0.999674152300183,25
hotpot_vase,caption_tagsub,w07,image,roc_auc,0.9998748210595576,0.000386986194467103,0.9997150810095315,1.0000345611095838,25
hotpot_vase,caption_tagsub,w07,image,pr_auc,0.9998835617390308,0.00034661991254356794,0.9997404840712447,1.000026639406817,25
hotpot_vase,caption_tagsub,w07,image,log_loss,0.135414901011507,0.008283989531356568,0.1319954381958453,0.13883436382716868,25
hotpot_vase,caption_tagsub,w07,image,brier,0.019581703210465196,0.0029918637966820185,0.0183467225331534,0.020816683887776993,25
hotpot_vase,caption_tagsub,w07,image,mcc,0.9958046881550888,0.00860064558336763,0.9922545161453719,0.9993548601648058,25
hotpot_vase,caption_tagsub,w07,image,kappa,0.9957603920108042,0.008692237061455128,0.9921724128971108,0.9993483711244977,25
hotpot_vase,caption_tagsub,w07,image,precision_hotpot,1.0,0.0,1.0,1.0,25
hotpot_vase,caption_tagsub,w07,image,recall_hotpot,0.9960002166348599,0.008345127185643146,0.9925555174358496,0.9994449158338703,25
hotpot_vase,caption_tagsub,w07,image,f1_hotpot,0.9979791706192986,0.004218104063024332,0.996238022837604,0.9997203184009933,25
hotpot_vase,caption_tagsub,w07,image,precision_vase,0.9956102327624066,0.008965325348343395,0.991909528344212,0.9993109371806012,25
hotpot_vase,caption_tagsub,w07,image,recall_vase,1.0,0.0,1.0,1.0,25
hotpot_vase,caption_tagsub,w07,image,f1_vase,0.9977807404094237,0.004532498756791546,0.9959098168764791,0.9996516639423683,25
hotpot_vase,caption_tagsub,w10,caption,accuracy,0.9958353130874856,0.005093564976449775,0.9937327928017949,0.9979378333731763,25
hotpot_vase,caption_tagsub,w10,caption,balanced_accuracy,0.9961709949241566,0.004824977330604911,0.994179342169652,0.9981626476786613,25
hotpot_vase,caption_tagsub,w10,caption,precision_macro,0.9954365877007214,0.005431097868831309,0.9931947406848131,0.9976784347166298,25
hotpot_vase,caption_tagsub,w10,caption,recall_macro,0.9961709949241566,0.004824977330604911,0.994179342169652,0.9981626476786613,25
hotpot_vase,caption_tagsub,w10,caption,f1_macro,0.9957601996229661,0.005154930078852159,0.9936323490679589,0.9978880501779733,25
hotpot_vase,caption_tagsub,w10,caption,roc_auc,0.9997161546854199,0.0006100974707767095,0.9994643188269421,0.9999679905438976,25
hotpot_vase,caption_tagsub,w10,caption,pr_auc,0.9996797427613475,0.000651068173196051,0.9994109950281113,0.9999484904945838,25
hotpot_vase,caption_tagsub,w10,caption,log_loss,0.16011695608907398,0.007791014489962699,0.15690098336918257,0.16333292880896538,25
hotpot_vase,caption_tagsub,w10,caption,brier,0.026453805313706013,0.0029954089782034533,0.02521736125738566,0.027690249370026367,25
hotpot_vase,caption_tagsub,w10,caption,mcc,0.9916063511759572,0.010179795031297114,0.9874043383114047,0.9958083640405097,25
hotpot_vase,caption_tagsub,w10,caption,kappa,0.9915214082760866,0.010308122511434323,0.9872664244311996,0.9957763921209736,25
hotpot_vase,caption_tagsub,w10,caption,precision_hotpot,1.0,0.0,1.0,1.0,25
hotpot_vase,caption_tagsub,w10,caption,recall_hotpot,0.9923419898483133,0.009649954661209843,0.988358684339304,0.9963252953573227,25
hotpot_vase,caption_tagsub,w10,caption,f1_hotpot,0.9961335615506638,0.004885376015723808,0.994116977444291,0.9981501456570366,25
hotpot_vase,caption_tagsub,w10,caption,precision_vase,0.9908731754014429,0.010862195737662617,0.9863894813696261,0.9953568694332597,25
hotpot_vase,caption_tagsub,w10,caption,recall_vase,1.0,0.0,1.0,1.0,25
hotpot_vase,caption_tagsub,w10,caption,f1_vase,0.9953868376952687,0.005504276157339765,0.9931147841664814,0.997658891224056,25
hotpot_vase,caption_tagsub,w10,image,accuracy,0.9957408458083846,0.006133404274590439,0.9932091009563425,0.9982725906604267,25
hotpot_vase,caption_tagsub,w10,image,balanced_accuracy,0.9960579147330716,0.0057583292341753314,0.9936809932483126,0.9984348362178306,25
hotpot_vase,caption_tagsub,w10,image,precision_macro,0.9954052415486112,0.006541050468942708,0.9927052286177338,0.9981052544794886,25
hotpot_vase,caption_tagsub,w10,image,recall_macro,0.9960579147330716,0.0057583292341753314,0.9936809932483126,0.9984348362178306,25
hotpot_vase,caption_tagsub,w10,image,f1_macro,0.9956760161377843,0.006204145168919923,0.9931150708797313,0.9982369613958374,25
hotpot_vase,caption_tagsub,w10,image,roc_auc,0.9998508049242305,0.00035445523602633546,0.9997044929938712,0.9999971168545898,25
hotpot_vase,caption_tagsub,w10,image,pr_auc,0.9998414468629884,0.0003716974441563354,0.9996880176989174,0.9999948760270594,25
hotpot_vase,caption_tagsub,w10,image,log_loss,0.15907494424147633,0.007707006366906704,0.15589364837045297,0.1622562401124997,25
hotpot_vase,caption_tagsub,w10,image,brier,0.02520887689347443,0.002943359709582039,0.02399391771928238,0.026423836067666483,25
hotpot_vase,caption_tagsub,w10,image,mcc,0.9914617695433507,0.012228866274179564,0.9864139416406266,0.9965095974460749,25
hotpot_vase,caption_tagsub,w10,image,kappa,0.9913535844655088,0.012405340995071085,0.9862329113782623,0.9964742575527553,25
hotpot_vase,caption_tagsub,w10,image,precision_hotpot,1.0,0.0,1.0,1.0,25
hotpot_vase,caption_tagsub,w10,image,recall_hotpot,0.9921158294661432,0.011516658468350677,0.9873619864966251,0.9968696724356613,25
hotpot_vase,caption_tagsub,w10,image,f1_hotpot,0.996009898839524,0.005840644118282411,0.993598999440583,0.9984207982384649,25
hotpot_vase,caption_tagsub,w10,image,precision_vase,0.9908104830972223,0.01308210093788544,0.9854104572354674,0.9962105089589772,25
hotpot_vase,caption_tagsub,w10,image,recall_vase,1.0,0.0,1.0,1.0,25
hotpot_vase,caption_tagsub,w10,image,f1_vase,0.9953421334360446,0.006641858729212569,0.9926005089004929,0.9980837579715963,25
hotpot_vase,caption_noclass_tagsub,w03,caption,accuracy,0.9926745617615425,0.005779879296871606,0.990288744848103,0.9950603786749819,25
hotpot_vase,caption_noclass_tagsub,w03,caption,balanced_accuracy,0.9934260002944643,0.005212376946828793,0.9912744368378197,0.9955775637511088,25
hotpot_vase,caption_noclass_tagsub,w03,caption,precision_macro,0.9917678194213256,0.006615359656074826,0.9890371331655606,0.9944985056770906,25
hotpot_vase,caption_noclass_tagsub,w03,caption,recall_macro,0.9934260002944643,0.005212376946828793,0.9912744368378197,0.9955775637511088,25
hotpot_vase,caption_noclass_tagsub,w03,caption,f1_macro,0.9925060324344127,0.00594042846707496,0.9900539440806827,0.9949581207881427,25
hotpot_vase,caption_noclass_tagsub,w03,caption,roc_auc,0.9997502640874262,0.00040620279172984877,0.99958259181591,0.9999179363589423,25
hotpot_vase,caption_noclass_tagsub,w03,caption,pr_auc,0.9996891330117819,0.0004843113240966309,0.9994892191227452,0.9998890469008185,25
hotpot_vase,caption_noclass_tagsub,w03,caption,log_loss,0.09144616647338305,0.010489412768841015,0.08711634968819633,0.09577598325856977,25
hotpot_vase,caption_noclass_tagsub,w03,caption,brier,0.014451643224186855,0.0035967782532414423,0.012966966131514861,0.01593632031685885,25
hotpot_vase,caption_noclass_tagsub,w03,caption,mcc,0.9851895564803701,0.011673911143709578,0.980370802796755,0.9900083101639852,25
hotpot_vase,caption_noclass_tagsub,w03,caption,kappa,0.9850145444745485,0.011877354295424601,0.9801118135852939,0.9899172753638031,25
hotpot_vase,caption_noclass_tagsub,w03,caption,precision_hotpot,1.0,0.0,1.0,1.0,25
hotpot_vase,caption_noclass_tagsub,w03,caption,recall_hotpot,0.9868520005889284,0.01042475389365758,0.9825488736756393,0.9911551275022176,25
hotpot_vase,caption_noclass_tagsub,w03,caption,f1_hotpot,0.9933558437709132,0.00529150521738829,0.9911716177695102,0.9955400697723162,25
hotpot_vase,caption_noclass_tagsub,w03,caption,precision_vase,0.9835356388426512,0.013230719312149667,0.9780742663311212,0.9889970113541812,25
hotpot_vase,caption_noclass_tagsub,w03,caption,recall_vase,1.0,0.0,1.0,1.0,25
hotpot_vase,caption_noclass_tagsub,w03,caption,f1_vase,0.991656221097912,0.006757039881496399,0.9888670521194552,0.9944453900763687,25
hotpot_vase,caption_noclass_tagsub,w03,image,accuracy,0.9958013916841779,0.0052770129367629755,0.9936231478022024,0.9979796355661534,25
hotpot_vase,caption_noclass_tagsub,w03,image,balanced_accuracy,0.9961916127168474,0.00486406095398306,0.9941838270355281,0.9981993983981667,25
hotpot_vase,caption_noclass_tagsub,w03,image,precision_macro,0.9953236723866015,0.0058833557272071025,0.9928951425020157,0.9977522022711872,25
hotpot_vase,caption_noclass_tagsub,w03,image,recall_macro,0.9961916127168474,0.00486406095398306,0.9941838270355281,0.9981993983981667,25
hotpot_vase,caption_noclass_tagsub,w03,image,f1_macro,0.9957109657077996,0.005385888424860249,0.993487780233168,0.9979341511824312,25
hotpot_vase,caption_noclass_tagsub,w03,image,roc_auc,0.9999788583509513,0.00010570824524311906,0.9999352241318894,1.0000224925700132,25
hotpot_vase,caption_noclass_tagsub,w03,image,pr_auc,0.9999788583509513,0.00010570824524307187,0.9999352241318895,1.0000224925700132,25
hotpot_vase,caption_noclass_tagsub,w03,image,log_loss,0.08929560621757882,0.01009394904184151,0.08512902883585816,0.09346218359929948,25
hotpot_vase,caption_noclass_tagsub,w03,image,brier,0.011976418931636227,0.0033499141342133287,0.010593642339000172,0.013359195524272283,25
hotpot_vase,caption_noclass_tagsub,w03,image,mcc,0.9915134062712758,0.010655897793945648,0.9871148678453199,0.9959119446972318,25
hotpot_vase,caption_noclass_tagsub,w03,image,kappa,0.9914229133935015,0.010770521212890816,0.9869770607456476,0.9958687660413554,25
hotpot_vase,caption_noclass_tagsub,w03,image,precision_hotpot,1.0,0.0,1.0,1.0,25
hotpot_vase,caption_noclass_tagsub,w03,image,recall_hotpot,0.992383225433695,0.009728121907966139,0.9883676540710563,0.9963987967963336,25
hotpot_vase,caption_noclass_tagsub,w03,image,f1_hotpot,0.9961540185295291,0.0049142865671743035,0.9941255007340454,0.9981825363250129,25
hotpot_vase,caption_noclass_tagsub,w03,image,precision_vase,0.9906473447732028,0.01176671145441423,0.9857902850040313,0.9955044045423743,25
hotpot_vase,caption_noclass_tagsub,w03,image,recall_vase,1.0,0.0,1.0,1.0,25
hotpot_vase,caption_noclass_tagsub,w03,image,f1_vase,0.9952679128860699,0.005954428734470003,0.9928100455059921,0.9977257802661477,25
hotpot_vase,caption_noclass_tagsub,w05,caption,accuracy,0.9955415261645535,0.005034178801778436,0.9934635192869598,0.9976195330421472,25
hotpot_vase,caption_noclass_tagsub,w05,caption,balanced_accuracy,0.9958165193429765,0.0048047844980932,0.9938332017800671,0.997799836905886,25
hotpot_vase,caption_noclass_tagsub,w05,caption,precision_macro,0.9951508678251926,0.0053254814318864484,0.9929526171317431,0.997349118518642,25
hotpot_vase,caption_noclass_tagsub,w05,caption,recall_macro,0.9958165193429765,0.0048047844980932,0.9938332017800671,0.997799836905886,25
hotpot_vase,caption_noclass_tagsub,w05,caption,f1_macro,0.9954410879625409,0.005089304662004984,0.9933403262482211,0.9975418496768608,25
hotpot_vase,caption_noclass_tagsub,w05,caption,roc_auc,0.9990286784238053,0.0020549641359364277,0.998180430918934,0.9998769259286765,25
hotpot_vase,caption_noclass_tagsub,w05,caption,pr_auc,0.998746647762122,0.0025666510296566986,0.9976871862884601,0.9998061092357838,25
hotpot_vase,caption_noclass_tagsub,w05,caption,log_loss,0.1272277979041182,0.01159346667151506,0.12244225006659373,0.13201334574164267,25
hotpot_vase,caption_noclass_tagsub,w05,caption,brier,0.019954397416399716,0.004095259199558651,0.01826395750210711,0.02164483733069232,25
hotpot_vase,caption_noclass_tagsub,w05,caption,mcc,0.9909661465222132,0.010042055283828252,0.9868209898309968,0.9951113032134296,25
hotpot_vase,caption_noclass_tagsub,w05,caption,kappa,0.990883228981674,0.010176654090086452,0.9866825126339309,0.9950839453294171,25
hotpot_vase,caption_noclass_tagsub,w05,caption,precision_hotpot,0.999281364773916,0.0014761519164222085,0.9986720392105064,0.9998906903373257,25
hotpot_vase,caption_noclass_tagsub,w05,caption,recall_hotpot,0.9926252159089748,0.009856644077393869,0.9885565932022122,0.9966938386157373,25
hotpot_vase,caption_noclass_tagsub,w05,caption,f1_hotpot,0.9959163321926957,0.0048806292348593915,0.9939017074611625,0.997930956924229,25
hotpot_vase,caption_noclass_tagsub,w05,caption,precision_vase,0.9910203708764692,0.010881192136767259,0.9865288355164948,0.9955119062364436,25
hotpot_vase,caption_noclass_tagsub,w05,caption,recall_vase,0.9990078227769783,0.002027909227934665,0.998170742989249,0.9998449025647076,25
hotpot_vase,caption_noclass_tagsub,w05,caption,f1_vase,0.9949658437323862,0.005388696931278716,0.9927414989632831,0.9971901885014892,25
hotpot_vase,caption_noclass_tagsub,w05,image,accuracy,0.9979071241879984,0.004295184391608981,0.9961341592104447,0.9996800891655522,25
hotpot_vase,caption_noclass_tagsub,w05,image,balanced_accuracy,0.9980001083174298,0.0041725635928215625,0.9962777587179247,0.9997224579169349,25
hotpot_vase,caption_noclass_tagsub,w05,image,precision_macro,0.9978051163812033,0.004482662674171698,0.9959547641721059,0.9996554685903006,25
hotpot_vase,caption_noclass_tagsub,w05,image,recall_macro,0.9980001083174298,0.0041725635928215625,0.9962777587179247,0.9997224579169349,25
hotpot_vase,caption_noclass_tagsub,w05,image,f1_macro,0.9978799555143613,0.004346620563576492,0.9960857587285395,0.999674152300183,25
hotpot_vase,caption_noclass_tagsub,w05,image,roc_auc,0.9992023206335184,0.0017838053215795604,0.998466001986032,0.9999386392810049,25
hotpot_vase,caption_noclass_tagsub,w05,image,pr_auc,0.9990624485945461,0.002015896347634096,0.9982303274800914,0.9998945697090007,25
hotpot_vase,caption_noclass_tagsub,w05,image,log_loss,0.12565958177676095,0.011285213875337756,0.1210012744397661,0.1303178891137558,25
hotpot_vase,caption_noclass_tagsub,w05,image,brier,0.018049424733646867,0.003835060113649956,0.016466389723183036,0.019632459744110698,25
hotpot_vase,caption_noclass_tagsub,w05,image,mcc,0.9958046881550888,0.00860064558336763,0.9922545161453719,0.9993548601648058,25
hotpot_vase,caption_noclass_tagsub,w05,image,kappa,0.9957603920108042,0.008692237061455128,0.9921724128971108,0.9993483711244977,25
hotpot_vase,caption_noclass_tagsub,w05,image,precision_hotpot,1.0,0.0,1.0,1.0,25
hotpot_vase,caption_noclass_tagsub,w05,image,recall_hotpot,0.9960002166348599,0.008345127185643146,0.9925555174358496,0.9994449158338703,25
hotpot_vase,caption_noclass_tagsub,w05,image,f1_hotpot,0.9979791706192986,0.004218104063024332,0.996238022837604,0.9997203184009933,25
hotpot_vase,caption_noclass_tagsub,w05,image,precision_vase,0.9956102327624066,0.008965325348343395,0.991909528344212,0.9993109371806012,25
hotpot_vase,caption_noclass_tagsub,w05,image,recall_vase,1.0,0.0,1.0,1.0,25
hotpot_vase,caption_noclass_tagsub,w05,image,f1_vase,0.9977807404094237,0.004532498756791546,0.9959098168764791,0.9996516639423683,25
hotpot_vase,caption_noclass_tagsub,w07,caption,accuracy,0.9947921895597753,0.0050618874661101185,0.9927027451076899,0.9968816340118608,25
hotpot_vase,caption_noclass_tagsub,w07,caption,balanced_accuracy,0.9952767601110843,0.004756532535826229,0.9933133599792786,0.9972401602428901,25
hotpot_vase,caption_noclass_tagsub,w07,caption,precision_macro,0.9941823973074133,0.005509918769108668,0.9919080146229632,0.9964567799918634,25
hotpot_vase,caption_noclass_tagsub,w07,caption,recall_macro,0.9952767601110843,0.004756532535826229,0.9933133599792786,0.9972401602428901,25
hotpot_vase,caption_noclass_tagsub,w07,caption,f1_macro,0.9946753822462786,0.005150826859088898,0.9925492254171449,0.9968015390754124,25
hotpot_vase,caption_noclass_tagsub,w07,caption,roc_auc,0.9985635379553588,0.0030291443130595896,0.9973131686372213,0.9998139072734963,25
hotpot_vase,caption_noclass_tagsub,w07,caption,pr_auc,0.9979969810359536,0.004110297305262692,0.9963003336967146,0.9996936283751926,25
hotpot_vase,caption_noclass_tagsub,w07,caption,log_loss,0.15165822315390112,0.011626965367111568,0.14685884773444505,0.1564575985733572,25
hotpot_vase,caption_noclass_tagsub,w07,caption,brier,0.02606867257698783,0.004099859194825601,0.024376333877972233,0.027761011276003427,25
hotpot_vase,caption_noclass_tagsub,w07,caption,mcc,0.989457062214776,0.010149318680712796,0.9852676293694506,0.9936464950601015,25
hotpot_vase,caption_noclass_tagsub,w07,caption,kappa,0.9893520767452005,0.010299447085806058,0.9851006739400088,0.9936034795503923,25
hotpot_vase,caption_noclass_tagsub,w07,caption,precision_hotpot,1.0,0.0,1.0,1.0,25
hotpot_vase,caption_noclass_tagsub,w07,caption,recall_hotpot,0.9905535202221687,0.009513065071652485,0.9866267199585572,0.9944803204857802,25
hotpot_vase,caption_noclass_tagsub,w07,caption,f1_hotpot,0.9952322117966032,0.004824309902185391,0.9932408345430095,0.9972235890501968,25
hotpot_vase,caption_noclass_tagsub,w07,caption,precision_vase,0.9883647946148266,0.011019837538217345,0.9838160292459264,0.9929135599837269,25
hotpot_vase,caption_noclass_tagsub,w07,caption,recall_vase,1.0,0.0,1.0,1.0,25
hotpot_vase,caption_noclass_tagsub,w07,caption,f1_vase,0.9941185526959542,0.005601466230610556,0.9918063810766812,0.9964307243152272,25
hotpot_vase,caption_noclass_tagsub,w07,image,accuracy,0.9979071241879984,0.004295184391608981,0.9961341592104447,0.9996800891655522,25
hotpot_vase,caption_noclass_tagsub,w07,image,balanced_accuracy,0.9980001083174298,0.0041725635928215625,0.9962777587179247,0.9997224579169349,25
hotpot_vase,caption_noclass_tagsub,w07,image,precision_macro,0.9978051163812033,0.004482662674171698,0.9959547641721059,0.9996554685903006,25
hotpot_vase,caption_noclass_tagsub,w07,image,recall_macro,0.9980001083174298,0.0041725635928215625,0.9962777587179247,0.9997224579169349,25
hotpot_vase,caption_noclass_tagsub,w07,image,f1_macro,0.9978799555143613,0.004346620563576492,0.9960857587285395,0.999674152300183,25
hotpot_vase,caption_noclass_tagsub,w07,image,roc_auc,0.9986698276409866,0.00279250303163275,0.9975171390429208,0.9998225162390523,25
hotpot_vase,caption_noclass_tagsub,w07,image,pr_auc,0.9982572886027143,0.0035818352063097425,0.9967787796966561,0.9997357975087726,25
hotpot_vase,caption_noclass_tagsub,w07,image,log_loss,0.149736467735471,0.011403711475420833,0.1450292469932026,0.1544436884777394,25
hotpot_vase,caption_noclass_tagsub,w07,image,brier,0.02381417692087131,0.003950540882535904,0.022183473791847597,0.02544488004989502,25
hotpot_vase,caption_noclass_tagsub,w07,image,mcc,0.9958046881550888,0.00860064558336763,0.9922545161453719,0.9993548601648058,25
hotpot_vase,caption_noclass_tagsub,w07,image,kappa,0.9957603920108042,0.008692237061455128,0.9921724128971108,0.9993483711244977,25
hotpot_vase,caption_noclass_tagsub,w07,image,precision_hotpot,1.0,0.0,1.0,1.0,25
hotpot_vase,caption_noclass_tagsub,w07,image,recall_hotpot,0.9960002166348599,0.008345127185643146,0.9925555174358496,0.9994449158338703,25
hotpot_vase,caption_noclass_tagsub,w07,image,f1_hotpot,0.9979791706192986,0.004218104063024332,0.996238022837604,0.9997203184009933,25
hotpot_vase,caption_noclass_tagsub,w07,image,precision_vase,0.9956102327624066,0.008965325348343395,0.991909528344212,0.9993109371806012,25
hotpot_vase,caption_noclass_tagsub,w07,image,recall_vase,1.0,0.0,1.0,1.0,25
hotpot_vase,caption_noclass_tagsub,w07,image,f1_vase,0.9977807404094237,0.004532498756791546,0.9959098168764791,0.9996516639423683,25
hotpot_vase,caption_noclass_tagsub,w10,caption,accuracy,0.993914199386829,0.0060156146415400015,0.9914310757056324,0.9963973230680256,25
hotpot_vase,caption_noclass_tagsub,w10,caption,balanced_accuracy,0.9944801744119846,0.005698469703297019,0.9921279617271614,0.9968323870968077,25
hotpot_vase,caption_noclass_tagsub,w10,caption,precision_macro,0.9932496372998716,0.006289901417051691,0.9906532936023846,0.9958459809973585,25
hotpot_vase,caption_noclass_tagsub,w10,caption,recall_macro,0.9944801744119846,0.005698469703297019,0.9921279617271614,0.9968323870968077,25
hotpot_vase,caption_noclass_tagsub,w10,caption,f1_macro,0.9937912052024943,0.006059481090013211,0.9912899743413162,0.9962924360636725,25
hotpot_vase,caption_noclass_tagsub,w10,caption,roc_auc,0.9989290007906844,0.002217088051731252,0.9980138318224901,0.9998441697588786,25
hotpot_vase,caption_noclass_tagsub,w10,caption,pr_auc,0.9985410788650744,0.002937941094766421,0.9973283563851472,0.9997538013450016,25
hotpot_vase,caption_noclass_tagsub,w10,caption,log_loss,0.170648608277691,0.009990041188412357,0.1665249219498172,0.1747722946055648,25
hotpot_vase,caption_noclass_tagsub,w10,caption,brier,0.03030518677409255,0.003902219963869895,0.0286944295399751,0.03191594400821,25
hotpot_vase,caption_noclass_tagsub,w10,caption,mcc,0.9877277993827654,0.011898908977861802,0.9828161711578951,0.9926394276076358,25
hotpot_vase,caption_noclass_tagsub,w10,caption,kappa,0.987584609794672,0.012114736207353571,0.9825838924681,0.992585327121244,25
hotpot_vase,caption_noclass_tagsub,w10,caption,precision_hotpot,1.0,0.0,1.0,1.0,25
hotpot_vase,caption_noclass_tagsub,w10,caption,recall_hotpot,0.9889603488239692,0.011396939406594066,0.984255923454323,0.9936647741936154,25
hotpot_vase,caption_noclass_tagsub,w10,caption,f1_hotpot,0.9944176310918809,0.005800225223935879,0.9920234157925208,0.9968118463912409,25
hotpot_vase,caption_noclass_tagsub,w10,caption,precision_vase,0.9864992745997431,0.012579802834103369,0.981306587204769,0.9916919619947171,25
hotpot_vase,caption_noclass_tagsub,w10,caption,recall_vase,1.0,0.0,1.0,1.0,25
hotpot_vase,caption_noclass_tagsub,w10,caption,f1_vase,0.9931647793131075,0.006412187399844425,0.9905179584428219,0.9958116001833932,25
hotpot_vase,caption_noclass_tagsub,w10,image,accuracy,0.9957408458083846,0.006133404274590439,0.9932091009563425,0.9982725906604267,25
hotpot_vase,caption_noclass_tagsub,w10,image,balanced_accuracy,0.9960579147330716,0.0057583292341753314,0.9936809932483126,0.9984348362178306,25
hotpot_vase,caption_noclass_tagsub,w10,image,precision_macro,0.9954052415486112,0.006541050468942708,0.9927052286177338,0.9981052544794886,25
hotpot_vase,caption_noclass_tagsub,w10,image,recall_macro,0.9960579147330716,0.0057583292341753314,0.9936809932483126,0.9984348362178306,25
hotpot_vase,caption_noclass_tagsub,w10,image,f1_macro,0.9956760161377843,0.006204145168919923,0.9931150708797313,0.9982369613958374,25
hotpot_vase,caption_noclass_tagsub,w10,image,roc_auc,0.9991887219519051,0.001726519339818518,0.9984760497954902,0.99990139410832,25
hotpot_vase,caption_noclass_tagsub,w10,image,pr_auc,0.9990275572282974,0.0020028117979988165,0.9982008371504771,0.9998542773061176,25
hotpot_vase,caption_noclass_tagsub,w10,image,log_loss,0.1690248657705303,0.0098082774044033,0.16497620784513098,0.17307352369592963,25
hotpot_vase,caption_noclass_tagsub,w10,image,brier,0.028494769517359426,0.003813335917189217,0.026920701814461163,0.030068837220257688,25
hotpot_vase,caption_noclass_tagsub,w10,image,mcc,0.9914617695433507,0.012228866274179564,0.9864139416406266,0.9965095974460749,25
hotpot_vase,caption_noclass_tagsub,w10,image,kappa,0.9913535844655088,0.012405340995071085,0.9862329113782623,0.9964742575527553,25
hotpot_vase,caption_noclass_tagsub,w10,image,precision_hotpot,1.0,0.0,1.0,1.0,25
hotpot_vase,caption_noclass_tagsub,w10,image,recall_hotpot,0.9921158294661432,0.011516658468350677,0.9873619864966251,0.9968696724356613,25
hotpot_vase,caption_noclass_tagsub,w10,image,f1_hotpot,0.996009898839524,0.005840644118282411,0.993598999440583,0.9984207982384649,25
hotpot_vase,caption_noclass_tagsub,w10,image,precision_vase,0.9908104830972223,0.01308210093788544,0.9854104572354674,0.9962105089589772,25
hotpot_vase,caption_noclass_tagsub,w10,image,recall_vase,1.0,0.0,1.0,1.0,25
hotpot_vase,caption_noclass_tagsub,w10,image,f1_vase,0.9953421334360446,0.006641858729212569,0.9926005089004929,0.9980837579715963,25
